2026-06-10 19:48:02 transreid INFO: Saving model in the path :./log/occluded_posetrack/exp015_small_pt_s2_w02
2026-06-10 19:48:02 transreid INFO: Loaded configuration file configs/occluded_posetrack/swin_small.yml
2026-06-10 19:48:02 transreid INFO: Running with config:
DATALOADER:
  NUM_INSTANCE: 4
  NUM_WORKERS: 8
  REMOVE_TAIL: 0
  SAMPLER: softmax_triplet
DATASETS:
  NAMES: occluded_posetrack
  ROOT_DIR: /home/afr/reid-clean/data
  ROOT_TRAIN_DIR: ../data
  ROOT_VAL_DIR: ../data
DONOR_DECOUPLE:
  AUX_DETACH: True
  CF_W: 0.5
  DONOR_CLS_W: 0.2
  DONOR_REPEAT: 4
  ENABLED: False
  NEG_MARGIN: 0.02
  ORTH_W: 0.03
  PASTE_PROB: 0.5
  SAMEB_NEG_W: 0.5
  SYN_ID_W: 0.25
INPUT:
  MIX_PROB: 0.0
  MIX_RATIO_RANGE: [0.3, 0.7]
  MIX_TYPE: both
  PADDING: 10
  PIXEL_MEAN: [0.5, 0.5, 0.5]
  PIXEL_STD: [0.5, 0.5, 0.5]
  PROB: 0.5
  RE_PROB: 0.5
  SIZE_TEST: [384, 128]
  SIZE_TRAIN: [384, 128]
MODEL:
  ATT_DROP_RATE: 0.0
  COS_LAYER: False
  DEVICE: cuda
  DEVICE_ID: 0
  DEVIDE_LENGTH: 4
  DIST_TRAIN: False
  DROPOUT_RATE: 0.0
  DROP_OUT: 0.0
  DROP_PATH: 0.1
  FEAT_DIM: 512
  GEM_POOLING: False
  ID_LOSS_TYPE: softmax
  ID_LOSS_WEIGHT: 1.0
  IF_LABELSMOOTH: off
  IF_WITH_CENTER: no
  JPM: False
  LAST_STRIDE: 1
  METRIC_LOSS_TYPE: triplet
  NAME: transformer
  NECK: bnneck
  NO_MARGIN: True
  PRETRAIN_CHOICE: self
  PRETRAIN_HW_RATIO: 2
  PRETRAIN_PATH: /home/afr/reid-clean/weights/solider_swin_small_tea.pth
  REDUCE_FEAT_DIM: False
  RE_ARRANGE: True
  SEMANTIC_WEIGHT: 0.2
  SHIFT_NUM: 5
  SHUFFLE_GROUP: 2
  SIE_CAMERA: False
  SIE_COE: 3.0
  SIE_VIEW: False
  STEM_CONV: False
  STRIDE_SIZE: [16, 16]
  TRANSFORMER_TYPE: swin_small_patch4_window7_224
  TRIPLET_LOSS_WEIGHT: 1.0
MULTIHYP:
  ALPHA: 0.1
  BONUS_CAP: 0.15
  DETACH: True
  DIV_W: 0.5
  DSHS_HARD: global
  DSHS_MARGIN: 0.3
  DSHS_NHARD: 10
  DSHS_W: 0.0
  ENABLED: False
  GATE_SIGMA: 0.3
  GATE_TAU: 1.2
  K: 3
  LOSS_W: 1.0
  NEG_MARGIN: 0.7
  POS_MARGIN: 0.3
  SET_TEMP: 0.1
  UNIQUE_MARGIN: 0.1
OBJGATE:
  ANTI_W: 0.1
  DETACH_SCORE: False
  ENABLED: False
  ENTROPY_MAX: 1000000000.0
  ENTROPY_MIN: 0.0
  FEATMAP_INDEX: -1
  HIDDEN: 192
  LAMBDA_TARGET: 1.0
  LAMBDA_WARMUP_EPOCHS: 10
  MODE: softmax
  SPLIT_W: 1.0
  SUPPRESS_MIN: 0.5
  TAU: 1.0
OSS:
  AUG_PROB: 0.3
  ENABLED: False
  GRL_ALPHA: 1.0
  POOL_SIZE: 256
  RANDOM_LABEL: False
  W: 0.5
OUTPUT_DIR: ./log/occluded_posetrack/exp015_small_pt_s2_w02
PARTIAL_EVIDENCE:
  CALIBRATE: True
  ENABLED: False
  LS_MAX: 0.2
  MARGIN_SCALE: True
  MIN_KEEP: 0.2
  NO_HARDNEG_BELOW: 0.4
  PASTE_PROB: 0.5
SOLVER:
  BASE_LR: 0.0008
  BIAS_LR_FACTOR: 2
  CENTER_LOSS_WEIGHT: 0.0005
  CENTER_LR: 0.5
  CHECKPOINT_PERIOD: 120
  COSINE_MARGIN: 0.5
  COSINE_SCALE: 30
  EVAL_PERIOD: 20
  GAMMA: 0.1
  IMS_PER_BATCH: 64
  LARGE_FC_LR: False
  LOG_PERIOD: 20
  MARGIN: 0.3
  MAX_EPOCHS: 120
  MOMENTUM: 0.9
  OPTIMIZER_NAME: SGD
  SEED: 2
  STEPS: (40, 70)
  TRP_L2: False
  WARMUP_EPOCHS: 20
  WARMUP_FACTOR: 0.01
  WARMUP_METHOD: cosine
  WEIGHT_DECAY: 0.0001
  WEIGHT_DECAY_BIAS: 0.0001
TEST:
  DIST_MAT: dist_mat.npy
  EVAL: True
  FEAT_NORM: yes
  IMS_PER_BATCH: 64
  NECK_FEAT: before
  RE_RANKING: False
  WEIGHT: 
=> Occluded-PoseTrack-ReID loaded
2026-06-10 19:48:02 transreid.check INFO: Dataset statistics:
2026-06-10 19:48:02 transreid.check INFO:   ----------------------------------------
2026-06-10 19:48:02 transreid.check INFO:   subset   | # ids | # images | # cameras
2026-06-10 19:48:02 transreid.check INFO:   ----------------------------------------
2026-06-10 19:48:02 transreid.check INFO:   train    |  1000 |    17898 |       474
2026-06-10 19:48:02 transreid.check INFO:   query    |  1379 |     2581 |         1
2026-06-10 19:48:02 transreid.check INFO:   gallery  |  1411 |    10831 |         1
2026-06-10 19:48:02 transreid.check INFO:   ----------------------------------------
/home/afr/reid-clean/SOLIDER-REID/model/backbones/swin_transformer.py:1162: UserWarning: DeprecationWarning: pretrained is deprecated, please use "init_cfg" instead
  warnings.warn('DeprecationWarning: pretrained is deprecated, '
using img_triplet sampler
using Transformer_type: swin_small_patch4_window7_224 as a backbone
unloaded parameters: <All keys matched successfully>
===========building transformer===========
using soft triplet loss for training
2026-06-10 19:48:02 transreid INFO: ===========using cosine learning rate=======
2026-06-10 19:48:02 transreid.train INFO: start training
/home/afr/reid-clean/SOLIDER-REID/processor/processor.py:72: FutureWarning: `torch.cuda.amp.GradScaler(args...)` is deprecated. Please use `torch.amp.GradScaler('cuda', args...)` instead.
  scaler = amp.GradScaler()
/home/afr/reid-clean/SOLIDER-REID/processor/processor.py:103: FutureWarning: `torch.cuda.amp.autocast(args...)` is deprecated. Please use `torch.amp.autocast('cuda', args...)` instead.
  with amp.autocast(enabled=True):
2026-06-10 19:48:06 transreid.train INFO: Epoch[1] Iter[20/275] Loss: 7.696, Acc: 0.001, Base Lr: 4.76e-05
2026-06-10 19:48:09 transreid.train INFO: Epoch[1] Iter[40/275] Loss: 7.546, Acc: 0.002, Base Lr: 4.76e-05
2026-06-10 19:48:13 transreid.train INFO: Epoch[1] Iter[60/275] Loss: 7.466, Acc: 0.001, Base Lr: 4.76e-05
2026-06-10 19:48:16 transreid.train INFO: Epoch[1] Iter[80/275] Loss: 7.453, Acc: 0.001, Base Lr: 4.76e-05
2026-06-10 19:48:19 transreid.train INFO: Epoch[1] Iter[100/275] Loss: 7.411, Acc: 0.001, Base Lr: 4.76e-05
2026-06-10 19:48:23 transreid.train INFO: Epoch[1] Iter[120/275] Loss: 7.381, Acc: 0.001, Base Lr: 4.76e-05
2026-06-10 19:48:26 transreid.train INFO: Epoch[1] Iter[140/275] Loss: 7.346, Acc: 0.001, Base Lr: 4.76e-05
2026-06-10 19:48:29 transreid.train INFO: Epoch[1] Iter[160/275] Loss: 7.328, Acc: 0.001, Base Lr: 4.76e-05
2026-06-10 19:48:33 transreid.train INFO: Epoch[1] Iter[180/275] Loss: 7.310, Acc: 0.001, Base Lr: 4.76e-05
2026-06-10 19:48:36 transreid.train INFO: Epoch[1] Iter[200/275] Loss: 7.291, Acc: 0.001, Base Lr: 4.76e-05
2026-06-10 19:48:39 transreid.train INFO: Epoch[1] Iter[220/275] Loss: 7.268, Acc: 0.002, Base Lr: 4.76e-05
2026-06-10 19:48:43 transreid.train INFO: Epoch[1] Iter[240/275] Loss: 7.260, Acc: 0.002, Base Lr: 4.76e-05
2026-06-10 19:48:46 transreid.train INFO: Epoch[1] Iter[260/275] Loss: 7.250, Acc: 0.002, Base Lr: 4.76e-05
2026-06-10 19:48:48 transreid.train INFO: Epoch 1 done. Time per epoch: 46.157[s] Speed: 379.9[samples/s]
2026-06-10 19:48:52 transreid.train INFO: Epoch[2] Iter[20/275] Loss: 7.018, Acc: 0.003, Base Lr: 8.72e-05
2026-06-10 19:48:55 transreid.train INFO: Epoch[2] Iter[40/275] Loss: 7.041, Acc: 0.005, Base Lr: 8.72e-05
2026-06-10 19:48:59 transreid.train INFO: Epoch[2] Iter[60/275] Loss: 7.027, Acc: 0.009, Base Lr: 8.72e-05
2026-06-10 19:49:02 transreid.train INFO: Epoch[2] Iter[80/275] Loss: 7.035, Acc: 0.015, Base Lr: 8.72e-05
2026-06-10 19:49:05 transreid.train INFO: Epoch[2] Iter[100/275] Loss: 7.020, Acc: 0.021, Base Lr: 8.72e-05
2026-06-10 19:49:09 transreid.train INFO: Epoch[2] Iter[120/275] Loss: 7.020, Acc: 0.027, Base Lr: 8.72e-05
2026-06-10 19:49:12 transreid.train INFO: Epoch[2] Iter[140/275] Loss: 7.012, Acc: 0.036, Base Lr: 8.72e-05
2026-06-10 19:49:15 transreid.train INFO: Epoch[2] Iter[160/275] Loss: 7.012, Acc: 0.041, Base Lr: 8.72e-05
2026-06-10 19:49:19 transreid.train INFO: Epoch[2] Iter[180/275] Loss: 7.005, Acc: 0.045, Base Lr: 8.72e-05
2026-06-10 19:49:22 transreid.train INFO: Epoch[2] Iter[200/275] Loss: 6.997, Acc: 0.049, Base Lr: 8.72e-05
2026-06-10 19:49:25 transreid.train INFO: Epoch[2] Iter[220/275] Loss: 6.992, Acc: 0.052, Base Lr: 8.72e-05
2026-06-10 19:49:29 transreid.train INFO: Epoch[2] Iter[240/275] Loss: 6.986, Acc: 0.054, Base Lr: 8.72e-05
2026-06-10 19:49:32 transreid.train INFO: Epoch[2] Iter[260/275] Loss: 6.979, Acc: 0.055, Base Lr: 8.72e-05
2026-06-10 19:49:34 transreid.train INFO: Epoch 2 done. Time per epoch: 45.847[s] Speed: 382.5[samples/s]
2026-06-10 19:49:38 transreid.train INFO: Epoch[3] Iter[20/275] Loss: 6.902, Acc: 0.262, Base Lr: 1.27e-04
2026-06-10 19:49:41 transreid.train INFO: Epoch[3] Iter[40/275] Loss: 6.895, Acc: 0.262, Base Lr: 1.27e-04
2026-06-10 19:49:44 transreid.train INFO: Epoch[3] Iter[60/275] Loss: 6.879, Acc: 0.281, Base Lr: 1.27e-04
2026-06-10 19:49:48 transreid.train INFO: Epoch[3] Iter[80/275] Loss: 6.873, Acc: 0.303, Base Lr: 1.27e-04
2026-06-10 19:49:51 transreid.train INFO: Epoch[3] Iter[100/275] Loss: 6.865, Acc: 0.305, Base Lr: 1.27e-04
2026-06-10 19:49:54 transreid.train INFO: Epoch[3] Iter[120/275] Loss: 6.857, Acc: 0.319, Base Lr: 1.27e-04
2026-06-10 19:49:58 transreid.train INFO: Epoch[3] Iter[140/275] Loss: 6.851, Acc: 0.328, Base Lr: 1.27e-04
2026-06-10 19:50:01 transreid.train INFO: Epoch[3] Iter[160/275] Loss: 6.844, Acc: 0.342, Base Lr: 1.27e-04
2026-06-10 19:50:04 transreid.train INFO: Epoch[3] Iter[180/275] Loss: 6.841, Acc: 0.346, Base Lr: 1.27e-04
2026-06-10 19:50:08 transreid.train INFO: Epoch[3] Iter[200/275] Loss: 6.838, Acc: 0.352, Base Lr: 1.27e-04
2026-06-10 19:50:11 transreid.train INFO: Epoch[3] Iter[220/275] Loss: 6.835, Acc: 0.356, Base Lr: 1.27e-04
2026-06-10 19:50:14 transreid.train INFO: Epoch[3] Iter[240/275] Loss: 6.829, Acc: 0.360, Base Lr: 1.27e-04
2026-06-10 19:50:18 transreid.train INFO: Epoch[3] Iter[260/275] Loss: 6.824, Acc: 0.366, Base Lr: 1.27e-04
2026-06-10 19:50:20 transreid.train INFO: Epoch 3 done. Time per epoch: 45.710[s] Speed: 382.2[samples/s]
2026-06-10 19:50:23 transreid.train INFO: Epoch[4] Iter[20/275] Loss: 6.719, Acc: 0.634, Base Lr: 1.66e-04
2026-06-10 19:50:27 transreid.train INFO: Epoch[4] Iter[40/275] Loss: 6.721, Acc: 0.620, Base Lr: 1.66e-04
2026-06-10 19:50:30 transreid.train INFO: Epoch[4] Iter[60/275] Loss: 6.713, Acc: 0.615, Base Lr: 1.66e-04
2026-06-10 19:50:33 transreid.train INFO: Epoch[4] Iter[80/275] Loss: 6.701, Acc: 0.625, Base Lr: 1.66e-04
2026-06-10 19:50:37 transreid.train INFO: Epoch[4] Iter[100/275] Loss: 6.696, Acc: 0.619, Base Lr: 1.66e-04
2026-06-10 19:50:40 transreid.train INFO: Epoch[4] Iter[120/275] Loss: 6.689, Acc: 0.620, Base Lr: 1.66e-04
2026-06-10 19:50:43 transreid.train INFO: Epoch[4] Iter[140/275] Loss: 6.685, Acc: 0.618, Base Lr: 1.66e-04
2026-06-10 19:50:47 transreid.train INFO: Epoch[4] Iter[160/275] Loss: 6.677, Acc: 0.618, Base Lr: 1.66e-04
2026-06-10 19:50:50 transreid.train INFO: Epoch[4] Iter[180/275] Loss: 6.673, Acc: 0.616, Base Lr: 1.66e-04
2026-06-10 19:50:53 transreid.train INFO: Epoch[4] Iter[200/275] Loss: 6.671, Acc: 0.617, Base Lr: 1.66e-04
2026-06-10 19:50:57 transreid.train INFO: Epoch[4] Iter[220/275] Loss: 6.663, Acc: 0.614, Base Lr: 1.66e-04
2026-06-10 19:51:00 transreid.train INFO: Epoch[4] Iter[240/275] Loss: 6.657, Acc: 0.614, Base Lr: 1.66e-04
2026-06-10 19:51:03 transreid.train INFO: Epoch[4] Iter[260/275] Loss: 6.649, Acc: 0.611, Base Lr: 1.66e-04
2026-06-10 19:51:06 transreid.train INFO: Epoch 4 done. Time per epoch: 45.657[s] Speed: 382.7[samples/s]
2026-06-10 19:51:09 transreid.train INFO: Epoch[5] Iter[20/275] Loss: 6.519, Acc: 0.708, Base Lr: 2.06e-04
2026-06-10 19:51:12 transreid.train INFO: Epoch[5] Iter[40/275] Loss: 6.527, Acc: 0.711, Base Lr: 2.06e-04
2026-06-10 19:51:16 transreid.train INFO: Epoch[5] Iter[60/275] Loss: 6.504, Acc: 0.727, Base Lr: 2.06e-04
2026-06-10 19:51:19 transreid.train INFO: Epoch[5] Iter[80/275] Loss: 6.489, Acc: 0.718, Base Lr: 2.06e-04
2026-06-10 19:51:22 transreid.train INFO: Epoch[5] Iter[100/275] Loss: 6.481, Acc: 0.710, Base Lr: 2.06e-04
2026-06-10 19:51:26 transreid.train INFO: Epoch[5] Iter[120/275] Loss: 6.473, Acc: 0.710, Base Lr: 2.06e-04
2026-06-10 19:51:29 transreid.train INFO: Epoch[5] Iter[140/275] Loss: 6.464, Acc: 0.709, Base Lr: 2.06e-04
2026-06-10 19:51:32 transreid.train INFO: Epoch[5] Iter[160/275] Loss: 6.453, Acc: 0.705, Base Lr: 2.06e-04
2026-06-10 19:51:36 transreid.train INFO: Epoch[5] Iter[180/275] Loss: 6.443, Acc: 0.706, Base Lr: 2.06e-04
2026-06-10 19:51:39 transreid.train INFO: Epoch[5] Iter[200/275] Loss: 6.435, Acc: 0.705, Base Lr: 2.06e-04
2026-06-10 19:51:42 transreid.train INFO: Epoch[5] Iter[220/275] Loss: 6.427, Acc: 0.703, Base Lr: 2.06e-04
2026-06-10 19:51:46 transreid.train INFO: Epoch[5] Iter[240/275] Loss: 6.417, Acc: 0.703, Base Lr: 2.06e-04
2026-06-10 19:51:49 transreid.train INFO: Epoch[5] Iter[260/275] Loss: 6.409, Acc: 0.703, Base Lr: 2.06e-04
2026-06-10 19:51:51 transreid.train INFO: Epoch 5 done. Time per epoch: 45.757[s] Speed: 381.8[samples/s]
2026-06-10 19:51:55 transreid.train INFO: Epoch[6] Iter[20/275] Loss: 6.275, Acc: 0.743, Base Lr: 2.46e-04
2026-06-10 19:51:58 transreid.train INFO: Epoch[6] Iter[40/275] Loss: 6.269, Acc: 0.732, Base Lr: 2.46e-04
2026-06-10 19:52:02 transreid.train INFO: Epoch[6] Iter[60/275] Loss: 6.242, Acc: 0.743, Base Lr: 2.46e-04
2026-06-10 19:52:05 transreid.train INFO: Epoch[6] Iter[80/275] Loss: 6.228, Acc: 0.744, Base Lr: 2.46e-04
2026-06-10 19:52:08 transreid.train INFO: Epoch[6] Iter[100/275] Loss: 6.224, Acc: 0.743, Base Lr: 2.46e-04
2026-06-10 19:52:12 transreid.train INFO: Epoch[6] Iter[120/275] Loss: 6.203, Acc: 0.747, Base Lr: 2.46e-04
2026-06-10 19:52:15 transreid.train INFO: Epoch[6] Iter[140/275] Loss: 6.192, Acc: 0.742, Base Lr: 2.46e-04
2026-06-10 19:52:18 transreid.train INFO: Epoch[6] Iter[160/275] Loss: 6.179, Acc: 0.744, Base Lr: 2.46e-04
2026-06-10 19:52:22 transreid.train INFO: Epoch[6] Iter[180/275] Loss: 6.166, Acc: 0.746, Base Lr: 2.46e-04
2026-06-10 19:52:25 transreid.train INFO: Epoch[6] Iter[200/275] Loss: 6.156, Acc: 0.741, Base Lr: 2.46e-04
2026-06-10 19:52:28 transreid.train INFO: Epoch[6] Iter[220/275] Loss: 6.144, Acc: 0.741, Base Lr: 2.46e-04
2026-06-10 19:52:32 transreid.train INFO: Epoch[6] Iter[240/275] Loss: 6.132, Acc: 0.741, Base Lr: 2.46e-04
2026-06-10 19:52:35 transreid.train INFO: Epoch[6] Iter[260/275] Loss: 6.123, Acc: 0.743, Base Lr: 2.46e-04
2026-06-10 19:52:37 transreid.train INFO: Epoch 6 done. Time per epoch: 45.703[s] Speed: 382.3[samples/s]
2026-06-10 19:52:41 transreid.train INFO: Epoch[7] Iter[20/275] Loss: 5.927, Acc: 0.756, Base Lr: 2.85e-04
2026-06-10 19:52:44 transreid.train INFO: Epoch[7] Iter[40/275] Loss: 5.920, Acc: 0.766, Base Lr: 2.85e-04
2026-06-10 19:52:47 transreid.train INFO: Epoch[7] Iter[60/275] Loss: 5.910, Acc: 0.768, Base Lr: 2.85e-04
2026-06-10 19:52:51 transreid.train INFO: Epoch[7] Iter[80/275] Loss: 5.903, Acc: 0.762, Base Lr: 2.85e-04
2026-06-10 19:52:54 transreid.train INFO: Epoch[7] Iter[100/275] Loss: 5.891, Acc: 0.762, Base Lr: 2.85e-04
2026-06-10 19:52:57 transreid.train INFO: Epoch[7] Iter[120/275] Loss: 5.874, Acc: 0.766, Base Lr: 2.85e-04
2026-06-10 19:53:01 transreid.train INFO: Epoch[7] Iter[140/275] Loss: 5.862, Acc: 0.764, Base Lr: 2.85e-04
2026-06-10 19:53:04 transreid.train INFO: Epoch[7] Iter[160/275] Loss: 5.844, Acc: 0.771, Base Lr: 2.85e-04
2026-06-10 19:53:07 transreid.train INFO: Epoch[7] Iter[180/275] Loss: 5.829, Acc: 0.772, Base Lr: 2.85e-04
2026-06-10 19:53:11 transreid.train INFO: Epoch[7] Iter[200/275] Loss: 5.814, Acc: 0.770, Base Lr: 2.85e-04
2026-06-10 19:53:14 transreid.train INFO: Epoch[7] Iter[220/275] Loss: 5.798, Acc: 0.775, Base Lr: 2.85e-04
2026-06-10 19:53:17 transreid.train INFO: Epoch[7] Iter[240/275] Loss: 5.782, Acc: 0.776, Base Lr: 2.85e-04
2026-06-10 19:53:21 transreid.train INFO: Epoch[7] Iter[260/275] Loss: 5.766, Acc: 0.775, Base Lr: 2.85e-04
2026-06-10 19:53:23 transreid.train INFO: Epoch 7 done. Time per epoch: 45.684[s] Speed: 382.5[samples/s]
2026-06-10 19:53:26 transreid.train INFO: Epoch[8] Iter[20/275] Loss: 5.589, Acc: 0.797, Base Lr: 3.25e-04
2026-06-10 19:53:30 transreid.train INFO: Epoch[8] Iter[40/275] Loss: 5.558, Acc: 0.776, Base Lr: 3.25e-04
2026-06-10 19:53:33 transreid.train INFO: Epoch[8] Iter[60/275] Loss: 5.529, Acc: 0.788, Base Lr: 3.25e-04
2026-06-10 19:53:36 transreid.train INFO: Epoch[8] Iter[80/275] Loss: 5.516, Acc: 0.783, Base Lr: 3.25e-04
2026-06-10 19:53:40 transreid.train INFO: Epoch[8] Iter[100/275] Loss: 5.496, Acc: 0.780, Base Lr: 3.25e-04
2026-06-10 19:53:43 transreid.train INFO: Epoch[8] Iter[120/275] Loss: 5.474, Acc: 0.782, Base Lr: 3.25e-04
2026-06-10 19:53:46 transreid.train INFO: Epoch[8] Iter[140/275] Loss: 5.456, Acc: 0.782, Base Lr: 3.25e-04
2026-06-10 19:53:50 transreid.train INFO: Epoch[8] Iter[160/275] Loss: 5.434, Acc: 0.784, Base Lr: 3.25e-04
2026-06-10 19:53:53 transreid.train INFO: Epoch[8] Iter[180/275] Loss: 5.417, Acc: 0.785, Base Lr: 3.25e-04
2026-06-10 19:53:56 transreid.train INFO: Epoch[8] Iter[200/275] Loss: 5.396, Acc: 0.788, Base Lr: 3.25e-04
2026-06-10 19:54:00 transreid.train INFO: Epoch[8] Iter[220/275] Loss: 5.379, Acc: 0.786, Base Lr: 3.25e-04
2026-06-10 19:54:03 transreid.train INFO: Epoch[8] Iter[240/275] Loss: 5.363, Acc: 0.786, Base Lr: 3.25e-04
2026-06-10 19:54:06 transreid.train INFO: Epoch[8] Iter[260/275] Loss: 5.354, Acc: 0.784, Base Lr: 3.25e-04
2026-06-10 19:54:08 transreid.train INFO: Epoch 8 done. Time per epoch: 45.705[s] Speed: 382.3[samples/s]
2026-06-10 19:54:12 transreid.train INFO: Epoch[9] Iter[20/275] Loss: 5.177, Acc: 0.812, Base Lr: 3.64e-04
2026-06-10 19:54:15 transreid.train INFO: Epoch[9] Iter[40/275] Loss: 5.153, Acc: 0.799, Base Lr: 3.64e-04
2026-06-10 19:54:19 transreid.train INFO: Epoch[9] Iter[60/275] Loss: 5.137, Acc: 0.789, Base Lr: 3.64e-04
2026-06-10 19:54:22 transreid.train INFO: Epoch[9] Iter[80/275] Loss: 5.104, Acc: 0.789, Base Lr: 3.64e-04
2026-06-10 19:54:25 transreid.train INFO: Epoch[9] Iter[100/275] Loss: 5.071, Acc: 0.800, Base Lr: 3.64e-04
2026-06-10 19:54:29 transreid.train INFO: Epoch[9] Iter[120/275] Loss: 5.046, Acc: 0.799, Base Lr: 3.64e-04
2026-06-10 19:54:32 transreid.train INFO: Epoch[9] Iter[140/275] Loss: 5.021, Acc: 0.800, Base Lr: 3.64e-04
2026-06-10 19:54:35 transreid.train INFO: Epoch[9] Iter[160/275] Loss: 5.001, Acc: 0.802, Base Lr: 3.64e-04
2026-06-10 19:54:39 transreid.train INFO: Epoch[9] Iter[180/275] Loss: 4.986, Acc: 0.806, Base Lr: 3.64e-04
2026-06-10 19:54:42 transreid.train INFO: Epoch[9] Iter[200/275] Loss: 4.968, Acc: 0.804, Base Lr: 3.64e-04
2026-06-10 19:54:45 transreid.train INFO: Epoch[9] Iter[220/275] Loss: 4.950, Acc: 0.804, Base Lr: 3.64e-04
2026-06-10 19:54:49 transreid.train INFO: Epoch[9] Iter[240/275] Loss: 4.932, Acc: 0.807, Base Lr: 3.64e-04
2026-06-10 19:54:52 transreid.train INFO: Epoch[9] Iter[260/275] Loss: 4.915, Acc: 0.809, Base Lr: 3.64e-04
2026-06-10 19:54:54 transreid.train INFO: Epoch 9 done. Time per epoch: 45.867[s] Speed: 382.3[samples/s]
2026-06-10 19:54:58 transreid.train INFO: Epoch[10] Iter[20/275] Loss: 4.688, Acc: 0.791, Base Lr: 4.04e-04
2026-06-10 19:55:01 transreid.train INFO: Epoch[10] Iter[40/275] Loss: 4.689, Acc: 0.795, Base Lr: 4.04e-04
2026-06-10 19:55:04 transreid.train INFO: Epoch[10] Iter[60/275] Loss: 4.641, Acc: 0.792, Base Lr: 4.04e-04
2026-06-10 19:55:08 transreid.train INFO: Epoch[10] Iter[80/275] Loss: 4.611, Acc: 0.796, Base Lr: 4.04e-04
2026-06-10 19:55:11 transreid.train INFO: Epoch[10] Iter[100/275] Loss: 4.569, Acc: 0.803, Base Lr: 4.04e-04
2026-06-10 19:55:14 transreid.train INFO: Epoch[10] Iter[120/275] Loss: 4.545, Acc: 0.805, Base Lr: 4.04e-04
2026-06-10 19:55:18 transreid.train INFO: Epoch[10] Iter[140/275] Loss: 4.530, Acc: 0.801, Base Lr: 4.04e-04
2026-06-10 19:55:21 transreid.train INFO: Epoch[10] Iter[160/275] Loss: 4.505, Acc: 0.804, Base Lr: 4.04e-04
2026-06-10 19:55:24 transreid.train INFO: Epoch[10] Iter[180/275] Loss: 4.489, Acc: 0.807, Base Lr: 4.04e-04
2026-06-10 19:55:28 transreid.train INFO: Epoch[10] Iter[200/275] Loss: 4.465, Acc: 0.813, Base Lr: 4.04e-04
2026-06-10 19:55:31 transreid.train INFO: Epoch[10] Iter[220/275] Loss: 4.449, Acc: 0.813, Base Lr: 4.04e-04
2026-06-10 19:55:34 transreid.train INFO: Epoch[10] Iter[240/275] Loss: 4.429, Acc: 0.816, Base Lr: 4.04e-04
2026-06-10 19:55:38 transreid.train INFO: Epoch[10] Iter[260/275] Loss: 4.410, Acc: 0.819, Base Lr: 4.04e-04
2026-06-10 19:55:40 transreid.train INFO: Epoch 10 done. Time per epoch: 45.691[s] Speed: 382.4[samples/s]
2026-06-10 19:55:44 transreid.train INFO: Epoch[11] Iter[20/275] Loss: 4.238, Acc: 0.799, Base Lr: 4.44e-04
2026-06-10 19:55:47 transreid.train INFO: Epoch[11] Iter[40/275] Loss: 4.199, Acc: 0.795, Base Lr: 4.44e-04
2026-06-10 19:55:50 transreid.train INFO: Epoch[11] Iter[60/275] Loss: 4.165, Acc: 0.797, Base Lr: 4.44e-04
2026-06-10 19:55:54 transreid.train INFO: Epoch[11] Iter[80/275] Loss: 4.145, Acc: 0.796, Base Lr: 4.44e-04
2026-06-10 19:55:57 transreid.train INFO: Epoch[11] Iter[100/275] Loss: 4.121, Acc: 0.803, Base Lr: 4.44e-04
2026-06-10 19:56:00 transreid.train INFO: Epoch[11] Iter[120/275] Loss: 4.085, Acc: 0.808, Base Lr: 4.44e-04
2026-06-10 19:56:04 transreid.train INFO: Epoch[11] Iter[140/275] Loss: 4.051, Acc: 0.818, Base Lr: 4.44e-04
2026-06-10 19:56:07 transreid.train INFO: Epoch[11] Iter[160/275] Loss: 4.015, Acc: 0.824, Base Lr: 4.44e-04
2026-06-10 19:56:10 transreid.train INFO: Epoch[11] Iter[180/275] Loss: 3.983, Acc: 0.828, Base Lr: 4.44e-04
2026-06-10 19:56:14 transreid.train INFO: Epoch[11] Iter[200/275] Loss: 3.958, Acc: 0.832, Base Lr: 4.44e-04
2026-06-10 19:56:17 transreid.train INFO: Epoch[11] Iter[220/275] Loss: 3.938, Acc: 0.834, Base Lr: 4.44e-04
2026-06-10 19:56:20 transreid.train INFO: Epoch[11] Iter[240/275] Loss: 3.915, Acc: 0.836, Base Lr: 4.44e-04
2026-06-10 19:56:24 transreid.train INFO: Epoch[11] Iter[260/275] Loss: 3.899, Acc: 0.838, Base Lr: 4.44e-04
2026-06-10 19:56:26 transreid.train INFO: Epoch 11 done. Time per epoch: 45.866[s] Speed: 382.3[samples/s]
2026-06-10 19:56:29 transreid.train INFO: Epoch[12] Iter[20/275] Loss: 3.810, Acc: 0.775, Base Lr: 4.83e-04
2026-06-10 19:56:33 transreid.train INFO: Epoch[12] Iter[40/275] Loss: 3.754, Acc: 0.785, Base Lr: 4.83e-04
2026-06-10 19:56:36 transreid.train INFO: Epoch[12] Iter[60/275] Loss: 3.711, Acc: 0.792, Base Lr: 4.83e-04
2026-06-10 19:56:39 transreid.train INFO: Epoch[12] Iter[80/275] Loss: 3.676, Acc: 0.795, Base Lr: 4.83e-04
2026-06-10 19:56:43 transreid.train INFO: Epoch[12] Iter[100/275] Loss: 3.628, Acc: 0.804, Base Lr: 4.83e-04
2026-06-10 19:56:46 transreid.train INFO: Epoch[12] Iter[120/275] Loss: 3.581, Acc: 0.812, Base Lr: 4.83e-04
2026-06-10 19:56:49 transreid.train INFO: Epoch[12] Iter[140/275] Loss: 3.534, Acc: 0.822, Base Lr: 4.83e-04
2026-06-10 19:56:53 transreid.train INFO: Epoch[12] Iter[160/275] Loss: 3.498, Acc: 0.825, Base Lr: 4.83e-04
2026-06-10 19:56:56 transreid.train INFO: Epoch[12] Iter[180/275] Loss: 3.469, Acc: 0.830, Base Lr: 4.83e-04
2026-06-10 19:56:59 transreid.train INFO: Epoch[12] Iter[200/275] Loss: 3.441, Acc: 0.834, Base Lr: 4.83e-04
2026-06-10 19:57:03 transreid.train INFO: Epoch[12] Iter[220/275] Loss: 3.416, Acc: 0.838, Base Lr: 4.83e-04
2026-06-10 19:57:06 transreid.train INFO: Epoch[12] Iter[240/275] Loss: 3.393, Acc: 0.843, Base Lr: 4.83e-04
2026-06-10 19:57:09 transreid.train INFO: Epoch[12] Iter[260/275] Loss: 3.371, Acc: 0.848, Base Lr: 4.83e-04
2026-06-10 19:57:12 transreid.train INFO: Epoch 12 done. Time per epoch: 45.746[s] Speed: 381.9[samples/s]
2026-06-10 19:57:15 transreid.train INFO: Epoch[13] Iter[20/275] Loss: 3.309, Acc: 0.763, Base Lr: 5.23e-04
2026-06-10 19:57:18 transreid.train INFO: Epoch[13] Iter[40/275] Loss: 3.235, Acc: 0.793, Base Lr: 5.23e-04
2026-06-10 19:57:22 transreid.train INFO: Epoch[13] Iter[60/275] Loss: 3.176, Acc: 0.806, Base Lr: 5.23e-04
2026-06-10 19:57:25 transreid.train INFO: Epoch[13] Iter[80/275] Loss: 3.136, Acc: 0.812, Base Lr: 5.23e-04
2026-06-10 19:57:28 transreid.train INFO: Epoch[13] Iter[100/275] Loss: 3.089, Acc: 0.820, Base Lr: 5.23e-04
2026-06-10 19:57:32 transreid.train INFO: Epoch[13] Iter[120/275] Loss: 3.047, Acc: 0.828, Base Lr: 5.23e-04
2026-06-10 19:57:35 transreid.train INFO: Epoch[13] Iter[140/275] Loss: 3.008, Acc: 0.838, Base Lr: 5.23e-04
2026-06-10 19:57:38 transreid.train INFO: Epoch[13] Iter[160/275] Loss: 2.975, Acc: 0.841, Base Lr: 5.23e-04
2026-06-10 19:57:42 transreid.train INFO: Epoch[13] Iter[180/275] Loss: 2.946, Acc: 0.848, Base Lr: 5.23e-04
2026-06-10 19:57:45 transreid.train INFO: Epoch[13] Iter[200/275] Loss: 2.915, Acc: 0.851, Base Lr: 5.23e-04
2026-06-10 19:57:48 transreid.train INFO: Epoch[13] Iter[220/275] Loss: 2.886, Acc: 0.856, Base Lr: 5.23e-04
2026-06-10 19:57:52 transreid.train INFO: Epoch[13] Iter[240/275] Loss: 2.854, Acc: 0.863, Base Lr: 5.23e-04
2026-06-10 19:57:55 transreid.train INFO: Epoch[13] Iter[260/275] Loss: 2.834, Acc: 0.867, Base Lr: 5.23e-04
2026-06-10 19:57:57 transreid.train INFO: Epoch 13 done. Time per epoch: 45.744[s] Speed: 382.0[samples/s]
2026-06-10 19:58:01 transreid.train INFO: Epoch[14] Iter[20/275] Loss: 2.778, Acc: 0.793, Base Lr: 5.62e-04
2026-06-10 19:58:04 transreid.train INFO: Epoch[14] Iter[40/275] Loss: 2.734, Acc: 0.804, Base Lr: 5.62e-04
2026-06-10 19:58:08 transreid.train INFO: Epoch[14] Iter[60/275] Loss: 2.639, Acc: 0.827, Base Lr: 5.62e-04
2026-06-10 19:58:11 transreid.train INFO: Epoch[14] Iter[80/275] Loss: 2.621, Acc: 0.830, Base Lr: 5.62e-04
2026-06-10 19:58:14 transreid.train INFO: Epoch[14] Iter[100/275] Loss: 2.578, Acc: 0.843, Base Lr: 5.62e-04
2026-06-10 19:58:18 transreid.train INFO: Epoch[14] Iter[120/275] Loss: 2.544, Acc: 0.844, Base Lr: 5.62e-04
2026-06-10 19:58:21 transreid.train INFO: Epoch[14] Iter[140/275] Loss: 2.498, Acc: 0.854, Base Lr: 5.62e-04
2026-06-10 19:58:24 transreid.train INFO: Epoch[14] Iter[160/275] Loss: 2.470, Acc: 0.859, Base Lr: 5.62e-04
2026-06-10 19:58:28 transreid.train INFO: Epoch[14] Iter[180/275] Loss: 2.434, Acc: 0.866, Base Lr: 5.62e-04
2026-06-10 19:58:31 transreid.train INFO: Epoch[14] Iter[200/275] Loss: 2.406, Acc: 0.870, Base Lr: 5.62e-04
2026-06-10 19:58:34 transreid.train INFO: Epoch[14] Iter[220/275] Loss: 2.384, Acc: 0.874, Base Lr: 5.62e-04
2026-06-10 19:58:38 transreid.train INFO: Epoch[14] Iter[240/275] Loss: 2.358, Acc: 0.879, Base Lr: 5.62e-04
2026-06-10 19:58:41 transreid.train INFO: Epoch[14] Iter[260/275] Loss: 2.336, Acc: 0.881, Base Lr: 5.62e-04
2026-06-10 19:58:43 transreid.train INFO: Epoch 14 done. Time per epoch: 45.878[s] Speed: 382.2[samples/s]
2026-06-10 19:58:47 transreid.train INFO: Epoch[15] Iter[20/275] Loss: 2.346, Acc: 0.810, Base Lr: 6.02e-04
2026-06-10 19:58:50 transreid.train INFO: Epoch[15] Iter[40/275] Loss: 2.358, Acc: 0.806, Base Lr: 6.02e-04
2026-06-10 19:58:53 transreid.train INFO: Epoch[15] Iter[60/275] Loss: 2.259, Acc: 0.827, Base Lr: 6.02e-04
2026-06-10 19:58:57 transreid.train INFO: Epoch[15] Iter[80/275] Loss: 2.201, Acc: 0.842, Base Lr: 6.02e-04
2026-06-10 19:59:00 transreid.train INFO: Epoch[15] Iter[100/275] Loss: 2.153, Acc: 0.852, Base Lr: 6.02e-04
2026-06-10 19:59:03 transreid.train INFO: Epoch[15] Iter[120/275] Loss: 2.109, Acc: 0.858, Base Lr: 6.02e-04
2026-06-10 19:59:07 transreid.train INFO: Epoch[15] Iter[140/275] Loss: 2.074, Acc: 0.865, Base Lr: 6.02e-04
2026-06-10 19:59:10 transreid.train INFO: Epoch[15] Iter[160/275] Loss: 2.040, Acc: 0.868, Base Lr: 6.02e-04
2026-06-10 19:59:13 transreid.train INFO: Epoch[15] Iter[180/275] Loss: 2.004, Acc: 0.874, Base Lr: 6.02e-04
2026-06-10 19:59:17 transreid.train INFO: Epoch[15] Iter[200/275] Loss: 1.971, Acc: 0.877, Base Lr: 6.02e-04
2026-06-10 19:59:20 transreid.train INFO: Epoch[15] Iter[220/275] Loss: 1.942, Acc: 0.881, Base Lr: 6.02e-04
2026-06-10 19:59:23 transreid.train INFO: Epoch[15] Iter[240/275] Loss: 1.914, Acc: 0.886, Base Lr: 6.02e-04
2026-06-10 19:59:27 transreid.train INFO: Epoch[15] Iter[260/275] Loss: 1.894, Acc: 0.889, Base Lr: 6.02e-04
2026-06-10 19:59:29 transreid.train INFO: Epoch 15 done. Time per epoch: 45.871[s] Speed: 382.3[samples/s]
2026-06-10 19:59:33 transreid.train INFO: Epoch[16] Iter[20/275] Loss: 1.909, Acc: 0.851, Base Lr: 6.42e-04
2026-06-10 19:59:36 transreid.train INFO: Epoch[16] Iter[40/275] Loss: 1.870, Acc: 0.851, Base Lr: 6.42e-04
2026-06-10 19:59:39 transreid.train INFO: Epoch[16] Iter[60/275] Loss: 1.835, Acc: 0.859, Base Lr: 6.42e-04
2026-06-10 19:59:43 transreid.train INFO: Epoch[16] Iter[80/275] Loss: 1.846, Acc: 0.854, Base Lr: 6.42e-04
2026-06-10 19:59:46 transreid.train INFO: Epoch[16] Iter[100/275] Loss: 1.800, Acc: 0.861, Base Lr: 6.42e-04
2026-06-10 19:59:49 transreid.train INFO: Epoch[16] Iter[120/275] Loss: 1.756, Acc: 0.866, Base Lr: 6.42e-04
2026-06-10 19:59:53 transreid.train INFO: Epoch[16] Iter[140/275] Loss: 1.715, Acc: 0.874, Base Lr: 6.42e-04
2026-06-10 19:59:56 transreid.train INFO: Epoch[16] Iter[160/275] Loss: 1.686, Acc: 0.880, Base Lr: 6.42e-04
2026-06-10 19:59:59 transreid.train INFO: Epoch[16] Iter[180/275] Loss: 1.652, Acc: 0.886, Base Lr: 6.42e-04
2026-06-10 20:00:03 transreid.train INFO: Epoch[16] Iter[200/275] Loss: 1.619, Acc: 0.891, Base Lr: 6.42e-04
2026-06-10 20:00:06 transreid.train INFO: Epoch[16] Iter[220/275] Loss: 1.590, Acc: 0.893, Base Lr: 6.42e-04
2026-06-10 20:00:09 transreid.train INFO: Epoch[16] Iter[240/275] Loss: 1.557, Acc: 0.899, Base Lr: 6.42e-04
2026-06-10 20:00:13 transreid.train INFO: Epoch[16] Iter[260/275] Loss: 1.526, Acc: 0.903, Base Lr: 6.42e-04
2026-06-10 20:00:15 transreid.train INFO: Epoch 16 done. Time per epoch: 45.854[s] Speed: 382.4[samples/s]
2026-06-10 20:00:18 transreid.train INFO: Epoch[17] Iter[20/275] Loss: 1.689, Acc: 0.818, Base Lr: 6.81e-04
2026-06-10 20:00:22 transreid.train INFO: Epoch[17] Iter[40/275] Loss: 1.612, Acc: 0.839, Base Lr: 6.81e-04
2026-06-10 20:00:25 transreid.train INFO: Epoch[17] Iter[60/275] Loss: 1.545, Acc: 0.858, Base Lr: 6.81e-04
2026-06-10 20:00:28 transreid.train INFO: Epoch[17] Iter[80/275] Loss: 1.506, Acc: 0.865, Base Lr: 6.81e-04
2026-06-10 20:00:32 transreid.train INFO: Epoch[17] Iter[100/275] Loss: 1.465, Acc: 0.870, Base Lr: 6.81e-04
2026-06-10 20:00:35 transreid.train INFO: Epoch[17] Iter[120/275] Loss: 1.439, Acc: 0.876, Base Lr: 6.81e-04
2026-06-10 20:00:38 transreid.train INFO: Epoch[17] Iter[140/275] Loss: 1.405, Acc: 0.883, Base Lr: 6.81e-04
2026-06-10 20:00:42 transreid.train INFO: Epoch[17] Iter[160/275] Loss: 1.365, Acc: 0.891, Base Lr: 6.81e-04
2026-06-10 20:00:45 transreid.train INFO: Epoch[17] Iter[180/275] Loss: 1.332, Acc: 0.897, Base Lr: 6.81e-04
2026-06-10 20:00:48 transreid.train INFO: Epoch[17] Iter[200/275] Loss: 1.302, Acc: 0.902, Base Lr: 6.81e-04
2026-06-10 20:00:52 transreid.train INFO: Epoch[17] Iter[220/275] Loss: 1.266, Acc: 0.907, Base Lr: 6.81e-04
2026-06-10 20:00:55 transreid.train INFO: Epoch[17] Iter[240/275] Loss: 1.242, Acc: 0.911, Base Lr: 6.81e-04
2026-06-10 20:00:58 transreid.train INFO: Epoch[17] Iter[260/275] Loss: 1.217, Acc: 0.916, Base Lr: 6.81e-04
2026-06-10 20:01:01 transreid.train INFO: Epoch 17 done. Time per epoch: 45.712[s] Speed: 382.2[samples/s]
2026-06-10 20:01:04 transreid.train INFO: Epoch[18] Iter[20/275] Loss: 1.451, Acc: 0.858, Base Lr: 7.21e-04
2026-06-10 20:01:08 transreid.train INFO: Epoch[18] Iter[40/275] Loss: 1.399, Acc: 0.864, Base Lr: 7.21e-04
2026-06-10 20:01:11 transreid.train INFO: Epoch[18] Iter[60/275] Loss: 1.343, Acc: 0.872, Base Lr: 7.21e-04
2026-06-10 20:01:14 transreid.train INFO: Epoch[18] Iter[80/275] Loss: 1.265, Acc: 0.887, Base Lr: 7.21e-04
2026-06-10 20:01:18 transreid.train INFO: Epoch[18] Iter[100/275] Loss: 1.203, Acc: 0.897, Base Lr: 7.21e-04
2026-06-10 20:01:21 transreid.train INFO: Epoch[18] Iter[120/275] Loss: 1.164, Acc: 0.902, Base Lr: 7.21e-04
2026-06-10 20:01:24 transreid.train INFO: Epoch[18] Iter[140/275] Loss: 1.132, Acc: 0.909, Base Lr: 7.21e-04
2026-06-10 20:01:28 transreid.train INFO: Epoch[18] Iter[160/275] Loss: 1.100, Acc: 0.913, Base Lr: 7.21e-04
2026-06-10 20:01:31 transreid.train INFO: Epoch[18] Iter[180/275] Loss: 1.065, Acc: 0.919, Base Lr: 7.21e-04
2026-06-10 20:01:34 transreid.train INFO: Epoch[18] Iter[200/275] Loss: 1.044, Acc: 0.922, Base Lr: 7.21e-04
2026-06-10 20:01:38 transreid.train INFO: Epoch[18] Iter[220/275] Loss: 1.019, Acc: 0.925, Base Lr: 7.21e-04
2026-06-10 20:01:41 transreid.train INFO: Epoch[18] Iter[240/275] Loss: 0.999, Acc: 0.928, Base Lr: 7.21e-04
2026-06-10 20:01:44 transreid.train INFO: Epoch[18] Iter[260/275] Loss: 0.976, Acc: 0.931, Base Lr: 7.21e-04
2026-06-10 20:01:46 transreid.train INFO: Epoch 18 done. Time per epoch: 45.700[s] Speed: 382.3[samples/s]
2026-06-10 20:01:50 transreid.train INFO: Epoch[19] Iter[20/275] Loss: 1.166, Acc: 0.863, Base Lr: 7.60e-04
2026-06-10 20:01:53 transreid.train INFO: Epoch[19] Iter[40/275] Loss: 1.088, Acc: 0.887, Base Lr: 7.60e-04
2026-06-10 20:01:57 transreid.train INFO: Epoch[19] Iter[60/275] Loss: 1.048, Acc: 0.893, Base Lr: 7.60e-04
2026-06-10 20:02:00 transreid.train INFO: Epoch[19] Iter[80/275] Loss: 1.024, Acc: 0.898, Base Lr: 7.60e-04
2026-06-10 20:02:03 transreid.train INFO: Epoch[19] Iter[100/275] Loss: 0.971, Acc: 0.906, Base Lr: 7.60e-04
2026-06-10 20:02:07 transreid.train INFO: Epoch[19] Iter[120/275] Loss: 0.952, Acc: 0.910, Base Lr: 7.60e-04
2026-06-10 20:02:10 transreid.train INFO: Epoch[19] Iter[140/275] Loss: 0.922, Acc: 0.915, Base Lr: 7.60e-04
2026-06-10 20:02:13 transreid.train INFO: Epoch[19] Iter[160/275] Loss: 0.890, Acc: 0.922, Base Lr: 7.60e-04
2026-06-10 20:02:17 transreid.train INFO: Epoch[19] Iter[180/275] Loss: 0.868, Acc: 0.926, Base Lr: 7.60e-04
2026-06-10 20:02:20 transreid.train INFO: Epoch[19] Iter[200/275] Loss: 0.850, Acc: 0.929, Base Lr: 7.60e-04
2026-06-10 20:02:23 transreid.train INFO: Epoch[19] Iter[220/275] Loss: 0.827, Acc: 0.933, Base Lr: 7.60e-04
2026-06-10 20:02:27 transreid.train INFO: Epoch[19] Iter[240/275] Loss: 0.809, Acc: 0.936, Base Lr: 7.60e-04
2026-06-10 20:02:30 transreid.train INFO: Epoch[19] Iter[260/275] Loss: 0.792, Acc: 0.939, Base Lr: 7.60e-04
2026-06-10 20:02:32 transreid.train INFO: Epoch 19 done. Time per epoch: 45.888[s] Speed: 382.1[samples/s]
2026-06-10 20:02:36 transreid.train INFO: Epoch[20] Iter[20/275] Loss: 0.915, Acc: 0.909, Base Lr: 7.47e-04
2026-06-10 20:02:39 transreid.train INFO: Epoch[20] Iter[40/275] Loss: 0.973, Acc: 0.897, Base Lr: 7.47e-04
2026-06-10 20:02:42 transreid.train INFO: Epoch[20] Iter[60/275] Loss: 0.930, Acc: 0.904, Base Lr: 7.47e-04
2026-06-10 20:02:46 transreid.train INFO: Epoch[20] Iter[80/275] Loss: 0.863, Acc: 0.918, Base Lr: 7.47e-04
2026-06-10 20:02:49 transreid.train INFO: Epoch[20] Iter[100/275] Loss: 0.820, Acc: 0.924, Base Lr: 7.47e-04
2026-06-10 20:02:52 transreid.train INFO: Epoch[20] Iter[120/275] Loss: 0.796, Acc: 0.928, Base Lr: 7.47e-04
2026-06-10 20:02:56 transreid.train INFO: Epoch[20] Iter[140/275] Loss: 0.771, Acc: 0.930, Base Lr: 7.47e-04
2026-06-10 20:02:59 transreid.train INFO: Epoch[20] Iter[160/275] Loss: 0.740, Acc: 0.935, Base Lr: 7.47e-04
2026-06-10 20:03:02 transreid.train INFO: Epoch[20] Iter[180/275] Loss: 0.722, Acc: 0.939, Base Lr: 7.47e-04
2026-06-10 20:03:06 transreid.train INFO: Epoch[20] Iter[200/275] Loss: 0.708, Acc: 0.940, Base Lr: 7.47e-04
2026-06-10 20:03:09 transreid.train INFO: Epoch[20] Iter[220/275] Loss: 0.687, Acc: 0.944, Base Lr: 7.47e-04
2026-06-10 20:03:12 transreid.train INFO: Epoch[20] Iter[240/275] Loss: 0.674, Acc: 0.946, Base Lr: 7.47e-04
2026-06-10 20:03:16 transreid.train INFO: Epoch[20] Iter[260/275] Loss: 0.658, Acc: 0.949, Base Lr: 7.47e-04
2026-06-10 20:03:18 transreid.train INFO: Epoch 20 done. Time per epoch: 45.850[s] Speed: 382.5[samples/s]
/home/afr/reid-clean/SOLIDER-REID/utils/metrics.py:12: UserWarning: This overload of addmm_ is deprecated:
	addmm_(Number beta, Number alpha, Tensor mat1, Tensor mat2)
Consider using one of the following signatures instead:
	addmm_(Tensor mat1, Tensor mat2, *, Number beta = 1, Number alpha = 1) (Triggered internally at /pytorch/torch/csrc/utils/python_arg_parser.cpp:1661.)
  dist_mat.addmm_(1, -2, qf, gf.t())
The test feature is normalized
=> Computing DistMat with euclidean_distance
2026-06-10 20:03:40 transreid.train INFO: Validation Results - Epoch: 20
2026-06-10 20:03:40 transreid.train INFO: mAP: 76.5%
2026-06-10 20:03:40 transreid.train INFO: CMC curve, Rank-1  :84.1%
2026-06-10 20:03:40 transreid.train INFO: CMC curve, Rank-5  :93.1%
2026-06-10 20:03:40 transreid.train INFO: CMC curve, Rank-10 :96.1%
2026-06-10 20:03:44 transreid.train INFO: Epoch[21] Iter[20/275] Loss: 0.868, Acc: 0.906, Base Lr: 7.41e-04
2026-06-10 20:03:47 transreid.train INFO: Epoch[21] Iter[40/275] Loss: 0.792, Acc: 0.918, Base Lr: 7.41e-04
2026-06-10 20:03:51 transreid.train INFO: Epoch[21] Iter[60/275] Loss: 0.759, Acc: 0.923, Base Lr: 7.41e-04
2026-06-10 20:03:54 transreid.train INFO: Epoch[21] Iter[80/275] Loss: 0.750, Acc: 0.927, Base Lr: 7.41e-04
2026-06-10 20:03:57 transreid.train INFO: Epoch[21] Iter[100/275] Loss: 0.735, Acc: 0.930, Base Lr: 7.41e-04
2026-06-10 20:04:01 transreid.train INFO: Epoch[21] Iter[120/275] Loss: 0.699, Acc: 0.936, Base Lr: 7.41e-04
2026-06-10 20:04:04 transreid.train INFO: Epoch[21] Iter[140/275] Loss: 0.675, Acc: 0.941, Base Lr: 7.41e-04
2026-06-10 20:04:07 transreid.train INFO: Epoch[21] Iter[160/275] Loss: 0.643, Acc: 0.947, Base Lr: 7.41e-04
2026-06-10 20:04:11 transreid.train INFO: Epoch[21] Iter[180/275] Loss: 0.622, Acc: 0.949, Base Lr: 7.41e-04
2026-06-10 20:04:14 transreid.train INFO: Epoch[21] Iter[200/275] Loss: 0.599, Acc: 0.953, Base Lr: 7.41e-04
2026-06-10 20:04:17 transreid.train INFO: Epoch[21] Iter[220/275] Loss: 0.581, Acc: 0.955, Base Lr: 7.41e-04
2026-06-10 20:04:21 transreid.train INFO: Epoch[21] Iter[240/275] Loss: 0.565, Acc: 0.958, Base Lr: 7.41e-04
2026-06-10 20:04:24 transreid.train INFO: Epoch[21] Iter[260/275] Loss: 0.552, Acc: 0.960, Base Lr: 7.41e-04
2026-06-10 20:04:26 transreid.train INFO: Epoch 21 done. Time per epoch: 45.823[s] Speed: 382.7[samples/s]
2026-06-10 20:04:30 transreid.train INFO: Epoch[22] Iter[20/275] Loss: 0.726, Acc: 0.920, Base Lr: 7.36e-04
2026-06-10 20:04:33 transreid.train INFO: Epoch[22] Iter[40/275] Loss: 0.667, Acc: 0.928, Base Lr: 7.36e-04
2026-06-10 20:04:36 transreid.train INFO: Epoch[22] Iter[60/275] Loss: 0.667, Acc: 0.927, Base Lr: 7.36e-04
2026-06-10 20:04:40 transreid.train INFO: Epoch[22] Iter[80/275] Loss: 0.644, Acc: 0.933, Base Lr: 7.36e-04
2026-06-10 20:04:43 transreid.train INFO: Epoch[22] Iter[100/275] Loss: 0.603, Acc: 0.942, Base Lr: 7.36e-04
2026-06-10 20:04:46 transreid.train INFO: Epoch[22] Iter[120/275] Loss: 0.580, Acc: 0.948, Base Lr: 7.36e-04
2026-06-10 20:04:50 transreid.train INFO: Epoch[22] Iter[140/275] Loss: 0.564, Acc: 0.951, Base Lr: 7.36e-04
2026-06-10 20:04:53 transreid.train INFO: Epoch[22] Iter[160/275] Loss: 0.543, Acc: 0.954, Base Lr: 7.36e-04
2026-06-10 20:04:56 transreid.train INFO: Epoch[22] Iter[180/275] Loss: 0.526, Acc: 0.957, Base Lr: 7.36e-04
2026-06-10 20:05:00 transreid.train INFO: Epoch[22] Iter[200/275] Loss: 0.508, Acc: 0.960, Base Lr: 7.36e-04
2026-06-10 20:05:03 transreid.train INFO: Epoch[22] Iter[220/275] Loss: 0.493, Acc: 0.962, Base Lr: 7.36e-04
2026-06-10 20:05:06 transreid.train INFO: Epoch[22] Iter[240/275] Loss: 0.479, Acc: 0.965, Base Lr: 7.36e-04
2026-06-10 20:05:10 transreid.train INFO: Epoch[22] Iter[260/275] Loss: 0.467, Acc: 0.966, Base Lr: 7.36e-04
2026-06-10 20:05:12 transreid.train INFO: Epoch 22 done. Time per epoch: 45.632[s] Speed: 382.9[samples/s]
2026-06-10 20:05:15 transreid.train INFO: Epoch[23] Iter[20/275] Loss: 0.638, Acc: 0.932, Base Lr: 7.30e-04
2026-06-10 20:05:19 transreid.train INFO: Epoch[23] Iter[40/275] Loss: 0.609, Acc: 0.939, Base Lr: 7.30e-04
2026-06-10 20:05:22 transreid.train INFO: Epoch[23] Iter[60/275] Loss: 0.599, Acc: 0.943, Base Lr: 7.30e-04
2026-06-10 20:05:25 transreid.train INFO: Epoch[23] Iter[80/275] Loss: 0.573, Acc: 0.949, Base Lr: 7.30e-04
2026-06-10 20:05:29 transreid.train INFO: Epoch[23] Iter[100/275] Loss: 0.539, Acc: 0.954, Base Lr: 7.30e-04
2026-06-10 20:05:32 transreid.train INFO: Epoch[23] Iter[120/275] Loss: 0.521, Acc: 0.958, Base Lr: 7.30e-04
2026-06-10 20:05:35 transreid.train INFO: Epoch[23] Iter[140/275] Loss: 0.491, Acc: 0.962, Base Lr: 7.30e-04
2026-06-10 20:05:39 transreid.train INFO: Epoch[23] Iter[160/275] Loss: 0.480, Acc: 0.962, Base Lr: 7.30e-04
2026-06-10 20:05:42 transreid.train INFO: Epoch[23] Iter[180/275] Loss: 0.464, Acc: 0.964, Base Lr: 7.30e-04
2026-06-10 20:05:45 transreid.train INFO: Epoch[23] Iter[200/275] Loss: 0.452, Acc: 0.966, Base Lr: 7.30e-04
2026-06-10 20:05:49 transreid.train INFO: Epoch[23] Iter[220/275] Loss: 0.438, Acc: 0.968, Base Lr: 7.30e-04
2026-06-10 20:05:52 transreid.train INFO: Epoch[23] Iter[240/275] Loss: 0.427, Acc: 0.970, Base Lr: 7.30e-04
2026-06-10 20:05:55 transreid.train INFO: Epoch[23] Iter[260/275] Loss: 0.413, Acc: 0.971, Base Lr: 7.30e-04
2026-06-10 20:05:58 transreid.train INFO: Epoch 23 done. Time per epoch: 45.634[s] Speed: 382.9[samples/s]
2026-06-10 20:06:01 transreid.train INFO: Epoch[24] Iter[20/275] Loss: 0.679, Acc: 0.922, Base Lr: 7.24e-04
2026-06-10 20:06:04 transreid.train INFO: Epoch[24] Iter[40/275] Loss: 0.577, Acc: 0.938, Base Lr: 7.24e-04
2026-06-10 20:06:08 transreid.train INFO: Epoch[24] Iter[60/275] Loss: 0.549, Acc: 0.941, Base Lr: 7.24e-04
2026-06-10 20:06:11 transreid.train INFO: Epoch[24] Iter[80/275] Loss: 0.497, Acc: 0.951, Base Lr: 7.24e-04
2026-06-10 20:06:14 transreid.train INFO: Epoch[24] Iter[100/275] Loss: 0.460, Acc: 0.958, Base Lr: 7.24e-04
2026-06-10 20:06:18 transreid.train INFO: Epoch[24] Iter[120/275] Loss: 0.435, Acc: 0.962, Base Lr: 7.24e-04
2026-06-10 20:06:21 transreid.train INFO: Epoch[24] Iter[140/275] Loss: 0.422, Acc: 0.965, Base Lr: 7.24e-04
2026-06-10 20:06:24 transreid.train INFO: Epoch[24] Iter[160/275] Loss: 0.405, Acc: 0.968, Base Lr: 7.24e-04
2026-06-10 20:06:28 transreid.train INFO: Epoch[24] Iter[180/275] Loss: 0.394, Acc: 0.970, Base Lr: 7.24e-04
2026-06-10 20:06:31 transreid.train INFO: Epoch[24] Iter[200/275] Loss: 0.378, Acc: 0.972, Base Lr: 7.24e-04
2026-06-10 20:06:34 transreid.train INFO: Epoch[24] Iter[220/275] Loss: 0.367, Acc: 0.974, Base Lr: 7.24e-04
2026-06-10 20:06:38 transreid.train INFO: Epoch[24] Iter[240/275] Loss: 0.356, Acc: 0.975, Base Lr: 7.24e-04
2026-06-10 20:06:41 transreid.train INFO: Epoch[24] Iter[260/275] Loss: 0.349, Acc: 0.976, Base Lr: 7.24e-04
2026-06-10 20:06:43 transreid.train INFO: Epoch 24 done. Time per epoch: 45.642[s] Speed: 382.8[samples/s]
2026-06-10 20:06:47 transreid.train INFO: Epoch[25] Iter[20/275] Loss: 0.462, Acc: 0.953, Base Lr: 7.18e-04
2026-06-10 20:06:50 transreid.train INFO: Epoch[25] Iter[40/275] Loss: 0.467, Acc: 0.953, Base Lr: 7.18e-04
2026-06-10 20:06:53 transreid.train INFO: Epoch[25] Iter[60/275] Loss: 0.438, Acc: 0.959, Base Lr: 7.18e-04
2026-06-10 20:06:57 transreid.train INFO: Epoch[25] Iter[80/275] Loss: 0.419, Acc: 0.961, Base Lr: 7.18e-04
2026-06-10 20:07:00 transreid.train INFO: Epoch[25] Iter[100/275] Loss: 0.401, Acc: 0.962, Base Lr: 7.18e-04
2026-06-10 20:07:03 transreid.train INFO: Epoch[25] Iter[120/275] Loss: 0.385, Acc: 0.965, Base Lr: 7.18e-04
2026-06-10 20:07:07 transreid.train INFO: Epoch[25] Iter[140/275] Loss: 0.366, Acc: 0.968, Base Lr: 7.18e-04
2026-06-10 20:07:10 transreid.train INFO: Epoch[25] Iter[160/275] Loss: 0.349, Acc: 0.971, Base Lr: 7.18e-04
2026-06-10 20:07:13 transreid.train INFO: Epoch[25] Iter[180/275] Loss: 0.337, Acc: 0.973, Base Lr: 7.18e-04
2026-06-10 20:07:17 transreid.train INFO: Epoch[25] Iter[200/275] Loss: 0.326, Acc: 0.975, Base Lr: 7.18e-04
2026-06-10 20:07:20 transreid.train INFO: Epoch[25] Iter[220/275] Loss: 0.316, Acc: 0.976, Base Lr: 7.18e-04
2026-06-10 20:07:23 transreid.train INFO: Epoch[25] Iter[240/275] Loss: 0.306, Acc: 0.978, Base Lr: 7.18e-04
2026-06-10 20:07:27 transreid.train INFO: Epoch[25] Iter[260/275] Loss: 0.301, Acc: 0.978, Base Lr: 7.18e-04
2026-06-10 20:07:29 transreid.train INFO: Epoch 25 done. Time per epoch: 45.816[s] Speed: 382.7[samples/s]
2026-06-10 20:07:33 transreid.train INFO: Epoch[26] Iter[20/275] Loss: 0.518, Acc: 0.927, Base Lr: 7.11e-04
2026-06-10 20:07:36 transreid.train INFO: Epoch[26] Iter[40/275] Loss: 0.494, Acc: 0.936, Base Lr: 7.11e-04
2026-06-10 20:07:39 transreid.train INFO: Epoch[26] Iter[60/275] Loss: 0.454, Acc: 0.945, Base Lr: 7.11e-04
2026-06-10 20:07:43 transreid.train INFO: Epoch[26] Iter[80/275] Loss: 0.404, Acc: 0.956, Base Lr: 7.11e-04
2026-06-10 20:07:46 transreid.train INFO: Epoch[26] Iter[100/275] Loss: 0.378, Acc: 0.961, Base Lr: 7.11e-04
2026-06-10 20:07:49 transreid.train INFO: Epoch[26] Iter[120/275] Loss: 0.355, Acc: 0.964, Base Lr: 7.11e-04
2026-06-10 20:07:52 transreid.train INFO: Epoch[26] Iter[140/275] Loss: 0.337, Acc: 0.968, Base Lr: 7.11e-04
2026-06-10 20:07:56 transreid.train INFO: Epoch[26] Iter[160/275] Loss: 0.325, Acc: 0.971, Base Lr: 7.11e-04
2026-06-10 20:07:59 transreid.train INFO: Epoch[26] Iter[180/275] Loss: 0.312, Acc: 0.973, Base Lr: 7.11e-04
2026-06-10 20:08:02 transreid.train INFO: Epoch[26] Iter[200/275] Loss: 0.304, Acc: 0.975, Base Lr: 7.11e-04
2026-06-10 20:08:06 transreid.train INFO: Epoch[26] Iter[220/275] Loss: 0.294, Acc: 0.976, Base Lr: 7.11e-04
2026-06-10 20:08:09 transreid.train INFO: Epoch[26] Iter[240/275] Loss: 0.285, Acc: 0.977, Base Lr: 7.11e-04
2026-06-10 20:08:12 transreid.train INFO: Epoch[26] Iter[260/275] Loss: 0.276, Acc: 0.979, Base Lr: 7.11e-04
2026-06-10 20:08:15 transreid.train INFO: Epoch 26 done. Time per epoch: 45.617[s] Speed: 383.0[samples/s]
2026-06-10 20:08:18 transreid.train INFO: Epoch[27] Iter[20/275] Loss: 0.349, Acc: 0.965, Base Lr: 7.04e-04
2026-06-10 20:08:21 transreid.train INFO: Epoch[27] Iter[40/275] Loss: 0.360, Acc: 0.959, Base Lr: 7.04e-04
2026-06-10 20:08:25 transreid.train INFO: Epoch[27] Iter[60/275] Loss: 0.349, Acc: 0.960, Base Lr: 7.04e-04
2026-06-10 20:08:28 transreid.train INFO: Epoch[27] Iter[80/275] Loss: 0.344, Acc: 0.961, Base Lr: 7.04e-04
2026-06-10 20:08:31 transreid.train INFO: Epoch[27] Iter[100/275] Loss: 0.330, Acc: 0.964, Base Lr: 7.04e-04
2026-06-10 20:08:35 transreid.train INFO: Epoch[27] Iter[120/275] Loss: 0.307, Acc: 0.968, Base Lr: 7.04e-04
2026-06-10 20:08:38 transreid.train INFO: Epoch[27] Iter[140/275] Loss: 0.288, Acc: 0.971, Base Lr: 7.04e-04
2026-06-10 20:08:41 transreid.train INFO: Epoch[27] Iter[160/275] Loss: 0.278, Acc: 0.972, Base Lr: 7.04e-04
2026-06-10 20:08:45 transreid.train INFO: Epoch[27] Iter[180/275] Loss: 0.269, Acc: 0.974, Base Lr: 7.04e-04
2026-06-10 20:08:48 transreid.train INFO: Epoch[27] Iter[200/275] Loss: 0.259, Acc: 0.977, Base Lr: 7.04e-04
2026-06-10 20:08:51 transreid.train INFO: Epoch[27] Iter[220/275] Loss: 0.251, Acc: 0.978, Base Lr: 7.04e-04
2026-06-10 20:08:55 transreid.train INFO: Epoch[27] Iter[240/275] Loss: 0.245, Acc: 0.979, Base Lr: 7.04e-04
2026-06-10 20:08:58 transreid.train INFO: Epoch[27] Iter[260/275] Loss: 0.240, Acc: 0.980, Base Lr: 7.04e-04
2026-06-10 20:09:00 transreid.train INFO: Epoch 27 done. Time per epoch: 45.652[s] Speed: 382.7[samples/s]
2026-06-10 20:09:04 transreid.train INFO: Epoch[28] Iter[20/275] Loss: 0.395, Acc: 0.952, Base Lr: 6.97e-04
2026-06-10 20:09:07 transreid.train INFO: Epoch[28] Iter[40/275] Loss: 0.342, Acc: 0.964, Base Lr: 6.97e-04
2026-06-10 20:09:10 transreid.train INFO: Epoch[28] Iter[60/275] Loss: 0.340, Acc: 0.962, Base Lr: 6.97e-04
2026-06-10 20:09:14 transreid.train INFO: Epoch[28] Iter[80/275] Loss: 0.322, Acc: 0.968, Base Lr: 6.97e-04
2026-06-10 20:09:17 transreid.train INFO: Epoch[28] Iter[100/275] Loss: 0.304, Acc: 0.970, Base Lr: 6.97e-04
2026-06-10 20:09:20 transreid.train INFO: Epoch[28] Iter[120/275] Loss: 0.291, Acc: 0.971, Base Lr: 6.97e-04
2026-06-10 20:09:24 transreid.train INFO: Epoch[28] Iter[140/275] Loss: 0.271, Acc: 0.975, Base Lr: 6.97e-04
2026-06-10 20:09:27 transreid.train INFO: Epoch[28] Iter[160/275] Loss: 0.261, Acc: 0.977, Base Lr: 6.97e-04
2026-06-10 20:09:30 transreid.train INFO: Epoch[28] Iter[180/275] Loss: 0.254, Acc: 0.978, Base Lr: 6.97e-04
2026-06-10 20:09:34 transreid.train INFO: Epoch[28] Iter[200/275] Loss: 0.245, Acc: 0.980, Base Lr: 6.97e-04
2026-06-10 20:09:37 transreid.train INFO: Epoch[28] Iter[220/275] Loss: 0.238, Acc: 0.981, Base Lr: 6.97e-04
2026-06-10 20:09:40 transreid.train INFO: Epoch[28] Iter[240/275] Loss: 0.233, Acc: 0.981, Base Lr: 6.97e-04
2026-06-10 20:09:44 transreid.train INFO: Epoch[28] Iter[260/275] Loss: 0.227, Acc: 0.982, Base Lr: 6.97e-04
2026-06-10 20:09:46 transreid.train INFO: Epoch 28 done. Time per epoch: 45.626[s] Speed: 382.9[samples/s]
2026-06-10 20:09:49 transreid.train INFO: Epoch[29] Iter[20/275] Loss: 0.308, Acc: 0.963, Base Lr: 6.90e-04
2026-06-10 20:09:53 transreid.train INFO: Epoch[29] Iter[40/275] Loss: 0.312, Acc: 0.963, Base Lr: 6.90e-04
2026-06-10 20:09:56 transreid.train INFO: Epoch[29] Iter[60/275] Loss: 0.297, Acc: 0.965, Base Lr: 6.90e-04
2026-06-10 20:09:59 transreid.train INFO: Epoch[29] Iter[80/275] Loss: 0.283, Acc: 0.969, Base Lr: 6.90e-04
2026-06-10 20:10:03 transreid.train INFO: Epoch[29] Iter[100/275] Loss: 0.268, Acc: 0.972, Base Lr: 6.90e-04
2026-06-10 20:10:06 transreid.train INFO: Epoch[29] Iter[120/275] Loss: 0.247, Acc: 0.977, Base Lr: 6.90e-04
2026-06-10 20:10:09 transreid.train INFO: Epoch[29] Iter[140/275] Loss: 0.242, Acc: 0.978, Base Lr: 6.90e-04
2026-06-10 20:10:13 transreid.train INFO: Epoch[29] Iter[160/275] Loss: 0.234, Acc: 0.979, Base Lr: 6.90e-04
2026-06-10 20:10:16 transreid.train INFO: Epoch[29] Iter[180/275] Loss: 0.225, Acc: 0.981, Base Lr: 6.90e-04
2026-06-10 20:10:19 transreid.train INFO: Epoch[29] Iter[200/275] Loss: 0.220, Acc: 0.981, Base Lr: 6.90e-04
2026-06-10 20:10:23 transreid.train INFO: Epoch[29] Iter[220/275] Loss: 0.214, Acc: 0.981, Base Lr: 6.90e-04
2026-06-10 20:10:26 transreid.train INFO: Epoch[29] Iter[240/275] Loss: 0.207, Acc: 0.983, Base Lr: 6.90e-04
2026-06-10 20:10:29 transreid.train INFO: Epoch[29] Iter[260/275] Loss: 0.201, Acc: 0.983, Base Lr: 6.90e-04
2026-06-10 20:10:32 transreid.train INFO: Epoch 29 done. Time per epoch: 45.635[s] Speed: 382.9[samples/s]
2026-06-10 20:10:35 transreid.train INFO: Epoch[30] Iter[20/275] Loss: 0.278, Acc: 0.966, Base Lr: 6.83e-04
2026-06-10 20:10:38 transreid.train INFO: Epoch[30] Iter[40/275] Loss: 0.287, Acc: 0.966, Base Lr: 6.83e-04
2026-06-10 20:10:42 transreid.train INFO: Epoch[30] Iter[60/275] Loss: 0.253, Acc: 0.973, Base Lr: 6.83e-04
2026-06-10 20:10:45 transreid.train INFO: Epoch[30] Iter[80/275] Loss: 0.246, Acc: 0.974, Base Lr: 6.83e-04
2026-06-10 20:10:48 transreid.train INFO: Epoch[30] Iter[100/275] Loss: 0.236, Acc: 0.977, Base Lr: 6.83e-04
2026-06-10 20:10:52 transreid.train INFO: Epoch[30] Iter[120/275] Loss: 0.227, Acc: 0.978, Base Lr: 6.83e-04
2026-06-10 20:10:55 transreid.train INFO: Epoch[30] Iter[140/275] Loss: 0.221, Acc: 0.979, Base Lr: 6.83e-04
2026-06-10 20:10:58 transreid.train INFO: Epoch[30] Iter[160/275] Loss: 0.211, Acc: 0.981, Base Lr: 6.83e-04
2026-06-10 20:11:02 transreid.train INFO: Epoch[30] Iter[180/275] Loss: 0.203, Acc: 0.983, Base Lr: 6.83e-04
2026-06-10 20:11:05 transreid.train INFO: Epoch[30] Iter[200/275] Loss: 0.196, Acc: 0.984, Base Lr: 6.83e-04
2026-06-10 20:11:08 transreid.train INFO: Epoch[30] Iter[220/275] Loss: 0.191, Acc: 0.985, Base Lr: 6.83e-04
2026-06-10 20:11:12 transreid.train INFO: Epoch[30] Iter[240/275] Loss: 0.186, Acc: 0.985, Base Lr: 6.83e-04
2026-06-10 20:11:15 transreid.train INFO: Epoch[30] Iter[260/275] Loss: 0.182, Acc: 0.986, Base Lr: 6.83e-04
2026-06-10 20:11:17 transreid.train INFO: Epoch 30 done. Time per epoch: 45.815[s] Speed: 382.8[samples/s]
2026-06-10 20:11:21 transreid.train INFO: Epoch[31] Iter[20/275] Loss: 0.338, Acc: 0.956, Base Lr: 6.76e-04
2026-06-10 20:11:24 transreid.train INFO: Epoch[31] Iter[40/275] Loss: 0.278, Acc: 0.967, Base Lr: 6.76e-04
2026-06-10 20:11:28 transreid.train INFO: Epoch[31] Iter[60/275] Loss: 0.259, Acc: 0.970, Base Lr: 6.76e-04
2026-06-10 20:11:31 transreid.train INFO: Epoch[31] Iter[80/275] Loss: 0.244, Acc: 0.976, Base Lr: 6.76e-04
2026-06-10 20:11:34 transreid.train INFO: Epoch[31] Iter[100/275] Loss: 0.232, Acc: 0.977, Base Lr: 6.76e-04
2026-06-10 20:11:38 transreid.train INFO: Epoch[31] Iter[120/275] Loss: 0.227, Acc: 0.979, Base Lr: 6.76e-04
2026-06-10 20:11:41 transreid.train INFO: Epoch[31] Iter[140/275] Loss: 0.213, Acc: 0.981, Base Lr: 6.76e-04
2026-06-10 20:11:44 transreid.train INFO: Epoch[31] Iter[160/275] Loss: 0.203, Acc: 0.983, Base Lr: 6.76e-04
2026-06-10 20:11:48 transreid.train INFO: Epoch[31] Iter[180/275] Loss: 0.195, Acc: 0.985, Base Lr: 6.76e-04
2026-06-10 20:11:51 transreid.train INFO: Epoch[31] Iter[200/275] Loss: 0.187, Acc: 0.986, Base Lr: 6.76e-04
2026-06-10 20:11:54 transreid.train INFO: Epoch[31] Iter[220/275] Loss: 0.181, Acc: 0.987, Base Lr: 6.76e-04
2026-06-10 20:11:58 transreid.train INFO: Epoch[31] Iter[240/275] Loss: 0.176, Acc: 0.988, Base Lr: 6.76e-04
2026-06-10 20:12:01 transreid.train INFO: Epoch[31] Iter[260/275] Loss: 0.172, Acc: 0.988, Base Lr: 6.76e-04
2026-06-10 20:12:03 transreid.train INFO: Epoch 31 done. Time per epoch: 45.813[s] Speed: 382.8[samples/s]
2026-06-10 20:12:07 transreid.train INFO: Epoch[32] Iter[20/275] Loss: 0.275, Acc: 0.973, Base Lr: 6.68e-04
2026-06-10 20:12:10 transreid.train INFO: Epoch[32] Iter[40/275] Loss: 0.250, Acc: 0.977, Base Lr: 6.68e-04
2026-06-10 20:12:13 transreid.train INFO: Epoch[32] Iter[60/275] Loss: 0.231, Acc: 0.981, Base Lr: 6.68e-04
2026-06-10 20:12:17 transreid.train INFO: Epoch[32] Iter[80/275] Loss: 0.213, Acc: 0.983, Base Lr: 6.68e-04
2026-06-10 20:12:20 transreid.train INFO: Epoch[32] Iter[100/275] Loss: 0.198, Acc: 0.985, Base Lr: 6.68e-04
2026-06-10 20:12:23 transreid.train INFO: Epoch[32] Iter[120/275] Loss: 0.187, Acc: 0.987, Base Lr: 6.68e-04
2026-06-10 20:12:27 transreid.train INFO: Epoch[32] Iter[140/275] Loss: 0.179, Acc: 0.987, Base Lr: 6.68e-04
2026-06-10 20:12:30 transreid.train INFO: Epoch[32] Iter[160/275] Loss: 0.171, Acc: 0.989, Base Lr: 6.68e-04
2026-06-10 20:12:33 transreid.train INFO: Epoch[32] Iter[180/275] Loss: 0.167, Acc: 0.989, Base Lr: 6.68e-04
2026-06-10 20:12:37 transreid.train INFO: Epoch[32] Iter[200/275] Loss: 0.163, Acc: 0.989, Base Lr: 6.68e-04
2026-06-10 20:12:40 transreid.train INFO: Epoch[32] Iter[220/275] Loss: 0.158, Acc: 0.990, Base Lr: 6.68e-04
2026-06-10 20:12:43 transreid.train INFO: Epoch[32] Iter[240/275] Loss: 0.155, Acc: 0.990, Base Lr: 6.68e-04
2026-06-10 20:12:47 transreid.train INFO: Epoch[32] Iter[260/275] Loss: 0.152, Acc: 0.991, Base Lr: 6.68e-04
2026-06-10 20:12:49 transreid.train INFO: Epoch 32 done. Time per epoch: 45.802[s] Speed: 382.9[samples/s]
2026-06-10 20:12:53 transreid.train INFO: Epoch[33] Iter[20/275] Loss: 0.229, Acc: 0.981, Base Lr: 6.60e-04
2026-06-10 20:12:56 transreid.train INFO: Epoch[33] Iter[40/275] Loss: 0.220, Acc: 0.983, Base Lr: 6.60e-04
2026-06-10 20:12:59 transreid.train INFO: Epoch[33] Iter[60/275] Loss: 0.204, Acc: 0.985, Base Lr: 6.60e-04
2026-06-10 20:13:02 transreid.train INFO: Epoch[33] Iter[80/275] Loss: 0.189, Acc: 0.987, Base Lr: 6.60e-04
2026-06-10 20:13:06 transreid.train INFO: Epoch[33] Iter[100/275] Loss: 0.183, Acc: 0.987, Base Lr: 6.60e-04
2026-06-10 20:13:09 transreid.train INFO: Epoch[33] Iter[120/275] Loss: 0.178, Acc: 0.988, Base Lr: 6.60e-04
2026-06-10 20:13:12 transreid.train INFO: Epoch[33] Iter[140/275] Loss: 0.167, Acc: 0.989, Base Lr: 6.60e-04
2026-06-10 20:13:16 transreid.train INFO: Epoch[33] Iter[160/275] Loss: 0.159, Acc: 0.990, Base Lr: 6.60e-04
2026-06-10 20:13:19 transreid.train INFO: Epoch[33] Iter[180/275] Loss: 0.154, Acc: 0.991, Base Lr: 6.60e-04
2026-06-10 20:13:22 transreid.train INFO: Epoch[33] Iter[200/275] Loss: 0.149, Acc: 0.992, Base Lr: 6.60e-04
2026-06-10 20:13:26 transreid.train INFO: Epoch[33] Iter[220/275] Loss: 0.145, Acc: 0.992, Base Lr: 6.60e-04
2026-06-10 20:13:29 transreid.train INFO: Epoch[33] Iter[240/275] Loss: 0.141, Acc: 0.993, Base Lr: 6.60e-04
2026-06-10 20:13:32 transreid.train INFO: Epoch[33] Iter[260/275] Loss: 0.139, Acc: 0.993, Base Lr: 6.60e-04
2026-06-10 20:13:35 transreid.train INFO: Epoch 33 done. Time per epoch: 45.639[s] Speed: 382.8[samples/s]
2026-06-10 20:13:38 transreid.train INFO: Epoch[34] Iter[20/275] Loss: 0.161, Acc: 0.992, Base Lr: 6.52e-04
2026-06-10 20:13:41 transreid.train INFO: Epoch[34] Iter[40/275] Loss: 0.174, Acc: 0.991, Base Lr: 6.52e-04
2026-06-10 20:13:45 transreid.train INFO: Epoch[34] Iter[60/275] Loss: 0.176, Acc: 0.988, Base Lr: 6.52e-04
2026-06-10 20:13:48 transreid.train INFO: Epoch[34] Iter[80/275] Loss: 0.165, Acc: 0.989, Base Lr: 6.52e-04
2026-06-10 20:13:51 transreid.train INFO: Epoch[34] Iter[100/275] Loss: 0.157, Acc: 0.991, Base Lr: 6.52e-04
2026-06-10 20:13:55 transreid.train INFO: Epoch[34] Iter[120/275] Loss: 0.155, Acc: 0.992, Base Lr: 6.52e-04
2026-06-10 20:13:58 transreid.train INFO: Epoch[34] Iter[140/275] Loss: 0.149, Acc: 0.993, Base Lr: 6.52e-04
2026-06-10 20:14:01 transreid.train INFO: Epoch[34] Iter[160/275] Loss: 0.148, Acc: 0.992, Base Lr: 6.52e-04
2026-06-10 20:14:05 transreid.train INFO: Epoch[34] Iter[180/275] Loss: 0.144, Acc: 0.993, Base Lr: 6.52e-04
2026-06-10 20:14:08 transreid.train INFO: Epoch[34] Iter[200/275] Loss: 0.140, Acc: 0.993, Base Lr: 6.52e-04
2026-06-10 20:14:11 transreid.train INFO: Epoch[34] Iter[220/275] Loss: 0.136, Acc: 0.993, Base Lr: 6.52e-04
2026-06-10 20:14:15 transreid.train INFO: Epoch[34] Iter[240/275] Loss: 0.132, Acc: 0.994, Base Lr: 6.52e-04
2026-06-10 20:14:18 transreid.train INFO: Epoch[34] Iter[260/275] Loss: 0.129, Acc: 0.994, Base Lr: 6.52e-04
2026-06-10 20:14:20 transreid.train INFO: Epoch 34 done. Time per epoch: 45.805[s] Speed: 382.8[samples/s]
2026-06-10 20:14:24 transreid.train INFO: Epoch[35] Iter[20/275] Loss: 0.215, Acc: 0.994, Base Lr: 6.44e-04
2026-06-10 20:14:27 transreid.train INFO: Epoch[35] Iter[40/275] Loss: 0.195, Acc: 0.991, Base Lr: 6.44e-04
2026-06-10 20:14:31 transreid.train INFO: Epoch[35] Iter[60/275] Loss: 0.175, Acc: 0.992, Base Lr: 6.44e-04
2026-06-10 20:14:34 transreid.train INFO: Epoch[35] Iter[80/275] Loss: 0.165, Acc: 0.992, Base Lr: 6.44e-04
2026-06-10 20:14:37 transreid.train INFO: Epoch[35] Iter[100/275] Loss: 0.157, Acc: 0.992, Base Lr: 6.44e-04
2026-06-10 20:14:41 transreid.train INFO: Epoch[35] Iter[120/275] Loss: 0.152, Acc: 0.992, Base Lr: 6.44e-04
2026-06-10 20:14:44 transreid.train INFO: Epoch[35] Iter[140/275] Loss: 0.145, Acc: 0.993, Base Lr: 6.44e-04
2026-06-10 20:14:47 transreid.train INFO: Epoch[35] Iter[160/275] Loss: 0.138, Acc: 0.993, Base Lr: 6.44e-04
2026-06-10 20:14:51 transreid.train INFO: Epoch[35] Iter[180/275] Loss: 0.134, Acc: 0.994, Base Lr: 6.44e-04
2026-06-10 20:14:54 transreid.train INFO: Epoch[35] Iter[200/275] Loss: 0.130, Acc: 0.994, Base Lr: 6.44e-04
2026-06-10 20:14:57 transreid.train INFO: Epoch[35] Iter[220/275] Loss: 0.126, Acc: 0.995, Base Lr: 6.44e-04
2026-06-10 20:15:01 transreid.train INFO: Epoch[35] Iter[240/275] Loss: 0.122, Acc: 0.995, Base Lr: 6.44e-04
2026-06-10 20:15:04 transreid.train INFO: Epoch[35] Iter[260/275] Loss: 0.119, Acc: 0.995, Base Lr: 6.44e-04
2026-06-10 20:15:06 transreid.train INFO: Epoch 35 done. Time per epoch: 45.831[s] Speed: 382.6[samples/s]
2026-06-10 20:15:10 transreid.train INFO: Epoch[36] Iter[20/275] Loss: 0.172, Acc: 0.989, Base Lr: 6.35e-04
2026-06-10 20:15:13 transreid.train INFO: Epoch[36] Iter[40/275] Loss: 0.158, Acc: 0.991, Base Lr: 6.35e-04
2026-06-10 20:15:16 transreid.train INFO: Epoch[36] Iter[60/275] Loss: 0.154, Acc: 0.993, Base Lr: 6.35e-04
2026-06-10 20:15:20 transreid.train INFO: Epoch[36] Iter[80/275] Loss: 0.146, Acc: 0.993, Base Lr: 6.35e-04
2026-06-10 20:15:23 transreid.train INFO: Epoch[36] Iter[100/275] Loss: 0.142, Acc: 0.993, Base Lr: 6.35e-04
2026-06-10 20:15:26 transreid.train INFO: Epoch[36] Iter[120/275] Loss: 0.138, Acc: 0.993, Base Lr: 6.35e-04
2026-06-10 20:15:30 transreid.train INFO: Epoch[36] Iter[140/275] Loss: 0.134, Acc: 0.993, Base Lr: 6.35e-04
2026-06-10 20:15:33 transreid.train INFO: Epoch[36] Iter[160/275] Loss: 0.130, Acc: 0.994, Base Lr: 6.35e-04
2026-06-10 20:15:36 transreid.train INFO: Epoch[36] Iter[180/275] Loss: 0.126, Acc: 0.994, Base Lr: 6.35e-04
2026-06-10 20:15:40 transreid.train INFO: Epoch[36] Iter[200/275] Loss: 0.123, Acc: 0.994, Base Lr: 6.35e-04
2026-06-10 20:15:43 transreid.train INFO: Epoch[36] Iter[220/275] Loss: 0.120, Acc: 0.994, Base Lr: 6.35e-04
2026-06-10 20:15:46 transreid.train INFO: Epoch[36] Iter[240/275] Loss: 0.118, Acc: 0.994, Base Lr: 6.35e-04
2026-06-10 20:15:50 transreid.train INFO: Epoch[36] Iter[260/275] Loss: 0.116, Acc: 0.994, Base Lr: 6.35e-04
2026-06-10 20:15:52 transreid.train INFO: Epoch 36 done. Time per epoch: 45.656[s] Speed: 382.7[samples/s]
2026-06-10 20:15:55 transreid.train INFO: Epoch[37] Iter[20/275] Loss: 0.176, Acc: 0.994, Base Lr: 6.27e-04
2026-06-10 20:15:59 transreid.train INFO: Epoch[37] Iter[40/275] Loss: 0.163, Acc: 0.993, Base Lr: 6.27e-04
2026-06-10 20:16:02 transreid.train INFO: Epoch[37] Iter[60/275] Loss: 0.151, Acc: 0.993, Base Lr: 6.27e-04
2026-06-10 20:16:05 transreid.train INFO: Epoch[37] Iter[80/275] Loss: 0.142, Acc: 0.994, Base Lr: 6.27e-04
2026-06-10 20:16:09 transreid.train INFO: Epoch[37] Iter[100/275] Loss: 0.141, Acc: 0.994, Base Lr: 6.27e-04
2026-06-10 20:16:12 transreid.train INFO: Epoch[37] Iter[120/275] Loss: 0.134, Acc: 0.995, Base Lr: 6.27e-04
2026-06-10 20:16:15 transreid.train INFO: Epoch[37] Iter[140/275] Loss: 0.128, Acc: 0.995, Base Lr: 6.27e-04
2026-06-10 20:16:19 transreid.train INFO: Epoch[37] Iter[160/275] Loss: 0.122, Acc: 0.995, Base Lr: 6.27e-04
2026-06-10 20:16:22 transreid.train INFO: Epoch[37] Iter[180/275] Loss: 0.119, Acc: 0.995, Base Lr: 6.27e-04
2026-06-10 20:16:25 transreid.train INFO: Epoch[37] Iter[200/275] Loss: 0.116, Acc: 0.995, Base Lr: 6.27e-04
2026-06-10 20:16:29 transreid.train INFO: Epoch[37] Iter[220/275] Loss: 0.113, Acc: 0.996, Base Lr: 6.27e-04
2026-06-10 20:16:32 transreid.train INFO: Epoch[37] Iter[240/275] Loss: 0.110, Acc: 0.996, Base Lr: 6.27e-04
2026-06-10 20:16:35 transreid.train INFO: Epoch[37] Iter[260/275] Loss: 0.108, Acc: 0.996, Base Lr: 6.27e-04
2026-06-10 20:16:38 transreid.train INFO: Epoch 37 done. Time per epoch: 45.638[s] Speed: 382.8[samples/s]
2026-06-10 20:16:41 transreid.train INFO: Epoch[38] Iter[20/275] Loss: 0.159, Acc: 0.992, Base Lr: 6.18e-04
2026-06-10 20:16:44 transreid.train INFO: Epoch[38] Iter[40/275] Loss: 0.139, Acc: 0.995, Base Lr: 6.18e-04
2026-06-10 20:16:48 transreid.train INFO: Epoch[38] Iter[60/275] Loss: 0.136, Acc: 0.994, Base Lr: 6.18e-04
2026-06-10 20:16:51 transreid.train INFO: Epoch[38] Iter[80/275] Loss: 0.138, Acc: 0.993, Base Lr: 6.18e-04
2026-06-10 20:16:54 transreid.train INFO: Epoch[38] Iter[100/275] Loss: 0.131, Acc: 0.993, Base Lr: 6.18e-04
2026-06-10 20:16:58 transreid.train INFO: Epoch[38] Iter[120/275] Loss: 0.125, Acc: 0.994, Base Lr: 6.18e-04
2026-06-10 20:17:01 transreid.train INFO: Epoch[38] Iter[140/275] Loss: 0.120, Acc: 0.994, Base Lr: 6.18e-04
2026-06-10 20:17:04 transreid.train INFO: Epoch[38] Iter[160/275] Loss: 0.116, Acc: 0.995, Base Lr: 6.18e-04
2026-06-10 20:17:08 transreid.train INFO: Epoch[38] Iter[180/275] Loss: 0.113, Acc: 0.995, Base Lr: 6.18e-04
2026-06-10 20:17:11 transreid.train INFO: Epoch[38] Iter[200/275] Loss: 0.109, Acc: 0.995, Base Lr: 6.18e-04
2026-06-10 20:17:14 transreid.train INFO: Epoch[38] Iter[220/275] Loss: 0.106, Acc: 0.995, Base Lr: 6.18e-04
2026-06-10 20:17:18 transreid.train INFO: Epoch[38] Iter[240/275] Loss: 0.103, Acc: 0.995, Base Lr: 6.18e-04
2026-06-10 20:17:21 transreid.train INFO: Epoch[38] Iter[260/275] Loss: 0.102, Acc: 0.995, Base Lr: 6.18e-04
2026-06-10 20:17:23 transreid.train INFO: Epoch 38 done. Time per epoch: 45.644[s] Speed: 382.8[samples/s]
2026-06-10 20:17:27 transreid.train INFO: Epoch[39] Iter[20/275] Loss: 0.128, Acc: 0.994, Base Lr: 6.09e-04
2026-06-10 20:17:30 transreid.train INFO: Epoch[39] Iter[40/275] Loss: 0.127, Acc: 0.995, Base Lr: 6.09e-04
2026-06-10 20:17:33 transreid.train INFO: Epoch[39] Iter[60/275] Loss: 0.124, Acc: 0.996, Base Lr: 6.09e-04
2026-06-10 20:17:37 transreid.train INFO: Epoch[39] Iter[80/275] Loss: 0.119, Acc: 0.997, Base Lr: 6.09e-04
2026-06-10 20:17:40 transreid.train INFO: Epoch[39] Iter[100/275] Loss: 0.113, Acc: 0.996, Base Lr: 6.09e-04
2026-06-10 20:17:43 transreid.train INFO: Epoch[39] Iter[120/275] Loss: 0.109, Acc: 0.997, Base Lr: 6.09e-04
2026-06-10 20:17:47 transreid.train INFO: Epoch[39] Iter[140/275] Loss: 0.105, Acc: 0.997, Base Lr: 6.09e-04
2026-06-10 20:17:50 transreid.train INFO: Epoch[39] Iter[160/275] Loss: 0.101, Acc: 0.997, Base Lr: 6.09e-04
2026-06-10 20:17:53 transreid.train INFO: Epoch[39] Iter[180/275] Loss: 0.097, Acc: 0.998, Base Lr: 6.09e-04
2026-06-10 20:17:57 transreid.train INFO: Epoch[39] Iter[200/275] Loss: 0.095, Acc: 0.998, Base Lr: 6.09e-04
2026-06-10 20:18:00 transreid.train INFO: Epoch[39] Iter[220/275] Loss: 0.092, Acc: 0.998, Base Lr: 6.09e-04
2026-06-10 20:18:03 transreid.train INFO: Epoch[39] Iter[240/275] Loss: 0.091, Acc: 0.998, Base Lr: 6.09e-04
2026-06-10 20:18:07 transreid.train INFO: Epoch[39] Iter[260/275] Loss: 0.090, Acc: 0.997, Base Lr: 6.09e-04
2026-06-10 20:18:09 transreid.train INFO: Epoch 39 done. Time per epoch: 45.697[s] Speed: 382.3[samples/s]
2026-06-10 20:18:12 transreid.train INFO: Epoch[40] Iter[20/275] Loss: 0.116, Acc: 0.996, Base Lr: 6.00e-04
2026-06-10 20:18:16 transreid.train INFO: Epoch[40] Iter[40/275] Loss: 0.117, Acc: 0.996, Base Lr: 6.00e-04
2026-06-10 20:18:19 transreid.train INFO: Epoch[40] Iter[60/275] Loss: 0.109, Acc: 0.996, Base Lr: 6.00e-04
2026-06-10 20:18:22 transreid.train INFO: Epoch[40] Iter[80/275] Loss: 0.105, Acc: 0.996, Base Lr: 6.00e-04
2026-06-10 20:18:26 transreid.train INFO: Epoch[40] Iter[100/275] Loss: 0.103, Acc: 0.996, Base Lr: 6.00e-04
2026-06-10 20:18:29 transreid.train INFO: Epoch[40] Iter[120/275] Loss: 0.100, Acc: 0.996, Base Lr: 6.00e-04
2026-06-10 20:18:32 transreid.train INFO: Epoch[40] Iter[140/275] Loss: 0.096, Acc: 0.997, Base Lr: 6.00e-04
2026-06-10 20:18:36 transreid.train INFO: Epoch[40] Iter[160/275] Loss: 0.094, Acc: 0.997, Base Lr: 6.00e-04
2026-06-10 20:18:39 transreid.train INFO: Epoch[40] Iter[180/275] Loss: 0.092, Acc: 0.997, Base Lr: 6.00e-04
2026-06-10 20:18:42 transreid.train INFO: Epoch[40] Iter[200/275] Loss: 0.090, Acc: 0.997, Base Lr: 6.00e-04
2026-06-10 20:18:46 transreid.train INFO: Epoch[40] Iter[220/275] Loss: 0.088, Acc: 0.997, Base Lr: 6.00e-04
2026-06-10 20:18:49 transreid.train INFO: Epoch[40] Iter[240/275] Loss: 0.087, Acc: 0.997, Base Lr: 6.00e-04
2026-06-10 20:18:52 transreid.train INFO: Epoch[40] Iter[260/275] Loss: 0.085, Acc: 0.997, Base Lr: 6.00e-04
2026-06-10 20:18:55 transreid.train INFO: Epoch 40 done. Time per epoch: 45.810[s] Speed: 382.8[samples/s]
The test feature is normalized
=> Computing DistMat with euclidean_distance
2026-06-10 20:19:17 transreid.train INFO: Validation Results - Epoch: 40
2026-06-10 20:19:17 transreid.train INFO: mAP: 77.2%
2026-06-10 20:19:17 transreid.train INFO: CMC curve, Rank-1  :85.6%
2026-06-10 20:19:17 transreid.train INFO: CMC curve, Rank-5  :93.5%
2026-06-10 20:19:17 transreid.train INFO: CMC curve, Rank-10 :96.3%
2026-06-10 20:19:21 transreid.train INFO: Epoch[41] Iter[20/275] Loss: 0.132, Acc: 0.989, Base Lr: 5.91e-04
2026-06-10 20:19:24 transreid.train INFO: Epoch[41] Iter[40/275] Loss: 0.123, Acc: 0.994, Base Lr: 5.91e-04
2026-06-10 20:19:27 transreid.train INFO: Epoch[41] Iter[60/275] Loss: 0.112, Acc: 0.995, Base Lr: 5.91e-04
2026-06-10 20:19:31 transreid.train INFO: Epoch[41] Iter[80/275] Loss: 0.102, Acc: 0.996, Base Lr: 5.91e-04
2026-06-10 20:19:34 transreid.train INFO: Epoch[41] Iter[100/275] Loss: 0.097, Acc: 0.996, Base Lr: 5.91e-04
2026-06-10 20:19:37 transreid.train INFO: Epoch[41] Iter[120/275] Loss: 0.095, Acc: 0.997, Base Lr: 5.91e-04
2026-06-10 20:19:40 transreid.train INFO: Epoch[41] Iter[140/275] Loss: 0.093, Acc: 0.997, Base Lr: 5.91e-04
2026-06-10 20:19:44 transreid.train INFO: Epoch[41] Iter[160/275] Loss: 0.089, Acc: 0.997, Base Lr: 5.91e-04
2026-06-10 20:19:47 transreid.train INFO: Epoch[41] Iter[180/275] Loss: 0.090, Acc: 0.997, Base Lr: 5.91e-04
2026-06-10 20:19:50 transreid.train INFO: Epoch[41] Iter[200/275] Loss: 0.089, Acc: 0.997, Base Lr: 5.91e-04
2026-06-10 20:19:54 transreid.train INFO: Epoch[41] Iter[220/275] Loss: 0.087, Acc: 0.997, Base Lr: 5.91e-04
2026-06-10 20:19:57 transreid.train INFO: Epoch[41] Iter[240/275] Loss: 0.084, Acc: 0.998, Base Lr: 5.91e-04
2026-06-10 20:20:00 transreid.train INFO: Epoch[41] Iter[260/275] Loss: 0.084, Acc: 0.997, Base Lr: 5.91e-04
2026-06-10 20:20:03 transreid.train INFO: Epoch 41 done. Time per epoch: 45.792[s] Speed: 383.0[samples/s]
2026-06-10 20:20:06 transreid.train INFO: Epoch[42] Iter[20/275] Loss: 0.106, Acc: 0.995, Base Lr: 5.82e-04
2026-06-10 20:20:10 transreid.train INFO: Epoch[42] Iter[40/275] Loss: 0.109, Acc: 0.996, Base Lr: 5.82e-04
2026-06-10 20:20:13 transreid.train INFO: Epoch[42] Iter[60/275] Loss: 0.102, Acc: 0.996, Base Lr: 5.82e-04
2026-06-10 20:20:16 transreid.train INFO: Epoch[42] Iter[80/275] Loss: 0.095, Acc: 0.997, Base Lr: 5.82e-04
2026-06-10 20:20:20 transreid.train INFO: Epoch[42] Iter[100/275] Loss: 0.093, Acc: 0.997, Base Lr: 5.82e-04
2026-06-10 20:20:23 transreid.train INFO: Epoch[42] Iter[120/275] Loss: 0.091, Acc: 0.997, Base Lr: 5.82e-04
2026-06-10 20:20:26 transreid.train INFO: Epoch[42] Iter[140/275] Loss: 0.089, Acc: 0.997, Base Lr: 5.82e-04
2026-06-10 20:20:30 transreid.train INFO: Epoch[42] Iter[160/275] Loss: 0.086, Acc: 0.997, Base Lr: 5.82e-04
2026-06-10 20:20:33 transreid.train INFO: Epoch[42] Iter[180/275] Loss: 0.084, Acc: 0.997, Base Lr: 5.82e-04
2026-06-10 20:20:36 transreid.train INFO: Epoch[42] Iter[200/275] Loss: 0.083, Acc: 0.997, Base Lr: 5.82e-04
2026-06-10 20:20:40 transreid.train INFO: Epoch[42] Iter[220/275] Loss: 0.081, Acc: 0.998, Base Lr: 5.82e-04
2026-06-10 20:20:43 transreid.train INFO: Epoch[42] Iter[240/275] Loss: 0.080, Acc: 0.997, Base Lr: 5.82e-04
2026-06-10 20:20:46 transreid.train INFO: Epoch[42] Iter[260/275] Loss: 0.078, Acc: 0.997, Base Lr: 5.82e-04
2026-06-10 20:20:49 transreid.train INFO: Epoch 42 done. Time per epoch: 45.789[s] Speed: 383.0[samples/s]
2026-06-10 20:20:52 transreid.train INFO: Epoch[43] Iter[20/275] Loss: 0.093, Acc: 0.998, Base Lr: 5.73e-04
2026-06-10 20:20:55 transreid.train INFO: Epoch[43] Iter[40/275] Loss: 0.090, Acc: 0.999, Base Lr: 5.73e-04
2026-06-10 20:20:59 transreid.train INFO: Epoch[43] Iter[60/275] Loss: 0.087, Acc: 0.999, Base Lr: 5.73e-04
2026-06-10 20:21:02 transreid.train INFO: Epoch[43] Iter[80/275] Loss: 0.085, Acc: 0.999, Base Lr: 5.73e-04
2026-06-10 20:21:05 transreid.train INFO: Epoch[43] Iter[100/275] Loss: 0.083, Acc: 0.999, Base Lr: 5.73e-04
2026-06-10 20:21:09 transreid.train INFO: Epoch[43] Iter[120/275] Loss: 0.081, Acc: 0.999, Base Lr: 5.73e-04
2026-06-10 20:21:12 transreid.train INFO: Epoch[43] Iter[140/275] Loss: 0.078, Acc: 0.999, Base Lr: 5.73e-04
2026-06-10 20:21:15 transreid.train INFO: Epoch[43] Iter[160/275] Loss: 0.076, Acc: 0.998, Base Lr: 5.73e-04
2026-06-10 20:21:19 transreid.train INFO: Epoch[43] Iter[180/275] Loss: 0.074, Acc: 0.998, Base Lr: 5.73e-04
2026-06-10 20:21:22 transreid.train INFO: Epoch[43] Iter[200/275] Loss: 0.073, Acc: 0.998, Base Lr: 5.73e-04
2026-06-10 20:21:25 transreid.train INFO: Epoch[43] Iter[220/275] Loss: 0.072, Acc: 0.998, Base Lr: 5.73e-04
2026-06-10 20:21:29 transreid.train INFO: Epoch[43] Iter[240/275] Loss: 0.071, Acc: 0.998, Base Lr: 5.73e-04
2026-06-10 20:21:32 transreid.train INFO: Epoch[43] Iter[260/275] Loss: 0.070, Acc: 0.998, Base Lr: 5.73e-04
2026-06-10 20:21:34 transreid.train INFO: Epoch 43 done. Time per epoch: 45.639[s] Speed: 382.8[samples/s]
2026-06-10 20:21:38 transreid.train INFO: Epoch[44] Iter[20/275] Loss: 0.101, Acc: 0.996, Base Lr: 5.63e-04
2026-06-10 20:21:41 transreid.train INFO: Epoch[44] Iter[40/275] Loss: 0.089, Acc: 0.997, Base Lr: 5.63e-04
2026-06-10 20:21:44 transreid.train INFO: Epoch[44] Iter[60/275] Loss: 0.085, Acc: 0.998, Base Lr: 5.63e-04
2026-06-10 20:21:48 transreid.train INFO: Epoch[44] Iter[80/275] Loss: 0.082, Acc: 0.998, Base Lr: 5.63e-04
2026-06-10 20:21:51 transreid.train INFO: Epoch[44] Iter[100/275] Loss: 0.079, Acc: 0.998, Base Lr: 5.63e-04
2026-06-10 20:21:54 transreid.train INFO: Epoch[44] Iter[120/275] Loss: 0.076, Acc: 0.998, Base Lr: 5.63e-04
2026-06-10 20:21:58 transreid.train INFO: Epoch[44] Iter[140/275] Loss: 0.073, Acc: 0.999, Base Lr: 5.63e-04
2026-06-10 20:22:01 transreid.train INFO: Epoch[44] Iter[160/275] Loss: 0.073, Acc: 0.998, Base Lr: 5.63e-04
2026-06-10 20:22:04 transreid.train INFO: Epoch[44] Iter[180/275] Loss: 0.072, Acc: 0.998, Base Lr: 5.63e-04
2026-06-10 20:22:08 transreid.train INFO: Epoch[44] Iter[200/275] Loss: 0.071, Acc: 0.998, Base Lr: 5.63e-04
2026-06-10 20:22:11 transreid.train INFO: Epoch[44] Iter[220/275] Loss: 0.069, Acc: 0.998, Base Lr: 5.63e-04
2026-06-10 20:22:14 transreid.train INFO: Epoch[44] Iter[240/275] Loss: 0.068, Acc: 0.998, Base Lr: 5.63e-04
2026-06-10 20:22:18 transreid.train INFO: Epoch[44] Iter[260/275] Loss: 0.067, Acc: 0.998, Base Lr: 5.63e-04
2026-06-10 20:22:20 transreid.train INFO: Epoch 44 done. Time per epoch: 45.627[s] Speed: 382.9[samples/s]
2026-06-10 20:22:23 transreid.train INFO: Epoch[45] Iter[20/275] Loss: 0.090, Acc: 0.995, Base Lr: 5.54e-04
2026-06-10 20:22:27 transreid.train INFO: Epoch[45] Iter[40/275] Loss: 0.089, Acc: 0.996, Base Lr: 5.54e-04
2026-06-10 20:22:30 transreid.train INFO: Epoch[45] Iter[60/275] Loss: 0.086, Acc: 0.996, Base Lr: 5.54e-04
2026-06-10 20:22:33 transreid.train INFO: Epoch[45] Iter[80/275] Loss: 0.082, Acc: 0.997, Base Lr: 5.54e-04
2026-06-10 20:22:37 transreid.train INFO: Epoch[45] Iter[100/275] Loss: 0.079, Acc: 0.997, Base Lr: 5.54e-04
2026-06-10 20:22:40 transreid.train INFO: Epoch[45] Iter[120/275] Loss: 0.076, Acc: 0.997, Base Lr: 5.54e-04
2026-06-10 20:22:43 transreid.train INFO: Epoch[45] Iter[140/275] Loss: 0.075, Acc: 0.997, Base Lr: 5.54e-04
2026-06-10 20:22:47 transreid.train INFO: Epoch[45] Iter[160/275] Loss: 0.073, Acc: 0.997, Base Lr: 5.54e-04
2026-06-10 20:22:50 transreid.train INFO: Epoch[45] Iter[180/275] Loss: 0.071, Acc: 0.997, Base Lr: 5.54e-04
2026-06-10 20:22:53 transreid.train INFO: Epoch[45] Iter[200/275] Loss: 0.069, Acc: 0.998, Base Lr: 5.54e-04
2026-06-10 20:22:57 transreid.train INFO: Epoch[45] Iter[220/275] Loss: 0.068, Acc: 0.998, Base Lr: 5.54e-04
2026-06-10 20:23:00 transreid.train INFO: Epoch[45] Iter[240/275] Loss: 0.067, Acc: 0.998, Base Lr: 5.54e-04
2026-06-10 20:23:03 transreid.train INFO: Epoch[45] Iter[260/275] Loss: 0.066, Acc: 0.998, Base Lr: 5.54e-04
2026-06-10 20:23:06 transreid.train INFO: Epoch 45 done. Time per epoch: 45.783[s] Speed: 383.0[samples/s]
2026-06-10 20:23:09 transreid.train INFO: Epoch[46] Iter[20/275] Loss: 0.094, Acc: 0.991, Base Lr: 5.44e-04
2026-06-10 20:23:12 transreid.train INFO: Epoch[46] Iter[40/275] Loss: 0.084, Acc: 0.995, Base Lr: 5.44e-04
2026-06-10 20:23:16 transreid.train INFO: Epoch[46] Iter[60/275] Loss: 0.079, Acc: 0.996, Base Lr: 5.44e-04
2026-06-10 20:23:19 transreid.train INFO: Epoch[46] Iter[80/275] Loss: 0.074, Acc: 0.997, Base Lr: 5.44e-04
2026-06-10 20:23:22 transreid.train INFO: Epoch[46] Iter[100/275] Loss: 0.072, Acc: 0.997, Base Lr: 5.44e-04
2026-06-10 20:23:26 transreid.train INFO: Epoch[46] Iter[120/275] Loss: 0.071, Acc: 0.997, Base Lr: 5.44e-04
2026-06-10 20:23:29 transreid.train INFO: Epoch[46] Iter[140/275] Loss: 0.068, Acc: 0.997, Base Lr: 5.44e-04
2026-06-10 20:23:32 transreid.train INFO: Epoch[46] Iter[160/275] Loss: 0.067, Acc: 0.998, Base Lr: 5.44e-04
2026-06-10 20:23:36 transreid.train INFO: Epoch[46] Iter[180/275] Loss: 0.066, Acc: 0.998, Base Lr: 5.44e-04
2026-06-10 20:23:39 transreid.train INFO: Epoch[46] Iter[200/275] Loss: 0.065, Acc: 0.997, Base Lr: 5.44e-04
2026-06-10 20:23:42 transreid.train INFO: Epoch[46] Iter[220/275] Loss: 0.064, Acc: 0.998, Base Lr: 5.44e-04
2026-06-10 20:23:46 transreid.train INFO: Epoch[46] Iter[240/275] Loss: 0.063, Acc: 0.998, Base Lr: 5.44e-04
2026-06-10 20:23:49 transreid.train INFO: Epoch[46] Iter[260/275] Loss: 0.062, Acc: 0.998, Base Lr: 5.44e-04
2026-06-10 20:23:51 transreid.train INFO: Epoch 46 done. Time per epoch: 45.612[s] Speed: 383.1[samples/s]
2026-06-10 20:23:55 transreid.train INFO: Epoch[47] Iter[20/275] Loss: 0.082, Acc: 0.995, Base Lr: 5.34e-04
2026-06-10 20:23:58 transreid.train INFO: Epoch[47] Iter[40/275] Loss: 0.074, Acc: 0.997, Base Lr: 5.34e-04
2026-06-10 20:24:01 transreid.train INFO: Epoch[47] Iter[60/275] Loss: 0.073, Acc: 0.998, Base Lr: 5.34e-04
2026-06-10 20:24:05 transreid.train INFO: Epoch[47] Iter[80/275] Loss: 0.070, Acc: 0.998, Base Lr: 5.34e-04
2026-06-10 20:24:08 transreid.train INFO: Epoch[47] Iter[100/275] Loss: 0.070, Acc: 0.998, Base Lr: 5.34e-04
2026-06-10 20:24:11 transreid.train INFO: Epoch[47] Iter[120/275] Loss: 0.070, Acc: 0.998, Base Lr: 5.34e-04
2026-06-10 20:24:15 transreid.train INFO: Epoch[47] Iter[140/275] Loss: 0.068, Acc: 0.998, Base Lr: 5.34e-04
2026-06-10 20:24:18 transreid.train INFO: Epoch[47] Iter[160/275] Loss: 0.068, Acc: 0.998, Base Lr: 5.34e-04
2026-06-10 20:24:21 transreid.train INFO: Epoch[47] Iter[180/275] Loss: 0.068, Acc: 0.998, Base Lr: 5.34e-04
2026-06-10 20:24:25 transreid.train INFO: Epoch[47] Iter[200/275] Loss: 0.066, Acc: 0.998, Base Lr: 5.34e-04
2026-06-10 20:24:28 transreid.train INFO: Epoch[47] Iter[220/275] Loss: 0.065, Acc: 0.998, Base Lr: 5.34e-04
2026-06-10 20:24:31 transreid.train INFO: Epoch[47] Iter[240/275] Loss: 0.064, Acc: 0.998, Base Lr: 5.34e-04
2026-06-10 20:24:35 transreid.train INFO: Epoch[47] Iter[260/275] Loss: 0.063, Acc: 0.998, Base Lr: 5.34e-04
2026-06-10 20:24:37 transreid.train INFO: Epoch 47 done. Time per epoch: 45.808[s] Speed: 382.8[samples/s]
2026-06-10 20:24:41 transreid.train INFO: Epoch[48] Iter[20/275] Loss: 0.074, Acc: 0.999, Base Lr: 5.24e-04
2026-06-10 20:24:44 transreid.train INFO: Epoch[48] Iter[40/275] Loss: 0.073, Acc: 0.999, Base Lr: 5.24e-04
2026-06-10 20:24:47 transreid.train INFO: Epoch[48] Iter[60/275] Loss: 0.073, Acc: 0.998, Base Lr: 5.24e-04
2026-06-10 20:24:51 transreid.train INFO: Epoch[48] Iter[80/275] Loss: 0.073, Acc: 0.998, Base Lr: 5.24e-04
2026-06-10 20:24:54 transreid.train INFO: Epoch[48] Iter[100/275] Loss: 0.071, Acc: 0.998, Base Lr: 5.24e-04
2026-06-10 20:24:57 transreid.train INFO: Epoch[48] Iter[120/275] Loss: 0.068, Acc: 0.999, Base Lr: 5.24e-04
2026-06-10 20:25:01 transreid.train INFO: Epoch[48] Iter[140/275] Loss: 0.067, Acc: 0.998, Base Lr: 5.24e-04
2026-06-10 20:25:04 transreid.train INFO: Epoch[48] Iter[160/275] Loss: 0.067, Acc: 0.998, Base Lr: 5.24e-04
2026-06-10 20:25:07 transreid.train INFO: Epoch[48] Iter[180/275] Loss: 0.066, Acc: 0.998, Base Lr: 5.24e-04
2026-06-10 20:25:11 transreid.train INFO: Epoch[48] Iter[200/275] Loss: 0.065, Acc: 0.998, Base Lr: 5.24e-04
2026-06-10 20:25:14 transreid.train INFO: Epoch[48] Iter[220/275] Loss: 0.064, Acc: 0.998, Base Lr: 5.24e-04
2026-06-10 20:25:17 transreid.train INFO: Epoch[48] Iter[240/275] Loss: 0.063, Acc: 0.998, Base Lr: 5.24e-04
2026-06-10 20:25:20 transreid.train INFO: Epoch[48] Iter[260/275] Loss: 0.062, Acc: 0.998, Base Lr: 5.24e-04
2026-06-10 20:25:23 transreid.train INFO: Epoch 48 done. Time per epoch: 45.778[s] Speed: 383.1[samples/s]
2026-06-10 20:25:26 transreid.train INFO: Epoch[49] Iter[20/275] Loss: 0.085, Acc: 0.996, Base Lr: 5.14e-04
2026-06-10 20:25:30 transreid.train INFO: Epoch[49] Iter[40/275] Loss: 0.079, Acc: 0.998, Base Lr: 5.14e-04
2026-06-10 20:25:33 transreid.train INFO: Epoch[49] Iter[60/275] Loss: 0.075, Acc: 0.998, Base Lr: 5.14e-04
2026-06-10 20:25:36 transreid.train INFO: Epoch[49] Iter[80/275] Loss: 0.071, Acc: 0.998, Base Lr: 5.14e-04
2026-06-10 20:25:40 transreid.train INFO: Epoch[49] Iter[100/275] Loss: 0.068, Acc: 0.998, Base Lr: 5.14e-04
2026-06-10 20:25:43 transreid.train INFO: Epoch[49] Iter[120/275] Loss: 0.066, Acc: 0.998, Base Lr: 5.14e-04
2026-06-10 20:25:46 transreid.train INFO: Epoch[49] Iter[140/275] Loss: 0.065, Acc: 0.998, Base Lr: 5.14e-04
2026-06-10 20:25:50 transreid.train INFO: Epoch[49] Iter[160/275] Loss: 0.064, Acc: 0.998, Base Lr: 5.14e-04
2026-06-10 20:25:53 transreid.train INFO: Epoch[49] Iter[180/275] Loss: 0.063, Acc: 0.998, Base Lr: 5.14e-04
2026-06-10 20:25:56 transreid.train INFO: Epoch[49] Iter[200/275] Loss: 0.063, Acc: 0.998, Base Lr: 5.14e-04
2026-06-10 20:26:00 transreid.train INFO: Epoch[49] Iter[220/275] Loss: 0.062, Acc: 0.998, Base Lr: 5.14e-04
2026-06-10 20:26:03 transreid.train INFO: Epoch[49] Iter[240/275] Loss: 0.061, Acc: 0.998, Base Lr: 5.14e-04
2026-06-10 20:26:06 transreid.train INFO: Epoch[49] Iter[260/275] Loss: 0.060, Acc: 0.998, Base Lr: 5.14e-04
2026-06-10 20:26:09 transreid.train INFO: Epoch 49 done. Time per epoch: 45.783[s] Speed: 383.0[samples/s]
2026-06-10 20:26:12 transreid.train INFO: Epoch[50] Iter[20/275] Loss: 0.072, Acc: 0.999, Base Lr: 5.04e-04
2026-06-10 20:26:15 transreid.train INFO: Epoch[50] Iter[40/275] Loss: 0.069, Acc: 0.998, Base Lr: 5.04e-04
2026-06-10 20:26:19 transreid.train INFO: Epoch[50] Iter[60/275] Loss: 0.071, Acc: 0.998, Base Lr: 5.04e-04
2026-06-10 20:26:22 transreid.train INFO: Epoch[50] Iter[80/275] Loss: 0.069, Acc: 0.998, Base Lr: 5.04e-04
2026-06-10 20:26:25 transreid.train INFO: Epoch[50] Iter[100/275] Loss: 0.065, Acc: 0.999, Base Lr: 5.04e-04
2026-06-10 20:26:29 transreid.train INFO: Epoch[50] Iter[120/275] Loss: 0.064, Acc: 0.998, Base Lr: 5.04e-04
2026-06-10 20:26:32 transreid.train INFO: Epoch[50] Iter[140/275] Loss: 0.062, Acc: 0.998, Base Lr: 5.04e-04
2026-06-10 20:26:35 transreid.train INFO: Epoch[50] Iter[160/275] Loss: 0.061, Acc: 0.999, Base Lr: 5.04e-04
2026-06-10 20:26:39 transreid.train INFO: Epoch[50] Iter[180/275] Loss: 0.059, Acc: 0.999, Base Lr: 5.04e-04
2026-06-10 20:26:42 transreid.train INFO: Epoch[50] Iter[200/275] Loss: 0.059, Acc: 0.999, Base Lr: 5.04e-04
2026-06-10 20:26:45 transreid.train INFO: Epoch[50] Iter[220/275] Loss: 0.058, Acc: 0.999, Base Lr: 5.04e-04
2026-06-10 20:26:49 transreid.train INFO: Epoch[50] Iter[240/275] Loss: 0.057, Acc: 0.999, Base Lr: 5.04e-04
2026-06-10 20:26:52 transreid.train INFO: Epoch[50] Iter[260/275] Loss: 0.057, Acc: 0.998, Base Lr: 5.04e-04
2026-06-10 20:26:54 transreid.train INFO: Epoch 50 done. Time per epoch: 45.608[s] Speed: 383.1[samples/s]
2026-06-10 20:26:58 transreid.train INFO: Epoch[51] Iter[20/275] Loss: 0.071, Acc: 1.000, Base Lr: 4.94e-04
2026-06-10 20:27:01 transreid.train INFO: Epoch[51] Iter[40/275] Loss: 0.066, Acc: 0.998, Base Lr: 4.94e-04
2026-06-10 20:27:04 transreid.train INFO: Epoch[51] Iter[60/275] Loss: 0.062, Acc: 0.999, Base Lr: 4.94e-04
2026-06-10 20:27:08 transreid.train INFO: Epoch[51] Iter[80/275] Loss: 0.062, Acc: 0.999, Base Lr: 4.94e-04
2026-06-10 20:27:11 transreid.train INFO: Epoch[51] Iter[100/275] Loss: 0.063, Acc: 0.999, Base Lr: 4.94e-04
2026-06-10 20:27:14 transreid.train INFO: Epoch[51] Iter[120/275] Loss: 0.061, Acc: 0.999, Base Lr: 4.94e-04
2026-06-10 20:27:18 transreid.train INFO: Epoch[51] Iter[140/275] Loss: 0.060, Acc: 0.999, Base Lr: 4.94e-04
2026-06-10 20:27:21 transreid.train INFO: Epoch[51] Iter[160/275] Loss: 0.059, Acc: 0.999, Base Lr: 4.94e-04
2026-06-10 20:27:24 transreid.train INFO: Epoch[51] Iter[180/275] Loss: 0.059, Acc: 0.999, Base Lr: 4.94e-04
2026-06-10 20:27:28 transreid.train INFO: Epoch[51] Iter[200/275] Loss: 0.058, Acc: 0.999, Base Lr: 4.94e-04
2026-06-10 20:27:31 transreid.train INFO: Epoch[51] Iter[220/275] Loss: 0.057, Acc: 0.999, Base Lr: 4.94e-04
2026-06-10 20:27:34 transreid.train INFO: Epoch[51] Iter[240/275] Loss: 0.057, Acc: 0.999, Base Lr: 4.94e-04
2026-06-10 20:27:38 transreid.train INFO: Epoch[51] Iter[260/275] Loss: 0.056, Acc: 0.998, Base Lr: 4.94e-04
2026-06-10 20:27:40 transreid.train INFO: Epoch 51 done. Time per epoch: 45.634[s] Speed: 382.9[samples/s]
2026-06-10 20:27:43 transreid.train INFO: Epoch[52] Iter[20/275] Loss: 0.065, Acc: 0.999, Base Lr: 4.84e-04
2026-06-10 20:27:47 transreid.train INFO: Epoch[52] Iter[40/275] Loss: 0.064, Acc: 0.998, Base Lr: 4.84e-04
2026-06-10 20:27:50 transreid.train INFO: Epoch[52] Iter[60/275] Loss: 0.066, Acc: 0.998, Base Lr: 4.84e-04
2026-06-10 20:27:53 transreid.train INFO: Epoch[52] Iter[80/275] Loss: 0.064, Acc: 0.999, Base Lr: 4.84e-04
2026-06-10 20:27:57 transreid.train INFO: Epoch[52] Iter[100/275] Loss: 0.062, Acc: 0.999, Base Lr: 4.84e-04
2026-06-10 20:28:00 transreid.train INFO: Epoch[52] Iter[120/275] Loss: 0.059, Acc: 0.999, Base Lr: 4.84e-04
2026-06-10 20:28:03 transreid.train INFO: Epoch[52] Iter[140/275] Loss: 0.058, Acc: 0.999, Base Lr: 4.84e-04
2026-06-10 20:28:07 transreid.train INFO: Epoch[52] Iter[160/275] Loss: 0.057, Acc: 0.999, Base Lr: 4.84e-04
2026-06-10 20:28:10 transreid.train INFO: Epoch[52] Iter[180/275] Loss: 0.056, Acc: 0.999, Base Lr: 4.84e-04
2026-06-10 20:28:13 transreid.train INFO: Epoch[52] Iter[200/275] Loss: 0.055, Acc: 0.999, Base Lr: 4.84e-04
2026-06-10 20:28:17 transreid.train INFO: Epoch[52] Iter[220/275] Loss: 0.055, Acc: 0.999, Base Lr: 4.84e-04
2026-06-10 20:28:20 transreid.train INFO: Epoch[52] Iter[240/275] Loss: 0.055, Acc: 0.999, Base Lr: 4.84e-04
2026-06-10 20:28:23 transreid.train INFO: Epoch[52] Iter[260/275] Loss: 0.054, Acc: 0.999, Base Lr: 4.84e-04
2026-06-10 20:28:26 transreid.train INFO: Epoch 52 done. Time per epoch: 45.758[s] Speed: 383.2[samples/s]
2026-06-10 20:28:29 transreid.train INFO: Epoch[53] Iter[20/275] Loss: 0.059, Acc: 0.999, Base Lr: 4.74e-04
2026-06-10 20:28:32 transreid.train INFO: Epoch[53] Iter[40/275] Loss: 0.062, Acc: 0.999, Base Lr: 4.74e-04
2026-06-10 20:28:36 transreid.train INFO: Epoch[53] Iter[60/275] Loss: 0.062, Acc: 0.998, Base Lr: 4.74e-04
2026-06-10 20:28:39 transreid.train INFO: Epoch[53] Iter[80/275] Loss: 0.058, Acc: 0.998, Base Lr: 4.74e-04
2026-06-10 20:28:42 transreid.train INFO: Epoch[53] Iter[100/275] Loss: 0.059, Acc: 0.998, Base Lr: 4.74e-04
2026-06-10 20:28:46 transreid.train INFO: Epoch[53] Iter[120/275] Loss: 0.056, Acc: 0.998, Base Lr: 4.74e-04
2026-06-10 20:28:49 transreid.train INFO: Epoch[53] Iter[140/275] Loss: 0.055, Acc: 0.999, Base Lr: 4.74e-04
2026-06-10 20:28:52 transreid.train INFO: Epoch[53] Iter[160/275] Loss: 0.054, Acc: 0.999, Base Lr: 4.74e-04
2026-06-10 20:28:56 transreid.train INFO: Epoch[53] Iter[180/275] Loss: 0.053, Acc: 0.999, Base Lr: 4.74e-04
2026-06-10 20:28:59 transreid.train INFO: Epoch[53] Iter[200/275] Loss: 0.052, Acc: 0.999, Base Lr: 4.74e-04
2026-06-10 20:29:02 transreid.train INFO: Epoch[53] Iter[220/275] Loss: 0.051, Acc: 0.999, Base Lr: 4.74e-04
2026-06-10 20:29:06 transreid.train INFO: Epoch[53] Iter[240/275] Loss: 0.051, Acc: 0.999, Base Lr: 4.74e-04
2026-06-10 20:29:09 transreid.train INFO: Epoch[53] Iter[260/275] Loss: 0.050, Acc: 0.999, Base Lr: 4.74e-04
2026-06-10 20:29:11 transreid.train INFO: Epoch 53 done. Time per epoch: 45.802[s] Speed: 382.9[samples/s]
2026-06-10 20:29:15 transreid.train INFO: Epoch[54] Iter[20/275] Loss: 0.066, Acc: 1.000, Base Lr: 4.63e-04
2026-06-10 20:29:18 transreid.train INFO: Epoch[54] Iter[40/275] Loss: 0.065, Acc: 1.000, Base Lr: 4.63e-04
2026-06-10 20:29:22 transreid.train INFO: Epoch[54] Iter[60/275] Loss: 0.064, Acc: 0.998, Base Lr: 4.63e-04
2026-06-10 20:29:25 transreid.train INFO: Epoch[54] Iter[80/275] Loss: 0.061, Acc: 0.998, Base Lr: 4.63e-04
2026-06-10 20:29:28 transreid.train INFO: Epoch[54] Iter[100/275] Loss: 0.060, Acc: 0.999, Base Lr: 4.63e-04
2026-06-10 20:29:32 transreid.train INFO: Epoch[54] Iter[120/275] Loss: 0.058, Acc: 0.998, Base Lr: 4.63e-04
2026-06-10 20:29:35 transreid.train INFO: Epoch[54] Iter[140/275] Loss: 0.056, Acc: 0.998, Base Lr: 4.63e-04
2026-06-10 20:29:38 transreid.train INFO: Epoch[54] Iter[160/275] Loss: 0.055, Acc: 0.998, Base Lr: 4.63e-04
2026-06-10 20:29:42 transreid.train INFO: Epoch[54] Iter[180/275] Loss: 0.054, Acc: 0.998, Base Lr: 4.63e-04
2026-06-10 20:29:45 transreid.train INFO: Epoch[54] Iter[200/275] Loss: 0.053, Acc: 0.999, Base Lr: 4.63e-04
2026-06-10 20:29:48 transreid.train INFO: Epoch[54] Iter[220/275] Loss: 0.052, Acc: 0.999, Base Lr: 4.63e-04
2026-06-10 20:29:52 transreid.train INFO: Epoch[54] Iter[240/275] Loss: 0.051, Acc: 0.999, Base Lr: 4.63e-04
2026-06-10 20:29:55 transreid.train INFO: Epoch[54] Iter[260/275] Loss: 0.050, Acc: 0.999, Base Lr: 4.63e-04
2026-06-10 20:29:57 transreid.train INFO: Epoch 54 done. Time per epoch: 45.800[s] Speed: 382.9[samples/s]
2026-06-10 20:30:01 transreid.train INFO: Epoch[55] Iter[20/275] Loss: 0.064, Acc: 0.999, Base Lr: 4.53e-04
2026-06-10 20:30:04 transreid.train INFO: Epoch[55] Iter[40/275] Loss: 0.062, Acc: 0.998, Base Lr: 4.53e-04
2026-06-10 20:30:07 transreid.train INFO: Epoch[55] Iter[60/275] Loss: 0.058, Acc: 0.999, Base Lr: 4.53e-04
2026-06-10 20:30:11 transreid.train INFO: Epoch[55] Iter[80/275] Loss: 0.057, Acc: 0.999, Base Lr: 4.53e-04
2026-06-10 20:30:14 transreid.train INFO: Epoch[55] Iter[100/275] Loss: 0.054, Acc: 0.999, Base Lr: 4.53e-04
2026-06-10 20:30:17 transreid.train INFO: Epoch[55] Iter[120/275] Loss: 0.052, Acc: 0.999, Base Lr: 4.53e-04
2026-06-10 20:30:21 transreid.train INFO: Epoch[55] Iter[140/275] Loss: 0.051, Acc: 0.999, Base Lr: 4.53e-04
2026-06-10 20:30:24 transreid.train INFO: Epoch[55] Iter[160/275] Loss: 0.049, Acc: 0.999, Base Lr: 4.53e-04
2026-06-10 20:30:27 transreid.train INFO: Epoch[55] Iter[180/275] Loss: 0.049, Acc: 0.999, Base Lr: 4.53e-04
2026-06-10 20:30:31 transreid.train INFO: Epoch[55] Iter[200/275] Loss: 0.048, Acc: 0.999, Base Lr: 4.53e-04
2026-06-10 20:30:34 transreid.train INFO: Epoch[55] Iter[220/275] Loss: 0.049, Acc: 0.999, Base Lr: 4.53e-04
2026-06-10 20:30:37 transreid.train INFO: Epoch[55] Iter[240/275] Loss: 0.048, Acc: 0.999, Base Lr: 4.53e-04
2026-06-10 20:30:41 transreid.train INFO: Epoch[55] Iter[260/275] Loss: 0.048, Acc: 0.999, Base Lr: 4.53e-04
2026-06-10 20:30:43 transreid.train INFO: Epoch 55 done. Time per epoch: 45.630[s] Speed: 382.9[samples/s]
2026-06-10 20:30:46 transreid.train INFO: Epoch[56] Iter[20/275] Loss: 0.052, Acc: 1.000, Base Lr: 4.43e-04
2026-06-10 20:30:50 transreid.train INFO: Epoch[56] Iter[40/275] Loss: 0.055, Acc: 1.000, Base Lr: 4.43e-04
2026-06-10 20:30:53 transreid.train INFO: Epoch[56] Iter[60/275] Loss: 0.055, Acc: 0.999, Base Lr: 4.43e-04
2026-06-10 20:30:56 transreid.train INFO: Epoch[56] Iter[80/275] Loss: 0.054, Acc: 0.998, Base Lr: 4.43e-04
2026-06-10 20:31:00 transreid.train INFO: Epoch[56] Iter[100/275] Loss: 0.053, Acc: 0.999, Base Lr: 4.43e-04
2026-06-10 20:31:03 transreid.train INFO: Epoch[56] Iter[120/275] Loss: 0.051, Acc: 0.999, Base Lr: 4.43e-04
2026-06-10 20:31:06 transreid.train INFO: Epoch[56] Iter[140/275] Loss: 0.050, Acc: 0.999, Base Lr: 4.43e-04
2026-06-10 20:31:10 transreid.train INFO: Epoch[56] Iter[160/275] Loss: 0.049, Acc: 0.999, Base Lr: 4.43e-04
2026-06-10 20:31:13 transreid.train INFO: Epoch[56] Iter[180/275] Loss: 0.048, Acc: 0.999, Base Lr: 4.43e-04
2026-06-10 20:31:16 transreid.train INFO: Epoch[56] Iter[200/275] Loss: 0.048, Acc: 0.999, Base Lr: 4.43e-04
2026-06-10 20:31:20 transreid.train INFO: Epoch[56] Iter[220/275] Loss: 0.047, Acc: 0.999, Base Lr: 4.43e-04
2026-06-10 20:31:23 transreid.train INFO: Epoch[56] Iter[240/275] Loss: 0.046, Acc: 0.999, Base Lr: 4.43e-04
2026-06-10 20:31:26 transreid.train INFO: Epoch[56] Iter[260/275] Loss: 0.046, Acc: 0.998, Base Lr: 4.43e-04
2026-06-10 20:31:28 transreid.train INFO: Epoch 56 done. Time per epoch: 45.621[s] Speed: 383.0[samples/s]
2026-06-10 20:31:32 transreid.train INFO: Epoch[57] Iter[20/275] Loss: 0.062, Acc: 0.998, Base Lr: 4.32e-04
2026-06-10 20:31:35 transreid.train INFO: Epoch[57] Iter[40/275] Loss: 0.059, Acc: 0.999, Base Lr: 4.32e-04
2026-06-10 20:31:39 transreid.train INFO: Epoch[57] Iter[60/275] Loss: 0.056, Acc: 0.999, Base Lr: 4.32e-04
2026-06-10 20:31:42 transreid.train INFO: Epoch[57] Iter[80/275] Loss: 0.054, Acc: 0.999, Base Lr: 4.32e-04
2026-06-10 20:31:45 transreid.train INFO: Epoch[57] Iter[100/275] Loss: 0.052, Acc: 0.999, Base Lr: 4.32e-04
2026-06-10 20:31:49 transreid.train INFO: Epoch[57] Iter[120/275] Loss: 0.051, Acc: 0.999, Base Lr: 4.32e-04
2026-06-10 20:31:52 transreid.train INFO: Epoch[57] Iter[140/275] Loss: 0.049, Acc: 1.000, Base Lr: 4.32e-04
2026-06-10 20:31:55 transreid.train INFO: Epoch[57] Iter[160/275] Loss: 0.048, Acc: 1.000, Base Lr: 4.32e-04
2026-06-10 20:31:59 transreid.train INFO: Epoch[57] Iter[180/275] Loss: 0.047, Acc: 1.000, Base Lr: 4.32e-04
2026-06-10 20:32:02 transreid.train INFO: Epoch[57] Iter[200/275] Loss: 0.046, Acc: 1.000, Base Lr: 4.32e-04
2026-06-10 20:32:05 transreid.train INFO: Epoch[57] Iter[220/275] Loss: 0.046, Acc: 0.999, Base Lr: 4.32e-04
2026-06-10 20:32:09 transreid.train INFO: Epoch[57] Iter[240/275] Loss: 0.045, Acc: 0.999, Base Lr: 4.32e-04
2026-06-10 20:32:12 transreid.train INFO: Epoch[57] Iter[260/275] Loss: 0.045, Acc: 0.999, Base Lr: 4.32e-04
2026-06-10 20:32:14 transreid.train INFO: Epoch 57 done. Time per epoch: 45.790[s] Speed: 383.0[samples/s]
2026-06-10 20:32:18 transreid.train INFO: Epoch[58] Iter[20/275] Loss: 0.059, Acc: 0.999, Base Lr: 4.22e-04
2026-06-10 20:32:21 transreid.train INFO: Epoch[58] Iter[40/275] Loss: 0.057, Acc: 0.998, Base Lr: 4.22e-04
2026-06-10 20:32:24 transreid.train INFO: Epoch[58] Iter[60/275] Loss: 0.054, Acc: 0.997, Base Lr: 4.22e-04
2026-06-10 20:32:28 transreid.train INFO: Epoch[58] Iter[80/275] Loss: 0.052, Acc: 0.998, Base Lr: 4.22e-04
2026-06-10 20:32:31 transreid.train INFO: Epoch[58] Iter[100/275] Loss: 0.050, Acc: 0.998, Base Lr: 4.22e-04
2026-06-10 20:32:34 transreid.train INFO: Epoch[58] Iter[120/275] Loss: 0.049, Acc: 0.998, Base Lr: 4.22e-04
2026-06-10 20:32:38 transreid.train INFO: Epoch[58] Iter[140/275] Loss: 0.048, Acc: 0.999, Base Lr: 4.22e-04
2026-06-10 20:32:41 transreid.train INFO: Epoch[58] Iter[160/275] Loss: 0.048, Acc: 0.999, Base Lr: 4.22e-04
2026-06-10 20:32:44 transreid.train INFO: Epoch[58] Iter[180/275] Loss: 0.047, Acc: 0.998, Base Lr: 4.22e-04
2026-06-10 20:32:48 transreid.train INFO: Epoch[58] Iter[200/275] Loss: 0.046, Acc: 0.999, Base Lr: 4.22e-04
2026-06-10 20:32:51 transreid.train INFO: Epoch[58] Iter[220/275] Loss: 0.046, Acc: 0.999, Base Lr: 4.22e-04
2026-06-10 20:32:54 transreid.train INFO: Epoch[58] Iter[240/275] Loss: 0.045, Acc: 0.999, Base Lr: 4.22e-04
2026-06-10 20:32:58 transreid.train INFO: Epoch[58] Iter[260/275] Loss: 0.045, Acc: 0.998, Base Lr: 4.22e-04
2026-06-10 20:33:00 transreid.train INFO: Epoch 58 done. Time per epoch: 45.630[s] Speed: 382.9[samples/s]
2026-06-10 20:33:03 transreid.train INFO: Epoch[59] Iter[20/275] Loss: 0.057, Acc: 0.997, Base Lr: 4.11e-04
2026-06-10 20:33:07 transreid.train INFO: Epoch[59] Iter[40/275] Loss: 0.052, Acc: 0.998, Base Lr: 4.11e-04
2026-06-10 20:33:10 transreid.train INFO: Epoch[59] Iter[60/275] Loss: 0.052, Acc: 0.999, Base Lr: 4.11e-04
2026-06-10 20:33:13 transreid.train INFO: Epoch[59] Iter[80/275] Loss: 0.052, Acc: 0.998, Base Lr: 4.11e-04
2026-06-10 20:33:17 transreid.train INFO: Epoch[59] Iter[100/275] Loss: 0.050, Acc: 0.998, Base Lr: 4.11e-04
2026-06-10 20:33:20 transreid.train INFO: Epoch[59] Iter[120/275] Loss: 0.052, Acc: 0.998, Base Lr: 4.11e-04
2026-06-10 20:33:23 transreid.train INFO: Epoch[59] Iter[140/275] Loss: 0.052, Acc: 0.998, Base Lr: 4.11e-04
2026-06-10 20:33:27 transreid.train INFO: Epoch[59] Iter[160/275] Loss: 0.052, Acc: 0.998, Base Lr: 4.11e-04
2026-06-10 20:33:30 transreid.train INFO: Epoch[59] Iter[180/275] Loss: 0.050, Acc: 0.999, Base Lr: 4.11e-04
2026-06-10 20:33:33 transreid.train INFO: Epoch[59] Iter[200/275] Loss: 0.049, Acc: 0.999, Base Lr: 4.11e-04
2026-06-10 20:33:37 transreid.train INFO: Epoch[59] Iter[220/275] Loss: 0.048, Acc: 0.999, Base Lr: 4.11e-04
2026-06-10 20:33:40 transreid.train INFO: Epoch[59] Iter[240/275] Loss: 0.047, Acc: 0.999, Base Lr: 4.11e-04
2026-06-10 20:33:43 transreid.train INFO: Epoch[59] Iter[260/275] Loss: 0.046, Acc: 0.999, Base Lr: 4.11e-04
2026-06-10 20:33:46 transreid.train INFO: Epoch 59 done. Time per epoch: 45.635[s] Speed: 382.9[samples/s]
2026-06-10 20:33:49 transreid.train INFO: Epoch[60] Iter[20/275] Loss: 0.054, Acc: 1.000, Base Lr: 4.01e-04
2026-06-10 20:33:52 transreid.train INFO: Epoch[60] Iter[40/275] Loss: 0.053, Acc: 0.999, Base Lr: 4.01e-04
2026-06-10 20:33:56 transreid.train INFO: Epoch[60] Iter[60/275] Loss: 0.050, Acc: 0.999, Base Lr: 4.01e-04
2026-06-10 20:33:59 transreid.train INFO: Epoch[60] Iter[80/275] Loss: 0.049, Acc: 0.999, Base Lr: 4.01e-04
2026-06-10 20:34:02 transreid.train INFO: Epoch[60] Iter[100/275] Loss: 0.047, Acc: 0.999, Base Lr: 4.01e-04
2026-06-10 20:34:06 transreid.train INFO: Epoch[60] Iter[120/275] Loss: 0.046, Acc: 0.999, Base Lr: 4.01e-04
2026-06-10 20:34:09 transreid.train INFO: Epoch[60] Iter[140/275] Loss: 0.046, Acc: 0.999, Base Lr: 4.01e-04
2026-06-10 20:34:12 transreid.train INFO: Epoch[60] Iter[160/275] Loss: 0.046, Acc: 0.999, Base Lr: 4.01e-04
2026-06-10 20:34:16 transreid.train INFO: Epoch[60] Iter[180/275] Loss: 0.045, Acc: 0.999, Base Lr: 4.01e-04
2026-06-10 20:34:19 transreid.train INFO: Epoch[60] Iter[200/275] Loss: 0.044, Acc: 0.999, Base Lr: 4.01e-04
2026-06-10 20:34:22 transreid.train INFO: Epoch[60] Iter[220/275] Loss: 0.044, Acc: 0.999, Base Lr: 4.01e-04
2026-06-10 20:34:26 transreid.train INFO: Epoch[60] Iter[240/275] Loss: 0.044, Acc: 0.999, Base Lr: 4.01e-04
2026-06-10 20:34:29 transreid.train INFO: Epoch[60] Iter[260/275] Loss: 0.043, Acc: 0.999, Base Lr: 4.01e-04
2026-06-10 20:34:31 transreid.train INFO: Epoch 60 done. Time per epoch: 45.642[s] Speed: 382.8[samples/s]
The test feature is normalized
=> Computing DistMat with euclidean_distance
2026-06-10 20:34:53 transreid.train INFO: Validation Results - Epoch: 60
2026-06-10 20:34:53 transreid.train INFO: mAP: 77.5%
2026-06-10 20:34:53 transreid.train INFO: CMC curve, Rank-1  :86.0%
2026-06-10 20:34:53 transreid.train INFO: CMC curve, Rank-5  :93.5%
2026-06-10 20:34:53 transreid.train INFO: CMC curve, Rank-10 :96.4%
2026-06-10 20:34:57 transreid.train INFO: Epoch[61] Iter[20/275] Loss: 0.050, Acc: 1.000, Base Lr: 3.90e-04
2026-06-10 20:35:00 transreid.train INFO: Epoch[61] Iter[40/275] Loss: 0.052, Acc: 0.999, Base Lr: 3.90e-04
2026-06-10 20:35:04 transreid.train INFO: Epoch[61] Iter[60/275] Loss: 0.051, Acc: 0.999, Base Lr: 3.90e-04
2026-06-10 20:35:07 transreid.train INFO: Epoch[61] Iter[80/275] Loss: 0.049, Acc: 0.999, Base Lr: 3.90e-04
2026-06-10 20:35:10 transreid.train INFO: Epoch[61] Iter[100/275] Loss: 0.048, Acc: 0.999, Base Lr: 3.90e-04
2026-06-10 20:35:14 transreid.train INFO: Epoch[61] Iter[120/275] Loss: 0.047, Acc: 0.999, Base Lr: 3.90e-04
2026-06-10 20:35:17 transreid.train INFO: Epoch[61] Iter[140/275] Loss: 0.046, Acc: 0.999, Base Lr: 3.90e-04
2026-06-10 20:35:20 transreid.train INFO: Epoch[61] Iter[160/275] Loss: 0.045, Acc: 0.999, Base Lr: 3.90e-04
2026-06-10 20:35:24 transreid.train INFO: Epoch[61] Iter[180/275] Loss: 0.044, Acc: 0.999, Base Lr: 3.90e-04
2026-06-10 20:35:27 transreid.train INFO: Epoch[61] Iter[200/275] Loss: 0.043, Acc: 0.999, Base Lr: 3.90e-04
2026-06-10 20:35:30 transreid.train INFO: Epoch[61] Iter[220/275] Loss: 0.043, Acc: 0.999, Base Lr: 3.90e-04
2026-06-10 20:35:34 transreid.train INFO: Epoch[61] Iter[240/275] Loss: 0.043, Acc: 0.999, Base Lr: 3.90e-04
2026-06-10 20:35:37 transreid.train INFO: Epoch[61] Iter[260/275] Loss: 0.042, Acc: 0.999, Base Lr: 3.90e-04
2026-06-10 20:35:39 transreid.train INFO: Epoch 61 done. Time per epoch: 45.663[s] Speed: 382.6[samples/s]
2026-06-10 20:35:43 transreid.train INFO: Epoch[62] Iter[20/275] Loss: 0.055, Acc: 0.998, Base Lr: 3.80e-04
2026-06-10 20:35:46 transreid.train INFO: Epoch[62] Iter[40/275] Loss: 0.056, Acc: 0.997, Base Lr: 3.80e-04
2026-06-10 20:35:49 transreid.train INFO: Epoch[62] Iter[60/275] Loss: 0.050, Acc: 0.998, Base Lr: 3.80e-04
2026-06-10 20:35:53 transreid.train INFO: Epoch[62] Iter[80/275] Loss: 0.050, Acc: 0.998, Base Lr: 3.80e-04
2026-06-10 20:35:56 transreid.train INFO: Epoch[62] Iter[100/275] Loss: 0.047, Acc: 0.999, Base Lr: 3.80e-04
2026-06-10 20:35:59 transreid.train INFO: Epoch[62] Iter[120/275] Loss: 0.047, Acc: 0.998, Base Lr: 3.80e-04
2026-06-10 20:36:03 transreid.train INFO: Epoch[62] Iter[140/275] Loss: 0.047, Acc: 0.998, Base Lr: 3.80e-04
2026-06-10 20:36:06 transreid.train INFO: Epoch[62] Iter[160/275] Loss: 0.047, Acc: 0.998, Base Lr: 3.80e-04
2026-06-10 20:36:09 transreid.train INFO: Epoch[62] Iter[180/275] Loss: 0.047, Acc: 0.998, Base Lr: 3.80e-04
2026-06-10 20:36:13 transreid.train INFO: Epoch[62] Iter[200/275] Loss: 0.046, Acc: 0.998, Base Lr: 3.80e-04
2026-06-10 20:36:16 transreid.train INFO: Epoch[62] Iter[220/275] Loss: 0.045, Acc: 0.998, Base Lr: 3.80e-04
2026-06-10 20:36:19 transreid.train INFO: Epoch[62] Iter[240/275] Loss: 0.044, Acc: 0.998, Base Lr: 3.80e-04
2026-06-10 20:36:23 transreid.train INFO: Epoch[62] Iter[260/275] Loss: 0.043, Acc: 0.999, Base Lr: 3.80e-04
2026-06-10 20:36:25 transreid.train INFO: Epoch 62 done. Time per epoch: 45.663[s] Speed: 382.6[samples/s]
2026-06-10 20:36:28 transreid.train INFO: Epoch[63] Iter[20/275] Loss: 0.055, Acc: 1.000, Base Lr: 3.69e-04
2026-06-10 20:36:32 transreid.train INFO: Epoch[63] Iter[40/275] Loss: 0.052, Acc: 0.999, Base Lr: 3.69e-04
2026-06-10 20:36:35 transreid.train INFO: Epoch[63] Iter[60/275] Loss: 0.050, Acc: 0.999, Base Lr: 3.69e-04
2026-06-10 20:36:38 transreid.train INFO: Epoch[63] Iter[80/275] Loss: 0.048, Acc: 0.999, Base Lr: 3.69e-04
2026-06-10 20:36:42 transreid.train INFO: Epoch[63] Iter[100/275] Loss: 0.047, Acc: 0.999, Base Lr: 3.69e-04
2026-06-10 20:36:45 transreid.train INFO: Epoch[63] Iter[120/275] Loss: 0.047, Acc: 0.999, Base Lr: 3.69e-04
2026-06-10 20:36:48 transreid.train INFO: Epoch[63] Iter[140/275] Loss: 0.047, Acc: 0.999, Base Lr: 3.69e-04
2026-06-10 20:36:52 transreid.train INFO: Epoch[63] Iter[160/275] Loss: 0.045, Acc: 0.999, Base Lr: 3.69e-04
2026-06-10 20:36:55 transreid.train INFO: Epoch[63] Iter[180/275] Loss: 0.045, Acc: 0.999, Base Lr: 3.69e-04
2026-06-10 20:36:58 transreid.train INFO: Epoch[63] Iter[200/275] Loss: 0.044, Acc: 0.999, Base Lr: 3.69e-04
2026-06-10 20:37:02 transreid.train INFO: Epoch[63] Iter[220/275] Loss: 0.043, Acc: 0.999, Base Lr: 3.69e-04
2026-06-10 20:37:05 transreid.train INFO: Epoch[63] Iter[240/275] Loss: 0.042, Acc: 0.999, Base Lr: 3.69e-04
2026-06-10 20:37:08 transreid.train INFO: Epoch[63] Iter[260/275] Loss: 0.042, Acc: 0.999, Base Lr: 3.69e-04
2026-06-10 20:37:10 transreid.train INFO: Epoch 63 done. Time per epoch: 45.674[s] Speed: 382.5[samples/s]
2026-06-10 20:37:14 transreid.train INFO: Epoch[64] Iter[20/275] Loss: 0.048, Acc: 1.000, Base Lr: 3.59e-04
2026-06-10 20:37:17 transreid.train INFO: Epoch[64] Iter[40/275] Loss: 0.045, Acc: 1.000, Base Lr: 3.59e-04
2026-06-10 20:37:21 transreid.train INFO: Epoch[64] Iter[60/275] Loss: 0.045, Acc: 1.000, Base Lr: 3.59e-04
2026-06-10 20:37:24 transreid.train INFO: Epoch[64] Iter[80/275] Loss: 0.043, Acc: 1.000, Base Lr: 3.59e-04
2026-06-10 20:37:27 transreid.train INFO: Epoch[64] Iter[100/275] Loss: 0.044, Acc: 1.000, Base Lr: 3.59e-04
2026-06-10 20:37:31 transreid.train INFO: Epoch[64] Iter[120/275] Loss: 0.044, Acc: 1.000, Base Lr: 3.59e-04
2026-06-10 20:37:34 transreid.train INFO: Epoch[64] Iter[140/275] Loss: 0.043, Acc: 1.000, Base Lr: 3.59e-04
2026-06-10 20:37:37 transreid.train INFO: Epoch[64] Iter[160/275] Loss: 0.042, Acc: 1.000, Base Lr: 3.59e-04
2026-06-10 20:37:41 transreid.train INFO: Epoch[64] Iter[180/275] Loss: 0.041, Acc: 1.000, Base Lr: 3.59e-04
2026-06-10 20:37:44 transreid.train INFO: Epoch[64] Iter[200/275] Loss: 0.040, Acc: 1.000, Base Lr: 3.59e-04
2026-06-10 20:37:47 transreid.train INFO: Epoch[64] Iter[220/275] Loss: 0.040, Acc: 0.999, Base Lr: 3.59e-04
2026-06-10 20:37:51 transreid.train INFO: Epoch[64] Iter[240/275] Loss: 0.040, Acc: 0.999, Base Lr: 3.59e-04
2026-06-10 20:37:54 transreid.train INFO: Epoch[64] Iter[260/275] Loss: 0.039, Acc: 0.999, Base Lr: 3.59e-04
2026-06-10 20:37:56 transreid.train INFO: Epoch 64 done. Time per epoch: 45.669[s] Speed: 382.6[samples/s]
2026-06-10 20:38:00 transreid.train INFO: Epoch[65] Iter[20/275] Loss: 0.046, Acc: 0.999, Base Lr: 3.49e-04
2026-06-10 20:38:03 transreid.train INFO: Epoch[65] Iter[40/275] Loss: 0.046, Acc: 1.000, Base Lr: 3.49e-04
2026-06-10 20:38:06 transreid.train INFO: Epoch[65] Iter[60/275] Loss: 0.047, Acc: 0.999, Base Lr: 3.49e-04
2026-06-10 20:38:10 transreid.train INFO: Epoch[65] Iter[80/275] Loss: 0.046, Acc: 0.999, Base Lr: 3.49e-04
2026-06-10 20:38:13 transreid.train INFO: Epoch[65] Iter[100/275] Loss: 0.045, Acc: 0.999, Base Lr: 3.49e-04
2026-06-10 20:38:16 transreid.train INFO: Epoch[65] Iter[120/275] Loss: 0.043, Acc: 0.999, Base Lr: 3.49e-04
2026-06-10 20:38:20 transreid.train INFO: Epoch[65] Iter[140/275] Loss: 0.042, Acc: 0.999, Base Lr: 3.49e-04
2026-06-10 20:38:23 transreid.train INFO: Epoch[65] Iter[160/275] Loss: 0.041, Acc: 0.999, Base Lr: 3.49e-04
2026-06-10 20:38:26 transreid.train INFO: Epoch[65] Iter[180/275] Loss: 0.041, Acc: 0.999, Base Lr: 3.49e-04
2026-06-10 20:38:30 transreid.train INFO: Epoch[65] Iter[200/275] Loss: 0.040, Acc: 0.999, Base Lr: 3.49e-04
2026-06-10 20:38:33 transreid.train INFO: Epoch[65] Iter[220/275] Loss: 0.039, Acc: 0.999, Base Lr: 3.49e-04
2026-06-10 20:38:36 transreid.train INFO: Epoch[65] Iter[240/275] Loss: 0.039, Acc: 0.999, Base Lr: 3.49e-04
2026-06-10 20:38:40 transreid.train INFO: Epoch[65] Iter[260/275] Loss: 0.038, Acc: 0.999, Base Lr: 3.49e-04
2026-06-10 20:38:42 transreid.train INFO: Epoch 65 done. Time per epoch: 45.658[s] Speed: 382.7[samples/s]
2026-06-10 20:38:45 transreid.train INFO: Epoch[66] Iter[20/275] Loss: 0.044, Acc: 1.000, Base Lr: 3.38e-04
2026-06-10 20:38:49 transreid.train INFO: Epoch[66] Iter[40/275] Loss: 0.047, Acc: 0.999, Base Lr: 3.38e-04
2026-06-10 20:38:52 transreid.train INFO: Epoch[66] Iter[60/275] Loss: 0.046, Acc: 0.999, Base Lr: 3.38e-04
2026-06-10 20:38:55 transreid.train INFO: Epoch[66] Iter[80/275] Loss: 0.045, Acc: 0.998, Base Lr: 3.38e-04
2026-06-10 20:38:59 transreid.train INFO: Epoch[66] Iter[100/275] Loss: 0.045, Acc: 0.998, Base Lr: 3.38e-04
2026-06-10 20:39:02 transreid.train INFO: Epoch[66] Iter[120/275] Loss: 0.043, Acc: 0.999, Base Lr: 3.38e-04
2026-06-10 20:39:05 transreid.train INFO: Epoch[66] Iter[140/275] Loss: 0.042, Acc: 0.999, Base Lr: 3.38e-04
2026-06-10 20:39:09 transreid.train INFO: Epoch[66] Iter[160/275] Loss: 0.041, Acc: 0.999, Base Lr: 3.38e-04
2026-06-10 20:39:12 transreid.train INFO: Epoch[66] Iter[180/275] Loss: 0.040, Acc: 0.999, Base Lr: 3.38e-04
2026-06-10 20:39:15 transreid.train INFO: Epoch[66] Iter[200/275] Loss: 0.039, Acc: 0.999, Base Lr: 3.38e-04
2026-06-10 20:39:19 transreid.train INFO: Epoch[66] Iter[220/275] Loss: 0.038, Acc: 0.999, Base Lr: 3.38e-04
2026-06-10 20:39:22 transreid.train INFO: Epoch[66] Iter[240/275] Loss: 0.038, Acc: 0.999, Base Lr: 3.38e-04
2026-06-10 20:39:25 transreid.train INFO: Epoch[66] Iter[260/275] Loss: 0.037, Acc: 0.999, Base Lr: 3.38e-04
2026-06-10 20:39:27 transreid.train INFO: Epoch 66 done. Time per epoch: 45.672[s] Speed: 382.6[samples/s]
2026-06-10 20:39:31 transreid.train INFO: Epoch[67] Iter[20/275] Loss: 0.045, Acc: 0.998, Base Lr: 3.28e-04
2026-06-10 20:39:34 transreid.train INFO: Epoch[67] Iter[40/275] Loss: 0.044, Acc: 0.998, Base Lr: 3.28e-04
2026-06-10 20:39:38 transreid.train INFO: Epoch[67] Iter[60/275] Loss: 0.043, Acc: 0.998, Base Lr: 3.28e-04
2026-06-10 20:39:41 transreid.train INFO: Epoch[67] Iter[80/275] Loss: 0.043, Acc: 0.998, Base Lr: 3.28e-04
2026-06-10 20:39:44 transreid.train INFO: Epoch[67] Iter[100/275] Loss: 0.042, Acc: 0.998, Base Lr: 3.28e-04
2026-06-10 20:39:48 transreid.train INFO: Epoch[67] Iter[120/275] Loss: 0.041, Acc: 0.998, Base Lr: 3.28e-04
2026-06-10 20:39:51 transreid.train INFO: Epoch[67] Iter[140/275] Loss: 0.040, Acc: 0.998, Base Lr: 3.28e-04
2026-06-10 20:39:54 transreid.train INFO: Epoch[67] Iter[160/275] Loss: 0.039, Acc: 0.998, Base Lr: 3.28e-04
2026-06-10 20:39:58 transreid.train INFO: Epoch[67] Iter[180/275] Loss: 0.039, Acc: 0.998, Base Lr: 3.28e-04
2026-06-10 20:40:01 transreid.train INFO: Epoch[67] Iter[200/275] Loss: 0.038, Acc: 0.999, Base Lr: 3.28e-04
2026-06-10 20:40:04 transreid.train INFO: Epoch[67] Iter[220/275] Loss: 0.038, Acc: 0.999, Base Lr: 3.28e-04
2026-06-10 20:40:08 transreid.train INFO: Epoch[67] Iter[240/275] Loss: 0.038, Acc: 0.999, Base Lr: 3.28e-04
2026-06-10 20:40:11 transreid.train INFO: Epoch[67] Iter[260/275] Loss: 0.037, Acc: 0.999, Base Lr: 3.28e-04
2026-06-10 20:40:13 transreid.train INFO: Epoch 67 done. Time per epoch: 45.825[s] Speed: 382.7[samples/s]
2026-06-10 20:40:17 transreid.train INFO: Epoch[68] Iter[20/275] Loss: 0.050, Acc: 1.000, Base Lr: 3.18e-04
2026-06-10 20:40:20 transreid.train INFO: Epoch[68] Iter[40/275] Loss: 0.046, Acc: 1.000, Base Lr: 3.18e-04
2026-06-10 20:40:23 transreid.train INFO: Epoch[68] Iter[60/275] Loss: 0.046, Acc: 0.999, Base Lr: 3.18e-04
2026-06-10 20:40:27 transreid.train INFO: Epoch[68] Iter[80/275] Loss: 0.045, Acc: 0.999, Base Lr: 3.18e-04
2026-06-10 20:40:30 transreid.train INFO: Epoch[68] Iter[100/275] Loss: 0.044, Acc: 0.999, Base Lr: 3.18e-04
2026-06-10 20:40:33 transreid.train INFO: Epoch[68] Iter[120/275] Loss: 0.043, Acc: 0.999, Base Lr: 3.18e-04
2026-06-10 20:40:37 transreid.train INFO: Epoch[68] Iter[140/275] Loss: 0.042, Acc: 0.999, Base Lr: 3.18e-04
2026-06-10 20:40:40 transreid.train INFO: Epoch[68] Iter[160/275] Loss: 0.041, Acc: 0.999, Base Lr: 3.18e-04
2026-06-10 20:40:43 transreid.train INFO: Epoch[68] Iter[180/275] Loss: 0.040, Acc: 0.999, Base Lr: 3.18e-04
2026-06-10 20:40:47 transreid.train INFO: Epoch[68] Iter[200/275] Loss: 0.043, Acc: 0.999, Base Lr: 3.18e-04
2026-06-10 20:40:50 transreid.train INFO: Epoch[68] Iter[220/275] Loss: 0.042, Acc: 0.999, Base Lr: 3.18e-04
2026-06-10 20:40:53 transreid.train INFO: Epoch[68] Iter[240/275] Loss: 0.041, Acc: 0.999, Base Lr: 3.18e-04
2026-06-10 20:40:57 transreid.train INFO: Epoch[68] Iter[260/275] Loss: 0.040, Acc: 0.999, Base Lr: 3.18e-04
2026-06-10 20:40:59 transreid.train INFO: Epoch 68 done. Time per epoch: 45.662[s] Speed: 382.6[samples/s]
2026-06-10 20:41:02 transreid.train INFO: Epoch[69] Iter[20/275] Loss: 0.045, Acc: 0.999, Base Lr: 3.08e-04
2026-06-10 20:41:06 transreid.train INFO: Epoch[69] Iter[40/275] Loss: 0.045, Acc: 0.999, Base Lr: 3.08e-04
2026-06-10 20:41:09 transreid.train INFO: Epoch[69] Iter[60/275] Loss: 0.044, Acc: 0.999, Base Lr: 3.08e-04
2026-06-10 20:41:12 transreid.train INFO: Epoch[69] Iter[80/275] Loss: 0.044, Acc: 0.999, Base Lr: 3.08e-04
2026-06-10 20:41:16 transreid.train INFO: Epoch[69] Iter[100/275] Loss: 0.043, Acc: 0.999, Base Lr: 3.08e-04
2026-06-10 20:41:19 transreid.train INFO: Epoch[69] Iter[120/275] Loss: 0.042, Acc: 0.999, Base Lr: 3.08e-04
2026-06-10 20:41:22 transreid.train INFO: Epoch[69] Iter[140/275] Loss: 0.041, Acc: 0.999, Base Lr: 3.08e-04
2026-06-10 20:41:26 transreid.train INFO: Epoch[69] Iter[160/275] Loss: 0.040, Acc: 0.999, Base Lr: 3.08e-04
2026-06-10 20:41:29 transreid.train INFO: Epoch[69] Iter[180/275] Loss: 0.040, Acc: 0.999, Base Lr: 3.08e-04
2026-06-10 20:41:32 transreid.train INFO: Epoch[69] Iter[200/275] Loss: 0.039, Acc: 0.999, Base Lr: 3.08e-04
2026-06-10 20:41:36 transreid.train INFO: Epoch[69] Iter[220/275] Loss: 0.039, Acc: 0.999, Base Lr: 3.08e-04
2026-06-10 20:41:39 transreid.train INFO: Epoch[69] Iter[240/275] Loss: 0.038, Acc: 0.999, Base Lr: 3.08e-04
2026-06-10 20:41:42 transreid.train INFO: Epoch[69] Iter[260/275] Loss: 0.038, Acc: 0.999, Base Lr: 3.08e-04
2026-06-10 20:41:45 transreid.train INFO: Epoch 69 done. Time per epoch: 45.826[s] Speed: 382.7[samples/s]
2026-06-10 20:41:48 transreid.train INFO: Epoch[70] Iter[20/275] Loss: 0.044, Acc: 1.000, Base Lr: 2.97e-04
2026-06-10 20:41:52 transreid.train INFO: Epoch[70] Iter[40/275] Loss: 0.044, Acc: 1.000, Base Lr: 2.97e-04
2026-06-10 20:41:55 transreid.train INFO: Epoch[70] Iter[60/275] Loss: 0.042, Acc: 1.000, Base Lr: 2.97e-04
2026-06-10 20:41:58 transreid.train INFO: Epoch[70] Iter[80/275] Loss: 0.041, Acc: 1.000, Base Lr: 2.97e-04
2026-06-10 20:42:02 transreid.train INFO: Epoch[70] Iter[100/275] Loss: 0.041, Acc: 1.000, Base Lr: 2.97e-04
2026-06-10 20:42:05 transreid.train INFO: Epoch[70] Iter[120/275] Loss: 0.040, Acc: 1.000, Base Lr: 2.97e-04
2026-06-10 20:42:08 transreid.train INFO: Epoch[70] Iter[140/275] Loss: 0.039, Acc: 0.999, Base Lr: 2.97e-04
2026-06-10 20:42:12 transreid.train INFO: Epoch[70] Iter[160/275] Loss: 0.039, Acc: 1.000, Base Lr: 2.97e-04
2026-06-10 20:42:15 transreid.train INFO: Epoch[70] Iter[180/275] Loss: 0.038, Acc: 1.000, Base Lr: 2.97e-04
2026-06-10 20:42:18 transreid.train INFO: Epoch[70] Iter[200/275] Loss: 0.038, Acc: 0.999, Base Lr: 2.97e-04
2026-06-10 20:42:22 transreid.train INFO: Epoch[70] Iter[220/275] Loss: 0.038, Acc: 0.999, Base Lr: 2.97e-04
2026-06-10 20:42:25 transreid.train INFO: Epoch[70] Iter[240/275] Loss: 0.037, Acc: 0.999, Base Lr: 2.97e-04
2026-06-10 20:42:28 transreid.train INFO: Epoch[70] Iter[260/275] Loss: 0.037, Acc: 0.999, Base Lr: 2.97e-04
2026-06-10 20:42:31 transreid.train INFO: Epoch 70 done. Time per epoch: 45.828[s] Speed: 382.6[samples/s]
2026-06-10 20:42:34 transreid.train INFO: Epoch[71] Iter[20/275] Loss: 0.044, Acc: 1.000, Base Lr: 2.87e-04
2026-06-10 20:42:37 transreid.train INFO: Epoch[71] Iter[40/275] Loss: 0.043, Acc: 1.000, Base Lr: 2.87e-04
2026-06-10 20:42:41 transreid.train INFO: Epoch[71] Iter[60/275] Loss: 0.042, Acc: 0.999, Base Lr: 2.87e-04
2026-06-10 20:42:44 transreid.train INFO: Epoch[71] Iter[80/275] Loss: 0.041, Acc: 0.999, Base Lr: 2.87e-04
2026-06-10 20:42:47 transreid.train INFO: Epoch[71] Iter[100/275] Loss: 0.040, Acc: 0.999, Base Lr: 2.87e-04
2026-06-10 20:42:51 transreid.train INFO: Epoch[71] Iter[120/275] Loss: 0.039, Acc: 0.999, Base Lr: 2.87e-04
2026-06-10 20:42:54 transreid.train INFO: Epoch[71] Iter[140/275] Loss: 0.040, Acc: 0.999, Base Lr: 2.87e-04
2026-06-10 20:42:57 transreid.train INFO: Epoch[71] Iter[160/275] Loss: 0.039, Acc: 0.999, Base Lr: 2.87e-04
2026-06-10 20:43:01 transreid.train INFO: Epoch[71] Iter[180/275] Loss: 0.042, Acc: 0.999, Base Lr: 2.87e-04
2026-06-10 20:43:04 transreid.train INFO: Epoch[71] Iter[200/275] Loss: 0.042, Acc: 0.999, Base Lr: 2.87e-04
2026-06-10 20:43:07 transreid.train INFO: Epoch[71] Iter[220/275] Loss: 0.041, Acc: 0.999, Base Lr: 2.87e-04
2026-06-10 20:43:11 transreid.train INFO: Epoch[71] Iter[240/275] Loss: 0.040, Acc: 0.999, Base Lr: 2.87e-04
2026-06-10 20:43:14 transreid.train INFO: Epoch[71] Iter[260/275] Loss: 0.040, Acc: 0.999, Base Lr: 2.87e-04
2026-06-10 20:43:16 transreid.train INFO: Epoch 71 done. Time per epoch: 45.831[s] Speed: 382.6[samples/s]
2026-06-10 20:43:20 transreid.train INFO: Epoch[72] Iter[20/275] Loss: 0.050, Acc: 0.998, Base Lr: 2.77e-04
2026-06-10 20:43:23 transreid.train INFO: Epoch[72] Iter[40/275] Loss: 0.049, Acc: 0.999, Base Lr: 2.77e-04
2026-06-10 20:43:27 transreid.train INFO: Epoch[72] Iter[60/275] Loss: 0.048, Acc: 0.998, Base Lr: 2.77e-04
2026-06-10 20:43:30 transreid.train INFO: Epoch[72] Iter[80/275] Loss: 0.045, Acc: 0.999, Base Lr: 2.77e-04
2026-06-10 20:43:33 transreid.train INFO: Epoch[72] Iter[100/275] Loss: 0.044, Acc: 0.999, Base Lr: 2.77e-04
2026-06-10 20:43:37 transreid.train INFO: Epoch[72] Iter[120/275] Loss: 0.042, Acc: 0.999, Base Lr: 2.77e-04
2026-06-10 20:43:40 transreid.train INFO: Epoch[72] Iter[140/275] Loss: 0.040, Acc: 0.999, Base Lr: 2.77e-04
2026-06-10 20:43:43 transreid.train INFO: Epoch[72] Iter[160/275] Loss: 0.039, Acc: 0.999, Base Lr: 2.77e-04
2026-06-10 20:43:47 transreid.train INFO: Epoch[72] Iter[180/275] Loss: 0.039, Acc: 0.999, Base Lr: 2.77e-04
2026-06-10 20:43:50 transreid.train INFO: Epoch[72] Iter[200/275] Loss: 0.038, Acc: 0.999, Base Lr: 2.77e-04
2026-06-10 20:43:53 transreid.train INFO: Epoch[72] Iter[220/275] Loss: 0.038, Acc: 0.999, Base Lr: 2.77e-04
2026-06-10 20:43:57 transreid.train INFO: Epoch[72] Iter[240/275] Loss: 0.037, Acc: 0.999, Base Lr: 2.77e-04
2026-06-10 20:44:00 transreid.train INFO: Epoch[72] Iter[260/275] Loss: 0.037, Acc: 0.999, Base Lr: 2.77e-04
2026-06-10 20:44:02 transreid.train INFO: Epoch 72 done. Time per epoch: 45.662[s] Speed: 382.6[samples/s]
2026-06-10 20:44:06 transreid.train INFO: Epoch[73] Iter[20/275] Loss: 0.043, Acc: 1.000, Base Lr: 2.68e-04
2026-06-10 20:44:09 transreid.train INFO: Epoch[73] Iter[40/275] Loss: 0.041, Acc: 1.000, Base Lr: 2.68e-04
2026-06-10 20:44:12 transreid.train INFO: Epoch[73] Iter[60/275] Loss: 0.039, Acc: 0.999, Base Lr: 2.68e-04
2026-06-10 20:44:16 transreid.train INFO: Epoch[73] Iter[80/275] Loss: 0.039, Acc: 1.000, Base Lr: 2.68e-04
2026-06-10 20:44:19 transreid.train INFO: Epoch[73] Iter[100/275] Loss: 0.038, Acc: 1.000, Base Lr: 2.68e-04
2026-06-10 20:44:22 transreid.train INFO: Epoch[73] Iter[120/275] Loss: 0.038, Acc: 1.000, Base Lr: 2.68e-04
2026-06-10 20:44:26 transreid.train INFO: Epoch[73] Iter[140/275] Loss: 0.037, Acc: 1.000, Base Lr: 2.68e-04
2026-06-10 20:44:29 transreid.train INFO: Epoch[73] Iter[160/275] Loss: 0.037, Acc: 0.999, Base Lr: 2.68e-04
2026-06-10 20:44:32 transreid.train INFO: Epoch[73] Iter[180/275] Loss: 0.036, Acc: 0.999, Base Lr: 2.68e-04
2026-06-10 20:44:36 transreid.train INFO: Epoch[73] Iter[200/275] Loss: 0.036, Acc: 0.999, Base Lr: 2.68e-04
2026-06-10 20:44:39 transreid.train INFO: Epoch[73] Iter[220/275] Loss: 0.036, Acc: 0.999, Base Lr: 2.68e-04
2026-06-10 20:44:42 transreid.train INFO: Epoch[73] Iter[240/275] Loss: 0.035, Acc: 0.999, Base Lr: 2.68e-04
2026-06-10 20:44:46 transreid.train INFO: Epoch[73] Iter[260/275] Loss: 0.034, Acc: 0.999, Base Lr: 2.68e-04
2026-06-10 20:44:48 transreid.train INFO: Epoch 73 done. Time per epoch: 45.699[s] Speed: 382.3[samples/s]
2026-06-10 20:44:51 transreid.train INFO: Epoch[74] Iter[20/275] Loss: 0.043, Acc: 0.998, Base Lr: 2.58e-04
2026-06-10 20:44:55 transreid.train INFO: Epoch[74] Iter[40/275] Loss: 0.042, Acc: 0.999, Base Lr: 2.58e-04
2026-06-10 20:44:58 transreid.train INFO: Epoch[74] Iter[60/275] Loss: 0.040, Acc: 0.999, Base Lr: 2.58e-04
2026-06-10 20:45:01 transreid.train INFO: Epoch[74] Iter[80/275] Loss: 0.039, Acc: 0.998, Base Lr: 2.58e-04
2026-06-10 20:45:05 transreid.train INFO: Epoch[74] Iter[100/275] Loss: 0.039, Acc: 0.999, Base Lr: 2.58e-04
2026-06-10 20:45:08 transreid.train INFO: Epoch[74] Iter[120/275] Loss: 0.038, Acc: 0.999, Base Lr: 2.58e-04
2026-06-10 20:45:11 transreid.train INFO: Epoch[74] Iter[140/275] Loss: 0.037, Acc: 0.999, Base Lr: 2.58e-04
2026-06-10 20:45:15 transreid.train INFO: Epoch[74] Iter[160/275] Loss: 0.036, Acc: 0.999, Base Lr: 2.58e-04
2026-06-10 20:45:18 transreid.train INFO: Epoch[74] Iter[180/275] Loss: 0.035, Acc: 0.999, Base Lr: 2.58e-04
2026-06-10 20:45:21 transreid.train INFO: Epoch[74] Iter[200/275] Loss: 0.035, Acc: 0.999, Base Lr: 2.58e-04
2026-06-10 20:45:25 transreid.train INFO: Epoch[74] Iter[220/275] Loss: 0.034, Acc: 0.999, Base Lr: 2.58e-04
2026-06-10 20:45:28 transreid.train INFO: Epoch[74] Iter[240/275] Loss: 0.034, Acc: 0.999, Base Lr: 2.58e-04
2026-06-10 20:45:31 transreid.train INFO: Epoch[74] Iter[260/275] Loss: 0.034, Acc: 0.999, Base Lr: 2.58e-04
2026-06-10 20:45:34 transreid.train INFO: Epoch 74 done. Time per epoch: 45.837[s] Speed: 382.6[samples/s]
2026-06-10 20:45:37 transreid.train INFO: Epoch[75] Iter[20/275] Loss: 0.044, Acc: 0.997, Base Lr: 2.48e-04
2026-06-10 20:45:40 transreid.train INFO: Epoch[75] Iter[40/275] Loss: 0.042, Acc: 0.998, Base Lr: 2.48e-04
2026-06-10 20:45:44 transreid.train INFO: Epoch[75] Iter[60/275] Loss: 0.042, Acc: 0.998, Base Lr: 2.48e-04
2026-06-10 20:45:47 transreid.train INFO: Epoch[75] Iter[80/275] Loss: 0.041, Acc: 0.997, Base Lr: 2.48e-04
2026-06-10 20:45:50 transreid.train INFO: Epoch[75] Iter[100/275] Loss: 0.040, Acc: 0.998, Base Lr: 2.48e-04
2026-06-10 20:45:54 transreid.train INFO: Epoch[75] Iter[120/275] Loss: 0.039, Acc: 0.998, Base Lr: 2.48e-04
2026-06-10 20:45:57 transreid.train INFO: Epoch[75] Iter[140/275] Loss: 0.038, Acc: 0.998, Base Lr: 2.48e-04
2026-06-10 20:46:00 transreid.train INFO: Epoch[75] Iter[160/275] Loss: 0.037, Acc: 0.998, Base Lr: 2.48e-04
2026-06-10 20:46:04 transreid.train INFO: Epoch[75] Iter[180/275] Loss: 0.036, Acc: 0.998, Base Lr: 2.48e-04
2026-06-10 20:46:07 transreid.train INFO: Epoch[75] Iter[200/275] Loss: 0.036, Acc: 0.999, Base Lr: 2.48e-04
2026-06-10 20:46:10 transreid.train INFO: Epoch[75] Iter[220/275] Loss: 0.035, Acc: 0.999, Base Lr: 2.48e-04
2026-06-10 20:46:14 transreid.train INFO: Epoch[75] Iter[240/275] Loss: 0.034, Acc: 0.999, Base Lr: 2.48e-04
2026-06-10 20:46:17 transreid.train INFO: Epoch[75] Iter[260/275] Loss: 0.034, Acc: 0.999, Base Lr: 2.48e-04
2026-06-10 20:46:19 transreid.train INFO: Epoch 75 done. Time per epoch: 45.687[s] Speed: 382.4[samples/s]
2026-06-10 20:46:23 transreid.train INFO: Epoch[76] Iter[20/275] Loss: 0.040, Acc: 1.000, Base Lr: 2.38e-04
2026-06-10 20:46:26 transreid.train INFO: Epoch[76] Iter[40/275] Loss: 0.040, Acc: 0.999, Base Lr: 2.38e-04
2026-06-10 20:46:30 transreid.train INFO: Epoch[76] Iter[60/275] Loss: 0.040, Acc: 0.999, Base Lr: 2.38e-04
2026-06-10 20:46:33 transreid.train INFO: Epoch[76] Iter[80/275] Loss: 0.038, Acc: 0.999, Base Lr: 2.38e-04
2026-06-10 20:46:36 transreid.train INFO: Epoch[76] Iter[100/275] Loss: 0.037, Acc: 0.999, Base Lr: 2.38e-04
2026-06-10 20:46:39 transreid.train INFO: Epoch[76] Iter[120/275] Loss: 0.036, Acc: 0.999, Base Lr: 2.38e-04
2026-06-10 20:46:43 transreid.train INFO: Epoch[76] Iter[140/275] Loss: 0.036, Acc: 0.999, Base Lr: 2.38e-04
2026-06-10 20:46:46 transreid.train INFO: Epoch[76] Iter[160/275] Loss: 0.035, Acc: 0.999, Base Lr: 2.38e-04
2026-06-10 20:46:49 transreid.train INFO: Epoch[76] Iter[180/275] Loss: 0.035, Acc: 0.999, Base Lr: 2.38e-04
2026-06-10 20:46:53 transreid.train INFO: Epoch[76] Iter[200/275] Loss: 0.035, Acc: 0.999, Base Lr: 2.38e-04
2026-06-10 20:46:56 transreid.train INFO: Epoch[76] Iter[220/275] Loss: 0.034, Acc: 0.999, Base Lr: 2.38e-04
2026-06-10 20:46:59 transreid.train INFO: Epoch[76] Iter[240/275] Loss: 0.034, Acc: 0.999, Base Lr: 2.38e-04
2026-06-10 20:47:03 transreid.train INFO: Epoch[76] Iter[260/275] Loss: 0.033, Acc: 0.999, Base Lr: 2.38e-04
2026-06-10 20:47:05 transreid.train INFO: Epoch 76 done. Time per epoch: 45.694[s] Speed: 382.4[samples/s]
2026-06-10 20:47:09 transreid.train INFO: Epoch[77] Iter[20/275] Loss: 0.040, Acc: 1.000, Base Lr: 2.29e-04
2026-06-10 20:47:12 transreid.train INFO: Epoch[77] Iter[40/275] Loss: 0.039, Acc: 0.999, Base Lr: 2.29e-04
2026-06-10 20:47:15 transreid.train INFO: Epoch[77] Iter[60/275] Loss: 0.038, Acc: 0.999, Base Lr: 2.29e-04
2026-06-10 20:47:19 transreid.train INFO: Epoch[77] Iter[80/275] Loss: 0.037, Acc: 1.000, Base Lr: 2.29e-04
2026-06-10 20:47:22 transreid.train INFO: Epoch[77] Iter[100/275] Loss: 0.036, Acc: 1.000, Base Lr: 2.29e-04
2026-06-10 20:47:25 transreid.train INFO: Epoch[77] Iter[120/275] Loss: 0.035, Acc: 1.000, Base Lr: 2.29e-04
2026-06-10 20:47:29 transreid.train INFO: Epoch[77] Iter[140/275] Loss: 0.034, Acc: 1.000, Base Lr: 2.29e-04
2026-06-10 20:47:32 transreid.train INFO: Epoch[77] Iter[160/275] Loss: 0.034, Acc: 1.000, Base Lr: 2.29e-04
2026-06-10 20:47:35 transreid.train INFO: Epoch[77] Iter[180/275] Loss: 0.033, Acc: 1.000, Base Lr: 2.29e-04
2026-06-10 20:47:39 transreid.train INFO: Epoch[77] Iter[200/275] Loss: 0.033, Acc: 1.000, Base Lr: 2.29e-04
2026-06-10 20:47:42 transreid.train INFO: Epoch[77] Iter[220/275] Loss: 0.032, Acc: 1.000, Base Lr: 2.29e-04
2026-06-10 20:47:45 transreid.train INFO: Epoch[77] Iter[240/275] Loss: 0.032, Acc: 1.000, Base Lr: 2.29e-04
2026-06-10 20:47:49 transreid.train INFO: Epoch[77] Iter[260/275] Loss: 0.032, Acc: 1.000, Base Lr: 2.29e-04
2026-06-10 20:47:51 transreid.train INFO: Epoch 77 done. Time per epoch: 45.843[s] Speed: 382.5[samples/s]
2026-06-10 20:47:54 transreid.train INFO: Epoch[78] Iter[20/275] Loss: 0.042, Acc: 0.998, Base Lr: 2.20e-04
2026-06-10 20:47:58 transreid.train INFO: Epoch[78] Iter[40/275] Loss: 0.039, Acc: 0.999, Base Lr: 2.20e-04
2026-06-10 20:48:01 transreid.train INFO: Epoch[78] Iter[60/275] Loss: 0.038, Acc: 0.999, Base Lr: 2.20e-04
2026-06-10 20:48:04 transreid.train INFO: Epoch[78] Iter[80/275] Loss: 0.036, Acc: 0.999, Base Lr: 2.20e-04
2026-06-10 20:48:08 transreid.train INFO: Epoch[78] Iter[100/275] Loss: 0.036, Acc: 0.999, Base Lr: 2.20e-04
2026-06-10 20:48:11 transreid.train INFO: Epoch[78] Iter[120/275] Loss: 0.035, Acc: 0.999, Base Lr: 2.20e-04
2026-06-10 20:48:14 transreid.train INFO: Epoch[78] Iter[140/275] Loss: 0.034, Acc: 0.999, Base Lr: 2.20e-04
2026-06-10 20:48:18 transreid.train INFO: Epoch[78] Iter[160/275] Loss: 0.034, Acc: 0.999, Base Lr: 2.20e-04
2026-06-10 20:48:21 transreid.train INFO: Epoch[78] Iter[180/275] Loss: 0.033, Acc: 0.999, Base Lr: 2.20e-04
2026-06-10 20:48:24 transreid.train INFO: Epoch[78] Iter[200/275] Loss: 0.033, Acc: 0.999, Base Lr: 2.20e-04
2026-06-10 20:48:28 transreid.train INFO: Epoch[78] Iter[220/275] Loss: 0.033, Acc: 0.999, Base Lr: 2.20e-04
2026-06-10 20:48:31 transreid.train INFO: Epoch[78] Iter[240/275] Loss: 0.032, Acc: 0.999, Base Lr: 2.20e-04
2026-06-10 20:48:34 transreid.train INFO: Epoch[78] Iter[260/275] Loss: 0.032, Acc: 0.999, Base Lr: 2.20e-04
2026-06-10 20:48:37 transreid.train INFO: Epoch 78 done. Time per epoch: 45.671[s] Speed: 382.6[samples/s]
2026-06-10 20:48:40 transreid.train INFO: Epoch[79] Iter[20/275] Loss: 0.044, Acc: 0.995, Base Lr: 2.10e-04
2026-06-10 20:48:43 transreid.train INFO: Epoch[79] Iter[40/275] Loss: 0.041, Acc: 0.998, Base Lr: 2.10e-04
2026-06-10 20:48:47 transreid.train INFO: Epoch[79] Iter[60/275] Loss: 0.039, Acc: 0.998, Base Lr: 2.10e-04
2026-06-10 20:48:50 transreid.train INFO: Epoch[79] Iter[80/275] Loss: 0.038, Acc: 0.998, Base Lr: 2.10e-04
2026-06-10 20:48:53 transreid.train INFO: Epoch[79] Iter[100/275] Loss: 0.036, Acc: 0.999, Base Lr: 2.10e-04
2026-06-10 20:48:57 transreid.train INFO: Epoch[79] Iter[120/275] Loss: 0.035, Acc: 0.999, Base Lr: 2.10e-04
2026-06-10 20:49:00 transreid.train INFO: Epoch[79] Iter[140/275] Loss: 0.034, Acc: 0.999, Base Lr: 2.10e-04
2026-06-10 20:49:03 transreid.train INFO: Epoch[79] Iter[160/275] Loss: 0.034, Acc: 0.999, Base Lr: 2.10e-04
2026-06-10 20:49:07 transreid.train INFO: Epoch[79] Iter[180/275] Loss: 0.033, Acc: 0.999, Base Lr: 2.10e-04
2026-06-10 20:49:10 transreid.train INFO: Epoch[79] Iter[200/275] Loss: 0.033, Acc: 0.999, Base Lr: 2.10e-04
2026-06-10 20:49:13 transreid.train INFO: Epoch[79] Iter[220/275] Loss: 0.033, Acc: 0.999, Base Lr: 2.10e-04
2026-06-10 20:49:17 transreid.train INFO: Epoch[79] Iter[240/275] Loss: 0.032, Acc: 0.999, Base Lr: 2.10e-04
2026-06-10 20:49:20 transreid.train INFO: Epoch[79] Iter[260/275] Loss: 0.032, Acc: 0.999, Base Lr: 2.10e-04
2026-06-10 20:49:22 transreid.train INFO: Epoch 79 done. Time per epoch: 45.836[s] Speed: 382.6[samples/s]
2026-06-10 20:49:26 transreid.train INFO: Epoch[80] Iter[20/275] Loss: 0.041, Acc: 0.999, Base Lr: 2.01e-04
2026-06-10 20:49:29 transreid.train INFO: Epoch[80] Iter[40/275] Loss: 0.040, Acc: 0.999, Base Lr: 2.01e-04
2026-06-10 20:49:33 transreid.train INFO: Epoch[80] Iter[60/275] Loss: 0.039, Acc: 0.999, Base Lr: 2.01e-04
2026-06-10 20:49:36 transreid.train INFO: Epoch[80] Iter[80/275] Loss: 0.037, Acc: 0.999, Base Lr: 2.01e-04
2026-06-10 20:49:39 transreid.train INFO: Epoch[80] Iter[100/275] Loss: 0.037, Acc: 0.999, Base Lr: 2.01e-04
2026-06-10 20:49:43 transreid.train INFO: Epoch[80] Iter[120/275] Loss: 0.036, Acc: 0.999, Base Lr: 2.01e-04
2026-06-10 20:49:46 transreid.train INFO: Epoch[80] Iter[140/275] Loss: 0.035, Acc: 0.999, Base Lr: 2.01e-04
2026-06-10 20:49:49 transreid.train INFO: Epoch[80] Iter[160/275] Loss: 0.034, Acc: 0.999, Base Lr: 2.01e-04
2026-06-10 20:49:53 transreid.train INFO: Epoch[80] Iter[180/275] Loss: 0.034, Acc: 0.999, Base Lr: 2.01e-04
2026-06-10 20:49:56 transreid.train INFO: Epoch[80] Iter[200/275] Loss: 0.033, Acc: 0.999, Base Lr: 2.01e-04
2026-06-10 20:49:59 transreid.train INFO: Epoch[80] Iter[220/275] Loss: 0.033, Acc: 0.999, Base Lr: 2.01e-04
2026-06-10 20:50:03 transreid.train INFO: Epoch[80] Iter[240/275] Loss: 0.033, Acc: 0.999, Base Lr: 2.01e-04
2026-06-10 20:50:06 transreid.train INFO: Epoch[80] Iter[260/275] Loss: 0.032, Acc: 0.999, Base Lr: 2.01e-04
2026-06-10 20:50:08 transreid.train INFO: Epoch 80 done. Time per epoch: 45.845[s] Speed: 382.5[samples/s]
The test feature is normalized
=> Computing DistMat with euclidean_distance
2026-06-10 20:50:30 transreid.train INFO: Validation Results - Epoch: 80
2026-06-10 20:50:30 transreid.train INFO: mAP: 77.4%
2026-06-10 20:50:30 transreid.train INFO: CMC curve, Rank-1  :85.9%
2026-06-10 20:50:30 transreid.train INFO: CMC curve, Rank-5  :93.4%
2026-06-10 20:50:30 transreid.train INFO: CMC curve, Rank-10 :96.4%
2026-06-10 20:50:34 transreid.train INFO: Epoch[81] Iter[20/275] Loss: 0.043, Acc: 0.999, Base Lr: 1.92e-04
2026-06-10 20:50:37 transreid.train INFO: Epoch[81] Iter[40/275] Loss: 0.040, Acc: 0.999, Base Lr: 1.92e-04
2026-06-10 20:50:41 transreid.train INFO: Epoch[81] Iter[60/275] Loss: 0.039, Acc: 0.999, Base Lr: 1.92e-04
2026-06-10 20:50:44 transreid.train INFO: Epoch[81] Iter[80/275] Loss: 0.037, Acc: 0.999, Base Lr: 1.92e-04
2026-06-10 20:50:47 transreid.train INFO: Epoch[81] Iter[100/275] Loss: 0.036, Acc: 0.999, Base Lr: 1.92e-04
2026-06-10 20:50:51 transreid.train INFO: Epoch[81] Iter[120/275] Loss: 0.035, Acc: 0.999, Base Lr: 1.92e-04
2026-06-10 20:50:54 transreid.train INFO: Epoch[81] Iter[140/275] Loss: 0.035, Acc: 0.999, Base Lr: 1.92e-04
2026-06-10 20:50:57 transreid.train INFO: Epoch[81] Iter[160/275] Loss: 0.034, Acc: 0.999, Base Lr: 1.92e-04
2026-06-10 20:51:01 transreid.train INFO: Epoch[81] Iter[180/275] Loss: 0.033, Acc: 0.999, Base Lr: 1.92e-04
2026-06-10 20:51:04 transreid.train INFO: Epoch[81] Iter[200/275] Loss: 0.033, Acc: 0.999, Base Lr: 1.92e-04
2026-06-10 20:51:07 transreid.train INFO: Epoch[81] Iter[220/275] Loss: 0.032, Acc: 0.999, Base Lr: 1.92e-04
2026-06-10 20:51:11 transreid.train INFO: Epoch[81] Iter[240/275] Loss: 0.032, Acc: 0.999, Base Lr: 1.92e-04
2026-06-10 20:51:14 transreid.train INFO: Epoch[81] Iter[260/275] Loss: 0.032, Acc: 0.999, Base Lr: 1.92e-04
2026-06-10 20:51:16 transreid.train INFO: Epoch 81 done. Time per epoch: 45.853[s] Speed: 382.4[samples/s]
2026-06-10 20:51:20 transreid.train INFO: Epoch[82] Iter[20/275] Loss: 0.040, Acc: 1.000, Base Lr: 1.83e-04
2026-06-10 20:51:23 transreid.train INFO: Epoch[82] Iter[40/275] Loss: 0.038, Acc: 1.000, Base Lr: 1.83e-04
2026-06-10 20:51:27 transreid.train INFO: Epoch[82] Iter[60/275] Loss: 0.038, Acc: 0.999, Base Lr: 1.83e-04
2026-06-10 20:51:30 transreid.train INFO: Epoch[82] Iter[80/275] Loss: 0.036, Acc: 1.000, Base Lr: 1.83e-04
2026-06-10 20:51:33 transreid.train INFO: Epoch[82] Iter[100/275] Loss: 0.035, Acc: 1.000, Base Lr: 1.83e-04
2026-06-10 20:51:37 transreid.train INFO: Epoch[82] Iter[120/275] Loss: 0.035, Acc: 1.000, Base Lr: 1.83e-04
2026-06-10 20:51:40 transreid.train INFO: Epoch[82] Iter[140/275] Loss: 0.034, Acc: 0.999, Base Lr: 1.83e-04
2026-06-10 20:51:43 transreid.train INFO: Epoch[82] Iter[160/275] Loss: 0.034, Acc: 0.999, Base Lr: 1.83e-04
2026-06-10 20:51:47 transreid.train INFO: Epoch[82] Iter[180/275] Loss: 0.033, Acc: 0.999, Base Lr: 1.83e-04
2026-06-10 20:51:50 transreid.train INFO: Epoch[82] Iter[200/275] Loss: 0.032, Acc: 0.999, Base Lr: 1.83e-04
2026-06-10 20:51:53 transreid.train INFO: Epoch[82] Iter[220/275] Loss: 0.032, Acc: 0.999, Base Lr: 1.83e-04
2026-06-10 20:51:57 transreid.train INFO: Epoch[82] Iter[240/275] Loss: 0.034, Acc: 0.999, Base Lr: 1.83e-04
2026-06-10 20:52:00 transreid.train INFO: Epoch[82] Iter[260/275] Loss: 0.034, Acc: 0.999, Base Lr: 1.83e-04
2026-06-10 20:52:02 transreid.train INFO: Epoch 82 done. Time per epoch: 45.850[s] Speed: 382.5[samples/s]
2026-06-10 20:52:06 transreid.train INFO: Epoch[83] Iter[20/275] Loss: 0.045, Acc: 0.998, Base Lr: 1.75e-04
2026-06-10 20:52:09 transreid.train INFO: Epoch[83] Iter[40/275] Loss: 0.042, Acc: 0.998, Base Lr: 1.75e-04
2026-06-10 20:52:12 transreid.train INFO: Epoch[83] Iter[60/275] Loss: 0.039, Acc: 0.999, Base Lr: 1.75e-04
2026-06-10 20:52:16 transreid.train INFO: Epoch[83] Iter[80/275] Loss: 0.038, Acc: 0.999, Base Lr: 1.75e-04
2026-06-10 20:52:19 transreid.train INFO: Epoch[83] Iter[100/275] Loss: 0.037, Acc: 0.999, Base Lr: 1.75e-04
2026-06-10 20:52:22 transreid.train INFO: Epoch[83] Iter[120/275] Loss: 0.036, Acc: 0.999, Base Lr: 1.75e-04
2026-06-10 20:52:26 transreid.train INFO: Epoch[83] Iter[140/275] Loss: 0.035, Acc: 0.999, Base Lr: 1.75e-04
2026-06-10 20:52:29 transreid.train INFO: Epoch[83] Iter[160/275] Loss: 0.035, Acc: 0.999, Base Lr: 1.75e-04
2026-06-10 20:52:32 transreid.train INFO: Epoch[83] Iter[180/275] Loss: 0.034, Acc: 0.999, Base Lr: 1.75e-04
2026-06-10 20:52:36 transreid.train INFO: Epoch[83] Iter[200/275] Loss: 0.033, Acc: 0.999, Base Lr: 1.75e-04
2026-06-10 20:52:39 transreid.train INFO: Epoch[83] Iter[220/275] Loss: 0.033, Acc: 0.999, Base Lr: 1.75e-04
2026-06-10 20:52:42 transreid.train INFO: Epoch[83] Iter[240/275] Loss: 0.032, Acc: 0.999, Base Lr: 1.75e-04
2026-06-10 20:52:46 transreid.train INFO: Epoch[83] Iter[260/275] Loss: 0.032, Acc: 0.999, Base Lr: 1.75e-04
2026-06-10 20:52:48 transreid.train INFO: Epoch 83 done. Time per epoch: 45.698[s] Speed: 382.3[samples/s]
2026-06-10 20:52:51 transreid.train INFO: Epoch[84] Iter[20/275] Loss: 0.040, Acc: 0.999, Base Lr: 1.66e-04
2026-06-10 20:52:55 transreid.train INFO: Epoch[84] Iter[40/275] Loss: 0.038, Acc: 1.000, Base Lr: 1.66e-04
2026-06-10 20:52:58 transreid.train INFO: Epoch[84] Iter[60/275] Loss: 0.037, Acc: 1.000, Base Lr: 1.66e-04
2026-06-10 20:53:01 transreid.train INFO: Epoch[84] Iter[80/275] Loss: 0.035, Acc: 1.000, Base Lr: 1.66e-04
2026-06-10 20:53:05 transreid.train INFO: Epoch[84] Iter[100/275] Loss: 0.034, Acc: 1.000, Base Lr: 1.66e-04
2026-06-10 20:53:08 transreid.train INFO: Epoch[84] Iter[120/275] Loss: 0.033, Acc: 1.000, Base Lr: 1.66e-04
2026-06-10 20:53:11 transreid.train INFO: Epoch[84] Iter[140/275] Loss: 0.033, Acc: 1.000, Base Lr: 1.66e-04
2026-06-10 20:53:15 transreid.train INFO: Epoch[84] Iter[160/275] Loss: 0.032, Acc: 1.000, Base Lr: 1.66e-04
2026-06-10 20:53:18 transreid.train INFO: Epoch[84] Iter[180/275] Loss: 0.032, Acc: 1.000, Base Lr: 1.66e-04
2026-06-10 20:53:21 transreid.train INFO: Epoch[84] Iter[200/275] Loss: 0.032, Acc: 0.999, Base Lr: 1.66e-04
2026-06-10 20:53:25 transreid.train INFO: Epoch[84] Iter[220/275] Loss: 0.032, Acc: 0.999, Base Lr: 1.66e-04
2026-06-10 20:53:28 transreid.train INFO: Epoch[84] Iter[240/275] Loss: 0.032, Acc: 0.999, Base Lr: 1.66e-04
2026-06-10 20:53:31 transreid.train INFO: Epoch[84] Iter[260/275] Loss: 0.031, Acc: 0.999, Base Lr: 1.66e-04
2026-06-10 20:53:34 transreid.train INFO: Epoch 84 done. Time per epoch: 45.840[s] Speed: 382.5[samples/s]
2026-06-10 20:53:37 transreid.train INFO: Epoch[85] Iter[20/275] Loss: 0.042, Acc: 1.000, Base Lr: 1.58e-04
2026-06-10 20:53:41 transreid.train INFO: Epoch[85] Iter[40/275] Loss: 0.037, Acc: 1.000, Base Lr: 1.58e-04
2026-06-10 20:53:44 transreid.train INFO: Epoch[85] Iter[60/275] Loss: 0.037, Acc: 1.000, Base Lr: 1.58e-04
2026-06-10 20:53:47 transreid.train INFO: Epoch[85] Iter[80/275] Loss: 0.036, Acc: 0.999, Base Lr: 1.58e-04
2026-06-10 20:53:51 transreid.train INFO: Epoch[85] Iter[100/275] Loss: 0.035, Acc: 0.999, Base Lr: 1.58e-04
2026-06-10 20:53:54 transreid.train INFO: Epoch[85] Iter[120/275] Loss: 0.034, Acc: 0.999, Base Lr: 1.58e-04
2026-06-10 20:53:57 transreid.train INFO: Epoch[85] Iter[140/275] Loss: 0.033, Acc: 0.999, Base Lr: 1.58e-04
2026-06-10 20:54:01 transreid.train INFO: Epoch[85] Iter[160/275] Loss: 0.032, Acc: 0.999, Base Lr: 1.58e-04
2026-06-10 20:54:04 transreid.train INFO: Epoch[85] Iter[180/275] Loss: 0.032, Acc: 0.999, Base Lr: 1.58e-04
2026-06-10 20:54:07 transreid.train INFO: Epoch[85] Iter[200/275] Loss: 0.031, Acc: 0.999, Base Lr: 1.58e-04
2026-06-10 20:54:11 transreid.train INFO: Epoch[85] Iter[220/275] Loss: 0.031, Acc: 0.999, Base Lr: 1.58e-04
2026-06-10 20:54:14 transreid.train INFO: Epoch[85] Iter[240/275] Loss: 0.031, Acc: 0.999, Base Lr: 1.58e-04
2026-06-10 20:54:17 transreid.train INFO: Epoch[85] Iter[260/275] Loss: 0.031, Acc: 0.999, Base Lr: 1.58e-04
2026-06-10 20:54:20 transreid.train INFO: Epoch 85 done. Time per epoch: 45.841[s] Speed: 382.5[samples/s]
2026-06-10 20:54:23 transreid.train INFO: Epoch[86] Iter[20/275] Loss: 0.037, Acc: 1.000, Base Lr: 1.50e-04
2026-06-10 20:54:26 transreid.train INFO: Epoch[86] Iter[40/275] Loss: 0.036, Acc: 1.000, Base Lr: 1.50e-04
2026-06-10 20:54:30 transreid.train INFO: Epoch[86] Iter[60/275] Loss: 0.035, Acc: 1.000, Base Lr: 1.50e-04
2026-06-10 20:54:33 transreid.train INFO: Epoch[86] Iter[80/275] Loss: 0.035, Acc: 1.000, Base Lr: 1.50e-04
2026-06-10 20:54:36 transreid.train INFO: Epoch[86] Iter[100/275] Loss: 0.034, Acc: 1.000, Base Lr: 1.50e-04
2026-06-10 20:54:40 transreid.train INFO: Epoch[86] Iter[120/275] Loss: 0.033, Acc: 1.000, Base Lr: 1.50e-04
2026-06-10 20:54:43 transreid.train INFO: Epoch[86] Iter[140/275] Loss: 0.036, Acc: 1.000, Base Lr: 1.50e-04
2026-06-10 20:54:46 transreid.train INFO: Epoch[86] Iter[160/275] Loss: 0.035, Acc: 1.000, Base Lr: 1.50e-04
2026-06-10 20:54:50 transreid.train INFO: Epoch[86] Iter[180/275] Loss: 0.037, Acc: 0.999, Base Lr: 1.50e-04
2026-06-10 20:54:53 transreid.train INFO: Epoch[86] Iter[200/275] Loss: 0.036, Acc: 0.999, Base Lr: 1.50e-04
2026-06-10 20:54:56 transreid.train INFO: Epoch[86] Iter[220/275] Loss: 0.036, Acc: 0.999, Base Lr: 1.50e-04
2026-06-10 20:55:00 transreid.train INFO: Epoch[86] Iter[240/275] Loss: 0.035, Acc: 0.999, Base Lr: 1.50e-04
2026-06-10 20:55:03 transreid.train INFO: Epoch[86] Iter[260/275] Loss: 0.035, Acc: 0.999, Base Lr: 1.50e-04
2026-06-10 20:55:05 transreid.train INFO: Epoch 86 done. Time per epoch: 45.827[s] Speed: 382.7[samples/s]
2026-06-10 20:55:09 transreid.train INFO: Epoch[87] Iter[20/275] Loss: 0.042, Acc: 0.999, Base Lr: 1.42e-04
2026-06-10 20:55:12 transreid.train INFO: Epoch[87] Iter[40/275] Loss: 0.041, Acc: 0.998, Base Lr: 1.42e-04
2026-06-10 20:55:16 transreid.train INFO: Epoch[87] Iter[60/275] Loss: 0.039, Acc: 0.999, Base Lr: 1.42e-04
2026-06-10 20:55:19 transreid.train INFO: Epoch[87] Iter[80/275] Loss: 0.037, Acc: 0.999, Base Lr: 1.42e-04
2026-06-10 20:55:22 transreid.train INFO: Epoch[87] Iter[100/275] Loss: 0.037, Acc: 0.999, Base Lr: 1.42e-04
2026-06-10 20:55:26 transreid.train INFO: Epoch[87] Iter[120/275] Loss: 0.035, Acc: 0.999, Base Lr: 1.42e-04
2026-06-10 20:55:29 transreid.train INFO: Epoch[87] Iter[140/275] Loss: 0.034, Acc: 0.999, Base Lr: 1.42e-04
2026-06-10 20:55:32 transreid.train INFO: Epoch[87] Iter[160/275] Loss: 0.033, Acc: 0.999, Base Lr: 1.42e-04
2026-06-10 20:55:36 transreid.train INFO: Epoch[87] Iter[180/275] Loss: 0.034, Acc: 0.999, Base Lr: 1.42e-04
2026-06-10 20:55:39 transreid.train INFO: Epoch[87] Iter[200/275] Loss: 0.033, Acc: 0.999, Base Lr: 1.42e-04
2026-06-10 20:55:42 transreid.train INFO: Epoch[87] Iter[220/275] Loss: 0.033, Acc: 0.999, Base Lr: 1.42e-04
2026-06-10 20:55:46 transreid.train INFO: Epoch[87] Iter[240/275] Loss: 0.032, Acc: 0.999, Base Lr: 1.42e-04
2026-06-10 20:55:49 transreid.train INFO: Epoch[87] Iter[260/275] Loss: 0.032, Acc: 0.999, Base Lr: 1.42e-04
2026-06-10 20:55:51 transreid.train INFO: Epoch 87 done. Time per epoch: 45.832[s] Speed: 382.6[samples/s]
2026-06-10 20:55:55 transreid.train INFO: Epoch[88] Iter[20/275] Loss: 0.035, Acc: 1.000, Base Lr: 1.34e-04
2026-06-10 20:55:58 transreid.train INFO: Epoch[88] Iter[40/275] Loss: 0.034, Acc: 1.000, Base Lr: 1.34e-04
2026-06-10 20:56:01 transreid.train INFO: Epoch[88] Iter[60/275] Loss: 0.034, Acc: 1.000, Base Lr: 1.34e-04
2026-06-10 20:56:05 transreid.train INFO: Epoch[88] Iter[80/275] Loss: 0.034, Acc: 1.000, Base Lr: 1.34e-04
2026-06-10 20:56:08 transreid.train INFO: Epoch[88] Iter[100/275] Loss: 0.034, Acc: 1.000, Base Lr: 1.34e-04
2026-06-10 20:56:11 transreid.train INFO: Epoch[88] Iter[120/275] Loss: 0.033, Acc: 1.000, Base Lr: 1.34e-04
2026-06-10 20:56:15 transreid.train INFO: Epoch[88] Iter[140/275] Loss: 0.032, Acc: 1.000, Base Lr: 1.34e-04
2026-06-10 20:56:18 transreid.train INFO: Epoch[88] Iter[160/275] Loss: 0.032, Acc: 1.000, Base Lr: 1.34e-04
2026-06-10 20:56:21 transreid.train INFO: Epoch[88] Iter[180/275] Loss: 0.031, Acc: 1.000, Base Lr: 1.34e-04
2026-06-10 20:56:25 transreid.train INFO: Epoch[88] Iter[200/275] Loss: 0.031, Acc: 1.000, Base Lr: 1.34e-04
2026-06-10 20:56:28 transreid.train INFO: Epoch[88] Iter[220/275] Loss: 0.030, Acc: 1.000, Base Lr: 1.34e-04
2026-06-10 20:56:31 transreid.train INFO: Epoch[88] Iter[240/275] Loss: 0.030, Acc: 0.999, Base Lr: 1.34e-04
2026-06-10 20:56:35 transreid.train INFO: Epoch[88] Iter[260/275] Loss: 0.030, Acc: 0.999, Base Lr: 1.34e-04
2026-06-10 20:56:37 transreid.train INFO: Epoch 88 done. Time per epoch: 45.838[s] Speed: 382.6[samples/s]
2026-06-10 20:56:41 transreid.train INFO: Epoch[89] Iter[20/275] Loss: 0.039, Acc: 0.998, Base Lr: 1.26e-04
2026-06-10 20:56:44 transreid.train INFO: Epoch[89] Iter[40/275] Loss: 0.037, Acc: 0.999, Base Lr: 1.26e-04
2026-06-10 20:56:47 transreid.train INFO: Epoch[89] Iter[60/275] Loss: 0.036, Acc: 0.999, Base Lr: 1.26e-04
2026-06-10 20:56:51 transreid.train INFO: Epoch[89] Iter[80/275] Loss: 0.035, Acc: 0.999, Base Lr: 1.26e-04
2026-06-10 20:56:54 transreid.train INFO: Epoch[89] Iter[100/275] Loss: 0.034, Acc: 0.999, Base Lr: 1.26e-04
2026-06-10 20:56:57 transreid.train INFO: Epoch[89] Iter[120/275] Loss: 0.034, Acc: 0.999, Base Lr: 1.26e-04
2026-06-10 20:57:01 transreid.train INFO: Epoch[89] Iter[140/275] Loss: 0.034, Acc: 0.999, Base Lr: 1.26e-04
2026-06-10 20:57:04 transreid.train INFO: Epoch[89] Iter[160/275] Loss: 0.033, Acc: 0.999, Base Lr: 1.26e-04
2026-06-10 20:57:07 transreid.train INFO: Epoch[89] Iter[180/275] Loss: 0.033, Acc: 0.999, Base Lr: 1.26e-04
2026-06-10 20:57:11 transreid.train INFO: Epoch[89] Iter[200/275] Loss: 0.032, Acc: 0.999, Base Lr: 1.26e-04
2026-06-10 20:57:14 transreid.train INFO: Epoch[89] Iter[220/275] Loss: 0.032, Acc: 0.999, Base Lr: 1.26e-04
2026-06-10 20:57:17 transreid.train INFO: Epoch[89] Iter[240/275] Loss: 0.031, Acc: 0.999, Base Lr: 1.26e-04
2026-06-10 20:57:21 transreid.train INFO: Epoch[89] Iter[260/275] Loss: 0.031, Acc: 0.999, Base Lr: 1.26e-04
2026-06-10 20:57:23 transreid.train INFO: Epoch 89 done. Time per epoch: 45.665[s] Speed: 382.6[samples/s]
2026-06-10 20:57:26 transreid.train INFO: Epoch[90] Iter[20/275] Loss: 0.035, Acc: 1.000, Base Lr: 1.19e-04
2026-06-10 20:57:30 transreid.train INFO: Epoch[90] Iter[40/275] Loss: 0.035, Acc: 1.000, Base Lr: 1.19e-04
2026-06-10 20:57:33 transreid.train INFO: Epoch[90] Iter[60/275] Loss: 0.035, Acc: 1.000, Base Lr: 1.19e-04
2026-06-10 20:57:36 transreid.train INFO: Epoch[90] Iter[80/275] Loss: 0.034, Acc: 1.000, Base Lr: 1.19e-04
2026-06-10 20:57:40 transreid.train INFO: Epoch[90] Iter[100/275] Loss: 0.033, Acc: 1.000, Base Lr: 1.19e-04
2026-06-10 20:57:43 transreid.train INFO: Epoch[90] Iter[120/275] Loss: 0.032, Acc: 1.000, Base Lr: 1.19e-04
2026-06-10 20:57:46 transreid.train INFO: Epoch[90] Iter[140/275] Loss: 0.031, Acc: 1.000, Base Lr: 1.19e-04
2026-06-10 20:57:50 transreid.train INFO: Epoch[90] Iter[160/275] Loss: 0.031, Acc: 1.000, Base Lr: 1.19e-04
2026-06-10 20:57:53 transreid.train INFO: Epoch[90] Iter[180/275] Loss: 0.031, Acc: 1.000, Base Lr: 1.19e-04
2026-06-10 20:57:56 transreid.train INFO: Epoch[90] Iter[200/275] Loss: 0.031, Acc: 1.000, Base Lr: 1.19e-04
2026-06-10 20:58:00 transreid.train INFO: Epoch[90] Iter[220/275] Loss: 0.030, Acc: 1.000, Base Lr: 1.19e-04
2026-06-10 20:58:03 transreid.train INFO: Epoch[90] Iter[240/275] Loss: 0.030, Acc: 1.000, Base Lr: 1.19e-04
2026-06-10 20:58:06 transreid.train INFO: Epoch[90] Iter[260/275] Loss: 0.030, Acc: 0.999, Base Lr: 1.19e-04
2026-06-10 20:58:09 transreid.train INFO: Epoch 90 done. Time per epoch: 45.838[s] Speed: 382.6[samples/s]
2026-06-10 20:58:12 transreid.train INFO: Epoch[91] Iter[20/275] Loss: 0.039, Acc: 0.999, Base Lr: 1.11e-04
2026-06-10 20:58:15 transreid.train INFO: Epoch[91] Iter[40/275] Loss: 0.037, Acc: 0.998, Base Lr: 1.11e-04
2026-06-10 20:58:19 transreid.train INFO: Epoch[91] Iter[60/275] Loss: 0.036, Acc: 0.998, Base Lr: 1.11e-04
2026-06-10 20:58:22 transreid.train INFO: Epoch[91] Iter[80/275] Loss: 0.036, Acc: 0.998, Base Lr: 1.11e-04
2026-06-10 20:58:25 transreid.train INFO: Epoch[91] Iter[100/275] Loss: 0.035, Acc: 0.998, Base Lr: 1.11e-04
2026-06-10 20:58:29 transreid.train INFO: Epoch[91] Iter[120/275] Loss: 0.034, Acc: 0.999, Base Lr: 1.11e-04
2026-06-10 20:58:32 transreid.train INFO: Epoch[91] Iter[140/275] Loss: 0.033, Acc: 0.999, Base Lr: 1.11e-04
2026-06-10 20:58:35 transreid.train INFO: Epoch[91] Iter[160/275] Loss: 0.032, Acc: 0.999, Base Lr: 1.11e-04
2026-06-10 20:58:39 transreid.train INFO: Epoch[91] Iter[180/275] Loss: 0.032, Acc: 0.999, Base Lr: 1.11e-04
2026-06-10 20:58:42 transreid.train INFO: Epoch[91] Iter[200/275] Loss: 0.031, Acc: 0.999, Base Lr: 1.11e-04
2026-06-10 20:58:45 transreid.train INFO: Epoch[91] Iter[220/275] Loss: 0.031, Acc: 0.999, Base Lr: 1.11e-04
2026-06-10 20:58:49 transreid.train INFO: Epoch[91] Iter[240/275] Loss: 0.030, Acc: 0.999, Base Lr: 1.11e-04
2026-06-10 20:58:52 transreid.train INFO: Epoch[91] Iter[260/275] Loss: 0.030, Acc: 0.999, Base Lr: 1.11e-04
2026-06-10 20:58:54 transreid.train INFO: Epoch 91 done. Time per epoch: 45.817[s] Speed: 382.7[samples/s]
2026-06-10 20:58:58 transreid.train INFO: Epoch[92] Iter[20/275] Loss: 0.036, Acc: 0.999, Base Lr: 1.04e-04
2026-06-10 20:59:01 transreid.train INFO: Epoch[92] Iter[40/275] Loss: 0.035, Acc: 1.000, Base Lr: 1.04e-04
2026-06-10 20:59:05 transreid.train INFO: Epoch[92] Iter[60/275] Loss: 0.034, Acc: 0.999, Base Lr: 1.04e-04
2026-06-10 20:59:08 transreid.train INFO: Epoch[92] Iter[80/275] Loss: 0.034, Acc: 0.999, Base Lr: 1.04e-04
2026-06-10 20:59:11 transreid.train INFO: Epoch[92] Iter[100/275] Loss: 0.033, Acc: 0.999, Base Lr: 1.04e-04
2026-06-10 20:59:15 transreid.train INFO: Epoch[92] Iter[120/275] Loss: 0.033, Acc: 0.999, Base Lr: 1.04e-04
2026-06-10 20:59:18 transreid.train INFO: Epoch[92] Iter[140/275] Loss: 0.032, Acc: 0.999, Base Lr: 1.04e-04
2026-06-10 20:59:21 transreid.train INFO: Epoch[92] Iter[160/275] Loss: 0.031, Acc: 0.999, Base Lr: 1.04e-04
2026-06-10 20:59:25 transreid.train INFO: Epoch[92] Iter[180/275] Loss: 0.031, Acc: 0.999, Base Lr: 1.04e-04
2026-06-10 20:59:28 transreid.train INFO: Epoch[92] Iter[200/275] Loss: 0.030, Acc: 0.999, Base Lr: 1.04e-04
2026-06-10 20:59:31 transreid.train INFO: Epoch[92] Iter[220/275] Loss: 0.030, Acc: 0.999, Base Lr: 1.04e-04
2026-06-10 20:59:35 transreid.train INFO: Epoch[92] Iter[240/275] Loss: 0.029, Acc: 0.999, Base Lr: 1.04e-04
2026-06-10 20:59:38 transreid.train INFO: Epoch[92] Iter[260/275] Loss: 0.029, Acc: 0.999, Base Lr: 1.04e-04
2026-06-10 20:59:40 transreid.train INFO: Epoch 92 done. Time per epoch: 45.841[s] Speed: 382.5[samples/s]
2026-06-10 20:59:44 transreid.train INFO: Epoch[93] Iter[20/275] Loss: 0.036, Acc: 1.000, Base Lr: 9.72e-05
2026-06-10 20:59:47 transreid.train INFO: Epoch[93] Iter[40/275] Loss: 0.034, Acc: 1.000, Base Lr: 9.72e-05
2026-06-10 20:59:50 transreid.train INFO: Epoch[93] Iter[60/275] Loss: 0.033, Acc: 1.000, Base Lr: 9.72e-05
2026-06-10 20:59:54 transreid.train INFO: Epoch[93] Iter[80/275] Loss: 0.034, Acc: 0.999, Base Lr: 9.72e-05
2026-06-10 20:59:57 transreid.train INFO: Epoch[93] Iter[100/275] Loss: 0.034, Acc: 0.999, Base Lr: 9.72e-05
2026-06-10 21:00:00 transreid.train INFO: Epoch[93] Iter[120/275] Loss: 0.033, Acc: 0.999, Base Lr: 9.72e-05
2026-06-10 21:00:04 transreid.train INFO: Epoch[93] Iter[140/275] Loss: 0.033, Acc: 0.999, Base Lr: 9.72e-05
2026-06-10 21:00:07 transreid.train INFO: Epoch[93] Iter[160/275] Loss: 0.032, Acc: 0.999, Base Lr: 9.72e-05
2026-06-10 21:00:10 transreid.train INFO: Epoch[93] Iter[180/275] Loss: 0.032, Acc: 0.999, Base Lr: 9.72e-05
2026-06-10 21:00:14 transreid.train INFO: Epoch[93] Iter[200/275] Loss: 0.031, Acc: 0.999, Base Lr: 9.72e-05
2026-06-10 21:00:17 transreid.train INFO: Epoch[93] Iter[220/275] Loss: 0.031, Acc: 0.999, Base Lr: 9.72e-05
2026-06-10 21:00:20 transreid.train INFO: Epoch[93] Iter[240/275] Loss: 0.031, Acc: 0.999, Base Lr: 9.72e-05
2026-06-10 21:00:24 transreid.train INFO: Epoch[93] Iter[260/275] Loss: 0.030, Acc: 0.999, Base Lr: 9.72e-05
2026-06-10 21:00:26 transreid.train INFO: Epoch 93 done. Time per epoch: 45.677[s] Speed: 382.5[samples/s]
2026-06-10 21:00:29 transreid.train INFO: Epoch[94] Iter[20/275] Loss: 0.040, Acc: 0.999, Base Lr: 9.06e-05
2026-06-10 21:00:33 transreid.train INFO: Epoch[94] Iter[40/275] Loss: 0.037, Acc: 0.998, Base Lr: 9.06e-05
2026-06-10 21:00:36 transreid.train INFO: Epoch[94] Iter[60/275] Loss: 0.036, Acc: 0.998, Base Lr: 9.06e-05
2026-06-10 21:00:39 transreid.train INFO: Epoch[94] Iter[80/275] Loss: 0.035, Acc: 0.999, Base Lr: 9.06e-05
2026-06-10 21:00:43 transreid.train INFO: Epoch[94] Iter[100/275] Loss: 0.034, Acc: 0.999, Base Lr: 9.06e-05
2026-06-10 21:00:46 transreid.train INFO: Epoch[94] Iter[120/275] Loss: 0.033, Acc: 0.999, Base Lr: 9.06e-05
2026-06-10 21:00:49 transreid.train INFO: Epoch[94] Iter[140/275] Loss: 0.033, Acc: 0.999, Base Lr: 9.06e-05
2026-06-10 21:00:53 transreid.train INFO: Epoch[94] Iter[160/275] Loss: 0.033, Acc: 0.999, Base Lr: 9.06e-05
2026-06-10 21:00:56 transreid.train INFO: Epoch[94] Iter[180/275] Loss: 0.032, Acc: 0.999, Base Lr: 9.06e-05
2026-06-10 21:00:59 transreid.train INFO: Epoch[94] Iter[200/275] Loss: 0.031, Acc: 0.999, Base Lr: 9.06e-05
2026-06-10 21:01:03 transreid.train INFO: Epoch[94] Iter[220/275] Loss: 0.031, Acc: 0.999, Base Lr: 9.06e-05
2026-06-10 21:01:06 transreid.train INFO: Epoch[94] Iter[240/275] Loss: 0.030, Acc: 0.999, Base Lr: 9.06e-05
2026-06-10 21:01:09 transreid.train INFO: Epoch[94] Iter[260/275] Loss: 0.030, Acc: 0.999, Base Lr: 9.06e-05
2026-06-10 21:01:12 transreid.train INFO: Epoch 94 done. Time per epoch: 45.674[s] Speed: 382.5[samples/s]
2026-06-10 21:01:15 transreid.train INFO: Epoch[95] Iter[20/275] Loss: 0.034, Acc: 1.000, Base Lr: 8.41e-05
2026-06-10 21:01:18 transreid.train INFO: Epoch[95] Iter[40/275] Loss: 0.033, Acc: 1.000, Base Lr: 8.41e-05
2026-06-10 21:01:22 transreid.train INFO: Epoch[95] Iter[60/275] Loss: 0.033, Acc: 1.000, Base Lr: 8.41e-05
2026-06-10 21:01:25 transreid.train INFO: Epoch[95] Iter[80/275] Loss: 0.032, Acc: 1.000, Base Lr: 8.41e-05
2026-06-10 21:01:28 transreid.train INFO: Epoch[95] Iter[100/275] Loss: 0.032, Acc: 1.000, Base Lr: 8.41e-05
2026-06-10 21:01:32 transreid.train INFO: Epoch[95] Iter[120/275] Loss: 0.031, Acc: 0.999, Base Lr: 8.41e-05
2026-06-10 21:01:35 transreid.train INFO: Epoch[95] Iter[140/275] Loss: 0.031, Acc: 0.999, Base Lr: 8.41e-05
2026-06-10 21:01:38 transreid.train INFO: Epoch[95] Iter[160/275] Loss: 0.031, Acc: 0.999, Base Lr: 8.41e-05
2026-06-10 21:01:42 transreid.train INFO: Epoch[95] Iter[180/275] Loss: 0.031, Acc: 0.999, Base Lr: 8.41e-05
2026-06-10 21:01:45 transreid.train INFO: Epoch[95] Iter[200/275] Loss: 0.030, Acc: 0.999, Base Lr: 8.41e-05
2026-06-10 21:01:48 transreid.train INFO: Epoch[95] Iter[220/275] Loss: 0.030, Acc: 0.999, Base Lr: 8.41e-05
2026-06-10 21:01:52 transreid.train INFO: Epoch[95] Iter[240/275] Loss: 0.030, Acc: 0.999, Base Lr: 8.41e-05
2026-06-10 21:01:55 transreid.train INFO: Epoch[95] Iter[260/275] Loss: 0.029, Acc: 0.999, Base Lr: 8.41e-05
2026-06-10 21:01:57 transreid.train INFO: Epoch 95 done. Time per epoch: 45.660[s] Speed: 382.7[samples/s]
2026-06-10 21:02:01 transreid.train INFO: Epoch[96] Iter[20/275] Loss: 0.041, Acc: 0.998, Base Lr: 7.78e-05
2026-06-10 21:02:04 transreid.train INFO: Epoch[96] Iter[40/275] Loss: 0.036, Acc: 0.999, Base Lr: 7.78e-05
2026-06-10 21:02:07 transreid.train INFO: Epoch[96] Iter[60/275] Loss: 0.034, Acc: 0.999, Base Lr: 7.78e-05
2026-06-10 21:02:11 transreid.train INFO: Epoch[96] Iter[80/275] Loss: 0.034, Acc: 0.999, Base Lr: 7.78e-05
2026-06-10 21:02:14 transreid.train INFO: Epoch[96] Iter[100/275] Loss: 0.033, Acc: 0.999, Base Lr: 7.78e-05
2026-06-10 21:02:17 transreid.train INFO: Epoch[96] Iter[120/275] Loss: 0.032, Acc: 0.999, Base Lr: 7.78e-05
2026-06-10 21:02:21 transreid.train INFO: Epoch[96] Iter[140/275] Loss: 0.031, Acc: 0.999, Base Lr: 7.78e-05
2026-06-10 21:02:24 transreid.train INFO: Epoch[96] Iter[160/275] Loss: 0.031, Acc: 1.000, Base Lr: 7.78e-05
2026-06-10 21:02:27 transreid.train INFO: Epoch[96] Iter[180/275] Loss: 0.030, Acc: 1.000, Base Lr: 7.78e-05
2026-06-10 21:02:31 transreid.train INFO: Epoch[96] Iter[200/275] Loss: 0.030, Acc: 1.000, Base Lr: 7.78e-05
2026-06-10 21:02:34 transreid.train INFO: Epoch[96] Iter[220/275] Loss: 0.030, Acc: 1.000, Base Lr: 7.78e-05
2026-06-10 21:02:37 transreid.train INFO: Epoch[96] Iter[240/275] Loss: 0.029, Acc: 0.999, Base Lr: 7.78e-05
2026-06-10 21:02:41 transreid.train INFO: Epoch[96] Iter[260/275] Loss: 0.029, Acc: 0.999, Base Lr: 7.78e-05
2026-06-10 21:02:43 transreid.train INFO: Epoch 96 done. Time per epoch: 45.677[s] Speed: 382.5[samples/s]
2026-06-10 21:02:46 transreid.train INFO: Epoch[97] Iter[20/275] Loss: 0.040, Acc: 0.998, Base Lr: 7.18e-05
2026-06-10 21:02:50 transreid.train INFO: Epoch[97] Iter[40/275] Loss: 0.040, Acc: 0.998, Base Lr: 7.18e-05
2026-06-10 21:02:53 transreid.train INFO: Epoch[97] Iter[60/275] Loss: 0.036, Acc: 0.998, Base Lr: 7.18e-05
2026-06-10 21:02:56 transreid.train INFO: Epoch[97] Iter[80/275] Loss: 0.036, Acc: 0.999, Base Lr: 7.18e-05
2026-06-10 21:03:00 transreid.train INFO: Epoch[97] Iter[100/275] Loss: 0.034, Acc: 0.999, Base Lr: 7.18e-05
2026-06-10 21:03:03 transreid.train INFO: Epoch[97] Iter[120/275] Loss: 0.033, Acc: 0.999, Base Lr: 7.18e-05
2026-06-10 21:03:06 transreid.train INFO: Epoch[97] Iter[140/275] Loss: 0.032, Acc: 0.999, Base Lr: 7.18e-05
2026-06-10 21:03:10 transreid.train INFO: Epoch[97] Iter[160/275] Loss: 0.032, Acc: 0.999, Base Lr: 7.18e-05
2026-06-10 21:03:13 transreid.train INFO: Epoch[97] Iter[180/275] Loss: 0.031, Acc: 0.999, Base Lr: 7.18e-05
2026-06-10 21:03:16 transreid.train INFO: Epoch[97] Iter[200/275] Loss: 0.030, Acc: 0.999, Base Lr: 7.18e-05
2026-06-10 21:03:20 transreid.train INFO: Epoch[97] Iter[220/275] Loss: 0.030, Acc: 0.999, Base Lr: 7.18e-05
2026-06-10 21:03:23 transreid.train INFO: Epoch[97] Iter[240/275] Loss: 0.030, Acc: 0.999, Base Lr: 7.18e-05
2026-06-10 21:03:26 transreid.train INFO: Epoch[97] Iter[260/275] Loss: 0.029, Acc: 0.999, Base Lr: 7.18e-05
2026-06-10 21:03:29 transreid.train INFO: Epoch 97 done. Time per epoch: 45.672[s] Speed: 382.6[samples/s]
2026-06-10 21:03:32 transreid.train INFO: Epoch[98] Iter[20/275] Loss: 0.035, Acc: 1.000, Base Lr: 6.60e-05
2026-06-10 21:03:35 transreid.train INFO: Epoch[98] Iter[40/275] Loss: 0.048, Acc: 0.999, Base Lr: 6.60e-05
2026-06-10 21:03:39 transreid.train INFO: Epoch[98] Iter[60/275] Loss: 0.043, Acc: 0.999, Base Lr: 6.60e-05
2026-06-10 21:03:42 transreid.train INFO: Epoch[98] Iter[80/275] Loss: 0.040, Acc: 0.999, Base Lr: 6.60e-05
2026-06-10 21:03:45 transreid.train INFO: Epoch[98] Iter[100/275] Loss: 0.038, Acc: 0.999, Base Lr: 6.60e-05
2026-06-10 21:03:49 transreid.train INFO: Epoch[98] Iter[120/275] Loss: 0.037, Acc: 0.999, Base Lr: 6.60e-05
2026-06-10 21:03:52 transreid.train INFO: Epoch[98] Iter[140/275] Loss: 0.037, Acc: 0.999, Base Lr: 6.60e-05
2026-06-10 21:03:55 transreid.train INFO: Epoch[98] Iter[160/275] Loss: 0.036, Acc: 0.999, Base Lr: 6.60e-05
2026-06-10 21:03:59 transreid.train INFO: Epoch[98] Iter[180/275] Loss: 0.034, Acc: 0.999, Base Lr: 6.60e-05
2026-06-10 21:04:02 transreid.train INFO: Epoch[98] Iter[200/275] Loss: 0.034, Acc: 0.999, Base Lr: 6.60e-05
2026-06-10 21:04:05 transreid.train INFO: Epoch[98] Iter[220/275] Loss: 0.033, Acc: 0.999, Base Lr: 6.60e-05
2026-06-10 21:04:09 transreid.train INFO: Epoch[98] Iter[240/275] Loss: 0.032, Acc: 0.999, Base Lr: 6.60e-05
2026-06-10 21:04:12 transreid.train INFO: Epoch[98] Iter[260/275] Loss: 0.032, Acc: 0.999, Base Lr: 6.60e-05
2026-06-10 21:04:14 transreid.train INFO: Epoch 98 done. Time per epoch: 45.810[s] Speed: 382.8[samples/s]
2026-06-10 21:04:18 transreid.train INFO: Epoch[99] Iter[20/275] Loss: 0.039, Acc: 1.000, Base Lr: 6.04e-05
2026-06-10 21:04:21 transreid.train INFO: Epoch[99] Iter[40/275] Loss: 0.037, Acc: 1.000, Base Lr: 6.04e-05
2026-06-10 21:04:25 transreid.train INFO: Epoch[99] Iter[60/275] Loss: 0.037, Acc: 0.999, Base Lr: 6.04e-05
2026-06-10 21:04:28 transreid.train INFO: Epoch[99] Iter[80/275] Loss: 0.036, Acc: 1.000, Base Lr: 6.04e-05
2026-06-10 21:04:31 transreid.train INFO: Epoch[99] Iter[100/275] Loss: 0.034, Acc: 1.000, Base Lr: 6.04e-05
2026-06-10 21:04:35 transreid.train INFO: Epoch[99] Iter[120/275] Loss: 0.033, Acc: 1.000, Base Lr: 6.04e-05
2026-06-10 21:04:38 transreid.train INFO: Epoch[99] Iter[140/275] Loss: 0.032, Acc: 1.000, Base Lr: 6.04e-05
2026-06-10 21:04:41 transreid.train INFO: Epoch[99] Iter[160/275] Loss: 0.031, Acc: 1.000, Base Lr: 6.04e-05
2026-06-10 21:04:45 transreid.train INFO: Epoch[99] Iter[180/275] Loss: 0.031, Acc: 1.000, Base Lr: 6.04e-05
2026-06-10 21:04:48 transreid.train INFO: Epoch[99] Iter[200/275] Loss: 0.030, Acc: 1.000, Base Lr: 6.04e-05
2026-06-10 21:04:51 transreid.train INFO: Epoch[99] Iter[220/275] Loss: 0.029, Acc: 1.000, Base Lr: 6.04e-05
2026-06-10 21:04:55 transreid.train INFO: Epoch[99] Iter[240/275] Loss: 0.029, Acc: 1.000, Base Lr: 6.04e-05
2026-06-10 21:04:58 transreid.train INFO: Epoch[99] Iter[260/275] Loss: 0.029, Acc: 1.000, Base Lr: 6.04e-05
2026-06-10 21:05:00 transreid.train INFO: Epoch 99 done. Time per epoch: 45.845[s] Speed: 382.5[samples/s]
2026-06-10 21:05:04 transreid.train INFO: Epoch[100] Iter[20/275] Loss: 0.038, Acc: 0.998, Base Lr: 5.51e-05
2026-06-10 21:05:07 transreid.train INFO: Epoch[100] Iter[40/275] Loss: 0.037, Acc: 0.999, Base Lr: 5.51e-05
2026-06-10 21:05:10 transreid.train INFO: Epoch[100] Iter[60/275] Loss: 0.035, Acc: 0.999, Base Lr: 5.51e-05
2026-06-10 21:05:14 transreid.train INFO: Epoch[100] Iter[80/275] Loss: 0.034, Acc: 0.999, Base Lr: 5.51e-05
2026-06-10 21:05:17 transreid.train INFO: Epoch[100] Iter[100/275] Loss: 0.034, Acc: 0.999, Base Lr: 5.51e-05
2026-06-10 21:05:20 transreid.train INFO: Epoch[100] Iter[120/275] Loss: 0.033, Acc: 0.999, Base Lr: 5.51e-05
2026-06-10 21:05:24 transreid.train INFO: Epoch[100] Iter[140/275] Loss: 0.033, Acc: 0.999, Base Lr: 5.51e-05
2026-06-10 21:05:27 transreid.train INFO: Epoch[100] Iter[160/275] Loss: 0.032, Acc: 0.999, Base Lr: 5.51e-05
2026-06-10 21:05:30 transreid.train INFO: Epoch[100] Iter[180/275] Loss: 0.031, Acc: 0.999, Base Lr: 5.51e-05
2026-06-10 21:05:34 transreid.train INFO: Epoch[100] Iter[200/275] Loss: 0.031, Acc: 0.999, Base Lr: 5.51e-05
2026-06-10 21:05:37 transreid.train INFO: Epoch[100] Iter[220/275] Loss: 0.030, Acc: 0.999, Base Lr: 5.51e-05
2026-06-10 21:05:40 transreid.train INFO: Epoch[100] Iter[240/275] Loss: 0.030, Acc: 0.999, Base Lr: 5.51e-05
2026-06-10 21:05:44 transreid.train INFO: Epoch[100] Iter[260/275] Loss: 0.030, Acc: 0.999, Base Lr: 5.51e-05
2026-06-10 21:05:46 transreid.train INFO: Epoch 100 done. Time per epoch: 45.842[s] Speed: 382.5[samples/s]
The test feature is normalized
=> Computing DistMat with euclidean_distance
2026-06-10 21:06:08 transreid.train INFO: Validation Results - Epoch: 100
2026-06-10 21:06:08 transreid.train INFO: mAP: 77.5%
2026-06-10 21:06:08 transreid.train INFO: CMC curve, Rank-1  :86.1%
2026-06-10 21:06:08 transreid.train INFO: CMC curve, Rank-5  :93.7%
2026-06-10 21:06:08 transreid.train INFO: CMC curve, Rank-10 :96.4%
2026-06-10 21:06:12 transreid.train INFO: Epoch[101] Iter[20/275] Loss: 0.035, Acc: 1.000, Base Lr: 5.00e-05
2026-06-10 21:06:15 transreid.train INFO: Epoch[101] Iter[40/275] Loss: 0.034, Acc: 1.000, Base Lr: 5.00e-05
2026-06-10 21:06:19 transreid.train INFO: Epoch[101] Iter[60/275] Loss: 0.033, Acc: 1.000, Base Lr: 5.00e-05
2026-06-10 21:06:22 transreid.train INFO: Epoch[101] Iter[80/275] Loss: 0.032, Acc: 1.000, Base Lr: 5.00e-05
2026-06-10 21:06:25 transreid.train INFO: Epoch[101] Iter[100/275] Loss: 0.032, Acc: 1.000, Base Lr: 5.00e-05
2026-06-10 21:06:29 transreid.train INFO: Epoch[101] Iter[120/275] Loss: 0.032, Acc: 1.000, Base Lr: 5.00e-05
2026-06-10 21:06:32 transreid.train INFO: Epoch[101] Iter[140/275] Loss: 0.031, Acc: 1.000, Base Lr: 5.00e-05
2026-06-10 21:06:35 transreid.train INFO: Epoch[101] Iter[160/275] Loss: 0.031, Acc: 1.000, Base Lr: 5.00e-05
2026-06-10 21:06:39 transreid.train INFO: Epoch[101] Iter[180/275] Loss: 0.031, Acc: 0.999, Base Lr: 5.00e-05
2026-06-10 21:06:42 transreid.train INFO: Epoch[101] Iter[200/275] Loss: 0.030, Acc: 1.000, Base Lr: 5.00e-05
2026-06-10 21:06:45 transreid.train INFO: Epoch[101] Iter[220/275] Loss: 0.029, Acc: 1.000, Base Lr: 5.00e-05
2026-06-10 21:06:49 transreid.train INFO: Epoch[101] Iter[240/275] Loss: 0.029, Acc: 0.999, Base Lr: 5.00e-05
2026-06-10 21:06:52 transreid.train INFO: Epoch[101] Iter[260/275] Loss: 0.029, Acc: 0.999, Base Lr: 5.00e-05
2026-06-10 21:06:54 transreid.train INFO: Epoch 101 done. Time per epoch: 45.665[s] Speed: 382.6[samples/s]
2026-06-10 21:06:58 transreid.train INFO: Epoch[102] Iter[20/275] Loss: 0.036, Acc: 0.999, Base Lr: 4.51e-05
2026-06-10 21:07:01 transreid.train INFO: Epoch[102] Iter[40/275] Loss: 0.036, Acc: 0.999, Base Lr: 4.51e-05
2026-06-10 21:07:04 transreid.train INFO: Epoch[102] Iter[60/275] Loss: 0.034, Acc: 0.999, Base Lr: 4.51e-05
2026-06-10 21:07:08 transreid.train INFO: Epoch[102] Iter[80/275] Loss: 0.034, Acc: 0.999, Base Lr: 4.51e-05
2026-06-10 21:07:11 transreid.train INFO: Epoch[102] Iter[100/275] Loss: 0.033, Acc: 1.000, Base Lr: 4.51e-05
2026-06-10 21:07:14 transreid.train INFO: Epoch[102] Iter[120/275] Loss: 0.032, Acc: 1.000, Base Lr: 4.51e-05
2026-06-10 21:07:18 transreid.train INFO: Epoch[102] Iter[140/275] Loss: 0.032, Acc: 1.000, Base Lr: 4.51e-05
2026-06-10 21:07:21 transreid.train INFO: Epoch[102] Iter[160/275] Loss: 0.031, Acc: 1.000, Base Lr: 4.51e-05
2026-06-10 21:07:24 transreid.train INFO: Epoch[102] Iter[180/275] Loss: 0.031, Acc: 0.999, Base Lr: 4.51e-05
2026-06-10 21:07:28 transreid.train INFO: Epoch[102] Iter[200/275] Loss: 0.030, Acc: 0.999, Base Lr: 4.51e-05
2026-06-10 21:07:31 transreid.train INFO: Epoch[102] Iter[220/275] Loss: 0.030, Acc: 0.999, Base Lr: 4.51e-05
2026-06-10 21:07:34 transreid.train INFO: Epoch[102] Iter[240/275] Loss: 0.030, Acc: 0.999, Base Lr: 4.51e-05
2026-06-10 21:07:38 transreid.train INFO: Epoch[102] Iter[260/275] Loss: 0.029, Acc: 0.999, Base Lr: 4.51e-05
2026-06-10 21:07:40 transreid.train INFO: Epoch 102 done. Time per epoch: 45.691[s] Speed: 382.4[samples/s]
2026-06-10 21:07:43 transreid.train INFO: Epoch[103] Iter[20/275] Loss: 0.038, Acc: 0.999, Base Lr: 4.05e-05
2026-06-10 21:07:47 transreid.train INFO: Epoch[103] Iter[40/275] Loss: 0.038, Acc: 0.999, Base Lr: 4.05e-05
2026-06-10 21:07:50 transreid.train INFO: Epoch[103] Iter[60/275] Loss: 0.035, Acc: 0.999, Base Lr: 4.05e-05
2026-06-10 21:07:53 transreid.train INFO: Epoch[103] Iter[80/275] Loss: 0.034, Acc: 0.999, Base Lr: 4.05e-05
2026-06-10 21:07:57 transreid.train INFO: Epoch[103] Iter[100/275] Loss: 0.033, Acc: 0.999, Base Lr: 4.05e-05
2026-06-10 21:08:00 transreid.train INFO: Epoch[103] Iter[120/275] Loss: 0.032, Acc: 0.999, Base Lr: 4.05e-05
2026-06-10 21:08:03 transreid.train INFO: Epoch[103] Iter[140/275] Loss: 0.031, Acc: 0.999, Base Lr: 4.05e-05
2026-06-10 21:08:07 transreid.train INFO: Epoch[103] Iter[160/275] Loss: 0.031, Acc: 1.000, Base Lr: 4.05e-05
2026-06-10 21:08:10 transreid.train INFO: Epoch[103] Iter[180/275] Loss: 0.030, Acc: 0.999, Base Lr: 4.05e-05
2026-06-10 21:08:13 transreid.train INFO: Epoch[103] Iter[200/275] Loss: 0.030, Acc: 0.999, Base Lr: 4.05e-05
2026-06-10 21:08:17 transreid.train INFO: Epoch[103] Iter[220/275] Loss: 0.029, Acc: 0.999, Base Lr: 4.05e-05
2026-06-10 21:08:20 transreid.train INFO: Epoch[103] Iter[240/275] Loss: 0.029, Acc: 0.999, Base Lr: 4.05e-05
2026-06-10 21:08:23 transreid.train INFO: Epoch[103] Iter[260/275] Loss: 0.029, Acc: 0.999, Base Lr: 4.05e-05
2026-06-10 21:08:25 transreid.train INFO: Epoch 103 done. Time per epoch: 45.670[s] Speed: 382.6[samples/s]
2026-06-10 21:08:29 transreid.train INFO: Epoch[104] Iter[20/275] Loss: 0.036, Acc: 0.999, Base Lr: 3.61e-05
2026-06-10 21:08:32 transreid.train INFO: Epoch[104] Iter[40/275] Loss: 0.032, Acc: 1.000, Base Lr: 3.61e-05
2026-06-10 21:08:36 transreid.train INFO: Epoch[104] Iter[60/275] Loss: 0.033, Acc: 0.999, Base Lr: 3.61e-05
2026-06-10 21:08:39 transreid.train INFO: Epoch[104] Iter[80/275] Loss: 0.032, Acc: 0.999, Base Lr: 3.61e-05
2026-06-10 21:08:42 transreid.train INFO: Epoch[104] Iter[100/275] Loss: 0.032, Acc: 0.999, Base Lr: 3.61e-05
2026-06-10 21:08:46 transreid.train INFO: Epoch[104] Iter[120/275] Loss: 0.032, Acc: 0.999, Base Lr: 3.61e-05
2026-06-10 21:08:49 transreid.train INFO: Epoch[104] Iter[140/275] Loss: 0.031, Acc: 0.999, Base Lr: 3.61e-05
2026-06-10 21:08:52 transreid.train INFO: Epoch[104] Iter[160/275] Loss: 0.031, Acc: 0.999, Base Lr: 3.61e-05
2026-06-10 21:08:56 transreid.train INFO: Epoch[104] Iter[180/275] Loss: 0.031, Acc: 0.999, Base Lr: 3.61e-05
2026-06-10 21:08:59 transreid.train INFO: Epoch[104] Iter[200/275] Loss: 0.030, Acc: 0.999, Base Lr: 3.61e-05
2026-06-10 21:09:02 transreid.train INFO: Epoch[104] Iter[220/275] Loss: 0.030, Acc: 0.999, Base Lr: 3.61e-05
2026-06-10 21:09:06 transreid.train INFO: Epoch[104] Iter[240/275] Loss: 0.029, Acc: 0.999, Base Lr: 3.61e-05
2026-06-10 21:09:09 transreid.train INFO: Epoch[104] Iter[260/275] Loss: 0.029, Acc: 0.999, Base Lr: 3.61e-05
2026-06-10 21:09:11 transreid.train INFO: Epoch 104 done. Time per epoch: 45.680[s] Speed: 382.5[samples/s]
2026-06-10 21:09:15 transreid.train INFO: Epoch[105] Iter[20/275] Loss: 0.034, Acc: 1.000, Base Lr: 3.20e-05
2026-06-10 21:09:18 transreid.train INFO: Epoch[105] Iter[40/275] Loss: 0.035, Acc: 0.999, Base Lr: 3.20e-05
2026-06-10 21:09:21 transreid.train INFO: Epoch[105] Iter[60/275] Loss: 0.033, Acc: 0.999, Base Lr: 3.20e-05
2026-06-10 21:09:25 transreid.train INFO: Epoch[105] Iter[80/275] Loss: 0.032, Acc: 0.999, Base Lr: 3.20e-05
2026-06-10 21:09:28 transreid.train INFO: Epoch[105] Iter[100/275] Loss: 0.032, Acc: 0.999, Base Lr: 3.20e-05
2026-06-10 21:09:31 transreid.train INFO: Epoch[105] Iter[120/275] Loss: 0.031, Acc: 0.999, Base Lr: 3.20e-05
2026-06-10 21:09:35 transreid.train INFO: Epoch[105] Iter[140/275] Loss: 0.030, Acc: 0.999, Base Lr: 3.20e-05
2026-06-10 21:09:38 transreid.train INFO: Epoch[105] Iter[160/275] Loss: 0.030, Acc: 1.000, Base Lr: 3.20e-05
2026-06-10 21:09:41 transreid.train INFO: Epoch[105] Iter[180/275] Loss: 0.030, Acc: 0.999, Base Lr: 3.20e-05
2026-06-10 21:09:45 transreid.train INFO: Epoch[105] Iter[200/275] Loss: 0.029, Acc: 0.999, Base Lr: 3.20e-05
2026-06-10 21:09:48 transreid.train INFO: Epoch[105] Iter[220/275] Loss: 0.029, Acc: 0.999, Base Lr: 3.20e-05
2026-06-10 21:09:51 transreid.train INFO: Epoch[105] Iter[240/275] Loss: 0.028, Acc: 0.999, Base Lr: 3.20e-05
2026-06-10 21:09:55 transreid.train INFO: Epoch[105] Iter[260/275] Loss: 0.028, Acc: 0.999, Base Lr: 3.20e-05
2026-06-10 21:09:57 transreid.train INFO: Epoch 105 done. Time per epoch: 45.831[s] Speed: 382.6[samples/s]
2026-06-10 21:10:01 transreid.train INFO: Epoch[106] Iter[20/275] Loss: 0.038, Acc: 0.999, Base Lr: 2.81e-05
2026-06-10 21:10:04 transreid.train INFO: Epoch[106] Iter[40/275] Loss: 0.035, Acc: 1.000, Base Lr: 2.81e-05
2026-06-10 21:10:07 transreid.train INFO: Epoch[106] Iter[60/275] Loss: 0.035, Acc: 1.000, Base Lr: 2.81e-05
2026-06-10 21:10:11 transreid.train INFO: Epoch[106] Iter[80/275] Loss: 0.033, Acc: 1.000, Base Lr: 2.81e-05
2026-06-10 21:10:14 transreid.train INFO: Epoch[106] Iter[100/275] Loss: 0.031, Acc: 1.000, Base Lr: 2.81e-05
2026-06-10 21:10:17 transreid.train INFO: Epoch[106] Iter[120/275] Loss: 0.031, Acc: 1.000, Base Lr: 2.81e-05
2026-06-10 21:10:21 transreid.train INFO: Epoch[106] Iter[140/275] Loss: 0.031, Acc: 1.000, Base Lr: 2.81e-05
2026-06-10 21:10:24 transreid.train INFO: Epoch[106] Iter[160/275] Loss: 0.030, Acc: 1.000, Base Lr: 2.81e-05
2026-06-10 21:10:27 transreid.train INFO: Epoch[106] Iter[180/275] Loss: 0.030, Acc: 1.000, Base Lr: 2.81e-05
2026-06-10 21:10:31 transreid.train INFO: Epoch[106] Iter[200/275] Loss: 0.029, Acc: 1.000, Base Lr: 2.81e-05
2026-06-10 21:10:34 transreid.train INFO: Epoch[106] Iter[220/275] Loss: 0.029, Acc: 1.000, Base Lr: 2.81e-05
2026-06-10 21:10:37 transreid.train INFO: Epoch[106] Iter[240/275] Loss: 0.028, Acc: 1.000, Base Lr: 2.81e-05
2026-06-10 21:10:41 transreid.train INFO: Epoch[106] Iter[260/275] Loss: 0.028, Acc: 1.000, Base Lr: 2.81e-05
2026-06-10 21:10:43 transreid.train INFO: Epoch 106 done. Time per epoch: 45.904[s] Speed: 382.0[samples/s]
2026-06-10 21:10:46 transreid.train INFO: Epoch[107] Iter[20/275] Loss: 0.035, Acc: 1.000, Base Lr: 2.45e-05
2026-06-10 21:10:50 transreid.train INFO: Epoch[107] Iter[40/275] Loss: 0.034, Acc: 1.000, Base Lr: 2.45e-05
2026-06-10 21:10:53 transreid.train INFO: Epoch[107] Iter[60/275] Loss: 0.034, Acc: 0.999, Base Lr: 2.45e-05
2026-06-10 21:10:56 transreid.train INFO: Epoch[107] Iter[80/275] Loss: 0.032, Acc: 1.000, Base Lr: 2.45e-05
2026-06-10 21:11:00 transreid.train INFO: Epoch[107] Iter[100/275] Loss: 0.032, Acc: 0.999, Base Lr: 2.45e-05
2026-06-10 21:11:03 transreid.train INFO: Epoch[107] Iter[120/275] Loss: 0.031, Acc: 0.999, Base Lr: 2.45e-05
2026-06-10 21:11:06 transreid.train INFO: Epoch[107] Iter[140/275] Loss: 0.031, Acc: 0.999, Base Lr: 2.45e-05
2026-06-10 21:11:10 transreid.train INFO: Epoch[107] Iter[160/275] Loss: 0.030, Acc: 0.999, Base Lr: 2.45e-05
2026-06-10 21:11:13 transreid.train INFO: Epoch[107] Iter[180/275] Loss: 0.030, Acc: 0.999, Base Lr: 2.45e-05
2026-06-10 21:11:16 transreid.train INFO: Epoch[107] Iter[200/275] Loss: 0.030, Acc: 0.999, Base Lr: 2.45e-05
2026-06-10 21:11:20 transreid.train INFO: Epoch[107] Iter[220/275] Loss: 0.029, Acc: 0.999, Base Lr: 2.45e-05
2026-06-10 21:11:23 transreid.train INFO: Epoch[107] Iter[240/275] Loss: 0.029, Acc: 0.999, Base Lr: 2.45e-05
2026-06-10 21:11:26 transreid.train INFO: Epoch[107] Iter[260/275] Loss: 0.029, Acc: 0.999, Base Lr: 2.45e-05
2026-06-10 21:11:29 transreid.train INFO: Epoch 107 done. Time per epoch: 45.680[s] Speed: 382.5[samples/s]
2026-06-10 21:11:32 transreid.train INFO: Epoch[108] Iter[20/275] Loss: 0.037, Acc: 0.999, Base Lr: 2.11e-05
2026-06-10 21:11:35 transreid.train INFO: Epoch[108] Iter[40/275] Loss: 0.035, Acc: 1.000, Base Lr: 2.11e-05
2026-06-10 21:11:39 transreid.train INFO: Epoch[108] Iter[60/275] Loss: 0.034, Acc: 0.999, Base Lr: 2.11e-05
2026-06-10 21:11:42 transreid.train INFO: Epoch[108] Iter[80/275] Loss: 0.033, Acc: 0.999, Base Lr: 2.11e-05
2026-06-10 21:11:45 transreid.train INFO: Epoch[108] Iter[100/275] Loss: 0.032, Acc: 0.999, Base Lr: 2.11e-05
2026-06-10 21:11:49 transreid.train INFO: Epoch[108] Iter[120/275] Loss: 0.031, Acc: 0.999, Base Lr: 2.11e-05
2026-06-10 21:11:52 transreid.train INFO: Epoch[108] Iter[140/275] Loss: 0.030, Acc: 1.000, Base Lr: 2.11e-05
2026-06-10 21:11:55 transreid.train INFO: Epoch[108] Iter[160/275] Loss: 0.030, Acc: 1.000, Base Lr: 2.11e-05
2026-06-10 21:11:59 transreid.train INFO: Epoch[108] Iter[180/275] Loss: 0.030, Acc: 1.000, Base Lr: 2.11e-05
2026-06-10 21:12:02 transreid.train INFO: Epoch[108] Iter[200/275] Loss: 0.029, Acc: 1.000, Base Lr: 2.11e-05
2026-06-10 21:12:05 transreid.train INFO: Epoch[108] Iter[220/275] Loss: 0.029, Acc: 0.999, Base Lr: 2.11e-05
2026-06-10 21:12:09 transreid.train INFO: Epoch[108] Iter[240/275] Loss: 0.028, Acc: 0.999, Base Lr: 2.11e-05
2026-06-10 21:12:12 transreid.train INFO: Epoch[108] Iter[260/275] Loss: 0.028, Acc: 0.999, Base Lr: 2.11e-05
2026-06-10 21:12:14 transreid.train INFO: Epoch 108 done. Time per epoch: 45.666[s] Speed: 382.6[samples/s]
2026-06-10 21:12:18 transreid.train INFO: Epoch[109] Iter[20/275] Loss: 0.035, Acc: 0.999, Base Lr: 1.80e-05
2026-06-10 21:12:21 transreid.train INFO: Epoch[109] Iter[40/275] Loss: 0.035, Acc: 0.998, Base Lr: 1.80e-05
2026-06-10 21:12:24 transreid.train INFO: Epoch[109] Iter[60/275] Loss: 0.032, Acc: 0.999, Base Lr: 1.80e-05
2026-06-10 21:12:28 transreid.train INFO: Epoch[109] Iter[80/275] Loss: 0.031, Acc: 0.999, Base Lr: 1.80e-05
2026-06-10 21:12:31 transreid.train INFO: Epoch[109] Iter[100/275] Loss: 0.031, Acc: 0.999, Base Lr: 1.80e-05
2026-06-10 21:12:34 transreid.train INFO: Epoch[109] Iter[120/275] Loss: 0.031, Acc: 0.999, Base Lr: 1.80e-05
2026-06-10 21:12:38 transreid.train INFO: Epoch[109] Iter[140/275] Loss: 0.031, Acc: 0.999, Base Lr: 1.80e-05
2026-06-10 21:12:41 transreid.train INFO: Epoch[109] Iter[160/275] Loss: 0.031, Acc: 0.999, Base Lr: 1.80e-05
2026-06-10 21:12:44 transreid.train INFO: Epoch[109] Iter[180/275] Loss: 0.030, Acc: 0.999, Base Lr: 1.80e-05
2026-06-10 21:12:48 transreid.train INFO: Epoch[109] Iter[200/275] Loss: 0.029, Acc: 0.999, Base Lr: 1.80e-05
2026-06-10 21:12:51 transreid.train INFO: Epoch[109] Iter[220/275] Loss: 0.029, Acc: 0.999, Base Lr: 1.80e-05
2026-06-10 21:12:54 transreid.train INFO: Epoch[109] Iter[240/275] Loss: 0.029, Acc: 0.999, Base Lr: 1.80e-05
2026-06-10 21:12:58 transreid.train INFO: Epoch[109] Iter[260/275] Loss: 0.028, Acc: 0.999, Base Lr: 1.80e-05
2026-06-10 21:13:00 transreid.train INFO: Epoch 109 done. Time per epoch: 45.831[s] Speed: 382.6[samples/s]
2026-06-10 21:13:04 transreid.train INFO: Epoch[110] Iter[20/275] Loss: 0.035, Acc: 0.999, Base Lr: 1.52e-05
2026-06-10 21:13:07 transreid.train INFO: Epoch[110] Iter[40/275] Loss: 0.034, Acc: 1.000, Base Lr: 1.52e-05
2026-06-10 21:13:10 transreid.train INFO: Epoch[110] Iter[60/275] Loss: 0.033, Acc: 1.000, Base Lr: 1.52e-05
2026-06-10 21:13:14 transreid.train INFO: Epoch[110] Iter[80/275] Loss: 0.032, Acc: 1.000, Base Lr: 1.52e-05
2026-06-10 21:13:17 transreid.train INFO: Epoch[110] Iter[100/275] Loss: 0.031, Acc: 1.000, Base Lr: 1.52e-05
2026-06-10 21:13:20 transreid.train INFO: Epoch[110] Iter[120/275] Loss: 0.030, Acc: 1.000, Base Lr: 1.52e-05
2026-06-10 21:13:24 transreid.train INFO: Epoch[110] Iter[140/275] Loss: 0.029, Acc: 1.000, Base Lr: 1.52e-05
2026-06-10 21:13:27 transreid.train INFO: Epoch[110] Iter[160/275] Loss: 0.029, Acc: 1.000, Base Lr: 1.52e-05
2026-06-10 21:13:30 transreid.train INFO: Epoch[110] Iter[180/275] Loss: 0.029, Acc: 1.000, Base Lr: 1.52e-05
2026-06-10 21:13:34 transreid.train INFO: Epoch[110] Iter[200/275] Loss: 0.028, Acc: 1.000, Base Lr: 1.52e-05
2026-06-10 21:13:37 transreid.train INFO: Epoch[110] Iter[220/275] Loss: 0.028, Acc: 1.000, Base Lr: 1.52e-05
2026-06-10 21:13:40 transreid.train INFO: Epoch[110] Iter[240/275] Loss: 0.028, Acc: 1.000, Base Lr: 1.52e-05
2026-06-10 21:13:44 transreid.train INFO: Epoch[110] Iter[260/275] Loss: 0.028, Acc: 1.000, Base Lr: 1.52e-05
2026-06-10 21:13:46 transreid.train INFO: Epoch 110 done. Time per epoch: 45.693[s] Speed: 382.4[samples/s]
2026-06-10 21:13:49 transreid.train INFO: Epoch[111] Iter[20/275] Loss: 0.034, Acc: 1.000, Base Lr: 1.26e-05
2026-06-10 21:13:53 transreid.train INFO: Epoch[111] Iter[40/275] Loss: 0.034, Acc: 1.000, Base Lr: 1.26e-05
2026-06-10 21:13:56 transreid.train INFO: Epoch[111] Iter[60/275] Loss: 0.034, Acc: 0.999, Base Lr: 1.26e-05
2026-06-10 21:13:59 transreid.train INFO: Epoch[111] Iter[80/275] Loss: 0.034, Acc: 0.999, Base Lr: 1.26e-05
2026-06-10 21:14:03 transreid.train INFO: Epoch[111] Iter[100/275] Loss: 0.033, Acc: 0.999, Base Lr: 1.26e-05
2026-06-10 21:14:06 transreid.train INFO: Epoch[111] Iter[120/275] Loss: 0.032, Acc: 0.999, Base Lr: 1.26e-05
2026-06-10 21:14:09 transreid.train INFO: Epoch[111] Iter[140/275] Loss: 0.031, Acc: 1.000, Base Lr: 1.26e-05
2026-06-10 21:14:13 transreid.train INFO: Epoch[111] Iter[160/275] Loss: 0.030, Acc: 1.000, Base Lr: 1.26e-05
2026-06-10 21:14:16 transreid.train INFO: Epoch[111] Iter[180/275] Loss: 0.029, Acc: 1.000, Base Lr: 1.26e-05
2026-06-10 21:14:19 transreid.train INFO: Epoch[111] Iter[200/275] Loss: 0.029, Acc: 1.000, Base Lr: 1.26e-05
2026-06-10 21:14:23 transreid.train INFO: Epoch[111] Iter[220/275] Loss: 0.029, Acc: 1.000, Base Lr: 1.26e-05
2026-06-10 21:14:26 transreid.train INFO: Epoch[111] Iter[240/275] Loss: 0.028, Acc: 1.000, Base Lr: 1.26e-05
2026-06-10 21:14:29 transreid.train INFO: Epoch[111] Iter[260/275] Loss: 0.028, Acc: 0.999, Base Lr: 1.26e-05
2026-06-10 21:14:32 transreid.train INFO: Epoch 111 done. Time per epoch: 45.840[s] Speed: 382.5[samples/s]
2026-06-10 21:14:35 transreid.train INFO: Epoch[112] Iter[20/275] Loss: 0.036, Acc: 1.000, Base Lr: 1.03e-05
2026-06-10 21:14:38 transreid.train INFO: Epoch[112] Iter[40/275] Loss: 0.033, Acc: 0.999, Base Lr: 1.03e-05
2026-06-10 21:14:42 transreid.train INFO: Epoch[112] Iter[60/275] Loss: 0.033, Acc: 0.999, Base Lr: 1.03e-05
2026-06-10 21:14:45 transreid.train INFO: Epoch[112] Iter[80/275] Loss: 0.031, Acc: 0.999, Base Lr: 1.03e-05
2026-06-10 21:14:48 transreid.train INFO: Epoch[112] Iter[100/275] Loss: 0.031, Acc: 1.000, Base Lr: 1.03e-05
2026-06-10 21:14:52 transreid.train INFO: Epoch[112] Iter[120/275] Loss: 0.031, Acc: 0.999, Base Lr: 1.03e-05
2026-06-10 21:14:55 transreid.train INFO: Epoch[112] Iter[140/275] Loss: 0.031, Acc: 0.999, Base Lr: 1.03e-05
2026-06-10 21:14:58 transreid.train INFO: Epoch[112] Iter[160/275] Loss: 0.031, Acc: 0.999, Base Lr: 1.03e-05
2026-06-10 21:15:02 transreid.train INFO: Epoch[112] Iter[180/275] Loss: 0.030, Acc: 0.999, Base Lr: 1.03e-05
2026-06-10 21:15:05 transreid.train INFO: Epoch[112] Iter[200/275] Loss: 0.030, Acc: 0.999, Base Lr: 1.03e-05
2026-06-10 21:15:08 transreid.train INFO: Epoch[112] Iter[220/275] Loss: 0.030, Acc: 0.999, Base Lr: 1.03e-05
2026-06-10 21:15:12 transreid.train INFO: Epoch[112] Iter[240/275] Loss: 0.029, Acc: 0.999, Base Lr: 1.03e-05
2026-06-10 21:15:15 transreid.train INFO: Epoch[112] Iter[260/275] Loss: 0.029, Acc: 0.999, Base Lr: 1.03e-05
2026-06-10 21:15:17 transreid.train INFO: Epoch 112 done. Time per epoch: 45.663[s] Speed: 382.6[samples/s]
2026-06-10 21:15:21 transreid.train INFO: Epoch[113] Iter[20/275] Loss: 0.036, Acc: 1.000, Base Lr: 8.28e-06
2026-06-10 21:15:24 transreid.train INFO: Epoch[113] Iter[40/275] Loss: 0.034, Acc: 1.000, Base Lr: 8.28e-06
2026-06-10 21:15:27 transreid.train INFO: Epoch[113] Iter[60/275] Loss: 0.032, Acc: 1.000, Base Lr: 8.28e-06
2026-06-10 21:15:31 transreid.train INFO: Epoch[113] Iter[80/275] Loss: 0.032, Acc: 1.000, Base Lr: 8.28e-06
2026-06-10 21:15:34 transreid.train INFO: Epoch[113] Iter[100/275] Loss: 0.031, Acc: 1.000, Base Lr: 8.28e-06
2026-06-10 21:15:37 transreid.train INFO: Epoch[113] Iter[120/275] Loss: 0.031, Acc: 0.999, Base Lr: 8.28e-06
2026-06-10 21:15:41 transreid.train INFO: Epoch[113] Iter[140/275] Loss: 0.030, Acc: 1.000, Base Lr: 8.28e-06
2026-06-10 21:15:44 transreid.train INFO: Epoch[113] Iter[160/275] Loss: 0.030, Acc: 1.000, Base Lr: 8.28e-06
2026-06-10 21:15:47 transreid.train INFO: Epoch[113] Iter[180/275] Loss: 0.029, Acc: 0.999, Base Lr: 8.28e-06
2026-06-10 21:15:51 transreid.train INFO: Epoch[113] Iter[200/275] Loss: 0.029, Acc: 0.999, Base Lr: 8.28e-06
2026-06-10 21:15:54 transreid.train INFO: Epoch[113] Iter[220/275] Loss: 0.029, Acc: 0.999, Base Lr: 8.28e-06
2026-06-10 21:15:57 transreid.train INFO: Epoch[113] Iter[240/275] Loss: 0.029, Acc: 0.999, Base Lr: 8.28e-06
2026-06-10 21:16:01 transreid.train INFO: Epoch[113] Iter[260/275] Loss: 0.028, Acc: 0.999, Base Lr: 8.28e-06
2026-06-10 21:16:03 transreid.train INFO: Epoch 113 done. Time per epoch: 45.846[s] Speed: 382.5[samples/s]
2026-06-10 21:16:07 transreid.train INFO: Epoch[114] Iter[20/275] Loss: 0.038, Acc: 0.999, Base Lr: 6.51e-06
2026-06-10 21:16:10 transreid.train INFO: Epoch[114] Iter[40/275] Loss: 0.033, Acc: 1.000, Base Lr: 6.51e-06
2026-06-10 21:16:13 transreid.train INFO: Epoch[114] Iter[60/275] Loss: 0.033, Acc: 0.999, Base Lr: 6.51e-06
2026-06-10 21:16:17 transreid.train INFO: Epoch[114] Iter[80/275] Loss: 0.033, Acc: 0.999, Base Lr: 6.51e-06
2026-06-10 21:16:20 transreid.train INFO: Epoch[114] Iter[100/275] Loss: 0.032, Acc: 0.999, Base Lr: 6.51e-06
2026-06-10 21:16:23 transreid.train INFO: Epoch[114] Iter[120/275] Loss: 0.031, Acc: 0.999, Base Lr: 6.51e-06
2026-06-10 21:16:27 transreid.train INFO: Epoch[114] Iter[140/275] Loss: 0.030, Acc: 0.999, Base Lr: 6.51e-06
2026-06-10 21:16:30 transreid.train INFO: Epoch[114] Iter[160/275] Loss: 0.030, Acc: 0.999, Base Lr: 6.51e-06
2026-06-10 21:16:33 transreid.train INFO: Epoch[114] Iter[180/275] Loss: 0.030, Acc: 0.999, Base Lr: 6.51e-06
2026-06-10 21:16:37 transreid.train INFO: Epoch[114] Iter[200/275] Loss: 0.030, Acc: 0.999, Base Lr: 6.51e-06
2026-06-10 21:16:40 transreid.train INFO: Epoch[114] Iter[220/275] Loss: 0.029, Acc: 0.999, Base Lr: 6.51e-06
2026-06-10 21:16:43 transreid.train INFO: Epoch[114] Iter[240/275] Loss: 0.029, Acc: 0.999, Base Lr: 6.51e-06
2026-06-10 21:16:47 transreid.train INFO: Epoch[114] Iter[260/275] Loss: 0.028, Acc: 0.999, Base Lr: 6.51e-06
2026-06-10 21:16:49 transreid.train INFO: Epoch 114 done. Time per epoch: 45.677[s] Speed: 382.5[samples/s]
2026-06-10 21:16:52 transreid.train INFO: Epoch[115] Iter[20/275] Loss: 0.036, Acc: 0.998, Base Lr: 5.02e-06
2026-06-10 21:16:56 transreid.train INFO: Epoch[115] Iter[40/275] Loss: 0.035, Acc: 0.998, Base Lr: 5.02e-06
2026-06-10 21:16:59 transreid.train INFO: Epoch[115] Iter[60/275] Loss: 0.033, Acc: 0.999, Base Lr: 5.02e-06
2026-06-10 21:17:02 transreid.train INFO: Epoch[115] Iter[80/275] Loss: 0.034, Acc: 0.998, Base Lr: 5.02e-06
2026-06-10 21:17:06 transreid.train INFO: Epoch[115] Iter[100/275] Loss: 0.033, Acc: 0.999, Base Lr: 5.02e-06
2026-06-10 21:17:09 transreid.train INFO: Epoch[115] Iter[120/275] Loss: 0.032, Acc: 0.999, Base Lr: 5.02e-06
2026-06-10 21:17:12 transreid.train INFO: Epoch[115] Iter[140/275] Loss: 0.031, Acc: 0.999, Base Lr: 5.02e-06
2026-06-10 21:17:16 transreid.train INFO: Epoch[115] Iter[160/275] Loss: 0.031, Acc: 0.999, Base Lr: 5.02e-06
2026-06-10 21:17:19 transreid.train INFO: Epoch[115] Iter[180/275] Loss: 0.030, Acc: 0.999, Base Lr: 5.02e-06
2026-06-10 21:17:22 transreid.train INFO: Epoch[115] Iter[200/275] Loss: 0.030, Acc: 0.999, Base Lr: 5.02e-06
2026-06-10 21:17:26 transreid.train INFO: Epoch[115] Iter[220/275] Loss: 0.029, Acc: 0.999, Base Lr: 5.02e-06
2026-06-10 21:17:29 transreid.train INFO: Epoch[115] Iter[240/275] Loss: 0.029, Acc: 0.999, Base Lr: 5.02e-06
2026-06-10 21:17:32 transreid.train INFO: Epoch[115] Iter[260/275] Loss: 0.029, Acc: 0.999, Base Lr: 5.02e-06
2026-06-10 21:17:35 transreid.train INFO: Epoch 115 done. Time per epoch: 45.837[s] Speed: 382.6[samples/s]
2026-06-10 21:17:38 transreid.train INFO: Epoch[116] Iter[20/275] Loss: 0.039, Acc: 0.998, Base Lr: 3.79e-06
2026-06-10 21:17:42 transreid.train INFO: Epoch[116] Iter[40/275] Loss: 0.036, Acc: 0.998, Base Lr: 3.79e-06
2026-06-10 21:17:45 transreid.train INFO: Epoch[116] Iter[60/275] Loss: 0.035, Acc: 0.998, Base Lr: 3.79e-06
2026-06-10 21:17:48 transreid.train INFO: Epoch[116] Iter[80/275] Loss: 0.033, Acc: 0.999, Base Lr: 3.79e-06
2026-06-10 21:17:52 transreid.train INFO: Epoch[116] Iter[100/275] Loss: 0.032, Acc: 0.999, Base Lr: 3.79e-06
2026-06-10 21:17:55 transreid.train INFO: Epoch[116] Iter[120/275] Loss: 0.031, Acc: 0.999, Base Lr: 3.79e-06
2026-06-10 21:17:58 transreid.train INFO: Epoch[116] Iter[140/275] Loss: 0.031, Acc: 0.999, Base Lr: 3.79e-06
2026-06-10 21:18:01 transreid.train INFO: Epoch[116] Iter[160/275] Loss: 0.031, Acc: 0.999, Base Lr: 3.79e-06
2026-06-10 21:18:05 transreid.train INFO: Epoch[116] Iter[180/275] Loss: 0.030, Acc: 0.999, Base Lr: 3.79e-06
2026-06-10 21:18:08 transreid.train INFO: Epoch[116] Iter[200/275] Loss: 0.030, Acc: 0.999, Base Lr: 3.79e-06
2026-06-10 21:18:11 transreid.train INFO: Epoch[116] Iter[220/275] Loss: 0.029, Acc: 0.999, Base Lr: 3.79e-06
2026-06-10 21:18:15 transreid.train INFO: Epoch[116] Iter[240/275] Loss: 0.029, Acc: 0.999, Base Lr: 3.79e-06
2026-06-10 21:18:18 transreid.train INFO: Epoch[116] Iter[260/275] Loss: 0.028, Acc: 1.000, Base Lr: 3.79e-06
2026-06-10 21:18:20 transreid.train INFO: Epoch 116 done. Time per epoch: 45.687[s] Speed: 382.4[samples/s]
2026-06-10 21:18:24 transreid.train INFO: Epoch[117] Iter[20/275] Loss: 0.041, Acc: 0.996, Base Lr: 2.83e-06
2026-06-10 21:18:27 transreid.train INFO: Epoch[117] Iter[40/275] Loss: 0.038, Acc: 0.998, Base Lr: 2.83e-06
2026-06-10 21:18:31 transreid.train INFO: Epoch[117] Iter[60/275] Loss: 0.035, Acc: 0.998, Base Lr: 2.83e-06
2026-06-10 21:18:34 transreid.train INFO: Epoch[117] Iter[80/275] Loss: 0.033, Acc: 0.999, Base Lr: 2.83e-06
2026-06-10 21:18:37 transreid.train INFO: Epoch[117] Iter[100/275] Loss: 0.033, Acc: 0.999, Base Lr: 2.83e-06
2026-06-10 21:18:41 transreid.train INFO: Epoch[117] Iter[120/275] Loss: 0.032, Acc: 0.999, Base Lr: 2.83e-06
2026-06-10 21:18:44 transreid.train INFO: Epoch[117] Iter[140/275] Loss: 0.032, Acc: 0.999, Base Lr: 2.83e-06
2026-06-10 21:18:47 transreid.train INFO: Epoch[117] Iter[160/275] Loss: 0.031, Acc: 0.999, Base Lr: 2.83e-06
2026-06-10 21:18:51 transreid.train INFO: Epoch[117] Iter[180/275] Loss: 0.030, Acc: 0.999, Base Lr: 2.83e-06
2026-06-10 21:18:54 transreid.train INFO: Epoch[117] Iter[200/275] Loss: 0.030, Acc: 0.999, Base Lr: 2.83e-06
2026-06-10 21:18:57 transreid.train INFO: Epoch[117] Iter[220/275] Loss: 0.030, Acc: 0.999, Base Lr: 2.83e-06
2026-06-10 21:19:01 transreid.train INFO: Epoch[117] Iter[240/275] Loss: 0.029, Acc: 0.999, Base Lr: 2.83e-06
2026-06-10 21:19:04 transreid.train INFO: Epoch[117] Iter[260/275] Loss: 0.029, Acc: 0.999, Base Lr: 2.83e-06
2026-06-10 21:19:06 transreid.train INFO: Epoch 117 done. Time per epoch: 45.844[s] Speed: 382.5[samples/s]
2026-06-10 21:19:10 transreid.train INFO: Epoch[118] Iter[20/275] Loss: 0.042, Acc: 0.998, Base Lr: 2.15e-06
2026-06-10 21:19:13 transreid.train INFO: Epoch[118] Iter[40/275] Loss: 0.038, Acc: 0.999, Base Lr: 2.15e-06
2026-06-10 21:19:16 transreid.train INFO: Epoch[118] Iter[60/275] Loss: 0.036, Acc: 0.999, Base Lr: 2.15e-06
2026-06-10 21:19:20 transreid.train INFO: Epoch[118] Iter[80/275] Loss: 0.034, Acc: 0.999, Base Lr: 2.15e-06
2026-06-10 21:19:23 transreid.train INFO: Epoch[118] Iter[100/275] Loss: 0.033, Acc: 0.999, Base Lr: 2.15e-06
2026-06-10 21:19:26 transreid.train INFO: Epoch[118] Iter[120/275] Loss: 0.032, Acc: 0.999, Base Lr: 2.15e-06
2026-06-10 21:19:30 transreid.train INFO: Epoch[118] Iter[140/275] Loss: 0.031, Acc: 0.999, Base Lr: 2.15e-06
2026-06-10 21:19:33 transreid.train INFO: Epoch[118] Iter[160/275] Loss: 0.030, Acc: 0.999, Base Lr: 2.15e-06
2026-06-10 21:19:36 transreid.train INFO: Epoch[118] Iter[180/275] Loss: 0.030, Acc: 0.999, Base Lr: 2.15e-06
2026-06-10 21:19:40 transreid.train INFO: Epoch[118] Iter[200/275] Loss: 0.029, Acc: 0.999, Base Lr: 2.15e-06
2026-06-10 21:19:43 transreid.train INFO: Epoch[118] Iter[220/275] Loss: 0.029, Acc: 1.000, Base Lr: 2.15e-06
2026-06-10 21:19:46 transreid.train INFO: Epoch[118] Iter[240/275] Loss: 0.028, Acc: 1.000, Base Lr: 2.15e-06
2026-06-10 21:19:50 transreid.train INFO: Epoch[118] Iter[260/275] Loss: 0.028, Acc: 1.000, Base Lr: 2.15e-06
2026-06-10 21:19:52 transreid.train INFO: Epoch 118 done. Time per epoch: 45.699[s] Speed: 382.3[samples/s]
2026-06-10 21:19:55 transreid.train INFO: Epoch[119] Iter[20/275] Loss: 0.034, Acc: 0.999, Base Lr: 1.74e-06
2026-06-10 21:19:59 transreid.train INFO: Epoch[119] Iter[40/275] Loss: 0.034, Acc: 0.999, Base Lr: 1.74e-06
2026-06-10 21:20:02 transreid.train INFO: Epoch[119] Iter[60/275] Loss: 0.033, Acc: 0.999, Base Lr: 1.74e-06
2026-06-10 21:20:05 transreid.train INFO: Epoch[119] Iter[80/275] Loss: 0.034, Acc: 0.999, Base Lr: 1.74e-06
2026-06-10 21:20:09 transreid.train INFO: Epoch[119] Iter[100/275] Loss: 0.033, Acc: 0.999, Base Lr: 1.74e-06
2026-06-10 21:20:12 transreid.train INFO: Epoch[119] Iter[120/275] Loss: 0.032, Acc: 0.999, Base Lr: 1.74e-06
2026-06-10 21:20:15 transreid.train INFO: Epoch[119] Iter[140/275] Loss: 0.032, Acc: 0.999, Base Lr: 1.74e-06
2026-06-10 21:20:19 transreid.train INFO: Epoch[119] Iter[160/275] Loss: 0.031, Acc: 0.999, Base Lr: 1.74e-06
2026-06-10 21:20:22 transreid.train INFO: Epoch[119] Iter[180/275] Loss: 0.031, Acc: 0.999, Base Lr: 1.74e-06
2026-06-10 21:20:25 transreid.train INFO: Epoch[119] Iter[200/275] Loss: 0.030, Acc: 0.999, Base Lr: 1.74e-06
2026-06-10 21:20:29 transreid.train INFO: Epoch[119] Iter[220/275] Loss: 0.030, Acc: 0.999, Base Lr: 1.74e-06
2026-06-10 21:20:32 transreid.train INFO: Epoch[119] Iter[240/275] Loss: 0.029, Acc: 0.999, Base Lr: 1.74e-06
2026-06-10 21:20:35 transreid.train INFO: Epoch[119] Iter[260/275] Loss: 0.029, Acc: 0.999, Base Lr: 1.74e-06
2026-06-10 21:20:38 transreid.train INFO: Epoch 119 done. Time per epoch: 45.662[s] Speed: 382.6[samples/s]
2026-06-10 21:20:41 transreid.train INFO: Epoch[120] Iter[20/275] Loss: 0.037, Acc: 0.998, Base Lr: 1.60e-06
2026-06-10 21:20:44 transreid.train INFO: Epoch[120] Iter[40/275] Loss: 0.034, Acc: 0.998, Base Lr: 1.60e-06
2026-06-10 21:20:48 transreid.train INFO: Epoch[120] Iter[60/275] Loss: 0.035, Acc: 0.999, Base Lr: 1.60e-06
2026-06-10 21:20:51 transreid.train INFO: Epoch[120] Iter[80/275] Loss: 0.034, Acc: 0.999, Base Lr: 1.60e-06
2026-06-10 21:20:54 transreid.train INFO: Epoch[120] Iter[100/275] Loss: 0.033, Acc: 0.999, Base Lr: 1.60e-06
2026-06-10 21:20:58 transreid.train INFO: Epoch[120] Iter[120/275] Loss: 0.032, Acc: 0.999, Base Lr: 1.60e-06
2026-06-10 21:21:01 transreid.train INFO: Epoch[120] Iter[140/275] Loss: 0.033, Acc: 0.999, Base Lr: 1.60e-06
2026-06-10 21:21:04 transreid.train INFO: Epoch[120] Iter[160/275] Loss: 0.032, Acc: 0.999, Base Lr: 1.60e-06
2026-06-10 21:21:08 transreid.train INFO: Epoch[120] Iter[180/275] Loss: 0.031, Acc: 0.999, Base Lr: 1.60e-06
2026-06-10 21:21:11 transreid.train INFO: Epoch[120] Iter[200/275] Loss: 0.031, Acc: 0.999, Base Lr: 1.60e-06
2026-06-10 21:21:14 transreid.train INFO: Epoch[120] Iter[220/275] Loss: 0.030, Acc: 0.999, Base Lr: 1.60e-06
2026-06-10 21:21:18 transreid.train INFO: Epoch[120] Iter[240/275] Loss: 0.030, Acc: 0.999, Base Lr: 1.60e-06
2026-06-10 21:21:21 transreid.train INFO: Epoch[120] Iter[260/275] Loss: 0.030, Acc: 0.999, Base Lr: 1.60e-06
2026-06-10 21:21:23 transreid.train INFO: Epoch 120 done. Time per epoch: 45.672[s] Speed: 382.6[samples/s]
The test feature is normalized
=> Computing DistMat with euclidean_distance
2026-06-10 21:21:45 transreid.train INFO: Validation Results - Epoch: 120
2026-06-10 21:21:45 transreid.train INFO: mAP: 77.5%
2026-06-10 21:21:45 transreid.train INFO: CMC curve, Rank-1  :86.0%
2026-06-10 21:21:45 transreid.train INFO: CMC curve, Rank-5  :93.6%
2026-06-10 21:21:45 transreid.train INFO: CMC curve, Rank-10 :96.3%
