{
  "status": "DRY_RUN_COMPLETE",
  "metrics_computed": false,
  "metadata_audit": {
    "sample_count": 19871,
    "exact_duplicate_path_count": 0,
    "exact_duplicate_content_group_count": 1870,
    "allowed_query_gallery_same_pidcam_content_count": 1870,
    "forbidden_duplicate_content_count": 0,
    "inconsistent_path_mapping_count": 0,
    "duplicate_paths": [],
    "allowed_query_gallery_same_pidcam_content_sha256": [
      "002f3123d7824ddd90dcb0c5d49710ebb3b87ea4bf515ecb1b9cb9c80680f938",
      "006637ba3a38022a975aa4c5505339054b6ca39c49fb1c741c922a82d89d2f95",
      "0069f7895dcd4c2ee1d7d39e536c13bbe3e8679b169e3671e179b05affbd59fc",
      "00b83ef4ed2ae46f3d4b853594a49b0a9458d7392aed54d73874e59fabe07098",
      "00b84c13bb247c835e17a7a821cbd9cbccc7c3fa8a553e8b466fe720f42db2dd",
      "00c049e643ba2263aa17fb544cdb7939e240163a2a440878618aa53f4a84d610",
      "00f6b63ea6454132a1f85bf9557402828b26d32c4bd714d97c3714c1680d2c8b",
      "0135e10c0f5a530345f8446e6ba76c7d31bf5a44ed75d13876ea75c5dbee6936",
      "0167577112c8e004120ef930825d4ba150905e3506b95094b6b7311baa899ec8",
      "01742476959ba5e358d00ff7dd416466ba79d75a9cd7c3923c6138890a7cda25",
      "0185598485a9797ff51392a0568cec2e3b506268dda3d88df2040818628dcf57",
      "01e57ec738624848c3ee99f41874ea965a2b61102e7415350413b684683b9451",
      "01ec817ec2dfbca754e637f5b1de9135e8123756a139dc1d47da445d72e3b3c3",
      "021a3a83b75b3261650947f8c8984da9a96ce689aaf427441831bfe9017e09f8",
      "0221f9e14ff5ccb102e552b4415744521c876ce82904a34a6818561a2e3b9ef2",
      "025baf185695541746868159f29e7270916ed8f133cdbd126c9ade46c500cf64",
      "02ef2ebfdbe5e97b5802d23f9ce4f2b7cd33772d2c7cf648282f53444db4c8e5",
      "031621aac85b7d4b92132df92fd16043ceb6925e0f5396ab94e6d5d4b8149d59",
      "032e955e1b28458f739176487c7ac467b99cd091b2a5a1fc908f99ab1df03b2f",
      "0408008faedeaeef6ec50acd31d0e3ac155c97d3dacc9f9ba025b37b2bf47500",
      "041eae1db2413d4c693e250493829b2f78dcbd7b92cd070f2edca260368659b8",
      "043b395d20866d6a4c29771e27ba0b3360c8dfbf4e1b8694af1c9adb42c18f15",
      "044ada40ff8ab1647ac6e109c68477fa737de06d14872933e7051a813feae41c",
      "0450ecfdba2681586db33e300fdcbf767d00deffe2ccdb2f514b1224a92b27a9",
      "04d9f0c8d1ddcb00b1ac75427165e002f6c21997d49dbd589b0bb9ab20df721a",
      "04dd5f5723b6a9136e4f44e42d235fd0634a1615a409e977b54cec074cd720dd",
      "05114b0d0c990d6819eb626d3e64bc324ca14504055844be6c2653b3810f20c6",
      "05372ffeb7e98a18d5e4d16d2b17ad28f3d384d165377b44b0222119c08c1be8",
      "05dbe9649fdfb292a728fedba94624f0a0c385b43bde5e1afb70f0e93b83cb37",
      "05f4927e1692c70301c1fd7b05cb8fc3679cd66294d4b45887fed48238aafbc2",
      "060ff30b3c0ca69b354377a146243309ee1fc85d4d94e24b0f6700611fe280c9",
      "06367d2c80aeeac96d7ccc67a62972042e26a20fdb6aca958c7c0a4fdb331d0a",
      "0645d84ed875a8d2663e67b2807e1b91e8b1c47d85853010d8c353b3a8d135fd",
      "0681821ff399071b2e6c2521b18aa72074d4f8bdca86b87c75b3ec77c5df52e4",
      "069c088a091895733acfb167619fca1ee4e4db14f00d387efd3d9bb05ebcb74c",
      "06b59219e420a22af8f56d44f255648b6285c583c14137646e9669984c53c5bf",
      "0712ddd3229406a1c65682482308f915280b64bd826ddea442cc702d7198851e",
      "075b2f56a132abe2552a8e124cd807102ed233625063cf9d0fc09cdc5829671f",
      "07772f021f8f1882e865635e9b9e69da7ece03c1e7fbd844a5754ff02398ff36",
      "079b4f91290a03d76a174f59a75aec3bf8f50fc4e7bc179f14cb92b7f5132cdd",
      "07a4c38bcded13b37296864bca1bb92117c6a7d1866c109182ae15bfa28299c8",
      "07ba5c343dc391fad8fc08fa333e4088016f0623be6a680ded9f508534925a19",
      "07c99b2cc597fb08816ec3e5af856179f6432be51c687263a26116504557a8a2",
      "08069bb0f3214290da62299afb5b88d59a3d2723d1a504ec07b578fc3c1bf3a4",
      "082bcd1ec975721e1937fd538cd02aca8f0cf40a9bb7445c71f7f987fc368436",
      "0834adc0b1730d84688603574bd569ee960bf96f824d9eb0c39d1523cfa95d9a",
      "083ba87327ae0af84b318d8510617a0ddd6845791b3ea96972242383b04259dd",
      "083d032215af3c920f093194f20cce64d23ced4c87f01570e191b171c1f06d8c",
      "08960dace39ac48d7f929690a5167aeb0e88d8f9e42b5c3b1ef6c2d00c167e1c",
      "08b34c7d8bd09d6a542bea1a4259782d4ed645dcb1158c13183a3e71e57cb6a2",
      "08f87ee7f4d1708f890f037d901788c94edb94b5621859847e01cd36ae85ab08",
      "0977192d3781c09323bf2ee6e2351dc1114ec9e8a901b8deb44cd8fb9d650e7c",
      "0980e4c0a8209310a7f26bdcf567543ce402f5263e067f1112827311089a5c68",
      "09dd4912959f8517f1e49255cde2f532f584b3280637c8fd8ea6bd369ea01299",
      "09e03df7b50f58f80f9217f78eee887cde1df78505587569d3521e4c59a6089e",
      "0a162f2997472b5460533b7bceef68b2f97d1780194c542aecd87abd76fe374d",
      "0aa5a02f14fed8ca5f856d6397ce6da4086514a270b890c5e815877295402529",
      "0aa9236a85100313a2701985a4e8f93c029505274b77429f39d1f2ece9cdc9e7",
      "0ae55b83428961eca550dc425d79bfe2cf4ac3d045a261bcf3539e8cabad7c5e",
      "0b8e3a93de571412b72933a27028d389283cde62fc2f71961ed8184dc7913c73",
      "0baf5c12c647f0cc60e5faac0a11e5849fa8b1c9c04fc76bef227fc04f3b1021",
      "0c2a3ca0b459d7599ef83b646120c8c0ba40f30843a723ceb760e5c75de5c08c",
      "0c3b2c1549c90e7f1f761973eafffff77324021f945436b6eabe7b312a69d653",
      "0c4bc622a91caf363365ad57958a22a33183ffe383871255cb0e97043b2d9347",
      "0c4e8c356a897c0bdd0a090738638dd27dd624272ef2f1d3eeb031b8ffea379e",
      "0c670ea7dff66213f25f546766d3ea7ca8ebc83c208e34fbae92b8db202fab43",
      "0c73c0301c72cd7c97d20815584112d3b665f6801814385dde5e9e1ddc8ce460",
      "0c763ea7fdd96edf86f4caf95601e5b3bd1cc466291c1531faa6ab4a8fb265fa",
      "0c7ace90c5430e399503357ed070c53867413c38044172a1d9bdecfd3bdc5ab9",
      "0c80b2904e4390e8debae546db92a5d267bb4814424770b93f1401e15ff41064",
      "0c8928a815b0cd80c77b5a3b22e39ba4f8f2a23b304a611da9ae4a0720bd1d0a",
      "0cafa546285e7bd328d0e39eb93477da386f7c8425294ddfc210ffa7f8afbdcb",
      "0d1ca21e4e4a467c1a6b66ae54164ff48adbd4f9492341ea64d4ed93dce885b0",
      "0d45526c28d0ea72f476f5149b3635ec377394fc29067209b0c3f90af19c2f53",
      "0d478d30afb41624af8325823a84fb94b0c713e06c082624eca981e0fcd62827",
      "0dc7de02ed1232dd331edee8d8233e81b0a36376624ad515ce1d04ad13b32ffc",
      "0df84774741e749c6195eadc05622599843720da53c7ec3e68e55a1910c0f185",
      "0e08701556125565d82490867717b0eb459aae6b2129c21e8a95092fd7b728a0",
      "0e2244a742e73c9bc5111675b5f72e29545106844f578e522b4e0b40e9dbffbe",
      "0e415081f19cdd56578bae6fc039768f160f2669c5beb47173fb67c1161574ed",
      "0e4b4924efe37b96465e69d83c54926e940b8eddf7f98298390ba70f5e116906",
      "0ed06fe62a8edd15cebe4866b39012811700edcda9971571af785530b3ce96da",
      "0eedbbb7d29fb37f4114f126a7f49b43a2f7d8eafe184f7b4b63d0270b714099",
      "0f2f3c08a1dae833114e61c51f7644a9a8493ea3a424f7422d4a3de7f5c4c907",
      "0f6e7f2d65283fee43fda20b7d2afd4bcf92dca769981f6b76e858fc76c6cefd",
      "0fab1146920561e30059cac89eda73dca1213e769e3f2df38409b3c92e2d8df0",
      "0fc445a016e3338e8154d784fd2be82e64900a339c2c12974a99e69f9d836c42",
      "103ebfde305b47acafc4447609f26b1b42ad0c9429029d05383b46b02530f5c0",
      "104eba1312e94f1ee9490648e15a06fedbbe509d2348e248ee3ed23dd9a858ea",
      "107d4297471e72f8d52cee72aa6de17c5857638b6aea0e4682ac3825085c5e3a",
      "108795325a901ea46464ef542a8422eef6c9093da3c07a2c47043e6fd13fcc11",
      "10af327efb587efbdc1d53e73a0c04444c1f39141d0effc3a13ec1cb5b073a24",
      "10afb3e9ecf6c6b04e23dfbeafcef0d05d82763ab105693ae90b511254ac7c32",
      "10c9d43598a6526244c0968262399009c57cab23bbbe77dbde63da44b6307bd4",
      "10fa08db3e4d3a1204f0cc43a17546f05b4c10a3b80ea8dd7577093bfe458492",
      "114f8dc882daf2b6d8d83882ab4bfeb26d7fd7fa4cc55c8ce948ff45b8aa1abc",
      "116114117760a99b988b8c37fcdf105ce7543e4caae1bc5f98eb781fd1691b66",
      "11bc614609a0cb7ed294dadd1ae88f1f5b3ab9a96b1b1208d3df31912c0f677a",
      "11c23de83413897a7bd2b174ff7e6d58abde39e9f93a75cf8ada4972f65e602f",
      "11fd059886bc72318a8a06b1be1bcd18281cbc113720b58ca31b23b2854f5f67",
      "11fd8e572cdb3d65bbe23c2bd3b9a6a232303b33abde17f44edde9bcf666dddf",
      "124a059284b695d51ac15cc07d303b802398a4dd858f9506df775032c83c2882",
      "1275f188d00d62350831a0ab55807cbce31a8a4895bfb07e9fbb66370aad37e3",
      "12a4b35139cbb3e5cc4abbc91d2eb748fc154303809cc5cdfadc51e956152aa3",
      "13079140f7e46a9479d26ceec5c50ecd3a9bebaf40bdd6d6194e0479ee530d33",
      "132f9154d717e80caaae7a25b6a566e4b52022c833a36cf095adaa4d5716902e",
      "133ac66cc01fa5aca308325bd1ea962b8228ee403e1eb507c742647f51b49697",
      "135059dcded70f5b7687a7be28cf9451afe36970c014f85a96801d9b48761bc1",
      "135bfb524ab13079664ba460746ab5326c6bc8b9d008d12a6ccebc84eb227f3e",
      "137a9e946b5b935f6b1ef2ca1ad0674e4f42ce501bfe1aeb4c8fb9f3a0355b60",
      "139812a06a1e76701d7c1f3a07e4b76d99bbf4f5eba042466116fe43d18535be",
      "13ad4196a1fb75b77adec7834276c5f30c03ecc7626c2f04946de722b308d7ce",
      "13ba521f590bf9587a9556de960a1ea2625bfb5008413a1066772c87c399d648",
      "13c6d81a84357aa4d0c49be08f7d3860416097c789b2472c91c6ede9cb742b2b",
      "13d6b6bfb6eb5567965ab0318273886f111a0ed4519ae3a5c4333c48ef0fc76e",
      "13e1a6f8eba161c83e9d3a2b67cd3cda5bddbb40ab6af193c44e8e4e9370ded4",
      "1418ec4d0f04d57e2efb6a459d789cda817abe63face21295077653d7df0cecf",
      "1422a2de77ce769f93fe23f6a4d5a565e311b4cf115df087da674b83fbc3c832",
      "142f2bb147e44fd90e5c90c00b5a43e05f4cf764911de42230d2edcd3c34370b",
      "14bc93e4d70099259302072250b52b30cbdb87a2744f702e0250484ad64ac7e6",
      "151b8a20b03b7f92842befe5eea6fd674d4ba10ba5310bbdb5c701f659c35419",
      "155138367e75ccab7d2e95f9203afc7fd41edc7ebe3980b580af54c112930925",
      "1599a084def2e9a60ee7a922317c6d0ccf9f3f7b7c770828452d3f4cab08e64f",
      "159e7b657f1099d51a2f3616a2c1c19461af6475cdd2ac423f94a2bd26a67191",
      "15afd8649079f62c8a6eb1e952c08849271cdbc781683e1c476ddc19b3e94297",
      "15dea63ceeb2c75bd401f61835d92e085c25bc546c30cd4a80f82aadf806e1f6",
      "15f976de86cea02058cb07bc3d92dadb60f76fe696ea88161890269e238fb366",
      "1626836e89296cc273d2063ea950dea43e07024474845c2f27d0624ad381c9f5",
      "1642319fbac79bc3e96242343f60ef602b9233d3441a95255cd12f4c59b4c251",
      "165ab09bec79017cea5561cbc2e9eb078fee340eb09841b520a6c881614ddcee",
      "165f74a1bc2977f46723c01029b1bc01955c25bf43bb76c788ac82727b82a8a7",
      "16624cf5df37f2d44e62c3aaa7811b4d2bbcf981909382e87e4f745fc79f0802",
      "16691fe5e3e343db7c340eb153fc0d3ac164159e7521bbd6d5aa880283f54692",
      "168f52917d4aa66e297076b1128a451bb86a008fb9edfdffc18924859c2c93b7",
      "16b1b622f606c8eb19ceccad8c14abee07ffc1e5db84ac211d21aeb19877eb35",
      "16eddfaf47d555fa2ab1a62edcee74faa0813f487e7d041ab026f910fa93f4d4",
      "16fc1e7064cb46a6b7a0a0c1932f1435063140520abd2b5798b847370b01784a",
      "171e21850b476ff6e26dd4afb1708d3da02c17f8810cce5e4a2530fd4eff0ba1",
      "17223e9abc746bbb60bae77197953e61767f1fd5258e08ef8ecf75b6709b5d15",
      "175a1826904f22e6e6b342e67916b9dfa83a8305a45900a1d7c61f49d5be7aed",
      "175dd39d25a4af272ccdb8f547860ee00f2d263330dbb98a3777b7a725acb20a",
      "177f1cd7f0d7494bdd957f09fd229f72e9a254d54de5bddaeaf385bdea988014",
      "178b6f5d4ef33f4582b9e37666e038481f8f5cb94c142dd0b0062a8ccbe0f273",
      "17b097154f97412046f8bf2f099223141dad3f0410d1cb2947c922f9f1f22fc9",
      "17b6ccb0db369dce123c4f02cdceaa511c254cf11f05dcfefa28727c34bb27fa",
      "17def21107405d17b9e2aa91b32d6788af5c3baf8f3621b39889db26554ff558",
      "17e1684c9bd37dc50fd1cc25aec234f8f745f8290617c0754cc8229dca254a1b",
      "17f264f4752d0c57d5faf0115734d95b5298dc9376b12c0646300fd7b3dfdeb9",
      "18305f0dd8becdc2c37462b0b89268bd5554b0b7701ef97d51b6be4a552185ab",
      "1847676dda9e1829312f37bb918c9fb2d2db6e3e649acb3eaec035620421fbee",
      "185935c5c068b8d9116405196cdfc7dec8a00d289605b4119e0899eb8e7da288",
      "1875b2a198ed2aa6de36a326590e042e13dec16c3a11b06c23981e716f7a6f17",
      "18b1ee2a08bc506e40716d892a8e5ee80b99dbe875d734de11363b055a924360",
      "19067307f4fde865b879da72e59f4103eb83d49bfd371a941f22c9f5e14f10a3",
      "1912048672bee4511810bb1b26431a5259e8ca165a9d1dc2a8e6601c17339efb",
      "192c8fb141362454073ac49f2fe908e4a422377559c07860045cf908ff96e77f",
      "19b684eca03616f3f4a2a0ca5e3bb61367a1ad8ba2063899e59b58321c1389cf",
      "19d7267b21efe50283c2c6a81ff9ae72dfa89d0191187a5cf95482e392f45cf3",
      "19dff1eb0db956e8036f9eaadb8f791e3db6fdfbd83a797df991186a0a704e0f",
      "19fe87ababaf350848415f16f65243f2b555617f8899330d26abc3230fc73a78",
      "1a1ecf356d1e308254f3bc16394948a0f13cdcf932306ce4d9eed19a1da4f329",
      "1a357458090be2350bf5a59073ed6d442793eed44d2c3d25a7712d2044e8590f",
      "1a3bb0b6011921e1f160c426f8604e5afbc66f9f9cdeb6dd0aae2b397618c19f",
      "1a5588623846f80eee0171bae9c79246950af69b4e045400efe917f0a78e8dec",
      "1a7cd74f87ed54ae4a7bf0d6a804ccd12e9c79eda0fe1d8f8b2c11c2c55592c9",
      "1a81ad4189dae1052d3523b6c62c66a261e6a096a0a3855a51a4fe4009ad8b67",
      "1a82241340eb626a81ecbdc296cbc892be03481af4a8966ae032ead1b8f23a23",
      "1ab6a9ff46f5a50b5c659f2b4e1e35f3819095a1e5d53ba92ad927a8c0f7f947",
      "1ac7f10251bc2cb89c7b2278464c6a53cb35306eca1d3d5ced079bda9649b7a5",
      "1acf501a92e4aa7162e30ba9c4b7f93524668748bebc345670768c230ef4b7dd",
      "1ad451fc7fcde9e83d6015243cec1fe496281f8ce2ffdd7122f951a9a14e890a",
      "1b0374cfda6344c27ef860b6b342a1815e1436a9c5b2db3e37b414808d61516b",
      "1b04c822f9f222f8d08fa6d97be1d55c5aa510b2f39dfe16ac1a27b5178d9a54",
      "1b13bc152f6da09e7388f8b6b5f731ce31ff833b765b2d3b5af79ccb777bdd87",
      "1b16710be8a63a4e5c026da9f71c1df399dad7fe6e16f3af78846707ad581086",
      "1b327ed95e11b336529d330f09c03ac779dd48033b7ce619984f976d76b6a85b",
      "1b335dfeda9500c4678e20722c656da4a4cc9a4d0654fb3c37d8254db809c5e1",
      "1b4497f9d1212bf0e8eaec349a48a44bcb3f58062b5a0648c87ddb38948fd03d",
      "1b65ed659f042c3afeff9587f0512484586958ee244ddcb14a1d5862ddc6ca2a",
      "1b6948ce498c5c4f940315c4aaaa76693ce31900beafdc9218ae6307bbadb4a2",
      "1b74fb0343eb24bdc0359aab56c42091f74d0c8c35af6b76a2e1ef7cc641403f",
      "1bb0ec280d21e4d2a0f8478979105d61305ac752de08bc3fe9b6edcc50553b36",
      "1bcfb1019cbdd38ae3b74f113032436b50939709b431ac2d948022c644825f1d",
      "1c5a64b155440f3162d932c3c0299190fb783f439582147110203eaaa2934e21",
      "1c691a3f1b5011fd12281a0504ed1d02427b936e5ba95eec8556298ca520c12c",
      "1c8bf6efe2fe30b17f5b4542a7b0643587fbc7c0e0f70dfdcb461fa8f6f6180f",
      "1c9153df8020e7acd9284ad79831528727865471d8f97f12c6ccbf11b334cc13",
      "1c9c618b0efcfba3a9980d3a0cb96c53d25fc3411f10459c8c421afcbaf273e0",
      "1cab35f4ab3895334c9e0b2ad48c3c2ccfcc829c36f9ec0d374190cef2ba6253",
      "1ccd6cdbbdb0aa26fff78c0c54ba401e3a7ad4e70b160ac4754ba7d810ae02fa",
      "1cea93834e6bd3d141d86e27459c3e0f5f3f36c138f57b925b5dfae2587de7b6",
      "1d1f8790cd7733f833ad486994343b337ccbc9f3b51a02e0a12b753294b99900",
      "1d337ef913eb811d926febaa3b4d162fcb04f8126f1b0407b49f78a448ee3d98",
      "1d3f498d64e3bad83a9845b0a8012b04c208ccd9d1a5d1a4496c77fe6f695bb8",
      "1dac59b45249339fc1600a25103d8bbdbd2df267479d1a7c91bc9539321826b0",
      "1db6e998428d430068383d8ce041cddc190376f5b606c269d71d8d6b841737f8",
      "1dd8dd91fe3915ee7bf0f4be9d09134059e7c6484b154412864c9026039f21d8",
      "1e4016c7a346fe7762d966e519805b4999ce3471f73b22a3fffac3f2fa6a8d1f",
      "1e5cece2a723767fe3b93786eecae1c9207044fb940755dcddd84ce571334018",
      "1e640b220b196605649ddf0d6a0b5b6aef60e366d03491c23ca482bb481420a7",
      "1e692a16b37859d5a10d44f1c4502ea015e091964b535a18e860253d7bd65930",
      "1eb7151af17cf7dea769b95dbd75621d37901efdd889b0bfb8217018dedafdba",
      "1ec3880e218755bc99c248b884a29ca11c8013686210ce237435f47810ed7018",
      "1ed336691c3166efad25347999ae52f388a2d0f57a3714822139e45291a500a0",
      "1ee9d5c9e5686f61dc834d0bbd2c8fa858c2dcde896cb303bbf069b15fba02bb",
      "1eea38bf972bd48a03fa692bb476f338aa91757a3444ae32b41e310ea282a620",
      "1f20142f2d4fd92793784ec8fcebfff9df6715a1e0f81bbd1d72edc00895ec2a",
      "1f3d909a2543b38d7ed6bf11cf7f816cd7bbeb46ab7afcaba6be21ede2cc2b3f",
      "1f546a29ea848c70887aa5e71b2c6d2bcfffc9a5decfcb2bafabe8b159bc40aa",
      "1f75f7085a031ea222b94b4b0c3da695fe642f5f1ab08a2bed86878b58a0abe0",
      "1f82750e522c6f708b34ff5452de9277f4ef9a98a212b12b5d2a30945b6011f4",
      "1f82b9445e5176f9f91a427408906817cf3c496f825318a43b212c4e4a4237f4",
      "1f8368f002c75db70c078dbabf0141f5da52342cb85d00058495cfbb7c386992",
      "1fe50630206c6a7e0cf1f7aa26cb9227859266f420ea697a51a3cbe12d82ce50",
      "1ffbe3057d67674dd7840776350ff613b043bdfc149bc6e84b53c2e0772115ca",
      "203d2cd22eaf67102bbb7d2337dc09bebb5f9e8c61f56eb8e78276322b11bea3",
      "2045461f8c025f3d586b4a3941f5888b262cccd269d5d52c4c51645a899504c5",
      "204796841a189d18a6ca6eb3e962976c74dbe19dcf3e06baee6d2492838a6fe8",
      "20605180c8a4ecf56816f2108fc6411d1d2e04303a5b423bf80addbdfd25c9ef",
      "207cc0f7ee6c079e7b5a62cd12bf244762d63ada333da3dfadcec1471e9d158c",
      "2082d2c621073025be83a669a4344ebb0a45b002052035c41b6cede9c2ff4181",
      "20bab801ae4531fdbea0b7ce778c5825e5592d046f083f0ebc3b13374bd0db6b",
      "20c763bdd3f46d2bc4765f953e0dca34c8fc624ee680e92ee840ba76961e7ad8",
      "20d05239fc223f7a6c3470644f55aee5585d7567b8cb3053da187752a690b12a",
      "20ee3826244be4cd603a96380f1acf9079ad58ccc47d74229077467ab31d567a",
      "20f7991d901bd6c7553b0421368dcf7dd39cbc7fc6cf9441bfb36dbedadefcc0",
      "20f8eec594c200e6817833fabc30f0b6d9fd7f4cd80435f347299432943c5ec4",
      "21265504b0758a6fd3d9401dc805176819047d0e2370d4d5b4d16272d7eb62b2",
      "213c8da83e5d21c251692a83a8dfdcac19e330bf9e291c9232053610ae8f07b4",
      "2173245ea04fe98caeeb1296a617c84d1b4fa402f2751faa9de6e30cdd14497d",
      "21a813fba2246a6ec114fc4ca369b8d3441879536ed26303d5b77236455016ea",
      "21af7707dcee23029bb28af0b8fa711c622582e85aaba90a5864bfb66af7503c",
      "21c8b1a965afa4892165d70dfec0f7b55fe71fc6b1eab63f4fee0ff6bbc456bb",
      "21dd6e9afd94b21c2125069e72438591368ce85ecf3a11ff5c6bcf11b37f7d6f",
      "2208bb7d56ab7d1c6e4d5c4dfb63236dde2ded0743778113663b86c8a799983f",
      "220c78870aeeb1a050608e761c125c53b3799e793e129d918b95579b8be1511e",
      "2224b8c0225b20774c0e9c764b7daa92759deab3727037d4741ef6d71812df93",
      "222fba04fb891aabbaf46d06d8eaabc1a5ec3f8c6e983a2e7a0fa540abda61fe",
      "223697fce43134d049d330ca7362c9c5187ab3070ad5fd91f1456542bddc596f",
      "223ac6e540d458f8905425935a0417c64858de137fa22ece5c15eadc68a451ec",
      "223f8ddfb08b2c65181ff215184eea47a4d0281f4f5cec4a4e54d4ce1843ad05",
      "22972b55b70aa3f22a0cbf5929be40490fff9dd2e02660c5528581f9f644cbea",
      "229f68d2ecc6ade058fbbc56d66f3c101700acf3b930a577d5a125ac3cb3bd00",
      "22dbf434d57e06c8e80be4523419de5058c8bf50964c19c950b13d24bb6f2c71",
      "2317f2e079efadd04e6ab2d1e64db4022e4b82f655c21a57fa34a68016f55e6a",
      "234e0d661e398acfdc501c0a15b48575a7c064746ae6871cfed34508ac3ecc2f",
      "235bf3fe7467d43a39f62119b9922a56c15a9cc9802e29d173a99c55189f0d10",
      "23fae5d9020695097569148fc91c24646f44b628f57d48b1224f4081e3d5f137",
      "240122562933b4da60fce4b185dc8a79b34865da3a19f29d02fbf54e27119185",
      "240720e9ef475dd07b5c52fb07ec9e5ddaf6cb236c5dfb7ceaad93a81027c51c",
      "241c12c7af6432471ad3e79611e23ba9ed9d811e6ec73b02918fddca3af45ff0",
      "242569c08653c789e54f13116c7011f3daf414f6cedd67fafd00a2edb2e4dc4b",
      "244b505f8d5714784ad5aa85e12676784ec53a0d19e4b6244ecda438d0d5da44",
      "24986f40fff50ecf0fe10d9205700b579ece30b4f5711c2b87b58f91e9bbeaff",
      "24c1d900739b5d565d9ce5d824764530ae473cecea6d3300dea6c639925485a4",
      "24e8a86d0ecaeafac03d54ad2d3865eaf030cadc7b6882a112213262c8716d63",
      "24f3809dd38abb90fb51033b75570b3b1dc655d687781395dcc9bf24a9ef3c8e",
      "25191525224c3edd9bb9d14efd5e444c76ac5542c7314ad30ff9f805a7fa19d1",
      "252bba94d3756fa129dacb2faf6f540be5a2447b67ec92baf3fb2e26059a8e48",
      "25337d507d1c22e26bc386987c7ed657094cb92a1fb00de6afd7a71f22769035",
      "25539578933192fa6095c15510d91625e505d202e75b74ef70e7803a6662e42a",
      "2559e9d2db957e9bf9dca8d53880a08211f913e0dbe7c5e52d52d8a5dfd17606",
      "255f37be53d977ed53c25bd3c71932ffbe9df8eb6615a94871b1e8f6bfed57f2",
      "255f76c891e147a8397710dd24a080753b93a6ea293e8354207b857d29cfd255",
      "25b591875474ff38bbcdefe63c4c32d4588f87b16bad1d552e11f1f1cf1bfdcd",
      "25c3e8980ac5909f4f026f26e35f6b3f424857113773b8be5be09a6b2b9cd8a8",
      "25cfe98e41b195b5182188c841e9e782143a37c32c72d21dcb65b98a8049df5b",
      "25e4f75802bf49dadf1b90d310c9f85aed1e8c8ce5bc6502b2cd67399073e353",
      "260ec880e3c8b7dfdb227eefee9bf67711c3f7bc97192f8d0b386eda864daee3",
      "2625a466821364f4edf0740cd2b583ab5fb4522253f3f3b39458c848ce6dee55",
      "263b62e90a27980ebec6267aeed992e6fca07fb15ced9fce5e89643d32dfb7ab",
      "265f574894b85be2a0109ca844518f2bd4adb1a6da8a7839feefbd19be1991f7",
      "267262102c2abd2f83749345b7fe983ce761b9a8b92a901b5e4ce10a47db05f1",
      "26b4e0713a1da25008790cdbde8f2a7acb88bf74fa3c022eb267ed879c75dad5",
      "26bd231395bfcecd1f86c784ba44f31fa5b17a4b404bb138e1c8c1fb33cf45c7",
      "26c15375fe48f45ff00f584f0f39af854817ac97a795f9ffc6de3da400cd66a7",
      "26e2f0a7ca09bdc797ab17d14c56f0323ad43b446377598bcfbe5fe97ba31e94",
      "271c7669a8d2965690e45b20335251ef920212a51e425f36c06148fbf0eafc8d",
      "271fcf810e9485cb956e81fa583141810b30940e0c72b178b583744e207bf036",
      "2721cc72a721a961072d1451943cbb1fc1a6302d42c1346afd562190bdbde53f",
      "2722e74c2c1021049c33db6f299b2c9904c811b3036c3e89c253cf108587edbf",
      "277077d87adf51645db6e579c6bb817dd31c5e6da46265f0eb25e2012894a239",
      "27a1c21175e071e33d9b074cb84980f881634016e90f98f189440ffbaddee4b6",
      "27ae76bd13a7b22b678c6ff5e9f44e87b758c8b0c91bc8b0887acf0982993186",
      "280e1fb7f7f5293b7019e53fb0bfb98636480299d508939a9c047603c1c27fb3",
      "282072879a79e83badb6aecdd206a47852fdb2131b423d280d34fa60d362c3a0",
      "2854b6a8b03bd05c12aa5896d5173a369c811332340d8a2a4df268681faf5ef3",
      "28598896df3900c0e75dab7974dd52f7d0e57d479dde4079683a3150b2d25275",
      "287b5e24d692014884ad82305a61c733ad5d344d296dbdacdbb571e41fe43ebb",
      "288ea98b7e68cdf0e97ff1a7ce1b6c7df0fa9849b13ee14b11003f44a2159bf9",
      "289d97c5a7617ccdd0253e74ecacd584e5916cd69addc99f354d439206ca404a",
      "28bac3f808b95b842deb3af8c066f1979b0cc9d608f604a14323a04cea661315",
      "28bb74f5acb44a1a633a9939cc1a7edc498d3be78488e61b5c672b180b6b30b6",
      "28c11d9aae7358a170dbb2b59b12783d5d29a3360140f1794c52fb8671239ce6",
      "28d138c4a87290acd28da620753c0d474ab77a60619110e31815676d281d25bf",
      "290ef271af03fd875ae5f920ea2009c3c8f5b9f091e125c151b977e80da93f78",
      "291749086ea349beb28b8996041cf3ab676e958c462f43c9b918b3adcb685904",
      "291ed48ae156711bffd6ff61967b074325ff1cd8782260f9914c5d62e676d1e3",
      "292f78c7f8ef1ff807628d1705f475f6e0b8e1a5b2c4f9ef48943cde5675f31a",
      "293a0161dc273c3837996e3d95821f84030cb661f5cf28a37926991cb1d6d513",
      "294c2fb2c44bb68c701c98c5fa0687b37231daeb486eda63ca5d121a99cc9c30",
      "294f8403da1a6377d6f9d53fce5723515d892f99573722f4b5ac9cbad5923b82",
      "297029c69bf7d8f2a766a92338ee378588484097e3d490f49d8cbec90a60b633",
      "298a7d248ede4abf51d9997e5f06ba12f9d993f9e2918b182809a6ea72f4022d",
      "299125130ea3e49e6921f3cd4d71ffc8252fb66c2f5d9c41661810bd0c48521b",
      "29ad9c78040e6abdd1996e0c97c16fc67e03c7e43310cbcaecc74c8f4e05e087",
      "29da29f66106c019a62eec23b346b1fbb490f983f8bfc97a3f649cd1b80b81a5",
      "29e92c322a805ae7f4b2953cc10c2b24575234f655aeb859cafe84db2c4c070d",
      "29f6eb41ae6692d22c28be5e4fddcc2bd8796ab1fa5aef09efd07ca488f4281f",
      "2a2b3ba558fb5f52fdf023fc953e56704733b521d45b3f1617d3e14fb000723c",
      "2a517aa40ebfd18fcbdc2c91ee6eb7f3e88404bb740b5744f2b4a29b0ce9875d",
      "2a5b957b39c930dcd05dc8062f793a04f888aa291c3ae89e087f19e4f6d756d4",
      "2a89a897890780e06849814ee602bd24687a1f1d4569e82eb2fc02606c50f8dc",
      "2a8d15b5d41099122cbc6d557e1b79f359cacd86560ac56f2c7f89a631728ea8",
      "2a91cb5ef961ddd351da1eecc67ee941e72ba472e4744891babec0482d9541fb",
      "2a9be77b1eaa6e9d5cf141ce0c1a02bdb6695286d3269b20f54d7530d7ed4b28",
      "2ad2df2e906c5a466c014620900a538b70b5ec80e68513ad0eb37df2eecdc463",
      "2ad929e3d14a870157cc0bdc9c1d0c9be9cfd23e2b89369fd0bba0209c697696",
      "2aea828cdc8436d765c0c74ae6c770f470c33e8d7860d46d94b93656e0919bb4",
      "2af1e48003ee9d5eb047937b138b1d791b651a00c1e7eadafef5b40e4f4b69e3",
      "2b30c82c2b1d24472ea930a6f01ac906b474c0020cf015acbcf85d04f8703faf",
      "2b5195c6706081072a1cd57cc839e878fc9f7536088cf63aceb7d4b063ad2789",
      "2b6c014fd1a35c7b2c31a0b30ead5e254dd0dd2fc48d51a1df0ca4bafc9c50e0",
      "2b89a8a3c7645f444233ca74d6a1cff1de527ae5e4b2d546fc1a1b9eac1f6bf3",
      "2b94fff7bcb3281ed3d238836f111e25f4e89d272897dfc7e46ccd45831aeb36",
      "2b9fbbf23ff99c31576478d04f27348c3650b7b6d3d87f90b357e2be312defcb",
      "2b9fccadcc224a9c7d45b4883c17ca716569a34c60f9934fc8894215d3614259",
      "2bc07eb2293c349597250814588aa137859afeaebe4083c8978255d936e8a50b",
      "2beb592ae658cd6902691caecb52fa7a2f8878299dbb70e0dc8943df2ff0f3c7",
      "2c214c5b93844e0bce2dfb492c99d5852d010a3838eb9d61e08ef9b7e564003b",
      "2c3f83544cedffa009f9e31a625e9df0688c2a8b81db0b9d6ee061e1aee372b8",
      "2c7c9d7003429abf58b70afcc905a55221a7098aa8788512047f3f41773ecf2d",
      "2c7f46fe43d0a2c6c1ebf31f924d7192ebec8753fadb64d18e4046a1c264cba5",
      "2c8c8fd51bb74bdec59ae54d581c1e62cb217c4a393b51f381fe1d49a076c1df",
      "2c943af5c0cbba1e0b923072df4f74882eeb1dc39d49d523fe9730a000f74383",
      "2ca82d0d77adeedc2e2ed0bcdd65db7c76b26c4d95653a55d219020d9782a873",
      "2cf73590bf87ad4d69e94661eaf9639d9fd8b08b05fb90794f6594a36e745c07",
      "2d0b7d8006401584e0aeed240b8e20cc9e113853aded4a9b22a6aeb3cbc5d23e",
      "2d6ec16b9a1c2190dc27023d7313a4b266c3d869e15c6808ebb48ae92841c4a0",
      "2d95e32c0ab4d626f4371dd25a5bb2755f2a9121b8bbd9ff45c828f41813a0f7",
      "2dbb7ec41cfddd8c2e78bf6a0c4abc296dff3edeaceb0ebfd05e9d0fb7050dea",
      "2e0420c85c895e13937ab3d2616287f25885977ea235e817522e711342bcd62c",
      "2e164aab98709432ea7c790c2a82d35d8390b9f9cb1c011b78d554e968a0f29a",
      "2e48b8e685c26a4bc79016514cc930913c44b8a6bf0656fef4bb1303e96f3b92",
      "2e4f8f322b2bc39151031a4a449602d064cfeee99e9e7674623fb10a9e1a62bc",
      "2e6016de84b0da1f2e588cc7bd4bd21e606f9f1b83c560e96d7f3a093f46a125",
      "2e7bf72b2d7fe08313cdee393184cccddc79eb046d86a81be78763463e5c59f9",
      "2e7dcbf7415d581771b60957f821802113b5113511d0715e5c547ab7c7be67c3",
      "2eb1ef39a4954487c840e175ab93ac1b486a30c7a2b0d8e73f75fe4809629cd2",
      "2ebf4a80b883d90cc25e17ae99dce7313c15b689f710058c20ae8635a0beeae9",
      "2eee27a70e0f14348abcb4896963e72e58d2c87b896dffae44a2f0085a93f9c7",
      "2f41549a47d16aa8ebf6779ad77df97afc71de439703464c3a8837ac4231d707",
      "2f4cc18322f69fd8ca08e16d8f7ad4a8dba4c69e420e7164cd26d7da4e978a39",
      "2f8c7a4c09879d79e907ff84c6af7ae6cbae2eaba1a42ea9a3be47c9c608ad25",
      "2f9c59f2f962090d446ccc8fd0f0b19e35aa5c98c56264537aa868ef84f68865",
      "2fa9937a6ecf2fe0b42de28e76ee262b36205f2eda2c2e164e84d6423cf203e2",
      "2fbce0e1651af63bfd87bae5edebffefa3c364795e85e66ce6068e04500c2b20",
      "2fcfae754f242577ae9c0029857abca0de7251222b4fb73aface0ab5ef5cd182",
      "2fdb7ed534c7b5e2ca2b6f1bc21b33549ec620f43a6faaf39c75bf35f2ecaafd",
      "300bd095f32435d3c1b104d3559984f1b93bf6fdc43ebf19a5402f838489e738",
      "3026cbad60579ad9ac36f06080b01608c5af95bcab71bfbb0a282c36841dde90",
      "302c892c505e2d609a347ee10afc06df69c039f696481a3f3adb9cae71f30460",
      "30352c7e71bbe82c4f0d58b7ea7a7e979deb4d5f70b6611e8464a71002582e34",
      "307a78a9018bcf75a1c1b8a1bfa1874c2d2e32de11f67d4e0ae22b4a7ee29b60",
      "30851e1602706b958eb353a74a8a2d7510c81e2cce3db3c876f306e32b061c23",
      "308e623239a601344788f51991e54f58f5cb2d3ae382b592ddc1688fb655221c",
      "3102e115a59793f9ba496270131006ecff019c1fdb69423ebefa57585ad0ed90",
      "3118a572e6f47417641fe818e0ced42d482ce71121cb972e3e1914d2c7bf3a5a",
      "314485f3d958860c296117f527d48758f1f0218d9351555fda8b3db1258818a4",
      "31755081fd4927625de21cd98d42a58c4855bffe21f0a33c5358e639899eb209",
      "31aa7ca96119e70d943871302bfa115d7024215fd37d0b00c2a87e256fcfbc20",
      "3202548170f3a9f529d557dec888f3816f0302686964e214ffe5b4cdb095bb67",
      "320f1b0ad7fb130a1f8d0876eb51aa44b2475c017ff3dff0330fd4ef63667381",
      "322545e7ec392e214a98858c16d7dcad50c9ad0a386ba52454e4219008c636f3",
      "32577bad9dc6ce1c376509762a22ce3e7b8ee3dc64c710dd09522273d2686c1a",
      "328ac3b373c3d36d2d6c4276af7ac46d38277d5918d19471399ca2d88753388f",
      "3297ecaf0172ca6aa09c5e935c82ee20bd3f3c7b063cae509ce7f674ecdaf5b6",
      "329a87db056d236491221687ab2e50063cf08ed58fc7b815b144c8522a491326",
      "32be619ce300bf8e0fd61255f607f4b7c9b6aae7072e88d0baebb80dfe634044",
      "3347d182ecfcfa2a77a862108b4db33b923271eac4ed251eb825c1c52948aa4d",
      "3368115b1a545e5d5a148baaa0ab984af5acc5aba9e54f170e69664c3d99596f",
      "33699f870776a0d36747f4b6155fc5c5e7e5a12bd71263a3365e79626567f472",
      "337fb9825b59aa1195321d22eff051b00d2c09391bf6939518b2d47bdaccbd65",
      "340ca9542f34f36a42c1f9fb6919d4ce17b7d583898d828921d357045d9275b3",
      "345e8336b3224b0eddd32e48226e9b2e2c369f46d1ed23550258d9f8f6960206",
      "3480a67676ff54572fca22c807b59ffbe9613771e962c6423ecb26ddad861c52",
      "34815b3dc814d5eb9cb1b09709edbfc5b3c7aa1de81659f7187fa16334bdeeb7",
      "348b67a722f9c4319faa22c021a7815cbd48f982789d82d31018f6c9d0ce4ab0",
      "349da0ddb5f2f5347104196e2ee653d5973ba979569f33f2989da945ba2e450b",
      "34cf19c4355ec445c727d82d45d8590704fb5e93b95c6117809818468b333471",
      "3520785b29433598c324a66f24bd36fd939aa832b4ee107571ac9783a6100a8a",
      "3550b22d89746126dec919c6b2d07021b2120d4e6c3a767d47c8c7413df35cca",
      "3561b809c655b3d5e9b3f33f63bbb3b205629bcb9b401047f79c150ff6b5331f",
      "356bb9f17c236d3aab0c81317452f1e693e56c276b00864b91776f2900ba4b33",
      "356c4f6a5173d762e47f3e3b5b6d4ea43873ae64c039ede642e2dacaa242b287",
      "3574000a193e1bd64923f8e9660c3b4470a5826e4ea2a96442bfd095cb7b3f23",
      "3586f6823e815afd0ad6400ed5e8112cabc3edbaa891ce60399555103b6da5e5",
      "35c6cf4f0d45b6ebffb58b85fcba062f6feb8cd44a2a1dbf3c44211401a468f8",
      "35cb4b07b6c4a4e2fb4a3d8616a196271009bf9b3cad83094a1ec9eb069d2e68",
      "35e002194b4fb293f280c46570ad7ec6b98599a1ca7c85b3f373fbff16b8bfdb",
      "3607dc90913d602404e823eb1a85f6f748156d156f0ac2b7a3af8af30aea133e",
      "360d8c669bc79d8f3331c044662322da51ace3368dd7cfd5ccb756a624f36c37",
      "361078ae8a13f50fd6faccb42beca690b331735b3c3db4fa11ad52f8f136663b",
      "3612370faced957e9ba134271a85a616c1f5df0eb5ce49f6118f9cf32d137ed3",
      "363063a3e35b7366e553dbd08412c1e7e2bd68b3488ea3b5260c87534a5cd8ed",
      "363ba9bab12b53e8676012e79ef0245347c7a306403f5966cdce0ac913b99450",
      "36836e29bbe597f0b2c1e3d6aaa4f4fcffa7c63ceb8e2e5d5372fd90061aafec",
      "368a6ab415192dab248dd262e73f242c35d9ec0509d109837c6eb40a16fb0e27",
      "369b0af376b60e66a7a6da2567a8c663b9568d35509c9123532e001b14eca4eb",
      "36aa9df7224c4537fe2ea2a5cbe2d5c7eb1471389bae0839f167b9ca6da42565",
      "36d0df7a1e867ac1d7592406f3e37045242f7b9d9317dca8cdcc88c836626e61",
      "36e1954249534ee7980ab95cd3a3d32156a8b9106bfe0275b85f3ab1feb040e2",
      "3716b2a011bab181c853e9b3f42c3a63b5f1b25f2cda7066a8b747c279ffbd7c",
      "379cd2dc9d95b88927ca1a01e35324ae69046e09ea961887ed1cf5dd321f4a77",
      "37cc7acc4a068b1e8803df05070eafc67737d98f2d1492f2d26821ec29f5c14c",
      "37d2a3369835efd38055696e316803cfb8695d8d1fbde45165fc87293fad8d72",
      "37fa4d355aa35841402a605e4ecc52081382e91323e0c05f0007e0e26a3cd948",
      "380773a3745791dac09b3649ad4ab7f79e16386618d23201fcf23d2051bd4692",
      "381615a0575de90144767de77967e9d5a24a1f4fabe01a524fbfc13fc0ee823b",
      "38269b8ec5960c4f050d97f59bd1ee20fab0a2b7dab240a6fecfc2219e8fd94d",
      "384ae2def2582682f4f87d22e9b4952d3c112e5f45cf8bcc13d49f45b9c5af52",
      "386e79d0ff6ebc6616d27dc785b4a8349785e9515082bc3add825616702010c4",
      "3881dcccfe93927d5291eac5feb8ea331b7b66983c675bc31f668417094cc983",
      "388850c447283df00d0d8d9c4a4282de9a71807490d9bee13e0efe7cc60964fa",
      "38d823d433f54ba12804bd2737cab77f96731e394123d9d329e1dac3e3a5394c",
      "3925f2d84d3bd3c9a50cff615ed517ae28b78d6f07f4def3c0f7b2cf0a09d11e",
      "39497f95cc19229e0e6a333c0ff3af18ff191e36b47d9413bdc8a7b83f96fb59",
      "39703518688313c71bb5e66c21e483870155b30e9fda8ec7fb18dc676f4b2f96",
      "39716d00380e293f0792e63f41d939cc2247054e6549631ae4c88126d9716d35",
      "398747ce81fb0bc37d0ef5dbd9637c020fd1f76b4a4984e01838cac7e51a697f",
      "39998c5f72f19b03ff5da2e287c8eb28ae21b1659ac1b37fb61e749ad36cbe56",
      "39a41c1a9d1fb3de5b7148363e182784e3fad6a0e7ffb97ef56df14e7e4a2c5d",
      "39a9f14a15d4ac2ce3d07ff60328a948a6380c8cfe33b3644e1944f4ad4fc5a4",
      "39c98e746be45bd6d69c6475eea403e48bc75c85804b3b6dba3437eb7aaf4630",
      "39f679081766d880618679d341943a33e94c3ef957722f9ee1b1722f250c4154",
      "39f6d8329f627050a7adb7be5caa6a30e298770e83fff3d002029f4d91bd1612",
      "3a098a48c4c6a05ec41c810641dd10cb220364b40373d2aaf1790bb3ccc20af5",
      "3a0df056c3ba84cfea56a3d24322222d6ccdd8b12283be0c3ac8499cec4b825d",
      "3a55f5f07b49064e173e1ea406976a5852ca015dbc6eb54787dd6b0e8ac84a43",
      "3a5f20baea4c2a9cef7f3353782fd644c4bb848ca95f3b598af07c6fc5695fd7",
      "3a6aaa4ba5e04e12fc93c89db2f2ac5ed9a40576ab3d098845881070d1afe0ac",
      "3a6bbeb1bb9e5300bc79c5a35cd44947384eadc5993b275ec49f6eae126290b2",
      "3a7a4c345a27042a3ce1708914bd01a1d6e4318f366a5f7fab60798b065678cd",
      "3a927435a275f27350084918c6e162cd8e550dc5424cd937adeec328f6865bf2",
      "3a9c6bfb32502e930062309951011eeb3a351dc2c5b886ee1a8568ffb5655cdf",
      "3ab5e4b92f534625476700e0da1e6d53bc157a3dd06a0fa4e5530ca95e7409cb",
      "3b0630f9b951fc8710b15a7739b0e4e578f0c892512e5af59cfea0a250713836",
      "3b4073e84052e5b13b5a4c8b6dbe0a11606fab75df5ca3816193d6d0fc45ba69",
      "3b4980d893cb6bef3a20ee35c2862765830becb62bf87a11a02f76dee47abf1e",
      "3bbb5db06645dc3b5313d8c6cca29b41c87a92054cc693ad6dc49fe5f155c5f1",
      "3c3f62ac46f086b0cbea85339b8e0e28510ea42a3979d830a258df68ea349465",
      "3c5391c431ce5c00136ae33db6fcdcf292f767ca5da54b028bce18f77d46f246",
      "3cc8a4132fdac6b6d56b89c1aa7bd13e39f093e6a3ab691581c7842cc106b921",
      "3ccdca50cfa88a24ad0c2534c4966c4f37cc6170564fc791541b9b42a4144c87",
      "3d177e51e942b7bbdc974d675a2e10e3c2e887943fed93ade450b8f6738d584f",
      "3d2c9057b98b6abaaf998da1fc0a4bad0b69bde0303dd6334830200e5d9cf800",
      "3d38f3477a9e7054aff7d5f9fa5b3f6604d1046929a0876b9112cd5e2a9b462d",
      "3dc4e45294cac086d46951272edf6ba975cf6355ee3a659c85d838c971e4f841",
      "3e1765231e1053f1654dc03c183a27844149232421bfaa0ab0de9b1e07ee436f",
      "3e23a53ac80f5406adf549b9c5640946f9ede38f3966e0c74004bd90bbe4c44d",
      "3e788d6b33804557b1bb428bcb97843a0bd442a0e68b41bdc37d1e9bde4bbe85",
      "3ed8ae6a1c2cbc5d28160d28b07ccee991dcc80134fc3ed4735558bb66c2c0db",
      "3eecbfa993c7d17b8c3f5553c7e2150dd467dac42b094306e80b5557be1ae73b",
      "3ef1de316a2d165521f9fb16d732b057ec7782ee834de9a69faf35750ec67287",
      "3f078a902e54fe7b6e0f2f9271ad584b112b21fdcf3b2e97975528f799266445",
      "3f15f719d7e5e87ebd5e3af8501bb0f840644cdda1bd0a9fd5881a0c43e084f3",
      "3f57b4bc00f13a935a619d36b5df3eab2b3a2824a886b92bec0d0be4e5a72acf",
      "3f7edf7fc372cd145a7c226a53d7da7f6fda8a85e250ba3cf93dfb940a855566",
      "3f8652b0b18f7feb79f1e44542348ae808ff9ad6f8d1732f580966fb0b2677b8",
      "3feaac83732b9bb04396f46ce68d4da080545ee7313215b9bf5624fb625fb640",
      "400c664920b3a653cafac6e017e3483dc2ec0bdb3e20242ec29bd04888ecfa38",
      "401065a0f1bc41be8639662fd4d018e9d14518555dd12b995ab7c05f53720227",
      "4022385dbbde1734a9a4cfa398aa522751c2d16982587bfbcff1b409ba031db4",
      "40382d0a912e2a31ad3cfcb060606551ee11595ef7a2e81e8d08b88d5834c4f7",
      "404bd275f0dcabe5c856812b2b9fae3ecf9e805390823dec38d6a23318d41e43",
      "4065cafb6cfda2bc242caa1e6cadccc8db11ab2817d506c871eed37aa0ce2941",
      "40698e6187618a4aa4851566115d4915259e4aceb70f3a2c01f40edc4a5ab262",
      "40819a34223824485643648c3badc5d95f4ea7a5d68587f222878363b5f429a5",
      "408c233df258b4525bdbf3e17bfa5c652816f03615edca22a2ef180a115e6e0f",
      "40936abc266bf10f4647b1605a7596e58009ac020fab8738f5dcaf68e56d93eb",
      "409f92a92aa7f17b04e4193d92d73a2cbfc21bcb61d5b88be6f5728610f47599",
      "40f6579fe3c9169906023e38707b5e5b99b5b8d5cb95e543f3b41719fd270620",
      "4115e9e853293fc7cb7882bde346714010822a41ec0548cc0441008f34e507bd",
      "411890add949ae12f2169af5eb9383dedfccdf7a6fee261aa15fda9a266b3e75",
      "41237bf645340f6dd6a9407e64cb9ff946f0c85d61b1e3d265edfa7fea2dd82f",
      "4142cd95e3b3c91532db9debe4d23b968a36b590cfc2fe559e6128f9fa4a6a66",
      "4160bf12672ce2e92ff9f24518ac5de4f8327cb351bbea4cb27f0a1d2827ac9e",
      "41779da9d22fd5d78b44ee5357fbe125d7ef63d42642a85419b74e7e0fbd5dde",
      "41a9d9f750ccfd5537a744d463d709c5c484d1fc0e4e7cc3a6b5c69a9abcca85",
      "41b72ba8159fe6b6a8dd7b06bf89170d65ae5b0e633601cb867173db1be4afe8",
      "41f7466dbd8c7867341b7f7a9ac64c62ebe558b9b7d202dd10273927ffbfad9d",
      "420e921d75c60131c5de29ed33fce9f6db40390014f6a02838b21430e25e8f22",
      "4225b12124ab9ef251c27709af3bc3a0322bb3e7ed5622bcb13a0d39f44bb3ef",
      "42378e1016ddd031894a4a14d5c7a420f892ffdee07f2bac3eb86924736a0b79",
      "425731d1499e8bf4755c095b3ca75324c7cd3b6da282ea751587cd57f296e065",
      "42ac8ab948086042fe41d0ad42b85f5dde27d6f046e6df53d16a5a6e2591f8b2",
      "42b07c43e5b0fecd506472461612a2fef2b6111ae9367e2dc0b119859472dc30",
      "42c90b2a16d7f771a765ee9d20cc9233e22424e6ab7f0f57c5d9a48e66addd9e",
      "430ab8a0bbb4f61f08af73f80c645ac9fae6ff3b10458cf9e884c1b4111076b7",
      "43384655aa7db4823111fc3d46c8cc596f0766ce63d1af46f4ea1ed79d9a4650",
      "433f0164dccbf34eb1c3169768379fe65a35c6b5363babd3514ac7fdb77745f1",
      "434388f405469a664f8feb89b6965491d254de6919316ed384470bc2ce93dded",
      "4374d459da883b99917d4fc4975006779a70f3cf494b4c616997bcd70f30fa1d",
      "437da9ab0ee8555710ea77883b245f196cc335fda4862d8948513c607156022e",
      "43ed16ed9b56bc87b98049f85fbcfc995b5035f7281f04aceb17f280b6277dde",
      "4415a3532e39a1f9938c389331f59b8c41caa842542b13f474ede26dce58b5c6",
      "4443a9c2cad0613b2308de16c4823fffa2494a9e70b0b7830dd8921cf907769c",
      "4449fe5dbba4c8fc98a10e44875dfdf3e3ac471f407529bc6b72a0cab00de7b8",
      "445f77b4af6deeb3e54afd2c810f27260d27e2c0cd8c128921d91f7d387fe4a4",
      "447219865a9475eae269659c2b3e3794ca13cd5159bbc6702e3350872384fe28",
      "4477090da816d47da7f619566f277cc4f52ff9e0c5a0413bb5115345eb714e17",
      "448d87d1c6df32804643d0a82735c3194baae80ced590fb8e7599a8c023da954",
      "449817c151e207635d2ebe9befa173cfc611a041e96fcd5b8ff34ac4ef0953ad",
      "44a48169f80337fb2e809c905b2d6327e999f14c426864d13e198104185b73ec",
      "44b6dbf88abd68352c56c9a224e0c66708394d833007da9dd4c6da2f72063bd2",
      "44ca7f4e0d70d01cc61feef3055728bd75fbe0c6aff7196e48f9498ccedc7dd5",
      "4537c12eeba0f6fd95983f472e30f7364711570344cb22de7f7f5eb31b7bde18",
      "454e13718809f0ca19f9014ccce7917722179678130fc1e2465d7a02aead965d",
      "45846bc9f83fb86485c47d762815da9bea337adbdb5cd19f101a102924548f48",
      "45c42f5b849a270f9f77728cb6b768a7c97b58fb011feb0b016339e4378fc7da",
      "460430252bb5cece4e84acacd2e91865f68854038d6cefb799aaa9158eb7b9f2",
      "46146975190da4b2c437dceaba1148ea116132134bef51aa83a2c843766dea6c",
      "469fa5df0285905bb41ec22e1e55818a368f23d20b79706b3166fe77e9531e75",
      "46c683f61347a6296b2c1317123e42af86d2d4f5ebafe3858574220aaaf311a7",
      "46cac3bfbf8eba25e68d085b9876be4ed5f4294588cba59865e01981ee177d1a",
      "46cc62a4e36bfc5aeda55435efdedc4c7711ee847c3ce1c0e61aaf3f9df8789c",
      "4707f71d178f04ca4bffc8456d40e408560001d929b3e5b0a4163b5003ff70e8",
      "4710aa7da32b5303e16417284dd1686bf0623e571edd4a22334d3f70dfaff616",
      "4723d102f4a7b262f88fffe6cdcdcce6ee5aa2b6bf94924fc748fd5e97dc177d",
      "474b5bdbf32e3f6330ee5da9df4b1b0178ed927a01c616e61ff3c2364a596733",
      "47713b6ac0a97f9818574f19bb0958228fa43373bc0ea1a2231563a269a8f603",
      "4776ae75498294576538cdf8edd4df00391de18a321d6b318f3d9f59f9e5ec01",
      "477d232a5781554ef896b7ff0939bf954f025a76a76ed1ea6c9f7a0de20de933",
      "477dee1a046498b521dff37d66bd878fa419fff5f8435b1d71faf4c205423a79",
      "47b8a777144cfb5a46efc9e452b74d26bfe7747bf815acb9afecfa4e3328cd71",
      "47c4e817d417c0d750600a666909b1d1a503fc704789b1c7fc9894187171d38b",
      "47c7c5f508f1ee4c8b3313ace73be16d39ee17754fcca857c43967bb5d62061f",
      "47fb7682fbff34c74c4810116ada70afcb435052aa69d4b8f04523ebd34c57f8",
      "47fb863693f08302d4fafdd7a752f4edaff79035fb20312b0ce9dcf3d19190e2",
      "486c68af76d93f4461f5c8acd3ffae19d00dd63924e6e38ba050b10374681078",
      "4896113bc5c1f6e44c1cdf8b79f1af3f9eaf8243df1fb0387dbd5bb6131615d4",
      "48a6e568214a20a7affa1485c26d3c5b55f1d1a8526338879d3f993d033ef69d",
      "48d9c5d5218709f8455aaacad824ffe4575ff76380ae9d9404539cba597d96a4",
      "49046fb46400ac15f44e79cb22a14322aeb7ef07dd281c52381526d117961190",
      "497d20698cc55035d8f6ae0a68f04da8122e56a494255fbe0ef3f8be0e0e738b",
      "49d2708f81a83be1bf8a882e0c26551148c4ce6dde15c74458ddba5a8de02c2a",
      "49ee23e230bb34c606bee66737fcadf62a891db00f8678e50f5132f296ae0707",
      "4a0165f9b05b88ce22f6f5434c6058552014ac5997f0cbdde8d439263238cdc5",
      "4a16d29a5bdda0442f69c6905579aacb903909093695b300263ef0cca89c6ceb",
      "4a630d1943ad795cfb2f1727fd2714b433c094f2c09c8b4d937731434f0bd733",
      "4a76ad82a93c744c6f67d0495ab39427561ba56206cd2abb363c8dd78521aa54",
      "4ad0d81b30790a0514eb0a7a17173a6779d9ef2b9e9a2570ec8a87badf9f5c9d",
      "4ad49b07c07eaf0fad24df18eac7d593d4d05d8bcce14aa9faf7133322a68f0e",
      "4aef81ee455e2880a65f723e3f63a991f55eae72c5ab903e4fdc6f3445d56629",
      "4aefdf27f5a544e6c3e5b82d5ed4b9a04cdd624a9d8ced0db4983c6f97b2406b",
      "4af0803207bea57dc526d3504a3f7f90f94aa946b9bc0ba178b99e2def80311e",
      "4b05a7253406962ccb045417dc9280d5f831b8eea0c2f69a11d2f8aeead6b9b9",
      "4b05fac5b3cd17f345b954a912c5390520458de12f76f0734347671af8f90f4a",
      "4b65242857ea3a6beba5cc96861eaa2ff14372f277a1023c58af65ac82c24dee",
      "4b6b4bab89219701bce5c6aec263d8520f32e24028282e630f0d1a7eb7e87a3b",
      "4b7f59317e357f4cc3e8f7c1810debecb0b0ca80d95d89f1763c5c947d001c7e",
      "4b85554c9ba765bae2faa973b515d3bcea6c86abcda50b2dd06d649311fc38c7",
      "4ba3c88392fe2e747bc0caf315dc4ac56e35fdf55a41f9687f540060fb22c7e8",
      "4c1a40fcdfc8e11998dce34d408172047414053d8e139e1658145d84ad732b41",
      "4c21e7b07a9f61f5c56dafb422e0841b66cd81c82bd6c8d86c05cb4f4c1fbceb",
      "4c37094e49ffe248fcba9b974a3bac65f34886f2f12010d7c5f60668f0158bbd",
      "4c5f6036a7b0b9ec287231a487f4198af003aac0549e7b6b9e79532d2602c67c",
      "4cb227a4978f6dc3f13784ec415074a0e6d33d972c6783c9e2a0a1617210f6c5",
      "4cdf925743d13e8988e284594b5cdb2fae1143166dab06c0805a4d839ffc64dd",
      "4d2ad45df3c9c0cf4779a3a301833530432ee4432a3274237db13ea5a96e6063",
      "4d820f5513465e3c69287f4cf492628e34fe376cbe002d1663f3c78b3db18788",
      "4d9ed007e06351c0447674f4205cc7a52e8c81e75db3e76181e7440322326ee6",
      "4db9045c49d6ea7538cb69feb3449a3c30bade31e1fadf8dc2a66e202898cbda",
      "4dc0aade09464ad39495aaefcde33bdde1e4708a868451454292281884bdc9b9",
      "4dcaead042228493840b8d79a0e9c063593d3982f96c2667c9ae8e697fc59520",
      "4dd10ee8ab2d2aa06bb955b66a33fd1c6930c6edfe56331e7e55be5301f7aeb3",
      "4e065e15e5b608f7c93ec9882d20a198852512ff7efbed1f9d7b92b312aca02e",
      "4e4ebb183c8eeaca6422ff06edc6db173ece8523f90c4fec3eb54f0c861bfd37",
      "4e53d7cf4b97aa1a0e4c6e71532b9bd86f693621a251c20f909f7e0b68a17c8d",
      "4e58144dd8a82156586fc066ce66e8c0a914a227a6d25d01433117da26283e7e",
      "4e8aea2a1b0408459fb56aff636554c33222769fa7dcd4919558a30b9ccb1e88",
      "4f0bb75d5237b4000dbfacea34b4a0dce8a7fd172bfd25658f79ef3be933890e",
      "4f19064eae19b86ce90065e63daf5fd0d3b8a3af1daf3c8bda073ba2dbf23fb7",
      "4f781e515505e32e3423be32504c9f5ef8a03ee8b8aa85b0cdd64360894121b0",
      "4f7e915c67ff7dc38efff9de9f5ddbb07a4b4bfd3cc618291a2deb8bb65940da",
      "4fa28f6d74fc6006a9f5005a89be48d5338dfaa3479a1e88a8de3a01bbd70f5c",
      "4fc847ee67c19e3870501de714703fadceef7f1476a42bd972385f7538ce043c",
      "4fd6acf621e046bbea4c70b36838c8be29b36cf3adec16020ef5c8ce332df557",
      "501a8128a314aeecb5e79cbfb943b29380888e117bb7bc29c3b6d536fb4e8212",
      "502e652221659ea87bd5d205b3053900a8c81b19e338fbceb0e0ab02e527337d",
      "5035b8b054be64e0d3fd727b316c084a57ac21e8424e7f0b19e135fe18bbef3f",
      "506ccafb3f78f5ef7ee74e36c1ba6d38464b3df5a1b3d3e903a573528ec476e0",
      "50acb1526805a97b987f7e60103af7426fdb6f6cdd3e476c7443544c8b0fe123",
      "51080e2c3c8622d8ac5ad2847b66d7048a1010b0845a57f8b94931fb3a417ff5",
      "5115c4585cb59aaba862507e222431c19828cb993773cf2f85a25d1a6a3e3fff",
      "513b23384f8f650ea4e49b4f5b464b45b02f68bfab9131897bfaa509fd13bf3f",
      "5149acaa13ffc35b5c6205d9927b58057520c40b398fe8beab0f62e48c67cca6",
      "514bfd63215414688212b7974240fabca9654846dbbab3926254fcf11fe32f39",
      "51b2c5a25a6853f6d9f83a6902c544906acdd17c18b6584af8d0166ed449df90",
      "51d76f078a882b6cd3ed597ae96101d2472bd8e9b531ae22a02a2ec83445f240",
      "51e851640d3ad84e2a0c73229648043cb57c76a92fb3743baf1c51b1be45fdac",
      "5205cc8b9a8ba74aeaf36599a2a69ab864f82072cfbc1d227693bbf9b284d289",
      "52153b2760d58d769d13cbee7520b5768bde1196b56ee21edd79054b41a6a127",
      "521b4e376d10a17ae627ce72ad6d5e18f287f11beaf02c7f4d49f55884d40b54",
      "52299ccf81b20eba3ca2dab4bd5517cde22de38cc7eda92c01e5ea2e1da688d1",
      "5232b193339b5a02afe08887865e6bfa1431fb529eddafa95b377861b83cf35f",
      "5234cffcccacf1d2cba0abecc4174dcdc88a03ed58701630614aef52303a1b16",
      "525304853f159c7dd1bec1e4a56ba2f57580b177850fff417b3397034bef0f96",
      "5259ed3ebe2090752a2595100d53cb9577f5c959310bdcc628b9b34b499ce1bc",
      "529fb9c3dc653dfcb263dd5cfd138faf6fea0c8aa80d0e5d9113e7940925c976",
      "52d46d119cf837d438e4b748294582ad3999fe0b77f0f0ffceac16da7a6a1a11",
      "531be023b1b705f2c0ba7eb62b41af3f0ad3ca65f426cf9daa69eb8946f9101a",
      "5328c33ed511cc8f2d8b2a74d2642e5e42d4c3dce4cbbe7c461c5ae497fc5040",
      "53421a56541570a17290ef69343db1821dadbfa50b26250ca01f1f359abf4029",
      "53460881c47e9c3a133d1a993096429814e6992170aeb988f3172d9ff174bd2d",
      "538343ee51d7d9696c16c1badde70dd5c43cb516db685b680b87f4e1812a44c3",
      "53ab8d7b68fb9f26afbbfdcdc96308fafe744760e60b7cd44019abcc77506459",
      "53b57272fa13001dc86f0ef9efd0df1ce5b59c085a27ae006c63e0cea9098504",
      "54015450abaa3cc1247290afc293e813e12852c4e5f9248da88d9bed8fb1a037",
      "54041be7760c177d6eca8efe45390d4bbe36236a7026f27d69eac4b4cdc96e29",
      "544dae71cc9a5240d984274e057ac6a4cb30b26b8d9bd12fa7a3325b9d6e60bb",
      "544ecc53eab577dfc1b9b9534d4798105cf8a79575af0c88dfbe538f89ad1c3c",
      "544ee1f6fbef0b8028f8bd3f8ab5c81f5bec08b339f617ac125e6e03ac431e33",
      "5462c32af999dadc6c1e3f3faff4ad7405aaad859d18ac3c7dcdcb6074910e69",
      "546eed28a296389ad671d24659317a6877f66341daaa6b2c7ada8510ab7442ff",
      "547b482281370627f48b39b6acf367fbad8498084cf9fcbd50cfeab73d125e8f",
      "5481e8487db209ba1bee40b99a083924b3a03487476d2f8b7b45587eb1637c83",
      "54bd079d341d9c7b12b2ec75be882cdc00d254da815d947e058fc0bce89a7e41",
      "551a590909cf0554cf66b3bf667f8e476af927fff9c9710118c2ec30279e1b26",
      "5543bbc46c58ea9e962dc0b3a0c7d8ce414fb54e7aacb5d480cd2e36863c486b",
      "5569fbfadd9d0d3c369fc06a1d3906652c8187b8ef77b39221231f58041346a0",
      "55714fdd73cacdcc96e18566d29948c10a7e2759622164539f2f92210e2182ac",
      "559bb636ab6652ce736f8b26a4ba6f5b6b004763dd8c9c5e9ecaff39dabf61b1",
      "55a4daa200627b666698d1d6a6738f967dad9fe5281782f3dff1b3e2cc5e0090",
      "55b6b9926c817298558b126490618e2bc23c63eb2d0d874fe1017afe2f80b4c1",
      "55f25d456ae2dcb423239b7369c56e790ddecb1bf755eb54983e4005309ba8b3",
      "56145b1559881727cfda18646b8265d9497b6450a792de256d5cfac6b72abff8",
      "56763fb7d7b77b5c7be5e2abf361ad67eadb39a80bbfb931308da083c4ec528f",
      "56b0794a176d1b7aa54652e3fd5d90d87220e6ab019b4f29b399bff9b8f1732c",
      "56bcbef79fbcc30f427c0f830a753dac44c9658b3c8d36c9dececdf916c1a316",
      "572f8ec4634a35416e291b0d2497eb1e0c93c4f8923abd6a081d23f32febc8e1",
      "57339e83de94646b5491558225e159aba0a64def8f74c933b9fbaa7cb8c19e13",
      "579bf63468ebe24a43bec03f5eb727c2a23ec5ac2242ac862d72ce06476074e4",
      "579f2ac0c8fe958e4b614e744b14d20f9af7af47941264bf441379d851c51765",
      "57b583d9c4f5f3541cf9bf2cfe2d082db69294db0e95dc6e1e3986d5ddf7e4d3",
      "57da2645968151bc9cbf34a62b00d6650861a2cb034eb876c357dfac54a81728",
      "57f70e3be6caaee5cf5549cf2f498f033b08b47d91a3ead031bc959a9bf44b4b",
      "5806ff56be8ff4cc389ad169bcf5be397e9b2bf3f426d085fa4564009e057da6",
      "58230c1ff482b7312b1242a26c5b78feaca847a11ee79a5cee249e25bc5697cf",
      "58561a8b91ea6481fe9281db21ca10eb4155c3bae9f49e6f9c0ebc0e74d56451",
      "585b3ffde4d2861f1bf6e61a13134d3329cce2a5b0b530fb526ea8beef95318d",
      "586b27d6cf7e5d3d874da3486f34423fa1b531555eb13558e59b12c727784887",
      "587cd035eef39537a424b20282c8c9366afbfb868dfd95f512e36b948f56be5a",
      "58b824f97d58f55558314b00e5e6fe702d8b714ccdd092b4f0f1b0a2c3bf1d3f",
      "58b9269753582be5ff4635fafaf4c1f3a7668022b9d19fc01debc1544022309d",
      "58db5f621fe458308f3c5469ef08f76428d47b8c3903de4086fc593d8edf24f4",
      "59293195d9c3dcf2b354b0de73b1a67fca6a7766ff9da319c74e7aba9623278c",
      "594c6d72b18ddcd5d63510addd210e8ed6ec5ff6c7b811e096951d4221a05ce9",
      "5955b5fc18036237105a27865510810206c1b20037226541f49b9027bd9f531a",
      "596cfe63987306931c59fea44e198bea9f135c0fdbd057a79ba47cbcaae61510",
      "598e591435ce6b9c0363c59b9332db3e980b271f0d50f67fbce0094f42fe6899",
      "59ab47cd0b05d446a37922742942098d65bd7e01ce62c9b5550b62925d9b60bd",
      "59e13c0be5e33e82de87d39f96c09f75332186a445d22bc30d9bafaba7d173d3",
      "59ea9605b619359579a6efa46eba3206de9f46b54f898e8aae03638ae31facd5",
      "59ebea0aeefc04d94699a210faac8c7f345e4e37029bdcd0593d21577b46e447",
      "5a073065ec4d9353faa7cb05a090c2700046525aa18a87c8a55289d58a2eb0d9",
      "5a442a203121d8cbd779f755cbcab06e527c24075c20733ac250c33792effd5e",
      "5a4a73798dd2b2d8cad3c81b1b41c636c11646a7f829da5b62282fad934ce6f2",
      "5a4fcfe01dab48b463cdf5553155192060d82d87b2874ced2cd251e3456cbe23",
      "5a54053317766f870e341a6124d690c35929a263648bd74cd32731380144ee5a",
      "5a5ecd5407e3a12a1c8113aab4e3e0560837b72a211dc9a5a871d60c05c1adbd",
      "5a92e1d7e7d006a4cfab44b3a3a91f9176c8061ca937dd2e9fe325d157fa7bd2",
      "5a98bfc22cfe68004910b6c78b849c499f462de08e809ba276d90e4af718e6b5",
      "5ad7e60bba3e92b57ba83bee95d1968056cd410e3973aa2219a4d40ef673c29f",
      "5b0d8a4e484b77f5c0a03889e7cd53e64c0e84d8261e6ac527d68cbf6d321452",
      "5b4f5bea2c7dd0d3bb7f015366318021b437d2619549a6b6eea43d25ccb43af7",
      "5ba5b661f52f22898bf15091a43024a45fa19edd99b6e830cdc0eadb8e104911",
      "5bd93e3c66ed84829ee95094575307d83f629e9d4f6b879f57f9fed38faa0865",
      "5c294f2c2ffdf495df93c3308c332f1161aa532f63fb896a45422a6ad5e6aee1",
      "5c3bf14f2c80bde7ace889801bd905285ffa5291334a3f4a09255490e1ab2b86",
      "5ca3dd12e1d069b136809baf116a91c2024c58cde267180a906a16b3dc764ec3",
      "5d1455000db174a6a3333cc8eecd128fb3db872c27a0feb5c8f4557bf29b36e7",
      "5d28550ebbcd9d3dcbaf0c9423d68d1484ebf5c6baa9cab866e5d85eb62fbbc9",
      "5d6e502bbb9f433729033aaa877ad20e65b7caadfd9a4fe2d30524401c4fdc64",
      "5d7d5a68ebe70af13b97ad8180f1602addc47e1b95c133156ff440315f5601b1",
      "5d9f4853229ee675b5548625630849c41d84f0383cb2c97541329117fbfdbec0",
      "5dd773ec282e4adb0dc67112dc4a139fb815a3df78cb08db7d10b06ec4c41b25",
      "5e12bbb81dd8eb77fc79a10c904b453da0b2d6e2ba691da62b62f8fda5241c21",
      "5e4d55d80fbb5157861e7d9b5d9db49e4ea360bb829b21af148612aaf66ca143",
      "5e890e1c60d4f558238211b8bb084bee1196288c9ad42e59e85bbe6e2b8cf58a",
      "5e9187a38254ae00ba2db120d67a2a1e9d33b1149364c16988f6af1966b10a20",
      "5e9e83839ccaffb7a66ab186d61a7cd77001c0b19ba09875970fbf24e271172a",
      "5ea71e12cc654524291c991deff50324192d5b08e610709b8087fc4c3bca0a52",
      "5eade87a7e6340bd08eda7de43065568b3529b2a36a5abd5ad5a8c32def64385",
      "5eb6bb85f432f9803badaa1dfe1477d6d17ed9bd161d77cc866ddd93b43a6ae3",
      "5ecd80b7efa1644a5a8cf84884bdeb5ab396b15f2944c961a299dca5bd660101",
      "5ee851343db1ef95e8b8b3fb0aa79156166a123e47bbbbe80f113920c59456d8",
      "5f003f58623cc6f526f1ab40a4175d147315744558d2a174f1374553840e2d51",
      "5f2c1b09bd9f8f865709e23d4ee7288ad4e5b2b1a59137d42db4456508d08fae",
      "5f4b27004413e674e04eb555ff73a11bb26f3b1297f238893aca77e2df286208",
      "5f56b1dba32e8612f2a9b1a6b90bf833a23cc845913d330168e1cd6bddee5c01",
      "5f5974b5c63468a784254dc320c1ab5d182f95d8591dcae81269c1603fdd33f6",
      "5f8d144c415f23509ddbd63b49f5277fb9be636213b51e7f13553ed284dd9a94",
      "5fa0ea398acb46afb2566783d4a8cd64c0a57959f47ae3d729e1599ae545706f",
      "6012d20b52543c0274e2426e41aa55e339dd2b561457e1d2dd455aec62b60db0",
      "602b62b103f8709bde365d36690d944278a9ba50bfdb62539bc030bda81ecfb0",
      "6090c2abf5dd35aa32d6ebb5d5c4e15a954236a81ac83e8fffb2ee9b9b8448bc",
      "60992d2a54e5770427efd19e25dd3da485e375d134d0d7debb25ba220dfe03a3",
      "60cda6963bc67a0ebbdbb3542c5376010b756a141d978fcd1cc68f70d3e67baf",
      "60d0a8edeb1fce19fe266dc5f1c60d4fa037f8fdc9aa16851c299d9292deb860",
      "60d45253440a4fc0ec63ed86a746c4176ccd03573f0e68be00541074eab3ca57",
      "60e96ce15d5c448e66aac956f03b4529f26adace80e0e3c393feb4b5efb52e70",
      "60ff802c9da724745026701e43d2f710a102d534d73e75c43383593b11046d79",
      "6129b5348a9c3860240ea35d7a3587976e2195c0cf79802f8daa21c21598196e",
      "617e4b6ab914a62a3c1aea9c0418dd9b17b840f771bf68b913006b0992afb4bb",
      "618de005c6a8d5196364813aee05ac47341fd82bcd74935619b5f1aa1ae4e353",
      "61f3b11c3b9cb6ee4aa651599859c35810fb1abb67495b9bad478d70d319e3e7",
      "6212717fc53ca6e8484997783bb4084b5582fd58bd731cf7eb8a28382cdb63b9",
      "621400de9909eb80ae742e05ac307c02f52f2a47fd87e7ed163a43719cc0499b",
      "62168d35a47125e7d2173eb9042b05625b775509f79a076439582ede8b7d1eec",
      "624c4d547b6799a31b92839a916e9fa9fe50cdd5d50bda1e6ea4280bbd982cb1",
      "626012aa75b2154d419956080d523ad77dc7c27deb648dd3644658553b37ac04",
      "62853956ef2d8af92cf32c3f702fd1017efee78431898314599b740375dbd22e",
      "62910ed2fcf8abc33a2add8c911767751511b2181620f984712466e37f0e9081",
      "62acb54f4c0cd53dea8104021775891337badac197b82e9154d300117b7af8a5",
      "62c869a3fc0a3a77a4c51c3ba8d8e8c1d08449dfaaafb1b19af12eced0d48e68",
      "635589d15d7856d397c7596c30d821afd6c7c4091a007cd6e415cd289f8b82c9",
      "63c6a5fb43b6539240d11d10364b60b8f026600594a7d653684333f91a4ec312",
      "6411311159c5e74d1263c5b2229018dad087428c7d51a6410a8eabe24500cb62",
      "641bf184fdc2bde76a323cdb07b88f66e0f4f9017f56e9ab4c613e20af581de1",
      "6423675df84b10d7c54852f57840642ab6318d6a5ee6d2da783a7dcf14ef3d6b",
      "6467963c15c19029b30be381d62f4c709ee354fcdcb4930de22144429370094e",
      "648f11511978247054cad32324a3936a656911c12b8cbebd914aa830f97f6f64",
      "649557b19c62e3c4839a305b11e025f0f06545796bc4aebf0185218fb33c8a05",
      "64df6b06a142799780a7d7007bee67230079e6560be1a86f3a32d07a552bf5d9",
      "6506163f973c86df158cc2cb0e888fddbda25255c2cdb17195a4366ed7e9bb94",
      "65303bc3622f5277454aef6bfadb74efe342d47c8cd3362f4ceaa9984cabcd36",
      "6542e4eacb5468b491f2ad1b120f651279440c8451b0d59b338c2bb9228c52fd",
      "65513a7ee68be8d84279b255e07cb5aa071500cc712290fbd034b80ddbe7eace",
      "655741a3ee18517eb7c5a6fc3082ffd9d7cc4dd1939ebbd7a520ac62c51cb88b",
      "657bffa66ab02aedb20e9a85e0d8728a853e5b677c420ea3f046354bbf36307f",
      "658823e90e316878a7eadbc75d80e38ea6daa6d37cb7cae49d8f4fd8f0fc6e60",
      "65c1ae3db7b46458be61027bc82ba2bc2d4c248ce8bfb2ec46efa300bd394337",
      "65fc0a916a90b73ef21c55e1c766502a13742aa3253c324daa340851ba963e27",
      "662686f8d6b5f4393d371f343e478d74b732963a38dc32563c72788ff347608a",
      "664f4acb2a824fd17e6395bbfe93d32aff96a6a930738ca6c232d46e7fa9aa7e",
      "6655a5a88ee311ae2245cb4d9b843fea14842b026cb0283db34dee68784808ef",
      "66628047700adabf115a0091e12ae572a96d76a79480f6e05c08801fbbeaeee9",
      "666a725319bdf56c25d3b4065e58cbf62b30a359adab00b2ce205b622ac389cd",
      "6676639ea3d6d050da9c66ce8f01c22274da4657d86da6701b7ca140c55c38c4",
      "66798daaa27327de6d8b62312460993d913306f9c163a4f567eb8d445b1219ad",
      "66a4a873b8765e288df7051eddede06c7d1a554b55fc86e99042e8137b0b8c11",
      "66aca321e864cbec85cb432b94aa5ba0272ea08d962d1829264979b8bc81a731",
      "66dd8d72720be6c5f000a597bb7df298b4323a553a13ed297a656bb6a951b51d",
      "6712c1c5c1d516409968cac8e086b2e6c70026c08147c8d7e206d4c24a0b909c",
      "67142d19991aa3e041314e0bc20779e1413ecd6f3f640226224fbe11e459199d",
      "672951407edc35cf1514ce86fbc4967b5b259cd8e718b9ce53faeb1b81c22679",
      "6733ed967b0ea7c2586e4a112d784557dacb4cef583cbc4fb8d24e29b7083789",
      "6735d089173394c9dae45b58dc439824829395917576a8e324aaa5241029458d",
      "6738b188ef9632ed466418d46665ec2fad2599966fe54e00b730f460cf541e03",
      "6742bd0bb02607e6e5d6c0d69fe266d511028c660c5147c8632cdc721847557f",
      "6757ef17cd9254740491df2a008af590c52b4fc2e351bce7d6c066828057761c",
      "6807a4e6cd199c2940eb32a420146b5aabb57ec9a03abb92686d34adbe94ca08",
      "6846d1c943f717d538cfa8389ff47f26e0c0c46e99f9e2042741a6d01ef66c10",
      "6857c99ec4e4ecc49443f98a7777477b7dd6163e73485923d14ab74772dd514d",
      "687f4d6e527b27e982c2ee1702b2d236b2098591204820cfbbd5791bfe3316a7",
      "68bbad98447f834877eb07950b01ed573ba330da74f9abafe75b44dc0a200ff2",
      "68cbf116fc0473541fb0f560ba58e3f950ab802952de385b7db2d99afdbe24c3",
      "69305303b5415447c26fddff2eaf7c2925d3cc5aa2de6eb915417f96724f09ce",
      "6945595869ae5cf5ecd533be580a622122af6edf5b0b15e090f78c6c087d3dd3",
      "695d22bc7fb4c415486ef82b040724f724882a03bac88948b5a578ac35e0da5e",
      "69b0afa4d6a38de1fdff1a444f290be11b2d52f829d78cc4eb8912e4c3e56d61",
      "69ba225d1991ef84ddd4e033ec57457899197d0bf0247bf7b94e7462ba0d1a9d",
      "69d5acec8922946c3739d1d591f51402828fe2f850febc704ad9efa4317dd769",
      "6a02e8e3ac518dc10cae55d78caf1841bc0bc62f8b48197d1efa9bf4875f1619",
      "6a0796ca795ef14840333dde086734a17af46c9310d94158ae4c906114760041",
      "6a2ba38474b82ab88cef2deb2926a3b0a4af17a74042207e5b0e28d56230ed87",
      "6a7e3b37de49a7e6a4a3658f9681e70fa11e6beedb805130dbdc0092bd555da1",
      "6a9e7aa2699491eeb8d3b8e9f009df7bfb885a0699ac10fef1fe33a51feaa874",
      "6aa4e3b99201ed1b9eade9ecc999f4715c1b7f36ed87173004db55d563959ce2",
      "6adb37ccac0d465ef566a72c43bf0db006914bce5e7708f5633300ecf93ce299",
      "6aea8eee4e90b4aa46fbd4e05af8d4c4cec15222c087803eb46463381a21a0bc",
      "6afb57d0f4ce3d3a873f6685a1f01dd68ffe25752d1b7de80f33f8c509e2e540",
      "6b199e4334698407e8afc421f78dbcad44d50fe73a97c878ca2beec1dce91543",
      "6b5546a8c53238cb6baa2f1df0c74ba8db09d62171a1c6e8f0946119be8ada93",
      "6b7c031f8986307491d4c037b765a6110b5d52b11d906b3d370ebb3596bf2f1d",
      "6b81db501de7c76fc1f3212d9f0482b2e09ed0a1bd97b82aa7b8272fcc52bfad",
      "6bbe06262bae5a9c3027d7b5ed8ed85642c24a19d46806bd0a32aee39cf05703",
      "6be0101015e6f0c58dd9cebd4a451b45206c7c98ae79929b8d133d8eefbd14d6",
      "6becf8b9160f229c60a32aacec6308eb7846feef9cd36ac01acb922617b725cc",
      "6c8ab981fdebb9cfb209982e982e76a12177b68c7a5828498da43adf183d8f88",
      "6c8d9b21152a09cd3a15883678241e3b11d3e2e6b5214bf8abf95bc42e608a54",
      "6cf0ba6e9a3a27ffdab91c8b6d518640019e3cf34157968a701e3cf161621325",
      "6cf602e6fab88bba1da2695c5ea4613aebd6a8ac58eb0e7cfef342e34d8d8ffa",
      "6d052c6da5d455483879b5bbb8d6cd3322cf195e58782fbeb465269aae98badb",
      "6d0b8e6c923274e596a49083e8f8a28ad9451e5774900d87fb878c7f184c84b0",
      "6d12f2e1e3dc1eaf6a125b8e03d2b640c37b496f2e7a6e1400d9424c2a1d243c",
      "6d45bf0ea6c61a1bbc8645bac4a19f8479cdd835ab8c8377b106867714a86d42",
      "6d58afacd4b4e7a2a0d0ccac92abe05e2bf995fc8aa79c786da179760a27d1c6",
      "6d6eb05d3bbe5fbf008a76f80bc492ed593caaa9642414c460a95cfc990a273c",
      "6da62a3f100d905e4e46a568afe2ead3bf7800e4e3d0907b5b1dcd79ddc038c5",
      "6de3a5ff5b37e6be08eea65f5f729901fa89ede953c4ef54cd848d8c96fe879f",
      "6ded881cae13d0db5d3f83a0f377e9b0309d905f2741c6ccdafabcc099ee98ec",
      "6df45603dc09bfadf66c2e63a2574c78955651f0d8e962c4dc6bcdeb876e85f7",
      "6e293bd58c78bb0523563c5e10d38286494f26b934cfbea94368c05cb700d3b8",
      "6e3d8518517f266c439ff661bfd594c852bffdcaa8e124404ef840014610e16c",
      "6e5144099071da91a89cfcb026bc275c90d98df6e879b89591801c9c892e1c41",
      "6e5cdcd1bc1004a83ac3eadf46707460b21d8e92e8aacd2b715ef2fa7a641f81",
      "6e9f136827d7fcb96c4fb37422e9495bc34a6a8aee4fea37dd777a65adbc9501",
      "6ead5c0db95d8e81d78b2f834b3cdb568289cb00d23a735ec970907b09f782a2",
      "6f0ab4f4fd9cc5fd91852871030928467cf7ae9b447125b54c4b4ac0dc8e5c44",
      "6f4c6993e196005fa113b4f1c381f371c758e8746ea93d9d3bcf26dc31d8b7b7",
      "6f5fa5c0cbf01ccda62d19bc00f67d7e37265da1304f2534f51b63a06108801b",
      "6f62a11192c8f7001220ce91905077e3a777170eeaf3173360d9ddac49892ea0",
      "6f6d5f3b187de9517b6694c2419d6377e23bb4672fcc3d8c6e5f683ade8438b3",
      "70095daf220ae0141dc3cc3fb9fc3dcd9b16a9c7bf200a05075cc2d409615113",
      "702b3da0ff419e46682858257b8728e4721db9ffb42b39dd6b2ed1401d24c0b6",
      "704df5daff502453b18ca8a6d9233f4360910da3a3847aeabcf4c6b270b36a94",
      "708b98b395053d7347d1881e2476217a1230156832c00baa6e4d384402216fd7",
      "70e60d124e93da4e3173924cedbf2c9519c9dfc67137cc08fad0d7676d0620f5",
      "712493dcf942a8c44f4a1fd7f35d52a5215b07325bbc817d71314c2ef6ee0bd3",
      "7149a54fb316f91667da843ae7df4eac1b9e6a5266be575d42f70c43097903dd",
      "714b2f28bb450a74ca8ede32599489a1c593c21496557b91e9014f6d0473842d",
      "71b906e60192b2db48496eca4dce6fc2d9b7e1f2b9eb7bb390ca157a905db060",
      "71d96d2a751a069415b9fa3aa20616acea490043d84e7199e9fb8e6b7ba763ac",
      "71e7b6349187bc27fab629e0a5c4fbe780ce022a96ac0199876a4bd71695e49a",
      "71f1a08f3ae6817a0ef32fd005f123c5000cd2f6a3242268d1f81c2a8af7d8c0",
      "72038666526b39b1c18cb950d7318cc06f584d116c052cb311e00b32899e55d8",
      "720fb29cc628c9d41740f646d1f8a142ba9a3d537d4f2baa6f9267f0d6e851f3",
      "721408175ac801f6e67beb6fcab497f50fa69a835d7b606bcf0ddd806e3160a5",
      "7236727a72c314a80b6b8e9efb84b6747fbbe391494dfa8e9d412b0f4f369cfa",
      "725f708229d007d3a6d55431161ef371e0fdc9b678669696ab2f94b27c7b43c4",
      "7261ba4eec63b9aa4e0743af04a550f64f88de86db53f97c8c6a2a921e44f15b",
      "726c18014e1acbff91a39ef0f4c63b83a7b2d812180dca369ec4f037e8cd452d",
      "7278eabed1c6fb45bee178489e3a94672c7dbcd3282a01a3ab9eb7a6a07c3f48",
      "7294dd6e78adca26956e9259f0b285acf1e518e663a621523e4d3614c01c1fa4",
      "7296e47993d1a2e0bbece36de9efffbe47cc6694e0cb0f4cf5fc94365e564550",
      "72a292e54f4b6760dc1c6d935ada948f989a4570173217ebdcd274b85c5efa3f",
      "72e5b7ea48826d0180d4a4638559739be6c95fa82c1af38fb9b80a54c4e0356a",
      "7394c27d6d75c985ad5a5d3fca0d9529878a385c9a6a58afdf9ec06e6c2cbdfe",
      "73c15b35fa9df3fb526678354484af5a742b738452abc51f6708e4767df71359",
      "740b06d983a96e49ce9fb0c63083e024f6b3cc02586aef58321e82474fdc3de9",
      "74187d6579655058e19f38026fd117a4f79be30133a45c9025304dfb1c22fb8f",
      "747ec657c52428746d47d10bdbf571cba2274e1b99a0169be08a1e1a602484b1",
      "748a08f28bd3314fec5dec9c89294bcbcb6ff4793951b8dd955b625b0d1a9276",
      "749b8e6f6941a435cc402e99c1402053946f1765d1cc93a4f10d340e827cc7bd",
      "74a86619bce9d838d08fa8d86c638d69bb02a504a1b9ffff4738fd22948e059c",
      "74b909473e3389e126dc1577f81362f36136385b7b4a739d95d166c245dea285",
      "751c1a8309fb954cf4f8dfcb10c5d10e9e196534b17ffcaf96725f9cac5e6c6b",
      "753d75d03174e2d4e9873a9ea42e1e03787cad780313dc80fb6cd1e2bd25eb4c",
      "754d9e6ccf5c29bebbd60d220d168e606e2659fb71303b2310c8a3ed546c4d92",
      "75b8ee2e7c6fa9160a4cf98e8f47693c66cd5b667c45fd1d0d67034be8da841b",
      "75bf27de59bbd138f4c7597013e405cf4709b737546d390c05533292f1c8745f",
      "75d67a6f1393d7acd80ecec30ad9e3c442806a956f231e51af72aaee4d977ade",
      "76247ccde75f0f8e09a5f84733b1a2a8a3084214e79f5ce67b3829fb538ddf58",
      "7668d0801846ab4b6bb1121d6c12a16ab28dbd1388a9c73b7972a1b21ecd4e39",
      "76776e9a72053979edf68727741f8aa4455f85a2dafe60c70f66321f3d6e06ef",
      "7685c999a723bc2491ccf178e8227c913ee28439ef60a65f04c1e6ad1691d70c",
      "769ca8b2a35e04ec3d9f9b9c9c74c14ef9a85fe2fcecc0ace9e5bdc573f3627f",
      "76b958f97d52c2bd6da45b4082e9f8d6c520c26d424c906878073c03cc335090",
      "76d87a27e6f83890f0fc7a6aaf0fd157bca572ef0445808fd97ded4b49eb37a0",
      "770ec56bbfb9326f790f8ccf6cdb2d18020569ac031c223235af5f01cd999fc9",
      "7755eb7059b81bd716707eeb417ecc850f58e837293c3fb0021b37768ef4d151",
      "775dd64823cb19f5b90f58aab4f1c82c7efd6c314b1d66ce09038f8fe8e33991",
      "7780d2eb39530205a09c783b6754d1a247bdb953641a6c9372ed539b069793b5",
      "778e8a17b33d7ab33373ccce56ece901428c7248f228e686ea6f82dde3822c64",
      "7795eab1aca64bf92d8051c920b5344294e02bda073b5e1d26373750ba692a8d",
      "77da23f2a63d36688956c45b1ef879ce086bcd39c03d1d6b052677887ec72012",
      "77e3c14906ecc2f25faca364951534f550efeaa49c56b78495caaaac88e33db2",
      "77f68b5de14401d20f423b52da9a571d3a1ef964758f53a37140c26473810ddc",
      "77f75bcb6014ca8b9176bc6282739cf7f193486757c70a323d800425ed33f600",
      "780c0842e4266f5d56ad0e2bd1f880f2cbcd69ed4e8ed37c61c6a0ffc7df7130",
      "780e6db266fe3ba7ea0c83db93cddb7eb2d61190eb508dbe345a72b09cc78013",
      "7845d64f9aa853d9b63758379bf70414ecbe4d5183cac0852536a2711dbe1bcd",
      "78677ee5e97a78be3033b0b363d18baae7d28199ff3e77a27c192340e166793d",
      "786ba8d0afdccc03ad3b0ab561a719e32eaa9b663c514844ec9a4eda5fbd81bc",
      "789772309150dc4bfa947a090ec4365e1f415dc8b394df3b6990cdc0cb695d46",
      "78b287e13058ef3ad0eac9652709e9b49cd503d26a2e4d8d725efc097021968a",
      "78b7585705910969e1ecbcb8041db0b3f1f945f7bffa7e541d0d25cc9ddaffbf",
      "78cdf43ebb87fbe3ce49d4bd7a03c0f57e9bb5261798e1faf43f16735cc3dd90",
      "78e7791cfd30d71e384e46387a94f244caec4f571e1430a42004b4e966630818",
      "790be9117e1dcbd789ae35dbf831a7fb9657ef12cee545d348a25ec2f3fa7c82",
      "792e723e724f20b8bc6eda00f4dc16fe892a32879bb02eb9e574a9d65165ef82",
      "793275ca8230ea4b2d64540b7030f0eb1e252e0af1c97e9f03adacdc246d0b6c",
      "793ba4edb06521845572931d6d563ff20a836848bac52e409d0320147f1714ba",
      "7973c4db566cf1fc9d48a4267a92c073080c59c20ceb0bd4672f5635fef2c8f8",
      "7988ffb295a55459ed085bd14a643dbbdb4aa277cf51314c578bc1ddf1c923b1",
      "79a292be34f96041c093ae8d198f5bd9eb24b3ac86b6d42cbb9f0599996b0fc3",
      "79d6ec72ab140e42ca47f600f964af2cac9f12bc5cefe8ce3d109c6593521dfb",
      "79ef8c5d50e5eb88592d048f7a9a4f57aa8b6fe65cf4a225d2415222c9a9f691",
      "7a243773ed38483e80249b4820818988936d45f4be8bfcfa7395b501550a151c",
      "7a4baf976e5490f7eda9b204a3fa7deecbc60cb2da5c687fadd109147a54aa1f",
      "7a4df73c1fe8c03b9778c97cdbbb3e7ec48ecffb26daf79eaabb77fc0537b313",
      "7a7ab7bc9629e094971a031bb61a6835cce39cb8eac26ea02c632a69a97efc86",
      "7ae21b9793cf18995802588d104006d3af0b57f43e5bcffadd0c590c88d3d315",
      "7b3b959de184d2d19905c9bbe3210d59c7711fe55ba9b64460494dad5cfe88ad",
      "7b47b408d29a74659ad8b291e99d48140adb9615961203db57b664314ee2e4be",
      "7b8398c66e6bf143cc0d9cc5ca4fcbc9ae034b0eda31e790e64ba28c5ec1e6d7",
      "7ba488e51dfe879353c86703360eb6d3d1abab79d11bb43bd2c2a6c7e54a8975",
      "7bba7fdb61a8ba1495179b20173d169fc148014efdf42052c812dfa257e5ba9e",
      "7bc66720455406f6ff71896ef0023695a2624ab04b8ad9fe4c3dbc60a23a0318",
      "7be3a8b4b6037bf91392517f3fe14d8fbc25e7dd62f308ec3ac25ce2dc469042",
      "7c106fca3331014c279fd1d13560b66b4e3720ad1147c79bd0c6fd04e95eb898",
      "7c41cabf4f81e184a82bbe9de62938222780fdea0cc69501d176d77baa1807b6",
      "7c64089dab43829de851d17476ef511525edcea8e0543ccd87ae15e239d3fa1e",
      "7c7e9aedbd2478980dbd8490c9957c0d2da6452f3fc68f4f397f9e51dd4778ae",
      "7cc15af915c243898154c330b5fe40a486a85eafec9539f85df5ab8867ffd3d5",
      "7cc8cf41d2dd84902b740481acca7f4f4c855889b202a6120e8592be7453e8ba",
      "7cfa207d0d595ad3accd969c2a652461ff13e2f51653b7a82d1ad27b009b8dc4",
      "7d216b0344210b4259a87ceb6154dbff3aeb10e27463b1465d11d3e45708a162",
      "7d440380bfdac5d3b2c2033bc55e4cd4e8cbce151a7a5e56127463ea0f49f1e7",
      "7d7781c9d30f9f1b31fe3b8a1b83635e713f5971869de36517861b2c4df95b88",
      "7d97c9ec620a5e13f93679f97eefd60c60a2d90caacb063ce5751e1acd758b6e",
      "7dcc97a92cbf591c128cbb8b07555a40f6479a8a4d900a90398bffd2dedb1725",
      "7e1c3bfd0b0a93a750bf10aa3adf547cb3af8630783e8f23ed342dd06da1fc9e",
      "7e3179812eb7ccbf6d44f1982d321d8f683fe52a90d6db3159d7e405218bd10a",
      "7e4ec7dad96cd8481db64b08e47867d42f8a5aae2cd85b3850d18cbe90affb76",
      "7e778a191242fd4b7d628bb913225f08807b1304c60bf45a62ebd2fb581e2bd5",
      "7f0e87f9ea28c6df38f7da8acf968dae5b89a3d530cab79b2cf660d21199fccb",
      "7f44e9e9e075ad75d994157580694dcdbf6865a8ba150318f4a7d74b437f77fa",
      "7f612ca1b2606007f490feb994d036e327e185b5595776c1a398c68ca76f1b24",
      "7f8baca3cd2b0ed38f0c44efec67310f47f55795ea028561701d40e502d6e2dd",
      "7f8c5c02afbe108899147411fe71a37382ff534631b17a1cfadd584719b0b541",
      "800d88f3581aa371a1231bb36fabb3b481659103ff42a259492a7713369dd7dc",
      "805b841a092c18aa197f99f6c50e63b021bf271e1b1c512ba44cc62805719037",
      "815daff745db3524d28211820cbd03ba8085a71b6686043e7efbb6dad741299c",
      "81624af8e9cc622931b9b400fbe3b0486a66686e40a7415ca2b89996296ebb99",
      "816cc5c33a9374790c5ad1470edef28389d839139c700f00711c1ae01ad3e36f",
      "817677bd3209939168640d9b1bdae5f834b0407a4a1570ebd29f8ffdd5d7fdc9",
      "81780557cbba6f187fdd6ea094a25470d9c7ab413282988cf3ef9d2600613f26",
      "819ba72ccdbe0ca8a95a294c1f84c10b9a5d6ed09d860fb62687c13ca0401583",
      "81ff923370be0b8662522f9906244d84609aa657042b115b34dbe73ea7b28896",
      "822b497a43158dab8eb69ed2a4db138e2cf0c2d338f8bc8257d2c840de56e359",
      "82785ef33da8841be6aa918fff6482059280ee16f80fbb6470f94231162228ad",
      "828eda4d4e9619d2cbcd9458ea3ea620b77479556577e8bfc9f12922d0f71dac",
      "829537f3af78b8a4e29f009755f42f076ddf47ecf2e38084d1fafb6b28f60127",
      "82cba2b29fa16c6f638cb3815806fb151dfe976e74bf4159952a6ada482e2b6e",
      "82fff0d340b9bbea3dfa977c239df5ff7a4670be82d33f36504c79ca32f40084",
      "8335e7bced9114db1f4469e3ae0f33c5f67327f4ce0ed81e721b8d3b67704bfa",
      "835d0dbf73d0087617fddec68c8f52382eac91855f5b7cad5e0f51e457986c78",
      "8368eab02486efa7bb4546eb4f57d6c723769244b5bb989491457bf93c8d4e4f",
      "83779066e8f0f2e3355a128718a215525770e7b4d340c4f1cdb97e46455d8831",
      "83aa2b8fb46f70b831bdc1e1ed6941140dadf964e99142782f59de11a7982b77",
      "83b550047974cf9720cba6d2928f1ef1dcb40b8926e68c7c2b3d20b4233ade71",
      "83c39aef4d6c8b493acbc1cdcb3340ffa67de0b782157a829612fa9388754749",
      "83f7187f4e29e8202b1f778af5bb2db09f87c3e865a4bf69e46b62d3cb378a70",
      "84011f9787c2951d46a56ae43ee61060b8b96eeabf76d84f90adff10bb33e6c3",
      "8416dd21d2be13684ce4b56b7be8268d26c22919ef2c2b707db4d4e603d05bbb",
      "8453d23f9533527dc575fd0688b2e8e952080d25e68d12d2bde6527cdb228f94",
      "845931c169297a354e45f2c37ec78f2ef690fb66198b1b2998034548b356cc07",
      "848ce22cefd960bbbbedb3cc63bec75557545603cd4fa48c878e5accd5d37956",
      "84939cb105c84fdebbddff5db411c22019241a80be2f5f2ae39c2381ffea73f1",
      "84c99936becec00120db503381a534bb13c2e1c7625ffb510034103fef5c566f",
      "84e3dce29fbb607d12ee458bf1986fbb2f8a5997da5c955e334f3187291ab9e4",
      "853926dc95ae481b21856fd22f8aaa6c0c852c647fb3dde64f3701ff48fbab53",
      "85476d450a71acdb7ddf24fb838c4d7cd0eb7250f5b24fd4d36aaea74e3a3c29",
      "855d716bc0a1348cfa5363bfb585cda7786dfd9425fafb31ff841752630ea671",
      "85732b02d84e3804d9a1b92ee13c5592fa7e6056a13a85b0b86900d07d41d35e",
      "8588858ec8d7aafa5f6df9b50e95b84a679deac55b54678002d2f4a1ad957ada",
      "85a2d470eb458c48ed334f146db9f1a318eda7e868092b560486aec29f21b072",
      "85c49d29b3313db5e5c327117b2ace1f65ee02d9374474c20282724a2a4116a3",
      "85e6e0c0895fbdfe05f9e889533c315e47cafab7438e49a94391481a94093b7d",
      "8604e773de521927f40494b4b9062698186d4ba950877a042b58274470a38956",
      "8618eed780b0f3ebd3acdf03b00ce7fe0778f89ae860467fdec848dce5ee2c09",
      "8622a02f9a58ac43c09dfa71696ab1abdf97ea1c07dcf4c51b4fb216a6bde729",
      "8678f8dec892971998b849ae8a0de46b05873dc2bbe87e9b490aa495fc6cc14a",
      "869a1c949b7120268682be77b889b571f33da2bd4c4d7d9e487f584b02f286aa",
      "86cc7e017a2b1aae598ab8a0afa5176e57299463d5c31d0925bcc199cf5fec32",
      "86e3df7001ca286fe213dabd9e4e4e15ec9302ce837c99b426166fe9d50d4eb9",
      "86f7f15457e88bbb81766c296d26d6ef9e2a4c04d85e75f79cb4baba734a8536",
      "872727792e05d9b885b7d3a4675dc038d24c0921547373d8309d04c013479381",
      "874b69bc5525a31180f53d51c01392774abd985f5e06877ff60c7977d5db32fb",
      "87c0bc6e54f1152dcfc02f4742b6b225754c17b73253226cfecdc603e9e2aa6f",
      "87f3bf654bcfe844b28d11588f77ae0e7492528500db5b3027aaed38a1a84fd6",
      "87f666433952c0c8f091b2acd7862ad946aec942c6f2f1008b053dc47909e45c",
      "87f97a42013e3ff378a822ba78e18cbc6bb256356b62dc4034deb6a23ea06a37",
      "880067a536a908da2be4d74431455f3b9474b010ce730b4704d435f1344c6ebd",
      "88231162eddbe0248afe5dcb0ab8b01b4575f076dbcbcfdc7d77e0f98be3ea0b",
      "8873bbc7d2df86d95873d7066d323b8bca520a28fb3dd3a56ef8d8a87686783a",
      "88750f2cbac98f5d011c5588df68f1a832a6c07de9a34755c39aa56070abb2ca",
      "8890f90e6bb457003e3900249d6ee0b1866b19c0141a0287c22f8fb51b3b33ed",
      "88dd8f193c58c9dbf4dcc9d8474be881156252dd9b88f52250bf768dc88f68fc",
      "890068c023b52a248db90510f5fd190435eb67804ff4281ed8d3353711c703f9",
      "894067b9361f37c8880c5ee45ee644c990034f63983f03401948f950e02f3441",
      "8952640af3158cbc5a53c37cfc85af39252101c5f5606091a9750d7f4698a9da",
      "896eeece3cb96aa0f7c1a7d15e85e5a7698ba3aad8743292a07ac401b556fc56",
      "89c4a5a735b8a2658b30b3dcba88c5f51fcffcad0605f434d78c6a5b24907e6e",
      "89eaccb824166b6badf10893e828d7a96a75887515fa3b8f4f32234f41404818",
      "89edacfc555935f64344a23cbbeb076d53812870d3a6a4022a34207c460022d4",
      "8a27ec15bbecbb6e9165d9377af875d9817156d27dd318aaaf0b4b9d01048303",
      "8a548c3595800a0a61bce13fea8ce331ac10b36d0d0130b5b4a79738f491098e",
      "8a5d351e3513e60686c81913c7cd697b7b063dadabe95b7283d0647e8a920a5b",
      "8a6a1d9f4e8ceb581199961be24cf85f319d308127114ad9d428c566ba6d8c0a",
      "8a90642569e07b16e4886485154f1cf89c933783b57fdaf0c4bd235e7a93ce5a",
      "8ada1cf5100a6807e61e8c3893474f27af0ad430b573693159fd20f54d52589c",
      "8aef64a53f5ddd5f492eb6e56532ec3ea4620543abb39bdeb6f7e3311f22876d",
      "8b35deb0d42e0a8490c107ac11b2c22f24636d2d294fd767d24c539d39ce8e24",
      "8b3f07b9feaa51239ad8a62f9127b1278b5346ca2f673987dc93027f634fe21c",
      "8bd340680ba6a4093202e4d3eaae8e94e157628e11748c831dd842057cc97f0d",
      "8c023d0fc36430f9856f88f67b81279fbeb645ed6abdef224322cdf041de09ff",
      "8c0595560116c7fa7da045578c1896609ed6ecd235e7a4da7c6943aefa2e97a8",
      "8c344ffaca85697908b39ca864f61a3ebbc197296c6c1e3c5ce3d59c518d56a3",
      "8cbfe77a36a2c447f2524f88f3aaaefb7f31d30701edd1816dab21d632d70461",
      "8cc0d0ea23d86613acab8ec6e176734e3483613576cdfbd3312872727cf6a14f",
      "8ce2a8a953b2c337f9c321999d1b9ec1b0882c2944fe2c4b618563b092255b9f",
      "8d1cf6d3ba49d026889fac78b1415612524552fb5e4a7ac69c394dca0f7f11fa",
      "8d46f8b1bf081a289c1449fd43cc680532c3abd63858ba9b54c660bcf61c3e3c",
      "8d4acf27f6d4b8215780c15c483492889e905bdb96b6c0c730c39255325aa6c0",
      "8d536dbd92734f04047c9c54e973f9826d0e391483d4ef3d6d865519fdf73236",
      "8d54873a93a5269b828bbf6a51d7a8187ff3e574d05580c5e1768bdc3453dffb",
      "8d5ce64f3bc4e976409b4cd0708de7a8042f30e47aaa3727aa244491a41f1614",
      "8d6aff44b3b9f5a26c4ffb912eee1feda206ca87dd6b308b1aab2c461d692db5",
      "8d7594174bf9b82932de224b50bb7c5dddd61b26a15d3f88d0e812c6b0477229",
      "8d7ba88d0ea6f7521bbedb62d424f7b68c0de307ead1251c5d9b0a2967cae6ba",
      "8d8335d29d97e00cace5c01f2ddba6a4c139c9e48a77e1b17e21f98d3216550d",
      "8dd3169f63c7b736d27a31b9b6ac9cecef4c3ed6ca76c1c7392a958ec009374a",
      "8dfa6c71780a935e2acf0f6870359df8e19a5c29c71f1144aec790c093f42b1e",
      "8e075901e4bc6ff1d325555283c3b6f20447bda10bded6ad092eafd01a3e0a04",
      "8e66e7a6b186271a43c4fb8c8164951c045b98bd4ab81664a9203409c7eb5f43",
      "8e812b0d2f1c5bc78f1d671884f57cde9ad3957c7db414cc9fdbe10a1069ddb2",
      "8f024704de285c732166f329b5585c0bbf3e6d4813aa014bbadc3153268f8ffc",
      "8f2a1c5f1b18df4b15d2e54d95a823caed8f1fc2f9829014a62756941e05da58",
      "8f34b9d01074345e9520e3f2fb63829420a919ca5e5a9277adfb7d8a984b4ae0",
      "8f567f78d3ceb8e5f185f1d1e9addea1aa18b7a2d157e0756e0cb09e5eb97564",
      "8f76cab643e707348211be95e935ad9f2070d51de467e5a2ffb35e5179e326aa",
      "8f8ef75766b43a75da3acf06ca1d7637f6754a922ef35d72bf1d1622956b1f67",
      "8f91315eb1892c5e7ad25ade26182ea330199ce873a79f06f8f5d8c5d2b9907d",
      "8fb6fb08e90b00852aa2ba3e2a9568db6cb3d94a642098079091cb3665b698e4",
      "8fc05be968df07d8dd111d7b8082a81c626c8b162d892f5a9d56e41b2503522f",
      "8fe19f5b174bbf51f1237a807536d2d1cd5f468051a35ee9754f72efaad6f32f",
      "9051f3b83ba23468bb7769c55fab2fe24bf685bb5a7b9fcd235dede347f639d6",
      "90b4e3da8b9e3fc848f8f07991f07122b8ab74e0b6a4cf232e192e0842295fa0",
      "90bf15187f528394fbaec43d1b1d1af32e6418bb12733b756aaf11302ca004a3",
      "90fe7bd265379bdf1f3b1e66c0e9908ac095769f7e04544f614f16c161f68fd5",
      "90fef93850b667768500b3db8408aa1803d5911f43c4795d84ef1de6c08d03a9",
      "911e8d32195e67bfb53ea0ed887b0afe5bef58ceeffdd7985848fbf9edbd9ce7",
      "9126c85fba6968c1f28df52d11389797342b6ffd4269dd3133e8902cc2619553",
      "912dd3056513b06244c00276f42e6a7d285342add0adcd6a7c112f2d2bb09710",
      "9135f412db6e52c563164692041de9d05cc24b225457a54ca3a1c713d860c52a",
      "914911daa2f7c33a84da22cdd1f83f904826d882df51421bc9cd809f07e78ae8",
      "9156526765902959320fde5eaacc2ad8fe40aa69d8d8fc56733c1385240480bc",
      "91a4b08f33d2fabd7da7afb0fc83c872d7afc0d6596e0cdc05a375ceaee8c45a",
      "91a7fbb10fdc0f140260d9a1f37918c6045987a46d7dcc988dc6b4c0d23eaf31",
      "91aeefc273ffcfe466cc2e2cc0702a7bccf16ca1fe8353642f095bc851f99275",
      "91e6cc350888da1fbcca50d0ae1ee6952ff4a0116f888ce1d20c6197dedb55ce",
      "91f1326782914a1c6731c75c5ae7db71a5623555175b41cde4723cd25ba77e08",
      "920d48197cde1e24b703ca3a3a36dfb6462c038bfe2bba310fa1791acfd52fa5",
      "921579b4ed478500f48514d1831a420589235f0be7fe422e4960a3ff16eff377",
      "9263041b81468e6df729dbd46dcfd0da58820963f9c35ce9b99948255e7488f4",
      "926861838d23344869dadceda7b02e473bfdbc0ca8803a5430397b35ce51963b",
      "9275f628551bd7c728fa7ff19bd66e8d8c81c5a2111ea35e6fda8daa4f25b173",
      "928701ac4ff464763737e1abf3d946c737e9ee75a8b4acdb15a2c73744b46da5",
      "92d275be378e6921f328080a132fc6e7b1aa69c01eaf872d6770de15787cb234",
      "92e3eecd7a9f90939e5192977e6e38ad98f738cc92d706e97355526740078281",
      "93554c99fc029331e28b0ae1d61c8d1e20de4308d3c5de6cad07ffd0f467f44d",
      "935a4747a564eb4063dba5200d9788950853ca8e75cbf55415a9fa8aaadea237",
      "935bc351ecc4a497a1f515845f0554be6dd8d138de33fe85bc3ddfda5164e67a",
      "935c09e95f3dc5f01793dd2ad683a8cb4a2dc28b6aa69847f636a852f3ce5bf3",
      "9366a2dd6bf6b32505e2e268330ca530968a48bea0e6d7b4c0ff2e01c9ff8c06",
      "936de1749b29b3183c80d7b69ea6946d3381bdb4d514e32b61e6e1afd36dd827",
      "9377cf7ea3339d089042d4822f937dc25bd9f0924f3fe21de240d4109c5260c7",
      "9388c1775a5780453869901f0a399c6237ed2fe5eafa9e6a87a476e8dcdab0bb",
      "9395d237490daaff6e3c737fd90e451a58a42659d2e5000a70abf8dc86f021ef",
      "9398c109ee9942210d1fea4a1718cf536cc85e53738f415ab8f8152c712327fa",
      "93a5972afcece8f7c5fe6c476480ebe5dab4877fa1e7d6459df32f25220e5ebc",
      "93bfc5c56a0b42cf6978800724d0cb793d4a1d29536fc2711cdd9509f1a83f2a",
      "9425c736dc67feacd094c63745adcbbc8ef5d36d3055822ae8f7933078d919ea",
      "942623eec2e620a2cc4d2fa28cb575fb60c437aa26309875e823cfe5eedcf55f",
      "9431fb8a88b4d4e23acefccb37f16df4375b57abb732e5262c711aa5997f9d1d",
      "945e1574d9dad0b54c8ace6b060381ae62addd488429791e9a96b2c66b6c3bcb",
      "946dcd02377a7486f981a14d648d3c38522919acf7f6fd782020b36a0a86152f",
      "9481000fca578fbdc1cebf68dc2f32026ed0b096b6fc597a26d5719d3e5efcf0",
      "94920b14044c651b7763266010a9c4854bcd79e0aa469554f74f822616ae488a",
      "94bcd5b282946012ac133d4ea4cd887294922d89907c5c4f6edc0bdfa25111e1",
      "94c914306fb8b293dc9b775d3dfbbd44aaa204c4de6290bfa14ce903856e513f",
      "95028045ef790d12fb2379cde10599d88701f4a81384b24e5a24838b8d87dc09",
      "9503f3836b5673b2090f225032e0562efbe337e4c4a109e74fbe97f64fd8d8e9",
      "9508ff1190313d9807480bd087a6ba77a1d8a2eb4df9746ec1e4a545d0cd76ac",
      "951c641dc602ad9542ed723350fccafde1f6b2d09e2716d47bca09b8a197f17f",
      "958eb25d8fd00360eaafb5113b2e2618b12960be499dde53344f1fa6a2b86444",
      "95907d21a2b17fe6cdb17407ac0430a02dbf9f88a13cca22c6d3743f0ab7fd74",
      "95b43aad18110dcff9f2ae30da312a00aed074a7de2e2348ab1d277848e1333a",
      "95e91e037d831392e0c69f6e2f480270a94279431b86bf80ac2517b2ff054bde",
      "95eac5a32810da42bdff7a592a54431377bbf65610916b0d0f90ac79eeadb624",
      "95ee67ca3b3d7922aebbbfee1456c70edcbd356a4d79453aa37b9fdb6000ad67",
      "962fe87af6c1e0f0d42b6900c384bcc5c06b4a34db66a2e6d671136b92530890",
      "968b24a04204c2e9ca3ecbbb24f23609baaee08e6b38e6abf4004af1f6e69282",
      "96923dcde74a7efb585f4bbb61053b0db1fd424b9b20c556015577ab551e9d61",
      "9692ad6d112da30aa8b56dc351e2f1dc33c3c2f2fda3b26c25e2a8ecd5e57caa",
      "969423e285ce6649eb6f341ea9168910957ce028052f69bf202fe0e36d53d032",
      "96e0f2f417d115d84c09594b8c36efcb248d7203017b782b8a009ee769db4b92",
      "96f45327277afe55a152515e86509027e194dc5ccff90c6cfa44807874cf4f66",
      "9701861865be5eed1b06ea86537fcffddfce671914b687a1456c1e1e82e3919a",
      "97098de787ab6a608503e1164cfb348fb71c8cb4ebd7c11edd888e720a39df93",
      "9710c1362cb0811715d57e8e2b677a40b9b895d807957962c1760daf79705a29",
      "976ddba5438c40a5fdffff6c0ea57b5e980a4821ded480d1362de3a73d38be3a",
      "977603b604e788475d0adbe1bcc2952de695b578704793d1dc13717f9e7dd6e1",
      "97a57a25c4dd5c15f7701cad83a095bfaa4b9185db48c1129f44ae1634d281ff",
      "9813ea9e4bdbe3a716efbdbe49affa519537c8345649c35ba5d53c48ce722761",
      "98843045f461efe0201536d59d755f79e0f5418349613165cdefe1174a809651",
      "98b37b6aaf69bec85b233432a60d2e74859c6ecbc011dc1974b36bd21b8e797f",
      "98e146f36ade1f433d45ecb553d10d9643bfd8ac93e6dfcae8c7b34c82a69cdf",
      "98feb0f9d677f71c520737ca8c9012e9bc7e432cc26b0606545e4c5c734ea5a1",
      "994a0e2291f826887399a7fc12117b8f3ec0b8926917c00e3a991814910cc99b",
      "995319f92456ff6e6e78fa033b2bd39845ee34d13b59c76abb102054df674741",
      "995d3cf70b753fe13ef6fbe1eb966da7fdedb3d9c15017f34679b9b5b7df9cb4",
      "995db4ef81c902e29ba9c88c027b6015571d605fec5549aed9c93524115d1b07",
      "9976b22cfd0e02bf742ad19ed3526768c97b4385ed40b13188d7f7c6cc07c442",
      "997714ea3dd269a56bf4c8436730930064bdb359dbb5c26464284ff709e1eb09",
      "99992cc9be950244a89de80b96f479c254ca7b493b698026cbb6b6e0d2ae5729",
      "99ba09cc27a404b3921e5a235970a809c94db1d935c00ed2a276159da3f71913",
      "99caa8c2221aa7f8c78bda374638f08d27eeb5ccf7263d3b2445e3addb374924",
      "99fc841a4494ff050b57745deae5c6534fa010ca17dcfa2266c037d49bf38241",
      "9a3cce4d91b9527c4c234fc0515a03d2251a540fb155be8dd13cc89f9515d96d",
      "9a719a598fd4c0e28eea5ecb6fcd7bf7815907b07d057705a688dced0e36fda6",
      "9a8892bc07bb494e6fa0ae5fe9e52ef1527e990a7329073ece117c982aa3bfa1",
      "9b0fd6c473857dc8782cd2ccac15aede30b991c040f1e485080810cf0962d2b1",
      "9b51d43701d72e941b8a0ae543f713a890fa3f966e5c9d3ba750467fc154244b",
      "9b6f60d6ec5c6ec04aca5904de5144403cc4e8aff26f43c78742db6ba4b4930c",
      "9b73c30708a3fdbfaacf6f06ca64f80d68652225c46e97639287971def915cc3",
      "9ba84693a8fa3da4927bc9e3da202a5c1b22163fd16a684b4ca77864a2bf2d5f",
      "9bb55ad888eee84ca33d5b5c1bc603ba12cbd18cb5ff68378a24b6d0051dec5b",
      "9bb67561a2e91bde4150d672ef4d392f9fb04fde7061215866d2e418a79cb382",
      "9bb7673d6462de0015793c4695f1f1688769101423dcd6a88587841747629744",
      "9bc27509f5b690f82b474369de0ab21fb7d78de7bb8d9e0b93139a1ad8428bac",
      "9bce6effe5a21df65c9b856e2c8813cacf6b76f7920ad756436c9b6b62cbd116",
      "9bd1213e0f0a38b36b80465f435ac46f50a0914453319b4d6783a2fe9fee387b",
      "9bfcb36f686cd0d258cf742a6cf2de440b2176cf8a2054cf2009ed6fb1b312d4",
      "9c0936d615a1fd1876ab01b9577b77d765a248cf0e499967947659236958e4ff",
      "9c0cdc17192781e97b7d77aaa36a76137533e3443e4d652b3a8db9d4180b48c2",
      "9c18d5c3a524259c360d5bf13166f0fba310147a016158b1e64bc3b3d6dff869",
      "9c49cd0d5c646dd08dd1f95e0d322fe0b333fcdc3e5a328595eb297b1a834006",
      "9c51224eab9753fce9656aa0ae84521b83c3f444c3944dbb394a69ff90ea7563",
      "9cab544dcacd77dd9e31f28681f1df10fabcb4c5ef38968fafd887a6cd98a050",
      "9cdb6d6472190c93fad58508d7ab9f8732c0a36ea7619db0e7104d97beac13d0",
      "9cdecb69dda114d2d176ee5201c37277200fa76a80f9421547215c78a22e0d7c",
      "9d296d746378e3d9e5b44be0458e24f1167105e4dacd991b945ab32ab267495b",
      "9d8d275aafd3f29592013f4a1daab6aad09340671b9e86c72d65acf0745742b4",
      "9d958f0267147193edaf539913d0e60c1cb9f6b449b6567539716409468ce36b",
      "9da41656c6182636ca34dd73c29b42304128b7629e5deec393c5b20f180a65fd",
      "9dcc077cb8a4d53de9473820a0552e1d4eaba25515d4e3ef1ecef3e0c348e2a2",
      "9deab88592be326ed5511ab10f0d0c808854a532efa8c2eac72cdd753d35e91f",
      "9df9271dadcd1c703c7843d66e716d0ebceb6311230dc92a1e9e94887c4f22c6",
      "9e278f938726de3a5b57e87043db8bd1289f839804c455595ad7a7cb46eb57ee",
      "9e372b049198eb05c8de875ad165f1d48d0282ee286d3dd7a16b4040fbdf0332",
      "9e683199026e5eb91ef13b2c7fa97eb097c05441d5ab352ed8e78a3e9eb5836b",
      "9e6ed84ba8f0af20dcc925a24e1bfcb02b72fb738e139c220f1ab8aa0c699ecc",
      "9e8c8f258108018de8a6ab915fcd5471a9de56921ea1a55c119ee5dd76cfebf6",
      "9eaf08a6cb00344e529321fa77deeff4626312b164b6c801262b272d7941d194",
      "9eb602e4cb04ac56c695846bb555c1192bb3ca2378a178b7570f444fccf96322",
      "9ec86b7e7d3612e57cd53b6bb776c1da01bff7b173e6976a476308235f165da5",
      "9f03fd8d7d58510c2dc7a3f26d799e1e1a80b2fdb6bc4f557aa25c54617902bb",
      "9f22329c3f109bc317ce94df42b0bb13d8b744d8111631da1271ac284616c05c",
      "9f39c0a96cffec93f1530afa52d79a8a11dce5375e8bfd71e3adc48fccb0e20e",
      "9f6e48b1e0e1c410dd416884fea19b1cfb670a80ead5b7e321f6986cc9b8fd68",
      "9f7395f33d53ec79216113484b550748d57efb77cfe360369eb0d64871ca1e0c",
      "9f936b94c1e3690934e7536093b376cbfbecc909669d84683cb732618fb195b6",
      "9f947a9b7801bc516df271c30db9f8c9b6f94379871dfed799c8d92ec7ecc7c5",
      "9fa4889cbfee46eba1bbdf4ce27a0044ddd1fa88ac18a36ae962f12a34d1ade7",
      "9fc914e5a291db9202b412f8e2549e41c162a023f17147d64ce332293f1ef706",
      "9fccf3aa5bfea7fca8e2839d56bdeb5904a3f44f654b10709ffd7bdbc34bb202",
      "9fdadd6e16cf09c93e16204073ab4d28533634d3dc3ec62d010562d2851bf4eb",
      "9ffdbb06f1cad1d252d214f25157f23bba4f11ce64ff1aa32469c4c75c361a91",
      "a051de5cba3c4cb1d7b3fd9956e7243f503465a99b7273e31d546452a0c8087f",
      "a05fc6fd5c3fc9acf79ad2c47c8e83aa8e43aac130026d633744af31f603ad66",
      "a06884b6877c4976b5fc333c875a3f0785cd2d53ba595dab7eb2a61b5b6a537d",
      "a0b06a5608ca4ea22331d084ce7e1c381830c7e3630608d112c80e68da363dbe",
      "a0b692c999665dc86aa3ede501058d1fc6a1590d39e8fba4782b813bd32df330",
      "a0c8627c03b973ae60f889e3a2db2f052c63435198f7199e47ab4a23bb152fdf",
      "a0cf7fd8674c4ceec951b29956b7b5958c8c48515d7b8e2bb6d86f2983bbdefc",
      "a0d5984bc8e0ce1d10993616e2f627516be3b65a6045768767c6a8d0e922a368",
      "a0e1f5900f606615eb8727e3766527c019ce7b502196e275e3e241bd2788c50e",
      "a0e5d164eda18cda18f4c6273bd74d192e8e3dc45733741fca37ea45b7e80d97",
      "a0e8e5f9c6aac7a174afde9318195315b21577abe03ffc39f1fcee709d22bf00",
      "a0ed4a32d50047a7753a0e8050b01bd093c03361715d652fe7b024c14fa15b06",
      "a1011b7a5bd4af44658432c22e36ab9fdb4ae3382055ca4caf1bb0fe0d422387",
      "a10c44ab8cc028d6023fb3cfa3ea6ae8225dc9a7480eb65f1905f45437eb9e39",
      "a11cf8c63777446f78e716e7188192dc33d4e6078a36edb92c30e8e48751b476",
      "a13565bd9e652430f5175485ba647d6800f90ecca7e30c69e7d2f9d00087efc8",
      "a16a8c537067da983aff7f0e592cc8319caf56a1e87bf976336de508a8db2e78",
      "a19285d32d7c54d849fb6c6a5accdbc284748d72d06513face2c6eddb9c12409",
      "a19e5fbbaeca47114d6bc4d21ea02413d4a79a8e6b17eb6d2bb2cf149518307f",
      "a28c752fe4b5caadc40f59000ad5beba0fdc160fc0d0b297de7264a0759c9d5c",
      "a2bd59660e21f2b340a3466aaa2dcee6ad3af71de8c5d8e2c8569a15b01eac86",
      "a2c81c1ea3eb6e6f6fb0c849c6502f38fac5a9d8ab18a26b7efbdc674a518074",
      "a2cef9fb602ee87cc2262dbb3f09ac2f2fab13cb228c20659f0d47aedea10086",
      "a2ff74df92bc79ba8bf5384e2db51b53f8103494209f2a35832538b2e7f7736c",
      "a317831b51a63865e59c5a2c7899026067c91e8108fd00864c575491511723cc",
      "a3463eceb65ffec02f032f86c95a4b33f348a73108dc4c90fe3c2cbe2fafdf87",
      "a355202c7f069f9e014850da70b7451f278b2ff746ee8ebec8f366394ff77eee",
      "a389607dfc34fd25b1d47ec85ba3a0a0693cc8f2a430128c0d4855ac02b96c71",
      "a38b1b57a7fd9860379282ac74d52bdcc1a5f231d8d636a74c33763ef08f7581",
      "a3f5c5d1c131a37a774a2f88f9ba04fd9192bcc0468d26e1df149e681fad4199",
      "a406262004e6c5fe2ab06cfd61e883a463334df199bfedbfae86f747cd591b89",
      "a436c7a9e13dbbd993542cb9364b92d0f013ebfcbc9f1f73d95abb4fe2cc35b1",
      "a48f4230b90a326f66e246afece85bcdfe04243368327adee708de8cfe4cdf44",
      "a4a29daee16eb8ba5c617aa67c2940e130dbf377e49acf667502eea2ec9d4b63",
      "a4a6688cd8252ce7d1754fbad5204262f41a073352f051798e5738527a8a0724",
      "a4f7a5eb9f2dc5ff440e59dafdaab71560e39b2ad0a2e6c82bdcf479a35a0c26",
      "a50b693dc3930be16c2e33b3b232382592f02159885a64ca0760ec9ad8b849b9",
      "a5154cbec5fd8fc6382474a745d05fc9ab101bc0421e86619706660043356a62",
      "a56af77a97b048d36a839bcfdf5fe2e385549d680d9c8ff7b70aaab7fba50319",
      "a58831c9a3ccd137bf56dd292d3a9b3287794129fc74868510654686961be2c8",
      "a58da50dc94f8d2cb26baf5fc1012821d7e79ad2597d5cfa7d64957a6be81ca0",
      "a5b4b5c116c1aabfecc2480fa309e77b4d2b8ff969dc3e6dcecbf4b540a453e3",
      "a5ba04a9f6eee2645a333b127cf4a3f0df61ab6e3852fc8033877b3f61a702ca",
      "a5f46e5d97b4c9f79518fccc4ee1fc75bec50c8f9e5e4d428297a71c2b32a18d",
      "a63df9a88509ee3fbe512c6193753380a35c573b149a64bec997f258e2f3318c",
      "a6694943765cb62bc955e6a2dbd3977cca9209dba2d04051694e4c0fca27d464",
      "a67850a9be70baf19b2bab8954c6aa8bee84882ee4ed95d6a65af1efb0b892bf",
      "a6af69d416f21ecbb5eff037d280a375d1f6cadff72b45f9adbca745fcad6f6a",
      "a6c34c9109afc65e0ff7cbcbc28960bc8cc552df10f82131b14ae6f1490bc4cd",
      "a7280923e7d78303b784fac9f678c289a651159368774177d9ddca80340a3dd6",
      "a730311a396bdd7dd85c01412ca169e671caede0276d65e9f96031a12cc187ea",
      "a7bab05ce4717e04e8487ce055392796b33c09fd0e66156dbecc31bc1adc032b",
      "a7c3c755f89f0091f010e43ee96f91b0eccc5c20f40f672e567ef29c50a635b4",
      "a7e3cbc8643380d84ee7e030883f8fb2f599c5156b539a392829665a64a1db5d",
      "a7ed8ccdc5e85e49026d58aa2d6087a59ceff50e02e58051daede5e839a43148",
      "a807e93970e3605fef072722f948c2ea2eebfff9477a0b4f9a1586d246709e64",
      "a8221b83b967ca6c10d95bef76e8bf0569b287e62113598b6731952c80e19882",
      "a862850673139a900c7afda69d69764923cee3c75acf5d3fc14fcc62e9dee534",
      "a8a2e7c40dda505633aa0cfcf6040b6b3f58a08ccab63716c1490e1c19727c53",
      "a8b4b3ccc639bca42c310fc78e19fc80c580d60195e303c414ae838ba258a468",
      "a8bcf40a8b33f213da025c1241b2ab1930c170688a8b623028d8d7dc55bf058f",
      "a8e0638b17d20bf01d2cfcde0e27790fb27c466d686a05e7c77db400c71a6966",
      "a8f2218029610bd66b9be4660313483c52e3fc15a4b2e1565a01a60f89c43fa5",
      "a927a393edbb3fd8bc186c8c22b926b0dadb7ae6fd83412af1905dbb5987c26b",
      "a92e029db2fe42fbe222dc8558a6c8b8af27605451eb874cab5576ec779f68df",
      "a93cd61037909ca4fb5880b756a98e894153c8a3348348df46850c2a0d50c81e",
      "a96470710224fba7a6311513013153c35eb5c3e26fbecdd785eb270b3a057000",
      "a97ba52a3c9e86ccc62e5e1487d03de326690e3c76af4d5c7203f061835b3e46",
      "aa156a0f79e8fa3295a20f0913bc45fb2bdaa48d19491a6b735c9e3041269270",
      "aa246b87f1a1ae66955d9aa804edd021ce4f01c073af36b47aaef9823d700bf9",
      "aa29f09877460ac1f40d809720abe320a3e4149f3190692863de6e141902ccee",
      "aa85b8a43b7f96e15033cbbaf3338e591f729aeb8b1d54a1334d3de0d4c45bfb",
      "aa954ee6a0a68d7b77a3736e58125376f8387dcb98d873fdf2ca07c7f7458d57",
      "aac2cf52c618f7468762730c0671d6de11add97d41f2968a4408038a2783ddd6",
      "ab17f3f95829bbc1c6ef9675a00b39d141adaab8c06867727cf88bc529d64018",
      "ab1825f4b4bed275b2471134c25d9f09ce8bdaf1b961063fc2a25b36c4e26f74",
      "ab246932880f0806ae6dc00585ac492063ef2749a9d326294d599d70f661a144",
      "ab65c5ea12bde0eb52c2c17bf6349d1b892eb6a3ec088127a72bbb3984a97556",
      "abbd950ab5d1f3c08e537fe6c590dbb72afa17d4b8c55f556f8548480834b2ef",
      "abc1324e1584e3de1065a8714ee81d098f18369a41c6914a4e047e7caee4e617",
      "abdd9064b545fbef0789077d7fb86bdf8bc78ac31539c2a79fadcffebc6e4a13",
      "ac2681ee632b7e90a64f917fe2e93ee2456faf07e921224531932b0d21ac85ee",
      "ac5360c863b591c2f90c0eec45f587369626ac8b6a38815bf9196eeda763788d",
      "ac7b123203cd2df0ebf3078725af6adb1dfa3d14e17a5bb18f1a8edf1e7a499b",
      "ac7ba24df61f9a7eac15bae453ea37ed66ff98c33eb3f581f3cd86ca0777604e",
      "acc46edc01a0335e262812bebf150bc0eb77d66e1236f834fe647f6115b0fb3d",
      "ad015ddeacbfb50028b040b03d615f2da4faf155bafab3c60a0dc0150d38f1a8",
      "ad33bfacd324f0927c6e5cd7107a6d1c4b220f9156de2d8ff23feee60a19ac0d",
      "ad9b247134a6d60fd75086c1c9738a48d56db2b29e2c4a639b91400ca450fe22",
      "ad9ee8980fb83b91547c5e0c0a5577928da29c3591508f1e698706651d2e96a4",
      "adaeb319f3fb54606f4d3a82e303baf7f1792311e615d32acf87a2b3b3ea1904",
      "addf0b4d39c6eb600d4224cd2d93ccafad964e51aac8aba26bd8ff309c4fc352",
      "ae07212c155d984a4de86065ba4bc7e58a9fe68f63ef8aa41a8f71ff509ed52f",
      "ae130697d27ae0d351653b1085a510b2b79499c380ed67c57a9ded9d2a57ae2c",
      "ae278a2ead88875f2cb8595cdca076557a145fb07f4ef802a2393a6c94947d26",
      "ae2fdf482c7bda5874bae5976d85da97d73318cc034aa442784f1757c401b037",
      "ae6bcae9c21bb21f9b09d5893da16a3e7711d5af48d71ff1aee43d6c527f2806",
      "ae6c53936647b511783cee04095963042fa94f7c21a3906b23743f60f4c8574c",
      "ae9cc799337a38c6aa4271948b2329561d86d100b64d82cbae633e3423daff54",
      "af105cbf571315712af88e52b03ebb5f281300bfce5c4ab695513a746134211e",
      "af1f500bd8cb7a21d1ec50d63402935adc31ef59d0e278278059f6eed5884bb8",
      "af2202dc6427939d5f855b9714805712bedd5713df4214775177ee907e572857",
      "af9e1f101711478962a4788ed7b4f4edb9b343a2405d24e12e8f32f71a11c0c7",
      "afabd3838971bb3b556ce54eb03416e968bacc6c66514e04f65ba9accd7a9b83",
      "afbb4a1482c6ccf168f8f0b95f6db3290dc7942aafab891529cf95b3b569af3e",
      "afdc25ff196146421670e34e6c74c8bbdb10db7e25ae73de494db3eb6a5e7b48",
      "aff3d01f9e63fb5f68b392c45529cfa2c5a4be600c349c6e1214737a3dd16c86",
      "b00aca2a7d99141262b594b92d01a4872bfe8ba6cf012507e2f56141ea7bb7bf",
      "b00dec309802f408d0013a95b3859fbd28f93406bc1aabe9a26c20fd126dfdeb",
      "b010d8216fa7492f2ee28518f745bcfb477165da4efc0eeb6fe0d859e3d60b05",
      "b06e772ac708da1398cd473cf26915137717342fbc0766ad48932fc303700dd1",
      "b093988d97edf59d5a65a0d6141fddeb0e3b1cfaecc1044048e16adcb6b3cfc5",
      "b0a0030cd5c6c336ca87f8148112e1f02d277c9801933e1debad4c5d0610d6de",
      "b0a63e51656c551e440fc1a1c37af753bef4088354bc8e2405945a23b9e5fc64",
      "b0b6aa0b95aded8ad9aa585e5ef0d6b7029e939a993176648559b986b71611d8",
      "b0bb2763129fb1d1aae571a902f77ff65df4be59a2dc801901d25e184054f289",
      "b0cf2a2d1f1825cceea987103f06402f3222fba0789edaacc3e4c5180f08a6d3",
      "b0ea0f349893e43bae068f3b278e17a7ea67150e5e8173abbc2887a588f41002",
      "b0f8d8640ef6c78f5437eb933bb7ed126dda44a00ce7868aa8f043c703db84b0",
      "b11413dee2e04cae317fdb377b3e9b943e6455e569674862dd98c6aa5b15315d",
      "b138b6c7e6d1cf70faecf45c74f028efcf491725f298de40faa0310d187e8f4d",
      "b168893b83932847bedb0ebb9f89ed224a8da4a90724365332536cb2b57a800b",
      "b18dd848a6d2e46548f16d389f8aaf93b5335f7aaaad0f1024b429b23b39b923",
      "b1cf7c996009edff984d85ba2fc0dbe1bf6d8b8cf73066e3919d0b8cbfe4d828",
      "b1fef4fd628b726a86347405a171fb7c77a0919e0e275d8724809c581734ee5a",
      "b20a23f351760dcb5c584f13472b30d91da0e4dfc80f140be3c6b947d84f7df4",
      "b24350de38e60411008d8a5e04cd162ec20c24000a1b25c26b529378b860b93d",
      "b26634fdd95cab21c0a475313ee58d8542816fdc1a6c8e2d7f93d0ec2affa114",
      "b2bb0ec99d2298e751eba8cb8d7319609ab1046273fe3a6fdcfa884091517a2a",
      "b2efe0df4afe0f17d0de0774f6c0e34673cfc58f2ce840278b8bafe0517571d2",
      "b30f20d67f274ab50a10dc91940fb0aff5ea078daa0e55e87a7c414fe4758abc",
      "b3487373a5e32358db01efc82df41751b9136518f58fefb6d54f4ae3654aae65",
      "b3b0f98c98ca1663be2343b78be5897fd960af6be9cc089483d28195a3e853be",
      "b3f5374a55e79690bc4ab436243e1be5a4d161ac83d15896d72c348853e423d1",
      "b42b8be15294e6bc5f1391060deedc46c0c52a921383355ef7af38966bf56568",
      "b434ac1bc3d8e818a9165d421ec4a18f7f43db0b16fa038810bfb091c12cfe58",
      "b46fb24788565651eed93390d0da1751c27cf5fbfbb81ada715cf4c938bcbfdb",
      "b4825fb257c5a920db909b1fae3572f9d0682a7ec3101d0440d183bc068ebcd9",
      "b48ac590e9af39603760e028363cc03211db0199e94c19e4a0e322497a2a5a39",
      "b48e1357787077013c557e270dd967d9b42d5d24355596c263bcc7a5b68a53d0",
      "b4f45f561d696d6dd90a10c3b47e728ca4091beee6d781537d7c56da8d5db680",
      "b501d33c68af527a27faff7e1cf890514fd6853dbca78042101440f292a31b3b",
      "b5098f9126a4be8fda95e5b9949265d5eee53d8372a4e752b881a89e31ea79d5",
      "b52efc4d62ca8261ae20153f3f574d97bd84dca8480de88ed5a03a7f1e6de904",
      "b57a5e4ddffc19be0ee8b8ebfc12d894f9b3b38139362bb5330a16d54d7dcba0",
      "b57c7a1b90a7535169183f8d161907ede093b98f1559805d0007824c683804bf",
      "b58e066bc89726aec45902bb2d66c0c624733ec5bb1d971261452883cc53050a",
      "b5a4b6c9e0c391cb759e67a04c00dc0ca5a62129416746c65a0faa96896d95d4",
      "b62ee5ad1f6242a1a768e70fa5979eca52cde26460525df7cf104c96e1b581e2",
      "b64bebda7998d48bd321cb0d10c141a4b33a58f531a8b9702a6835a35823b66b",
      "b654b0c27948dc05ae4a381194d6ce617d71a28438b480a582343f4e7021c080",
      "b684ac25c0f6aa9ba981d5df601d8158f902956f90281b491460f3ee154a2205",
      "b6af79ae9e0c38ec581aa9644d9629c7a9f21292ef57917a74fd50034c72d573",
      "b6f03924f64bfe7a25770f96cd37260eb70228e9ea9f7cf4f5db6c7e17fedcef",
      "b6f2d732e441e7f3979fb833e9b903ddd55f6d33fdf4b19a06ed87ea201a59e9",
      "b7249d0d1df5fa33135efac54e44f1ea7a4f7b0c02396f9b3323a488dc6b06cc",
      "b74deeef3e8b7fb68675d4e1c4a263f9b4a36482c3ee069a2a1d1ebf69d528d2",
      "b75e3e2d43f032ae7c8a4605309a9060798eeab996659b8a58a6a31bd9398a0b",
      "b7af1ce237b2ad127a1366f81be775a57caadd8df3a9b635fdd45e06476de6b2",
      "b7d3ab91c93a2db1dfb170a0ec624c871ccd79f0145f168af1ea5db3e8e0e2a6",
      "b7d7ceb1582fcde2458b237f5212aaf02014dd4bedf096d2f72c3fe6112ba0ee",
      "b8208f9a9931f5caa69f7338326a91b6229fdc55149c33e81de80a8ec6949c6d",
      "b838e4eb62527fa8d49f3c0fced9766a66cc50b2afe44142f4d47b615671fb2b",
      "b85c0c17a8ea568ab4d7c618d2dc0e99febb9772228a2fd68bb3fb712c3047bb",
      "b861a46285e1631476566b78f95c99e12c6621f475657269afa3668c85f6723c",
      "b8a580fdde1dd832c4be491d43e90375200d6706bbf69c234de781ce4d036fdf",
      "b8d4d66e2c546566b3aedbe8d614eecca7b7c441e924b36c131ad00c7b870503",
      "b8dd8cd765c9349ec4780670a7fc7fb01a9b866eeff90867f2ad7d7ffc4623e9",
      "b9720db737b7d1ad9f81ad3468e088dc72b8dbc52a5cf85aa77078a852c6f6b8",
      "b9917e1dd068f5047e9e7beb595dab2adbbbcc3665470e8383cf75d0c626d597",
      "b9a6b9759c1b469aa0c210978702d2fb1111a7534285cab8e32ed6f7fdb9f83b",
      "b9ad05365c2533ae92aabb270a7bd67cea9637c779901d2e8413b71e98c8918f",
      "b9cf5be6063d757f83382e0f75663708fe9a14d00af2d21d3c1e0994eb0b53dc",
      "b9fd6c883a6cf0042f3a9f2e42cc8fbc4a03e3d08fb389fa76a11b7c7a6e2bf2",
      "ba0bd9426465ee178115403ee0f707dcc4cc514a43b8df4406de179c5e57a26d",
      "ba1370b5a2a9dc9986277813f66adb883e360a090a5acf094e55df793364a725",
      "ba5ebdbc9242562d21f19e826ec86fb79b0b182c2afe216717dd75905dc666f5",
      "ba5efbeb2711dc8346c84395af9b98e8649cfb94b800fa5c748f98086b9543ba",
      "ba703cd6e3e71ebd65c3f1cc60288fd40ed254e1d0cb07fa875ac7292649bf1a",
      "bac241970749423cc5f134eda73b79941d75e2105244126184bc79891862667a",
      "bacea07560f24a83cad8f4bee2fd164a14c3e6a955b3eba3656ad359d54d143d",
      "baeb6fba2b14634ec7a13f3d9d6e7f41cdb506354abd739918a58e8cc300ea66",
      "bb2a0656bc9a9e4ed42ad0d802ee24f623da39e9e85286804ccefa1ccb1e4832",
      "bb2af2582fa0dea52d227cfa8e475659c5a66c973709a164deedef7c65889655",
      "bb3a71c0651229b6706fe3fa3e56aad37d1e887dfd621d3a4a95cdfdce6c4757",
      "bb568d5ca83965b4c089d0e45af92f0c4b71b5855ee7f2c635cce4b8f207a3c7",
      "bba63130a857d18b84ca4e77371b23803a8c96b27ac474d265721e485216e4ed",
      "bbe4cb2c67c4c60273eda1db258989f73e593e0eaa9d5a2911d2c668e94d1d77",
      "bc1520f82f28ba611472cc1ad4a91f3ef5c7457a601f01d506e4394c4331f609",
      "bc2e478454c6a2f23d6b5373cf76339a6c828ba7cdd91497921f3e873d6f1f49",
      "bc5c643ad7f838f538a638cbf9e38e41758b9f34061ed0d921e7a7d038c63c61",
      "bc7dd29d8c57d0103c8ec791299ec3e94f92047683c581efc42de5d46d484e3f",
      "bc854e4d1d0dbeadb15f76e809dc10114c9f980e3701db8e38352518b8d10262",
      "bcbe266b4fa496b518771c9ca472e8eb9ff30a2696b926db126e21a93c60922c",
      "bcd53f01437ded5d68da9c01971be99f94ffe09b381c3aca3a063b545dbc085d",
      "bcdc33e7cd4d27b3e2edefb4ac33dde0121c6ab47d4e9e57e25156c2f94a43f3",
      "bd12199e74e86563726c048e5c621c9ea6fe21e0ad002b51c8251556b2dc5809",
      "bd2d17b062e618a30027698e7268c736ebab743650c0e8562b20bbe8cbe4dfd9",
      "bd6f729d6e149e155ed64689c29dfaffa29b534c05f69ee12ddf2c72b4647932",
      "bd91c24349bd16ad00d32c513f391e05992002aa34da1547899b0ed4adb5c317",
      "bd9f0b7ffcc56cf2d60d8c58eade5825f8984e6a9d25ca2373d9b180c1998d92",
      "bdb745876863c8b923f0466088248eb55c4712a6e030919f7c2139f18406a0a0",
      "bdccb9cd51c2c78ad8d9c16660065d02b80532b3d60a3b5ff9e5dcb2a1b007b9",
      "bdd1a3db43e1463bf4dff4f2b8edcbc3491310b48c8d3ca96cb2f05b63024b7f",
      "bdf5c9acf04db5ef33b00e12cacba303573dd9ca40f10e5ce32ae3ca3cc8438c",
      "be3e612c9a67fc3b692f7a162eb067242a0d858e4efa02759713825b59ee0101",
      "be3ed8d06a49cb406c0a7cefb68806a2a21e0033e3bcd250096939fe5e03be16",
      "be55485a6db7e7adddd4cd0d480590aa6645f70e3631155836e25b083d4e2a09",
      "be8a0cb50dfc72c7ac2c769cb334bb867c0355554610a6a57147a7dad3851deb",
      "bee06e52572e57808457a9bdd935c20f8fdf41fb5729c5a7ba629a8b6bea199c",
      "befb89b0db8980efb347b981497064b08f50eba0ef07338c77c215e9e7e8623b",
      "bf3280ecaf8cfb4d6d4088b08f0918618bbe8392f0fa1eb7f0a55b9dc6eac320",
      "bf9b6b5511748f8e6c6850b386cb6fdb054020780b1508f7380671b9828ce00d",
      "bfde7ea0b4de54a31fe0c32930ee3fd5298a05a4d66e2ca5b3af1aec7bf5a2d0",
      "bfe39b8d18d8229513ea3f9879ebd17da97d175c3c8c5238fbb819bdaf5c00c0",
      "bffe019c7ef3c32061715e709fc2aaa57fa0cc7a863e6b462fe85b52ae1c6e63",
      "c040e4e4b0038af368e7e8cd86e148c6fe5ea4dfcce6eb5a559099eb008e7063",
      "c06e2561eeda4aa6d93d5d0890da5588adbcb2108c3bdc4140fe21416afddf42",
      "c08436f5baa567fb401c2a0e8651cca4b9cc4c9c80f2b19c7fb865cd3ba8c727",
      "c0872e8690bf72cbeb2dbb9cd387cf4bb082d4c5c59b4b6275bf30998bb83589",
      "c08c55a1f045d13e4adbbe515068625c9877c366a86c6d4596b2c4afba271dd0",
      "c0af5e9b25d51f35e77cbf16147bd838afcf0fc51273a7483937abd3e20fb8bd",
      "c0c5ba6af9bea6bd847534189d667e404c82f9f6abc6b302894342440c2867a1",
      "c0d6df6153b8840e4fbd08f44c883c61a26448cd8a968038357a23a762bdd097",
      "c0e5422397cb46affe5abfb3b9ea75fae257ed6195addf0a24f17e67f89c1287",
      "c13cfa5df6c18c88bedb83f0ec0db928d74475cc438d0b2e40b9509237d954f6",
      "c1437be2c603c23a1954e24aba7d8786a445001c63bcf3d5d0c7f3cd9ce9b458",
      "c18c09152c4c0b26fcdc9fc66a965f4730577cd1bfc1064837ec275cdc1015fa",
      "c20d26fad3afa55c2a3249a3b6f3067f44ccad4234c0ecb63a0546e73d741fd8",
      "c23d64c25338fce8f2a4a7f8afe0fceeea8ee551e3dc4ae7e92241d6390f6f94",
      "c28e781df760a41fe629e492dcb4ee9402ee1a01cc6bae19084ea2e440db0989",
      "c2a335949884b18171fd7448b75b6cae252717b244e554496aa43aee45b19544",
      "c2d775abec7df3ee4b05bb29ae06d7bf91af675e4daee454ef21804c205621fc",
      "c2ea1b8aa61ff4b118bb0e015fa12486ef0bf6417f34f38f5b83c77da44d0397",
      "c32a0d264afaabb83c6650802b1499a238b5c80517b4d0cb8df0c1613799fb7e",
      "c3554462d10588ee95ef77beb66726ac49152bde1b8af85cfb3bddf21236c6fa",
      "c395f2bc24b943d2e4ad60ec4b8d12f31108474177451fee22ba962b8903d9ea",
      "c3a60f59e66bb7ab0eb6adeee69b751eb69e751416c0fe3efaccca5e40dd28d1",
      "c3dac5b734393eb7be413a84fc39f220654a94baed2c66d388d3957e21737576",
      "c3df7e2ecb5d791c1b388eba2efcd091c9fb2230a299efa5fb8de0a6551f13bc",
      "c3f806eec2ed7aac6e888c5507c3dc6e6201675cbfd8d2c2db4c4b4cc09ebea7",
      "c40051ee6c449c8672d05e91e8eda3cf7c6882b8c531f8543e80ced0feedeff1",
      "c40d52a1a2ffceaee3aec2bb858fe6839c3182342f2937759a65245da1091f43",
      "c413e4b5083bdb42047d1bfe382703fcabe0a8a814f6bde0645f37da474cd64a",
      "c4240748c00bbe2e76e04317a0457092c435defffd4a1c74f405bb50667d0c1a",
      "c427e7af92f0213d38b606ce0f7f214169f78d0e42a1f4bbd4477cd4caf346f1",
      "c45416f28eb63effb2e005d7239f69d829e530a8659285fbb39ae1fc0602bbea",
      "c47a5370309ec4d21676dcf49544394edce652675ae500bc3d20110a8409ffd6",
      "c47cb1c52bec41469d6a19a1525828c4d8d15ac9affbc3b10c2e0f524aa51221",
      "c4b814b5df2517ac1ebfe21ecb0c091318a83cd081d0bc9bb624096fd2df738c",
      "c4e192a5ee63825a916322ecb5d05a802a7a88d12ec431328801caeaa7a4f969",
      "c5221971f55987deb088494c8f4e9665c807dc818a47647df4b09ddab019cee7",
      "c525aa73ddc6e86429fc05239ffb17d2b8b88238a0565a484223da3fee852bdc",
      "c5a5c1d5fdea2fca5a760749d434e1aaeb4fe5d72e2460aeffd8acbf48ff46f8",
      "c5b08a303e0f427797c96d0503dda24a9513bfc73f7434bd82e6515aec52d610",
      "c5c3e5f04b747118e6b38d17897bff77f6ba651013ac417ed389882ae0f126de",
      "c5c4043c289316b5e7864340d4080e428ee965ff019e142735971ef299137e53",
      "c5c68b8585e56a3af24c5b7295a6e949de3bf8cbc203fb1b3442da16643a63f1",
      "c5c8d696eabc9351a2f5c9755e211ab7d4487b599ab434690878a481cd66d294",
      "c5ed85c4f0cdd80de30081abe283143f5e750cb4ef395e203ed35be0d77052bf",
      "c6020a50573463cb463bb32eb4c11f5eed0563055b7d781c3c9441d744ca916f",
      "c66576eb889ad6cfdb1da854acd81499fb36fc6ff17840ba1b45d2bcc0f798cd",
      "c67d2f1e2d8ad89140aa31ff0cd96c029a9d76e4dcdbf4ca42e9bfd12d81c90a",
      "c6870f30c800f0f6b1bdbc529989d30a86190c07a8e60060735adbe0dbdd2d27",
      "c6b54fe7fd37856241f522c1026df821ab93bf2f3ad1b092ee43ffe1f5cbc831",
      "c6e6cb5d5f5e2d0b8f94717e276ddbec206d9faa5c47c0cf90e804b628ef30a6",
      "c7222c4ffd7ac64605e204b6af4fc73a97c8a1e3778bb35a0e8d2fc33e07aad1",
      "c7645d100f3b4cd51c362ce614710dd54c5f5ec4535bc28a3509f21216fdb7c5",
      "c779a53500c1634ad59d3438785061b1596427a0d027c9f956bc640aa16ba644",
      "c78a4c25705ba3c190a9f526ac6e4bba46fcef7d669ab0008bb027397c35d335",
      "c7bd42ab2d42843c1fed6f517333f3a9cccb9ba3dba3ed8ab843d6290dbdaf00",
      "c7c13dae67a0a650be166698df7dc17558816c53f50ab452445b4a725df85cad",
      "c7ced02aa6bff6368b151870d83bb255f54f8b2f495715f83d5c63e39a23e1bf",
      "c83da5e053cb5f0fe1b18a5869c34747cbc7fea469d2f7d2262fb1de47dad890",
      "c85a3af8b06bd38b131b178523855a74bb51ceeccd04bff6bc340b342a0e2ef5",
      "c8e27ebd3e397f99cd2b1bbb0cca67a4cd3d90856b6a73682f30e63a75f87b62",
      "c8e2b862a30cbc0f77ab2e788c8f3a4f2a5c48f51beda12c8bbc463e97ca9f6b",
      "c90aad068608b294e094615b82352c53cb876e145c569b06e069b9dea7fb1578",
      "c90d7c87bbd54aa46750f8332ac9409b54984e8cc87d2b8e56957c4af13a23d3",
      "c92c4a3920b7dc2af9d6ab1f8c896547015118baf9ecbec1f46268458c3ca4e6",
      "c94e0ad3d1a5846a486733100faf7b401d52effb5bc767b835961f7701b9150d",
      "c957d76cb31a260527ef2d0a29e6f7091861a7ccaccace70905372def8f06ea4",
      "c9a2360f7419d7964b793618c598c6ba86ef909f24840c4e6dfd96f46b4d8d2d",
      "c9dcf2d540a57e9ebaf4fe6338386fa057692c18d3ca6d694670fe1ef61d4c6f",
      "c9f4dcd0c027fb2bb7cea9bdef20ebba0be56fb2a53c7bf47e1e05e63fce5170",
      "ca03bb67f1ce701f13b5a5f1893f29243e483d2ad7bb65cf1f34741569183d2a",
      "ca36eb5d2b0d189fdf420d946a6bade17c195257a0ba4742bbb997063d11243a",
      "ca7ae7492dec25dbdf869984246e52fb0a8ecbfd804efaa5884c8e5d94172607",
      "ca97f735c64632bfce7f1a018d4fc84a9ae62e8ce371b3d3ff7894c54584be10",
      "caad8c304be67855cb6a4bc9ee2859604d35ba6b6b40d84b3d4261952d791eea",
      "caefc297d6be886471b728082c47280b2f5c671aab52e31c5196dd2665b129ff",
      "cb2c9e9a6b25f91b9ad505cd1be425f2115fe344104efaf2e445fe93d6d649ef",
      "cb322e62dd275322f07d255b72609381519771c2a9c8a0aefa9987e626935ad6",
      "cb57588518fd78d43d8058e4c00be28f01a257ad3bf5d9cf5469a6bc76554247",
      "cb63da0283ead3b8ead1fcdd6d9d634ac9a62a40d1cf19cd26cb128bbe5d2ce0",
      "cb82fe7f79d5b40d30a8463c22ff98925fc8f3591bcf3b615f6d87dde29a60b0",
      "cb99e526b48a1155c5a51586ae482cd5978742cf4a7be5871f7c2852aaba1a69",
      "cbd83503a8a3270ac4ce7e85d2741c0129202dc65ac7bded3a9f9f580741ba6e",
      "cc30e8bbf34a5a8d2dc37801fb122b74486a9129197ae2a13b13e0516d4b6019",
      "cc7838d51d3e8ccf66b9f4c110bf4b1fa2f276fdef4573a926fe4a76d2d15300",
      "cca8a3bb2bfe4eae5b8ffb81dc3ca31da09b675fa1785d6a8fa30acf3d76d46a",
      "ccce1ec8ea908a5c36dc24e12a1b12166f1b4290bc6ae7538eb69c7b6c0d9d30",
      "cce5b8876fbde098e34aed033e6f6caa184a564e58d9ff95ae2f5c994bf3e5e9",
      "ccf7ee0488511dc4890fe56e3eae58700e523bdbad9d90130b9a1d9944c37c29",
      "cd2c297481b68cdea2b8f45b8138e54bf2090027f6813de7f62dbf50f9ef5153",
      "cd3a1fef63d2463a04e13036cb380ae7e0873a5c9c807f7f082cfc0338181ba0",
      "cdd14349bb745914e0ff97dc1f1d55c4bad737a8a62d9f0561bd427be481aa54",
      "ce11ce0c49631e82262469829e2f829837cf8eea32a63530700c27c6c19aa08b",
      "ce138c1df87593a10b7fd06c1a48a0aba26ebc389c1c158f5d1640a0c1ea8153",
      "ce195db5106ab39d52c4d6b932ab3a5ce55bf4ab52fa9625391cabd104c1419d",
      "ce23f57f85cad1b78288788ff239098e1b339bf4d811e39aca5ad274eedcfa0f",
      "ce5365c2fbbfc581030cf1fc1c164fddc803b15f2551c20b794027b5fabd8f76",
      "ce82a2ac022d0c5abb87e4997987fbd7aa801a0ffe3be71ddf499bca35f5f51b",
      "ce9347ca7703a8b66e9d7ff1576b9b75329bffcfa16d74e29cf30e72cb6115b0",
      "ced2cca30a03ba8501515c28d98d9d4f10c9e397216a20f937abf87891ddc537",
      "cee36f71ce601bfb1b981d03ea14ef86a576dd17bbd161a6d8ba1133b23f543e",
      "cf1c50519b762179b467f79c6cc113dd8faa445b1a25cecba297b9fabf1ac0e4",
      "cf44b5a8cae73d8346fdb863af0f8912bbe8688935e9def2a4a3e224a989a03c",
      "cf48fbbb2de7eb7219886b9a9685a954d8b01d3d36969d1e9266be5c8bf90a1d",
      "cfb2e1fbab68257ed5e4495b5190c92028cf5910319abc336470a93de430dbbf",
      "cfd81be26de6e9af7af696ee31830c4149c9a6e179469b30d1dc5674d0e36038",
      "d061e936e59dec322a5cbeb4fc7099320d62fdbd6fcd0ab60989586ce6f3e258",
      "d0774e151adffa4c763c25a45931fc7fd08c5ccc19375b01e9116c3918a3e806",
      "d08c8c50447d48645bedb8c773d6484345389007137cb1e6e63d52968f7c5874",
      "d0a8623473212c1d41930e8379084a8f89655157c0dd7addc604b8f045ece9d4",
      "d106b346cfed35d18c2eda7ec65836ec826d1f2c50e197fc7a82336f6b91dfc6",
      "d10ee0c075cb8e5402c2da03dd109027566fdbfc3c00deb9f43c6c35b2ee58cf",
      "d11a71476d97afd07581160465d013c5c54f703d665828b5a433874e3ca40466",
      "d1251eb6013926a819d6760a0b4c19ad6e8411172b85b61a5a747257a907d158",
      "d145939557031ff5b564a532e492a8215a4cdf7abea18d90cc17598f53b787f8",
      "d16260d91ed9e619608e5606a6cbbcd0167016abecc2fbd3de0bee32b6fc8c27",
      "d1709e760f4f0055e104f12b2a9454117bed5d7b69ccdfa250ce3dff1ef3df63",
      "d1771d5e646c8049286e9347db2c8dcf8e93cddd0a7fd3fa8850c0a4c629c0a7",
      "d1d95a3c7c0d176c8e79f55058116efd5ee16a7aebf0d37c0dba3c2d7a5a85d6",
      "d1da0370bd17f2ae57c3df810dee2003ceb06ac35ab9b33c7c00da94f27be959",
      "d216183b46a92af23310c0b9a576ad84f363c8252cc45073b1aa561de87f711c",
      "d22780375cfea2d7b6dc44667681bc3d85c83b7028611265503e9f7f38b349de",
      "d280c0b0ee5a5b232fe819ecc03b06a9508e6fad625f23f366c2fda5003657cc",
      "d2a11a56fc34e4346d213ae160a08038579bc3b136fe7506606dabc2b05f2f7a",
      "d2dbae57ff5485db3e6d28ff20412cf94e21addd800bfb87213db96d350538c3",
      "d2ed8b61b11bab9cf03fa5d8a078e3387cc13a7e4022836feaf7d04f0c6b8010",
      "d2f0ba9304b9860d2002a31512c8e134ac3672b00b98f34692ac7ad2a58f0fcb",
      "d2fb0c694b1e16d3baa1b874c39f2f1a031c8ccf964f77e20a8d76d8618c8fa8",
      "d2fc0df97b6eed6c226be0cbbc0e02877f7966800c964b8acc1d900dd6d9134c",
      "d3794a5a7aa37791bc01e6eea10cd52684830af5446359a356158be70bde6c30",
      "d385931eb891b7546c87d4f58eaf3d7eee766fa2d8fe851d5e8dd1bf1e16a9d8",
      "d38a6193bb904dde89a5e0b9fc07fe7b552b18bf1826d583ace9ee6bb59ec9b2",
      "d3cd23050ff0f3256b6d8fe525a683a9456f104e1ad177dad0b9ec7ecb563ca9",
      "d40e923303b6befecb6830f45186e1e74bcb544953740e176ee8c9654a11d3c5",
      "d44ce37e192fd12c82fe1f42459463d707769c20bee605970249c909cd32f731",
      "d46bd46500872c9f1bf74de4bea6fc95cbc71fecb5b252bdb96bf3038c5731c5",
      "d47aecf21f78c9109d216c993c8d47ee27f9b604f4b31eb082eb5e83aafadd60",
      "d48ca09071ad762293916da0a56efcdd89f2efa4cbe3656422b95960764348c1",
      "d4a9bb0b969e1365d189b5868bf7b6cd6326a861c3fe6cd23c8ccec309a33c9c",
      "d4e78cd1267d9a87c3a4c1d89ca99580e52f4df309c2d6d142d788e73c24c333",
      "d4fd3bfb3e64db59b28769e84b60cc82216778951fb2d74355ac1d412c3869f1",
      "d54fb427433efd09b2efc7d4800bb7ae75559fc30255190d439f60f75a15c578",
      "d56b274426556e7e45d262d56228cf892f391805a37d7e884ce97f97e9b0c22f",
      "d59120c575170b13ab0fb2ba35a3b39b33fda7d7f56ef24e1b4f638bd34570c2",
      "d5a166b37765847b9fa5e1b9bfd22721845959462d5802c0dfc6cb17232bb671",
      "d5cb1bd06b4cf5abbcba15938b0a9b7732736f1e210bfc483f9a04fe60bbef0e",
      "d5e8e3a1b61bb0e6ee7429a3614cde440308d97aeec0e673360898f357820092",
      "d5f1718c769923a3268dccb54ef1af72c5c1c492f45c48b1b8e2c4b76aa87cfc",
      "d5f4e3ad8deb33838473fbb03255ae5f8ea56fb50400690b07f80fdb3a7386ae",
      "d6051a26a3d651efb6d2ea6a0bd750209c9ca5f281d682570c9ac54f78d1ef0e",
      "d60da6eb0f64b7ff17c789173ec59c8a66dff945f3348515e5efbc250d1c12ae",
      "d659b69a17f3245d039dc9588a2d15e800d860e7eed256734fdacd3b6a8bb3bc",
      "d6bed134bf7990cf1f2930d4d80136f5b611ea25c6ba4e11ce1f9f14465adb93",
      "d6c32153ec6a509b752002fce29ceb6d1c2180a22acccfda3d1cd63e1e1ec5a4",
      "d6d10a5d9354c16bf3bac9982a7764ac69547cdc9358e94210b9f887863028cc",
      "d6f8cfd9d83b9ca9f74bc451e282e394bc6f6e5f0ed72e2508a5df74f3007810",
      "d70856c3726c6d9bbe90f7b7be5205048839113dad066993dd05fa78140329b7",
      "d72936219d8220e0fb6f98c5d9724f299517da1dcd97de1132b1fe45b43fa73d",
      "d72bbf469daf23c5ba95004804738e42e7f315380b0c8e3be5d07e7776089ab9",
      "d737aca5d5632e1ece1996f3620322737b4e483b6c9c30825ff3d3f61f6e4e83",
      "d741652c7d311932c14a8bd7f7263f91b4a11ac04392ce7486e922610418a21a",
      "d747219c60e18842e80e58706881cdda5faa7d510808f50ca90cb8b5647b732c",
      "d747bceec9a497d5225837602b1c67f7a964579c3b87b65a235928949e7fd660",
      "d76d5d4ddf9e001b6a854784ab8d060fdf2169b0493260a20264259b42249900",
      "d76eeb83b6fa9052f486b49fa2c2df5a42ca00630e723d1c13a3dd5b1f5d142f",
      "d787d9ab2bb8815e580abc3b59f187d52916abfb9d2f097c1f649684c23e251b",
      "d7883e06984ff9bef4c262df21ebe953cc1bacf00b92f56274e984a034f8020d",
      "d7d9a08146dfb9260add20a970a2ac2d9ae55a52e06e833bb826b74bcaaf0469",
      "d7f3ce4f8a794ca5bb814f476dad90702b1b2446d6f2dd409821d59c0037a273",
      "d8160607693f2c0e3f6320aab9db2f3146c8704ed69a963a1aa40684881b23ea",
      "d84d131dae15f54d6e65874f57371304ad9909a772cb515032703bf6cabe656a",
      "d872ddd03ba4f91fd020fdbc17f014eade04de55aead7192315f82ab0cd80b78",
      "d8740c952addb06c38bec778e3ca3d9dbeaf5d59f060930d7f36bfedf94865fc",
      "d8972b07abf7d13cee64d58c2dcb74b392e7f2dbbd6cc5272d2e5043237e5713",
      "d8b5abd5719caf8e8ce1049cb1348c8be2891b9126133b9d18fac6fe38584d16",
      "d8c5f0173eaceba3b6270db2ccd1e54040b4b6136d9ff55d5a76793deb79fa44",
      "d8e0cb9dd4f1129fd51f8fa5ab65adcabc18c2a910fa1181b6063a130fc46886",
      "d926b2a2b5050406182968cd8fdb3c508597cf5c2c214edca944edeef4e02593",
      "d966c3da02347cae7a9f5f4cb437e94f332c076b384ba46a5d1bbe33317ffdca",
      "d98368f2eacdde8b0a781c9956abc9a7dff6d4a02c31cd21192e9f67ed3f4096",
      "d9940b6434214a5ebff5b483520d357f69b6d08fc1136d34b159e77c0a204298",
      "d9a74256a57fd852a0abbda5f0308312f133ab7dc16785005d6b64d47cf8fbad",
      "d9acd90404eb905848b585b25e7fb6111c006dda8f8bbe7fe94dd123b62dec60",
      "d9c2a585f09f5a7333b1ba6f7d2b0856f862705361612822864c131087a18e52",
      "d9c58d5eea7280cf8238d079b2ed386eaa25b9ac2771e4a50a11ffe7cf404f72",
      "d9c9398cb8977046621c4cc3716316e2f616b2a3188c57313541602a4523c3ec",
      "da21064dbf964e671cbe55bef951b45a1c1dfd3385879fd9ebdb9f22f8f85815",
      "da6cf93d559a5eb26add226692102b102cc7ae1d40f8c74229b8b61da3bfb65f",
      "da81842f55cc9cdc0c1a880e6655815c6883ef6ab25088432db2625c19ac322b",
      "dac1763133dd62c31fdd1fe480e4c5ca53087df689d2b45c393f7b400be09f2c",
      "dac476b50751bdecbcc0fe4b2dc3325767292d1b0238122274cbb1b7c6bbfdec",
      "dadee824ba82e6ef250e2a4a2f58289bafb0b50ba749984d99c4426f141a3e7c",
      "dae28f566dbfe502dce682f37c6036484fb340fb63234783ec9bd06af17a86c5",
      "dafa0b6e9451c80a79e0afd55a6ac65306f3930b6edd7a7deb794f318501ba16",
      "dafa4b8c7df655574c2713df87cccfdbb479f8a69eca1993b07bd7164bf2d920",
      "db2316684276fcfec2dcc700679e26c1f3300c9c11743a215c360013bab47c0e",
      "db3276a64f4d9fea2b4f62b9350cdc3db0ed96ca2abcff2c0e6c170be10913c5",
      "db41c1de81b11ba882d910921fed18e36138d6cbbd8c74d09c8e870480c24e7f",
      "db4259c47f183def3dd51b9099347498e785361c3ac12dde8531318b1ebbb32c",
      "db6f2c9734d9f1401247be16ee963967b180815ba8d2dcff2673816a9ad2756c",
      "dbae4116717b55db9dd83d486dc07ace2e05e9e1dfd114020d7ae220994df06d",
      "dc0658cd9f8bc6232639246e96dedef57a0376b1b29cc364f598e29cc50f9ce7",
      "dc17af9dcd01f9cb178563cd3688a581a5a0006f5bc94260749f3d4ed5643943",
      "dc1e976395e7b0bb78fb4f99890c1e9fde2eda979e93ea3944f86d40f6ceb248",
      "dc2a99d9c85063a789ed5bea35acb1b85dd925952b8271ed7f32a82a1442e82a",
      "dc312e54b14aaead23f05951ec3bd86012486957f1ebb08f20937dcf13c9e705",
      "dc3429b5d6c6c26d4d3e5c2a12e7ed181685b84b9886f98ce6571cca3719b62a",
      "dc52baf211991c61e5053849e3b0c601ea504782cc1ba92d6c660caea2c89936",
      "dc977577e88b4487c80cfd8fbc733ae4b7943ef382aff0d9f1bc7b19136e1632",
      "dca242c500dc75e0a70379e15a6ba6152d2bac709778ee239613b57b7af5594a",
      "dcfd021dfb04e482aa67deb8247e92798bae31cd49123e80b51b0b8e4ba232c2",
      "dd6630c907abdd3b3e3e18f16dd1693dfc009f6ae7f045ae827bc211fa6a7d7f",
      "dd7faa38c4db3179dd9ebd711c67dcc0d4f8331e0ee047b7993450766b48ecc7",
      "ddb1abe03918330891a96d17fd5d2e2238943291ea69bbf18302432a80dc0b73",
      "ddc32fb3786ed71281d92c130c595d5c62570136d7a1b7712b6d143f4cceef44",
      "ddf9fd7378289c9a76f7741a9274be8270220d5bc4155bc928ef4efeac58dee7",
      "de23310a7a53d944a76be7e9e442506d32cbfa48f252b2df3d6ab87ca0a32791",
      "de2b3d6919a41df1373872042dacad18d4d05b7b94eeddbc3a529b3be3c4abed",
      "de37c6b008fc757a79b2f9d14786054e775470b2b896510151659071638a4e0f",
      "de51b3c8d1f53cbe8a10dfa8d198c78189fcb0e2a5ebd35e252f9073aefa7853",
      "de65e5a1cd4be7d98f4aa856e57847562167522393f5ae787fe432000e566998",
      "de68752c6f8395619a6039a3e69418ae10572072e2e6e04857b173426cb42971",
      "de7943d6dfeac3cdd9e25c520f4f902b8b4081ca65a7160b5f385541b35e33b6",
      "de94399d5987876c76a537923b1b4ac144295d427c18da1230b8a051410e6b46",
      "df6b722734d3bd357932407b4cda4849a735c5224fe553c2e580fd0030c760f7",
      "dfaf79c23c8da0539e6407c97ab57413d14b195a83fd14eca8d2d25ae696b8fb",
      "dfafc8a8e72cf8f1af9e3810b700b0a6beacaf23d46160e73892f7f5c3ca7b4a",
      "dfd32a8bbab1fdf47caf9194d426b071ffadee496618609d3a7ab15026ed8f36",
      "dfe186c3c91ec2953b39b78b78c7e3611e3dc299ad01fae7ed874dddbb52654a",
      "e00a38d27e296437474c0125934e48aea7635f4b7dc37c27e8128de845816c4c",
      "e00bcb2510a284e2644cb345b5c714536e6674ddfe33c62cb9c4b084004d9bc4",
      "e02a10e6330093dd8a16e8215f386ccf63871bd8457e71310e0aeacadef2ee9b",
      "e068c621d895cf180f4eb763d95eba7cf67ffaf94e009ad2b62faa875809002b",
      "e07655d98ebad37da85b20e13bcd995665faf2da273ed6bd2ab1780cf19c95ac",
      "e0777ae5fa6885c1aada7abe89a78a431ee68925f5acef4c520968221c8faabf",
      "e07a1842840d6631762471024db44fc99e847980bc49c517a8848b880b779986",
      "e07ddbfa63bfb7887bacd68b3c9e71a05642615abfb7b6bb07e88836f6a66c4f",
      "e0824066bd8ab1b000b6c61ef3c518b20ba0682ec7cd40f47d82bfceee6bea2f",
      "e08ac6dd9fdfafa63609617c1d00e55102064dc16d0be755fafa229b5be3a013",
      "e09a876351d274c9319697a619f1d658552c7fc93a708c3042ed404027a8e90b",
      "e0c696618e380bb622d5c8451d38cd53e26d51b919bf5e1649d82a9db85ec750",
      "e0df9105623103794cd8c7e6a3b1e5ec5c1432a1f3e39489ad5ddfaa762f23bb",
      "e0e150eef215863ce4662f11ee39bcd6de4d2a1001bada9a1bc0980e6de6c1c7",
      "e0e236958678e641945f36fc63b9191ed24cf5ff288e35b82012d722ffb5ffb9",
      "e1244012f8a9a762e85758645d7899419de89673dd6a5ce663ae6293a6cfb212",
      "e12a905cc93be5a86ba55e039e9602b02331c2490416bef09e185131965a8f5c",
      "e12e8cd4966afde01ea089ab2108b552afa1e61ed2796530c8e8eeb2bd4207a7",
      "e140c0bd63729cebb8a3d6505cd9572ceda5e47cf7c1036f2f76082ed6169512",
      "e14bd089c4d92d645f57d99abdc867965723c9edb220c2566522cfc85e176358",
      "e1a8fc8e251ef241735087beaf5fa5f68cbaa83d985c5dc30dd71b14aa6dfd76",
      "e1b30e4103aad67d3bfe9e7d3bb7a992a5d72d25278f117059812b6416f21e4c",
      "e1c6ff12449839f9ed981694cee46b82c924b2e48ea807cfb6ea67d914563247",
      "e1eae3cfe69744bb1e9243152e990d7a17e8eb3dd6648a206c1bff20685bccb1",
      "e226560e8d917c9921fc9c97c3607e283e490c1a76d0c5f93f69b02f29860727",
      "e22d0bd997b00b6f8c2b5cd5a349b9205d5b741fa57ff0fdf9f0f7a8456d3583",
      "e2367d9a1e5dac0b8a78664f8628581f6b791ce53680a5d3d1a771af6c713dc2",
      "e242365070b96309d68230f36475a5797df6096863cc6397c4b610c14a281052",
      "e2b4cae0fc5737a80436053f2477746b29cd12d5b60a10ab2140ffb140fa5456",
      "e2c0a9f7fa7f266f2ba8bd842a81f3ce6a75910a2baeb7e42ecb226946db22e5",
      "e2c8dc9ef4fe1b97c0406bdda2cf8198b50a0afad10e25b0a5fd4798e18eec01",
      "e2eaa8c3efcc04d504b83bb99bf57c60cc5f001103507065a588ecd1e1c44952",
      "e3141b1a50fe355f281b32f219a27d24409b94a94b12353a370097ba6aa232ec",
      "e31bcc5c1c9a6ddee465c49bf2a3b7c295570064d0ebeb2dba9ad1196846148f",
      "e363dbd65ec55a563c68b260c658524c9a405fd42f9f0046fbc1c5e563d37307",
      "e3784e12bac141de5d5eb9123887932bef43db2c4c6e57921c9d24fa9263b9c7",
      "e38e8d24d2ca2ae0c2afbd2d71513eda8b598cd02faaa2f8ea19e0e6c6494b1f",
      "e3a3cfb87dc0c21e42a953b40c8846797055627cd843f1fb1ca22448cb9b0613",
      "e3d00dbac63932e7206037c99d39a1d1cf5997529c80e1429500f7a99c618bdc",
      "e3d5e872d5b354086e4445a3b509fc748c2a8a9443b39b8a097d1c5c5cdb9e94",
      "e436cc5f93529ee7adbe20236d95d11a0a8173d5c00c966203545a2a8219c3e6",
      "e44d402c23d4489ce032294214ae510ba30fb7fc164383aa521a4a904d527685",
      "e45f0b9038fff4e40ec1bf17cca0128e6b73a88bfbffd4f78953cf62f2f524b7",
      "e483893642e8da0d18a9ee6b3d667e0d798f133f73ce21ad4cccbf040de01448",
      "e484beb47b5e6123e4add9901e8d35368e3c77ef6a00e067714fc782415605b0",
      "e48af626a52071e3cc3dd327789d7ae470293c9563335f87e8ea2506b77e81eb",
      "e4b491b69bde74e24fe5925fe09e0180dc7a14798f72a300d9af8f24a85735ec",
      "e4b851abb7cac4f9ff67ee8090f5cca40d9cdb55460b84e3e29015a20b6136e8",
      "e4ddf3a14c14ef43fad4ac73ec15c202f13872b9558c023b943725a67983311c",
      "e4df03fe920eae6663db60a135039c27e34c1028d9110c0388a6d8030bcb7589",
      "e4e1d9aada2e02ad7d6bca09c39faafa61e82092690848de1ded8385ef281f7a",
      "e54183291c1096588c5f3bd3337dbfa1670b77d452fc688050c2a24b8a6e1c46",
      "e54a9152157a3ce3506575dc641a6836df0fcbea52d5dc65f41f83971e5e3aca",
      "e551f17cd62856c41fd879ec9f177f5ef75659f195f3312ef3e707a5440087db",
      "e557a40643aa952ce7d4e76d3c53f8d4388e0cd9eb497e8d2a1f86d2a7113af7",
      "e596acbeb11abdf28d53b77d424447136b5eebda2f0b9b09413c230c46c9a6b4",
      "e59dfaf085423e2d4a21a4c69ea510760debfdfe9e87caeae0e7500512e50edb",
      "e5a4e0be3816ab5fae87297b2f8b0f037def37541cd92846c1787256577b223e",
      "e62b23b0758d5b399a4a95a92db89b5435e42660dd33d5399c68011ae1587d01",
      "e6367d13408229db8b4239f905e4f0b4f4139d2844d63599444f1152509f34f4",
      "e639b3c655a00d4323e4bb2abc748c2b7e87eb4644355af4fb145daa7ea2cd62",
      "e6638ab3c1da9da60dce6c6e33f8ff9e03def8276497520ce75dff03fea7fd98",
      "e6a678d18ee2baec99ec0c4c72357f033ef6e036084eb48e63800274bab43626",
      "e6b397abe7feb7a0a67456dffcbcef2f6f6915ba1d47bc45382c0f9c63cd6691",
      "e6bd84cdfe64839ee4480e4a34624123afa7549c77570116d8823a2b6fbe9b5a",
      "e6da84b9199894705a83a56e532528374ba59c01dc49a69b0213cd3116f3b811",
      "e6f76333a168b096dd10d2f7942dab0e411372122622996e9f4b628894e242b5",
      "e730a89767a86dd91b321b750ebd32ef92a02dcfc9cd1db6ceb8db2d4f226b46",
      "e740fb7a0b5f48a566a52b68c7392846e2cb96e646bf9a6132c03745c3dbb188",
      "e74d7213b811cee6a06223964d290565c96b87ec5489bdda4ebbfb42db34070e",
      "e764a4740576abb5490aad900a5a6b0c64de8ca7894786b79602877ef5378293",
      "e789d2b18a084625faa2a3dd4711a9a14e6bf60044e0f3d3576a833fed190c10",
      "e78b663706c63633ca91f99fb5cff13d85a68aaa5e99bebdfb4d765c4def2ba2",
      "e7f38f5a08147df7a4e0de89dd2999671b40d8a6cf2ee8a36153fb80e8658df7",
      "e82d101d108074fb3e110ef34eebe5d0a46cda58d93bad46cdb352492c0aa1f6",
      "e844642a47d734f12e780c3a5441ae9c6715fb84cdbd0099e9dffe24acdde9c1",
      "e87fca1939da10b9eb5e1e9d840fbf3ccbb7b1b6cbe210c8b6a40459ad5624e0",
      "e882019fb0862fd10495c13d7b25f25300d146d68522baa58249d4d29525f1c0",
      "e88248f8e3b36cf2cb9de53462570da68df9cea8aebcb22618d5e6918e738857",
      "e8c80c3cf4dcbcc3d3b63207023a3a98a54767a8c1241bce87150adc834df58e",
      "e8da4e64fab2922c4620559c3fd92ddd3a91d395fa5c90dd7b98462174eee578",
      "e8e2c288fc68937ae3a37afb2ccd6b212907468d59e311384f7dcd7f503d886d",
      "e8e64c1e18ae4fda4015b244b91b5a982100e1b802d85706500174372d4814eb",
      "e8e72e89a0174a63e1143c0627ed58d6d2d35154948e3b83df445ad525f1911d",
      "e9133f2be0507edf158efc9ebff7414a1dc925028848de55ec1ea60a1b1a5556",
      "e91bc53be225244a7c415e33e92cd7be13763eb22f1f7075895f8c1efdba5eb8",
      "e9290209c9800065dda8b0947bfca34a899dc532ca934d48ed7ddc0cc9860136",
      "e92fe603e45a463c29aa253251bfc12f52c0d1ff4aa50b4a11792697bb7a8799",
      "e949bf1839b9e8196b842aa8b508835fe771cd0a1b49dd4951054beb802ebb27",
      "e97be54475334364d1abf76da1804726162f42ba8febe44868695c8b0c48898b",
      "e9893fde62bf3a01015be74bc506f8e832f736571bced06bc244d8a3566824dd",
      "e99a989456cf1c065457f13e5678a7b5148307e608ca0060450d53d4578887eb",
      "e9cf10df7b007b51e06d6abb37dce18f2e17629db0721ffd395d6c92b37b348c",
      "e9e3086081fcf776cf36f524648f47e8beb2807cb4d8c3a8cd581801bbab854c",
      "e9ebed6bfa115d00b964456129c4fd05996a219b4fc866d5579d9ef6128e7c0d",
      "e9f5e3a5f308d691b384ab7aeb5de765c2087dd591541c170ad6b156a02a6177",
      "ea16eb15283180df97d2235c62b318cdd0eb400b97d8b9781b7e93cbb3553783",
      "ea23522ba467cf9d888da8f0da2e35a2658c4f6f5dce22e76f2c856370a4d425",
      "ea42fbbaf16eff546104e954737d4ae6fbb5d55c6881a176d7590f3961a1b65e",
      "ea9e9689199dbde9a58823af835f1b799a8b6eb358b84bc28ff1d0068b769c64",
      "ea9f77df88699ddcff4d438f2afa888550e72e20d5b929ba15f8349aa08158f4",
      "eaa664bddd77fb4b7a01bfcc13ebf72ad6de468e45e7233f2c305cc1f2c3319f",
      "eacbccf09322158854b00656da59dfb52e96aa51c16f1b532d27069ba651c8d1",
      "eafc61734e6698e2feddda492b7a4b85bce9146f73a9c2d70b46020b7ae2369e",
      "eb0350715033b0974bd2fd7d3ac99c217298f0d7d1712a58b00c1a3844b1fa2a",
      "eb23ffb65d062093cbb61375380b2fef26875df1966e8cf9aa59e82b00c43b60",
      "eb396f61b089a043f13618378a78b26a31f893cee23185cbfe154fddab1769da",
      "eb69ccf075d1a1492e7386603d46d24bbe9f287bc76339c7711134cabfbac028",
      "eb6e897929e261323ed7362250a4b60f06c41d08037ab13a6fd93af22e57f36b",
      "eb8d9abbf8cc97a804eee6d4fda9d5c16fd64e4b5b022a612accafebcf1644a8",
      "ebaeaa2b8007a761618cb7ae08fb50ebbdd07ce97807b874867cf42d88d7c23a",
      "ebdda249c928a60730ab6acaeca465c492f174fd2e6c02141bfadeac999a5521",
      "ec171c50cfd6a8d4e8568a0110530342a7377a95e40db8ebfd1d362840dddbcd",
      "ec2b6c4fa52fe43e210d56f670694062178fba2c03dd3b8abf98456a7728b481",
      "ec3ada5d9dd2abce3180b599ee9b4ebc58b00c099df5cbd8e3a75513d8aceb59",
      "ec522726f24bb83da14749fbfe3872073632442275ce63a6a204da33270969e9",
      "ec666eb2d600eb26966245235f722a482e4e2893feb2bb6d3c5029781b63d3a4",
      "ec7343466be2c2677406c5bbb8049f7bacc70b8f25866c99e1fb83565ef49805",
      "ec75c129e90f7fedda9e92f2bcb1cce4dd903006763db6a6005721086b11eabc",
      "ec7870a7c6a3b91439f3e6bfab3a826326965c75ea56fc39337ab55ded860dbe",
      "ec7b128f538672894e478fc3936a9579374da51cff64c92b94fc188a3ee50295",
      "ec7f48568999cdb95784c89b84dd55a3e9473abd82f4e03f68ed205c70bfedaf",
      "ec868475af421725e0f12c1de78a4c3516e38697d63f709ca4fd107655c5b780",
      "ec8b64c19e45c972de0b2d74258a1c54aa1a2032eeb04ecceb877620c4395927",
      "ec93921249a277b16ee5d8af6c4a96eac9971a53099bdecf7d4f8f30c9f14390",
      "ec975bc54fa7a8f039d5078c598fa8737fee3f3e5999601a4ff90490d9f152b1",
      "ecc66153f0a3cbf76c4113c4c480ba5e646ceeff3934d5c894220d45264e901d",
      "ecd5202f479ffac8501415cd918d079ede1b1a33864ccb724ba2a7f60a2241e2",
      "ece22c0916a1f4992d54ea218f00b6c22ba0c9db9806f2c8be68ec650add90c6",
      "ed0e863c484bb6fce37c8e39121893416d99d67406f408f90ffdf59c66863581",
      "ed50768aeeb8490cccfcc52744c98a0f7eda8002d755dcfa7eb8264bba4ddd65",
      "ed61508142c260060e8bd49a40f97b0ea45307a4886e4a65212b3e0e30870a32",
      "ed65eabb0ab70d83afdd9379e3aa1b27fb6d24c2c7edadf5ec849c820e654980",
      "ed71369b9b99628263dd4063ee30ddaa3589bb4beab1bea283a5c3de6b793d1e",
      "ed8e54ece5513ad6a9b2c9daa72d18255749f4dbdf0cf7d0efcfa19a49d40b2a",
      "eda1fe9849f215169766e1a88281f9d746d4eb9e1cc84bb472b482d8fbcec5d2",
      "edbe26d1d49b2755cb753947aa93c30170c742dd8b29e50a49b2fa1d052590e7",
      "ee265008cd1b6ce5c6c0c3481692089a2cd7721e383d4e3d67a966d4ea4afd53",
      "ee6c42991e7e4e8a5604dd1549a610d0fe9b24f6c22deed1c969e0b00896a2f0",
      "ef027ede115766adfbee311a890028e1182df0cca0a64d9e686dee86d91868f5",
      "ef30424cdc3ff72d7084ca3956b3f119e9162ad7ebd447c703cebc501005cb0a",
      "ef370c2f8f629d00927c991dd971ce8481e326c8d5327a2956c36306c4ec57b5",
      "ef75b7fb8edef245094af5faebcf5833a21c25b42c0c4cf986e0bba5b7fbeea2",
      "ef97a897a9ea9d224b5032c772f9081a055a5e46ed8afa8a26bc76ec10f2f241",
      "efb3bab569f1844084cbfe8e9cfeba34b5d3c1b0066cdf4196b733311c7f1162",
      "eff5398a02e689a66388c3048317b86e0fee071fb0f19631468a04ab071cf9e6",
      "f00de23b6ea70061e59605aae738a2a721cc215b36d5682a7101388c4eadefb0",
      "f04ddec2aeb2c52184ee5b2e13fd12e608a468236ce61d9860b0fc6fa133b293",
      "f04f2b4647439e48c581732221ca51e29f0bf31ceb98d8ee6afcea0cc75ed220",
      "f0535abfeae2489e6615560159ae6e3610fc81ac53d27c76cf11322ff1567912",
      "f06a369f43c3cca3a274f61288dcd2e4efc59282b99ecce1b7fc46be7c00db52",
      "f07ca14bd8e2abe38d88264153ed0106ddd1264bd3c20cd4d7cd22686f690da4",
      "f0b6022af9974012b7cf8e5f309123b3d38474097f1e4db3880d21c096c07302",
      "f0cd71d3856553ea71f5bde3eb94734570cae199148203d6b84de24eeca91199",
      "f0e3d6ca895bcb9ce2cd5617521c2e53b9f613715233fcec4bb46d342e9cdf8e",
      "f17aba2bae607991d275d26f3d6497ea13ccae24391ab156f45e607a7852287b",
      "f195427144baaec024d008082f6faf5ce8283fc9a0cf6af8a606125a5f23000a",
      "f199ea6b7787658a38ee53915dd78fd4af9352af79e819946c774c1900e28b68",
      "f213d0da804c5793524cd3ac7e527a385b31c10b2460b4ed6f57de69bb6874b6",
      "f254e7b687f00d18c8d5418341827e4445f691721166b38f8de6b7fbeb30cfec",
      "f27339f036692beaa85c16506e9b6e71d5d79e4c3d3ce64f6424e870d4c1ceee",
      "f2827eda641263305dda42dc3e4e3fabf0474acabaea6bd212e58f0f5be2fa24",
      "f2a06d03fb381f940b6b807ef6fd5df81200a6bbab5084281f997f3c155d96f9",
      "f2aa5a4ac0b8ea73c716f3691c4edddb4c61e6f96223cd4e13b46253b76e4fe1",
      "f2c3d24f4694002f007baa656b51cfd0e5375988e7512398ad3ccb7405f4469e",
      "f2d10fe85745ba07517d32caefd457ba423446d67b6eb1c257db425be902005b",
      "f2daf656ec2cdcf5679b7ccde928779ee080766b36e49a7606417e1eb3eeb965",
      "f2edbdc90b033a22e74eaba65b8f8fadb11848d4b3e2b6b7e1cd07a27246faaa",
      "f2ee4e2fff6bc2c88249e7a07bd191635e1daad411cff4ec75ff46db86058ab5",
      "f308148dcef9db6edadbe3d5acd65038dc1e0d05ed96dfffd239edc8cfc546de",
      "f33bd7e2554f7bbcea7e2259584ac888d17909200e6e909bce265132e2a23a0a",
      "f35d8c8b1f70ce77e2c43416e32c2718082c666cf9b6995e9a184f9d2f9004f5",
      "f37d7da0fd87d776289204a487dfd622de62725d40f88132b2b873b2a2970f08",
      "f4360c7fa9aea1e8a76a4ffad72453b2e03bf0a046bf26e7f27c81bbcb3ab01a",
      "f4369eaef88a38f8efc15101a5ebe58485ce2a5299f8392a12acf776e8bd13a3",
      "f47b01dc81e6487e28a86694e504b37dab60103d51d481db0d6a87de0ea2aa54",
      "f4a158726484da101d8c2e43c428004088c5ac333581675ed08e5b40bd612bfa",
      "f50c7306e4d259786a32bbf1056ed68caf2bfce8f5a71e3f6a83bffac7874c99",
      "f5158dc678189fad7c364e491c791005fabca728da68cd37e74ad2f815029d07",
      "f53e06d8dfa4e65de711ed55b8abd9e577a30b596b4a1170b421cc022a6c0039",
      "f57de1c1e9985ce391ec80a158dd4ecfe488c31ae309fe4fdb6902c4138b219f",
      "f585261311b6c7ef82f71c31e698a7de430ef01cf401365e0d0d6d2471268720",
      "f59559f9b4f54f46da98ae05edfe6d68fa2a6cbf47042e35a41749e79c01ad16",
      "f59eef76999d492c8eb8d18a5aa91b7811e836e1db1f59e0d2dd534040223a00",
      "f5a47c1fcff280208201559754940ffb9310e60dd02bad7d41f2b9e21f12d1b0",
      "f5f594ce40178f0855cfecabaf2589d6f36cc6fbe5c7b109b3f44ac910d31296",
      "f5fa7850464c65b83d5c3207b9909fc7c72e99f0e80ffbcdc0933beb8d747e02",
      "f603589d8d01e25a20bff816ca720a8c4dc1ea4f56366acacdc477af0ffe0d4a",
      "f607816791a963742dcf9f0d06f4f32b4f76d3ab7a16166868bdb3b8da6fbad1",
      "f6230a05fcc64c835f4a094770f71d0380111530f41d141012112e05d9bbc8a0",
      "f62f4ec30195933f0346dfa735301a8c834f7ab9b9754bc7d758e470bb1cda18",
      "f6581db87ee94f789e3a57bc770fedfac27ef3e4892ce815103a4340a5ff63dc",
      "f65ed6ba7f0caf25e724147ff77b0ee00ae56d3cee866d91a537dd2c8b78ca65",
      "f6647558439bb15cfcd6e40dc2a2c66a3ddc5f95e434911e01c95ac59e0d782d",
      "f671eb5e6b28a53d0c60c269498911722e5461257ff8639d7995c48cfc173c5d",
      "f677d59097ee87c70fa6c6b976df930f0d7e09b3c9ff5012f1176bdb2e1ca999",
      "f6873058b355931668027f6bbbc05d843c82192668f2a9c41a544f302731f467",
      "f71141c14add8539aab81df0ee611e724ed58806a6b86425fcb2fa187d5e2bf6",
      "f72401db4848e33d5813e7a7b7728a4dd1838699219819ba411326f5493a8f93",
      "f724e48873c3b2c11b2ce3772ce51bff7724f1f3f6fa376e3fd4f84740473c42",
      "f72ce2cebbe4572956bd634a4cbf1f8450c7422d6c2c144cf6854be36a6071a7",
      "f7320e3cf3d63916430277aa86c967e98f47ce5f26071e755a2d73fe77ff3ac1",
      "f767eb9b38b72935366cd4f1fca5b91eafbb7e791da5e2402474f5c20ac36e7b",
      "f7ba6ce7e56d710d25e6a1903b256bf9ff2496893180ce2a748eceae2689215f",
      "f83153e6a83983c2e7b4cffcae2e577d93a304c9ecf674195bd9174ebf41eb99",
      "f8442031b583a7ef193f1d4863eba551a159ae654b3c843d3f1b3a511bb0b5e4",
      "f84d1de0c961df85f0798e85917539d6d5e231ca481e8850f656a3979295fe64",
      "f86366c69465c23ac7129de0cc978fd7cd9fee604cbdd98de44e4f6796ec5461",
      "f86bbcb9304f9a80b1b0998ef34505de74149a3a470b9adae1db65024f8819ab",
      "f86ed2f6ad72709ea4518996eb522d1b3b389aeaf66885b74559c9aa198a03ca",
      "f8a2ca73352e16324f42a4cd1bde89129d3ec4c81dd1969407177c00b3cc9972",
      "f8c806fc5232b956bd6afdf8f3a05a961fad6fd80e7c9a536a80ff81f02321fc",
      "f8d3572398a7148e4fa17f7bf79ed12f765b27ec6a738833e43b7b599ec1d279",
      "f916000fe3c2510d5feac93adbbe354ae536a34f1fdb295cfe6f45281a69565b",
      "f93b95ac4068d3c2ae06898699d2909f4cbe2a8124ec19d3acb42f74eaac3089",
      "f93f13db324c4d246b51cb6a8301ff9b0cf9b42e07eb36ebe2d9ab3d5c85ecfa",
      "f96d35cf5f07f50922832c8b8e8b41dbab617bb9ce4693297c1b325815b3267e",
      "f98662e190485ce5394fa1c5a4aeba6fa7ee1faef1ce97f58faa85413866e0e0",
      "f9c258c4deaa505ac7302c4ee8c380dd5a7647d1f84f601862959cac8e716550",
      "fa0c91a52cf8f7650041e2ad53a9ca1ee1f93135ee1d73b6c6c22e01ed6da20b",
      "fa165bea6b920dad3812a2d5a8003e822e370b6da82de300644d33df33e4d4a8",
      "fa33e1960a63c15fddb54867233cc65bc3d09067ea8e5bd38e67aff9a653822b",
      "fa4974333387e5c617bd49b0898f456bfc002c4ec836eaaf54c1719a2ec49c9c",
      "fa5cc12600e9b6e6a974e91c92e9243d63bb18afdfd1eaa4bb3210513be35a06",
      "fa63acac498f65e6e3b00dd04aed99daa1856688de2006d0cdf4a555a3b83b61",
      "fa63fe35d7b353e14538a860bfba0ca26dc2467e57d0c02fd2e376b410d48a2e",
      "fa6971ee3c63de234c3e1879378a8f94e648e57889fbf5dc5732953d9e0a570c",
      "fa740aa0d20b3d66a174d4d7f0343946ff87614f757b8b01a06c981c64426bfc",
      "fa8f5a9263ca5af0eae7c9e9b24b2d26097e809c4b0831c80ecbd7bd2a2b2686",
      "fabd2d823ad5c506c49d9f1e52c88c0a633f644fe2caae4b255ea29a3a8aac22",
      "fb0322f3668965d9f24294178699c6390deb5f9e23016f596858ef2a9e40e890",
      "fb17ca5eb6f46211704fb010befc6206f2ebde1356b35885634b69d9c2dd93b4",
      "fb2b7eac0635169f6a14671815d2f3b10af9db5192cd665615c0dc1537737104",
      "fb42e12f683f421ea0fb14de349ab4ce491e3f170d4b6a169483733252adfb9c",
      "fb46bb312ab1ebc2bd4aadffcc282290178c500f9c028f06df730ead8de9c6fd",
      "fb4eefa43b60a8fa0fe382f5a8b36f8c816ba1a765af88b288fa40c76d35e039",
      "fb6eb65860c83a2b61ca60439d879ae370346f98164805d0fbe21fb289736b96",
      "fb7f9ffc5e71d24cab7ec6ebe2c8c6f958221d634dc1269cda839a1c9f0aa3b8",
      "fc22fb523e6bb991e8cae851aa855f1c3647bb9f0e5ecede4eb80eb8717b9f92",
      "fc58bd546467c3ee4a4727545c8af111a069294cf305df84af2d3fc72fd7b45d",
      "fc5ff4a30a2be1493c4b8408b6ce036964123c98020ee5686cbeccd1940027e0",
      "fcbb8e9cc71591b93133e15a9c7dc80f649ceb487569f02de28de9c2bffad161",
      "fcc0cccde8bb5e309e204efeb66123e601996da8da9bb2aaf09b1bceafc700be",
      "fcc30e8c2222687389f41dc57f1110b3b296084f161d5735c41547d3810743fb",
      "fccd2fe016eb836068504c53f0c67e402c9217ef9ba1759556a6687b7ff928cd",
      "fccee378532321b62c62a71cd67f75115f2d7106f75d84e86f19c0b3765b0015",
      "fcf42c46d3e80638a978138b727365a81b76a0ccef136690effd2162bbbab993",
      "fcff58e99f7469709ac405be36f90a48c336e0625e997c45b23e3fab96e4336b",
      "fd15746e8b60fe9ba7572d7eb8472589ed4369e31b9784fe02daab0866f90550",
      "fd233e5ab799de197481e67d80bca5ae5a05c027818b0a07742ad56c75665832",
      "fd300cbfae5f4a9b35d3d3ebd842d9861ab3a5cd0409321090ca0d92bdc38bb8",
      "fd3d604a6ea778469e66feb6c0ec79793addb0a01748b950fff7f5a423bc1d6b",
      "fe0d2c09809399b0d689ae608729d9765a4a9b32ce032873b6a1cf2b043178fb",
      "fe19713847649b8236444ee68045903a04debd970c8ae799e9e368b6772180d9",
      "fe2209c530f58855c022bcc228b96d48e4aeee44ffc2abd59c5a5f09b225608a",
      "fe251f4e4ab51da8327d887397bec72fb99cedc97e4fc96cdfede5617e66c151",
      "fea0033f2e1853b78fab822c048b2a6c500feb9674f1a543eebfab60c4b40ab9",
      "fea5f8462fe9c45d76909eaff3948ebe3fbb2c73c1c9d8677770ff3333806a3e",
      "fec68b02eefead2bb396eb3342a5e2bb287c7894ba6d21e45044dc7a1829cc59",
      "ff1b5f1a8edb57aea6c69a439a4841fdf8a2d69e8a63a2d904facd6c91320d53",
      "ff765a2b346800ee665d3ce76930d2bc958c702c5ecf19f5f5e70521e69b1232",
      "ff88b9e1c64a0910c8382a14ff6ab394a27363dacebb6f1f43240d8d74dc3e02",
      "ffa2c5e7c6da30fc80b6d7ae0ff1cd7333320b11bf82590b44148e63acc11b14"
    ],
    "forbidden_duplicate_content_sha256": [],
    "inconsistent_paths": [],
    "near_duplicate_tracklet_answerable": false
  },
  "paired_canonical_present": false,
  "paired_scene_present": false,
  "fold_assignment_sha256": "c2f006fc974de88bbb919b142126597ccb3c2c4066d17970e6fb3c01725d2b6c",
  "folds": [
    {
      "fold": 0,
      "eligible_query_count": 2125,
      "original_query_count": 2210,
      "eligible_query_ratio": 0.9615384615384616,
      "eligible_pid_count": 498,
      "original_pid_count": 519,
      "eligible_pid_ratio": 0.9595375722543352,
      "removal_reasons": {
        "no_valid_positive_reference": 65,
        "fewer_than_three_support_donors": 20
      },
      "donor_count": [
        14,
        14,
        14,
        14,
        14,
        12,
        12,
        12,
        12,
        12,
        12,
        12,
        12,
        12,
        14,
        14,
        14,
        14,
        12,
        13,
        13,
        13,
        13,
        13,
        14,
        14,
        14,
        15,
        15,
        15,
        15,
        16,
        16,
        15,
        16,
        13,
        5,
        5,
        5,
        3,
        13,
        13,
        13,
        12,
        15,
        15,
        15,
        11,
        11,
        11,
        11,
        10,
        16,
        16,
        14,
        14,
        14,
        14,
        13,
        13,
        13,
        13,
        16,
        16,
        16,
        16,
        14,
        13,
        6,
        6,
        6,
        6,
        5,
        5,
        5,
        12,
        12,
        11,
        11,
        3,
        3,
        4,
        31,
        31,
        31,
        4,
        4,
        4,
        4,
        4,
        14,
        14,
        14,
        14,
        14,
        15,
        12,
        12,
        10,
        10,
        10,
        10,
        15,
        15,
        15,
        15,
        14,
        10,
        10,
        10,
        10,
        10,
        14,
        14,
        15,
        18,
        18,
        18,
        8,
        21,
        19,
        17,
        17,
        18,
        16,
        16,
        12,
        12,
        12,
        12,
        12,
        14,
        14,
        14,
        15,
        5,
        5,
        5,
        4,
        4,
        4,
        4,
        4,
        5,
        5,
        5,
        14,
        14,
        11,
        11,
        4,
        4,
        4,
        4,
        4,
        4,
        14,
        14,
        12,
        14,
        14,
        14,
        14,
        17,
        4,
        4,
        4,
        4,
        15,
        15,
        15,
        15,
        14,
        11,
        11,
        11,
        12,
        11,
        11,
        11,
        11,
        9,
        9,
        9,
        10,
        10,
        10,
        15,
        15,
        15,
        15,
        17,
        17,
        5,
        5,
        5,
        5,
        5,
        3,
        12,
        15,
        13,
        11,
        11,
        13,
        14,
        13,
        11,
        11,
        11,
        11,
        11,
        11,
        16,
        16,
        16,
        16,
        16,
        16,
        5,
        5,
        13,
        9,
        9,
        9,
        9,
        18,
        18,
        18,
        6,
        6,
        6,
        6,
        6,
        6,
        6,
        6,
        6,
        6,
        6,
        6,
        27,
        27,
        19,
        28,
        13,
        13,
        12,
        15,
        11,
        14,
        14,
        14,
        14,
        16,
        15,
        7,
        7,
        10,
        11,
        13,
        13,
        13,
        13,
        13,
        12,
        12,
        12,
        10,
        10,
        10,
        5,
        5,
        5,
        5,
        13,
        4,
        4,
        4,
        4,
        4,
        5,
        14,
        14,
        14,
        7,
        7,
        7,
        7,
        4,
        13,
        13,
        13,
        13,
        13,
        12,
        12,
        10,
        10,
        13,
        13,
        13,
        13,
        11,
        11,
        11,
        11,
        11,
        11,
        12,
        12,
        12,
        14,
        14,
        11,
        8,
        15,
        15,
        15,
        15,
        4,
        4,
        12,
        12,
        12,
        12,
        13,
        11,
        9,
        9,
        9,
        9,
        9,
        10,
        10,
        10,
        5,
        5,
        5,
        5,
        6,
        6,
        6,
        8,
        8,
        8,
        8,
        5,
        5,
        5,
        5,
        4,
        4,
        4,
        4,
        9,
        9,
        9,
        11,
        11,
        11,
        14,
        14,
        14,
        14,
        14,
        10,
        10,
        10,
        10,
        10,
        10,
        10,
        10,
        11,
        11,
        14,
        12,
        12,
        12,
        12,
        13,
        15,
        13,
        13,
        13,
        13,
        9,
        5,
        5,
        5,
        4,
        14,
        14,
        12,
        7,
        7,
        7,
        7,
        9,
        8,
        8,
        15,
        15,
        15,
        15,
        14,
        14,
        14,
        14,
        14,
        14,
        13,
        13,
        14,
        14,
        14,
        14,
        14,
        7,
        7,
        7,
        7,
        7,
        7,
        7,
        7,
        15,
        15,
        10,
        18,
        18,
        18,
        18,
        17,
        13,
        13,
        13,
        13,
        6,
        6,
        6,
        14,
        17,
        16,
        16,
        5,
        5,
        5,
        13,
        13,
        13,
        13,
        16,
        15,
        15,
        15,
        15,
        13,
        4,
        4,
        4,
        4,
        4,
        13,
        13,
        13,
        13,
        13,
        14,
        12,
        12,
        14,
        12,
        12,
        12,
        12,
        12,
        11,
        25,
        25,
        25,
        25,
        25,
        25,
        25,
        25,
        25,
        27,
        27,
        20,
        20,
        20,
        20,
        20,
        20,
        20,
        20,
        20,
        20,
        20,
        20,
        13,
        13,
        13,
        13,
        10,
        10,
        10,
        10,
        10,
        5,
        5,
        5,
        5,
        15,
        15,
        15,
        15,
        11,
        11,
        11,
        11,
        11,
        11,
        15,
        15,
        15,
        14,
        14,
        14,
        14,
        14,
        13,
        13,
        15,
        15,
        12,
        12,
        13,
        13,
        6,
        6,
        6,
        6,
        14,
        9,
        9,
        9,
        9,
        9,
        9,
        9,
        10,
        10,
        10,
        10,
        10,
        10,
        10,
        13,
        13,
        13,
        15,
        15,
        15,
        12,
        12,
        12,
        12,
        12,
        11,
        11,
        11,
        10,
        10,
        10,
        10,
        8,
        8,
        8,
        8,
        8,
        8,
        8,
        10,
        10,
        10,
        10,
        8,
        6,
        6,
        6,
        6,
        5,
        5,
        5,
        5,
        5,
        5,
        5,
        5,
        5,
        5,
        5,
        13,
        13,
        13,
        13,
        6,
        6,
        6,
        6,
        3,
        3,
        16,
        16,
        16,
        16,
        16,
        14,
        14,
        14,
        4,
        4,
        4,
        11,
        11,
        9,
        8,
        4,
        4,
        4,
        4,
        4,
        4,
        4,
        6,
        6,
        6,
        11,
        11,
        11,
        11,
        11,
        11,
        11,
        11,
        11,
        19,
        19,
        11,
        11,
        11,
        11,
        13,
        13,
        11,
        15,
        15,
        15,
        15,
        15,
        16,
        16,
        13,
        15,
        15,
        15,
        15,
        15,
        15,
        15,
        16,
        14,
        14,
        14,
        14,
        14,
        14,
        12,
        12,
        12,
        12,
        12,
        4,
        4,
        4,
        4,
        4,
        4,
        15,
        15,
        15,
        4,
        4,
        4,
        4,
        15,
        15,
        15,
        15,
        14,
        12,
        12,
        12,
        11,
        11,
        12,
        11,
        11,
        4,
        4,
        13,
        7,
        11,
        11,
        11,
        12,
        12,
        15,
        15,
        15,
        15,
        16,
        17,
        17,
        17,
        17,
        17,
        15,
        15,
        14,
        15,
        8,
        8,
        14,
        14,
        14,
        13,
        3,
        3,
        3,
        4,
        4,
        12,
        12,
        12,
        12,
        13,
        13,
        12,
        12,
        12,
        12,
        12,
        12,
        12,
        12,
        12,
        12,
        12,
        12,
        12,
        12,
        13,
        13,
        11,
        16,
        16,
        16,
        16,
        16,
        16,
        20,
        20,
        19,
        19,
        19,
        11,
        11,
        11,
        11,
        3,
        3,
        3,
        5,
        5,
        3,
        3,
        3,
        3,
        15,
        15,
        15,
        15,
        16,
        18,
        18,
        18,
        18,
        18,
        18,
        18,
        12,
        12,
        12,
        12,
        15,
        15,
        15,
        14,
        15,
        15,
        15,
        15,
        14,
        14,
        13,
        13,
        13,
        13,
        14,
        14,
        14,
        14,
        14,
        14,
        14,
        14,
        14,
        14,
        14,
        14,
        14,
        14,
        14,
        14,
        14,
        14,
        15,
        23,
        23,
        23,
        23,
        21,
        21,
        21,
        15,
        15,
        15,
        25,
        25,
        25,
        16,
        16,
        12,
        12,
        12,
        13,
        10,
        5,
        5,
        5,
        15,
        15,
        15,
        15,
        12,
        11,
        11,
        11,
        11,
        11,
        11,
        4,
        4,
        4,
        10,
        10,
        10,
        10,
        10,
        9,
        9,
        9,
        9,
        7,
        7,
        14,
        14,
        14,
        14,
        13,
        13,
        5,
        5,
        4,
        4,
        4,
        4,
        5,
        5,
        11,
        11,
        15,
        15,
        4,
        4,
        4,
        16,
        16,
        12,
        15,
        15,
        15,
        15,
        13,
        13,
        13,
        13,
        16,
        16,
        16,
        15,
        14,
        14,
        14,
        14,
        10,
        6,
        6,
        9,
        9,
        9,
        9,
        5,
        5,
        5,
        4,
        4,
        12,
        12,
        12,
        12,
        14,
        14,
        14,
        14,
        14,
        3,
        3,
        3,
        3,
        3,
        4,
        4,
        4,
        4,
        20,
        20,
        20,
        20,
        15,
        15,
        15,
        13,
        13,
        13,
        11,
        11,
        11,
        11,
        11,
        5,
        5,
        4,
        4,
        4,
        4,
        4,
        4,
        4,
        4,
        4,
        4,
        4,
        5,
        5,
        5,
        5,
        7,
        7,
        7,
        9,
        9,
        9,
        9,
        9,
        12,
        12,
        12,
        11,
        11,
        11,
        14,
        5,
        5,
        5,
        16,
        16,
        16,
        12,
        7,
        7,
        8,
        9,
        9,
        9,
        9,
        10,
        10,
        10,
        10,
        11,
        11,
        11,
        11,
        10,
        10,
        13,
        13,
        15,
        15,
        15,
        15,
        15,
        10,
        10,
        9,
        9,
        9,
        9,
        9,
        9,
        9,
        9,
        4,
        4,
        4,
        5,
        5,
        5,
        5,
        5,
        19,
        19,
        19,
        15,
        15,
        18,
        17,
        19,
        19,
        19,
        14,
        19,
        19,
        19,
        11,
        11,
        11,
        11,
        5,
        5,
        4,
        4,
        4,
        4,
        6,
        12,
        12,
        12,
        14,
        14,
        14,
        14,
        14,
        5,
        8,
        8,
        11,
        11,
        11,
        13,
        13,
        13,
        13,
        15,
        15,
        15,
        13,
        13,
        13,
        13,
        6,
        6,
        6,
        6,
        6,
        6,
        6,
        6,
        7,
        12,
        12,
        11,
        11,
        11,
        11,
        11,
        11,
        4,
        4,
        4,
        4,
        4,
        5,
        5,
        5,
        11,
        11,
        11,
        10,
        14,
        14,
        14,
        11,
        11,
        11,
        10,
        10,
        10,
        10,
        10,
        10,
        10,
        13,
        13,
        13,
        13,
        12,
        4,
        18,
        18,
        18,
        18,
        18,
        18,
        15,
        15,
        15,
        15,
        4,
        4,
        4,
        6,
        12,
        12,
        12,
        4,
        4,
        4,
        15,
        15,
        15,
        18,
        18,
        18,
        18,
        18,
        17,
        15,
        15,
        13,
        4,
        4,
        4,
        4,
        17,
        17,
        17,
        17,
        17,
        17,
        19,
        14,
        14,
        14,
        14,
        14,
        14,
        14,
        12,
        12,
        12,
        16,
        16,
        16,
        16,
        16,
        16,
        13,
        15,
        15,
        16,
        16,
        16,
        16,
        16,
        16,
        16,
        16,
        16,
        16,
        15,
        15,
        15,
        15,
        13,
        13,
        13,
        13,
        13,
        74,
        16,
        16,
        16,
        72,
        12,
        12,
        12,
        12,
        14,
        14,
        12,
        12,
        12,
        12,
        12,
        7,
        12,
        12,
        11,
        11,
        11,
        11,
        11,
        6,
        6,
        6,
        6,
        5,
        3,
        3,
        3,
        3,
        3,
        6,
        6,
        6,
        5,
        5,
        14,
        14,
        14,
        14,
        14,
        16,
        14,
        14,
        14,
        14,
        13,
        13,
        19,
        19,
        16,
        16,
        4,
        4,
        4,
        4,
        3,
        3,
        5,
        15,
        15,
        15,
        15,
        15,
        13,
        13,
        13,
        13,
        13,
        13,
        14,
        14,
        15,
        15,
        15,
        15,
        16,
        10,
        10,
        10,
        10,
        10,
        10,
        10,
        10,
        10,
        10,
        10,
        10,
        10,
        11,
        11,
        13,
        12,
        12,
        12,
        12,
        6,
        6,
        6,
        6,
        6,
        5,
        5,
        5,
        5,
        5,
        5,
        5,
        5,
        39,
        39,
        39,
        39,
        16,
        16,
        16,
        16,
        14,
        11,
        11,
        11,
        10,
        12,
        12,
        12,
        12,
        13,
        6,
        6,
        9,
        15,
        15,
        15,
        15,
        8,
        8,
        8,
        8,
        8,
        15,
        15,
        15,
        15,
        12,
        12,
        12,
        12,
        12,
        15,
        15,
        15,
        15,
        16,
        16,
        16,
        4,
        4,
        4,
        4,
        14,
        14,
        14,
        12,
        12,
        12,
        12,
        13,
        5,
        5,
        5,
        5,
        5,
        5,
        5,
        5,
        5,
        7,
        7,
        4,
        4,
        4,
        4,
        7,
        7,
        19,
        19,
        21,
        20,
        18,
        18,
        16,
        5,
        5,
        5,
        5,
        5,
        5,
        5,
        14,
        14,
        14,
        14,
        14,
        14,
        14,
        15,
        13,
        13,
        13,
        13,
        12,
        10,
        16,
        16,
        16,
        16,
        16,
        16,
        16,
        16,
        18,
        18,
        14,
        4,
        4,
        4,
        4,
        14,
        14,
        14,
        14,
        16,
        6,
        6,
        6,
        6,
        6,
        6,
        7,
        7,
        7,
        7,
        7,
        11,
        8,
        8,
        8,
        8,
        11,
        11,
        11,
        14,
        14,
        14,
        14,
        14,
        15,
        16,
        15,
        15,
        15,
        15,
        17,
        17,
        14,
        15,
        15,
        15,
        15,
        15,
        15,
        15,
        15,
        15,
        15,
        15,
        6,
        9,
        9,
        9,
        10,
        10,
        10,
        10,
        9,
        9,
        12,
        12,
        12,
        113,
        113,
        113,
        114,
        114,
        114,
        114,
        12,
        12,
        12,
        12,
        10,
        14,
        5,
        5,
        5,
        5,
        5,
        5,
        5,
        5,
        4,
        4,
        4,
        45,
        45,
        45,
        45,
        20,
        20,
        43,
        13,
        13,
        13,
        13,
        3,
        3,
        5,
        24,
        24,
        24,
        24,
        24,
        20,
        20,
        20,
        20,
        20,
        20,
        24,
        24,
        24,
        20,
        21,
        21,
        21,
        21,
        22,
        22,
        23,
        23,
        23,
        23,
        23,
        22,
        22,
        22,
        22,
        22,
        22,
        22,
        24,
        24,
        24,
        24,
        24,
        24,
        21,
        21,
        21,
        21,
        5,
        5,
        5,
        5,
        5,
        5,
        5,
        5,
        5,
        5,
        5,
        5,
        5,
        5,
        5,
        4,
        8,
        8,
        8,
        8,
        7,
        7,
        7,
        9,
        16,
        16,
        16,
        16,
        13,
        13,
        3,
        5,
        5,
        14,
        14,
        14,
        3,
        10,
        10,
        11,
        11,
        11,
        13,
        11,
        11,
        11,
        11,
        11,
        6,
        6,
        6,
        10,
        10,
        10,
        11,
        7,
        7,
        7,
        4,
        4,
        12,
        16,
        6,
        6,
        6,
        16,
        16,
        17,
        15,
        15,
        15,
        8,
        8,
        10,
        10,
        14,
        12,
        12,
        3,
        10,
        10,
        6,
        5,
        23,
        23,
        28,
        28,
        28,
        28,
        28,
        28,
        28,
        28,
        28,
        28,
        37,
        37,
        37,
        37,
        37,
        37,
        37,
        37,
        37,
        42,
        42,
        42,
        42,
        32,
        29,
        29,
        29,
        29,
        25,
        25,
        25,
        25,
        25,
        25,
        25,
        25,
        25,
        37,
        44,
        9,
        9,
        10,
        10,
        10,
        10,
        6,
        6,
        6,
        6,
        6,
        7,
        7,
        7,
        7,
        5,
        5,
        13,
        13,
        3,
        3,
        3,
        3,
        3,
        3,
        26,
        26,
        5,
        5,
        5,
        5,
        5,
        11,
        11,
        8,
        8,
        11,
        6,
        15,
        4,
        5,
        13,
        10,
        10,
        8,
        7,
        10,
        29,
        42,
        42,
        38,
        38,
        38,
        38,
        38,
        24,
        24,
        7,
        7,
        5,
        6,
        3,
        3,
        7,
        15,
        15,
        11,
        11,
        8,
        8,
        8,
        8,
        8,
        6,
        6,
        6,
        12,
        12,
        12,
        22,
        22,
        24,
        24,
        24,
        18,
        31,
        29,
        10,
        21,
        21,
        21,
        26,
        26,
        26,
        26,
        26,
        26,
        32,
        32,
        32,
        32,
        32,
        32,
        32,
        32,
        32,
        32,
        32,
        7,
        10,
        51,
        51,
        51,
        51,
        4,
        4,
        4,
        4,
        5,
        5,
        5,
        5,
        11,
        11,
        11,
        6,
        8,
        8,
        7,
        7,
        12,
        3,
        103,
        103,
        103,
        6,
        6,
        7,
        7,
        11,
        8,
        8,
        8,
        10,
        11,
        11,
        11,
        11,
        6,
        9,
        5,
        10,
        8,
        8,
        8,
        8,
        12,
        9,
        7,
        7,
        7,
        7,
        10,
        10,
        8,
        9,
        9,
        9,
        9,
        6,
        9,
        9,
        9,
        9,
        9,
        9,
        8,
        11,
        12,
        10,
        7,
        7,
        7,
        10,
        11,
        8,
        8,
        9,
        7,
        10,
        9,
        9,
        9,
        8,
        8,
        7,
        6,
        6,
        9,
        7,
        7,
        7,
        8,
        11,
        9,
        9,
        11,
        6,
        6,
        6,
        4,
        7,
        7,
        6,
        6,
        7,
        10,
        7,
        10,
        6,
        6,
        6,
        6,
        8,
        8,
        8,
        8,
        7,
        7,
        7,
        10,
        9,
        9,
        6,
        6,
        6,
        7,
        7,
        7,
        7,
        7,
        7,
        9,
        10,
        10,
        7,
        7,
        8,
        7,
        7,
        7,
        7,
        7,
        7,
        11,
        214,
        214,
        33,
        33,
        5,
        11,
        11,
        7,
        7,
        5,
        5,
        5,
        6,
        8,
        12,
        12,
        12,
        12,
        6,
        6,
        6,
        10,
        6,
        10,
        7,
        5,
        6,
        6,
        6,
        6,
        6,
        11,
        11,
        8,
        9,
        9,
        9,
        7,
        7,
        11,
        12,
        8,
        6,
        9,
        6,
        7,
        4,
        4,
        9,
        10,
        10,
        9,
        5,
        7,
        16,
        11,
        11,
        11,
        11,
        5,
        5,
        5,
        5,
        5,
        5,
        5,
        5,
        5,
        5,
        5,
        5,
        5,
        10,
        10,
        8,
        8,
        10,
        10,
        10,
        9,
        9,
        9,
        9,
        10,
        11,
        7,
        7,
        8,
        8,
        8,
        8,
        6,
        9,
        9,
        9,
        9,
        9,
        8,
        8,
        8,
        8,
        8,
        8,
        11,
        11,
        43,
        43,
        43,
        43,
        43,
        43,
        43,
        43,
        43,
        43,
        58,
        58,
        58,
        133,
        133,
        133,
        133,
        133,
        149,
        44,
        64,
        64,
        64,
        64,
        64,
        64,
        64,
        64,
        247,
        4,
        4,
        4,
        4
      ],
      "donor_camera_count": [
        3,
        3,
        3,
        3,
        3,
        3,
        3,
        3,
        3,
        3,
        3,
        3,
        3,
        3,
        3,
        3,
        3,
        3,
        3,
        3,
        3,
        3,
        3,
        3,
        3,
        3,
        3,
        3,
        3,
        3,
        3,
        3,
        3,
        3,
        3,
        3,
        1,
        1,
        1,
        1,
        3,
        3,
        3,
        3,
        3,
        3,
        3,
        3,
        2,
        2,
        2,
        2,
        3,
        3,
        3,
        3,
        3,
        3,
        3,
        3,
        3,
        3,
        3,
        3,
        3,
        3,
        3,
        3,
        1,
        1,
        1,
        1,
        1,
        1,
        1,
        3,
        3,
        3,
        3,
        1,
        1,
        1,
        1,
        1,
        1,
        1,
        1,
        1,
        1,
        1,
        3,
        3,
        3,
        3,
        3,
        3,
        3,
        3,
        2,
        2,
        2,
        2,
        3,
        3,
        3,
        3,
        3,
        3,
        3,
        3,
        3,
        3,
        3,
        3,
        3,
        2,
        2,
        2,
        2,
        3,
        3,
        3,
        3,
        3,
        3,
        3,
        3,
        3,
        3,
        3,
        3,
        3,
        3,
        3,
        3,
        1,
        1,
        1,
        1,
        1,
        1,
        1,
        1,
        1,
        1,
        1,
        3,
        3,
        3,
        3,
        1,
        1,
        1,
        1,
        1,
        1,
        3,
        3,
        3,
        3,
        3,
        3,
        3,
        3,
        1,
        1,
        1,
        1,
        3,
        3,
        3,
        3,
        3,
        3,
        3,
        3,
        3,
        3,
        3,
        3,
        3,
        3,
        3,
        3,
        3,
        3,
        3,
        3,
        3,
        3,
        3,
        3,
        3,
        1,
        1,
        1,
        1,
        1,
        1,
        3,
        3,
        3,
        3,
        3,
        3,
        3,
        3,
        3,
        3,
        3,
        3,
        3,
        3,
        4,
        4,
        4,
        4,
        4,
        4,
        1,
        1,
        3,
        3,
        3,
        3,
        3,
        1,
        1,
        1,
        1,
        1,
        1,
        1,
        1,
        1,
        1,
        1,
        1,
        1,
        1,
        1,
        4,
        4,
        4,
        4,
        3,
        3,
        3,
        3,
        3,
        3,
        3,
        3,
        3,
        3,
        3,
        2,
        2,
        4,
        4,
        4,
        4,
        4,
        4,
        4,
        2,
        2,
        2,
        2,
        2,
        2,
        1,
        1,
        1,
        1,
        3,
        1,
        1,
        1,
        1,
        1,
        1,
        3,
        3,
        3,
        1,
        1,
        1,
        1,
        1,
        3,
        3,
        3,
        3,
        3,
        3,
        3,
        3,
        3,
        3,
        3,
        3,
        3,
        3,
        3,
        3,
        3,
        3,
        3,
        3,
        3,
        3,
        3,
        3,
        2,
        2,
        3,
        3,
        3,
        3,
        1,
        1,
        3,
        3,
        3,
        3,
        3,
        3,
        2,
        2,
        2,
        2,
        2,
        1,
        1,
        1,
        1,
        1,
        1,
        1,
        1,
        1,
        1,
        3,
        3,
        3,
        3,
        1,
        1,
        1,
        1,
        1,
        1,
        1,
        1,
        2,
        2,
        2,
        2,
        2,
        2,
        3,
        3,
        3,
        3,
        3,
        3,
        3,
        3,
        3,
        3,
        3,
        3,
        3,
        3,
        3,
        3,
        3,
        3,
        3,
        3,
        3,
        3,
        2,
        2,
        2,
        2,
        2,
        1,
        1,
        1,
        1,
        3,
        3,
        3,
        2,
        2,
        2,
        2,
        2,
        2,
        2,
        3,
        3,
        3,
        3,
        3,
        3,
        3,
        3,
        3,
        3,
        3,
        3,
        1,
        1,
        1,
        1,
        1,
        1,
        1,
        1,
        1,
        1,
        1,
        1,
        1,
        3,
        3,
        3,
        3,
        3,
        3,
        3,
        3,
        3,
        3,
        3,
        3,
        1,
        1,
        1,
        3,
        3,
        3,
        3,
        1,
        1,
        1,
        3,
        3,
        3,
        3,
        3,
        3,
        3,
        3,
        3,
        3,
        1,
        1,
        1,
        1,
        1,
        3,
        3,
        3,
        3,
        3,
        3,
        3,
        3,
        3,
        3,
        3,
        3,
        3,
        3,
        3,
        2,
        2,
        2,
        2,
        2,
        2,
        2,
        2,
        2,
        2,
        2,
        2,
        2,
        2,
        2,
        2,
        2,
        2,
        2,
        2,
        2,
        2,
        2,
        3,
        3,
        3,
        3,
        3,
        3,
        3,
        3,
        3,
        1,
        1,
        1,
        1,
        3,
        3,
        3,
        3,
        3,
        3,
        3,
        3,
        3,
        3,
        3,
        3,
        3,
        3,
        3,
        3,
        3,
        3,
        3,
        3,
        3,
        3,
        3,
        3,
        3,
        3,
        2,
        2,
        2,
        2,
        3,
        3,
        3,
        3,
        3,
        3,
        3,
        3,
        2,
        2,
        2,
        2,
        2,
        2,
        2,
        2,
        2,
        2,
        3,
        3,
        3,
        3,
        3,
        3,
        3,
        3,
        3,
        3,
        3,
        2,
        2,
        2,
        2,
        2,
        2,
        2,
        2,
        2,
        2,
        2,
        2,
        2,
        2,
        2,
        2,
        1,
        1,
        1,
        1,
        1,
        1,
        1,
        1,
        1,
        1,
        1,
        1,
        1,
        1,
        1,
        3,
        3,
        3,
        3,
        1,
        1,
        1,
        1,
        1,
        1,
        3,
        3,
        3,
        3,
        3,
        3,
        3,
        3,
        1,
        1,
        1,
        2,
        2,
        2,
        2,
        1,
        1,
        1,
        1,
        1,
        1,
        1,
        1,
        1,
        1,
        3,
        3,
        3,
        3,
        3,
        3,
        3,
        3,
        3,
        3,
        3,
        3,
        3,
        3,
        3,
        3,
        3,
        3,
        3,
        3,
        3,
        3,
        3,
        3,
        3,
        3,
        3,
        3,
        3,
        3,
        3,
        3,
        3,
        3,
        3,
        3,
        3,
        3,
        3,
        3,
        3,
        3,
        3,
        3,
        3,
        1,
        1,
        1,
        1,
        1,
        1,
        4,
        4,
        4,
        1,
        1,
        1,
        1,
        3,
        3,
        3,
        3,
        3,
        3,
        3,
        3,
        3,
        3,
        3,
        3,
        3,
        1,
        1,
        3,
        3,
        3,
        3,
        3,
        3,
        3,
        3,
        3,
        3,
        3,
        3,
        3,
        3,
        3,
        3,
        3,
        3,
        3,
        3,
        3,
        3,
        3,
        3,
        3,
        3,
        3,
        1,
        1,
        1,
        1,
        1,
        3,
        3,
        3,
        3,
        3,
        3,
        3,
        3,
        3,
        3,
        3,
        3,
        3,
        3,
        3,
        3,
        3,
        3,
        3,
        3,
        3,
        3,
        3,
        3,
        3,
        3,
        3,
        3,
        3,
        3,
        3,
        3,
        3,
        3,
        2,
        2,
        2,
        2,
        1,
        1,
        1,
        1,
        1,
        1,
        1,
        1,
        1,
        4,
        4,
        4,
        4,
        4,
        3,
        3,
        3,
        3,
        3,
        3,
        3,
        3,
        3,
        3,
        3,
        3,
        3,
        3,
        3,
        3,
        3,
        3,
        3,
        3,
        3,
        3,
        3,
        3,
        3,
        3,
        3,
        3,
        3,
        3,
        3,
        3,
        3,
        3,
        3,
        3,
        3,
        3,
        3,
        3,
        3,
        3,
        3,
        3,
        3,
        3,
        3,
        3,
        3,
        3,
        3,
        3,
        3,
        3,
        3,
        3,
        3,
        3,
        3,
        3,
        3,
        3,
        3,
        3,
        1,
        1,
        1,
        3,
        3,
        3,
        3,
        3,
        3,
        3,
        3,
        3,
        3,
        3,
        1,
        1,
        1,
        2,
        2,
        2,
        2,
        2,
        2,
        2,
        2,
        2,
        2,
        2,
        3,
        3,
        3,
        3,
        3,
        3,
        1,
        1,
        1,
        1,
        1,
        1,
        1,
        1,
        3,
        3,
        3,
        3,
        1,
        1,
        1,
        4,
        4,
        4,
        3,
        3,
        3,
        3,
        3,
        3,
        3,
        3,
        3,
        3,
        3,
        3,
        3,
        3,
        3,
        3,
        3,
        3,
        3,
        2,
        2,
        2,
        2,
        1,
        1,
        1,
        1,
        1,
        3,
        3,
        3,
        3,
        3,
        3,
        3,
        3,
        3,
        1,
        1,
        1,
        1,
        1,
        1,
        1,
        1,
        1,
        3,
        3,
        3,
        3,
        3,
        3,
        3,
        3,
        3,
        3,
        3,
        3,
        3,
        3,
        3,
        1,
        1,
        1,
        1,
        1,
        1,
        1,
        1,
        1,
        1,
        1,
        1,
        1,
        1,
        1,
        1,
        1,
        2,
        2,
        2,
        2,
        2,
        2,
        2,
        2,
        3,
        3,
        3,
        3,
        3,
        3,
        3,
        1,
        1,
        1,
        3,
        3,
        3,
        3,
        2,
        2,
        2,
        2,
        2,
        2,
        2,
        2,
        2,
        2,
        2,
        3,
        3,
        3,
        3,
        3,
        3,
        3,
        3,
        3,
        3,
        3,
        3,
        3,
        3,
        3,
        3,
        3,
        3,
        3,
        3,
        3,
        3,
        3,
        1,
        1,
        1,
        1,
        1,
        1,
        1,
        1,
        3,
        3,
        3,
        3,
        3,
        3,
        3,
        3,
        3,
        3,
        3,
        3,
        3,
        3,
        3,
        3,
        3,
        3,
        1,
        1,
        1,
        1,
        1,
        1,
        1,
        3,
        3,
        3,
        3,
        3,
        3,
        3,
        3,
        2,
        2,
        2,
        3,
        3,
        3,
        3,
        3,
        3,
        3,
        3,
        3,
        3,
        3,
        3,
        3,
        3,
        2,
        2,
        2,
        2,
        2,
        2,
        2,
        2,
        2,
        2,
        2,
        2,
        2,
        2,
        2,
        2,
        2,
        1,
        1,
        1,
        1,
        1,
        1,
        1,
        1,
        3,
        3,
        3,
        3,
        3,
        3,
        3,
        3,
        3,
        3,
        3,
        3,
        3,
        3,
        3,
        3,
        3,
        3,
        3,
        3,
        3,
        3,
        2,
        3,
        3,
        3,
        3,
        3,
        3,
        3,
        3,
        3,
        3,
        1,
        1,
        1,
        1,
        3,
        3,
        3,
        1,
        1,
        1,
        3,
        3,
        3,
        3,
        3,
        3,
        3,
        3,
        3,
        3,
        3,
        3,
        1,
        1,
        1,
        1,
        3,
        3,
        3,
        3,
        3,
        3,
        3,
        3,
        3,
        3,
        3,
        3,
        3,
        3,
        3,
        3,
        3,
        3,
        3,
        3,
        3,
        3,
        3,
        3,
        3,
        3,
        3,
        3,
        3,
        3,
        3,
        3,
        3,
        3,
        3,
        3,
        3,
        3,
        3,
        3,
        3,
        3,
        3,
        3,
        3,
        4,
        4,
        4,
        4,
        4,
        3,
        3,
        3,
        3,
        3,
        3,
        3,
        3,
        3,
        3,
        3,
        3,
        3,
        3,
        3,
        3,
        3,
        3,
        3,
        1,
        1,
        1,
        1,
        1,
        1,
        1,
        1,
        1,
        1,
        1,
        1,
        1,
        1,
        1,
        3,
        3,
        3,
        3,
        3,
        3,
        3,
        3,
        3,
        3,
        3,
        3,
        3,
        3,
        3,
        3,
        1,
        1,
        1,
        1,
        1,
        1,
        1,
        3,
        3,
        3,
        3,
        3,
        3,
        3,
        3,
        3,
        3,
        3,
        3,
        3,
        3,
        3,
        3,
        3,
        3,
        2,
        2,
        2,
        2,
        2,
        2,
        2,
        2,
        2,
        2,
        2,
        2,
        2,
        3,
        3,
        3,
        3,
        3,
        3,
        3,
        1,
        1,
        1,
        1,
        1,
        1,
        1,
        1,
        1,
        1,
        1,
        1,
        1,
        2,
        2,
        2,
        2,
        3,
        3,
        3,
        3,
        3,
        3,
        3,
        3,
        3,
        3,
        3,
        3,
        3,
        3,
        2,
        2,
        3,
        3,
        3,
        3,
        3,
        2,
        2,
        2,
        2,
        2,
        3,
        3,
        3,
        3,
        3,
        3,
        3,
        3,
        3,
        3,
        3,
        3,
        3,
        3,
        3,
        3,
        1,
        1,
        1,
        1,
        3,
        3,
        3,
        3,
        3,
        3,
        3,
        3,
        1,
        1,
        1,
        1,
        1,
        1,
        1,
        1,
        1,
        1,
        1,
        1,
        1,
        1,
        1,
        1,
        2,
        3,
        3,
        3,
        3,
        3,
        3,
        3,
        1,
        1,
        1,
        1,
        1,
        1,
        1,
        3,
        3,
        3,
        3,
        3,
        3,
        3,
        3,
        3,
        3,
        3,
        3,
        3,
        3,
        3,
        3,
        3,
        3,
        3,
        3,
        3,
        3,
        3,
        3,
        3,
        1,
        1,
        1,
        1,
        3,
        3,
        3,
        3,
        3,
        1,
        1,
        1,
        1,
        1,
        1,
        2,
        2,
        2,
        2,
        2,
        3,
        2,
        2,
        2,
        2,
        3,
        3,
        3,
        3,
        3,
        3,
        3,
        3,
        3,
        3,
        3,
        3,
        3,
        3,
        3,
        3,
        3,
        3,
        3,
        3,
        3,
        3,
        3,
        3,
        3,
        3,
        3,
        3,
        2,
        3,
        3,
        3,
        3,
        3,
        3,
        3,
        3,
        3,
        3,
        3,
        3,
        3,
        3,
        3,
        3,
        3,
        3,
        3,
        4,
        4,
        4,
        4,
        4,
        4,
        1,
        1,
        1,
        1,
        1,
        1,
        1,
        1,
        1,
        1,
        1,
        3,
        3,
        3,
        3,
        3,
        3,
        3,
        3,
        3,
        3,
        3,
        1,
        1,
        1,
        3,
        3,
        3,
        3,
        3,
        3,
        3,
        3,
        3,
        3,
        3,
        3,
        3,
        3,
        3,
        3,
        3,
        3,
        3,
        3,
        3,
        3,
        3,
        3,
        3,
        3,
        3,
        3,
        3,
        3,
        3,
        3,
        3,
        3,
        3,
        3,
        3,
        3,
        3,
        3,
        3,
        3,
        3,
        1,
        1,
        1,
        1,
        1,
        1,
        1,
        1,
        1,
        1,
        1,
        1,
        1,
        1,
        1,
        1,
        2,
        2,
        2,
        2,
        2,
        2,
        2,
        2,
        3,
        3,
        3,
        3,
        3,
        3,
        1,
        1,
        1,
        3,
        3,
        3,
        1,
        3,
        3,
        3,
        3,
        3,
        3,
        3,
        3,
        3,
        3,
        3,
        1,
        1,
        1,
        3,
        3,
        3,
        3,
        2,
        2,
        2,
        1,
        1,
        3,
        3,
        1,
        1,
        1,
        3,
        3,
        3,
        3,
        3,
        3,
        2,
        2,
        2,
        2,
        2,
        3,
        3,
        1,
        2,
        2,
        1,
        1,
        4,
        4,
        3,
        3,
        3,
        3,
        4,
        4,
        4,
        4,
        4,
        4,
        4,
        4,
        4,
        4,
        4,
        4,
        4,
        4,
        4,
        4,
        4,
        4,
        4,
        3,
        3,
        3,
        3,
        3,
        3,
        3,
        3,
        3,
        3,
        3,
        3,
        3,
        3,
        3,
        3,
        3,
        3,
        3,
        3,
        3,
        3,
        2,
        2,
        2,
        2,
        2,
        2,
        2,
        2,
        2,
        2,
        2,
        3,
        3,
        3,
        3,
        3,
        3,
        3,
        3,
        2,
        2,
        3,
        3,
        3,
        3,
        3,
        2,
        2,
        2,
        2,
        2,
        1,
        4,
        1,
        3,
        2,
        2,
        2,
        2,
        3,
        2,
        4,
        4,
        4,
        4,
        4,
        4,
        4,
        4,
        4,
        4,
        3,
        2,
        2,
        2,
        1,
        1,
        2,
        3,
        3,
        3,
        3,
        2,
        2,
        2,
        2,
        2,
        2,
        2,
        2,
        2,
        2,
        2,
        2,
        2,
        2,
        2,
        2,
        2,
        2,
        2,
        2,
        2,
        2,
        2,
        2,
        2,
        2,
        2,
        2,
        2,
        2,
        2,
        2,
        2,
        2,
        2,
        2,
        2,
        2,
        2,
        2,
        2,
        2,
        2,
        2,
        2,
        2,
        1,
        1,
        1,
        1,
        1,
        1,
        1,
        1,
        2,
        2,
        2,
        2,
        2,
        2,
        2,
        2,
        3,
        1,
        1,
        1,
        1,
        1,
        1,
        2,
        2,
        2,
        2,
        2,
        2,
        2,
        2,
        2,
        2,
        2,
        2,
        2,
        2,
        2,
        2,
        2,
        2,
        2,
        2,
        2,
        2,
        2,
        2,
        2,
        2,
        2,
        2,
        2,
        2,
        2,
        2,
        2,
        2,
        2,
        2,
        2,
        2,
        2,
        2,
        2,
        2,
        2,
        2,
        2,
        2,
        2,
        2,
        2,
        2,
        2,
        2,
        2,
        2,
        2,
        2,
        2,
        2,
        2,
        2,
        2,
        2,
        2,
        2,
        2,
        2,
        2,
        2,
        2,
        2,
        2,
        2,
        1,
        1,
        1,
        2,
        1,
        1,
        1,
        2,
        2,
        2,
        2,
        2,
        2,
        2,
        2,
        2,
        2,
        2,
        2,
        2,
        2,
        2,
        2,
        2,
        2,
        2,
        2,
        2,
        2,
        2,
        2,
        2,
        2,
        2,
        2,
        2,
        2,
        2,
        2,
        2,
        2,
        2,
        2,
        2,
        2,
        2,
        2,
        2,
        2,
        2,
        2,
        2,
        2,
        2,
        2,
        2,
        2,
        2,
        2,
        2,
        2,
        2,
        2,
        2,
        2,
        2,
        2,
        2,
        2,
        2,
        2,
        2,
        2,
        2,
        2,
        2,
        2,
        2,
        2,
        2,
        2,
        2,
        2,
        2,
        2,
        2,
        2,
        2,
        2,
        2,
        2,
        2,
        2,
        2,
        2,
        2,
        2,
        2,
        2,
        2,
        2,
        2,
        2,
        2,
        2,
        1,
        1,
        1,
        1,
        1,
        1,
        1,
        2,
        2,
        2,
        2,
        2,
        2,
        2,
        2,
        2,
        2,
        2,
        2,
        2,
        2,
        2,
        2,
        2,
        2,
        2,
        2,
        2,
        2,
        2,
        2,
        2,
        2,
        2,
        2,
        2,
        2,
        2,
        2,
        2,
        2,
        2,
        2,
        2,
        2,
        2,
        2,
        2,
        2,
        2,
        2,
        2,
        2,
        2,
        2,
        2,
        2,
        2,
        2,
        2,
        2,
        2,
        2,
        2,
        2,
        2,
        4,
        4,
        4,
        4,
        4,
        4,
        4,
        4,
        4,
        1,
        1,
        1,
        1
      ],
      "active_slot_count": [
        5,
        5,
        5,
        5,
        5,
        5,
        5,
        5,
        5,
        5,
        5,
        5,
        5,
        5,
        5,
        5,
        5,
        5,
        5,
        5,
        5,
        5,
        5,
        5,
        5,
        5,
        5,
        5,
        5,
        5,
        5,
        5,
        5,
        5,
        5,
        5,
        5,
        5,
        5,
        5,
        5,
        5,
        5,
        5,
        5,
        5,
        5,
        5,
        5,
        5,
        5,
        5,
        5,
        5,
        5,
        5,
        5,
        5,
        5,
        5,
        5,
        5,
        5,
        5,
        5,
        5,
        5,
        5,
        5,
        5,
        5,
        5,
        5,
        5,
        5,
        5,
        5,
        5,
        5,
        5,
        5,
        5,
        5,
        5,
        5,
        5,
        5,
        5,
        5,
        5,
        5,
        5,
        5,
        5,
        5,
        5,
        5,
        5,
        5,
        5,
        5,
        5,
        5,
        5,
        5,
        5,
        5,
        5,
        5,
        5,
        5,
        5,
        5,
        5,
        5,
        5,
        5,
        5,
        5,
        5,
        5,
        5,
        5,
        5,
        5,
        5,
        5,
        5,
        5,
        5,
        5,
        5,
        5,
        5,
        5,
        5,
        5,
        5,
        5,
        5,
        5,
        5,
        5,
        5,
        5,
        5,
        5,
        5,
        5,
        5,
        5,
        5,
        5,
        5,
        5,
        5,
        5,
        5,
        5,
        5,
        5,
        5,
        5,
        5,
        5,
        5,
        5,
        5,
        5,
        5,
        5,
        5,
        5,
        5,
        5,
        5,
        5,
        5,
        5,
        5,
        5,
        5,
        5,
        5,
        5,
        5,
        5,
        5,
        5,
        5,
        5,
        5,
        5,
        5,
        5,
        5,
        5,
        5,
        5,
        5,
        5,
        5,
        5,
        5,
        5,
        5,
        5,
        5,
        5,
        5,
        5,
        5,
        5,
        5,
        5,
        5,
        5,
        5,
        5,
        5,
        5,
        5,
        5,
        5,
        5,
        5,
        5,
        5,
        5,
        5,
        5,
        5,
        5,
        5,
        5,
        5,
        5,
        5,
        5,
        5,
        5,
        5,
        5,
        5,
        5,
        5,
        5,
        5,
        5,
        5,
        5,
        5,
        5,
        5,
        5,
        5,
        5,
        5,
        5,
        5,
        5,
        5,
        5,
        5,
        5,
        5,
        5,
        5,
        5,
        5,
        5,
        5,
        5,
        5,
        5,
        5,
        5,
        5,
        5,
        5,
        5,
        5,
        5,
        5,
        5,
        5,
        5,
        5,
        5,
        5,
        5,
        5,
        5,
        5,
        5,
        5,
        5,
        5,
        5,
        5,
        5,
        5,
        5,
        5,
        5,
        5,
        5,
        5,
        5,
        5,
        5,
        5,
        5,
        5,
        5,
        5,
        5,
        5,
        5,
        5,
        5,
        5,
        5,
        5,
        5,
        5,
        5,
        5,
        5,
        5,
        5,
        5,
        5,
        5,
        5,
        5,
        5,
        5,
        5,
        5,
        5,
        5,
        5,
        5,
        5,
        5,
        5,
        5,
        5,
        5,
        5,
        5,
        5,
        5,
        5,
        5,
        5,
        5,
        5,
        5,
        5,
        5,
        5,
        5,
        5,
        5,
        5,
        5,
        5,
        5,
        5,
        5,
        5,
        5,
        5,
        5,
        5,
        5,
        5,
        5,
        5,
        5,
        5,
        5,
        5,
        5,
        5,
        5,
        5,
        5,
        5,
        5,
        5,
        5,
        5,
        5,
        5,
        5,
        5,
        5,
        5,
        5,
        5,
        5,
        5,
        5,
        5,
        5,
        5,
        5,
        5,
        5,
        5,
        5,
        5,
        5,
        5,
        5,
        5,
        5,
        5,
        5,
        5,
        5,
        5,
        5,
        5,
        5,
        5,
        5,
        5,
        5,
        5,
        5,
        5,
        5,
        5,
        5,
        5,
        5,
        5,
        5,
        5,
        5,
        5,
        5,
        5,
        5,
        5,
        5,
        5,
        5,
        5,
        5,
        5,
        5,
        5,
        5,
        5,
        5,
        5,
        5,
        5,
        5,
        5,
        5,
        5,
        5,
        5,
        5,
        5,
        5,
        5,
        5,
        5,
        5,
        5,
        5,
        5,
        5,
        5,
        5,
        5,
        5,
        5,
        5,
        5,
        5,
        5,
        5,
        5,
        5,
        5,
        5,
        5,
        5,
        5,
        5,
        5,
        5,
        5,
        5,
        5,
        5,
        5,
        5,
        5,
        5,
        5,
        5,
        5,
        5,
        5,
        5,
        5,
        5,
        5,
        5,
        5,
        5,
        5,
        5,
        5,
        5,
        5,
        5,
        5,
        5,
        5,
        5,
        5,
        5,
        5,
        5,
        5,
        5,
        5,
        5,
        5,
        5,
        5,
        5,
        5,
        5,
        5,
        5,
        5,
        5,
        5,
        5,
        5,
        5,
        5,
        5,
        5,
        5,
        5,
        5,
        5,
        5,
        5,
        5,
        5,
        5,
        5,
        5,
        5,
        5,
        5,
        5,
        5,
        5,
        5,
        5,
        5,
        5,
        5,
        5,
        5,
        5,
        5,
        5,
        5,
        5,
        5,
        5,
        5,
        5,
        5,
        5,
        5,
        5,
        5,
        5,
        5,
        5,
        5,
        5,
        5,
        5,
        5,
        5,
        5,
        5,
        5,
        5,
        5,
        5,
        5,
        5,
        5,
        5,
        5,
        5,
        5,
        5,
        5,
        5,
        5,
        5,
        5,
        5,
        5,
        5,
        5,
        5,
        5,
        5,
        5,
        5,
        5,
        5,
        5,
        5,
        5,
        5,
        5,
        5,
        5,
        5,
        5,
        5,
        5,
        5,
        5,
        5,
        5,
        5,
        5,
        5,
        5,
        5,
        5,
        5,
        5,
        5,
        5,
        5,
        5,
        5,
        5,
        5,
        5,
        5,
        5,
        5,
        5,
        5,
        5,
        5,
        5,
        5,
        5,
        5,
        5,
        5,
        5,
        5,
        5,
        5,
        5,
        5,
        5,
        5,
        5,
        5,
        5,
        5,
        5,
        5,
        5,
        5,
        5,
        5,
        5,
        5,
        5,
        5,
        5,
        5,
        5,
        5,
        5,
        5,
        5,
        5,
        5,
        5,
        5,
        5,
        5,
        5,
        5,
        5,
        5,
        5,
        5,
        5,
        5,
        5,
        5,
        5,
        5,
        5,
        5,
        5,
        5,
        5,
        5,
        5,
        5,
        5,
        5,
        5,
        5,
        5,
        5,
        5,
        5,
        5,
        5,
        5,
        5,
        5,
        5,
        5,
        5,
        5,
        5,
        5,
        5,
        5,
        5,
        5,
        5,
        5,
        5,
        5,
        5,
        5,
        5,
        5,
        5,
        5,
        5,
        5,
        5,
        5,
        5,
        5,
        5,
        5,
        5,
        5,
        5,
        5,
        5,
        5,
        5,
        5,
        5,
        5,
        5,
        5,
        5,
        5,
        5,
        5,
        5,
        5,
        5,
        5,
        5,
        5,
        5,
        5,
        5,
        5,
        5,
        5,
        5,
        5,
        5,
        5,
        5,
        5,
        5,
        5,
        5,
        5,
        5,
        5,
        5,
        5,
        5,
        5,
        5,
        5,
        5,
        5,
        5,
        5,
        5,
        5,
        5,
        5,
        5,
        5,
        5,
        5,
        5,
        5,
        5,
        5,
        5,
        5,
        5,
        5,
        5,
        5,
        5,
        5,
        5,
        5,
        5,
        5,
        5,
        5,
        5,
        5,
        5,
        5,
        5,
        5,
        5,
        5,
        5,
        5,
        5,
        5,
        5,
        5,
        5,
        5,
        5,
        5,
        5,
        5,
        5,
        5,
        5,
        5,
        5,
        5,
        5,
        5,
        5,
        5,
        5,
        5,
        5,
        5,
        5,
        5,
        5,
        5,
        5,
        5,
        5,
        5,
        5,
        5,
        5,
        5,
        5,
        5,
        5,
        5,
        5,
        5,
        5,
        5,
        5,
        5,
        5,
        5,
        5,
        5,
        5,
        5,
        5,
        5,
        5,
        5,
        5,
        5,
        5,
        5,
        5,
        5,
        5,
        5,
        5,
        5,
        5,
        5,
        5,
        5,
        5,
        5,
        5,
        5,
        5,
        5,
        5,
        5,
        5,
        5,
        5,
        5,
        5,
        5,
        5,
        5,
        5,
        5,
        5,
        5,
        5,
        5,
        5,
        5,
        5,
        5,
        5,
        5,
        5,
        5,
        5,
        5,
        5,
        5,
        5,
        5,
        5,
        5,
        5,
        5,
        5,
        5,
        5,
        5,
        5,
        5,
        5,
        5,
        5,
        5,
        5,
        5,
        5,
        5,
        5,
        5,
        5,
        5,
        5,
        5,
        5,
        5,
        5,
        5,
        5,
        5,
        5,
        5,
        5,
        5,
        5,
        5,
        5,
        5,
        5,
        5,
        5,
        5,
        5,
        5,
        5,
        5,
        5,
        5,
        5,
        5,
        5,
        5,
        5,
        5,
        5,
        5,
        5,
        5,
        5,
        5,
        5,
        5,
        5,
        5,
        5,
        5,
        5,
        5,
        5,
        5,
        5,
        5,
        5,
        5,
        5,
        5,
        5,
        5,
        5,
        5,
        5,
        5,
        5,
        5,
        5,
        5,
        5,
        5,
        5,
        5,
        5,
        5,
        5,
        5,
        5,
        5,
        5,
        5,
        5,
        5,
        5,
        5,
        5,
        5,
        5,
        5,
        5,
        5,
        5,
        5,
        5,
        5,
        5,
        5,
        5,
        5,
        5,
        5,
        5,
        5,
        5,
        5,
        5,
        5,
        5,
        5,
        5,
        5,
        5,
        5,
        5,
        5,
        5,
        5,
        5,
        5,
        5,
        5,
        5,
        5,
        5,
        5,
        5,
        5,
        5,
        5,
        5,
        5,
        5,
        5,
        5,
        5,
        5,
        5,
        5,
        5,
        5,
        5,
        5,
        5,
        5,
        5,
        5,
        5,
        5,
        5,
        5,
        5,
        5,
        5,
        5,
        5,
        5,
        5,
        5,
        5,
        5,
        5,
        5,
        5,
        5,
        5,
        5,
        5,
        5,
        5,
        5,
        5,
        5,
        5,
        5,
        5,
        5,
        5,
        5,
        5,
        5,
        5,
        5,
        5,
        5,
        5,
        5,
        5,
        5,
        5,
        5,
        5,
        5,
        5,
        5,
        5,
        5,
        5,
        5,
        5,
        5,
        5,
        5,
        5,
        5,
        5,
        5,
        5,
        5,
        5,
        5,
        5,
        5,
        5,
        5,
        5,
        5,
        5,
        5,
        5,
        5,
        5,
        5,
        5,
        5,
        5,
        5,
        5,
        5,
        5,
        5,
        5,
        5,
        5,
        5,
        5,
        5,
        5,
        5,
        5,
        5,
        5,
        5,
        5,
        5,
        5,
        5,
        5,
        5,
        5,
        5,
        5,
        5,
        5,
        5,
        5,
        5,
        5,
        5,
        5,
        5,
        5,
        5,
        5,
        5,
        5,
        5,
        5,
        5,
        5,
        5,
        5,
        5,
        5,
        5,
        5,
        5,
        5,
        5,
        5,
        5,
        5,
        5,
        5,
        5,
        5,
        5,
        5,
        5,
        5,
        5,
        5,
        5,
        5,
        5,
        5,
        5,
        5,
        5,
        5,
        5,
        5,
        5,
        5,
        5,
        5,
        5,
        5,
        5,
        5,
        5,
        5,
        5,
        5,
        5,
        5,
        5,
        5,
        5,
        5,
        5,
        5,
        5,
        5,
        5,
        5,
        5,
        5,
        5,
        5,
        5,
        5,
        5,
        5,
        5,
        5,
        5,
        5,
        5,
        5,
        5,
        5,
        5,
        5,
        5,
        5,
        5,
        5,
        5,
        5,
        5,
        5,
        5,
        5,
        5,
        5,
        5,
        5,
        5,
        5,
        5,
        5,
        5,
        5,
        5,
        5,
        5,
        5,
        5,
        5,
        5,
        5,
        5,
        5,
        5,
        5,
        5,
        5,
        5,
        5,
        5,
        5,
        5,
        5,
        5,
        5,
        5,
        5,
        5,
        5,
        5,
        5,
        5,
        5,
        5,
        5,
        5,
        5,
        5,
        5,
        5,
        5,
        5,
        5,
        5,
        5,
        5,
        5,
        5,
        5,
        5,
        5,
        5,
        5,
        5,
        5,
        5,
        5,
        5,
        5,
        5,
        5,
        5,
        5,
        5,
        5,
        5,
        5,
        5,
        5,
        5,
        5,
        5,
        5,
        5,
        5,
        5,
        5,
        5,
        5,
        5,
        5,
        5,
        5,
        5,
        5,
        5,
        5,
        5,
        5,
        5,
        5,
        5,
        5,
        5,
        5,
        5,
        5,
        5,
        5,
        5,
        5,
        5,
        5,
        5,
        5,
        5,
        5,
        5,
        5,
        5,
        5,
        5,
        5,
        5,
        5,
        5,
        5,
        5,
        5,
        5,
        5,
        5,
        5,
        5,
        5,
        5,
        5,
        5,
        5,
        5,
        5,
        5,
        5,
        5,
        5,
        5,
        5,
        5,
        5,
        5,
        5,
        5,
        5,
        5,
        5,
        5,
        5,
        5,
        5,
        5,
        5,
        5,
        5,
        5,
        5,
        5,
        5,
        5,
        5,
        5,
        5,
        5,
        5,
        5,
        5,
        5,
        5,
        5,
        5,
        5,
        5,
        5,
        5,
        5,
        5,
        5,
        5,
        5,
        5,
        5,
        5,
        5,
        5,
        5,
        5,
        5,
        5,
        5,
        5,
        5,
        5,
        5,
        5,
        5,
        5,
        5,
        5,
        5,
        5,
        5,
        5,
        5,
        5,
        5,
        5,
        5,
        5,
        5,
        5,
        5,
        5,
        5,
        5,
        5,
        5,
        5,
        5,
        5,
        5,
        5,
        5,
        5,
        5,
        5,
        5,
        5,
        5,
        5,
        5,
        5,
        5,
        5,
        5,
        5,
        5,
        5,
        5,
        5,
        5,
        5,
        5,
        5,
        5,
        5,
        5,
        5,
        5,
        5,
        5,
        5,
        5,
        5,
        5,
        5,
        5,
        5,
        5,
        5,
        5,
        5,
        5,
        5,
        5,
        5,
        5,
        5,
        5,
        5,
        5,
        5,
        5,
        5,
        5,
        5,
        5,
        5,
        5,
        5,
        5,
        5,
        5,
        5,
        5,
        5,
        5,
        5,
        5,
        5,
        5,
        5,
        5,
        5,
        5,
        5,
        5,
        5,
        5,
        5,
        5,
        5,
        5,
        5,
        5,
        5,
        5,
        5,
        5,
        5,
        5,
        5,
        5,
        5,
        5,
        5,
        5,
        5,
        5,
        5,
        5,
        5,
        5,
        5,
        5,
        5,
        5,
        5,
        5,
        5,
        5,
        5,
        5,
        5,
        5,
        5,
        5,
        5,
        5,
        5,
        5,
        5,
        5,
        5,
        5,
        5,
        5,
        5,
        5,
        5,
        5,
        5,
        5,
        5,
        5,
        5,
        5,
        5,
        5,
        5,
        5,
        5,
        5,
        5,
        5,
        5,
        5,
        5,
        5,
        5,
        5,
        5,
        5,
        5,
        5,
        5,
        5,
        5,
        5,
        5,
        5,
        5,
        5,
        5,
        5,
        5,
        5,
        5,
        5,
        5,
        5,
        5,
        5,
        5,
        5,
        5,
        5,
        5,
        5,
        5,
        5,
        5,
        5,
        5,
        5,
        5,
        5,
        5,
        5,
        5,
        5,
        5,
        5,
        5,
        5,
        5,
        5,
        5,
        5,
        5,
        5,
        5,
        5,
        5,
        5,
        5,
        5,
        5,
        5,
        5,
        5,
        5,
        5,
        5,
        5,
        5,
        5,
        5,
        5,
        5,
        5,
        5,
        5,
        5,
        5,
        5,
        5,
        5,
        5,
        5,
        5,
        5,
        5,
        5,
        5,
        5,
        5,
        5,
        5,
        5,
        5,
        5,
        5,
        5,
        5,
        5,
        5,
        5,
        5,
        5,
        5,
        5,
        5,
        5,
        5,
        5,
        5,
        5,
        5,
        5,
        5,
        5,
        5,
        5,
        5,
        5,
        5,
        5,
        5,
        5,
        5,
        5,
        5,
        5,
        5,
        5,
        5,
        5,
        5,
        5,
        5,
        5,
        5,
        5,
        5,
        5,
        5,
        5,
        5,
        5,
        5,
        5,
        5,
        5,
        5,
        5,
        5,
        5,
        5,
        5,
        5,
        5,
        5,
        5,
        5,
        5,
        5,
        5,
        5,
        5,
        5,
        5,
        5,
        5,
        5,
        5,
        5,
        5,
        5,
        5,
        5,
        5,
        5,
        5,
        5,
        5,
        5,
        5,
        5,
        5,
        5,
        5,
        5,
        5,
        5,
        5,
        5,
        5,
        5,
        5,
        5,
        5,
        5,
        5,
        5,
        5,
        5,
        5,
        5,
        5,
        5,
        5,
        5,
        5,
        5,
        5,
        5,
        5,
        5,
        5,
        5,
        5,
        5,
        5,
        5,
        5,
        5,
        5,
        5,
        5,
        5,
        5,
        5,
        5,
        5,
        5,
        5,
        5,
        5,
        5,
        5,
        5,
        5,
        5,
        5,
        5,
        5,
        5,
        5,
        5,
        5,
        5,
        5,
        5,
        5,
        5,
        5,
        5,
        5,
        5,
        5,
        5,
        5,
        5,
        5,
        5,
        5,
        5,
        5,
        5,
        5,
        5,
        5,
        5,
        5,
        5,
        5,
        5,
        5,
        5,
        5,
        5,
        5,
        5,
        5,
        5,
        5,
        5,
        5,
        5,
        5,
        5,
        5,
        5,
        5,
        5,
        5,
        5,
        5,
        5,
        5,
        5,
        5,
        5,
        5,
        5,
        5,
        5,
        5,
        5,
        5,
        5,
        5,
        5,
        5,
        5,
        5,
        5,
        5,
        5,
        5,
        5,
        5,
        5,
        5,
        5,
        5,
        5,
        5,
        5,
        5,
        5,
        5,
        5,
        5,
        5,
        5,
        5,
        5,
        5,
        5,
        5,
        5,
        5,
        5,
        5,
        5,
        5,
        5,
        5,
        5,
        5,
        5,
        5,
        5,
        5,
        5,
        5,
        5,
        5,
        5,
        5,
        5,
        5,
        5,
        5,
        5,
        5,
        5,
        5,
        5,
        5,
        5,
        5,
        5,
        5,
        5,
        5,
        5,
        5,
        5,
        5,
        5,
        5,
        5,
        5,
        5,
        5,
        5,
        5,
        5,
        5,
        5,
        5,
        5,
        5,
        5,
        5,
        5,
        5,
        5,
        5,
        5,
        5,
        5,
        5,
        5,
        5,
        5,
        5,
        5,
        5,
        5,
        5,
        5,
        5,
        5,
        5,
        5,
        5,
        5,
        5,
        5,
        5,
        5,
        5
      ],
      "support_reference_path_overlap": 0,
      "support_reference_content_overlap": 0,
      "active_mask_sha256": "bd389dadf0eaf33ef591e6cf2332b1a0d7071d4417efabdf1e4846cc4991b44d"
    },
    {
      "fold": 1,
      "eligible_query_count": 2109,
      "original_query_count": 2210,
      "eligible_query_ratio": 0.9542986425339367,
      "eligible_pid_count": 496,
      "original_pid_count": 519,
      "eligible_pid_ratio": 0.9556840077071291,
      "removal_reasons": {
        "no_valid_positive_reference": 86,
        "fewer_than_three_support_donors": 15
      },
      "donor_count": [
        12,
        12,
        12,
        12,
        15,
        12,
        12,
        12,
        12,
        12,
        12,
        12,
        12,
        12,
        12,
        12,
        12,
        12,
        13,
        14,
        14,
        14,
        14,
        14,
        13,
        13,
        13,
        16,
        16,
        16,
        16,
        16,
        16,
        15,
        16,
        14,
        4,
        4,
        4,
        4,
        4,
        4,
        4,
        5,
        5,
        5,
        4,
        11,
        11,
        11,
        12,
        14,
        14,
        14,
        12,
        10,
        10,
        10,
        10,
        15,
        15,
        14,
        14,
        14,
        14,
        15,
        15,
        15,
        15,
        14,
        14,
        14,
        14,
        13,
        12,
        5,
        5,
        5,
        5,
        13,
        13,
        11,
        11,
        3,
        31,
        31,
        31,
        4,
        4,
        4,
        4,
        4,
        14,
        14,
        14,
        14,
        14,
        15,
        15,
        15,
        8,
        8,
        8,
        8,
        15,
        15,
        15,
        15,
        13,
        10,
        10,
        10,
        10,
        10,
        15,
        15,
        15,
        18,
        18,
        18,
        10,
        20,
        20,
        3,
        3,
        17,
        17,
        16,
        17,
        17,
        15,
        15,
        15,
        15,
        15,
        15,
        15,
        15,
        13,
        5,
        5,
        5,
        4,
        4,
        5,
        5,
        5,
        4,
        4,
        4,
        13,
        13,
        13,
        13,
        3,
        3,
        3,
        3,
        13,
        13,
        14,
        15,
        15,
        15,
        15,
        17,
        13,
        13,
        13,
        13,
        13,
        13,
        13,
        13,
        14,
        12,
        12,
        12,
        14,
        8,
        8,
        8,
        11,
        11,
        11,
        16,
        16,
        16,
        16,
        14,
        14,
        5,
        5,
        5,
        5,
        5,
        4,
        12,
        14,
        13,
        12,
        12,
        12,
        15,
        14,
        10,
        10,
        10,
        10,
        10,
        10,
        17,
        17,
        17,
        17,
        17,
        15,
        4,
        4,
        12,
        10,
        10,
        10,
        10,
        20,
        20,
        20,
        5,
        5,
        5,
        5,
        5,
        5,
        5,
        5,
        5,
        5,
        5,
        5,
        30,
        30,
        17,
        27,
        12,
        12,
        13,
        13,
        13,
        14,
        14,
        14,
        14,
        16,
        13,
        9,
        9,
        13,
        10,
        11,
        11,
        11,
        11,
        11,
        13,
        13,
        13,
        10,
        10,
        10,
        5,
        5,
        5,
        5,
        15,
        4,
        4,
        4,
        4,
        4,
        5,
        13,
        13,
        13,
        3,
        12,
        12,
        12,
        12,
        13,
        14,
        14,
        12,
        12,
        13,
        13,
        13,
        13,
        12,
        12,
        12,
        12,
        12,
        12,
        15,
        15,
        15,
        13,
        13,
        9,
        6,
        18,
        18,
        18,
        18,
        3,
        3,
        14,
        14,
        14,
        14,
        13,
        11,
        9,
        9,
        9,
        9,
        9,
        11,
        11,
        11,
        4,
        4,
        4,
        4,
        5,
        5,
        5,
        9,
        9,
        9,
        8,
        5,
        5,
        5,
        5,
        4,
        4,
        4,
        4,
        9,
        9,
        9,
        10,
        10,
        10,
        14,
        14,
        14,
        14,
        14,
        13,
        13,
        13,
        13,
        13,
        13,
        13,
        13,
        13,
        13,
        13,
        12,
        12,
        12,
        12,
        15,
        15,
        12,
        12,
        12,
        12,
        9,
        15,
        15,
        11,
        8,
        9,
        9,
        3,
        14,
        14,
        14,
        14,
        13,
        13,
        13,
        13,
        13,
        13,
        16,
        16,
        14,
        14,
        14,
        14,
        14,
        7,
        7,
        7,
        7,
        7,
        7,
        7,
        7,
        13,
        13,
        12,
        16,
        16,
        16,
        16,
        16,
        17,
        14,
        14,
        14,
        4,
        4,
        4,
        14,
        17,
        16,
        14,
        6,
        6,
        6,
        14,
        14,
        14,
        12,
        14,
        14,
        14,
        14,
        14,
        13,
        4,
        4,
        4,
        3,
        3,
        13,
        13,
        13,
        13,
        13,
        15,
        14,
        14,
        14,
        13,
        13,
        13,
        14,
        14,
        12,
        28,
        28,
        28,
        28,
        28,
        28,
        28,
        28,
        28,
        24,
        24,
        22,
        22,
        22,
        22,
        22,
        22,
        22,
        22,
        22,
        22,
        22,
        22,
        13,
        13,
        13,
        13,
        11,
        11,
        11,
        11,
        11,
        4,
        4,
        4,
        4,
        4,
        4,
        4,
        14,
        14,
        14,
        14,
        13,
        13,
        13,
        13,
        10,
        10,
        15,
        15,
        14,
        15,
        15,
        15,
        15,
        15,
        14,
        14,
        13,
        15,
        12,
        12,
        13,
        14,
        5,
        5,
        5,
        5,
        15,
        10,
        10,
        10,
        10,
        10,
        10,
        10,
        11,
        11,
        11,
        11,
        11,
        11,
        11,
        12,
        12,
        12,
        17,
        17,
        14,
        12,
        12,
        12,
        12,
        14,
        12,
        12,
        12,
        7,
        7,
        7,
        11,
        10,
        7,
        7,
        7,
        7,
        7,
        7,
        10,
        10,
        10,
        10,
        9,
        5,
        5,
        5,
        5,
        4,
        4,
        4,
        4,
        13,
        13,
        13,
        13,
        6,
        6,
        6,
        6,
        3,
        3,
        14,
        14,
        14,
        14,
        14,
        14,
        14,
        14,
        4,
        4,
        4,
        10,
        10,
        10,
        8,
        4,
        4,
        4,
        3,
        3,
        3,
        3,
        5,
        5,
        5,
        12,
        8,
        8,
        8,
        8,
        8,
        8,
        8,
        8,
        18,
        18,
        14,
        14,
        14,
        14,
        12,
        12,
        11,
        17,
        17,
        17,
        17,
        17,
        15,
        15,
        13,
        14,
        14,
        14,
        14,
        14,
        14,
        14,
        17,
        13,
        13,
        13,
        13,
        13,
        13,
        13,
        13,
        13,
        13,
        13,
        6,
        5,
        5,
        5,
        5,
        5,
        13,
        13,
        13,
        4,
        4,
        4,
        4,
        12,
        12,
        12,
        12,
        16,
        13,
        13,
        13,
        11,
        11,
        14,
        13,
        13,
        5,
        5,
        15,
        9,
        13,
        13,
        13,
        12,
        12,
        16,
        16,
        16,
        16,
        15,
        17,
        17,
        17,
        17,
        17,
        16,
        16,
        14,
        14,
        11,
        11,
        15,
        15,
        15,
        13,
        4,
        4,
        4,
        13,
        13,
        13,
        13,
        14,
        14,
        12,
        12,
        12,
        12,
        14,
        14,
        14,
        14,
        13,
        13,
        13,
        13,
        13,
        13,
        13,
        13,
        11,
        19,
        19,
        19,
        19,
        19,
        19,
        20,
        20,
        16,
        16,
        16,
        10,
        10,
        10,
        10,
        3,
        3,
        3,
        6,
        6,
        3,
        3,
        3,
        3,
        15,
        15,
        15,
        15,
        16,
        22,
        22,
        22,
        22,
        22,
        22,
        22,
        12,
        12,
        12,
        12,
        13,
        13,
        13,
        12,
        15,
        15,
        15,
        15,
        13,
        13,
        13,
        13,
        13,
        13,
        15,
        15,
        15,
        15,
        15,
        14,
        14,
        14,
        14,
        14,
        14,
        15,
        15,
        15,
        15,
        15,
        15,
        15,
        13,
        24,
        24,
        24,
        24,
        24,
        24,
        24,
        15,
        15,
        15,
        24,
        24,
        24,
        15,
        15,
        13,
        13,
        13,
        13,
        11,
        5,
        5,
        5,
        16,
        16,
        16,
        16,
        12,
        11,
        11,
        11,
        11,
        11,
        11,
        4,
        4,
        4,
        8,
        8,
        8,
        8,
        8,
        10,
        10,
        10,
        10,
        8,
        8,
        11,
        11,
        11,
        11,
        12,
        12,
        6,
        6,
        4,
        4,
        4,
        4,
        4,
        10,
        10,
        14,
        14,
        5,
        5,
        5,
        13,
        13,
        14,
        16,
        16,
        16,
        16,
        15,
        15,
        15,
        15,
        15,
        15,
        15,
        14,
        15,
        15,
        15,
        15,
        11,
        8,
        8,
        8,
        8,
        8,
        8,
        6,
        6,
        6,
        5,
        5,
        12,
        12,
        12,
        12,
        14,
        14,
        14,
        14,
        14,
        4,
        4,
        4,
        4,
        15,
        15,
        15,
        15,
        15,
        15,
        17,
        14,
        14,
        14,
        12,
        12,
        12,
        12,
        12,
        5,
        5,
        5,
        5,
        5,
        5,
        6,
        6,
        6,
        7,
        7,
        7,
        7,
        7,
        12,
        12,
        12,
        13,
        13,
        13,
        13,
        4,
        4,
        4,
        14,
        14,
        14,
        13,
        8,
        8,
        7,
        10,
        10,
        10,
        10,
        10,
        10,
        10,
        10,
        12,
        12,
        12,
        12,
        10,
        10,
        5,
        5,
        5,
        13,
        13,
        16,
        16,
        16,
        16,
        15,
        11,
        11,
        11,
        11,
        11,
        11,
        11,
        11,
        11,
        11,
        5,
        5,
        5,
        5,
        5,
        18,
        18,
        18,
        17,
        17,
        17,
        17,
        20,
        20,
        20,
        13,
        17,
        17,
        17,
        14,
        14,
        14,
        14,
        5,
        5,
        13,
        13,
        13,
        14,
        14,
        14,
        14,
        14,
        7,
        9,
        9,
        12,
        12,
        12,
        14,
        14,
        14,
        14,
        15,
        15,
        13,
        14,
        14,
        14,
        14,
        7,
        7,
        7,
        7,
        7,
        7,
        7,
        7,
        8,
        11,
        11,
        11,
        11,
        11,
        11,
        11,
        12,
        4,
        4,
        4,
        4,
        4,
        4,
        4,
        4,
        11,
        11,
        11,
        11,
        13,
        13,
        13,
        14,
        14,
        14,
        9,
        9,
        10,
        10,
        10,
        10,
        10,
        11,
        11,
        11,
        11,
        11,
        3,
        20,
        20,
        20,
        20,
        20,
        15,
        13,
        13,
        13,
        13,
        5,
        5,
        5,
        5,
        13,
        13,
        13,
        3,
        16,
        16,
        16,
        18,
        18,
        18,
        18,
        18,
        17,
        13,
        13,
        13,
        3,
        3,
        3,
        3,
        15,
        15,
        15,
        15,
        15,
        15,
        19,
        16,
        16,
        16,
        16,
        16,
        16,
        16,
        15,
        15,
        15,
        16,
        16,
        16,
        16,
        16,
        16,
        17,
        15,
        15,
        15,
        15,
        15,
        15,
        15,
        15,
        15,
        15,
        15,
        15,
        18,
        18,
        18,
        18,
        15,
        15,
        15,
        15,
        15,
        74,
        14,
        14,
        14,
        74,
        14,
        14,
        14,
        14,
        14,
        14,
        12,
        12,
        12,
        12,
        12,
        7,
        13,
        13,
        10,
        10,
        10,
        10,
        10,
        5,
        5,
        5,
        7,
        5,
        4,
        4,
        6,
        6,
        6,
        5,
        5,
        15,
        15,
        15,
        17,
        17,
        15,
        14,
        14,
        14,
        14,
        13,
        13,
        19,
        19,
        17,
        17,
        4,
        4,
        4,
        4,
        4,
        4,
        5,
        16,
        16,
        16,
        16,
        16,
        15,
        15,
        15,
        15,
        15,
        15,
        16,
        16,
        14,
        14,
        14,
        14,
        17,
        10,
        10,
        10,
        10,
        10,
        10,
        10,
        10,
        10,
        11,
        11,
        11,
        11,
        11,
        11,
        11,
        12,
        12,
        12,
        12,
        6,
        6,
        6,
        6,
        6,
        5,
        5,
        5,
        5,
        5,
        5,
        5,
        5,
        42,
        42,
        42,
        42,
        14,
        14,
        14,
        14,
        14,
        11,
        11,
        11,
        11,
        13,
        13,
        13,
        13,
        12,
        6,
        6,
        6,
        10,
        15,
        15,
        15,
        15,
        10,
        10,
        10,
        10,
        7,
        16,
        16,
        16,
        16,
        15,
        15,
        15,
        15,
        15,
        16,
        16,
        16,
        16,
        14,
        14,
        14,
        3,
        3,
        3,
        3,
        3,
        3,
        13,
        13,
        13,
        13,
        13,
        13,
        13,
        13,
        6,
        6,
        6,
        6,
        6,
        6,
        6,
        6,
        6,
        6,
        6,
        5,
        6,
        22,
        22,
        19,
        19,
        16,
        16,
        16,
        6,
        6,
        6,
        6,
        6,
        6,
        6,
        16,
        16,
        16,
        16,
        15,
        15,
        15,
        14,
        13,
        13,
        13,
        13,
        13,
        11,
        16,
        16,
        16,
        16,
        16,
        16,
        16,
        16,
        17,
        17,
        16,
        3,
        3,
        3,
        3,
        17,
        17,
        17,
        17,
        14,
        3,
        3,
        3,
        6,
        6,
        6,
        6,
        6,
        6,
        7,
        7,
        7,
        7,
        7,
        12,
        7,
        7,
        7,
        7,
        13,
        13,
        13,
        17,
        17,
        17,
        17,
        17,
        15,
        15,
        15,
        15,
        15,
        15,
        15,
        15,
        14,
        17,
        17,
        17,
        14,
        14,
        14,
        17,
        17,
        17,
        17,
        17,
        5,
        10,
        10,
        10,
        11,
        12,
        12,
        12,
        10,
        10,
        14,
        14,
        14,
        114,
        114,
        114,
        111,
        111,
        111,
        111,
        12,
        12,
        12,
        12,
        11,
        14,
        4,
        4,
        4,
        4,
        5,
        5,
        5,
        5,
        4,
        4,
        4,
        46,
        46,
        46,
        46,
        17,
        17,
        44,
        5,
        5,
        5,
        14,
        14,
        14,
        14,
        3,
        3,
        6,
        23,
        23,
        23,
        23,
        23,
        23,
        23,
        23,
        23,
        23,
        23,
        24,
        24,
        24,
        18,
        24,
        24,
        24,
        24,
        21,
        21,
        24,
        24,
        24,
        24,
        24,
        21,
        21,
        21,
        21,
        21,
        21,
        21,
        23,
        23,
        23,
        23,
        23,
        23,
        22,
        22,
        22,
        22,
        5,
        5,
        5,
        5,
        5,
        5,
        5,
        6,
        6,
        6,
        6,
        6,
        6,
        6,
        6,
        3,
        3,
        3,
        3,
        3,
        3,
        5,
        8,
        8,
        8,
        8,
        8,
        8,
        8,
        10,
        17,
        17,
        17,
        17,
        14,
        14,
        4,
        6,
        6,
        13,
        13,
        13,
        9,
        9,
        14,
        14,
        14,
        14,
        10,
        10,
        10,
        10,
        10,
        6,
        6,
        6,
        12,
        12,
        12,
        11,
        5,
        5,
        5,
        3,
        3,
        13,
        14,
        5,
        5,
        5,
        16,
        16,
        17,
        15,
        15,
        15,
        10,
        10,
        11,
        11,
        14,
        11,
        11,
        12,
        12,
        5,
        6,
        23,
        23,
        27,
        27,
        27,
        27,
        26,
        26,
        26,
        26,
        26,
        26,
        38,
        38,
        38,
        38,
        38,
        38,
        38,
        38,
        38,
        41,
        41,
        41,
        41,
        30,
        29,
        29,
        29,
        29,
        26,
        26,
        26,
        26,
        26,
        26,
        26,
        26,
        26,
        36,
        47,
        10,
        11,
        8,
        8,
        8,
        8,
        8,
        6,
        6,
        6,
        6,
        7,
        7,
        7,
        7,
        6,
        6,
        14,
        14,
        4,
        4,
        4,
        4,
        4,
        4,
        24,
        24,
        6,
        6,
        6,
        6,
        6,
        11,
        11,
        8,
        8,
        10,
        7,
        13,
        6,
        12,
        9,
        9,
        8,
        7,
        12,
        32,
        37,
        37,
        38,
        38,
        38,
        38,
        38,
        26,
        26,
        7,
        7,
        4,
        8,
        4,
        4,
        6,
        16,
        16,
        11,
        11,
        6,
        6,
        6,
        6,
        6,
        8,
        8,
        8,
        12,
        11,
        11,
        23,
        23,
        27,
        27,
        27,
        16,
        31,
        29,
        10,
        20,
        20,
        20,
        26,
        26,
        26,
        26,
        26,
        26,
        31,
        31,
        31,
        31,
        31,
        31,
        31,
        31,
        31,
        31,
        31,
        6,
        12,
        49,
        49,
        49,
        49,
        3,
        3,
        5,
        5,
        5,
        5,
        5,
        5,
        10,
        10,
        10,
        9,
        9,
        6,
        6,
        12,
        3,
        106,
        106,
        106,
        4,
        4,
        4,
        4,
        4,
        4,
        4,
        4,
        4,
        4,
        4,
        4,
        4,
        4,
        4,
        4,
        4,
        4,
        4,
        4,
        4,
        8,
        8,
        8,
        9,
        8,
        8,
        8,
        8,
        12,
        11,
        11,
        11,
        11,
        7,
        7,
        8,
        9,
        9,
        10,
        10,
        10,
        10,
        8,
        9,
        9,
        6,
        9,
        11,
        11,
        8,
        10,
        10,
        10,
        10,
        8,
        9,
        9,
        9,
        9,
        9,
        9,
        8,
        12,
        10,
        12,
        7,
        7,
        7,
        9,
        12,
        9,
        9,
        9,
        5,
        10,
        11,
        10,
        10,
        9,
        9,
        8,
        8,
        8,
        11,
        5,
        5,
        5,
        7,
        11,
        10,
        10,
        10,
        7,
        6,
        7,
        5,
        6,
        7,
        7,
        7,
        6,
        9,
        7,
        9,
        8,
        8,
        6,
        6,
        7,
        7,
        6,
        6,
        10,
        10,
        9,
        9,
        7,
        9,
        8,
        10,
        4,
        7,
        7,
        7,
        8,
        8,
        8,
        8,
        8,
        10,
        9,
        9,
        7,
        8,
        8,
        8,
        8,
        8,
        8,
        8,
        8,
        14,
        215,
        215,
        31,
        31,
        8,
        9,
        10,
        7,
        7,
        5,
        6,
        6,
        5,
        9,
        12,
        12,
        12,
        12,
        7,
        7,
        7,
        9,
        7,
        9,
        7,
        6,
        7,
        7,
        7,
        7,
        5,
        10,
        10,
        7,
        10,
        10,
        10,
        7,
        7,
        10,
        13,
        9,
        4,
        11,
        7,
        7,
        6,
        6,
        8,
        10,
        10,
        7,
        4,
        8,
        17,
        10,
        10,
        10,
        10,
        4,
        4,
        4,
        4,
        4,
        4,
        4,
        7,
        7,
        7,
        7,
        7,
        7,
        10,
        11,
        7,
        7,
        12,
        12,
        12,
        7,
        7,
        7,
        7,
        12,
        11,
        8,
        8,
        9,
        9,
        9,
        9,
        8,
        9,
        9,
        9,
        9,
        7,
        8,
        8,
        8,
        8,
        8,
        8,
        12,
        12,
        43,
        43,
        43,
        43,
        43,
        43,
        43,
        43,
        43,
        43,
        57,
        57,
        57,
        137,
        137,
        137,
        137,
        137,
        149,
        40,
        63,
        63,
        63,
        63,
        63,
        63,
        63,
        63,
        248,
        5,
        5,
        5,
        5
      ],
      "donor_camera_count": [
        3,
        3,
        3,
        3,
        3,
        3,
        3,
        3,
        3,
        3,
        3,
        3,
        3,
        3,
        3,
        3,
        3,
        3,
        3,
        3,
        3,
        3,
        3,
        3,
        3,
        3,
        3,
        3,
        3,
        3,
        3,
        3,
        3,
        3,
        3,
        3,
        1,
        1,
        1,
        1,
        1,
        1,
        1,
        1,
        1,
        1,
        1,
        3,
        3,
        3,
        3,
        3,
        3,
        3,
        3,
        3,
        3,
        3,
        3,
        3,
        3,
        3,
        3,
        3,
        3,
        3,
        3,
        3,
        3,
        3,
        3,
        3,
        3,
        3,
        3,
        1,
        1,
        1,
        1,
        3,
        3,
        2,
        2,
        1,
        1,
        1,
        1,
        1,
        1,
        1,
        1,
        1,
        3,
        3,
        3,
        3,
        3,
        3,
        3,
        3,
        2,
        2,
        2,
        2,
        3,
        3,
        3,
        3,
        3,
        3,
        3,
        3,
        3,
        3,
        3,
        3,
        3,
        2,
        2,
        2,
        2,
        3,
        3,
        1,
        1,
        3,
        3,
        3,
        3,
        3,
        3,
        3,
        3,
        3,
        3,
        3,
        3,
        3,
        3,
        1,
        1,
        1,
        1,
        1,
        1,
        1,
        1,
        1,
        1,
        1,
        3,
        3,
        3,
        3,
        1,
        1,
        1,
        1,
        3,
        3,
        3,
        3,
        3,
        3,
        3,
        3,
        3,
        3,
        3,
        3,
        3,
        3,
        3,
        3,
        3,
        3,
        3,
        3,
        3,
        3,
        3,
        3,
        3,
        3,
        3,
        3,
        3,
        3,
        3,
        3,
        3,
        1,
        1,
        1,
        1,
        1,
        1,
        3,
        3,
        3,
        3,
        3,
        3,
        3,
        3,
        3,
        3,
        3,
        3,
        3,
        3,
        4,
        4,
        4,
        4,
        4,
        4,
        1,
        1,
        3,
        3,
        3,
        3,
        3,
        1,
        1,
        1,
        1,
        1,
        1,
        1,
        1,
        1,
        1,
        1,
        1,
        1,
        1,
        1,
        4,
        4,
        4,
        4,
        3,
        3,
        3,
        3,
        3,
        4,
        4,
        4,
        4,
        3,
        3,
        2,
        2,
        4,
        4,
        4,
        4,
        4,
        4,
        4,
        2,
        2,
        2,
        2,
        2,
        2,
        1,
        1,
        1,
        1,
        3,
        1,
        1,
        1,
        1,
        1,
        1,
        3,
        3,
        3,
        1,
        3,
        3,
        3,
        3,
        3,
        3,
        3,
        3,
        3,
        3,
        3,
        3,
        3,
        3,
        3,
        3,
        3,
        3,
        3,
        3,
        3,
        3,
        3,
        3,
        2,
        2,
        3,
        3,
        3,
        3,
        1,
        1,
        3,
        3,
        3,
        3,
        3,
        3,
        2,
        2,
        2,
        2,
        2,
        1,
        1,
        1,
        1,
        1,
        1,
        1,
        1,
        1,
        1,
        3,
        3,
        3,
        3,
        1,
        1,
        1,
        1,
        1,
        1,
        1,
        1,
        2,
        2,
        2,
        2,
        2,
        2,
        3,
        3,
        3,
        3,
        3,
        3,
        3,
        3,
        3,
        3,
        3,
        3,
        3,
        3,
        3,
        3,
        3,
        3,
        3,
        3,
        3,
        3,
        2,
        2,
        2,
        2,
        2,
        3,
        3,
        3,
        2,
        2,
        2,
        1,
        3,
        3,
        3,
        3,
        3,
        3,
        3,
        3,
        3,
        3,
        3,
        3,
        1,
        1,
        1,
        1,
        1,
        1,
        1,
        1,
        1,
        1,
        1,
        1,
        1,
        3,
        3,
        3,
        3,
        3,
        3,
        3,
        3,
        3,
        3,
        3,
        3,
        1,
        1,
        1,
        3,
        3,
        3,
        3,
        1,
        1,
        1,
        3,
        3,
        3,
        3,
        3,
        3,
        3,
        3,
        3,
        3,
        1,
        1,
        1,
        1,
        1,
        3,
        3,
        3,
        3,
        3,
        3,
        3,
        3,
        3,
        3,
        3,
        3,
        3,
        3,
        3,
        2,
        2,
        2,
        2,
        2,
        2,
        2,
        2,
        2,
        2,
        2,
        2,
        2,
        2,
        2,
        2,
        2,
        2,
        2,
        2,
        2,
        2,
        2,
        3,
        3,
        3,
        3,
        3,
        3,
        3,
        3,
        3,
        1,
        1,
        1,
        1,
        1,
        1,
        1,
        3,
        3,
        3,
        3,
        4,
        4,
        4,
        4,
        4,
        4,
        3,
        3,
        3,
        3,
        3,
        3,
        3,
        3,
        3,
        3,
        3,
        3,
        3,
        3,
        3,
        3,
        2,
        2,
        2,
        2,
        3,
        3,
        3,
        3,
        3,
        3,
        3,
        3,
        2,
        2,
        2,
        2,
        2,
        2,
        2,
        2,
        2,
        2,
        3,
        3,
        3,
        3,
        3,
        3,
        3,
        3,
        3,
        3,
        3,
        2,
        2,
        2,
        2,
        2,
        2,
        2,
        2,
        2,
        2,
        2,
        2,
        2,
        2,
        2,
        2,
        1,
        1,
        1,
        1,
        1,
        1,
        1,
        1,
        3,
        3,
        3,
        3,
        1,
        1,
        1,
        1,
        1,
        1,
        3,
        3,
        3,
        3,
        3,
        3,
        3,
        3,
        1,
        1,
        1,
        2,
        2,
        2,
        2,
        1,
        1,
        1,
        1,
        1,
        1,
        1,
        1,
        1,
        1,
        3,
        3,
        3,
        3,
        3,
        3,
        3,
        3,
        3,
        3,
        3,
        3,
        3,
        3,
        3,
        3,
        3,
        3,
        3,
        3,
        3,
        3,
        3,
        3,
        3,
        3,
        3,
        3,
        3,
        3,
        3,
        3,
        3,
        3,
        3,
        3,
        3,
        3,
        3,
        3,
        3,
        3,
        3,
        3,
        3,
        1,
        1,
        1,
        1,
        1,
        1,
        4,
        4,
        4,
        1,
        1,
        1,
        1,
        3,
        3,
        3,
        3,
        3,
        3,
        3,
        3,
        3,
        3,
        3,
        3,
        3,
        1,
        1,
        3,
        3,
        3,
        3,
        3,
        3,
        3,
        3,
        3,
        3,
        3,
        3,
        3,
        3,
        3,
        3,
        3,
        3,
        3,
        3,
        3,
        2,
        2,
        3,
        3,
        3,
        3,
        1,
        1,
        1,
        3,
        3,
        3,
        3,
        3,
        3,
        3,
        3,
        3,
        3,
        3,
        3,
        3,
        3,
        3,
        3,
        3,
        3,
        3,
        3,
        3,
        3,
        3,
        3,
        3,
        3,
        3,
        3,
        3,
        3,
        3,
        3,
        3,
        3,
        2,
        2,
        2,
        2,
        1,
        1,
        1,
        1,
        1,
        1,
        1,
        1,
        1,
        3,
        3,
        3,
        3,
        3,
        3,
        3,
        3,
        3,
        3,
        3,
        3,
        3,
        3,
        3,
        3,
        3,
        3,
        3,
        3,
        3,
        3,
        3,
        3,
        3,
        3,
        3,
        3,
        3,
        3,
        3,
        3,
        3,
        3,
        3,
        3,
        3,
        3,
        3,
        3,
        3,
        3,
        3,
        3,
        3,
        3,
        3,
        3,
        3,
        3,
        3,
        3,
        3,
        3,
        3,
        3,
        3,
        3,
        3,
        3,
        3,
        3,
        3,
        3,
        3,
        3,
        3,
        3,
        3,
        1,
        1,
        1,
        3,
        3,
        3,
        3,
        3,
        3,
        3,
        3,
        3,
        3,
        3,
        1,
        1,
        1,
        2,
        2,
        2,
        2,
        2,
        2,
        2,
        2,
        2,
        2,
        2,
        3,
        3,
        3,
        3,
        3,
        3,
        1,
        1,
        1,
        1,
        1,
        1,
        1,
        3,
        3,
        3,
        3,
        1,
        1,
        1,
        4,
        4,
        4,
        3,
        3,
        3,
        3,
        3,
        3,
        3,
        3,
        3,
        3,
        3,
        3,
        3,
        3,
        3,
        3,
        3,
        3,
        3,
        2,
        2,
        2,
        2,
        1,
        1,
        1,
        1,
        1,
        3,
        3,
        3,
        3,
        3,
        3,
        3,
        3,
        3,
        1,
        1,
        1,
        1,
        3,
        3,
        3,
        3,
        3,
        3,
        3,
        3,
        3,
        3,
        3,
        3,
        3,
        3,
        3,
        1,
        1,
        1,
        1,
        1,
        1,
        2,
        2,
        2,
        2,
        2,
        2,
        2,
        2,
        3,
        3,
        3,
        3,
        3,
        3,
        3,
        1,
        1,
        1,
        3,
        3,
        3,
        3,
        2,
        2,
        2,
        2,
        2,
        2,
        2,
        2,
        2,
        2,
        2,
        4,
        4,
        4,
        4,
        4,
        4,
        1,
        1,
        1,
        3,
        3,
        3,
        3,
        3,
        3,
        3,
        3,
        3,
        3,
        3,
        3,
        3,
        3,
        3,
        3,
        3,
        1,
        1,
        1,
        1,
        1,
        3,
        3,
        3,
        3,
        3,
        3,
        3,
        3,
        3,
        3,
        3,
        3,
        3,
        3,
        3,
        3,
        3,
        3,
        1,
        1,
        3,
        3,
        3,
        3,
        3,
        3,
        3,
        3,
        2,
        2,
        2,
        3,
        3,
        3,
        3,
        3,
        3,
        3,
        3,
        3,
        3,
        3,
        3,
        3,
        3,
        2,
        2,
        2,
        2,
        2,
        2,
        2,
        2,
        2,
        2,
        2,
        2,
        2,
        2,
        2,
        2,
        2,
        1,
        1,
        1,
        1,
        1,
        1,
        1,
        1,
        3,
        3,
        3,
        3,
        3,
        3,
        3,
        3,
        3,
        3,
        3,
        3,
        4,
        4,
        4,
        4,
        4,
        3,
        3,
        3,
        3,
        3,
        2,
        3,
        3,
        3,
        3,
        3,
        3,
        3,
        3,
        3,
        3,
        1,
        1,
        1,
        1,
        3,
        3,
        3,
        1,
        3,
        3,
        3,
        3,
        3,
        3,
        3,
        3,
        3,
        3,
        3,
        3,
        1,
        1,
        1,
        1,
        3,
        3,
        3,
        3,
        3,
        3,
        3,
        3,
        3,
        3,
        3,
        3,
        3,
        3,
        3,
        3,
        3,
        3,
        3,
        3,
        3,
        3,
        3,
        3,
        3,
        3,
        3,
        3,
        3,
        3,
        3,
        3,
        3,
        3,
        3,
        3,
        3,
        3,
        3,
        3,
        3,
        3,
        3,
        3,
        3,
        4,
        4,
        4,
        4,
        4,
        3,
        3,
        3,
        3,
        3,
        3,
        3,
        3,
        3,
        3,
        3,
        3,
        3,
        3,
        3,
        3,
        3,
        3,
        3,
        1,
        1,
        1,
        1,
        1,
        1,
        1,
        1,
        1,
        1,
        1,
        1,
        3,
        3,
        3,
        3,
        3,
        3,
        3,
        3,
        3,
        3,
        3,
        3,
        3,
        3,
        3,
        3,
        1,
        1,
        1,
        1,
        1,
        1,
        1,
        3,
        3,
        3,
        3,
        3,
        3,
        3,
        3,
        3,
        3,
        3,
        3,
        3,
        3,
        3,
        3,
        3,
        3,
        2,
        2,
        2,
        2,
        2,
        2,
        2,
        2,
        2,
        2,
        2,
        2,
        2,
        3,
        3,
        3,
        3,
        3,
        3,
        3,
        1,
        1,
        1,
        1,
        1,
        1,
        1,
        1,
        1,
        1,
        1,
        1,
        1,
        2,
        2,
        2,
        2,
        3,
        3,
        3,
        3,
        3,
        3,
        3,
        3,
        3,
        3,
        3,
        3,
        3,
        3,
        2,
        2,
        2,
        3,
        3,
        3,
        3,
        3,
        2,
        2,
        2,
        2,
        2,
        3,
        3,
        3,
        3,
        3,
        3,
        3,
        3,
        3,
        3,
        3,
        3,
        3,
        3,
        3,
        3,
        1,
        1,
        2,
        2,
        2,
        2,
        3,
        3,
        3,
        3,
        3,
        3,
        3,
        3,
        1,
        1,
        1,
        1,
        1,
        1,
        1,
        1,
        1,
        1,
        1,
        1,
        2,
        3,
        3,
        3,
        3,
        3,
        3,
        3,
        1,
        1,
        1,
        1,
        1,
        1,
        1,
        3,
        3,
        3,
        3,
        3,
        3,
        3,
        3,
        3,
        3,
        3,
        3,
        3,
        3,
        3,
        3,
        3,
        3,
        3,
        3,
        3,
        3,
        3,
        3,
        3,
        1,
        1,
        1,
        1,
        3,
        3,
        3,
        3,
        3,
        1,
        1,
        1,
        1,
        1,
        1,
        1,
        1,
        1,
        2,
        2,
        2,
        2,
        2,
        3,
        2,
        2,
        2,
        2,
        3,
        3,
        3,
        3,
        3,
        3,
        3,
        3,
        3,
        3,
        3,
        3,
        3,
        3,
        3,
        3,
        3,
        3,
        3,
        3,
        3,
        3,
        3,
        3,
        3,
        3,
        3,
        3,
        2,
        3,
        3,
        3,
        3,
        3,
        3,
        3,
        3,
        3,
        3,
        3,
        3,
        3,
        3,
        3,
        3,
        3,
        3,
        3,
        4,
        4,
        4,
        4,
        4,
        4,
        1,
        1,
        1,
        1,
        1,
        1,
        1,
        1,
        1,
        1,
        1,
        3,
        3,
        3,
        3,
        3,
        3,
        3,
        1,
        1,
        1,
        3,
        3,
        3,
        3,
        1,
        1,
        1,
        3,
        3,
        3,
        3,
        3,
        3,
        3,
        3,
        3,
        3,
        3,
        3,
        3,
        3,
        3,
        3,
        3,
        3,
        3,
        3,
        3,
        3,
        3,
        3,
        3,
        3,
        3,
        3,
        3,
        3,
        3,
        3,
        3,
        3,
        3,
        3,
        3,
        3,
        3,
        3,
        3,
        3,
        3,
        1,
        1,
        1,
        1,
        1,
        1,
        1,
        1,
        1,
        1,
        1,
        1,
        1,
        1,
        1,
        1,
        1,
        1,
        1,
        1,
        1,
        1,
        2,
        2,
        2,
        2,
        2,
        2,
        2,
        2,
        3,
        3,
        3,
        3,
        3,
        3,
        1,
        1,
        1,
        3,
        3,
        3,
        3,
        3,
        3,
        3,
        3,
        3,
        3,
        3,
        3,
        3,
        3,
        1,
        1,
        1,
        3,
        3,
        3,
        3,
        2,
        2,
        2,
        1,
        1,
        3,
        3,
        1,
        1,
        1,
        3,
        3,
        3,
        3,
        3,
        3,
        2,
        2,
        2,
        2,
        2,
        3,
        3,
        2,
        2,
        1,
        1,
        4,
        4,
        3,
        3,
        3,
        3,
        4,
        4,
        4,
        4,
        4,
        4,
        4,
        4,
        4,
        4,
        4,
        4,
        4,
        4,
        4,
        4,
        4,
        4,
        4,
        3,
        3,
        3,
        3,
        3,
        3,
        3,
        3,
        3,
        3,
        3,
        3,
        3,
        3,
        3,
        3,
        3,
        3,
        3,
        3,
        3,
        3,
        2,
        3,
        3,
        3,
        3,
        2,
        2,
        2,
        2,
        2,
        2,
        3,
        3,
        2,
        2,
        2,
        2,
        2,
        2,
        2,
        2,
        4,
        4,
        4,
        4,
        4,
        2,
        2,
        2,
        2,
        2,
        1,
        4,
        3,
        2,
        2,
        2,
        2,
        3,
        2,
        4,
        4,
        4,
        4,
        4,
        4,
        4,
        4,
        4,
        4,
        3,
        2,
        2,
        2,
        1,
        1,
        2,
        3,
        3,
        3,
        3,
        2,
        2,
        2,
        2,
        2,
        2,
        2,
        2,
        2,
        2,
        2,
        2,
        2,
        2,
        2,
        2,
        2,
        2,
        2,
        2,
        2,
        2,
        2,
        2,
        2,
        2,
        2,
        2,
        2,
        2,
        2,
        2,
        2,
        2,
        2,
        2,
        2,
        2,
        2,
        2,
        2,
        2,
        2,
        2,
        2,
        2,
        1,
        1,
        1,
        1,
        1,
        1,
        1,
        1,
        2,
        2,
        2,
        2,
        2,
        2,
        2,
        3,
        1,
        1,
        1,
        1,
        1,
        1,
        1,
        1,
        1,
        1,
        1,
        1,
        1,
        1,
        1,
        1,
        1,
        1,
        1,
        1,
        1,
        1,
        1,
        1,
        1,
        1,
        1,
        2,
        2,
        2,
        2,
        2,
        2,
        2,
        2,
        2,
        2,
        2,
        2,
        2,
        2,
        2,
        2,
        2,
        2,
        2,
        2,
        2,
        2,
        2,
        2,
        2,
        2,
        2,
        2,
        2,
        2,
        2,
        2,
        2,
        2,
        2,
        2,
        2,
        2,
        2,
        2,
        2,
        2,
        2,
        2,
        2,
        2,
        2,
        2,
        2,
        2,
        2,
        2,
        2,
        2,
        2,
        2,
        2,
        2,
        2,
        2,
        2,
        2,
        2,
        2,
        2,
        2,
        2,
        2,
        2,
        2,
        2,
        2,
        1,
        1,
        1,
        2,
        1,
        1,
        1,
        2,
        2,
        2,
        2,
        2,
        2,
        2,
        2,
        2,
        2,
        2,
        2,
        2,
        2,
        2,
        2,
        2,
        2,
        2,
        2,
        2,
        2,
        2,
        2,
        2,
        2,
        2,
        2,
        2,
        2,
        2,
        2,
        2,
        2,
        2,
        2,
        2,
        2,
        2,
        2,
        2,
        2,
        2,
        2,
        2,
        2,
        2,
        2,
        2,
        2,
        2,
        2,
        2,
        2,
        2,
        2,
        2,
        2,
        2,
        2,
        2,
        2,
        2,
        2,
        2,
        2,
        2,
        2,
        2,
        2,
        2,
        2,
        2,
        2,
        2,
        2,
        2,
        2,
        2,
        2,
        2,
        2,
        2,
        2,
        2,
        2,
        2,
        2,
        2,
        2,
        2,
        2,
        2,
        2,
        2,
        2,
        2,
        2,
        2,
        2,
        1,
        1,
        1,
        1,
        1,
        1,
        1,
        2,
        2,
        2,
        2,
        2,
        2,
        2,
        2,
        2,
        2,
        2,
        2,
        2,
        2,
        2,
        2,
        2,
        2,
        2,
        2,
        2,
        2,
        2,
        2,
        2,
        2,
        2,
        2,
        2,
        2,
        2,
        2,
        2,
        2,
        2,
        2,
        2,
        2,
        2,
        1,
        1,
        1,
        1,
        1,
        1,
        1,
        1,
        1,
        1,
        1,
        1,
        1,
        2,
        2,
        2,
        2,
        2,
        2,
        2,
        4,
        4,
        4,
        4,
        4,
        4,
        4,
        4,
        4,
        1,
        1,
        1,
        1
      ],
      "active_slot_count": [
        5,
        5,
        5,
        5,
        5,
        5,
        5,
        5,
        5,
        5,
        5,
        5,
        5,
        5,
        5,
        5,
        5,
        5,
        5,
        5,
        5,
        5,
        5,
        5,
        5,
        5,
        5,
        5,
        5,
        5,
        5,
        5,
        5,
        5,
        5,
        5,
        5,
        5,
        5,
        5,
        5,
        5,
        5,
        5,
        5,
        5,
        5,
        5,
        5,
        5,
        5,
        5,
        5,
        5,
        5,
        5,
        5,
        5,
        5,
        5,
        5,
        5,
        5,
        5,
        5,
        5,
        5,
        5,
        5,
        5,
        5,
        5,
        5,
        5,
        5,
        5,
        5,
        5,
        5,
        5,
        5,
        5,
        5,
        5,
        5,
        5,
        5,
        5,
        5,
        5,
        5,
        5,
        5,
        5,
        5,
        5,
        5,
        5,
        5,
        5,
        5,
        5,
        5,
        5,
        5,
        5,
        5,
        5,
        5,
        5,
        5,
        5,
        5,
        5,
        5,
        5,
        5,
        5,
        5,
        5,
        5,
        5,
        5,
        5,
        5,
        5,
        5,
        5,
        5,
        5,
        5,
        5,
        5,
        5,
        5,
        5,
        5,
        5,
        5,
        5,
        5,
        5,
        5,
        5,
        5,
        5,
        5,
        5,
        5,
        5,
        5,
        5,
        5,
        5,
        5,
        5,
        5,
        5,
        5,
        5,
        5,
        5,
        5,
        5,
        5,
        5,
        5,
        5,
        5,
        5,
        5,
        5,
        5,
        5,
        5,
        5,
        5,
        5,
        5,
        5,
        5,
        5,
        5,
        5,
        5,
        5,
        5,
        5,
        5,
        5,
        5,
        5,
        5,
        5,
        5,
        5,
        5,
        5,
        5,
        5,
        5,
        5,
        5,
        5,
        5,
        5,
        5,
        5,
        5,
        5,
        5,
        5,
        5,
        5,
        5,
        5,
        5,
        5,
        5,
        5,
        5,
        5,
        5,
        5,
        5,
        5,
        5,
        5,
        5,
        5,
        5,
        5,
        5,
        5,
        5,
        5,
        5,
        5,
        5,
        5,
        5,
        5,
        5,
        5,
        5,
        5,
        5,
        5,
        5,
        5,
        5,
        5,
        5,
        5,
        5,
        5,
        5,
        5,
        5,
        5,
        5,
        5,
        5,
        5,
        5,
        5,
        5,
        5,
        5,
        5,
        5,
        5,
        5,
        5,
        5,
        5,
        5,
        5,
        5,
        5,
        5,
        5,
        5,
        5,
        5,
        5,
        5,
        5,
        5,
        5,
        5,
        5,
        5,
        5,
        5,
        5,
        5,
        5,
        5,
        5,
        5,
        5,
        5,
        5,
        5,
        5,
        5,
        5,
        5,
        5,
        5,
        5,
        5,
        5,
        5,
        5,
        5,
        5,
        5,
        5,
        5,
        5,
        5,
        5,
        5,
        5,
        5,
        5,
        5,
        5,
        5,
        5,
        5,
        5,
        5,
        5,
        5,
        5,
        5,
        5,
        5,
        5,
        5,
        5,
        5,
        5,
        5,
        5,
        5,
        5,
        5,
        5,
        5,
        5,
        5,
        5,
        5,
        5,
        5,
        5,
        5,
        5,
        5,
        5,
        5,
        5,
        5,
        5,
        5,
        5,
        5,
        5,
        5,
        5,
        5,
        5,
        5,
        5,
        5,
        5,
        5,
        5,
        5,
        5,
        5,
        5,
        5,
        5,
        5,
        5,
        5,
        5,
        5,
        5,
        5,
        5,
        5,
        5,
        5,
        5,
        5,
        5,
        5,
        5,
        5,
        5,
        5,
        5,
        5,
        5,
        5,
        5,
        5,
        5,
        5,
        5,
        5,
        5,
        5,
        5,
        5,
        5,
        5,
        5,
        5,
        5,
        5,
        5,
        5,
        5,
        5,
        5,
        5,
        5,
        5,
        5,
        5,
        5,
        5,
        5,
        5,
        5,
        5,
        5,
        5,
        5,
        5,
        5,
        5,
        5,
        5,
        5,
        5,
        5,
        5,
        5,
        5,
        5,
        5,
        5,
        5,
        5,
        5,
        5,
        5,
        5,
        5,
        5,
        5,
        5,
        5,
        5,
        5,
        5,
        5,
        5,
        5,
        5,
        5,
        5,
        5,
        5,
        5,
        5,
        5,
        5,
        5,
        5,
        5,
        5,
        5,
        5,
        5,
        5,
        5,
        5,
        5,
        5,
        5,
        5,
        5,
        5,
        5,
        5,
        5,
        5,
        5,
        5,
        5,
        5,
        5,
        5,
        5,
        5,
        5,
        5,
        5,
        5,
        5,
        5,
        5,
        5,
        5,
        5,
        5,
        5,
        5,
        5,
        5,
        5,
        5,
        5,
        5,
        5,
        5,
        5,
        5,
        5,
        5,
        5,
        5,
        5,
        5,
        5,
        5,
        5,
        5,
        5,
        5,
        5,
        5,
        5,
        5,
        5,
        5,
        5,
        5,
        5,
        5,
        5,
        5,
        5,
        5,
        5,
        5,
        5,
        5,
        5,
        5,
        5,
        5,
        5,
        5,
        5,
        5,
        5,
        5,
        5,
        5,
        5,
        5,
        5,
        5,
        5,
        5,
        5,
        5,
        5,
        5,
        5,
        5,
        5,
        5,
        5,
        5,
        5,
        5,
        5,
        5,
        5,
        5,
        5,
        5,
        5,
        5,
        5,
        5,
        5,
        5,
        5,
        5,
        5,
        5,
        5,
        5,
        5,
        5,
        5,
        5,
        5,
        5,
        5,
        5,
        5,
        5,
        5,
        5,
        5,
        5,
        5,
        5,
        5,
        5,
        5,
        5,
        5,
        5,
        5,
        5,
        5,
        5,
        5,
        5,
        5,
        5,
        5,
        5,
        5,
        5,
        5,
        5,
        5,
        5,
        5,
        5,
        5,
        5,
        5,
        5,
        5,
        5,
        5,
        5,
        5,
        5,
        5,
        5,
        5,
        5,
        5,
        5,
        5,
        5,
        5,
        5,
        5,
        5,
        5,
        5,
        5,
        5,
        5,
        5,
        5,
        5,
        5,
        5,
        5,
        5,
        5,
        5,
        5,
        5,
        5,
        5,
        5,
        5,
        5,
        5,
        5,
        5,
        5,
        5,
        5,
        5,
        5,
        5,
        5,
        5,
        5,
        5,
        5,
        5,
        5,
        5,
        5,
        5,
        5,
        5,
        5,
        5,
        5,
        5,
        5,
        5,
        5,
        5,
        5,
        5,
        5,
        5,
        5,
        5,
        5,
        5,
        5,
        5,
        5,
        5,
        5,
        5,
        5,
        5,
        5,
        5,
        5,
        5,
        5,
        5,
        5,
        5,
        5,
        5,
        5,
        5,
        5,
        5,
        5,
        5,
        5,
        5,
        5,
        5,
        5,
        5,
        5,
        5,
        5,
        5,
        5,
        5,
        5,
        5,
        5,
        5,
        5,
        5,
        5,
        5,
        5,
        5,
        5,
        5,
        5,
        5,
        5,
        5,
        5,
        5,
        5,
        5,
        5,
        5,
        5,
        5,
        5,
        5,
        5,
        5,
        5,
        5,
        5,
        5,
        5,
        5,
        5,
        5,
        5,
        5,
        5,
        5,
        5,
        5,
        5,
        5,
        5,
        5,
        5,
        5,
        5,
        5,
        5,
        5,
        5,
        5,
        5,
        5,
        5,
        5,
        5,
        5,
        5,
        5,
        5,
        5,
        5,
        5,
        5,
        5,
        5,
        5,
        5,
        5,
        5,
        5,
        5,
        5,
        5,
        5,
        5,
        5,
        5,
        5,
        5,
        5,
        5,
        5,
        5,
        5,
        5,
        5,
        5,
        5,
        5,
        5,
        5,
        5,
        5,
        5,
        5,
        5,
        5,
        5,
        5,
        5,
        5,
        5,
        5,
        5,
        5,
        5,
        5,
        5,
        5,
        5,
        5,
        5,
        5,
        5,
        5,
        5,
        5,
        5,
        5,
        5,
        5,
        5,
        5,
        5,
        5,
        5,
        5,
        5,
        5,
        5,
        5,
        5,
        5,
        5,
        5,
        5,
        5,
        5,
        5,
        5,
        5,
        5,
        5,
        5,
        5,
        5,
        5,
        5,
        5,
        5,
        5,
        5,
        5,
        5,
        5,
        5,
        5,
        5,
        5,
        5,
        5,
        5,
        5,
        5,
        5,
        5,
        5,
        5,
        5,
        5,
        5,
        5,
        5,
        5,
        5,
        5,
        5,
        5,
        5,
        5,
        5,
        5,
        5,
        5,
        5,
        5,
        5,
        5,
        5,
        5,
        5,
        5,
        5,
        5,
        5,
        5,
        5,
        5,
        5,
        5,
        5,
        5,
        5,
        5,
        5,
        5,
        5,
        5,
        5,
        5,
        5,
        5,
        5,
        5,
        5,
        5,
        5,
        5,
        5,
        5,
        5,
        5,
        5,
        5,
        5,
        5,
        5,
        5,
        5,
        5,
        5,
        5,
        5,
        5,
        5,
        5,
        5,
        5,
        5,
        5,
        5,
        5,
        5,
        5,
        5,
        5,
        5,
        5,
        5,
        5,
        5,
        5,
        5,
        5,
        5,
        5,
        5,
        5,
        5,
        5,
        5,
        5,
        5,
        5,
        5,
        5,
        5,
        5,
        5,
        5,
        5,
        5,
        5,
        5,
        5,
        5,
        5,
        5,
        5,
        5,
        5,
        5,
        5,
        5,
        5,
        5,
        5,
        5,
        5,
        5,
        5,
        5,
        5,
        5,
        5,
        5,
        5,
        5,
        5,
        5,
        5,
        5,
        5,
        5,
        5,
        5,
        5,
        5,
        5,
        5,
        5,
        5,
        5,
        5,
        5,
        5,
        5,
        5,
        5,
        5,
        5,
        5,
        5,
        5,
        5,
        5,
        5,
        5,
        5,
        5,
        5,
        5,
        5,
        5,
        5,
        5,
        5,
        5,
        5,
        5,
        5,
        5,
        5,
        5,
        5,
        5,
        5,
        5,
        5,
        5,
        5,
        5,
        5,
        5,
        5,
        5,
        5,
        5,
        5,
        5,
        5,
        5,
        5,
        5,
        5,
        5,
        5,
        5,
        5,
        5,
        5,
        5,
        5,
        5,
        5,
        5,
        5,
        5,
        5,
        5,
        5,
        5,
        5,
        5,
        5,
        5,
        5,
        5,
        5,
        5,
        5,
        5,
        5,
        5,
        5,
        5,
        5,
        5,
        5,
        5,
        5,
        5,
        5,
        5,
        5,
        5,
        5,
        5,
        5,
        5,
        5,
        5,
        5,
        5,
        5,
        5,
        5,
        5,
        5,
        5,
        5,
        5,
        5,
        5,
        5,
        5,
        5,
        5,
        5,
        5,
        5,
        5,
        5,
        5,
        5,
        5,
        5,
        5,
        5,
        5,
        5,
        5,
        5,
        5,
        5,
        5,
        5,
        5,
        5,
        5,
        5,
        5,
        5,
        5,
        5,
        5,
        5,
        5,
        5,
        5,
        5,
        5,
        5,
        5,
        5,
        5,
        5,
        5,
        5,
        5,
        5,
        5,
        5,
        5,
        5,
        5,
        5,
        5,
        5,
        5,
        5,
        5,
        5,
        5,
        5,
        5,
        5,
        5,
        5,
        5,
        5,
        5,
        5,
        5,
        5,
        5,
        5,
        5,
        5,
        5,
        5,
        5,
        5,
        5,
        5,
        5,
        5,
        5,
        5,
        5,
        5,
        5,
        5,
        5,
        5,
        5,
        5,
        5,
        5,
        5,
        5,
        5,
        5,
        5,
        5,
        5,
        5,
        5,
        5,
        5,
        5,
        5,
        5,
        5,
        5,
        5,
        5,
        5,
        5,
        5,
        5,
        5,
        5,
        5,
        5,
        5,
        5,
        5,
        5,
        5,
        5,
        5,
        5,
        5,
        5,
        5,
        5,
        5,
        5,
        5,
        5,
        5,
        5,
        5,
        5,
        5,
        5,
        5,
        5,
        5,
        5,
        5,
        5,
        5,
        5,
        5,
        5,
        5,
        5,
        5,
        5,
        5,
        5,
        5,
        5,
        5,
        5,
        5,
        5,
        5,
        5,
        5,
        5,
        5,
        5,
        5,
        5,
        5,
        5,
        5,
        5,
        5,
        5,
        5,
        5,
        5,
        5,
        5,
        5,
        5,
        5,
        5,
        5,
        5,
        5,
        5,
        5,
        5,
        5,
        5,
        5,
        5,
        5,
        5,
        5,
        5,
        5,
        5,
        5,
        5,
        5,
        5,
        5,
        5,
        5,
        5,
        5,
        5,
        5,
        5,
        5,
        5,
        5,
        5,
        5,
        5,
        5,
        5,
        5,
        5,
        5,
        5,
        5,
        5,
        5,
        5,
        5,
        5,
        5,
        5,
        5,
        5,
        5,
        5,
        5,
        5,
        5,
        5,
        5,
        5,
        5,
        5,
        5,
        5,
        5,
        5,
        5,
        5,
        5,
        5,
        5,
        5,
        5,
        5,
        5,
        5,
        5,
        5,
        5,
        5,
        5,
        5,
        5,
        5,
        5,
        5,
        5,
        5,
        5,
        5,
        5,
        5,
        5,
        5,
        5,
        5,
        5,
        5,
        5,
        5,
        5,
        5,
        5,
        5,
        5,
        5,
        5,
        5,
        5,
        5,
        5,
        5,
        5,
        5,
        5,
        5,
        5,
        5,
        5,
        5,
        5,
        5,
        5,
        5,
        5,
        5,
        5,
        5,
        5,
        5,
        5,
        5,
        5,
        5,
        5,
        5,
        5,
        5,
        5,
        5,
        5,
        5,
        5,
        5,
        5,
        5,
        5,
        5,
        5,
        5,
        5,
        5,
        5,
        5,
        5,
        5,
        5,
        5,
        5,
        5,
        5,
        5,
        5,
        5,
        5,
        5,
        5,
        5,
        5,
        5,
        5,
        5,
        5,
        5,
        5,
        5,
        5,
        5,
        5,
        5,
        5,
        5,
        5,
        5,
        5,
        5,
        5,
        5,
        5,
        5,
        5,
        5,
        5,
        5,
        5,
        5,
        5,
        5,
        5,
        5,
        5,
        5,
        5,
        5,
        5,
        5,
        5,
        5,
        5,
        5,
        5,
        5,
        5,
        5,
        5,
        5,
        5,
        5,
        5,
        5,
        5,
        5,
        5,
        5,
        5,
        5,
        5,
        5,
        5,
        5,
        5,
        5,
        5,
        5,
        5,
        5,
        5,
        5,
        5,
        5,
        5,
        5,
        5,
        5,
        5,
        5,
        5,
        5,
        5,
        5,
        5,
        5,
        5,
        5,
        5,
        5,
        5,
        5,
        5,
        5,
        5,
        5,
        5,
        5,
        5,
        5,
        5,
        5,
        5,
        5,
        5,
        5,
        5,
        5,
        5,
        5,
        5,
        5,
        5,
        5,
        5,
        5,
        5,
        5,
        5,
        5,
        5,
        5,
        5,
        5,
        5,
        5,
        5,
        5,
        5,
        5,
        5,
        5,
        5,
        5,
        5,
        5,
        5,
        5,
        5,
        5,
        5,
        5,
        5,
        5,
        5,
        5,
        5,
        5,
        5,
        5,
        5,
        5,
        5,
        5,
        5,
        5,
        5,
        5,
        5,
        5,
        5,
        5,
        5,
        5,
        5,
        5,
        5,
        5,
        5,
        5,
        5,
        5,
        5,
        5,
        5,
        5,
        5,
        5,
        5,
        5,
        5,
        5,
        5,
        5,
        5,
        5,
        5,
        5,
        5,
        5,
        5,
        5,
        5,
        5,
        5,
        5,
        5,
        5,
        5,
        5,
        5,
        5,
        5,
        5,
        5,
        5,
        5,
        5,
        5,
        5,
        5,
        5,
        5,
        5,
        5,
        5,
        5,
        5,
        5,
        5,
        5,
        5,
        5,
        5,
        5,
        5,
        5,
        5,
        5,
        5,
        5,
        5,
        5,
        5,
        5,
        5,
        5,
        5,
        5,
        5,
        5,
        5,
        5,
        5,
        5,
        5,
        5,
        5,
        5,
        5,
        5,
        5,
        5,
        5,
        5,
        5,
        5,
        5,
        5,
        5,
        5,
        5,
        5,
        5,
        5,
        5,
        5,
        5,
        5,
        5,
        5,
        5,
        5,
        5,
        5,
        5,
        5,
        5,
        5,
        5,
        5,
        5,
        5,
        5,
        5,
        5,
        5,
        5,
        5,
        5,
        5,
        5,
        5,
        5,
        5,
        5,
        5,
        5,
        5,
        5,
        5,
        5,
        5,
        5,
        5,
        5,
        5,
        5,
        5,
        5,
        5,
        5,
        5,
        5,
        5,
        5,
        5,
        5,
        5,
        5,
        5,
        5,
        5,
        5,
        5,
        5,
        5,
        5,
        5,
        5,
        5,
        5,
        5,
        5,
        5,
        5,
        5,
        5,
        5,
        5,
        5,
        5,
        5,
        5,
        5,
        5,
        5,
        5,
        5,
        5,
        5,
        5,
        5,
        5,
        5,
        5,
        5,
        5,
        5,
        5,
        5,
        5,
        5,
        5,
        5,
        5,
        5,
        5,
        5,
        5,
        5,
        5,
        5,
        5,
        5,
        5,
        5,
        5,
        5,
        5,
        5,
        5,
        5,
        5,
        5,
        5,
        5,
        5,
        5,
        5,
        5,
        5,
        5,
        5,
        5,
        5,
        5,
        5,
        5,
        5,
        5,
        5,
        5,
        5,
        5,
        5,
        5,
        5,
        5,
        5,
        5,
        5,
        5,
        5,
        5,
        5,
        5,
        5,
        5,
        5,
        5,
        5,
        5,
        5,
        5,
        5,
        5,
        5,
        5,
        5,
        5,
        5,
        5,
        5,
        5,
        5,
        5,
        5,
        5,
        5,
        5,
        5,
        5,
        5,
        5,
        5,
        5,
        5,
        5,
        5,
        5,
        5,
        5,
        5,
        5,
        5,
        5,
        5,
        5,
        5,
        5,
        5,
        5,
        5,
        5,
        5,
        5,
        5,
        5,
        5,
        5,
        5,
        5,
        5,
        5,
        5,
        5,
        5,
        5,
        5,
        5,
        5,
        5,
        5,
        5,
        5,
        5,
        5,
        5,
        5,
        5,
        5,
        5,
        5,
        5,
        5,
        5,
        5,
        5,
        5,
        5,
        5,
        5,
        5,
        5,
        5,
        5,
        5,
        5,
        5,
        5,
        5,
        5,
        5,
        5,
        5,
        5,
        5,
        5,
        5,
        5,
        5,
        5,
        5,
        5,
        5,
        5,
        5,
        5,
        5,
        5,
        5,
        5,
        5,
        5,
        5,
        5,
        5,
        5,
        5,
        5,
        5,
        5,
        5,
        5,
        5,
        5,
        5,
        5,
        5,
        5,
        5,
        5,
        5,
        5,
        5,
        5,
        5
      ],
      "support_reference_path_overlap": 0,
      "support_reference_content_overlap": 0,
      "active_mask_sha256": "afb442b0049b0d0b0b63fbdffa1e2fad7313f45b3519c0ef56b2023360d08fc2"
    },
    {
      "fold": 2,
      "eligible_query_count": 2078,
      "original_query_count": 2210,
      "eligible_query_ratio": 0.9402714932126697,
      "eligible_pid_count": 495,
      "original_pid_count": 519,
      "eligible_pid_ratio": 0.953757225433526,
      "removal_reasons": {
        "fewer_than_three_support_donors": 19,
        "no_valid_positive_reference": 113
      },
      "donor_count": [
        15,
        15,
        15,
        15,
        14,
        12,
        10,
        10,
        10,
        10,
        10,
        15,
        15,
        15,
        14,
        14,
        14,
        14,
        13,
        15,
        15,
        15,
        15,
        15,
        12,
        12,
        12,
        14,
        14,
        14,
        14,
        17,
        17,
        14,
        15,
        12,
        4,
        4,
        4,
        4,
        4,
        4,
        4,
        5,
        5,
        5,
        4,
        14,
        14,
        14,
        13,
        12,
        12,
        12,
        14,
        10,
        10,
        10,
        11,
        15,
        15,
        15,
        15,
        15,
        15,
        14,
        14,
        14,
        14,
        14,
        14,
        14,
        14,
        11,
        11,
        6,
        6,
        6,
        6,
        5,
        5,
        5,
        15,
        15,
        11,
        11,
        31,
        31,
        31,
        4,
        4,
        4,
        4,
        4,
        15,
        15,
        15,
        15,
        15,
        14,
        12,
        12,
        9,
        9,
        9,
        9,
        15,
        15,
        15,
        15,
        12,
        11,
        11,
        11,
        11,
        11,
        16,
        16,
        13,
        19,
        19,
        19,
        10,
        21,
        18,
        3,
        3,
        17,
        17,
        15,
        18,
        18,
        13,
        13,
        13,
        13,
        13,
        13,
        13,
        13,
        13,
        4,
        4,
        4,
        4,
        4,
        5,
        5,
        5,
        5,
        5,
        5,
        13,
        13,
        12,
        12,
        4,
        4,
        15,
        15,
        12,
        15,
        15,
        15,
        15,
        17,
        5,
        5,
        5,
        5,
        15,
        15,
        15,
        15,
        14,
        14,
        14,
        14,
        13,
        15,
        15,
        15,
        12,
        7,
        7,
        7,
        10,
        10,
        10,
        17,
        17,
        17,
        17,
        14,
        14,
        5,
        5,
        5,
        5,
        5,
        4,
        14,
        15,
        15,
        10,
        10,
        13,
        15,
        15,
        11,
        11,
        11,
        11,
        11,
        11,
        16,
        16,
        16,
        16,
        16,
        17,
        5,
        5,
        11,
        12,
        12,
        12,
        12,
        19,
        19,
        19,
        6,
        6,
        6,
        6,
        6,
        6,
        6,
        6,
        6,
        6,
        6,
        6,
        29,
        29,
        17,
        29,
        3,
        3,
        3,
        3,
        12,
        12,
        12,
        16,
        14,
        14,
        14,
        14,
        14,
        16,
        14,
        8,
        8,
        12,
        11,
        11,
        11,
        11,
        11,
        11,
        15,
        15,
        15,
        10,
        10,
        10,
        13,
        5,
        5,
        5,
        5,
        5,
        5,
        13,
        13,
        13,
        5,
        5,
        5,
        5,
        14,
        14,
        14,
        14,
        12,
        14,
        14,
        11,
        11,
        12,
        12,
        12,
        12,
        15,
        15,
        15,
        15,
        15,
        15,
        13,
        13,
        13,
        13,
        13,
        10,
        9,
        17,
        17,
        17,
        17,
        4,
        4,
        13,
        13,
        13,
        13,
        12,
        13,
        8,
        8,
        8,
        8,
        8,
        9,
        9,
        9,
        5,
        5,
        5,
        7,
        7,
        7,
        10,
        4,
        4,
        4,
        4,
        8,
        8,
        8,
        11,
        11,
        11,
        14,
        14,
        14,
        14,
        14,
        11,
        11,
        11,
        11,
        11,
        11,
        11,
        11,
        12,
        12,
        15,
        14,
        14,
        14,
        14,
        13,
        14,
        11,
        11,
        11,
        11,
        10,
        5,
        5,
        5,
        13,
        13,
        14,
        7,
        7,
        7,
        7,
        8,
        11,
        11,
        4,
        15,
        15,
        15,
        15,
        14,
        14,
        14,
        14,
        12,
        12,
        13,
        13,
        15,
        15,
        15,
        15,
        15,
        7,
        7,
        7,
        7,
        7,
        7,
        7,
        7,
        14,
        14,
        13,
        15,
        15,
        15,
        15,
        17,
        15,
        14,
        14,
        13,
        6,
        6,
        6,
        14,
        18,
        17,
        15,
        6,
        6,
        6,
        14,
        14,
        14,
        13,
        14,
        15,
        15,
        15,
        15,
        15,
        5,
        5,
        5,
        4,
        4,
        13,
        13,
        13,
        13,
        13,
        16,
        13,
        13,
        13,
        13,
        13,
        13,
        14,
        14,
        10,
        27,
        27,
        27,
        27,
        27,
        27,
        27,
        27,
        27,
        26,
        26,
        21,
        21,
        21,
        21,
        21,
        21,
        21,
        21,
        21,
        21,
        21,
        21,
        13,
        13,
        13,
        14,
        12,
        12,
        12,
        12,
        12,
        5,
        5,
        5,
        5,
        4,
        4,
        4,
        13,
        13,
        13,
        13,
        12,
        12,
        12,
        12,
        10,
        10,
        16,
        16,
        16,
        14,
        14,
        14,
        14,
        14,
        13,
        13,
        14,
        16,
        13,
        13,
        12,
        14,
        6,
        6,
        6,
        6,
        13,
        11,
        11,
        11,
        11,
        11,
        11,
        11,
        11,
        11,
        11,
        11,
        11,
        11,
        11,
        11,
        11,
        11,
        18,
        18,
        15,
        15,
        15,
        15,
        15,
        12,
        11,
        11,
        11,
        9,
        9,
        9,
        11,
        8,
        8,
        8,
        8,
        8,
        8,
        8,
        10,
        10,
        10,
        10,
        10,
        3,
        3,
        3,
        3,
        3,
        3,
        3,
        15,
        15,
        15,
        15,
        6,
        6,
        6,
        6,
        4,
        4,
        17,
        17,
        17,
        17,
        17,
        13,
        13,
        13,
        3,
        3,
        3,
        9,
        9,
        10,
        9,
        4,
        4,
        4,
        4,
        4,
        4,
        4,
        6,
        6,
        6,
        14,
        9,
        9,
        9,
        9,
        9,
        9,
        9,
        9,
        19,
        19,
        15,
        15,
        15,
        15,
        12,
        12,
        10,
        15,
        15,
        15,
        15,
        15,
        17,
        17,
        15,
        16,
        16,
        16,
        16,
        16,
        16,
        16,
        15,
        14,
        14,
        14,
        14,
        14,
        14,
        11,
        11,
        11,
        11,
        12,
        13,
        13,
        13,
        4,
        4,
        4,
        4,
        12,
        12,
        12,
        12,
        16,
        12,
        12,
        12,
        14,
        14,
        12,
        12,
        12,
        5,
        5,
        14,
        8,
        12,
        12,
        12,
        14,
        14,
        15,
        15,
        15,
        15,
        18,
        18,
        18,
        18,
        18,
        18,
        14,
        14,
        16,
        14,
        11,
        11,
        14,
        14,
        14,
        14,
        3,
        3,
        14,
        14,
        14,
        14,
        14,
        14,
        10,
        10,
        10,
        10,
        13,
        13,
        13,
        13,
        12,
        12,
        12,
        12,
        12,
        12,
        14,
        14,
        12,
        17,
        17,
        17,
        17,
        17,
        17,
        18,
        18,
        18,
        18,
        18,
        8,
        8,
        8,
        8,
        5,
        5,
        14,
        14,
        14,
        14,
        15,
        20,
        20,
        20,
        20,
        20,
        20,
        20,
        15,
        15,
        15,
        15,
        13,
        13,
        13,
        15,
        16,
        16,
        16,
        16,
        13,
        13,
        15,
        15,
        15,
        15,
        14,
        14,
        14,
        14,
        14,
        14,
        14,
        14,
        14,
        14,
        14,
        15,
        15,
        15,
        15,
        15,
        15,
        15,
        14,
        24,
        24,
        24,
        24,
        24,
        24,
        24,
        16,
        16,
        16,
        23,
        23,
        23,
        16,
        16,
        11,
        11,
        11,
        13,
        12,
        4,
        4,
        4,
        17,
        17,
        17,
        17,
        11,
        12,
        12,
        12,
        12,
        12,
        12,
        3,
        3,
        3,
        9,
        9,
        9,
        9,
        9,
        11,
        11,
        11,
        11,
        8,
        8,
        12,
        12,
        12,
        12,
        13,
        13,
        6,
        6,
        3,
        4,
        4,
        9,
        9,
        17,
        17,
        5,
        5,
        5,
        12,
        12,
        13,
        17,
        17,
        17,
        17,
        13,
        13,
        13,
        13,
        15,
        15,
        15,
        16,
        13,
        13,
        13,
        13,
        10,
        7,
        7,
        7,
        7,
        7,
        7,
        5,
        5,
        5,
        5,
        5,
        12,
        12,
        12,
        12,
        13,
        13,
        13,
        13,
        13,
        3,
        3,
        3,
        3,
        3,
        4,
        4,
        4,
        4,
        17,
        17,
        17,
        17,
        14,
        14,
        16,
        14,
        14,
        14,
        12,
        12,
        12,
        12,
        12,
        5,
        5,
        6,
        6,
        6,
        6,
        6,
        6,
        6,
        6,
        6,
        6,
        6,
        3,
        5,
        5,
        5,
        8,
        8,
        8,
        8,
        8,
        15,
        15,
        15,
        12,
        12,
        12,
        14,
        5,
        5,
        5,
        13,
        13,
        13,
        13,
        7,
        7,
        9,
        9,
        9,
        9,
        9,
        9,
        9,
        9,
        9,
        11,
        11,
        11,
        11,
        11,
        11,
        5,
        5,
        5,
        15,
        15,
        17,
        17,
        17,
        17,
        14,
        12,
        12,
        10,
        10,
        10,
        10,
        10,
        10,
        10,
        10,
        3,
        3,
        3,
        5,
        5,
        5,
        5,
        5,
        18,
        18,
        18,
        13,
        13,
        19,
        19,
        17,
        17,
        17,
        17,
        16,
        16,
        16,
        12,
        12,
        12,
        12,
        4,
        4,
        5,
        13,
        13,
        13,
        14,
        14,
        14,
        14,
        13,
        8,
        8,
        12,
        12,
        12,
        15,
        15,
        15,
        15,
        14,
        14,
        15,
        13,
        13,
        13,
        15,
        7,
        7,
        7,
        7,
        7,
        7,
        7,
        7,
        8,
        12,
        12,
        12,
        12,
        12,
        12,
        12,
        12,
        3,
        4,
        4,
        4,
        11,
        11,
        11,
        10,
        13,
        13,
        13,
        13,
        13,
        13,
        9,
        9,
        10,
        10,
        10,
        10,
        10,
        13,
        13,
        13,
        13,
        10,
        3,
        3,
        3,
        3,
        16,
        16,
        16,
        16,
        16,
        19,
        14,
        14,
        14,
        14,
        4,
        4,
        4,
        6,
        13,
        13,
        13,
        4,
        4,
        16,
        16,
        16,
        19,
        19,
        19,
        19,
        19,
        16,
        13,
        13,
        12,
        15,
        15,
        15,
        15,
        15,
        15,
        18,
        17,
        17,
        17,
        17,
        17,
        17,
        17,
        13,
        13,
        13,
        17,
        17,
        17,
        17,
        17,
        17,
        15,
        15,
        15,
        15,
        15,
        15,
        15,
        15,
        15,
        15,
        15,
        15,
        15,
        15,
        15,
        15,
        15,
        18,
        18,
        18,
        18,
        18,
        73,
        16,
        16,
        16,
        74,
        12,
        12,
        12,
        12,
        16,
        16,
        11,
        11,
        11,
        11,
        11,
        8,
        13,
        13,
        11,
        11,
        11,
        11,
        11,
        6,
        6,
        6,
        6,
        5,
        4,
        4,
        3,
        3,
        3,
        6,
        6,
        6,
        5,
        5,
        14,
        14,
        14,
        16,
        16,
        17,
        14,
        14,
        14,
        14,
        13,
        16,
        17,
        17,
        16,
        16,
        3,
        3,
        3,
        4,
        16,
        16,
        16,
        16,
        16,
        16,
        16,
        16,
        16,
        16,
        16,
        15,
        15,
        14,
        14,
        14,
        14,
        16,
        10,
        10,
        10,
        10,
        10,
        10,
        10,
        10,
        10,
        11,
        11,
        11,
        11,
        11,
        11,
        10,
        12,
        12,
        12,
        12,
        5,
        5,
        5,
        5,
        7,
        6,
        6,
        6,
        4,
        4,
        4,
        4,
        4,
        40,
        40,
        40,
        40,
        13,
        13,
        13,
        13,
        13,
        10,
        10,
        10,
        13,
        14,
        14,
        14,
        14,
        11,
        8,
        8,
        5,
        12,
        15,
        15,
        15,
        15,
        8,
        8,
        8,
        8,
        8,
        14,
        14,
        14,
        14,
        16,
        16,
        16,
        16,
        16,
        16,
        16,
        16,
        16,
        14,
        14,
        14,
        5,
        5,
        13,
        13,
        13,
        14,
        14,
        14,
        13,
        13,
        4,
        4,
        4,
        4,
        4,
        4,
        4,
        4,
        4,
        3,
        3,
        3,
        3,
        6,
        21,
        21,
        18,
        19,
        17,
        17,
        17,
        16,
        16,
        16,
        16,
        15,
        15,
        15,
        14,
        14,
        14,
        14,
        14,
        13,
        11,
        17,
        17,
        17,
        17,
        16,
        16,
        16,
        16,
        17,
        17,
        18,
        4,
        4,
        4,
        4,
        15,
        15,
        15,
        15,
        15,
        3,
        3,
        3,
        5,
        5,
        5,
        5,
        5,
        5,
        7,
        7,
        7,
        7,
        7,
        13,
        9,
        9,
        9,
        9,
        13,
        13,
        13,
        17,
        17,
        17,
        17,
        17,
        14,
        14,
        15,
        15,
        15,
        15,
        15,
        15,
        15,
        15,
        15,
        15,
        15,
        15,
        15,
        16,
        16,
        16,
        16,
        16,
        5,
        10,
        10,
        10,
        11,
        12,
        12,
        12,
        11,
        11,
        13,
        13,
        13,
        113,
        113,
        113,
        110,
        110,
        110,
        110,
        13,
        13,
        13,
        13,
        10,
        13,
        5,
        5,
        5,
        5,
        5,
        5,
        5,
        5,
        5,
        5,
        5,
        47,
        47,
        47,
        47,
        16,
        16,
        43,
        6,
        6,
        6,
        15,
        15,
        15,
        15,
        5,
        23,
        23,
        23,
        23,
        23,
        23,
        23,
        23,
        23,
        23,
        23,
        22,
        22,
        22,
        23,
        24,
        24,
        24,
        24,
        21,
        21,
        24,
        24,
        24,
        24,
        24,
        21,
        21,
        21,
        21,
        21,
        21,
        21,
        24,
        24,
        24,
        24,
        24,
        24,
        21,
        21,
        21,
        21,
        4,
        4,
        4,
        4,
        4,
        4,
        4,
        5,
        5,
        5,
        5,
        5,
        5,
        5,
        5,
        3,
        3,
        3,
        3,
        3,
        3,
        5,
        7,
        7,
        7,
        7,
        7,
        7,
        7,
        9,
        16,
        16,
        16,
        16,
        16,
        16,
        4,
        6,
        6,
        14,
        14,
        14,
        4,
        9,
        9,
        12,
        12,
        12,
        14,
        9,
        9,
        9,
        9,
        9,
        6,
        6,
        6,
        9,
        9,
        9,
        12,
        7,
        7,
        7,
        4,
        4,
        13,
        14,
        7,
        7,
        7,
        16,
        16,
        17,
        15,
        15,
        15,
        8,
        8,
        10,
        10,
        13,
        14,
        14,
        13,
        13,
        5,
        5,
        22,
        22,
        27,
        27,
        27,
        27,
        27,
        27,
        27,
        27,
        27,
        27,
        38,
        38,
        38,
        38,
        38,
        38,
        38,
        38,
        38,
        41,
        41,
        41,
        41,
        33,
        30,
        30,
        30,
        30,
        26,
        26,
        26,
        26,
        26,
        26,
        26,
        26,
        26,
        37,
        45,
        11,
        10,
        8,
        8,
        8,
        8,
        8,
        4,
        4,
        4,
        4,
        7,
        7,
        7,
        7,
        5,
        5,
        13,
        13,
        24,
        24,
        5,
        5,
        5,
        5,
        5,
        10,
        10,
        10,
        10,
        11,
        8,
        13,
        5,
        6,
        12,
        10,
        10,
        8,
        8,
        11,
        31,
        38,
        38,
        36,
        36,
        36,
        36,
        36,
        27,
        27,
        8,
        7,
        5,
        8,
        4,
        4,
        7,
        13,
        17,
        10,
        10,
        6,
        6,
        6,
        6,
        6,
        9,
        9,
        9,
        12,
        12,
        12,
        25,
        25,
        25,
        25,
        25,
        16,
        33,
        28,
        9,
        17,
        17,
        17,
        30,
        30,
        30,
        30,
        30,
        30,
        32,
        32,
        32,
        32,
        32,
        32,
        32,
        32,
        32,
        32,
        32,
        6,
        13,
        47,
        47,
        47,
        47,
        4,
        4,
        5,
        5,
        7,
        7,
        7,
        7,
        3,
        9,
        9,
        9,
        5,
        11,
        11,
        6,
        6,
        8,
        3,
        104,
        104,
        104,
        6,
        6,
        6,
        6,
        6,
        6,
        6,
        6,
        6,
        6,
        6,
        6,
        6,
        6,
        6,
        6,
        6,
        6,
        6,
        6,
        6,
        9,
        9,
        9,
        6,
        10,
        8,
        8,
        8,
        11,
        11,
        11,
        11,
        11,
        8,
        7,
        6,
        9,
        10,
        10,
        8,
        10,
        10,
        8,
        9,
        9,
        7,
        9,
        9,
        9,
        9,
        7,
        8,
        8,
        8,
        8,
        8,
        11,
        9,
        10,
        10,
        12,
        9,
        9,
        9,
        9,
        10,
        7,
        7,
        10,
        9,
        10,
        10,
        10,
        7,
        7,
        9,
        8,
        8,
        9,
        7,
        7,
        7,
        8,
        10,
        10,
        10,
        11,
        6,
        6,
        7,
        5,
        6,
        8,
        6,
        10,
        7,
        10,
        8,
        8,
        5,
        5,
        8,
        8,
        6,
        6,
        9,
        11,
        8,
        8,
        8,
        11,
        9,
        11,
        5,
        8,
        8,
        8,
        10,
        10,
        10,
        6,
        8,
        7,
        8,
        8,
        8,
        8,
        8,
        6,
        11,
        216,
        216,
        28,
        28,
        8,
        10,
        12,
        7,
        7,
        6,
        5,
        5,
        7,
        8,
        13,
        13,
        13,
        13,
        8,
        8,
        8,
        9,
        8,
        10,
        8,
        5,
        6,
        6,
        6,
        6,
        5,
        10,
        10,
        8,
        9,
        9,
        9,
        9,
        9,
        10,
        11,
        11,
        6,
        9,
        8,
        6,
        6,
        6,
        7,
        10,
        10,
        9,
        4,
        9,
        17,
        10,
        10,
        10,
        10,
        6,
        5,
        5,
        5,
        5,
        5,
        5,
        9,
        12,
        9,
        9,
        11,
        11,
        11,
        8,
        8,
        8,
        8,
        11,
        11,
        6,
        6,
        10,
        10,
        10,
        10,
        7,
        10,
        10,
        9,
        9,
        8,
        10,
        10,
        10,
        10,
        10,
        10,
        11,
        11,
        43,
        43,
        43,
        43,
        43,
        43,
        43,
        43,
        43,
        43,
        58,
        58,
        58,
        135,
        135,
        135,
        135,
        135,
        152,
        39,
        55,
        55,
        55,
        55,
        55,
        55,
        55,
        55,
        253,
        5,
        5,
        5,
        5
      ],
      "donor_camera_count": [
        3,
        3,
        3,
        3,
        3,
        3,
        3,
        3,
        3,
        3,
        3,
        3,
        3,
        3,
        3,
        3,
        3,
        3,
        3,
        3,
        3,
        3,
        3,
        3,
        3,
        3,
        3,
        3,
        3,
        3,
        3,
        3,
        3,
        3,
        3,
        3,
        1,
        1,
        1,
        1,
        1,
        1,
        1,
        1,
        1,
        1,
        1,
        3,
        3,
        3,
        3,
        3,
        3,
        3,
        3,
        3,
        3,
        3,
        3,
        3,
        3,
        3,
        3,
        3,
        3,
        3,
        3,
        3,
        3,
        3,
        3,
        3,
        3,
        3,
        3,
        1,
        1,
        1,
        1,
        1,
        1,
        1,
        3,
        3,
        3,
        3,
        1,
        1,
        1,
        1,
        1,
        1,
        1,
        1,
        3,
        3,
        3,
        3,
        3,
        3,
        3,
        3,
        2,
        2,
        2,
        2,
        3,
        3,
        3,
        3,
        3,
        3,
        3,
        3,
        3,
        3,
        3,
        3,
        3,
        2,
        2,
        2,
        2,
        3,
        3,
        1,
        1,
        3,
        3,
        3,
        3,
        3,
        3,
        3,
        3,
        3,
        3,
        3,
        3,
        3,
        3,
        1,
        1,
        1,
        1,
        1,
        1,
        1,
        1,
        1,
        1,
        1,
        3,
        3,
        3,
        3,
        1,
        1,
        3,
        3,
        3,
        3,
        3,
        3,
        3,
        3,
        1,
        1,
        1,
        1,
        3,
        3,
        3,
        3,
        3,
        3,
        3,
        3,
        3,
        3,
        3,
        3,
        3,
        3,
        3,
        3,
        3,
        3,
        3,
        3,
        3,
        3,
        3,
        3,
        3,
        1,
        1,
        1,
        1,
        1,
        1,
        3,
        3,
        3,
        3,
        3,
        3,
        3,
        3,
        3,
        3,
        3,
        3,
        3,
        3,
        4,
        4,
        4,
        4,
        4,
        4,
        1,
        1,
        3,
        3,
        3,
        3,
        3,
        1,
        1,
        1,
        1,
        1,
        1,
        1,
        1,
        1,
        1,
        1,
        1,
        1,
        1,
        1,
        4,
        4,
        4,
        4,
        1,
        1,
        1,
        1,
        3,
        3,
        3,
        3,
        3,
        4,
        4,
        4,
        4,
        3,
        3,
        2,
        2,
        4,
        4,
        4,
        4,
        4,
        4,
        4,
        2,
        2,
        2,
        2,
        2,
        2,
        3,
        1,
        1,
        1,
        1,
        1,
        1,
        3,
        3,
        3,
        1,
        1,
        1,
        1,
        3,
        3,
        3,
        3,
        3,
        3,
        3,
        3,
        3,
        3,
        3,
        3,
        3,
        3,
        3,
        3,
        3,
        3,
        3,
        3,
        3,
        3,
        3,
        3,
        2,
        2,
        3,
        3,
        3,
        3,
        1,
        1,
        3,
        3,
        3,
        3,
        3,
        3,
        2,
        2,
        2,
        2,
        2,
        1,
        1,
        1,
        1,
        1,
        1,
        3,
        3,
        3,
        3,
        1,
        1,
        1,
        1,
        2,
        2,
        2,
        2,
        2,
        2,
        3,
        3,
        3,
        3,
        3,
        3,
        3,
        3,
        3,
        3,
        3,
        3,
        3,
        3,
        3,
        3,
        3,
        3,
        3,
        3,
        3,
        3,
        2,
        2,
        2,
        2,
        2,
        1,
        1,
        1,
        3,
        3,
        3,
        2,
        2,
        2,
        2,
        2,
        2,
        2,
        1,
        3,
        3,
        3,
        3,
        3,
        3,
        3,
        3,
        3,
        3,
        3,
        3,
        1,
        1,
        1,
        1,
        1,
        1,
        1,
        1,
        1,
        1,
        1,
        1,
        1,
        3,
        3,
        3,
        3,
        3,
        3,
        3,
        3,
        3,
        3,
        3,
        3,
        1,
        1,
        1,
        3,
        3,
        3,
        3,
        1,
        1,
        1,
        3,
        3,
        3,
        3,
        3,
        3,
        3,
        3,
        3,
        3,
        1,
        1,
        1,
        1,
        1,
        3,
        3,
        3,
        3,
        3,
        3,
        3,
        3,
        3,
        3,
        3,
        3,
        3,
        3,
        3,
        2,
        2,
        2,
        2,
        2,
        2,
        2,
        2,
        2,
        2,
        2,
        2,
        2,
        2,
        2,
        2,
        2,
        2,
        2,
        2,
        2,
        2,
        2,
        3,
        3,
        3,
        3,
        3,
        3,
        3,
        3,
        3,
        1,
        1,
        1,
        1,
        1,
        1,
        1,
        3,
        3,
        3,
        3,
        4,
        4,
        4,
        4,
        4,
        4,
        3,
        3,
        3,
        3,
        3,
        3,
        3,
        3,
        3,
        3,
        3,
        3,
        3,
        3,
        3,
        3,
        2,
        2,
        2,
        2,
        3,
        3,
        3,
        3,
        3,
        3,
        3,
        3,
        2,
        2,
        2,
        2,
        2,
        2,
        2,
        2,
        2,
        2,
        3,
        3,
        3,
        3,
        3,
        3,
        3,
        3,
        3,
        3,
        3,
        2,
        2,
        2,
        2,
        2,
        2,
        2,
        2,
        2,
        2,
        2,
        2,
        2,
        2,
        2,
        2,
        1,
        1,
        1,
        1,
        1,
        1,
        1,
        3,
        3,
        3,
        3,
        1,
        1,
        1,
        1,
        1,
        1,
        3,
        3,
        3,
        3,
        3,
        3,
        3,
        3,
        1,
        1,
        1,
        2,
        2,
        2,
        2,
        1,
        1,
        1,
        1,
        1,
        1,
        1,
        1,
        1,
        1,
        3,
        3,
        3,
        3,
        3,
        3,
        3,
        3,
        3,
        3,
        3,
        3,
        3,
        3,
        3,
        3,
        3,
        3,
        3,
        3,
        3,
        3,
        3,
        3,
        3,
        3,
        3,
        3,
        3,
        3,
        3,
        3,
        3,
        3,
        3,
        3,
        3,
        3,
        3,
        3,
        3,
        3,
        3,
        3,
        3,
        4,
        4,
        4,
        1,
        1,
        1,
        1,
        3,
        3,
        3,
        3,
        3,
        3,
        3,
        3,
        3,
        3,
        3,
        3,
        3,
        1,
        1,
        3,
        3,
        3,
        3,
        3,
        3,
        3,
        3,
        3,
        3,
        3,
        3,
        3,
        3,
        3,
        3,
        3,
        3,
        3,
        3,
        3,
        3,
        3,
        3,
        3,
        3,
        3,
        1,
        1,
        3,
        3,
        3,
        3,
        3,
        3,
        3,
        3,
        3,
        3,
        3,
        3,
        3,
        3,
        3,
        3,
        3,
        3,
        3,
        3,
        3,
        3,
        3,
        3,
        3,
        3,
        3,
        3,
        3,
        3,
        3,
        3,
        3,
        3,
        2,
        2,
        2,
        2,
        1,
        1,
        4,
        4,
        4,
        4,
        4,
        3,
        3,
        3,
        3,
        3,
        3,
        3,
        3,
        3,
        3,
        3,
        3,
        3,
        3,
        3,
        3,
        3,
        3,
        3,
        3,
        3,
        3,
        3,
        3,
        3,
        3,
        3,
        3,
        3,
        3,
        3,
        3,
        3,
        3,
        3,
        3,
        3,
        3,
        3,
        3,
        3,
        3,
        3,
        3,
        3,
        3,
        3,
        3,
        3,
        3,
        3,
        3,
        3,
        3,
        3,
        3,
        3,
        3,
        3,
        3,
        3,
        3,
        3,
        3,
        1,
        1,
        1,
        3,
        3,
        3,
        3,
        3,
        3,
        3,
        3,
        3,
        3,
        3,
        1,
        1,
        1,
        2,
        2,
        2,
        2,
        2,
        2,
        2,
        2,
        2,
        2,
        2,
        3,
        3,
        3,
        3,
        3,
        3,
        1,
        1,
        1,
        1,
        1,
        3,
        3,
        3,
        3,
        1,
        1,
        1,
        3,
        3,
        3,
        3,
        3,
        3,
        3,
        3,
        3,
        3,
        3,
        3,
        3,
        3,
        3,
        3,
        3,
        3,
        3,
        3,
        3,
        3,
        2,
        2,
        2,
        2,
        1,
        1,
        1,
        1,
        1,
        3,
        3,
        3,
        3,
        3,
        3,
        3,
        3,
        3,
        1,
        1,
        1,
        1,
        1,
        1,
        1,
        1,
        1,
        3,
        3,
        3,
        3,
        3,
        3,
        3,
        3,
        3,
        3,
        3,
        3,
        3,
        3,
        3,
        1,
        1,
        1,
        1,
        1,
        1,
        1,
        1,
        1,
        1,
        1,
        1,
        1,
        1,
        2,
        2,
        2,
        2,
        2,
        2,
        2,
        2,
        3,
        3,
        3,
        3,
        3,
        3,
        3,
        1,
        1,
        1,
        3,
        3,
        3,
        3,
        2,
        2,
        2,
        2,
        2,
        2,
        2,
        2,
        2,
        2,
        2,
        4,
        4,
        4,
        4,
        4,
        4,
        1,
        1,
        1,
        3,
        3,
        3,
        3,
        3,
        3,
        3,
        3,
        3,
        3,
        3,
        3,
        3,
        3,
        3,
        3,
        3,
        1,
        1,
        1,
        1,
        1,
        1,
        1,
        1,
        3,
        3,
        3,
        3,
        3,
        3,
        3,
        3,
        3,
        3,
        3,
        3,
        3,
        3,
        3,
        3,
        3,
        3,
        1,
        1,
        1,
        3,
        3,
        3,
        3,
        3,
        3,
        3,
        3,
        2,
        2,
        3,
        3,
        3,
        3,
        3,
        3,
        3,
        3,
        3,
        3,
        3,
        3,
        3,
        3,
        2,
        2,
        2,
        2,
        2,
        2,
        2,
        2,
        2,
        2,
        2,
        2,
        2,
        2,
        2,
        2,
        2,
        1,
        1,
        1,
        1,
        3,
        3,
        3,
        3,
        3,
        3,
        3,
        3,
        3,
        3,
        3,
        3,
        3,
        3,
        3,
        3,
        3,
        3,
        3,
        3,
        3,
        3,
        1,
        1,
        1,
        1,
        3,
        3,
        3,
        3,
        3,
        3,
        3,
        3,
        3,
        3,
        1,
        1,
        1,
        1,
        3,
        3,
        3,
        1,
        1,
        3,
        3,
        3,
        3,
        3,
        3,
        3,
        3,
        3,
        3,
        3,
        3,
        3,
        3,
        3,
        3,
        3,
        3,
        3,
        3,
        3,
        3,
        3,
        3,
        3,
        3,
        3,
        3,
        3,
        3,
        3,
        3,
        3,
        3,
        3,
        3,
        3,
        3,
        3,
        3,
        3,
        3,
        3,
        3,
        3,
        3,
        3,
        3,
        3,
        3,
        3,
        3,
        3,
        3,
        3,
        3,
        3,
        4,
        4,
        4,
        4,
        4,
        3,
        3,
        3,
        3,
        3,
        3,
        3,
        3,
        3,
        3,
        3,
        3,
        3,
        3,
        3,
        3,
        3,
        3,
        3,
        1,
        1,
        1,
        1,
        1,
        1,
        1,
        1,
        1,
        1,
        1,
        1,
        1,
        1,
        1,
        3,
        3,
        3,
        3,
        3,
        3,
        3,
        3,
        3,
        3,
        3,
        3,
        3,
        3,
        3,
        3,
        1,
        1,
        1,
        1,
        3,
        3,
        3,
        3,
        3,
        3,
        3,
        3,
        3,
        3,
        3,
        3,
        3,
        3,
        3,
        3,
        3,
        3,
        2,
        2,
        2,
        2,
        2,
        2,
        2,
        2,
        2,
        2,
        2,
        2,
        2,
        3,
        3,
        3,
        3,
        3,
        3,
        3,
        1,
        1,
        1,
        1,
        1,
        1,
        1,
        1,
        1,
        1,
        1,
        1,
        1,
        2,
        2,
        2,
        2,
        3,
        3,
        3,
        3,
        3,
        3,
        3,
        3,
        3,
        3,
        3,
        3,
        3,
        3,
        2,
        2,
        2,
        3,
        3,
        3,
        3,
        3,
        2,
        2,
        2,
        2,
        2,
        3,
        3,
        3,
        3,
        3,
        3,
        3,
        3,
        3,
        3,
        3,
        3,
        3,
        3,
        3,
        3,
        1,
        1,
        3,
        3,
        3,
        3,
        3,
        3,
        3,
        3,
        1,
        1,
        1,
        1,
        1,
        1,
        1,
        1,
        1,
        1,
        1,
        1,
        1,
        2,
        3,
        3,
        3,
        3,
        3,
        3,
        3,
        3,
        3,
        3,
        3,
        3,
        3,
        3,
        3,
        3,
        3,
        3,
        3,
        3,
        3,
        3,
        3,
        3,
        3,
        3,
        3,
        3,
        3,
        3,
        3,
        3,
        1,
        1,
        1,
        1,
        3,
        3,
        3,
        3,
        3,
        1,
        1,
        1,
        1,
        1,
        1,
        1,
        1,
        1,
        2,
        2,
        2,
        2,
        2,
        3,
        2,
        2,
        2,
        2,
        3,
        3,
        3,
        3,
        3,
        3,
        3,
        3,
        3,
        3,
        3,
        3,
        3,
        3,
        3,
        3,
        3,
        3,
        3,
        3,
        3,
        3,
        3,
        3,
        3,
        3,
        3,
        3,
        2,
        3,
        3,
        3,
        3,
        3,
        3,
        3,
        3,
        3,
        3,
        3,
        3,
        3,
        3,
        3,
        3,
        3,
        3,
        3,
        3,
        3,
        3,
        3,
        3,
        3,
        1,
        1,
        1,
        1,
        1,
        1,
        1,
        1,
        1,
        1,
        1,
        3,
        3,
        3,
        3,
        3,
        3,
        3,
        1,
        1,
        1,
        3,
        3,
        3,
        3,
        1,
        3,
        3,
        3,
        3,
        3,
        3,
        3,
        3,
        3,
        3,
        3,
        3,
        3,
        3,
        3,
        3,
        3,
        3,
        3,
        3,
        3,
        3,
        3,
        3,
        3,
        3,
        3,
        3,
        3,
        3,
        3,
        3,
        3,
        3,
        3,
        3,
        3,
        3,
        3,
        3,
        3,
        3,
        3,
        1,
        1,
        1,
        1,
        1,
        1,
        1,
        1,
        1,
        1,
        1,
        1,
        1,
        1,
        1,
        1,
        1,
        1,
        1,
        1,
        1,
        1,
        2,
        2,
        2,
        2,
        2,
        2,
        2,
        2,
        3,
        3,
        3,
        3,
        3,
        3,
        1,
        1,
        1,
        3,
        3,
        3,
        1,
        3,
        3,
        3,
        3,
        3,
        3,
        3,
        3,
        3,
        3,
        3,
        1,
        1,
        1,
        2,
        2,
        2,
        2,
        2,
        2,
        2,
        1,
        1,
        3,
        3,
        1,
        1,
        1,
        3,
        3,
        3,
        3,
        3,
        3,
        2,
        2,
        2,
        2,
        2,
        3,
        3,
        2,
        2,
        1,
        1,
        4,
        4,
        3,
        3,
        3,
        3,
        4,
        4,
        4,
        4,
        4,
        4,
        4,
        4,
        4,
        4,
        4,
        4,
        4,
        4,
        4,
        4,
        4,
        4,
        4,
        3,
        3,
        3,
        3,
        3,
        3,
        3,
        3,
        3,
        3,
        3,
        3,
        3,
        3,
        3,
        3,
        3,
        3,
        3,
        3,
        3,
        3,
        2,
        3,
        3,
        3,
        3,
        2,
        2,
        2,
        2,
        2,
        2,
        3,
        3,
        2,
        2,
        3,
        3,
        3,
        3,
        3,
        2,
        2,
        2,
        2,
        2,
        1,
        4,
        1,
        3,
        2,
        2,
        2,
        2,
        3,
        2,
        3,
        3,
        3,
        3,
        3,
        3,
        3,
        3,
        3,
        3,
        3,
        2,
        2,
        2,
        1,
        1,
        2,
        3,
        3,
        3,
        3,
        2,
        2,
        2,
        2,
        2,
        2,
        2,
        2,
        2,
        2,
        2,
        2,
        2,
        2,
        2,
        2,
        2,
        2,
        2,
        2,
        2,
        2,
        2,
        2,
        2,
        2,
        2,
        2,
        2,
        2,
        2,
        2,
        2,
        2,
        2,
        2,
        2,
        2,
        2,
        2,
        2,
        2,
        2,
        2,
        2,
        2,
        1,
        1,
        1,
        1,
        1,
        1,
        1,
        1,
        1,
        2,
        2,
        2,
        2,
        2,
        2,
        2,
        2,
        3,
        1,
        1,
        1,
        1,
        1,
        1,
        1,
        1,
        1,
        1,
        1,
        1,
        1,
        1,
        1,
        1,
        1,
        1,
        1,
        1,
        1,
        1,
        1,
        1,
        1,
        1,
        1,
        2,
        2,
        2,
        2,
        2,
        2,
        2,
        2,
        2,
        2,
        2,
        2,
        2,
        2,
        2,
        2,
        2,
        2,
        2,
        2,
        2,
        2,
        2,
        2,
        2,
        2,
        2,
        2,
        2,
        2,
        2,
        2,
        2,
        2,
        2,
        2,
        2,
        2,
        2,
        2,
        2,
        2,
        2,
        2,
        2,
        2,
        2,
        2,
        2,
        2,
        2,
        2,
        2,
        2,
        2,
        2,
        2,
        2,
        2,
        2,
        2,
        2,
        2,
        2,
        2,
        2,
        2,
        1,
        1,
        1,
        2,
        1,
        2,
        2,
        2,
        2,
        2,
        2,
        2,
        2,
        2,
        2,
        2,
        2,
        2,
        2,
        2,
        2,
        2,
        2,
        2,
        2,
        2,
        2,
        2,
        2,
        2,
        2,
        2,
        2,
        2,
        2,
        2,
        2,
        2,
        2,
        2,
        2,
        2,
        2,
        2,
        2,
        2,
        2,
        2,
        2,
        2,
        2,
        2,
        2,
        2,
        2,
        2,
        2,
        2,
        2,
        2,
        2,
        2,
        2,
        2,
        2,
        2,
        2,
        2,
        2,
        2,
        2,
        2,
        2,
        2,
        2,
        2,
        2,
        2,
        2,
        2,
        2,
        2,
        2,
        2,
        2,
        2,
        2,
        2,
        2,
        2,
        2,
        2,
        2,
        2,
        2,
        2,
        2,
        2,
        2,
        2,
        1,
        1,
        1,
        1,
        1,
        1,
        1,
        2,
        2,
        2,
        2,
        2,
        2,
        2,
        2,
        2,
        2,
        2,
        2,
        2,
        2,
        2,
        2,
        2,
        2,
        2,
        2,
        2,
        2,
        2,
        2,
        2,
        2,
        2,
        2,
        2,
        2,
        2,
        2,
        2,
        2,
        2,
        2,
        2,
        2,
        2,
        2,
        2,
        2,
        2,
        2,
        2,
        2,
        2,
        2,
        2,
        2,
        2,
        2,
        2,
        4,
        4,
        4,
        4,
        4,
        4,
        4,
        4,
        4,
        1,
        1,
        1,
        1
      ],
      "active_slot_count": [
        5,
        5,
        5,
        5,
        5,
        5,
        5,
        5,
        5,
        5,
        5,
        5,
        5,
        5,
        5,
        5,
        5,
        5,
        5,
        5,
        5,
        5,
        5,
        5,
        5,
        5,
        5,
        5,
        5,
        5,
        5,
        5,
        5,
        5,
        5,
        5,
        5,
        5,
        5,
        5,
        5,
        5,
        5,
        5,
        5,
        5,
        5,
        5,
        5,
        5,
        5,
        5,
        5,
        5,
        5,
        5,
        5,
        5,
        5,
        5,
        5,
        5,
        5,
        5,
        5,
        5,
        5,
        5,
        5,
        5,
        5,
        5,
        5,
        5,
        5,
        5,
        5,
        5,
        5,
        5,
        5,
        5,
        5,
        5,
        5,
        5,
        5,
        5,
        5,
        5,
        5,
        5,
        5,
        5,
        5,
        5,
        5,
        5,
        5,
        5,
        5,
        5,
        5,
        5,
        5,
        5,
        5,
        5,
        5,
        5,
        5,
        5,
        5,
        5,
        5,
        5,
        5,
        5,
        5,
        5,
        5,
        5,
        5,
        5,
        5,
        5,
        5,
        5,
        5,
        5,
        5,
        5,
        5,
        5,
        5,
        5,
        5,
        5,
        5,
        5,
        5,
        5,
        5,
        5,
        5,
        5,
        5,
        5,
        5,
        5,
        5,
        5,
        5,
        5,
        5,
        5,
        5,
        5,
        5,
        5,
        5,
        5,
        5,
        5,
        5,
        5,
        5,
        5,
        5,
        5,
        5,
        5,
        5,
        5,
        5,
        5,
        5,
        5,
        5,
        5,
        5,
        5,
        5,
        5,
        5,
        5,
        5,
        5,
        5,
        5,
        5,
        5,
        5,
        5,
        5,
        5,
        5,
        5,
        5,
        5,
        5,
        5,
        5,
        5,
        5,
        5,
        5,
        5,
        5,
        5,
        5,
        5,
        5,
        5,
        5,
        5,
        5,
        5,
        5,
        5,
        5,
        5,
        5,
        5,
        5,
        5,
        5,
        5,
        5,
        5,
        5,
        5,
        5,
        5,
        5,
        5,
        5,
        5,
        5,
        5,
        5,
        5,
        5,
        5,
        5,
        5,
        5,
        5,
        5,
        5,
        5,
        5,
        5,
        5,
        5,
        5,
        5,
        5,
        5,
        5,
        5,
        5,
        5,
        5,
        5,
        5,
        5,
        5,
        5,
        5,
        5,
        5,
        5,
        5,
        5,
        5,
        5,
        5,
        5,
        5,
        5,
        5,
        5,
        5,
        5,
        5,
        5,
        5,
        5,
        5,
        5,
        5,
        5,
        5,
        5,
        5,
        5,
        5,
        5,
        5,
        5,
        5,
        5,
        5,
        5,
        5,
        5,
        5,
        5,
        5,
        5,
        5,
        5,
        5,
        5,
        5,
        5,
        5,
        5,
        5,
        5,
        5,
        5,
        5,
        5,
        5,
        5,
        5,
        5,
        5,
        5,
        5,
        5,
        5,
        5,
        5,
        5,
        5,
        5,
        5,
        5,
        5,
        5,
        5,
        5,
        5,
        5,
        5,
        5,
        5,
        5,
        5,
        5,
        5,
        5,
        5,
        5,
        5,
        5,
        5,
        5,
        5,
        5,
        5,
        5,
        5,
        5,
        5,
        5,
        5,
        5,
        5,
        5,
        5,
        5,
        5,
        5,
        5,
        5,
        5,
        5,
        5,
        5,
        5,
        5,
        5,
        5,
        5,
        5,
        5,
        5,
        5,
        5,
        5,
        5,
        5,
        5,
        5,
        5,
        5,
        5,
        5,
        5,
        5,
        5,
        5,
        5,
        5,
        5,
        5,
        5,
        5,
        5,
        5,
        5,
        5,
        5,
        5,
        5,
        5,
        5,
        5,
        5,
        5,
        5,
        5,
        5,
        5,
        5,
        5,
        5,
        5,
        5,
        5,
        5,
        5,
        5,
        5,
        5,
        5,
        5,
        5,
        5,
        5,
        5,
        5,
        5,
        5,
        5,
        5,
        5,
        5,
        5,
        5,
        5,
        5,
        5,
        5,
        5,
        5,
        5,
        5,
        5,
        5,
        5,
        5,
        5,
        5,
        5,
        5,
        5,
        5,
        5,
        5,
        5,
        5,
        5,
        5,
        5,
        5,
        5,
        5,
        5,
        5,
        5,
        5,
        5,
        5,
        5,
        5,
        5,
        5,
        5,
        5,
        5,
        5,
        5,
        5,
        5,
        5,
        5,
        5,
        5,
        5,
        5,
        5,
        5,
        5,
        5,
        5,
        5,
        5,
        5,
        5,
        5,
        5,
        5,
        5,
        5,
        5,
        5,
        5,
        5,
        5,
        5,
        5,
        5,
        5,
        5,
        5,
        5,
        5,
        5,
        5,
        5,
        5,
        5,
        5,
        5,
        5,
        5,
        5,
        5,
        5,
        5,
        5,
        5,
        5,
        5,
        5,
        5,
        5,
        5,
        5,
        5,
        5,
        5,
        5,
        5,
        5,
        5,
        5,
        5,
        5,
        5,
        5,
        5,
        5,
        5,
        5,
        5,
        5,
        5,
        5,
        5,
        5,
        5,
        5,
        5,
        5,
        5,
        5,
        5,
        5,
        5,
        5,
        5,
        5,
        5,
        5,
        5,
        5,
        5,
        5,
        5,
        5,
        5,
        5,
        5,
        5,
        5,
        5,
        5,
        5,
        5,
        5,
        5,
        5,
        5,
        5,
        5,
        5,
        5,
        5,
        5,
        5,
        5,
        5,
        5,
        5,
        5,
        5,
        5,
        5,
        5,
        5,
        5,
        5,
        5,
        5,
        5,
        5,
        5,
        5,
        5,
        5,
        5,
        5,
        5,
        5,
        5,
        5,
        5,
        5,
        5,
        5,
        5,
        5,
        5,
        5,
        5,
        5,
        5,
        5,
        5,
        5,
        5,
        5,
        5,
        5,
        5,
        5,
        5,
        5,
        5,
        5,
        5,
        5,
        5,
        5,
        5,
        5,
        5,
        5,
        5,
        5,
        5,
        5,
        5,
        5,
        5,
        5,
        5,
        5,
        5,
        5,
        5,
        5,
        5,
        5,
        5,
        5,
        5,
        5,
        5,
        5,
        5,
        5,
        5,
        5,
        5,
        5,
        5,
        5,
        5,
        5,
        5,
        5,
        5,
        5,
        5,
        5,
        5,
        5,
        5,
        5,
        5,
        5,
        5,
        5,
        5,
        5,
        5,
        5,
        5,
        5,
        5,
        5,
        5,
        5,
        5,
        5,
        5,
        5,
        5,
        5,
        5,
        5,
        5,
        5,
        5,
        5,
        5,
        5,
        5,
        5,
        5,
        5,
        5,
        5,
        5,
        5,
        5,
        5,
        5,
        5,
        5,
        5,
        5,
        5,
        5,
        5,
        5,
        5,
        5,
        5,
        5,
        5,
        5,
        5,
        5,
        5,
        5,
        5,
        5,
        5,
        5,
        5,
        5,
        5,
        5,
        5,
        5,
        5,
        5,
        5,
        5,
        5,
        5,
        5,
        5,
        5,
        5,
        5,
        5,
        5,
        5,
        5,
        5,
        5,
        5,
        5,
        5,
        5,
        5,
        5,
        5,
        5,
        5,
        5,
        5,
        5,
        5,
        5,
        5,
        5,
        5,
        5,
        5,
        5,
        5,
        5,
        5,
        5,
        5,
        5,
        5,
        5,
        5,
        5,
        5,
        5,
        5,
        5,
        5,
        5,
        5,
        5,
        5,
        5,
        5,
        5,
        5,
        5,
        5,
        5,
        5,
        5,
        5,
        5,
        5,
        5,
        5,
        5,
        5,
        5,
        5,
        5,
        5,
        5,
        5,
        5,
        5,
        5,
        5,
        5,
        5,
        5,
        5,
        5,
        5,
        5,
        5,
        5,
        5,
        5,
        5,
        5,
        5,
        5,
        5,
        5,
        5,
        5,
        5,
        5,
        5,
        5,
        5,
        5,
        5,
        5,
        5,
        5,
        5,
        5,
        5,
        5,
        5,
        5,
        5,
        5,
        5,
        5,
        5,
        5,
        5,
        5,
        5,
        5,
        5,
        5,
        5,
        5,
        5,
        5,
        5,
        5,
        5,
        5,
        5,
        5,
        5,
        5,
        5,
        5,
        5,
        5,
        5,
        5,
        5,
        5,
        5,
        5,
        5,
        5,
        5,
        5,
        5,
        5,
        5,
        5,
        5,
        5,
        5,
        5,
        5,
        5,
        5,
        5,
        5,
        5,
        5,
        5,
        5,
        5,
        5,
        5,
        5,
        5,
        5,
        5,
        5,
        5,
        5,
        5,
        5,
        5,
        5,
        5,
        5,
        5,
        5,
        5,
        5,
        5,
        5,
        5,
        5,
        5,
        5,
        5,
        5,
        5,
        5,
        5,
        5,
        5,
        5,
        5,
        5,
        5,
        5,
        5,
        5,
        5,
        5,
        5,
        5,
        5,
        5,
        5,
        5,
        5,
        5,
        5,
        5,
        5,
        5,
        5,
        5,
        5,
        5,
        5,
        5,
        5,
        5,
        5,
        5,
        5,
        5,
        5,
        5,
        5,
        5,
        5,
        5,
        5,
        5,
        5,
        5,
        5,
        5,
        5,
        5,
        5,
        5,
        5,
        5,
        5,
        5,
        5,
        5,
        5,
        5,
        5,
        5,
        5,
        5,
        5,
        5,
        5,
        5,
        5,
        5,
        5,
        5,
        5,
        5,
        5,
        5,
        5,
        5,
        5,
        5,
        5,
        5,
        5,
        5,
        5,
        5,
        5,
        5,
        5,
        5,
        5,
        5,
        5,
        5,
        5,
        5,
        5,
        5,
        5,
        5,
        5,
        5,
        5,
        5,
        5,
        5,
        5,
        5,
        5,
        5,
        5,
        5,
        5,
        5,
        5,
        5,
        5,
        5,
        5,
        5,
        5,
        5,
        5,
        5,
        5,
        5,
        5,
        5,
        5,
        5,
        5,
        5,
        5,
        5,
        5,
        5,
        5,
        5,
        5,
        5,
        5,
        5,
        5,
        5,
        5,
        5,
        5,
        5,
        5,
        5,
        5,
        5,
        5,
        5,
        5,
        5,
        5,
        5,
        5,
        5,
        5,
        5,
        5,
        5,
        5,
        5,
        5,
        5,
        5,
        5,
        5,
        5,
        5,
        5,
        5,
        5,
        5,
        5,
        5,
        5,
        5,
        5,
        5,
        5,
        5,
        5,
        5,
        5,
        5,
        5,
        5,
        5,
        5,
        5,
        5,
        5,
        5,
        5,
        5,
        5,
        5,
        5,
        5,
        5,
        5,
        5,
        5,
        5,
        5,
        5,
        5,
        5,
        5,
        5,
        5,
        5,
        5,
        5,
        5,
        5,
        5,
        5,
        5,
        5,
        5,
        5,
        5,
        5,
        5,
        5,
        5,
        5,
        5,
        5,
        5,
        5,
        5,
        5,
        5,
        5,
        5,
        5,
        5,
        5,
        5,
        5,
        5,
        5,
        5,
        5,
        5,
        5,
        5,
        5,
        5,
        5,
        5,
        5,
        5,
        5,
        5,
        5,
        5,
        5,
        5,
        5,
        5,
        5,
        5,
        5,
        5,
        5,
        5,
        5,
        5,
        5,
        5,
        5,
        5,
        5,
        5,
        5,
        5,
        5,
        5,
        5,
        5,
        5,
        5,
        5,
        5,
        5,
        5,
        5,
        5,
        5,
        5,
        5,
        5,
        5,
        5,
        5,
        5,
        5,
        5,
        5,
        5,
        5,
        5,
        5,
        5,
        5,
        5,
        5,
        5,
        5,
        5,
        5,
        5,
        5,
        5,
        5,
        5,
        5,
        5,
        5,
        5,
        5,
        5,
        5,
        5,
        5,
        5,
        5,
        5,
        5,
        5,
        5,
        5,
        5,
        5,
        5,
        5,
        5,
        5,
        5,
        5,
        5,
        5,
        5,
        5,
        5,
        5,
        5,
        5,
        5,
        5,
        5,
        5,
        5,
        5,
        5,
        5,
        5,
        5,
        5,
        5,
        5,
        5,
        5,
        5,
        5,
        5,
        5,
        5,
        5,
        5,
        5,
        5,
        5,
        5,
        5,
        5,
        5,
        5,
        5,
        5,
        5,
        5,
        5,
        5,
        5,
        5,
        5,
        5,
        5,
        5,
        5,
        5,
        5,
        5,
        5,
        5,
        5,
        5,
        5,
        5,
        5,
        5,
        5,
        5,
        5,
        5,
        5,
        5,
        5,
        5,
        5,
        5,
        5,
        5,
        5,
        5,
        5,
        5,
        5,
        5,
        5,
        5,
        5,
        5,
        5,
        5,
        5,
        5,
        5,
        5,
        5,
        5,
        5,
        5,
        5,
        5,
        5,
        5,
        5,
        5,
        5,
        5,
        5,
        5,
        5,
        5,
        5,
        5,
        5,
        5,
        5,
        5,
        5,
        5,
        5,
        5,
        5,
        5,
        5,
        5,
        5,
        5,
        5,
        5,
        5,
        5,
        5,
        5,
        5,
        5,
        5,
        5,
        5,
        5,
        5,
        5,
        5,
        5,
        5,
        5,
        5,
        5,
        5,
        5,
        5,
        5,
        5,
        5,
        5,
        5,
        5,
        5,
        5,
        5,
        5,
        5,
        5,
        5,
        5,
        5,
        5,
        5,
        5,
        5,
        5,
        5,
        5,
        5,
        5,
        5,
        5,
        5,
        5,
        5,
        5,
        5,
        5,
        5,
        5,
        5,
        5,
        5,
        5,
        5,
        5,
        5,
        5,
        5,
        5,
        5,
        5,
        5,
        5,
        5,
        5,
        5,
        5,
        5,
        5,
        5,
        5,
        5,
        5,
        5,
        5,
        5,
        5,
        5,
        5,
        5,
        5,
        5,
        5,
        5,
        5,
        5,
        5,
        5,
        5,
        5,
        5,
        5,
        5,
        5,
        5,
        5,
        5,
        5,
        5,
        5,
        5,
        5,
        5,
        5,
        5,
        5,
        5,
        5,
        5,
        5,
        5,
        5,
        5,
        5,
        5,
        5,
        5,
        5,
        5,
        5,
        5,
        5,
        5,
        5,
        5,
        5,
        5,
        5,
        5,
        5,
        5,
        5,
        5,
        5,
        5,
        5,
        5,
        5,
        5,
        5,
        5,
        5,
        5,
        5,
        5,
        5,
        5,
        5,
        5,
        5,
        5,
        5,
        5,
        5,
        5,
        5,
        5,
        5,
        5,
        5,
        5,
        5,
        5,
        5,
        5,
        5,
        5,
        5,
        5,
        5,
        5,
        5,
        5,
        5,
        5,
        5,
        5,
        5,
        5,
        5,
        5,
        5,
        5,
        5,
        5,
        5,
        5,
        5,
        5,
        5,
        5,
        5,
        5,
        5,
        5,
        5,
        5,
        5,
        5,
        5,
        5,
        5,
        5,
        5,
        5,
        5,
        5,
        5,
        5,
        5,
        5,
        5,
        5,
        5,
        5,
        5,
        5,
        5,
        5,
        5,
        5,
        5,
        5,
        5,
        5,
        5,
        5,
        5,
        5,
        5,
        5,
        5,
        5,
        5,
        5,
        5,
        5,
        5,
        5,
        5,
        5,
        5,
        5,
        5,
        5,
        5,
        5,
        5,
        5,
        5,
        5,
        5,
        5,
        5,
        5,
        5,
        5,
        5,
        5,
        5,
        5,
        5,
        5,
        5,
        5,
        5,
        5,
        5,
        5,
        5,
        5,
        5,
        5,
        5,
        5,
        5,
        5,
        5,
        5,
        5,
        5,
        5,
        5,
        5,
        5,
        5,
        5,
        5,
        5,
        5,
        5,
        5,
        5,
        5,
        5,
        5,
        5,
        5,
        5,
        5,
        5,
        5,
        5,
        5,
        5,
        5,
        5,
        5,
        5,
        5,
        5,
        5,
        5,
        5,
        5,
        5,
        5,
        5,
        5,
        5,
        5,
        5,
        5,
        5,
        5,
        5,
        5,
        5,
        5,
        5,
        5,
        5,
        5,
        5,
        5,
        5,
        5,
        5,
        5,
        5,
        5,
        5,
        5,
        5,
        5,
        5,
        5,
        5,
        5,
        5,
        5,
        5,
        5,
        5,
        5,
        5,
        5,
        5,
        5,
        5,
        5,
        5,
        5,
        5,
        5,
        5,
        5,
        5,
        5,
        5,
        5,
        5,
        5,
        5,
        5,
        5,
        5,
        5,
        5,
        5,
        5,
        5,
        5,
        5,
        5,
        5,
        5,
        5,
        5,
        5,
        5,
        5,
        5,
        5,
        5,
        5,
        5,
        5,
        5,
        5,
        5,
        5,
        5,
        5,
        5,
        5,
        5,
        5,
        5,
        5,
        5,
        5,
        5,
        5,
        5,
        5,
        5,
        5,
        5,
        5,
        5,
        5,
        5,
        5,
        5,
        5,
        5,
        5,
        5,
        5,
        5,
        5,
        5,
        5,
        5,
        5,
        5,
        5,
        5,
        5,
        5,
        5,
        5,
        5,
        5,
        5,
        5,
        5,
        5,
        5,
        5,
        5,
        5,
        5,
        5,
        5,
        5,
        5,
        5,
        5,
        5,
        5,
        5,
        5,
        5,
        5,
        5,
        5,
        5,
        5,
        5,
        5,
        5,
        5,
        5,
        5,
        5,
        5,
        5,
        5,
        5,
        5,
        5,
        5,
        5,
        5,
        5,
        5,
        5,
        5,
        5,
        5,
        5,
        5,
        5,
        5,
        5,
        5,
        5,
        5,
        5,
        5,
        5,
        5,
        5,
        5,
        5,
        5,
        5,
        5,
        5,
        5,
        5,
        5,
        5,
        5,
        5,
        5,
        5,
        5,
        5,
        5,
        5,
        5,
        5,
        5,
        5,
        5,
        5,
        5,
        5,
        5,
        5,
        5,
        5,
        5,
        5,
        5,
        5,
        5,
        5,
        5,
        5,
        5,
        5,
        5,
        5,
        5,
        5,
        5,
        5,
        5,
        5,
        5,
        5,
        5,
        5,
        5,
        5,
        5,
        5,
        5,
        5,
        5,
        5,
        5,
        5,
        5,
        5,
        5,
        5,
        5,
        5,
        5,
        5,
        5,
        5,
        5,
        5,
        5,
        5,
        5,
        5,
        5,
        5,
        5,
        5,
        5,
        5,
        5,
        5,
        5,
        5,
        5,
        5,
        5,
        5,
        5,
        5,
        5,
        5,
        5,
        5,
        5,
        5,
        5,
        5,
        5,
        5,
        5,
        5,
        5,
        5,
        5,
        5,
        5
      ],
      "support_reference_path_overlap": 0,
      "support_reference_content_overlap": 0,
      "active_mask_sha256": "c087fcb2de5d4a0461b8b28c14533875d95fd616775b15011897a65181e15577"
    },
    {
      "fold": 3,
      "eligible_query_count": 2066,
      "original_query_count": 2210,
      "eligible_query_ratio": 0.934841628959276,
      "eligible_pid_count": 491,
      "original_pid_count": 519,
      "eligible_pid_ratio": 0.9460500963391136,
      "removal_reasons": {
        "no_valid_positive_reference": 127,
        "fewer_than_three_support_donors": 17
      },
      "donor_count": [
        14,
        14,
        14,
        14,
        14,
        14,
        12,
        12,
        12,
        12,
        12,
        12,
        12,
        12,
        14,
        14,
        14,
        14,
        14,
        15,
        15,
        15,
        15,
        15,
        12,
        12,
        12,
        15,
        15,
        15,
        15,
        16,
        16,
        15,
        14,
        14,
        5,
        5,
        5,
        5,
        5,
        5,
        5,
        4,
        4,
        4,
        11,
        11,
        11,
        14,
        13,
        13,
        13,
        14,
        11,
        11,
        11,
        10,
        15,
        15,
        15,
        15,
        15,
        15,
        15,
        15,
        15,
        15,
        16,
        16,
        16,
        16,
        13,
        14,
        3,
        3,
        3,
        15,
        15,
        12,
        12,
        3,
        3,
        4,
        29,
        29,
        29,
        15,
        15,
        15,
        15,
        15,
        13,
        13,
        13,
        9,
        9,
        9,
        9,
        17,
        17,
        17,
        17,
        12,
        10,
        10,
        10,
        10,
        10,
        14,
        14,
        14,
        19,
        19,
        19,
        10,
        22,
        18,
        4,
        4,
        18,
        18,
        17,
        16,
        16,
        15,
        15,
        15,
        15,
        15,
        15,
        15,
        15,
        13,
        5,
        5,
        5,
        4,
        4,
        5,
        5,
        5,
        12,
        12,
        13,
        13,
        3,
        3,
        3,
        3,
        15,
        15,
        13,
        16,
        16,
        16,
        16,
        17,
        4,
        4,
        4,
        4,
        14,
        14,
        14,
        14,
        13,
        13,
        13,
        13,
        15,
        13,
        13,
        13,
        13,
        8,
        8,
        8,
        10,
        10,
        10,
        14,
        14,
        14,
        14,
        15,
        15,
        5,
        5,
        5,
        5,
        5,
        4,
        12,
        16,
        16,
        10,
        10,
        14,
        16,
        15,
        9,
        9,
        9,
        9,
        9,
        9,
        17,
        17,
        17,
        17,
        17,
        16,
        5,
        5,
        12,
        10,
        10,
        10,
        10,
        20,
        20,
        20,
        5,
        5,
        5,
        5,
        5,
        5,
        5,
        5,
        5,
        5,
        5,
        5,
        28,
        28,
        17,
        31,
        3,
        3,
        3,
        3,
        14,
        14,
        14,
        14,
        12,
        13,
        13,
        13,
        13,
        17,
        13,
        8,
        8,
        11,
        10,
        12,
        12,
        12,
        12,
        12,
        14,
        14,
        14,
        10,
        10,
        10,
        5,
        5,
        5,
        5,
        14,
        4,
        14,
        14,
        14,
        6,
        6,
        6,
        6,
        5,
        12,
        12,
        12,
        12,
        13,
        14,
        14,
        12,
        12,
        13,
        13,
        13,
        13,
        13,
        13,
        13,
        13,
        13,
        13,
        14,
        14,
        14,
        15,
        15,
        10,
        9,
        16,
        16,
        16,
        16,
        4,
        4,
        13,
        13,
        13,
        13,
        13,
        10,
        9,
        9,
        9,
        9,
        9,
        10,
        10,
        10,
        5,
        5,
        5,
        5,
        6,
        6,
        6,
        9,
        9,
        9,
        8,
        5,
        5,
        5,
        5,
        5,
        5,
        5,
        5,
        9,
        9,
        9,
        11,
        11,
        11,
        16,
        16,
        16,
        16,
        16,
        11,
        11,
        11,
        11,
        11,
        11,
        11,
        11,
        12,
        12,
        15,
        16,
        16,
        16,
        16,
        13,
        16,
        12,
        12,
        12,
        12,
        10,
        6,
        6,
        6,
        4,
        16,
        16,
        13,
        7,
        7,
        7,
        7,
        10,
        9,
        9,
        4,
        14,
        14,
        14,
        14,
        17,
        17,
        17,
        17,
        12,
        12,
        15,
        15,
        14,
        14,
        14,
        14,
        14,
        8,
        8,
        8,
        8,
        8,
        8,
        8,
        8,
        13,
        13,
        11,
        17,
        17,
        17,
        17,
        17,
        16,
        17,
        17,
        14,
        6,
        6,
        6,
        13,
        17,
        15,
        16,
        6,
        6,
        6,
        13,
        13,
        13,
        16,
        15,
        16,
        16,
        16,
        16,
        13,
        5,
        5,
        5,
        4,
        4,
        14,
        14,
        14,
        14,
        14,
        15,
        15,
        15,
        13,
        13,
        13,
        13,
        14,
        14,
        11,
        27,
        27,
        27,
        27,
        27,
        27,
        27,
        27,
        27,
        27,
        27,
        20,
        20,
        20,
        20,
        20,
        20,
        20,
        20,
        20,
        20,
        20,
        20,
        13,
        13,
        13,
        15,
        11,
        11,
        11,
        11,
        11,
        5,
        5,
        5,
        16,
        16,
        16,
        16,
        12,
        12,
        12,
        12,
        10,
        10,
        15,
        15,
        16,
        13,
        13,
        13,
        13,
        13,
        14,
        14,
        15,
        15,
        14,
        14,
        12,
        13,
        7,
        7,
        7,
        7,
        13,
        10,
        10,
        10,
        10,
        10,
        10,
        10,
        10,
        10,
        10,
        10,
        10,
        10,
        10,
        11,
        11,
        11,
        17,
        17,
        15,
        12,
        12,
        12,
        12,
        14,
        11,
        11,
        11,
        8,
        8,
        8,
        13,
        9,
        10,
        10,
        10,
        10,
        8,
        7,
        7,
        7,
        7,
        4,
        4,
        4,
        4,
        4,
        4,
        4,
        13,
        13,
        13,
        13,
        5,
        5,
        5,
        5,
        18,
        18,
        18,
        18,
        18,
        13,
        13,
        13,
        4,
        4,
        4,
        11,
        11,
        12,
        7,
        3,
        3,
        3,
        4,
        4,
        4,
        4,
        6,
        6,
        6,
        11,
        10,
        10,
        10,
        10,
        10,
        10,
        10,
        10,
        17,
        17,
        12,
        12,
        12,
        12,
        14,
        14,
        11,
        17,
        17,
        17,
        17,
        17,
        15,
        15,
        13,
        15,
        15,
        15,
        15,
        15,
        15,
        15,
        15,
        14,
        14,
        14,
        14,
        14,
        14,
        13,
        13,
        13,
        13,
        13,
        6,
        4,
        4,
        4,
        4,
        4,
        14,
        14,
        14,
        3,
        3,
        3,
        14,
        14,
        14,
        14,
        15,
        13,
        13,
        13,
        14,
        14,
        13,
        12,
        12,
        5,
        5,
        13,
        7,
        14,
        14,
        14,
        13,
        13,
        15,
        15,
        15,
        15,
        16,
        16,
        16,
        16,
        16,
        16,
        13,
        13,
        15,
        14,
        11,
        11,
        14,
        14,
        15,
        13,
        3,
        3,
        3,
        4,
        4,
        13,
        13,
        13,
        13,
        14,
        14,
        11,
        11,
        11,
        11,
        13,
        13,
        13,
        13,
        14,
        14,
        14,
        14,
        14,
        14,
        13,
        13,
        11,
        18,
        18,
        18,
        18,
        18,
        18,
        19,
        19,
        18,
        18,
        18,
        10,
        10,
        10,
        10,
        3,
        3,
        3,
        15,
        15,
        15,
        15,
        17,
        19,
        19,
        19,
        19,
        19,
        19,
        19,
        15,
        15,
        15,
        15,
        13,
        13,
        13,
        14,
        15,
        15,
        15,
        15,
        13,
        13,
        14,
        14,
        14,
        14,
        13,
        13,
        13,
        13,
        13,
        16,
        16,
        16,
        16,
        16,
        16,
        14,
        14,
        14,
        14,
        14,
        14,
        14,
        14,
        25,
        25,
        25,
        25,
        23,
        23,
        23,
        15,
        15,
        15,
        24,
        24,
        24,
        14,
        14,
        12,
        12,
        12,
        12,
        12,
        4,
        4,
        4,
        19,
        19,
        19,
        19,
        13,
        11,
        10,
        10,
        10,
        10,
        10,
        9,
        9,
        9,
        9,
        9,
        11,
        11,
        11,
        11,
        8,
        8,
        11,
        11,
        11,
        11,
        15,
        15,
        5,
        5,
        5,
        5,
        5,
        4,
        5,
        5,
        9,
        9,
        15,
        15,
        5,
        5,
        5,
        14,
        14,
        15,
        16,
        16,
        16,
        16,
        13,
        13,
        13,
        13,
        14,
        14,
        14,
        15,
        13,
        13,
        13,
        13,
        10,
        8,
        8,
        10,
        10,
        10,
        10,
        6,
        6,
        6,
        4,
        4,
        14,
        14,
        14,
        14,
        14,
        14,
        14,
        14,
        14,
        3,
        3,
        3,
        3,
        3,
        4,
        4,
        4,
        4,
        16,
        16,
        16,
        16,
        16,
        16,
        16,
        14,
        14,
        14,
        12,
        12,
        12,
        12,
        12,
        5,
        5,
        6,
        6,
        6,
        6,
        6,
        6,
        6,
        6,
        6,
        6,
        6,
        7,
        7,
        7,
        7,
        4,
        8,
        8,
        8,
        8,
        8,
        13,
        13,
        13,
        14,
        14,
        14,
        13,
        4,
        4,
        4,
        14,
        14,
        14,
        14,
        6,
        6,
        8,
        8,
        8,
        8,
        8,
        9,
        9,
        9,
        9,
        11,
        11,
        11,
        11,
        9,
        9,
        4,
        4,
        4,
        15,
        15,
        17,
        17,
        17,
        17,
        17,
        10,
        10,
        4,
        4,
        4,
        4,
        4,
        4,
        4,
        4,
        18,
        18,
        18,
        14,
        14,
        20,
        17,
        18,
        18,
        18,
        16,
        18,
        18,
        18,
        14,
        14,
        14,
        14,
        4,
        4,
        4,
        4,
        7,
        13,
        13,
        14,
        15,
        15,
        15,
        15,
        13,
        5,
        9,
        9,
        12,
        12,
        12,
        14,
        14,
        14,
        14,
        16,
        16,
        12,
        14,
        14,
        14,
        15,
        6,
        6,
        6,
        6,
        6,
        6,
        6,
        6,
        8,
        13,
        13,
        11,
        11,
        11,
        11,
        11,
        12,
        4,
        4,
        4,
        4,
        4,
        10,
        10,
        10,
        11,
        17,
        17,
        17,
        13,
        13,
        13,
        9,
        9,
        11,
        11,
        11,
        11,
        11,
        12,
        12,
        12,
        12,
        12,
        5,
        17,
        17,
        17,
        17,
        17,
        16,
        14,
        14,
        14,
        14,
        5,
        13,
        13,
        13,
        5,
        5,
        4,
        16,
        16,
        16,
        17,
        17,
        17,
        17,
        17,
        20,
        15,
        15,
        13,
        5,
        5,
        5,
        5,
        19,
        19,
        19,
        19,
        19,
        19,
        18,
        14,
        14,
        14,
        14,
        14,
        14,
        14,
        13,
        13,
        13,
        15,
        15,
        15,
        15,
        15,
        15,
        16,
        16,
        16,
        17,
        17,
        17,
        17,
        17,
        17,
        17,
        16,
        16,
        16,
        16,
        16,
        16,
        16,
        14,
        14,
        14,
        14,
        14,
        73,
        17,
        17,
        17,
        74,
        13,
        13,
        13,
        13,
        14,
        14,
        15,
        15,
        15,
        15,
        15,
        9,
        15,
        15,
        12,
        12,
        12,
        12,
        12,
        4,
        4,
        4,
        4,
        3,
        3,
        17,
        17,
        17,
        15,
        15,
        15,
        13,
        13,
        13,
        13,
        12,
        15,
        18,
        18,
        18,
        18,
        4,
        4,
        4,
        4,
        4,
        16,
        16,
        16,
        16,
        16,
        16,
        16,
        16,
        16,
        16,
        16,
        14,
        14,
        15,
        15,
        15,
        15,
        15,
        9,
        9,
        9,
        9,
        9,
        9,
        9,
        9,
        9,
        10,
        10,
        10,
        10,
        12,
        12,
        12,
        13,
        13,
        13,
        13,
        6,
        6,
        6,
        6,
        6,
        6,
        6,
        6,
        5,
        5,
        5,
        5,
        5,
        44,
        44,
        44,
        44,
        14,
        14,
        14,
        14,
        13,
        12,
        12,
        12,
        10,
        12,
        12,
        12,
        12,
        12,
        7,
        7,
        7,
        12,
        16,
        16,
        16,
        16,
        8,
        8,
        8,
        8,
        6,
        15,
        15,
        15,
        15,
        15,
        15,
        15,
        15,
        15,
        15,
        15,
        15,
        15,
        14,
        14,
        14,
        5,
        5,
        4,
        4,
        4,
        4,
        12,
        12,
        12,
        13,
        13,
        13,
        13,
        15,
        5,
        5,
        5,
        6,
        20,
        20,
        21,
        21,
        17,
        17,
        18,
        5,
        5,
        5,
        5,
        5,
        5,
        5,
        14,
        14,
        14,
        14,
        14,
        14,
        14,
        16,
        12,
        12,
        12,
        12,
        13,
        12,
        18,
        18,
        18,
        18,
        17,
        17,
        17,
        17,
        16,
        16,
        17,
        4,
        4,
        4,
        4,
        15,
        15,
        15,
        15,
        14,
        4,
        4,
        4,
        5,
        5,
        5,
        5,
        5,
        5,
        8,
        8,
        8,
        8,
        8,
        13,
        8,
        8,
        8,
        8,
        13,
        13,
        13,
        16,
        16,
        16,
        16,
        16,
        17,
        14,
        15,
        15,
        15,
        15,
        14,
        14,
        16,
        16,
        16,
        16,
        16,
        16,
        16,
        16,
        16,
        16,
        16,
        16,
        6,
        11,
        11,
        11,
        12,
        11,
        11,
        11,
        11,
        11,
        13,
        13,
        13,
        115,
        115,
        115,
        111,
        111,
        111,
        111,
        12,
        12,
        12,
        12,
        12,
        14,
        5,
        5,
        5,
        5,
        4,
        4,
        4,
        4,
        46,
        46,
        46,
        46,
        16,
        16,
        45,
        5,
        5,
        5,
        15,
        15,
        15,
        15,
        3,
        3,
        6,
        25,
        25,
        25,
        25,
        25,
        24,
        24,
        24,
        24,
        24,
        24,
        23,
        23,
        23,
        22,
        23,
        23,
        23,
        23,
        22,
        22,
        24,
        24,
        24,
        24,
        24,
        23,
        23,
        23,
        23,
        23,
        23,
        23,
        24,
        24,
        24,
        24,
        24,
        24,
        22,
        22,
        22,
        22,
        5,
        5,
        5,
        5,
        5,
        5,
        5,
        6,
        6,
        6,
        6,
        6,
        6,
        6,
        6,
        3,
        3,
        3,
        3,
        3,
        3,
        5,
        6,
        6,
        6,
        6,
        6,
        6,
        6,
        10,
        15,
        15,
        15,
        15,
        15,
        15,
        4,
        6,
        6,
        14,
        14,
        14,
        9,
        9,
        13,
        13,
        13,
        13,
        10,
        10,
        10,
        10,
        10,
        5,
        5,
        5,
        10,
        10,
        10,
        12,
        6,
        6,
        6,
        13,
        13,
        16,
        16,
        16,
        15,
        15,
        15,
        9,
        9,
        11,
        11,
        13,
        14,
        14,
        3,
        13,
        13,
        6,
        6,
        23,
        23,
        28,
        28,
        28,
        28,
        28,
        28,
        28,
        28,
        28,
        28,
        38,
        38,
        38,
        38,
        38,
        38,
        38,
        38,
        38,
        42,
        42,
        42,
        42,
        34,
        28,
        28,
        28,
        28,
        28,
        28,
        28,
        28,
        28,
        28,
        28,
        28,
        28,
        35,
        46,
        10,
        11,
        10,
        10,
        10,
        10,
        7,
        6,
        6,
        6,
        6,
        8,
        8,
        8,
        8,
        6,
        6,
        14,
        14,
        5,
        5,
        5,
        5,
        5,
        5,
        26,
        26,
        6,
        6,
        6,
        6,
        6,
        9,
        12,
        9,
        9,
        11,
        7,
        15,
        4,
        6,
        12,
        10,
        10,
        7,
        7,
        11,
        28,
        38,
        38,
        34,
        34,
        34,
        34,
        34,
        33,
        33,
        7,
        8,
        5,
        6,
        4,
        4,
        7,
        16,
        16,
        11,
        11,
        8,
        8,
        8,
        8,
        8,
        8,
        8,
        8,
        13,
        13,
        13,
        25,
        25,
        27,
        27,
        27,
        14,
        30,
        30,
        10,
        22,
        22,
        22,
        26,
        26,
        26,
        26,
        26,
        26,
        30,
        30,
        30,
        30,
        30,
        30,
        30,
        30,
        30,
        30,
        30,
        6,
        12,
        48,
        48,
        48,
        48,
        4,
        4,
        5,
        5,
        11,
        11,
        11,
        9,
        9,
        6,
        6,
        11,
        3,
        106,
        106,
        106,
        5,
        5,
        5,
        5,
        5,
        5,
        5,
        5,
        5,
        5,
        5,
        5,
        5,
        5,
        5,
        5,
        5,
        5,
        5,
        5,
        5,
        8,
        8,
        10,
        9,
        10,
        9,
        9,
        9,
        11,
        11,
        11,
        11,
        11,
        7,
        9,
        8,
        9,
        9,
        9,
        9,
        11,
        8,
        9,
        9,
        7,
        10,
        9,
        9,
        8,
        10,
        10,
        10,
        10,
        7,
        9,
        9,
        9,
        9,
        9,
        10,
        8,
        11,
        10,
        11,
        8,
        8,
        8,
        10,
        12,
        8,
        8,
        11,
        8,
        9,
        11,
        9,
        11,
        8,
        8,
        8,
        7,
        7,
        11,
        6,
        6,
        6,
        7,
        10,
        9,
        9,
        12,
        6,
        6,
        5,
        5,
        6,
        7,
        6,
        6,
        8,
        10,
        6,
        9,
        7,
        7,
        5,
        5,
        7,
        7,
        7,
        7,
        9,
        10,
        8,
        8,
        7,
        11,
        9,
        9,
        6,
        8,
        8,
        8,
        7,
        7,
        7,
        7,
        7,
        12,
        9,
        9,
        9,
        8,
        8,
        8,
        8,
        8,
        8,
        7,
        11,
        214,
        214,
        31,
        31,
        7,
        11,
        10,
        7,
        7,
        5,
        6,
        6,
        6,
        7,
        11,
        11,
        11,
        11,
        8,
        6,
        10,
        6,
        6,
        11,
        11,
        7,
        10,
        10,
        10,
        8,
        8,
        10,
        12,
        10,
        6,
        9,
        7,
        6,
        5,
        5,
        8,
        10,
        10,
        7,
        8,
        17,
        9,
        9,
        9,
        9,
        6,
        5,
        5,
        5,
        5,
        5,
        5,
        7,
        7,
        7,
        7,
        7,
        7,
        9,
        11,
        7,
        7,
        11,
        11,
        11,
        7,
        7,
        7,
        7,
        11,
        12,
        7,
        7,
        8,
        8,
        8,
        8,
        7,
        8,
        8,
        11,
        11,
        8,
        10,
        10,
        10,
        10,
        10,
        10,
        12,
        12,
        43,
        43,
        43,
        43,
        43,
        43,
        43,
        43,
        43,
        43,
        58,
        58,
        58,
        132,
        132,
        132,
        132,
        132,
        148,
        46,
        60,
        60,
        60,
        60,
        60,
        60,
        60,
        60,
        246
      ],
      "donor_camera_count": [
        3,
        3,
        3,
        3,
        3,
        3,
        3,
        3,
        3,
        3,
        3,
        3,
        3,
        3,
        3,
        3,
        3,
        3,
        3,
        3,
        3,
        3,
        3,
        3,
        3,
        3,
        3,
        3,
        3,
        3,
        3,
        3,
        3,
        3,
        3,
        3,
        1,
        1,
        1,
        1,
        1,
        1,
        1,
        1,
        1,
        1,
        3,
        3,
        3,
        3,
        3,
        3,
        3,
        3,
        3,
        3,
        3,
        3,
        3,
        3,
        3,
        3,
        3,
        3,
        3,
        3,
        3,
        3,
        3,
        3,
        3,
        3,
        3,
        3,
        1,
        1,
        1,
        3,
        3,
        3,
        3,
        1,
        1,
        1,
        1,
        1,
        1,
        3,
        3,
        3,
        3,
        3,
        3,
        3,
        3,
        2,
        2,
        2,
        2,
        3,
        3,
        3,
        3,
        3,
        3,
        3,
        3,
        3,
        3,
        3,
        3,
        3,
        2,
        2,
        2,
        2,
        3,
        3,
        1,
        1,
        3,
        3,
        3,
        3,
        3,
        3,
        3,
        3,
        3,
        3,
        3,
        3,
        3,
        3,
        1,
        1,
        1,
        1,
        1,
        1,
        1,
        1,
        3,
        3,
        3,
        3,
        1,
        1,
        1,
        1,
        3,
        3,
        3,
        3,
        3,
        3,
        3,
        3,
        1,
        1,
        1,
        1,
        3,
        3,
        3,
        3,
        3,
        3,
        3,
        3,
        3,
        3,
        3,
        3,
        3,
        3,
        3,
        3,
        3,
        3,
        3,
        3,
        3,
        3,
        3,
        3,
        3,
        1,
        1,
        1,
        1,
        1,
        1,
        3,
        3,
        3,
        3,
        3,
        3,
        3,
        3,
        3,
        3,
        3,
        3,
        3,
        3,
        4,
        4,
        4,
        4,
        4,
        4,
        1,
        1,
        3,
        3,
        3,
        3,
        3,
        1,
        1,
        1,
        1,
        1,
        1,
        1,
        1,
        1,
        1,
        1,
        1,
        1,
        1,
        1,
        4,
        4,
        4,
        4,
        1,
        1,
        1,
        1,
        3,
        3,
        3,
        3,
        3,
        4,
        4,
        4,
        4,
        3,
        3,
        2,
        2,
        3,
        3,
        3,
        3,
        3,
        3,
        3,
        2,
        2,
        2,
        2,
        2,
        2,
        1,
        1,
        1,
        1,
        3,
        1,
        3,
        3,
        3,
        1,
        1,
        1,
        1,
        1,
        3,
        3,
        3,
        3,
        3,
        3,
        3,
        3,
        3,
        3,
        3,
        3,
        3,
        3,
        3,
        3,
        3,
        3,
        3,
        3,
        3,
        3,
        3,
        3,
        2,
        2,
        3,
        3,
        3,
        3,
        1,
        1,
        3,
        3,
        3,
        3,
        3,
        3,
        2,
        2,
        2,
        2,
        2,
        1,
        1,
        1,
        1,
        1,
        1,
        1,
        1,
        1,
        1,
        2,
        2,
        2,
        2,
        1,
        1,
        1,
        1,
        1,
        1,
        1,
        1,
        2,
        2,
        2,
        2,
        2,
        2,
        3,
        3,
        3,
        3,
        3,
        3,
        3,
        3,
        3,
        3,
        3,
        3,
        3,
        3,
        3,
        3,
        3,
        3,
        3,
        3,
        3,
        3,
        2,
        2,
        2,
        2,
        2,
        1,
        1,
        1,
        1,
        3,
        3,
        3,
        2,
        2,
        2,
        2,
        2,
        2,
        2,
        1,
        3,
        3,
        3,
        3,
        3,
        3,
        3,
        3,
        3,
        3,
        3,
        3,
        1,
        1,
        1,
        1,
        1,
        1,
        1,
        1,
        1,
        1,
        1,
        1,
        1,
        3,
        3,
        3,
        3,
        3,
        3,
        3,
        3,
        3,
        3,
        3,
        3,
        1,
        1,
        1,
        3,
        3,
        3,
        3,
        1,
        1,
        1,
        3,
        3,
        3,
        3,
        3,
        3,
        3,
        3,
        3,
        3,
        1,
        1,
        1,
        1,
        1,
        3,
        3,
        3,
        3,
        3,
        3,
        3,
        3,
        3,
        3,
        3,
        3,
        3,
        3,
        3,
        2,
        2,
        2,
        2,
        2,
        2,
        2,
        2,
        2,
        2,
        2,
        2,
        2,
        2,
        2,
        2,
        2,
        2,
        2,
        2,
        2,
        2,
        2,
        3,
        3,
        3,
        3,
        3,
        3,
        3,
        3,
        3,
        1,
        1,
        1,
        3,
        3,
        3,
        3,
        3,
        3,
        3,
        3,
        3,
        3,
        3,
        3,
        3,
        3,
        3,
        3,
        3,
        3,
        3,
        3,
        3,
        3,
        3,
        3,
        3,
        3,
        2,
        2,
        2,
        2,
        3,
        3,
        3,
        3,
        3,
        3,
        3,
        3,
        2,
        2,
        2,
        2,
        2,
        2,
        2,
        2,
        2,
        2,
        3,
        3,
        3,
        3,
        3,
        3,
        3,
        3,
        3,
        3,
        3,
        2,
        2,
        2,
        2,
        2,
        2,
        2,
        2,
        2,
        2,
        1,
        1,
        1,
        1,
        1,
        1,
        1,
        1,
        1,
        1,
        1,
        3,
        3,
        3,
        3,
        1,
        1,
        1,
        1,
        3,
        3,
        3,
        3,
        3,
        3,
        3,
        3,
        1,
        1,
        1,
        2,
        2,
        2,
        2,
        1,
        1,
        1,
        1,
        1,
        1,
        1,
        1,
        1,
        1,
        3,
        3,
        3,
        3,
        3,
        3,
        3,
        3,
        3,
        3,
        3,
        3,
        3,
        3,
        3,
        3,
        3,
        3,
        3,
        3,
        3,
        3,
        3,
        3,
        3,
        3,
        3,
        3,
        3,
        3,
        3,
        3,
        3,
        3,
        3,
        3,
        3,
        3,
        3,
        3,
        3,
        3,
        3,
        3,
        3,
        1,
        1,
        1,
        1,
        1,
        1,
        4,
        4,
        4,
        1,
        1,
        1,
        3,
        3,
        3,
        3,
        3,
        3,
        3,
        3,
        3,
        3,
        3,
        3,
        3,
        1,
        1,
        3,
        3,
        3,
        3,
        3,
        3,
        3,
        3,
        3,
        3,
        3,
        3,
        3,
        3,
        3,
        3,
        3,
        3,
        3,
        3,
        3,
        3,
        3,
        3,
        3,
        3,
        3,
        1,
        1,
        1,
        1,
        1,
        3,
        3,
        3,
        3,
        3,
        3,
        3,
        3,
        3,
        3,
        3,
        3,
        3,
        3,
        3,
        3,
        3,
        3,
        3,
        3,
        3,
        3,
        3,
        3,
        3,
        3,
        3,
        3,
        3,
        3,
        3,
        3,
        3,
        3,
        2,
        2,
        2,
        2,
        1,
        1,
        1,
        4,
        4,
        4,
        4,
        4,
        3,
        3,
        3,
        3,
        3,
        3,
        3,
        3,
        3,
        3,
        3,
        3,
        3,
        3,
        3,
        3,
        3,
        3,
        3,
        3,
        3,
        3,
        3,
        3,
        3,
        3,
        3,
        3,
        3,
        3,
        3,
        3,
        3,
        3,
        3,
        3,
        3,
        3,
        3,
        3,
        3,
        3,
        3,
        3,
        3,
        3,
        3,
        3,
        3,
        3,
        3,
        3,
        3,
        3,
        3,
        3,
        3,
        3,
        3,
        3,
        3,
        3,
        3,
        3,
        1,
        1,
        1,
        3,
        3,
        3,
        3,
        3,
        3,
        3,
        3,
        3,
        3,
        3,
        2,
        2,
        2,
        2,
        2,
        2,
        2,
        2,
        2,
        2,
        2,
        3,
        3,
        3,
        3,
        3,
        3,
        1,
        1,
        1,
        1,
        1,
        1,
        1,
        1,
        3,
        3,
        3,
        3,
        1,
        1,
        1,
        4,
        4,
        4,
        3,
        3,
        3,
        3,
        3,
        3,
        3,
        3,
        3,
        3,
        3,
        3,
        3,
        3,
        3,
        3,
        3,
        3,
        3,
        2,
        2,
        2,
        2,
        1,
        1,
        1,
        1,
        1,
        3,
        3,
        3,
        3,
        3,
        3,
        3,
        3,
        3,
        1,
        1,
        1,
        1,
        1,
        1,
        1,
        1,
        1,
        3,
        3,
        3,
        3,
        3,
        3,
        3,
        3,
        3,
        3,
        3,
        3,
        3,
        3,
        3,
        1,
        1,
        1,
        1,
        1,
        1,
        1,
        1,
        1,
        1,
        1,
        1,
        1,
        1,
        1,
        1,
        1,
        1,
        2,
        2,
        2,
        2,
        2,
        3,
        3,
        3,
        3,
        3,
        3,
        3,
        1,
        1,
        1,
        3,
        3,
        3,
        3,
        2,
        2,
        2,
        2,
        2,
        2,
        2,
        2,
        2,
        2,
        2,
        3,
        3,
        3,
        3,
        3,
        3,
        1,
        1,
        1,
        3,
        3,
        3,
        3,
        3,
        3,
        3,
        3,
        3,
        1,
        1,
        1,
        1,
        1,
        1,
        1,
        1,
        3,
        3,
        3,
        3,
        3,
        3,
        3,
        3,
        3,
        3,
        3,
        3,
        3,
        3,
        3,
        3,
        3,
        3,
        1,
        1,
        1,
        1,
        1,
        3,
        3,
        3,
        3,
        3,
        3,
        3,
        3,
        2,
        2,
        2,
        3,
        3,
        3,
        3,
        3,
        3,
        3,
        3,
        3,
        3,
        3,
        3,
        3,
        3,
        2,
        2,
        2,
        2,
        2,
        2,
        2,
        2,
        2,
        2,
        2,
        2,
        2,
        2,
        2,
        2,
        2,
        1,
        1,
        1,
        1,
        1,
        3,
        3,
        3,
        3,
        3,
        3,
        3,
        3,
        3,
        3,
        3,
        3,
        4,
        4,
        4,
        4,
        4,
        3,
        3,
        3,
        3,
        3,
        2,
        3,
        3,
        3,
        3,
        3,
        3,
        3,
        3,
        3,
        3,
        1,
        3,
        3,
        3,
        1,
        1,
        1,
        3,
        3,
        3,
        3,
        3,
        3,
        3,
        3,
        3,
        3,
        3,
        3,
        1,
        1,
        1,
        1,
        3,
        3,
        3,
        3,
        3,
        3,
        3,
        3,
        3,
        3,
        3,
        3,
        3,
        3,
        3,
        3,
        3,
        3,
        3,
        3,
        3,
        3,
        3,
        3,
        3,
        3,
        3,
        3,
        3,
        3,
        3,
        3,
        3,
        3,
        3,
        3,
        3,
        3,
        3,
        3,
        3,
        3,
        3,
        3,
        3,
        4,
        4,
        4,
        4,
        4,
        3,
        3,
        3,
        3,
        3,
        3,
        3,
        3,
        3,
        3,
        3,
        3,
        3,
        3,
        3,
        3,
        3,
        3,
        3,
        1,
        1,
        1,
        1,
        1,
        1,
        3,
        3,
        3,
        3,
        3,
        3,
        3,
        3,
        3,
        3,
        3,
        3,
        3,
        3,
        3,
        3,
        1,
        1,
        1,
        1,
        1,
        3,
        3,
        3,
        3,
        3,
        3,
        3,
        3,
        3,
        3,
        3,
        3,
        3,
        3,
        3,
        3,
        3,
        3,
        2,
        2,
        2,
        2,
        2,
        2,
        2,
        2,
        2,
        2,
        2,
        2,
        2,
        3,
        3,
        3,
        3,
        3,
        3,
        3,
        1,
        1,
        1,
        1,
        1,
        1,
        1,
        1,
        1,
        1,
        1,
        1,
        1,
        2,
        2,
        2,
        2,
        3,
        3,
        3,
        3,
        3,
        3,
        3,
        3,
        3,
        3,
        3,
        3,
        3,
        3,
        2,
        2,
        2,
        3,
        3,
        3,
        3,
        3,
        2,
        2,
        2,
        2,
        2,
        3,
        3,
        3,
        3,
        3,
        3,
        3,
        3,
        3,
        3,
        3,
        3,
        3,
        3,
        3,
        3,
        1,
        1,
        2,
        2,
        2,
        2,
        3,
        3,
        3,
        3,
        3,
        3,
        3,
        3,
        1,
        1,
        1,
        2,
        3,
        3,
        3,
        3,
        3,
        3,
        3,
        1,
        1,
        1,
        1,
        1,
        1,
        1,
        3,
        3,
        3,
        3,
        3,
        3,
        3,
        3,
        3,
        3,
        3,
        3,
        3,
        3,
        3,
        3,
        3,
        3,
        3,
        3,
        3,
        3,
        3,
        3,
        3,
        1,
        1,
        1,
        1,
        3,
        3,
        3,
        3,
        3,
        1,
        1,
        1,
        1,
        1,
        1,
        1,
        1,
        1,
        2,
        2,
        2,
        2,
        2,
        3,
        2,
        2,
        2,
        2,
        3,
        3,
        3,
        3,
        3,
        3,
        3,
        3,
        3,
        3,
        3,
        3,
        3,
        3,
        3,
        3,
        3,
        3,
        3,
        3,
        3,
        3,
        3,
        3,
        3,
        3,
        3,
        3,
        2,
        3,
        3,
        3,
        3,
        3,
        3,
        3,
        3,
        3,
        3,
        3,
        3,
        3,
        3,
        3,
        3,
        3,
        3,
        3,
        4,
        4,
        4,
        4,
        4,
        4,
        1,
        1,
        1,
        1,
        1,
        1,
        1,
        1,
        3,
        3,
        3,
        3,
        3,
        3,
        3,
        1,
        1,
        1,
        3,
        3,
        3,
        3,
        1,
        1,
        1,
        3,
        3,
        3,
        3,
        3,
        3,
        3,
        3,
        3,
        3,
        3,
        3,
        3,
        3,
        3,
        3,
        3,
        3,
        3,
        3,
        3,
        3,
        3,
        3,
        3,
        3,
        3,
        3,
        3,
        3,
        3,
        3,
        3,
        3,
        3,
        3,
        3,
        3,
        3,
        3,
        3,
        3,
        3,
        1,
        1,
        1,
        1,
        1,
        1,
        1,
        1,
        1,
        1,
        1,
        1,
        1,
        1,
        1,
        1,
        1,
        1,
        1,
        1,
        1,
        1,
        2,
        2,
        2,
        2,
        2,
        2,
        2,
        2,
        3,
        3,
        3,
        3,
        3,
        3,
        1,
        1,
        1,
        3,
        3,
        3,
        3,
        3,
        3,
        3,
        3,
        3,
        2,
        2,
        2,
        2,
        2,
        1,
        1,
        1,
        3,
        3,
        3,
        3,
        2,
        2,
        2,
        3,
        3,
        3,
        3,
        3,
        3,
        3,
        3,
        2,
        2,
        2,
        2,
        2,
        3,
        3,
        1,
        2,
        2,
        1,
        1,
        4,
        4,
        3,
        3,
        3,
        3,
        3,
        3,
        3,
        3,
        3,
        3,
        3,
        3,
        3,
        3,
        3,
        3,
        3,
        3,
        3,
        3,
        3,
        3,
        3,
        3,
        3,
        3,
        3,
        3,
        3,
        3,
        3,
        3,
        3,
        3,
        3,
        3,
        3,
        3,
        3,
        3,
        3,
        3,
        3,
        3,
        3,
        2,
        3,
        3,
        3,
        3,
        2,
        2,
        2,
        2,
        2,
        2,
        3,
        3,
        4,
        4,
        4,
        4,
        4,
        4,
        2,
        2,
        3,
        3,
        3,
        3,
        3,
        2,
        2,
        2,
        2,
        2,
        1,
        4,
        1,
        3,
        2,
        2,
        2,
        2,
        3,
        2,
        4,
        4,
        4,
        4,
        4,
        4,
        4,
        4,
        4,
        4,
        2,
        2,
        2,
        2,
        1,
        1,
        2,
        3,
        3,
        3,
        3,
        2,
        2,
        2,
        2,
        2,
        2,
        2,
        2,
        2,
        2,
        2,
        2,
        2,
        2,
        2,
        2,
        2,
        2,
        2,
        2,
        2,
        2,
        2,
        2,
        2,
        2,
        2,
        2,
        2,
        2,
        2,
        2,
        2,
        2,
        2,
        2,
        2,
        2,
        2,
        2,
        2,
        2,
        2,
        2,
        2,
        2,
        1,
        1,
        1,
        1,
        2,
        2,
        2,
        2,
        2,
        2,
        2,
        2,
        1,
        1,
        1,
        1,
        1,
        1,
        1,
        1,
        1,
        1,
        1,
        1,
        1,
        1,
        1,
        1,
        1,
        1,
        1,
        1,
        1,
        1,
        1,
        1,
        1,
        1,
        1,
        2,
        2,
        2,
        2,
        2,
        2,
        2,
        2,
        2,
        2,
        2,
        2,
        2,
        2,
        2,
        2,
        2,
        2,
        2,
        2,
        2,
        2,
        2,
        2,
        2,
        2,
        2,
        2,
        2,
        2,
        2,
        2,
        2,
        2,
        2,
        2,
        2,
        2,
        2,
        2,
        2,
        2,
        2,
        2,
        2,
        2,
        2,
        2,
        2,
        2,
        2,
        2,
        2,
        2,
        2,
        2,
        2,
        2,
        2,
        2,
        2,
        2,
        2,
        2,
        2,
        2,
        2,
        2,
        2,
        2,
        2,
        1,
        1,
        1,
        2,
        1,
        1,
        1,
        2,
        2,
        2,
        2,
        2,
        2,
        2,
        2,
        2,
        2,
        2,
        2,
        2,
        2,
        2,
        2,
        2,
        2,
        2,
        2,
        2,
        2,
        2,
        2,
        2,
        2,
        2,
        2,
        2,
        2,
        2,
        2,
        2,
        2,
        2,
        2,
        2,
        2,
        2,
        2,
        2,
        2,
        2,
        2,
        2,
        2,
        2,
        2,
        2,
        2,
        2,
        2,
        2,
        2,
        2,
        2,
        2,
        2,
        2,
        2,
        2,
        2,
        2,
        2,
        2,
        2,
        2,
        2,
        2,
        2,
        2,
        2,
        2,
        2,
        2,
        2,
        2,
        2,
        2,
        2,
        2,
        2,
        2,
        2,
        2,
        2,
        2,
        2,
        2,
        2,
        1,
        1,
        1,
        1,
        1,
        1,
        1,
        2,
        2,
        2,
        2,
        2,
        2,
        2,
        2,
        2,
        2,
        2,
        2,
        2,
        2,
        2,
        2,
        2,
        2,
        2,
        2,
        2,
        2,
        2,
        2,
        2,
        2,
        2,
        2,
        2,
        2,
        2,
        2,
        2,
        2,
        2,
        2,
        2,
        2,
        2,
        2,
        2,
        2,
        2,
        2,
        2,
        2,
        2,
        2,
        2,
        2,
        2,
        2,
        2,
        2,
        2,
        2,
        2,
        2,
        2,
        4,
        4,
        4,
        4,
        4,
        4,
        4,
        4,
        4
      ],
      "active_slot_count": [
        5,
        5,
        5,
        5,
        5,
        5,
        5,
        5,
        5,
        5,
        5,
        5,
        5,
        5,
        5,
        5,
        5,
        5,
        5,
        5,
        5,
        5,
        5,
        5,
        5,
        5,
        5,
        5,
        5,
        5,
        5,
        5,
        5,
        5,
        5,
        5,
        5,
        5,
        5,
        5,
        5,
        5,
        5,
        5,
        5,
        5,
        5,
        5,
        5,
        5,
        5,
        5,
        5,
        5,
        5,
        5,
        5,
        5,
        5,
        5,
        5,
        5,
        5,
        5,
        5,
        5,
        5,
        5,
        5,
        5,
        5,
        5,
        5,
        5,
        5,
        5,
        5,
        5,
        5,
        5,
        5,
        5,
        5,
        5,
        5,
        5,
        5,
        5,
        5,
        5,
        5,
        5,
        5,
        5,
        5,
        5,
        5,
        5,
        5,
        5,
        5,
        5,
        5,
        5,
        5,
        5,
        5,
        5,
        5,
        5,
        5,
        5,
        5,
        5,
        5,
        5,
        5,
        5,
        5,
        5,
        5,
        5,
        5,
        5,
        5,
        5,
        5,
        5,
        5,
        5,
        5,
        5,
        5,
        5,
        5,
        5,
        5,
        5,
        5,
        5,
        5,
        5,
        5,
        5,
        5,
        5,
        5,
        5,
        5,
        5,
        5,
        5,
        5,
        5,
        5,
        5,
        5,
        5,
        5,
        5,
        5,
        5,
        5,
        5,
        5,
        5,
        5,
        5,
        5,
        5,
        5,
        5,
        5,
        5,
        5,
        5,
        5,
        5,
        5,
        5,
        5,
        5,
        5,
        5,
        5,
        5,
        5,
        5,
        5,
        5,
        5,
        5,
        5,
        5,
        5,
        5,
        5,
        5,
        5,
        5,
        5,
        5,
        5,
        5,
        5,
        5,
        5,
        5,
        5,
        5,
        5,
        5,
        5,
        5,
        5,
        5,
        5,
        5,
        5,
        5,
        5,
        5,
        5,
        5,
        5,
        5,
        5,
        5,
        5,
        5,
        5,
        5,
        5,
        5,
        5,
        5,
        5,
        5,
        5,
        5,
        5,
        5,
        5,
        5,
        5,
        5,
        5,
        5,
        5,
        5,
        5,
        5,
        5,
        5,
        5,
        5,
        5,
        5,
        5,
        5,
        5,
        5,
        5,
        5,
        5,
        5,
        5,
        5,
        5,
        5,
        5,
        5,
        5,
        5,
        5,
        5,
        5,
        5,
        5,
        5,
        5,
        5,
        5,
        5,
        5,
        5,
        5,
        5,
        5,
        5,
        5,
        5,
        5,
        5,
        5,
        5,
        5,
        5,
        5,
        5,
        5,
        5,
        5,
        5,
        5,
        5,
        5,
        5,
        5,
        5,
        5,
        5,
        5,
        5,
        5,
        5,
        5,
        5,
        5,
        5,
        5,
        5,
        5,
        5,
        5,
        5,
        5,
        5,
        5,
        5,
        5,
        5,
        5,
        5,
        5,
        5,
        5,
        5,
        5,
        5,
        5,
        5,
        5,
        5,
        5,
        5,
        5,
        5,
        5,
        5,
        5,
        5,
        5,
        5,
        5,
        5,
        5,
        5,
        5,
        5,
        5,
        5,
        5,
        5,
        5,
        5,
        5,
        5,
        5,
        5,
        5,
        5,
        5,
        5,
        5,
        5,
        5,
        5,
        5,
        5,
        5,
        5,
        5,
        5,
        5,
        5,
        5,
        5,
        5,
        5,
        5,
        5,
        5,
        5,
        5,
        5,
        5,
        5,
        5,
        5,
        5,
        5,
        5,
        5,
        5,
        5,
        5,
        5,
        5,
        5,
        5,
        5,
        5,
        5,
        5,
        5,
        5,
        5,
        5,
        5,
        5,
        5,
        5,
        5,
        5,
        5,
        5,
        5,
        5,
        5,
        5,
        5,
        5,
        5,
        5,
        5,
        5,
        5,
        5,
        5,
        5,
        5,
        5,
        5,
        5,
        5,
        5,
        5,
        5,
        5,
        5,
        5,
        5,
        5,
        5,
        5,
        5,
        5,
        5,
        5,
        5,
        5,
        5,
        5,
        5,
        5,
        5,
        5,
        5,
        5,
        5,
        5,
        5,
        5,
        5,
        5,
        5,
        5,
        5,
        5,
        5,
        5,
        5,
        5,
        5,
        5,
        5,
        5,
        5,
        5,
        5,
        5,
        5,
        5,
        5,
        5,
        5,
        5,
        5,
        5,
        5,
        5,
        5,
        5,
        5,
        5,
        5,
        5,
        5,
        5,
        5,
        5,
        5,
        5,
        5,
        5,
        5,
        5,
        5,
        5,
        5,
        5,
        5,
        5,
        5,
        5,
        5,
        5,
        5,
        5,
        5,
        5,
        5,
        5,
        5,
        5,
        5,
        5,
        5,
        5,
        5,
        5,
        5,
        5,
        5,
        5,
        5,
        5,
        5,
        5,
        5,
        5,
        5,
        5,
        5,
        5,
        5,
        5,
        5,
        5,
        5,
        5,
        5,
        5,
        5,
        5,
        5,
        5,
        5,
        5,
        5,
        5,
        5,
        5,
        5,
        5,
        5,
        5,
        5,
        5,
        5,
        5,
        5,
        5,
        5,
        5,
        5,
        5,
        5,
        5,
        5,
        5,
        5,
        5,
        5,
        5,
        5,
        5,
        5,
        5,
        5,
        5,
        5,
        5,
        5,
        5,
        5,
        5,
        5,
        5,
        5,
        5,
        5,
        5,
        5,
        5,
        5,
        5,
        5,
        5,
        5,
        5,
        5,
        5,
        5,
        5,
        5,
        5,
        5,
        5,
        5,
        5,
        5,
        5,
        5,
        5,
        5,
        5,
        5,
        5,
        5,
        5,
        5,
        5,
        5,
        5,
        5,
        5,
        5,
        5,
        5,
        5,
        5,
        5,
        5,
        5,
        5,
        5,
        5,
        5,
        5,
        5,
        5,
        5,
        5,
        5,
        5,
        5,
        5,
        5,
        5,
        5,
        5,
        5,
        5,
        5,
        5,
        5,
        5,
        5,
        5,
        5,
        5,
        5,
        5,
        5,
        5,
        5,
        5,
        5,
        5,
        5,
        5,
        5,
        5,
        5,
        5,
        5,
        5,
        5,
        5,
        5,
        5,
        5,
        5,
        5,
        5,
        5,
        5,
        5,
        5,
        5,
        5,
        5,
        5,
        5,
        5,
        5,
        5,
        5,
        5,
        5,
        5,
        5,
        5,
        5,
        5,
        5,
        5,
        5,
        5,
        5,
        5,
        5,
        5,
        5,
        5,
        5,
        5,
        5,
        5,
        5,
        5,
        5,
        5,
        5,
        5,
        5,
        5,
        5,
        5,
        5,
        5,
        5,
        5,
        5,
        5,
        5,
        5,
        5,
        5,
        5,
        5,
        5,
        5,
        5,
        5,
        5,
        5,
        5,
        5,
        5,
        5,
        5,
        5,
        5,
        5,
        5,
        5,
        5,
        5,
        5,
        5,
        5,
        5,
        5,
        5,
        5,
        5,
        5,
        5,
        5,
        5,
        5,
        5,
        5,
        5,
        5,
        5,
        5,
        5,
        5,
        5,
        5,
        5,
        5,
        5,
        5,
        5,
        5,
        5,
        5,
        5,
        5,
        5,
        5,
        5,
        5,
        5,
        5,
        5,
        5,
        5,
        5,
        5,
        5,
        5,
        5,
        5,
        5,
        5,
        5,
        5,
        5,
        5,
        5,
        5,
        5,
        5,
        5,
        5,
        5,
        5,
        5,
        5,
        5,
        5,
        5,
        5,
        5,
        5,
        5,
        5,
        5,
        5,
        5,
        5,
        5,
        5,
        5,
        5,
        5,
        5,
        5,
        5,
        5,
        5,
        5,
        5,
        5,
        5,
        5,
        5,
        5,
        5,
        5,
        5,
        5,
        5,
        5,
        5,
        5,
        5,
        5,
        5,
        5,
        5,
        5,
        5,
        5,
        5,
        5,
        5,
        5,
        5,
        5,
        5,
        5,
        5,
        5,
        5,
        5,
        5,
        5,
        5,
        5,
        5,
        5,
        5,
        5,
        5,
        5,
        5,
        5,
        5,
        5,
        5,
        5,
        5,
        5,
        5,
        5,
        5,
        5,
        5,
        5,
        5,
        5,
        5,
        5,
        5,
        5,
        5,
        5,
        5,
        5,
        5,
        5,
        5,
        5,
        5,
        5,
        5,
        5,
        5,
        5,
        5,
        5,
        5,
        5,
        5,
        5,
        5,
        5,
        5,
        5,
        5,
        5,
        5,
        5,
        5,
        5,
        5,
        5,
        5,
        5,
        5,
        5,
        5,
        5,
        5,
        5,
        5,
        5,
        5,
        5,
        5,
        5,
        5,
        5,
        5,
        5,
        5,
        5,
        5,
        5,
        5,
        5,
        5,
        5,
        5,
        5,
        5,
        5,
        5,
        5,
        5,
        5,
        5,
        5,
        5,
        5,
        5,
        5,
        5,
        5,
        5,
        5,
        5,
        5,
        5,
        5,
        5,
        5,
        5,
        5,
        5,
        5,
        5,
        5,
        5,
        5,
        5,
        5,
        5,
        5,
        5,
        5,
        5,
        5,
        5,
        5,
        5,
        5,
        5,
        5,
        5,
        5,
        5,
        5,
        5,
        5,
        5,
        5,
        5,
        5,
        5,
        5,
        5,
        5,
        5,
        5,
        5,
        5,
        5,
        5,
        5,
        5,
        5,
        5,
        5,
        5,
        5,
        5,
        5,
        5,
        5,
        5,
        5,
        5,
        5,
        5,
        5,
        5,
        5,
        5,
        5,
        5,
        5,
        5,
        5,
        5,
        5,
        5,
        5,
        5,
        5,
        5,
        5,
        5,
        5,
        5,
        5,
        5,
        5,
        5,
        5,
        5,
        5,
        5,
        5,
        5,
        5,
        5,
        5,
        5,
        5,
        5,
        5,
        5,
        5,
        5,
        5,
        5,
        5,
        5,
        5,
        5,
        5,
        5,
        5,
        5,
        5,
        5,
        5,
        5,
        5,
        5,
        5,
        5,
        5,
        5,
        5,
        5,
        5,
        5,
        5,
        5,
        5,
        5,
        5,
        5,
        5,
        5,
        5,
        5,
        5,
        5,
        5,
        5,
        5,
        5,
        5,
        5,
        5,
        5,
        5,
        5,
        5,
        5,
        5,
        5,
        5,
        5,
        5,
        5,
        5,
        5,
        5,
        5,
        5,
        5,
        5,
        5,
        5,
        5,
        5,
        5,
        5,
        5,
        5,
        5,
        5,
        5,
        5,
        5,
        5,
        5,
        5,
        5,
        5,
        5,
        5,
        5,
        5,
        5,
        5,
        5,
        5,
        5,
        5,
        5,
        5,
        5,
        5,
        5,
        5,
        5,
        5,
        5,
        5,
        5,
        5,
        5,
        5,
        5,
        5,
        5,
        5,
        5,
        5,
        5,
        5,
        5,
        5,
        5,
        5,
        5,
        5,
        5,
        5,
        5,
        5,
        5,
        5,
        5,
        5,
        5,
        5,
        5,
        5,
        5,
        5,
        5,
        5,
        5,
        5,
        5,
        5,
        5,
        5,
        5,
        5,
        5,
        5,
        5,
        5,
        5,
        5,
        5,
        5,
        5,
        5,
        5,
        5,
        5,
        5,
        5,
        5,
        5,
        5,
        5,
        5,
        5,
        5,
        5,
        5,
        5,
        5,
        5,
        5,
        5,
        5,
        5,
        5,
        5,
        5,
        5,
        5,
        5,
        5,
        5,
        5,
        5,
        5,
        5,
        5,
        5,
        5,
        5,
        5,
        5,
        5,
        5,
        5,
        5,
        5,
        5,
        5,
        5,
        5,
        5,
        5,
        5,
        5,
        5,
        5,
        5,
        5,
        5,
        5,
        5,
        5,
        5,
        5,
        5,
        5,
        5,
        5,
        5,
        5,
        5,
        5,
        5,
        5,
        5,
        5,
        5,
        5,
        5,
        5,
        5,
        5,
        5,
        5,
        5,
        5,
        5,
        5,
        5,
        5,
        5,
        5,
        5,
        5,
        5,
        5,
        5,
        5,
        5,
        5,
        5,
        5,
        5,
        5,
        5,
        5,
        5,
        5,
        5,
        5,
        5,
        5,
        5,
        5,
        5,
        5,
        5,
        5,
        5,
        5,
        5,
        5,
        5,
        5,
        5,
        5,
        5,
        5,
        5,
        5,
        5,
        5,
        5,
        5,
        5,
        5,
        5,
        5,
        5,
        5,
        5,
        5,
        5,
        5,
        5,
        5,
        5,
        5,
        5,
        5,
        5,
        5,
        5,
        5,
        5,
        5,
        5,
        5,
        5,
        5,
        5,
        5,
        5,
        5,
        5,
        5,
        5,
        5,
        5,
        5,
        5,
        5,
        5,
        5,
        5,
        5,
        5,
        5,
        5,
        5,
        5,
        5,
        5,
        5,
        5,
        5,
        5,
        5,
        5,
        5,
        5,
        5,
        5,
        5,
        5,
        5,
        5,
        5,
        5,
        5,
        5,
        5,
        5,
        5,
        5,
        5,
        5,
        5,
        5,
        5,
        5,
        5,
        5,
        5,
        5,
        5,
        5,
        5,
        5,
        5,
        5,
        5,
        5,
        5,
        5,
        5,
        5,
        5,
        5,
        5,
        5,
        5,
        5,
        5,
        5,
        5,
        5,
        5,
        5,
        5,
        5,
        5,
        5,
        5,
        5,
        5,
        5,
        5,
        5,
        5,
        5,
        5,
        5,
        5,
        5,
        5,
        5,
        5,
        5,
        5,
        5,
        5,
        5,
        5,
        5,
        5,
        5,
        5,
        5,
        5,
        5,
        5,
        5,
        5,
        5,
        5,
        5,
        5,
        5,
        5,
        5,
        5,
        5,
        5,
        5,
        5,
        5,
        5,
        5,
        5,
        5,
        5,
        5,
        5,
        5,
        5,
        5,
        5,
        5,
        5,
        5,
        5,
        5,
        5,
        5,
        5,
        5,
        5,
        5,
        5,
        5,
        5,
        5,
        5,
        5,
        5,
        5,
        5,
        5,
        5,
        5,
        5,
        5,
        5,
        5,
        5,
        5,
        5,
        5,
        5,
        5,
        5,
        5,
        5,
        5,
        5,
        5,
        5,
        5,
        5,
        5,
        5,
        5,
        5,
        5,
        5,
        5,
        5,
        5,
        5,
        5,
        5,
        5,
        5,
        5,
        5,
        5,
        5,
        5,
        5,
        5,
        5,
        5,
        5,
        5,
        5,
        5,
        5,
        5,
        5,
        5,
        5,
        5,
        5,
        5,
        5,
        5,
        5,
        5,
        5,
        5,
        5,
        5,
        5,
        5,
        5,
        5,
        5,
        5,
        5,
        5,
        5,
        5,
        5,
        5,
        5,
        5,
        5,
        5,
        5,
        5,
        5,
        5,
        5,
        5,
        5,
        5,
        5,
        5,
        5,
        5,
        5,
        5,
        5,
        5,
        5,
        5,
        5,
        5,
        5,
        5,
        5,
        5,
        5,
        5,
        5,
        5,
        5,
        5,
        5,
        5,
        5,
        5,
        5,
        5,
        5,
        5,
        5,
        5,
        5,
        5,
        5,
        5,
        5,
        5,
        5,
        5,
        5,
        5,
        5,
        5,
        5,
        5,
        5,
        5,
        5,
        5,
        5,
        5,
        5,
        5,
        5,
        5,
        5,
        5,
        5,
        5,
        5,
        5,
        5,
        5,
        5,
        5,
        5,
        5,
        5,
        5,
        5,
        5,
        5,
        5,
        5,
        5,
        5,
        5,
        5,
        5,
        5,
        5,
        5,
        5,
        5,
        5,
        5,
        5,
        5,
        5,
        5,
        5,
        5,
        5,
        5,
        5,
        5,
        5,
        5,
        5,
        5,
        5,
        5,
        5,
        5,
        5,
        5,
        5,
        5,
        5,
        5,
        5,
        5,
        5,
        5,
        5,
        5,
        5,
        5,
        5,
        5,
        5,
        5,
        5,
        5,
        5,
        5,
        5,
        5,
        5,
        5,
        5,
        5,
        5,
        5,
        5,
        5,
        5,
        5,
        5,
        5,
        5,
        5,
        5,
        5,
        5,
        5,
        5,
        5,
        5,
        5,
        5,
        5,
        5,
        5,
        5,
        5,
        5,
        5,
        5,
        5,
        5,
        5,
        5,
        5,
        5,
        5,
        5,
        5,
        5,
        5,
        5,
        5,
        5,
        5,
        5,
        5,
        5,
        5,
        5,
        5,
        5,
        5,
        5,
        5,
        5,
        5,
        5,
        5,
        5,
        5,
        5,
        5,
        5,
        5,
        5,
        5,
        5,
        5,
        5,
        5,
        5,
        5,
        5,
        5,
        5,
        5,
        5,
        5,
        5,
        5,
        5,
        5,
        5,
        5,
        5,
        5,
        5,
        5,
        5,
        5,
        5,
        5,
        5,
        5,
        5,
        5,
        5,
        5,
        5,
        5,
        5,
        5,
        5,
        5,
        5,
        5,
        5,
        5,
        5,
        5,
        5,
        5,
        5,
        5,
        5,
        5,
        5,
        5,
        5,
        5,
        5,
        5,
        5,
        5,
        5,
        5,
        5,
        5,
        5,
        5,
        5,
        5,
        5,
        5,
        5,
        5,
        5,
        5,
        5,
        5,
        5,
        5,
        5,
        5,
        5,
        5,
        5,
        5,
        5,
        5,
        5,
        5,
        5,
        5,
        5,
        5,
        5,
        5,
        5,
        5,
        5,
        5,
        5,
        5,
        5,
        5,
        5,
        5,
        5,
        5,
        5,
        5,
        5,
        5,
        5,
        5,
        5,
        5,
        5,
        5,
        5,
        5,
        5,
        5,
        5,
        5,
        5,
        5,
        5,
        5,
        5,
        5,
        5,
        5,
        5,
        5,
        5,
        5,
        5,
        5,
        5,
        5,
        5,
        5,
        5,
        5,
        5,
        5,
        5,
        5,
        5,
        5,
        5,
        5,
        5,
        5,
        5,
        5,
        5,
        5,
        5,
        5,
        5,
        5,
        5,
        5,
        5,
        5,
        5,
        5,
        5,
        5,
        5,
        5,
        5,
        5,
        5,
        5,
        5,
        5,
        5,
        5,
        5,
        5,
        5,
        5,
        5,
        5,
        5,
        5,
        5,
        5,
        5,
        5,
        5,
        5,
        5,
        5,
        5,
        5,
        5,
        5,
        5,
        5,
        5,
        5,
        5
      ],
      "support_reference_path_overlap": 0,
      "support_reference_content_overlap": 0,
      "active_mask_sha256": "ed8252de2f294026d14f8f804d5411b3923cc25fb1660385196b1730ac29215f"
    },
    {
      "fold": 4,
      "eligible_query_count": 2066,
      "original_query_count": 2210,
      "eligible_query_ratio": 0.934841628959276,
      "eligible_pid_count": 482,
      "original_pid_count": 519,
      "eligible_pid_ratio": 0.928709055876686,
      "removal_reasons": {
        "no_valid_positive_reference": 135,
        "fewer_than_three_support_donors": 9
      },
      "donor_count": [
        13,
        13,
        13,
        13,
        15,
        14,
        10,
        10,
        10,
        10,
        10,
        13,
        13,
        13,
        14,
        14,
        14,
        14,
        12,
        15,
        15,
        15,
        15,
        15,
        13,
        13,
        13,
        16,
        16,
        16,
        16,
        15,
        15,
        17,
        15,
        15,
        5,
        5,
        5,
        5,
        5,
        5,
        5,
        5,
        5,
        5,
        4,
        11,
        11,
        11,
        13,
        14,
        14,
        14,
        13,
        10,
        10,
        10,
        11,
        15,
        15,
        14,
        14,
        14,
        14,
        15,
        15,
        15,
        15,
        16,
        16,
        16,
        16,
        13,
        14,
        7,
        7,
        7,
        7,
        5,
        5,
        5,
        13,
        13,
        11,
        11,
        4,
        30,
        30,
        30,
        14,
        14,
        14,
        14,
        14,
        15,
        12,
        12,
        8,
        8,
        8,
        8,
        14,
        14,
        14,
        14,
        13,
        11,
        11,
        11,
        11,
        11,
        17,
        17,
        15,
        18,
        18,
        18,
        10,
        24,
        21,
        19,
        19,
        18,
        17,
        17,
        13,
        13,
        13,
        13,
        13,
        15,
        15,
        15,
        14,
        5,
        5,
        5,
        4,
        4,
        5,
        5,
        5,
        4,
        4,
        4,
        12,
        12,
        15,
        15,
        4,
        4,
        15,
        15,
        13,
        16,
        16,
        16,
        16,
        16,
        5,
        5,
        5,
        5,
        15,
        15,
        15,
        15,
        14,
        13,
        13,
        13,
        14,
        13,
        13,
        13,
        14,
        8,
        8,
        8,
        11,
        11,
        11,
        14,
        14,
        14,
        14,
        16,
        16,
        4,
        4,
        4,
        4,
        4,
        14,
        16,
        15,
        9,
        9,
        12,
        16,
        15,
        11,
        11,
        11,
        11,
        11,
        11,
        18,
        18,
        18,
        18,
        18,
        16,
        5,
        5,
        12,
        11,
        11,
        11,
        11,
        19,
        19,
        19,
        6,
        6,
        6,
        6,
        6,
        6,
        6,
        6,
        6,
        6,
        6,
        6,
        30,
        30,
        18,
        29,
        4,
        4,
        4,
        4,
        13,
        13,
        13,
        14,
        14,
        13,
        13,
        13,
        13,
        15,
        13,
        8,
        8,
        10,
        10,
        13,
        13,
        13,
        13,
        13,
        14,
        14,
        14,
        12,
        12,
        12,
        6,
        6,
        6,
        6,
        13,
        5,
        5,
        5,
        5,
        5,
        5,
        14,
        14,
        14,
        6,
        6,
        6,
        6,
        13,
        13,
        13,
        13,
        13,
        14,
        14,
        11,
        11,
        13,
        13,
        13,
        13,
        13,
        13,
        13,
        13,
        13,
        13,
        14,
        14,
        14,
        13,
        13,
        12,
        8,
        18,
        18,
        18,
        18,
        12,
        12,
        12,
        12,
        13,
        11,
        9,
        9,
        9,
        9,
        9,
        12,
        12,
        12,
        4,
        4,
        4,
        4,
        6,
        6,
        6,
        7,
        7,
        7,
        10,
        5,
        5,
        5,
        5,
        5,
        5,
        5,
        5,
        9,
        9,
        9,
        13,
        13,
        13,
        14,
        14,
        14,
        14,
        14,
        12,
        12,
        15,
        14,
        14,
        14,
        14,
        14,
        16,
        12,
        12,
        12,
        12,
        10,
        5,
        5,
        5,
        14,
        14,
        14,
        6,
        6,
        6,
        6,
        9,
        11,
        11,
        4,
        14,
        14,
        14,
        14,
        14,
        14,
        14,
        14,
        13,
        13,
        15,
        15,
        15,
        15,
        15,
        15,
        15,
        7,
        7,
        7,
        7,
        7,
        7,
        7,
        7,
        13,
        13,
        14,
        18,
        18,
        18,
        18,
        17,
        15,
        14,
        14,
        14,
        6,
        6,
        6,
        13,
        19,
        16,
        15,
        5,
        5,
        5,
        14,
        14,
        14,
        14,
        17,
        16,
        16,
        16,
        16,
        14,
        15,
        15,
        15,
        15,
        15,
        16,
        14,
        14,
        14,
        13,
        13,
        13,
        14,
        14,
        12,
        29,
        29,
        29,
        29,
        29,
        29,
        29,
        29,
        29,
        24,
        24,
        21,
        21,
        21,
        21,
        21,
        21,
        21,
        21,
        21,
        21,
        21,
        21,
        12,
        12,
        12,
        13,
        12,
        12,
        12,
        12,
        12,
        4,
        4,
        4,
        4,
        5,
        5,
        5,
        14,
        14,
        14,
        14,
        12,
        12,
        12,
        12,
        11,
        11,
        15,
        15,
        15,
        16,
        16,
        16,
        16,
        16,
        14,
        14,
        15,
        15,
        13,
        13,
        14,
        14,
        13,
        12,
        12,
        12,
        12,
        12,
        12,
        12,
        10,
        10,
        10,
        10,
        10,
        10,
        10,
        13,
        13,
        13,
        17,
        17,
        17,
        13,
        13,
        13,
        13,
        12,
        11,
        11,
        11,
        10,
        10,
        10,
        11,
        9,
        7,
        7,
        7,
        7,
        7,
        7,
        12,
        12,
        12,
        12,
        9,
        6,
        6,
        6,
        6,
        5,
        5,
        5,
        5,
        14,
        14,
        14,
        14,
        5,
        5,
        5,
        5,
        15,
        15,
        15,
        15,
        15,
        14,
        14,
        14,
        11,
        11,
        11,
        8,
        5,
        5,
        5,
        12,
        10,
        10,
        10,
        10,
        10,
        10,
        10,
        10,
        19,
        19,
        12,
        12,
        12,
        12,
        13,
        13,
        13,
        16,
        16,
        16,
        16,
        16,
        17,
        17,
        14,
        16,
        16,
        16,
        16,
        16,
        16,
        16,
        17,
        13,
        13,
        13,
        13,
        13,
        13,
        11,
        11,
        11,
        11,
        14,
        5,
        5,
        5,
        5,
        5,
        5,
        13,
        13,
        13,
        3,
        15,
        15,
        15,
        15,
        15,
        14,
        14,
        14,
        14,
        14,
        13,
        12,
        12,
        5,
        5,
        13,
        9,
        14,
        14,
        14,
        13,
        13,
        15,
        15,
        15,
        15,
        15,
        20,
        20,
        20,
        20,
        20,
        14,
        14,
        17,
        15,
        11,
        11,
        15,
        15,
        14,
        15,
        4,
        4,
        12,
        12,
        12,
        12,
        13,
        13,
        11,
        11,
        11,
        11,
        12,
        12,
        12,
        12,
        13,
        13,
        13,
        13,
        13,
        13,
        15,
        15,
        11,
        18,
        18,
        18,
        18,
        18,
        18,
        19,
        19,
        17,
        17,
        17,
        9,
        9,
        9,
        9,
        5,
        5,
        3,
        3,
        3,
        4,
        4,
        4,
        4,
        17,
        17,
        17,
        17,
        16,
        21,
        21,
        21,
        21,
        21,
        21,
        21,
        14,
        14,
        14,
        14,
        14,
        14,
        14,
        13,
        15,
        15,
        15,
        15,
        15,
        15,
        13,
        13,
        13,
        13,
        16,
        16,
        16,
        16,
        16,
        14,
        14,
        14,
        14,
        14,
        14,
        14,
        14,
        14,
        14,
        14,
        14,
        14,
        16,
        24,
        24,
        24,
        24,
        24,
        24,
        24,
        15,
        15,
        15,
        24,
        24,
        24,
        15,
        15,
        12,
        12,
        12,
        13,
        11,
        17,
        17,
        17,
        17,
        12,
        11,
        12,
        12,
        12,
        12,
        12,
        4,
        4,
        4,
        8,
        8,
        8,
        8,
        8,
        11,
        11,
        11,
        11,
        9,
        9,
        12,
        12,
        12,
        12,
        15,
        15,
        6,
        6,
        5,
        5,
        5,
        4,
        9,
        9,
        15,
        15,
        5,
        5,
        5,
        13,
        13,
        14,
        16,
        16,
        16,
        16,
        14,
        14,
        14,
        14,
        16,
        16,
        16,
        16,
        13,
        13,
        13,
        13,
        11,
        7,
        7,
        10,
        10,
        10,
        10,
        6,
        6,
        6,
        14,
        14,
        14,
        14,
        13,
        13,
        13,
        13,
        13,
        3,
        3,
        3,
        3,
        3,
        4,
        4,
        4,
        4,
        16,
        16,
        16,
        16,
        16,
        16,
        16,
        13,
        13,
        13,
        13,
        13,
        13,
        13,
        13,
        4,
        4,
        5,
        5,
        5,
        5,
        5,
        5,
        5,
        5,
        5,
        5,
        5,
        7,
        7,
        7,
        7,
        5,
        6,
        6,
        6,
        8,
        8,
        8,
        8,
        8,
        12,
        12,
        12,
        14,
        14,
        14,
        14,
        15,
        15,
        15,
        12,
        8,
        8,
        8,
        8,
        8,
        8,
        8,
        10,
        10,
        10,
        10,
        11,
        11,
        11,
        11,
        12,
        12,
        4,
        4,
        4,
        16,
        16,
        19,
        19,
        19,
        19,
        15,
        13,
        13,
        12,
        12,
        12,
        12,
        12,
        12,
        12,
        12,
        4,
        4,
        4,
        5,
        5,
        5,
        5,
        5,
        19,
        19,
        19,
        17,
        17,
        18,
        18,
        18,
        18,
        18,
        16,
        18,
        18,
        18,
        13,
        13,
        13,
        13,
        4,
        4,
        6,
        13,
        13,
        12,
        15,
        15,
        15,
        15,
        14,
        7,
        10,
        10,
        13,
        13,
        13,
        16,
        16,
        16,
        16,
        16,
        16,
        13,
        14,
        14,
        14,
        15,
        6,
        6,
        6,
        6,
        6,
        6,
        6,
        6,
        9,
        12,
        12,
        11,
        11,
        11,
        11,
        11,
        13,
        3,
        3,
        3,
        3,
        5,
        5,
        5,
        13,
        13,
        13,
        10,
        15,
        15,
        15,
        13,
        13,
        13,
        11,
        11,
        11,
        11,
        11,
        11,
        11,
        11,
        11,
        11,
        11,
        11,
        3,
        3,
        3,
        3,
        17,
        17,
        17,
        17,
        17,
        16,
        16,
        16,
        16,
        16,
        5,
        5,
        5,
        6,
        13,
        13,
        13,
        5,
        5,
        4,
        17,
        17,
        17,
        20,
        20,
        20,
        20,
        20,
        18,
        16,
        16,
        13,
        18,
        18,
        18,
        18,
        18,
        18,
        18,
        15,
        15,
        15,
        15,
        15,
        15,
        15,
        15,
        15,
        15,
        16,
        16,
        16,
        16,
        16,
        16,
        15,
        15,
        15,
        17,
        17,
        17,
        17,
        17,
        17,
        17,
        14,
        14,
        14,
        16,
        16,
        16,
        16,
        16,
        16,
        16,
        16,
        16,
        74,
        17,
        17,
        17,
        74,
        13,
        13,
        13,
        13,
        14,
        14,
        14,
        14,
        14,
        14,
        14,
        9,
        15,
        15,
        12,
        12,
        12,
        12,
        12,
        5,
        5,
        4,
        4,
        4,
        4,
        4,
        6,
        6,
        6,
        16,
        16,
        16,
        14,
        14,
        17,
        13,
        13,
        13,
        13,
        13,
        15,
        19,
        19,
        17,
        17,
        3,
        3,
        3,
        17,
        17,
        17,
        17,
        17,
        16,
        16,
        16,
        16,
        16,
        16,
        13,
        13,
        14,
        14,
        14,
        14,
        16,
        9,
        9,
        9,
        9,
        9,
        9,
        9,
        9,
        9,
        10,
        10,
        10,
        10,
        11,
        11,
        10,
        15,
        15,
        15,
        15,
        5,
        5,
        5,
        5,
        7,
        6,
        6,
        6,
        5,
        5,
        5,
        5,
        5,
        43,
        43,
        43,
        43,
        15,
        15,
        15,
        15,
        14,
        12,
        12,
        12,
        12,
        13,
        13,
        13,
        13,
        12,
        6,
        9,
        15,
        15,
        15,
        15,
        10,
        10,
        10,
        10,
        7,
        16,
        16,
        16,
        16,
        14,
        14,
        14,
        14,
        14,
        14,
        14,
        14,
        14,
        14,
        14,
        14,
        5,
        5,
        4,
        4,
        4,
        4,
        12,
        12,
        12,
        12,
        12,
        12,
        13,
        14,
        6,
        6,
        6,
        6,
        6,
        6,
        6,
        6,
        6,
        6,
        6,
        5,
        5,
        5,
        5,
        7,
        7,
        22,
        22,
        21,
        21,
        16,
        16,
        17,
        5,
        5,
        5,
        5,
        5,
        5,
        5,
        16,
        16,
        16,
        16,
        14,
        14,
        14,
        17,
        12,
        12,
        12,
        12,
        13,
        12,
        17,
        17,
        17,
        17,
        19,
        19,
        19,
        19,
        16,
        16,
        15,
        15,
        15,
        15,
        15,
        17,
        6,
        6,
        6,
        6,
        6,
        6,
        7,
        7,
        7,
        7,
        7,
        11,
        8,
        8,
        8,
        8,
        14,
        14,
        14,
        16,
        16,
        16,
        16,
        16,
        15,
        17,
        16,
        16,
        16,
        16,
        15,
        15,
        13,
        17,
        17,
        17,
        16,
        16,
        16,
        16,
        16,
        16,
        16,
        16,
        6,
        12,
        12,
        12,
        12,
        11,
        11,
        11,
        11,
        11,
        12,
        12,
        12,
        113,
        113,
        113,
        110,
        110,
        110,
        110,
        11,
        11,
        11,
        11,
        13,
        13,
        5,
        5,
        5,
        5,
        5,
        5,
        5,
        5,
        5,
        5,
        5,
        48,
        48,
        48,
        48,
        15,
        15,
        45,
        5,
        5,
        5,
        15,
        15,
        15,
        15,
        3,
        3,
        6,
        25,
        25,
        25,
        25,
        25,
        22,
        22,
        22,
        22,
        22,
        22,
        23,
        23,
        23,
        21,
        24,
        24,
        24,
        24,
        22,
        22,
        25,
        25,
        25,
        25,
        25,
        21,
        21,
        21,
        21,
        21,
        21,
        21,
        25,
        25,
        25,
        25,
        25,
        25,
        22,
        22,
        22,
        22,
        5,
        5,
        5,
        5,
        5,
        5,
        5,
        6,
        6,
        6,
        6,
        6,
        6,
        6,
        6,
        3,
        3,
        3,
        3,
        3,
        3,
        5,
        7,
        7,
        7,
        7,
        8,
        8,
        8,
        10,
        16,
        16,
        16,
        16,
        14,
        14,
        5,
        5,
        13,
        13,
        13,
        3,
        11,
        11,
        14,
        14,
        14,
        14,
        12,
        12,
        12,
        12,
        12,
        5,
        5,
        5,
        11,
        11,
        11,
        10,
        7,
        7,
        7,
        4,
        4,
        13,
        15,
        6,
        6,
        6,
        16,
        16,
        17,
        16,
        16,
        16,
        9,
        9,
        10,
        10,
        14,
        13,
        13,
        4,
        12,
        12,
        6,
        6,
        21,
        21,
        30,
        30,
        30,
        30,
        31,
        31,
        31,
        31,
        31,
        31,
        37,
        37,
        37,
        37,
        37,
        37,
        37,
        37,
        37,
        42,
        42,
        42,
        42,
        31,
        32,
        32,
        32,
        32,
        31,
        31,
        31,
        31,
        31,
        31,
        31,
        31,
        31,
        35,
        46,
        12,
        11,
        8,
        8,
        8,
        8,
        7,
        6,
        6,
        6,
        6,
        7,
        7,
        7,
        7,
        6,
        6,
        14,
        14,
        24,
        24,
        6,
        6,
        6,
        6,
        6,
        11,
        12,
        9,
        9,
        13,
        8,
        16,
        5,
        5,
        15,
        9,
        9,
        9,
        7,
        12,
        32,
        37,
        37,
        34,
        34,
        34,
        34,
        34,
        30,
        30,
        7,
        7,
        5,
        8,
        16,
        16,
        13,
        13,
        8,
        8,
        8,
        8,
        8,
        9,
        9,
        9,
        11,
        12,
        12,
        25,
        25,
        25,
        25,
        25,
        16,
        31,
        32,
        9,
        20,
        20,
        20,
        24,
        24,
        24,
        24,
        24,
        24,
        31,
        31,
        31,
        31,
        31,
        31,
        31,
        31,
        31,
        31,
        31,
        7,
        13,
        49,
        49,
        49,
        49,
        5,
        5,
        7,
        7,
        7,
        7,
        3,
        11,
        11,
        11,
        5,
        11,
        11,
        7,
        7,
        9,
        105,
        105,
        105,
        6,
        6,
        6,
        6,
        6,
        6,
        6,
        6,
        6,
        6,
        6,
        6,
        6,
        6,
        6,
        6,
        6,
        6,
        6,
        6,
        6,
        9,
        9,
        10,
        9,
        9,
        7,
        7,
        7,
        12,
        12,
        12,
        12,
        12,
        8,
        8,
        8,
        8,
        8,
        9,
        9,
        9,
        13,
        9,
        9,
        7,
        10,
        9,
        9,
        9,
        10,
        10,
        10,
        10,
        8,
        9,
        9,
        9,
        9,
        9,
        9,
        7,
        12,
        10,
        11,
        9,
        9,
        9,
        10,
        11,
        8,
        8,
        9,
        7,
        10,
        11,
        10,
        12,
        8,
        8,
        8,
        7,
        7,
        12,
        7,
        7,
        7,
        6,
        10,
        10,
        10,
        12,
        7,
        7,
        5,
        7,
        7,
        5,
        5,
        9,
        5,
        10,
        7,
        7,
        5,
        5,
        8,
        8,
        8,
        9,
        8,
        8,
        7,
        11,
        9,
        9,
        7,
        7,
        6,
        8,
        8,
        8,
        8,
        8,
        11,
        10,
        10,
        7,
        8,
        9,
        9,
        9,
        9,
        9,
        9,
        8,
        13,
        213,
        213,
        33,
        33,
        8,
        11,
        13,
        8,
        8,
        6,
        6,
        8,
        12,
        12,
        12,
        12,
        6,
        6,
        6,
        8,
        9,
        8,
        5,
        8,
        8,
        8,
        8,
        6,
        10,
        10,
        6,
        10,
        10,
        10,
        9,
        9,
        11,
        12,
        10,
        6,
        10,
        8,
        6,
        8,
        12,
        12,
        8,
        5,
        8,
        17,
        12,
        12,
        12,
        12,
        5,
        5,
        5,
        5,
        5,
        5,
        8,
        8,
        8,
        8,
        8,
        8,
        10,
        12,
        9,
        9,
        12,
        12,
        12,
        9,
        9,
        9,
        9,
        12,
        11,
        8,
        8,
        9,
        9,
        9,
        9,
        8,
        8,
        8,
        10,
        10,
        8,
        8,
        8,
        8,
        8,
        8,
        8,
        14,
        14,
        44,
        44,
        44,
        44,
        44,
        44,
        44,
        44,
        44,
        44,
        57,
        57,
        57,
        135,
        135,
        135,
        135,
        135,
        150,
        43,
        62,
        62,
        62,
        62,
        62,
        62,
        62,
        62,
        250,
        4,
        4,
        4,
        4
      ],
      "donor_camera_count": [
        3,
        3,
        3,
        3,
        3,
        3,
        3,
        3,
        3,
        3,
        3,
        3,
        3,
        3,
        3,
        3,
        3,
        3,
        3,
        3,
        3,
        3,
        3,
        3,
        3,
        3,
        3,
        3,
        3,
        3,
        3,
        3,
        3,
        3,
        3,
        3,
        1,
        1,
        1,
        1,
        1,
        1,
        1,
        1,
        1,
        1,
        1,
        3,
        3,
        3,
        3,
        3,
        3,
        3,
        3,
        3,
        3,
        3,
        3,
        3,
        3,
        3,
        3,
        3,
        3,
        3,
        3,
        3,
        3,
        3,
        3,
        3,
        3,
        3,
        3,
        1,
        1,
        1,
        1,
        1,
        1,
        1,
        3,
        3,
        3,
        3,
        1,
        1,
        1,
        1,
        3,
        3,
        3,
        3,
        3,
        3,
        3,
        3,
        2,
        2,
        2,
        2,
        3,
        3,
        3,
        3,
        3,
        3,
        3,
        3,
        3,
        3,
        3,
        3,
        3,
        2,
        2,
        2,
        2,
        3,
        3,
        3,
        3,
        3,
        3,
        3,
        3,
        3,
        3,
        3,
        3,
        3,
        3,
        3,
        3,
        1,
        1,
        1,
        1,
        1,
        1,
        1,
        1,
        1,
        1,
        1,
        3,
        3,
        3,
        3,
        1,
        1,
        3,
        3,
        3,
        3,
        3,
        3,
        3,
        3,
        1,
        1,
        1,
        1,
        3,
        3,
        3,
        3,
        3,
        3,
        3,
        3,
        3,
        3,
        3,
        3,
        3,
        2,
        2,
        2,
        2,
        2,
        2,
        3,
        3,
        3,
        3,
        3,
        3,
        1,
        1,
        1,
        1,
        1,
        3,
        3,
        3,
        3,
        3,
        3,
        3,
        3,
        3,
        3,
        3,
        3,
        3,
        3,
        4,
        4,
        4,
        4,
        4,
        4,
        1,
        1,
        3,
        3,
        3,
        3,
        3,
        1,
        1,
        1,
        1,
        1,
        1,
        1,
        1,
        1,
        1,
        1,
        1,
        1,
        1,
        1,
        4,
        4,
        4,
        4,
        1,
        1,
        1,
        1,
        3,
        3,
        3,
        3,
        3,
        4,
        4,
        4,
        4,
        3,
        3,
        2,
        2,
        3,
        3,
        3,
        3,
        3,
        3,
        3,
        2,
        2,
        2,
        2,
        2,
        2,
        1,
        1,
        1,
        1,
        3,
        1,
        1,
        1,
        1,
        1,
        1,
        3,
        3,
        3,
        1,
        1,
        1,
        1,
        3,
        3,
        3,
        3,
        3,
        3,
        3,
        3,
        3,
        3,
        3,
        3,
        3,
        3,
        3,
        3,
        3,
        3,
        3,
        3,
        3,
        3,
        3,
        3,
        2,
        2,
        3,
        3,
        3,
        3,
        3,
        3,
        3,
        3,
        3,
        3,
        2,
        2,
        2,
        2,
        2,
        1,
        1,
        1,
        1,
        1,
        1,
        1,
        1,
        1,
        1,
        3,
        3,
        3,
        3,
        1,
        1,
        1,
        1,
        1,
        1,
        1,
        1,
        2,
        2,
        2,
        2,
        2,
        2,
        3,
        3,
        3,
        3,
        3,
        3,
        3,
        3,
        3,
        3,
        3,
        3,
        3,
        3,
        2,
        2,
        2,
        2,
        2,
        1,
        1,
        1,
        3,
        3,
        3,
        2,
        2,
        2,
        2,
        2,
        2,
        2,
        1,
        3,
        3,
        3,
        3,
        3,
        3,
        3,
        3,
        3,
        3,
        3,
        3,
        1,
        1,
        1,
        1,
        1,
        1,
        1,
        1,
        1,
        1,
        1,
        1,
        1,
        3,
        3,
        3,
        3,
        3,
        3,
        3,
        3,
        3,
        3,
        3,
        3,
        1,
        1,
        1,
        3,
        3,
        3,
        3,
        1,
        1,
        1,
        3,
        3,
        3,
        3,
        3,
        3,
        3,
        3,
        3,
        3,
        3,
        3,
        3,
        3,
        3,
        3,
        3,
        3,
        3,
        3,
        3,
        3,
        3,
        3,
        3,
        2,
        2,
        2,
        2,
        2,
        2,
        2,
        2,
        2,
        2,
        2,
        2,
        2,
        2,
        2,
        2,
        2,
        2,
        2,
        2,
        2,
        2,
        2,
        3,
        3,
        3,
        3,
        3,
        3,
        3,
        3,
        3,
        1,
        1,
        1,
        1,
        1,
        1,
        1,
        3,
        3,
        3,
        3,
        4,
        4,
        4,
        4,
        4,
        4,
        3,
        3,
        3,
        3,
        3,
        3,
        3,
        3,
        3,
        3,
        3,
        3,
        3,
        3,
        3,
        3,
        3,
        3,
        3,
        3,
        3,
        3,
        3,
        3,
        2,
        2,
        2,
        2,
        2,
        2,
        2,
        2,
        2,
        2,
        3,
        3,
        3,
        3,
        3,
        3,
        3,
        3,
        3,
        3,
        3,
        2,
        2,
        2,
        2,
        2,
        2,
        2,
        2,
        2,
        2,
        2,
        2,
        2,
        2,
        2,
        2,
        1,
        1,
        1,
        1,
        1,
        1,
        1,
        1,
        3,
        3,
        3,
        3,
        1,
        1,
        1,
        1,
        3,
        3,
        3,
        3,
        3,
        3,
        3,
        3,
        2,
        2,
        2,
        2,
        1,
        1,
        1,
        3,
        3,
        3,
        3,
        3,
        3,
        3,
        3,
        3,
        3,
        3,
        3,
        3,
        3,
        3,
        3,
        3,
        3,
        3,
        3,
        3,
        3,
        3,
        3,
        3,
        3,
        3,
        3,
        3,
        3,
        3,
        3,
        3,
        3,
        3,
        3,
        3,
        3,
        3,
        3,
        3,
        3,
        3,
        3,
        3,
        1,
        1,
        1,
        1,
        1,
        1,
        3,
        3,
        3,
        1,
        3,
        3,
        3,
        3,
        3,
        3,
        3,
        3,
        3,
        3,
        3,
        3,
        3,
        1,
        1,
        3,
        2,
        3,
        3,
        3,
        3,
        3,
        3,
        3,
        3,
        3,
        3,
        3,
        3,
        3,
        3,
        3,
        3,
        3,
        3,
        3,
        3,
        3,
        3,
        3,
        3,
        3,
        1,
        1,
        3,
        3,
        3,
        3,
        3,
        3,
        3,
        3,
        3,
        3,
        3,
        3,
        3,
        3,
        3,
        3,
        3,
        3,
        3,
        3,
        3,
        3,
        3,
        3,
        3,
        3,
        3,
        3,
        3,
        3,
        3,
        3,
        3,
        3,
        2,
        2,
        2,
        2,
        1,
        1,
        1,
        1,
        1,
        1,
        1,
        1,
        1,
        4,
        4,
        4,
        4,
        4,
        3,
        3,
        3,
        3,
        3,
        3,
        3,
        3,
        3,
        3,
        3,
        3,
        3,
        3,
        3,
        3,
        3,
        3,
        3,
        3,
        3,
        3,
        3,
        3,
        3,
        3,
        3,
        3,
        3,
        3,
        3,
        3,
        3,
        3,
        3,
        3,
        3,
        3,
        3,
        3,
        3,
        3,
        3,
        3,
        3,
        3,
        3,
        3,
        3,
        3,
        3,
        3,
        3,
        3,
        3,
        3,
        3,
        3,
        3,
        3,
        3,
        3,
        3,
        3,
        3,
        3,
        3,
        3,
        3,
        3,
        3,
        3,
        3,
        3,
        3,
        1,
        1,
        1,
        2,
        2,
        2,
        2,
        2,
        2,
        2,
        2,
        2,
        2,
        2,
        3,
        3,
        3,
        3,
        3,
        3,
        1,
        1,
        1,
        1,
        1,
        1,
        3,
        3,
        3,
        3,
        1,
        1,
        1,
        4,
        4,
        4,
        3,
        3,
        3,
        3,
        3,
        3,
        3,
        3,
        3,
        3,
        3,
        3,
        3,
        3,
        3,
        3,
        3,
        3,
        3,
        2,
        2,
        2,
        2,
        1,
        1,
        1,
        3,
        3,
        3,
        3,
        3,
        3,
        3,
        3,
        3,
        1,
        1,
        1,
        1,
        1,
        1,
        1,
        1,
        1,
        3,
        3,
        3,
        3,
        3,
        3,
        3,
        3,
        3,
        3,
        3,
        3,
        3,
        3,
        3,
        1,
        1,
        1,
        1,
        1,
        1,
        1,
        1,
        1,
        1,
        1,
        1,
        1,
        1,
        1,
        1,
        1,
        1,
        2,
        2,
        2,
        2,
        2,
        2,
        2,
        2,
        3,
        3,
        3,
        3,
        3,
        3,
        3,
        3,
        3,
        3,
        3,
        2,
        2,
        2,
        2,
        2,
        2,
        2,
        2,
        2,
        2,
        2,
        4,
        4,
        4,
        4,
        4,
        4,
        1,
        1,
        1,
        3,
        3,
        3,
        3,
        3,
        3,
        3,
        3,
        3,
        3,
        3,
        3,
        3,
        3,
        3,
        3,
        3,
        1,
        1,
        1,
        1,
        1,
        1,
        1,
        1,
        3,
        3,
        3,
        3,
        3,
        3,
        3,
        3,
        3,
        3,
        3,
        3,
        3,
        3,
        3,
        3,
        3,
        3,
        1,
        1,
        1,
        3,
        3,
        3,
        3,
        3,
        3,
        3,
        3,
        2,
        2,
        2,
        3,
        3,
        3,
        3,
        3,
        3,
        3,
        3,
        3,
        3,
        3,
        3,
        3,
        3,
        2,
        2,
        2,
        2,
        2,
        2,
        2,
        2,
        2,
        2,
        2,
        2,
        2,
        2,
        2,
        2,
        2,
        1,
        1,
        1,
        1,
        1,
        1,
        1,
        3,
        3,
        3,
        3,
        3,
        3,
        3,
        3,
        3,
        3,
        3,
        3,
        4,
        4,
        4,
        4,
        4,
        3,
        3,
        3,
        3,
        3,
        1,
        1,
        1,
        1,
        3,
        3,
        3,
        3,
        3,
        3,
        3,
        3,
        3,
        3,
        1,
        1,
        1,
        1,
        3,
        3,
        3,
        1,
        1,
        1,
        3,
        3,
        3,
        3,
        3,
        3,
        3,
        3,
        3,
        3,
        3,
        3,
        3,
        3,
        3,
        3,
        3,
        3,
        3,
        3,
        3,
        3,
        3,
        3,
        3,
        3,
        3,
        3,
        3,
        3,
        3,
        3,
        3,
        3,
        3,
        3,
        3,
        3,
        3,
        3,
        3,
        3,
        3,
        3,
        3,
        3,
        3,
        3,
        3,
        3,
        3,
        3,
        3,
        3,
        3,
        3,
        3,
        4,
        4,
        4,
        4,
        4,
        3,
        3,
        3,
        3,
        3,
        3,
        3,
        3,
        3,
        3,
        3,
        3,
        3,
        3,
        3,
        3,
        3,
        3,
        3,
        1,
        1,
        1,
        1,
        1,
        1,
        1,
        1,
        1,
        1,
        3,
        3,
        3,
        3,
        3,
        3,
        3,
        3,
        3,
        3,
        3,
        3,
        3,
        3,
        3,
        3,
        1,
        1,
        1,
        3,
        3,
        3,
        3,
        3,
        3,
        3,
        3,
        3,
        3,
        3,
        3,
        3,
        3,
        3,
        3,
        3,
        3,
        2,
        2,
        2,
        2,
        2,
        2,
        2,
        2,
        2,
        2,
        2,
        2,
        2,
        3,
        3,
        3,
        3,
        3,
        3,
        3,
        1,
        1,
        1,
        1,
        1,
        1,
        1,
        1,
        1,
        1,
        1,
        1,
        1,
        2,
        2,
        2,
        2,
        3,
        3,
        3,
        3,
        3,
        3,
        3,
        3,
        3,
        3,
        3,
        3,
        3,
        3,
        2,
        3,
        3,
        3,
        3,
        3,
        2,
        2,
        2,
        2,
        2,
        3,
        3,
        3,
        3,
        3,
        3,
        3,
        3,
        3,
        3,
        3,
        3,
        3,
        3,
        3,
        3,
        1,
        1,
        2,
        2,
        2,
        2,
        3,
        3,
        3,
        3,
        3,
        3,
        3,
        3,
        1,
        1,
        1,
        1,
        1,
        1,
        1,
        1,
        1,
        1,
        1,
        1,
        1,
        1,
        1,
        1,
        2,
        3,
        3,
        3,
        3,
        3,
        3,
        3,
        1,
        1,
        1,
        1,
        1,
        1,
        1,
        3,
        3,
        3,
        3,
        3,
        3,
        3,
        3,
        3,
        3,
        3,
        3,
        3,
        3,
        3,
        3,
        3,
        3,
        3,
        3,
        3,
        3,
        3,
        3,
        3,
        3,
        3,
        3,
        3,
        3,
        1,
        1,
        1,
        1,
        1,
        1,
        2,
        2,
        2,
        2,
        2,
        3,
        2,
        2,
        2,
        2,
        3,
        3,
        3,
        3,
        3,
        3,
        3,
        3,
        3,
        3,
        3,
        3,
        3,
        3,
        3,
        3,
        3,
        3,
        3,
        3,
        3,
        3,
        3,
        3,
        3,
        3,
        3,
        3,
        2,
        3,
        3,
        3,
        3,
        3,
        3,
        3,
        3,
        3,
        3,
        3,
        3,
        3,
        3,
        3,
        3,
        3,
        3,
        3,
        4,
        4,
        4,
        4,
        4,
        4,
        1,
        1,
        1,
        1,
        1,
        1,
        1,
        1,
        1,
        1,
        1,
        3,
        3,
        3,
        3,
        3,
        3,
        3,
        1,
        1,
        1,
        3,
        3,
        3,
        3,
        1,
        1,
        1,
        3,
        3,
        3,
        3,
        3,
        3,
        3,
        3,
        3,
        3,
        3,
        3,
        3,
        3,
        3,
        3,
        3,
        3,
        3,
        3,
        3,
        3,
        3,
        3,
        3,
        3,
        3,
        3,
        3,
        3,
        3,
        3,
        3,
        3,
        3,
        3,
        3,
        3,
        3,
        3,
        3,
        3,
        3,
        1,
        1,
        1,
        1,
        1,
        1,
        1,
        1,
        1,
        1,
        1,
        1,
        1,
        1,
        1,
        1,
        1,
        1,
        1,
        1,
        1,
        1,
        2,
        2,
        2,
        2,
        2,
        2,
        2,
        2,
        3,
        3,
        3,
        3,
        3,
        3,
        1,
        1,
        3,
        3,
        3,
        1,
        3,
        3,
        3,
        3,
        3,
        3,
        3,
        3,
        3,
        3,
        3,
        1,
        1,
        1,
        3,
        3,
        3,
        3,
        2,
        2,
        2,
        1,
        1,
        3,
        3,
        1,
        1,
        1,
        3,
        3,
        3,
        3,
        3,
        3,
        2,
        2,
        2,
        2,
        2,
        3,
        3,
        1,
        2,
        2,
        1,
        1,
        4,
        4,
        3,
        3,
        3,
        3,
        4,
        4,
        4,
        4,
        4,
        4,
        4,
        4,
        4,
        4,
        4,
        4,
        4,
        4,
        4,
        4,
        4,
        4,
        4,
        3,
        3,
        3,
        3,
        3,
        3,
        3,
        3,
        3,
        3,
        3,
        3,
        3,
        3,
        3,
        3,
        3,
        3,
        3,
        3,
        3,
        3,
        2,
        3,
        3,
        3,
        3,
        2,
        2,
        2,
        2,
        2,
        2,
        3,
        3,
        2,
        2,
        4,
        4,
        4,
        4,
        4,
        2,
        2,
        2,
        2,
        2,
        1,
        4,
        1,
        2,
        2,
        2,
        2,
        2,
        3,
        2,
        4,
        4,
        4,
        4,
        4,
        4,
        4,
        4,
        4,
        4,
        3,
        2,
        2,
        2,
        3,
        3,
        3,
        3,
        2,
        2,
        2,
        2,
        2,
        2,
        2,
        2,
        2,
        2,
        2,
        2,
        2,
        2,
        2,
        2,
        2,
        2,
        2,
        2,
        2,
        2,
        2,
        2,
        2,
        2,
        2,
        2,
        2,
        2,
        2,
        2,
        2,
        2,
        2,
        2,
        2,
        2,
        2,
        2,
        2,
        2,
        2,
        2,
        2,
        2,
        1,
        1,
        1,
        1,
        1,
        1,
        1,
        2,
        2,
        2,
        2,
        2,
        2,
        2,
        2,
        3,
        1,
        1,
        1,
        1,
        1,
        1,
        1,
        1,
        1,
        1,
        1,
        1,
        1,
        1,
        1,
        1,
        1,
        1,
        1,
        1,
        1,
        1,
        1,
        1,
        1,
        1,
        2,
        2,
        2,
        2,
        2,
        2,
        2,
        2,
        2,
        2,
        2,
        2,
        2,
        2,
        2,
        2,
        2,
        2,
        2,
        2,
        2,
        2,
        2,
        2,
        2,
        2,
        2,
        2,
        2,
        2,
        2,
        2,
        2,
        2,
        2,
        2,
        2,
        2,
        2,
        2,
        2,
        2,
        2,
        2,
        2,
        2,
        2,
        2,
        2,
        2,
        2,
        2,
        2,
        2,
        2,
        2,
        2,
        2,
        2,
        2,
        2,
        2,
        2,
        2,
        2,
        2,
        2,
        2,
        2,
        2,
        1,
        1,
        1,
        2,
        1,
        1,
        2,
        2,
        2,
        2,
        2,
        2,
        2,
        2,
        2,
        2,
        2,
        2,
        2,
        2,
        2,
        2,
        2,
        2,
        2,
        2,
        2,
        2,
        2,
        2,
        2,
        2,
        2,
        2,
        2,
        2,
        2,
        2,
        2,
        2,
        2,
        2,
        2,
        2,
        2,
        2,
        2,
        2,
        2,
        2,
        2,
        2,
        2,
        2,
        2,
        2,
        2,
        2,
        2,
        2,
        2,
        2,
        2,
        2,
        2,
        2,
        2,
        2,
        2,
        2,
        2,
        2,
        2,
        2,
        2,
        2,
        2,
        2,
        2,
        2,
        2,
        2,
        2,
        2,
        2,
        2,
        2,
        2,
        2,
        2,
        2,
        2,
        2,
        2,
        2,
        2,
        2,
        2,
        1,
        1,
        1,
        1,
        1,
        1,
        2,
        2,
        2,
        2,
        2,
        2,
        2,
        2,
        2,
        2,
        2,
        2,
        2,
        2,
        2,
        2,
        2,
        2,
        2,
        2,
        2,
        2,
        2,
        2,
        2,
        2,
        2,
        2,
        2,
        2,
        2,
        2,
        2,
        2,
        2,
        2,
        2,
        2,
        2,
        2,
        2,
        2,
        2,
        2,
        2,
        2,
        2,
        2,
        2,
        2,
        2,
        2,
        2,
        2,
        2,
        2,
        2,
        2,
        2,
        4,
        4,
        4,
        4,
        4,
        4,
        4,
        4,
        4,
        1,
        1,
        1,
        1
      ],
      "active_slot_count": [
        5,
        5,
        5,
        5,
        5,
        5,
        5,
        5,
        5,
        5,
        5,
        5,
        5,
        5,
        5,
        5,
        5,
        5,
        5,
        5,
        5,
        5,
        5,
        5,
        5,
        5,
        5,
        5,
        5,
        5,
        5,
        5,
        5,
        5,
        5,
        5,
        5,
        5,
        5,
        5,
        5,
        5,
        5,
        5,
        5,
        5,
        5,
        5,
        5,
        5,
        5,
        5,
        5,
        5,
        5,
        5,
        5,
        5,
        5,
        5,
        5,
        5,
        5,
        5,
        5,
        5,
        5,
        5,
        5,
        5,
        5,
        5,
        5,
        5,
        5,
        5,
        5,
        5,
        5,
        5,
        5,
        5,
        5,
        5,
        5,
        5,
        5,
        5,
        5,
        5,
        5,
        5,
        5,
        5,
        5,
        5,
        5,
        5,
        5,
        5,
        5,
        5,
        5,
        5,
        5,
        5,
        5,
        5,
        5,
        5,
        5,
        5,
        5,
        5,
        5,
        5,
        5,
        5,
        5,
        5,
        5,
        5,
        5,
        5,
        5,
        5,
        5,
        5,
        5,
        5,
        5,
        5,
        5,
        5,
        5,
        5,
        5,
        5,
        5,
        5,
        5,
        5,
        5,
        5,
        5,
        5,
        5,
        5,
        5,
        5,
        5,
        5,
        5,
        5,
        5,
        5,
        5,
        5,
        5,
        5,
        5,
        5,
        5,
        5,
        5,
        5,
        5,
        5,
        5,
        5,
        5,
        5,
        5,
        5,
        5,
        5,
        5,
        5,
        5,
        5,
        5,
        5,
        5,
        5,
        5,
        5,
        5,
        5,
        5,
        5,
        5,
        5,
        5,
        5,
        5,
        5,
        5,
        5,
        5,
        5,
        5,
        5,
        5,
        5,
        5,
        5,
        5,
        5,
        5,
        5,
        5,
        5,
        5,
        5,
        5,
        5,
        5,
        5,
        5,
        5,
        5,
        5,
        5,
        5,
        5,
        5,
        5,
        5,
        5,
        5,
        5,
        5,
        5,
        5,
        5,
        5,
        5,
        5,
        5,
        5,
        5,
        5,
        5,
        5,
        5,
        5,
        5,
        5,
        5,
        5,
        5,
        5,
        5,
        5,
        5,
        5,
        5,
        5,
        5,
        5,
        5,
        5,
        5,
        5,
        5,
        5,
        5,
        5,
        5,
        5,
        5,
        5,
        5,
        5,
        5,
        5,
        5,
        5,
        5,
        5,
        5,
        5,
        5,
        5,
        5,
        5,
        5,
        5,
        5,
        5,
        5,
        5,
        5,
        5,
        5,
        5,
        5,
        5,
        5,
        5,
        5,
        5,
        5,
        5,
        5,
        5,
        5,
        5,
        5,
        5,
        5,
        5,
        5,
        5,
        5,
        5,
        5,
        5,
        5,
        5,
        5,
        5,
        5,
        5,
        5,
        5,
        5,
        5,
        5,
        5,
        5,
        5,
        5,
        5,
        5,
        5,
        5,
        5,
        5,
        5,
        5,
        5,
        5,
        5,
        5,
        5,
        5,
        5,
        5,
        5,
        5,
        5,
        5,
        5,
        5,
        5,
        5,
        5,
        5,
        5,
        5,
        5,
        5,
        5,
        5,
        5,
        5,
        5,
        5,
        5,
        5,
        5,
        5,
        5,
        5,
        5,
        5,
        5,
        5,
        5,
        5,
        5,
        5,
        5,
        5,
        5,
        5,
        5,
        5,
        5,
        5,
        5,
        5,
        5,
        5,
        5,
        5,
        5,
        5,
        5,
        5,
        5,
        5,
        5,
        5,
        5,
        5,
        5,
        5,
        5,
        5,
        5,
        5,
        5,
        5,
        5,
        5,
        5,
        5,
        5,
        5,
        5,
        5,
        5,
        5,
        5,
        5,
        5,
        5,
        5,
        5,
        5,
        5,
        5,
        5,
        5,
        5,
        5,
        5,
        5,
        5,
        5,
        5,
        5,
        5,
        5,
        5,
        5,
        5,
        5,
        5,
        5,
        5,
        5,
        5,
        5,
        5,
        5,
        5,
        5,
        5,
        5,
        5,
        5,
        5,
        5,
        5,
        5,
        5,
        5,
        5,
        5,
        5,
        5,
        5,
        5,
        5,
        5,
        5,
        5,
        5,
        5,
        5,
        5,
        5,
        5,
        5,
        5,
        5,
        5,
        5,
        5,
        5,
        5,
        5,
        5,
        5,
        5,
        5,
        5,
        5,
        5,
        5,
        5,
        5,
        5,
        5,
        5,
        5,
        5,
        5,
        5,
        5,
        5,
        5,
        5,
        5,
        5,
        5,
        5,
        5,
        5,
        5,
        5,
        5,
        5,
        5,
        5,
        5,
        5,
        5,
        5,
        5,
        5,
        5,
        5,
        5,
        5,
        5,
        5,
        5,
        5,
        5,
        5,
        5,
        5,
        5,
        5,
        5,
        5,
        5,
        5,
        5,
        5,
        5,
        5,
        5,
        5,
        5,
        5,
        5,
        5,
        5,
        5,
        5,
        5,
        5,
        5,
        5,
        5,
        5,
        5,
        5,
        5,
        5,
        5,
        5,
        5,
        5,
        5,
        5,
        5,
        5,
        5,
        5,
        5,
        5,
        5,
        5,
        5,
        5,
        5,
        5,
        5,
        5,
        5,
        5,
        5,
        5,
        5,
        5,
        5,
        5,
        5,
        5,
        5,
        5,
        5,
        5,
        5,
        5,
        5,
        5,
        5,
        5,
        5,
        5,
        5,
        5,
        5,
        5,
        5,
        5,
        5,
        5,
        5,
        5,
        5,
        5,
        5,
        5,
        5,
        5,
        5,
        5,
        5,
        5,
        5,
        5,
        5,
        5,
        5,
        5,
        5,
        5,
        5,
        5,
        5,
        5,
        5,
        5,
        5,
        5,
        5,
        5,
        5,
        5,
        5,
        5,
        5,
        5,
        5,
        5,
        5,
        5,
        5,
        5,
        5,
        5,
        5,
        5,
        5,
        5,
        5,
        5,
        5,
        5,
        5,
        5,
        5,
        5,
        5,
        5,
        5,
        5,
        5,
        5,
        5,
        5,
        5,
        5,
        5,
        5,
        5,
        5,
        5,
        5,
        5,
        5,
        5,
        5,
        5,
        5,
        5,
        5,
        5,
        5,
        5,
        5,
        5,
        5,
        5,
        5,
        5,
        5,
        5,
        5,
        5,
        5,
        5,
        5,
        5,
        5,
        5,
        5,
        5,
        5,
        5,
        5,
        5,
        5,
        5,
        5,
        5,
        5,
        5,
        5,
        5,
        5,
        5,
        5,
        5,
        5,
        5,
        5,
        5,
        5,
        5,
        5,
        5,
        5,
        5,
        5,
        5,
        5,
        5,
        5,
        5,
        5,
        5,
        5,
        5,
        5,
        5,
        5,
        5,
        5,
        5,
        5,
        5,
        5,
        5,
        5,
        5,
        5,
        5,
        5,
        5,
        5,
        5,
        5,
        5,
        5,
        5,
        5,
        5,
        5,
        5,
        5,
        5,
        5,
        5,
        5,
        5,
        5,
        5,
        5,
        5,
        5,
        5,
        5,
        5,
        5,
        5,
        5,
        5,
        5,
        5,
        5,
        5,
        5,
        5,
        5,
        5,
        5,
        5,
        5,
        5,
        5,
        5,
        5,
        5,
        5,
        5,
        5,
        5,
        5,
        5,
        5,
        5,
        5,
        5,
        5,
        5,
        5,
        5,
        5,
        5,
        5,
        5,
        5,
        5,
        5,
        5,
        5,
        5,
        5,
        5,
        5,
        5,
        5,
        5,
        5,
        5,
        5,
        5,
        5,
        5,
        5,
        5,
        5,
        5,
        5,
        5,
        5,
        5,
        5,
        5,
        5,
        5,
        5,
        5,
        5,
        5,
        5,
        5,
        5,
        5,
        5,
        5,
        5,
        5,
        5,
        5,
        5,
        5,
        5,
        5,
        5,
        5,
        5,
        5,
        5,
        5,
        5,
        5,
        5,
        5,
        5,
        5,
        5,
        5,
        5,
        5,
        5,
        5,
        5,
        5,
        5,
        5,
        5,
        5,
        5,
        5,
        5,
        5,
        5,
        5,
        5,
        5,
        5,
        5,
        5,
        5,
        5,
        5,
        5,
        5,
        5,
        5,
        5,
        5,
        5,
        5,
        5,
        5,
        5,
        5,
        5,
        5,
        5,
        5,
        5,
        5,
        5,
        5,
        5,
        5,
        5,
        5,
        5,
        5,
        5,
        5,
        5,
        5,
        5,
        5,
        5,
        5,
        5,
        5,
        5,
        5,
        5,
        5,
        5,
        5,
        5,
        5,
        5,
        5,
        5,
        5,
        5,
        5,
        5,
        5,
        5,
        5,
        5,
        5,
        5,
        5,
        5,
        5,
        5,
        5,
        5,
        5,
        5,
        5,
        5,
        5,
        5,
        5,
        5,
        5,
        5,
        5,
        5,
        5,
        5,
        5,
        5,
        5,
        5,
        5,
        5,
        5,
        5,
        5,
        5,
        5,
        5,
        5,
        5,
        5,
        5,
        5,
        5,
        5,
        5,
        5,
        5,
        5,
        5,
        5,
        5,
        5,
        5,
        5,
        5,
        5,
        5,
        5,
        5,
        5,
        5,
        5,
        5,
        5,
        5,
        5,
        5,
        5,
        5,
        5,
        5,
        5,
        5,
        5,
        5,
        5,
        5,
        5,
        5,
        5,
        5,
        5,
        5,
        5,
        5,
        5,
        5,
        5,
        5,
        5,
        5,
        5,
        5,
        5,
        5,
        5,
        5,
        5,
        5,
        5,
        5,
        5,
        5,
        5,
        5,
        5,
        5,
        5,
        5,
        5,
        5,
        5,
        5,
        5,
        5,
        5,
        5,
        5,
        5,
        5,
        5,
        5,
        5,
        5,
        5,
        5,
        5,
        5,
        5,
        5,
        5,
        5,
        5,
        5,
        5,
        5,
        5,
        5,
        5,
        5,
        5,
        5,
        5,
        5,
        5,
        5,
        5,
        5,
        5,
        5,
        5,
        5,
        5,
        5,
        5,
        5,
        5,
        5,
        5,
        5,
        5,
        5,
        5,
        5,
        5,
        5,
        5,
        5,
        5,
        5,
        5,
        5,
        5,
        5,
        5,
        5,
        5,
        5,
        5,
        5,
        5,
        5,
        5,
        5,
        5,
        5,
        5,
        5,
        5,
        5,
        5,
        5,
        5,
        5,
        5,
        5,
        5,
        5,
        5,
        5,
        5,
        5,
        5,
        5,
        5,
        5,
        5,
        5,
        5,
        5,
        5,
        5,
        5,
        5,
        5,
        5,
        5,
        5,
        5,
        5,
        5,
        5,
        5,
        5,
        5,
        5,
        5,
        5,
        5,
        5,
        5,
        5,
        5,
        5,
        5,
        5,
        5,
        5,
        5,
        5,
        5,
        5,
        5,
        5,
        5,
        5,
        5,
        5,
        5,
        5,
        5,
        5,
        5,
        5,
        5,
        5,
        5,
        5,
        5,
        5,
        5,
        5,
        5,
        5,
        5,
        5,
        5,
        5,
        5,
        5,
        5,
        5,
        5,
        5,
        5,
        5,
        5,
        5,
        5,
        5,
        5,
        5,
        5,
        5,
        5,
        5,
        5,
        5,
        5,
        5,
        5,
        5,
        5,
        5,
        5,
        5,
        5,
        5,
        5,
        5,
        5,
        5,
        5,
        5,
        5,
        5,
        5,
        5,
        5,
        5,
        5,
        5,
        5,
        5,
        5,
        5,
        5,
        5,
        5,
        5,
        5,
        5,
        5,
        5,
        5,
        5,
        5,
        5,
        5,
        5,
        5,
        5,
        5,
        5,
        5,
        5,
        5,
        5,
        5,
        5,
        5,
        5,
        5,
        5,
        5,
        5,
        5,
        5,
        5,
        5,
        5,
        5,
        5,
        5,
        5,
        5,
        5,
        5,
        5,
        5,
        5,
        5,
        5,
        5,
        5,
        5,
        5,
        5,
        5,
        5,
        5,
        5,
        5,
        5,
        5,
        5,
        5,
        5,
        5,
        5,
        5,
        5,
        5,
        5,
        5,
        5,
        5,
        5,
        5,
        5,
        5,
        5,
        5,
        5,
        5,
        5,
        5,
        5,
        5,
        5,
        5,
        5,
        5,
        5,
        5,
        5,
        5,
        5,
        5,
        5,
        5,
        5,
        5,
        5,
        5,
        5,
        5,
        5,
        5,
        5,
        5,
        5,
        5,
        5,
        5,
        5,
        5,
        5,
        5,
        5,
        5,
        5,
        5,
        5,
        5,
        5,
        5,
        5,
        5,
        5,
        5,
        5,
        5,
        5,
        5,
        5,
        5,
        5,
        5,
        5,
        5,
        5,
        5,
        5,
        5,
        5,
        5,
        5,
        5,
        5,
        5,
        5,
        5,
        5,
        5,
        5,
        5,
        5,
        5,
        5,
        5,
        5,
        5,
        5,
        5,
        5,
        5,
        5,
        5,
        5,
        5,
        5,
        5,
        5,
        5,
        5,
        5,
        5,
        5,
        5,
        5,
        5,
        5,
        5,
        5,
        5,
        5,
        5,
        5,
        5,
        5,
        5,
        5,
        5,
        5,
        5,
        5,
        5,
        5,
        5,
        5,
        5,
        5,
        5,
        5,
        5,
        5,
        5,
        5,
        5,
        5,
        5,
        5,
        5,
        5,
        5,
        5,
        5,
        5,
        5,
        5,
        5,
        5,
        5,
        5,
        5,
        5,
        5,
        5,
        5,
        5,
        5,
        5,
        5,
        5,
        5,
        5,
        5,
        5,
        5,
        5,
        5,
        5,
        5,
        5,
        5,
        5,
        5,
        5,
        5,
        5,
        5,
        5,
        5,
        5,
        5,
        5,
        5,
        5,
        5,
        5,
        5,
        5,
        5,
        5,
        5,
        5,
        5,
        5,
        5,
        5,
        5,
        5,
        5,
        5,
        5,
        5,
        5,
        5,
        5,
        5,
        5,
        5,
        5,
        5,
        5,
        5,
        5,
        5,
        5,
        5,
        5,
        5,
        5,
        5,
        5,
        5,
        5,
        5,
        5,
        5,
        5,
        5,
        5,
        5,
        5,
        5,
        5,
        5,
        5,
        5,
        5,
        5,
        5,
        5,
        5,
        5,
        5,
        5,
        5,
        5,
        5,
        5,
        5,
        5,
        5,
        5,
        5,
        5,
        5,
        5,
        5,
        5,
        5,
        5,
        5,
        5,
        5,
        5,
        5,
        5,
        5,
        5,
        5,
        5,
        5,
        5,
        5,
        5,
        5,
        5,
        5,
        5,
        5,
        5,
        5,
        5,
        5,
        5,
        5,
        5,
        5,
        5,
        5,
        5,
        5,
        5,
        5,
        5,
        5,
        5,
        5,
        5,
        5,
        5,
        5,
        5,
        5,
        5,
        5,
        5,
        5,
        5,
        5,
        5,
        5,
        5,
        5,
        5,
        5,
        5,
        5,
        5,
        5,
        5,
        5,
        5,
        5,
        5,
        5,
        5,
        5,
        5,
        5,
        5,
        5,
        5,
        5,
        5,
        5,
        5,
        5,
        5,
        5,
        5,
        5,
        5,
        5,
        5,
        5,
        5,
        5,
        5,
        5,
        5,
        5,
        5,
        5,
        5,
        5,
        5,
        5,
        5,
        5,
        5,
        5,
        5,
        5,
        5,
        5,
        5,
        5,
        5,
        5,
        5,
        5,
        5,
        5,
        5,
        5,
        5,
        5,
        5,
        5,
        5,
        5,
        5,
        5,
        5,
        5,
        5,
        5,
        5,
        5,
        5,
        5,
        5,
        5,
        5,
        5,
        5,
        5,
        5,
        5,
        5,
        5,
        5,
        5,
        5,
        5,
        5,
        5,
        5,
        5,
        5,
        5,
        5,
        5,
        5,
        5,
        5,
        5,
        5,
        5,
        5,
        5,
        5,
        5,
        5,
        5,
        5,
        5,
        5,
        5,
        5,
        5,
        5,
        5,
        5,
        5,
        5,
        5,
        5,
        5,
        5,
        5,
        5,
        5,
        5,
        5,
        5,
        5,
        5,
        5,
        5,
        5,
        5,
        5,
        5,
        5,
        5,
        5,
        5,
        5,
        5,
        5,
        5,
        5,
        5,
        5,
        5,
        5,
        5,
        5,
        5,
        5,
        5,
        5,
        5,
        5,
        5,
        5,
        5,
        5,
        5,
        5,
        5,
        5,
        5,
        5,
        5,
        5,
        5,
        5,
        5,
        5,
        5,
        5,
        5,
        5,
        5,
        5,
        5,
        5,
        5,
        5,
        5,
        5,
        5,
        5,
        5,
        5,
        5,
        5,
        5,
        5,
        5,
        5,
        5,
        5,
        5,
        5,
        5,
        5,
        5,
        5,
        5,
        5,
        5,
        5,
        5,
        5,
        5,
        5,
        5,
        5,
        5,
        5,
        5,
        5,
        5,
        5,
        5,
        5,
        5,
        5,
        5,
        5,
        5,
        5,
        5,
        5,
        5,
        5,
        5,
        5,
        5,
        5,
        5,
        5,
        5,
        5,
        5,
        5,
        5,
        5,
        5,
        5,
        5,
        5,
        5,
        5,
        5,
        5,
        5,
        5,
        5,
        5,
        5,
        5,
        5,
        5,
        5,
        5,
        5,
        5,
        5,
        5,
        5,
        5,
        5,
        5,
        5,
        5,
        5,
        5,
        5,
        5,
        5,
        5,
        5,
        5,
        5,
        5,
        5,
        5,
        5,
        5,
        5,
        5,
        5,
        5,
        5,
        5,
        5,
        5,
        5,
        5,
        5,
        5,
        5,
        5,
        5,
        5,
        5,
        5,
        5,
        5,
        5,
        5,
        5,
        5,
        5,
        5,
        5,
        5,
        5,
        5,
        5,
        5,
        5,
        5,
        5,
        5,
        5,
        5,
        5,
        5,
        5,
        5,
        5,
        5,
        5,
        5,
        5,
        5,
        5,
        5,
        5,
        5,
        5,
        5,
        5,
        5,
        5,
        5,
        5,
        5,
        5,
        5,
        5,
        5,
        5,
        5,
        5,
        5,
        5,
        5,
        5,
        5,
        5,
        5,
        5,
        5,
        5,
        5,
        5,
        5,
        5,
        5,
        5,
        5,
        5,
        5,
        5,
        5,
        5,
        5,
        5,
        5,
        5,
        5,
        5,
        5,
        5,
        5,
        5,
        5
      ],
      "support_reference_path_overlap": 0,
      "support_reference_content_overlap": 0,
      "active_mask_sha256": "ed8252de2f294026d14f8f804d5411b3923cc25fb1660385196b1730ac29215f"
    }
  ],
  "coverage_hard_gate": true
}
DRY_RUN_COMPLETE
