2026-06-12 05:18:19 transreid INFO: Saving model in the path :./log/occluded_duke/exp025_ospa_s1
2026-06-12 05:18:19 transreid INFO: Loaded configuration file configs/occluded_duke/vit_base.yml
2026-06-12 05:18:19 transreid INFO: Running with config:
DATALOADER:
  NUM_INSTANCE: 4
  NUM_WORKERS: 8
  REMOVE_TAIL: 0
  SAMPLER: softmax_triplet
DATASETS:
  NAMES: occluded_duke
  ROOT_DIR: /mnt1/afrdata
  ROOT_TRAIN_DIR: ../data
  ROOT_VAL_DIR: ../data
DONOR_DECOUPLE:
  AUX_DETACH: True
  CF_W: 0.5
  DONOR_CLS_W: 0.2
  DONOR_REPEAT: 4
  ENABLED: False
  NEG_MARGIN: 0.02
  ORTH_W: 0.03
  PASTE_PROB: 0.5
  SAMEB_NEG_W: 0.5
  SYN_ID_W: 0.25
EVIDENCE_AGREEMENT:
  DOM_MARGIN: 0.3
  DOM_W: 0.05
  ENABLED: False
  EPS: 1e-06
  MIN_REGION_GAP: 1.0
  NEG_MARGIN: 0.3
  NEG_SINGLE_W: 0.1
  POS_ALIGN_W: 0.05
  POS_MULTI_W: 0.1
  REGION_MODE: grid2x2
  SINGLE_EPS: 0.0
  TAU_EMA_MOMENTUM: 0.9
  TAU_GLOBAL: 0.5
  TAU_REGION: 0.75
  THRESHOLD_QUANTILE: 0.75
  T_COUNT: 0.25
  T_GLOBAL: 0.05
  T_REGION: 0.05
  WARMUP_EPOCHS: 10
INPUT:
  MIX_PROB: 0.0
  MIX_RATIO_RANGE: [0.3, 0.7]
  MIX_TYPE: both
  PADDING: 10
  PIXEL_MEAN: [0.5, 0.5, 0.5]
  PIXEL_STD: [0.5, 0.5, 0.5]
  PROB: 0.5
  RE_PROB: 0.5
  SIZE_TEST: [256, 128]
  SIZE_TRAIN: [256, 128]
LGP:
  ENABLED: False
  N_HEADS: 8
  PROTOS_PATH: 
  W_ID: 1.0
MGPARTS:
  AUG_PROB: 0.5
  BANK_PATH: /mnt1/afrdata/coco_occluder_bank_512.pt
  ENABLED: True
  MODE: assign
  N_HEADS: 8
  PROTOS_PATH: /home/afr/reid-clean/ospa_protos7.npz
  W_ASSIGN: 0.5
  W_AVOID: 0.5
  W_PART_ID: 0.5
  W_SINK: 0.5
MODEL:
  ATT_DROP_RATE: 0.0
  COS_LAYER: False
  DEVICE: cuda
  DEVICE_ID: 0
  DEVIDE_LENGTH: 4
  DIST_TRAIN: False
  DROPOUT_RATE: 0.0
  DROP_OUT: 0.0
  DROP_PATH: 0.1
  FEAT_DIM: 512
  GEM_POOLING: False
  ID_LOSS_TYPE: softmax
  ID_LOSS_WEIGHT: 1.0
  IF_LABELSMOOTH: off
  IF_WITH_CENTER: no
  JPM: False
  LAST_STRIDE: 1
  METRIC_LOSS_TYPE: triplet
  NAME: transformer
  NECK: bnneck
  NO_MARGIN: True
  PRETRAIN_CHOICE: imagenet
  PRETRAIN_HW_RATIO: 1
  PRETRAIN_PATH: /home/afr/reid-clean/weights/jx_vit_base_p16_224-80ecf9dd.pth
  REDUCE_FEAT_DIM: False
  RE_ARRANGE: True
  SEMANTIC_WEIGHT: 1.0
  SHIFT_NUM: 5
  SHUFFLE_GROUP: 2
  SIE_CAMERA: False
  SIE_COE: 3.0
  SIE_VIEW: False
  STEM_CONV: False
  STRIDE_SIZE: [16, 16]
  TRANSFORMER_TYPE: vit_base_patch16_224_TransReID
  TRIPLET_LOSS_WEIGHT: 1.0
  WITH_CP: False
MULTIHYP:
  ALPHA: 0.1
  BONUS_CAP: 0.15
  DETACH: True
  DIV_W: 0.5
  DSHS_HARD: global
  DSHS_MARGIN: 0.3
  DSHS_NHARD: 10
  DSHS_W: 0.0
  ENABLED: False
  GATE_SIGMA: 0.3
  GATE_TAU: 1.2
  K: 3
  LOSS_W: 1.0
  NEG_MARGIN: 0.7
  POS_MARGIN: 0.3
  SET_TEMP: 0.1
  UNIQUE_MARGIN: 0.1
OBJGATE:
  ANTI_W: 0.1
  DETACH_SCORE: False
  ENABLED: False
  ENTROPY_MAX: 1000000000.0
  ENTROPY_MIN: 0.0
  FEATMAP_INDEX: -1
  HIDDEN: 192
  LAMBDA_TARGET: 1.0
  LAMBDA_WARMUP_EPOCHS: 10
  MODE: softmax
  SPLIT_W: 1.0
  SUPPRESS_MIN: 0.5
  TAU: 1.0
OCCAWARE:
  AUG_PROB: 0.5
  BANK_PATH: 
  BLOCK: 8
  ENABLED: False
  MECH: True
  MIX_CROP_FRAC: 0.5
  POOL_KIND: crop
  POOL_SIZE: 256
  SWIN_STAGE: 2
  W_OCC: 0.5
OSG:
  BLOCK: 8
  ENABLED: False
  KL_T: 4.0
  LABELS_PATH: 
  PROTOS_PATH: 
  RANDOM_PROTOS: False
  TAU: 0.07
  W_SEM: 0.1
OSS:
  AUG_PROB: 0.3
  ENABLED: False
  GRL_ALPHA: 1.0
  POOL_SIZE: 256
  RANDOM_LABEL: False
  W: 0.5
OUTPUT_DIR: ./log/occluded_duke/exp025_ospa_s1
PARTIAL_EVIDENCE:
  CALIBRATE: True
  ENABLED: False
  LS_MAX: 0.2
  MARGIN_SCALE: True
  MIN_KEEP: 0.2
  NO_HARDNEG_BELOW: 0.4
  PASTE_PROB: 0.5
SEMDISTILL:
  ENABLED: False
  KL_T: 4.0
  LABELS_PATH: 
  MODE: emb
  W: 0.2
SOLVER:
  BASE_LR: 0.008
  BIAS_LR_FACTOR: 2
  CENTER_LOSS_WEIGHT: 0.0005
  CENTER_LR: 0.5
  CHECKPOINT_PERIOD: 120
  COSINE_MARGIN: 0.5
  COSINE_SCALE: 30
  EVAL_PERIOD: 120
  GAMMA: 0.1
  IMS_PER_BATCH: 64
  LARGE_FC_LR: False
  LOG_PERIOD: 50
  MARGIN: 0.3
  MAX_EPOCHS: 120
  MOMENTUM: 0.9
  OPTIMIZER_NAME: SGD
  SEED: 1
  STEPS: (40, 70)
  TRP_L2: False
  WARMUP_EPOCHS: 5
  WARMUP_FACTOR: 0.01
  WARMUP_METHOD: cosine
  WEIGHT_DECAY: 0.0001
  WEIGHT_DECAY_BIAS: 0.0001
TEST:
  DIST_MAT: dist_mat.npy
  EVAL: True
  FEAT_NORM: yes
  IMS_PER_BATCH: 64
  NECK_FEAT: before
  RE_RANKING: False
  WEIGHT: 
=> Occluded-Duke loaded
2026-06-12 05:18:19 transreid.check INFO: Dataset statistics:
2026-06-12 05:18:19 transreid.check INFO:   ----------------------------------------
2026-06-12 05:18:19 transreid.check INFO:   subset   | # ids | # images | # cameras
2026-06-12 05:18:19 transreid.check INFO:   ----------------------------------------
2026-06-12 05:18:19 transreid.check INFO:   train    |   702 |    15618 |         8
2026-06-12 05:18:19 transreid.check INFO:   query    |   519 |     2210 |         8
2026-06-12 05:18:19 transreid.check INFO:   gallery  |  1110 |    17661 |         8
2026-06-12 05:18:19 transreid.check INFO:   ----------------------------------------
using img_triplet sampler
using Transformer_type: vit_base_patch16_224_TransReID as a backbone
using stride: [16, 16], and patch number is num_y16 * num_x8
Resized position embedding from size:torch.Size([1, 197, 768]) to size: torch.Size([1, 129, 768]) with height:16 width: 8
Load 150 / 152 layers.
===========building transformer===========
using soft triplet loss for training
2026-06-12 05:18:20 transreid INFO: ===========using cosine learning rate=======
2026-06-12 05:18:20 transreid.train INFO: start training
/home/afr/reid-clean/SOLIDER-REID/processor/processor.py:95: FutureWarning: `torch.cuda.amp.GradScaler(args...)` is deprecated. Please use `torch.amp.GradScaler('cuda', args...)` instead.
  scaler = amp.GradScaler()
/home/afr/reid-clean/SOLIDER-REID/processor/processor.py:133: FutureWarning: `torch.cuda.amp.autocast(args...)` is deprecated. Please use `torch.amp.autocast('cuda', args...)` instead.
  with amp.autocast(enabled=True):
2026-06-12 05:18:24 transreid.train INFO: Epoch[1] Iter[50/227] Loss: 16.505, Acc: 0.002, Base Lr: 1.66e-03
2026-06-12 05:18:24 transreid.train INFO: MGPARTS assign_kl: 2.1005
2026-06-12 05:18:28 transreid.train INFO: Epoch[1] Iter[100/227] Loss: 15.960, Acc: 0.002, Base Lr: 1.66e-03
2026-06-12 05:18:28 transreid.train INFO: MGPARTS assign_kl: 2.1005
2026-06-12 05:18:32 transreid.train INFO: Epoch[1] Iter[150/227] Loss: 15.563, Acc: 0.002, Base Lr: 1.66e-03
2026-06-12 05:18:32 transreid.train INFO: MGPARTS assign_kl: 2.1004
2026-06-12 05:18:35 transreid.train INFO: Epoch[1] Iter[200/227] Loss: 15.273, Acc: 0.003, Base Lr: 1.66e-03
2026-06-12 05:18:35 transreid.train INFO: MGPARTS assign_kl: 2.1004
2026-06-12 05:18:36 transreid.train INFO: Epoch 1 done. Time per epoch: 16.351[s] Speed: 829.8[samples/s]
2026-06-12 05:18:40 transreid.train INFO: Epoch[2] Iter[50/227] Loss: 13.404, Acc: 0.032, Base Lr: 3.25e-03
2026-06-12 05:18:40 transreid.train INFO: MGPARTS assign_kl: 2.1000
2026-06-12 05:18:44 transreid.train INFO: Epoch[2] Iter[100/227] Loss: 13.057, Acc: 0.067, Base Lr: 3.25e-03
2026-06-12 05:18:44 transreid.train INFO: MGPARTS assign_kl: 2.0998
2026-06-12 05:18:48 transreid.train INFO: Epoch[2] Iter[150/227] Loss: 12.830, Acc: 0.100, Base Lr: 3.25e-03
2026-06-12 05:18:48 transreid.train INFO: MGPARTS assign_kl: 2.0996
2026-06-12 05:18:51 transreid.train INFO: Epoch[2] Iter[200/227] Loss: 12.610, Acc: 0.148, Base Lr: 3.25e-03
2026-06-12 05:18:51 transreid.train INFO: MGPARTS assign_kl: 2.0994
2026-06-12 05:18:52 transreid.train INFO: Epoch 2 done. Time per epoch: 16.008[s] Speed: 847.6[samples/s]
2026-06-12 05:18:56 transreid.train INFO: Epoch[3] Iter[50/227] Loss: 11.464, Acc: 0.109, Base Lr: 4.83e-03
2026-06-12 05:18:56 transreid.train INFO: MGPARTS assign_kl: 2.0978
2026-06-12 05:19:00 transreid.train INFO: Epoch[3] Iter[100/227] Loss: 11.222, Acc: 0.122, Base Lr: 4.83e-03
2026-06-12 05:19:00 transreid.train INFO: MGPARTS assign_kl: 2.0973
2026-06-12 05:19:04 transreid.train INFO: Epoch[3] Iter[150/227] Loss: 10.893, Acc: 0.166, Base Lr: 4.83e-03
2026-06-12 05:19:04 transreid.train INFO: MGPARTS assign_kl: 2.0966
2026-06-12 05:19:07 transreid.train INFO: Epoch[3] Iter[200/227] Loss: 10.476, Acc: 0.217, Base Lr: 4.83e-03
2026-06-12 05:19:07 transreid.train INFO: MGPARTS assign_kl: 2.0958
2026-06-12 05:19:08 transreid.train INFO: Epoch 3 done. Time per epoch: 15.821[s] Speed: 849.5[samples/s]
2026-06-12 05:19:12 transreid.train INFO: Epoch[4] Iter[50/227] Loss: 8.992, Acc: 0.283, Base Lr: 6.42e-03
2026-06-12 05:19:12 transreid.train INFO: MGPARTS assign_kl: 2.0904
2026-06-12 05:19:16 transreid.train INFO: Epoch[4] Iter[100/227] Loss: 8.666, Acc: 0.347, Base Lr: 6.42e-03
2026-06-12 05:19:16 transreid.train INFO: MGPARTS assign_kl: 2.0888
2026-06-12 05:19:19 transreid.train INFO: Epoch[4] Iter[150/227] Loss: 8.326, Acc: 0.404, Base Lr: 6.42e-03
2026-06-12 05:19:19 transreid.train INFO: MGPARTS assign_kl: 2.0869
2026-06-12 05:19:23 transreid.train INFO: Epoch[4] Iter[200/227] Loss: 7.883, Acc: 0.469, Base Lr: 6.42e-03
2026-06-12 05:19:23 transreid.train INFO: MGPARTS assign_kl: 2.0847
2026-06-12 05:19:24 transreid.train INFO: Epoch 4 done. Time per epoch: 15.981[s] Speed: 849.0[samples/s]
2026-06-12 05:19:28 transreid.train INFO: Epoch[5] Iter[50/227] Loss: 6.657, Acc: 0.592, Base Lr: 7.97e-03
2026-06-12 05:19:28 transreid.train INFO: MGPARTS assign_kl: 2.0684
2026-06-12 05:19:32 transreid.train INFO: Epoch[5] Iter[100/227] Loss: 6.489, Acc: 0.638, Base Lr: 7.97e-03
2026-06-12 05:19:32 transreid.train INFO: MGPARTS assign_kl: 2.0623
2026-06-12 05:19:35 transreid.train INFO: Epoch[5] Iter[150/227] Loss: 6.241, Acc: 0.677, Base Lr: 7.97e-03
2026-06-12 05:19:35 transreid.train INFO: MGPARTS assign_kl: 2.0547
2026-06-12 05:19:39 transreid.train INFO: Epoch[5] Iter[200/227] Loss: 5.942, Acc: 0.709, Base Lr: 7.97e-03
2026-06-12 05:19:39 transreid.train INFO: MGPARTS assign_kl: 2.0441
2026-06-12 05:19:40 transreid.train INFO: Epoch 5 done. Time per epoch: 16.046[s] Speed: 849.6[samples/s]
2026-06-12 05:19:44 transreid.train INFO: Epoch[6] Iter[50/227] Loss: 5.287, Acc: 0.772, Base Lr: 7.95e-03
2026-06-12 05:19:44 transreid.train INFO: MGPARTS assign_kl: 1.9451
2026-06-12 05:19:48 transreid.train INFO: Epoch[6] Iter[100/227] Loss: 5.010, Acc: 0.808, Base Lr: 7.95e-03
2026-06-12 05:19:48 transreid.train INFO: MGPARTS assign_kl: 1.8855
2026-06-12 05:19:51 transreid.train INFO: Epoch[6] Iter[150/227] Loss: 4.780, Acc: 0.823, Base Lr: 7.95e-03
2026-06-12 05:19:51 transreid.train INFO: MGPARTS assign_kl: 1.7914
2026-06-12 05:19:55 transreid.train INFO: Epoch[6] Iter[200/227] Loss: 4.515, Acc: 0.838, Base Lr: 7.95e-03
2026-06-12 05:19:55 transreid.train INFO: MGPARTS assign_kl: 1.6691
2026-06-12 05:19:56 transreid.train INFO: Epoch 6 done. Time per epoch: 15.978[s] Speed: 849.2[samples/s]
2026-06-12 05:20:00 transreid.train INFO: Epoch[7] Iter[50/227] Loss: 3.879, Acc: 0.868, Base Lr: 7.93e-03
2026-06-12 05:20:00 transreid.train INFO: MGPARTS assign_kl: 1.0101
2026-06-12 05:20:04 transreid.train INFO: Epoch[7] Iter[100/227] Loss: 3.707, Acc: 0.879, Base Lr: 7.93e-03
2026-06-12 05:20:04 transreid.train INFO: MGPARTS assign_kl: 0.9086
2026-06-12 05:20:07 transreid.train INFO: Epoch[7] Iter[150/227] Loss: 3.500, Acc: 0.886, Base Lr: 7.93e-03
2026-06-12 05:20:07 transreid.train INFO: MGPARTS assign_kl: 0.8095
2026-06-12 05:20:11 transreid.train INFO: Epoch[7] Iter[200/227] Loss: 3.344, Acc: 0.891, Base Lr: 7.93e-03
2026-06-12 05:20:11 transreid.train INFO: MGPARTS assign_kl: 0.7281
2026-06-12 05:20:12 transreid.train INFO: Epoch 7 done. Time per epoch: 15.979[s] Speed: 849.1[samples/s]
2026-06-12 05:20:16 transreid.train INFO: Epoch[8] Iter[50/227] Loss: 3.137, Acc: 0.892, Base Lr: 7.91e-03
2026-06-12 05:20:16 transreid.train INFO: MGPARTS assign_kl: 0.3856
2026-06-12 05:20:20 transreid.train INFO: Epoch[8] Iter[100/227] Loss: 2.975, Acc: 0.905, Base Lr: 7.91e-03
2026-06-12 05:20:20 transreid.train INFO: MGPARTS assign_kl: 0.3602
2026-06-12 05:20:23 transreid.train INFO: Epoch[8] Iter[150/227] Loss: 2.845, Acc: 0.914, Base Lr: 7.91e-03
2026-06-12 05:20:23 transreid.train INFO: MGPARTS assign_kl: 0.3395
2026-06-12 05:20:27 transreid.train INFO: Epoch[8] Iter[200/227] Loss: 2.684, Acc: 0.917, Base Lr: 7.91e-03
2026-06-12 05:20:27 transreid.train INFO: MGPARTS assign_kl: 0.3266
2026-06-12 05:20:28 transreid.train INFO: Epoch 8 done. Time per epoch: 15.973[s] Speed: 845.4[samples/s]
2026-06-12 05:20:32 transreid.train INFO: Epoch[9] Iter[50/227] Loss: 2.673, Acc: 0.922, Base Lr: 7.89e-03
2026-06-12 05:20:32 transreid.train INFO: MGPARTS assign_kl: 0.2581
2026-06-12 05:20:36 transreid.train INFO: Epoch[9] Iter[100/227] Loss: 2.588, Acc: 0.924, Base Lr: 7.89e-03
2026-06-12 05:20:36 transreid.train INFO: MGPARTS assign_kl: 0.2566
2026-06-12 05:20:39 transreid.train INFO: Epoch[9] Iter[150/227] Loss: 2.440, Acc: 0.929, Base Lr: 7.89e-03
2026-06-12 05:20:39 transreid.train INFO: MGPARTS assign_kl: 0.2496
2026-06-12 05:20:43 transreid.train INFO: Epoch[9] Iter[200/227] Loss: 2.287, Acc: 0.931, Base Lr: 7.89e-03
2026-06-12 05:20:43 transreid.train INFO: MGPARTS assign_kl: 0.2424
2026-06-12 05:20:44 transreid.train INFO: Epoch 9 done. Time per epoch: 16.011[s] Speed: 847.4[samples/s]
2026-06-12 05:20:48 transreid.train INFO: Epoch[10] Iter[50/227] Loss: 2.254, Acc: 0.944, Base Lr: 7.86e-03
2026-06-12 05:20:48 transreid.train INFO: MGPARTS assign_kl: 0.2142
2026-06-12 05:20:52 transreid.train INFO: Epoch[10] Iter[100/227] Loss: 2.145, Acc: 0.948, Base Lr: 7.86e-03
2026-06-12 05:20:52 transreid.train INFO: MGPARTS assign_kl: 0.2103
2026-06-12 05:20:55 transreid.train INFO: Epoch[10] Iter[150/227] Loss: 2.070, Acc: 0.948, Base Lr: 7.86e-03
2026-06-12 05:20:55 transreid.train INFO: MGPARTS assign_kl: 0.2108
2026-06-12 05:20:59 transreid.train INFO: Epoch[10] Iter[200/227] Loss: 1.955, Acc: 0.948, Base Lr: 7.86e-03
2026-06-12 05:20:59 transreid.train INFO: MGPARTS assign_kl: 0.2088
2026-06-12 05:21:00 transreid.train INFO: Epoch 10 done. Time per epoch: 15.982[s] Speed: 849.0[samples/s]
2026-06-12 05:21:04 transreid.train INFO: Epoch[11] Iter[50/227] Loss: 1.981, Acc: 0.951, Base Lr: 7.84e-03
2026-06-12 05:21:04 transreid.train INFO: MGPARTS assign_kl: 0.1903
2026-06-12 05:21:08 transreid.train INFO: Epoch[11] Iter[100/227] Loss: 1.902, Acc: 0.952, Base Lr: 7.84e-03
2026-06-12 05:21:08 transreid.train INFO: MGPARTS assign_kl: 0.1847
2026-06-12 05:21:11 transreid.train INFO: Epoch[11] Iter[150/227] Loss: 1.820, Acc: 0.954, Base Lr: 7.84e-03
2026-06-12 05:21:11 transreid.train INFO: MGPARTS assign_kl: 0.1830
2026-06-12 05:21:15 transreid.train INFO: Epoch[11] Iter[200/227] Loss: 1.715, Acc: 0.954, Base Lr: 7.84e-03
2026-06-12 05:21:15 transreid.train INFO: MGPARTS assign_kl: 0.1808
2026-06-12 05:21:16 transreid.train INFO: Epoch 11 done. Time per epoch: 15.910[s] Speed: 848.8[samples/s]
2026-06-12 05:21:20 transreid.train INFO: Epoch[12] Iter[50/227] Loss: 1.745, Acc: 0.957, Base Lr: 7.80e-03
2026-06-12 05:21:20 transreid.train INFO: MGPARTS assign_kl: 0.1677
2026-06-12 05:21:24 transreid.train INFO: Epoch[12] Iter[100/227] Loss: 1.621, Acc: 0.959, Base Lr: 7.80e-03
2026-06-12 05:21:24 transreid.train INFO: MGPARTS assign_kl: 0.1643
2026-06-12 05:21:27 transreid.train INFO: Epoch[12] Iter[150/227] Loss: 1.587, Acc: 0.958, Base Lr: 7.80e-03
2026-06-12 05:21:27 transreid.train INFO: MGPARTS assign_kl: 0.1589
2026-06-12 05:21:31 transreid.train INFO: Epoch[12] Iter[200/227] Loss: 1.484, Acc: 0.961, Base Lr: 7.80e-03
2026-06-12 05:21:31 transreid.train INFO: MGPARTS assign_kl: 0.1591
2026-06-12 05:21:32 transreid.train INFO: Epoch 12 done. Time per epoch: 15.841[s] Speed: 848.4[samples/s]
2026-06-12 05:21:36 transreid.train INFO: Epoch[13] Iter[50/227] Loss: 1.571, Acc: 0.960, Base Lr: 7.77e-03
2026-06-12 05:21:36 transreid.train INFO: MGPARTS assign_kl: 0.1536
2026-06-12 05:21:39 transreid.train INFO: Epoch[13] Iter[100/227] Loss: 1.473, Acc: 0.962, Base Lr: 7.77e-03
2026-06-12 05:21:39 transreid.train INFO: MGPARTS assign_kl: 0.1521
2026-06-12 05:21:43 transreid.train INFO: Epoch[13] Iter[150/227] Loss: 1.422, Acc: 0.962, Base Lr: 7.77e-03
2026-06-12 05:21:43 transreid.train INFO: MGPARTS assign_kl: 0.1522
2026-06-12 05:21:47 transreid.train INFO: Epoch[13] Iter[200/227] Loss: 1.323, Acc: 0.964, Base Lr: 7.77e-03
2026-06-12 05:21:47 transreid.train INFO: MGPARTS assign_kl: 0.1503
2026-06-12 05:21:48 transreid.train INFO: Epoch 13 done. Time per epoch: 15.990[s] Speed: 848.5[samples/s]
2026-06-12 05:21:52 transreid.train INFO: Epoch[14] Iter[50/227] Loss: 1.342, Acc: 0.969, Base Lr: 7.73e-03
2026-06-12 05:21:52 transreid.train INFO: MGPARTS assign_kl: 0.1485
2026-06-12 05:21:55 transreid.train INFO: Epoch[14] Iter[100/227] Loss: 1.307, Acc: 0.966, Base Lr: 7.73e-03
2026-06-12 05:21:55 transreid.train INFO: MGPARTS assign_kl: 0.1479
2026-06-12 05:21:59 transreid.train INFO: Epoch[14] Iter[150/227] Loss: 1.240, Acc: 0.967, Base Lr: 7.73e-03
2026-06-12 05:21:59 transreid.train INFO: MGPARTS assign_kl: 0.1464
2026-06-12 05:22:03 transreid.train INFO: Epoch[14] Iter[200/227] Loss: 1.175, Acc: 0.966, Base Lr: 7.73e-03
2026-06-12 05:22:03 transreid.train INFO: MGPARTS assign_kl: 0.1441
2026-06-12 05:22:04 transreid.train INFO: Epoch 14 done. Time per epoch: 16.017[s] Speed: 847.1[samples/s]
2026-06-12 05:22:08 transreid.train INFO: Epoch[15] Iter[50/227] Loss: 1.226, Acc: 0.967, Base Lr: 7.70e-03
2026-06-12 05:22:08 transreid.train INFO: MGPARTS assign_kl: 0.1332
2026-06-12 05:22:11 transreid.train INFO: Epoch[15] Iter[100/227] Loss: 1.205, Acc: 0.967, Base Lr: 7.70e-03
2026-06-12 05:22:11 transreid.train INFO: MGPARTS assign_kl: 0.1349
2026-06-12 05:22:15 transreid.train INFO: Epoch[15] Iter[150/227] Loss: 1.136, Acc: 0.969, Base Lr: 7.70e-03
2026-06-12 05:22:15 transreid.train INFO: MGPARTS assign_kl: 0.1329
2026-06-12 05:22:19 transreid.train INFO: Epoch[15] Iter[200/227] Loss: 1.053, Acc: 0.972, Base Lr: 7.70e-03
2026-06-12 05:22:19 transreid.train INFO: MGPARTS assign_kl: 0.1313
2026-06-12 05:22:20 transreid.train INFO: Epoch 15 done. Time per epoch: 15.919[s] Speed: 848.3[samples/s]
2026-06-12 05:22:24 transreid.train INFO: Epoch[16] Iter[50/227] Loss: 1.099, Acc: 0.972, Base Lr: 7.65e-03
2026-06-12 05:22:24 transreid.train INFO: MGPARTS assign_kl: 0.1249
2026-06-12 05:22:27 transreid.train INFO: Epoch[16] Iter[100/227] Loss: 1.107, Acc: 0.971, Base Lr: 7.65e-03
2026-06-12 05:22:27 transreid.train INFO: MGPARTS assign_kl: 0.1258
2026-06-12 05:22:31 transreid.train INFO: Epoch[16] Iter[150/227] Loss: 1.040, Acc: 0.972, Base Lr: 7.65e-03
2026-06-12 05:22:31 transreid.train INFO: MGPARTS assign_kl: 0.1251
2026-06-12 05:22:35 transreid.train INFO: Epoch[16] Iter[200/227] Loss: 0.978, Acc: 0.974, Base Lr: 7.65e-03
2026-06-12 05:22:35 transreid.train INFO: MGPARTS assign_kl: 0.1244
2026-06-12 05:22:36 transreid.train INFO: Epoch 16 done. Time per epoch: 15.918[s] Speed: 848.3[samples/s]
2026-06-12 05:22:39 transreid.train INFO: Epoch[17] Iter[50/227] Loss: 1.005, Acc: 0.972, Base Lr: 7.61e-03
2026-06-12 05:22:39 transreid.train INFO: MGPARTS assign_kl: 0.1230
2026-06-12 05:22:43 transreid.train INFO: Epoch[17] Iter[100/227] Loss: 0.957, Acc: 0.976, Base Lr: 7.61e-03
2026-06-12 05:22:43 transreid.train INFO: MGPARTS assign_kl: 0.1230
2026-06-12 05:22:47 transreid.train INFO: Epoch[17] Iter[150/227] Loss: 0.922, Acc: 0.976, Base Lr: 7.61e-03
2026-06-12 05:22:47 transreid.train INFO: MGPARTS assign_kl: 0.1213
2026-06-12 05:22:51 transreid.train INFO: Epoch[17] Iter[200/227] Loss: 0.893, Acc: 0.976, Base Lr: 7.61e-03
2026-06-12 05:22:51 transreid.train INFO: MGPARTS assign_kl: 0.1222
2026-06-12 05:22:52 transreid.train INFO: Epoch 17 done. Time per epoch: 15.985[s] Speed: 848.8[samples/s]
2026-06-12 05:22:55 transreid.train INFO: Epoch[18] Iter[50/227] Loss: 0.897, Acc: 0.975, Base Lr: 7.56e-03
2026-06-12 05:22:55 transreid.train INFO: MGPARTS assign_kl: 0.1253
2026-06-12 05:22:59 transreid.train INFO: Epoch[18] Iter[100/227] Loss: 0.876, Acc: 0.975, Base Lr: 7.56e-03
2026-06-12 05:22:59 transreid.train INFO: MGPARTS assign_kl: 0.1222
2026-06-12 05:23:03 transreid.train INFO: Epoch[18] Iter[150/227] Loss: 0.837, Acc: 0.975, Base Lr: 7.56e-03
2026-06-12 05:23:03 transreid.train INFO: MGPARTS assign_kl: 0.1215
2026-06-12 05:23:07 transreid.train INFO: Epoch[18] Iter[200/227] Loss: 0.794, Acc: 0.976, Base Lr: 7.56e-03
2026-06-12 05:23:07 transreid.train INFO: MGPARTS assign_kl: 0.1210
2026-06-12 05:23:08 transreid.train INFO: Epoch 18 done. Time per epoch: 15.985[s] Speed: 848.8[samples/s]
2026-06-12 05:23:11 transreid.train INFO: Epoch[19] Iter[50/227] Loss: 0.852, Acc: 0.976, Base Lr: 7.52e-03
2026-06-12 05:23:11 transreid.train INFO: MGPARTS assign_kl: 0.1131
2026-06-12 05:23:15 transreid.train INFO: Epoch[19] Iter[100/227] Loss: 0.789, Acc: 0.977, Base Lr: 7.52e-03
2026-06-12 05:23:15 transreid.train INFO: MGPARTS assign_kl: 0.1128
2026-06-12 05:23:19 transreid.train INFO: Epoch[19] Iter[150/227] Loss: 0.773, Acc: 0.977, Base Lr: 7.52e-03
2026-06-12 05:23:19 transreid.train INFO: MGPARTS assign_kl: 0.1122
2026-06-12 05:23:23 transreid.train INFO: Epoch[19] Iter[200/227] Loss: 0.735, Acc: 0.978, Base Lr: 7.52e-03
2026-06-12 05:23:23 transreid.train INFO: MGPARTS assign_kl: 0.1141
2026-06-12 05:23:24 transreid.train INFO: Epoch 19 done. Time per epoch: 15.990[s] Speed: 848.5[samples/s]
2026-06-12 05:23:27 transreid.train INFO: Epoch[20] Iter[50/227] Loss: 0.777, Acc: 0.979, Base Lr: 7.47e-03
2026-06-12 05:23:27 transreid.train INFO: MGPARTS assign_kl: 0.1099
2026-06-12 05:23:31 transreid.train INFO: Epoch[20] Iter[100/227] Loss: 0.753, Acc: 0.979, Base Lr: 7.47e-03
2026-06-12 05:23:31 transreid.train INFO: MGPARTS assign_kl: 0.1105
2026-06-12 05:23:35 transreid.train INFO: Epoch[20] Iter[150/227] Loss: 0.733, Acc: 0.979, Base Lr: 7.47e-03
2026-06-12 05:23:35 transreid.train INFO: MGPARTS assign_kl: 0.1109
2026-06-12 05:23:39 transreid.train INFO: Epoch[20] Iter[200/227] Loss: 0.698, Acc: 0.979, Base Lr: 7.47e-03
2026-06-12 05:23:39 transreid.train INFO: MGPARTS assign_kl: 0.1116
2026-06-12 05:23:39 transreid.train INFO: Epoch 20 done. Time per epoch: 15.899[s] Speed: 849.4[samples/s]
2026-06-12 05:23:43 transreid.train INFO: Epoch[21] Iter[50/227] Loss: 0.742, Acc: 0.981, Base Lr: 7.41e-03
2026-06-12 05:23:43 transreid.train INFO: MGPARTS assign_kl: 0.1130
2026-06-12 05:23:47 transreid.train INFO: Epoch[21] Iter[100/227] Loss: 0.698, Acc: 0.981, Base Lr: 7.41e-03
2026-06-12 05:23:47 transreid.train INFO: MGPARTS assign_kl: 0.1093
2026-06-12 05:23:51 transreid.train INFO: Epoch[21] Iter[150/227] Loss: 0.675, Acc: 0.982, Base Lr: 7.41e-03
2026-06-12 05:23:51 transreid.train INFO: MGPARTS assign_kl: 0.1097
2026-06-12 05:23:55 transreid.train INFO: Epoch[21] Iter[200/227] Loss: 0.664, Acc: 0.980, Base Lr: 7.41e-03
2026-06-12 05:23:55 transreid.train INFO: MGPARTS assign_kl: 0.1116
2026-06-12 05:23:55 transreid.train INFO: Epoch 21 done. Time per epoch: 16.004[s] Speed: 847.8[samples/s]
2026-06-12 05:23:59 transreid.train INFO: Epoch[22] Iter[50/227] Loss: 0.657, Acc: 0.980, Base Lr: 7.36e-03
2026-06-12 05:23:59 transreid.train INFO: MGPARTS assign_kl: 0.1062
2026-06-12 05:24:03 transreid.train INFO: Epoch[22] Iter[100/227] Loss: 0.651, Acc: 0.980, Base Lr: 7.36e-03
2026-06-12 05:24:03 transreid.train INFO: MGPARTS assign_kl: 0.1062
2026-06-12 05:24:07 transreid.train INFO: Epoch[22] Iter[150/227] Loss: 0.633, Acc: 0.982, Base Lr: 7.36e-03
2026-06-12 05:24:07 transreid.train INFO: MGPARTS assign_kl: 0.1071
2026-06-12 05:24:11 transreid.train INFO: Epoch[22] Iter[200/227] Loss: 0.603, Acc: 0.983, Base Lr: 7.36e-03
2026-06-12 05:24:11 transreid.train INFO: MGPARTS assign_kl: 0.1065
2026-06-12 05:24:11 transreid.train INFO: Epoch 22 done. Time per epoch: 16.020[s] Speed: 846.9[samples/s]
2026-06-12 05:24:15 transreid.train INFO: Epoch[23] Iter[50/227] Loss: 0.644, Acc: 0.982, Base Lr: 7.30e-03
2026-06-12 05:24:15 transreid.train INFO: MGPARTS assign_kl: 0.1017
2026-06-12 05:24:19 transreid.train INFO: Epoch[23] Iter[100/227] Loss: 0.616, Acc: 0.982, Base Lr: 7.30e-03
2026-06-12 05:24:19 transreid.train INFO: MGPARTS assign_kl: 0.1029
2026-06-12 05:24:23 transreid.train INFO: Epoch[23] Iter[150/227] Loss: 0.584, Acc: 0.982, Base Lr: 7.30e-03
2026-06-12 05:24:23 transreid.train INFO: MGPARTS assign_kl: 0.1034
2026-06-12 05:24:27 transreid.train INFO: Epoch[23] Iter[200/227] Loss: 0.560, Acc: 0.982, Base Lr: 7.30e-03
2026-06-12 05:24:27 transreid.train INFO: MGPARTS assign_kl: 0.1041
2026-06-12 05:24:28 transreid.train INFO: Epoch 23 done. Time per epoch: 16.059[s] Speed: 848.9[samples/s]
2026-06-12 05:24:31 transreid.train INFO: Epoch[24] Iter[50/227] Loss: 0.607, Acc: 0.982, Base Lr: 7.24e-03
2026-06-12 05:24:31 transreid.train INFO: MGPARTS assign_kl: 0.1040
2026-06-12 05:24:35 transreid.train INFO: Epoch[24] Iter[100/227] Loss: 0.585, Acc: 0.984, Base Lr: 7.24e-03
2026-06-12 05:24:35 transreid.train INFO: MGPARTS assign_kl: 0.1016
2026-06-12 05:24:39 transreid.train INFO: Epoch[24] Iter[150/227] Loss: 0.562, Acc: 0.983, Base Lr: 7.24e-03
2026-06-12 05:24:39 transreid.train INFO: MGPARTS assign_kl: 0.1022
2026-06-12 05:24:43 transreid.train INFO: Epoch[24] Iter[200/227] Loss: 0.540, Acc: 0.983, Base Lr: 7.24e-03
2026-06-12 05:24:43 transreid.train INFO: MGPARTS assign_kl: 0.1027
2026-06-12 05:24:44 transreid.train INFO: Epoch 24 done. Time per epoch: 15.998[s] Speed: 848.1[samples/s]
2026-06-12 05:24:47 transreid.train INFO: Epoch[25] Iter[50/227] Loss: 0.562, Acc: 0.984, Base Lr: 7.18e-03
2026-06-12 05:24:47 transreid.train INFO: MGPARTS assign_kl: 0.1009
2026-06-12 05:24:51 transreid.train INFO: Epoch[25] Iter[100/227] Loss: 0.556, Acc: 0.984, Base Lr: 7.18e-03
2026-06-12 05:24:51 transreid.train INFO: MGPARTS assign_kl: 0.1016
2026-06-12 05:24:55 transreid.train INFO: Epoch[25] Iter[150/227] Loss: 0.547, Acc: 0.984, Base Lr: 7.18e-03
2026-06-12 05:24:55 transreid.train INFO: MGPARTS assign_kl: 0.1008
2026-06-12 05:24:59 transreid.train INFO: Epoch[25] Iter[200/227] Loss: 0.520, Acc: 0.985, Base Lr: 7.18e-03
2026-06-12 05:24:59 transreid.train INFO: MGPARTS assign_kl: 0.0998
2026-06-12 05:24:59 transreid.train INFO: Epoch 25 done. Time per epoch: 15.896[s] Speed: 849.5[samples/s]
2026-06-12 05:25:03 transreid.train INFO: Epoch[26] Iter[50/227] Loss: 0.537, Acc: 0.986, Base Lr: 7.11e-03
2026-06-12 05:25:03 transreid.train INFO: MGPARTS assign_kl: 0.0961
2026-06-12 05:25:07 transreid.train INFO: Epoch[26] Iter[100/227] Loss: 0.514, Acc: 0.987, Base Lr: 7.11e-03
2026-06-12 05:25:07 transreid.train INFO: MGPARTS assign_kl: 0.0968
2026-06-12 05:25:11 transreid.train INFO: Epoch[26] Iter[150/227] Loss: 0.499, Acc: 0.986, Base Lr: 7.11e-03
2026-06-12 05:25:11 transreid.train INFO: MGPARTS assign_kl: 0.0970
2026-06-12 05:25:15 transreid.train INFO: Epoch[26] Iter[200/227] Loss: 0.473, Acc: 0.987, Base Lr: 7.11e-03
2026-06-12 05:25:15 transreid.train INFO: MGPARTS assign_kl: 0.0971
2026-06-12 05:25:15 transreid.train INFO: Epoch 26 done. Time per epoch: 15.992[s] Speed: 848.4[samples/s]
2026-06-12 05:25:19 transreid.train INFO: Epoch[27] Iter[50/227] Loss: 0.536, Acc: 0.983, Base Lr: 7.04e-03
2026-06-12 05:25:19 transreid.train INFO: MGPARTS assign_kl: 0.0954
2026-06-12 05:25:23 transreid.train INFO: Epoch[27] Iter[100/227] Loss: 0.488, Acc: 0.984, Base Lr: 7.04e-03
2026-06-12 05:25:23 transreid.train INFO: MGPARTS assign_kl: 0.0932
2026-06-12 05:25:27 transreid.train INFO: Epoch[27] Iter[150/227] Loss: 0.476, Acc: 0.984, Base Lr: 7.04e-03
2026-06-12 05:25:27 transreid.train INFO: MGPARTS assign_kl: 0.0955
2026-06-12 05:25:31 transreid.train INFO: Epoch[27] Iter[200/227] Loss: 0.448, Acc: 0.985, Base Lr: 7.04e-03
2026-06-12 05:25:31 transreid.train INFO: MGPARTS assign_kl: 0.0948
2026-06-12 05:25:31 transreid.train INFO: Epoch 27 done. Time per epoch: 15.836[s] Speed: 848.7[samples/s]
2026-06-12 05:25:35 transreid.train INFO: Epoch[28] Iter[50/227] Loss: 0.483, Acc: 0.988, Base Lr: 6.97e-03
2026-06-12 05:25:35 transreid.train INFO: MGPARTS assign_kl: 0.0961
2026-06-12 05:25:39 transreid.train INFO: Epoch[28] Iter[100/227] Loss: 0.459, Acc: 0.988, Base Lr: 6.97e-03
2026-06-12 05:25:39 transreid.train INFO: MGPARTS assign_kl: 0.0934
2026-06-12 05:25:43 transreid.train INFO: Epoch[28] Iter[150/227] Loss: 0.441, Acc: 0.987, Base Lr: 6.97e-03
2026-06-12 05:25:43 transreid.train INFO: MGPARTS assign_kl: 0.0945
2026-06-12 05:25:46 transreid.train INFO: Epoch[28] Iter[200/227] Loss: 0.432, Acc: 0.987, Base Lr: 6.97e-03
2026-06-12 05:25:46 transreid.train INFO: MGPARTS assign_kl: 0.0950
2026-06-12 05:25:47 transreid.train INFO: Epoch 28 done. Time per epoch: 15.910[s] Speed: 848.8[samples/s]
2026-06-12 05:25:51 transreid.train INFO: Epoch[29] Iter[50/227] Loss: 0.448, Acc: 0.989, Base Lr: 6.90e-03
2026-06-12 05:25:51 transreid.train INFO: MGPARTS assign_kl: 0.0939
2026-06-12 05:25:55 transreid.train INFO: Epoch[29] Iter[100/227] Loss: 0.447, Acc: 0.987, Base Lr: 6.90e-03
2026-06-12 05:25:55 transreid.train INFO: MGPARTS assign_kl: 0.0918
2026-06-12 05:25:59 transreid.train INFO: Epoch[29] Iter[150/227] Loss: 0.431, Acc: 0.987, Base Lr: 6.90e-03
2026-06-12 05:25:59 transreid.train INFO: MGPARTS assign_kl: 0.0907
2026-06-12 05:26:02 transreid.train INFO: Epoch[29] Iter[200/227] Loss: 0.418, Acc: 0.987, Base Lr: 6.90e-03
2026-06-12 05:26:02 transreid.train INFO: MGPARTS assign_kl: 0.0921
2026-06-12 05:26:03 transreid.train INFO: Epoch 29 done. Time per epoch: 15.926[s] Speed: 847.9[samples/s]
2026-06-12 05:26:07 transreid.train INFO: Epoch[30] Iter[50/227] Loss: 0.445, Acc: 0.987, Base Lr: 6.83e-03
2026-06-12 05:26:07 transreid.train INFO: MGPARTS assign_kl: 0.0899
2026-06-12 05:26:11 transreid.train INFO: Epoch[30] Iter[100/227] Loss: 0.402, Acc: 0.990, Base Lr: 6.83e-03
2026-06-12 05:26:11 transreid.train INFO: MGPARTS assign_kl: 0.0893
2026-06-12 05:26:14 transreid.train INFO: Epoch[30] Iter[150/227] Loss: 0.401, Acc: 0.989, Base Lr: 6.83e-03
2026-06-12 05:26:14 transreid.train INFO: MGPARTS assign_kl: 0.0897
2026-06-12 05:26:18 transreid.train INFO: Epoch[30] Iter[200/227] Loss: 0.391, Acc: 0.989, Base Lr: 6.83e-03
2026-06-12 05:26:18 transreid.train INFO: MGPARTS assign_kl: 0.0902
2026-06-12 05:26:19 transreid.train INFO: Epoch 30 done. Time per epoch: 16.012[s] Speed: 847.4[samples/s]
2026-06-12 05:26:23 transreid.train INFO: Epoch[31] Iter[50/227] Loss: 0.422, Acc: 0.990, Base Lr: 6.76e-03
2026-06-12 05:26:23 transreid.train INFO: MGPARTS assign_kl: 0.0904
2026-06-12 05:26:27 transreid.train INFO: Epoch[31] Iter[100/227] Loss: 0.404, Acc: 0.989, Base Lr: 6.76e-03
2026-06-12 05:26:27 transreid.train INFO: MGPARTS assign_kl: 0.0905
2026-06-12 05:26:30 transreid.train INFO: Epoch[31] Iter[150/227] Loss: 0.390, Acc: 0.989, Base Lr: 6.76e-03
2026-06-12 05:26:30 transreid.train INFO: MGPARTS assign_kl: 0.0903
2026-06-12 05:26:34 transreid.train INFO: Epoch[31] Iter[200/227] Loss: 0.368, Acc: 0.989, Base Lr: 6.76e-03
2026-06-12 05:26:34 transreid.train INFO: MGPARTS assign_kl: 0.0899
2026-06-12 05:26:35 transreid.train INFO: Epoch 31 done. Time per epoch: 15.885[s] Speed: 850.1[samples/s]
2026-06-12 05:26:39 transreid.train INFO: Epoch[32] Iter[50/227] Loss: 0.416, Acc: 0.987, Base Lr: 6.68e-03
2026-06-12 05:26:39 transreid.train INFO: MGPARTS assign_kl: 0.0938
2026-06-12 05:26:43 transreid.train INFO: Epoch[32] Iter[100/227] Loss: 0.406, Acc: 0.986, Base Lr: 6.68e-03
2026-06-12 05:26:43 transreid.train INFO: MGPARTS assign_kl: 0.0917
2026-06-12 05:26:46 transreid.train INFO: Epoch[32] Iter[150/227] Loss: 0.390, Acc: 0.987, Base Lr: 6.68e-03
2026-06-12 05:26:46 transreid.train INFO: MGPARTS assign_kl: 0.0891
2026-06-12 05:26:50 transreid.train INFO: Epoch[32] Iter[200/227] Loss: 0.368, Acc: 0.988, Base Lr: 6.68e-03
2026-06-12 05:26:50 transreid.train INFO: MGPARTS assign_kl: 0.0887
2026-06-12 05:26:51 transreid.train INFO: Epoch 32 done. Time per epoch: 16.136[s] Speed: 848.8[samples/s]
2026-06-12 05:26:55 transreid.train INFO: Epoch[33] Iter[50/227] Loss: 0.377, Acc: 0.991, Base Lr: 6.60e-03
2026-06-12 05:26:55 transreid.train INFO: MGPARTS assign_kl: 0.0885
2026-06-12 05:26:59 transreid.train INFO: Epoch[33] Iter[100/227] Loss: 0.376, Acc: 0.990, Base Lr: 6.60e-03
2026-06-12 05:26:59 transreid.train INFO: MGPARTS assign_kl: 0.0864
2026-06-12 05:27:03 transreid.train INFO: Epoch[33] Iter[150/227] Loss: 0.365, Acc: 0.990, Base Lr: 6.60e-03
2026-06-12 05:27:03 transreid.train INFO: MGPARTS assign_kl: 0.0860
2026-06-12 05:27:06 transreid.train INFO: Epoch[33] Iter[200/227] Loss: 0.347, Acc: 0.990, Base Lr: 6.60e-03
2026-06-12 05:27:06 transreid.train INFO: MGPARTS assign_kl: 0.0854
2026-06-12 05:27:07 transreid.train INFO: Epoch 33 done. Time per epoch: 16.082[s] Speed: 847.6[samples/s]
2026-06-12 05:27:11 transreid.train INFO: Epoch[34] Iter[50/227] Loss: 0.351, Acc: 0.991, Base Lr: 6.52e-03
2026-06-12 05:27:11 transreid.train INFO: MGPARTS assign_kl: 0.0860
2026-06-12 05:27:15 transreid.train INFO: Epoch[34] Iter[100/227] Loss: 0.355, Acc: 0.991, Base Lr: 6.52e-03
2026-06-12 05:27:15 transreid.train INFO: MGPARTS assign_kl: 0.0866
2026-06-12 05:27:19 transreid.train INFO: Epoch[34] Iter[150/227] Loss: 0.352, Acc: 0.990, Base Lr: 6.52e-03
2026-06-12 05:27:19 transreid.train INFO: MGPARTS assign_kl: 0.0871
2026-06-12 05:27:22 transreid.train INFO: Epoch[34] Iter[200/227] Loss: 0.336, Acc: 0.990, Base Lr: 6.52e-03
2026-06-12 05:27:22 transreid.train INFO: MGPARTS assign_kl: 0.0869
2026-06-12 05:27:23 transreid.train INFO: Epoch 34 done. Time per epoch: 16.002[s] Speed: 847.9[samples/s]
2026-06-12 05:27:27 transreid.train INFO: Epoch[35] Iter[50/227] Loss: 0.363, Acc: 0.989, Base Lr: 6.44e-03
2026-06-12 05:27:27 transreid.train INFO: MGPARTS assign_kl: 0.0868
2026-06-12 05:27:31 transreid.train INFO: Epoch[35] Iter[100/227] Loss: 0.356, Acc: 0.990, Base Lr: 6.44e-03
2026-06-12 05:27:31 transreid.train INFO: MGPARTS assign_kl: 0.0851
2026-06-12 05:27:35 transreid.train INFO: Epoch[35] Iter[150/227] Loss: 0.354, Acc: 0.989, Base Lr: 6.44e-03
2026-06-12 05:27:35 transreid.train INFO: MGPARTS assign_kl: 0.0858
2026-06-12 05:27:38 transreid.train INFO: Epoch[35] Iter[200/227] Loss: 0.337, Acc: 0.989, Base Lr: 6.44e-03
2026-06-12 05:27:38 transreid.train INFO: MGPARTS assign_kl: 0.0859
2026-06-12 05:27:39 transreid.train INFO: Epoch 35 done. Time per epoch: 16.130[s] Speed: 849.1[samples/s]
2026-06-12 05:27:43 transreid.train INFO: Epoch[36] Iter[50/227] Loss: 0.365, Acc: 0.988, Base Lr: 6.35e-03
2026-06-12 05:27:43 transreid.train INFO: MGPARTS assign_kl: 0.0877
2026-06-12 05:27:47 transreid.train INFO: Epoch[36] Iter[100/227] Loss: 0.338, Acc: 0.989, Base Lr: 6.35e-03
2026-06-12 05:27:47 transreid.train INFO: MGPARTS assign_kl: 0.0853
2026-06-12 05:27:51 transreid.train INFO: Epoch[36] Iter[150/227] Loss: 0.321, Acc: 0.989, Base Lr: 6.35e-03
2026-06-12 05:27:51 transreid.train INFO: MGPARTS assign_kl: 0.0833
2026-06-12 05:27:54 transreid.train INFO: Epoch[36] Iter[200/227] Loss: 0.306, Acc: 0.989, Base Lr: 6.35e-03
2026-06-12 05:27:54 transreid.train INFO: MGPARTS assign_kl: 0.0829
2026-06-12 05:27:55 transreid.train INFO: Epoch 36 done. Time per epoch: 15.906[s] Speed: 849.0[samples/s]
2026-06-12 05:27:59 transreid.train INFO: Epoch[37] Iter[50/227] Loss: 0.359, Acc: 0.989, Base Lr: 6.27e-03
2026-06-12 05:27:59 transreid.train INFO: MGPARTS assign_kl: 0.0837
2026-06-12 05:28:03 transreid.train INFO: Epoch[37] Iter[100/227] Loss: 0.343, Acc: 0.989, Base Lr: 6.27e-03
2026-06-12 05:28:03 transreid.train INFO: MGPARTS assign_kl: 0.0849
2026-06-12 05:28:07 transreid.train INFO: Epoch[37] Iter[150/227] Loss: 0.324, Acc: 0.990, Base Lr: 6.27e-03
2026-06-12 05:28:07 transreid.train INFO: MGPARTS assign_kl: 0.0854
2026-06-12 05:28:10 transreid.train INFO: Epoch[37] Iter[200/227] Loss: 0.300, Acc: 0.990, Base Lr: 6.27e-03
2026-06-12 05:28:10 transreid.train INFO: MGPARTS assign_kl: 0.0850
2026-06-12 05:28:11 transreid.train INFO: Epoch 37 done. Time per epoch: 15.922[s] Speed: 848.1[samples/s]
2026-06-12 05:28:15 transreid.train INFO: Epoch[38] Iter[50/227] Loss: 0.323, Acc: 0.993, Base Lr: 6.18e-03
2026-06-12 05:28:15 transreid.train INFO: MGPARTS assign_kl: 0.0858
2026-06-12 05:28:19 transreid.train INFO: Epoch[38] Iter[100/227] Loss: 0.318, Acc: 0.991, Base Lr: 6.18e-03
2026-06-12 05:28:19 transreid.train INFO: MGPARTS assign_kl: 0.0858
2026-06-12 05:28:23 transreid.train INFO: Epoch[38] Iter[150/227] Loss: 0.317, Acc: 0.990, Base Lr: 6.18e-03
2026-06-12 05:28:23 transreid.train INFO: MGPARTS assign_kl: 0.0845
2026-06-12 05:28:26 transreid.train INFO: Epoch[38] Iter[200/227] Loss: 0.302, Acc: 0.990, Base Lr: 6.18e-03
2026-06-12 05:28:26 transreid.train INFO: MGPARTS assign_kl: 0.0851
2026-06-12 05:28:27 transreid.train INFO: Epoch 38 done. Time per epoch: 15.979[s] Speed: 849.1[samples/s]
2026-06-12 05:28:31 transreid.train INFO: Epoch[39] Iter[50/227] Loss: 0.314, Acc: 0.990, Base Lr: 6.09e-03
2026-06-12 05:28:31 transreid.train INFO: MGPARTS assign_kl: 0.0825
2026-06-12 05:28:35 transreid.train INFO: Epoch[39] Iter[100/227] Loss: 0.326, Acc: 0.989, Base Lr: 6.09e-03
2026-06-12 05:28:35 transreid.train INFO: MGPARTS assign_kl: 0.0831
2026-06-12 05:28:39 transreid.train INFO: Epoch[39] Iter[150/227] Loss: 0.316, Acc: 0.990, Base Lr: 6.09e-03
2026-06-12 05:28:39 transreid.train INFO: MGPARTS assign_kl: 0.0838
2026-06-12 05:28:42 transreid.train INFO: Epoch[39] Iter[200/227] Loss: 0.303, Acc: 0.990, Base Lr: 6.09e-03
2026-06-12 05:28:42 transreid.train INFO: MGPARTS assign_kl: 0.0827
2026-06-12 05:28:43 transreid.train INFO: Epoch 39 done. Time per epoch: 16.000[s] Speed: 848.0[samples/s]
2026-06-12 05:28:47 transreid.train INFO: Epoch[40] Iter[50/227] Loss: 0.309, Acc: 0.990, Base Lr: 6.00e-03
2026-06-12 05:28:47 transreid.train INFO: MGPARTS assign_kl: 0.0819
2026-06-12 05:28:51 transreid.train INFO: Epoch[40] Iter[100/227] Loss: 0.296, Acc: 0.991, Base Lr: 6.00e-03
2026-06-12 05:28:51 transreid.train INFO: MGPARTS assign_kl: 0.0804
2026-06-12 05:28:55 transreid.train INFO: Epoch[40] Iter[150/227] Loss: 0.288, Acc: 0.990, Base Lr: 6.00e-03
2026-06-12 05:28:55 transreid.train INFO: MGPARTS assign_kl: 0.0793
2026-06-12 05:28:58 transreid.train INFO: Epoch[40] Iter[200/227] Loss: 0.284, Acc: 0.990, Base Lr: 6.00e-03
2026-06-12 05:28:58 transreid.train INFO: MGPARTS assign_kl: 0.0795
2026-06-12 05:28:59 transreid.train INFO: Epoch 40 done. Time per epoch: 15.979[s] Speed: 849.1[samples/s]
2026-06-12 05:29:03 transreid.train INFO: Epoch[41] Iter[50/227] Loss: 0.296, Acc: 0.994, Base Lr: 5.91e-03
2026-06-12 05:29:03 transreid.train INFO: MGPARTS assign_kl: 0.0838
2026-06-12 05:29:07 transreid.train INFO: Epoch[41] Iter[100/227] Loss: 0.297, Acc: 0.993, Base Lr: 5.91e-03
2026-06-12 05:29:07 transreid.train INFO: MGPARTS assign_kl: 0.0804
2026-06-12 05:29:11 transreid.train INFO: Epoch[41] Iter[150/227] Loss: 0.287, Acc: 0.993, Base Lr: 5.91e-03
2026-06-12 05:29:11 transreid.train INFO: MGPARTS assign_kl: 0.0795
2026-06-12 05:29:14 transreid.train INFO: Epoch[41] Iter[200/227] Loss: 0.276, Acc: 0.993, Base Lr: 5.91e-03
2026-06-12 05:29:14 transreid.train INFO: MGPARTS assign_kl: 0.0789
2026-06-12 05:29:15 transreid.train INFO: Epoch 41 done. Time per epoch: 15.936[s] Speed: 847.4[samples/s]
2026-06-12 05:29:19 transreid.train INFO: Epoch[42] Iter[50/227] Loss: 0.291, Acc: 0.991, Base Lr: 5.82e-03
2026-06-12 05:29:19 transreid.train INFO: MGPARTS assign_kl: 0.0828
2026-06-12 05:29:23 transreid.train INFO: Epoch[42] Iter[100/227] Loss: 0.278, Acc: 0.991, Base Lr: 5.82e-03
2026-06-12 05:29:23 transreid.train INFO: MGPARTS assign_kl: 0.0776
2026-06-12 05:29:27 transreid.train INFO: Epoch[42] Iter[150/227] Loss: 0.267, Acc: 0.991, Base Lr: 5.82e-03
2026-06-12 05:29:27 transreid.train INFO: MGPARTS assign_kl: 0.0775
2026-06-12 05:29:30 transreid.train INFO: Epoch[42] Iter[200/227] Loss: 0.260, Acc: 0.991, Base Lr: 5.82e-03
2026-06-12 05:29:30 transreid.train INFO: MGPARTS assign_kl: 0.0771
2026-06-12 05:29:31 transreid.train INFO: Epoch 42 done. Time per epoch: 16.058[s] Speed: 844.9[samples/s]
2026-06-12 05:29:35 transreid.train INFO: Epoch[43] Iter[50/227] Loss: 0.296, Acc: 0.991, Base Lr: 5.73e-03
2026-06-12 05:29:35 transreid.train INFO: MGPARTS assign_kl: 0.0840
2026-06-12 05:29:39 transreid.train INFO: Epoch[43] Iter[100/227] Loss: 0.289, Acc: 0.991, Base Lr: 5.73e-03
2026-06-12 05:29:39 transreid.train INFO: MGPARTS assign_kl: 0.0816
2026-06-12 05:29:43 transreid.train INFO: Epoch[43] Iter[150/227] Loss: 0.282, Acc: 0.991, Base Lr: 5.73e-03
2026-06-12 05:29:43 transreid.train INFO: MGPARTS assign_kl: 0.0808
2026-06-12 05:29:46 transreid.train INFO: Epoch[43] Iter[200/227] Loss: 0.265, Acc: 0.992, Base Lr: 5.73e-03
2026-06-12 05:29:46 transreid.train INFO: MGPARTS assign_kl: 0.0794
2026-06-12 05:29:47 transreid.train INFO: Epoch 43 done. Time per epoch: 15.999[s] Speed: 848.1[samples/s]
2026-06-12 05:29:51 transreid.train INFO: Epoch[44] Iter[50/227] Loss: 0.280, Acc: 0.993, Base Lr: 5.63e-03
2026-06-12 05:29:51 transreid.train INFO: MGPARTS assign_kl: 0.0758
2026-06-12 05:29:55 transreid.train INFO: Epoch[44] Iter[100/227] Loss: 0.268, Acc: 0.993, Base Lr: 5.63e-03
2026-06-12 05:29:55 transreid.train INFO: MGPARTS assign_kl: 0.0762
2026-06-12 05:29:58 transreid.train INFO: Epoch[44] Iter[150/227] Loss: 0.269, Acc: 0.992, Base Lr: 5.63e-03
2026-06-12 05:29:58 transreid.train INFO: MGPARTS assign_kl: 0.0776
2026-06-12 05:30:02 transreid.train INFO: Epoch[44] Iter[200/227] Loss: 0.261, Acc: 0.992, Base Lr: 5.63e-03
2026-06-12 05:30:02 transreid.train INFO: MGPARTS assign_kl: 0.0772
2026-06-12 05:30:03 transreid.train INFO: Epoch 44 done. Time per epoch: 15.995[s] Speed: 848.2[samples/s]
2026-06-12 05:30:07 transreid.train INFO: Epoch[45] Iter[50/227] Loss: 0.313, Acc: 0.991, Base Lr: 5.54e-03
2026-06-12 05:30:07 transreid.train INFO: MGPARTS assign_kl: 0.0812
2026-06-12 05:30:11 transreid.train INFO: Epoch[45] Iter[100/227] Loss: 0.293, Acc: 0.992, Base Lr: 5.54e-03
2026-06-12 05:30:11 transreid.train INFO: MGPARTS assign_kl: 0.0788
2026-06-12 05:30:14 transreid.train INFO: Epoch[45] Iter[150/227] Loss: 0.280, Acc: 0.992, Base Lr: 5.54e-03
2026-06-12 05:30:14 transreid.train INFO: MGPARTS assign_kl: 0.0782
2026-06-12 05:30:18 transreid.train INFO: Epoch[45] Iter[200/227] Loss: 0.260, Acc: 0.993, Base Lr: 5.54e-03
2026-06-12 05:30:18 transreid.train INFO: MGPARTS assign_kl: 0.0776
2026-06-12 05:30:19 transreid.train INFO: Epoch 45 done. Time per epoch: 15.992[s] Speed: 848.4[samples/s]
2026-06-12 05:30:23 transreid.train INFO: Epoch[46] Iter[50/227] Loss: 0.278, Acc: 0.990, Base Lr: 5.44e-03
2026-06-12 05:30:23 transreid.train INFO: MGPARTS assign_kl: 0.0781
2026-06-12 05:30:27 transreid.train INFO: Epoch[46] Iter[100/227] Loss: 0.250, Acc: 0.992, Base Lr: 5.44e-03
2026-06-12 05:30:27 transreid.train INFO: MGPARTS assign_kl: 0.0760
2026-06-12 05:30:30 transreid.train INFO: Epoch[46] Iter[150/227] Loss: 0.249, Acc: 0.992, Base Lr: 5.44e-03
2026-06-12 05:30:30 transreid.train INFO: MGPARTS assign_kl: 0.0764
2026-06-12 05:30:34 transreid.train INFO: Epoch[46] Iter[200/227] Loss: 0.243, Acc: 0.993, Base Lr: 5.44e-03
2026-06-12 05:30:34 transreid.train INFO: MGPARTS assign_kl: 0.0766
2026-06-12 05:30:35 transreid.train INFO: Epoch 46 done. Time per epoch: 15.976[s] Speed: 849.3[samples/s]
2026-06-12 05:30:39 transreid.train INFO: Epoch[47] Iter[50/227] Loss: 0.256, Acc: 0.994, Base Lr: 5.34e-03
2026-06-12 05:30:39 transreid.train INFO: MGPARTS assign_kl: 0.0788
2026-06-12 05:30:43 transreid.train INFO: Epoch[47] Iter[100/227] Loss: 0.248, Acc: 0.993, Base Lr: 5.34e-03
2026-06-12 05:30:43 transreid.train INFO: MGPARTS assign_kl: 0.0782
2026-06-12 05:30:46 transreid.train INFO: Epoch[47] Iter[150/227] Loss: 0.255, Acc: 0.992, Base Lr: 5.34e-03
2026-06-12 05:30:46 transreid.train INFO: MGPARTS assign_kl: 0.0775
2026-06-12 05:30:50 transreid.train INFO: Epoch[47] Iter[200/227] Loss: 0.244, Acc: 0.992, Base Lr: 5.34e-03
2026-06-12 05:30:50 transreid.train INFO: MGPARTS assign_kl: 0.0770
2026-06-12 05:30:51 transreid.train INFO: Epoch 47 done. Time per epoch: 15.940[s] Speed: 847.2[samples/s]
2026-06-12 05:30:55 transreid.train INFO: Epoch[48] Iter[50/227] Loss: 0.252, Acc: 0.992, Base Lr: 5.24e-03
2026-06-12 05:30:55 transreid.train INFO: MGPARTS assign_kl: 0.0757
2026-06-12 05:30:59 transreid.train INFO: Epoch[48] Iter[100/227] Loss: 0.247, Acc: 0.994, Base Lr: 5.24e-03
2026-06-12 05:30:59 transreid.train INFO: MGPARTS assign_kl: 0.0770
2026-06-12 05:31:02 transreid.train INFO: Epoch[48] Iter[150/227] Loss: 0.240, Acc: 0.993, Base Lr: 5.24e-03
2026-06-12 05:31:02 transreid.train INFO: MGPARTS assign_kl: 0.0759
2026-06-12 05:31:06 transreid.train INFO: Epoch[48] Iter[200/227] Loss: 0.232, Acc: 0.993, Base Lr: 5.24e-03
2026-06-12 05:31:06 transreid.train INFO: MGPARTS assign_kl: 0.0757
2026-06-12 05:31:07 transreid.train INFO: Epoch 48 done. Time per epoch: 15.984[s] Speed: 848.9[samples/s]
2026-06-12 05:31:11 transreid.train INFO: Epoch[49] Iter[50/227] Loss: 0.260, Acc: 0.993, Base Lr: 5.14e-03
2026-06-12 05:31:11 transreid.train INFO: MGPARTS assign_kl: 0.0769
2026-06-12 05:31:15 transreid.train INFO: Epoch[49] Iter[100/227] Loss: 0.255, Acc: 0.993, Base Lr: 5.14e-03
2026-06-12 05:31:15 transreid.train INFO: MGPARTS assign_kl: 0.0758
2026-06-12 05:31:18 transreid.train INFO: Epoch[49] Iter[150/227] Loss: 0.250, Acc: 0.994, Base Lr: 5.14e-03
2026-06-12 05:31:18 transreid.train INFO: MGPARTS assign_kl: 0.0754
2026-06-12 05:31:22 transreid.train INFO: Epoch[49] Iter[200/227] Loss: 0.239, Acc: 0.994, Base Lr: 5.14e-03
2026-06-12 05:31:22 transreid.train INFO: MGPARTS assign_kl: 0.0763
2026-06-12 05:31:23 transreid.train INFO: Epoch 49 done. Time per epoch: 15.978[s] Speed: 849.2[samples/s]
2026-06-12 05:31:27 transreid.train INFO: Epoch[50] Iter[50/227] Loss: 0.236, Acc: 0.996, Base Lr: 5.04e-03
2026-06-12 05:31:27 transreid.train INFO: MGPARTS assign_kl: 0.0719
2026-06-12 05:31:31 transreid.train INFO: Epoch[50] Iter[100/227] Loss: 0.240, Acc: 0.993, Base Lr: 5.04e-03
2026-06-12 05:31:31 transreid.train INFO: MGPARTS assign_kl: 0.0737
2026-06-12 05:31:34 transreid.train INFO: Epoch[50] Iter[150/227] Loss: 0.225, Acc: 0.993, Base Lr: 5.04e-03
2026-06-12 05:31:34 transreid.train INFO: MGPARTS assign_kl: 0.0730
2026-06-12 05:31:38 transreid.train INFO: Epoch[50] Iter[200/227] Loss: 0.213, Acc: 0.994, Base Lr: 5.04e-03
2026-06-12 05:31:38 transreid.train INFO: MGPARTS assign_kl: 0.0726
2026-06-12 05:31:39 transreid.train INFO: Epoch 50 done. Time per epoch: 16.073[s] Speed: 848.1[samples/s]
2026-06-12 05:31:43 transreid.train INFO: Epoch[51] Iter[50/227] Loss: 0.246, Acc: 0.993, Base Lr: 4.94e-03
2026-06-12 05:31:43 transreid.train INFO: MGPARTS assign_kl: 0.0757
2026-06-12 05:31:47 transreid.train INFO: Epoch[51] Iter[100/227] Loss: 0.234, Acc: 0.993, Base Lr: 4.94e-03
2026-06-12 05:31:47 transreid.train INFO: MGPARTS assign_kl: 0.0754
2026-06-12 05:31:50 transreid.train INFO: Epoch[51] Iter[150/227] Loss: 0.234, Acc: 0.993, Base Lr: 4.94e-03
2026-06-12 05:31:50 transreid.train INFO: MGPARTS assign_kl: 0.0746
2026-06-12 05:31:54 transreid.train INFO: Epoch[51] Iter[200/227] Loss: 0.223, Acc: 0.994, Base Lr: 4.94e-03
2026-06-12 05:31:54 transreid.train INFO: MGPARTS assign_kl: 0.0742
2026-06-12 05:31:55 transreid.train INFO: Epoch 51 done. Time per epoch: 15.905[s] Speed: 849.1[samples/s]
2026-06-12 05:31:59 transreid.train INFO: Epoch[52] Iter[50/227] Loss: 0.245, Acc: 0.992, Base Lr: 4.84e-03
2026-06-12 05:31:59 transreid.train INFO: MGPARTS assign_kl: 0.0794
2026-06-12 05:32:03 transreid.train INFO: Epoch[52] Iter[100/227] Loss: 0.241, Acc: 0.993, Base Lr: 4.84e-03
2026-06-12 05:32:03 transreid.train INFO: MGPARTS assign_kl: 0.0777
2026-06-12 05:32:06 transreid.train INFO: Epoch[52] Iter[150/227] Loss: 0.231, Acc: 0.994, Base Lr: 4.84e-03
2026-06-12 05:32:06 transreid.train INFO: MGPARTS assign_kl: 0.0761
2026-06-12 05:32:10 transreid.train INFO: Epoch[52] Iter[200/227] Loss: 0.220, Acc: 0.994, Base Lr: 4.84e-03
2026-06-12 05:32:10 transreid.train INFO: MGPARTS assign_kl: 0.0750
2026-06-12 05:32:11 transreid.train INFO: Epoch 52 done. Time per epoch: 15.944[s] Speed: 847.0[samples/s]
2026-06-12 05:32:15 transreid.train INFO: Epoch[53] Iter[50/227] Loss: 0.232, Acc: 0.995, Base Lr: 4.74e-03
2026-06-12 05:32:15 transreid.train INFO: MGPARTS assign_kl: 0.0694
2026-06-12 05:32:19 transreid.train INFO: Epoch[53] Iter[100/227] Loss: 0.232, Acc: 0.994, Base Lr: 4.74e-03
2026-06-12 05:32:19 transreid.train INFO: MGPARTS assign_kl: 0.0724
2026-06-12 05:32:22 transreid.train INFO: Epoch[53] Iter[150/227] Loss: 0.218, Acc: 0.995, Base Lr: 4.74e-03
2026-06-12 05:32:22 transreid.train INFO: MGPARTS assign_kl: 0.0732
2026-06-12 05:32:26 transreid.train INFO: Epoch[53] Iter[200/227] Loss: 0.212, Acc: 0.995, Base Lr: 4.74e-03
2026-06-12 05:32:26 transreid.train INFO: MGPARTS assign_kl: 0.0736
2026-06-12 05:32:27 transreid.train INFO: Epoch 53 done. Time per epoch: 16.109[s] Speed: 846.3[samples/s]
2026-06-12 05:32:31 transreid.train INFO: Epoch[54] Iter[50/227] Loss: 0.224, Acc: 0.995, Base Lr: 4.63e-03
2026-06-12 05:32:31 transreid.train INFO: MGPARTS assign_kl: 0.0726
2026-06-12 05:32:35 transreid.train INFO: Epoch[54] Iter[100/227] Loss: 0.221, Acc: 0.995, Base Lr: 4.63e-03
2026-06-12 05:32:35 transreid.train INFO: MGPARTS assign_kl: 0.0728
2026-06-12 05:32:38 transreid.train INFO: Epoch[54] Iter[150/227] Loss: 0.214, Acc: 0.994, Base Lr: 4.63e-03
2026-06-12 05:32:38 transreid.train INFO: MGPARTS assign_kl: 0.0719
2026-06-12 05:32:42 transreid.train INFO: Epoch[54] Iter[200/227] Loss: 0.202, Acc: 0.994, Base Lr: 4.63e-03
2026-06-12 05:32:42 transreid.train INFO: MGPARTS assign_kl: 0.0716
2026-06-12 05:32:43 transreid.train INFO: Epoch 54 done. Time per epoch: 15.986[s] Speed: 848.8[samples/s]
2026-06-12 05:32:47 transreid.train INFO: Epoch[55] Iter[50/227] Loss: 0.221, Acc: 0.995, Base Lr: 4.53e-03
2026-06-12 05:32:47 transreid.train INFO: MGPARTS assign_kl: 0.0730
2026-06-12 05:32:51 transreid.train INFO: Epoch[55] Iter[100/227] Loss: 0.216, Acc: 0.995, Base Lr: 4.53e-03
2026-06-12 05:32:51 transreid.train INFO: MGPARTS assign_kl: 0.0721
2026-06-12 05:32:54 transreid.train INFO: Epoch[55] Iter[150/227] Loss: 0.217, Acc: 0.994, Base Lr: 4.53e-03
2026-06-12 05:32:54 transreid.train INFO: MGPARTS assign_kl: 0.0713
2026-06-12 05:32:58 transreid.train INFO: Epoch[55] Iter[200/227] Loss: 0.209, Acc: 0.994, Base Lr: 4.53e-03
2026-06-12 05:32:58 transreid.train INFO: MGPARTS assign_kl: 0.0718
2026-06-12 05:32:59 transreid.train INFO: Epoch 55 done. Time per epoch: 15.989[s] Speed: 848.6[samples/s]
2026-06-12 05:33:03 transreid.train INFO: Epoch[56] Iter[50/227] Loss: 0.236, Acc: 0.992, Base Lr: 4.43e-03
2026-06-12 05:33:03 transreid.train INFO: MGPARTS assign_kl: 0.0740
2026-06-12 05:33:07 transreid.train INFO: Epoch[56] Iter[100/227] Loss: 0.219, Acc: 0.993, Base Lr: 4.43e-03
2026-06-12 05:33:07 transreid.train INFO: MGPARTS assign_kl: 0.0719
2026-06-12 05:33:10 transreid.train INFO: Epoch[56] Iter[150/227] Loss: 0.213, Acc: 0.993, Base Lr: 4.43e-03
2026-06-12 05:33:10 transreid.train INFO: MGPARTS assign_kl: 0.0718
2026-06-12 05:33:14 transreid.train INFO: Epoch[56] Iter[200/227] Loss: 0.203, Acc: 0.994, Base Lr: 4.43e-03
2026-06-12 05:33:14 transreid.train INFO: MGPARTS assign_kl: 0.0714
2026-06-12 05:33:15 transreid.train INFO: Epoch 56 done. Time per epoch: 16.000[s] Speed: 848.0[samples/s]
2026-06-12 05:33:19 transreid.train INFO: Epoch[57] Iter[50/227] Loss: 0.222, Acc: 0.993, Base Lr: 4.32e-03
2026-06-12 05:33:19 transreid.train INFO: MGPARTS assign_kl: 0.0722
2026-06-12 05:33:23 transreid.train INFO: Epoch[57] Iter[100/227] Loss: 0.215, Acc: 0.995, Base Lr: 4.32e-03
2026-06-12 05:33:23 transreid.train INFO: MGPARTS assign_kl: 0.0719
2026-06-12 05:33:26 transreid.train INFO: Epoch[57] Iter[150/227] Loss: 0.208, Acc: 0.994, Base Lr: 4.32e-03
2026-06-12 05:33:26 transreid.train INFO: MGPARTS assign_kl: 0.0717
2026-06-12 05:33:30 transreid.train INFO: Epoch[57] Iter[200/227] Loss: 0.193, Acc: 0.995, Base Lr: 4.32e-03
2026-06-12 05:33:30 transreid.train INFO: MGPARTS assign_kl: 0.0716
2026-06-12 05:33:31 transreid.train INFO: Epoch 57 done. Time per epoch: 15.993[s] Speed: 848.4[samples/s]
2026-06-12 05:33:35 transreid.train INFO: Epoch[58] Iter[50/227] Loss: 0.206, Acc: 0.993, Base Lr: 4.22e-03
2026-06-12 05:33:35 transreid.train INFO: MGPARTS assign_kl: 0.0719
2026-06-12 05:33:39 transreid.train INFO: Epoch[58] Iter[100/227] Loss: 0.218, Acc: 0.992, Base Lr: 4.22e-03
2026-06-12 05:33:39 transreid.train INFO: MGPARTS assign_kl: 0.0711
2026-06-12 05:33:42 transreid.train INFO: Epoch[58] Iter[150/227] Loss: 0.206, Acc: 0.994, Base Lr: 4.22e-03
2026-06-12 05:33:42 transreid.train INFO: MGPARTS assign_kl: 0.0706
2026-06-12 05:33:46 transreid.train INFO: Epoch[58] Iter[200/227] Loss: 0.198, Acc: 0.995, Base Lr: 4.22e-03
2026-06-12 05:33:46 transreid.train INFO: MGPARTS assign_kl: 0.0704
2026-06-12 05:33:47 transreid.train INFO: Epoch 58 done. Time per epoch: 15.989[s] Speed: 848.6[samples/s]
2026-06-12 05:33:51 transreid.train INFO: Epoch[59] Iter[50/227] Loss: 0.206, Acc: 0.994, Base Lr: 4.11e-03
2026-06-12 05:33:51 transreid.train INFO: MGPARTS assign_kl: 0.0717
2026-06-12 05:33:55 transreid.train INFO: Epoch[59] Iter[100/227] Loss: 0.203, Acc: 0.994, Base Lr: 4.11e-03
2026-06-12 05:33:55 transreid.train INFO: MGPARTS assign_kl: 0.0711
2026-06-12 05:33:58 transreid.train INFO: Epoch[59] Iter[150/227] Loss: 0.192, Acc: 0.995, Base Lr: 4.11e-03
2026-06-12 05:33:58 transreid.train INFO: MGPARTS assign_kl: 0.0707
2026-06-12 05:34:02 transreid.train INFO: Epoch[59] Iter[200/227] Loss: 0.182, Acc: 0.995, Base Lr: 4.11e-03
2026-06-12 05:34:02 transreid.train INFO: MGPARTS assign_kl: 0.0708
2026-06-12 05:34:03 transreid.train INFO: Epoch 59 done. Time per epoch: 16.059[s] Speed: 848.9[samples/s]
2026-06-12 05:34:07 transreid.train INFO: Epoch[60] Iter[50/227] Loss: 0.200, Acc: 0.994, Base Lr: 4.01e-03
2026-06-12 05:34:07 transreid.train INFO: MGPARTS assign_kl: 0.0684
2026-06-12 05:34:11 transreid.train INFO: Epoch[60] Iter[100/227] Loss: 0.195, Acc: 0.995, Base Lr: 4.01e-03
2026-06-12 05:34:11 transreid.train INFO: MGPARTS assign_kl: 0.0682
2026-06-12 05:34:14 transreid.train INFO: Epoch[60] Iter[150/227] Loss: 0.190, Acc: 0.995, Base Lr: 4.01e-03
2026-06-12 05:34:14 transreid.train INFO: MGPARTS assign_kl: 0.0695
2026-06-12 05:34:18 transreid.train INFO: Epoch[60] Iter[200/227] Loss: 0.182, Acc: 0.995, Base Lr: 4.01e-03
2026-06-12 05:34:18 transreid.train INFO: MGPARTS assign_kl: 0.0689
2026-06-12 05:34:19 transreid.train INFO: Epoch 60 done. Time per epoch: 16.033[s] Speed: 846.3[samples/s]
2026-06-12 05:34:23 transreid.train INFO: Epoch[61] Iter[50/227] Loss: 0.202, Acc: 0.996, Base Lr: 3.90e-03
2026-06-12 05:34:23 transreid.train INFO: MGPARTS assign_kl: 0.0719
2026-06-12 05:34:27 transreid.train INFO: Epoch[61] Iter[100/227] Loss: 0.194, Acc: 0.996, Base Lr: 3.90e-03
2026-06-12 05:34:27 transreid.train INFO: MGPARTS assign_kl: 0.0699
2026-06-12 05:34:30 transreid.train INFO: Epoch[61] Iter[150/227] Loss: 0.200, Acc: 0.995, Base Lr: 3.90e-03
2026-06-12 05:34:30 transreid.train INFO: MGPARTS assign_kl: 0.0705
2026-06-12 05:34:34 transreid.train INFO: Epoch[61] Iter[200/227] Loss: 0.185, Acc: 0.995, Base Lr: 3.90e-03
2026-06-12 05:34:34 transreid.train INFO: MGPARTS assign_kl: 0.0709
2026-06-12 05:34:35 transreid.train INFO: Epoch 61 done. Time per epoch: 15.986[s] Speed: 848.8[samples/s]
2026-06-12 05:34:39 transreid.train INFO: Epoch[62] Iter[50/227] Loss: 0.221, Acc: 0.993, Base Lr: 3.80e-03
2026-06-12 05:34:39 transreid.train INFO: MGPARTS assign_kl: 0.0686
2026-06-12 05:34:43 transreid.train INFO: Epoch[62] Iter[100/227] Loss: 0.205, Acc: 0.994, Base Lr: 3.80e-03
2026-06-12 05:34:43 transreid.train INFO: MGPARTS assign_kl: 0.0694
2026-06-12 05:34:46 transreid.train INFO: Epoch[62] Iter[150/227] Loss: 0.191, Acc: 0.994, Base Lr: 3.80e-03
2026-06-12 05:34:46 transreid.train INFO: MGPARTS assign_kl: 0.0695
2026-06-12 05:34:50 transreid.train INFO: Epoch[62] Iter[200/227] Loss: 0.188, Acc: 0.994, Base Lr: 3.80e-03
2026-06-12 05:34:50 transreid.train INFO: MGPARTS assign_kl: 0.0699
2026-06-12 05:34:51 transreid.train INFO: Epoch 62 done. Time per epoch: 15.893[s] Speed: 849.7[samples/s]
2026-06-12 05:34:55 transreid.train INFO: Epoch[63] Iter[50/227] Loss: 0.201, Acc: 0.993, Base Lr: 3.69e-03
2026-06-12 05:34:55 transreid.train INFO: MGPARTS assign_kl: 0.0683
2026-06-12 05:34:59 transreid.train INFO: Epoch[63] Iter[100/227] Loss: 0.215, Acc: 0.993, Base Lr: 3.69e-03
2026-06-12 05:34:59 transreid.train INFO: MGPARTS assign_kl: 0.0684
2026-06-12 05:35:02 transreid.train INFO: Epoch[63] Iter[150/227] Loss: 0.204, Acc: 0.993, Base Lr: 3.69e-03
2026-06-12 05:35:02 transreid.train INFO: MGPARTS assign_kl: 0.0687
2026-06-12 05:35:06 transreid.train INFO: Epoch[63] Iter[200/227] Loss: 0.194, Acc: 0.994, Base Lr: 3.69e-03
2026-06-12 05:35:06 transreid.train INFO: MGPARTS assign_kl: 0.0688
2026-06-12 05:35:07 transreid.train INFO: Epoch 63 done. Time per epoch: 15.915[s] Speed: 848.5[samples/s]
2026-06-12 05:35:11 transreid.train INFO: Epoch[64] Iter[50/227] Loss: 0.204, Acc: 0.995, Base Lr: 3.59e-03
2026-06-12 05:35:11 transreid.train INFO: MGPARTS assign_kl: 0.0684
2026-06-12 05:35:15 transreid.train INFO: Epoch[64] Iter[100/227] Loss: 0.193, Acc: 0.995, Base Lr: 3.59e-03
2026-06-12 05:35:15 transreid.train INFO: MGPARTS assign_kl: 0.0711
2026-06-12 05:35:18 transreid.train INFO: Epoch[64] Iter[150/227] Loss: 0.197, Acc: 0.995, Base Lr: 3.59e-03
2026-06-12 05:35:18 transreid.train INFO: MGPARTS assign_kl: 0.0708
2026-06-12 05:35:22 transreid.train INFO: Epoch[64] Iter[200/227] Loss: 0.183, Acc: 0.995, Base Lr: 3.59e-03
2026-06-12 05:35:22 transreid.train INFO: MGPARTS assign_kl: 0.0696
2026-06-12 05:35:23 transreid.train INFO: Epoch 64 done. Time per epoch: 15.916[s] Speed: 848.4[samples/s]
2026-06-12 05:35:27 transreid.train INFO: Epoch[65] Iter[50/227] Loss: 0.186, Acc: 0.993, Base Lr: 3.49e-03
2026-06-12 05:35:27 transreid.train INFO: MGPARTS assign_kl: 0.0673
2026-06-12 05:35:30 transreid.train INFO: Epoch[65] Iter[100/227] Loss: 0.181, Acc: 0.995, Base Lr: 3.49e-03
2026-06-12 05:35:30 transreid.train INFO: MGPARTS assign_kl: 0.0667
2026-06-12 05:35:34 transreid.train INFO: Epoch[65] Iter[150/227] Loss: 0.176, Acc: 0.996, Base Lr: 3.49e-03
2026-06-12 05:35:34 transreid.train INFO: MGPARTS assign_kl: 0.0671
2026-06-12 05:35:38 transreid.train INFO: Epoch[65] Iter[200/227] Loss: 0.174, Acc: 0.995, Base Lr: 3.49e-03
2026-06-12 05:35:38 transreid.train INFO: MGPARTS assign_kl: 0.0673
2026-06-12 05:35:39 transreid.train INFO: Epoch 65 done. Time per epoch: 16.001[s] Speed: 848.0[samples/s]
2026-06-12 05:35:43 transreid.train INFO: Epoch[66] Iter[50/227] Loss: 0.197, Acc: 0.994, Base Lr: 3.38e-03
2026-06-12 05:35:43 transreid.train INFO: MGPARTS assign_kl: 0.0642
2026-06-12 05:35:46 transreid.train INFO: Epoch[66] Iter[100/227] Loss: 0.186, Acc: 0.995, Base Lr: 3.38e-03
2026-06-12 05:35:46 transreid.train INFO: MGPARTS assign_kl: 0.0668
2026-06-12 05:35:50 transreid.train INFO: Epoch[66] Iter[150/227] Loss: 0.187, Acc: 0.995, Base Lr: 3.38e-03
2026-06-12 05:35:50 transreid.train INFO: MGPARTS assign_kl: 0.0674
2026-06-12 05:35:54 transreid.train INFO: Epoch[66] Iter[200/227] Loss: 0.183, Acc: 0.994, Base Lr: 3.38e-03
2026-06-12 05:35:54 transreid.train INFO: MGPARTS assign_kl: 0.0679
2026-06-12 05:35:55 transreid.train INFO: Epoch 66 done. Time per epoch: 15.768[s] Speed: 848.3[samples/s]
2026-06-12 05:35:58 transreid.train INFO: Epoch[67] Iter[50/227] Loss: 0.181, Acc: 0.994, Base Lr: 3.28e-03
2026-06-12 05:35:58 transreid.train INFO: MGPARTS assign_kl: 0.0659
2026-06-12 05:36:02 transreid.train INFO: Epoch[67] Iter[100/227] Loss: 0.171, Acc: 0.995, Base Lr: 3.28e-03
2026-06-12 05:36:02 transreid.train INFO: MGPARTS assign_kl: 0.0666
2026-06-12 05:36:06 transreid.train INFO: Epoch[67] Iter[150/227] Loss: 0.171, Acc: 0.995, Base Lr: 3.28e-03
2026-06-12 05:36:06 transreid.train INFO: MGPARTS assign_kl: 0.0659
2026-06-12 05:36:10 transreid.train INFO: Epoch[67] Iter[200/227] Loss: 0.165, Acc: 0.995, Base Lr: 3.28e-03
2026-06-12 05:36:10 transreid.train INFO: MGPARTS assign_kl: 0.0665
2026-06-12 05:36:11 transreid.train INFO: Epoch 67 done. Time per epoch: 16.019[s] Speed: 847.0[samples/s]
2026-06-12 05:36:14 transreid.train INFO: Epoch[68] Iter[50/227] Loss: 0.169, Acc: 0.996, Base Lr: 3.18e-03
2026-06-12 05:36:14 transreid.train INFO: MGPARTS assign_kl: 0.0671
2026-06-12 05:36:18 transreid.train INFO: Epoch[68] Iter[100/227] Loss: 0.167, Acc: 0.996, Base Lr: 3.18e-03
2026-06-12 05:36:18 transreid.train INFO: MGPARTS assign_kl: 0.0667
2026-06-12 05:36:22 transreid.train INFO: Epoch[68] Iter[150/227] Loss: 0.167, Acc: 0.995, Base Lr: 3.18e-03
2026-06-12 05:36:22 transreid.train INFO: MGPARTS assign_kl: 0.0671
2026-06-12 05:36:26 transreid.train INFO: Epoch[68] Iter[200/227] Loss: 0.159, Acc: 0.996, Base Lr: 3.18e-03
2026-06-12 05:36:26 transreid.train INFO: MGPARTS assign_kl: 0.0674
2026-06-12 05:36:27 transreid.train INFO: Epoch 68 done. Time per epoch: 15.929[s] Speed: 847.7[samples/s]
2026-06-12 05:36:30 transreid.train INFO: Epoch[69] Iter[50/227] Loss: 0.180, Acc: 0.994, Base Lr: 3.08e-03
2026-06-12 05:36:30 transreid.train INFO: MGPARTS assign_kl: 0.0647
2026-06-12 05:36:34 transreid.train INFO: Epoch[69] Iter[100/227] Loss: 0.175, Acc: 0.995, Base Lr: 3.08e-03
2026-06-12 05:36:34 transreid.train INFO: MGPARTS assign_kl: 0.0646
2026-06-12 05:36:38 transreid.train INFO: Epoch[69] Iter[150/227] Loss: 0.175, Acc: 0.995, Base Lr: 3.08e-03
2026-06-12 05:36:38 transreid.train INFO: MGPARTS assign_kl: 0.0647
2026-06-12 05:36:42 transreid.train INFO: Epoch[69] Iter[200/227] Loss: 0.168, Acc: 0.995, Base Lr: 3.08e-03
2026-06-12 05:36:42 transreid.train INFO: MGPARTS assign_kl: 0.0652
2026-06-12 05:36:43 transreid.train INFO: Epoch 69 done. Time per epoch: 16.084[s] Speed: 847.5[samples/s]
2026-06-12 05:36:47 transreid.train INFO: Epoch[70] Iter[50/227] Loss: 0.180, Acc: 0.993, Base Lr: 2.97e-03
2026-06-12 05:36:47 transreid.train INFO: MGPARTS assign_kl: 0.0660
2026-06-12 05:36:50 transreid.train INFO: Epoch[70] Iter[100/227] Loss: 0.181, Acc: 0.994, Base Lr: 2.97e-03
2026-06-12 05:36:50 transreid.train INFO: MGPARTS assign_kl: 0.0657
2026-06-12 05:36:54 transreid.train INFO: Epoch[70] Iter[150/227] Loss: 0.178, Acc: 0.994, Base Lr: 2.97e-03
2026-06-12 05:36:54 transreid.train INFO: MGPARTS assign_kl: 0.0664
2026-06-12 05:36:58 transreid.train INFO: Epoch[70] Iter[200/227] Loss: 0.170, Acc: 0.995, Base Lr: 2.97e-03
2026-06-12 05:36:58 transreid.train INFO: MGPARTS assign_kl: 0.0664
2026-06-12 05:36:59 transreid.train INFO: Epoch 70 done. Time per epoch: 15.991[s] Speed: 848.5[samples/s]
2026-06-12 05:37:02 transreid.train INFO: Epoch[71] Iter[50/227] Loss: 0.153, Acc: 0.997, Base Lr: 2.87e-03
2026-06-12 05:37:02 transreid.train INFO: MGPARTS assign_kl: 0.0675
2026-06-12 05:37:06 transreid.train INFO: Epoch[71] Iter[100/227] Loss: 0.161, Acc: 0.995, Base Lr: 2.87e-03
2026-06-12 05:37:06 transreid.train INFO: MGPARTS assign_kl: 0.0674
2026-06-12 05:37:10 transreid.train INFO: Epoch[71] Iter[150/227] Loss: 0.152, Acc: 0.996, Base Lr: 2.87e-03
2026-06-12 05:37:10 transreid.train INFO: MGPARTS assign_kl: 0.0661
2026-06-12 05:37:14 transreid.train INFO: Epoch[71] Iter[200/227] Loss: 0.153, Acc: 0.996, Base Lr: 2.87e-03
2026-06-12 05:37:14 transreid.train INFO: MGPARTS assign_kl: 0.0657
2026-06-12 05:37:14 transreid.train INFO: Epoch 71 done. Time per epoch: 15.920[s] Speed: 848.2[samples/s]
2026-06-12 05:37:18 transreid.train INFO: Epoch[72] Iter[50/227] Loss: 0.164, Acc: 0.997, Base Lr: 2.77e-03
2026-06-12 05:37:18 transreid.train INFO: MGPARTS assign_kl: 0.0676
2026-06-12 05:37:22 transreid.train INFO: Epoch[72] Iter[100/227] Loss: 0.158, Acc: 0.997, Base Lr: 2.77e-03
2026-06-12 05:37:22 transreid.train INFO: MGPARTS assign_kl: 0.0665
2026-06-12 05:37:26 transreid.train INFO: Epoch[72] Iter[150/227] Loss: 0.151, Acc: 0.996, Base Lr: 2.77e-03
2026-06-12 05:37:26 transreid.train INFO: MGPARTS assign_kl: 0.0670
2026-06-12 05:37:30 transreid.train INFO: Epoch[72] Iter[200/227] Loss: 0.148, Acc: 0.996, Base Lr: 2.77e-03
2026-06-12 05:37:30 transreid.train INFO: MGPARTS assign_kl: 0.0665
2026-06-12 05:37:31 transreid.train INFO: Epoch 72 done. Time per epoch: 16.066[s] Speed: 848.5[samples/s]
2026-06-12 05:37:34 transreid.train INFO: Epoch[73] Iter[50/227] Loss: 0.170, Acc: 0.996, Base Lr: 2.68e-03
2026-06-12 05:37:34 transreid.train INFO: MGPARTS assign_kl: 0.0694
2026-06-12 05:37:38 transreid.train INFO: Epoch[73] Iter[100/227] Loss: 0.173, Acc: 0.996, Base Lr: 2.68e-03
2026-06-12 05:37:38 transreid.train INFO: MGPARTS assign_kl: 0.0670
2026-06-12 05:37:42 transreid.train INFO: Epoch[73] Iter[150/227] Loss: 0.164, Acc: 0.996, Base Lr: 2.68e-03
2026-06-12 05:37:42 transreid.train INFO: MGPARTS assign_kl: 0.0672
2026-06-12 05:37:46 transreid.train INFO: Epoch[73] Iter[200/227] Loss: 0.157, Acc: 0.996, Base Lr: 2.68e-03
2026-06-12 05:37:46 transreid.train INFO: MGPARTS assign_kl: 0.0672
2026-06-12 05:37:47 transreid.train INFO: Epoch 73 done. Time per epoch: 15.982[s] Speed: 848.9[samples/s]
2026-06-12 05:37:50 transreid.train INFO: Epoch[74] Iter[50/227] Loss: 0.170, Acc: 0.998, Base Lr: 2.58e-03
2026-06-12 05:37:50 transreid.train INFO: MGPARTS assign_kl: 0.0662
2026-06-12 05:37:54 transreid.train INFO: Epoch[74] Iter[100/227] Loss: 0.172, Acc: 0.997, Base Lr: 2.58e-03
2026-06-12 05:37:54 transreid.train INFO: MGPARTS assign_kl: 0.0654
2026-06-12 05:37:58 transreid.train INFO: Epoch[74] Iter[150/227] Loss: 0.166, Acc: 0.997, Base Lr: 2.58e-03
2026-06-12 05:37:58 transreid.train INFO: MGPARTS assign_kl: 0.0664
2026-06-12 05:38:02 transreid.train INFO: Epoch[74] Iter[200/227] Loss: 0.162, Acc: 0.996, Base Lr: 2.58e-03
2026-06-12 05:38:02 transreid.train INFO: MGPARTS assign_kl: 0.0659
2026-06-12 05:38:03 transreid.train INFO: Epoch 74 done. Time per epoch: 15.998[s] Speed: 848.1[samples/s]
2026-06-12 05:38:06 transreid.train INFO: Epoch[75] Iter[50/227] Loss: 0.177, Acc: 0.995, Base Lr: 2.48e-03
2026-06-12 05:38:06 transreid.train INFO: MGPARTS assign_kl: 0.0656
2026-06-12 05:38:10 transreid.train INFO: Epoch[75] Iter[100/227] Loss: 0.172, Acc: 0.995, Base Lr: 2.48e-03
2026-06-12 05:38:10 transreid.train INFO: MGPARTS assign_kl: 0.0655
2026-06-12 05:38:14 transreid.train INFO: Epoch[75] Iter[150/227] Loss: 0.166, Acc: 0.996, Base Lr: 2.48e-03
2026-06-12 05:38:14 transreid.train INFO: MGPARTS assign_kl: 0.0660
2026-06-12 05:38:18 transreid.train INFO: Epoch[75] Iter[200/227] Loss: 0.158, Acc: 0.996, Base Lr: 2.48e-03
2026-06-12 05:38:18 transreid.train INFO: MGPARTS assign_kl: 0.0660
2026-06-12 05:38:19 transreid.train INFO: Epoch 75 done. Time per epoch: 15.982[s] Speed: 849.0[samples/s]
2026-06-12 05:38:23 transreid.train INFO: Epoch[76] Iter[50/227] Loss: 0.167, Acc: 0.996, Base Lr: 2.38e-03
2026-06-12 05:38:23 transreid.train INFO: MGPARTS assign_kl: 0.0649
2026-06-12 05:38:26 transreid.train INFO: Epoch[76] Iter[100/227] Loss: 0.167, Acc: 0.996, Base Lr: 2.38e-03
2026-06-12 05:38:26 transreid.train INFO: MGPARTS assign_kl: 0.0666
2026-06-12 05:38:30 transreid.train INFO: Epoch[76] Iter[150/227] Loss: 0.155, Acc: 0.996, Base Lr: 2.38e-03
2026-06-12 05:38:30 transreid.train INFO: MGPARTS assign_kl: 0.0660
2026-06-12 05:38:34 transreid.train INFO: Epoch[76] Iter[200/227] Loss: 0.146, Acc: 0.997, Base Lr: 2.38e-03
2026-06-12 05:38:34 transreid.train INFO: MGPARTS assign_kl: 0.0659
2026-06-12 05:38:34 transreid.train INFO: Epoch 76 done. Time per epoch: 15.923[s] Speed: 844.0[samples/s]
2026-06-12 05:38:38 transreid.train INFO: Epoch[77] Iter[50/227] Loss: 0.153, Acc: 0.998, Base Lr: 2.29e-03
2026-06-12 05:38:38 transreid.train INFO: MGPARTS assign_kl: 0.0636
2026-06-12 05:38:42 transreid.train INFO: Epoch[77] Iter[100/227] Loss: 0.160, Acc: 0.997, Base Lr: 2.29e-03
2026-06-12 05:38:42 transreid.train INFO: MGPARTS assign_kl: 0.0649
2026-06-12 05:38:46 transreid.train INFO: Epoch[77] Iter[150/227] Loss: 0.160, Acc: 0.996, Base Lr: 2.29e-03
2026-06-12 05:38:46 transreid.train INFO: MGPARTS assign_kl: 0.0654
2026-06-12 05:38:50 transreid.train INFO: Epoch[77] Iter[200/227] Loss: 0.153, Acc: 0.996, Base Lr: 2.29e-03
2026-06-12 05:38:50 transreid.train INFO: MGPARTS assign_kl: 0.0656
2026-06-12 05:38:50 transreid.train INFO: Epoch 77 done. Time per epoch: 15.995[s] Speed: 848.3[samples/s]
2026-06-12 05:38:54 transreid.train INFO: Epoch[78] Iter[50/227] Loss: 0.177, Acc: 0.995, Base Lr: 2.20e-03
2026-06-12 05:38:54 transreid.train INFO: MGPARTS assign_kl: 0.0659
2026-06-12 05:38:58 transreid.train INFO: Epoch[78] Iter[100/227] Loss: 0.174, Acc: 0.994, Base Lr: 2.20e-03
2026-06-12 05:38:58 transreid.train INFO: MGPARTS assign_kl: 0.0664
2026-06-12 05:39:02 transreid.train INFO: Epoch[78] Iter[150/227] Loss: 0.163, Acc: 0.994, Base Lr: 2.20e-03
2026-06-12 05:39:02 transreid.train INFO: MGPARTS assign_kl: 0.0650
2026-06-12 05:39:06 transreid.train INFO: Epoch[78] Iter[200/227] Loss: 0.157, Acc: 0.995, Base Lr: 2.20e-03
2026-06-12 05:39:06 transreid.train INFO: MGPARTS assign_kl: 0.0646
2026-06-12 05:39:06 transreid.train INFO: Epoch 78 done. Time per epoch: 15.929[s] Speed: 847.8[samples/s]
2026-06-12 05:39:10 transreid.train INFO: Epoch[79] Iter[50/227] Loss: 0.173, Acc: 0.995, Base Lr: 2.10e-03
2026-06-12 05:39:10 transreid.train INFO: MGPARTS assign_kl: 0.0634
2026-06-12 05:39:14 transreid.train INFO: Epoch[79] Iter[100/227] Loss: 0.167, Acc: 0.995, Base Lr: 2.10e-03
2026-06-12 05:39:14 transreid.train INFO: MGPARTS assign_kl: 0.0648
2026-06-12 05:39:18 transreid.train INFO: Epoch[79] Iter[150/227] Loss: 0.163, Acc: 0.995, Base Lr: 2.10e-03
2026-06-12 05:39:18 transreid.train INFO: MGPARTS assign_kl: 0.0657
2026-06-12 05:39:21 transreid.train INFO: Epoch[79] Iter[200/227] Loss: 0.152, Acc: 0.996, Base Lr: 2.10e-03
2026-06-12 05:39:21 transreid.train INFO: MGPARTS assign_kl: 0.0654
2026-06-12 05:39:22 transreid.train INFO: Epoch 79 done. Time per epoch: 16.085[s] Speed: 847.5[samples/s]
2026-06-12 05:39:26 transreid.train INFO: Epoch[80] Iter[50/227] Loss: 0.160, Acc: 0.996, Base Lr: 2.01e-03
2026-06-12 05:39:26 transreid.train INFO: MGPARTS assign_kl: 0.0641
2026-06-12 05:39:30 transreid.train INFO: Epoch[80] Iter[100/227] Loss: 0.156, Acc: 0.996, Base Lr: 2.01e-03
2026-06-12 05:39:30 transreid.train INFO: MGPARTS assign_kl: 0.0636
2026-06-12 05:39:34 transreid.train INFO: Epoch[80] Iter[150/227] Loss: 0.149, Acc: 0.997, Base Lr: 2.01e-03
2026-06-12 05:39:34 transreid.train INFO: MGPARTS assign_kl: 0.0645
2026-06-12 05:39:38 transreid.train INFO: Epoch[80] Iter[200/227] Loss: 0.144, Acc: 0.997, Base Lr: 2.01e-03
2026-06-12 05:39:38 transreid.train INFO: MGPARTS assign_kl: 0.0645
2026-06-12 05:39:39 transreid.train INFO: Epoch 80 done. Time per epoch: 16.049[s] Speed: 845.4[samples/s]
2026-06-12 05:39:42 transreid.train INFO: Epoch[81] Iter[50/227] Loss: 0.140, Acc: 0.996, Base Lr: 1.92e-03
2026-06-12 05:39:42 transreid.train INFO: MGPARTS assign_kl: 0.0645
2026-06-12 05:39:46 transreid.train INFO: Epoch[81] Iter[100/227] Loss: 0.156, Acc: 0.996, Base Lr: 1.92e-03
2026-06-12 05:39:46 transreid.train INFO: MGPARTS assign_kl: 0.0643
2026-06-12 05:39:50 transreid.train INFO: Epoch[81] Iter[150/227] Loss: 0.150, Acc: 0.996, Base Lr: 1.92e-03
2026-06-12 05:39:50 transreid.train INFO: MGPARTS assign_kl: 0.0652
2026-06-12 05:39:54 transreid.train INFO: Epoch[81] Iter[200/227] Loss: 0.145, Acc: 0.996, Base Lr: 1.92e-03
2026-06-12 05:39:54 transreid.train INFO: MGPARTS assign_kl: 0.0646
2026-06-12 05:39:55 transreid.train INFO: Epoch 81 done. Time per epoch: 16.078[s] Speed: 847.9[samples/s]
2026-06-12 05:39:59 transreid.train INFO: Epoch[82] Iter[50/227] Loss: 0.175, Acc: 0.993, Base Lr: 1.83e-03
2026-06-12 05:39:59 transreid.train INFO: MGPARTS assign_kl: 0.0639
2026-06-12 05:40:02 transreid.train INFO: Epoch[82] Iter[100/227] Loss: 0.167, Acc: 0.995, Base Lr: 1.83e-03
2026-06-12 05:40:02 transreid.train INFO: MGPARTS assign_kl: 0.0639
2026-06-12 05:40:06 transreid.train INFO: Epoch[82] Iter[150/227] Loss: 0.160, Acc: 0.995, Base Lr: 1.83e-03
2026-06-12 05:40:06 transreid.train INFO: MGPARTS assign_kl: 0.0639
2026-06-12 05:40:10 transreid.train INFO: Epoch[82] Iter[200/227] Loss: 0.150, Acc: 0.996, Base Lr: 1.83e-03
2026-06-12 05:40:10 transreid.train INFO: MGPARTS assign_kl: 0.0637
2026-06-12 05:40:11 transreid.train INFO: Epoch 82 done. Time per epoch: 15.921[s] Speed: 848.2[samples/s]
2026-06-12 05:40:14 transreid.train INFO: Epoch[83] Iter[50/227] Loss: 0.175, Acc: 0.996, Base Lr: 1.75e-03
2026-06-12 05:40:14 transreid.train INFO: MGPARTS assign_kl: 0.0650
2026-06-12 05:40:18 transreid.train INFO: Epoch[83] Iter[100/227] Loss: 0.162, Acc: 0.995, Base Lr: 1.75e-03
2026-06-12 05:40:18 transreid.train INFO: MGPARTS assign_kl: 0.0656
2026-06-12 05:40:22 transreid.train INFO: Epoch[83] Iter[150/227] Loss: 0.153, Acc: 0.996, Base Lr: 1.75e-03
2026-06-12 05:40:22 transreid.train INFO: MGPARTS assign_kl: 0.0659
2026-06-12 05:40:26 transreid.train INFO: Epoch[83] Iter[200/227] Loss: 0.146, Acc: 0.996, Base Lr: 1.75e-03
2026-06-12 05:40:26 transreid.train INFO: MGPARTS assign_kl: 0.0657
2026-06-12 05:40:27 transreid.train INFO: Epoch 83 done. Time per epoch: 16.012[s] Speed: 847.4[samples/s]
2026-06-12 05:40:30 transreid.train INFO: Epoch[84] Iter[50/227] Loss: 0.159, Acc: 0.997, Base Lr: 1.66e-03
2026-06-12 05:40:30 transreid.train INFO: MGPARTS assign_kl: 0.0670
2026-06-12 05:40:34 transreid.train INFO: Epoch[84] Iter[100/227] Loss: 0.150, Acc: 0.996, Base Lr: 1.66e-03
2026-06-12 05:40:34 transreid.train INFO: MGPARTS assign_kl: 0.0655
2026-06-12 05:40:38 transreid.train INFO: Epoch[84] Iter[150/227] Loss: 0.146, Acc: 0.997, Base Lr: 1.66e-03
2026-06-12 05:40:38 transreid.train INFO: MGPARTS assign_kl: 0.0651
2026-06-12 05:40:42 transreid.train INFO: Epoch[84] Iter[200/227] Loss: 0.138, Acc: 0.997, Base Lr: 1.66e-03
2026-06-12 05:40:42 transreid.train INFO: MGPARTS assign_kl: 0.0649
2026-06-12 05:40:42 transreid.train INFO: Epoch 84 done. Time per epoch: 15.918[s] Speed: 848.4[samples/s]
2026-06-12 05:40:46 transreid.train INFO: Epoch[85] Iter[50/227] Loss: 0.150, Acc: 0.995, Base Lr: 1.58e-03
2026-06-12 05:40:46 transreid.train INFO: MGPARTS assign_kl: 0.0658
2026-06-12 05:40:50 transreid.train INFO: Epoch[85] Iter[100/227] Loss: 0.156, Acc: 0.995, Base Lr: 1.58e-03
2026-06-12 05:40:50 transreid.train INFO: MGPARTS assign_kl: 0.0660
2026-06-12 05:40:54 transreid.train INFO: Epoch[85] Iter[150/227] Loss: 0.157, Acc: 0.995, Base Lr: 1.58e-03
2026-06-12 05:40:54 transreid.train INFO: MGPARTS assign_kl: 0.0668
2026-06-12 05:40:58 transreid.train INFO: Epoch[85] Iter[200/227] Loss: 0.148, Acc: 0.996, Base Lr: 1.58e-03
2026-06-12 05:40:58 transreid.train INFO: MGPARTS assign_kl: 0.0663
2026-06-12 05:40:58 transreid.train INFO: Epoch 85 done. Time per epoch: 15.852[s] Speed: 847.8[samples/s]
2026-06-12 05:41:02 transreid.train INFO: Epoch[86] Iter[50/227] Loss: 0.148, Acc: 0.998, Base Lr: 1.50e-03
2026-06-12 05:41:02 transreid.train INFO: MGPARTS assign_kl: 0.0649
2026-06-12 05:41:06 transreid.train INFO: Epoch[86] Iter[100/227] Loss: 0.151, Acc: 0.997, Base Lr: 1.50e-03
2026-06-12 05:41:06 transreid.train INFO: MGPARTS assign_kl: 0.0633
2026-06-12 05:41:10 transreid.train INFO: Epoch[86] Iter[150/227] Loss: 0.148, Acc: 0.997, Base Lr: 1.50e-03
2026-06-12 05:41:10 transreid.train INFO: MGPARTS assign_kl: 0.0640
2026-06-12 05:41:13 transreid.train INFO: Epoch[86] Iter[200/227] Loss: 0.143, Acc: 0.997, Base Lr: 1.50e-03
2026-06-12 05:41:13 transreid.train INFO: MGPARTS assign_kl: 0.0642
2026-06-12 05:41:14 transreid.train INFO: Epoch 86 done. Time per epoch: 16.016[s] Speed: 847.2[samples/s]
2026-06-12 05:41:18 transreid.train INFO: Epoch[87] Iter[50/227] Loss: 0.147, Acc: 0.996, Base Lr: 1.42e-03
2026-06-12 05:41:18 transreid.train INFO: MGPARTS assign_kl: 0.0596
2026-06-12 05:41:22 transreid.train INFO: Epoch[87] Iter[100/227] Loss: 0.144, Acc: 0.997, Base Lr: 1.42e-03
2026-06-12 05:41:22 transreid.train INFO: MGPARTS assign_kl: 0.0608
2026-06-12 05:41:26 transreid.train INFO: Epoch[87] Iter[150/227] Loss: 0.148, Acc: 0.996, Base Lr: 1.42e-03
2026-06-12 05:41:26 transreid.train INFO: MGPARTS assign_kl: 0.0626
2026-06-12 05:41:29 transreid.train INFO: Epoch[87] Iter[200/227] Loss: 0.144, Acc: 0.996, Base Lr: 1.42e-03
2026-06-12 05:41:29 transreid.train INFO: MGPARTS assign_kl: 0.0630
2026-06-12 05:41:30 transreid.train INFO: Epoch 87 done. Time per epoch: 15.915[s] Speed: 848.5[samples/s]
2026-06-12 05:41:34 transreid.train INFO: Epoch[88] Iter[50/227] Loss: 0.151, Acc: 0.996, Base Lr: 1.34e-03
2026-06-12 05:41:34 transreid.train INFO: MGPARTS assign_kl: 0.0651
2026-06-12 05:41:38 transreid.train INFO: Epoch[88] Iter[100/227] Loss: 0.153, Acc: 0.996, Base Lr: 1.34e-03
2026-06-12 05:41:38 transreid.train INFO: MGPARTS assign_kl: 0.0647
2026-06-12 05:41:42 transreid.train INFO: Epoch[88] Iter[150/227] Loss: 0.152, Acc: 0.996, Base Lr: 1.34e-03
2026-06-12 05:41:42 transreid.train INFO: MGPARTS assign_kl: 0.0636
2026-06-12 05:41:45 transreid.train INFO: Epoch[88] Iter[200/227] Loss: 0.143, Acc: 0.996, Base Lr: 1.34e-03
2026-06-12 05:41:45 transreid.train INFO: MGPARTS assign_kl: 0.0643
2026-06-12 05:41:46 transreid.train INFO: Epoch 88 done. Time per epoch: 16.093[s] Speed: 847.1[samples/s]
2026-06-12 05:41:50 transreid.train INFO: Epoch[89] Iter[50/227] Loss: 0.141, Acc: 0.998, Base Lr: 1.26e-03
2026-06-12 05:41:50 transreid.train INFO: MGPARTS assign_kl: 0.0643
2026-06-12 05:41:54 transreid.train INFO: Epoch[89] Iter[100/227] Loss: 0.143, Acc: 0.997, Base Lr: 1.26e-03
2026-06-12 05:41:54 transreid.train INFO: MGPARTS assign_kl: 0.0643
2026-06-12 05:41:58 transreid.train INFO: Epoch[89] Iter[150/227] Loss: 0.138, Acc: 0.997, Base Lr: 1.26e-03
2026-06-12 05:41:58 transreid.train INFO: MGPARTS assign_kl: 0.0642
2026-06-12 05:42:01 transreid.train INFO: Epoch[89] Iter[200/227] Loss: 0.130, Acc: 0.997, Base Lr: 1.26e-03
2026-06-12 05:42:01 transreid.train INFO: MGPARTS assign_kl: 0.0642
2026-06-12 05:42:02 transreid.train INFO: Epoch 89 done. Time per epoch: 15.994[s] Speed: 848.3[samples/s]
2026-06-12 05:42:06 transreid.train INFO: Epoch[90] Iter[50/227] Loss: 0.158, Acc: 0.995, Base Lr: 1.19e-03
2026-06-12 05:42:06 transreid.train INFO: MGPARTS assign_kl: 0.0624
2026-06-12 05:42:10 transreid.train INFO: Epoch[90] Iter[100/227] Loss: 0.156, Acc: 0.994, Base Lr: 1.19e-03
2026-06-12 05:42:10 transreid.train INFO: MGPARTS assign_kl: 0.0636
2026-06-12 05:42:14 transreid.train INFO: Epoch[90] Iter[150/227] Loss: 0.153, Acc: 0.995, Base Lr: 1.19e-03
2026-06-12 05:42:14 transreid.train INFO: MGPARTS assign_kl: 0.0644
2026-06-12 05:42:17 transreid.train INFO: Epoch[90] Iter[200/227] Loss: 0.144, Acc: 0.996, Base Lr: 1.19e-03
2026-06-12 05:42:17 transreid.train INFO: MGPARTS assign_kl: 0.0648
2026-06-12 05:42:18 transreid.train INFO: Epoch 90 done. Time per epoch: 16.124[s] Speed: 849.4[samples/s]
2026-06-12 05:42:22 transreid.train INFO: Epoch[91] Iter[50/227] Loss: 0.164, Acc: 0.995, Base Lr: 1.11e-03
2026-06-12 05:42:22 transreid.train INFO: MGPARTS assign_kl: 0.0643
2026-06-12 05:42:26 transreid.train INFO: Epoch[91] Iter[100/227] Loss: 0.163, Acc: 0.995, Base Lr: 1.11e-03
2026-06-12 05:42:26 transreid.train INFO: MGPARTS assign_kl: 0.0632
2026-06-12 05:42:30 transreid.train INFO: Epoch[91] Iter[150/227] Loss: 0.158, Acc: 0.995, Base Lr: 1.11e-03
2026-06-12 05:42:30 transreid.train INFO: MGPARTS assign_kl: 0.0633
2026-06-12 05:42:34 transreid.train INFO: Epoch[91] Iter[200/227] Loss: 0.147, Acc: 0.996, Base Lr: 1.11e-03
2026-06-12 05:42:34 transreid.train INFO: MGPARTS assign_kl: 0.0632
2026-06-12 05:42:34 transreid.train INFO: Epoch 91 done. Time per epoch: 15.947[s] Speed: 846.8[samples/s]
2026-06-12 05:42:38 transreid.train INFO: Epoch[92] Iter[50/227] Loss: 0.144, Acc: 0.997, Base Lr: 1.04e-03
2026-06-12 05:42:38 transreid.train INFO: MGPARTS assign_kl: 0.0657
2026-06-12 05:42:42 transreid.train INFO: Epoch[92] Iter[100/227] Loss: 0.142, Acc: 0.997, Base Lr: 1.04e-03
2026-06-12 05:42:42 transreid.train INFO: MGPARTS assign_kl: 0.0633
2026-06-12 05:42:46 transreid.train INFO: Epoch[92] Iter[150/227] Loss: 0.135, Acc: 0.997, Base Lr: 1.04e-03
2026-06-12 05:42:46 transreid.train INFO: MGPARTS assign_kl: 0.0636
2026-06-12 05:42:49 transreid.train INFO: Epoch[92] Iter[200/227] Loss: 0.130, Acc: 0.997, Base Lr: 1.04e-03
2026-06-12 05:42:49 transreid.train INFO: MGPARTS assign_kl: 0.0633
2026-06-12 05:42:50 transreid.train INFO: Epoch 92 done. Time per epoch: 15.922[s] Speed: 848.1[samples/s]
2026-06-12 05:42:54 transreid.train INFO: Epoch[93] Iter[50/227] Loss: 0.155, Acc: 0.997, Base Lr: 9.72e-04
2026-06-12 05:42:54 transreid.train INFO: MGPARTS assign_kl: 0.0612
2026-06-12 05:42:58 transreid.train INFO: Epoch[93] Iter[100/227] Loss: 0.150, Acc: 0.997, Base Lr: 9.72e-04
2026-06-12 05:42:58 transreid.train INFO: MGPARTS assign_kl: 0.0615
2026-06-12 05:43:02 transreid.train INFO: Epoch[93] Iter[150/227] Loss: 0.146, Acc: 0.996, Base Lr: 9.72e-04
2026-06-12 05:43:02 transreid.train INFO: MGPARTS assign_kl: 0.0622
2026-06-12 05:43:05 transreid.train INFO: Epoch[93] Iter[200/227] Loss: 0.140, Acc: 0.996, Base Lr: 9.72e-04
2026-06-12 05:43:05 transreid.train INFO: MGPARTS assign_kl: 0.0619
2026-06-12 05:43:06 transreid.train INFO: Epoch 93 done. Time per epoch: 16.000[s] Speed: 848.0[samples/s]
2026-06-12 05:43:10 transreid.train INFO: Epoch[94] Iter[50/227] Loss: 0.162, Acc: 0.995, Base Lr: 9.06e-04
2026-06-12 05:43:10 transreid.train INFO: MGPARTS assign_kl: 0.0614
2026-06-12 05:43:14 transreid.train INFO: Epoch[94] Iter[100/227] Loss: 0.155, Acc: 0.996, Base Lr: 9.06e-04
2026-06-12 05:43:14 transreid.train INFO: MGPARTS assign_kl: 0.0620
2026-06-12 05:43:18 transreid.train INFO: Epoch[94] Iter[150/227] Loss: 0.147, Acc: 0.996, Base Lr: 9.06e-04
2026-06-12 05:43:18 transreid.train INFO: MGPARTS assign_kl: 0.0620
2026-06-12 05:43:21 transreid.train INFO: Epoch[94] Iter[200/227] Loss: 0.141, Acc: 0.996, Base Lr: 9.06e-04
2026-06-12 05:43:21 transreid.train INFO: MGPARTS assign_kl: 0.0630
2026-06-12 05:43:22 transreid.train INFO: Epoch 94 done. Time per epoch: 15.994[s] Speed: 848.3[samples/s]
2026-06-12 05:43:26 transreid.train INFO: Epoch[95] Iter[50/227] Loss: 0.163, Acc: 0.996, Base Lr: 8.41e-04
2026-06-12 05:43:26 transreid.train INFO: MGPARTS assign_kl: 0.0629
2026-06-12 05:43:30 transreid.train INFO: Epoch[95] Iter[100/227] Loss: 0.154, Acc: 0.997, Base Lr: 8.41e-04
2026-06-12 05:43:30 transreid.train INFO: MGPARTS assign_kl: 0.0620
2026-06-12 05:43:34 transreid.train INFO: Epoch[95] Iter[150/227] Loss: 0.146, Acc: 0.996, Base Lr: 8.41e-04
2026-06-12 05:43:34 transreid.train INFO: MGPARTS assign_kl: 0.0628
2026-06-12 05:43:37 transreid.train INFO: Epoch[95] Iter[200/227] Loss: 0.140, Acc: 0.996, Base Lr: 8.41e-04
2026-06-12 05:43:37 transreid.train INFO: MGPARTS assign_kl: 0.0629
2026-06-12 05:43:38 transreid.train INFO: Epoch 95 done. Time per epoch: 16.154[s] Speed: 847.8[samples/s]
2026-06-12 05:43:42 transreid.train INFO: Epoch[96] Iter[50/227] Loss: 0.154, Acc: 0.996, Base Lr: 7.78e-04
2026-06-12 05:43:42 transreid.train INFO: MGPARTS assign_kl: 0.0631
2026-06-12 05:43:46 transreid.train INFO: Epoch[96] Iter[100/227] Loss: 0.151, Acc: 0.996, Base Lr: 7.78e-04
2026-06-12 05:43:46 transreid.train INFO: MGPARTS assign_kl: 0.0625
2026-06-12 05:43:50 transreid.train INFO: Epoch[96] Iter[150/227] Loss: 0.142, Acc: 0.996, Base Lr: 7.78e-04
2026-06-12 05:43:50 transreid.train INFO: MGPARTS assign_kl: 0.0630
2026-06-12 05:43:54 transreid.train INFO: Epoch[96] Iter[200/227] Loss: 0.134, Acc: 0.996, Base Lr: 7.78e-04
2026-06-12 05:43:54 transreid.train INFO: MGPARTS assign_kl: 0.0626
2026-06-12 05:43:54 transreid.train INFO: Epoch 96 done. Time per epoch: 15.903[s] Speed: 849.1[samples/s]
2026-06-12 05:43:58 transreid.train INFO: Epoch[97] Iter[50/227] Loss: 0.161, Acc: 0.996, Base Lr: 7.18e-04
2026-06-12 05:43:58 transreid.train INFO: MGPARTS assign_kl: 0.0659
2026-06-12 05:44:02 transreid.train INFO: Epoch[97] Iter[100/227] Loss: 0.145, Acc: 0.997, Base Lr: 7.18e-04
2026-06-12 05:44:02 transreid.train INFO: MGPARTS assign_kl: 0.0634
2026-06-12 05:44:06 transreid.train INFO: Epoch[97] Iter[150/227] Loss: 0.144, Acc: 0.997, Base Lr: 7.18e-04
2026-06-12 05:44:06 transreid.train INFO: MGPARTS assign_kl: 0.0635
2026-06-12 05:44:09 transreid.train INFO: Epoch[97] Iter[200/227] Loss: 0.136, Acc: 0.997, Base Lr: 7.18e-04
2026-06-12 05:44:09 transreid.train INFO: MGPARTS assign_kl: 0.0632
2026-06-12 05:44:10 transreid.train INFO: Epoch 97 done. Time per epoch: 15.990[s] Speed: 848.5[samples/s]
2026-06-12 05:44:14 transreid.train INFO: Epoch[98] Iter[50/227] Loss: 0.158, Acc: 0.995, Base Lr: 6.60e-04
2026-06-12 05:44:14 transreid.train INFO: MGPARTS assign_kl: 0.0621
2026-06-12 05:44:18 transreid.train INFO: Epoch[98] Iter[100/227] Loss: 0.153, Acc: 0.996, Base Lr: 6.60e-04
2026-06-12 05:44:18 transreid.train INFO: MGPARTS assign_kl: 0.0618
2026-06-12 05:44:22 transreid.train INFO: Epoch[98] Iter[150/227] Loss: 0.147, Acc: 0.996, Base Lr: 6.60e-04
2026-06-12 05:44:22 transreid.train INFO: MGPARTS assign_kl: 0.0615
2026-06-12 05:44:25 transreid.train INFO: Epoch[98] Iter[200/227] Loss: 0.137, Acc: 0.997, Base Lr: 6.60e-04
2026-06-12 05:44:25 transreid.train INFO: MGPARTS assign_kl: 0.0624
2026-06-12 05:44:26 transreid.train INFO: Epoch 98 done. Time per epoch: 15.941[s] Speed: 847.1[samples/s]
2026-06-12 05:44:30 transreid.train INFO: Epoch[99] Iter[50/227] Loss: 0.135, Acc: 0.996, Base Lr: 6.04e-04
2026-06-12 05:44:30 transreid.train INFO: MGPARTS assign_kl: 0.0654
2026-06-12 05:44:34 transreid.train INFO: Epoch[99] Iter[100/227] Loss: 0.135, Acc: 0.996, Base Lr: 6.04e-04
2026-06-12 05:44:34 transreid.train INFO: MGPARTS assign_kl: 0.0639
2026-06-12 05:44:38 transreid.train INFO: Epoch[99] Iter[150/227] Loss: 0.134, Acc: 0.996, Base Lr: 6.04e-04
2026-06-12 05:44:38 transreid.train INFO: MGPARTS assign_kl: 0.0636
2026-06-12 05:44:41 transreid.train INFO: Epoch[99] Iter[200/227] Loss: 0.130, Acc: 0.996, Base Lr: 6.04e-04
2026-06-12 05:44:41 transreid.train INFO: MGPARTS assign_kl: 0.0631
2026-06-12 05:44:42 transreid.train INFO: Epoch 99 done. Time per epoch: 16.059[s] Speed: 848.9[samples/s]
2026-06-12 05:44:46 transreid.train INFO: Epoch[100] Iter[50/227] Loss: 0.141, Acc: 0.996, Base Lr: 5.51e-04
2026-06-12 05:44:46 transreid.train INFO: MGPARTS assign_kl: 0.0589
2026-06-12 05:44:50 transreid.train INFO: Epoch[100] Iter[100/227] Loss: 0.133, Acc: 0.997, Base Lr: 5.51e-04
2026-06-12 05:44:50 transreid.train INFO: MGPARTS assign_kl: 0.0608
2026-06-12 05:44:54 transreid.train INFO: Epoch[100] Iter[150/227] Loss: 0.133, Acc: 0.997, Base Lr: 5.51e-04
2026-06-12 05:44:54 transreid.train INFO: MGPARTS assign_kl: 0.0614
2026-06-12 05:44:57 transreid.train INFO: Epoch[100] Iter[200/227] Loss: 0.127, Acc: 0.996, Base Lr: 5.51e-04
2026-06-12 05:44:57 transreid.train INFO: MGPARTS assign_kl: 0.0614
2026-06-12 05:44:58 transreid.train INFO: Epoch 100 done. Time per epoch: 15.910[s] Speed: 848.8[samples/s]
2026-06-12 05:45:02 transreid.train INFO: Epoch[101] Iter[50/227] Loss: 0.148, Acc: 0.998, Base Lr: 5.00e-04
2026-06-12 05:45:02 transreid.train INFO: MGPARTS assign_kl: 0.0640
2026-06-12 05:45:06 transreid.train INFO: Epoch[101] Iter[100/227] Loss: 0.155, Acc: 0.995, Base Lr: 5.00e-04
2026-06-12 05:45:06 transreid.train INFO: MGPARTS assign_kl: 0.0636
2026-06-12 05:45:10 transreid.train INFO: Epoch[101] Iter[150/227] Loss: 0.149, Acc: 0.995, Base Lr: 5.00e-04
2026-06-12 05:45:10 transreid.train INFO: MGPARTS assign_kl: 0.0629
2026-06-12 05:45:13 transreid.train INFO: Epoch[101] Iter[200/227] Loss: 0.138, Acc: 0.996, Base Lr: 5.00e-04
2026-06-12 05:45:13 transreid.train INFO: MGPARTS assign_kl: 0.0633
2026-06-12 05:45:14 transreid.train INFO: Epoch 101 done. Time per epoch: 15.995[s] Speed: 848.3[samples/s]
2026-06-12 05:45:18 transreid.train INFO: Epoch[102] Iter[50/227] Loss: 0.140, Acc: 0.997, Base Lr: 4.51e-04
2026-06-12 05:45:18 transreid.train INFO: MGPARTS assign_kl: 0.0621
2026-06-12 05:45:22 transreid.train INFO: Epoch[102] Iter[100/227] Loss: 0.141, Acc: 0.997, Base Lr: 4.51e-04
2026-06-12 05:45:22 transreid.train INFO: MGPARTS assign_kl: 0.0628
2026-06-12 05:45:26 transreid.train INFO: Epoch[102] Iter[150/227] Loss: 0.140, Acc: 0.997, Base Lr: 4.51e-04
2026-06-12 05:45:26 transreid.train INFO: MGPARTS assign_kl: 0.0621
2026-06-12 05:45:29 transreid.train INFO: Epoch[102] Iter[200/227] Loss: 0.133, Acc: 0.997, Base Lr: 4.51e-04
2026-06-12 05:45:29 transreid.train INFO: MGPARTS assign_kl: 0.0618
2026-06-12 05:45:30 transreid.train INFO: Epoch 102 done. Time per epoch: 15.923[s] Speed: 848.1[samples/s]
2026-06-12 05:45:34 transreid.train INFO: Epoch[103] Iter[50/227] Loss: 0.135, Acc: 0.998, Base Lr: 4.05e-04
2026-06-12 05:45:34 transreid.train INFO: MGPARTS assign_kl: 0.0599
2026-06-12 05:45:38 transreid.train INFO: Epoch[103] Iter[100/227] Loss: 0.140, Acc: 0.997, Base Lr: 4.05e-04
2026-06-12 05:45:38 transreid.train INFO: MGPARTS assign_kl: 0.0618
2026-06-12 05:45:42 transreid.train INFO: Epoch[103] Iter[150/227] Loss: 0.137, Acc: 0.996, Base Lr: 4.05e-04
2026-06-12 05:45:42 transreid.train INFO: MGPARTS assign_kl: 0.0619
2026-06-12 05:45:45 transreid.train INFO: Epoch[103] Iter[200/227] Loss: 0.129, Acc: 0.997, Base Lr: 4.05e-04
2026-06-12 05:45:45 transreid.train INFO: MGPARTS assign_kl: 0.0620
2026-06-12 05:45:46 transreid.train INFO: Epoch 103 done. Time per epoch: 16.084[s] Speed: 847.5[samples/s]
2026-06-12 05:45:50 transreid.train INFO: Epoch[104] Iter[50/227] Loss: 0.144, Acc: 0.996, Base Lr: 3.61e-04
2026-06-12 05:45:50 transreid.train INFO: MGPARTS assign_kl: 0.0648
2026-06-12 05:45:54 transreid.train INFO: Epoch[104] Iter[100/227] Loss: 0.135, Acc: 0.997, Base Lr: 3.61e-04
2026-06-12 05:45:54 transreid.train INFO: MGPARTS assign_kl: 0.0629
2026-06-12 05:45:58 transreid.train INFO: Epoch[104] Iter[150/227] Loss: 0.135, Acc: 0.997, Base Lr: 3.61e-04
2026-06-12 05:45:58 transreid.train INFO: MGPARTS assign_kl: 0.0618
2026-06-12 05:46:01 transreid.train INFO: Epoch[104] Iter[200/227] Loss: 0.134, Acc: 0.997, Base Lr: 3.61e-04
2026-06-12 05:46:01 transreid.train INFO: MGPARTS assign_kl: 0.0630
2026-06-12 05:46:02 transreid.train INFO: Epoch 104 done. Time per epoch: 16.084[s] Speed: 847.5[samples/s]
2026-06-12 05:46:06 transreid.train INFO: Epoch[105] Iter[50/227] Loss: 0.154, Acc: 0.994, Base Lr: 3.20e-04
2026-06-12 05:46:06 transreid.train INFO: MGPARTS assign_kl: 0.0621
2026-06-12 05:46:10 transreid.train INFO: Epoch[105] Iter[100/227] Loss: 0.156, Acc: 0.995, Base Lr: 3.20e-04
2026-06-12 05:46:10 transreid.train INFO: MGPARTS assign_kl: 0.0624
2026-06-12 05:46:14 transreid.train INFO: Epoch[105] Iter[150/227] Loss: 0.144, Acc: 0.996, Base Lr: 3.20e-04
2026-06-12 05:46:14 transreid.train INFO: MGPARTS assign_kl: 0.0629
2026-06-12 05:46:17 transreid.train INFO: Epoch[105] Iter[200/227] Loss: 0.138, Acc: 0.996, Base Lr: 3.20e-04
2026-06-12 05:46:17 transreid.train INFO: MGPARTS assign_kl: 0.0624
2026-06-12 05:46:18 transreid.train INFO: Epoch 105 done. Time per epoch: 15.846[s] Speed: 848.2[samples/s]
2026-06-12 05:46:22 transreid.train INFO: Epoch[106] Iter[50/227] Loss: 0.151, Acc: 0.996, Base Lr: 2.81e-04
2026-06-12 05:46:22 transreid.train INFO: MGPARTS assign_kl: 0.0602
2026-06-12 05:46:26 transreid.train INFO: Epoch[106] Iter[100/227] Loss: 0.135, Acc: 0.997, Base Lr: 2.81e-04
2026-06-12 05:46:26 transreid.train INFO: MGPARTS assign_kl: 0.0605
2026-06-12 05:46:30 transreid.train INFO: Epoch[106] Iter[150/227] Loss: 0.131, Acc: 0.998, Base Lr: 2.81e-04
2026-06-12 05:46:30 transreid.train INFO: MGPARTS assign_kl: 0.0621
2026-06-12 05:46:33 transreid.train INFO: Epoch[106] Iter[200/227] Loss: 0.125, Acc: 0.998, Base Lr: 2.81e-04
2026-06-12 05:46:33 transreid.train INFO: MGPARTS assign_kl: 0.0624
2026-06-12 05:46:34 transreid.train INFO: Epoch 106 done. Time per epoch: 15.974[s] Speed: 849.4[samples/s]
2026-06-12 05:46:38 transreid.train INFO: Epoch[107] Iter[50/227] Loss: 0.144, Acc: 0.998, Base Lr: 2.45e-04
2026-06-12 05:46:38 transreid.train INFO: MGPARTS assign_kl: 0.0600
2026-06-12 05:46:42 transreid.train INFO: Epoch[107] Iter[100/227] Loss: 0.146, Acc: 0.997, Base Lr: 2.45e-04
2026-06-12 05:46:42 transreid.train INFO: MGPARTS assign_kl: 0.0612
2026-06-12 05:46:46 transreid.train INFO: Epoch[107] Iter[150/227] Loss: 0.141, Acc: 0.997, Base Lr: 2.45e-04
2026-06-12 05:46:46 transreid.train INFO: MGPARTS assign_kl: 0.0623
2026-06-12 05:46:49 transreid.train INFO: Epoch[107] Iter[200/227] Loss: 0.136, Acc: 0.997, Base Lr: 2.45e-04
2026-06-12 05:46:49 transreid.train INFO: MGPARTS assign_kl: 0.0627
2026-06-12 05:46:50 transreid.train INFO: Epoch 107 done. Time per epoch: 15.929[s] Speed: 847.8[samples/s]
2026-06-12 05:46:54 transreid.train INFO: Epoch[108] Iter[50/227] Loss: 0.145, Acc: 0.996, Base Lr: 2.11e-04
2026-06-12 05:46:54 transreid.train INFO: MGPARTS assign_kl: 0.0633
2026-06-12 05:46:58 transreid.train INFO: Epoch[108] Iter[100/227] Loss: 0.140, Acc: 0.997, Base Lr: 2.11e-04
2026-06-12 05:46:58 transreid.train INFO: MGPARTS assign_kl: 0.0629
2026-06-12 05:47:01 transreid.train INFO: Epoch[108] Iter[150/227] Loss: 0.131, Acc: 0.997, Base Lr: 2.11e-04
2026-06-12 05:47:01 transreid.train INFO: MGPARTS assign_kl: 0.0631
2026-06-12 05:47:05 transreid.train INFO: Epoch[108] Iter[200/227] Loss: 0.128, Acc: 0.997, Base Lr: 2.11e-04
2026-06-12 05:47:05 transreid.train INFO: MGPARTS assign_kl: 0.0632
2026-06-12 05:47:06 transreid.train INFO: Epoch 108 done. Time per epoch: 15.910[s] Speed: 848.8[samples/s]
2026-06-12 05:47:10 transreid.train INFO: Epoch[109] Iter[50/227] Loss: 0.134, Acc: 0.997, Base Lr: 1.80e-04
2026-06-12 05:47:10 transreid.train INFO: MGPARTS assign_kl: 0.0624
2026-06-12 05:47:14 transreid.train INFO: Epoch[109] Iter[100/227] Loss: 0.139, Acc: 0.996, Base Lr: 1.80e-04
2026-06-12 05:47:14 transreid.train INFO: MGPARTS assign_kl: 0.0617
2026-06-12 05:47:17 transreid.train INFO: Epoch[109] Iter[150/227] Loss: 0.135, Acc: 0.996, Base Lr: 1.80e-04
2026-06-12 05:47:17 transreid.train INFO: MGPARTS assign_kl: 0.0612
2026-06-12 05:47:21 transreid.train INFO: Epoch[109] Iter[200/227] Loss: 0.130, Acc: 0.997, Base Lr: 1.80e-04
2026-06-12 05:47:21 transreid.train INFO: MGPARTS assign_kl: 0.0615
2026-06-12 05:47:22 transreid.train INFO: Epoch 109 done. Time per epoch: 16.066[s] Speed: 848.5[samples/s]
2026-06-12 05:47:26 transreid.train INFO: Epoch[110] Iter[50/227] Loss: 0.133, Acc: 0.997, Base Lr: 1.52e-04
2026-06-12 05:47:26 transreid.train INFO: MGPARTS assign_kl: 0.0621
2026-06-12 05:47:30 transreid.train INFO: Epoch[110] Iter[100/227] Loss: 0.132, Acc: 0.996, Base Lr: 1.52e-04
2026-06-12 05:47:30 transreid.train INFO: MGPARTS assign_kl: 0.0623
2026-06-12 05:47:33 transreid.train INFO: Epoch[110] Iter[150/227] Loss: 0.131, Acc: 0.996, Base Lr: 1.52e-04
2026-06-12 05:47:33 transreid.train INFO: MGPARTS assign_kl: 0.0619
2026-06-12 05:47:37 transreid.train INFO: Epoch[110] Iter[200/227] Loss: 0.127, Acc: 0.997, Base Lr: 1.52e-04
2026-06-12 05:47:37 transreid.train INFO: MGPARTS assign_kl: 0.0617
2026-06-12 05:47:38 transreid.train INFO: Epoch 110 done. Time per epoch: 16.050[s] Speed: 845.4[samples/s]
2026-06-12 05:47:42 transreid.train INFO: Epoch[111] Iter[50/227] Loss: 0.147, Acc: 0.995, Base Lr: 1.26e-04
2026-06-12 05:47:42 transreid.train INFO: MGPARTS assign_kl: 0.0637
2026-06-12 05:47:46 transreid.train INFO: Epoch[111] Iter[100/227] Loss: 0.148, Acc: 0.996, Base Lr: 1.26e-04
2026-06-12 05:47:46 transreid.train INFO: MGPARTS assign_kl: 0.0626
2026-06-12 05:47:49 transreid.train INFO: Epoch[111] Iter[150/227] Loss: 0.146, Acc: 0.996, Base Lr: 1.26e-04
2026-06-12 05:47:49 transreid.train INFO: MGPARTS assign_kl: 0.0625
2026-06-12 05:47:53 transreid.train INFO: Epoch[111] Iter[200/227] Loss: 0.139, Acc: 0.996, Base Lr: 1.26e-04
2026-06-12 05:47:53 transreid.train INFO: MGPARTS assign_kl: 0.0622
2026-06-12 05:47:54 transreid.train INFO: Epoch 111 done. Time per epoch: 16.055[s] Speed: 849.1[samples/s]
2026-06-12 05:47:58 transreid.train INFO: Epoch[112] Iter[50/227] Loss: 0.150, Acc: 0.997, Base Lr: 1.03e-04
2026-06-12 05:47:58 transreid.train INFO: MGPARTS assign_kl: 0.0631
2026-06-12 05:48:02 transreid.train INFO: Epoch[112] Iter[100/227] Loss: 0.141, Acc: 0.998, Base Lr: 1.03e-04
2026-06-12 05:48:02 transreid.train INFO: MGPARTS assign_kl: 0.0623
2026-06-12 05:48:06 transreid.train INFO: Epoch[112] Iter[150/227] Loss: 0.138, Acc: 0.998, Base Lr: 1.03e-04
2026-06-12 05:48:06 transreid.train INFO: MGPARTS assign_kl: 0.0618
2026-06-12 05:48:09 transreid.train INFO: Epoch[112] Iter[200/227] Loss: 0.130, Acc: 0.998, Base Lr: 1.03e-04
2026-06-12 05:48:09 transreid.train INFO: MGPARTS assign_kl: 0.0619
2026-06-12 05:48:10 transreid.train INFO: Epoch 112 done. Time per epoch: 15.901[s] Speed: 849.3[samples/s]
2026-06-12 05:48:14 transreid.train INFO: Epoch[113] Iter[50/227] Loss: 0.127, Acc: 0.997, Base Lr: 8.28e-05
2026-06-12 05:48:14 transreid.train INFO: MGPARTS assign_kl: 0.0612
2026-06-12 05:48:18 transreid.train INFO: Epoch[113] Iter[100/227] Loss: 0.133, Acc: 0.997, Base Lr: 8.28e-05
2026-06-12 05:48:18 transreid.train INFO: MGPARTS assign_kl: 0.0614
2026-06-12 05:48:21 transreid.train INFO: Epoch[113] Iter[150/227] Loss: 0.131, Acc: 0.997, Base Lr: 8.28e-05
2026-06-12 05:48:21 transreid.train INFO: MGPARTS assign_kl: 0.0611
2026-06-12 05:48:25 transreid.train INFO: Epoch[113] Iter[200/227] Loss: 0.127, Acc: 0.997, Base Lr: 8.28e-05
2026-06-12 05:48:25 transreid.train INFO: MGPARTS assign_kl: 0.0619
2026-06-12 05:48:26 transreid.train INFO: Epoch 113 done. Time per epoch: 16.067[s] Speed: 848.4[samples/s]
2026-06-12 05:48:30 transreid.train INFO: Epoch[114] Iter[50/227] Loss: 0.146, Acc: 0.997, Base Lr: 6.51e-05
2026-06-12 05:48:30 transreid.train INFO: MGPARTS assign_kl: 0.0621
2026-06-12 05:48:34 transreid.train INFO: Epoch[114] Iter[100/227] Loss: 0.145, Acc: 0.997, Base Lr: 6.51e-05
2026-06-12 05:48:34 transreid.train INFO: MGPARTS assign_kl: 0.0624
2026-06-12 05:48:38 transreid.train INFO: Epoch[114] Iter[150/227] Loss: 0.141, Acc: 0.997, Base Lr: 6.51e-05
2026-06-12 05:48:38 transreid.train INFO: MGPARTS assign_kl: 0.0628
2026-06-12 05:48:41 transreid.train INFO: Epoch[114] Iter[200/227] Loss: 0.133, Acc: 0.997, Base Lr: 6.51e-05
2026-06-12 05:48:41 transreid.train INFO: MGPARTS assign_kl: 0.0625
2026-06-12 05:48:42 transreid.train INFO: Epoch 114 done. Time per epoch: 16.078[s] Speed: 847.9[samples/s]
2026-06-12 05:48:46 transreid.train INFO: Epoch[115] Iter[50/227] Loss: 0.151, Acc: 0.995, Base Lr: 5.02e-05
2026-06-12 05:48:46 transreid.train INFO: MGPARTS assign_kl: 0.0640
2026-06-12 05:48:50 transreid.train INFO: Epoch[115] Iter[100/227] Loss: 0.148, Acc: 0.996, Base Lr: 5.02e-05
2026-06-12 05:48:50 transreid.train INFO: MGPARTS assign_kl: 0.0627
2026-06-12 05:48:54 transreid.train INFO: Epoch[115] Iter[150/227] Loss: 0.141, Acc: 0.997, Base Lr: 5.02e-05
2026-06-12 05:48:54 transreid.train INFO: MGPARTS assign_kl: 0.0617
2026-06-12 05:48:57 transreid.train INFO: Epoch[115] Iter[200/227] Loss: 0.135, Acc: 0.997, Base Lr: 5.02e-05
2026-06-12 05:48:57 transreid.train INFO: MGPARTS assign_kl: 0.0623
2026-06-12 05:48:58 transreid.train INFO: Epoch 115 done. Time per epoch: 15.998[s] Speed: 848.1[samples/s]
2026-06-12 05:49:02 transreid.train INFO: Epoch[116] Iter[50/227] Loss: 0.141, Acc: 0.997, Base Lr: 3.79e-05
2026-06-12 05:49:02 transreid.train INFO: MGPARTS assign_kl: 0.0620
2026-06-12 05:49:06 transreid.train INFO: Epoch[116] Iter[100/227] Loss: 0.148, Acc: 0.997, Base Lr: 3.79e-05
2026-06-12 05:49:06 transreid.train INFO: MGPARTS assign_kl: 0.0633
2026-06-12 05:49:10 transreid.train INFO: Epoch[116] Iter[150/227] Loss: 0.140, Acc: 0.997, Base Lr: 3.79e-05
2026-06-12 05:49:10 transreid.train INFO: MGPARTS assign_kl: 0.0618
2026-06-12 05:49:13 transreid.train INFO: Epoch[116] Iter[200/227] Loss: 0.131, Acc: 0.997, Base Lr: 3.79e-05
2026-06-12 05:49:13 transreid.train INFO: MGPARTS assign_kl: 0.0622
2026-06-12 05:49:14 transreid.train INFO: Epoch 116 done. Time per epoch: 15.934[s] Speed: 847.5[samples/s]
2026-06-12 05:49:18 transreid.train INFO: Epoch[117] Iter[50/227] Loss: 0.142, Acc: 0.998, Base Lr: 2.83e-05
2026-06-12 05:49:18 transreid.train INFO: MGPARTS assign_kl: 0.0623
2026-06-12 05:49:22 transreid.train INFO: Epoch[117] Iter[100/227] Loss: 0.138, Acc: 0.998, Base Lr: 2.83e-05
2026-06-12 05:49:22 transreid.train INFO: MGPARTS assign_kl: 0.0612
2026-06-12 05:49:26 transreid.train INFO: Epoch[117] Iter[150/227] Loss: 0.136, Acc: 0.997, Base Lr: 2.83e-05
2026-06-12 05:49:26 transreid.train INFO: MGPARTS assign_kl: 0.0611
2026-06-12 05:49:29 transreid.train INFO: Epoch[117] Iter[200/227] Loss: 0.131, Acc: 0.997, Base Lr: 2.83e-05
2026-06-12 05:49:29 transreid.train INFO: MGPARTS assign_kl: 0.0617
2026-06-12 05:49:30 transreid.train INFO: Epoch 117 done. Time per epoch: 15.996[s] Speed: 848.2[samples/s]
2026-06-12 05:49:34 transreid.train INFO: Epoch[118] Iter[50/227] Loss: 0.141, Acc: 0.996, Base Lr: 2.15e-05
2026-06-12 05:49:34 transreid.train INFO: MGPARTS assign_kl: 0.0647
2026-06-12 05:49:38 transreid.train INFO: Epoch[118] Iter[100/227] Loss: 0.139, Acc: 0.996, Base Lr: 2.15e-05
2026-06-12 05:49:38 transreid.train INFO: MGPARTS assign_kl: 0.0627
2026-06-12 05:49:42 transreid.train INFO: Epoch[118] Iter[150/227] Loss: 0.134, Acc: 0.996, Base Lr: 2.15e-05
2026-06-12 05:49:42 transreid.train INFO: MGPARTS assign_kl: 0.0629
2026-06-12 05:49:45 transreid.train INFO: Epoch[118] Iter[200/227] Loss: 0.127, Acc: 0.997, Base Lr: 2.15e-05
2026-06-12 05:49:45 transreid.train INFO: MGPARTS assign_kl: 0.0624
2026-06-12 05:49:46 transreid.train INFO: Epoch 118 done. Time per epoch: 16.085[s] Speed: 847.5[samples/s]
2026-06-12 05:49:50 transreid.train INFO: Epoch[119] Iter[50/227] Loss: 0.147, Acc: 0.996, Base Lr: 1.74e-05
2026-06-12 05:49:50 transreid.train INFO: MGPARTS assign_kl: 0.0621
2026-06-12 05:49:54 transreid.train INFO: Epoch[119] Iter[100/227] Loss: 0.142, Acc: 0.996, Base Lr: 1.74e-05
2026-06-12 05:49:54 transreid.train INFO: MGPARTS assign_kl: 0.0627
2026-06-12 05:49:58 transreid.train INFO: Epoch[119] Iter[150/227] Loss: 0.138, Acc: 0.997, Base Lr: 1.74e-05
2026-06-12 05:49:58 transreid.train INFO: MGPARTS assign_kl: 0.0626
2026-06-12 05:50:01 transreid.train INFO: Epoch[119] Iter[200/227] Loss: 0.130, Acc: 0.997, Base Lr: 1.74e-05
2026-06-12 05:50:01 transreid.train INFO: MGPARTS assign_kl: 0.0628
2026-06-12 05:50:02 transreid.train INFO: Epoch 119 done. Time per epoch: 15.924[s] Speed: 848.0[samples/s]
2026-06-12 05:50:06 transreid.train INFO: Epoch[120] Iter[50/227] Loss: 0.147, Acc: 0.996, Base Lr: 1.60e-05
2026-06-12 05:50:06 transreid.train INFO: MGPARTS assign_kl: 0.0619
2026-06-12 05:50:10 transreid.train INFO: Epoch[120] Iter[100/227] Loss: 0.134, Acc: 0.996, Base Lr: 1.60e-05
2026-06-12 05:50:10 transreid.train INFO: MGPARTS assign_kl: 0.0620
2026-06-12 05:50:14 transreid.train INFO: Epoch[120] Iter[150/227] Loss: 0.131, Acc: 0.997, Base Lr: 1.60e-05
2026-06-12 05:50:14 transreid.train INFO: MGPARTS assign_kl: 0.0623
2026-06-12 05:50:17 transreid.train INFO: Epoch[120] Iter[200/227] Loss: 0.126, Acc: 0.997, Base Lr: 1.60e-05
2026-06-12 05:50:17 transreid.train INFO: MGPARTS assign_kl: 0.0617
2026-06-12 05:50:18 transreid.train INFO: Epoch 120 done. Time per epoch: 15.930[s] Speed: 847.7[samples/s]
/home/afr/reid-clean/SOLIDER-REID/utils/metrics.py:12: UserWarning: This overload of addmm_ is deprecated:
	addmm_(Number beta, Number alpha, Tensor mat1, Tensor mat2)
Consider using one of the following signatures instead:
	addmm_(Tensor mat1, Tensor mat2, *, Number beta = 1, Number alpha = 1) (Triggered internally at /pytorch/torch/csrc/utils/python_arg_parser.cpp:1661.)
  dist_mat.addmm_(1, -2, qf, gf.t())
The test feature is normalized
=> Computing DistMat with euclidean_distance
2026-06-12 05:50:37 transreid.train INFO: Validation Results - Epoch: 120
2026-06-12 05:50:37 transreid.train INFO: mAP: 54.1%
2026-06-12 05:50:37 transreid.train INFO: CMC curve, Rank-1  :62.3%
2026-06-12 05:50:37 transreid.train INFO: CMC curve, Rank-5  :78.3%
2026-06-12 05:50:37 transreid.train INFO: CMC curve, Rank-10 :83.4%
