2026-06-05 03:42:30 transreid INFO: Saving model in the path :/home/afr/reid-clean/SOLIDER-REID/log/occluded_posetrack/exp002_detach_seed2
2026-06-05 03:42:30 transreid INFO: Loaded configuration file configs/occluded_posetrack/swin_tiny_objgate.yml
2026-06-05 03:42:30 transreid INFO: Running with config:
DATALOADER:
  NUM_INSTANCE: 4
  NUM_WORKERS: 8
  REMOVE_TAIL: 0
  SAMPLER: softmax_triplet
DATASETS:
  NAMES: occluded_posetrack
  ROOT_DIR: /home/afr/reid-clean/data
  ROOT_TRAIN_DIR: ../data
  ROOT_VAL_DIR: ../data
INPUT:
  MIX_PROB: 0.15
  MIX_RATIO_RANGE: [0.3, 0.7]
  MIX_TYPE: both
  PADDING: 10
  PIXEL_MEAN: [0.5, 0.5, 0.5]
  PIXEL_STD: [0.5, 0.5, 0.5]
  PROB: 0.5
  RE_PROB: 0.5
  SIZE_TEST: [384, 128]
  SIZE_TRAIN: [384, 128]
MODEL:
  ATT_DROP_RATE: 0.0
  COS_LAYER: False
  DEVICE: cuda
  DEVICE_ID: 0
  DEVIDE_LENGTH: 4
  DIST_TRAIN: False
  DROPOUT_RATE: 0.0
  DROP_OUT: 0.0
  DROP_PATH: 0.1
  FEAT_DIM: 512
  GEM_POOLING: False
  ID_LOSS_TYPE: softmax
  ID_LOSS_WEIGHT: 1.0
  IF_LABELSMOOTH: off
  IF_WITH_CENTER: no
  JPM: False
  LAST_STRIDE: 1
  METRIC_LOSS_TYPE: triplet
  NAME: transformer
  NECK: bnneck
  NO_MARGIN: True
  PRETRAIN_CHOICE: self
  PRETRAIN_HW_RATIO: 2
  PRETRAIN_PATH: /home/afr/reid-clean/weights/solider_swin_tiny_tea.pth
  REDUCE_FEAT_DIM: False
  RE_ARRANGE: True
  SEMANTIC_WEIGHT: 0.2
  SHIFT_NUM: 5
  SHUFFLE_GROUP: 2
  SIE_CAMERA: False
  SIE_COE: 3.0
  SIE_VIEW: False
  STEM_CONV: False
  STRIDE_SIZE: [16, 16]
  TRANSFORMER_TYPE: swin_tiny_patch4_window7_224
  TRIPLET_LOSS_WEIGHT: 1.0
OBJGATE:
  ANTI_W: 0.1
  DETACH_SCORE: True
  ENABLED: True
  ENTROPY_MAX: 3.0
  ENTROPY_MIN: 0.7
  FEATMAP_INDEX: -1
  HIDDEN: 192
  LAMBDA_TARGET: 1.0
  LAMBDA_WARMUP_EPOCHS: 10
  SPLIT_W: 1.0
  TAU: 1.0
OUTPUT_DIR: /home/afr/reid-clean/SOLIDER-REID/log/occluded_posetrack/exp002_detach_seed2
SOLVER:
  BASE_LR: 0.0008
  BIAS_LR_FACTOR: 2
  CENTER_LOSS_WEIGHT: 0.0005
  CENTER_LR: 0.5
  CHECKPOINT_PERIOD: 120
  COSINE_MARGIN: 0.5
  COSINE_SCALE: 30
  EVAL_PERIOD: 20
  GAMMA: 0.1
  IMS_PER_BATCH: 64
  LARGE_FC_LR: False
  LOG_PERIOD: 20
  MARGIN: 0.3
  MAX_EPOCHS: 120
  MOMENTUM: 0.9
  OPTIMIZER_NAME: SGD
  SEED: 2
  STEPS: (40, 70)
  TRP_L2: False
  WARMUP_EPOCHS: 20
  WARMUP_FACTOR: 0.01
  WARMUP_METHOD: cosine
  WEIGHT_DECAY: 0.0001
  WEIGHT_DECAY_BIAS: 0.0001
TEST:
  DIST_MAT: dist_mat.npy
  EVAL: True
  FEAT_NORM: yes
  IMS_PER_BATCH: 64
  NECK_FEAT: before
  RE_RANKING: False
  WEIGHT: 
=> Occluded-PoseTrack-ReID loaded
2026-06-05 03:42:30 transreid.check INFO: Dataset statistics:
2026-06-05 03:42:30 transreid.check INFO:   ----------------------------------------
2026-06-05 03:42:30 transreid.check INFO:   subset   | # ids | # images | # cameras
2026-06-05 03:42:30 transreid.check INFO:   ----------------------------------------
2026-06-05 03:42:30 transreid.check INFO:   train    |  1000 |    17898 |       474
2026-06-05 03:42:30 transreid.check INFO:   query    |  1379 |     2581 |         1
2026-06-05 03:42:30 transreid.check INFO:   gallery  |  1411 |    10831 |         1
2026-06-05 03:42:30 transreid.check INFO:   ----------------------------------------
/home/afr/reid-clean/SOLIDER-REID/model/backbones/swin_transformer.py:1162: UserWarning: DeprecationWarning: pretrained is deprecated, please use "init_cfg" instead
  warnings.warn('DeprecationWarning: pretrained is deprecated, '
using img_triplet sampler
using Transformer_type: swin_tiny_patch4_window7_224 as a backbone
unloaded parameters: <All keys matched successfully>
===========building transformer===========
using soft triplet loss for training
2026-06-05 03:42:30 transreid INFO: ===========using cosine learning rate=======
2026-06-05 03:42:30 transreid.train INFO: start training
/home/afr/reid-clean/SOLIDER-REID/processor/processor.py:44: FutureWarning: `torch.cuda.amp.GradScaler(args...)` is deprecated. Please use `torch.amp.GradScaler('cuda', args...)` instead.
  scaler = amp.GradScaler()
/home/afr/reid-clean/SOLIDER-REID/processor/processor.py:71: FutureWarning: `torch.cuda.amp.autocast(args...)` is deprecated. Please use `torch.amp.autocast('cuda', args...)` instead.
  with amp.autocast(enabled=True):
2026-06-05 03:42:33 transreid.train INFO: Epoch[1] Iter[20/275] Loss: 14.144, Acc: 0.002, Base Lr: 4.76e-05
2026-06-05 03:42:35 transreid.train INFO: Epoch[1] Iter[40/275] Loss: 12.703, Acc: 0.002, Base Lr: 4.76e-05
2026-06-05 03:42:37 transreid.train INFO: Epoch[1] Iter[60/275] Loss: 11.857, Acc: 0.001, Base Lr: 4.76e-05
2026-06-05 03:42:39 transreid.train INFO: Epoch[1] Iter[80/275] Loss: 11.350, Acc: 0.001, Base Lr: 4.76e-05
2026-06-05 03:42:41 transreid.train INFO: Epoch[1] Iter[100/275] Loss: 11.060, Acc: 0.001, Base Lr: 4.76e-05
2026-06-05 03:42:43 transreid.train INFO: Epoch[1] Iter[120/275] Loss: 10.759, Acc: 0.001, Base Lr: 4.76e-05
2026-06-05 03:42:45 transreid.train INFO: Epoch[1] Iter[140/275] Loss: 10.561, Acc: 0.001, Base Lr: 4.76e-05
2026-06-05 03:42:47 transreid.train INFO: Epoch[1] Iter[160/275] Loss: 10.401, Acc: 0.001, Base Lr: 4.76e-05
2026-06-05 03:42:50 transreid.train INFO: Epoch[1] Iter[180/275] Loss: 10.327, Acc: 0.001, Base Lr: 4.76e-05
2026-06-05 03:42:52 transreid.train INFO: Epoch[1] Iter[200/275] Loss: 10.190, Acc: 0.001, Base Lr: 4.76e-05
2026-06-05 03:42:54 transreid.train INFO: Epoch[1] Iter[220/275] Loss: 10.113, Acc: 0.001, Base Lr: 4.76e-05
2026-06-05 03:42:56 transreid.train INFO: Epoch[1] Iter[240/275] Loss: 10.042, Acc: 0.001, Base Lr: 4.76e-05
2026-06-05 03:42:58 transreid.train INFO: Epoch[1] Iter[260/275] Loss: 9.983, Acc: 0.001, Base Lr: 4.76e-05
2026-06-05 03:42:59 transreid.train INFO: Epoch 1 done. Time per epoch: 29.398[s] Speed: 596.5[samples/s]
2026-06-05 03:43:02 transreid.train INFO: Epoch[2] Iter[20/275] Loss: 9.162, Acc: 0.006, Base Lr: 8.72e-05
2026-06-05 03:43:04 transreid.train INFO: Epoch[2] Iter[40/275] Loss: 9.155, Acc: 0.004, Base Lr: 8.72e-05
2026-06-05 03:43:06 transreid.train INFO: Epoch[2] Iter[60/275] Loss: 9.264, Acc: 0.004, Base Lr: 8.72e-05
2026-06-05 03:43:08 transreid.train INFO: Epoch[2] Iter[80/275] Loss: 9.318, Acc: 0.004, Base Lr: 8.72e-05
2026-06-05 03:43:10 transreid.train INFO: Epoch[2] Iter[100/275] Loss: 9.288, Acc: 0.004, Base Lr: 8.72e-05
2026-06-05 03:43:12 transreid.train INFO: Epoch[2] Iter[120/275] Loss: 9.288, Acc: 0.005, Base Lr: 8.72e-05
2026-06-05 03:43:14 transreid.train INFO: Epoch[2] Iter[140/275] Loss: 9.224, Acc: 0.005, Base Lr: 8.72e-05
2026-06-05 03:43:16 transreid.train INFO: Epoch[2] Iter[160/275] Loss: 9.194, Acc: 0.006, Base Lr: 8.72e-05
2026-06-05 03:43:19 transreid.train INFO: Epoch[2] Iter[180/275] Loss: 9.160, Acc: 0.007, Base Lr: 8.72e-05
2026-06-05 03:43:21 transreid.train INFO: Epoch[2] Iter[200/275] Loss: 9.110, Acc: 0.007, Base Lr: 8.72e-05
2026-06-05 03:43:23 transreid.train INFO: Epoch[2] Iter[220/275] Loss: 9.084, Acc: 0.008, Base Lr: 8.72e-05
2026-06-05 03:43:25 transreid.train INFO: Epoch[2] Iter[240/275] Loss: 9.053, Acc: 0.009, Base Lr: 8.72e-05
2026-06-05 03:43:27 transreid.train INFO: Epoch[2] Iter[260/275] Loss: 9.020, Acc: 0.010, Base Lr: 8.72e-05
2026-06-05 03:43:28 transreid.train INFO: Epoch 2 done. Time per epoch: 29.029[s] Speed: 604.1[samples/s]
2026-06-05 03:43:31 transreid.train INFO: Epoch[3] Iter[20/275] Loss: 8.627, Acc: 0.086, Base Lr: 1.27e-04
2026-06-05 03:43:33 transreid.train INFO: Epoch[3] Iter[40/275] Loss: 8.564, Acc: 0.082, Base Lr: 1.27e-04
2026-06-05 03:43:35 transreid.train INFO: Epoch[3] Iter[60/275] Loss: 8.446, Acc: 0.082, Base Lr: 1.27e-04
2026-06-05 03:43:37 transreid.train INFO: Epoch[3] Iter[80/275] Loss: 8.471, Acc: 0.090, Base Lr: 1.27e-04
2026-06-05 03:43:39 transreid.train INFO: Epoch[3] Iter[100/275] Loss: 8.430, Acc: 0.098, Base Lr: 1.27e-04
2026-06-05 03:43:41 transreid.train INFO: Epoch[3] Iter[120/275] Loss: 8.426, Acc: 0.107, Base Lr: 1.27e-04
2026-06-05 03:43:43 transreid.train INFO: Epoch[3] Iter[140/275] Loss: 8.422, Acc: 0.113, Base Lr: 1.27e-04
2026-06-05 03:43:45 transreid.train INFO: Epoch[3] Iter[160/275] Loss: 8.428, Acc: 0.121, Base Lr: 1.27e-04
2026-06-05 03:43:48 transreid.train INFO: Epoch[3] Iter[180/275] Loss: 8.432, Acc: 0.127, Base Lr: 1.27e-04
2026-06-05 03:43:50 transreid.train INFO: Epoch[3] Iter[200/275] Loss: 8.426, Acc: 0.131, Base Lr: 1.27e-04
2026-06-05 03:43:52 transreid.train INFO: Epoch[3] Iter[220/275] Loss: 8.414, Acc: 0.137, Base Lr: 1.27e-04
2026-06-05 03:43:54 transreid.train INFO: Epoch[3] Iter[240/275] Loss: 8.408, Acc: 0.139, Base Lr: 1.27e-04
2026-06-05 03:43:56 transreid.train INFO: Epoch[3] Iter[260/275] Loss: 8.392, Acc: 0.142, Base Lr: 1.27e-04
2026-06-05 03:43:57 transreid.train INFO: Epoch 3 done. Time per epoch: 28.909[s] Speed: 604.4[samples/s]
2026-06-05 03:44:00 transreid.train INFO: Epoch[4] Iter[20/275] Loss: 8.187, Acc: 0.313, Base Lr: 1.66e-04
2026-06-05 03:44:02 transreid.train INFO: Epoch[4] Iter[40/275] Loss: 8.323, Acc: 0.308, Base Lr: 1.66e-04
2026-06-05 03:44:04 transreid.train INFO: Epoch[4] Iter[60/275] Loss: 8.337, Acc: 0.311, Base Lr: 1.66e-04
2026-06-05 03:44:06 transreid.train INFO: Epoch[4] Iter[80/275] Loss: 8.341, Acc: 0.308, Base Lr: 1.66e-04
2026-06-05 03:44:08 transreid.train INFO: Epoch[4] Iter[100/275] Loss: 8.306, Acc: 0.321, Base Lr: 1.66e-04
2026-06-05 03:44:10 transreid.train INFO: Epoch[4] Iter[120/275] Loss: 8.293, Acc: 0.333, Base Lr: 1.66e-04
2026-06-05 03:44:12 transreid.train INFO: Epoch[4] Iter[140/275] Loss: 8.266, Acc: 0.341, Base Lr: 1.66e-04
2026-06-05 03:44:14 transreid.train INFO: Epoch[4] Iter[160/275] Loss: 8.242, Acc: 0.340, Base Lr: 1.66e-04
2026-06-05 03:44:16 transreid.train INFO: Epoch[4] Iter[180/275] Loss: 8.236, Acc: 0.345, Base Lr: 1.66e-04
2026-06-05 03:44:19 transreid.train INFO: Epoch[4] Iter[200/275] Loss: 8.239, Acc: 0.345, Base Lr: 1.66e-04
2026-06-05 03:44:21 transreid.train INFO: Epoch[4] Iter[220/275] Loss: 8.225, Acc: 0.349, Base Lr: 1.66e-04
2026-06-05 03:44:23 transreid.train INFO: Epoch[4] Iter[240/275] Loss: 8.227, Acc: 0.350, Base Lr: 1.66e-04
2026-06-05 03:44:25 transreid.train INFO: Epoch[4] Iter[260/275] Loss: 8.206, Acc: 0.355, Base Lr: 1.66e-04
2026-06-05 03:44:26 transreid.train INFO: Epoch 4 done. Time per epoch: 28.903[s] Speed: 604.5[samples/s]
2026-06-05 03:44:29 transreid.train INFO: Epoch[5] Iter[20/275] Loss: 7.985, Acc: 0.482, Base Lr: 2.06e-04
2026-06-05 03:44:31 transreid.train INFO: Epoch[5] Iter[40/275] Loss: 8.062, Acc: 0.507, Base Lr: 2.06e-04
2026-06-05 03:44:33 transreid.train INFO: Epoch[5] Iter[60/275] Loss: 8.083, Acc: 0.546, Base Lr: 2.06e-04
2026-06-05 03:44:35 transreid.train INFO: Epoch[5] Iter[80/275] Loss: 8.115, Acc: 0.540, Base Lr: 2.06e-04
2026-06-05 03:44:37 transreid.train INFO: Epoch[5] Iter[100/275] Loss: 8.064, Acc: 0.538, Base Lr: 2.06e-04
2026-06-05 03:44:39 transreid.train INFO: Epoch[5] Iter[120/275] Loss: 8.052, Acc: 0.538, Base Lr: 2.06e-04
2026-06-05 03:44:41 transreid.train INFO: Epoch[5] Iter[140/275] Loss: 8.041, Acc: 0.542, Base Lr: 2.06e-04
2026-06-05 03:44:43 transreid.train INFO: Epoch[5] Iter[160/275] Loss: 8.017, Acc: 0.548, Base Lr: 2.06e-04
2026-06-05 03:44:45 transreid.train INFO: Epoch[5] Iter[180/275] Loss: 7.999, Acc: 0.549, Base Lr: 2.06e-04
2026-06-05 03:44:47 transreid.train INFO: Epoch[5] Iter[200/275] Loss: 7.980, Acc: 0.545, Base Lr: 2.06e-04
2026-06-05 03:44:50 transreid.train INFO: Epoch[5] Iter[220/275] Loss: 7.984, Acc: 0.540, Base Lr: 2.06e-04
2026-06-05 03:44:52 transreid.train INFO: Epoch[5] Iter[240/275] Loss: 7.970, Acc: 0.535, Base Lr: 2.06e-04
2026-06-05 03:44:54 transreid.train INFO: Epoch[5] Iter[260/275] Loss: 7.957, Acc: 0.532, Base Lr: 2.06e-04
2026-06-05 03:44:55 transreid.train INFO: Epoch 5 done. Time per epoch: 28.927[s] Speed: 604.0[samples/s]
2026-06-05 03:44:58 transreid.train INFO: Epoch[6] Iter[20/275] Loss: 7.834, Acc: 0.641, Base Lr: 2.46e-04
2026-06-05 03:45:00 transreid.train INFO: Epoch[6] Iter[40/275] Loss: 7.825, Acc: 0.613, Base Lr: 2.46e-04
2026-06-05 03:45:02 transreid.train INFO: Epoch[6] Iter[60/275] Loss: 7.789, Acc: 0.619, Base Lr: 2.46e-04
2026-06-05 03:45:04 transreid.train INFO: Epoch[6] Iter[80/275] Loss: 7.763, Acc: 0.621, Base Lr: 2.46e-04
2026-06-05 03:45:06 transreid.train INFO: Epoch[6] Iter[100/275] Loss: 7.752, Acc: 0.626, Base Lr: 2.46e-04
2026-06-05 03:45:08 transreid.train INFO: Epoch[6] Iter[120/275] Loss: 7.718, Acc: 0.628, Base Lr: 2.46e-04
2026-06-05 03:45:10 transreid.train INFO: Epoch[6] Iter[140/275] Loss: 7.691, Acc: 0.622, Base Lr: 2.46e-04
2026-06-05 03:45:12 transreid.train INFO: Epoch[6] Iter[160/275] Loss: 7.690, Acc: 0.625, Base Lr: 2.46e-04
2026-06-05 03:45:14 transreid.train INFO: Epoch[6] Iter[180/275] Loss: 7.675, Acc: 0.622, Base Lr: 2.46e-04
2026-06-05 03:45:16 transreid.train INFO: Epoch[6] Iter[200/275] Loss: 7.663, Acc: 0.618, Base Lr: 2.46e-04
2026-06-05 03:45:19 transreid.train INFO: Epoch[6] Iter[220/275] Loss: 7.650, Acc: 0.615, Base Lr: 2.46e-04
2026-06-05 03:45:21 transreid.train INFO: Epoch[6] Iter[240/275] Loss: 7.623, Acc: 0.621, Base Lr: 2.46e-04
2026-06-05 03:45:23 transreid.train INFO: Epoch[6] Iter[260/275] Loss: 7.618, Acc: 0.621, Base Lr: 2.46e-04
2026-06-05 03:45:24 transreid.train INFO: Epoch 6 done. Time per epoch: 28.946[s] Speed: 603.6[samples/s]
2026-06-05 03:45:26 transreid.train INFO: Epoch[7] Iter[20/275] Loss: 7.310, Acc: 0.690, Base Lr: 2.85e-04
2026-06-05 03:45:29 transreid.train INFO: Epoch[7] Iter[40/275] Loss: 7.287, Acc: 0.691, Base Lr: 2.85e-04
2026-06-05 03:45:31 transreid.train INFO: Epoch[7] Iter[60/275] Loss: 7.289, Acc: 0.687, Base Lr: 2.85e-04
2026-06-05 03:45:33 transreid.train INFO: Epoch[7] Iter[80/275] Loss: 7.331, Acc: 0.667, Base Lr: 2.85e-04
2026-06-05 03:45:35 transreid.train INFO: Epoch[7] Iter[100/275] Loss: 7.322, Acc: 0.667, Base Lr: 2.85e-04
2026-06-05 03:45:37 transreid.train INFO: Epoch[7] Iter[120/275] Loss: 7.298, Acc: 0.662, Base Lr: 2.85e-04
2026-06-05 03:45:39 transreid.train INFO: Epoch[7] Iter[140/275] Loss: 7.298, Acc: 0.657, Base Lr: 2.85e-04
2026-06-05 03:45:41 transreid.train INFO: Epoch[7] Iter[160/275] Loss: 7.309, Acc: 0.655, Base Lr: 2.85e-04
2026-06-05 03:45:43 transreid.train INFO: Epoch[7] Iter[180/275] Loss: 7.297, Acc: 0.655, Base Lr: 2.85e-04
2026-06-05 03:45:45 transreid.train INFO: Epoch[7] Iter[200/275] Loss: 7.279, Acc: 0.654, Base Lr: 2.85e-04
2026-06-05 03:45:47 transreid.train INFO: Epoch[7] Iter[220/275] Loss: 7.259, Acc: 0.655, Base Lr: 2.85e-04
2026-06-05 03:45:50 transreid.train INFO: Epoch[7] Iter[240/275] Loss: 7.246, Acc: 0.654, Base Lr: 2.85e-04
2026-06-05 03:45:52 transreid.train INFO: Epoch[7] Iter[260/275] Loss: 7.224, Acc: 0.656, Base Lr: 2.85e-04
2026-06-05 03:45:53 transreid.train INFO: Epoch 7 done. Time per epoch: 28.939[s] Speed: 603.7[samples/s]
2026-06-05 03:45:55 transreid.train INFO: Epoch[8] Iter[20/275] Loss: 7.072, Acc: 0.679, Base Lr: 3.25e-04
2026-06-05 03:45:58 transreid.train INFO: Epoch[8] Iter[40/275] Loss: 6.961, Acc: 0.680, Base Lr: 3.25e-04
2026-06-05 03:46:00 transreid.train INFO: Epoch[8] Iter[60/275] Loss: 6.932, Acc: 0.696, Base Lr: 3.25e-04
2026-06-05 03:46:02 transreid.train INFO: Epoch[8] Iter[80/275] Loss: 6.905, Acc: 0.697, Base Lr: 3.25e-04
2026-06-05 03:46:04 transreid.train INFO: Epoch[8] Iter[100/275] Loss: 6.907, Acc: 0.698, Base Lr: 3.25e-04
2026-06-05 03:46:06 transreid.train INFO: Epoch[8] Iter[120/275] Loss: 6.889, Acc: 0.701, Base Lr: 3.25e-04
2026-06-05 03:46:08 transreid.train INFO: Epoch[8] Iter[140/275] Loss: 6.869, Acc: 0.706, Base Lr: 3.25e-04
2026-06-05 03:46:10 transreid.train INFO: Epoch[8] Iter[160/275] Loss: 6.851, Acc: 0.699, Base Lr: 3.25e-04
2026-06-05 03:46:12 transreid.train INFO: Epoch[8] Iter[180/275] Loss: 6.839, Acc: 0.696, Base Lr: 3.25e-04
2026-06-05 03:46:14 transreid.train INFO: Epoch[8] Iter[200/275] Loss: 6.820, Acc: 0.697, Base Lr: 3.25e-04
2026-06-05 03:46:16 transreid.train INFO: Epoch[8] Iter[220/275] Loss: 6.804, Acc: 0.691, Base Lr: 3.25e-04
2026-06-05 03:46:19 transreid.train INFO: Epoch[8] Iter[240/275] Loss: 6.783, Acc: 0.692, Base Lr: 3.25e-04
2026-06-05 03:46:21 transreid.train INFO: Epoch[8] Iter[260/275] Loss: 6.779, Acc: 0.688, Base Lr: 3.25e-04
2026-06-05 03:46:22 transreid.train INFO: Epoch 8 done. Time per epoch: 29.017[s] Speed: 602.1[samples/s]
2026-06-05 03:46:24 transreid.train INFO: Epoch[9] Iter[20/275] Loss: 6.526, Acc: 0.716, Base Lr: 3.64e-04
2026-06-05 03:46:27 transreid.train INFO: Epoch[9] Iter[40/275] Loss: 6.603, Acc: 0.709, Base Lr: 3.64e-04
2026-06-05 03:46:29 transreid.train INFO: Epoch[9] Iter[60/275] Loss: 6.600, Acc: 0.708, Base Lr: 3.64e-04
2026-06-05 03:46:31 transreid.train INFO: Epoch[9] Iter[80/275] Loss: 6.546, Acc: 0.706, Base Lr: 3.64e-04
2026-06-05 03:46:33 transreid.train INFO: Epoch[9] Iter[100/275] Loss: 6.535, Acc: 0.711, Base Lr: 3.64e-04
2026-06-05 03:46:35 transreid.train INFO: Epoch[9] Iter[120/275] Loss: 6.506, Acc: 0.714, Base Lr: 3.64e-04
2026-06-05 03:46:37 transreid.train INFO: Epoch[9] Iter[140/275] Loss: 6.480, Acc: 0.712, Base Lr: 3.64e-04
2026-06-05 03:46:39 transreid.train INFO: Epoch[9] Iter[160/275] Loss: 6.450, Acc: 0.713, Base Lr: 3.64e-04
2026-06-05 03:46:41 transreid.train INFO: Epoch[9] Iter[180/275] Loss: 6.425, Acc: 0.713, Base Lr: 3.64e-04
2026-06-05 03:46:43 transreid.train INFO: Epoch[9] Iter[200/275] Loss: 6.406, Acc: 0.709, Base Lr: 3.64e-04
2026-06-05 03:46:45 transreid.train INFO: Epoch[9] Iter[220/275] Loss: 6.387, Acc: 0.710, Base Lr: 3.64e-04
2026-06-05 03:46:48 transreid.train INFO: Epoch[9] Iter[240/275] Loss: 6.378, Acc: 0.709, Base Lr: 3.64e-04
2026-06-05 03:46:50 transreid.train INFO: Epoch[9] Iter[260/275] Loss: 6.377, Acc: 0.707, Base Lr: 3.64e-04
2026-06-05 03:46:51 transreid.train INFO: Epoch 9 done. Time per epoch: 29.051[s] Speed: 603.6[samples/s]
2026-06-05 03:46:53 transreid.train INFO: Epoch[10] Iter[20/275] Loss: 6.091, Acc: 0.750, Base Lr: 4.04e-04
2026-06-05 03:46:56 transreid.train INFO: Epoch[10] Iter[40/275] Loss: 6.068, Acc: 0.734, Base Lr: 4.04e-04
2026-06-05 03:46:58 transreid.train INFO: Epoch[10] Iter[60/275] Loss: 6.065, Acc: 0.730, Base Lr: 4.04e-04
2026-06-05 03:47:00 transreid.train INFO: Epoch[10] Iter[80/275] Loss: 6.064, Acc: 0.727, Base Lr: 4.04e-04
2026-06-05 03:47:02 transreid.train INFO: Epoch[10] Iter[100/275] Loss: 6.026, Acc: 0.733, Base Lr: 4.04e-04
2026-06-05 03:47:04 transreid.train INFO: Epoch[10] Iter[120/275] Loss: 6.008, Acc: 0.731, Base Lr: 4.04e-04
2026-06-05 03:47:06 transreid.train INFO: Epoch[10] Iter[140/275] Loss: 5.998, Acc: 0.727, Base Lr: 4.04e-04
2026-06-05 03:47:08 transreid.train INFO: Epoch[10] Iter[160/275] Loss: 5.991, Acc: 0.722, Base Lr: 4.04e-04
2026-06-05 03:47:10 transreid.train INFO: Epoch[10] Iter[180/275] Loss: 5.979, Acc: 0.722, Base Lr: 4.04e-04
2026-06-05 03:47:12 transreid.train INFO: Epoch[10] Iter[200/275] Loss: 5.961, Acc: 0.726, Base Lr: 4.04e-04
2026-06-05 03:47:14 transreid.train INFO: Epoch[10] Iter[220/275] Loss: 5.955, Acc: 0.727, Base Lr: 4.04e-04
2026-06-05 03:47:17 transreid.train INFO: Epoch[10] Iter[240/275] Loss: 5.942, Acc: 0.728, Base Lr: 4.04e-04
2026-06-05 03:47:19 transreid.train INFO: Epoch[10] Iter[260/275] Loss: 5.914, Acc: 0.731, Base Lr: 4.04e-04
2026-06-05 03:47:20 transreid.train INFO: Epoch 10 done. Time per epoch: 28.917[s] Speed: 604.2[samples/s]
2026-06-05 03:47:22 transreid.train INFO: Epoch[11] Iter[20/275] Loss: 5.698, Acc: 0.753, Base Lr: 4.44e-04
2026-06-05 03:47:25 transreid.train INFO: Epoch[11] Iter[40/275] Loss: 5.659, Acc: 0.748, Base Lr: 4.44e-04
2026-06-05 03:47:27 transreid.train INFO: Epoch[11] Iter[60/275] Loss: 5.607, Acc: 0.747, Base Lr: 4.44e-04
2026-06-05 03:47:29 transreid.train INFO: Epoch[11] Iter[80/275] Loss: 5.579, Acc: 0.746, Base Lr: 4.44e-04
2026-06-05 03:47:31 transreid.train INFO: Epoch[11] Iter[100/275] Loss: 5.617, Acc: 0.742, Base Lr: 4.44e-04
2026-06-05 03:47:33 transreid.train INFO: Epoch[11] Iter[120/275] Loss: 5.599, Acc: 0.744, Base Lr: 4.44e-04
2026-06-05 03:47:35 transreid.train INFO: Epoch[11] Iter[140/275] Loss: 5.571, Acc: 0.750, Base Lr: 4.44e-04
2026-06-05 03:47:37 transreid.train INFO: Epoch[11] Iter[160/275] Loss: 5.530, Acc: 0.756, Base Lr: 4.44e-04
2026-06-05 03:47:39 transreid.train INFO: Epoch[11] Iter[180/275] Loss: 5.501, Acc: 0.760, Base Lr: 4.44e-04
2026-06-05 03:47:41 transreid.train INFO: Epoch[11] Iter[200/275] Loss: 5.482, Acc: 0.760, Base Lr: 4.44e-04
2026-06-05 03:47:43 transreid.train INFO: Epoch[11] Iter[220/275] Loss: 5.449, Acc: 0.762, Base Lr: 4.44e-04
2026-06-05 03:47:46 transreid.train INFO: Epoch[11] Iter[240/275] Loss: 5.420, Acc: 0.764, Base Lr: 4.44e-04
2026-06-05 03:47:48 transreid.train INFO: Epoch[11] Iter[260/275] Loss: 5.415, Acc: 0.764, Base Lr: 4.44e-04
2026-06-05 03:47:49 transreid.train INFO: Epoch 11 done. Time per epoch: 29.043[s] Speed: 603.8[samples/s]
2026-06-05 03:47:51 transreid.train INFO: Epoch[12] Iter[20/275] Loss: 5.348, Acc: 0.744, Base Lr: 4.83e-04
2026-06-05 03:47:54 transreid.train INFO: Epoch[12] Iter[40/275] Loss: 5.267, Acc: 0.750, Base Lr: 4.83e-04
2026-06-05 03:47:56 transreid.train INFO: Epoch[12] Iter[60/275] Loss: 5.198, Acc: 0.755, Base Lr: 4.83e-04
2026-06-05 03:47:58 transreid.train INFO: Epoch[12] Iter[80/275] Loss: 5.158, Acc: 0.760, Base Lr: 4.83e-04
2026-06-05 03:48:00 transreid.train INFO: Epoch[12] Iter[100/275] Loss: 5.110, Acc: 0.764, Base Lr: 4.83e-04
2026-06-05 03:48:02 transreid.train INFO: Epoch[12] Iter[120/275] Loss: 5.089, Acc: 0.770, Base Lr: 4.83e-04
2026-06-05 03:48:04 transreid.train INFO: Epoch[12] Iter[140/275] Loss: 5.039, Acc: 0.775, Base Lr: 4.83e-04
2026-06-05 03:48:06 transreid.train INFO: Epoch[12] Iter[160/275] Loss: 5.006, Acc: 0.779, Base Lr: 4.83e-04
2026-06-05 03:48:08 transreid.train INFO: Epoch[12] Iter[180/275] Loss: 4.982, Acc: 0.780, Base Lr: 4.83e-04
2026-06-05 03:48:10 transreid.train INFO: Epoch[12] Iter[200/275] Loss: 4.954, Acc: 0.783, Base Lr: 4.83e-04
2026-06-05 03:48:12 transreid.train INFO: Epoch[12] Iter[220/275] Loss: 4.925, Acc: 0.786, Base Lr: 4.83e-04
2026-06-05 03:48:15 transreid.train INFO: Epoch[12] Iter[240/275] Loss: 4.901, Acc: 0.788, Base Lr: 4.83e-04
2026-06-05 03:48:17 transreid.train INFO: Epoch[12] Iter[260/275] Loss: 4.884, Acc: 0.791, Base Lr: 4.83e-04
2026-06-05 03:48:18 transreid.train INFO: Epoch 12 done. Time per epoch: 28.930[s] Speed: 603.9[samples/s]
2026-06-05 03:48:20 transreid.train INFO: Epoch[13] Iter[20/275] Loss: 4.805, Acc: 0.726, Base Lr: 5.23e-04
2026-06-05 03:48:22 transreid.train INFO: Epoch[13] Iter[40/275] Loss: 4.752, Acc: 0.755, Base Lr: 5.23e-04
2026-06-05 03:48:25 transreid.train INFO: Epoch[13] Iter[60/275] Loss: 4.716, Acc: 0.765, Base Lr: 5.23e-04
2026-06-05 03:48:27 transreid.train INFO: Epoch[13] Iter[80/275] Loss: 4.737, Acc: 0.764, Base Lr: 5.23e-04
2026-06-05 03:48:29 transreid.train INFO: Epoch[13] Iter[100/275] Loss: 4.736, Acc: 0.772, Base Lr: 5.23e-04
2026-06-05 03:48:31 transreid.train INFO: Epoch[13] Iter[120/275] Loss: 4.707, Acc: 0.775, Base Lr: 5.23e-04
2026-06-05 03:48:33 transreid.train INFO: Epoch[13] Iter[140/275] Loss: 4.640, Acc: 0.782, Base Lr: 5.23e-04
2026-06-05 03:48:35 transreid.train INFO: Epoch[13] Iter[160/275] Loss: 4.581, Acc: 0.787, Base Lr: 5.23e-04
2026-06-05 03:48:37 transreid.train INFO: Epoch[13] Iter[180/275] Loss: 4.550, Acc: 0.793, Base Lr: 5.23e-04
2026-06-05 03:48:39 transreid.train INFO: Epoch[13] Iter[200/275] Loss: 4.517, Acc: 0.796, Base Lr: 5.23e-04
2026-06-05 03:48:41 transreid.train INFO: Epoch[13] Iter[220/275] Loss: 4.483, Acc: 0.799, Base Lr: 5.23e-04
2026-06-05 03:48:43 transreid.train INFO: Epoch[13] Iter[240/275] Loss: 4.445, Acc: 0.806, Base Lr: 5.23e-04
2026-06-05 03:48:46 transreid.train INFO: Epoch[13] Iter[260/275] Loss: 4.408, Acc: 0.810, Base Lr: 5.23e-04
2026-06-05 03:48:47 transreid.train INFO: Epoch 13 done. Time per epoch: 28.944[s] Speed: 603.6[samples/s]
2026-06-05 03:48:49 transreid.train INFO: Epoch[14] Iter[20/275] Loss: 4.524, Acc: 0.761, Base Lr: 5.62e-04
2026-06-05 03:48:51 transreid.train INFO: Epoch[14] Iter[40/275] Loss: 4.575, Acc: 0.758, Base Lr: 5.62e-04
2026-06-05 03:48:54 transreid.train INFO: Epoch[14] Iter[60/275] Loss: 4.447, Acc: 0.781, Base Lr: 5.62e-04
2026-06-05 03:48:56 transreid.train INFO: Epoch[14] Iter[80/275] Loss: 4.388, Acc: 0.783, Base Lr: 5.62e-04
2026-06-05 03:48:58 transreid.train INFO: Epoch[14] Iter[100/275] Loss: 4.309, Acc: 0.796, Base Lr: 5.62e-04
2026-06-05 03:49:00 transreid.train INFO: Epoch[14] Iter[120/275] Loss: 4.236, Acc: 0.799, Base Lr: 5.62e-04
2026-06-05 03:49:02 transreid.train INFO: Epoch[14] Iter[140/275] Loss: 4.178, Acc: 0.807, Base Lr: 5.62e-04
2026-06-05 03:49:04 transreid.train INFO: Epoch[14] Iter[160/275] Loss: 4.135, Acc: 0.809, Base Lr: 5.62e-04
2026-06-05 03:49:06 transreid.train INFO: Epoch[14] Iter[180/275] Loss: 4.074, Acc: 0.818, Base Lr: 5.62e-04
2026-06-05 03:49:08 transreid.train INFO: Epoch[14] Iter[200/275] Loss: 4.043, Acc: 0.821, Base Lr: 5.62e-04
2026-06-05 03:49:10 transreid.train INFO: Epoch[14] Iter[220/275] Loss: 4.013, Acc: 0.824, Base Lr: 5.62e-04
2026-06-05 03:49:12 transreid.train INFO: Epoch[14] Iter[240/275] Loss: 3.977, Acc: 0.829, Base Lr: 5.62e-04
2026-06-05 03:49:15 transreid.train INFO: Epoch[14] Iter[260/275] Loss: 3.951, Acc: 0.831, Base Lr: 5.62e-04
2026-06-05 03:49:16 transreid.train INFO: Epoch 14 done. Time per epoch: 29.044[s] Speed: 603.8[samples/s]
2026-06-05 03:49:18 transreid.train INFO: Epoch[15] Iter[20/275] Loss: 3.848, Acc: 0.788, Base Lr: 6.02e-04
2026-06-05 03:49:20 transreid.train INFO: Epoch[15] Iter[40/275] Loss: 3.834, Acc: 0.780, Base Lr: 6.02e-04
2026-06-05 03:49:23 transreid.train INFO: Epoch[15] Iter[60/275] Loss: 3.683, Acc: 0.797, Base Lr: 6.02e-04
2026-06-05 03:49:25 transreid.train INFO: Epoch[15] Iter[80/275] Loss: 3.620, Acc: 0.806, Base Lr: 6.02e-04
2026-06-05 03:49:27 transreid.train INFO: Epoch[15] Iter[100/275] Loss: 3.553, Acc: 0.815, Base Lr: 6.02e-04
2026-06-05 03:49:29 transreid.train INFO: Epoch[15] Iter[120/275] Loss: 3.522, Acc: 0.817, Base Lr: 6.02e-04
2026-06-05 03:49:31 transreid.train INFO: Epoch[15] Iter[140/275] Loss: 3.480, Acc: 0.823, Base Lr: 6.02e-04
2026-06-05 03:49:33 transreid.train INFO: Epoch[15] Iter[160/275] Loss: 3.456, Acc: 0.827, Base Lr: 6.02e-04
2026-06-05 03:49:35 transreid.train INFO: Epoch[15] Iter[180/275] Loss: 3.436, Acc: 0.832, Base Lr: 6.02e-04
2026-06-05 03:49:37 transreid.train INFO: Epoch[15] Iter[200/275] Loss: 3.415, Acc: 0.836, Base Lr: 6.02e-04
2026-06-05 03:49:39 transreid.train INFO: Epoch[15] Iter[220/275] Loss: 3.387, Acc: 0.839, Base Lr: 6.02e-04
2026-06-05 03:49:41 transreid.train INFO: Epoch[15] Iter[240/275] Loss: 3.376, Acc: 0.843, Base Lr: 6.02e-04
2026-06-05 03:49:44 transreid.train INFO: Epoch[15] Iter[260/275] Loss: 3.366, Acc: 0.845, Base Lr: 6.02e-04
2026-06-05 03:49:45 transreid.train INFO: Epoch 15 done. Time per epoch: 29.039[s] Speed: 603.9[samples/s]
2026-06-05 03:49:47 transreid.train INFO: Epoch[16] Iter[20/275] Loss: 3.437, Acc: 0.816, Base Lr: 6.42e-04
2026-06-05 03:49:49 transreid.train INFO: Epoch[16] Iter[40/275] Loss: 3.330, Acc: 0.823, Base Lr: 6.42e-04
2026-06-05 03:49:52 transreid.train INFO: Epoch[16] Iter[60/275] Loss: 3.222, Acc: 0.829, Base Lr: 6.42e-04
2026-06-05 03:49:54 transreid.train INFO: Epoch[16] Iter[80/275] Loss: 3.302, Acc: 0.819, Base Lr: 6.42e-04
2026-06-05 03:49:56 transreid.train INFO: Epoch[16] Iter[100/275] Loss: 3.281, Acc: 0.823, Base Lr: 6.42e-04
2026-06-05 03:49:58 transreid.train INFO: Epoch[16] Iter[120/275] Loss: 3.229, Acc: 0.830, Base Lr: 6.42e-04
2026-06-05 03:50:00 transreid.train INFO: Epoch[16] Iter[140/275] Loss: 3.180, Acc: 0.836, Base Lr: 6.42e-04
2026-06-05 03:50:02 transreid.train INFO: Epoch[16] Iter[160/275] Loss: 3.155, Acc: 0.842, Base Lr: 6.42e-04
2026-06-05 03:50:04 transreid.train INFO: Epoch[16] Iter[180/275] Loss: 3.117, Acc: 0.845, Base Lr: 6.42e-04
2026-06-05 03:50:06 transreid.train INFO: Epoch[16] Iter[200/275] Loss: 3.087, Acc: 0.849, Base Lr: 6.42e-04
2026-06-05 03:50:08 transreid.train INFO: Epoch[16] Iter[220/275] Loss: 3.046, Acc: 0.852, Base Lr: 6.42e-04
2026-06-05 03:50:11 transreid.train INFO: Epoch[16] Iter[240/275] Loss: 2.998, Acc: 0.858, Base Lr: 6.42e-04
2026-06-05 03:50:13 transreid.train INFO: Epoch[16] Iter[260/275] Loss: 2.958, Acc: 0.862, Base Lr: 6.42e-04
2026-06-05 03:50:14 transreid.train INFO: Epoch 16 done. Time per epoch: 29.051[s] Speed: 603.6[samples/s]
2026-06-05 03:50:16 transreid.train INFO: Epoch[17] Iter[20/275] Loss: 2.909, Acc: 0.784, Base Lr: 6.81e-04
2026-06-05 03:50:19 transreid.train INFO: Epoch[17] Iter[40/275] Loss: 2.894, Acc: 0.804, Base Lr: 6.81e-04
2026-06-05 03:50:21 transreid.train INFO: Epoch[17] Iter[60/275] Loss: 2.865, Acc: 0.825, Base Lr: 6.81e-04
2026-06-05 03:50:23 transreid.train INFO: Epoch[17] Iter[80/275] Loss: 2.851, Acc: 0.830, Base Lr: 6.81e-04
2026-06-05 03:50:25 transreid.train INFO: Epoch[17] Iter[100/275] Loss: 2.805, Acc: 0.837, Base Lr: 6.81e-04
2026-06-05 03:50:27 transreid.train INFO: Epoch[17] Iter[120/275] Loss: 2.793, Acc: 0.841, Base Lr: 6.81e-04
2026-06-05 03:50:29 transreid.train INFO: Epoch[17] Iter[140/275] Loss: 2.749, Acc: 0.848, Base Lr: 6.81e-04
2026-06-05 03:50:31 transreid.train INFO: Epoch[17] Iter[160/275] Loss: 2.695, Acc: 0.855, Base Lr: 6.81e-04
2026-06-05 03:50:33 transreid.train INFO: Epoch[17] Iter[180/275] Loss: 2.649, Acc: 0.860, Base Lr: 6.81e-04
2026-06-05 03:50:35 transreid.train INFO: Epoch[17] Iter[200/275] Loss: 2.617, Acc: 0.865, Base Lr: 6.81e-04
2026-06-05 03:50:37 transreid.train INFO: Epoch[17] Iter[220/275] Loss: 2.575, Acc: 0.871, Base Lr: 6.81e-04
2026-06-05 03:50:40 transreid.train INFO: Epoch[17] Iter[240/275] Loss: 2.548, Acc: 0.874, Base Lr: 6.81e-04
2026-06-05 03:50:42 transreid.train INFO: Epoch[17] Iter[260/275] Loss: 2.532, Acc: 0.878, Base Lr: 6.81e-04
2026-06-05 03:50:43 transreid.train INFO: Epoch 17 done. Time per epoch: 28.932[s] Speed: 603.9[samples/s]
2026-06-05 03:50:45 transreid.train INFO: Epoch[18] Iter[20/275] Loss: 3.194, Acc: 0.813, Base Lr: 7.21e-04
2026-06-05 03:50:47 transreid.train INFO: Epoch[18] Iter[40/275] Loss: 2.962, Acc: 0.815, Base Lr: 7.21e-04
2026-06-05 03:50:50 transreid.train INFO: Epoch[18] Iter[60/275] Loss: 2.966, Acc: 0.819, Base Lr: 7.21e-04
2026-06-05 03:50:52 transreid.train INFO: Epoch[18] Iter[80/275] Loss: 2.821, Acc: 0.836, Base Lr: 7.21e-04
2026-06-05 03:50:54 transreid.train INFO: Epoch[18] Iter[100/275] Loss: 2.691, Acc: 0.849, Base Lr: 7.21e-04
2026-06-05 03:50:56 transreid.train INFO: Epoch[18] Iter[120/275] Loss: 2.593, Acc: 0.857, Base Lr: 7.21e-04
2026-06-05 03:50:58 transreid.train INFO: Epoch[18] Iter[140/275] Loss: 2.551, Acc: 0.864, Base Lr: 7.21e-04
2026-06-05 03:51:00 transreid.train INFO: Epoch[18] Iter[160/275] Loss: 2.489, Acc: 0.870, Base Lr: 7.21e-04
2026-06-05 03:51:02 transreid.train INFO: Epoch[18] Iter[180/275] Loss: 2.437, Acc: 0.877, Base Lr: 7.21e-04
2026-06-05 03:51:04 transreid.train INFO: Epoch[18] Iter[200/275] Loss: 2.404, Acc: 0.880, Base Lr: 7.21e-04
2026-06-05 03:51:06 transreid.train INFO: Epoch[18] Iter[220/275] Loss: 2.364, Acc: 0.884, Base Lr: 7.21e-04
2026-06-05 03:51:08 transreid.train INFO: Epoch[18] Iter[240/275] Loss: 2.328, Acc: 0.888, Base Lr: 7.21e-04
2026-06-05 03:51:11 transreid.train INFO: Epoch[18] Iter[260/275] Loss: 2.293, Acc: 0.891, Base Lr: 7.21e-04
2026-06-05 03:51:12 transreid.train INFO: Epoch 18 done. Time per epoch: 28.940[s] Speed: 603.7[samples/s]
2026-06-05 03:51:14 transreid.train INFO: Epoch[19] Iter[20/275] Loss: 2.288, Acc: 0.838, Base Lr: 7.60e-04
2026-06-05 03:51:16 transreid.train INFO: Epoch[19] Iter[40/275] Loss: 2.262, Acc: 0.846, Base Lr: 7.60e-04
2026-06-05 03:51:19 transreid.train INFO: Epoch[19] Iter[60/275] Loss: 2.164, Acc: 0.858, Base Lr: 7.60e-04
2026-06-05 03:51:21 transreid.train INFO: Epoch[19] Iter[80/275] Loss: 2.149, Acc: 0.861, Base Lr: 7.60e-04
2026-06-05 03:51:23 transreid.train INFO: Epoch[19] Iter[100/275] Loss: 2.084, Acc: 0.872, Base Lr: 7.60e-04
2026-06-05 03:51:25 transreid.train INFO: Epoch[19] Iter[120/275] Loss: 2.057, Acc: 0.873, Base Lr: 7.60e-04
2026-06-05 03:51:27 transreid.train INFO: Epoch[19] Iter[140/275] Loss: 2.040, Acc: 0.877, Base Lr: 7.60e-04
2026-06-05 03:51:29 transreid.train INFO: Epoch[19] Iter[160/275] Loss: 2.002, Acc: 0.885, Base Lr: 7.60e-04
2026-06-05 03:51:31 transreid.train INFO: Epoch[19] Iter[180/275] Loss: 1.985, Acc: 0.888, Base Lr: 7.60e-04
2026-06-05 03:51:33 transreid.train INFO: Epoch[19] Iter[200/275] Loss: 1.979, Acc: 0.892, Base Lr: 7.60e-04
2026-06-05 03:51:35 transreid.train INFO: Epoch[19] Iter[220/275] Loss: 1.949, Acc: 0.896, Base Lr: 7.60e-04
2026-06-05 03:51:37 transreid.train INFO: Epoch[19] Iter[240/275] Loss: 1.938, Acc: 0.899, Base Lr: 7.60e-04
2026-06-05 03:51:40 transreid.train INFO: Epoch[19] Iter[260/275] Loss: 1.927, Acc: 0.903, Base Lr: 7.60e-04
2026-06-05 03:51:41 transreid.train INFO: Epoch 19 done. Time per epoch: 29.072[s] Speed: 603.2[samples/s]
2026-06-05 03:51:43 transreid.train INFO: Epoch[20] Iter[20/275] Loss: 2.132, Acc: 0.853, Base Lr: 7.47e-04
2026-06-05 03:51:45 transreid.train INFO: Epoch[20] Iter[40/275] Loss: 2.259, Acc: 0.849, Base Lr: 7.47e-04
2026-06-05 03:51:48 transreid.train INFO: Epoch[20] Iter[60/275] Loss: 2.178, Acc: 0.857, Base Lr: 7.47e-04
2026-06-05 03:51:50 transreid.train INFO: Epoch[20] Iter[80/275] Loss: 2.071, Acc: 0.872, Base Lr: 7.47e-04
2026-06-05 03:51:52 transreid.train INFO: Epoch[20] Iter[100/275] Loss: 2.048, Acc: 0.881, Base Lr: 7.47e-04
2026-06-05 03:51:54 transreid.train INFO: Epoch[20] Iter[120/275] Loss: 2.005, Acc: 0.886, Base Lr: 7.47e-04
2026-06-05 03:51:56 transreid.train INFO: Epoch[20] Iter[140/275] Loss: 1.958, Acc: 0.889, Base Lr: 7.47e-04
2026-06-05 03:51:58 transreid.train INFO: Epoch[20] Iter[160/275] Loss: 1.903, Acc: 0.896, Base Lr: 7.47e-04
2026-06-05 03:52:00 transreid.train INFO: Epoch[20] Iter[180/275] Loss: 1.863, Acc: 0.899, Base Lr: 7.47e-04
2026-06-05 03:52:02 transreid.train INFO: Epoch[20] Iter[200/275] Loss: 1.829, Acc: 0.902, Base Lr: 7.47e-04
2026-06-05 03:52:04 transreid.train INFO: Epoch[20] Iter[220/275] Loss: 1.802, Acc: 0.906, Base Lr: 7.47e-04
2026-06-05 03:52:07 transreid.train INFO: Epoch[20] Iter[240/275] Loss: 1.772, Acc: 0.910, Base Lr: 7.47e-04
2026-06-05 03:52:09 transreid.train INFO: Epoch[20] Iter[260/275] Loss: 1.750, Acc: 0.914, Base Lr: 7.47e-04
2026-06-05 03:52:10 transreid.train INFO: Epoch 20 done. Time per epoch: 29.038[s] Speed: 603.9[samples/s]
/home/afr/reid-clean/SOLIDER-REID/utils/metrics.py:12: UserWarning: This overload of addmm_ is deprecated:
	addmm_(Number beta, Number alpha, Tensor mat1, Tensor mat2)
Consider using one of the following signatures instead:
	addmm_(Tensor mat1, Tensor mat2, *, Number beta = 1, Number alpha = 1) (Triggered internally at /pytorch/torch/csrc/utils/python_arg_parser.cpp:1661.)
  dist_mat.addmm_(1, -2, qf, gf.t())
The test feature is normalized
=> Computing DistMat with euclidean_distance
2026-06-05 03:52:24 transreid.train INFO: Validation Results - Epoch: 20
2026-06-05 03:52:24 transreid.train INFO: mAP: 73.5%
2026-06-05 03:52:24 transreid.train INFO: CMC curve, Rank-1  :83.6%
2026-06-05 03:52:24 transreid.train INFO: CMC curve, Rank-5  :93.5%
2026-06-05 03:52:24 transreid.train INFO: CMC curve, Rank-10 :96.2%
2026-06-05 03:52:27 transreid.train INFO: Epoch[21] Iter[20/275] Loss: 1.922, Acc: 0.873, Base Lr: 7.41e-04
2026-06-05 03:52:29 transreid.train INFO: Epoch[21] Iter[40/275] Loss: 1.781, Acc: 0.878, Base Lr: 7.41e-04
2026-06-05 03:52:31 transreid.train INFO: Epoch[21] Iter[60/275] Loss: 1.761, Acc: 0.882, Base Lr: 7.41e-04
2026-06-05 03:52:33 transreid.train INFO: Epoch[21] Iter[80/275] Loss: 1.756, Acc: 0.884, Base Lr: 7.41e-04
2026-06-05 03:52:35 transreid.train INFO: Epoch[21] Iter[100/275] Loss: 1.757, Acc: 0.889, Base Lr: 7.41e-04
2026-06-05 03:52:37 transreid.train INFO: Epoch[21] Iter[120/275] Loss: 1.754, Acc: 0.896, Base Lr: 7.41e-04
2026-06-05 03:52:39 transreid.train INFO: Epoch[21] Iter[140/275] Loss: 1.742, Acc: 0.901, Base Lr: 7.41e-04
2026-06-05 03:52:41 transreid.train INFO: Epoch[21] Iter[160/275] Loss: 1.713, Acc: 0.910, Base Lr: 7.41e-04
2026-06-05 03:52:43 transreid.train INFO: Epoch[21] Iter[180/275] Loss: 1.666, Acc: 0.913, Base Lr: 7.41e-04
2026-06-05 03:52:45 transreid.train INFO: Epoch[21] Iter[200/275] Loss: 1.619, Acc: 0.918, Base Lr: 7.41e-04
2026-06-05 03:52:48 transreid.train INFO: Epoch[21] Iter[220/275] Loss: 1.594, Acc: 0.922, Base Lr: 7.41e-04
2026-06-05 03:52:50 transreid.train INFO: Epoch[21] Iter[240/275] Loss: 1.577, Acc: 0.925, Base Lr: 7.41e-04
2026-06-05 03:52:52 transreid.train INFO: Epoch[21] Iter[260/275] Loss: 1.562, Acc: 0.928, Base Lr: 7.41e-04
2026-06-05 03:52:53 transreid.train INFO: Epoch 21 done. Time per epoch: 29.045[s] Speed: 603.8[samples/s]
2026-06-05 03:52:56 transreid.train INFO: Epoch[22] Iter[20/275] Loss: 1.738, Acc: 0.875, Base Lr: 7.36e-04
2026-06-05 03:52:58 transreid.train INFO: Epoch[22] Iter[40/275] Loss: 1.682, Acc: 0.892, Base Lr: 7.36e-04
2026-06-05 03:53:00 transreid.train INFO: Epoch[22] Iter[60/275] Loss: 1.692, Acc: 0.891, Base Lr: 7.36e-04
2026-06-05 03:53:02 transreid.train INFO: Epoch[22] Iter[80/275] Loss: 1.690, Acc: 0.895, Base Lr: 7.36e-04
2026-06-05 03:53:04 transreid.train INFO: Epoch[22] Iter[100/275] Loss: 1.655, Acc: 0.905, Base Lr: 7.36e-04
2026-06-05 03:53:06 transreid.train INFO: Epoch[22] Iter[120/275] Loss: 1.621, Acc: 0.912, Base Lr: 7.36e-04
2026-06-05 03:53:08 transreid.train INFO: Epoch[22] Iter[140/275] Loss: 1.594, Acc: 0.916, Base Lr: 7.36e-04
2026-06-05 03:53:10 transreid.train INFO: Epoch[22] Iter[160/275] Loss: 1.568, Acc: 0.921, Base Lr: 7.36e-04
2026-06-05 03:53:12 transreid.train INFO: Epoch[22] Iter[180/275] Loss: 1.538, Acc: 0.924, Base Lr: 7.36e-04
2026-06-05 03:53:15 transreid.train INFO: Epoch[22] Iter[200/275] Loss: 1.511, Acc: 0.928, Base Lr: 7.36e-04
2026-06-05 03:53:17 transreid.train INFO: Epoch[22] Iter[220/275] Loss: 1.484, Acc: 0.931, Base Lr: 7.36e-04
2026-06-05 03:53:19 transreid.train INFO: Epoch[22] Iter[240/275] Loss: 1.453, Acc: 0.934, Base Lr: 7.36e-04
2026-06-05 03:53:21 transreid.train INFO: Epoch[22] Iter[260/275] Loss: 1.441, Acc: 0.936, Base Lr: 7.36e-04
2026-06-05 03:53:22 transreid.train INFO: Epoch 22 done. Time per epoch: 28.986[s] Speed: 602.8[samples/s]
2026-06-05 03:53:25 transreid.train INFO: Epoch[23] Iter[20/275] Loss: 1.558, Acc: 0.900, Base Lr: 7.30e-04
2026-06-05 03:53:27 transreid.train INFO: Epoch[23] Iter[40/275] Loss: 1.581, Acc: 0.900, Base Lr: 7.30e-04
2026-06-05 03:53:29 transreid.train INFO: Epoch[23] Iter[60/275] Loss: 1.608, Acc: 0.906, Base Lr: 7.30e-04
2026-06-05 03:53:31 transreid.train INFO: Epoch[23] Iter[80/275] Loss: 1.565, Acc: 0.911, Base Lr: 7.30e-04
2026-06-05 03:53:33 transreid.train INFO: Epoch[23] Iter[100/275] Loss: 1.486, Acc: 0.920, Base Lr: 7.30e-04
2026-06-05 03:53:35 transreid.train INFO: Epoch[23] Iter[120/275] Loss: 1.428, Acc: 0.924, Base Lr: 7.30e-04
2026-06-05 03:53:37 transreid.train INFO: Epoch[23] Iter[140/275] Loss: 1.376, Acc: 0.930, Base Lr: 7.30e-04
2026-06-05 03:53:39 transreid.train INFO: Epoch[23] Iter[160/275] Loss: 1.351, Acc: 0.932, Base Lr: 7.30e-04
2026-06-05 03:53:41 transreid.train INFO: Epoch[23] Iter[180/275] Loss: 1.348, Acc: 0.934, Base Lr: 7.30e-04
2026-06-05 03:53:44 transreid.train INFO: Epoch[23] Iter[200/275] Loss: 1.326, Acc: 0.936, Base Lr: 7.30e-04
2026-06-05 03:53:46 transreid.train INFO: Epoch[23] Iter[220/275] Loss: 1.319, Acc: 0.939, Base Lr: 7.30e-04
2026-06-05 03:53:48 transreid.train INFO: Epoch[23] Iter[240/275] Loss: 1.305, Acc: 0.942, Base Lr: 7.30e-04
2026-06-05 03:53:50 transreid.train INFO: Epoch[23] Iter[260/275] Loss: 1.298, Acc: 0.943, Base Lr: 7.30e-04
2026-06-05 03:53:51 transreid.train INFO: Epoch 23 done. Time per epoch: 28.992[s] Speed: 602.7[samples/s]
2026-06-05 03:53:54 transreid.train INFO: Epoch[24] Iter[20/275] Loss: 1.542, Acc: 0.868, Base Lr: 7.24e-04
2026-06-05 03:53:56 transreid.train INFO: Epoch[24] Iter[40/275] Loss: 1.434, Acc: 0.899, Base Lr: 7.24e-04
2026-06-05 03:53:58 transreid.train INFO: Epoch[24] Iter[60/275] Loss: 1.423, Acc: 0.902, Base Lr: 7.24e-04
2026-06-05 03:54:00 transreid.train INFO: Epoch[24] Iter[80/275] Loss: 1.354, Acc: 0.918, Base Lr: 7.24e-04
2026-06-05 03:54:02 transreid.train INFO: Epoch[24] Iter[100/275] Loss: 1.307, Acc: 0.927, Base Lr: 7.24e-04
2026-06-05 03:54:04 transreid.train INFO: Epoch[24] Iter[120/275] Loss: 1.273, Acc: 0.932, Base Lr: 7.24e-04
2026-06-05 03:54:06 transreid.train INFO: Epoch[24] Iter[140/275] Loss: 1.253, Acc: 0.934, Base Lr: 7.24e-04
2026-06-05 03:54:08 transreid.train INFO: Epoch[24] Iter[160/275] Loss: 1.224, Acc: 0.938, Base Lr: 7.24e-04
2026-06-05 03:54:10 transreid.train INFO: Epoch[24] Iter[180/275] Loss: 1.215, Acc: 0.940, Base Lr: 7.24e-04
2026-06-05 03:54:12 transreid.train INFO: Epoch[24] Iter[200/275] Loss: 1.185, Acc: 0.945, Base Lr: 7.24e-04
2026-06-05 03:54:15 transreid.train INFO: Epoch[24] Iter[220/275] Loss: 1.166, Acc: 0.947, Base Lr: 7.24e-04
2026-06-05 03:54:17 transreid.train INFO: Epoch[24] Iter[240/275] Loss: 1.150, Acc: 0.950, Base Lr: 7.24e-04
2026-06-05 03:54:19 transreid.train INFO: Epoch[24] Iter[260/275] Loss: 1.134, Acc: 0.952, Base Lr: 7.24e-04
2026-06-05 03:54:20 transreid.train INFO: Epoch 24 done. Time per epoch: 28.950[s] Speed: 603.5[samples/s]
2026-06-05 03:54:23 transreid.train INFO: Epoch[25] Iter[20/275] Loss: 1.193, Acc: 0.930, Base Lr: 7.18e-04
2026-06-05 03:54:25 transreid.train INFO: Epoch[25] Iter[40/275] Loss: 1.263, Acc: 0.928, Base Lr: 7.18e-04
2026-06-05 03:54:27 transreid.train INFO: Epoch[25] Iter[60/275] Loss: 1.236, Acc: 0.934, Base Lr: 7.18e-04
2026-06-05 03:54:29 transreid.train INFO: Epoch[25] Iter[80/275] Loss: 1.184, Acc: 0.940, Base Lr: 7.18e-04
2026-06-05 03:54:31 transreid.train INFO: Epoch[25] Iter[100/275] Loss: 1.208, Acc: 0.941, Base Lr: 7.18e-04
2026-06-05 03:54:33 transreid.train INFO: Epoch[25] Iter[120/275] Loss: 1.182, Acc: 0.944, Base Lr: 7.18e-04
2026-06-05 03:54:35 transreid.train INFO: Epoch[25] Iter[140/275] Loss: 1.169, Acc: 0.947, Base Lr: 7.18e-04
2026-06-05 03:54:37 transreid.train INFO: Epoch[25] Iter[160/275] Loss: 1.159, Acc: 0.950, Base Lr: 7.18e-04
2026-06-05 03:54:39 transreid.train INFO: Epoch[25] Iter[180/275] Loss: 1.143, Acc: 0.952, Base Lr: 7.18e-04
2026-06-05 03:54:41 transreid.train INFO: Epoch[25] Iter[200/275] Loss: 1.140, Acc: 0.954, Base Lr: 7.18e-04
2026-06-05 03:54:44 transreid.train INFO: Epoch[25] Iter[220/275] Loss: 1.151, Acc: 0.954, Base Lr: 7.18e-04
2026-06-05 03:54:46 transreid.train INFO: Epoch[25] Iter[240/275] Loss: 1.132, Acc: 0.956, Base Lr: 7.18e-04
2026-06-05 03:54:48 transreid.train INFO: Epoch[25] Iter[260/275] Loss: 1.134, Acc: 0.957, Base Lr: 7.18e-04
2026-06-05 03:54:49 transreid.train INFO: Epoch 25 done. Time per epoch: 29.066[s] Speed: 603.3[samples/s]
2026-06-05 03:54:52 transreid.train INFO: Epoch[26] Iter[20/275] Loss: 1.318, Acc: 0.911, Base Lr: 7.11e-04
2026-06-05 03:54:54 transreid.train INFO: Epoch[26] Iter[40/275] Loss: 1.262, Acc: 0.914, Base Lr: 7.11e-04
2026-06-05 03:54:56 transreid.train INFO: Epoch[26] Iter[60/275] Loss: 1.206, Acc: 0.923, Base Lr: 7.11e-04
2026-06-05 03:54:58 transreid.train INFO: Epoch[26] Iter[80/275] Loss: 1.127, Acc: 0.935, Base Lr: 7.11e-04
2026-06-05 03:55:00 transreid.train INFO: Epoch[26] Iter[100/275] Loss: 1.108, Acc: 0.940, Base Lr: 7.11e-04
2026-06-05 03:55:02 transreid.train INFO: Epoch[26] Iter[120/275] Loss: 1.098, Acc: 0.944, Base Lr: 7.11e-04
2026-06-05 03:55:04 transreid.train INFO: Epoch[26] Iter[140/275] Loss: 1.077, Acc: 0.948, Base Lr: 7.11e-04
2026-06-05 03:55:06 transreid.train INFO: Epoch[26] Iter[160/275] Loss: 1.056, Acc: 0.951, Base Lr: 7.11e-04
2026-06-05 03:55:08 transreid.train INFO: Epoch[26] Iter[180/275] Loss: 1.024, Acc: 0.955, Base Lr: 7.11e-04
2026-06-05 03:55:11 transreid.train INFO: Epoch[26] Iter[200/275] Loss: 1.023, Acc: 0.955, Base Lr: 7.11e-04
2026-06-05 03:55:13 transreid.train INFO: Epoch[26] Iter[220/275] Loss: 1.048, Acc: 0.956, Base Lr: 7.11e-04
2026-06-05 03:55:15 transreid.train INFO: Epoch[26] Iter[240/275] Loss: 1.072, Acc: 0.957, Base Lr: 7.11e-04
2026-06-05 03:55:17 transreid.train INFO: Epoch[26] Iter[260/275] Loss: 1.080, Acc: 0.958, Base Lr: 7.11e-04
2026-06-05 03:55:18 transreid.train INFO: Epoch 26 done. Time per epoch: 28.969[s] Speed: 603.1[samples/s]
2026-06-05 03:55:21 transreid.train INFO: Epoch[27] Iter[20/275] Loss: 1.255, Acc: 0.938, Base Lr: 7.04e-04
2026-06-05 03:55:23 transreid.train INFO: Epoch[27] Iter[40/275] Loss: 1.234, Acc: 0.934, Base Lr: 7.04e-04
2026-06-05 03:55:25 transreid.train INFO: Epoch[27] Iter[60/275] Loss: 1.353, Acc: 0.935, Base Lr: 7.04e-04
2026-06-05 03:55:27 transreid.train INFO: Epoch[27] Iter[80/275] Loss: 1.363, Acc: 0.935, Base Lr: 7.04e-04
2026-06-05 03:55:29 transreid.train INFO: Epoch[27] Iter[100/275] Loss: 1.335, Acc: 0.939, Base Lr: 7.04e-04
2026-06-05 03:55:31 transreid.train INFO: Epoch[27] Iter[120/275] Loss: 1.275, Acc: 0.943, Base Lr: 7.04e-04
2026-06-05 03:55:33 transreid.train INFO: Epoch[27] Iter[140/275] Loss: 1.229, Acc: 0.948, Base Lr: 7.04e-04
2026-06-05 03:55:35 transreid.train INFO: Epoch[27] Iter[160/275] Loss: 1.217, Acc: 0.951, Base Lr: 7.04e-04
2026-06-05 03:55:37 transreid.train INFO: Epoch[27] Iter[180/275] Loss: 1.201, Acc: 0.953, Base Lr: 7.04e-04
2026-06-05 03:55:39 transreid.train INFO: Epoch[27] Iter[200/275] Loss: 1.169, Acc: 0.957, Base Lr: 7.04e-04
2026-06-05 03:55:42 transreid.train INFO: Epoch[27] Iter[220/275] Loss: 1.137, Acc: 0.958, Base Lr: 7.04e-04
2026-06-05 03:55:44 transreid.train INFO: Epoch[27] Iter[240/275] Loss: 1.113, Acc: 0.960, Base Lr: 7.04e-04
2026-06-05 03:55:46 transreid.train INFO: Epoch[27] Iter[260/275] Loss: 1.088, Acc: 0.961, Base Lr: 7.04e-04
2026-06-05 03:55:47 transreid.train INFO: Epoch 27 done. Time per epoch: 28.980[s] Speed: 602.9[samples/s]
2026-06-05 03:55:50 transreid.train INFO: Epoch[28] Iter[20/275] Loss: 1.212, Acc: 0.923, Base Lr: 6.97e-04
2026-06-05 03:55:52 transreid.train INFO: Epoch[28] Iter[40/275] Loss: 1.038, Acc: 0.941, Base Lr: 6.97e-04
2026-06-05 03:55:54 transreid.train INFO: Epoch[28] Iter[60/275] Loss: 1.029, Acc: 0.942, Base Lr: 6.97e-04
2026-06-05 03:55:56 transreid.train INFO: Epoch[28] Iter[80/275] Loss: 1.029, Acc: 0.948, Base Lr: 6.97e-04
2026-06-05 03:55:58 transreid.train INFO: Epoch[28] Iter[100/275] Loss: 1.003, Acc: 0.953, Base Lr: 6.97e-04
2026-06-05 03:56:00 transreid.train INFO: Epoch[28] Iter[120/275] Loss: 0.975, Acc: 0.954, Base Lr: 6.97e-04
2026-06-05 03:56:02 transreid.train INFO: Epoch[28] Iter[140/275] Loss: 0.950, Acc: 0.958, Base Lr: 6.97e-04
2026-06-05 03:56:04 transreid.train INFO: Epoch[28] Iter[160/275] Loss: 0.933, Acc: 0.960, Base Lr: 6.97e-04
2026-06-05 03:56:06 transreid.train INFO: Epoch[28] Iter[180/275] Loss: 0.908, Acc: 0.962, Base Lr: 6.97e-04
2026-06-05 03:56:08 transreid.train INFO: Epoch[28] Iter[200/275] Loss: 0.899, Acc: 0.965, Base Lr: 6.97e-04
2026-06-05 03:56:11 transreid.train INFO: Epoch[28] Iter[220/275] Loss: 0.909, Acc: 0.966, Base Lr: 6.97e-04
2026-06-05 03:56:13 transreid.train INFO: Epoch[28] Iter[240/275] Loss: 0.915, Acc: 0.966, Base Lr: 6.97e-04
2026-06-05 03:56:15 transreid.train INFO: Epoch[28] Iter[260/275] Loss: 0.911, Acc: 0.967, Base Lr: 6.97e-04
2026-06-05 03:56:16 transreid.train INFO: Epoch 28 done. Time per epoch: 28.970[s] Speed: 603.1[samples/s]
2026-06-05 03:56:19 transreid.train INFO: Epoch[29] Iter[20/275] Loss: 1.365, Acc: 0.935, Base Lr: 6.90e-04
2026-06-05 03:56:21 transreid.train INFO: Epoch[29] Iter[40/275] Loss: 1.337, Acc: 0.938, Base Lr: 6.90e-04
2026-06-05 03:56:23 transreid.train INFO: Epoch[29] Iter[60/275] Loss: 1.201, Acc: 0.944, Base Lr: 6.90e-04
2026-06-05 03:56:25 transreid.train INFO: Epoch[29] Iter[80/275] Loss: 1.125, Acc: 0.947, Base Lr: 6.90e-04
2026-06-05 03:56:27 transreid.train INFO: Epoch[29] Iter[100/275] Loss: 1.079, Acc: 0.952, Base Lr: 6.90e-04
2026-06-05 03:56:29 transreid.train INFO: Epoch[29] Iter[120/275] Loss: 1.044, Acc: 0.957, Base Lr: 6.90e-04
2026-06-05 03:56:31 transreid.train INFO: Epoch[29] Iter[140/275] Loss: 1.033, Acc: 0.959, Base Lr: 6.90e-04
2026-06-05 03:56:33 transreid.train INFO: Epoch[29] Iter[160/275] Loss: 1.003, Acc: 0.960, Base Lr: 6.90e-04
2026-06-05 03:56:35 transreid.train INFO: Epoch[29] Iter[180/275] Loss: 0.978, Acc: 0.962, Base Lr: 6.90e-04
2026-06-05 03:56:37 transreid.train INFO: Epoch[29] Iter[200/275] Loss: 0.965, Acc: 0.963, Base Lr: 6.90e-04
2026-06-05 03:56:40 transreid.train INFO: Epoch[29] Iter[220/275] Loss: 0.943, Acc: 0.965, Base Lr: 6.90e-04
2026-06-05 03:56:42 transreid.train INFO: Epoch[29] Iter[240/275] Loss: 0.925, Acc: 0.967, Base Lr: 6.90e-04
2026-06-05 03:56:44 transreid.train INFO: Epoch[29] Iter[260/275] Loss: 0.898, Acc: 0.968, Base Lr: 6.90e-04
2026-06-05 03:56:45 transreid.train INFO: Epoch 29 done. Time per epoch: 28.965[s] Speed: 603.2[samples/s]
2026-06-05 03:56:47 transreid.train INFO: Epoch[30] Iter[20/275] Loss: 0.978, Acc: 0.950, Base Lr: 6.83e-04
2026-06-05 03:56:50 transreid.train INFO: Epoch[30] Iter[40/275] Loss: 0.987, Acc: 0.948, Base Lr: 6.83e-04
2026-06-05 03:56:52 transreid.train INFO: Epoch[30] Iter[60/275] Loss: 0.932, Acc: 0.956, Base Lr: 6.83e-04
2026-06-05 03:56:54 transreid.train INFO: Epoch[30] Iter[80/275] Loss: 0.896, Acc: 0.958, Base Lr: 6.83e-04
2026-06-05 03:56:56 transreid.train INFO: Epoch[30] Iter[100/275] Loss: 0.904, Acc: 0.960, Base Lr: 6.83e-04
2026-06-05 03:56:58 transreid.train INFO: Epoch[30] Iter[120/275] Loss: 0.881, Acc: 0.961, Base Lr: 6.83e-04
2026-06-05 03:57:00 transreid.train INFO: Epoch[30] Iter[140/275] Loss: 0.876, Acc: 0.962, Base Lr: 6.83e-04
2026-06-05 03:57:02 transreid.train INFO: Epoch[30] Iter[160/275] Loss: 0.871, Acc: 0.964, Base Lr: 6.83e-04
2026-06-05 03:57:04 transreid.train INFO: Epoch[30] Iter[180/275] Loss: 0.865, Acc: 0.965, Base Lr: 6.83e-04
2026-06-05 03:57:06 transreid.train INFO: Epoch[30] Iter[200/275] Loss: 0.859, Acc: 0.967, Base Lr: 6.83e-04
2026-06-05 03:57:08 transreid.train INFO: Epoch[30] Iter[220/275] Loss: 0.862, Acc: 0.968, Base Lr: 6.83e-04
2026-06-05 03:57:11 transreid.train INFO: Epoch[30] Iter[240/275] Loss: 0.863, Acc: 0.970, Base Lr: 6.83e-04
2026-06-05 03:57:13 transreid.train INFO: Epoch[30] Iter[260/275] Loss: 0.860, Acc: 0.970, Base Lr: 6.83e-04
2026-06-05 03:57:14 transreid.train INFO: Epoch 30 done. Time per epoch: 29.060[s] Speed: 603.4[samples/s]
2026-06-05 03:57:17 transreid.train INFO: Epoch[31] Iter[20/275] Loss: 1.179, Acc: 0.918, Base Lr: 6.76e-04
2026-06-05 03:57:19 transreid.train INFO: Epoch[31] Iter[40/275] Loss: 1.065, Acc: 0.936, Base Lr: 6.76e-04
2026-06-05 03:57:21 transreid.train INFO: Epoch[31] Iter[60/275] Loss: 1.013, Acc: 0.942, Base Lr: 6.76e-04
2026-06-05 03:57:23 transreid.train INFO: Epoch[31] Iter[80/275] Loss: 1.079, Acc: 0.949, Base Lr: 6.76e-04
2026-06-05 03:57:25 transreid.train INFO: Epoch[31] Iter[100/275] Loss: 1.070, Acc: 0.951, Base Lr: 6.76e-04
2026-06-05 03:57:27 transreid.train INFO: Epoch[31] Iter[120/275] Loss: 1.061, Acc: 0.953, Base Lr: 6.76e-04
2026-06-05 03:57:29 transreid.train INFO: Epoch[31] Iter[140/275] Loss: 1.025, Acc: 0.957, Base Lr: 6.76e-04
2026-06-05 03:57:31 transreid.train INFO: Epoch[31] Iter[160/275] Loss: 0.996, Acc: 0.961, Base Lr: 6.76e-04
2026-06-05 03:57:33 transreid.train INFO: Epoch[31] Iter[180/275] Loss: 0.981, Acc: 0.963, Base Lr: 6.76e-04
2026-06-05 03:57:35 transreid.train INFO: Epoch[31] Iter[200/275] Loss: 0.949, Acc: 0.965, Base Lr: 6.76e-04
2026-06-05 03:57:38 transreid.train INFO: Epoch[31] Iter[220/275] Loss: 0.945, Acc: 0.966, Base Lr: 6.76e-04
2026-06-05 03:57:40 transreid.train INFO: Epoch[31] Iter[240/275] Loss: 0.926, Acc: 0.968, Base Lr: 6.76e-04
2026-06-05 03:57:42 transreid.train INFO: Epoch[31] Iter[260/275] Loss: 0.906, Acc: 0.969, Base Lr: 6.76e-04
2026-06-05 03:57:43 transreid.train INFO: Epoch 31 done. Time per epoch: 29.074[s] Speed: 603.2[samples/s]
2026-06-05 03:57:46 transreid.train INFO: Epoch[32] Iter[20/275] Loss: 1.056, Acc: 0.930, Base Lr: 6.68e-04
2026-06-05 03:57:48 transreid.train INFO: Epoch[32] Iter[40/275] Loss: 1.001, Acc: 0.937, Base Lr: 6.68e-04
2026-06-05 03:57:50 transreid.train INFO: Epoch[32] Iter[60/275] Loss: 0.944, Acc: 0.945, Base Lr: 6.68e-04
2026-06-05 03:57:52 transreid.train INFO: Epoch[32] Iter[80/275] Loss: 0.907, Acc: 0.952, Base Lr: 6.68e-04
2026-06-05 03:57:54 transreid.train INFO: Epoch[32] Iter[100/275] Loss: 0.860, Acc: 0.957, Base Lr: 6.68e-04
2026-06-05 03:57:56 transreid.train INFO: Epoch[32] Iter[120/275] Loss: 0.831, Acc: 0.962, Base Lr: 6.68e-04
2026-06-05 03:57:58 transreid.train INFO: Epoch[32] Iter[140/275] Loss: 0.815, Acc: 0.965, Base Lr: 6.68e-04
2026-06-05 03:58:00 transreid.train INFO: Epoch[32] Iter[160/275] Loss: 0.804, Acc: 0.967, Base Lr: 6.68e-04
2026-06-05 03:58:02 transreid.train INFO: Epoch[32] Iter[180/275] Loss: 0.804, Acc: 0.968, Base Lr: 6.68e-04
2026-06-05 03:58:05 transreid.train INFO: Epoch[32] Iter[200/275] Loss: 0.789, Acc: 0.970, Base Lr: 6.68e-04
2026-06-05 03:58:07 transreid.train INFO: Epoch[32] Iter[220/275] Loss: 0.776, Acc: 0.971, Base Lr: 6.68e-04
2026-06-05 03:58:09 transreid.train INFO: Epoch[32] Iter[240/275] Loss: 0.769, Acc: 0.972, Base Lr: 6.68e-04
2026-06-05 03:58:11 transreid.train INFO: Epoch[32] Iter[260/275] Loss: 0.765, Acc: 0.973, Base Lr: 6.68e-04
2026-06-05 03:58:12 transreid.train INFO: Epoch 32 done. Time per epoch: 29.099[s] Speed: 602.6[samples/s]
2026-06-05 03:58:15 transreid.train INFO: Epoch[33] Iter[20/275] Loss: 0.918, Acc: 0.952, Base Lr: 6.60e-04
2026-06-05 03:58:17 transreid.train INFO: Epoch[33] Iter[40/275] Loss: 0.861, Acc: 0.952, Base Lr: 6.60e-04
2026-06-05 03:58:19 transreid.train INFO: Epoch[33] Iter[60/275] Loss: 0.804, Acc: 0.958, Base Lr: 6.60e-04
2026-06-05 03:58:21 transreid.train INFO: Epoch[33] Iter[80/275] Loss: 0.751, Acc: 0.964, Base Lr: 6.60e-04
2026-06-05 03:58:23 transreid.train INFO: Epoch[33] Iter[100/275] Loss: 0.750, Acc: 0.966, Base Lr: 6.60e-04
2026-06-05 03:58:25 transreid.train INFO: Epoch[33] Iter[120/275] Loss: 0.745, Acc: 0.967, Base Lr: 6.60e-04
2026-06-05 03:58:27 transreid.train INFO: Epoch[33] Iter[140/275] Loss: 0.724, Acc: 0.971, Base Lr: 6.60e-04
2026-06-05 03:58:29 transreid.train INFO: Epoch[33] Iter[160/275] Loss: 0.715, Acc: 0.973, Base Lr: 6.60e-04
2026-06-05 03:58:32 transreid.train INFO: Epoch[33] Iter[180/275] Loss: 0.709, Acc: 0.974, Base Lr: 6.60e-04
2026-06-05 03:58:34 transreid.train INFO: Epoch[33] Iter[200/275] Loss: 0.705, Acc: 0.976, Base Lr: 6.60e-04
2026-06-05 03:58:36 transreid.train INFO: Epoch[33] Iter[220/275] Loss: 0.699, Acc: 0.976, Base Lr: 6.60e-04
2026-06-05 03:58:38 transreid.train INFO: Epoch[33] Iter[240/275] Loss: 0.698, Acc: 0.977, Base Lr: 6.60e-04
2026-06-05 03:58:40 transreid.train INFO: Epoch[33] Iter[260/275] Loss: 0.696, Acc: 0.978, Base Lr: 6.60e-04
2026-06-05 03:58:41 transreid.train INFO: Epoch 33 done. Time per epoch: 28.954[s] Speed: 603.5[samples/s]
2026-06-05 03:58:44 transreid.train INFO: Epoch[34] Iter[20/275] Loss: 0.903, Acc: 0.960, Base Lr: 6.52e-04
2026-06-05 03:58:46 transreid.train INFO: Epoch[34] Iter[40/275] Loss: 0.884, Acc: 0.961, Base Lr: 6.52e-04
2026-06-05 03:58:48 transreid.train INFO: Epoch[34] Iter[60/275] Loss: 0.843, Acc: 0.961, Base Lr: 6.52e-04
2026-06-05 03:58:50 transreid.train INFO: Epoch[34] Iter[80/275] Loss: 0.853, Acc: 0.964, Base Lr: 6.52e-04
2026-06-05 03:58:52 transreid.train INFO: Epoch[34] Iter[100/275] Loss: 0.838, Acc: 0.967, Base Lr: 6.52e-04
2026-06-05 03:58:54 transreid.train INFO: Epoch[34] Iter[120/275] Loss: 0.829, Acc: 0.967, Base Lr: 6.52e-04
2026-06-05 03:58:56 transreid.train INFO: Epoch[34] Iter[140/275] Loss: 0.808, Acc: 0.968, Base Lr: 6.52e-04
2026-06-05 03:58:58 transreid.train INFO: Epoch[34] Iter[160/275] Loss: 0.791, Acc: 0.970, Base Lr: 6.52e-04
2026-06-05 03:59:01 transreid.train INFO: Epoch[34] Iter[180/275] Loss: 0.773, Acc: 0.972, Base Lr: 6.52e-04
2026-06-05 03:59:03 transreid.train INFO: Epoch[34] Iter[200/275] Loss: 0.752, Acc: 0.973, Base Lr: 6.52e-04
2026-06-05 03:59:05 transreid.train INFO: Epoch[34] Iter[220/275] Loss: 0.746, Acc: 0.974, Base Lr: 6.52e-04
2026-06-05 03:59:07 transreid.train INFO: Epoch[34] Iter[240/275] Loss: 0.744, Acc: 0.975, Base Lr: 6.52e-04
2026-06-05 03:59:09 transreid.train INFO: Epoch[34] Iter[260/275] Loss: 0.732, Acc: 0.976, Base Lr: 6.52e-04
2026-06-05 03:59:10 transreid.train INFO: Epoch 34 done. Time per epoch: 29.087[s] Speed: 602.9[samples/s]
2026-06-05 03:59:13 transreid.train INFO: Epoch[35] Iter[20/275] Loss: 0.847, Acc: 0.945, Base Lr: 6.44e-04
2026-06-05 03:59:15 transreid.train INFO: Epoch[35] Iter[40/275] Loss: 0.867, Acc: 0.955, Base Lr: 6.44e-04
2026-06-05 03:59:17 transreid.train INFO: Epoch[35] Iter[60/275] Loss: 0.820, Acc: 0.960, Base Lr: 6.44e-04
2026-06-05 03:59:19 transreid.train INFO: Epoch[35] Iter[80/275] Loss: 0.762, Acc: 0.964, Base Lr: 6.44e-04
2026-06-05 03:59:21 transreid.train INFO: Epoch[35] Iter[100/275] Loss: 0.737, Acc: 0.966, Base Lr: 6.44e-04
2026-06-05 03:59:23 transreid.train INFO: Epoch[35] Iter[120/275] Loss: 0.705, Acc: 0.967, Base Lr: 6.44e-04
2026-06-05 03:59:25 transreid.train INFO: Epoch[35] Iter[140/275] Loss: 0.684, Acc: 0.970, Base Lr: 6.44e-04
2026-06-05 03:59:27 transreid.train INFO: Epoch[35] Iter[160/275] Loss: 0.688, Acc: 0.972, Base Lr: 6.44e-04
2026-06-05 03:59:30 transreid.train INFO: Epoch[35] Iter[180/275] Loss: 0.684, Acc: 0.974, Base Lr: 6.44e-04
2026-06-05 03:59:32 transreid.train INFO: Epoch[35] Iter[200/275] Loss: 0.673, Acc: 0.976, Base Lr: 6.44e-04
2026-06-05 03:59:34 transreid.train INFO: Epoch[35] Iter[220/275] Loss: 0.672, Acc: 0.977, Base Lr: 6.44e-04
2026-06-05 03:59:36 transreid.train INFO: Epoch[35] Iter[240/275] Loss: 0.670, Acc: 0.978, Base Lr: 6.44e-04
2026-06-05 03:59:38 transreid.train INFO: Epoch[35] Iter[260/275] Loss: 0.662, Acc: 0.979, Base Lr: 6.44e-04
2026-06-05 03:59:39 transreid.train INFO: Epoch 35 done. Time per epoch: 29.071[s] Speed: 603.2[samples/s]
2026-06-05 03:59:42 transreid.train INFO: Epoch[36] Iter[20/275] Loss: 0.719, Acc: 0.957, Base Lr: 6.35e-04
2026-06-05 03:59:44 transreid.train INFO: Epoch[36] Iter[40/275] Loss: 0.774, Acc: 0.963, Base Lr: 6.35e-04
2026-06-05 03:59:46 transreid.train INFO: Epoch[36] Iter[60/275] Loss: 0.781, Acc: 0.964, Base Lr: 6.35e-04
2026-06-05 03:59:48 transreid.train INFO: Epoch[36] Iter[80/275] Loss: 0.752, Acc: 0.969, Base Lr: 6.35e-04
2026-06-05 03:59:50 transreid.train INFO: Epoch[36] Iter[100/275] Loss: 0.749, Acc: 0.970, Base Lr: 6.35e-04
2026-06-05 03:59:52 transreid.train INFO: Epoch[36] Iter[120/275] Loss: 0.742, Acc: 0.971, Base Lr: 6.35e-04
2026-06-05 03:59:54 transreid.train INFO: Epoch[36] Iter[140/275] Loss: 0.734, Acc: 0.971, Base Lr: 6.35e-04
2026-06-05 03:59:57 transreid.train INFO: Epoch[36] Iter[160/275] Loss: 0.735, Acc: 0.972, Base Lr: 6.35e-04
2026-06-05 03:59:59 transreid.train INFO: Epoch[36] Iter[180/275] Loss: 0.740, Acc: 0.973, Base Lr: 6.35e-04
2026-06-05 04:00:01 transreid.train INFO: Epoch[36] Iter[200/275] Loss: 0.728, Acc: 0.975, Base Lr: 6.35e-04
2026-06-05 04:00:03 transreid.train INFO: Epoch[36] Iter[220/275] Loss: 0.719, Acc: 0.976, Base Lr: 6.35e-04
2026-06-05 04:00:05 transreid.train INFO: Epoch[36] Iter[240/275] Loss: 0.707, Acc: 0.977, Base Lr: 6.35e-04
2026-06-05 04:00:07 transreid.train INFO: Epoch[36] Iter[260/275] Loss: 0.698, Acc: 0.978, Base Lr: 6.35e-04
2026-06-05 04:00:08 transreid.train INFO: Epoch 36 done. Time per epoch: 28.958[s] Speed: 603.4[samples/s]
2026-06-05 04:00:11 transreid.train INFO: Epoch[37] Iter[20/275] Loss: 0.774, Acc: 0.952, Base Lr: 6.27e-04
2026-06-05 04:00:13 transreid.train INFO: Epoch[37] Iter[40/275] Loss: 0.729, Acc: 0.961, Base Lr: 6.27e-04
2026-06-05 04:00:15 transreid.train INFO: Epoch[37] Iter[60/275] Loss: 0.704, Acc: 0.967, Base Lr: 6.27e-04
2026-06-05 04:00:17 transreid.train INFO: Epoch[37] Iter[80/275] Loss: 0.676, Acc: 0.972, Base Lr: 6.27e-04
2026-06-05 04:00:19 transreid.train INFO: Epoch[37] Iter[100/275] Loss: 0.673, Acc: 0.974, Base Lr: 6.27e-04
2026-06-05 04:00:21 transreid.train INFO: Epoch[37] Iter[120/275] Loss: 0.655, Acc: 0.977, Base Lr: 6.27e-04
2026-06-05 04:00:23 transreid.train INFO: Epoch[37] Iter[140/275] Loss: 0.647, Acc: 0.978, Base Lr: 6.27e-04
2026-06-05 04:00:26 transreid.train INFO: Epoch[37] Iter[160/275] Loss: 0.623, Acc: 0.980, Base Lr: 6.27e-04
2026-06-05 04:00:28 transreid.train INFO: Epoch[37] Iter[180/275] Loss: 0.612, Acc: 0.980, Base Lr: 6.27e-04
2026-06-05 04:00:30 transreid.train INFO: Epoch[37] Iter[200/275] Loss: 0.610, Acc: 0.980, Base Lr: 6.27e-04
2026-06-05 04:00:32 transreid.train INFO: Epoch[37] Iter[220/275] Loss: 0.601, Acc: 0.981, Base Lr: 6.27e-04
2026-06-05 04:00:34 transreid.train INFO: Epoch[37] Iter[240/275] Loss: 0.600, Acc: 0.982, Base Lr: 6.27e-04
2026-06-05 04:00:36 transreid.train INFO: Epoch[37] Iter[260/275] Loss: 0.588, Acc: 0.982, Base Lr: 6.27e-04
2026-06-05 04:00:37 transreid.train INFO: Epoch 37 done. Time per epoch: 29.030[s] Speed: 601.9[samples/s]
2026-06-05 04:00:40 transreid.train INFO: Epoch[38] Iter[20/275] Loss: 0.721, Acc: 0.959, Base Lr: 6.18e-04
2026-06-05 04:00:42 transreid.train INFO: Epoch[38] Iter[40/275] Loss: 0.665, Acc: 0.967, Base Lr: 6.18e-04
2026-06-05 04:00:44 transreid.train INFO: Epoch[38] Iter[60/275] Loss: 0.667, Acc: 0.968, Base Lr: 6.18e-04
2026-06-05 04:00:46 transreid.train INFO: Epoch[38] Iter[80/275] Loss: 0.657, Acc: 0.971, Base Lr: 6.18e-04
2026-06-05 04:00:48 transreid.train INFO: Epoch[38] Iter[100/275] Loss: 0.643, Acc: 0.974, Base Lr: 6.18e-04
2026-06-05 04:00:50 transreid.train INFO: Epoch[38] Iter[120/275] Loss: 0.629, Acc: 0.976, Base Lr: 6.18e-04
2026-06-05 04:00:52 transreid.train INFO: Epoch[38] Iter[140/275] Loss: 0.608, Acc: 0.977, Base Lr: 6.18e-04
2026-06-05 04:00:55 transreid.train INFO: Epoch[38] Iter[160/275] Loss: 0.598, Acc: 0.979, Base Lr: 6.18e-04
2026-06-05 04:00:57 transreid.train INFO: Epoch[38] Iter[180/275] Loss: 0.596, Acc: 0.980, Base Lr: 6.18e-04
2026-06-05 04:00:59 transreid.train INFO: Epoch[38] Iter[200/275] Loss: 0.612, Acc: 0.980, Base Lr: 6.18e-04
2026-06-05 04:01:01 transreid.train INFO: Epoch[38] Iter[220/275] Loss: 0.628, Acc: 0.980, Base Lr: 6.18e-04
2026-06-05 04:01:03 transreid.train INFO: Epoch[38] Iter[240/275] Loss: 0.643, Acc: 0.981, Base Lr: 6.18e-04
2026-06-05 04:01:05 transreid.train INFO: Epoch[38] Iter[260/275] Loss: 0.639, Acc: 0.981, Base Lr: 6.18e-04
2026-06-05 04:01:06 transreid.train INFO: Epoch 38 done. Time per epoch: 28.999[s] Speed: 602.5[samples/s]
2026-06-05 04:01:09 transreid.train INFO: Epoch[39] Iter[20/275] Loss: 0.725, Acc: 0.970, Base Lr: 6.09e-04
2026-06-05 04:01:11 transreid.train INFO: Epoch[39] Iter[40/275] Loss: 0.793, Acc: 0.966, Base Lr: 6.09e-04
2026-06-05 04:01:13 transreid.train INFO: Epoch[39] Iter[60/275] Loss: 0.822, Acc: 0.969, Base Lr: 6.09e-04
2026-06-05 04:01:15 transreid.train INFO: Epoch[39] Iter[80/275] Loss: 0.816, Acc: 0.972, Base Lr: 6.09e-04
2026-06-05 04:01:17 transreid.train INFO: Epoch[39] Iter[100/275] Loss: 0.785, Acc: 0.975, Base Lr: 6.09e-04
2026-06-05 04:01:19 transreid.train INFO: Epoch[39] Iter[120/275] Loss: 0.792, Acc: 0.974, Base Lr: 6.09e-04
2026-06-05 04:01:21 transreid.train INFO: Epoch[39] Iter[140/275] Loss: 0.790, Acc: 0.975, Base Lr: 6.09e-04
2026-06-05 04:01:24 transreid.train INFO: Epoch[39] Iter[160/275] Loss: 0.764, Acc: 0.977, Base Lr: 6.09e-04
2026-06-05 04:01:26 transreid.train INFO: Epoch[39] Iter[180/275] Loss: 0.746, Acc: 0.979, Base Lr: 6.09e-04
2026-06-05 04:01:28 transreid.train INFO: Epoch[39] Iter[200/275] Loss: 0.739, Acc: 0.979, Base Lr: 6.09e-04
2026-06-05 04:01:30 transreid.train INFO: Epoch[39] Iter[220/275] Loss: 0.734, Acc: 0.980, Base Lr: 6.09e-04
2026-06-05 04:01:32 transreid.train INFO: Epoch[39] Iter[240/275] Loss: 0.733, Acc: 0.981, Base Lr: 6.09e-04
2026-06-05 04:01:34 transreid.train INFO: Epoch[39] Iter[260/275] Loss: 0.728, Acc: 0.981, Base Lr: 6.09e-04
2026-06-05 04:01:35 transreid.train INFO: Epoch 39 done. Time per epoch: 28.963[s] Speed: 603.2[samples/s]
2026-06-05 04:01:38 transreid.train INFO: Epoch[40] Iter[20/275] Loss: 0.704, Acc: 0.976, Base Lr: 6.00e-04
2026-06-05 04:01:40 transreid.train INFO: Epoch[40] Iter[40/275] Loss: 0.750, Acc: 0.971, Base Lr: 6.00e-04
2026-06-05 04:01:42 transreid.train INFO: Epoch[40] Iter[60/275] Loss: 0.829, Acc: 0.970, Base Lr: 6.00e-04
2026-06-05 04:01:44 transreid.train INFO: Epoch[40] Iter[80/275] Loss: 0.803, Acc: 0.971, Base Lr: 6.00e-04
2026-06-05 04:01:46 transreid.train INFO: Epoch[40] Iter[100/275] Loss: 0.780, Acc: 0.974, Base Lr: 6.00e-04
2026-06-05 04:01:48 transreid.train INFO: Epoch[40] Iter[120/275] Loss: 0.757, Acc: 0.975, Base Lr: 6.00e-04
2026-06-05 04:01:50 transreid.train INFO: Epoch[40] Iter[140/275] Loss: 0.736, Acc: 0.977, Base Lr: 6.00e-04
2026-06-05 04:01:52 transreid.train INFO: Epoch[40] Iter[160/275] Loss: 0.728, Acc: 0.978, Base Lr: 6.00e-04
2026-06-05 04:01:55 transreid.train INFO: Epoch[40] Iter[180/275] Loss: 0.718, Acc: 0.979, Base Lr: 6.00e-04
2026-06-05 04:01:57 transreid.train INFO: Epoch[40] Iter[200/275] Loss: 0.702, Acc: 0.979, Base Lr: 6.00e-04
2026-06-05 04:01:59 transreid.train INFO: Epoch[40] Iter[220/275] Loss: 0.689, Acc: 0.980, Base Lr: 6.00e-04
2026-06-05 04:02:01 transreid.train INFO: Epoch[40] Iter[240/275] Loss: 0.678, Acc: 0.981, Base Lr: 6.00e-04
2026-06-05 04:02:03 transreid.train INFO: Epoch[40] Iter[260/275] Loss: 0.674, Acc: 0.982, Base Lr: 6.00e-04
2026-06-05 04:02:04 transreid.train INFO: Epoch 40 done. Time per epoch: 29.068[s] Speed: 603.3[samples/s]
The test feature is normalized
=> Computing DistMat with euclidean_distance
2026-06-05 04:02:18 transreid.train INFO: Validation Results - Epoch: 40
2026-06-05 04:02:18 transreid.train INFO: mAP: 73.9%
2026-06-05 04:02:18 transreid.train INFO: CMC curve, Rank-1  :83.9%
2026-06-05 04:02:18 transreid.train INFO: CMC curve, Rank-5  :93.5%
2026-06-05 04:02:18 transreid.train INFO: CMC curve, Rank-10 :96.2%
2026-06-05 04:02:21 transreid.train INFO: Epoch[41] Iter[20/275] Loss: 0.672, Acc: 0.961, Base Lr: 5.91e-04
2026-06-05 04:02:23 transreid.train INFO: Epoch[41] Iter[40/275] Loss: 0.682, Acc: 0.967, Base Lr: 5.91e-04
2026-06-05 04:02:25 transreid.train INFO: Epoch[41] Iter[60/275] Loss: 0.697, Acc: 0.973, Base Lr: 5.91e-04
2026-06-05 04:02:27 transreid.train INFO: Epoch[41] Iter[80/275] Loss: 0.667, Acc: 0.978, Base Lr: 5.91e-04
2026-06-05 04:02:29 transreid.train INFO: Epoch[41] Iter[100/275] Loss: 0.639, Acc: 0.981, Base Lr: 5.91e-04
2026-06-05 04:02:31 transreid.train INFO: Epoch[41] Iter[120/275] Loss: 0.622, Acc: 0.982, Base Lr: 5.91e-04
2026-06-05 04:02:34 transreid.train INFO: Epoch[41] Iter[140/275] Loss: 0.606, Acc: 0.983, Base Lr: 5.91e-04
2026-06-05 04:02:36 transreid.train INFO: Epoch[41] Iter[160/275] Loss: 0.586, Acc: 0.984, Base Lr: 5.91e-04
2026-06-05 04:02:38 transreid.train INFO: Epoch[41] Iter[180/275] Loss: 0.584, Acc: 0.984, Base Lr: 5.91e-04
2026-06-05 04:02:40 transreid.train INFO: Epoch[41] Iter[200/275] Loss: 0.599, Acc: 0.984, Base Lr: 5.91e-04
2026-06-05 04:02:42 transreid.train INFO: Epoch[41] Iter[220/275] Loss: 0.619, Acc: 0.985, Base Lr: 5.91e-04
2026-06-05 04:02:44 transreid.train INFO: Epoch[41] Iter[240/275] Loss: 0.622, Acc: 0.986, Base Lr: 5.91e-04
2026-06-05 04:02:46 transreid.train INFO: Epoch[41] Iter[260/275] Loss: 0.620, Acc: 0.985, Base Lr: 5.91e-04
2026-06-05 04:02:48 transreid.train INFO: Epoch 41 done. Time per epoch: 29.066[s] Speed: 603.3[samples/s]
2026-06-05 04:02:50 transreid.train INFO: Epoch[42] Iter[20/275] Loss: 0.602, Acc: 0.984, Base Lr: 5.82e-04
2026-06-05 04:02:52 transreid.train INFO: Epoch[42] Iter[40/275] Loss: 0.647, Acc: 0.978, Base Lr: 5.82e-04
2026-06-05 04:02:54 transreid.train INFO: Epoch[42] Iter[60/275] Loss: 0.660, Acc: 0.978, Base Lr: 5.82e-04
2026-06-05 04:02:56 transreid.train INFO: Epoch[42] Iter[80/275] Loss: 0.700, Acc: 0.979, Base Lr: 5.82e-04
2026-06-05 04:02:58 transreid.train INFO: Epoch[42] Iter[100/275] Loss: 0.681, Acc: 0.980, Base Lr: 5.82e-04
2026-06-05 04:03:00 transreid.train INFO: Epoch[42] Iter[120/275] Loss: 0.665, Acc: 0.982, Base Lr: 5.82e-04
2026-06-05 04:03:03 transreid.train INFO: Epoch[42] Iter[140/275] Loss: 0.664, Acc: 0.982, Base Lr: 5.82e-04
2026-06-05 04:03:05 transreid.train INFO: Epoch[42] Iter[160/275] Loss: 0.663, Acc: 0.983, Base Lr: 5.82e-04
2026-06-05 04:03:07 transreid.train INFO: Epoch[42] Iter[180/275] Loss: 0.655, Acc: 0.984, Base Lr: 5.82e-04
2026-06-05 04:03:09 transreid.train INFO: Epoch[42] Iter[200/275] Loss: 0.661, Acc: 0.984, Base Lr: 5.82e-04
2026-06-05 04:03:11 transreid.train INFO: Epoch[42] Iter[220/275] Loss: 0.654, Acc: 0.985, Base Lr: 5.82e-04
2026-06-05 04:03:13 transreid.train INFO: Epoch[42] Iter[240/275] Loss: 0.644, Acc: 0.985, Base Lr: 5.82e-04
2026-06-05 04:03:15 transreid.train INFO: Epoch[42] Iter[260/275] Loss: 0.639, Acc: 0.986, Base Lr: 5.82e-04
2026-06-05 04:03:17 transreid.train INFO: Epoch 42 done. Time per epoch: 29.096[s] Speed: 602.7[samples/s]
2026-06-05 04:03:19 transreid.train INFO: Epoch[43] Iter[20/275] Loss: 0.544, Acc: 0.983, Base Lr: 5.73e-04
2026-06-05 04:03:21 transreid.train INFO: Epoch[43] Iter[40/275] Loss: 0.531, Acc: 0.985, Base Lr: 5.73e-04
2026-06-05 04:03:23 transreid.train INFO: Epoch[43] Iter[60/275] Loss: 0.517, Acc: 0.988, Base Lr: 5.73e-04
2026-06-05 04:03:25 transreid.train INFO: Epoch[43] Iter[80/275] Loss: 0.528, Acc: 0.987, Base Lr: 5.73e-04
2026-06-05 04:03:27 transreid.train INFO: Epoch[43] Iter[100/275] Loss: 0.519, Acc: 0.987, Base Lr: 5.73e-04
2026-06-05 04:03:30 transreid.train INFO: Epoch[43] Iter[120/275] Loss: 0.528, Acc: 0.987, Base Lr: 5.73e-04
2026-06-05 04:03:32 transreid.train INFO: Epoch[43] Iter[140/275] Loss: 0.525, Acc: 0.987, Base Lr: 5.73e-04
2026-06-05 04:03:34 transreid.train INFO: Epoch[43] Iter[160/275] Loss: 0.536, Acc: 0.987, Base Lr: 5.73e-04
2026-06-05 04:03:36 transreid.train INFO: Epoch[43] Iter[180/275] Loss: 0.539, Acc: 0.987, Base Lr: 5.73e-04
2026-06-05 04:03:38 transreid.train INFO: Epoch[43] Iter[200/275] Loss: 0.544, Acc: 0.987, Base Lr: 5.73e-04
2026-06-05 04:03:40 transreid.train INFO: Epoch[43] Iter[220/275] Loss: 0.546, Acc: 0.987, Base Lr: 5.73e-04
2026-06-05 04:03:42 transreid.train INFO: Epoch[43] Iter[240/275] Loss: 0.547, Acc: 0.988, Base Lr: 5.73e-04
2026-06-05 04:03:44 transreid.train INFO: Epoch[43] Iter[260/275] Loss: 0.544, Acc: 0.988, Base Lr: 5.73e-04
2026-06-05 04:03:46 transreid.train INFO: Epoch 43 done. Time per epoch: 28.987[s] Speed: 602.7[samples/s]
2026-06-05 04:03:48 transreid.train INFO: Epoch[44] Iter[20/275] Loss: 0.636, Acc: 0.980, Base Lr: 5.63e-04
2026-06-05 04:03:50 transreid.train INFO: Epoch[44] Iter[40/275] Loss: 0.647, Acc: 0.981, Base Lr: 5.63e-04
2026-06-05 04:03:52 transreid.train INFO: Epoch[44] Iter[60/275] Loss: 0.612, Acc: 0.983, Base Lr: 5.63e-04
2026-06-05 04:03:54 transreid.train INFO: Epoch[44] Iter[80/275] Loss: 0.600, Acc: 0.983, Base Lr: 5.63e-04
2026-06-05 04:03:56 transreid.train INFO: Epoch[44] Iter[100/275] Loss: 0.587, Acc: 0.986, Base Lr: 5.63e-04
2026-06-05 04:03:59 transreid.train INFO: Epoch[44] Iter[120/275] Loss: 0.572, Acc: 0.987, Base Lr: 5.63e-04
2026-06-05 04:04:01 transreid.train INFO: Epoch[44] Iter[140/275] Loss: 0.564, Acc: 0.988, Base Lr: 5.63e-04
2026-06-05 04:04:03 transreid.train INFO: Epoch[44] Iter[160/275] Loss: 0.558, Acc: 0.988, Base Lr: 5.63e-04
2026-06-05 04:04:05 transreid.train INFO: Epoch[44] Iter[180/275] Loss: 0.556, Acc: 0.987, Base Lr: 5.63e-04
2026-06-05 04:04:07 transreid.train INFO: Epoch[44] Iter[200/275] Loss: 0.551, Acc: 0.988, Base Lr: 5.63e-04
2026-06-05 04:04:09 transreid.train INFO: Epoch[44] Iter[220/275] Loss: 0.545, Acc: 0.988, Base Lr: 5.63e-04
2026-06-05 04:04:11 transreid.train INFO: Epoch[44] Iter[240/275] Loss: 0.537, Acc: 0.988, Base Lr: 5.63e-04
2026-06-05 04:04:13 transreid.train INFO: Epoch[44] Iter[260/275] Loss: 0.531, Acc: 0.988, Base Lr: 5.63e-04
2026-06-05 04:04:15 transreid.train INFO: Epoch 44 done. Time per epoch: 28.995[s] Speed: 602.6[samples/s]
2026-06-05 04:04:17 transreid.train INFO: Epoch[45] Iter[20/275] Loss: 0.484, Acc: 0.984, Base Lr: 5.54e-04
2026-06-05 04:04:19 transreid.train INFO: Epoch[45] Iter[40/275] Loss: 0.490, Acc: 0.986, Base Lr: 5.54e-04
2026-06-05 04:04:21 transreid.train INFO: Epoch[45] Iter[60/275] Loss: 0.577, Acc: 0.985, Base Lr: 5.54e-04
2026-06-05 04:04:23 transreid.train INFO: Epoch[45] Iter[80/275] Loss: 0.572, Acc: 0.986, Base Lr: 5.54e-04
2026-06-05 04:04:25 transreid.train INFO: Epoch[45] Iter[100/275] Loss: 0.550, Acc: 0.988, Base Lr: 5.54e-04
2026-06-05 04:04:28 transreid.train INFO: Epoch[45] Iter[120/275] Loss: 0.531, Acc: 0.989, Base Lr: 5.54e-04
2026-06-05 04:04:30 transreid.train INFO: Epoch[45] Iter[140/275] Loss: 0.518, Acc: 0.989, Base Lr: 5.54e-04
2026-06-05 04:04:32 transreid.train INFO: Epoch[45] Iter[160/275] Loss: 0.508, Acc: 0.989, Base Lr: 5.54e-04
2026-06-05 04:04:34 transreid.train INFO: Epoch[45] Iter[180/275] Loss: 0.490, Acc: 0.989, Base Lr: 5.54e-04
2026-06-05 04:04:36 transreid.train INFO: Epoch[45] Iter[200/275] Loss: 0.509, Acc: 0.989, Base Lr: 5.54e-04
2026-06-05 04:04:38 transreid.train INFO: Epoch[45] Iter[220/275] Loss: 0.510, Acc: 0.989, Base Lr: 5.54e-04
2026-06-05 04:04:40 transreid.train INFO: Epoch[45] Iter[240/275] Loss: 0.512, Acc: 0.989, Base Lr: 5.54e-04
2026-06-05 04:04:42 transreid.train INFO: Epoch[45] Iter[260/275] Loss: 0.512, Acc: 0.989, Base Lr: 5.54e-04
2026-06-05 04:04:44 transreid.train INFO: Epoch 45 done. Time per epoch: 29.077[s] Speed: 603.1[samples/s]
2026-06-05 04:04:46 transreid.train INFO: Epoch[46] Iter[20/275] Loss: 0.463, Acc: 0.986, Base Lr: 5.44e-04
2026-06-05 04:04:48 transreid.train INFO: Epoch[46] Iter[40/275] Loss: 0.483, Acc: 0.985, Base Lr: 5.44e-04
2026-06-05 04:04:50 transreid.train INFO: Epoch[46] Iter[60/275] Loss: 0.480, Acc: 0.985, Base Lr: 5.44e-04
2026-06-05 04:04:52 transreid.train INFO: Epoch[46] Iter[80/275] Loss: 0.451, Acc: 0.987, Base Lr: 5.44e-04
2026-06-05 04:04:55 transreid.train INFO: Epoch[46] Iter[100/275] Loss: 0.446, Acc: 0.987, Base Lr: 5.44e-04
2026-06-05 04:04:57 transreid.train INFO: Epoch[46] Iter[120/275] Loss: 0.442, Acc: 0.988, Base Lr: 5.44e-04
2026-06-05 04:04:59 transreid.train INFO: Epoch[46] Iter[140/275] Loss: 0.451, Acc: 0.989, Base Lr: 5.44e-04
2026-06-05 04:05:01 transreid.train INFO: Epoch[46] Iter[160/275] Loss: 0.452, Acc: 0.989, Base Lr: 5.44e-04
2026-06-05 04:05:03 transreid.train INFO: Epoch[46] Iter[180/275] Loss: 0.447, Acc: 0.989, Base Lr: 5.44e-04
2026-06-05 04:05:05 transreid.train INFO: Epoch[46] Iter[200/275] Loss: 0.445, Acc: 0.989, Base Lr: 5.44e-04
2026-06-05 04:05:07 transreid.train INFO: Epoch[46] Iter[220/275] Loss: 0.452, Acc: 0.990, Base Lr: 5.44e-04
2026-06-05 04:05:09 transreid.train INFO: Epoch[46] Iter[240/275] Loss: 0.453, Acc: 0.990, Base Lr: 5.44e-04
2026-06-05 04:05:11 transreid.train INFO: Epoch[46] Iter[260/275] Loss: 0.460, Acc: 0.990, Base Lr: 5.44e-04
2026-06-05 04:05:13 transreid.train INFO: Epoch 46 done. Time per epoch: 29.019[s] Speed: 602.1[samples/s]
2026-06-05 04:05:15 transreid.train INFO: Epoch[47] Iter[20/275] Loss: 0.682, Acc: 0.977, Base Lr: 5.34e-04
2026-06-05 04:05:17 transreid.train INFO: Epoch[47] Iter[40/275] Loss: 0.593, Acc: 0.984, Base Lr: 5.34e-04
2026-06-05 04:05:19 transreid.train INFO: Epoch[47] Iter[60/275] Loss: 0.589, Acc: 0.987, Base Lr: 5.34e-04
2026-06-05 04:05:21 transreid.train INFO: Epoch[47] Iter[80/275] Loss: 0.675, Acc: 0.986, Base Lr: 5.34e-04
2026-06-05 04:05:24 transreid.train INFO: Epoch[47] Iter[100/275] Loss: 0.689, Acc: 0.987, Base Lr: 5.34e-04
2026-06-05 04:05:26 transreid.train INFO: Epoch[47] Iter[120/275] Loss: 0.703, Acc: 0.987, Base Lr: 5.34e-04
2026-06-05 04:05:28 transreid.train INFO: Epoch[47] Iter[140/275] Loss: 0.702, Acc: 0.988, Base Lr: 5.34e-04
2026-06-05 04:05:30 transreid.train INFO: Epoch[47] Iter[160/275] Loss: 0.691, Acc: 0.988, Base Lr: 5.34e-04
2026-06-05 04:05:32 transreid.train INFO: Epoch[47] Iter[180/275] Loss: 0.676, Acc: 0.987, Base Lr: 5.34e-04
2026-06-05 04:05:34 transreid.train INFO: Epoch[47] Iter[200/275] Loss: 0.672, Acc: 0.987, Base Lr: 5.34e-04
2026-06-05 04:05:36 transreid.train INFO: Epoch[47] Iter[220/275] Loss: 0.658, Acc: 0.988, Base Lr: 5.34e-04
2026-06-05 04:05:38 transreid.train INFO: Epoch[47] Iter[240/275] Loss: 0.645, Acc: 0.988, Base Lr: 5.34e-04
2026-06-05 04:05:40 transreid.train INFO: Epoch[47] Iter[260/275] Loss: 0.643, Acc: 0.988, Base Lr: 5.34e-04
2026-06-05 04:05:42 transreid.train INFO: Epoch 47 done. Time per epoch: 29.101[s] Speed: 602.6[samples/s]
2026-06-05 04:05:44 transreid.train INFO: Epoch[48] Iter[20/275] Loss: 0.577, Acc: 0.989, Base Lr: 5.24e-04
2026-06-05 04:05:46 transreid.train INFO: Epoch[48] Iter[40/275] Loss: 0.500, Acc: 0.991, Base Lr: 5.24e-04
2026-06-05 04:05:48 transreid.train INFO: Epoch[48] Iter[60/275] Loss: 0.519, Acc: 0.991, Base Lr: 5.24e-04
2026-06-05 04:05:51 transreid.train INFO: Epoch[48] Iter[80/275] Loss: 0.522, Acc: 0.990, Base Lr: 5.24e-04
2026-06-05 04:05:53 transreid.train INFO: Epoch[48] Iter[100/275] Loss: 0.503, Acc: 0.992, Base Lr: 5.24e-04
2026-06-05 04:05:55 transreid.train INFO: Epoch[48] Iter[120/275] Loss: 0.489, Acc: 0.992, Base Lr: 5.24e-04
2026-06-05 04:05:57 transreid.train INFO: Epoch[48] Iter[140/275] Loss: 0.474, Acc: 0.991, Base Lr: 5.24e-04
2026-06-05 04:05:59 transreid.train INFO: Epoch[48] Iter[160/275] Loss: 0.488, Acc: 0.990, Base Lr: 5.24e-04
2026-06-05 04:06:01 transreid.train INFO: Epoch[48] Iter[180/275] Loss: 0.477, Acc: 0.990, Base Lr: 5.24e-04
2026-06-05 04:06:03 transreid.train INFO: Epoch[48] Iter[200/275] Loss: 0.470, Acc: 0.990, Base Lr: 5.24e-04
2026-06-05 04:06:05 transreid.train INFO: Epoch[48] Iter[220/275] Loss: 0.463, Acc: 0.991, Base Lr: 5.24e-04
2026-06-05 04:06:07 transreid.train INFO: Epoch[48] Iter[240/275] Loss: 0.465, Acc: 0.991, Base Lr: 5.24e-04
2026-06-05 04:06:09 transreid.train INFO: Epoch[48] Iter[260/275] Loss: 0.466, Acc: 0.991, Base Lr: 5.24e-04
2026-06-05 04:06:11 transreid.train INFO: Epoch 48 done. Time per epoch: 29.099[s] Speed: 602.6[samples/s]
2026-06-05 04:06:13 transreid.train INFO: Epoch[49] Iter[20/275] Loss: 0.554, Acc: 0.990, Base Lr: 5.14e-04
2026-06-05 04:06:15 transreid.train INFO: Epoch[49] Iter[40/275] Loss: 0.551, Acc: 0.988, Base Lr: 5.14e-04
2026-06-05 04:06:18 transreid.train INFO: Epoch[49] Iter[60/275] Loss: 0.559, Acc: 0.986, Base Lr: 5.14e-04
2026-06-05 04:06:20 transreid.train INFO: Epoch[49] Iter[80/275] Loss: 0.558, Acc: 0.988, Base Lr: 5.14e-04
2026-06-05 04:06:22 transreid.train INFO: Epoch[49] Iter[100/275] Loss: 0.533, Acc: 0.989, Base Lr: 5.14e-04
2026-06-05 04:06:24 transreid.train INFO: Epoch[49] Iter[120/275] Loss: 0.508, Acc: 0.990, Base Lr: 5.14e-04
2026-06-05 04:06:26 transreid.train INFO: Epoch[49] Iter[140/275] Loss: 0.490, Acc: 0.990, Base Lr: 5.14e-04
2026-06-05 04:06:28 transreid.train INFO: Epoch[49] Iter[160/275] Loss: 0.490, Acc: 0.991, Base Lr: 5.14e-04
2026-06-05 04:06:30 transreid.train INFO: Epoch[49] Iter[180/275] Loss: 0.496, Acc: 0.991, Base Lr: 5.14e-04
2026-06-05 04:06:32 transreid.train INFO: Epoch[49] Iter[200/275] Loss: 0.492, Acc: 0.990, Base Lr: 5.14e-04
2026-06-05 04:06:34 transreid.train INFO: Epoch[49] Iter[220/275] Loss: 0.483, Acc: 0.991, Base Lr: 5.14e-04
2026-06-05 04:06:36 transreid.train INFO: Epoch[49] Iter[240/275] Loss: 0.476, Acc: 0.991, Base Lr: 5.14e-04
2026-06-05 04:06:39 transreid.train INFO: Epoch[49] Iter[260/275] Loss: 0.470, Acc: 0.991, Base Lr: 5.14e-04
2026-06-05 04:06:40 transreid.train INFO: Epoch 49 done. Time per epoch: 29.085[s] Speed: 602.9[samples/s]
2026-06-05 04:06:42 transreid.train INFO: Epoch[50] Iter[20/275] Loss: 0.627, Acc: 0.989, Base Lr: 5.04e-04
2026-06-05 04:06:45 transreid.train INFO: Epoch[50] Iter[40/275] Loss: 0.597, Acc: 0.990, Base Lr: 5.04e-04
2026-06-05 04:06:47 transreid.train INFO: Epoch[50] Iter[60/275] Loss: 0.586, Acc: 0.986, Base Lr: 5.04e-04
2026-06-05 04:06:49 transreid.train INFO: Epoch[50] Iter[80/275] Loss: 0.557, Acc: 0.988, Base Lr: 5.04e-04
2026-06-05 04:06:51 transreid.train INFO: Epoch[50] Iter[100/275] Loss: 0.543, Acc: 0.989, Base Lr: 5.04e-04
2026-06-05 04:06:53 transreid.train INFO: Epoch[50] Iter[120/275] Loss: 0.550, Acc: 0.988, Base Lr: 5.04e-04
2026-06-05 04:06:55 transreid.train INFO: Epoch[50] Iter[140/275] Loss: 0.550, Acc: 0.989, Base Lr: 5.04e-04
2026-06-05 04:06:57 transreid.train INFO: Epoch[50] Iter[160/275] Loss: 0.548, Acc: 0.989, Base Lr: 5.04e-04
2026-06-05 04:06:59 transreid.train INFO: Epoch[50] Iter[180/275] Loss: 0.545, Acc: 0.990, Base Lr: 5.04e-04
2026-06-05 04:07:01 transreid.train INFO: Epoch[50] Iter[200/275] Loss: 0.553, Acc: 0.990, Base Lr: 5.04e-04
2026-06-05 04:07:03 transreid.train INFO: Epoch[50] Iter[220/275] Loss: 0.544, Acc: 0.990, Base Lr: 5.04e-04
2026-06-05 04:07:06 transreid.train INFO: Epoch[50] Iter[240/275] Loss: 0.535, Acc: 0.990, Base Lr: 5.04e-04
2026-06-05 04:07:08 transreid.train INFO: Epoch[50] Iter[260/275] Loss: 0.525, Acc: 0.990, Base Lr: 5.04e-04
2026-06-05 04:07:09 transreid.train INFO: Epoch 50 done. Time per epoch: 28.976[s] Speed: 603.0[samples/s]
2026-06-05 04:07:11 transreid.train INFO: Epoch[51] Iter[20/275] Loss: 0.395, Acc: 0.991, Base Lr: 4.94e-04
2026-06-05 04:07:14 transreid.train INFO: Epoch[51] Iter[40/275] Loss: 0.416, Acc: 0.990, Base Lr: 4.94e-04
2026-06-05 04:07:16 transreid.train INFO: Epoch[51] Iter[60/275] Loss: 0.429, Acc: 0.991, Base Lr: 4.94e-04
2026-06-05 04:07:18 transreid.train INFO: Epoch[51] Iter[80/275] Loss: 0.433, Acc: 0.991, Base Lr: 4.94e-04
2026-06-05 04:07:20 transreid.train INFO: Epoch[51] Iter[100/275] Loss: 0.431, Acc: 0.991, Base Lr: 4.94e-04
2026-06-05 04:07:22 transreid.train INFO: Epoch[51] Iter[120/275] Loss: 0.424, Acc: 0.991, Base Lr: 4.94e-04
2026-06-05 04:07:24 transreid.train INFO: Epoch[51] Iter[140/275] Loss: 0.410, Acc: 0.992, Base Lr: 4.94e-04
2026-06-05 04:07:26 transreid.train INFO: Epoch[51] Iter[160/275] Loss: 0.425, Acc: 0.992, Base Lr: 4.94e-04
2026-06-05 04:07:28 transreid.train INFO: Epoch[51] Iter[180/275] Loss: 0.431, Acc: 0.992, Base Lr: 4.94e-04
2026-06-05 04:07:30 transreid.train INFO: Epoch[51] Iter[200/275] Loss: 0.430, Acc: 0.992, Base Lr: 4.94e-04
2026-06-05 04:07:32 transreid.train INFO: Epoch[51] Iter[220/275] Loss: 0.444, Acc: 0.992, Base Lr: 4.94e-04
2026-06-05 04:07:35 transreid.train INFO: Epoch[51] Iter[240/275] Loss: 0.446, Acc: 0.991, Base Lr: 4.94e-04
2026-06-05 04:07:37 transreid.train INFO: Epoch[51] Iter[260/275] Loss: 0.444, Acc: 0.992, Base Lr: 4.94e-04
2026-06-05 04:07:38 transreid.train INFO: Epoch 51 done. Time per epoch: 28.984[s] Speed: 602.8[samples/s]
2026-06-05 04:07:40 transreid.train INFO: Epoch[52] Iter[20/275] Loss: 0.487, Acc: 0.987, Base Lr: 4.84e-04
2026-06-05 04:07:42 transreid.train INFO: Epoch[52] Iter[40/275] Loss: 0.531, Acc: 0.991, Base Lr: 4.84e-04
2026-06-05 04:07:45 transreid.train INFO: Epoch[52] Iter[60/275] Loss: 0.508, Acc: 0.990, Base Lr: 4.84e-04
2026-06-05 04:07:47 transreid.train INFO: Epoch[52] Iter[80/275] Loss: 0.503, Acc: 0.992, Base Lr: 4.84e-04
2026-06-05 04:07:49 transreid.train INFO: Epoch[52] Iter[100/275] Loss: 0.511, Acc: 0.990, Base Lr: 4.84e-04
2026-06-05 04:07:51 transreid.train INFO: Epoch[52] Iter[120/275] Loss: 0.491, Acc: 0.990, Base Lr: 4.84e-04
2026-06-05 04:07:53 transreid.train INFO: Epoch[52] Iter[140/275] Loss: 0.484, Acc: 0.991, Base Lr: 4.84e-04
2026-06-05 04:07:55 transreid.train INFO: Epoch[52] Iter[160/275] Loss: 0.472, Acc: 0.991, Base Lr: 4.84e-04
2026-06-05 04:07:57 transreid.train INFO: Epoch[52] Iter[180/275] Loss: 0.465, Acc: 0.992, Base Lr: 4.84e-04
2026-06-05 04:07:59 transreid.train INFO: Epoch[52] Iter[200/275] Loss: 0.477, Acc: 0.992, Base Lr: 4.84e-04
2026-06-05 04:08:01 transreid.train INFO: Epoch[52] Iter[220/275] Loss: 0.470, Acc: 0.992, Base Lr: 4.84e-04
2026-06-05 04:08:04 transreid.train INFO: Epoch[52] Iter[240/275] Loss: 0.466, Acc: 0.991, Base Lr: 4.84e-04
2026-06-05 04:08:06 transreid.train INFO: Epoch[52] Iter[260/275] Loss: 0.468, Acc: 0.991, Base Lr: 4.84e-04
2026-06-05 04:08:07 transreid.train INFO: Epoch 52 done. Time per epoch: 29.087[s] Speed: 602.9[samples/s]
2026-06-05 04:08:09 transreid.train INFO: Epoch[53] Iter[20/275] Loss: 0.522, Acc: 0.995, Base Lr: 4.74e-04
2026-06-05 04:08:12 transreid.train INFO: Epoch[53] Iter[40/275] Loss: 0.465, Acc: 0.994, Base Lr: 4.74e-04
2026-06-05 04:08:14 transreid.train INFO: Epoch[53] Iter[60/275] Loss: 0.432, Acc: 0.991, Base Lr: 4.74e-04
2026-06-05 04:08:16 transreid.train INFO: Epoch[53] Iter[80/275] Loss: 0.476, Acc: 0.991, Base Lr: 4.74e-04
2026-06-05 04:08:18 transreid.train INFO: Epoch[53] Iter[100/275] Loss: 0.504, Acc: 0.991, Base Lr: 4.74e-04
2026-06-05 04:08:20 transreid.train INFO: Epoch[53] Iter[120/275] Loss: 0.487, Acc: 0.992, Base Lr: 4.74e-04
2026-06-05 04:08:22 transreid.train INFO: Epoch[53] Iter[140/275] Loss: 0.476, Acc: 0.992, Base Lr: 4.74e-04
2026-06-05 04:08:24 transreid.train INFO: Epoch[53] Iter[160/275] Loss: 0.482, Acc: 0.993, Base Lr: 4.74e-04
2026-06-05 04:08:26 transreid.train INFO: Epoch[53] Iter[180/275] Loss: 0.480, Acc: 0.993, Base Lr: 4.74e-04
2026-06-05 04:08:28 transreid.train INFO: Epoch[53] Iter[200/275] Loss: 0.472, Acc: 0.993, Base Lr: 4.74e-04
2026-06-05 04:08:31 transreid.train INFO: Epoch[53] Iter[220/275] Loss: 0.467, Acc: 0.994, Base Lr: 4.74e-04
2026-06-05 04:08:33 transreid.train INFO: Epoch[53] Iter[240/275] Loss: 0.465, Acc: 0.994, Base Lr: 4.74e-04
2026-06-05 04:08:35 transreid.train INFO: Epoch[53] Iter[260/275] Loss: 0.464, Acc: 0.994, Base Lr: 4.74e-04
2026-06-05 04:08:36 transreid.train INFO: Epoch 53 done. Time per epoch: 29.098[s] Speed: 602.6[samples/s]
2026-06-05 04:08:39 transreid.train INFO: Epoch[54] Iter[20/275] Loss: 0.499, Acc: 0.994, Base Lr: 4.63e-04
2026-06-05 04:08:41 transreid.train INFO: Epoch[54] Iter[40/275] Loss: 0.489, Acc: 0.994, Base Lr: 4.63e-04
2026-06-05 04:08:43 transreid.train INFO: Epoch[54] Iter[60/275] Loss: 0.480, Acc: 0.991, Base Lr: 4.63e-04
2026-06-05 04:08:45 transreid.train INFO: Epoch[54] Iter[80/275] Loss: 0.490, Acc: 0.991, Base Lr: 4.63e-04
2026-06-05 04:08:47 transreid.train INFO: Epoch[54] Iter[100/275] Loss: 0.510, Acc: 0.991, Base Lr: 4.63e-04
2026-06-05 04:08:49 transreid.train INFO: Epoch[54] Iter[120/275] Loss: 0.503, Acc: 0.990, Base Lr: 4.63e-04
2026-06-05 04:08:51 transreid.train INFO: Epoch[54] Iter[140/275] Loss: 0.493, Acc: 0.991, Base Lr: 4.63e-04
2026-06-05 04:08:53 transreid.train INFO: Epoch[54] Iter[160/275] Loss: 0.491, Acc: 0.991, Base Lr: 4.63e-04
2026-06-05 04:08:55 transreid.train INFO: Epoch[54] Iter[180/275] Loss: 0.482, Acc: 0.991, Base Lr: 4.63e-04
2026-06-05 04:08:57 transreid.train INFO: Epoch[54] Iter[200/275] Loss: 0.482, Acc: 0.991, Base Lr: 4.63e-04
2026-06-05 04:09:00 transreid.train INFO: Epoch[54] Iter[220/275] Loss: 0.490, Acc: 0.992, Base Lr: 4.63e-04
2026-06-05 04:09:02 transreid.train INFO: Epoch[54] Iter[240/275] Loss: 0.487, Acc: 0.992, Base Lr: 4.63e-04
2026-06-05 04:09:04 transreid.train INFO: Epoch[54] Iter[260/275] Loss: 0.482, Acc: 0.992, Base Lr: 4.63e-04
2026-06-05 04:09:05 transreid.train INFO: Epoch 54 done. Time per epoch: 29.080[s] Speed: 603.0[samples/s]
2026-06-05 04:09:08 transreid.train INFO: Epoch[55] Iter[20/275] Loss: 0.483, Acc: 0.995, Base Lr: 4.53e-04
2026-06-05 04:09:10 transreid.train INFO: Epoch[55] Iter[40/275] Loss: 0.467, Acc: 0.992, Base Lr: 4.53e-04
2026-06-05 04:09:12 transreid.train INFO: Epoch[55] Iter[60/275] Loss: 0.442, Acc: 0.992, Base Lr: 4.53e-04
2026-06-05 04:09:14 transreid.train INFO: Epoch[55] Iter[80/275] Loss: 0.438, Acc: 0.993, Base Lr: 4.53e-04
2026-06-05 04:09:16 transreid.train INFO: Epoch[55] Iter[100/275] Loss: 0.425, Acc: 0.994, Base Lr: 4.53e-04
2026-06-05 04:09:18 transreid.train INFO: Epoch[55] Iter[120/275] Loss: 0.436, Acc: 0.994, Base Lr: 4.53e-04
2026-06-05 04:09:20 transreid.train INFO: Epoch[55] Iter[140/275] Loss: 0.429, Acc: 0.994, Base Lr: 4.53e-04
2026-06-05 04:09:22 transreid.train INFO: Epoch[55] Iter[160/275] Loss: 0.429, Acc: 0.993, Base Lr: 4.53e-04
2026-06-05 04:09:24 transreid.train INFO: Epoch[55] Iter[180/275] Loss: 0.445, Acc: 0.993, Base Lr: 4.53e-04
2026-06-05 04:09:27 transreid.train INFO: Epoch[55] Iter[200/275] Loss: 0.442, Acc: 0.993, Base Lr: 4.53e-04
2026-06-05 04:09:29 transreid.train INFO: Epoch[55] Iter[220/275] Loss: 0.435, Acc: 0.993, Base Lr: 4.53e-04
2026-06-05 04:09:31 transreid.train INFO: Epoch[55] Iter[240/275] Loss: 0.426, Acc: 0.993, Base Lr: 4.53e-04
2026-06-05 04:09:33 transreid.train INFO: Epoch[55] Iter[260/275] Loss: 0.422, Acc: 0.993, Base Lr: 4.53e-04
2026-06-05 04:09:34 transreid.train INFO: Epoch 55 done. Time per epoch: 28.972[s] Speed: 603.1[samples/s]
2026-06-05 04:09:37 transreid.train INFO: Epoch[56] Iter[20/275] Loss: 0.399, Acc: 0.994, Base Lr: 4.43e-04
2026-06-05 04:09:39 transreid.train INFO: Epoch[56] Iter[40/275] Loss: 0.402, Acc: 0.995, Base Lr: 4.43e-04
2026-06-05 04:09:41 transreid.train INFO: Epoch[56] Iter[60/275] Loss: 0.378, Acc: 0.993, Base Lr: 4.43e-04
2026-06-05 04:09:43 transreid.train INFO: Epoch[56] Iter[80/275] Loss: 0.378, Acc: 0.993, Base Lr: 4.43e-04
2026-06-05 04:09:45 transreid.train INFO: Epoch[56] Iter[100/275] Loss: 0.387, Acc: 0.993, Base Lr: 4.43e-04
2026-06-05 04:09:47 transreid.train INFO: Epoch[56] Iter[120/275] Loss: 0.381, Acc: 0.994, Base Lr: 4.43e-04
2026-06-05 04:09:49 transreid.train INFO: Epoch[56] Iter[140/275] Loss: 0.378, Acc: 0.994, Base Lr: 4.43e-04
2026-06-05 04:09:51 transreid.train INFO: Epoch[56] Iter[160/275] Loss: 0.374, Acc: 0.994, Base Lr: 4.43e-04
2026-06-05 04:09:53 transreid.train INFO: Epoch[56] Iter[180/275] Loss: 0.385, Acc: 0.994, Base Lr: 4.43e-04
2026-06-05 04:09:56 transreid.train INFO: Epoch[56] Iter[200/275] Loss: 0.379, Acc: 0.994, Base Lr: 4.43e-04
2026-06-05 04:09:58 transreid.train INFO: Epoch[56] Iter[220/275] Loss: 0.372, Acc: 0.994, Base Lr: 4.43e-04
2026-06-05 04:10:00 transreid.train INFO: Epoch[56] Iter[240/275] Loss: 0.368, Acc: 0.994, Base Lr: 4.43e-04
2026-06-05 04:10:02 transreid.train INFO: Epoch[56] Iter[260/275] Loss: 0.364, Acc: 0.994, Base Lr: 4.43e-04
2026-06-05 04:10:03 transreid.train INFO: Epoch 56 done. Time per epoch: 28.974[s] Speed: 603.0[samples/s]
2026-06-05 04:10:06 transreid.train INFO: Epoch[57] Iter[20/275] Loss: 0.480, Acc: 0.991, Base Lr: 4.32e-04
2026-06-05 04:10:08 transreid.train INFO: Epoch[57] Iter[40/275] Loss: 0.391, Acc: 0.993, Base Lr: 4.32e-04
2026-06-05 04:10:10 transreid.train INFO: Epoch[57] Iter[60/275] Loss: 0.428, Acc: 0.993, Base Lr: 4.32e-04
2026-06-05 04:10:12 transreid.train INFO: Epoch[57] Iter[80/275] Loss: 0.410, Acc: 0.993, Base Lr: 4.32e-04
2026-06-05 04:10:14 transreid.train INFO: Epoch[57] Iter[100/275] Loss: 0.408, Acc: 0.993, Base Lr: 4.32e-04
2026-06-05 04:10:16 transreid.train INFO: Epoch[57] Iter[120/275] Loss: 0.393, Acc: 0.994, Base Lr: 4.32e-04
2026-06-05 04:10:18 transreid.train INFO: Epoch[57] Iter[140/275] Loss: 0.391, Acc: 0.994, Base Lr: 4.32e-04
2026-06-05 04:10:20 transreid.train INFO: Epoch[57] Iter[160/275] Loss: 0.399, Acc: 0.994, Base Lr: 4.32e-04
2026-06-05 04:10:22 transreid.train INFO: Epoch[57] Iter[180/275] Loss: 0.392, Acc: 0.994, Base Lr: 4.32e-04
2026-06-05 04:10:25 transreid.train INFO: Epoch[57] Iter[200/275] Loss: 0.396, Acc: 0.994, Base Lr: 4.32e-04
2026-06-05 04:10:27 transreid.train INFO: Epoch[57] Iter[220/275] Loss: 0.392, Acc: 0.994, Base Lr: 4.32e-04
2026-06-05 04:10:29 transreid.train INFO: Epoch[57] Iter[240/275] Loss: 0.387, Acc: 0.994, Base Lr: 4.32e-04
2026-06-05 04:10:31 transreid.train INFO: Epoch[57] Iter[260/275] Loss: 0.383, Acc: 0.994, Base Lr: 4.32e-04
2026-06-05 04:10:32 transreid.train INFO: Epoch 57 done. Time per epoch: 29.116[s] Speed: 602.3[samples/s]
2026-06-05 04:10:35 transreid.train INFO: Epoch[58] Iter[20/275] Loss: 0.689, Acc: 0.988, Base Lr: 4.22e-04
2026-06-05 04:10:37 transreid.train INFO: Epoch[58] Iter[40/275] Loss: 0.646, Acc: 0.987, Base Lr: 4.22e-04
2026-06-05 04:10:39 transreid.train INFO: Epoch[58] Iter[60/275] Loss: 0.621, Acc: 0.986, Base Lr: 4.22e-04
2026-06-05 04:10:41 transreid.train INFO: Epoch[58] Iter[80/275] Loss: 0.559, Acc: 0.989, Base Lr: 4.22e-04
2026-06-05 04:10:43 transreid.train INFO: Epoch[58] Iter[100/275] Loss: 0.535, Acc: 0.990, Base Lr: 4.22e-04
2026-06-05 04:10:45 transreid.train INFO: Epoch[58] Iter[120/275] Loss: 0.517, Acc: 0.991, Base Lr: 4.22e-04
2026-06-05 04:10:47 transreid.train INFO: Epoch[58] Iter[140/275] Loss: 0.506, Acc: 0.992, Base Lr: 4.22e-04
2026-06-05 04:10:49 transreid.train INFO: Epoch[58] Iter[160/275] Loss: 0.492, Acc: 0.992, Base Lr: 4.22e-04
2026-06-05 04:10:52 transreid.train INFO: Epoch[58] Iter[180/275] Loss: 0.489, Acc: 0.991, Base Lr: 4.22e-04
2026-06-05 04:10:54 transreid.train INFO: Epoch[58] Iter[200/275] Loss: 0.478, Acc: 0.992, Base Lr: 4.22e-04
2026-06-05 04:10:56 transreid.train INFO: Epoch[58] Iter[220/275] Loss: 0.472, Acc: 0.992, Base Lr: 4.22e-04
2026-06-05 04:10:58 transreid.train INFO: Epoch[58] Iter[240/275] Loss: 0.463, Acc: 0.992, Base Lr: 4.22e-04
2026-06-05 04:11:00 transreid.train INFO: Epoch[58] Iter[260/275] Loss: 0.456, Acc: 0.992, Base Lr: 4.22e-04
2026-06-05 04:11:01 transreid.train INFO: Epoch 58 done. Time per epoch: 28.971[s] Speed: 603.1[samples/s]
2026-06-05 04:11:04 transreid.train INFO: Epoch[59] Iter[20/275] Loss: 0.381, Acc: 0.990, Base Lr: 4.11e-04
2026-06-05 04:11:06 transreid.train INFO: Epoch[59] Iter[40/275] Loss: 0.384, Acc: 0.992, Base Lr: 4.11e-04
2026-06-05 04:11:08 transreid.train INFO: Epoch[59] Iter[60/275] Loss: 0.369, Acc: 0.992, Base Lr: 4.11e-04
2026-06-05 04:11:10 transreid.train INFO: Epoch[59] Iter[80/275] Loss: 0.374, Acc: 0.993, Base Lr: 4.11e-04
2026-06-05 04:11:12 transreid.train INFO: Epoch[59] Iter[100/275] Loss: 0.397, Acc: 0.992, Base Lr: 4.11e-04
2026-06-05 04:11:14 transreid.train INFO: Epoch[59] Iter[120/275] Loss: 0.407, Acc: 0.992, Base Lr: 4.11e-04
2026-06-05 04:11:16 transreid.train INFO: Epoch[59] Iter[140/275] Loss: 0.417, Acc: 0.992, Base Lr: 4.11e-04
2026-06-05 04:11:18 transreid.train INFO: Epoch[59] Iter[160/275] Loss: 0.427, Acc: 0.992, Base Lr: 4.11e-04
2026-06-05 04:11:20 transreid.train INFO: Epoch[59] Iter[180/275] Loss: 0.424, Acc: 0.992, Base Lr: 4.11e-04
2026-06-05 04:11:23 transreid.train INFO: Epoch[59] Iter[200/275] Loss: 0.421, Acc: 0.992, Base Lr: 4.11e-04
2026-06-05 04:11:25 transreid.train INFO: Epoch[59] Iter[220/275] Loss: 0.420, Acc: 0.992, Base Lr: 4.11e-04
2026-06-05 04:11:27 transreid.train INFO: Epoch[59] Iter[240/275] Loss: 0.412, Acc: 0.993, Base Lr: 4.11e-04
2026-06-05 04:11:29 transreid.train INFO: Epoch[59] Iter[260/275] Loss: 0.409, Acc: 0.993, Base Lr: 4.11e-04
2026-06-05 04:11:30 transreid.train INFO: Epoch 59 done. Time per epoch: 28.970[s] Speed: 603.1[samples/s]
2026-06-05 04:11:33 transreid.train INFO: Epoch[60] Iter[20/275] Loss: 0.420, Acc: 0.994, Base Lr: 4.01e-04
2026-06-05 04:11:35 transreid.train INFO: Epoch[60] Iter[40/275] Loss: 0.389, Acc: 0.993, Base Lr: 4.01e-04
2026-06-05 04:11:37 transreid.train INFO: Epoch[60] Iter[60/275] Loss: 0.365, Acc: 0.994, Base Lr: 4.01e-04
2026-06-05 04:11:39 transreid.train INFO: Epoch[60] Iter[80/275] Loss: 0.369, Acc: 0.994, Base Lr: 4.01e-04
2026-06-05 04:11:41 transreid.train INFO: Epoch[60] Iter[100/275] Loss: 0.392, Acc: 0.993, Base Lr: 4.01e-04
2026-06-05 04:11:43 transreid.train INFO: Epoch[60] Iter[120/275] Loss: 0.404, Acc: 0.993, Base Lr: 4.01e-04
2026-06-05 04:11:45 transreid.train INFO: Epoch[60] Iter[140/275] Loss: 0.417, Acc: 0.994, Base Lr: 4.01e-04
2026-06-05 04:11:47 transreid.train INFO: Epoch[60] Iter[160/275] Loss: 0.433, Acc: 0.993, Base Lr: 4.01e-04
2026-06-05 04:11:49 transreid.train INFO: Epoch[60] Iter[180/275] Loss: 0.429, Acc: 0.993, Base Lr: 4.01e-04
2026-06-05 04:11:52 transreid.train INFO: Epoch[60] Iter[200/275] Loss: 0.425, Acc: 0.993, Base Lr: 4.01e-04
2026-06-05 04:11:54 transreid.train INFO: Epoch[60] Iter[220/275] Loss: 0.423, Acc: 0.993, Base Lr: 4.01e-04
2026-06-05 04:11:56 transreid.train INFO: Epoch[60] Iter[240/275] Loss: 0.417, Acc: 0.993, Base Lr: 4.01e-04
2026-06-05 04:11:58 transreid.train INFO: Epoch[60] Iter[260/275] Loss: 0.414, Acc: 0.993, Base Lr: 4.01e-04
2026-06-05 04:11:59 transreid.train INFO: Epoch 60 done. Time per epoch: 28.969[s] Speed: 603.1[samples/s]
The test feature is normalized
=> Computing DistMat with euclidean_distance
2026-06-05 04:12:13 transreid.train INFO: Validation Results - Epoch: 60
2026-06-05 04:12:13 transreid.train INFO: mAP: 73.7%
2026-06-05 04:12:13 transreid.train INFO: CMC curve, Rank-1  :83.6%
2026-06-05 04:12:13 transreid.train INFO: CMC curve, Rank-5  :93.1%
2026-06-05 04:12:13 transreid.train INFO: CMC curve, Rank-10 :96.1%
2026-06-05 04:12:16 transreid.train INFO: Epoch[61] Iter[20/275] Loss: 0.445, Acc: 0.994, Base Lr: 3.90e-04
2026-06-05 04:12:18 transreid.train INFO: Epoch[61] Iter[40/275] Loss: 0.401, Acc: 0.995, Base Lr: 3.90e-04
2026-06-05 04:12:20 transreid.train INFO: Epoch[61] Iter[60/275] Loss: 0.396, Acc: 0.996, Base Lr: 3.90e-04
2026-06-05 04:12:22 transreid.train INFO: Epoch[61] Iter[80/275] Loss: 0.398, Acc: 0.996, Base Lr: 3.90e-04
2026-06-05 04:12:24 transreid.train INFO: Epoch[61] Iter[100/275] Loss: 0.402, Acc: 0.995, Base Lr: 3.90e-04
2026-06-05 04:12:26 transreid.train INFO: Epoch[61] Iter[120/275] Loss: 0.389, Acc: 0.995, Base Lr: 3.90e-04
2026-06-05 04:12:28 transreid.train INFO: Epoch[61] Iter[140/275] Loss: 0.393, Acc: 0.994, Base Lr: 3.90e-04
2026-06-05 04:12:30 transreid.train INFO: Epoch[61] Iter[160/275] Loss: 0.379, Acc: 0.994, Base Lr: 3.90e-04
2026-06-05 04:12:32 transreid.train INFO: Epoch[61] Iter[180/275] Loss: 0.392, Acc: 0.994, Base Lr: 3.90e-04
2026-06-05 04:12:35 transreid.train INFO: Epoch[61] Iter[200/275] Loss: 0.394, Acc: 0.994, Base Lr: 3.90e-04
2026-06-05 04:12:37 transreid.train INFO: Epoch[61] Iter[220/275] Loss: 0.389, Acc: 0.994, Base Lr: 3.90e-04
2026-06-05 04:12:39 transreid.train INFO: Epoch[61] Iter[240/275] Loss: 0.388, Acc: 0.994, Base Lr: 3.90e-04
2026-06-05 04:12:41 transreid.train INFO: Epoch[61] Iter[260/275] Loss: 0.386, Acc: 0.994, Base Lr: 3.90e-04
2026-06-05 04:12:42 transreid.train INFO: Epoch 61 done. Time per epoch: 28.980[s] Speed: 602.9[samples/s]
2026-06-05 04:12:45 transreid.train INFO: Epoch[62] Iter[20/275] Loss: 0.394, Acc: 0.993, Base Lr: 3.80e-04
2026-06-05 04:12:47 transreid.train INFO: Epoch[62] Iter[40/275] Loss: 0.400, Acc: 0.993, Base Lr: 3.80e-04
2026-06-05 04:12:49 transreid.train INFO: Epoch[62] Iter[60/275] Loss: 0.382, Acc: 0.994, Base Lr: 3.80e-04
2026-06-05 04:12:51 transreid.train INFO: Epoch[62] Iter[80/275] Loss: 0.403, Acc: 0.994, Base Lr: 3.80e-04
2026-06-05 04:12:53 transreid.train INFO: Epoch[62] Iter[100/275] Loss: 0.381, Acc: 0.994, Base Lr: 3.80e-04
2026-06-05 04:12:55 transreid.train INFO: Epoch[62] Iter[120/275] Loss: 0.366, Acc: 0.994, Base Lr: 3.80e-04
2026-06-05 04:12:57 transreid.train INFO: Epoch[62] Iter[140/275] Loss: 0.368, Acc: 0.994, Base Lr: 3.80e-04
2026-06-05 04:12:59 transreid.train INFO: Epoch[62] Iter[160/275] Loss: 0.372, Acc: 0.993, Base Lr: 3.80e-04
2026-06-05 04:13:01 transreid.train INFO: Epoch[62] Iter[180/275] Loss: 0.370, Acc: 0.993, Base Lr: 3.80e-04
2026-06-05 04:13:04 transreid.train INFO: Epoch[62] Iter[200/275] Loss: 0.374, Acc: 0.993, Base Lr: 3.80e-04
2026-06-05 04:13:06 transreid.train INFO: Epoch[62] Iter[220/275] Loss: 0.372, Acc: 0.993, Base Lr: 3.80e-04
2026-06-05 04:13:08 transreid.train INFO: Epoch[62] Iter[240/275] Loss: 0.373, Acc: 0.994, Base Lr: 3.80e-04
2026-06-05 04:13:10 transreid.train INFO: Epoch[62] Iter[260/275] Loss: 0.366, Acc: 0.994, Base Lr: 3.80e-04
2026-06-05 04:13:11 transreid.train INFO: Epoch 62 done. Time per epoch: 28.972[s] Speed: 603.1[samples/s]
2026-06-05 04:13:14 transreid.train INFO: Epoch[63] Iter[20/275] Loss: 0.384, Acc: 0.996, Base Lr: 3.69e-04
2026-06-05 04:13:16 transreid.train INFO: Epoch[63] Iter[40/275] Loss: 0.365, Acc: 0.995, Base Lr: 3.69e-04
2026-06-05 04:13:18 transreid.train INFO: Epoch[63] Iter[60/275] Loss: 0.371, Acc: 0.995, Base Lr: 3.69e-04
2026-06-05 04:13:20 transreid.train INFO: Epoch[63] Iter[80/275] Loss: 0.381, Acc: 0.996, Base Lr: 3.69e-04
2026-06-05 04:13:22 transreid.train INFO: Epoch[63] Iter[100/275] Loss: 0.379, Acc: 0.995, Base Lr: 3.69e-04
2026-06-05 04:13:24 transreid.train INFO: Epoch[63] Iter[120/275] Loss: 0.375, Acc: 0.995, Base Lr: 3.69e-04
2026-06-05 04:13:26 transreid.train INFO: Epoch[63] Iter[140/275] Loss: 0.386, Acc: 0.995, Base Lr: 3.69e-04
2026-06-05 04:13:28 transreid.train INFO: Epoch[63] Iter[160/275] Loss: 0.375, Acc: 0.995, Base Lr: 3.69e-04
2026-06-05 04:13:30 transreid.train INFO: Epoch[63] Iter[180/275] Loss: 0.365, Acc: 0.995, Base Lr: 3.69e-04
2026-06-05 04:13:33 transreid.train INFO: Epoch[63] Iter[200/275] Loss: 0.360, Acc: 0.995, Base Lr: 3.69e-04
2026-06-05 04:13:35 transreid.train INFO: Epoch[63] Iter[220/275] Loss: 0.353, Acc: 0.995, Base Lr: 3.69e-04
2026-06-05 04:13:37 transreid.train INFO: Epoch[63] Iter[240/275] Loss: 0.350, Acc: 0.995, Base Lr: 3.69e-04
2026-06-05 04:13:39 transreid.train INFO: Epoch[63] Iter[260/275] Loss: 0.347, Acc: 0.995, Base Lr: 3.69e-04
2026-06-05 04:13:40 transreid.train INFO: Epoch 63 done. Time per epoch: 28.995[s] Speed: 602.6[samples/s]
2026-06-05 04:13:43 transreid.train INFO: Epoch[64] Iter[20/275] Loss: 0.397, Acc: 0.993, Base Lr: 3.59e-04
2026-06-05 04:13:45 transreid.train INFO: Epoch[64] Iter[40/275] Loss: 0.369, Acc: 0.996, Base Lr: 3.59e-04
2026-06-05 04:13:47 transreid.train INFO: Epoch[64] Iter[60/275] Loss: 0.353, Acc: 0.997, Base Lr: 3.59e-04
2026-06-05 04:13:49 transreid.train INFO: Epoch[64] Iter[80/275] Loss: 0.345, Acc: 0.996, Base Lr: 3.59e-04
2026-06-05 04:13:51 transreid.train INFO: Epoch[64] Iter[100/275] Loss: 0.344, Acc: 0.996, Base Lr: 3.59e-04
2026-06-05 04:13:53 transreid.train INFO: Epoch[64] Iter[120/275] Loss: 0.348, Acc: 0.996, Base Lr: 3.59e-04
2026-06-05 04:13:55 transreid.train INFO: Epoch[64] Iter[140/275] Loss: 0.353, Acc: 0.996, Base Lr: 3.59e-04
2026-06-05 04:13:57 transreid.train INFO: Epoch[64] Iter[160/275] Loss: 0.349, Acc: 0.996, Base Lr: 3.59e-04
2026-06-05 04:13:59 transreid.train INFO: Epoch[64] Iter[180/275] Loss: 0.341, Acc: 0.996, Base Lr: 3.59e-04
2026-06-05 04:14:02 transreid.train INFO: Epoch[64] Iter[200/275] Loss: 0.336, Acc: 0.996, Base Lr: 3.59e-04
2026-06-05 04:14:04 transreid.train INFO: Epoch[64] Iter[220/275] Loss: 0.337, Acc: 0.996, Base Lr: 3.59e-04
2026-06-05 04:14:06 transreid.train INFO: Epoch[64] Iter[240/275] Loss: 0.340, Acc: 0.996, Base Lr: 3.59e-04
2026-06-05 04:14:08 transreid.train INFO: Epoch[64] Iter[260/275] Loss: 0.339, Acc: 0.996, Base Lr: 3.59e-04
2026-06-05 04:14:09 transreid.train INFO: Epoch 64 done. Time per epoch: 28.968[s] Speed: 603.2[samples/s]
2026-06-05 04:14:12 transreid.train INFO: Epoch[65] Iter[20/275] Loss: 0.320, Acc: 0.995, Base Lr: 3.49e-04
2026-06-05 04:14:14 transreid.train INFO: Epoch[65] Iter[40/275] Loss: 0.321, Acc: 0.995, Base Lr: 3.49e-04
2026-06-05 04:14:16 transreid.train INFO: Epoch[65] Iter[60/275] Loss: 0.339, Acc: 0.994, Base Lr: 3.49e-04
2026-06-05 04:14:18 transreid.train INFO: Epoch[65] Iter[80/275] Loss: 0.332, Acc: 0.995, Base Lr: 3.49e-04
2026-06-05 04:14:20 transreid.train INFO: Epoch[65] Iter[100/275] Loss: 0.341, Acc: 0.995, Base Lr: 3.49e-04
2026-06-05 04:14:22 transreid.train INFO: Epoch[65] Iter[120/275] Loss: 0.334, Acc: 0.995, Base Lr: 3.49e-04
2026-06-05 04:14:24 transreid.train INFO: Epoch[65] Iter[140/275] Loss: 0.327, Acc: 0.995, Base Lr: 3.49e-04
2026-06-05 04:14:26 transreid.train INFO: Epoch[65] Iter[160/275] Loss: 0.322, Acc: 0.995, Base Lr: 3.49e-04
2026-06-05 04:14:28 transreid.train INFO: Epoch[65] Iter[180/275] Loss: 0.314, Acc: 0.995, Base Lr: 3.49e-04
2026-06-05 04:14:30 transreid.train INFO: Epoch[65] Iter[200/275] Loss: 0.308, Acc: 0.995, Base Lr: 3.49e-04
2026-06-05 04:14:33 transreid.train INFO: Epoch[65] Iter[220/275] Loss: 0.311, Acc: 0.995, Base Lr: 3.49e-04
2026-06-05 04:14:35 transreid.train INFO: Epoch[65] Iter[240/275] Loss: 0.308, Acc: 0.995, Base Lr: 3.49e-04
2026-06-05 04:14:37 transreid.train INFO: Epoch[65] Iter[260/275] Loss: 0.306, Acc: 0.995, Base Lr: 3.49e-04
2026-06-05 04:14:38 transreid.train INFO: Epoch 65 done. Time per epoch: 28.980[s] Speed: 602.9[samples/s]
2026-06-05 04:14:41 transreid.train INFO: Epoch[66] Iter[20/275] Loss: 0.341, Acc: 0.996, Base Lr: 3.38e-04
2026-06-05 04:14:43 transreid.train INFO: Epoch[66] Iter[40/275] Loss: 0.342, Acc: 0.994, Base Lr: 3.38e-04
2026-06-05 04:14:45 transreid.train INFO: Epoch[66] Iter[60/275] Loss: 0.337, Acc: 0.993, Base Lr: 3.38e-04
2026-06-05 04:14:47 transreid.train INFO: Epoch[66] Iter[80/275] Loss: 0.326, Acc: 0.993, Base Lr: 3.38e-04
2026-06-05 04:14:49 transreid.train INFO: Epoch[66] Iter[100/275] Loss: 0.315, Acc: 0.993, Base Lr: 3.38e-04
2026-06-05 04:14:51 transreid.train INFO: Epoch[66] Iter[120/275] Loss: 0.312, Acc: 0.993, Base Lr: 3.38e-04
2026-06-05 04:14:53 transreid.train INFO: Epoch[66] Iter[140/275] Loss: 0.312, Acc: 0.994, Base Lr: 3.38e-04
2026-06-05 04:14:55 transreid.train INFO: Epoch[66] Iter[160/275] Loss: 0.315, Acc: 0.994, Base Lr: 3.38e-04
2026-06-05 04:14:57 transreid.train INFO: Epoch[66] Iter[180/275] Loss: 0.318, Acc: 0.994, Base Lr: 3.38e-04
2026-06-05 04:14:59 transreid.train INFO: Epoch[66] Iter[200/275] Loss: 0.324, Acc: 0.994, Base Lr: 3.38e-04
2026-06-05 04:15:02 transreid.train INFO: Epoch[66] Iter[220/275] Loss: 0.327, Acc: 0.994, Base Lr: 3.38e-04
2026-06-05 04:15:04 transreid.train INFO: Epoch[66] Iter[240/275] Loss: 0.326, Acc: 0.995, Base Lr: 3.38e-04
2026-06-05 04:15:06 transreid.train INFO: Epoch[66] Iter[260/275] Loss: 0.325, Acc: 0.995, Base Lr: 3.38e-04
2026-06-05 04:15:07 transreid.train INFO: Epoch 66 done. Time per epoch: 28.951[s] Speed: 603.5[samples/s]
2026-06-05 04:15:10 transreid.train INFO: Epoch[67] Iter[20/275] Loss: 0.437, Acc: 0.995, Base Lr: 3.28e-04
2026-06-05 04:15:12 transreid.train INFO: Epoch[67] Iter[40/275] Loss: 0.367, Acc: 0.996, Base Lr: 3.28e-04
2026-06-05 04:15:14 transreid.train INFO: Epoch[67] Iter[60/275] Loss: 0.332, Acc: 0.995, Base Lr: 3.28e-04
2026-06-05 04:15:16 transreid.train INFO: Epoch[67] Iter[80/275] Loss: 0.321, Acc: 0.995, Base Lr: 3.28e-04
2026-06-05 04:15:18 transreid.train INFO: Epoch[67] Iter[100/275] Loss: 0.328, Acc: 0.995, Base Lr: 3.28e-04
2026-06-05 04:15:20 transreid.train INFO: Epoch[67] Iter[120/275] Loss: 0.327, Acc: 0.995, Base Lr: 3.28e-04
2026-06-05 04:15:22 transreid.train INFO: Epoch[67] Iter[140/275] Loss: 0.328, Acc: 0.995, Base Lr: 3.28e-04
2026-06-05 04:15:24 transreid.train INFO: Epoch[67] Iter[160/275] Loss: 0.328, Acc: 0.996, Base Lr: 3.28e-04
2026-06-05 04:15:26 transreid.train INFO: Epoch[67] Iter[180/275] Loss: 0.331, Acc: 0.996, Base Lr: 3.28e-04
2026-06-05 04:15:28 transreid.train INFO: Epoch[67] Iter[200/275] Loss: 0.328, Acc: 0.996, Base Lr: 3.28e-04
2026-06-05 04:15:31 transreid.train INFO: Epoch[67] Iter[220/275] Loss: 0.323, Acc: 0.996, Base Lr: 3.28e-04
2026-06-05 04:15:33 transreid.train INFO: Epoch[67] Iter[240/275] Loss: 0.324, Acc: 0.996, Base Lr: 3.28e-04
2026-06-05 04:15:35 transreid.train INFO: Epoch[67] Iter[260/275] Loss: 0.323, Acc: 0.996, Base Lr: 3.28e-04
2026-06-05 04:15:36 transreid.train INFO: Epoch 67 done. Time per epoch: 29.141[s] Speed: 601.8[samples/s]
2026-06-05 04:15:39 transreid.train INFO: Epoch[68] Iter[20/275] Loss: 0.315, Acc: 0.996, Base Lr: 3.18e-04
2026-06-05 04:15:41 transreid.train INFO: Epoch[68] Iter[40/275] Loss: 0.321, Acc: 0.995, Base Lr: 3.18e-04
2026-06-05 04:15:43 transreid.train INFO: Epoch[68] Iter[60/275] Loss: 0.294, Acc: 0.994, Base Lr: 3.18e-04
2026-06-05 04:15:45 transreid.train INFO: Epoch[68] Iter[80/275] Loss: 0.295, Acc: 0.995, Base Lr: 3.18e-04
2026-06-05 04:15:47 transreid.train INFO: Epoch[68] Iter[100/275] Loss: 0.280, Acc: 0.995, Base Lr: 3.18e-04
2026-06-05 04:15:49 transreid.train INFO: Epoch[68] Iter[120/275] Loss: 0.275, Acc: 0.996, Base Lr: 3.18e-04
2026-06-05 04:15:51 transreid.train INFO: Epoch[68] Iter[140/275] Loss: 0.279, Acc: 0.996, Base Lr: 3.18e-04
2026-06-05 04:15:53 transreid.train INFO: Epoch[68] Iter[160/275] Loss: 0.276, Acc: 0.997, Base Lr: 3.18e-04
2026-06-05 04:15:55 transreid.train INFO: Epoch[68] Iter[180/275] Loss: 0.270, Acc: 0.997, Base Lr: 3.18e-04
2026-06-05 04:15:58 transreid.train INFO: Epoch[68] Iter[200/275] Loss: 0.286, Acc: 0.996, Base Lr: 3.18e-04
2026-06-05 04:16:00 transreid.train INFO: Epoch[68] Iter[220/275] Loss: 0.284, Acc: 0.996, Base Lr: 3.18e-04
2026-06-05 04:16:02 transreid.train INFO: Epoch[68] Iter[240/275] Loss: 0.304, Acc: 0.996, Base Lr: 3.18e-04
2026-06-05 04:16:04 transreid.train INFO: Epoch[68] Iter[260/275] Loss: 0.321, Acc: 0.996, Base Lr: 3.18e-04
2026-06-05 04:16:05 transreid.train INFO: Epoch 68 done. Time per epoch: 28.995[s] Speed: 602.6[samples/s]
2026-06-05 04:16:08 transreid.train INFO: Epoch[69] Iter[20/275] Loss: 0.365, Acc: 0.995, Base Lr: 3.08e-04
2026-06-05 04:16:10 transreid.train INFO: Epoch[69] Iter[40/275] Loss: 0.366, Acc: 0.996, Base Lr: 3.08e-04
2026-06-05 04:16:12 transreid.train INFO: Epoch[69] Iter[60/275] Loss: 0.374, Acc: 0.996, Base Lr: 3.08e-04
2026-06-05 04:16:14 transreid.train INFO: Epoch[69] Iter[80/275] Loss: 0.357, Acc: 0.996, Base Lr: 3.08e-04
2026-06-05 04:16:16 transreid.train INFO: Epoch[69] Iter[100/275] Loss: 0.381, Acc: 0.996, Base Lr: 3.08e-04
2026-06-05 04:16:18 transreid.train INFO: Epoch[69] Iter[120/275] Loss: 0.390, Acc: 0.996, Base Lr: 3.08e-04
2026-06-05 04:16:20 transreid.train INFO: Epoch[69] Iter[140/275] Loss: 0.379, Acc: 0.996, Base Lr: 3.08e-04
2026-06-05 04:16:22 transreid.train INFO: Epoch[69] Iter[160/275] Loss: 0.374, Acc: 0.996, Base Lr: 3.08e-04
2026-06-05 04:16:24 transreid.train INFO: Epoch[69] Iter[180/275] Loss: 0.368, Acc: 0.996, Base Lr: 3.08e-04
2026-06-05 04:16:27 transreid.train INFO: Epoch[69] Iter[200/275] Loss: 0.359, Acc: 0.996, Base Lr: 3.08e-04
2026-06-05 04:16:29 transreid.train INFO: Epoch[69] Iter[220/275] Loss: 0.353, Acc: 0.995, Base Lr: 3.08e-04
2026-06-05 04:16:31 transreid.train INFO: Epoch[69] Iter[240/275] Loss: 0.349, Acc: 0.995, Base Lr: 3.08e-04
2026-06-05 04:16:33 transreid.train INFO: Epoch[69] Iter[260/275] Loss: 0.342, Acc: 0.995, Base Lr: 3.08e-04
2026-06-05 04:16:34 transreid.train INFO: Epoch 69 done. Time per epoch: 29.080[s] Speed: 603.0[samples/s]
2026-06-05 04:16:37 transreid.train INFO: Epoch[70] Iter[20/275] Loss: 0.327, Acc: 0.997, Base Lr: 2.97e-04
2026-06-05 04:16:39 transreid.train INFO: Epoch[70] Iter[40/275] Loss: 0.309, Acc: 0.996, Base Lr: 2.97e-04
2026-06-05 04:16:41 transreid.train INFO: Epoch[70] Iter[60/275] Loss: 0.315, Acc: 0.997, Base Lr: 2.97e-04
2026-06-05 04:16:43 transreid.train INFO: Epoch[70] Iter[80/275] Loss: 0.318, Acc: 0.996, Base Lr: 2.97e-04
2026-06-05 04:16:45 transreid.train INFO: Epoch[70] Iter[100/275] Loss: 0.337, Acc: 0.995, Base Lr: 2.97e-04
2026-06-05 04:16:47 transreid.train INFO: Epoch[70] Iter[120/275] Loss: 0.337, Acc: 0.996, Base Lr: 2.97e-04
2026-06-05 04:16:49 transreid.train INFO: Epoch[70] Iter[140/275] Loss: 0.337, Acc: 0.996, Base Lr: 2.97e-04
2026-06-05 04:16:51 transreid.train INFO: Epoch[70] Iter[160/275] Loss: 0.334, Acc: 0.996, Base Lr: 2.97e-04
2026-06-05 04:16:54 transreid.train INFO: Epoch[70] Iter[180/275] Loss: 0.332, Acc: 0.996, Base Lr: 2.97e-04
2026-06-05 04:16:56 transreid.train INFO: Epoch[70] Iter[200/275] Loss: 0.339, Acc: 0.996, Base Lr: 2.97e-04
2026-06-05 04:16:58 transreid.train INFO: Epoch[70] Iter[220/275] Loss: 0.333, Acc: 0.996, Base Lr: 2.97e-04
2026-06-05 04:17:00 transreid.train INFO: Epoch[70] Iter[240/275] Loss: 0.331, Acc: 0.996, Base Lr: 2.97e-04
2026-06-05 04:17:02 transreid.train INFO: Epoch[70] Iter[260/275] Loss: 0.335, Acc: 0.995, Base Lr: 2.97e-04
2026-06-05 04:17:03 transreid.train INFO: Epoch 70 done. Time per epoch: 29.061[s] Speed: 603.4[samples/s]
2026-06-05 04:17:06 transreid.train INFO: Epoch[71] Iter[20/275] Loss: 0.383, Acc: 0.997, Base Lr: 2.87e-04
2026-06-05 04:17:08 transreid.train INFO: Epoch[71] Iter[40/275] Loss: 0.356, Acc: 0.996, Base Lr: 2.87e-04
2026-06-05 04:17:10 transreid.train INFO: Epoch[71] Iter[60/275] Loss: 0.361, Acc: 0.995, Base Lr: 2.87e-04
2026-06-05 04:17:12 transreid.train INFO: Epoch[71] Iter[80/275] Loss: 0.355, Acc: 0.995, Base Lr: 2.87e-04
2026-06-05 04:17:14 transreid.train INFO: Epoch[71] Iter[100/275] Loss: 0.346, Acc: 0.995, Base Lr: 2.87e-04
2026-06-05 04:17:16 transreid.train INFO: Epoch[71] Iter[120/275] Loss: 0.334, Acc: 0.996, Base Lr: 2.87e-04
2026-06-05 04:17:18 transreid.train INFO: Epoch[71] Iter[140/275] Loss: 0.332, Acc: 0.996, Base Lr: 2.87e-04
2026-06-05 04:17:20 transreid.train INFO: Epoch[71] Iter[160/275] Loss: 0.323, Acc: 0.995, Base Lr: 2.87e-04
2026-06-05 04:17:23 transreid.train INFO: Epoch[71] Iter[180/275] Loss: 0.326, Acc: 0.995, Base Lr: 2.87e-04
2026-06-05 04:17:25 transreid.train INFO: Epoch[71] Iter[200/275] Loss: 0.319, Acc: 0.995, Base Lr: 2.87e-04
2026-06-05 04:17:27 transreid.train INFO: Epoch[71] Iter[220/275] Loss: 0.324, Acc: 0.995, Base Lr: 2.87e-04
2026-06-05 04:17:29 transreid.train INFO: Epoch[71] Iter[240/275] Loss: 0.322, Acc: 0.995, Base Lr: 2.87e-04
2026-06-05 04:17:31 transreid.train INFO: Epoch[71] Iter[260/275] Loss: 0.319, Acc: 0.995, Base Lr: 2.87e-04
2026-06-05 04:17:32 transreid.train INFO: Epoch 71 done. Time per epoch: 29.069[s] Speed: 603.3[samples/s]
2026-06-05 04:17:35 transreid.train INFO: Epoch[72] Iter[20/275] Loss: 0.281, Acc: 0.995, Base Lr: 2.77e-04
2026-06-05 04:17:37 transreid.train INFO: Epoch[72] Iter[40/275] Loss: 0.318, Acc: 0.996, Base Lr: 2.77e-04
2026-06-05 04:17:39 transreid.train INFO: Epoch[72] Iter[60/275] Loss: 0.306, Acc: 0.995, Base Lr: 2.77e-04
2026-06-05 04:17:41 transreid.train INFO: Epoch[72] Iter[80/275] Loss: 0.300, Acc: 0.996, Base Lr: 2.77e-04
2026-06-05 04:17:43 transreid.train INFO: Epoch[72] Iter[100/275] Loss: 0.313, Acc: 0.995, Base Lr: 2.77e-04
2026-06-05 04:17:45 transreid.train INFO: Epoch[72] Iter[120/275] Loss: 0.313, Acc: 0.995, Base Lr: 2.77e-04
2026-06-05 04:17:47 transreid.train INFO: Epoch[72] Iter[140/275] Loss: 0.304, Acc: 0.996, Base Lr: 2.77e-04
2026-06-05 04:17:50 transreid.train INFO: Epoch[72] Iter[160/275] Loss: 0.311, Acc: 0.996, Base Lr: 2.77e-04
2026-06-05 04:17:52 transreid.train INFO: Epoch[72] Iter[180/275] Loss: 0.315, Acc: 0.996, Base Lr: 2.77e-04
2026-06-05 04:17:54 transreid.train INFO: Epoch[72] Iter[200/275] Loss: 0.309, Acc: 0.996, Base Lr: 2.77e-04
2026-06-05 04:17:56 transreid.train INFO: Epoch[72] Iter[220/275] Loss: 0.304, Acc: 0.996, Base Lr: 2.77e-04
2026-06-05 04:17:58 transreid.train INFO: Epoch[72] Iter[240/275] Loss: 0.298, Acc: 0.996, Base Lr: 2.77e-04
2026-06-05 04:18:00 transreid.train INFO: Epoch[72] Iter[260/275] Loss: 0.299, Acc: 0.996, Base Lr: 2.77e-04
2026-06-05 04:18:01 transreid.train INFO: Epoch 72 done. Time per epoch: 28.975[s] Speed: 603.0[samples/s]
2026-06-05 04:18:04 transreid.train INFO: Epoch[73] Iter[20/275] Loss: 0.258, Acc: 0.998, Base Lr: 2.68e-04
2026-06-05 04:18:06 transreid.train INFO: Epoch[73] Iter[40/275] Loss: 0.267, Acc: 0.995, Base Lr: 2.68e-04
2026-06-05 04:18:08 transreid.train INFO: Epoch[73] Iter[60/275] Loss: 0.264, Acc: 0.997, Base Lr: 2.68e-04
2026-06-05 04:18:10 transreid.train INFO: Epoch[73] Iter[80/275] Loss: 0.266, Acc: 0.997, Base Lr: 2.68e-04
2026-06-05 04:18:12 transreid.train INFO: Epoch[73] Iter[100/275] Loss: 0.273, Acc: 0.997, Base Lr: 2.68e-04
2026-06-05 04:18:14 transreid.train INFO: Epoch[73] Iter[120/275] Loss: 0.269, Acc: 0.997, Base Lr: 2.68e-04
2026-06-05 04:18:16 transreid.train INFO: Epoch[73] Iter[140/275] Loss: 0.274, Acc: 0.997, Base Lr: 2.68e-04
2026-06-05 04:18:19 transreid.train INFO: Epoch[73] Iter[160/275] Loss: 0.282, Acc: 0.997, Base Lr: 2.68e-04
2026-06-05 04:18:21 transreid.train INFO: Epoch[73] Iter[180/275] Loss: 0.282, Acc: 0.997, Base Lr: 2.68e-04
2026-06-05 04:18:23 transreid.train INFO: Epoch[73] Iter[200/275] Loss: 0.298, Acc: 0.996, Base Lr: 2.68e-04
2026-06-05 04:18:25 transreid.train INFO: Epoch[73] Iter[220/275] Loss: 0.301, Acc: 0.996, Base Lr: 2.68e-04
2026-06-05 04:18:27 transreid.train INFO: Epoch[73] Iter[240/275] Loss: 0.301, Acc: 0.996, Base Lr: 2.68e-04
2026-06-05 04:18:29 transreid.train INFO: Epoch[73] Iter[260/275] Loss: 0.299, Acc: 0.996, Base Lr: 2.68e-04
2026-06-05 04:18:30 transreid.train INFO: Epoch 73 done. Time per epoch: 28.985[s] Speed: 602.8[samples/s]
2026-06-05 04:18:33 transreid.train INFO: Epoch[74] Iter[20/275] Loss: 0.294, Acc: 0.996, Base Lr: 2.58e-04
2026-06-05 04:18:35 transreid.train INFO: Epoch[74] Iter[40/275] Loss: 0.275, Acc: 0.995, Base Lr: 2.58e-04
2026-06-05 04:18:37 transreid.train INFO: Epoch[74] Iter[60/275] Loss: 0.267, Acc: 0.996, Base Lr: 2.58e-04
2026-06-05 04:18:39 transreid.train INFO: Epoch[74] Iter[80/275] Loss: 0.266, Acc: 0.996, Base Lr: 2.58e-04
2026-06-05 04:18:41 transreid.train INFO: Epoch[74] Iter[100/275] Loss: 0.262, Acc: 0.996, Base Lr: 2.58e-04
2026-06-05 04:18:43 transreid.train INFO: Epoch[74] Iter[120/275] Loss: 0.303, Acc: 0.996, Base Lr: 2.58e-04
2026-06-05 04:18:45 transreid.train INFO: Epoch[74] Iter[140/275] Loss: 0.310, Acc: 0.995, Base Lr: 2.58e-04
2026-06-05 04:18:48 transreid.train INFO: Epoch[74] Iter[160/275] Loss: 0.308, Acc: 0.996, Base Lr: 2.58e-04
2026-06-05 04:18:50 transreid.train INFO: Epoch[74] Iter[180/275] Loss: 0.310, Acc: 0.996, Base Lr: 2.58e-04
2026-06-05 04:18:52 transreid.train INFO: Epoch[74] Iter[200/275] Loss: 0.318, Acc: 0.996, Base Lr: 2.58e-04
2026-06-05 04:18:54 transreid.train INFO: Epoch[74] Iter[220/275] Loss: 0.322, Acc: 0.996, Base Lr: 2.58e-04
2026-06-05 04:18:56 transreid.train INFO: Epoch[74] Iter[240/275] Loss: 0.319, Acc: 0.996, Base Lr: 2.58e-04
2026-06-05 04:18:58 transreid.train INFO: Epoch[74] Iter[260/275] Loss: 0.315, Acc: 0.996, Base Lr: 2.58e-04
2026-06-05 04:19:00 transreid.train INFO: Epoch 74 done. Time per epoch: 29.064[s] Speed: 603.4[samples/s]
2026-06-05 04:19:02 transreid.train INFO: Epoch[75] Iter[20/275] Loss: 0.358, Acc: 0.995, Base Lr: 2.48e-04
2026-06-05 04:19:04 transreid.train INFO: Epoch[75] Iter[40/275] Loss: 0.330, Acc: 0.997, Base Lr: 2.48e-04
2026-06-05 04:19:06 transreid.train INFO: Epoch[75] Iter[60/275] Loss: 0.304, Acc: 0.997, Base Lr: 2.48e-04
2026-06-05 04:19:08 transreid.train INFO: Epoch[75] Iter[80/275] Loss: 0.312, Acc: 0.996, Base Lr: 2.48e-04
2026-06-05 04:19:10 transreid.train INFO: Epoch[75] Iter[100/275] Loss: 0.312, Acc: 0.996, Base Lr: 2.48e-04
2026-06-05 04:19:12 transreid.train INFO: Epoch[75] Iter[120/275] Loss: 0.313, Acc: 0.996, Base Lr: 2.48e-04
2026-06-05 04:19:14 transreid.train INFO: Epoch[75] Iter[140/275] Loss: 0.319, Acc: 0.996, Base Lr: 2.48e-04
2026-06-05 04:19:17 transreid.train INFO: Epoch[75] Iter[160/275] Loss: 0.315, Acc: 0.995, Base Lr: 2.48e-04
2026-06-05 04:19:19 transreid.train INFO: Epoch[75] Iter[180/275] Loss: 0.316, Acc: 0.995, Base Lr: 2.48e-04
2026-06-05 04:19:21 transreid.train INFO: Epoch[75] Iter[200/275] Loss: 0.309, Acc: 0.996, Base Lr: 2.48e-04
2026-06-05 04:19:23 transreid.train INFO: Epoch[75] Iter[220/275] Loss: 0.309, Acc: 0.996, Base Lr: 2.48e-04
2026-06-05 04:19:25 transreid.train INFO: Epoch[75] Iter[240/275] Loss: 0.310, Acc: 0.996, Base Lr: 2.48e-04
2026-06-05 04:19:27 transreid.train INFO: Epoch[75] Iter[260/275] Loss: 0.307, Acc: 0.996, Base Lr: 2.48e-04
2026-06-05 04:19:28 transreid.train INFO: Epoch 75 done. Time per epoch: 28.967[s] Speed: 603.2[samples/s]
2026-06-05 04:19:31 transreid.train INFO: Epoch[76] Iter[20/275] Loss: 0.331, Acc: 0.995, Base Lr: 2.38e-04
2026-06-05 04:19:33 transreid.train INFO: Epoch[76] Iter[40/275] Loss: 0.337, Acc: 0.994, Base Lr: 2.38e-04
2026-06-05 04:19:35 transreid.train INFO: Epoch[76] Iter[60/275] Loss: 0.323, Acc: 0.994, Base Lr: 2.38e-04
2026-06-05 04:19:37 transreid.train INFO: Epoch[76] Iter[80/275] Loss: 0.307, Acc: 0.995, Base Lr: 2.38e-04
2026-06-05 04:19:39 transreid.train INFO: Epoch[76] Iter[100/275] Loss: 0.299, Acc: 0.995, Base Lr: 2.38e-04
2026-06-05 04:19:41 transreid.train INFO: Epoch[76] Iter[120/275] Loss: 0.314, Acc: 0.995, Base Lr: 2.38e-04
2026-06-05 04:19:43 transreid.train INFO: Epoch[76] Iter[140/275] Loss: 0.313, Acc: 0.996, Base Lr: 2.38e-04
2026-06-05 04:19:46 transreid.train INFO: Epoch[76] Iter[160/275] Loss: 0.305, Acc: 0.996, Base Lr: 2.38e-04
2026-06-05 04:19:48 transreid.train INFO: Epoch[76] Iter[180/275] Loss: 0.300, Acc: 0.996, Base Lr: 2.38e-04
2026-06-05 04:19:50 transreid.train INFO: Epoch[76] Iter[200/275] Loss: 0.297, Acc: 0.997, Base Lr: 2.38e-04
2026-06-05 04:19:52 transreid.train INFO: Epoch[76] Iter[220/275] Loss: 0.293, Acc: 0.997, Base Lr: 2.38e-04
2026-06-05 04:19:54 transreid.train INFO: Epoch[76] Iter[240/275] Loss: 0.299, Acc: 0.997, Base Lr: 2.38e-04
2026-06-05 04:19:56 transreid.train INFO: Epoch[76] Iter[260/275] Loss: 0.306, Acc: 0.996, Base Lr: 2.38e-04
2026-06-05 04:19:57 transreid.train INFO: Epoch 76 done. Time per epoch: 28.955[s] Speed: 603.4[samples/s]
2026-06-05 04:20:00 transreid.train INFO: Epoch[77] Iter[20/275] Loss: 0.318, Acc: 0.997, Base Lr: 2.29e-04
2026-06-05 04:20:02 transreid.train INFO: Epoch[77] Iter[40/275] Loss: 0.345, Acc: 0.996, Base Lr: 2.29e-04
2026-06-05 04:20:04 transreid.train INFO: Epoch[77] Iter[60/275] Loss: 0.323, Acc: 0.997, Base Lr: 2.29e-04
2026-06-05 04:20:06 transreid.train INFO: Epoch[77] Iter[80/275] Loss: 0.313, Acc: 0.997, Base Lr: 2.29e-04
2026-06-05 04:20:08 transreid.train INFO: Epoch[77] Iter[100/275] Loss: 0.300, Acc: 0.997, Base Lr: 2.29e-04
2026-06-05 04:20:10 transreid.train INFO: Epoch[77] Iter[120/275] Loss: 0.300, Acc: 0.996, Base Lr: 2.29e-04
2026-06-05 04:20:12 transreid.train INFO: Epoch[77] Iter[140/275] Loss: 0.288, Acc: 0.997, Base Lr: 2.29e-04
2026-06-05 04:20:15 transreid.train INFO: Epoch[77] Iter[160/275] Loss: 0.279, Acc: 0.997, Base Lr: 2.29e-04
2026-06-05 04:20:17 transreid.train INFO: Epoch[77] Iter[180/275] Loss: 0.281, Acc: 0.997, Base Lr: 2.29e-04
2026-06-05 04:20:19 transreid.train INFO: Epoch[77] Iter[200/275] Loss: 0.288, Acc: 0.996, Base Lr: 2.29e-04
2026-06-05 04:20:21 transreid.train INFO: Epoch[77] Iter[220/275] Loss: 0.298, Acc: 0.996, Base Lr: 2.29e-04
2026-06-05 04:20:23 transreid.train INFO: Epoch[77] Iter[240/275] Loss: 0.308, Acc: 0.996, Base Lr: 2.29e-04
2026-06-05 04:20:25 transreid.train INFO: Epoch[77] Iter[260/275] Loss: 0.306, Acc: 0.996, Base Lr: 2.29e-04
2026-06-05 04:20:27 transreid.train INFO: Epoch 77 done. Time per epoch: 29.078[s] Speed: 603.1[samples/s]
2026-06-05 04:20:29 transreid.train INFO: Epoch[78] Iter[20/275] Loss: 0.334, Acc: 0.992, Base Lr: 2.20e-04
2026-06-05 04:20:31 transreid.train INFO: Epoch[78] Iter[40/275] Loss: 0.319, Acc: 0.995, Base Lr: 2.20e-04
2026-06-05 04:20:33 transreid.train INFO: Epoch[78] Iter[60/275] Loss: 0.326, Acc: 0.995, Base Lr: 2.20e-04
2026-06-05 04:20:35 transreid.train INFO: Epoch[78] Iter[80/275] Loss: 0.320, Acc: 0.996, Base Lr: 2.20e-04
2026-06-05 04:20:37 transreid.train INFO: Epoch[78] Iter[100/275] Loss: 0.302, Acc: 0.996, Base Lr: 2.20e-04
2026-06-05 04:20:39 transreid.train INFO: Epoch[78] Iter[120/275] Loss: 0.292, Acc: 0.996, Base Lr: 2.20e-04
2026-06-05 04:20:41 transreid.train INFO: Epoch[78] Iter[140/275] Loss: 0.292, Acc: 0.996, Base Lr: 2.20e-04
2026-06-05 04:20:44 transreid.train INFO: Epoch[78] Iter[160/275] Loss: 0.290, Acc: 0.996, Base Lr: 2.20e-04
2026-06-05 04:20:46 transreid.train INFO: Epoch[78] Iter[180/275] Loss: 0.299, Acc: 0.995, Base Lr: 2.20e-04
2026-06-05 04:20:48 transreid.train INFO: Epoch[78] Iter[200/275] Loss: 0.300, Acc: 0.995, Base Lr: 2.20e-04
2026-06-05 04:20:50 transreid.train INFO: Epoch[78] Iter[220/275] Loss: 0.296, Acc: 0.996, Base Lr: 2.20e-04
2026-06-05 04:20:52 transreid.train INFO: Epoch[78] Iter[240/275] Loss: 0.290, Acc: 0.996, Base Lr: 2.20e-04
2026-06-05 04:20:54 transreid.train INFO: Epoch[78] Iter[260/275] Loss: 0.286, Acc: 0.996, Base Lr: 2.20e-04
2026-06-05 04:20:55 transreid.train INFO: Epoch 78 done. Time per epoch: 28.960[s] Speed: 603.3[samples/s]
2026-06-05 04:20:58 transreid.train INFO: Epoch[79] Iter[20/275] Loss: 0.242, Acc: 0.993, Base Lr: 2.10e-04
2026-06-05 04:21:00 transreid.train INFO: Epoch[79] Iter[40/275] Loss: 0.267, Acc: 0.994, Base Lr: 2.10e-04
2026-06-05 04:21:02 transreid.train INFO: Epoch[79] Iter[60/275] Loss: 0.264, Acc: 0.995, Base Lr: 2.10e-04
2026-06-05 04:21:04 transreid.train INFO: Epoch[79] Iter[80/275] Loss: 0.258, Acc: 0.995, Base Lr: 2.10e-04
2026-06-05 04:21:06 transreid.train INFO: Epoch[79] Iter[100/275] Loss: 0.251, Acc: 0.996, Base Lr: 2.10e-04
2026-06-05 04:21:08 transreid.train INFO: Epoch[79] Iter[120/275] Loss: 0.250, Acc: 0.996, Base Lr: 2.10e-04
2026-06-05 04:21:10 transreid.train INFO: Epoch[79] Iter[140/275] Loss: 0.251, Acc: 0.996, Base Lr: 2.10e-04
2026-06-05 04:21:13 transreid.train INFO: Epoch[79] Iter[160/275] Loss: 0.254, Acc: 0.997, Base Lr: 2.10e-04
2026-06-05 04:21:15 transreid.train INFO: Epoch[79] Iter[180/275] Loss: 0.254, Acc: 0.997, Base Lr: 2.10e-04
2026-06-05 04:21:17 transreid.train INFO: Epoch[79] Iter[200/275] Loss: 0.260, Acc: 0.997, Base Lr: 2.10e-04
2026-06-05 04:21:19 transreid.train INFO: Epoch[79] Iter[220/275] Loss: 0.258, Acc: 0.997, Base Lr: 2.10e-04
2026-06-05 04:21:21 transreid.train INFO: Epoch[79] Iter[240/275] Loss: 0.266, Acc: 0.997, Base Lr: 2.10e-04
2026-06-05 04:21:23 transreid.train INFO: Epoch[79] Iter[260/275] Loss: 0.266, Acc: 0.997, Base Lr: 2.10e-04
2026-06-05 04:21:25 transreid.train INFO: Epoch 79 done. Time per epoch: 29.087[s] Speed: 602.9[samples/s]
2026-06-05 04:21:27 transreid.train INFO: Epoch[80] Iter[20/275] Loss: 0.254, Acc: 0.997, Base Lr: 2.01e-04
2026-06-05 04:21:29 transreid.train INFO: Epoch[80] Iter[40/275] Loss: 0.264, Acc: 0.996, Base Lr: 2.01e-04
2026-06-05 04:21:31 transreid.train INFO: Epoch[80] Iter[60/275] Loss: 0.249, Acc: 0.997, Base Lr: 2.01e-04
2026-06-05 04:21:33 transreid.train INFO: Epoch[80] Iter[80/275] Loss: 0.262, Acc: 0.996, Base Lr: 2.01e-04
2026-06-05 04:21:35 transreid.train INFO: Epoch[80] Iter[100/275] Loss: 0.259, Acc: 0.996, Base Lr: 2.01e-04
2026-06-05 04:21:37 transreid.train INFO: Epoch[80] Iter[120/275] Loss: 0.257, Acc: 0.996, Base Lr: 2.01e-04
2026-06-05 04:21:40 transreid.train INFO: Epoch[80] Iter[140/275] Loss: 0.246, Acc: 0.996, Base Lr: 2.01e-04
2026-06-05 04:21:42 transreid.train INFO: Epoch[80] Iter[160/275] Loss: 0.243, Acc: 0.996, Base Lr: 2.01e-04
2026-06-05 04:21:44 transreid.train INFO: Epoch[80] Iter[180/275] Loss: 0.240, Acc: 0.997, Base Lr: 2.01e-04
2026-06-05 04:21:46 transreid.train INFO: Epoch[80] Iter[200/275] Loss: 0.239, Acc: 0.996, Base Lr: 2.01e-04
2026-06-05 04:21:48 transreid.train INFO: Epoch[80] Iter[220/275] Loss: 0.237, Acc: 0.996, Base Lr: 2.01e-04
2026-06-05 04:21:50 transreid.train INFO: Epoch[80] Iter[240/275] Loss: 0.238, Acc: 0.996, Base Lr: 2.01e-04
2026-06-05 04:21:52 transreid.train INFO: Epoch[80] Iter[260/275] Loss: 0.240, Acc: 0.996, Base Lr: 2.01e-04
2026-06-05 04:21:54 transreid.train INFO: Epoch 80 done. Time per epoch: 29.097[s] Speed: 602.7[samples/s]
The test feature is normalized
=> Computing DistMat with euclidean_distance
2026-06-05 04:22:08 transreid.train INFO: Validation Results - Epoch: 80
2026-06-05 04:22:08 transreid.train INFO: mAP: 74.2%
2026-06-05 04:22:08 transreid.train INFO: CMC curve, Rank-1  :84.2%
2026-06-05 04:22:08 transreid.train INFO: CMC curve, Rank-5  :93.5%
2026-06-05 04:22:08 transreid.train INFO: CMC curve, Rank-10 :96.5%
2026-06-05 04:22:10 transreid.train INFO: Epoch[81] Iter[20/275] Loss: 0.247, Acc: 0.996, Base Lr: 1.92e-04
2026-06-05 04:22:12 transreid.train INFO: Epoch[81] Iter[40/275] Loss: 0.235, Acc: 0.996, Base Lr: 1.92e-04
2026-06-05 04:22:14 transreid.train INFO: Epoch[81] Iter[60/275] Loss: 0.239, Acc: 0.997, Base Lr: 1.92e-04
2026-06-05 04:22:16 transreid.train INFO: Epoch[81] Iter[80/275] Loss: 0.244, Acc: 0.997, Base Lr: 1.92e-04
2026-06-05 04:22:18 transreid.train INFO: Epoch[81] Iter[100/275] Loss: 0.260, Acc: 0.997, Base Lr: 1.92e-04
2026-06-05 04:22:21 transreid.train INFO: Epoch[81] Iter[120/275] Loss: 0.258, Acc: 0.997, Base Lr: 1.92e-04
2026-06-05 04:22:23 transreid.train INFO: Epoch[81] Iter[140/275] Loss: 0.256, Acc: 0.997, Base Lr: 1.92e-04
2026-06-05 04:22:25 transreid.train INFO: Epoch[81] Iter[160/275] Loss: 0.250, Acc: 0.997, Base Lr: 1.92e-04
2026-06-05 04:22:27 transreid.train INFO: Epoch[81] Iter[180/275] Loss: 0.259, Acc: 0.997, Base Lr: 1.92e-04
2026-06-05 04:22:29 transreid.train INFO: Epoch[81] Iter[200/275] Loss: 0.263, Acc: 0.997, Base Lr: 1.92e-04
2026-06-05 04:22:31 transreid.train INFO: Epoch[81] Iter[220/275] Loss: 0.260, Acc: 0.997, Base Lr: 1.92e-04
2026-06-05 04:22:33 transreid.train INFO: Epoch[81] Iter[240/275] Loss: 0.265, Acc: 0.997, Base Lr: 1.92e-04
2026-06-05 04:22:35 transreid.train INFO: Epoch[81] Iter[260/275] Loss: 0.263, Acc: 0.997, Base Lr: 1.92e-04
2026-06-05 04:22:37 transreid.train INFO: Epoch 81 done. Time per epoch: 29.065[s] Speed: 603.3[samples/s]
2026-06-05 04:22:39 transreid.train INFO: Epoch[82] Iter[20/275] Loss: 0.269, Acc: 0.997, Base Lr: 1.83e-04
2026-06-05 04:22:41 transreid.train INFO: Epoch[82] Iter[40/275] Loss: 0.305, Acc: 0.998, Base Lr: 1.83e-04
2026-06-05 04:22:43 transreid.train INFO: Epoch[82] Iter[60/275] Loss: 0.342, Acc: 0.997, Base Lr: 1.83e-04
2026-06-05 04:22:45 transreid.train INFO: Epoch[82] Iter[80/275] Loss: 0.321, Acc: 0.998, Base Lr: 1.83e-04
2026-06-05 04:22:48 transreid.train INFO: Epoch[82] Iter[100/275] Loss: 0.320, Acc: 0.998, Base Lr: 1.83e-04
2026-06-05 04:22:50 transreid.train INFO: Epoch[82] Iter[120/275] Loss: 0.308, Acc: 0.998, Base Lr: 1.83e-04
2026-06-05 04:22:52 transreid.train INFO: Epoch[82] Iter[140/275] Loss: 0.303, Acc: 0.997, Base Lr: 1.83e-04
2026-06-05 04:22:54 transreid.train INFO: Epoch[82] Iter[160/275] Loss: 0.298, Acc: 0.997, Base Lr: 1.83e-04
2026-06-05 04:22:56 transreid.train INFO: Epoch[82] Iter[180/275] Loss: 0.295, Acc: 0.997, Base Lr: 1.83e-04
2026-06-05 04:22:58 transreid.train INFO: Epoch[82] Iter[200/275] Loss: 0.295, Acc: 0.997, Base Lr: 1.83e-04
2026-06-05 04:23:00 transreid.train INFO: Epoch[82] Iter[220/275] Loss: 0.291, Acc: 0.997, Base Lr: 1.83e-04
2026-06-05 04:23:02 transreid.train INFO: Epoch[82] Iter[240/275] Loss: 0.299, Acc: 0.996, Base Lr: 1.83e-04
2026-06-05 04:23:04 transreid.train INFO: Epoch[82] Iter[260/275] Loss: 0.296, Acc: 0.996, Base Lr: 1.83e-04
2026-06-05 04:23:06 transreid.train INFO: Epoch 82 done. Time per epoch: 29.106[s] Speed: 602.5[samples/s]
2026-06-05 04:23:08 transreid.train INFO: Epoch[83] Iter[20/275] Loss: 0.379, Acc: 0.991, Base Lr: 1.75e-04
2026-06-05 04:23:10 transreid.train INFO: Epoch[83] Iter[40/275] Loss: 0.368, Acc: 0.993, Base Lr: 1.75e-04
2026-06-05 04:23:12 transreid.train INFO: Epoch[83] Iter[60/275] Loss: 0.339, Acc: 0.994, Base Lr: 1.75e-04
2026-06-05 04:23:15 transreid.train INFO: Epoch[83] Iter[80/275] Loss: 0.322, Acc: 0.995, Base Lr: 1.75e-04
2026-06-05 04:23:17 transreid.train INFO: Epoch[83] Iter[100/275] Loss: 0.310, Acc: 0.995, Base Lr: 1.75e-04
2026-06-05 04:23:19 transreid.train INFO: Epoch[83] Iter[120/275] Loss: 0.307, Acc: 0.995, Base Lr: 1.75e-04
2026-06-05 04:23:21 transreid.train INFO: Epoch[83] Iter[140/275] Loss: 0.297, Acc: 0.995, Base Lr: 1.75e-04
2026-06-05 04:23:23 transreid.train INFO: Epoch[83] Iter[160/275] Loss: 0.290, Acc: 0.996, Base Lr: 1.75e-04
2026-06-05 04:23:25 transreid.train INFO: Epoch[83] Iter[180/275] Loss: 0.290, Acc: 0.996, Base Lr: 1.75e-04
2026-06-05 04:23:27 transreid.train INFO: Epoch[83] Iter[200/275] Loss: 0.284, Acc: 0.996, Base Lr: 1.75e-04
2026-06-05 04:23:29 transreid.train INFO: Epoch[83] Iter[220/275] Loss: 0.286, Acc: 0.996, Base Lr: 1.75e-04
2026-06-05 04:23:31 transreid.train INFO: Epoch[83] Iter[240/275] Loss: 0.283, Acc: 0.996, Base Lr: 1.75e-04
2026-06-05 04:23:33 transreid.train INFO: Epoch[83] Iter[260/275] Loss: 0.280, Acc: 0.996, Base Lr: 1.75e-04
2026-06-05 04:23:35 transreid.train INFO: Epoch 83 done. Time per epoch: 28.958[s] Speed: 603.4[samples/s]
2026-06-05 04:23:37 transreid.train INFO: Epoch[84] Iter[20/275] Loss: 0.322, Acc: 0.992, Base Lr: 1.66e-04
2026-06-05 04:23:39 transreid.train INFO: Epoch[84] Iter[40/275] Loss: 0.276, Acc: 0.995, Base Lr: 1.66e-04
2026-06-05 04:23:41 transreid.train INFO: Epoch[84] Iter[60/275] Loss: 0.303, Acc: 0.996, Base Lr: 1.66e-04
2026-06-05 04:23:44 transreid.train INFO: Epoch[84] Iter[80/275] Loss: 0.285, Acc: 0.996, Base Lr: 1.66e-04
2026-06-05 04:23:46 transreid.train INFO: Epoch[84] Iter[100/275] Loss: 0.281, Acc: 0.996, Base Lr: 1.66e-04
2026-06-05 04:23:48 transreid.train INFO: Epoch[84] Iter[120/275] Loss: 0.278, Acc: 0.996, Base Lr: 1.66e-04
2026-06-05 04:23:50 transreid.train INFO: Epoch[84] Iter[140/275] Loss: 0.282, Acc: 0.996, Base Lr: 1.66e-04
2026-06-05 04:23:52 transreid.train INFO: Epoch[84] Iter[160/275] Loss: 0.277, Acc: 0.996, Base Lr: 1.66e-04
2026-06-05 04:23:54 transreid.train INFO: Epoch[84] Iter[180/275] Loss: 0.276, Acc: 0.996, Base Lr: 1.66e-04
2026-06-05 04:23:56 transreid.train INFO: Epoch[84] Iter[200/275] Loss: 0.272, Acc: 0.996, Base Lr: 1.66e-04
2026-06-05 04:23:58 transreid.train INFO: Epoch[84] Iter[220/275] Loss: 0.271, Acc: 0.996, Base Lr: 1.66e-04
2026-06-05 04:24:00 transreid.train INFO: Epoch[84] Iter[240/275] Loss: 0.269, Acc: 0.996, Base Lr: 1.66e-04
2026-06-05 04:24:02 transreid.train INFO: Epoch[84] Iter[260/275] Loss: 0.272, Acc: 0.996, Base Lr: 1.66e-04
2026-06-05 04:24:04 transreid.train INFO: Epoch 84 done. Time per epoch: 29.075[s] Speed: 603.1[samples/s]
2026-06-05 04:24:06 transreid.train INFO: Epoch[85] Iter[20/275] Loss: 0.314, Acc: 0.997, Base Lr: 1.58e-04
2026-06-05 04:24:08 transreid.train INFO: Epoch[85] Iter[40/275] Loss: 0.308, Acc: 0.998, Base Lr: 1.58e-04
2026-06-05 04:24:10 transreid.train INFO: Epoch[85] Iter[60/275] Loss: 0.280, Acc: 0.998, Base Lr: 1.58e-04
2026-06-05 04:24:13 transreid.train INFO: Epoch[85] Iter[80/275] Loss: 0.277, Acc: 0.997, Base Lr: 1.58e-04
2026-06-05 04:24:15 transreid.train INFO: Epoch[85] Iter[100/275] Loss: 0.272, Acc: 0.998, Base Lr: 1.58e-04
2026-06-05 04:24:17 transreid.train INFO: Epoch[85] Iter[120/275] Loss: 0.265, Acc: 0.998, Base Lr: 1.58e-04
2026-06-05 04:24:19 transreid.train INFO: Epoch[85] Iter[140/275] Loss: 0.280, Acc: 0.998, Base Lr: 1.58e-04
2026-06-05 04:24:21 transreid.train INFO: Epoch[85] Iter[160/275] Loss: 0.275, Acc: 0.998, Base Lr: 1.58e-04
2026-06-05 04:24:23 transreid.train INFO: Epoch[85] Iter[180/275] Loss: 0.273, Acc: 0.998, Base Lr: 1.58e-04
2026-06-05 04:24:25 transreid.train INFO: Epoch[85] Iter[200/275] Loss: 0.268, Acc: 0.998, Base Lr: 1.58e-04
2026-06-05 04:24:27 transreid.train INFO: Epoch[85] Iter[220/275] Loss: 0.269, Acc: 0.998, Base Lr: 1.58e-04
2026-06-05 04:24:29 transreid.train INFO: Epoch[85] Iter[240/275] Loss: 0.265, Acc: 0.998, Base Lr: 1.58e-04
2026-06-05 04:24:31 transreid.train INFO: Epoch[85] Iter[260/275] Loss: 0.263, Acc: 0.997, Base Lr: 1.58e-04
2026-06-05 04:24:33 transreid.train INFO: Epoch 85 done. Time per epoch: 29.074[s] Speed: 603.1[samples/s]
2026-06-05 04:24:35 transreid.train INFO: Epoch[86] Iter[20/275] Loss: 0.249, Acc: 0.998, Base Lr: 1.50e-04
2026-06-05 04:24:37 transreid.train INFO: Epoch[86] Iter[40/275] Loss: 0.255, Acc: 0.998, Base Lr: 1.50e-04
2026-06-05 04:24:40 transreid.train INFO: Epoch[86] Iter[60/275] Loss: 0.278, Acc: 0.998, Base Lr: 1.50e-04
2026-06-05 04:24:42 transreid.train INFO: Epoch[86] Iter[80/275] Loss: 0.271, Acc: 0.998, Base Lr: 1.50e-04
2026-06-05 04:24:44 transreid.train INFO: Epoch[86] Iter[100/275] Loss: 0.266, Acc: 0.998, Base Lr: 1.50e-04
2026-06-05 04:24:46 transreid.train INFO: Epoch[86] Iter[120/275] Loss: 0.267, Acc: 0.998, Base Lr: 1.50e-04
2026-06-05 04:24:48 transreid.train INFO: Epoch[86] Iter[140/275] Loss: 0.274, Acc: 0.997, Base Lr: 1.50e-04
2026-06-05 04:24:50 transreid.train INFO: Epoch[86] Iter[160/275] Loss: 0.272, Acc: 0.997, Base Lr: 1.50e-04
2026-06-05 04:24:52 transreid.train INFO: Epoch[86] Iter[180/275] Loss: 0.278, Acc: 0.997, Base Lr: 1.50e-04
2026-06-05 04:24:54 transreid.train INFO: Epoch[86] Iter[200/275] Loss: 0.276, Acc: 0.997, Base Lr: 1.50e-04
2026-06-05 04:24:56 transreid.train INFO: Epoch[86] Iter[220/275] Loss: 0.272, Acc: 0.997, Base Lr: 1.50e-04
2026-06-05 04:24:58 transreid.train INFO: Epoch[86] Iter[240/275] Loss: 0.272, Acc: 0.997, Base Lr: 1.50e-04
2026-06-05 04:25:01 transreid.train INFO: Epoch[86] Iter[260/275] Loss: 0.270, Acc: 0.997, Base Lr: 1.50e-04
2026-06-05 04:25:02 transreid.train INFO: Epoch 86 done. Time per epoch: 29.087[s] Speed: 602.9[samples/s]
2026-06-05 04:25:04 transreid.train INFO: Epoch[87] Iter[20/275] Loss: 0.325, Acc: 0.997, Base Lr: 1.42e-04
2026-06-05 04:25:07 transreid.train INFO: Epoch[87] Iter[40/275] Loss: 0.297, Acc: 0.996, Base Lr: 1.42e-04
2026-06-05 04:25:09 transreid.train INFO: Epoch[87] Iter[60/275] Loss: 0.280, Acc: 0.996, Base Lr: 1.42e-04
2026-06-05 04:25:11 transreid.train INFO: Epoch[87] Iter[80/275] Loss: 0.295, Acc: 0.996, Base Lr: 1.42e-04
2026-06-05 04:25:13 transreid.train INFO: Epoch[87] Iter[100/275] Loss: 0.283, Acc: 0.996, Base Lr: 1.42e-04
2026-06-05 04:25:15 transreid.train INFO: Epoch[87] Iter[120/275] Loss: 0.270, Acc: 0.997, Base Lr: 1.42e-04
2026-06-05 04:25:17 transreid.train INFO: Epoch[87] Iter[140/275] Loss: 0.265, Acc: 0.997, Base Lr: 1.42e-04
2026-06-05 04:25:19 transreid.train INFO: Epoch[87] Iter[160/275] Loss: 0.265, Acc: 0.997, Base Lr: 1.42e-04
2026-06-05 04:25:21 transreid.train INFO: Epoch[87] Iter[180/275] Loss: 0.262, Acc: 0.997, Base Lr: 1.42e-04
2026-06-05 04:25:23 transreid.train INFO: Epoch[87] Iter[200/275] Loss: 0.265, Acc: 0.997, Base Lr: 1.42e-04
2026-06-05 04:25:25 transreid.train INFO: Epoch[87] Iter[220/275] Loss: 0.261, Acc: 0.997, Base Lr: 1.42e-04
2026-06-05 04:25:28 transreid.train INFO: Epoch[87] Iter[240/275] Loss: 0.258, Acc: 0.997, Base Lr: 1.42e-04
2026-06-05 04:25:30 transreid.train INFO: Epoch[87] Iter[260/275] Loss: 0.259, Acc: 0.997, Base Lr: 1.42e-04
2026-06-05 04:25:31 transreid.train INFO: Epoch 87 done. Time per epoch: 29.057[s] Speed: 603.5[samples/s]
2026-06-05 04:25:33 transreid.train INFO: Epoch[88] Iter[20/275] Loss: 0.274, Acc: 0.998, Base Lr: 1.34e-04
2026-06-05 04:25:36 transreid.train INFO: Epoch[88] Iter[40/275] Loss: 0.262, Acc: 0.996, Base Lr: 1.34e-04
2026-06-05 04:25:38 transreid.train INFO: Epoch[88] Iter[60/275] Loss: 0.252, Acc: 0.997, Base Lr: 1.34e-04
2026-06-05 04:25:40 transreid.train INFO: Epoch[88] Iter[80/275] Loss: 0.257, Acc: 0.997, Base Lr: 1.34e-04
2026-06-05 04:25:42 transreid.train INFO: Epoch[88] Iter[100/275] Loss: 0.256, Acc: 0.997, Base Lr: 1.34e-04
2026-06-05 04:25:44 transreid.train INFO: Epoch[88] Iter[120/275] Loss: 0.253, Acc: 0.996, Base Lr: 1.34e-04
2026-06-05 04:25:46 transreid.train INFO: Epoch[88] Iter[140/275] Loss: 0.257, Acc: 0.997, Base Lr: 1.34e-04
2026-06-05 04:25:48 transreid.train INFO: Epoch[88] Iter[160/275] Loss: 0.258, Acc: 0.997, Base Lr: 1.34e-04
2026-06-05 04:25:50 transreid.train INFO: Epoch[88] Iter[180/275] Loss: 0.253, Acc: 0.997, Base Lr: 1.34e-04
2026-06-05 04:25:52 transreid.train INFO: Epoch[88] Iter[200/275] Loss: 0.255, Acc: 0.997, Base Lr: 1.34e-04
2026-06-05 04:25:54 transreid.train INFO: Epoch[88] Iter[220/275] Loss: 0.251, Acc: 0.997, Base Lr: 1.34e-04
2026-06-05 04:25:57 transreid.train INFO: Epoch[88] Iter[240/275] Loss: 0.249, Acc: 0.997, Base Lr: 1.34e-04
2026-06-05 04:25:59 transreid.train INFO: Epoch[88] Iter[260/275] Loss: 0.250, Acc: 0.997, Base Lr: 1.34e-04
2026-06-05 04:26:00 transreid.train INFO: Epoch 88 done. Time per epoch: 29.047[s] Speed: 603.7[samples/s]
2026-06-05 04:26:03 transreid.train INFO: Epoch[89] Iter[20/275] Loss: 0.291, Acc: 0.995, Base Lr: 1.26e-04
2026-06-05 04:26:05 transreid.train INFO: Epoch[89] Iter[40/275] Loss: 0.322, Acc: 0.996, Base Lr: 1.26e-04
2026-06-05 04:26:07 transreid.train INFO: Epoch[89] Iter[60/275] Loss: 0.308, Acc: 0.997, Base Lr: 1.26e-04
2026-06-05 04:26:09 transreid.train INFO: Epoch[89] Iter[80/275] Loss: 0.282, Acc: 0.996, Base Lr: 1.26e-04
2026-06-05 04:26:11 transreid.train INFO: Epoch[89] Iter[100/275] Loss: 0.274, Acc: 0.997, Base Lr: 1.26e-04
2026-06-05 04:26:13 transreid.train INFO: Epoch[89] Iter[120/275] Loss: 0.282, Acc: 0.997, Base Lr: 1.26e-04
2026-06-05 04:26:15 transreid.train INFO: Epoch[89] Iter[140/275] Loss: 0.278, Acc: 0.996, Base Lr: 1.26e-04
2026-06-05 04:26:17 transreid.train INFO: Epoch[89] Iter[160/275] Loss: 0.272, Acc: 0.996, Base Lr: 1.26e-04
2026-06-05 04:26:19 transreid.train INFO: Epoch[89] Iter[180/275] Loss: 0.270, Acc: 0.996, Base Lr: 1.26e-04
2026-06-05 04:26:21 transreid.train INFO: Epoch[89] Iter[200/275] Loss: 0.266, Acc: 0.996, Base Lr: 1.26e-04
2026-06-05 04:26:24 transreid.train INFO: Epoch[89] Iter[220/275] Loss: 0.262, Acc: 0.997, Base Lr: 1.26e-04
2026-06-05 04:26:26 transreid.train INFO: Epoch[89] Iter[240/275] Loss: 0.262, Acc: 0.997, Base Lr: 1.26e-04
2026-06-05 04:26:28 transreid.train INFO: Epoch[89] Iter[260/275] Loss: 0.262, Acc: 0.996, Base Lr: 1.26e-04
2026-06-05 04:26:29 transreid.train INFO: Epoch 89 done. Time per epoch: 28.945[s] Speed: 603.6[samples/s]
2026-06-05 04:26:31 transreid.train INFO: Epoch[90] Iter[20/275] Loss: 0.264, Acc: 0.999, Base Lr: 1.19e-04
2026-06-05 04:26:34 transreid.train INFO: Epoch[90] Iter[40/275] Loss: 0.283, Acc: 0.996, Base Lr: 1.19e-04
2026-06-05 04:26:36 transreid.train INFO: Epoch[90] Iter[60/275] Loss: 0.274, Acc: 0.997, Base Lr: 1.19e-04
2026-06-05 04:26:38 transreid.train INFO: Epoch[90] Iter[80/275] Loss: 0.267, Acc: 0.997, Base Lr: 1.19e-04
2026-06-05 04:26:40 transreid.train INFO: Epoch[90] Iter[100/275] Loss: 0.272, Acc: 0.997, Base Lr: 1.19e-04
2026-06-05 04:26:42 transreid.train INFO: Epoch[90] Iter[120/275] Loss: 0.269, Acc: 0.997, Base Lr: 1.19e-04
2026-06-05 04:26:44 transreid.train INFO: Epoch[90] Iter[140/275] Loss: 0.267, Acc: 0.997, Base Lr: 1.19e-04
2026-06-05 04:26:46 transreid.train INFO: Epoch[90] Iter[160/275] Loss: 0.265, Acc: 0.997, Base Lr: 1.19e-04
2026-06-05 04:26:48 transreid.train INFO: Epoch[90] Iter[180/275] Loss: 0.265, Acc: 0.997, Base Lr: 1.19e-04
2026-06-05 04:26:50 transreid.train INFO: Epoch[90] Iter[200/275] Loss: 0.261, Acc: 0.997, Base Lr: 1.19e-04
2026-06-05 04:26:52 transreid.train INFO: Epoch[90] Iter[220/275] Loss: 0.260, Acc: 0.996, Base Lr: 1.19e-04
2026-06-05 04:26:55 transreid.train INFO: Epoch[90] Iter[240/275] Loss: 0.261, Acc: 0.997, Base Lr: 1.19e-04
2026-06-05 04:26:57 transreid.train INFO: Epoch[90] Iter[260/275] Loss: 0.264, Acc: 0.996, Base Lr: 1.19e-04
2026-06-05 04:26:58 transreid.train INFO: Epoch 90 done. Time per epoch: 29.061[s] Speed: 603.4[samples/s]
2026-06-05 04:27:01 transreid.train INFO: Epoch[91] Iter[20/275] Loss: 0.237, Acc: 0.998, Base Lr: 1.11e-04
2026-06-05 04:27:03 transreid.train INFO: Epoch[91] Iter[40/275] Loss: 0.269, Acc: 0.997, Base Lr: 1.11e-04
2026-06-05 04:27:05 transreid.train INFO: Epoch[91] Iter[60/275] Loss: 0.276, Acc: 0.997, Base Lr: 1.11e-04
2026-06-05 04:27:07 transreid.train INFO: Epoch[91] Iter[80/275] Loss: 0.263, Acc: 0.997, Base Lr: 1.11e-04
2026-06-05 04:27:09 transreid.train INFO: Epoch[91] Iter[100/275] Loss: 0.269, Acc: 0.997, Base Lr: 1.11e-04
2026-06-05 04:27:11 transreid.train INFO: Epoch[91] Iter[120/275] Loss: 0.264, Acc: 0.997, Base Lr: 1.11e-04
2026-06-05 04:27:13 transreid.train INFO: Epoch[91] Iter[140/275] Loss: 0.263, Acc: 0.998, Base Lr: 1.11e-04
2026-06-05 04:27:15 transreid.train INFO: Epoch[91] Iter[160/275] Loss: 0.260, Acc: 0.998, Base Lr: 1.11e-04
2026-06-05 04:27:17 transreid.train INFO: Epoch[91] Iter[180/275] Loss: 0.263, Acc: 0.997, Base Lr: 1.11e-04
2026-06-05 04:27:19 transreid.train INFO: Epoch[91] Iter[200/275] Loss: 0.259, Acc: 0.997, Base Lr: 1.11e-04
2026-06-05 04:27:22 transreid.train INFO: Epoch[91] Iter[220/275] Loss: 0.262, Acc: 0.997, Base Lr: 1.11e-04
2026-06-05 04:27:24 transreid.train INFO: Epoch[91] Iter[240/275] Loss: 0.259, Acc: 0.997, Base Lr: 1.11e-04
2026-06-05 04:27:26 transreid.train INFO: Epoch[91] Iter[260/275] Loss: 0.256, Acc: 0.997, Base Lr: 1.11e-04
2026-06-05 04:27:27 transreid.train INFO: Epoch 91 done. Time per epoch: 29.052[s] Speed: 603.6[samples/s]
2026-06-05 04:27:30 transreid.train INFO: Epoch[92] Iter[20/275] Loss: 0.243, Acc: 0.995, Base Lr: 1.04e-04
2026-06-05 04:27:32 transreid.train INFO: Epoch[92] Iter[40/275] Loss: 0.238, Acc: 0.996, Base Lr: 1.04e-04
2026-06-05 04:27:34 transreid.train INFO: Epoch[92] Iter[60/275] Loss: 0.244, Acc: 0.996, Base Lr: 1.04e-04
2026-06-05 04:27:36 transreid.train INFO: Epoch[92] Iter[80/275] Loss: 0.254, Acc: 0.996, Base Lr: 1.04e-04
2026-06-05 04:27:38 transreid.train INFO: Epoch[92] Iter[100/275] Loss: 0.256, Acc: 0.995, Base Lr: 1.04e-04
2026-06-05 04:27:40 transreid.train INFO: Epoch[92] Iter[120/275] Loss: 0.268, Acc: 0.995, Base Lr: 1.04e-04
2026-06-05 04:27:42 transreid.train INFO: Epoch[92] Iter[140/275] Loss: 0.267, Acc: 0.996, Base Lr: 1.04e-04
2026-06-05 04:27:44 transreid.train INFO: Epoch[92] Iter[160/275] Loss: 0.266, Acc: 0.996, Base Lr: 1.04e-04
2026-06-05 04:27:46 transreid.train INFO: Epoch[92] Iter[180/275] Loss: 0.262, Acc: 0.996, Base Lr: 1.04e-04
2026-06-05 04:27:48 transreid.train INFO: Epoch[92] Iter[200/275] Loss: 0.263, Acc: 0.996, Base Lr: 1.04e-04
2026-06-05 04:27:51 transreid.train INFO: Epoch[92] Iter[220/275] Loss: 0.256, Acc: 0.997, Base Lr: 1.04e-04
2026-06-05 04:27:53 transreid.train INFO: Epoch[92] Iter[240/275] Loss: 0.252, Acc: 0.997, Base Lr: 1.04e-04
2026-06-05 04:27:55 transreid.train INFO: Epoch[92] Iter[260/275] Loss: 0.251, Acc: 0.996, Base Lr: 1.04e-04
2026-06-05 04:27:56 transreid.train INFO: Epoch 92 done. Time per epoch: 29.053[s] Speed: 603.6[samples/s]
2026-06-05 04:27:59 transreid.train INFO: Epoch[93] Iter[20/275] Loss: 0.364, Acc: 0.996, Base Lr: 9.72e-05
2026-06-05 04:28:01 transreid.train INFO: Epoch[93] Iter[40/275] Loss: 0.340, Acc: 0.997, Base Lr: 9.72e-05
2026-06-05 04:28:03 transreid.train INFO: Epoch[93] Iter[60/275] Loss: 0.309, Acc: 0.996, Base Lr: 9.72e-05
2026-06-05 04:28:05 transreid.train INFO: Epoch[93] Iter[80/275] Loss: 0.315, Acc: 0.996, Base Lr: 9.72e-05
2026-06-05 04:28:07 transreid.train INFO: Epoch[93] Iter[100/275] Loss: 0.298, Acc: 0.996, Base Lr: 9.72e-05
2026-06-05 04:28:09 transreid.train INFO: Epoch[93] Iter[120/275] Loss: 0.291, Acc: 0.996, Base Lr: 9.72e-05
2026-06-05 04:28:11 transreid.train INFO: Epoch[93] Iter[140/275] Loss: 0.286, Acc: 0.997, Base Lr: 9.72e-05
2026-06-05 04:28:13 transreid.train INFO: Epoch[93] Iter[160/275] Loss: 0.285, Acc: 0.996, Base Lr: 9.72e-05
2026-06-05 04:28:15 transreid.train INFO: Epoch[93] Iter[180/275] Loss: 0.278, Acc: 0.997, Base Lr: 9.72e-05
2026-06-05 04:28:18 transreid.train INFO: Epoch[93] Iter[200/275] Loss: 0.277, Acc: 0.997, Base Lr: 9.72e-05
2026-06-05 04:28:20 transreid.train INFO: Epoch[93] Iter[220/275] Loss: 0.272, Acc: 0.997, Base Lr: 9.72e-05
2026-06-05 04:28:22 transreid.train INFO: Epoch[93] Iter[240/275] Loss: 0.270, Acc: 0.997, Base Lr: 9.72e-05
2026-06-05 04:28:24 transreid.train INFO: Epoch[93] Iter[260/275] Loss: 0.267, Acc: 0.997, Base Lr: 9.72e-05
2026-06-05 04:28:25 transreid.train INFO: Epoch 93 done. Time per epoch: 28.959[s] Speed: 603.3[samples/s]
2026-06-05 04:28:28 transreid.train INFO: Epoch[94] Iter[20/275] Loss: 0.291, Acc: 0.998, Base Lr: 9.06e-05
2026-06-05 04:28:30 transreid.train INFO: Epoch[94] Iter[40/275] Loss: 0.259, Acc: 0.996, Base Lr: 9.06e-05
2026-06-05 04:28:32 transreid.train INFO: Epoch[94] Iter[60/275] Loss: 0.248, Acc: 0.995, Base Lr: 9.06e-05
2026-06-05 04:28:34 transreid.train INFO: Epoch[94] Iter[80/275] Loss: 0.251, Acc: 0.996, Base Lr: 9.06e-05
2026-06-05 04:28:36 transreid.train INFO: Epoch[94] Iter[100/275] Loss: 0.251, Acc: 0.996, Base Lr: 9.06e-05
2026-06-05 04:28:38 transreid.train INFO: Epoch[94] Iter[120/275] Loss: 0.257, Acc: 0.996, Base Lr: 9.06e-05
2026-06-05 04:28:40 transreid.train INFO: Epoch[94] Iter[140/275] Loss: 0.252, Acc: 0.996, Base Lr: 9.06e-05
2026-06-05 04:28:42 transreid.train INFO: Epoch[94] Iter[160/275] Loss: 0.255, Acc: 0.996, Base Lr: 9.06e-05
2026-06-05 04:28:44 transreid.train INFO: Epoch[94] Iter[180/275] Loss: 0.247, Acc: 0.996, Base Lr: 9.06e-05
2026-06-05 04:28:47 transreid.train INFO: Epoch[94] Iter[200/275] Loss: 0.248, Acc: 0.997, Base Lr: 9.06e-05
2026-06-05 04:28:49 transreid.train INFO: Epoch[94] Iter[220/275] Loss: 0.245, Acc: 0.997, Base Lr: 9.06e-05
2026-06-05 04:28:51 transreid.train INFO: Epoch[94] Iter[240/275] Loss: 0.243, Acc: 0.997, Base Lr: 9.06e-05
2026-06-05 04:28:53 transreid.train INFO: Epoch[94] Iter[260/275] Loss: 0.243, Acc: 0.997, Base Lr: 9.06e-05
2026-06-05 04:28:54 transreid.train INFO: Epoch 94 done. Time per epoch: 28.964[s] Speed: 603.2[samples/s]
2026-06-05 04:28:57 transreid.train INFO: Epoch[95] Iter[20/275] Loss: 0.265, Acc: 0.999, Base Lr: 8.41e-05
2026-06-05 04:28:59 transreid.train INFO: Epoch[95] Iter[40/275] Loss: 0.245, Acc: 1.000, Base Lr: 8.41e-05
2026-06-05 04:29:01 transreid.train INFO: Epoch[95] Iter[60/275] Loss: 0.240, Acc: 0.998, Base Lr: 8.41e-05
2026-06-05 04:29:03 transreid.train INFO: Epoch[95] Iter[80/275] Loss: 0.237, Acc: 0.999, Base Lr: 8.41e-05
2026-06-05 04:29:05 transreid.train INFO: Epoch[95] Iter[100/275] Loss: 0.233, Acc: 0.999, Base Lr: 8.41e-05
2026-06-05 04:29:07 transreid.train INFO: Epoch[95] Iter[120/275] Loss: 0.226, Acc: 0.998, Base Lr: 8.41e-05
2026-06-05 04:29:09 transreid.train INFO: Epoch[95] Iter[140/275] Loss: 0.227, Acc: 0.998, Base Lr: 8.41e-05
2026-06-05 04:29:11 transreid.train INFO: Epoch[95] Iter[160/275] Loss: 0.229, Acc: 0.998, Base Lr: 8.41e-05
2026-06-05 04:29:13 transreid.train INFO: Epoch[95] Iter[180/275] Loss: 0.232, Acc: 0.998, Base Lr: 8.41e-05
2026-06-05 04:29:15 transreid.train INFO: Epoch[95] Iter[200/275] Loss: 0.227, Acc: 0.998, Base Lr: 8.41e-05
2026-06-05 04:29:18 transreid.train INFO: Epoch[95] Iter[220/275] Loss: 0.225, Acc: 0.997, Base Lr: 8.41e-05
2026-06-05 04:29:20 transreid.train INFO: Epoch[95] Iter[240/275] Loss: 0.227, Acc: 0.997, Base Lr: 8.41e-05
2026-06-05 04:29:22 transreid.train INFO: Epoch[95] Iter[260/275] Loss: 0.224, Acc: 0.998, Base Lr: 8.41e-05
2026-06-05 04:29:23 transreid.train INFO: Epoch 95 done. Time per epoch: 28.964[s] Speed: 603.2[samples/s]
2026-06-05 04:29:26 transreid.train INFO: Epoch[96] Iter[20/275] Loss: 0.266, Acc: 0.996, Base Lr: 7.78e-05
2026-06-05 04:29:28 transreid.train INFO: Epoch[96] Iter[40/275] Loss: 0.255, Acc: 0.996, Base Lr: 7.78e-05
2026-06-05 04:29:30 transreid.train INFO: Epoch[96] Iter[60/275] Loss: 0.246, Acc: 0.997, Base Lr: 7.78e-05
2026-06-05 04:29:32 transreid.train INFO: Epoch[96] Iter[80/275] Loss: 0.244, Acc: 0.996, Base Lr: 7.78e-05
2026-06-05 04:29:34 transreid.train INFO: Epoch[96] Iter[100/275] Loss: 0.241, Acc: 0.997, Base Lr: 7.78e-05
2026-06-05 04:29:36 transreid.train INFO: Epoch[96] Iter[120/275] Loss: 0.230, Acc: 0.997, Base Lr: 7.78e-05
2026-06-05 04:29:38 transreid.train INFO: Epoch[96] Iter[140/275] Loss: 0.231, Acc: 0.997, Base Lr: 7.78e-05
2026-06-05 04:29:40 transreid.train INFO: Epoch[96] Iter[160/275] Loss: 0.228, Acc: 0.997, Base Lr: 7.78e-05
2026-06-05 04:29:42 transreid.train INFO: Epoch[96] Iter[180/275] Loss: 0.224, Acc: 0.997, Base Lr: 7.78e-05
2026-06-05 04:29:44 transreid.train INFO: Epoch[96] Iter[200/275] Loss: 0.225, Acc: 0.997, Base Lr: 7.78e-05
2026-06-05 04:29:47 transreid.train INFO: Epoch[96] Iter[220/275] Loss: 0.224, Acc: 0.997, Base Lr: 7.78e-05
2026-06-05 04:29:49 transreid.train INFO: Epoch[96] Iter[240/275] Loss: 0.223, Acc: 0.997, Base Lr: 7.78e-05
2026-06-05 04:29:51 transreid.train INFO: Epoch[96] Iter[260/275] Loss: 0.225, Acc: 0.997, Base Lr: 7.78e-05
2026-06-05 04:29:52 transreid.train INFO: Epoch 96 done. Time per epoch: 28.965[s] Speed: 603.2[samples/s]
2026-06-05 04:29:54 transreid.train INFO: Epoch[97] Iter[20/275] Loss: 0.205, Acc: 0.997, Base Lr: 7.18e-05
2026-06-05 04:29:57 transreid.train INFO: Epoch[97] Iter[40/275] Loss: 0.231, Acc: 0.995, Base Lr: 7.18e-05
2026-06-05 04:29:59 transreid.train INFO: Epoch[97] Iter[60/275] Loss: 0.223, Acc: 0.996, Base Lr: 7.18e-05
2026-06-05 04:30:01 transreid.train INFO: Epoch[97] Iter[80/275] Loss: 0.221, Acc: 0.995, Base Lr: 7.18e-05
2026-06-05 04:30:03 transreid.train INFO: Epoch[97] Iter[100/275] Loss: 0.220, Acc: 0.995, Base Lr: 7.18e-05
2026-06-05 04:30:05 transreid.train INFO: Epoch[97] Iter[120/275] Loss: 0.233, Acc: 0.996, Base Lr: 7.18e-05
2026-06-05 04:30:07 transreid.train INFO: Epoch[97] Iter[140/275] Loss: 0.227, Acc: 0.996, Base Lr: 7.18e-05
2026-06-05 04:30:09 transreid.train INFO: Epoch[97] Iter[160/275] Loss: 0.228, Acc: 0.996, Base Lr: 7.18e-05
2026-06-05 04:30:11 transreid.train INFO: Epoch[97] Iter[180/275] Loss: 0.228, Acc: 0.997, Base Lr: 7.18e-05
2026-06-05 04:30:13 transreid.train INFO: Epoch[97] Iter[200/275] Loss: 0.225, Acc: 0.997, Base Lr: 7.18e-05
2026-06-05 04:30:16 transreid.train INFO: Epoch[97] Iter[220/275] Loss: 0.227, Acc: 0.997, Base Lr: 7.18e-05
2026-06-05 04:30:18 transreid.train INFO: Epoch[97] Iter[240/275] Loss: 0.223, Acc: 0.997, Base Lr: 7.18e-05
2026-06-05 04:30:20 transreid.train INFO: Epoch[97] Iter[260/275] Loss: 0.226, Acc: 0.997, Base Lr: 7.18e-05
2026-06-05 04:30:21 transreid.train INFO: Epoch 97 done. Time per epoch: 28.961[s] Speed: 603.3[samples/s]
2026-06-05 04:30:23 transreid.train INFO: Epoch[98] Iter[20/275] Loss: 0.215, Acc: 0.999, Base Lr: 6.60e-05
2026-06-05 04:30:26 transreid.train INFO: Epoch[98] Iter[40/275] Loss: 0.260, Acc: 0.998, Base Lr: 6.60e-05
2026-06-05 04:30:28 transreid.train INFO: Epoch[98] Iter[60/275] Loss: 0.254, Acc: 0.998, Base Lr: 6.60e-05
2026-06-05 04:30:30 transreid.train INFO: Epoch[98] Iter[80/275] Loss: 0.258, Acc: 0.997, Base Lr: 6.60e-05
2026-06-05 04:30:32 transreid.train INFO: Epoch[98] Iter[100/275] Loss: 0.253, Acc: 0.997, Base Lr: 6.60e-05
2026-06-05 04:30:34 transreid.train INFO: Epoch[98] Iter[120/275] Loss: 0.254, Acc: 0.997, Base Lr: 6.60e-05
2026-06-05 04:30:36 transreid.train INFO: Epoch[98] Iter[140/275] Loss: 0.261, Acc: 0.997, Base Lr: 6.60e-05
2026-06-05 04:30:38 transreid.train INFO: Epoch[98] Iter[160/275] Loss: 0.252, Acc: 0.997, Base Lr: 6.60e-05
2026-06-05 04:30:40 transreid.train INFO: Epoch[98] Iter[180/275] Loss: 0.245, Acc: 0.997, Base Lr: 6.60e-05
2026-06-05 04:30:42 transreid.train INFO: Epoch[98] Iter[200/275] Loss: 0.242, Acc: 0.998, Base Lr: 6.60e-05
2026-06-05 04:30:44 transreid.train INFO: Epoch[98] Iter[220/275] Loss: 0.239, Acc: 0.998, Base Lr: 6.60e-05
2026-06-05 04:30:47 transreid.train INFO: Epoch[98] Iter[240/275] Loss: 0.235, Acc: 0.998, Base Lr: 6.60e-05
2026-06-05 04:30:49 transreid.train INFO: Epoch[98] Iter[260/275] Loss: 0.232, Acc: 0.998, Base Lr: 6.60e-05
2026-06-05 04:30:50 transreid.train INFO: Epoch 98 done. Time per epoch: 29.073[s] Speed: 603.2[samples/s]
2026-06-05 04:30:53 transreid.train INFO: Epoch[99] Iter[20/275] Loss: 0.285, Acc: 0.998, Base Lr: 6.04e-05
2026-06-05 04:30:55 transreid.train INFO: Epoch[99] Iter[40/275] Loss: 0.302, Acc: 0.998, Base Lr: 6.04e-05
2026-06-05 04:30:57 transreid.train INFO: Epoch[99] Iter[60/275] Loss: 0.283, Acc: 0.998, Base Lr: 6.04e-05
2026-06-05 04:30:59 transreid.train INFO: Epoch[99] Iter[80/275] Loss: 0.269, Acc: 0.998, Base Lr: 6.04e-05
2026-06-05 04:31:01 transreid.train INFO: Epoch[99] Iter[100/275] Loss: 0.268, Acc: 0.998, Base Lr: 6.04e-05
2026-06-05 04:31:03 transreid.train INFO: Epoch[99] Iter[120/275] Loss: 0.261, Acc: 0.998, Base Lr: 6.04e-05
2026-06-05 04:31:05 transreid.train INFO: Epoch[99] Iter[140/275] Loss: 0.254, Acc: 0.998, Base Lr: 6.04e-05
2026-06-05 04:31:07 transreid.train INFO: Epoch[99] Iter[160/275] Loss: 0.255, Acc: 0.998, Base Lr: 6.04e-05
2026-06-05 04:31:09 transreid.train INFO: Epoch[99] Iter[180/275] Loss: 0.250, Acc: 0.998, Base Lr: 6.04e-05
2026-06-05 04:31:11 transreid.train INFO: Epoch[99] Iter[200/275] Loss: 0.250, Acc: 0.998, Base Lr: 6.04e-05
2026-06-05 04:31:14 transreid.train INFO: Epoch[99] Iter[220/275] Loss: 0.250, Acc: 0.998, Base Lr: 6.04e-05
2026-06-05 04:31:16 transreid.train INFO: Epoch[99] Iter[240/275] Loss: 0.246, Acc: 0.998, Base Lr: 6.04e-05
2026-06-05 04:31:18 transreid.train INFO: Epoch[99] Iter[260/275] Loss: 0.246, Acc: 0.997, Base Lr: 6.04e-05
2026-06-05 04:31:19 transreid.train INFO: Epoch 99 done. Time per epoch: 29.061[s] Speed: 603.4[samples/s]
2026-06-05 04:31:22 transreid.train INFO: Epoch[100] Iter[20/275] Loss: 0.236, Acc: 0.995, Base Lr: 5.51e-05
2026-06-05 04:31:24 transreid.train INFO: Epoch[100] Iter[40/275] Loss: 0.260, Acc: 0.995, Base Lr: 5.51e-05
2026-06-05 04:31:26 transreid.train INFO: Epoch[100] Iter[60/275] Loss: 0.264, Acc: 0.996, Base Lr: 5.51e-05
2026-06-05 04:31:28 transreid.train INFO: Epoch[100] Iter[80/275] Loss: 0.256, Acc: 0.996, Base Lr: 5.51e-05
2026-06-05 04:31:30 transreid.train INFO: Epoch[100] Iter[100/275] Loss: 0.262, Acc: 0.996, Base Lr: 5.51e-05
2026-06-05 04:31:32 transreid.train INFO: Epoch[100] Iter[120/275] Loss: 0.255, Acc: 0.997, Base Lr: 5.51e-05
2026-06-05 04:31:34 transreid.train INFO: Epoch[100] Iter[140/275] Loss: 0.253, Acc: 0.996, Base Lr: 5.51e-05
2026-06-05 04:31:36 transreid.train INFO: Epoch[100] Iter[160/275] Loss: 0.249, Acc: 0.996, Base Lr: 5.51e-05
2026-06-05 04:31:38 transreid.train INFO: Epoch[100] Iter[180/275] Loss: 0.241, Acc: 0.997, Base Lr: 5.51e-05
2026-06-05 04:31:41 transreid.train INFO: Epoch[100] Iter[200/275] Loss: 0.241, Acc: 0.996, Base Lr: 5.51e-05
2026-06-05 04:31:43 transreid.train INFO: Epoch[100] Iter[220/275] Loss: 0.240, Acc: 0.996, Base Lr: 5.51e-05
2026-06-05 04:31:45 transreid.train INFO: Epoch[100] Iter[240/275] Loss: 0.238, Acc: 0.997, Base Lr: 5.51e-05
2026-06-05 04:31:47 transreid.train INFO: Epoch[100] Iter[260/275] Loss: 0.242, Acc: 0.997, Base Lr: 5.51e-05
2026-06-05 04:31:48 transreid.train INFO: Epoch 100 done. Time per epoch: 29.075[s] Speed: 603.1[samples/s]
The test feature is normalized
=> Computing DistMat with euclidean_distance
2026-06-05 04:32:02 transreid.train INFO: Validation Results - Epoch: 100
2026-06-05 04:32:02 transreid.train INFO: mAP: 74.5%
2026-06-05 04:32:02 transreid.train INFO: CMC curve, Rank-1  :84.3%
2026-06-05 04:32:02 transreid.train INFO: CMC curve, Rank-5  :93.9%
2026-06-05 04:32:02 transreid.train INFO: CMC curve, Rank-10 :96.6%
2026-06-05 04:32:05 transreid.train INFO: Epoch[101] Iter[20/275] Loss: 0.228, Acc: 0.996, Base Lr: 5.00e-05
2026-06-05 04:32:07 transreid.train INFO: Epoch[101] Iter[40/275] Loss: 0.221, Acc: 0.996, Base Lr: 5.00e-05
2026-06-05 04:32:09 transreid.train INFO: Epoch[101] Iter[60/275] Loss: 0.222, Acc: 0.996, Base Lr: 5.00e-05
2026-06-05 04:32:11 transreid.train INFO: Epoch[101] Iter[80/275] Loss: 0.226, Acc: 0.996, Base Lr: 5.00e-05
2026-06-05 04:32:13 transreid.train INFO: Epoch[101] Iter[100/275] Loss: 0.231, Acc: 0.997, Base Lr: 5.00e-05
2026-06-05 04:32:15 transreid.train INFO: Epoch[101] Iter[120/275] Loss: 0.231, Acc: 0.996, Base Lr: 5.00e-05
2026-06-05 04:32:17 transreid.train INFO: Epoch[101] Iter[140/275] Loss: 0.232, Acc: 0.997, Base Lr: 5.00e-05
2026-06-05 04:32:19 transreid.train INFO: Epoch[101] Iter[160/275] Loss: 0.239, Acc: 0.997, Base Lr: 5.00e-05
2026-06-05 04:32:22 transreid.train INFO: Epoch[101] Iter[180/275] Loss: 0.245, Acc: 0.997, Base Lr: 5.00e-05
2026-06-05 04:32:24 transreid.train INFO: Epoch[101] Iter[200/275] Loss: 0.244, Acc: 0.997, Base Lr: 5.00e-05
2026-06-05 04:32:26 transreid.train INFO: Epoch[101] Iter[220/275] Loss: 0.239, Acc: 0.997, Base Lr: 5.00e-05
2026-06-05 04:32:28 transreid.train INFO: Epoch[101] Iter[240/275] Loss: 0.237, Acc: 0.997, Base Lr: 5.00e-05
2026-06-05 04:32:30 transreid.train INFO: Epoch[101] Iter[260/275] Loss: 0.237, Acc: 0.997, Base Lr: 5.00e-05
2026-06-05 04:32:31 transreid.train INFO: Epoch 101 done. Time per epoch: 28.968[s] Speed: 603.2[samples/s]
2026-06-05 04:32:34 transreid.train INFO: Epoch[102] Iter[20/275] Loss: 0.337, Acc: 0.996, Base Lr: 4.51e-05
2026-06-05 04:32:36 transreid.train INFO: Epoch[102] Iter[40/275] Loss: 0.276, Acc: 0.996, Base Lr: 4.51e-05
2026-06-05 04:32:38 transreid.train INFO: Epoch[102] Iter[60/275] Loss: 0.265, Acc: 0.997, Base Lr: 4.51e-05
2026-06-05 04:32:40 transreid.train INFO: Epoch[102] Iter[80/275] Loss: 0.272, Acc: 0.996, Base Lr: 4.51e-05
2026-06-05 04:32:42 transreid.train INFO: Epoch[102] Iter[100/275] Loss: 0.266, Acc: 0.997, Base Lr: 4.51e-05
2026-06-05 04:32:44 transreid.train INFO: Epoch[102] Iter[120/275] Loss: 0.263, Acc: 0.997, Base Lr: 4.51e-05
2026-06-05 04:32:46 transreid.train INFO: Epoch[102] Iter[140/275] Loss: 0.255, Acc: 0.997, Base Lr: 4.51e-05
2026-06-05 04:32:48 transreid.train INFO: Epoch[102] Iter[160/275] Loss: 0.252, Acc: 0.997, Base Lr: 4.51e-05
2026-06-05 04:32:51 transreid.train INFO: Epoch[102] Iter[180/275] Loss: 0.249, Acc: 0.996, Base Lr: 4.51e-05
2026-06-05 04:32:53 transreid.train INFO: Epoch[102] Iter[200/275] Loss: 0.245, Acc: 0.997, Base Lr: 4.51e-05
2026-06-05 04:32:55 transreid.train INFO: Epoch[102] Iter[220/275] Loss: 0.247, Acc: 0.997, Base Lr: 4.51e-05
2026-06-05 04:32:57 transreid.train INFO: Epoch[102] Iter[240/275] Loss: 0.242, Acc: 0.996, Base Lr: 4.51e-05
2026-06-05 04:32:59 transreid.train INFO: Epoch[102] Iter[260/275] Loss: 0.245, Acc: 0.996, Base Lr: 4.51e-05
2026-06-05 04:33:00 transreid.train INFO: Epoch 102 done. Time per epoch: 29.020[s] Speed: 602.1[samples/s]
2026-06-05 04:33:03 transreid.train INFO: Epoch[103] Iter[20/275] Loss: 0.234, Acc: 0.998, Base Lr: 4.05e-05
2026-06-05 04:33:05 transreid.train INFO: Epoch[103] Iter[40/275] Loss: 0.277, Acc: 0.996, Base Lr: 4.05e-05
2026-06-05 04:33:07 transreid.train INFO: Epoch[103] Iter[60/275] Loss: 0.263, Acc: 0.997, Base Lr: 4.05e-05
2026-06-05 04:33:09 transreid.train INFO: Epoch[103] Iter[80/275] Loss: 0.257, Acc: 0.996, Base Lr: 4.05e-05
2026-06-05 04:33:11 transreid.train INFO: Epoch[103] Iter[100/275] Loss: 0.249, Acc: 0.997, Base Lr: 4.05e-05
2026-06-05 04:33:13 transreid.train INFO: Epoch[103] Iter[120/275] Loss: 0.237, Acc: 0.997, Base Lr: 4.05e-05
2026-06-05 04:33:15 transreid.train INFO: Epoch[103] Iter[140/275] Loss: 0.237, Acc: 0.997, Base Lr: 4.05e-05
2026-06-05 04:33:17 transreid.train INFO: Epoch[103] Iter[160/275] Loss: 0.232, Acc: 0.997, Base Lr: 4.05e-05
2026-06-05 04:33:20 transreid.train INFO: Epoch[103] Iter[180/275] Loss: 0.228, Acc: 0.997, Base Lr: 4.05e-05
2026-06-05 04:33:22 transreid.train INFO: Epoch[103] Iter[200/275] Loss: 0.230, Acc: 0.997, Base Lr: 4.05e-05
2026-06-05 04:33:24 transreid.train INFO: Epoch[103] Iter[220/275] Loss: 0.232, Acc: 0.997, Base Lr: 4.05e-05
2026-06-05 04:33:26 transreid.train INFO: Epoch[103] Iter[240/275] Loss: 0.232, Acc: 0.997, Base Lr: 4.05e-05
2026-06-05 04:33:28 transreid.train INFO: Epoch[103] Iter[260/275] Loss: 0.231, Acc: 0.997, Base Lr: 4.05e-05
2026-06-05 04:33:29 transreid.train INFO: Epoch 103 done. Time per epoch: 28.988[s] Speed: 602.7[samples/s]
2026-06-05 04:33:32 transreid.train INFO: Epoch[104] Iter[20/275] Loss: 0.217, Acc: 0.999, Base Lr: 3.61e-05
2026-06-05 04:33:34 transreid.train INFO: Epoch[104] Iter[40/275] Loss: 0.219, Acc: 0.999, Base Lr: 3.61e-05
2026-06-05 04:33:36 transreid.train INFO: Epoch[104] Iter[60/275] Loss: 0.227, Acc: 0.999, Base Lr: 3.61e-05
2026-06-05 04:33:38 transreid.train INFO: Epoch[104] Iter[80/275] Loss: 0.222, Acc: 0.999, Base Lr: 3.61e-05
2026-06-05 04:33:40 transreid.train INFO: Epoch[104] Iter[100/275] Loss: 0.233, Acc: 0.998, Base Lr: 3.61e-05
2026-06-05 04:33:42 transreid.train INFO: Epoch[104] Iter[120/275] Loss: 0.233, Acc: 0.998, Base Lr: 3.61e-05
2026-06-05 04:33:44 transreid.train INFO: Epoch[104] Iter[140/275] Loss: 0.232, Acc: 0.998, Base Lr: 3.61e-05
2026-06-05 04:33:46 transreid.train INFO: Epoch[104] Iter[160/275] Loss: 0.229, Acc: 0.997, Base Lr: 3.61e-05
2026-06-05 04:33:48 transreid.train INFO: Epoch[104] Iter[180/275] Loss: 0.226, Acc: 0.997, Base Lr: 3.61e-05
2026-06-05 04:33:51 transreid.train INFO: Epoch[104] Iter[200/275] Loss: 0.226, Acc: 0.997, Base Lr: 3.61e-05
2026-06-05 04:33:53 transreid.train INFO: Epoch[104] Iter[220/275] Loss: 0.226, Acc: 0.997, Base Lr: 3.61e-05
2026-06-05 04:33:55 transreid.train INFO: Epoch[104] Iter[240/275] Loss: 0.228, Acc: 0.997, Base Lr: 3.61e-05
2026-06-05 04:33:57 transreid.train INFO: Epoch[104] Iter[260/275] Loss: 0.229, Acc: 0.997, Base Lr: 3.61e-05
2026-06-05 04:33:58 transreid.train INFO: Epoch 104 done. Time per epoch: 28.965[s] Speed: 603.2[samples/s]
2026-06-05 04:34:01 transreid.train INFO: Epoch[105] Iter[20/275] Loss: 0.244, Acc: 0.997, Base Lr: 3.20e-05
2026-06-05 04:34:03 transreid.train INFO: Epoch[105] Iter[40/275] Loss: 0.231, Acc: 0.996, Base Lr: 3.20e-05
2026-06-05 04:34:05 transreid.train INFO: Epoch[105] Iter[60/275] Loss: 0.215, Acc: 0.997, Base Lr: 3.20e-05
2026-06-05 04:34:07 transreid.train INFO: Epoch[105] Iter[80/275] Loss: 0.212, Acc: 0.996, Base Lr: 3.20e-05
2026-06-05 04:34:09 transreid.train INFO: Epoch[105] Iter[100/275] Loss: 0.213, Acc: 0.997, Base Lr: 3.20e-05
2026-06-05 04:34:11 transreid.train INFO: Epoch[105] Iter[120/275] Loss: 0.221, Acc: 0.997, Base Lr: 3.20e-05
2026-06-05 04:34:13 transreid.train INFO: Epoch[105] Iter[140/275] Loss: 0.218, Acc: 0.998, Base Lr: 3.20e-05
2026-06-05 04:34:15 transreid.train INFO: Epoch[105] Iter[160/275] Loss: 0.217, Acc: 0.998, Base Lr: 3.20e-05
2026-06-05 04:34:17 transreid.train INFO: Epoch[105] Iter[180/275] Loss: 0.216, Acc: 0.998, Base Lr: 3.20e-05
2026-06-05 04:34:20 transreid.train INFO: Epoch[105] Iter[200/275] Loss: 0.215, Acc: 0.998, Base Lr: 3.20e-05
2026-06-05 04:34:22 transreid.train INFO: Epoch[105] Iter[220/275] Loss: 0.214, Acc: 0.998, Base Lr: 3.20e-05
2026-06-05 04:34:24 transreid.train INFO: Epoch[105] Iter[240/275] Loss: 0.213, Acc: 0.997, Base Lr: 3.20e-05
2026-06-05 04:34:26 transreid.train INFO: Epoch[105] Iter[260/275] Loss: 0.214, Acc: 0.997, Base Lr: 3.20e-05
2026-06-05 04:34:27 transreid.train INFO: Epoch 105 done. Time per epoch: 29.071[s] Speed: 603.2[samples/s]
2026-06-05 04:34:30 transreid.train INFO: Epoch[106] Iter[20/275] Loss: 0.211, Acc: 0.995, Base Lr: 2.81e-05
2026-06-05 04:34:32 transreid.train INFO: Epoch[106] Iter[40/275] Loss: 0.228, Acc: 0.997, Base Lr: 2.81e-05
2026-06-05 04:34:34 transreid.train INFO: Epoch[106] Iter[60/275] Loss: 0.231, Acc: 0.997, Base Lr: 2.81e-05
2026-06-05 04:34:36 transreid.train INFO: Epoch[106] Iter[80/275] Loss: 0.226, Acc: 0.998, Base Lr: 2.81e-05
2026-06-05 04:34:38 transreid.train INFO: Epoch[106] Iter[100/275] Loss: 0.229, Acc: 0.998, Base Lr: 2.81e-05
2026-06-05 04:34:40 transreid.train INFO: Epoch[106] Iter[120/275] Loss: 0.229, Acc: 0.998, Base Lr: 2.81e-05
2026-06-05 04:34:42 transreid.train INFO: Epoch[106] Iter[140/275] Loss: 0.223, Acc: 0.998, Base Lr: 2.81e-05
2026-06-05 04:34:44 transreid.train INFO: Epoch[106] Iter[160/275] Loss: 0.221, Acc: 0.997, Base Lr: 2.81e-05
2026-06-05 04:34:47 transreid.train INFO: Epoch[106] Iter[180/275] Loss: 0.220, Acc: 0.997, Base Lr: 2.81e-05
2026-06-05 04:34:49 transreid.train INFO: Epoch[106] Iter[200/275] Loss: 0.221, Acc: 0.997, Base Lr: 2.81e-05
2026-06-05 04:34:51 transreid.train INFO: Epoch[106] Iter[220/275] Loss: 0.218, Acc: 0.997, Base Lr: 2.81e-05
2026-06-05 04:34:53 transreid.train INFO: Epoch[106] Iter[240/275] Loss: 0.216, Acc: 0.997, Base Lr: 2.81e-05
2026-06-05 04:34:55 transreid.train INFO: Epoch[106] Iter[260/275] Loss: 0.218, Acc: 0.997, Base Lr: 2.81e-05
2026-06-05 04:34:56 transreid.train INFO: Epoch 106 done. Time per epoch: 29.057[s] Speed: 603.5[samples/s]
2026-06-05 04:34:59 transreid.train INFO: Epoch[107] Iter[20/275] Loss: 0.275, Acc: 0.997, Base Lr: 2.45e-05
2026-06-05 04:35:01 transreid.train INFO: Epoch[107] Iter[40/275] Loss: 0.277, Acc: 0.998, Base Lr: 2.45e-05
2026-06-05 04:35:03 transreid.train INFO: Epoch[107] Iter[60/275] Loss: 0.258, Acc: 0.997, Base Lr: 2.45e-05
2026-06-05 04:35:05 transreid.train INFO: Epoch[107] Iter[80/275] Loss: 0.242, Acc: 0.998, Base Lr: 2.45e-05
2026-06-05 04:35:07 transreid.train INFO: Epoch[107] Iter[100/275] Loss: 0.241, Acc: 0.997, Base Lr: 2.45e-05
2026-06-05 04:35:09 transreid.train INFO: Epoch[107] Iter[120/275] Loss: 0.232, Acc: 0.997, Base Lr: 2.45e-05
2026-06-05 04:35:11 transreid.train INFO: Epoch[107] Iter[140/275] Loss: 0.227, Acc: 0.997, Base Lr: 2.45e-05
2026-06-05 04:35:13 transreid.train INFO: Epoch[107] Iter[160/275] Loss: 0.226, Acc: 0.997, Base Lr: 2.45e-05
2026-06-05 04:35:16 transreid.train INFO: Epoch[107] Iter[180/275] Loss: 0.222, Acc: 0.997, Base Lr: 2.45e-05
2026-06-05 04:35:18 transreid.train INFO: Epoch[107] Iter[200/275] Loss: 0.223, Acc: 0.997, Base Lr: 2.45e-05
2026-06-05 04:35:20 transreid.train INFO: Epoch[107] Iter[220/275] Loss: 0.220, Acc: 0.997, Base Lr: 2.45e-05
2026-06-05 04:35:22 transreid.train INFO: Epoch[107] Iter[240/275] Loss: 0.221, Acc: 0.997, Base Lr: 2.45e-05
2026-06-05 04:35:24 transreid.train INFO: Epoch[107] Iter[260/275] Loss: 0.220, Acc: 0.997, Base Lr: 2.45e-05
2026-06-05 04:35:25 transreid.train INFO: Epoch 107 done. Time per epoch: 28.965[s] Speed: 603.2[samples/s]
2026-06-05 04:35:28 transreid.train INFO: Epoch[108] Iter[20/275] Loss: 0.247, Acc: 0.995, Base Lr: 2.11e-05
2026-06-05 04:35:30 transreid.train INFO: Epoch[108] Iter[40/275] Loss: 0.235, Acc: 0.996, Base Lr: 2.11e-05
2026-06-05 04:35:32 transreid.train INFO: Epoch[108] Iter[60/275] Loss: 0.240, Acc: 0.996, Base Lr: 2.11e-05
2026-06-05 04:35:34 transreid.train INFO: Epoch[108] Iter[80/275] Loss: 0.240, Acc: 0.996, Base Lr: 2.11e-05
2026-06-05 04:35:36 transreid.train INFO: Epoch[108] Iter[100/275] Loss: 0.255, Acc: 0.996, Base Lr: 2.11e-05
2026-06-05 04:35:38 transreid.train INFO: Epoch[108] Iter[120/275] Loss: 0.257, Acc: 0.996, Base Lr: 2.11e-05
2026-06-05 04:35:40 transreid.train INFO: Epoch[108] Iter[140/275] Loss: 0.257, Acc: 0.996, Base Lr: 2.11e-05
2026-06-05 04:35:42 transreid.train INFO: Epoch[108] Iter[160/275] Loss: 0.248, Acc: 0.996, Base Lr: 2.11e-05
2026-06-05 04:35:45 transreid.train INFO: Epoch[108] Iter[180/275] Loss: 0.244, Acc: 0.997, Base Lr: 2.11e-05
2026-06-05 04:35:47 transreid.train INFO: Epoch[108] Iter[200/275] Loss: 0.241, Acc: 0.997, Base Lr: 2.11e-05
2026-06-05 04:35:49 transreid.train INFO: Epoch[108] Iter[220/275] Loss: 0.242, Acc: 0.996, Base Lr: 2.11e-05
2026-06-05 04:35:51 transreid.train INFO: Epoch[108] Iter[240/275] Loss: 0.238, Acc: 0.997, Base Lr: 2.11e-05
2026-06-05 04:35:53 transreid.train INFO: Epoch[108] Iter[260/275] Loss: 0.236, Acc: 0.997, Base Lr: 2.11e-05
2026-06-05 04:35:54 transreid.train INFO: Epoch 108 done. Time per epoch: 28.968[s] Speed: 603.2[samples/s]
2026-06-05 04:35:57 transreid.train INFO: Epoch[109] Iter[20/275] Loss: 0.230, Acc: 0.998, Base Lr: 1.80e-05
2026-06-05 04:35:59 transreid.train INFO: Epoch[109] Iter[40/275] Loss: 0.218, Acc: 0.997, Base Lr: 1.80e-05
2026-06-05 04:36:01 transreid.train INFO: Epoch[109] Iter[60/275] Loss: 0.226, Acc: 0.998, Base Lr: 1.80e-05
2026-06-05 04:36:03 transreid.train INFO: Epoch[109] Iter[80/275] Loss: 0.233, Acc: 0.998, Base Lr: 1.80e-05
2026-06-05 04:36:05 transreid.train INFO: Epoch[109] Iter[100/275] Loss: 0.232, Acc: 0.998, Base Lr: 1.80e-05
2026-06-05 04:36:07 transreid.train INFO: Epoch[109] Iter[120/275] Loss: 0.226, Acc: 0.998, Base Lr: 1.80e-05
2026-06-05 04:36:09 transreid.train INFO: Epoch[109] Iter[140/275] Loss: 0.224, Acc: 0.998, Base Lr: 1.80e-05
2026-06-05 04:36:11 transreid.train INFO: Epoch[109] Iter[160/275] Loss: 0.221, Acc: 0.998, Base Lr: 1.80e-05
2026-06-05 04:36:14 transreid.train INFO: Epoch[109] Iter[180/275] Loss: 0.215, Acc: 0.998, Base Lr: 1.80e-05
2026-06-05 04:36:16 transreid.train INFO: Epoch[109] Iter[200/275] Loss: 0.213, Acc: 0.998, Base Lr: 1.80e-05
2026-06-05 04:36:18 transreid.train INFO: Epoch[109] Iter[220/275] Loss: 0.211, Acc: 0.998, Base Lr: 1.80e-05
2026-06-05 04:36:20 transreid.train INFO: Epoch[109] Iter[240/275] Loss: 0.209, Acc: 0.998, Base Lr: 1.80e-05
2026-06-05 04:36:22 transreid.train INFO: Epoch[109] Iter[260/275] Loss: 0.211, Acc: 0.998, Base Lr: 1.80e-05
2026-06-05 04:36:23 transreid.train INFO: Epoch 109 done. Time per epoch: 29.078[s] Speed: 603.1[samples/s]
2026-06-05 04:36:26 transreid.train INFO: Epoch[110] Iter[20/275] Loss: 0.252, Acc: 0.997, Base Lr: 1.52e-05
2026-06-05 04:36:28 transreid.train INFO: Epoch[110] Iter[40/275] Loss: 0.242, Acc: 0.998, Base Lr: 1.52e-05
2026-06-05 04:36:30 transreid.train INFO: Epoch[110] Iter[60/275] Loss: 0.241, Acc: 0.998, Base Lr: 1.52e-05
2026-06-05 04:36:32 transreid.train INFO: Epoch[110] Iter[80/275] Loss: 0.228, Acc: 0.998, Base Lr: 1.52e-05
2026-06-05 04:36:34 transreid.train INFO: Epoch[110] Iter[100/275] Loss: 0.220, Acc: 0.998, Base Lr: 1.52e-05
2026-06-05 04:36:36 transreid.train INFO: Epoch[110] Iter[120/275] Loss: 0.224, Acc: 0.998, Base Lr: 1.52e-05
2026-06-05 04:36:38 transreid.train INFO: Epoch[110] Iter[140/275] Loss: 0.222, Acc: 0.998, Base Lr: 1.52e-05
2026-06-05 04:36:41 transreid.train INFO: Epoch[110] Iter[160/275] Loss: 0.217, Acc: 0.998, Base Lr: 1.52e-05
2026-06-05 04:36:43 transreid.train INFO: Epoch[110] Iter[180/275] Loss: 0.215, Acc: 0.998, Base Lr: 1.52e-05
2026-06-05 04:36:45 transreid.train INFO: Epoch[110] Iter[200/275] Loss: 0.214, Acc: 0.998, Base Lr: 1.52e-05
2026-06-05 04:36:47 transreid.train INFO: Epoch[110] Iter[220/275] Loss: 0.211, Acc: 0.998, Base Lr: 1.52e-05
2026-06-05 04:36:49 transreid.train INFO: Epoch[110] Iter[240/275] Loss: 0.212, Acc: 0.998, Base Lr: 1.52e-05
2026-06-05 04:36:51 transreid.train INFO: Epoch[110] Iter[260/275] Loss: 0.219, Acc: 0.998, Base Lr: 1.52e-05
2026-06-05 04:36:52 transreid.train INFO: Epoch 110 done. Time per epoch: 28.984[s] Speed: 602.8[samples/s]
2026-06-05 04:36:55 transreid.train INFO: Epoch[111] Iter[20/275] Loss: 0.217, Acc: 0.999, Base Lr: 1.26e-05
2026-06-05 04:36:57 transreid.train INFO: Epoch[111] Iter[40/275] Loss: 0.210, Acc: 0.999, Base Lr: 1.26e-05
2026-06-05 04:36:59 transreid.train INFO: Epoch[111] Iter[60/275] Loss: 0.210, Acc: 0.998, Base Lr: 1.26e-05
2026-06-05 04:37:01 transreid.train INFO: Epoch[111] Iter[80/275] Loss: 0.206, Acc: 0.999, Base Lr: 1.26e-05
2026-06-05 04:37:03 transreid.train INFO: Epoch[111] Iter[100/275] Loss: 0.203, Acc: 0.998, Base Lr: 1.26e-05
2026-06-05 04:37:05 transreid.train INFO: Epoch[111] Iter[120/275] Loss: 0.213, Acc: 0.998, Base Lr: 1.26e-05
2026-06-05 04:37:07 transreid.train INFO: Epoch[111] Iter[140/275] Loss: 0.210, Acc: 0.998, Base Lr: 1.26e-05
2026-06-05 04:37:09 transreid.train INFO: Epoch[111] Iter[160/275] Loss: 0.204, Acc: 0.998, Base Lr: 1.26e-05
2026-06-05 04:37:12 transreid.train INFO: Epoch[111] Iter[180/275] Loss: 0.204, Acc: 0.998, Base Lr: 1.26e-05
2026-06-05 04:37:14 transreid.train INFO: Epoch[111] Iter[200/275] Loss: 0.202, Acc: 0.998, Base Lr: 1.26e-05
2026-06-05 04:37:16 transreid.train INFO: Epoch[111] Iter[220/275] Loss: 0.203, Acc: 0.998, Base Lr: 1.26e-05
2026-06-05 04:37:18 transreid.train INFO: Epoch[111] Iter[240/275] Loss: 0.206, Acc: 0.998, Base Lr: 1.26e-05
2026-06-05 04:37:20 transreid.train INFO: Epoch[111] Iter[260/275] Loss: 0.205, Acc: 0.997, Base Lr: 1.26e-05
2026-06-05 04:37:21 transreid.train INFO: Epoch 111 done. Time per epoch: 29.076[s] Speed: 603.1[samples/s]
2026-06-05 04:37:24 transreid.train INFO: Epoch[112] Iter[20/275] Loss: 0.213, Acc: 0.998, Base Lr: 1.03e-05
2026-06-05 04:37:26 transreid.train INFO: Epoch[112] Iter[40/275] Loss: 0.234, Acc: 0.997, Base Lr: 1.03e-05
2026-06-05 04:37:28 transreid.train INFO: Epoch[112] Iter[60/275] Loss: 0.241, Acc: 0.997, Base Lr: 1.03e-05
2026-06-05 04:37:30 transreid.train INFO: Epoch[112] Iter[80/275] Loss: 0.241, Acc: 0.997, Base Lr: 1.03e-05
2026-06-05 04:37:32 transreid.train INFO: Epoch[112] Iter[100/275] Loss: 0.235, Acc: 0.998, Base Lr: 1.03e-05
2026-06-05 04:37:34 transreid.train INFO: Epoch[112] Iter[120/275] Loss: 0.236, Acc: 0.997, Base Lr: 1.03e-05
2026-06-05 04:37:36 transreid.train INFO: Epoch[112] Iter[140/275] Loss: 0.229, Acc: 0.997, Base Lr: 1.03e-05
2026-06-05 04:37:39 transreid.train INFO: Epoch[112] Iter[160/275] Loss: 0.225, Acc: 0.997, Base Lr: 1.03e-05
2026-06-05 04:37:41 transreid.train INFO: Epoch[112] Iter[180/275] Loss: 0.225, Acc: 0.998, Base Lr: 1.03e-05
2026-06-05 04:37:43 transreid.train INFO: Epoch[112] Iter[200/275] Loss: 0.227, Acc: 0.998, Base Lr: 1.03e-05
2026-06-05 04:37:45 transreid.train INFO: Epoch[112] Iter[220/275] Loss: 0.226, Acc: 0.997, Base Lr: 1.03e-05
2026-06-05 04:37:47 transreid.train INFO: Epoch[112] Iter[240/275] Loss: 0.225, Acc: 0.998, Base Lr: 1.03e-05
2026-06-05 04:37:49 transreid.train INFO: Epoch[112] Iter[260/275] Loss: 0.223, Acc: 0.998, Base Lr: 1.03e-05
2026-06-05 04:37:50 transreid.train INFO: Epoch 112 done. Time per epoch: 28.995[s] Speed: 602.6[samples/s]
2026-06-05 04:37:53 transreid.train INFO: Epoch[113] Iter[20/275] Loss: 0.245, Acc: 0.997, Base Lr: 8.28e-06
2026-06-05 04:37:55 transreid.train INFO: Epoch[113] Iter[40/275] Loss: 0.234, Acc: 0.997, Base Lr: 8.28e-06
2026-06-05 04:37:57 transreid.train INFO: Epoch[113] Iter[60/275] Loss: 0.217, Acc: 0.997, Base Lr: 8.28e-06
2026-06-05 04:37:59 transreid.train INFO: Epoch[113] Iter[80/275] Loss: 0.222, Acc: 0.996, Base Lr: 8.28e-06
2026-06-05 04:38:01 transreid.train INFO: Epoch[113] Iter[100/275] Loss: 0.214, Acc: 0.996, Base Lr: 8.28e-06
2026-06-05 04:38:03 transreid.train INFO: Epoch[113] Iter[120/275] Loss: 0.220, Acc: 0.997, Base Lr: 8.28e-06
2026-06-05 04:38:05 transreid.train INFO: Epoch[113] Iter[140/275] Loss: 0.225, Acc: 0.997, Base Lr: 8.28e-06
2026-06-05 04:38:08 transreid.train INFO: Epoch[113] Iter[160/275] Loss: 0.222, Acc: 0.997, Base Lr: 8.28e-06
2026-06-05 04:38:10 transreid.train INFO: Epoch[113] Iter[180/275] Loss: 0.227, Acc: 0.997, Base Lr: 8.28e-06
2026-06-05 04:38:12 transreid.train INFO: Epoch[113] Iter[200/275] Loss: 0.226, Acc: 0.997, Base Lr: 8.28e-06
2026-06-05 04:38:14 transreid.train INFO: Epoch[113] Iter[220/275] Loss: 0.227, Acc: 0.997, Base Lr: 8.28e-06
2026-06-05 04:38:16 transreid.train INFO: Epoch[113] Iter[240/275] Loss: 0.227, Acc: 0.997, Base Lr: 8.28e-06
2026-06-05 04:38:18 transreid.train INFO: Epoch[113] Iter[260/275] Loss: 0.225, Acc: 0.997, Base Lr: 8.28e-06
2026-06-05 04:38:20 transreid.train INFO: Epoch 113 done. Time per epoch: 29.059[s] Speed: 603.5[samples/s]
2026-06-05 04:38:22 transreid.train INFO: Epoch[114] Iter[20/275] Loss: 0.216, Acc: 1.000, Base Lr: 6.51e-06
2026-06-05 04:38:24 transreid.train INFO: Epoch[114] Iter[40/275] Loss: 0.209, Acc: 1.000, Base Lr: 6.51e-06
2026-06-05 04:38:26 transreid.train INFO: Epoch[114] Iter[60/275] Loss: 0.206, Acc: 0.999, Base Lr: 6.51e-06
2026-06-05 04:38:28 transreid.train INFO: Epoch[114] Iter[80/275] Loss: 0.204, Acc: 0.999, Base Lr: 6.51e-06
2026-06-05 04:38:30 transreid.train INFO: Epoch[114] Iter[100/275] Loss: 0.197, Acc: 0.999, Base Lr: 6.51e-06
2026-06-05 04:38:32 transreid.train INFO: Epoch[114] Iter[120/275] Loss: 0.199, Acc: 0.999, Base Lr: 6.51e-06
2026-06-05 04:38:35 transreid.train INFO: Epoch[114] Iter[140/275] Loss: 0.203, Acc: 0.999, Base Lr: 6.51e-06
2026-06-05 04:38:37 transreid.train INFO: Epoch[114] Iter[160/275] Loss: 0.204, Acc: 0.998, Base Lr: 6.51e-06
2026-06-05 04:38:39 transreid.train INFO: Epoch[114] Iter[180/275] Loss: 0.205, Acc: 0.998, Base Lr: 6.51e-06
2026-06-05 04:38:41 transreid.train INFO: Epoch[114] Iter[200/275] Loss: 0.205, Acc: 0.998, Base Lr: 6.51e-06
2026-06-05 04:38:43 transreid.train INFO: Epoch[114] Iter[220/275] Loss: 0.205, Acc: 0.998, Base Lr: 6.51e-06
2026-06-05 04:38:45 transreid.train INFO: Epoch[114] Iter[240/275] Loss: 0.207, Acc: 0.998, Base Lr: 6.51e-06
2026-06-05 04:38:47 transreid.train INFO: Epoch[114] Iter[260/275] Loss: 0.210, Acc: 0.998, Base Lr: 6.51e-06
2026-06-05 04:38:48 transreid.train INFO: Epoch 114 done. Time per epoch: 28.971[s] Speed: 603.1[samples/s]
2026-06-05 04:38:51 transreid.train INFO: Epoch[115] Iter[20/275] Loss: 0.207, Acc: 0.995, Base Lr: 5.02e-06
2026-06-05 04:38:53 transreid.train INFO: Epoch[115] Iter[40/275] Loss: 0.205, Acc: 0.996, Base Lr: 5.02e-06
2026-06-05 04:38:55 transreid.train INFO: Epoch[115] Iter[60/275] Loss: 0.199, Acc: 0.997, Base Lr: 5.02e-06
2026-06-05 04:38:57 transreid.train INFO: Epoch[115] Iter[80/275] Loss: 0.215, Acc: 0.996, Base Lr: 5.02e-06
2026-06-05 04:38:59 transreid.train INFO: Epoch[115] Iter[100/275] Loss: 0.224, Acc: 0.996, Base Lr: 5.02e-06
2026-06-05 04:39:01 transreid.train INFO: Epoch[115] Iter[120/275] Loss: 0.222, Acc: 0.996, Base Lr: 5.02e-06
2026-06-05 04:39:03 transreid.train INFO: Epoch[115] Iter[140/275] Loss: 0.216, Acc: 0.996, Base Lr: 5.02e-06
2026-06-05 04:39:06 transreid.train INFO: Epoch[115] Iter[160/275] Loss: 0.214, Acc: 0.997, Base Lr: 5.02e-06
2026-06-05 04:39:08 transreid.train INFO: Epoch[115] Iter[180/275] Loss: 0.213, Acc: 0.997, Base Lr: 5.02e-06
2026-06-05 04:39:10 transreid.train INFO: Epoch[115] Iter[200/275] Loss: 0.212, Acc: 0.997, Base Lr: 5.02e-06
2026-06-05 04:39:12 transreid.train INFO: Epoch[115] Iter[220/275] Loss: 0.217, Acc: 0.997, Base Lr: 5.02e-06
2026-06-05 04:39:14 transreid.train INFO: Epoch[115] Iter[240/275] Loss: 0.217, Acc: 0.997, Base Lr: 5.02e-06
2026-06-05 04:39:16 transreid.train INFO: Epoch[115] Iter[260/275] Loss: 0.217, Acc: 0.997, Base Lr: 5.02e-06
2026-06-05 04:39:18 transreid.train INFO: Epoch 115 done. Time per epoch: 29.060[s] Speed: 603.4[samples/s]
2026-06-05 04:39:20 transreid.train INFO: Epoch[116] Iter[20/275] Loss: 0.237, Acc: 0.995, Base Lr: 3.79e-06
2026-06-05 04:39:22 transreid.train INFO: Epoch[116] Iter[40/275] Loss: 0.239, Acc: 0.996, Base Lr: 3.79e-06
2026-06-05 04:39:24 transreid.train INFO: Epoch[116] Iter[60/275] Loss: 0.236, Acc: 0.997, Base Lr: 3.79e-06
2026-06-05 04:39:26 transreid.train INFO: Epoch[116] Iter[80/275] Loss: 0.234, Acc: 0.996, Base Lr: 3.79e-06
2026-06-05 04:39:28 transreid.train INFO: Epoch[116] Iter[100/275] Loss: 0.228, Acc: 0.997, Base Lr: 3.79e-06
2026-06-05 04:39:30 transreid.train INFO: Epoch[116] Iter[120/275] Loss: 0.224, Acc: 0.997, Base Lr: 3.79e-06
2026-06-05 04:39:33 transreid.train INFO: Epoch[116] Iter[140/275] Loss: 0.226, Acc: 0.997, Base Lr: 3.79e-06
2026-06-05 04:39:35 transreid.train INFO: Epoch[116] Iter[160/275] Loss: 0.223, Acc: 0.997, Base Lr: 3.79e-06
2026-06-05 04:39:37 transreid.train INFO: Epoch[116] Iter[180/275] Loss: 0.227, Acc: 0.997, Base Lr: 3.79e-06
2026-06-05 04:39:39 transreid.train INFO: Epoch[116] Iter[200/275] Loss: 0.223, Acc: 0.997, Base Lr: 3.79e-06
2026-06-05 04:39:41 transreid.train INFO: Epoch[116] Iter[220/275] Loss: 0.225, Acc: 0.997, Base Lr: 3.79e-06
2026-06-05 04:39:43 transreid.train INFO: Epoch[116] Iter[240/275] Loss: 0.227, Acc: 0.997, Base Lr: 3.79e-06
2026-06-05 04:39:45 transreid.train INFO: Epoch[116] Iter[260/275] Loss: 0.228, Acc: 0.998, Base Lr: 3.79e-06
2026-06-05 04:39:47 transreid.train INFO: Epoch 116 done. Time per epoch: 28.965[s] Speed: 603.2[samples/s]
2026-06-05 04:39:49 transreid.train INFO: Epoch[117] Iter[20/275] Loss: 0.230, Acc: 0.997, Base Lr: 2.83e-06
2026-06-05 04:39:51 transreid.train INFO: Epoch[117] Iter[40/275] Loss: 0.246, Acc: 0.995, Base Lr: 2.83e-06
2026-06-05 04:39:53 transreid.train INFO: Epoch[117] Iter[60/275] Loss: 0.245, Acc: 0.997, Base Lr: 2.83e-06
2026-06-05 04:39:55 transreid.train INFO: Epoch[117] Iter[80/275] Loss: 0.243, Acc: 0.997, Base Lr: 2.83e-06
2026-06-05 04:39:57 transreid.train INFO: Epoch[117] Iter[100/275] Loss: 0.244, Acc: 0.997, Base Lr: 2.83e-06
2026-06-05 04:39:59 transreid.train INFO: Epoch[117] Iter[120/275] Loss: 0.239, Acc: 0.997, Base Lr: 2.83e-06
2026-06-05 04:40:02 transreid.train INFO: Epoch[117] Iter[140/275] Loss: 0.231, Acc: 0.997, Base Lr: 2.83e-06
2026-06-05 04:40:04 transreid.train INFO: Epoch[117] Iter[160/275] Loss: 0.228, Acc: 0.998, Base Lr: 2.83e-06
2026-06-05 04:40:06 transreid.train INFO: Epoch[117] Iter[180/275] Loss: 0.227, Acc: 0.998, Base Lr: 2.83e-06
2026-06-05 04:40:08 transreid.train INFO: Epoch[117] Iter[200/275] Loss: 0.225, Acc: 0.997, Base Lr: 2.83e-06
2026-06-05 04:40:10 transreid.train INFO: Epoch[117] Iter[220/275] Loss: 0.229, Acc: 0.997, Base Lr: 2.83e-06
2026-06-05 04:40:12 transreid.train INFO: Epoch[117] Iter[240/275] Loss: 0.229, Acc: 0.997, Base Lr: 2.83e-06
2026-06-05 04:40:14 transreid.train INFO: Epoch[117] Iter[260/275] Loss: 0.223, Acc: 0.998, Base Lr: 2.83e-06
2026-06-05 04:40:16 transreid.train INFO: Epoch 117 done. Time per epoch: 29.102[s] Speed: 602.6[samples/s]
2026-06-05 04:40:18 transreid.train INFO: Epoch[118] Iter[20/275] Loss: 0.236, Acc: 0.997, Base Lr: 2.15e-06
2026-06-05 04:40:20 transreid.train INFO: Epoch[118] Iter[40/275] Loss: 0.225, Acc: 0.998, Base Lr: 2.15e-06
2026-06-05 04:40:22 transreid.train INFO: Epoch[118] Iter[60/275] Loss: 0.218, Acc: 0.998, Base Lr: 2.15e-06
2026-06-05 04:40:24 transreid.train INFO: Epoch[118] Iter[80/275] Loss: 0.212, Acc: 0.998, Base Lr: 2.15e-06
2026-06-05 04:40:26 transreid.train INFO: Epoch[118] Iter[100/275] Loss: 0.213, Acc: 0.998, Base Lr: 2.15e-06
2026-06-05 04:40:29 transreid.train INFO: Epoch[118] Iter[120/275] Loss: 0.213, Acc: 0.998, Base Lr: 2.15e-06
2026-06-05 04:40:31 transreid.train INFO: Epoch[118] Iter[140/275] Loss: 0.213, Acc: 0.998, Base Lr: 2.15e-06
2026-06-05 04:40:33 transreid.train INFO: Epoch[118] Iter[160/275] Loss: 0.215, Acc: 0.998, Base Lr: 2.15e-06
2026-06-05 04:40:35 transreid.train INFO: Epoch[118] Iter[180/275] Loss: 0.213, Acc: 0.998, Base Lr: 2.15e-06
2026-06-05 04:40:37 transreid.train INFO: Epoch[118] Iter[200/275] Loss: 0.214, Acc: 0.998, Base Lr: 2.15e-06
2026-06-05 04:40:39 transreid.train INFO: Epoch[118] Iter[220/275] Loss: 0.213, Acc: 0.998, Base Lr: 2.15e-06
2026-06-05 04:40:41 transreid.train INFO: Epoch[118] Iter[240/275] Loss: 0.212, Acc: 0.998, Base Lr: 2.15e-06
2026-06-05 04:40:43 transreid.train INFO: Epoch[118] Iter[260/275] Loss: 0.210, Acc: 0.998, Base Lr: 2.15e-06
2026-06-05 04:40:45 transreid.train INFO: Epoch 118 done. Time per epoch: 28.975[s] Speed: 603.0[samples/s]
2026-06-05 04:40:47 transreid.train INFO: Epoch[119] Iter[20/275] Loss: 0.226, Acc: 0.998, Base Lr: 1.74e-06
2026-06-05 04:40:49 transreid.train INFO: Epoch[119] Iter[40/275] Loss: 0.215, Acc: 0.997, Base Lr: 1.74e-06
2026-06-05 04:40:51 transreid.train INFO: Epoch[119] Iter[60/275] Loss: 0.209, Acc: 0.998, Base Lr: 1.74e-06
2026-06-05 04:40:53 transreid.train INFO: Epoch[119] Iter[80/275] Loss: 0.209, Acc: 0.997, Base Lr: 1.74e-06
2026-06-05 04:40:55 transreid.train INFO: Epoch[119] Iter[100/275] Loss: 0.211, Acc: 0.997, Base Lr: 1.74e-06
2026-06-05 04:40:57 transreid.train INFO: Epoch[119] Iter[120/275] Loss: 0.211, Acc: 0.997, Base Lr: 1.74e-06
2026-06-05 04:41:00 transreid.train INFO: Epoch[119] Iter[140/275] Loss: 0.209, Acc: 0.997, Base Lr: 1.74e-06
2026-06-05 04:41:02 transreid.train INFO: Epoch[119] Iter[160/275] Loss: 0.206, Acc: 0.997, Base Lr: 1.74e-06
2026-06-05 04:41:04 transreid.train INFO: Epoch[119] Iter[180/275] Loss: 0.204, Acc: 0.997, Base Lr: 1.74e-06
2026-06-05 04:41:06 transreid.train INFO: Epoch[119] Iter[200/275] Loss: 0.204, Acc: 0.997, Base Lr: 1.74e-06
2026-06-05 04:41:08 transreid.train INFO: Epoch[119] Iter[220/275] Loss: 0.212, Acc: 0.997, Base Lr: 1.74e-06
2026-06-05 04:41:10 transreid.train INFO: Epoch[119] Iter[240/275] Loss: 0.215, Acc: 0.997, Base Lr: 1.74e-06
2026-06-05 04:41:12 transreid.train INFO: Epoch[119] Iter[260/275] Loss: 0.213, Acc: 0.997, Base Lr: 1.74e-06
2026-06-05 04:41:14 transreid.train INFO: Epoch 119 done. Time per epoch: 28.961[s] Speed: 603.3[samples/s]
2026-06-05 04:41:16 transreid.train INFO: Epoch[120] Iter[20/275] Loss: 0.221, Acc: 0.998, Base Lr: 1.60e-06
2026-06-05 04:41:18 transreid.train INFO: Epoch[120] Iter[40/275] Loss: 0.215, Acc: 0.998, Base Lr: 1.60e-06
2026-06-05 04:41:20 transreid.train INFO: Epoch[120] Iter[60/275] Loss: 0.219, Acc: 0.998, Base Lr: 1.60e-06
2026-06-05 04:41:22 transreid.train INFO: Epoch[120] Iter[80/275] Loss: 0.216, Acc: 0.998, Base Lr: 1.60e-06
2026-06-05 04:41:24 transreid.train INFO: Epoch[120] Iter[100/275] Loss: 0.220, Acc: 0.998, Base Lr: 1.60e-06
2026-06-05 04:41:26 transreid.train INFO: Epoch[120] Iter[120/275] Loss: 0.223, Acc: 0.997, Base Lr: 1.60e-06
2026-06-05 04:41:29 transreid.train INFO: Epoch[120] Iter[140/275] Loss: 0.218, Acc: 0.997, Base Lr: 1.60e-06
2026-06-05 04:41:31 transreid.train INFO: Epoch[120] Iter[160/275] Loss: 0.217, Acc: 0.997, Base Lr: 1.60e-06
2026-06-05 04:41:33 transreid.train INFO: Epoch[120] Iter[180/275] Loss: 0.214, Acc: 0.997, Base Lr: 1.60e-06
2026-06-05 04:41:35 transreid.train INFO: Epoch[120] Iter[200/275] Loss: 0.213, Acc: 0.998, Base Lr: 1.60e-06
2026-06-05 04:41:37 transreid.train INFO: Epoch[120] Iter[220/275] Loss: 0.219, Acc: 0.998, Base Lr: 1.60e-06
2026-06-05 04:41:39 transreid.train INFO: Epoch[120] Iter[240/275] Loss: 0.219, Acc: 0.998, Base Lr: 1.60e-06
2026-06-05 04:41:41 transreid.train INFO: Epoch[120] Iter[260/275] Loss: 0.221, Acc: 0.998, Base Lr: 1.60e-06
2026-06-05 04:41:43 transreid.train INFO: Epoch 120 done. Time per epoch: 28.943[s] Speed: 603.7[samples/s]
The test feature is normalized
=> Computing DistMat with euclidean_distance
2026-06-05 04:41:57 transreid.train INFO: Validation Results - Epoch: 120
2026-06-05 04:41:57 transreid.train INFO: mAP: 74.5%
2026-06-05 04:41:57 transreid.train INFO: CMC curve, Rank-1  :83.8%
2026-06-05 04:41:57 transreid.train INFO: CMC curve, Rank-5  :94.1%
2026-06-05 04:41:57 transreid.train INFO: CMC curve, Rank-10 :96.6%
