2026-06-11 08:34:23 transreid INFO: Saving model in the path :./log/occluded_duke/exp023_method_s2
2026-06-11 08:34:23 transreid INFO: Loaded configuration file configs/occluded_duke/vit_base.yml
2026-06-11 08:34:23 transreid INFO: Running with config:
DATALOADER:
  NUM_INSTANCE: 4
  NUM_WORKERS: 8
  REMOVE_TAIL: 0
  SAMPLER: softmax_triplet
DATASETS:
  NAMES: occluded_duke
  ROOT_DIR: /mnt1/afrdata
  ROOT_TRAIN_DIR: ../data
  ROOT_VAL_DIR: ../data
DONOR_DECOUPLE:
  AUX_DETACH: True
  CF_W: 0.5
  DONOR_CLS_W: 0.2
  DONOR_REPEAT: 4
  ENABLED: False
  NEG_MARGIN: 0.02
  ORTH_W: 0.03
  PASTE_PROB: 0.5
  SAMEB_NEG_W: 0.5
  SYN_ID_W: 0.25
EVIDENCE_AGREEMENT:
  DOM_MARGIN: 0.3
  DOM_W: 0.05
  ENABLED: False
  EPS: 1e-06
  MIN_REGION_GAP: 1.0
  NEG_MARGIN: 0.3
  NEG_SINGLE_W: 0.1
  POS_ALIGN_W: 0.05
  POS_MULTI_W: 0.1
  REGION_MODE: grid2x2
  SINGLE_EPS: 0.0
  TAU_EMA_MOMENTUM: 0.9
  TAU_GLOBAL: 0.5
  TAU_REGION: 0.75
  THRESHOLD_QUANTILE: 0.75
  T_COUNT: 0.25
  T_GLOBAL: 0.05
  T_REGION: 0.05
  WARMUP_EPOCHS: 10
INPUT:
  MIX_PROB: 0.0
  MIX_RATIO_RANGE: [0.3, 0.7]
  MIX_TYPE: both
  PADDING: 10
  PIXEL_MEAN: [0.5, 0.5, 0.5]
  PIXEL_STD: [0.5, 0.5, 0.5]
  PROB: 0.5
  RE_PROB: 0.5
  SIZE_TEST: [256, 128]
  SIZE_TRAIN: [256, 128]
LGP:
  ENABLED: False
  N_HEADS: 8
  PROTOS_PATH: 
  W_ID: 1.0
MODEL:
  ATT_DROP_RATE: 0.0
  COS_LAYER: False
  DEVICE: cuda
  DEVICE_ID: 0
  DEVIDE_LENGTH: 4
  DIST_TRAIN: False
  DROPOUT_RATE: 0.0
  DROP_OUT: 0.0
  DROP_PATH: 0.1
  FEAT_DIM: 512
  GEM_POOLING: False
  ID_LOSS_TYPE: softmax
  ID_LOSS_WEIGHT: 1.0
  IF_LABELSMOOTH: off
  IF_WITH_CENTER: no
  JPM: False
  LAST_STRIDE: 1
  METRIC_LOSS_TYPE: triplet
  NAME: transformer
  NECK: bnneck
  NO_MARGIN: True
  PRETRAIN_CHOICE: imagenet
  PRETRAIN_HW_RATIO: 1
  PRETRAIN_PATH: /home/afr/reid-clean/weights/jx_vit_base_p16_224-80ecf9dd.pth
  REDUCE_FEAT_DIM: False
  RE_ARRANGE: True
  SEMANTIC_WEIGHT: 1.0
  SHIFT_NUM: 5
  SHUFFLE_GROUP: 2
  SIE_CAMERA: False
  SIE_COE: 3.0
  SIE_VIEW: False
  STEM_CONV: False
  STRIDE_SIZE: [16, 16]
  TRANSFORMER_TYPE: vit_base_patch16_224_TransReID
  TRIPLET_LOSS_WEIGHT: 1.0
  WITH_CP: False
MULTIHYP:
  ALPHA: 0.1
  BONUS_CAP: 0.15
  DETACH: True
  DIV_W: 0.5
  DSHS_HARD: global
  DSHS_MARGIN: 0.3
  DSHS_NHARD: 10
  DSHS_W: 0.0
  ENABLED: False
  GATE_SIGMA: 0.3
  GATE_TAU: 1.2
  K: 3
  LOSS_W: 1.0
  NEG_MARGIN: 0.7
  POS_MARGIN: 0.3
  SET_TEMP: 0.1
  UNIQUE_MARGIN: 0.1
OBJGATE:
  ANTI_W: 0.1
  DETACH_SCORE: False
  ENABLED: False
  ENTROPY_MAX: 1000000000.0
  ENTROPY_MIN: 0.0
  FEATMAP_INDEX: -1
  HIDDEN: 192
  LAMBDA_TARGET: 1.0
  LAMBDA_WARMUP_EPOCHS: 10
  MODE: softmax
  SPLIT_W: 1.0
  SUPPRESS_MIN: 0.5
  TAU: 1.0
OCCAWARE:
  AUG_PROB: 0.5
  BANK_PATH: /mnt1/afrdata/coco_occluder_bank_512.pt
  BLOCK: 8
  ENABLED: True
  MECH: True
  POOL_KIND: coco
  POOL_SIZE: 256
  SWIN_STAGE: 2
  W_OCC: 0.5
OSG:
  BLOCK: 8
  ENABLED: False
  KL_T: 4.0
  LABELS_PATH: 
  PROTOS_PATH: 
  RANDOM_PROTOS: False
  TAU: 0.07
  W_SEM: 0.1
OSS:
  AUG_PROB: 0.3
  ENABLED: False
  GRL_ALPHA: 1.0
  POOL_SIZE: 256
  RANDOM_LABEL: False
  W: 0.5
OUTPUT_DIR: ./log/occluded_duke/exp023_method_s2
PARTIAL_EVIDENCE:
  CALIBRATE: True
  ENABLED: False
  LS_MAX: 0.2
  MARGIN_SCALE: True
  MIN_KEEP: 0.2
  NO_HARDNEG_BELOW: 0.4
  PASTE_PROB: 0.5
SEMDISTILL:
  ENABLED: False
  KL_T: 4.0
  LABELS_PATH: 
  MODE: emb
  W: 0.2
SOLVER:
  BASE_LR: 0.008
  BIAS_LR_FACTOR: 2
  CENTER_LOSS_WEIGHT: 0.0005
  CENTER_LR: 0.5
  CHECKPOINT_PERIOD: 120
  COSINE_MARGIN: 0.5
  COSINE_SCALE: 30
  EVAL_PERIOD: 120
  GAMMA: 0.1
  IMS_PER_BATCH: 64
  LARGE_FC_LR: False
  LOG_PERIOD: 50
  MARGIN: 0.3
  MAX_EPOCHS: 120
  MOMENTUM: 0.9
  OPTIMIZER_NAME: SGD
  SEED: 2
  STEPS: (40, 70)
  TRP_L2: False
  WARMUP_EPOCHS: 5
  WARMUP_FACTOR: 0.01
  WARMUP_METHOD: cosine
  WEIGHT_DECAY: 0.0001
  WEIGHT_DECAY_BIAS: 0.0001
TEST:
  DIST_MAT: dist_mat.npy
  EVAL: True
  FEAT_NORM: yes
  IMS_PER_BATCH: 64
  NECK_FEAT: before
  RE_RANKING: False
  WEIGHT: 
=> Occluded-Duke loaded
2026-06-11 08:34:23 transreid.check INFO: Dataset statistics:
2026-06-11 08:34:23 transreid.check INFO:   ----------------------------------------
2026-06-11 08:34:23 transreid.check INFO:   subset   | # ids | # images | # cameras
2026-06-11 08:34:23 transreid.check INFO:   ----------------------------------------
2026-06-11 08:34:23 transreid.check INFO:   train    |   702 |    15618 |         8
2026-06-11 08:34:23 transreid.check INFO:   query    |   519 |     2210 |         8
2026-06-11 08:34:23 transreid.check INFO:   gallery  |  1110 |    17661 |         8
2026-06-11 08:34:23 transreid.check INFO:   ----------------------------------------
using img_triplet sampler
using Transformer_type: vit_base_patch16_224_TransReID as a backbone
using stride: [16, 16], and patch number is num_y16 * num_x8
Resized position embedding from size:torch.Size([1, 197, 768]) to size: torch.Size([1, 129, 768]) with height:16 width: 8
Load 150 / 152 layers.
===========building transformer===========
using soft triplet loss for training
2026-06-11 08:34:24 transreid INFO: ===========using cosine learning rate=======
2026-06-11 08:34:24 transreid.train INFO: start training
/home/afr/reid-clean/SOLIDER-REID/processor/processor.py:91: FutureWarning: `torch.cuda.amp.GradScaler(args...)` is deprecated. Please use `torch.amp.GradScaler('cuda', args...)` instead.
  scaler = amp.GradScaler()
/home/afr/reid-clean/SOLIDER-REID/processor/processor.py:129: FutureWarning: `torch.cuda.amp.autocast(args...)` is deprecated. Please use `torch.amp.autocast('cuda', args...)` instead.
  with amp.autocast(enabled=True):
2026-06-11 08:34:28 transreid.train INFO: Epoch[1] Iter[50/227] Loss: 12.518, Acc: 0.001, Base Lr: 1.66e-03
2026-06-11 08:34:28 transreid.train INFO: OCCAWARE occ_bce: 0.6418, alpha: -0.0016
2026-06-11 08:34:31 transreid.train INFO: Epoch[1] Iter[100/227] Loss: 11.860, Acc: 0.002, Base Lr: 1.66e-03
2026-06-11 08:34:31 transreid.train INFO: OCCAWARE occ_bce: 0.4976, alpha: -0.0033
2026-06-11 08:34:35 transreid.train INFO: Epoch[1] Iter[150/227] Loss: 11.445, Acc: 0.002, Base Lr: 1.66e-03
2026-06-11 08:34:35 transreid.train INFO: OCCAWARE occ_bce: 0.4334, alpha: -0.0067
2026-06-11 08:34:39 transreid.train INFO: Epoch[1] Iter[200/227] Loss: 11.115, Acc: 0.003, Base Lr: 1.66e-03
2026-06-11 08:34:39 transreid.train INFO: OCCAWARE occ_bce: 0.3931, alpha: -0.0078
2026-06-11 08:34:40 transreid.train INFO: Epoch 1 done. Time per epoch: 15.905[s] Speed: 853.1[samples/s]
2026-06-11 08:34:43 transreid.train INFO: Epoch[2] Iter[50/227] Loss: 9.071, Acc: 0.049, Base Lr: 3.25e-03
2026-06-11 08:34:43 transreid.train INFO: OCCAWARE occ_bce: 0.1920, alpha: -0.0278
2026-06-11 08:34:47 transreid.train INFO: Epoch[2] Iter[100/227] Loss: 8.859, Acc: 0.068, Base Lr: 3.25e-03
2026-06-11 08:34:47 transreid.train INFO: OCCAWARE occ_bce: 0.1963, alpha: -0.0282
2026-06-11 08:34:51 transreid.train INFO: Epoch[2] Iter[150/227] Loss: 8.666, Acc: 0.089, Base Lr: 3.25e-03
2026-06-11 08:34:51 transreid.train INFO: OCCAWARE occ_bce: 0.2216, alpha: -0.0318
2026-06-11 08:34:54 transreid.train INFO: Epoch[2] Iter[200/227] Loss: 8.415, Acc: 0.137, Base Lr: 3.25e-03
2026-06-11 08:34:54 transreid.train INFO: OCCAWARE occ_bce: 0.1979, alpha: -0.0252
2026-06-11 08:34:55 transreid.train INFO: Epoch 2 done. Time per epoch: 15.679[s] Speed: 869.4[samples/s]
2026-06-11 08:34:59 transreid.train INFO: Epoch[3] Iter[50/227] Loss: 7.405, Acc: 0.101, Base Lr: 4.83e-03
2026-06-11 08:34:59 transreid.train INFO: OCCAWARE occ_bce: 0.2482, alpha: -0.0361
2026-06-11 08:35:03 transreid.train INFO: Epoch[3] Iter[100/227] Loss: 7.175, Acc: 0.130, Base Lr: 4.83e-03
2026-06-11 08:35:03 transreid.train INFO: OCCAWARE occ_bce: 0.2069, alpha: -0.0386
2026-06-11 08:35:06 transreid.train INFO: Epoch[3] Iter[150/227] Loss: 6.858, Acc: 0.170, Base Lr: 4.83e-03
2026-06-11 08:35:06 transreid.train INFO: OCCAWARE occ_bce: 0.1789, alpha: -0.0361
2026-06-11 08:35:10 transreid.train INFO: Epoch[3] Iter[200/227] Loss: 6.483, Acc: 0.219, Base Lr: 4.83e-03
2026-06-11 08:35:10 transreid.train INFO: OCCAWARE occ_bce: 0.1690, alpha: -0.0316
2026-06-11 08:35:11 transreid.train INFO: Epoch 3 done. Time per epoch: 15.515[s] Speed: 870.4[samples/s]
2026-06-11 08:35:15 transreid.train INFO: Epoch[4] Iter[50/227] Loss: 4.966, Acc: 0.273, Base Lr: 6.42e-03
2026-06-11 08:35:15 transreid.train INFO: OCCAWARE occ_bce: 0.1109, alpha: -0.0275
2026-06-11 08:35:18 transreid.train INFO: Epoch[4] Iter[100/227] Loss: 4.775, Acc: 0.335, Base Lr: 6.42e-03
2026-06-11 08:35:18 transreid.train INFO: OCCAWARE occ_bce: 0.1007, alpha: -0.0275
2026-06-11 08:35:22 transreid.train INFO: Epoch[4] Iter[150/227] Loss: 4.520, Acc: 0.386, Base Lr: 6.42e-03
2026-06-11 08:35:22 transreid.train INFO: OCCAWARE occ_bce: 0.0957, alpha: -0.0273
2026-06-11 08:35:25 transreid.train INFO: Epoch[4] Iter[200/227] Loss: 4.204, Acc: 0.448, Base Lr: 6.42e-03
2026-06-11 08:35:25 transreid.train INFO: OCCAWARE occ_bce: 0.0916, alpha: -0.0248
2026-06-11 08:35:26 transreid.train INFO: Epoch 4 done. Time per epoch: 15.573[s] Speed: 871.3[samples/s]
2026-06-11 08:35:30 transreid.train INFO: Epoch[5] Iter[50/227] Loss: 3.126, Acc: 0.579, Base Lr: 7.97e-03
2026-06-11 08:35:30 transreid.train INFO: OCCAWARE occ_bce: 0.0728, alpha: -0.0236
2026-06-11 08:35:34 transreid.train INFO: Epoch[5] Iter[100/227] Loss: 2.950, Acc: 0.621, Base Lr: 7.97e-03
2026-06-11 08:35:34 transreid.train INFO: OCCAWARE occ_bce: 0.0709, alpha: -0.0216
2026-06-11 08:35:37 transreid.train INFO: Epoch[5] Iter[150/227] Loss: 2.737, Acc: 0.661, Base Lr: 7.97e-03
2026-06-11 08:35:37 transreid.train INFO: OCCAWARE occ_bce: 0.0691, alpha: -0.0178
2026-06-11 08:35:41 transreid.train INFO: Epoch[5] Iter[200/227] Loss: 2.525, Acc: 0.700, Base Lr: 7.97e-03
2026-06-11 08:35:41 transreid.train INFO: OCCAWARE occ_bce: 0.0676, alpha: -0.0157
2026-06-11 08:35:42 transreid.train INFO: Epoch 5 done. Time per epoch: 15.486[s] Speed: 872.0[samples/s]
2026-06-11 08:35:46 transreid.train INFO: Epoch[6] Iter[50/227] Loss: 1.899, Acc: 0.795, Base Lr: 7.95e-03
2026-06-11 08:35:46 transreid.train INFO: OCCAWARE occ_bce: 0.0666, alpha: -0.0147
2026-06-11 08:35:49 transreid.train INFO: Epoch[6] Iter[100/227] Loss: 1.788, Acc: 0.809, Base Lr: 7.95e-03
2026-06-11 08:35:49 transreid.train INFO: OCCAWARE occ_bce: 0.0647, alpha: -0.0122
2026-06-11 08:35:53 transreid.train INFO: Epoch[6] Iter[150/227] Loss: 1.693, Acc: 0.824, Base Lr: 7.95e-03
2026-06-11 08:35:53 transreid.train INFO: OCCAWARE occ_bce: 0.0638, alpha: -0.0102
2026-06-11 08:35:56 transreid.train INFO: Epoch[6] Iter[200/227] Loss: 1.617, Acc: 0.837, Base Lr: 7.95e-03
2026-06-11 08:35:56 transreid.train INFO: OCCAWARE occ_bce: 0.0631, alpha: -0.0040
2026-06-11 08:35:57 transreid.train INFO: Epoch 6 done. Time per epoch: 15.636[s] Speed: 871.8[samples/s]
2026-06-11 08:36:01 transreid.train INFO: Epoch[7] Iter[50/227] Loss: 1.345, Acc: 0.870, Base Lr: 7.93e-03
2026-06-11 08:36:01 transreid.train INFO: OCCAWARE occ_bce: 0.0602, alpha: 0.0013
2026-06-11 08:36:05 transreid.train INFO: Epoch[7] Iter[100/227] Loss: 1.315, Acc: 0.879, Base Lr: 7.93e-03
2026-06-11 08:36:05 transreid.train INFO: OCCAWARE occ_bce: 0.0587, alpha: 0.0019
2026-06-11 08:36:08 transreid.train INFO: Epoch[7] Iter[150/227] Loss: 1.264, Acc: 0.885, Base Lr: 7.93e-03
2026-06-11 08:36:08 transreid.train INFO: OCCAWARE occ_bce: 0.0579, alpha: 0.0032
2026-06-11 08:36:12 transreid.train INFO: Epoch[7] Iter[200/227] Loss: 1.187, Acc: 0.895, Base Lr: 7.93e-03
2026-06-11 08:36:12 transreid.train INFO: OCCAWARE occ_bce: 0.0573, alpha: 0.0057
2026-06-11 08:36:13 transreid.train INFO: Epoch 7 done. Time per epoch: 15.516[s] Speed: 870.3[samples/s]
2026-06-11 08:36:17 transreid.train INFO: Epoch[8] Iter[50/227] Loss: 1.096, Acc: 0.899, Base Lr: 7.91e-03
2026-06-11 08:36:17 transreid.train INFO: OCCAWARE occ_bce: 0.0597, alpha: 0.0047
2026-06-11 08:36:20 transreid.train INFO: Epoch[8] Iter[100/227] Loss: 1.046, Acc: 0.907, Base Lr: 7.91e-03
2026-06-11 08:36:20 transreid.train INFO: OCCAWARE occ_bce: 0.0565, alpha: 0.0046
2026-06-11 08:36:24 transreid.train INFO: Epoch[8] Iter[150/227] Loss: 1.034, Acc: 0.911, Base Lr: 7.91e-03
2026-06-11 08:36:24 transreid.train INFO: OCCAWARE occ_bce: 0.0553, alpha: 0.0059
2026-06-11 08:36:28 transreid.train INFO: Epoch[8] Iter[200/227] Loss: 0.976, Acc: 0.916, Base Lr: 7.91e-03
2026-06-11 08:36:28 transreid.train INFO: OCCAWARE occ_bce: 0.0552, alpha: 0.0077
2026-06-11 08:36:29 transreid.train INFO: Epoch 8 done. Time per epoch: 15.603[s] Speed: 869.6[samples/s]
2026-06-11 08:36:32 transreid.train INFO: Epoch[9] Iter[50/227] Loss: 0.796, Acc: 0.932, Base Lr: 7.89e-03
2026-06-11 08:36:32 transreid.train INFO: OCCAWARE occ_bce: 0.0510, alpha: 0.0085
2026-06-11 08:36:36 transreid.train INFO: Epoch[9] Iter[100/227] Loss: 0.820, Acc: 0.933, Base Lr: 7.89e-03
2026-06-11 08:36:36 transreid.train INFO: OCCAWARE occ_bce: 0.0506, alpha: 0.0095
2026-06-11 08:36:40 transreid.train INFO: Epoch[9] Iter[150/227] Loss: 0.817, Acc: 0.934, Base Lr: 7.89e-03
2026-06-11 08:36:40 transreid.train INFO: OCCAWARE occ_bce: 0.0505, alpha: 0.0108
2026-06-11 08:36:43 transreid.train INFO: Epoch[9] Iter[200/227] Loss: 0.797, Acc: 0.936, Base Lr: 7.89e-03
2026-06-11 08:36:43 transreid.train INFO: OCCAWARE occ_bce: 0.0512, alpha: 0.0105
2026-06-11 08:36:44 transreid.train INFO: Epoch 9 done. Time per epoch: 15.606[s] Speed: 869.4[samples/s]
2026-06-11 08:36:48 transreid.train INFO: Epoch[10] Iter[50/227] Loss: 0.783, Acc: 0.936, Base Lr: 7.86e-03
2026-06-11 08:36:48 transreid.train INFO: OCCAWARE occ_bce: 0.0928, alpha: 0.0117
2026-06-11 08:36:52 transreid.train INFO: Epoch[10] Iter[100/227] Loss: 0.762, Acc: 0.941, Base Lr: 7.86e-03
2026-06-11 08:36:52 transreid.train INFO: OCCAWARE occ_bce: 0.0764, alpha: 0.0135
2026-06-11 08:36:55 transreid.train INFO: Epoch[10] Iter[150/227] Loss: 0.750, Acc: 0.942, Base Lr: 7.86e-03
2026-06-11 08:36:55 transreid.train INFO: OCCAWARE occ_bce: 0.0712, alpha: 0.0133
2026-06-11 08:36:59 transreid.train INFO: Epoch[10] Iter[200/227] Loss: 0.743, Acc: 0.944, Base Lr: 7.86e-03
2026-06-11 08:36:59 transreid.train INFO: OCCAWARE occ_bce: 0.0698, alpha: 0.0165
2026-06-11 08:37:00 transreid.train INFO: Epoch 10 done. Time per epoch: 15.598[s] Speed: 869.8[samples/s]
2026-06-11 08:37:04 transreid.train INFO: Epoch[11] Iter[50/227] Loss: 0.694, Acc: 0.942, Base Lr: 7.84e-03
2026-06-11 08:37:04 transreid.train INFO: OCCAWARE occ_bce: 0.0499, alpha: 0.0196
2026-06-11 08:37:07 transreid.train INFO: Epoch[11] Iter[100/227] Loss: 0.673, Acc: 0.948, Base Lr: 7.84e-03
2026-06-11 08:37:07 transreid.train INFO: OCCAWARE occ_bce: 0.0526, alpha: 0.0199
2026-06-11 08:37:11 transreid.train INFO: Epoch[11] Iter[150/227] Loss: 0.684, Acc: 0.948, Base Lr: 7.84e-03
2026-06-11 08:37:11 transreid.train INFO: OCCAWARE occ_bce: 0.0610, alpha: 0.0201
2026-06-11 08:37:14 transreid.train INFO: Epoch[11] Iter[200/227] Loss: 0.670, Acc: 0.951, Base Lr: 7.84e-03
2026-06-11 08:37:14 transreid.train INFO: OCCAWARE occ_bce: 0.0575, alpha: 0.0202
2026-06-11 08:37:15 transreid.train INFO: Epoch 11 done. Time per epoch: 15.422[s] Speed: 871.5[samples/s]
2026-06-11 08:37:19 transreid.train INFO: Epoch[12] Iter[50/227] Loss: 0.643, Acc: 0.957, Base Lr: 7.80e-03
2026-06-11 08:37:19 transreid.train INFO: OCCAWARE occ_bce: 0.0472, alpha: 0.0210
2026-06-11 08:37:23 transreid.train INFO: Epoch[12] Iter[100/227] Loss: 0.623, Acc: 0.957, Base Lr: 7.80e-03
2026-06-11 08:37:23 transreid.train INFO: OCCAWARE occ_bce: 0.0473, alpha: 0.0230
2026-06-11 08:37:26 transreid.train INFO: Epoch[12] Iter[150/227] Loss: 0.599, Acc: 0.958, Base Lr: 7.80e-03
2026-06-11 08:37:26 transreid.train INFO: OCCAWARE occ_bce: 0.0476, alpha: 0.0240
2026-06-11 08:37:30 transreid.train INFO: Epoch[12] Iter[200/227] Loss: 0.590, Acc: 0.959, Base Lr: 7.80e-03
2026-06-11 08:37:30 transreid.train INFO: OCCAWARE occ_bce: 0.0475, alpha: 0.0249
2026-06-11 08:37:31 transreid.train INFO: Epoch 12 done. Time per epoch: 15.674[s] Speed: 869.7[samples/s]
2026-06-11 08:37:35 transreid.train INFO: Epoch[13] Iter[50/227] Loss: 0.585, Acc: 0.955, Base Lr: 7.77e-03
2026-06-11 08:37:35 transreid.train INFO: OCCAWARE occ_bce: 0.0505, alpha: 0.0269
2026-06-11 08:37:38 transreid.train INFO: Epoch[13] Iter[100/227] Loss: 0.574, Acc: 0.957, Base Lr: 7.77e-03
2026-06-11 08:37:38 transreid.train INFO: OCCAWARE occ_bce: 0.0491, alpha: 0.0258
2026-06-11 08:37:42 transreid.train INFO: Epoch[13] Iter[150/227] Loss: 0.583, Acc: 0.958, Base Lr: 7.77e-03
2026-06-11 08:37:42 transreid.train INFO: OCCAWARE occ_bce: 0.0491, alpha: 0.0268
2026-06-11 08:37:46 transreid.train INFO: Epoch[13] Iter[200/227] Loss: 0.554, Acc: 0.961, Base Lr: 7.77e-03
2026-06-11 08:37:46 transreid.train INFO: OCCAWARE occ_bce: 0.0482, alpha: 0.0290
2026-06-11 08:37:46 transreid.train INFO: Epoch 13 done. Time per epoch: 15.676[s] Speed: 869.6[samples/s]
2026-06-11 08:37:50 transreid.train INFO: Epoch[14] Iter[50/227] Loss: 0.532, Acc: 0.964, Base Lr: 7.73e-03
2026-06-11 08:37:50 transreid.train INFO: OCCAWARE occ_bce: 0.0469, alpha: 0.0307
2026-06-11 08:37:54 transreid.train INFO: Epoch[14] Iter[100/227] Loss: 0.529, Acc: 0.963, Base Lr: 7.73e-03
2026-06-11 08:37:54 transreid.train INFO: OCCAWARE occ_bce: 0.0463, alpha: 0.0283
2026-06-11 08:37:58 transreid.train INFO: Epoch[14] Iter[150/227] Loss: 0.528, Acc: 0.964, Base Lr: 7.73e-03
2026-06-11 08:37:58 transreid.train INFO: OCCAWARE occ_bce: 0.0451, alpha: 0.0279
2026-06-11 08:38:01 transreid.train INFO: Epoch[14] Iter[200/227] Loss: 0.509, Acc: 0.966, Base Lr: 7.73e-03
2026-06-11 08:38:01 transreid.train INFO: OCCAWARE occ_bce: 0.0450, alpha: 0.0291
2026-06-11 08:38:02 transreid.train INFO: Epoch 14 done. Time per epoch: 15.504[s] Speed: 871.0[samples/s]
2026-06-11 08:38:06 transreid.train INFO: Epoch[15] Iter[50/227] Loss: 0.453, Acc: 0.973, Base Lr: 7.70e-03
2026-06-11 08:38:06 transreid.train INFO: OCCAWARE occ_bce: 0.0434, alpha: 0.0298
2026-06-11 08:38:09 transreid.train INFO: Epoch[15] Iter[100/227] Loss: 0.437, Acc: 0.973, Base Lr: 7.70e-03
2026-06-11 08:38:09 transreid.train INFO: OCCAWARE occ_bce: 0.0442, alpha: 0.0303
2026-06-11 08:38:13 transreid.train INFO: Epoch[15] Iter[150/227] Loss: 0.444, Acc: 0.971, Base Lr: 7.70e-03
2026-06-11 08:38:13 transreid.train INFO: OCCAWARE occ_bce: 0.0440, alpha: 0.0308
2026-06-11 08:38:17 transreid.train INFO: Epoch[15] Iter[200/227] Loss: 0.430, Acc: 0.972, Base Lr: 7.70e-03
2026-06-11 08:38:17 transreid.train INFO: OCCAWARE occ_bce: 0.0438, alpha: 0.0316
2026-06-11 08:38:18 transreid.train INFO: Epoch 15 done. Time per epoch: 15.579[s] Speed: 870.9[samples/s]
2026-06-11 08:38:21 transreid.train INFO: Epoch[16] Iter[50/227] Loss: 0.437, Acc: 0.971, Base Lr: 7.65e-03
2026-06-11 08:38:21 transreid.train INFO: OCCAWARE occ_bce: 0.0423, alpha: 0.0313
2026-06-11 08:38:25 transreid.train INFO: Epoch[16] Iter[100/227] Loss: 0.437, Acc: 0.971, Base Lr: 7.65e-03
2026-06-11 08:38:25 transreid.train INFO: OCCAWARE occ_bce: 0.0427, alpha: 0.0319
2026-06-11 08:38:29 transreid.train INFO: Epoch[16] Iter[150/227] Loss: 0.437, Acc: 0.971, Base Lr: 7.65e-03
2026-06-11 08:38:29 transreid.train INFO: OCCAWARE occ_bce: 0.0431, alpha: 0.0313
2026-06-11 08:38:32 transreid.train INFO: Epoch[16] Iter[200/227] Loss: 0.432, Acc: 0.971, Base Lr: 7.65e-03
2026-06-11 08:38:32 transreid.train INFO: OCCAWARE occ_bce: 0.0428, alpha: 0.0326
2026-06-11 08:38:33 transreid.train INFO: Epoch 16 done. Time per epoch: 15.514[s] Speed: 870.5[samples/s]
2026-06-11 08:38:37 transreid.train INFO: Epoch[17] Iter[50/227] Loss: 0.423, Acc: 0.972, Base Lr: 7.61e-03
2026-06-11 08:38:37 transreid.train INFO: OCCAWARE occ_bce: 0.0425, alpha: 0.0328
2026-06-11 08:38:41 transreid.train INFO: Epoch[17] Iter[100/227] Loss: 0.429, Acc: 0.972, Base Lr: 7.61e-03
2026-06-11 08:38:41 transreid.train INFO: OCCAWARE occ_bce: 0.0423, alpha: 0.0340
2026-06-11 08:38:44 transreid.train INFO: Epoch[17] Iter[150/227] Loss: 0.423, Acc: 0.972, Base Lr: 7.61e-03
2026-06-11 08:38:44 transreid.train INFO: OCCAWARE occ_bce: 0.0424, alpha: 0.0347
2026-06-11 08:38:48 transreid.train INFO: Epoch[17] Iter[200/227] Loss: 0.414, Acc: 0.974, Base Lr: 7.61e-03
2026-06-11 08:38:48 transreid.train INFO: OCCAWARE occ_bce: 0.0424, alpha: 0.0349
2026-06-11 08:38:49 transreid.train INFO: Epoch 17 done. Time per epoch: 15.478[s] Speed: 872.5[samples/s]
2026-06-11 08:38:52 transreid.train INFO: Epoch[18] Iter[50/227] Loss: 0.395, Acc: 0.979, Base Lr: 7.56e-03
2026-06-11 08:38:52 transreid.train INFO: OCCAWARE occ_bce: 0.0410, alpha: 0.0371
2026-06-11 08:38:56 transreid.train INFO: Epoch[18] Iter[100/227] Loss: 0.390, Acc: 0.977, Base Lr: 7.56e-03
2026-06-11 08:38:56 transreid.train INFO: OCCAWARE occ_bce: 0.0409, alpha: 0.0378
2026-06-11 08:39:00 transreid.train INFO: Epoch[18] Iter[150/227] Loss: 0.396, Acc: 0.976, Base Lr: 7.56e-03
2026-06-11 08:39:00 transreid.train INFO: OCCAWARE occ_bce: 0.0402, alpha: 0.0394
2026-06-11 08:39:03 transreid.train INFO: Epoch[18] Iter[200/227] Loss: 0.382, Acc: 0.976, Base Lr: 7.56e-03
2026-06-11 08:39:03 transreid.train INFO: OCCAWARE occ_bce: 0.0405, alpha: 0.0414
2026-06-11 08:39:04 transreid.train INFO: Epoch 18 done. Time per epoch: 15.689[s] Speed: 868.9[samples/s]
2026-06-11 08:39:08 transreid.train INFO: Epoch[19] Iter[50/227] Loss: 0.356, Acc: 0.977, Base Lr: 7.52e-03
2026-06-11 08:39:08 transreid.train INFO: OCCAWARE occ_bce: 0.0388, alpha: 0.0438
2026-06-11 08:39:12 transreid.train INFO: Epoch[19] Iter[100/227] Loss: 0.372, Acc: 0.977, Base Lr: 7.52e-03
2026-06-11 08:39:12 transreid.train INFO: OCCAWARE occ_bce: 0.0396, alpha: 0.0449
2026-06-11 08:39:15 transreid.train INFO: Epoch[19] Iter[150/227] Loss: 0.372, Acc: 0.976, Base Lr: 7.52e-03
2026-06-11 08:39:15 transreid.train INFO: OCCAWARE occ_bce: 0.0402, alpha: 0.0450
2026-06-11 08:39:19 transreid.train INFO: Epoch[19] Iter[200/227] Loss: 0.365, Acc: 0.976, Base Lr: 7.52e-03
2026-06-11 08:39:19 transreid.train INFO: OCCAWARE occ_bce: 0.0402, alpha: 0.0470
2026-06-11 08:39:20 transreid.train INFO: Epoch 19 done. Time per epoch: 15.530[s] Speed: 869.6[samples/s]
2026-06-11 08:39:24 transreid.train INFO: Epoch[20] Iter[50/227] Loss: 0.358, Acc: 0.981, Base Lr: 7.47e-03
2026-06-11 08:39:24 transreid.train INFO: OCCAWARE occ_bce: 0.0409, alpha: 0.0463
2026-06-11 08:39:27 transreid.train INFO: Epoch[20] Iter[100/227] Loss: 0.368, Acc: 0.981, Base Lr: 7.47e-03
2026-06-11 08:39:27 transreid.train INFO: OCCAWARE occ_bce: 0.0404, alpha: 0.0458
2026-06-11 08:39:31 transreid.train INFO: Epoch[20] Iter[150/227] Loss: 0.357, Acc: 0.980, Base Lr: 7.47e-03
2026-06-11 08:39:31 transreid.train INFO: OCCAWARE occ_bce: 0.0400, alpha: 0.0459
2026-06-11 08:39:35 transreid.train INFO: Epoch[20] Iter[200/227] Loss: 0.355, Acc: 0.979, Base Lr: 7.47e-03
2026-06-11 08:39:35 transreid.train INFO: OCCAWARE occ_bce: 0.0403, alpha: 0.0460
2026-06-11 08:39:35 transreid.train INFO: Epoch 20 done. Time per epoch: 15.619[s] Speed: 868.7[samples/s]
2026-06-11 08:39:39 transreid.train INFO: Epoch[21] Iter[50/227] Loss: 0.323, Acc: 0.980, Base Lr: 7.41e-03
2026-06-11 08:39:39 transreid.train INFO: OCCAWARE occ_bce: 0.0400, alpha: 0.0469
2026-06-11 08:39:43 transreid.train INFO: Epoch[21] Iter[100/227] Loss: 0.346, Acc: 0.979, Base Lr: 7.41e-03
2026-06-11 08:39:43 transreid.train INFO: OCCAWARE occ_bce: 0.0395, alpha: 0.0491
2026-06-11 08:39:46 transreid.train INFO: Epoch[21] Iter[150/227] Loss: 0.331, Acc: 0.979, Base Lr: 7.41e-03
2026-06-11 08:39:46 transreid.train INFO: OCCAWARE occ_bce: 0.0395, alpha: 0.0501
2026-06-11 08:39:50 transreid.train INFO: Epoch[21] Iter[200/227] Loss: 0.328, Acc: 0.980, Base Lr: 7.41e-03
2026-06-11 08:39:50 transreid.train INFO: OCCAWARE occ_bce: 0.0394, alpha: 0.0510
2026-06-11 08:39:51 transreid.train INFO: Epoch 21 done. Time per epoch: 15.586[s] Speed: 870.6[samples/s]
2026-06-11 08:39:55 transreid.train INFO: Epoch[22] Iter[50/227] Loss: 0.360, Acc: 0.977, Base Lr: 7.36e-03
2026-06-11 08:39:55 transreid.train INFO: OCCAWARE occ_bce: 0.0380, alpha: 0.0516
2026-06-11 08:39:58 transreid.train INFO: Epoch[22] Iter[100/227] Loss: 0.354, Acc: 0.977, Base Lr: 7.36e-03
2026-06-11 08:39:58 transreid.train INFO: OCCAWARE occ_bce: 0.0386, alpha: 0.0505
2026-06-11 08:40:02 transreid.train INFO: Epoch[22] Iter[150/227] Loss: 0.340, Acc: 0.979, Base Lr: 7.36e-03
2026-06-11 08:40:02 transreid.train INFO: OCCAWARE occ_bce: 0.0390, alpha: 0.0505
2026-06-11 08:40:06 transreid.train INFO: Epoch[22] Iter[200/227] Loss: 0.342, Acc: 0.978, Base Lr: 7.36e-03
2026-06-11 08:40:06 transreid.train INFO: OCCAWARE occ_bce: 0.0397, alpha: 0.0508
2026-06-11 08:40:07 transreid.train INFO: Epoch 22 done. Time per epoch: 15.512[s] Speed: 870.5[samples/s]
2026-06-11 08:40:10 transreid.train INFO: Epoch[23] Iter[50/227] Loss: 0.283, Acc: 0.983, Base Lr: 7.30e-03
2026-06-11 08:40:10 transreid.train INFO: OCCAWARE occ_bce: 0.0398, alpha: 0.0504
2026-06-11 08:40:14 transreid.train INFO: Epoch[23] Iter[100/227] Loss: 0.304, Acc: 0.980, Base Lr: 7.30e-03
2026-06-11 08:40:14 transreid.train INFO: OCCAWARE occ_bce: 0.0392, alpha: 0.0500
2026-06-11 08:40:18 transreid.train INFO: Epoch[23] Iter[150/227] Loss: 0.299, Acc: 0.981, Base Lr: 7.30e-03
2026-06-11 08:40:18 transreid.train INFO: OCCAWARE occ_bce: 0.0388, alpha: 0.0498
2026-06-11 08:40:21 transreid.train INFO: Epoch[23] Iter[200/227] Loss: 0.289, Acc: 0.982, Base Lr: 7.30e-03
2026-06-11 08:40:21 transreid.train INFO: OCCAWARE occ_bce: 0.0386, alpha: 0.0500
2026-06-11 08:40:22 transreid.train INFO: Epoch 23 done. Time per epoch: 15.543[s] Speed: 868.8[samples/s]
2026-06-11 08:40:26 transreid.train INFO: Epoch[24] Iter[50/227] Loss: 0.252, Acc: 0.991, Base Lr: 7.24e-03
2026-06-11 08:40:26 transreid.train INFO: OCCAWARE occ_bce: 0.0375, alpha: 0.0497
2026-06-11 08:40:30 transreid.train INFO: Epoch[24] Iter[100/227] Loss: 0.290, Acc: 0.986, Base Lr: 7.24e-03
2026-06-11 08:40:30 transreid.train INFO: OCCAWARE occ_bce: 0.0383, alpha: 0.0488
2026-06-11 08:40:33 transreid.train INFO: Epoch[24] Iter[150/227] Loss: 0.295, Acc: 0.984, Base Lr: 7.24e-03
2026-06-11 08:40:33 transreid.train INFO: OCCAWARE occ_bce: 0.0383, alpha: 0.0489
2026-06-11 08:40:37 transreid.train INFO: Epoch[24] Iter[200/227] Loss: 0.295, Acc: 0.984, Base Lr: 7.24e-03
2026-06-11 08:40:37 transreid.train INFO: OCCAWARE occ_bce: 0.0381, alpha: 0.0484
2026-06-11 08:40:38 transreid.train INFO: Epoch 24 done. Time per epoch: 15.512[s] Speed: 870.5[samples/s]
2026-06-11 08:40:41 transreid.train INFO: Epoch[25] Iter[50/227] Loss: 0.285, Acc: 0.984, Base Lr: 7.18e-03
2026-06-11 08:40:41 transreid.train INFO: OCCAWARE occ_bce: 0.0366, alpha: 0.0504
2026-06-11 08:40:45 transreid.train INFO: Epoch[25] Iter[100/227] Loss: 0.299, Acc: 0.983, Base Lr: 7.18e-03
2026-06-11 08:40:45 transreid.train INFO: OCCAWARE occ_bce: 0.0368, alpha: 0.0509
2026-06-11 08:40:49 transreid.train INFO: Epoch[25] Iter[150/227] Loss: 0.298, Acc: 0.983, Base Lr: 7.18e-03
2026-06-11 08:40:49 transreid.train INFO: OCCAWARE occ_bce: 0.0371, alpha: 0.0512
2026-06-11 08:40:52 transreid.train INFO: Epoch[25] Iter[200/227] Loss: 0.286, Acc: 0.983, Base Lr: 7.18e-03
2026-06-11 08:40:52 transreid.train INFO: OCCAWARE occ_bce: 0.0367, alpha: 0.0509
2026-06-11 08:40:53 transreid.train INFO: Epoch 25 done. Time per epoch: 15.593[s] Speed: 870.1[samples/s]
2026-06-11 08:40:57 transreid.train INFO: Epoch[26] Iter[50/227] Loss: 0.263, Acc: 0.986, Base Lr: 7.11e-03
2026-06-11 08:40:57 transreid.train INFO: OCCAWARE occ_bce: 0.0383, alpha: 0.0504
2026-06-11 08:41:01 transreid.train INFO: Epoch[26] Iter[100/227] Loss: 0.284, Acc: 0.983, Base Lr: 7.11e-03
2026-06-11 08:41:01 transreid.train INFO: OCCAWARE occ_bce: 0.0382, alpha: 0.0515
2026-06-11 08:41:04 transreid.train INFO: Epoch[26] Iter[150/227] Loss: 0.282, Acc: 0.984, Base Lr: 7.11e-03
2026-06-11 08:41:04 transreid.train INFO: OCCAWARE occ_bce: 0.0383, alpha: 0.0531
2026-06-11 08:41:08 transreid.train INFO: Epoch[26] Iter[200/227] Loss: 0.276, Acc: 0.984, Base Lr: 7.11e-03
2026-06-11 08:41:08 transreid.train INFO: OCCAWARE occ_bce: 0.0379, alpha: 0.0539
2026-06-11 08:41:09 transreid.train INFO: Epoch 26 done. Time per epoch: 15.593[s] Speed: 870.1[samples/s]
2026-06-11 08:41:13 transreid.train INFO: Epoch[27] Iter[50/227] Loss: 0.244, Acc: 0.987, Base Lr: 7.04e-03
2026-06-11 08:41:13 transreid.train INFO: OCCAWARE occ_bce: 0.0383, alpha: 0.0548
2026-06-11 08:41:16 transreid.train INFO: Epoch[27] Iter[100/227] Loss: 0.257, Acc: 0.985, Base Lr: 7.04e-03
2026-06-11 08:41:16 transreid.train INFO: OCCAWARE occ_bce: 0.0373, alpha: 0.0552
2026-06-11 08:41:20 transreid.train INFO: Epoch[27] Iter[150/227] Loss: 0.259, Acc: 0.985, Base Lr: 7.04e-03
2026-06-11 08:41:20 transreid.train INFO: OCCAWARE occ_bce: 0.0370, alpha: 0.0553
2026-06-11 08:41:23 transreid.train INFO: Epoch[27] Iter[200/227] Loss: 0.254, Acc: 0.985, Base Lr: 7.04e-03
2026-06-11 08:41:23 transreid.train INFO: OCCAWARE occ_bce: 0.0366, alpha: 0.0560
2026-06-11 08:41:24 transreid.train INFO: Epoch 27 done. Time per epoch: 15.507[s] Speed: 870.8[samples/s]
2026-06-11 08:41:28 transreid.train INFO: Epoch[28] Iter[50/227] Loss: 0.282, Acc: 0.987, Base Lr: 6.97e-03
2026-06-11 08:41:28 transreid.train INFO: OCCAWARE occ_bce: 0.0376, alpha: 0.0570
2026-06-11 08:41:32 transreid.train INFO: Epoch[28] Iter[100/227] Loss: 0.269, Acc: 0.986, Base Lr: 6.97e-03
2026-06-11 08:41:32 transreid.train INFO: OCCAWARE occ_bce: 0.0383, alpha: 0.0567
2026-06-11 08:41:35 transreid.train INFO: Epoch[28] Iter[150/227] Loss: 0.264, Acc: 0.986, Base Lr: 6.97e-03
2026-06-11 08:41:35 transreid.train INFO: OCCAWARE occ_bce: 0.0388, alpha: 0.0578
2026-06-11 08:41:39 transreid.train INFO: Epoch[28] Iter[200/227] Loss: 0.250, Acc: 0.986, Base Lr: 6.97e-03
2026-06-11 08:41:39 transreid.train INFO: OCCAWARE occ_bce: 0.0387, alpha: 0.0575
2026-06-11 08:41:40 transreid.train INFO: Epoch 28 done. Time per epoch: 15.573[s] Speed: 871.3[samples/s]
2026-06-11 08:41:44 transreid.train INFO: Epoch[29] Iter[50/227] Loss: 0.239, Acc: 0.988, Base Lr: 6.90e-03
2026-06-11 08:41:44 transreid.train INFO: OCCAWARE occ_bce: 0.0358, alpha: 0.0578
2026-06-11 08:41:47 transreid.train INFO: Epoch[29] Iter[100/227] Loss: 0.247, Acc: 0.987, Base Lr: 6.90e-03
2026-06-11 08:41:47 transreid.train INFO: OCCAWARE occ_bce: 0.0359, alpha: 0.0577
2026-06-11 08:41:51 transreid.train INFO: Epoch[29] Iter[150/227] Loss: 0.251, Acc: 0.987, Base Lr: 6.90e-03
2026-06-11 08:41:51 transreid.train INFO: OCCAWARE occ_bce: 0.0364, alpha: 0.0586
2026-06-11 08:41:55 transreid.train INFO: Epoch[29] Iter[200/227] Loss: 0.238, Acc: 0.987, Base Lr: 6.90e-03
2026-06-11 08:41:55 transreid.train INFO: OCCAWARE occ_bce: 0.0362, alpha: 0.0581
2026-06-11 08:41:55 transreid.train INFO: Epoch 29 done. Time per epoch: 15.588[s] Speed: 870.4[samples/s]
2026-06-11 08:41:59 transreid.train INFO: Epoch[30] Iter[50/227] Loss: 0.233, Acc: 0.985, Base Lr: 6.83e-03
2026-06-11 08:41:59 transreid.train INFO: OCCAWARE occ_bce: 0.0350, alpha: 0.0591
2026-06-11 08:42:03 transreid.train INFO: Epoch[30] Iter[100/227] Loss: 0.241, Acc: 0.985, Base Lr: 6.83e-03
2026-06-11 08:42:03 transreid.train INFO: OCCAWARE occ_bce: 0.0352, alpha: 0.0591
2026-06-11 08:42:07 transreid.train INFO: Epoch[30] Iter[150/227] Loss: 0.242, Acc: 0.985, Base Lr: 6.83e-03
2026-06-11 08:42:07 transreid.train INFO: OCCAWARE occ_bce: 0.0351, alpha: 0.0578
2026-06-11 08:42:10 transreid.train INFO: Epoch[30] Iter[200/227] Loss: 0.238, Acc: 0.985, Base Lr: 6.83e-03
2026-06-11 08:42:10 transreid.train INFO: OCCAWARE occ_bce: 0.0356, alpha: 0.0581
2026-06-11 08:42:11 transreid.train INFO: Epoch 30 done. Time per epoch: 15.529[s] Speed: 869.6[samples/s]
2026-06-11 08:42:15 transreid.train INFO: Epoch[31] Iter[50/227] Loss: 0.228, Acc: 0.987, Base Lr: 6.76e-03
2026-06-11 08:42:15 transreid.train INFO: OCCAWARE occ_bce: 0.0385, alpha: 0.0587
2026-06-11 08:42:18 transreid.train INFO: Epoch[31] Iter[100/227] Loss: 0.222, Acc: 0.988, Base Lr: 6.76e-03
2026-06-11 08:42:18 transreid.train INFO: OCCAWARE occ_bce: 0.0370, alpha: 0.0595
2026-06-11 08:42:22 transreid.train INFO: Epoch[31] Iter[150/227] Loss: 0.215, Acc: 0.988, Base Lr: 6.76e-03
2026-06-11 08:42:22 transreid.train INFO: OCCAWARE occ_bce: 0.0362, alpha: 0.0604
2026-06-11 08:42:26 transreid.train INFO: Epoch[31] Iter[200/227] Loss: 0.214, Acc: 0.988, Base Lr: 6.76e-03
2026-06-11 08:42:26 transreid.train INFO: OCCAWARE occ_bce: 0.0362, alpha: 0.0609
2026-06-11 08:42:27 transreid.train INFO: Epoch 31 done. Time per epoch: 15.568[s] Speed: 871.5[samples/s]
2026-06-11 08:42:30 transreid.train INFO: Epoch[32] Iter[50/227] Loss: 0.194, Acc: 0.990, Base Lr: 6.68e-03
2026-06-11 08:42:30 transreid.train INFO: OCCAWARE occ_bce: 0.0351, alpha: 0.0616
2026-06-11 08:42:34 transreid.train INFO: Epoch[32] Iter[100/227] Loss: 0.203, Acc: 0.988, Base Lr: 6.68e-03
2026-06-11 08:42:34 transreid.train INFO: OCCAWARE occ_bce: 0.0351, alpha: 0.0609
2026-06-11 08:42:38 transreid.train INFO: Epoch[32] Iter[150/227] Loss: 0.205, Acc: 0.988, Base Lr: 6.68e-03
2026-06-11 08:42:38 transreid.train INFO: OCCAWARE occ_bce: 0.0362, alpha: 0.0607
2026-06-11 08:42:41 transreid.train INFO: Epoch[32] Iter[200/227] Loss: 0.200, Acc: 0.988, Base Lr: 6.68e-03
2026-06-11 08:42:41 transreid.train INFO: OCCAWARE occ_bce: 0.0365, alpha: 0.0618
2026-06-11 08:42:42 transreid.train INFO: Epoch 32 done. Time per epoch: 15.512[s] Speed: 870.5[samples/s]
2026-06-11 08:42:46 transreid.train INFO: Epoch[33] Iter[50/227] Loss: 0.226, Acc: 0.988, Base Lr: 6.60e-03
2026-06-11 08:42:46 transreid.train INFO: OCCAWARE occ_bce: 0.0348, alpha: 0.0618
2026-06-11 08:42:49 transreid.train INFO: Epoch[33] Iter[100/227] Loss: 0.229, Acc: 0.987, Base Lr: 6.60e-03
2026-06-11 08:42:49 transreid.train INFO: OCCAWARE occ_bce: 0.0359, alpha: 0.0618
2026-06-11 08:42:53 transreid.train INFO: Epoch[33] Iter[150/227] Loss: 0.219, Acc: 0.988, Base Lr: 6.60e-03
2026-06-11 08:42:53 transreid.train INFO: OCCAWARE occ_bce: 0.0362, alpha: 0.0609
2026-06-11 08:42:57 transreid.train INFO: Epoch[33] Iter[200/227] Loss: 0.214, Acc: 0.988, Base Lr: 6.60e-03
2026-06-11 08:42:57 transreid.train INFO: OCCAWARE occ_bce: 0.0362, alpha: 0.0601
2026-06-11 08:42:58 transreid.train INFO: Epoch 33 done. Time per epoch: 15.504[s] Speed: 871.0[samples/s]
2026-06-11 08:43:01 transreid.train INFO: Epoch[34] Iter[50/227] Loss: 0.230, Acc: 0.986, Base Lr: 6.52e-03
2026-06-11 08:43:01 transreid.train INFO: OCCAWARE occ_bce: 0.0346, alpha: 0.0600
2026-06-11 08:43:05 transreid.train INFO: Epoch[34] Iter[100/227] Loss: 0.242, Acc: 0.985, Base Lr: 6.52e-03
2026-06-11 08:43:05 transreid.train INFO: OCCAWARE occ_bce: 0.0345, alpha: 0.0609
2026-06-11 08:43:09 transreid.train INFO: Epoch[34] Iter[150/227] Loss: 0.238, Acc: 0.986, Base Lr: 6.52e-03
2026-06-11 08:43:09 transreid.train INFO: OCCAWARE occ_bce: 0.0352, alpha: 0.0605
2026-06-11 08:43:12 transreid.train INFO: Epoch[34] Iter[200/227] Loss: 0.229, Acc: 0.987, Base Lr: 6.52e-03
2026-06-11 08:43:12 transreid.train INFO: OCCAWARE occ_bce: 0.0352, alpha: 0.0614
2026-06-11 08:43:13 transreid.train INFO: Epoch 34 done. Time per epoch: 15.527[s] Speed: 869.7[samples/s]
2026-06-11 08:43:17 transreid.train INFO: Epoch[35] Iter[50/227] Loss: 0.223, Acc: 0.987, Base Lr: 6.44e-03
2026-06-11 08:43:17 transreid.train INFO: OCCAWARE occ_bce: 0.0353, alpha: 0.0621
2026-06-11 08:43:21 transreid.train INFO: Epoch[35] Iter[100/227] Loss: 0.209, Acc: 0.987, Base Lr: 6.44e-03
2026-06-11 08:43:21 transreid.train INFO: OCCAWARE occ_bce: 0.0345, alpha: 0.0621
2026-06-11 08:43:24 transreid.train INFO: Epoch[35] Iter[150/227] Loss: 0.202, Acc: 0.988, Base Lr: 6.44e-03
2026-06-11 08:43:24 transreid.train INFO: OCCAWARE occ_bce: 0.0347, alpha: 0.0628
2026-06-11 08:43:28 transreid.train INFO: Epoch[35] Iter[200/227] Loss: 0.199, Acc: 0.989, Base Lr: 6.44e-03
2026-06-11 08:43:28 transreid.train INFO: OCCAWARE occ_bce: 0.0345, alpha: 0.0632
2026-06-11 08:43:29 transreid.train INFO: Epoch 35 done. Time per epoch: 15.597[s] Speed: 869.9[samples/s]
2026-06-11 08:43:32 transreid.train INFO: Epoch[36] Iter[50/227] Loss: 0.218, Acc: 0.987, Base Lr: 6.35e-03
2026-06-11 08:43:32 transreid.train INFO: OCCAWARE occ_bce: 0.0346, alpha: 0.0633
2026-06-11 08:43:36 transreid.train INFO: Epoch[36] Iter[100/227] Loss: 0.224, Acc: 0.988, Base Lr: 6.35e-03
2026-06-11 08:43:36 transreid.train INFO: OCCAWARE occ_bce: 0.0348, alpha: 0.0644
2026-06-11 08:43:40 transreid.train INFO: Epoch[36] Iter[150/227] Loss: 0.208, Acc: 0.989, Base Lr: 6.35e-03
2026-06-11 08:43:40 transreid.train INFO: OCCAWARE occ_bce: 0.0343, alpha: 0.0642
2026-06-11 08:43:43 transreid.train INFO: Epoch[36] Iter[200/227] Loss: 0.199, Acc: 0.990, Base Lr: 6.35e-03
2026-06-11 08:43:43 transreid.train INFO: OCCAWARE occ_bce: 0.0343, alpha: 0.0656
2026-06-11 08:43:44 transreid.train INFO: Epoch 36 done. Time per epoch: 15.563[s] Speed: 871.8[samples/s]
2026-06-11 08:43:48 transreid.train INFO: Epoch[37] Iter[50/227] Loss: 0.192, Acc: 0.989, Base Lr: 6.27e-03
2026-06-11 08:43:48 transreid.train INFO: OCCAWARE occ_bce: 0.0331, alpha: 0.0647
2026-06-11 08:43:52 transreid.train INFO: Epoch[37] Iter[100/227] Loss: 0.196, Acc: 0.989, Base Lr: 6.27e-03
2026-06-11 08:43:52 transreid.train INFO: OCCAWARE occ_bce: 0.0338, alpha: 0.0645
2026-06-11 08:43:55 transreid.train INFO: Epoch[37] Iter[150/227] Loss: 0.195, Acc: 0.988, Base Lr: 6.27e-03
2026-06-11 08:43:55 transreid.train INFO: OCCAWARE occ_bce: 0.0339, alpha: 0.0641
2026-06-11 08:43:59 transreid.train INFO: Epoch[37] Iter[200/227] Loss: 0.188, Acc: 0.989, Base Lr: 6.27e-03
2026-06-11 08:43:59 transreid.train INFO: OCCAWARE occ_bce: 0.0340, alpha: 0.0636
2026-06-11 08:44:00 transreid.train INFO: Epoch 37 done. Time per epoch: 15.659[s] Speed: 870.6[samples/s]
2026-06-11 08:44:04 transreid.train INFO: Epoch[38] Iter[50/227] Loss: 0.170, Acc: 0.989, Base Lr: 6.18e-03
2026-06-11 08:44:04 transreid.train INFO: OCCAWARE occ_bce: 0.0347, alpha: 0.0637
2026-06-11 08:44:07 transreid.train INFO: Epoch[38] Iter[100/227] Loss: 0.184, Acc: 0.989, Base Lr: 6.18e-03
2026-06-11 08:44:07 transreid.train INFO: OCCAWARE occ_bce: 0.0337, alpha: 0.0624
2026-06-11 08:44:11 transreid.train INFO: Epoch[38] Iter[150/227] Loss: 0.185, Acc: 0.989, Base Lr: 6.18e-03
2026-06-11 08:44:11 transreid.train INFO: OCCAWARE occ_bce: 0.0335, alpha: 0.0627
2026-06-11 08:44:15 transreid.train INFO: Epoch[38] Iter[200/227] Loss: 0.179, Acc: 0.989, Base Lr: 6.18e-03
2026-06-11 08:44:15 transreid.train INFO: OCCAWARE occ_bce: 0.0334, alpha: 0.0628
2026-06-11 08:44:15 transreid.train INFO: Epoch 38 done. Time per epoch: 15.487[s] Speed: 872.0[samples/s]
2026-06-11 08:44:19 transreid.train INFO: Epoch[39] Iter[50/227] Loss: 0.180, Acc: 0.991, Base Lr: 6.09e-03
2026-06-11 08:44:19 transreid.train INFO: OCCAWARE occ_bce: 0.0329, alpha: 0.0630
2026-06-11 08:44:23 transreid.train INFO: Epoch[39] Iter[100/227] Loss: 0.169, Acc: 0.991, Base Lr: 6.09e-03
2026-06-11 08:44:23 transreid.train INFO: OCCAWARE occ_bce: 0.0333, alpha: 0.0628
2026-06-11 08:44:26 transreid.train INFO: Epoch[39] Iter[150/227] Loss: 0.174, Acc: 0.991, Base Lr: 6.09e-03
2026-06-11 08:44:26 transreid.train INFO: OCCAWARE occ_bce: 0.0331, alpha: 0.0634
2026-06-11 08:44:30 transreid.train INFO: Epoch[39] Iter[200/227] Loss: 0.170, Acc: 0.991, Base Lr: 6.09e-03
2026-06-11 08:44:30 transreid.train INFO: OCCAWARE occ_bce: 0.0332, alpha: 0.0638
2026-06-11 08:44:31 transreid.train INFO: Epoch 39 done. Time per epoch: 15.621[s] Speed: 868.5[samples/s]
2026-06-11 08:44:35 transreid.train INFO: Epoch[40] Iter[50/227] Loss: 0.181, Acc: 0.989, Base Lr: 6.00e-03
2026-06-11 08:44:35 transreid.train INFO: OCCAWARE occ_bce: 0.0329, alpha: 0.0641
2026-06-11 08:44:38 transreid.train INFO: Epoch[40] Iter[100/227] Loss: 0.172, Acc: 0.991, Base Lr: 6.00e-03
2026-06-11 08:44:38 transreid.train INFO: OCCAWARE occ_bce: 0.0329, alpha: 0.0647
2026-06-11 08:44:42 transreid.train INFO: Epoch[40] Iter[150/227] Loss: 0.163, Acc: 0.991, Base Lr: 6.00e-03
2026-06-11 08:44:42 transreid.train INFO: OCCAWARE occ_bce: 0.0332, alpha: 0.0653
2026-06-11 08:44:46 transreid.train INFO: Epoch[40] Iter[200/227] Loss: 0.159, Acc: 0.992, Base Lr: 6.00e-03
2026-06-11 08:44:46 transreid.train INFO: OCCAWARE occ_bce: 0.0333, alpha: 0.0655
2026-06-11 08:44:47 transreid.train INFO: Epoch 40 done. Time per epoch: 15.635[s] Speed: 871.9[samples/s]
2026-06-11 08:44:50 transreid.train INFO: Epoch[41] Iter[50/227] Loss: 0.189, Acc: 0.986, Base Lr: 5.91e-03
2026-06-11 08:44:50 transreid.train INFO: OCCAWARE occ_bce: 0.0317, alpha: 0.0650
2026-06-11 08:44:54 transreid.train INFO: Epoch[41] Iter[100/227] Loss: 0.183, Acc: 0.988, Base Lr: 5.91e-03
2026-06-11 08:44:54 transreid.train INFO: OCCAWARE occ_bce: 0.0323, alpha: 0.0648
2026-06-11 08:44:58 transreid.train INFO: Epoch[41] Iter[150/227] Loss: 0.176, Acc: 0.989, Base Lr: 5.91e-03
2026-06-11 08:44:58 transreid.train INFO: OCCAWARE occ_bce: 0.0325, alpha: 0.0648
2026-06-11 08:45:01 transreid.train INFO: Epoch[41] Iter[200/227] Loss: 0.169, Acc: 0.990, Base Lr: 5.91e-03
2026-06-11 08:45:01 transreid.train INFO: OCCAWARE occ_bce: 0.0327, alpha: 0.0641
2026-06-11 08:45:02 transreid.train INFO: Epoch 41 done. Time per epoch: 15.605[s] Speed: 869.5[samples/s]
2026-06-11 08:45:06 transreid.train INFO: Epoch[42] Iter[50/227] Loss: 0.154, Acc: 0.993, Base Lr: 5.82e-03
2026-06-11 08:45:06 transreid.train INFO: OCCAWARE occ_bce: 0.0328, alpha: 0.0639
2026-06-11 08:45:10 transreid.train INFO: Epoch[42] Iter[100/227] Loss: 0.162, Acc: 0.992, Base Lr: 5.82e-03
2026-06-11 08:45:10 transreid.train INFO: OCCAWARE occ_bce: 0.0329, alpha: 0.0649
2026-06-11 08:45:13 transreid.train INFO: Epoch[42] Iter[150/227] Loss: 0.161, Acc: 0.991, Base Lr: 5.82e-03
2026-06-11 08:45:13 transreid.train INFO: OCCAWARE occ_bce: 0.0332, alpha: 0.0651
2026-06-11 08:45:17 transreid.train INFO: Epoch[42] Iter[200/227] Loss: 0.160, Acc: 0.992, Base Lr: 5.82e-03
2026-06-11 08:45:17 transreid.train INFO: OCCAWARE occ_bce: 0.0333, alpha: 0.0661
2026-06-11 08:45:18 transreid.train INFO: Epoch 42 done. Time per epoch: 15.623[s] Speed: 868.4[samples/s]
2026-06-11 08:45:22 transreid.train INFO: Epoch[43] Iter[50/227] Loss: 0.156, Acc: 0.992, Base Lr: 5.73e-03
2026-06-11 08:45:22 transreid.train INFO: OCCAWARE occ_bce: 0.0318, alpha: 0.0661
2026-06-11 08:45:25 transreid.train INFO: Epoch[43] Iter[100/227] Loss: 0.165, Acc: 0.991, Base Lr: 5.73e-03
2026-06-11 08:45:25 transreid.train INFO: OCCAWARE occ_bce: 0.0326, alpha: 0.0668
2026-06-11 08:45:29 transreid.train INFO: Epoch[43] Iter[150/227] Loss: 0.158, Acc: 0.991, Base Lr: 5.73e-03
2026-06-11 08:45:29 transreid.train INFO: OCCAWARE occ_bce: 0.0326, alpha: 0.0671
2026-06-11 08:45:33 transreid.train INFO: Epoch[43] Iter[200/227] Loss: 0.156, Acc: 0.992, Base Lr: 5.73e-03
2026-06-11 08:45:33 transreid.train INFO: OCCAWARE occ_bce: 0.0325, alpha: 0.0674
2026-06-11 08:45:34 transreid.train INFO: Epoch 43 done. Time per epoch: 15.710[s] Speed: 871.8[samples/s]
2026-06-11 08:45:37 transreid.train INFO: Epoch[44] Iter[50/227] Loss: 0.159, Acc: 0.993, Base Lr: 5.63e-03
2026-06-11 08:45:37 transreid.train INFO: OCCAWARE occ_bce: 0.0326, alpha: 0.0676
2026-06-11 08:45:41 transreid.train INFO: Epoch[44] Iter[100/227] Loss: 0.160, Acc: 0.991, Base Lr: 5.63e-03
2026-06-11 08:45:41 transreid.train INFO: OCCAWARE occ_bce: 0.0326, alpha: 0.0675
2026-06-11 08:45:45 transreid.train INFO: Epoch[44] Iter[150/227] Loss: 0.169, Acc: 0.991, Base Lr: 5.63e-03
2026-06-11 08:45:45 transreid.train INFO: OCCAWARE occ_bce: 0.0323, alpha: 0.0676
2026-06-11 08:45:48 transreid.train INFO: Epoch[44] Iter[200/227] Loss: 0.164, Acc: 0.991, Base Lr: 5.63e-03
2026-06-11 08:45:48 transreid.train INFO: OCCAWARE occ_bce: 0.0322, alpha: 0.0678
2026-06-11 08:45:49 transreid.train INFO: Epoch 44 done. Time per epoch: 15.598[s] Speed: 869.9[samples/s]
2026-06-11 08:45:53 transreid.train INFO: Epoch[45] Iter[50/227] Loss: 0.159, Acc: 0.994, Base Lr: 5.54e-03
2026-06-11 08:45:53 transreid.train INFO: OCCAWARE occ_bce: 0.0311, alpha: 0.0675
2026-06-11 08:45:57 transreid.train INFO: Epoch[45] Iter[100/227] Loss: 0.157, Acc: 0.992, Base Lr: 5.54e-03
2026-06-11 08:45:57 transreid.train INFO: OCCAWARE occ_bce: 0.0318, alpha: 0.0673
2026-06-11 08:46:00 transreid.train INFO: Epoch[45] Iter[150/227] Loss: 0.149, Acc: 0.993, Base Lr: 5.54e-03
2026-06-11 08:46:00 transreid.train INFO: OCCAWARE occ_bce: 0.0315, alpha: 0.0674
2026-06-11 08:46:04 transreid.train INFO: Epoch[45] Iter[200/227] Loss: 0.147, Acc: 0.993, Base Lr: 5.54e-03
2026-06-11 08:46:04 transreid.train INFO: OCCAWARE occ_bce: 0.0315, alpha: 0.0677
2026-06-11 08:46:05 transreid.train INFO: Epoch 45 done. Time per epoch: 15.597[s] Speed: 869.9[samples/s]
2026-06-11 08:46:09 transreid.train INFO: Epoch[46] Iter[50/227] Loss: 0.152, Acc: 0.992, Base Lr: 5.44e-03
2026-06-11 08:46:09 transreid.train INFO: OCCAWARE occ_bce: 0.0313, alpha: 0.0675
2026-06-11 08:46:12 transreid.train INFO: Epoch[46] Iter[100/227] Loss: 0.156, Acc: 0.993, Base Lr: 5.44e-03
2026-06-11 08:46:12 transreid.train INFO: OCCAWARE occ_bce: 0.0321, alpha: 0.0678
2026-06-11 08:46:16 transreid.train INFO: Epoch[46] Iter[150/227] Loss: 0.154, Acc: 0.993, Base Lr: 5.44e-03
2026-06-11 08:46:16 transreid.train INFO: OCCAWARE occ_bce: 0.0317, alpha: 0.0680
2026-06-11 08:46:19 transreid.train INFO: Epoch[46] Iter[200/227] Loss: 0.152, Acc: 0.993, Base Lr: 5.44e-03
2026-06-11 08:46:19 transreid.train INFO: OCCAWARE occ_bce: 0.0318, alpha: 0.0681
2026-06-11 08:46:20 transreid.train INFO: Epoch 46 done. Time per epoch: 15.620[s] Speed: 872.7[samples/s]
2026-06-11 08:46:24 transreid.train INFO: Epoch[47] Iter[50/227] Loss: 0.151, Acc: 0.991, Base Lr: 5.34e-03
2026-06-11 08:46:24 transreid.train INFO: OCCAWARE occ_bce: 0.0310, alpha: 0.0677
2026-06-11 08:46:28 transreid.train INFO: Epoch[47] Iter[100/227] Loss: 0.156, Acc: 0.991, Base Lr: 5.34e-03
2026-06-11 08:46:28 transreid.train INFO: OCCAWARE occ_bce: 0.0315, alpha: 0.0676
2026-06-11 08:46:31 transreid.train INFO: Epoch[47] Iter[150/227] Loss: 0.155, Acc: 0.992, Base Lr: 5.34e-03
2026-06-11 08:46:31 transreid.train INFO: OCCAWARE occ_bce: 0.0316, alpha: 0.0673
2026-06-11 08:46:35 transreid.train INFO: Epoch[47] Iter[200/227] Loss: 0.157, Acc: 0.992, Base Lr: 5.34e-03
2026-06-11 08:46:35 transreid.train INFO: OCCAWARE occ_bce: 0.0318, alpha: 0.0674
2026-06-11 08:46:36 transreid.train INFO: Epoch 47 done. Time per epoch: 15.699[s] Speed: 868.3[samples/s]
2026-06-11 08:46:40 transreid.train INFO: Epoch[48] Iter[50/227] Loss: 0.163, Acc: 0.993, Base Lr: 5.24e-03
2026-06-11 08:46:40 transreid.train INFO: OCCAWARE occ_bce: 0.0315, alpha: 0.0681
2026-06-11 08:46:44 transreid.train INFO: Epoch[48] Iter[100/227] Loss: 0.166, Acc: 0.992, Base Lr: 5.24e-03
2026-06-11 08:46:44 transreid.train INFO: OCCAWARE occ_bce: 0.0314, alpha: 0.0683
2026-06-11 08:46:47 transreid.train INFO: Epoch[48] Iter[150/227] Loss: 0.163, Acc: 0.992, Base Lr: 5.24e-03
2026-06-11 08:46:47 transreid.train INFO: OCCAWARE occ_bce: 0.0316, alpha: 0.0684
2026-06-11 08:46:51 transreid.train INFO: Epoch[48] Iter[200/227] Loss: 0.164, Acc: 0.991, Base Lr: 5.24e-03
2026-06-11 08:46:51 transreid.train INFO: OCCAWARE occ_bce: 0.0316, alpha: 0.0681
2026-06-11 08:46:52 transreid.train INFO: Epoch 48 done. Time per epoch: 15.675[s] Speed: 869.7[samples/s]
2026-06-11 08:46:56 transreid.train INFO: Epoch[49] Iter[50/227] Loss: 0.142, Acc: 0.991, Base Lr: 5.14e-03
2026-06-11 08:46:56 transreid.train INFO: OCCAWARE occ_bce: 0.0326, alpha: 0.0689
2026-06-11 08:46:59 transreid.train INFO: Epoch[49] Iter[100/227] Loss: 0.158, Acc: 0.990, Base Lr: 5.14e-03
2026-06-11 08:46:59 transreid.train INFO: OCCAWARE occ_bce: 0.0322, alpha: 0.0682
2026-06-11 08:47:03 transreid.train INFO: Epoch[49] Iter[150/227] Loss: 0.156, Acc: 0.991, Base Lr: 5.14e-03
2026-06-11 08:47:03 transreid.train INFO: OCCAWARE occ_bce: 0.0319, alpha: 0.0677
2026-06-11 08:47:06 transreid.train INFO: Epoch[49] Iter[200/227] Loss: 0.150, Acc: 0.991, Base Lr: 5.14e-03
2026-06-11 08:47:06 transreid.train INFO: OCCAWARE occ_bce: 0.0316, alpha: 0.0682
2026-06-11 08:47:07 transreid.train INFO: Epoch 49 done. Time per epoch: 15.588[s] Speed: 870.4[samples/s]
2026-06-11 08:47:11 transreid.train INFO: Epoch[50] Iter[50/227] Loss: 0.148, Acc: 0.994, Base Lr: 5.04e-03
2026-06-11 08:47:11 transreid.train INFO: OCCAWARE occ_bce: 0.0307, alpha: 0.0677
2026-06-11 08:47:15 transreid.train INFO: Epoch[50] Iter[100/227] Loss: 0.158, Acc: 0.992, Base Lr: 5.04e-03
2026-06-11 08:47:15 transreid.train INFO: OCCAWARE occ_bce: 0.0311, alpha: 0.0675
2026-06-11 08:47:18 transreid.train INFO: Epoch[50] Iter[150/227] Loss: 0.152, Acc: 0.993, Base Lr: 5.04e-03
2026-06-11 08:47:18 transreid.train INFO: OCCAWARE occ_bce: 0.0311, alpha: 0.0674
2026-06-11 08:47:22 transreid.train INFO: Epoch[50] Iter[200/227] Loss: 0.147, Acc: 0.992, Base Lr: 5.04e-03
2026-06-11 08:47:22 transreid.train INFO: OCCAWARE occ_bce: 0.0311, alpha: 0.0674
2026-06-11 08:47:23 transreid.train INFO: Epoch 50 done. Time per epoch: 15.571[s] Speed: 871.4[samples/s]
2026-06-11 08:47:27 transreid.train INFO: Epoch[51] Iter[50/227] Loss: 0.157, Acc: 0.992, Base Lr: 4.94e-03
2026-06-11 08:47:27 transreid.train INFO: OCCAWARE occ_bce: 0.0322, alpha: 0.0681
2026-06-11 08:47:30 transreid.train INFO: Epoch[51] Iter[100/227] Loss: 0.140, Acc: 0.993, Base Lr: 4.94e-03
2026-06-11 08:47:30 transreid.train INFO: OCCAWARE occ_bce: 0.0315, alpha: 0.0682
2026-06-11 08:47:34 transreid.train INFO: Epoch[51] Iter[150/227] Loss: 0.139, Acc: 0.993, Base Lr: 4.94e-03
2026-06-11 08:47:34 transreid.train INFO: OCCAWARE occ_bce: 0.0311, alpha: 0.0682
2026-06-11 08:47:38 transreid.train INFO: Epoch[51] Iter[200/227] Loss: 0.134, Acc: 0.993, Base Lr: 4.94e-03
2026-06-11 08:47:38 transreid.train INFO: OCCAWARE occ_bce: 0.0312, alpha: 0.0684
2026-06-11 08:47:38 transreid.train INFO: Epoch 51 done. Time per epoch: 15.530[s] Speed: 869.5[samples/s]
2026-06-11 08:47:42 transreid.train INFO: Epoch[52] Iter[50/227] Loss: 0.161, Acc: 0.992, Base Lr: 4.84e-03
2026-06-11 08:47:42 transreid.train INFO: OCCAWARE occ_bce: 0.0317, alpha: 0.0687
2026-06-11 08:47:46 transreid.train INFO: Epoch[52] Iter[100/227] Loss: 0.156, Acc: 0.993, Base Lr: 4.84e-03
2026-06-11 08:47:46 transreid.train INFO: OCCAWARE occ_bce: 0.0310, alpha: 0.0691
2026-06-11 08:47:50 transreid.train INFO: Epoch[52] Iter[150/227] Loss: 0.158, Acc: 0.992, Base Lr: 4.84e-03
2026-06-11 08:47:50 transreid.train INFO: OCCAWARE occ_bce: 0.0318, alpha: 0.0698
2026-06-11 08:47:53 transreid.train INFO: Epoch[52] Iter[200/227] Loss: 0.147, Acc: 0.993, Base Lr: 4.84e-03
2026-06-11 08:47:53 transreid.train INFO: OCCAWARE occ_bce: 0.0314, alpha: 0.0697
2026-06-11 08:47:54 transreid.train INFO: Epoch 52 done. Time per epoch: 15.586[s] Speed: 870.5[samples/s]
2026-06-11 08:47:58 transreid.train INFO: Epoch[53] Iter[50/227] Loss: 0.174, Acc: 0.993, Base Lr: 4.74e-03
2026-06-11 08:47:58 transreid.train INFO: OCCAWARE occ_bce: 0.0317, alpha: 0.0692
2026-06-11 08:48:01 transreid.train INFO: Epoch[53] Iter[100/227] Loss: 0.164, Acc: 0.993, Base Lr: 4.74e-03
2026-06-11 08:48:01 transreid.train INFO: OCCAWARE occ_bce: 0.0317, alpha: 0.0694
2026-06-11 08:48:05 transreid.train INFO: Epoch[53] Iter[150/227] Loss: 0.159, Acc: 0.993, Base Lr: 4.74e-03
2026-06-11 08:48:05 transreid.train INFO: OCCAWARE occ_bce: 0.0319, alpha: 0.0697
2026-06-11 08:48:09 transreid.train INFO: Epoch[53] Iter[200/227] Loss: 0.145, Acc: 0.993, Base Lr: 4.74e-03
2026-06-11 08:48:09 transreid.train INFO: OCCAWARE occ_bce: 0.0316, alpha: 0.0695
2026-06-11 08:48:10 transreid.train INFO: Epoch 53 done. Time per epoch: 15.607[s] Speed: 869.4[samples/s]
2026-06-11 08:48:13 transreid.train INFO: Epoch[54] Iter[50/227] Loss: 0.146, Acc: 0.992, Base Lr: 4.63e-03
2026-06-11 08:48:13 transreid.train INFO: OCCAWARE occ_bce: 0.0292, alpha: 0.0696
2026-06-11 08:48:17 transreid.train INFO: Epoch[54] Iter[100/227] Loss: 0.133, Acc: 0.993, Base Lr: 4.63e-03
2026-06-11 08:48:17 transreid.train INFO: OCCAWARE occ_bce: 0.0301, alpha: 0.0699
2026-06-11 08:48:21 transreid.train INFO: Epoch[54] Iter[150/227] Loss: 0.131, Acc: 0.993, Base Lr: 4.63e-03
2026-06-11 08:48:21 transreid.train INFO: OCCAWARE occ_bce: 0.0301, alpha: 0.0697
2026-06-11 08:48:24 transreid.train INFO: Epoch[54] Iter[200/227] Loss: 0.126, Acc: 0.993, Base Lr: 4.63e-03
2026-06-11 08:48:24 transreid.train INFO: OCCAWARE occ_bce: 0.0300, alpha: 0.0702
2026-06-11 08:48:25 transreid.train INFO: Epoch 54 done. Time per epoch: 15.605[s] Speed: 869.5[samples/s]
2026-06-11 08:48:29 transreid.train INFO: Epoch[55] Iter[50/227] Loss: 0.108, Acc: 0.993, Base Lr: 4.53e-03
2026-06-11 08:48:29 transreid.train INFO: OCCAWARE occ_bce: 0.0307, alpha: 0.0704
2026-06-11 08:48:33 transreid.train INFO: Epoch[55] Iter[100/227] Loss: 0.112, Acc: 0.995, Base Lr: 4.53e-03
2026-06-11 08:48:33 transreid.train INFO: OCCAWARE occ_bce: 0.0310, alpha: 0.0707
2026-06-11 08:48:36 transreid.train INFO: Epoch[55] Iter[150/227] Loss: 0.118, Acc: 0.994, Base Lr: 4.53e-03
2026-06-11 08:48:36 transreid.train INFO: OCCAWARE occ_bce: 0.0308, alpha: 0.0710
2026-06-11 08:48:40 transreid.train INFO: Epoch[55] Iter[200/227] Loss: 0.121, Acc: 0.994, Base Lr: 4.53e-03
2026-06-11 08:48:40 transreid.train INFO: OCCAWARE occ_bce: 0.0307, alpha: 0.0715
2026-06-11 08:48:41 transreid.train INFO: Epoch 55 done. Time per epoch: 15.604[s] Speed: 869.5[samples/s]
2026-06-11 08:48:45 transreid.train INFO: Epoch[56] Iter[50/227] Loss: 0.151, Acc: 0.989, Base Lr: 4.43e-03
2026-06-11 08:48:45 transreid.train INFO: OCCAWARE occ_bce: 0.0296, alpha: 0.0717
2026-06-11 08:48:48 transreid.train INFO: Epoch[56] Iter[100/227] Loss: 0.139, Acc: 0.992, Base Lr: 4.43e-03
2026-06-11 08:48:48 transreid.train INFO: OCCAWARE occ_bce: 0.0300, alpha: 0.0716
2026-06-11 08:48:52 transreid.train INFO: Epoch[56] Iter[150/227] Loss: 0.143, Acc: 0.991, Base Lr: 4.43e-03
2026-06-11 08:48:52 transreid.train INFO: OCCAWARE occ_bce: 0.0305, alpha: 0.0711
2026-06-11 08:48:56 transreid.train INFO: Epoch[56] Iter[200/227] Loss: 0.133, Acc: 0.992, Base Lr: 4.43e-03
2026-06-11 08:48:56 transreid.train INFO: OCCAWARE occ_bce: 0.0306, alpha: 0.0708
2026-06-11 08:48:56 transreid.train INFO: Epoch 56 done. Time per epoch: 15.518[s] Speed: 870.2[samples/s]
2026-06-11 08:49:00 transreid.train INFO: Epoch[57] Iter[50/227] Loss: 0.117, Acc: 0.996, Base Lr: 4.32e-03
2026-06-11 08:49:00 transreid.train INFO: OCCAWARE occ_bce: 0.0304, alpha: 0.0711
2026-06-11 08:49:04 transreid.train INFO: Epoch[57] Iter[100/227] Loss: 0.132, Acc: 0.995, Base Lr: 4.32e-03
2026-06-11 08:49:04 transreid.train INFO: OCCAWARE occ_bce: 0.0305, alpha: 0.0711
2026-06-11 08:49:07 transreid.train INFO: Epoch[57] Iter[150/227] Loss: 0.131, Acc: 0.994, Base Lr: 4.32e-03
2026-06-11 08:49:07 transreid.train INFO: OCCAWARE occ_bce: 0.0300, alpha: 0.0711
2026-06-11 08:49:11 transreid.train INFO: Epoch[57] Iter[200/227] Loss: 0.126, Acc: 0.995, Base Lr: 4.32e-03
2026-06-11 08:49:11 transreid.train INFO: OCCAWARE occ_bce: 0.0301, alpha: 0.0703
2026-06-11 08:49:12 transreid.train INFO: Epoch 57 done. Time per epoch: 15.613[s] Speed: 869.0[samples/s]
2026-06-11 08:49:16 transreid.train INFO: Epoch[58] Iter[50/227] Loss: 0.127, Acc: 0.996, Base Lr: 4.22e-03
2026-06-11 08:49:16 transreid.train INFO: OCCAWARE occ_bce: 0.0304, alpha: 0.0704
2026-06-11 08:49:19 transreid.train INFO: Epoch[58] Iter[100/227] Loss: 0.133, Acc: 0.995, Base Lr: 4.22e-03
2026-06-11 08:49:19 transreid.train INFO: OCCAWARE occ_bce: 0.0297, alpha: 0.0705
2026-06-11 08:49:23 transreid.train INFO: Epoch[58] Iter[150/227] Loss: 0.130, Acc: 0.994, Base Lr: 4.22e-03
2026-06-11 08:49:23 transreid.train INFO: OCCAWARE occ_bce: 0.0300, alpha: 0.0705
2026-06-11 08:49:27 transreid.train INFO: Epoch[58] Iter[200/227] Loss: 0.131, Acc: 0.994, Base Lr: 4.22e-03
2026-06-11 08:49:27 transreid.train INFO: OCCAWARE occ_bce: 0.0301, alpha: 0.0708
2026-06-11 08:49:28 transreid.train INFO: Epoch 58 done. Time per epoch: 15.643[s] Speed: 871.4[samples/s]
2026-06-11 08:49:31 transreid.train INFO: Epoch[59] Iter[50/227] Loss: 0.133, Acc: 0.993, Base Lr: 4.11e-03
2026-06-11 08:49:31 transreid.train INFO: OCCAWARE occ_bce: 0.0288, alpha: 0.0706
2026-06-11 08:49:35 transreid.train INFO: Epoch[59] Iter[100/227] Loss: 0.127, Acc: 0.994, Base Lr: 4.11e-03
2026-06-11 08:49:35 transreid.train INFO: OCCAWARE occ_bce: 0.0293, alpha: 0.0709
2026-06-11 08:49:39 transreid.train INFO: Epoch[59] Iter[150/227] Loss: 0.125, Acc: 0.994, Base Lr: 4.11e-03
2026-06-11 08:49:39 transreid.train INFO: OCCAWARE occ_bce: 0.0292, alpha: 0.0710
2026-06-11 08:49:42 transreid.train INFO: Epoch[59] Iter[200/227] Loss: 0.119, Acc: 0.994, Base Lr: 4.11e-03
2026-06-11 08:49:42 transreid.train INFO: OCCAWARE occ_bce: 0.0291, alpha: 0.0709
2026-06-11 08:49:43 transreid.train INFO: Epoch 59 done. Time per epoch: 15.626[s] Speed: 868.3[samples/s]
2026-06-11 08:49:47 transreid.train INFO: Epoch[60] Iter[50/227] Loss: 0.115, Acc: 0.993, Base Lr: 4.01e-03
2026-06-11 08:49:47 transreid.train INFO: OCCAWARE occ_bce: 0.0291, alpha: 0.0708
2026-06-11 08:49:51 transreid.train INFO: Epoch[60] Iter[100/227] Loss: 0.118, Acc: 0.993, Base Lr: 4.01e-03
2026-06-11 08:49:51 transreid.train INFO: OCCAWARE occ_bce: 0.0293, alpha: 0.0708
2026-06-11 08:49:54 transreid.train INFO: Epoch[60] Iter[150/227] Loss: 0.117, Acc: 0.994, Base Lr: 4.01e-03
2026-06-11 08:49:54 transreid.train INFO: OCCAWARE occ_bce: 0.0293, alpha: 0.0708
2026-06-11 08:49:58 transreid.train INFO: Epoch[60] Iter[200/227] Loss: 0.117, Acc: 0.993, Base Lr: 4.01e-03
2026-06-11 08:49:58 transreid.train INFO: OCCAWARE occ_bce: 0.0294, alpha: 0.0704
2026-06-11 08:49:59 transreid.train INFO: Epoch 60 done. Time per epoch: 15.582[s] Speed: 870.8[samples/s]
2026-06-11 08:50:03 transreid.train INFO: Epoch[61] Iter[50/227] Loss: 0.133, Acc: 0.990, Base Lr: 3.90e-03
2026-06-11 08:50:03 transreid.train INFO: OCCAWARE occ_bce: 0.0296, alpha: 0.0704
2026-06-11 08:50:06 transreid.train INFO: Epoch[61] Iter[100/227] Loss: 0.128, Acc: 0.993, Base Lr: 3.90e-03
2026-06-11 08:50:06 transreid.train INFO: OCCAWARE occ_bce: 0.0296, alpha: 0.0704
2026-06-11 08:50:10 transreid.train INFO: Epoch[61] Iter[150/227] Loss: 0.127, Acc: 0.994, Base Lr: 3.90e-03
2026-06-11 08:50:10 transreid.train INFO: OCCAWARE occ_bce: 0.0299, alpha: 0.0706
2026-06-11 08:50:14 transreid.train INFO: Epoch[61] Iter[200/227] Loss: 0.124, Acc: 0.993, Base Lr: 3.90e-03
2026-06-11 08:50:14 transreid.train INFO: OCCAWARE occ_bce: 0.0298, alpha: 0.0706
2026-06-11 08:50:14 transreid.train INFO: Epoch 61 done. Time per epoch: 15.590[s] Speed: 870.3[samples/s]
2026-06-11 08:50:18 transreid.train INFO: Epoch[62] Iter[50/227] Loss: 0.117, Acc: 0.996, Base Lr: 3.80e-03
2026-06-11 08:50:18 transreid.train INFO: OCCAWARE occ_bce: 0.0296, alpha: 0.0707
2026-06-11 08:50:22 transreid.train INFO: Epoch[62] Iter[100/227] Loss: 0.129, Acc: 0.995, Base Lr: 3.80e-03
2026-06-11 08:50:22 transreid.train INFO: OCCAWARE occ_bce: 0.0299, alpha: 0.0699
2026-06-11 08:50:26 transreid.train INFO: Epoch[62] Iter[150/227] Loss: 0.117, Acc: 0.995, Base Lr: 3.80e-03
2026-06-11 08:50:26 transreid.train INFO: OCCAWARE occ_bce: 0.0297, alpha: 0.0701
2026-06-11 08:50:29 transreid.train INFO: Epoch[62] Iter[200/227] Loss: 0.112, Acc: 0.994, Base Lr: 3.80e-03
2026-06-11 08:50:29 transreid.train INFO: OCCAWARE occ_bce: 0.0299, alpha: 0.0702
2026-06-11 08:50:30 transreid.train INFO: Epoch 62 done. Time per epoch: 15.525[s] Speed: 869.8[samples/s]
2026-06-11 08:50:34 transreid.train INFO: Epoch[63] Iter[50/227] Loss: 0.110, Acc: 0.995, Base Lr: 3.69e-03
2026-06-11 08:50:34 transreid.train INFO: OCCAWARE occ_bce: 0.0301, alpha: 0.0705
2026-06-11 08:50:37 transreid.train INFO: Epoch[63] Iter[100/227] Loss: 0.118, Acc: 0.994, Base Lr: 3.69e-03
2026-06-11 08:50:37 transreid.train INFO: OCCAWARE occ_bce: 0.0298, alpha: 0.0705
2026-06-11 08:50:41 transreid.train INFO: Epoch[63] Iter[150/227] Loss: 0.115, Acc: 0.994, Base Lr: 3.69e-03
2026-06-11 08:50:41 transreid.train INFO: OCCAWARE occ_bce: 0.0299, alpha: 0.0707
2026-06-11 08:50:45 transreid.train INFO: Epoch[63] Iter[200/227] Loss: 0.108, Acc: 0.995, Base Lr: 3.69e-03
2026-06-11 08:50:45 transreid.train INFO: OCCAWARE occ_bce: 0.0299, alpha: 0.0708
2026-06-11 08:50:45 transreid.train INFO: Epoch 63 done. Time per epoch: 15.414[s] Speed: 867.8[samples/s]
2026-06-11 08:50:49 transreid.train INFO: Epoch[64] Iter[50/227] Loss: 0.113, Acc: 0.993, Base Lr: 3.59e-03
2026-06-11 08:50:49 transreid.train INFO: OCCAWARE occ_bce: 0.0297, alpha: 0.0708
2026-06-11 08:50:53 transreid.train INFO: Epoch[64] Iter[100/227] Loss: 0.110, Acc: 0.994, Base Lr: 3.59e-03
2026-06-11 08:50:53 transreid.train INFO: OCCAWARE occ_bce: 0.0294, alpha: 0.0704
2026-06-11 08:50:56 transreid.train INFO: Epoch[64] Iter[150/227] Loss: 0.108, Acc: 0.995, Base Lr: 3.59e-03
2026-06-11 08:50:56 transreid.train INFO: OCCAWARE occ_bce: 0.0293, alpha: 0.0703
2026-06-11 08:51:00 transreid.train INFO: Epoch[64] Iter[200/227] Loss: 0.104, Acc: 0.995, Base Lr: 3.59e-03
2026-06-11 08:51:00 transreid.train INFO: OCCAWARE occ_bce: 0.0296, alpha: 0.0705
2026-06-11 08:51:01 transreid.train INFO: Epoch 64 done. Time per epoch: 15.598[s] Speed: 869.9[samples/s]
2026-06-11 08:51:05 transreid.train INFO: Epoch[65] Iter[50/227] Loss: 0.106, Acc: 0.996, Base Lr: 3.49e-03
2026-06-11 08:51:05 transreid.train INFO: OCCAWARE occ_bce: 0.0286, alpha: 0.0706
2026-06-11 08:51:08 transreid.train INFO: Epoch[65] Iter[100/227] Loss: 0.110, Acc: 0.996, Base Lr: 3.49e-03
2026-06-11 08:51:08 transreid.train INFO: OCCAWARE occ_bce: 0.0291, alpha: 0.0707
2026-06-11 08:51:12 transreid.train INFO: Epoch[65] Iter[150/227] Loss: 0.117, Acc: 0.994, Base Lr: 3.49e-03
2026-06-11 08:51:12 transreid.train INFO: OCCAWARE occ_bce: 0.0290, alpha: 0.0704
2026-06-11 08:51:16 transreid.train INFO: Epoch[65] Iter[200/227] Loss: 0.117, Acc: 0.994, Base Lr: 3.49e-03
2026-06-11 08:51:16 transreid.train INFO: OCCAWARE occ_bce: 0.0292, alpha: 0.0702
2026-06-11 08:51:17 transreid.train INFO: Epoch 65 done. Time per epoch: 15.600[s] Speed: 869.7[samples/s]
2026-06-11 08:51:20 transreid.train INFO: Epoch[66] Iter[50/227] Loss: 0.108, Acc: 0.996, Base Lr: 3.38e-03
2026-06-11 08:51:20 transreid.train INFO: OCCAWARE occ_bce: 0.0297, alpha: 0.0700
2026-06-11 08:51:24 transreid.train INFO: Epoch[66] Iter[100/227] Loss: 0.112, Acc: 0.996, Base Lr: 3.38e-03
2026-06-11 08:51:24 transreid.train INFO: OCCAWARE occ_bce: 0.0298, alpha: 0.0700
2026-06-11 08:51:28 transreid.train INFO: Epoch[66] Iter[150/227] Loss: 0.110, Acc: 0.996, Base Lr: 3.38e-03
2026-06-11 08:51:28 transreid.train INFO: OCCAWARE occ_bce: 0.0299, alpha: 0.0703
2026-06-11 08:51:31 transreid.train INFO: Epoch[66] Iter[200/227] Loss: 0.114, Acc: 0.995, Base Lr: 3.38e-03
2026-06-11 08:51:31 transreid.train INFO: OCCAWARE occ_bce: 0.0296, alpha: 0.0701
2026-06-11 08:51:32 transreid.train INFO: Epoch 66 done. Time per epoch: 15.675[s] Speed: 869.7[samples/s]
2026-06-11 08:51:36 transreid.train INFO: Epoch[67] Iter[50/227] Loss: 0.135, Acc: 0.991, Base Lr: 3.28e-03
2026-06-11 08:51:36 transreid.train INFO: OCCAWARE occ_bce: 0.0289, alpha: 0.0695
2026-06-11 08:51:40 transreid.train INFO: Epoch[67] Iter[100/227] Loss: 0.113, Acc: 0.993, Base Lr: 3.28e-03
2026-06-11 08:51:40 transreid.train INFO: OCCAWARE occ_bce: 0.0289, alpha: 0.0696
2026-06-11 08:51:43 transreid.train INFO: Epoch[67] Iter[150/227] Loss: 0.109, Acc: 0.994, Base Lr: 3.28e-03
2026-06-11 08:51:43 transreid.train INFO: OCCAWARE occ_bce: 0.0289, alpha: 0.0695
2026-06-11 08:51:47 transreid.train INFO: Epoch[67] Iter[200/227] Loss: 0.113, Acc: 0.994, Base Lr: 3.28e-03
2026-06-11 08:51:47 transreid.train INFO: OCCAWARE occ_bce: 0.0292, alpha: 0.0698
2026-06-11 08:51:48 transreid.train INFO: Epoch 67 done. Time per epoch: 15.571[s] Speed: 871.4[samples/s]
2026-06-11 08:51:52 transreid.train INFO: Epoch[68] Iter[50/227] Loss: 0.108, Acc: 0.994, Base Lr: 3.18e-03
2026-06-11 08:51:52 transreid.train INFO: OCCAWARE occ_bce: 0.0284, alpha: 0.0698
2026-06-11 08:51:55 transreid.train INFO: Epoch[68] Iter[100/227] Loss: 0.109, Acc: 0.994, Base Lr: 3.18e-03
2026-06-11 08:51:55 transreid.train INFO: OCCAWARE occ_bce: 0.0290, alpha: 0.0696
2026-06-11 08:51:59 transreid.train INFO: Epoch[68] Iter[150/227] Loss: 0.113, Acc: 0.993, Base Lr: 3.18e-03
2026-06-11 08:51:59 transreid.train INFO: OCCAWARE occ_bce: 0.0292, alpha: 0.0698
2026-06-11 08:52:02 transreid.train INFO: Epoch[68] Iter[200/227] Loss: 0.109, Acc: 0.994, Base Lr: 3.18e-03
2026-06-11 08:52:02 transreid.train INFO: OCCAWARE occ_bce: 0.0293, alpha: 0.0700
2026-06-11 08:52:03 transreid.train INFO: Epoch 68 done. Time per epoch: 15.645[s] Speed: 871.3[samples/s]
2026-06-11 08:52:07 transreid.train INFO: Epoch[69] Iter[50/227] Loss: 0.126, Acc: 0.994, Base Lr: 3.08e-03
2026-06-11 08:52:07 transreid.train INFO: OCCAWARE occ_bce: 0.0289, alpha: 0.0700
2026-06-11 08:52:11 transreid.train INFO: Epoch[69] Iter[100/227] Loss: 0.119, Acc: 0.995, Base Lr: 3.08e-03
2026-06-11 08:52:11 transreid.train INFO: OCCAWARE occ_bce: 0.0289, alpha: 0.0702
2026-06-11 08:52:15 transreid.train INFO: Epoch[69] Iter[150/227] Loss: 0.131, Acc: 0.995, Base Lr: 3.08e-03
2026-06-11 08:52:15 transreid.train INFO: OCCAWARE occ_bce: 0.0288, alpha: 0.0704
2026-06-11 08:52:18 transreid.train INFO: Epoch[69] Iter[200/227] Loss: 0.122, Acc: 0.995, Base Lr: 3.08e-03
2026-06-11 08:52:18 transreid.train INFO: OCCAWARE occ_bce: 0.0288, alpha: 0.0705
2026-06-11 08:52:19 transreid.train INFO: Epoch 69 done. Time per epoch: 15.616[s] Speed: 868.9[samples/s]
2026-06-11 08:52:23 transreid.train INFO: Epoch[70] Iter[50/227] Loss: 0.109, Acc: 0.994, Base Lr: 2.97e-03
2026-06-11 08:52:23 transreid.train INFO: OCCAWARE occ_bce: 0.0296, alpha: 0.0704
2026-06-11 08:52:27 transreid.train INFO: Epoch[70] Iter[100/227] Loss: 0.109, Acc: 0.993, Base Lr: 2.97e-03
2026-06-11 08:52:27 transreid.train INFO: OCCAWARE occ_bce: 0.0296, alpha: 0.0702
2026-06-11 08:52:30 transreid.train INFO: Epoch[70] Iter[150/227] Loss: 0.106, Acc: 0.994, Base Lr: 2.97e-03
2026-06-11 08:52:30 transreid.train INFO: OCCAWARE occ_bce: 0.0296, alpha: 0.0701
2026-06-11 08:52:34 transreid.train INFO: Epoch[70] Iter[200/227] Loss: 0.104, Acc: 0.994, Base Lr: 2.97e-03
2026-06-11 08:52:34 transreid.train INFO: OCCAWARE occ_bce: 0.0294, alpha: 0.0700
2026-06-11 08:52:35 transreid.train INFO: Epoch 70 done. Time per epoch: 15.515[s] Speed: 870.4[samples/s]
2026-06-11 08:52:38 transreid.train INFO: Epoch[71] Iter[50/227] Loss: 0.105, Acc: 0.995, Base Lr: 2.87e-03
2026-06-11 08:52:38 transreid.train INFO: OCCAWARE occ_bce: 0.0292, alpha: 0.0700
2026-06-11 08:52:42 transreid.train INFO: Epoch[71] Iter[100/227] Loss: 0.100, Acc: 0.995, Base Lr: 2.87e-03
2026-06-11 08:52:42 transreid.train INFO: OCCAWARE occ_bce: 0.0287, alpha: 0.0700
2026-06-11 08:52:46 transreid.train INFO: Epoch[71] Iter[150/227] Loss: 0.098, Acc: 0.995, Base Lr: 2.87e-03
2026-06-11 08:52:46 transreid.train INFO: OCCAWARE occ_bce: 0.0284, alpha: 0.0703
2026-06-11 08:52:49 transreid.train INFO: Epoch[71] Iter[200/227] Loss: 0.097, Acc: 0.995, Base Lr: 2.87e-03
2026-06-11 08:52:49 transreid.train INFO: OCCAWARE occ_bce: 0.0284, alpha: 0.0700
2026-06-11 08:52:50 transreid.train INFO: Epoch 71 done. Time per epoch: 15.657[s] Speed: 870.7[samples/s]
2026-06-11 08:52:54 transreid.train INFO: Epoch[72] Iter[50/227] Loss: 0.113, Acc: 0.994, Base Lr: 2.77e-03
2026-06-11 08:52:54 transreid.train INFO: OCCAWARE occ_bce: 0.0285, alpha: 0.0698
2026-06-11 08:52:58 transreid.train INFO: Epoch[72] Iter[100/227] Loss: 0.104, Acc: 0.994, Base Lr: 2.77e-03
2026-06-11 08:52:58 transreid.train INFO: OCCAWARE occ_bce: 0.0284, alpha: 0.0696
2026-06-11 08:53:01 transreid.train INFO: Epoch[72] Iter[150/227] Loss: 0.103, Acc: 0.994, Base Lr: 2.77e-03
2026-06-11 08:53:01 transreid.train INFO: OCCAWARE occ_bce: 0.0282, alpha: 0.0696
2026-06-11 08:53:05 transreid.train INFO: Epoch[72] Iter[200/227] Loss: 0.102, Acc: 0.994, Base Lr: 2.77e-03
2026-06-11 08:53:05 transreid.train INFO: OCCAWARE occ_bce: 0.0286, alpha: 0.0694
2026-06-11 08:53:06 transreid.train INFO: Epoch 72 done. Time per epoch: 15.617[s] Speed: 868.8[samples/s]
2026-06-11 08:53:10 transreid.train INFO: Epoch[73] Iter[50/227] Loss: 0.097, Acc: 0.996, Base Lr: 2.68e-03
2026-06-11 08:53:10 transreid.train INFO: OCCAWARE occ_bce: 0.0283, alpha: 0.0694
2026-06-11 08:53:13 transreid.train INFO: Epoch[73] Iter[100/227] Loss: 0.112, Acc: 0.994, Base Lr: 2.68e-03
2026-06-11 08:53:13 transreid.train INFO: OCCAWARE occ_bce: 0.0288, alpha: 0.0697
2026-06-11 08:53:17 transreid.train INFO: Epoch[73] Iter[150/227] Loss: 0.108, Acc: 0.994, Base Lr: 2.68e-03
2026-06-11 08:53:17 transreid.train INFO: OCCAWARE occ_bce: 0.0286, alpha: 0.0696
2026-06-11 08:53:21 transreid.train INFO: Epoch[73] Iter[200/227] Loss: 0.105, Acc: 0.995, Base Lr: 2.68e-03
2026-06-11 08:53:21 transreid.train INFO: OCCAWARE occ_bce: 0.0286, alpha: 0.0694
2026-06-11 08:53:21 transreid.train INFO: Epoch 73 done. Time per epoch: 15.609[s] Speed: 869.2[samples/s]
2026-06-11 08:53:25 transreid.train INFO: Epoch[74] Iter[50/227] Loss: 0.105, Acc: 0.993, Base Lr: 2.58e-03
2026-06-11 08:53:25 transreid.train INFO: OCCAWARE occ_bce: 0.0290, alpha: 0.0695
2026-06-11 08:53:29 transreid.train INFO: Epoch[74] Iter[100/227] Loss: 0.107, Acc: 0.994, Base Lr: 2.58e-03
2026-06-11 08:53:29 transreid.train INFO: OCCAWARE occ_bce: 0.0286, alpha: 0.0694
2026-06-11 08:53:33 transreid.train INFO: Epoch[74] Iter[150/227] Loss: 0.106, Acc: 0.994, Base Lr: 2.58e-03
2026-06-11 08:53:33 transreid.train INFO: OCCAWARE occ_bce: 0.0287, alpha: 0.0695
2026-06-11 08:53:36 transreid.train INFO: Epoch[74] Iter[200/227] Loss: 0.104, Acc: 0.995, Base Lr: 2.58e-03
2026-06-11 08:53:36 transreid.train INFO: OCCAWARE occ_bce: 0.0284, alpha: 0.0695
2026-06-11 08:53:37 transreid.train INFO: Epoch 74 done. Time per epoch: 15.582[s] Speed: 870.8[samples/s]
2026-06-11 08:53:41 transreid.train INFO: Epoch[75] Iter[50/227] Loss: 0.101, Acc: 0.995, Base Lr: 2.48e-03
2026-06-11 08:53:41 transreid.train INFO: OCCAWARE occ_bce: 0.0290, alpha: 0.0697
2026-06-11 08:53:45 transreid.train INFO: Epoch[75] Iter[100/227] Loss: 0.104, Acc: 0.996, Base Lr: 2.48e-03
2026-06-11 08:53:45 transreid.train INFO: OCCAWARE occ_bce: 0.0288, alpha: 0.0698
2026-06-11 08:53:48 transreid.train INFO: Epoch[75] Iter[150/227] Loss: 0.102, Acc: 0.995, Base Lr: 2.48e-03
2026-06-11 08:53:48 transreid.train INFO: OCCAWARE occ_bce: 0.0288, alpha: 0.0698
2026-06-11 08:53:52 transreid.train INFO: Epoch[75] Iter[200/227] Loss: 0.100, Acc: 0.995, Base Lr: 2.48e-03
2026-06-11 08:53:52 transreid.train INFO: OCCAWARE occ_bce: 0.0287, alpha: 0.0699
2026-06-11 08:53:53 transreid.train INFO: Epoch 75 done. Time per epoch: 15.490[s] Speed: 867.7[samples/s]
2026-06-11 08:53:56 transreid.train INFO: Epoch[76] Iter[50/227] Loss: 0.133, Acc: 0.994, Base Lr: 2.38e-03
2026-06-11 08:53:56 transreid.train INFO: OCCAWARE occ_bce: 0.0288, alpha: 0.0698
2026-06-11 08:54:00 transreid.train INFO: Epoch[76] Iter[100/227] Loss: 0.128, Acc: 0.995, Base Lr: 2.38e-03
2026-06-11 08:54:00 transreid.train INFO: OCCAWARE occ_bce: 0.0286, alpha: 0.0696
2026-06-11 08:54:04 transreid.train INFO: Epoch[76] Iter[150/227] Loss: 0.115, Acc: 0.995, Base Lr: 2.38e-03
2026-06-11 08:54:04 transreid.train INFO: OCCAWARE occ_bce: 0.0285, alpha: 0.0698
2026-06-11 08:54:07 transreid.train INFO: Epoch[76] Iter[200/227] Loss: 0.105, Acc: 0.996, Base Lr: 2.38e-03
2026-06-11 08:54:07 transreid.train INFO: OCCAWARE occ_bce: 0.0283, alpha: 0.0699
2026-06-11 08:54:08 transreid.train INFO: Epoch 76 done. Time per epoch: 15.623[s] Speed: 868.5[samples/s]
2026-06-11 08:54:12 transreid.train INFO: Epoch[77] Iter[50/227] Loss: 0.096, Acc: 0.995, Base Lr: 2.29e-03
2026-06-11 08:54:12 transreid.train INFO: OCCAWARE occ_bce: 0.0277, alpha: 0.0702
2026-06-11 08:54:16 transreid.train INFO: Epoch[77] Iter[100/227] Loss: 0.099, Acc: 0.993, Base Lr: 2.29e-03
2026-06-11 08:54:16 transreid.train INFO: OCCAWARE occ_bce: 0.0279, alpha: 0.0703
2026-06-11 08:54:19 transreid.train INFO: Epoch[77] Iter[150/227] Loss: 0.102, Acc: 0.994, Base Lr: 2.29e-03
2026-06-11 08:54:19 transreid.train INFO: OCCAWARE occ_bce: 0.0280, alpha: 0.0703
2026-06-11 08:54:23 transreid.train INFO: Epoch[77] Iter[200/227] Loss: 0.102, Acc: 0.994, Base Lr: 2.29e-03
2026-06-11 08:54:23 transreid.train INFO: OCCAWARE occ_bce: 0.0281, alpha: 0.0704
2026-06-11 08:54:24 transreid.train INFO: Epoch 77 done. Time per epoch: 15.694[s] Speed: 868.6[samples/s]
2026-06-11 08:54:28 transreid.train INFO: Epoch[78] Iter[50/227] Loss: 0.109, Acc: 0.993, Base Lr: 2.20e-03
2026-06-11 08:54:28 transreid.train INFO: OCCAWARE occ_bce: 0.0269, alpha: 0.0705
2026-06-11 08:54:31 transreid.train INFO: Epoch[78] Iter[100/227] Loss: 0.100, Acc: 0.994, Base Lr: 2.20e-03
2026-06-11 08:54:31 transreid.train INFO: OCCAWARE occ_bce: 0.0276, alpha: 0.0706
2026-06-11 08:54:35 transreid.train INFO: Epoch[78] Iter[150/227] Loss: 0.099, Acc: 0.995, Base Lr: 2.20e-03
2026-06-11 08:54:35 transreid.train INFO: OCCAWARE occ_bce: 0.0274, alpha: 0.0705
2026-06-11 08:54:39 transreid.train INFO: Epoch[78] Iter[200/227] Loss: 0.097, Acc: 0.995, Base Lr: 2.20e-03
2026-06-11 08:54:39 transreid.train INFO: OCCAWARE occ_bce: 0.0276, alpha: 0.0705
2026-06-11 08:54:39 transreid.train INFO: Epoch 78 done. Time per epoch: 15.624[s] Speed: 868.4[samples/s]
2026-06-11 08:54:43 transreid.train INFO: Epoch[79] Iter[50/227] Loss: 0.107, Acc: 0.994, Base Lr: 2.10e-03
2026-06-11 08:54:43 transreid.train INFO: OCCAWARE occ_bce: 0.0280, alpha: 0.0705
2026-06-11 08:54:47 transreid.train INFO: Epoch[79] Iter[100/227] Loss: 0.102, Acc: 0.995, Base Lr: 2.10e-03
2026-06-11 08:54:47 transreid.train INFO: OCCAWARE occ_bce: 0.0283, alpha: 0.0706
2026-06-11 08:54:51 transreid.train INFO: Epoch[79] Iter[150/227] Loss: 0.108, Acc: 0.994, Base Lr: 2.10e-03
2026-06-11 08:54:51 transreid.train INFO: OCCAWARE occ_bce: 0.0286, alpha: 0.0707
2026-06-11 08:54:54 transreid.train INFO: Epoch[79] Iter[200/227] Loss: 0.100, Acc: 0.995, Base Lr: 2.10e-03
2026-06-11 08:54:54 transreid.train INFO: OCCAWARE occ_bce: 0.0282, alpha: 0.0707
2026-06-11 08:54:55 transreid.train INFO: Epoch 79 done. Time per epoch: 15.643[s] Speed: 871.4[samples/s]
2026-06-11 08:54:59 transreid.train INFO: Epoch[80] Iter[50/227] Loss: 0.095, Acc: 0.995, Base Lr: 2.01e-03
2026-06-11 08:54:59 transreid.train INFO: OCCAWARE occ_bce: 0.0279, alpha: 0.0707
2026-06-11 08:55:03 transreid.train INFO: Epoch[80] Iter[100/227] Loss: 0.095, Acc: 0.995, Base Lr: 2.01e-03
2026-06-11 08:55:03 transreid.train INFO: OCCAWARE occ_bce: 0.0282, alpha: 0.0706
2026-06-11 08:55:06 transreid.train INFO: Epoch[80] Iter[150/227] Loss: 0.095, Acc: 0.996, Base Lr: 2.01e-03
2026-06-11 08:55:06 transreid.train INFO: OCCAWARE occ_bce: 0.0282, alpha: 0.0703
2026-06-11 08:55:10 transreid.train INFO: Epoch[80] Iter[200/227] Loss: 0.095, Acc: 0.995, Base Lr: 2.01e-03
2026-06-11 08:55:10 transreid.train INFO: OCCAWARE occ_bce: 0.0281, alpha: 0.0703
2026-06-11 08:55:11 transreid.train INFO: Epoch 80 done. Time per epoch: 15.576[s] Speed: 871.1[samples/s]
2026-06-11 08:55:15 transreid.train INFO: Epoch[81] Iter[50/227] Loss: 0.102, Acc: 0.995, Base Lr: 1.92e-03
2026-06-11 08:55:15 transreid.train INFO: OCCAWARE occ_bce: 0.0271, alpha: 0.0703
2026-06-11 08:55:18 transreid.train INFO: Epoch[81] Iter[100/227] Loss: 0.102, Acc: 0.995, Base Lr: 1.92e-03
2026-06-11 08:55:18 transreid.train INFO: OCCAWARE occ_bce: 0.0286, alpha: 0.0703
2026-06-11 08:55:22 transreid.train INFO: Epoch[81] Iter[150/227] Loss: 0.099, Acc: 0.995, Base Lr: 1.92e-03
2026-06-11 08:55:22 transreid.train INFO: OCCAWARE occ_bce: 0.0285, alpha: 0.0703
2026-06-11 08:55:25 transreid.train INFO: Epoch[81] Iter[200/227] Loss: 0.098, Acc: 0.995, Base Lr: 1.92e-03
2026-06-11 08:55:25 transreid.train INFO: OCCAWARE occ_bce: 0.0286, alpha: 0.0703
2026-06-11 08:55:26 transreid.train INFO: Epoch 81 done. Time per epoch: 15.445[s] Speed: 870.2[samples/s]
2026-06-11 08:55:30 transreid.train INFO: Epoch[82] Iter[50/227] Loss: 0.097, Acc: 0.996, Base Lr: 1.83e-03
2026-06-11 08:55:30 transreid.train INFO: OCCAWARE occ_bce: 0.0282, alpha: 0.0704
2026-06-11 08:55:34 transreid.train INFO: Epoch[82] Iter[100/227] Loss: 0.091, Acc: 0.996, Base Lr: 1.83e-03
2026-06-11 08:55:34 transreid.train INFO: OCCAWARE occ_bce: 0.0283, alpha: 0.0706
2026-06-11 08:55:37 transreid.train INFO: Epoch[82] Iter[150/227] Loss: 0.095, Acc: 0.996, Base Lr: 1.83e-03
2026-06-11 08:55:37 transreid.train INFO: OCCAWARE occ_bce: 0.0281, alpha: 0.0706
2026-06-11 08:55:41 transreid.train INFO: Epoch[82] Iter[200/227] Loss: 0.094, Acc: 0.995, Base Lr: 1.83e-03
2026-06-11 08:55:41 transreid.train INFO: OCCAWARE occ_bce: 0.0280, alpha: 0.0706
2026-06-11 08:55:42 transreid.train INFO: Epoch 82 done. Time per epoch: 15.603[s] Speed: 869.6[samples/s]
2026-06-11 08:55:46 transreid.train INFO: Epoch[83] Iter[50/227] Loss: 0.088, Acc: 0.994, Base Lr: 1.75e-03
2026-06-11 08:55:46 transreid.train INFO: OCCAWARE occ_bce: 0.0262, alpha: 0.0706
2026-06-11 08:55:49 transreid.train INFO: Epoch[83] Iter[100/227] Loss: 0.090, Acc: 0.995, Base Lr: 1.75e-03
2026-06-11 08:55:49 transreid.train INFO: OCCAWARE occ_bce: 0.0268, alpha: 0.0707
2026-06-11 08:55:53 transreid.train INFO: Epoch[83] Iter[150/227] Loss: 0.093, Acc: 0.994, Base Lr: 1.75e-03
2026-06-11 08:55:53 transreid.train INFO: OCCAWARE occ_bce: 0.0273, alpha: 0.0706
2026-06-11 08:55:56 transreid.train INFO: Epoch[83] Iter[200/227] Loss: 0.089, Acc: 0.995, Base Lr: 1.75e-03
2026-06-11 08:55:56 transreid.train INFO: OCCAWARE occ_bce: 0.0277, alpha: 0.0706
2026-06-11 08:55:57 transreid.train INFO: Epoch 83 done. Time per epoch: 15.431[s] Speed: 870.9[samples/s]
2026-06-11 08:56:01 transreid.train INFO: Epoch[84] Iter[50/227] Loss: 0.111, Acc: 0.994, Base Lr: 1.66e-03
2026-06-11 08:56:01 transreid.train INFO: OCCAWARE occ_bce: 0.0277, alpha: 0.0706
2026-06-11 08:56:05 transreid.train INFO: Epoch[84] Iter[100/227] Loss: 0.101, Acc: 0.996, Base Lr: 1.66e-03
2026-06-11 08:56:05 transreid.train INFO: OCCAWARE occ_bce: 0.0277, alpha: 0.0705
2026-06-11 08:56:08 transreid.train INFO: Epoch[84] Iter[150/227] Loss: 0.100, Acc: 0.996, Base Lr: 1.66e-03
2026-06-11 08:56:08 transreid.train INFO: OCCAWARE occ_bce: 0.0281, alpha: 0.0705
2026-06-11 08:56:12 transreid.train INFO: Epoch[84] Iter[200/227] Loss: 0.095, Acc: 0.996, Base Lr: 1.66e-03
2026-06-11 08:56:12 transreid.train INFO: OCCAWARE occ_bce: 0.0279, alpha: 0.0705
2026-06-11 08:56:13 transreid.train INFO: Epoch 84 done. Time per epoch: 15.614[s] Speed: 868.9[samples/s]
2026-06-11 08:56:17 transreid.train INFO: Epoch[85] Iter[50/227] Loss: 0.090, Acc: 0.995, Base Lr: 1.58e-03
2026-06-11 08:56:17 transreid.train INFO: OCCAWARE occ_bce: 0.0291, alpha: 0.0706
2026-06-11 08:56:20 transreid.train INFO: Epoch[85] Iter[100/227] Loss: 0.091, Acc: 0.995, Base Lr: 1.58e-03
2026-06-11 08:56:20 transreid.train INFO: OCCAWARE occ_bce: 0.0289, alpha: 0.0708
2026-06-11 08:56:24 transreid.train INFO: Epoch[85] Iter[150/227] Loss: 0.094, Acc: 0.995, Base Lr: 1.58e-03
2026-06-11 08:56:24 transreid.train INFO: OCCAWARE occ_bce: 0.0285, alpha: 0.0708
2026-06-11 08:56:27 transreid.train INFO: Epoch[85] Iter[200/227] Loss: 0.092, Acc: 0.995, Base Lr: 1.58e-03
2026-06-11 08:56:27 transreid.train INFO: OCCAWARE occ_bce: 0.0285, alpha: 0.0709
2026-06-11 08:56:28 transreid.train INFO: Epoch 85 done. Time per epoch: 15.587[s] Speed: 870.5[samples/s]
2026-06-11 08:56:32 transreid.train INFO: Epoch[86] Iter[50/227] Loss: 0.089, Acc: 0.996, Base Lr: 1.50e-03
2026-06-11 08:56:32 transreid.train INFO: OCCAWARE occ_bce: 0.0280, alpha: 0.0709
2026-06-11 08:56:36 transreid.train INFO: Epoch[86] Iter[100/227] Loss: 0.103, Acc: 0.994, Base Lr: 1.50e-03
2026-06-11 08:56:36 transreid.train INFO: OCCAWARE occ_bce: 0.0282, alpha: 0.0708
2026-06-11 08:56:39 transreid.train INFO: Epoch[86] Iter[150/227] Loss: 0.093, Acc: 0.995, Base Lr: 1.50e-03
2026-06-11 08:56:39 transreid.train INFO: OCCAWARE occ_bce: 0.0280, alpha: 0.0708
2026-06-11 08:56:43 transreid.train INFO: Epoch[86] Iter[200/227] Loss: 0.093, Acc: 0.996, Base Lr: 1.50e-03
2026-06-11 08:56:43 transreid.train INFO: OCCAWARE occ_bce: 0.0279, alpha: 0.0708
2026-06-11 08:56:44 transreid.train INFO: Epoch 86 done. Time per epoch: 15.473[s] Speed: 868.6[samples/s]
2026-06-11 08:56:48 transreid.train INFO: Epoch[87] Iter[50/227] Loss: 0.102, Acc: 0.996, Base Lr: 1.42e-03
2026-06-11 08:56:48 transreid.train INFO: OCCAWARE occ_bce: 0.0281, alpha: 0.0708
2026-06-11 08:56:51 transreid.train INFO: Epoch[87] Iter[100/227] Loss: 0.109, Acc: 0.994, Base Lr: 1.42e-03
2026-06-11 08:56:51 transreid.train INFO: OCCAWARE occ_bce: 0.0275, alpha: 0.0705
2026-06-11 08:56:55 transreid.train INFO: Epoch[87] Iter[150/227] Loss: 0.101, Acc: 0.995, Base Lr: 1.42e-03
2026-06-11 08:56:55 transreid.train INFO: OCCAWARE occ_bce: 0.0280, alpha: 0.0705
2026-06-11 08:56:59 transreid.train INFO: Epoch[87] Iter[200/227] Loss: 0.096, Acc: 0.995, Base Lr: 1.42e-03
2026-06-11 08:56:59 transreid.train INFO: OCCAWARE occ_bce: 0.0284, alpha: 0.0705
2026-06-11 08:56:59 transreid.train INFO: Epoch 87 done. Time per epoch: 15.609[s] Speed: 869.2[samples/s]
2026-06-11 08:57:03 transreid.train INFO: Epoch[88] Iter[50/227] Loss: 0.094, Acc: 0.995, Base Lr: 1.34e-03
2026-06-11 08:57:03 transreid.train INFO: OCCAWARE occ_bce: 0.0281, alpha: 0.0708
2026-06-11 08:57:07 transreid.train INFO: Epoch[88] Iter[100/227] Loss: 0.092, Acc: 0.996, Base Lr: 1.34e-03
2026-06-11 08:57:07 transreid.train INFO: OCCAWARE occ_bce: 0.0281, alpha: 0.0707
2026-06-11 08:57:11 transreid.train INFO: Epoch[88] Iter[150/227] Loss: 0.086, Acc: 0.996, Base Lr: 1.34e-03
2026-06-11 08:57:11 transreid.train INFO: OCCAWARE occ_bce: 0.0280, alpha: 0.0706
2026-06-11 08:57:14 transreid.train INFO: Epoch[88] Iter[200/227] Loss: 0.086, Acc: 0.996, Base Lr: 1.34e-03
2026-06-11 08:57:14 transreid.train INFO: OCCAWARE occ_bce: 0.0280, alpha: 0.0707
2026-06-11 08:57:15 transreid.train INFO: Epoch 88 done. Time per epoch: 15.592[s] Speed: 870.2[samples/s]
2026-06-11 08:57:19 transreid.train INFO: Epoch[89] Iter[50/227] Loss: 0.100, Acc: 0.995, Base Lr: 1.26e-03
2026-06-11 08:57:19 transreid.train INFO: OCCAWARE occ_bce: 0.0274, alpha: 0.0708
2026-06-11 08:57:23 transreid.train INFO: Epoch[89] Iter[100/227] Loss: 0.098, Acc: 0.995, Base Lr: 1.26e-03
2026-06-11 08:57:23 transreid.train INFO: OCCAWARE occ_bce: 0.0272, alpha: 0.0709
2026-06-11 08:57:26 transreid.train INFO: Epoch[89] Iter[150/227] Loss: 0.094, Acc: 0.996, Base Lr: 1.26e-03
2026-06-11 08:57:26 transreid.train INFO: OCCAWARE occ_bce: 0.0274, alpha: 0.0709
2026-06-11 08:57:30 transreid.train INFO: Epoch[89] Iter[200/227] Loss: 0.091, Acc: 0.996, Base Lr: 1.26e-03
2026-06-11 08:57:30 transreid.train INFO: OCCAWARE occ_bce: 0.0274, alpha: 0.0709
2026-06-11 08:57:31 transreid.train INFO: Epoch 89 done. Time per epoch: 15.595[s] Speed: 870.0[samples/s]
2026-06-11 08:57:34 transreid.train INFO: Epoch[90] Iter[50/227] Loss: 0.098, Acc: 0.998, Base Lr: 1.19e-03
2026-06-11 08:57:34 transreid.train INFO: OCCAWARE occ_bce: 0.0266, alpha: 0.0707
2026-06-11 08:57:38 transreid.train INFO: Epoch[90] Iter[100/227] Loss: 0.098, Acc: 0.997, Base Lr: 1.19e-03
2026-06-11 08:57:38 transreid.train INFO: OCCAWARE occ_bce: 0.0273, alpha: 0.0707
2026-06-11 08:57:42 transreid.train INFO: Epoch[90] Iter[150/227] Loss: 0.096, Acc: 0.997, Base Lr: 1.19e-03
2026-06-11 08:57:42 transreid.train INFO: OCCAWARE occ_bce: 0.0271, alpha: 0.0707
2026-06-11 08:57:45 transreid.train INFO: Epoch[90] Iter[200/227] Loss: 0.092, Acc: 0.997, Base Lr: 1.19e-03
2026-06-11 08:57:45 transreid.train INFO: OCCAWARE occ_bce: 0.0273, alpha: 0.0707
2026-06-11 08:57:46 transreid.train INFO: Epoch 90 done. Time per epoch: 15.459[s] Speed: 869.4[samples/s]
2026-06-11 08:57:50 transreid.train INFO: Epoch[91] Iter[50/227] Loss: 0.090, Acc: 0.995, Base Lr: 1.11e-03
2026-06-11 08:57:50 transreid.train INFO: OCCAWARE occ_bce: 0.0269, alpha: 0.0706
2026-06-11 08:57:54 transreid.train INFO: Epoch[91] Iter[100/227] Loss: 0.088, Acc: 0.995, Base Lr: 1.11e-03
2026-06-11 08:57:54 transreid.train INFO: OCCAWARE occ_bce: 0.0271, alpha: 0.0706
2026-06-11 08:57:57 transreid.train INFO: Epoch[91] Iter[150/227] Loss: 0.093, Acc: 0.995, Base Lr: 1.11e-03
2026-06-11 08:57:57 transreid.train INFO: OCCAWARE occ_bce: 0.0273, alpha: 0.0706
2026-06-11 08:58:01 transreid.train INFO: Epoch[91] Iter[200/227] Loss: 0.091, Acc: 0.995, Base Lr: 1.11e-03
2026-06-11 08:58:01 transreid.train INFO: OCCAWARE occ_bce: 0.0276, alpha: 0.0707
2026-06-11 08:58:02 transreid.train INFO: Epoch 91 done. Time per epoch: 15.597[s] Speed: 869.9[samples/s]
2026-06-11 08:58:06 transreid.train INFO: Epoch[92] Iter[50/227] Loss: 0.093, Acc: 0.995, Base Lr: 1.04e-03
2026-06-11 08:58:06 transreid.train INFO: OCCAWARE occ_bce: 0.0274, alpha: 0.0707
2026-06-11 08:58:09 transreid.train INFO: Epoch[92] Iter[100/227] Loss: 0.093, Acc: 0.995, Base Lr: 1.04e-03
2026-06-11 08:58:09 transreid.train INFO: OCCAWARE occ_bce: 0.0276, alpha: 0.0707
2026-06-11 08:58:13 transreid.train INFO: Epoch[92] Iter[150/227] Loss: 0.089, Acc: 0.996, Base Lr: 1.04e-03
2026-06-11 08:58:13 transreid.train INFO: OCCAWARE occ_bce: 0.0277, alpha: 0.0708
2026-06-11 08:58:16 transreid.train INFO: Epoch[92] Iter[200/227] Loss: 0.087, Acc: 0.996, Base Lr: 1.04e-03
2026-06-11 08:58:16 transreid.train INFO: OCCAWARE occ_bce: 0.0276, alpha: 0.0708
2026-06-11 08:58:17 transreid.train INFO: Epoch 92 done. Time per epoch: 15.430[s] Speed: 871.0[samples/s]
2026-06-11 08:58:21 transreid.train INFO: Epoch[93] Iter[50/227] Loss: 0.089, Acc: 0.995, Base Lr: 9.72e-04
2026-06-11 08:58:21 transreid.train INFO: OCCAWARE occ_bce: 0.0272, alpha: 0.0709
2026-06-11 08:58:25 transreid.train INFO: Epoch[93] Iter[100/227] Loss: 0.081, Acc: 0.996, Base Lr: 9.72e-04
2026-06-11 08:58:25 transreid.train INFO: OCCAWARE occ_bce: 0.0270, alpha: 0.0709
2026-06-11 08:58:28 transreid.train INFO: Epoch[93] Iter[150/227] Loss: 0.087, Acc: 0.995, Base Lr: 9.72e-04
2026-06-11 08:58:28 transreid.train INFO: OCCAWARE occ_bce: 0.0272, alpha: 0.0709
2026-06-11 08:58:32 transreid.train INFO: Epoch[93] Iter[200/227] Loss: 0.082, Acc: 0.996, Base Lr: 9.72e-04
2026-06-11 08:58:32 transreid.train INFO: OCCAWARE occ_bce: 0.0275, alpha: 0.0709
2026-06-11 08:58:33 transreid.train INFO: Epoch 93 done. Time per epoch: 15.563[s] Speed: 871.8[samples/s]
2026-06-11 08:58:37 transreid.train INFO: Epoch[94] Iter[50/227] Loss: 0.095, Acc: 0.996, Base Lr: 9.06e-04
2026-06-11 08:58:37 transreid.train INFO: OCCAWARE occ_bce: 0.0275, alpha: 0.0708
2026-06-11 08:58:40 transreid.train INFO: Epoch[94] Iter[100/227] Loss: 0.086, Acc: 0.997, Base Lr: 9.06e-04
2026-06-11 08:58:40 transreid.train INFO: OCCAWARE occ_bce: 0.0275, alpha: 0.0708
2026-06-11 08:58:44 transreid.train INFO: Epoch[94] Iter[150/227] Loss: 0.083, Acc: 0.996, Base Lr: 9.06e-04
2026-06-11 08:58:44 transreid.train INFO: OCCAWARE occ_bce: 0.0276, alpha: 0.0708
2026-06-11 08:58:47 transreid.train INFO: Epoch[94] Iter[200/227] Loss: 0.079, Acc: 0.996, Base Lr: 9.06e-04
2026-06-11 08:58:47 transreid.train INFO: OCCAWARE occ_bce: 0.0276, alpha: 0.0708
2026-06-11 08:58:48 transreid.train INFO: Epoch 94 done. Time per epoch: 15.771[s] Speed: 868.4[samples/s]
2026-06-11 08:58:52 transreid.train INFO: Epoch[95] Iter[50/227] Loss: 0.092, Acc: 0.995, Base Lr: 8.41e-04
2026-06-11 08:58:52 transreid.train INFO: OCCAWARE occ_bce: 0.0274, alpha: 0.0708
2026-06-11 08:58:56 transreid.train INFO: Epoch[95] Iter[100/227] Loss: 0.096, Acc: 0.996, Base Lr: 8.41e-04
2026-06-11 08:58:56 transreid.train INFO: OCCAWARE occ_bce: 0.0273, alpha: 0.0708
2026-06-11 08:59:00 transreid.train INFO: Epoch[95] Iter[150/227] Loss: 0.096, Acc: 0.995, Base Lr: 8.41e-04
2026-06-11 08:59:00 transreid.train INFO: OCCAWARE occ_bce: 0.0272, alpha: 0.0708
2026-06-11 08:59:03 transreid.train INFO: Epoch[95] Iter[200/227] Loss: 0.093, Acc: 0.995, Base Lr: 8.41e-04
2026-06-11 08:59:03 transreid.train INFO: OCCAWARE occ_bce: 0.0271, alpha: 0.0708
2026-06-11 08:59:04 transreid.train INFO: Epoch 95 done. Time per epoch: 15.523[s] Speed: 869.9[samples/s]
2026-06-11 08:59:08 transreid.train INFO: Epoch[96] Iter[50/227] Loss: 0.089, Acc: 0.996, Base Lr: 7.78e-04
2026-06-11 08:59:08 transreid.train INFO: OCCAWARE occ_bce: 0.0280, alpha: 0.0708
2026-06-11 08:59:11 transreid.train INFO: Epoch[96] Iter[100/227] Loss: 0.096, Acc: 0.996, Base Lr: 7.78e-04
2026-06-11 08:59:11 transreid.train INFO: OCCAWARE occ_bce: 0.0276, alpha: 0.0708
2026-06-11 08:59:15 transreid.train INFO: Epoch[96] Iter[150/227] Loss: 0.094, Acc: 0.996, Base Lr: 7.78e-04
2026-06-11 08:59:15 transreid.train INFO: OCCAWARE occ_bce: 0.0278, alpha: 0.0709
2026-06-11 08:59:19 transreid.train INFO: Epoch[96] Iter[200/227] Loss: 0.091, Acc: 0.996, Base Lr: 7.78e-04
2026-06-11 08:59:19 transreid.train INFO: OCCAWARE occ_bce: 0.0276, alpha: 0.0709
2026-06-11 08:59:20 transreid.train INFO: Epoch 96 done. Time per epoch: 15.592[s] Speed: 870.2[samples/s]
2026-06-11 08:59:23 transreid.train INFO: Epoch[97] Iter[50/227] Loss: 0.090, Acc: 0.995, Base Lr: 7.18e-04
2026-06-11 08:59:23 transreid.train INFO: OCCAWARE occ_bce: 0.0259, alpha: 0.0709
2026-06-11 08:59:27 transreid.train INFO: Epoch[97] Iter[100/227] Loss: 0.082, Acc: 0.996, Base Lr: 7.18e-04
2026-06-11 08:59:27 transreid.train INFO: OCCAWARE occ_bce: 0.0265, alpha: 0.0709
2026-06-11 08:59:31 transreid.train INFO: Epoch[97] Iter[150/227] Loss: 0.079, Acc: 0.997, Base Lr: 7.18e-04
2026-06-11 08:59:31 transreid.train INFO: OCCAWARE occ_bce: 0.0266, alpha: 0.0709
2026-06-11 08:59:34 transreid.train INFO: Epoch[97] Iter[200/227] Loss: 0.079, Acc: 0.997, Base Lr: 7.18e-04
2026-06-11 08:59:34 transreid.train INFO: OCCAWARE occ_bce: 0.0266, alpha: 0.0709
2026-06-11 08:59:35 transreid.train INFO: Epoch 97 done. Time per epoch: 15.594[s] Speed: 870.1[samples/s]
2026-06-11 08:59:39 transreid.train INFO: Epoch[98] Iter[50/227] Loss: 0.073, Acc: 0.998, Base Lr: 6.60e-04
2026-06-11 08:59:39 transreid.train INFO: OCCAWARE occ_bce: 0.0276, alpha: 0.0710
2026-06-11 08:59:43 transreid.train INFO: Epoch[98] Iter[100/227] Loss: 0.084, Acc: 0.997, Base Lr: 6.60e-04
2026-06-11 08:59:43 transreid.train INFO: OCCAWARE occ_bce: 0.0273, alpha: 0.0710
2026-06-11 08:59:46 transreid.train INFO: Epoch[98] Iter[150/227] Loss: 0.091, Acc: 0.997, Base Lr: 6.60e-04
2026-06-11 08:59:46 transreid.train INFO: OCCAWARE occ_bce: 0.0272, alpha: 0.0710
2026-06-11 08:59:50 transreid.train INFO: Epoch[98] Iter[200/227] Loss: 0.087, Acc: 0.997, Base Lr: 6.60e-04
2026-06-11 08:59:50 transreid.train INFO: OCCAWARE occ_bce: 0.0273, alpha: 0.0710
2026-06-11 08:59:51 transreid.train INFO: Epoch 98 done. Time per epoch: 15.594[s] Speed: 870.1[samples/s]
2026-06-11 08:59:55 transreid.train INFO: Epoch[99] Iter[50/227] Loss: 0.080, Acc: 0.997, Base Lr: 6.04e-04
2026-06-11 08:59:55 transreid.train INFO: OCCAWARE occ_bce: 0.0274, alpha: 0.0710
2026-06-11 08:59:58 transreid.train INFO: Epoch[99] Iter[100/227] Loss: 0.081, Acc: 0.997, Base Lr: 6.04e-04
2026-06-11 08:59:58 transreid.train INFO: OCCAWARE occ_bce: 0.0264, alpha: 0.0710
2026-06-11 09:00:02 transreid.train INFO: Epoch[99] Iter[150/227] Loss: 0.082, Acc: 0.997, Base Lr: 6.04e-04
2026-06-11 09:00:02 transreid.train INFO: OCCAWARE occ_bce: 0.0265, alpha: 0.0710
2026-06-11 09:00:06 transreid.train INFO: Epoch[99] Iter[200/227] Loss: 0.085, Acc: 0.997, Base Lr: 6.04e-04
2026-06-11 09:00:06 transreid.train INFO: OCCAWARE occ_bce: 0.0266, alpha: 0.0710
2026-06-11 09:00:06 transreid.train INFO: Epoch 99 done. Time per epoch: 15.624[s] Speed: 868.4[samples/s]
2026-06-11 09:00:10 transreid.train INFO: Epoch[100] Iter[50/227] Loss: 0.081, Acc: 0.997, Base Lr: 5.51e-04
2026-06-11 09:00:10 transreid.train INFO: OCCAWARE occ_bce: 0.0269, alpha: 0.0710
2026-06-11 09:00:14 transreid.train INFO: Epoch[100] Iter[100/227] Loss: 0.078, Acc: 0.997, Base Lr: 5.51e-04
2026-06-11 09:00:14 transreid.train INFO: OCCAWARE occ_bce: 0.0271, alpha: 0.0711
2026-06-11 09:00:18 transreid.train INFO: Epoch[100] Iter[150/227] Loss: 0.077, Acc: 0.997, Base Lr: 5.51e-04
2026-06-11 09:00:18 transreid.train INFO: OCCAWARE occ_bce: 0.0265, alpha: 0.0711
2026-06-11 09:00:21 transreid.train INFO: Epoch[100] Iter[200/227] Loss: 0.079, Acc: 0.997, Base Lr: 5.51e-04
2026-06-11 09:00:21 transreid.train INFO: OCCAWARE occ_bce: 0.0269, alpha: 0.0710
2026-06-11 09:00:22 transreid.train INFO: Epoch 100 done. Time per epoch: 15.546[s] Speed: 868.6[samples/s]
2026-06-11 09:00:26 transreid.train INFO: Epoch[101] Iter[50/227] Loss: 0.078, Acc: 0.998, Base Lr: 5.00e-04
2026-06-11 09:00:26 transreid.train INFO: OCCAWARE occ_bce: 0.0268, alpha: 0.0710
2026-06-11 09:00:29 transreid.train INFO: Epoch[101] Iter[100/227] Loss: 0.087, Acc: 0.996, Base Lr: 5.00e-04
2026-06-11 09:00:29 transreid.train INFO: OCCAWARE occ_bce: 0.0270, alpha: 0.0710
2026-06-11 09:00:33 transreid.train INFO: Epoch[101] Iter[150/227] Loss: 0.081, Acc: 0.996, Base Lr: 5.00e-04
2026-06-11 09:00:33 transreid.train INFO: OCCAWARE occ_bce: 0.0270, alpha: 0.0710
2026-06-11 09:00:37 transreid.train INFO: Epoch[101] Iter[200/227] Loss: 0.082, Acc: 0.996, Base Lr: 5.00e-04
2026-06-11 09:00:37 transreid.train INFO: OCCAWARE occ_bce: 0.0272, alpha: 0.0710
2026-06-11 09:00:38 transreid.train INFO: Epoch 101 done. Time per epoch: 15.661[s] Speed: 870.4[samples/s]
2026-06-11 09:00:42 transreid.train INFO: Epoch[102] Iter[50/227] Loss: 0.071, Acc: 0.996, Base Lr: 4.51e-04
2026-06-11 09:00:42 transreid.train INFO: OCCAWARE occ_bce: 0.0266, alpha: 0.0711
2026-06-11 09:00:45 transreid.train INFO: Epoch[102] Iter[100/227] Loss: 0.073, Acc: 0.996, Base Lr: 4.51e-04
2026-06-11 09:00:45 transreid.train INFO: OCCAWARE occ_bce: 0.0270, alpha: 0.0710
2026-06-11 09:00:49 transreid.train INFO: Epoch[102] Iter[150/227] Loss: 0.072, Acc: 0.997, Base Lr: 4.51e-04
2026-06-11 09:00:49 transreid.train INFO: OCCAWARE occ_bce: 0.0269, alpha: 0.0710
2026-06-11 09:00:53 transreid.train INFO: Epoch[102] Iter[200/227] Loss: 0.076, Acc: 0.997, Base Lr: 4.51e-04
2026-06-11 09:00:53 transreid.train INFO: OCCAWARE occ_bce: 0.0269, alpha: 0.0710
2026-06-11 09:00:54 transreid.train INFO: Epoch 102 done. Time per epoch: 15.979[s] Speed: 853.1[samples/s]
2026-06-11 09:00:57 transreid.train INFO: Epoch[103] Iter[50/227] Loss: 0.084, Acc: 0.997, Base Lr: 4.05e-04
2026-06-11 09:00:57 transreid.train INFO: OCCAWARE occ_bce: 0.0273, alpha: 0.0710
2026-06-11 09:01:01 transreid.train INFO: Epoch[103] Iter[100/227] Loss: 0.079, Acc: 0.997, Base Lr: 4.05e-04
2026-06-11 09:01:01 transreid.train INFO: OCCAWARE occ_bce: 0.0274, alpha: 0.0710
2026-06-11 09:01:05 transreid.train INFO: Epoch[103] Iter[150/227] Loss: 0.082, Acc: 0.996, Base Lr: 4.05e-04
2026-06-11 09:01:05 transreid.train INFO: OCCAWARE occ_bce: 0.0272, alpha: 0.0710
2026-06-11 09:01:08 transreid.train INFO: Epoch[103] Iter[200/227] Loss: 0.081, Acc: 0.996, Base Lr: 4.05e-04
2026-06-11 09:01:08 transreid.train INFO: OCCAWARE occ_bce: 0.0271, alpha: 0.0710
2026-06-11 09:01:09 transreid.train INFO: Epoch 103 done. Time per epoch: 15.649[s] Speed: 867.0[samples/s]
2026-06-11 09:01:13 transreid.train INFO: Epoch[104] Iter[50/227] Loss: 0.085, Acc: 0.996, Base Lr: 3.61e-04
2026-06-11 09:01:13 transreid.train INFO: OCCAWARE occ_bce: 0.0267, alpha: 0.0710
2026-06-11 09:01:17 transreid.train INFO: Epoch[104] Iter[100/227] Loss: 0.091, Acc: 0.995, Base Lr: 3.61e-04
2026-06-11 09:01:17 transreid.train INFO: OCCAWARE occ_bce: 0.0266, alpha: 0.0710
2026-06-11 09:01:20 transreid.train INFO: Epoch[104] Iter[150/227] Loss: 0.088, Acc: 0.995, Base Lr: 3.61e-04
2026-06-11 09:01:20 transreid.train INFO: OCCAWARE occ_bce: 0.0268, alpha: 0.0709
2026-06-11 09:01:24 transreid.train INFO: Epoch[104] Iter[200/227] Loss: 0.084, Acc: 0.995, Base Lr: 3.61e-04
2026-06-11 09:01:24 transreid.train INFO: OCCAWARE occ_bce: 0.0271, alpha: 0.0710
2026-06-11 09:01:25 transreid.train INFO: Epoch 104 done. Time per epoch: 15.542[s] Speed: 868.9[samples/s]
2026-06-11 09:01:29 transreid.train INFO: Epoch[105] Iter[50/227] Loss: 0.093, Acc: 0.996, Base Lr: 3.20e-04
2026-06-11 09:01:29 transreid.train INFO: OCCAWARE occ_bce: 0.0272, alpha: 0.0709
2026-06-11 09:01:32 transreid.train INFO: Epoch[105] Iter[100/227] Loss: 0.091, Acc: 0.996, Base Lr: 3.20e-04
2026-06-11 09:01:32 transreid.train INFO: OCCAWARE occ_bce: 0.0275, alpha: 0.0709
2026-06-11 09:01:36 transreid.train INFO: Epoch[105] Iter[150/227] Loss: 0.087, Acc: 0.996, Base Lr: 3.20e-04
2026-06-11 09:01:36 transreid.train INFO: OCCAWARE occ_bce: 0.0274, alpha: 0.0709
2026-06-11 09:01:39 transreid.train INFO: Epoch[105] Iter[200/227] Loss: 0.083, Acc: 0.996, Base Lr: 3.20e-04
2026-06-11 09:01:39 transreid.train INFO: OCCAWARE occ_bce: 0.0275, alpha: 0.0709
2026-06-11 09:01:40 transreid.train INFO: Epoch 105 done. Time per epoch: 15.439[s] Speed: 870.5[samples/s]
2026-06-11 09:01:44 transreid.train INFO: Epoch[106] Iter[50/227] Loss: 0.082, Acc: 0.996, Base Lr: 2.81e-04
2026-06-11 09:01:44 transreid.train INFO: OCCAWARE occ_bce: 0.0281, alpha: 0.0709
2026-06-11 09:01:48 transreid.train INFO: Epoch[106] Iter[100/227] Loss: 0.076, Acc: 0.997, Base Lr: 2.81e-04
2026-06-11 09:01:48 transreid.train INFO: OCCAWARE occ_bce: 0.0271, alpha: 0.0709
2026-06-11 09:01:51 transreid.train INFO: Epoch[106] Iter[150/227] Loss: 0.081, Acc: 0.997, Base Lr: 2.81e-04
2026-06-11 09:01:51 transreid.train INFO: OCCAWARE occ_bce: 0.0270, alpha: 0.0710
2026-06-11 09:01:55 transreid.train INFO: Epoch[106] Iter[200/227] Loss: 0.081, Acc: 0.996, Base Lr: 2.81e-04
2026-06-11 09:01:55 transreid.train INFO: OCCAWARE occ_bce: 0.0271, alpha: 0.0710
2026-06-11 09:01:56 transreid.train INFO: Epoch 106 done. Time per epoch: 15.496[s] Speed: 871.4[samples/s]
2026-06-11 09:02:00 transreid.train INFO: Epoch[107] Iter[50/227] Loss: 0.096, Acc: 0.996, Base Lr: 2.45e-04
2026-06-11 09:02:00 transreid.train INFO: OCCAWARE occ_bce: 0.0278, alpha: 0.0710
2026-06-11 09:02:03 transreid.train INFO: Epoch[107] Iter[100/227] Loss: 0.093, Acc: 0.996, Base Lr: 2.45e-04
2026-06-11 09:02:03 transreid.train INFO: OCCAWARE occ_bce: 0.0274, alpha: 0.0710
2026-06-11 09:02:07 transreid.train INFO: Epoch[107] Iter[150/227] Loss: 0.084, Acc: 0.996, Base Lr: 2.45e-04
2026-06-11 09:02:07 transreid.train INFO: OCCAWARE occ_bce: 0.0272, alpha: 0.0709
2026-06-11 09:02:10 transreid.train INFO: Epoch[107] Iter[200/227] Loss: 0.078, Acc: 0.997, Base Lr: 2.45e-04
2026-06-11 09:02:10 transreid.train INFO: OCCAWARE occ_bce: 0.0274, alpha: 0.0709
2026-06-11 09:02:11 transreid.train INFO: Epoch 107 done. Time per epoch: 15.442[s] Speed: 870.3[samples/s]
2026-06-11 09:02:15 transreid.train INFO: Epoch[108] Iter[50/227] Loss: 0.085, Acc: 0.995, Base Lr: 2.11e-04
2026-06-11 09:02:15 transreid.train INFO: OCCAWARE occ_bce: 0.0270, alpha: 0.0709
2026-06-11 09:02:19 transreid.train INFO: Epoch[108] Iter[100/227] Loss: 0.081, Acc: 0.995, Base Lr: 2.11e-04
2026-06-11 09:02:19 transreid.train INFO: OCCAWARE occ_bce: 0.0268, alpha: 0.0709
2026-06-11 09:02:22 transreid.train INFO: Epoch[108] Iter[150/227] Loss: 0.077, Acc: 0.996, Base Lr: 2.11e-04
2026-06-11 09:02:22 transreid.train INFO: OCCAWARE occ_bce: 0.0268, alpha: 0.0710
2026-06-11 09:02:26 transreid.train INFO: Epoch[108] Iter[200/227] Loss: 0.079, Acc: 0.996, Base Lr: 2.11e-04
2026-06-11 09:02:26 transreid.train INFO: OCCAWARE occ_bce: 0.0270, alpha: 0.0710
2026-06-11 09:02:27 transreid.train INFO: Epoch 108 done. Time per epoch: 15.589[s] Speed: 870.4[samples/s]
2026-06-11 09:02:31 transreid.train INFO: Epoch[109] Iter[50/227] Loss: 0.079, Acc: 0.996, Base Lr: 1.80e-04
2026-06-11 09:02:31 transreid.train INFO: OCCAWARE occ_bce: 0.0276, alpha: 0.0710
2026-06-11 09:02:34 transreid.train INFO: Epoch[109] Iter[100/227] Loss: 0.083, Acc: 0.996, Base Lr: 1.80e-04
2026-06-11 09:02:34 transreid.train INFO: OCCAWARE occ_bce: 0.0271, alpha: 0.0710
2026-06-11 09:02:38 transreid.train INFO: Epoch[109] Iter[150/227] Loss: 0.083, Acc: 0.996, Base Lr: 1.80e-04
2026-06-11 09:02:38 transreid.train INFO: OCCAWARE occ_bce: 0.0271, alpha: 0.0710
2026-06-11 09:02:41 transreid.train INFO: Epoch[109] Iter[200/227] Loss: 0.079, Acc: 0.996, Base Lr: 1.80e-04
2026-06-11 09:02:41 transreid.train INFO: OCCAWARE occ_bce: 0.0271, alpha: 0.0710
2026-06-11 09:02:42 transreid.train INFO: Epoch 109 done. Time per epoch: 15.549[s] Speed: 868.5[samples/s]
2026-06-11 09:02:46 transreid.train INFO: Epoch[110] Iter[50/227] Loss: 0.089, Acc: 0.996, Base Lr: 1.52e-04
2026-06-11 09:02:46 transreid.train INFO: OCCAWARE occ_bce: 0.0259, alpha: 0.0710
2026-06-11 09:02:50 transreid.train INFO: Epoch[110] Iter[100/227] Loss: 0.088, Acc: 0.996, Base Lr: 1.52e-04
2026-06-11 09:02:50 transreid.train INFO: OCCAWARE occ_bce: 0.0270, alpha: 0.0710
2026-06-11 09:02:53 transreid.train INFO: Epoch[110] Iter[150/227] Loss: 0.085, Acc: 0.996, Base Lr: 1.52e-04
2026-06-11 09:02:53 transreid.train INFO: OCCAWARE occ_bce: 0.0269, alpha: 0.0710
2026-06-11 09:02:57 transreid.train INFO: Epoch[110] Iter[200/227] Loss: 0.083, Acc: 0.996, Base Lr: 1.52e-04
2026-06-11 09:02:57 transreid.train INFO: OCCAWARE occ_bce: 0.0272, alpha: 0.0710
2026-06-11 09:02:58 transreid.train INFO: Epoch 110 done. Time per epoch: 15.605[s] Speed: 869.4[samples/s]
2026-06-11 09:03:02 transreid.train INFO: Epoch[111] Iter[50/227] Loss: 0.075, Acc: 0.997, Base Lr: 1.26e-04
2026-06-11 09:03:02 transreid.train INFO: OCCAWARE occ_bce: 0.0282, alpha: 0.0710
2026-06-11 09:03:05 transreid.train INFO: Epoch[111] Iter[100/227] Loss: 0.076, Acc: 0.997, Base Lr: 1.26e-04
2026-06-11 09:03:05 transreid.train INFO: OCCAWARE occ_bce: 0.0279, alpha: 0.0710
2026-06-11 09:03:09 transreid.train INFO: Epoch[111] Iter[150/227] Loss: 0.075, Acc: 0.997, Base Lr: 1.26e-04
2026-06-11 09:03:09 transreid.train INFO: OCCAWARE occ_bce: 0.0273, alpha: 0.0710
2026-06-11 09:03:13 transreid.train INFO: Epoch[111] Iter[200/227] Loss: 0.073, Acc: 0.997, Base Lr: 1.26e-04
2026-06-11 09:03:13 transreid.train INFO: OCCAWARE occ_bce: 0.0271, alpha: 0.0710
2026-06-11 09:03:13 transreid.train INFO: Epoch 111 done. Time per epoch: 15.573[s] Speed: 871.2[samples/s]
2026-06-11 09:03:17 transreid.train INFO: Epoch[112] Iter[50/227] Loss: 0.085, Acc: 0.995, Base Lr: 1.03e-04
2026-06-11 09:03:17 transreid.train INFO: OCCAWARE occ_bce: 0.0278, alpha: 0.0710
2026-06-11 09:03:21 transreid.train INFO: Epoch[112] Iter[100/227] Loss: 0.078, Acc: 0.996, Base Lr: 1.03e-04
2026-06-11 09:03:21 transreid.train INFO: OCCAWARE occ_bce: 0.0274, alpha: 0.0710
2026-06-11 09:03:25 transreid.train INFO: Epoch[112] Iter[150/227] Loss: 0.074, Acc: 0.996, Base Lr: 1.03e-04
2026-06-11 09:03:25 transreid.train INFO: OCCAWARE occ_bce: 0.0268, alpha: 0.0710
2026-06-11 09:03:28 transreid.train INFO: Epoch[112] Iter[200/227] Loss: 0.076, Acc: 0.996, Base Lr: 1.03e-04
2026-06-11 09:03:28 transreid.train INFO: OCCAWARE occ_bce: 0.0268, alpha: 0.0710
2026-06-11 09:03:29 transreid.train INFO: Epoch 112 done. Time per epoch: 15.556[s] Speed: 872.2[samples/s]
2026-06-11 09:03:33 transreid.train INFO: Epoch[113] Iter[50/227] Loss: 0.092, Acc: 0.997, Base Lr: 8.28e-05
2026-06-11 09:03:33 transreid.train INFO: OCCAWARE occ_bce: 0.0262, alpha: 0.0710
2026-06-11 09:03:37 transreid.train INFO: Epoch[113] Iter[100/227] Loss: 0.086, Acc: 0.997, Base Lr: 8.28e-05
2026-06-11 09:03:37 transreid.train INFO: OCCAWARE occ_bce: 0.0263, alpha: 0.0710
2026-06-11 09:03:40 transreid.train INFO: Epoch[113] Iter[150/227] Loss: 0.085, Acc: 0.998, Base Lr: 8.28e-05
2026-06-11 09:03:40 transreid.train INFO: OCCAWARE occ_bce: 0.0268, alpha: 0.0710
2026-06-11 09:03:44 transreid.train INFO: Epoch[113] Iter[200/227] Loss: 0.084, Acc: 0.997, Base Lr: 8.28e-05
2026-06-11 09:03:44 transreid.train INFO: OCCAWARE occ_bce: 0.0271, alpha: 0.0710
2026-06-11 09:03:45 transreid.train INFO: Epoch 113 done. Time per epoch: 15.615[s] Speed: 868.9[samples/s]
2026-06-11 09:03:48 transreid.train INFO: Epoch[114] Iter[50/227] Loss: 0.085, Acc: 0.997, Base Lr: 6.51e-05
2026-06-11 09:03:48 transreid.train INFO: OCCAWARE occ_bce: 0.0263, alpha: 0.0710
2026-06-11 09:03:52 transreid.train INFO: Epoch[114] Iter[100/227] Loss: 0.086, Acc: 0.995, Base Lr: 6.51e-05
2026-06-11 09:03:52 transreid.train INFO: OCCAWARE occ_bce: 0.0270, alpha: 0.0710
2026-06-11 09:03:56 transreid.train INFO: Epoch[114] Iter[150/227] Loss: 0.084, Acc: 0.996, Base Lr: 6.51e-05
2026-06-11 09:03:56 transreid.train INFO: OCCAWARE occ_bce: 0.0273, alpha: 0.0710
2026-06-11 09:03:59 transreid.train INFO: Epoch[114] Iter[200/227] Loss: 0.080, Acc: 0.996, Base Lr: 6.51e-05
2026-06-11 09:03:59 transreid.train INFO: OCCAWARE occ_bce: 0.0272, alpha: 0.0710
2026-06-11 09:04:00 transreid.train INFO: Epoch 114 done. Time per epoch: 15.615[s] Speed: 868.9[samples/s]
2026-06-11 09:04:04 transreid.train INFO: Epoch[115] Iter[50/227] Loss: 0.088, Acc: 0.998, Base Lr: 5.02e-05
2026-06-11 09:04:04 transreid.train INFO: OCCAWARE occ_bce: 0.0278, alpha: 0.0710
2026-06-11 09:04:08 transreid.train INFO: Epoch[115] Iter[100/227] Loss: 0.092, Acc: 0.996, Base Lr: 5.02e-05
2026-06-11 09:04:08 transreid.train INFO: OCCAWARE occ_bce: 0.0274, alpha: 0.0710
2026-06-11 09:04:11 transreid.train INFO: Epoch[115] Iter[150/227] Loss: 0.088, Acc: 0.996, Base Lr: 5.02e-05
2026-06-11 09:04:11 transreid.train INFO: OCCAWARE occ_bce: 0.0275, alpha: 0.0710
2026-06-11 09:04:15 transreid.train INFO: Epoch[115] Iter[200/227] Loss: 0.084, Acc: 0.996, Base Lr: 5.02e-05
2026-06-11 09:04:15 transreid.train INFO: OCCAWARE occ_bce: 0.0273, alpha: 0.0710
2026-06-11 09:04:16 transreid.train INFO: Epoch 115 done. Time per epoch: 15.490[s] Speed: 871.8[samples/s]
2026-06-11 09:04:20 transreid.train INFO: Epoch[116] Iter[50/227] Loss: 0.087, Acc: 0.996, Base Lr: 3.79e-05
2026-06-11 09:04:20 transreid.train INFO: OCCAWARE occ_bce: 0.0271, alpha: 0.0710
2026-06-11 09:04:23 transreid.train INFO: Epoch[116] Iter[100/227] Loss: 0.088, Acc: 0.996, Base Lr: 3.79e-05
2026-06-11 09:04:23 transreid.train INFO: OCCAWARE occ_bce: 0.0270, alpha: 0.0710
2026-06-11 09:04:27 transreid.train INFO: Epoch[116] Iter[150/227] Loss: 0.082, Acc: 0.997, Base Lr: 3.79e-05
2026-06-11 09:04:27 transreid.train INFO: OCCAWARE occ_bce: 0.0269, alpha: 0.0710
2026-06-11 09:04:30 transreid.train INFO: Epoch[116] Iter[200/227] Loss: 0.077, Acc: 0.997, Base Lr: 3.79e-05
2026-06-11 09:04:30 transreid.train INFO: OCCAWARE occ_bce: 0.0269, alpha: 0.0710
2026-06-11 09:04:31 transreid.train INFO: Epoch 116 done. Time per epoch: 15.692[s] Speed: 868.7[samples/s]
2026-06-11 09:04:35 transreid.train INFO: Epoch[117] Iter[50/227] Loss: 0.097, Acc: 0.996, Base Lr: 2.83e-05
2026-06-11 09:04:35 transreid.train INFO: OCCAWARE occ_bce: 0.0261, alpha: 0.0710
2026-06-11 09:04:39 transreid.train INFO: Epoch[117] Iter[100/227] Loss: 0.086, Acc: 0.996, Base Lr: 2.83e-05
2026-06-11 09:04:39 transreid.train INFO: OCCAWARE occ_bce: 0.0260, alpha: 0.0710
2026-06-11 09:04:43 transreid.train INFO: Epoch[117] Iter[150/227] Loss: 0.082, Acc: 0.996, Base Lr: 2.83e-05
2026-06-11 09:04:43 transreid.train INFO: OCCAWARE occ_bce: 0.0260, alpha: 0.0710
2026-06-11 09:04:46 transreid.train INFO: Epoch[117] Iter[200/227] Loss: 0.079, Acc: 0.996, Base Lr: 2.83e-05
2026-06-11 09:04:46 transreid.train INFO: OCCAWARE occ_bce: 0.0261, alpha: 0.0710
2026-06-11 09:04:47 transreid.train INFO: Epoch 117 done. Time per epoch: 15.454[s] Speed: 869.7[samples/s]
2026-06-11 09:04:51 transreid.train INFO: Epoch[118] Iter[50/227] Loss: 0.089, Acc: 0.995, Base Lr: 2.15e-05
2026-06-11 09:04:51 transreid.train INFO: OCCAWARE occ_bce: 0.0271, alpha: 0.0710
2026-06-11 09:04:54 transreid.train INFO: Epoch[118] Iter[100/227] Loss: 0.086, Acc: 0.996, Base Lr: 2.15e-05
2026-06-11 09:04:54 transreid.train INFO: OCCAWARE occ_bce: 0.0272, alpha: 0.0710
2026-06-11 09:04:58 transreid.train INFO: Epoch[118] Iter[150/227] Loss: 0.082, Acc: 0.996, Base Lr: 2.15e-05
2026-06-11 09:04:58 transreid.train INFO: OCCAWARE occ_bce: 0.0270, alpha: 0.0710
2026-06-11 09:05:02 transreid.train INFO: Epoch[118] Iter[200/227] Loss: 0.078, Acc: 0.997, Base Lr: 2.15e-05
2026-06-11 09:05:02 transreid.train INFO: OCCAWARE occ_bce: 0.0270, alpha: 0.0710
2026-06-11 09:05:02 transreid.train INFO: Epoch 118 done. Time per epoch: 15.586[s] Speed: 870.5[samples/s]
2026-06-11 09:05:06 transreid.train INFO: Epoch[119] Iter[50/227] Loss: 0.080, Acc: 0.996, Base Lr: 1.74e-05
2026-06-11 09:05:06 transreid.train INFO: OCCAWARE occ_bce: 0.0271, alpha: 0.0710
2026-06-11 09:05:10 transreid.train INFO: Epoch[119] Iter[100/227] Loss: 0.082, Acc: 0.996, Base Lr: 1.74e-05
2026-06-11 09:05:10 transreid.train INFO: OCCAWARE occ_bce: 0.0268, alpha: 0.0710
2026-06-11 09:05:14 transreid.train INFO: Epoch[119] Iter[150/227] Loss: 0.078, Acc: 0.996, Base Lr: 1.74e-05
2026-06-11 09:05:14 transreid.train INFO: OCCAWARE occ_bce: 0.0265, alpha: 0.0710
2026-06-11 09:05:17 transreid.train INFO: Epoch[119] Iter[200/227] Loss: 0.076, Acc: 0.996, Base Lr: 1.74e-05
2026-06-11 09:05:17 transreid.train INFO: OCCAWARE occ_bce: 0.0267, alpha: 0.0710
2026-06-11 09:05:18 transreid.train INFO: Epoch 119 done. Time per epoch: 15.591[s] Speed: 870.3[samples/s]
2026-06-11 09:05:22 transreid.train INFO: Epoch[120] Iter[50/227] Loss: 0.084, Acc: 0.997, Base Lr: 1.60e-05
2026-06-11 09:05:22 transreid.train INFO: OCCAWARE occ_bce: 0.0266, alpha: 0.0710
2026-06-11 09:05:26 transreid.train INFO: Epoch[120] Iter[100/227] Loss: 0.084, Acc: 0.997, Base Lr: 1.60e-05
2026-06-11 09:05:26 transreid.train INFO: OCCAWARE occ_bce: 0.0271, alpha: 0.0710
2026-06-11 09:05:29 transreid.train INFO: Epoch[120] Iter[150/227] Loss: 0.086, Acc: 0.996, Base Lr: 1.60e-05
2026-06-11 09:05:29 transreid.train INFO: OCCAWARE occ_bce: 0.0271, alpha: 0.0710
2026-06-11 09:05:33 transreid.train INFO: Epoch[120] Iter[200/227] Loss: 0.083, Acc: 0.996, Base Lr: 1.60e-05
2026-06-11 09:05:33 transreid.train INFO: OCCAWARE occ_bce: 0.0273, alpha: 0.0710
2026-06-11 09:05:34 transreid.train INFO: Epoch 120 done. Time per epoch: 15.608[s] Speed: 869.3[samples/s]
/home/afr/reid-clean/SOLIDER-REID/utils/metrics.py:12: UserWarning: This overload of addmm_ is deprecated:
	addmm_(Number beta, Number alpha, Tensor mat1, Tensor mat2)
Consider using one of the following signatures instead:
	addmm_(Tensor mat1, Tensor mat2, *, Number beta = 1, Number alpha = 1) (Triggered internally at /pytorch/torch/csrc/utils/python_arg_parser.cpp:1661.)
  dist_mat.addmm_(1, -2, qf, gf.t())
The test feature is normalized
=> Computing DistMat with euclidean_distance
2026-06-11 09:05:52 transreid.train INFO: Validation Results - Epoch: 120
2026-06-11 09:05:52 transreid.train INFO: mAP: 53.9%
2026-06-11 09:05:52 transreid.train INFO: CMC curve, Rank-1  :61.0%
2026-06-11 09:05:52 transreid.train INFO: CMC curve, Rank-5  :77.5%
2026-06-11 09:05:52 transreid.train INFO: CMC curve, Rank-10 :83.4%
