2026-06-05 10:13:55 transreid INFO: Saving model in the path :/home/afr/reid-clean/SOLIDER-REID/log/occluded_posetrack/exp003_seed2
2026-06-05 10:13:55 transreid INFO: Loaded configuration file configs/occluded_posetrack/swin_tiny_multihyp.yml
2026-06-05 10:13:55 transreid INFO: Running with config:
DATALOADER:
  NUM_INSTANCE: 4
  NUM_WORKERS: 8
  REMOVE_TAIL: 0
  SAMPLER: softmax_triplet
DATASETS:
  NAMES: occluded_posetrack
  ROOT_DIR: /home/afr/reid-clean/data
  ROOT_TRAIN_DIR: ../data
  ROOT_VAL_DIR: ../data
INPUT:
  MIX_PROB: 0.0
  MIX_RATIO_RANGE: [0.3, 0.7]
  MIX_TYPE: both
  PADDING: 10
  PIXEL_MEAN: [0.5, 0.5, 0.5]
  PIXEL_STD: [0.5, 0.5, 0.5]
  PROB: 0.5
  RE_PROB: 0.5
  SIZE_TEST: [384, 128]
  SIZE_TRAIN: [384, 128]
MODEL:
  ATT_DROP_RATE: 0.0
  COS_LAYER: False
  DEVICE: cuda
  DEVICE_ID: 0
  DEVIDE_LENGTH: 4
  DIST_TRAIN: False
  DROPOUT_RATE: 0.0
  DROP_OUT: 0.0
  DROP_PATH: 0.1
  FEAT_DIM: 512
  GEM_POOLING: False
  ID_LOSS_TYPE: softmax
  ID_LOSS_WEIGHT: 1.0
  IF_LABELSMOOTH: off
  IF_WITH_CENTER: no
  JPM: False
  LAST_STRIDE: 1
  METRIC_LOSS_TYPE: triplet
  NAME: transformer
  NECK: bnneck
  NO_MARGIN: True
  PRETRAIN_CHOICE: self
  PRETRAIN_HW_RATIO: 2
  PRETRAIN_PATH: /home/afr/reid-clean/weights/solider_swin_tiny_tea.pth
  REDUCE_FEAT_DIM: False
  RE_ARRANGE: True
  SEMANTIC_WEIGHT: 0.2
  SHIFT_NUM: 5
  SHUFFLE_GROUP: 2
  SIE_CAMERA: False
  SIE_COE: 3.0
  SIE_VIEW: False
  STEM_CONV: False
  STRIDE_SIZE: [16, 16]
  TRANSFORMER_TYPE: swin_tiny_patch4_window7_224
  TRIPLET_LOSS_WEIGHT: 1.0
MULTIHYP:
  ALPHA: 0.1
  BONUS_CAP: 0.15
  DETACH: True
  DIV_W: 0.5
  ENABLED: True
  GATE_SIGMA: 0.3
  GATE_TAU: 1.2
  K: 3
  LOSS_W: 1.0
  NEG_MARGIN: 0.7
  POS_MARGIN: 0.3
  SET_TEMP: 0.1
  UNIQUE_MARGIN: 0.1
OBJGATE:
  ANTI_W: 0.1
  DETACH_SCORE: False
  ENABLED: False
  ENTROPY_MAX: 1000000000.0
  ENTROPY_MIN: 0.0
  FEATMAP_INDEX: -1
  HIDDEN: 192
  LAMBDA_TARGET: 1.0
  LAMBDA_WARMUP_EPOCHS: 10
  MODE: softmax
  SPLIT_W: 1.0
  SUPPRESS_MIN: 0.5
  TAU: 1.0
OUTPUT_DIR: /home/afr/reid-clean/SOLIDER-REID/log/occluded_posetrack/exp003_seed2
SOLVER:
  BASE_LR: 0.0008
  BIAS_LR_FACTOR: 2
  CENTER_LOSS_WEIGHT: 0.0005
  CENTER_LR: 0.5
  CHECKPOINT_PERIOD: 120
  COSINE_MARGIN: 0.5
  COSINE_SCALE: 30
  EVAL_PERIOD: 20
  GAMMA: 0.1
  IMS_PER_BATCH: 64
  LARGE_FC_LR: False
  LOG_PERIOD: 20
  MARGIN: 0.3
  MAX_EPOCHS: 120
  MOMENTUM: 0.9
  OPTIMIZER_NAME: SGD
  SEED: 2
  STEPS: (40, 70)
  TRP_L2: False
  WARMUP_EPOCHS: 20
  WARMUP_FACTOR: 0.01
  WARMUP_METHOD: cosine
  WEIGHT_DECAY: 0.0001
  WEIGHT_DECAY_BIAS: 0.0001
TEST:
  DIST_MAT: dist_mat.npy
  EVAL: True
  FEAT_NORM: yes
  IMS_PER_BATCH: 64
  NECK_FEAT: before
  RE_RANKING: False
  WEIGHT: 
=> Occluded-PoseTrack-ReID loaded
2026-06-05 10:13:55 transreid.check INFO: Dataset statistics:
2026-06-05 10:13:55 transreid.check INFO:   ----------------------------------------
2026-06-05 10:13:55 transreid.check INFO:   subset   | # ids | # images | # cameras
2026-06-05 10:13:55 transreid.check INFO:   ----------------------------------------
2026-06-05 10:13:55 transreid.check INFO:   train    |  1000 |    17898 |       474
2026-06-05 10:13:55 transreid.check INFO:   query    |  1379 |     2581 |         1
2026-06-05 10:13:55 transreid.check INFO:   gallery  |  1411 |    10831 |         1
2026-06-05 10:13:55 transreid.check INFO:   ----------------------------------------
/home/afr/reid-clean/SOLIDER-REID/model/backbones/swin_transformer.py:1162: UserWarning: DeprecationWarning: pretrained is deprecated, please use "init_cfg" instead
  warnings.warn('DeprecationWarning: pretrained is deprecated, '
using img_triplet sampler
using Transformer_type: swin_tiny_patch4_window7_224 as a backbone
unloaded parameters: <All keys matched successfully>
===========building transformer===========
using soft triplet loss for training
2026-06-05 10:13:55 transreid INFO: ===========using cosine learning rate=======
2026-06-05 10:13:55 transreid.train INFO: start training
/home/afr/reid-clean/SOLIDER-REID/processor/processor.py:51: FutureWarning: `torch.cuda.amp.GradScaler(args...)` is deprecated. Please use `torch.amp.GradScaler('cuda', args...)` instead.
  scaler = amp.GradScaler()
/home/afr/reid-clean/SOLIDER-REID/processor/processor.py:78: FutureWarning: `torch.cuda.amp.autocast(args...)` is deprecated. Please use `torch.amp.autocast('cuda', args...)` instead.
  with amp.autocast(enabled=True):
2026-06-05 10:13:58 transreid.train INFO: Epoch[1] Iter[20/275] Loss: 11.142, Acc: 0.002, Base Lr: 4.76e-05
2026-06-05 10:14:00 transreid.train INFO: Epoch[1] Iter[40/275] Loss: 10.781, Acc: 0.002, Base Lr: 4.76e-05
2026-06-05 10:14:02 transreid.train INFO: Epoch[1] Iter[60/275] Loss: 10.094, Acc: 0.002, Base Lr: 4.76e-05
2026-06-05 10:14:04 transreid.train INFO: Epoch[1] Iter[80/275] Loss: 9.691, Acc: 0.002, Base Lr: 4.76e-05
2026-06-05 10:14:06 transreid.train INFO: Epoch[1] Iter[100/275] Loss: 9.420, Acc: 0.001, Base Lr: 4.76e-05
2026-06-05 10:14:08 transreid.train INFO: Epoch[1] Iter[120/275] Loss: 9.221, Acc: 0.002, Base Lr: 4.76e-05
2026-06-05 10:14:10 transreid.train INFO: Epoch[1] Iter[140/275] Loss: 9.078, Acc: 0.001, Base Lr: 4.76e-05
2026-06-05 10:14:13 transreid.train INFO: Epoch[1] Iter[160/275] Loss: 8.957, Acc: 0.002, Base Lr: 4.76e-05
2026-06-05 10:14:15 transreid.train INFO: Epoch[1] Iter[180/275] Loss: 8.891, Acc: 0.002, Base Lr: 4.76e-05
2026-06-05 10:14:17 transreid.train INFO: Epoch[1] Iter[200/275] Loss: 8.818, Acc: 0.002, Base Lr: 4.76e-05
2026-06-05 10:14:19 transreid.train INFO: Epoch[1] Iter[220/275] Loss: 8.751, Acc: 0.002, Base Lr: 4.76e-05
2026-06-05 10:14:21 transreid.train INFO: Epoch[1] Iter[240/275] Loss: 8.705, Acc: 0.002, Base Lr: 4.76e-05
2026-06-05 10:14:23 transreid.train INFO: Epoch[1] Iter[260/275] Loss: 8.663, Acc: 0.002, Base Lr: 4.76e-05
2026-06-05 10:14:24 transreid.train INFO: Epoch 1 done. Time per epoch: 29.169[s] Speed: 601.2[samples/s]
2026-06-05 10:14:27 transreid.train INFO: Epoch[2] Iter[20/275] Loss: 8.101, Acc: 0.002, Base Lr: 8.72e-05
2026-06-05 10:14:29 transreid.train INFO: Epoch[2] Iter[40/275] Loss: 8.300, Acc: 0.004, Base Lr: 8.72e-05
2026-06-05 10:14:31 transreid.train INFO: Epoch[2] Iter[60/275] Loss: 8.305, Acc: 0.005, Base Lr: 8.72e-05
2026-06-05 10:14:33 transreid.train INFO: Epoch[2] Iter[80/275] Loss: 8.340, Acc: 0.005, Base Lr: 8.72e-05
2026-06-05 10:14:35 transreid.train INFO: Epoch[2] Iter[100/275] Loss: 8.273, Acc: 0.006, Base Lr: 8.72e-05
2026-06-05 10:14:37 transreid.train INFO: Epoch[2] Iter[120/275] Loss: 8.249, Acc: 0.008, Base Lr: 8.72e-05
2026-06-05 10:14:39 transreid.train INFO: Epoch[2] Iter[140/275] Loss: 8.208, Acc: 0.011, Base Lr: 8.72e-05
2026-06-05 10:14:41 transreid.train INFO: Epoch[2] Iter[160/275] Loss: 8.196, Acc: 0.012, Base Lr: 8.72e-05
2026-06-05 10:14:43 transreid.train INFO: Epoch[2] Iter[180/275] Loss: 8.173, Acc: 0.014, Base Lr: 8.72e-05
2026-06-05 10:14:46 transreid.train INFO: Epoch[2] Iter[200/275] Loss: 8.146, Acc: 0.016, Base Lr: 8.72e-05
2026-06-05 10:14:48 transreid.train INFO: Epoch[2] Iter[220/275] Loss: 8.124, Acc: 0.018, Base Lr: 8.72e-05
2026-06-05 10:14:50 transreid.train INFO: Epoch[2] Iter[240/275] Loss: 8.102, Acc: 0.019, Base Lr: 8.72e-05
2026-06-05 10:14:52 transreid.train INFO: Epoch[2] Iter[260/275] Loss: 8.075, Acc: 0.021, Base Lr: 8.72e-05
2026-06-05 10:14:53 transreid.train INFO: Epoch 2 done. Time per epoch: 28.847[s] Speed: 607.9[samples/s]
2026-06-05 10:14:56 transreid.train INFO: Epoch[3] Iter[20/275] Loss: 7.947, Acc: 0.087, Base Lr: 1.27e-04
2026-06-05 10:14:58 transreid.train INFO: Epoch[3] Iter[40/275] Loss: 7.923, Acc: 0.096, Base Lr: 1.27e-04
2026-06-05 10:15:00 transreid.train INFO: Epoch[3] Iter[60/275] Loss: 7.885, Acc: 0.109, Base Lr: 1.27e-04
2026-06-05 10:15:02 transreid.train INFO: Epoch[3] Iter[80/275] Loss: 7.872, Acc: 0.129, Base Lr: 1.27e-04
2026-06-05 10:15:04 transreid.train INFO: Epoch[3] Iter[100/275] Loss: 7.845, Acc: 0.140, Base Lr: 1.27e-04
2026-06-05 10:15:06 transreid.train INFO: Epoch[3] Iter[120/275] Loss: 7.823, Acc: 0.154, Base Lr: 1.27e-04
2026-06-05 10:15:08 transreid.train INFO: Epoch[3] Iter[140/275] Loss: 7.817, Acc: 0.166, Base Lr: 1.27e-04
2026-06-05 10:15:10 transreid.train INFO: Epoch[3] Iter[160/275] Loss: 7.807, Acc: 0.182, Base Lr: 1.27e-04
2026-06-05 10:15:12 transreid.train INFO: Epoch[3] Iter[180/275] Loss: 7.790, Acc: 0.196, Base Lr: 1.27e-04
2026-06-05 10:15:14 transreid.train INFO: Epoch[3] Iter[200/275] Loss: 7.777, Acc: 0.206, Base Lr: 1.27e-04
2026-06-05 10:15:16 transreid.train INFO: Epoch[3] Iter[220/275] Loss: 7.767, Acc: 0.214, Base Lr: 1.27e-04
2026-06-05 10:15:19 transreid.train INFO: Epoch[3] Iter[240/275] Loss: 7.757, Acc: 0.222, Base Lr: 1.27e-04
2026-06-05 10:15:21 transreid.train INFO: Epoch[3] Iter[260/275] Loss: 7.739, Acc: 0.230, Base Lr: 1.27e-04
2026-06-05 10:15:22 transreid.train INFO: Epoch 3 done. Time per epoch: 28.728[s] Speed: 608.2[samples/s]
2026-06-05 10:15:24 transreid.train INFO: Epoch[4] Iter[20/275] Loss: 7.463, Acc: 0.499, Base Lr: 1.66e-04
2026-06-05 10:15:26 transreid.train INFO: Epoch[4] Iter[40/275] Loss: 7.516, Acc: 0.506, Base Lr: 1.66e-04
2026-06-05 10:15:29 transreid.train INFO: Epoch[4] Iter[60/275] Loss: 7.501, Acc: 0.519, Base Lr: 1.66e-04
2026-06-05 10:15:31 transreid.train INFO: Epoch[4] Iter[80/275] Loss: 7.490, Acc: 0.531, Base Lr: 1.66e-04
2026-06-05 10:15:33 transreid.train INFO: Epoch[4] Iter[100/275] Loss: 7.505, Acc: 0.535, Base Lr: 1.66e-04
2026-06-05 10:15:35 transreid.train INFO: Epoch[4] Iter[120/275] Loss: 7.524, Acc: 0.535, Base Lr: 1.66e-04
2026-06-05 10:15:37 transreid.train INFO: Epoch[4] Iter[140/275] Loss: 7.527, Acc: 0.539, Base Lr: 1.66e-04
2026-06-05 10:15:39 transreid.train INFO: Epoch[4] Iter[160/275] Loss: 7.516, Acc: 0.542, Base Lr: 1.66e-04
2026-06-05 10:15:41 transreid.train INFO: Epoch[4] Iter[180/275] Loss: 7.514, Acc: 0.542, Base Lr: 1.66e-04
2026-06-05 10:15:43 transreid.train INFO: Epoch[4] Iter[200/275] Loss: 7.522, Acc: 0.544, Base Lr: 1.66e-04
2026-06-05 10:15:45 transreid.train INFO: Epoch[4] Iter[220/275] Loss: 7.514, Acc: 0.547, Base Lr: 1.66e-04
2026-06-05 10:15:47 transreid.train INFO: Epoch[4] Iter[240/275] Loss: 7.515, Acc: 0.545, Base Lr: 1.66e-04
2026-06-05 10:15:49 transreid.train INFO: Epoch[4] Iter[260/275] Loss: 7.504, Acc: 0.546, Base Lr: 1.66e-04
2026-06-05 10:15:51 transreid.train INFO: Epoch 4 done. Time per epoch: 28.733[s] Speed: 608.1[samples/s]
2026-06-05 10:15:53 transreid.train INFO: Epoch[5] Iter[20/275] Loss: 7.367, Acc: 0.648, Base Lr: 2.06e-04
2026-06-05 10:15:55 transreid.train INFO: Epoch[5] Iter[40/275] Loss: 7.385, Acc: 0.656, Base Lr: 2.06e-04
2026-06-05 10:15:57 transreid.train INFO: Epoch[5] Iter[60/275] Loss: 7.393, Acc: 0.682, Base Lr: 2.06e-04
2026-06-05 10:15:59 transreid.train INFO: Epoch[5] Iter[80/275] Loss: 7.358, Acc: 0.693, Base Lr: 2.06e-04
2026-06-05 10:16:01 transreid.train INFO: Epoch[5] Iter[100/275] Loss: 7.347, Acc: 0.695, Base Lr: 2.06e-04
2026-06-05 10:16:04 transreid.train INFO: Epoch[5] Iter[120/275] Loss: 7.327, Acc: 0.700, Base Lr: 2.06e-04
2026-06-05 10:16:06 transreid.train INFO: Epoch[5] Iter[140/275] Loss: 7.322, Acc: 0.703, Base Lr: 2.06e-04
2026-06-05 10:16:08 transreid.train INFO: Epoch[5] Iter[160/275] Loss: 7.304, Acc: 0.708, Base Lr: 2.06e-04
2026-06-05 10:16:10 transreid.train INFO: Epoch[5] Iter[180/275] Loss: 7.288, Acc: 0.709, Base Lr: 2.06e-04
2026-06-05 10:16:12 transreid.train INFO: Epoch[5] Iter[200/275] Loss: 7.284, Acc: 0.708, Base Lr: 2.06e-04
2026-06-05 10:16:14 transreid.train INFO: Epoch[5] Iter[220/275] Loss: 7.275, Acc: 0.708, Base Lr: 2.06e-04
2026-06-05 10:16:16 transreid.train INFO: Epoch[5] Iter[240/275] Loss: 7.259, Acc: 0.707, Base Lr: 2.06e-04
2026-06-05 10:16:18 transreid.train INFO: Epoch[5] Iter[260/275] Loss: 7.249, Acc: 0.708, Base Lr: 2.06e-04
2026-06-05 10:16:20 transreid.train INFO: Epoch 5 done. Time per epoch: 28.728[s] Speed: 608.2[samples/s]
2026-06-05 10:16:22 transreid.train INFO: Epoch[6] Iter[20/275] Loss: 7.120, Acc: 0.747, Base Lr: 2.46e-04
2026-06-05 10:16:24 transreid.train INFO: Epoch[6] Iter[40/275] Loss: 7.123, Acc: 0.730, Base Lr: 2.46e-04
2026-06-05 10:16:26 transreid.train INFO: Epoch[6] Iter[60/275] Loss: 7.127, Acc: 0.742, Base Lr: 2.46e-04
2026-06-05 10:16:28 transreid.train INFO: Epoch[6] Iter[80/275] Loss: 7.130, Acc: 0.744, Base Lr: 2.46e-04
2026-06-05 10:16:30 transreid.train INFO: Epoch[6] Iter[100/275] Loss: 7.160, Acc: 0.743, Base Lr: 2.46e-04
2026-06-05 10:16:32 transreid.train INFO: Epoch[6] Iter[120/275] Loss: 7.139, Acc: 0.748, Base Lr: 2.46e-04
2026-06-05 10:16:34 transreid.train INFO: Epoch[6] Iter[140/275] Loss: 7.125, Acc: 0.745, Base Lr: 2.46e-04
2026-06-05 10:16:36 transreid.train INFO: Epoch[6] Iter[160/275] Loss: 7.115, Acc: 0.748, Base Lr: 2.46e-04
2026-06-05 10:16:39 transreid.train INFO: Epoch[6] Iter[180/275] Loss: 7.099, Acc: 0.751, Base Lr: 2.46e-04
2026-06-05 10:16:41 transreid.train INFO: Epoch[6] Iter[200/275] Loss: 7.084, Acc: 0.750, Base Lr: 2.46e-04
2026-06-05 10:16:43 transreid.train INFO: Epoch[6] Iter[220/275] Loss: 7.070, Acc: 0.751, Base Lr: 2.46e-04
2026-06-05 10:16:45 transreid.train INFO: Epoch[6] Iter[240/275] Loss: 7.056, Acc: 0.754, Base Lr: 2.46e-04
2026-06-05 10:16:47 transreid.train INFO: Epoch[6] Iter[260/275] Loss: 7.046, Acc: 0.755, Base Lr: 2.46e-04
2026-06-05 10:16:48 transreid.train INFO: Epoch 6 done. Time per epoch: 28.759[s] Speed: 607.5[samples/s]
2026-06-05 10:16:51 transreid.train INFO: Epoch[7] Iter[20/275] Loss: 6.785, Acc: 0.753, Base Lr: 2.85e-04
2026-06-05 10:16:53 transreid.train INFO: Epoch[7] Iter[40/275] Loss: 6.784, Acc: 0.762, Base Lr: 2.85e-04
2026-06-05 10:16:55 transreid.train INFO: Epoch[7] Iter[60/275] Loss: 6.790, Acc: 0.765, Base Lr: 2.85e-04
2026-06-05 10:16:57 transreid.train INFO: Epoch[7] Iter[80/275] Loss: 6.790, Acc: 0.760, Base Lr: 2.85e-04
2026-06-05 10:16:59 transreid.train INFO: Epoch[7] Iter[100/275] Loss: 6.791, Acc: 0.766, Base Lr: 2.85e-04
2026-06-05 10:17:01 transreid.train INFO: Epoch[7] Iter[120/275] Loss: 6.774, Acc: 0.771, Base Lr: 2.85e-04
2026-06-05 10:17:03 transreid.train INFO: Epoch[7] Iter[140/275] Loss: 6.760, Acc: 0.772, Base Lr: 2.85e-04
2026-06-05 10:17:05 transreid.train INFO: Epoch[7] Iter[160/275] Loss: 6.744, Acc: 0.775, Base Lr: 2.85e-04
2026-06-05 10:17:07 transreid.train INFO: Epoch[7] Iter[180/275] Loss: 6.727, Acc: 0.778, Base Lr: 2.85e-04
2026-06-05 10:17:09 transreid.train INFO: Epoch[7] Iter[200/275] Loss: 6.712, Acc: 0.778, Base Lr: 2.85e-04
2026-06-05 10:17:11 transreid.train INFO: Epoch[7] Iter[220/275] Loss: 6.694, Acc: 0.781, Base Lr: 2.85e-04
2026-06-05 10:17:14 transreid.train INFO: Epoch[7] Iter[240/275] Loss: 6.679, Acc: 0.783, Base Lr: 2.85e-04
2026-06-05 10:17:16 transreid.train INFO: Epoch[7] Iter[260/275] Loss: 6.663, Acc: 0.784, Base Lr: 2.85e-04
2026-06-05 10:17:17 transreid.train INFO: Epoch 7 done. Time per epoch: 28.762[s] Speed: 607.5[samples/s]
2026-06-05 10:17:19 transreid.train INFO: Epoch[8] Iter[20/275] Loss: 6.478, Acc: 0.812, Base Lr: 3.25e-04
2026-06-05 10:17:21 transreid.train INFO: Epoch[8] Iter[40/275] Loss: 6.427, Acc: 0.801, Base Lr: 3.25e-04
2026-06-05 10:17:24 transreid.train INFO: Epoch[8] Iter[60/275] Loss: 6.412, Acc: 0.811, Base Lr: 3.25e-04
2026-06-05 10:17:26 transreid.train INFO: Epoch[8] Iter[80/275] Loss: 6.411, Acc: 0.804, Base Lr: 3.25e-04
2026-06-05 10:17:28 transreid.train INFO: Epoch[8] Iter[100/275] Loss: 6.403, Acc: 0.805, Base Lr: 3.25e-04
2026-06-05 10:17:30 transreid.train INFO: Epoch[8] Iter[120/275] Loss: 6.384, Acc: 0.809, Base Lr: 3.25e-04
2026-06-05 10:17:32 transreid.train INFO: Epoch[8] Iter[140/275] Loss: 6.366, Acc: 0.812, Base Lr: 3.25e-04
2026-06-05 10:17:34 transreid.train INFO: Epoch[8] Iter[160/275] Loss: 6.347, Acc: 0.811, Base Lr: 3.25e-04
2026-06-05 10:17:36 transreid.train INFO: Epoch[8] Iter[180/275] Loss: 6.337, Acc: 0.810, Base Lr: 3.25e-04
2026-06-05 10:17:38 transreid.train INFO: Epoch[8] Iter[200/275] Loss: 6.325, Acc: 0.812, Base Lr: 3.25e-04
2026-06-05 10:17:40 transreid.train INFO: Epoch[8] Iter[220/275] Loss: 6.311, Acc: 0.810, Base Lr: 3.25e-04
2026-06-05 10:17:42 transreid.train INFO: Epoch[8] Iter[240/275] Loss: 6.298, Acc: 0.810, Base Lr: 3.25e-04
2026-06-05 10:17:44 transreid.train INFO: Epoch[8] Iter[260/275] Loss: 6.292, Acc: 0.808, Base Lr: 3.25e-04
2026-06-05 10:17:46 transreid.train INFO: Epoch 8 done. Time per epoch: 28.774[s] Speed: 607.2[samples/s]
2026-06-05 10:17:48 transreid.train INFO: Epoch[9] Iter[20/275] Loss: 6.110, Acc: 0.795, Base Lr: 3.64e-04
2026-06-05 10:17:50 transreid.train INFO: Epoch[9] Iter[40/275] Loss: 6.107, Acc: 0.787, Base Lr: 3.64e-04
2026-06-05 10:17:52 transreid.train INFO: Epoch[9] Iter[60/275] Loss: 6.084, Acc: 0.787, Base Lr: 3.64e-04
2026-06-05 10:17:54 transreid.train INFO: Epoch[9] Iter[80/275] Loss: 6.043, Acc: 0.790, Base Lr: 3.64e-04
2026-06-05 10:17:57 transreid.train INFO: Epoch[9] Iter[100/275] Loss: 6.025, Acc: 0.801, Base Lr: 3.64e-04
2026-06-05 10:17:59 transreid.train INFO: Epoch[9] Iter[120/275] Loss: 6.004, Acc: 0.802, Base Lr: 3.64e-04
2026-06-05 10:18:01 transreid.train INFO: Epoch[9] Iter[140/275] Loss: 5.979, Acc: 0.805, Base Lr: 3.64e-04
2026-06-05 10:18:03 transreid.train INFO: Epoch[9] Iter[160/275] Loss: 5.954, Acc: 0.809, Base Lr: 3.64e-04
2026-06-05 10:18:05 transreid.train INFO: Epoch[9] Iter[180/275] Loss: 5.932, Acc: 0.809, Base Lr: 3.64e-04
2026-06-05 10:18:07 transreid.train INFO: Epoch[9] Iter[200/275] Loss: 5.914, Acc: 0.806, Base Lr: 3.64e-04
2026-06-05 10:18:09 transreid.train INFO: Epoch[9] Iter[220/275] Loss: 5.893, Acc: 0.809, Base Lr: 3.64e-04
2026-06-05 10:18:11 transreid.train INFO: Epoch[9] Iter[240/275] Loss: 5.881, Acc: 0.812, Base Lr: 3.64e-04
2026-06-05 10:18:13 transreid.train INFO: Epoch[9] Iter[260/275] Loss: 5.866, Acc: 0.813, Base Lr: 3.64e-04
2026-06-05 10:18:15 transreid.train INFO: Epoch 9 done. Time per epoch: 28.914[s] Speed: 606.5[samples/s]
2026-06-05 10:18:17 transreid.train INFO: Epoch[10] Iter[20/275] Loss: 5.567, Acc: 0.798, Base Lr: 4.04e-04
2026-06-05 10:18:19 transreid.train INFO: Epoch[10] Iter[40/275] Loss: 5.567, Acc: 0.799, Base Lr: 4.04e-04
2026-06-05 10:18:21 transreid.train INFO: Epoch[10] Iter[60/275] Loss: 5.543, Acc: 0.801, Base Lr: 4.04e-04
2026-06-05 10:18:23 transreid.train INFO: Epoch[10] Iter[80/275] Loss: 5.519, Acc: 0.804, Base Lr: 4.04e-04
2026-06-05 10:18:25 transreid.train INFO: Epoch[10] Iter[100/275] Loss: 5.491, Acc: 0.808, Base Lr: 4.04e-04
2026-06-05 10:18:27 transreid.train INFO: Epoch[10] Iter[120/275] Loss: 5.468, Acc: 0.809, Base Lr: 4.04e-04
2026-06-05 10:18:30 transreid.train INFO: Epoch[10] Iter[140/275] Loss: 5.451, Acc: 0.806, Base Lr: 4.04e-04
2026-06-05 10:18:32 transreid.train INFO: Epoch[10] Iter[160/275] Loss: 5.429, Acc: 0.811, Base Lr: 4.04e-04
2026-06-05 10:18:34 transreid.train INFO: Epoch[10] Iter[180/275] Loss: 5.417, Acc: 0.813, Base Lr: 4.04e-04
2026-06-05 10:18:36 transreid.train INFO: Epoch[10] Iter[200/275] Loss: 5.400, Acc: 0.819, Base Lr: 4.04e-04
2026-06-05 10:18:38 transreid.train INFO: Epoch[10] Iter[220/275] Loss: 5.385, Acc: 0.822, Base Lr: 4.04e-04
2026-06-05 10:18:40 transreid.train INFO: Epoch[10] Iter[240/275] Loss: 5.373, Acc: 0.824, Base Lr: 4.04e-04
2026-06-05 10:18:42 transreid.train INFO: Epoch[10] Iter[260/275] Loss: 5.356, Acc: 0.826, Base Lr: 4.04e-04
2026-06-05 10:18:43 transreid.train INFO: Epoch 10 done. Time per epoch: 28.759[s] Speed: 607.5[samples/s]
2026-06-05 10:18:46 transreid.train INFO: Epoch[11] Iter[20/275] Loss: 5.156, Acc: 0.825, Base Lr: 4.44e-04
2026-06-05 10:18:48 transreid.train INFO: Epoch[11] Iter[40/275] Loss: 5.151, Acc: 0.819, Base Lr: 4.44e-04
2026-06-05 10:18:50 transreid.train INFO: Epoch[11] Iter[60/275] Loss: 5.095, Acc: 0.820, Base Lr: 4.44e-04
2026-06-05 10:18:52 transreid.train INFO: Epoch[11] Iter[80/275] Loss: 5.065, Acc: 0.815, Base Lr: 4.44e-04
2026-06-05 10:18:54 transreid.train INFO: Epoch[11] Iter[100/275] Loss: 5.043, Acc: 0.816, Base Lr: 4.44e-04
2026-06-05 10:18:56 transreid.train INFO: Epoch[11] Iter[120/275] Loss: 5.031, Acc: 0.820, Base Lr: 4.44e-04
2026-06-05 10:18:58 transreid.train INFO: Epoch[11] Iter[140/275] Loss: 4.995, Acc: 0.828, Base Lr: 4.44e-04
2026-06-05 10:19:00 transreid.train INFO: Epoch[11] Iter[160/275] Loss: 4.954, Acc: 0.834, Base Lr: 4.44e-04
2026-06-05 10:19:02 transreid.train INFO: Epoch[11] Iter[180/275] Loss: 4.920, Acc: 0.837, Base Lr: 4.44e-04
2026-06-05 10:19:05 transreid.train INFO: Epoch[11] Iter[200/275] Loss: 4.894, Acc: 0.838, Base Lr: 4.44e-04
2026-06-05 10:19:07 transreid.train INFO: Epoch[11] Iter[220/275] Loss: 4.876, Acc: 0.838, Base Lr: 4.44e-04
2026-06-05 10:19:09 transreid.train INFO: Epoch[11] Iter[240/275] Loss: 4.856, Acc: 0.840, Base Lr: 4.44e-04
2026-06-05 10:19:11 transreid.train INFO: Epoch[11] Iter[260/275] Loss: 4.847, Acc: 0.841, Base Lr: 4.44e-04
2026-06-05 10:19:12 transreid.train INFO: Epoch 11 done. Time per epoch: 28.860[s] Speed: 607.6[samples/s]
2026-06-05 10:19:15 transreid.train INFO: Epoch[12] Iter[20/275] Loss: 4.777, Acc: 0.794, Base Lr: 4.83e-04
2026-06-05 10:19:17 transreid.train INFO: Epoch[12] Iter[40/275] Loss: 4.711, Acc: 0.802, Base Lr: 4.83e-04
2026-06-05 10:19:19 transreid.train INFO: Epoch[12] Iter[60/275] Loss: 4.650, Acc: 0.806, Base Lr: 4.83e-04
2026-06-05 10:19:21 transreid.train INFO: Epoch[12] Iter[80/275] Loss: 4.610, Acc: 0.813, Base Lr: 4.83e-04
2026-06-05 10:19:23 transreid.train INFO: Epoch[12] Iter[100/275] Loss: 4.571, Acc: 0.819, Base Lr: 4.83e-04
2026-06-05 10:19:25 transreid.train INFO: Epoch[12] Iter[120/275] Loss: 4.531, Acc: 0.828, Base Lr: 4.83e-04
2026-06-05 10:19:27 transreid.train INFO: Epoch[12] Iter[140/275] Loss: 4.491, Acc: 0.834, Base Lr: 4.83e-04
2026-06-05 10:19:29 transreid.train INFO: Epoch[12] Iter[160/275] Loss: 4.451, Acc: 0.837, Base Lr: 4.83e-04
2026-06-05 10:19:31 transreid.train INFO: Epoch[12] Iter[180/275] Loss: 4.417, Acc: 0.842, Base Lr: 4.83e-04
2026-06-05 10:19:33 transreid.train INFO: Epoch[12] Iter[200/275] Loss: 4.388, Acc: 0.847, Base Lr: 4.83e-04
2026-06-05 10:19:36 transreid.train INFO: Epoch[12] Iter[220/275] Loss: 4.361, Acc: 0.850, Base Lr: 4.83e-04
2026-06-05 10:19:38 transreid.train INFO: Epoch[12] Iter[240/275] Loss: 4.333, Acc: 0.853, Base Lr: 4.83e-04
2026-06-05 10:19:40 transreid.train INFO: Epoch[12] Iter[260/275] Loss: 4.304, Acc: 0.858, Base Lr: 4.83e-04
2026-06-05 10:19:41 transreid.train INFO: Epoch 12 done. Time per epoch: 28.794[s] Speed: 606.8[samples/s]
2026-06-05 10:19:43 transreid.train INFO: Epoch[13] Iter[20/275] Loss: 4.173, Acc: 0.776, Base Lr: 5.23e-04
2026-06-05 10:19:46 transreid.train INFO: Epoch[13] Iter[40/275] Loss: 4.116, Acc: 0.795, Base Lr: 5.23e-04
2026-06-05 10:19:48 transreid.train INFO: Epoch[13] Iter[60/275] Loss: 4.093, Acc: 0.812, Base Lr: 5.23e-04
2026-06-05 10:19:50 transreid.train INFO: Epoch[13] Iter[80/275] Loss: 4.052, Acc: 0.815, Base Lr: 5.23e-04
2026-06-05 10:19:52 transreid.train INFO: Epoch[13] Iter[100/275] Loss: 4.006, Acc: 0.826, Base Lr: 5.23e-04
2026-06-05 10:19:54 transreid.train INFO: Epoch[13] Iter[120/275] Loss: 3.960, Acc: 0.833, Base Lr: 5.23e-04
2026-06-05 10:19:56 transreid.train INFO: Epoch[13] Iter[140/275] Loss: 3.914, Acc: 0.839, Base Lr: 5.23e-04
2026-06-05 10:19:58 transreid.train INFO: Epoch[13] Iter[160/275] Loss: 3.874, Acc: 0.843, Base Lr: 5.23e-04
2026-06-05 10:20:00 transreid.train INFO: Epoch[13] Iter[180/275] Loss: 3.841, Acc: 0.848, Base Lr: 5.23e-04
2026-06-05 10:20:02 transreid.train INFO: Epoch[13] Iter[200/275] Loss: 3.805, Acc: 0.852, Base Lr: 5.23e-04
2026-06-05 10:20:04 transreid.train INFO: Epoch[13] Iter[220/275] Loss: 3.773, Acc: 0.856, Base Lr: 5.23e-04
2026-06-05 10:20:06 transreid.train INFO: Epoch[13] Iter[240/275] Loss: 3.740, Acc: 0.863, Base Lr: 5.23e-04
2026-06-05 10:20:09 transreid.train INFO: Epoch[13] Iter[260/275] Loss: 3.716, Acc: 0.867, Base Lr: 5.23e-04
2026-06-05 10:20:10 transreid.train INFO: Epoch 13 done. Time per epoch: 28.760[s] Speed: 607.5[samples/s]
2026-06-05 10:20:12 transreid.train INFO: Epoch[14] Iter[20/275] Loss: 3.710, Acc: 0.802, Base Lr: 5.62e-04
2026-06-05 10:20:14 transreid.train INFO: Epoch[14] Iter[40/275] Loss: 3.652, Acc: 0.809, Base Lr: 5.62e-04
2026-06-05 10:20:16 transreid.train INFO: Epoch[14] Iter[60/275] Loss: 3.548, Acc: 0.830, Base Lr: 5.62e-04
2026-06-05 10:20:18 transreid.train INFO: Epoch[14] Iter[80/275] Loss: 3.519, Acc: 0.832, Base Lr: 5.62e-04
2026-06-05 10:20:21 transreid.train INFO: Epoch[14] Iter[100/275] Loss: 3.470, Acc: 0.845, Base Lr: 5.62e-04
2026-06-05 10:20:23 transreid.train INFO: Epoch[14] Iter[120/275] Loss: 3.430, Acc: 0.849, Base Lr: 5.62e-04
2026-06-05 10:20:25 transreid.train INFO: Epoch[14] Iter[140/275] Loss: 3.380, Acc: 0.857, Base Lr: 5.62e-04
2026-06-05 10:20:27 transreid.train INFO: Epoch[14] Iter[160/275] Loss: 3.343, Acc: 0.861, Base Lr: 5.62e-04
2026-06-05 10:20:29 transreid.train INFO: Epoch[14] Iter[180/275] Loss: 3.299, Acc: 0.869, Base Lr: 5.62e-04
2026-06-05 10:20:31 transreid.train INFO: Epoch[14] Iter[200/275] Loss: 3.272, Acc: 0.873, Base Lr: 5.62e-04
2026-06-05 10:20:33 transreid.train INFO: Epoch[14] Iter[220/275] Loss: 3.248, Acc: 0.876, Base Lr: 5.62e-04
2026-06-05 10:20:35 transreid.train INFO: Epoch[14] Iter[240/275] Loss: 3.219, Acc: 0.881, Base Lr: 5.62e-04
2026-06-05 10:20:37 transreid.train INFO: Epoch[14] Iter[260/275] Loss: 3.199, Acc: 0.884, Base Lr: 5.62e-04
2026-06-05 10:20:39 transreid.train INFO: Epoch 14 done. Time per epoch: 28.884[s] Speed: 607.1[samples/s]
2026-06-05 10:20:41 transreid.train INFO: Epoch[15] Iter[20/275] Loss: 3.182, Acc: 0.827, Base Lr: 6.02e-04
2026-06-05 10:20:43 transreid.train INFO: Epoch[15] Iter[40/275] Loss: 3.180, Acc: 0.816, Base Lr: 6.02e-04
2026-06-05 10:20:45 transreid.train INFO: Epoch[15] Iter[60/275] Loss: 3.073, Acc: 0.838, Base Lr: 6.02e-04
2026-06-05 10:20:47 transreid.train INFO: Epoch[15] Iter[80/275] Loss: 2.999, Acc: 0.849, Base Lr: 6.02e-04
2026-06-05 10:20:49 transreid.train INFO: Epoch[15] Iter[100/275] Loss: 2.940, Acc: 0.858, Base Lr: 6.02e-04
2026-06-05 10:20:52 transreid.train INFO: Epoch[15] Iter[120/275] Loss: 2.894, Acc: 0.863, Base Lr: 6.02e-04
2026-06-05 10:20:54 transreid.train INFO: Epoch[15] Iter[140/275] Loss: 2.851, Acc: 0.868, Base Lr: 6.02e-04
2026-06-05 10:20:56 transreid.train INFO: Epoch[15] Iter[160/275] Loss: 2.814, Acc: 0.872, Base Lr: 6.02e-04
2026-06-05 10:20:58 transreid.train INFO: Epoch[15] Iter[180/275] Loss: 2.780, Acc: 0.878, Base Lr: 6.02e-04
2026-06-05 10:21:00 transreid.train INFO: Epoch[15] Iter[200/275] Loss: 2.746, Acc: 0.882, Base Lr: 6.02e-04
2026-06-05 10:21:02 transreid.train INFO: Epoch[15] Iter[220/275] Loss: 2.717, Acc: 0.885, Base Lr: 6.02e-04
2026-06-05 10:21:04 transreid.train INFO: Epoch[15] Iter[240/275] Loss: 2.688, Acc: 0.889, Base Lr: 6.02e-04
2026-06-05 10:21:06 transreid.train INFO: Epoch[15] Iter[260/275] Loss: 2.669, Acc: 0.892, Base Lr: 6.02e-04
2026-06-05 10:21:08 transreid.train INFO: Epoch 15 done. Time per epoch: 28.873[s] Speed: 607.4[samples/s]
2026-06-05 10:21:10 transreid.train INFO: Epoch[16] Iter[20/275] Loss: 2.678, Acc: 0.859, Base Lr: 6.42e-04
2026-06-05 10:21:12 transreid.train INFO: Epoch[16] Iter[40/275] Loss: 2.630, Acc: 0.860, Base Lr: 6.42e-04
2026-06-05 10:21:14 transreid.train INFO: Epoch[16] Iter[60/275] Loss: 2.591, Acc: 0.865, Base Lr: 6.42e-04
2026-06-05 10:21:16 transreid.train INFO: Epoch[16] Iter[80/275] Loss: 2.591, Acc: 0.861, Base Lr: 6.42e-04
2026-06-05 10:21:18 transreid.train INFO: Epoch[16] Iter[100/275] Loss: 2.549, Acc: 0.865, Base Lr: 6.42e-04
2026-06-05 10:21:20 transreid.train INFO: Epoch[16] Iter[120/275] Loss: 2.502, Acc: 0.872, Base Lr: 6.42e-04
2026-06-05 10:21:22 transreid.train INFO: Epoch[16] Iter[140/275] Loss: 2.470, Acc: 0.878, Base Lr: 6.42e-04
2026-06-05 10:21:25 transreid.train INFO: Epoch[16] Iter[160/275] Loss: 2.436, Acc: 0.884, Base Lr: 6.42e-04
2026-06-05 10:21:27 transreid.train INFO: Epoch[16] Iter[180/275] Loss: 2.403, Acc: 0.888, Base Lr: 6.42e-04
2026-06-05 10:21:29 transreid.train INFO: Epoch[16] Iter[200/275] Loss: 2.366, Acc: 0.893, Base Lr: 6.42e-04
2026-06-05 10:21:31 transreid.train INFO: Epoch[16] Iter[220/275] Loss: 2.334, Acc: 0.896, Base Lr: 6.42e-04
2026-06-05 10:21:33 transreid.train INFO: Epoch[16] Iter[240/275] Loss: 2.302, Acc: 0.901, Base Lr: 6.42e-04
2026-06-05 10:21:35 transreid.train INFO: Epoch[16] Iter[260/275] Loss: 2.268, Acc: 0.906, Base Lr: 6.42e-04
2026-06-05 10:21:37 transreid.train INFO: Epoch 16 done. Time per epoch: 28.874[s] Speed: 607.3[samples/s]
2026-06-05 10:21:39 transreid.train INFO: Epoch[17] Iter[20/275] Loss: 2.355, Acc: 0.821, Base Lr: 6.81e-04
2026-06-05 10:21:41 transreid.train INFO: Epoch[17] Iter[40/275] Loss: 2.284, Acc: 0.839, Base Lr: 6.81e-04
2026-06-05 10:21:43 transreid.train INFO: Epoch[17] Iter[60/275] Loss: 2.203, Acc: 0.862, Base Lr: 6.81e-04
2026-06-05 10:21:45 transreid.train INFO: Epoch[17] Iter[80/275] Loss: 2.163, Acc: 0.868, Base Lr: 6.81e-04
2026-06-05 10:21:47 transreid.train INFO: Epoch[17] Iter[100/275] Loss: 2.125, Acc: 0.873, Base Lr: 6.81e-04
2026-06-05 10:21:49 transreid.train INFO: Epoch[17] Iter[120/275] Loss: 2.103, Acc: 0.878, Base Lr: 6.81e-04
2026-06-05 10:21:51 transreid.train INFO: Epoch[17] Iter[140/275] Loss: 2.072, Acc: 0.885, Base Lr: 6.81e-04
2026-06-05 10:21:53 transreid.train INFO: Epoch[17] Iter[160/275] Loss: 2.030, Acc: 0.892, Base Lr: 6.81e-04
2026-06-05 10:21:56 transreid.train INFO: Epoch[17] Iter[180/275] Loss: 1.995, Acc: 0.899, Base Lr: 6.81e-04
2026-06-05 10:21:58 transreid.train INFO: Epoch[17] Iter[200/275] Loss: 1.965, Acc: 0.903, Base Lr: 6.81e-04
2026-06-05 10:22:00 transreid.train INFO: Epoch[17] Iter[220/275] Loss: 1.928, Acc: 0.909, Base Lr: 6.81e-04
2026-06-05 10:22:02 transreid.train INFO: Epoch[17] Iter[240/275] Loss: 1.905, Acc: 0.912, Base Lr: 6.81e-04
2026-06-05 10:22:04 transreid.train INFO: Epoch[17] Iter[260/275] Loss: 1.888, Acc: 0.916, Base Lr: 6.81e-04
2026-06-05 10:22:05 transreid.train INFO: Epoch 17 done. Time per epoch: 28.781[s] Speed: 607.1[samples/s]
2026-06-05 10:22:08 transreid.train INFO: Epoch[18] Iter[20/275] Loss: 2.180, Acc: 0.852, Base Lr: 7.21e-04
2026-06-05 10:22:10 transreid.train INFO: Epoch[18] Iter[40/275] Loss: 2.105, Acc: 0.860, Base Lr: 7.21e-04
2026-06-05 10:22:12 transreid.train INFO: Epoch[18] Iter[60/275] Loss: 2.053, Acc: 0.867, Base Lr: 7.21e-04
2026-06-05 10:22:14 transreid.train INFO: Epoch[18] Iter[80/275] Loss: 1.964, Acc: 0.880, Base Lr: 7.21e-04
2026-06-05 10:22:16 transreid.train INFO: Epoch[18] Iter[100/275] Loss: 1.894, Acc: 0.890, Base Lr: 7.21e-04
2026-06-05 10:22:18 transreid.train INFO: Epoch[18] Iter[120/275] Loss: 1.849, Acc: 0.896, Base Lr: 7.21e-04
2026-06-05 10:22:20 transreid.train INFO: Epoch[18] Iter[140/275] Loss: 1.812, Acc: 0.904, Base Lr: 7.21e-04
2026-06-05 10:22:22 transreid.train INFO: Epoch[18] Iter[160/275] Loss: 1.774, Acc: 0.909, Base Lr: 7.21e-04
2026-06-05 10:22:24 transreid.train INFO: Epoch[18] Iter[180/275] Loss: 1.735, Acc: 0.914, Base Lr: 7.21e-04
2026-06-05 10:22:26 transreid.train INFO: Epoch[18] Iter[200/275] Loss: 1.712, Acc: 0.917, Base Lr: 7.21e-04
2026-06-05 10:22:29 transreid.train INFO: Epoch[18] Iter[220/275] Loss: 1.686, Acc: 0.921, Base Lr: 7.21e-04
2026-06-05 10:22:31 transreid.train INFO: Epoch[18] Iter[240/275] Loss: 1.666, Acc: 0.924, Base Lr: 7.21e-04
2026-06-05 10:22:33 transreid.train INFO: Epoch[18] Iter[260/275] Loss: 1.641, Acc: 0.927, Base Lr: 7.21e-04
2026-06-05 10:22:34 transreid.train INFO: Epoch 18 done. Time per epoch: 28.791[s] Speed: 606.9[samples/s]
2026-06-05 10:22:36 transreid.train INFO: Epoch[19] Iter[20/275] Loss: 1.753, Acc: 0.861, Base Lr: 7.60e-04
2026-06-05 10:22:38 transreid.train INFO: Epoch[19] Iter[40/275] Loss: 1.694, Acc: 0.884, Base Lr: 7.60e-04
2026-06-05 10:22:41 transreid.train INFO: Epoch[19] Iter[60/275] Loss: 1.648, Acc: 0.890, Base Lr: 7.60e-04
2026-06-05 10:22:43 transreid.train INFO: Epoch[19] Iter[80/275] Loss: 1.622, Acc: 0.893, Base Lr: 7.60e-04
2026-06-05 10:22:45 transreid.train INFO: Epoch[19] Iter[100/275] Loss: 1.573, Acc: 0.901, Base Lr: 7.60e-04
2026-06-05 10:22:47 transreid.train INFO: Epoch[19] Iter[120/275] Loss: 1.559, Acc: 0.906, Base Lr: 7.60e-04
2026-06-05 10:22:49 transreid.train INFO: Epoch[19] Iter[140/275] Loss: 1.535, Acc: 0.912, Base Lr: 7.60e-04
2026-06-05 10:22:51 transreid.train INFO: Epoch[19] Iter[160/275] Loss: 1.506, Acc: 0.919, Base Lr: 7.60e-04
2026-06-05 10:22:53 transreid.train INFO: Epoch[19] Iter[180/275] Loss: 1.488, Acc: 0.924, Base Lr: 7.60e-04
2026-06-05 10:22:55 transreid.train INFO: Epoch[19] Iter[200/275] Loss: 1.468, Acc: 0.926, Base Lr: 7.60e-04
2026-06-05 10:22:57 transreid.train INFO: Epoch[19] Iter[220/275] Loss: 1.441, Acc: 0.931, Base Lr: 7.60e-04
2026-06-05 10:22:59 transreid.train INFO: Epoch[19] Iter[240/275] Loss: 1.425, Acc: 0.933, Base Lr: 7.60e-04
2026-06-05 10:23:02 transreid.train INFO: Epoch[19] Iter[260/275] Loss: 1.406, Acc: 0.936, Base Lr: 7.60e-04
2026-06-05 10:23:03 transreid.train INFO: Epoch 19 done. Time per epoch: 28.884[s] Speed: 607.1[samples/s]
2026-06-05 10:23:05 transreid.train INFO: Epoch[20] Iter[20/275] Loss: 1.541, Acc: 0.900, Base Lr: 7.47e-04
2026-06-05 10:23:07 transreid.train INFO: Epoch[20] Iter[40/275] Loss: 1.576, Acc: 0.895, Base Lr: 7.47e-04
2026-06-05 10:23:09 transreid.train INFO: Epoch[20] Iter[60/275] Loss: 1.527, Acc: 0.903, Base Lr: 7.47e-04
2026-06-05 10:23:12 transreid.train INFO: Epoch[20] Iter[80/275] Loss: 1.462, Acc: 0.917, Base Lr: 7.47e-04
2026-06-05 10:23:14 transreid.train INFO: Epoch[20] Iter[100/275] Loss: 1.423, Acc: 0.924, Base Lr: 7.47e-04
2026-06-05 10:23:16 transreid.train INFO: Epoch[20] Iter[120/275] Loss: 1.397, Acc: 0.927, Base Lr: 7.47e-04
2026-06-05 10:23:18 transreid.train INFO: Epoch[20] Iter[140/275] Loss: 1.370, Acc: 0.929, Base Lr: 7.47e-04
2026-06-05 10:23:20 transreid.train INFO: Epoch[20] Iter[160/275] Loss: 1.336, Acc: 0.934, Base Lr: 7.47e-04
2026-06-05 10:23:22 transreid.train INFO: Epoch[20] Iter[180/275] Loss: 1.317, Acc: 0.939, Base Lr: 7.47e-04
2026-06-05 10:23:24 transreid.train INFO: Epoch[20] Iter[200/275] Loss: 1.302, Acc: 0.941, Base Lr: 7.47e-04
2026-06-05 10:23:26 transreid.train INFO: Epoch[20] Iter[220/275] Loss: 1.279, Acc: 0.944, Base Lr: 7.47e-04
2026-06-05 10:23:28 transreid.train INFO: Epoch[20] Iter[240/275] Loss: 1.259, Acc: 0.947, Base Lr: 7.47e-04
2026-06-05 10:23:30 transreid.train INFO: Epoch[20] Iter[260/275] Loss: 1.240, Acc: 0.949, Base Lr: 7.47e-04
2026-06-05 10:23:32 transreid.train INFO: Epoch 20 done. Time per epoch: 28.911[s] Speed: 606.6[samples/s]
=> Computing MULTIHYP conservative DistMat (alpha=0.1)
2026-06-05 10:23:46 transreid.train INFO: Validation Results - Epoch: 20
2026-06-05 10:23:46 transreid.train INFO: mAP: 74.9%
2026-06-05 10:23:46 transreid.train INFO: CMC curve, Rank-1  :83.8%
2026-06-05 10:23:46 transreid.train INFO: CMC curve, Rank-5  :93.8%
2026-06-05 10:23:46 transreid.train INFO: CMC curve, Rank-10 :96.4%
2026-06-05 10:23:48 transreid.train INFO: Epoch[21] Iter[20/275] Loss: 1.435, Acc: 0.907, Base Lr: 7.41e-04
2026-06-05 10:23:51 transreid.train INFO: Epoch[21] Iter[40/275] Loss: 1.347, Acc: 0.916, Base Lr: 7.41e-04
2026-06-05 10:23:53 transreid.train INFO: Epoch[21] Iter[60/275] Loss: 1.314, Acc: 0.923, Base Lr: 7.41e-04
2026-06-05 10:23:55 transreid.train INFO: Epoch[21] Iter[80/275] Loss: 1.300, Acc: 0.925, Base Lr: 7.41e-04
2026-06-05 10:23:57 transreid.train INFO: Epoch[21] Iter[100/275] Loss: 1.282, Acc: 0.928, Base Lr: 7.41e-04
2026-06-05 10:23:59 transreid.train INFO: Epoch[21] Iter[120/275] Loss: 1.245, Acc: 0.933, Base Lr: 7.41e-04
2026-06-05 10:24:01 transreid.train INFO: Epoch[21] Iter[140/275] Loss: 1.214, Acc: 0.938, Base Lr: 7.41e-04
2026-06-05 10:24:03 transreid.train INFO: Epoch[21] Iter[160/275] Loss: 1.177, Acc: 0.943, Base Lr: 7.41e-04
2026-06-05 10:24:05 transreid.train INFO: Epoch[21] Iter[180/275] Loss: 1.146, Acc: 0.946, Base Lr: 7.41e-04
2026-06-05 10:24:07 transreid.train INFO: Epoch[21] Iter[200/275] Loss: 1.113, Acc: 0.951, Base Lr: 7.41e-04
2026-06-05 10:24:09 transreid.train INFO: Epoch[21] Iter[220/275] Loss: 1.087, Acc: 0.953, Base Lr: 7.41e-04
2026-06-05 10:24:11 transreid.train INFO: Epoch[21] Iter[240/275] Loss: 1.064, Acc: 0.955, Base Lr: 7.41e-04
2026-06-05 10:24:14 transreid.train INFO: Epoch[21] Iter[260/275] Loss: 1.046, Acc: 0.958, Base Lr: 7.41e-04
2026-06-05 10:24:15 transreid.train INFO: Epoch 21 done. Time per epoch: 28.986[s] Speed: 605.0[samples/s]
2026-06-05 10:24:17 transreid.train INFO: Epoch[22] Iter[20/275] Loss: 1.146, Acc: 0.913, Base Lr: 7.36e-04
2026-06-05 10:24:19 transreid.train INFO: Epoch[22] Iter[40/275] Loss: 1.084, Acc: 0.925, Base Lr: 7.36e-04
2026-06-05 10:24:22 transreid.train INFO: Epoch[22] Iter[60/275] Loss: 1.077, Acc: 0.923, Base Lr: 7.36e-04
2026-06-05 10:24:24 transreid.train INFO: Epoch[22] Iter[80/275] Loss: 1.048, Acc: 0.930, Base Lr: 7.36e-04
2026-06-05 10:24:26 transreid.train INFO: Epoch[22] Iter[100/275] Loss: 1.006, Acc: 0.939, Base Lr: 7.36e-04
2026-06-05 10:24:28 transreid.train INFO: Epoch[22] Iter[120/275] Loss: 0.980, Acc: 0.945, Base Lr: 7.36e-04
2026-06-05 10:24:30 transreid.train INFO: Epoch[22] Iter[140/275] Loss: 0.960, Acc: 0.949, Base Lr: 7.36e-04
2026-06-05 10:24:32 transreid.train INFO: Epoch[22] Iter[160/275] Loss: 0.940, Acc: 0.953, Base Lr: 7.36e-04
2026-06-05 10:24:34 transreid.train INFO: Epoch[22] Iter[180/275] Loss: 0.925, Acc: 0.956, Base Lr: 7.36e-04
2026-06-05 10:24:36 transreid.train INFO: Epoch[22] Iter[200/275] Loss: 0.906, Acc: 0.959, Base Lr: 7.36e-04
2026-06-05 10:24:38 transreid.train INFO: Epoch[22] Iter[220/275] Loss: 0.891, Acc: 0.961, Base Lr: 7.36e-04
2026-06-05 10:24:40 transreid.train INFO: Epoch[22] Iter[240/275] Loss: 0.880, Acc: 0.963, Base Lr: 7.36e-04
2026-06-05 10:24:43 transreid.train INFO: Epoch[22] Iter[260/275] Loss: 0.870, Acc: 0.964, Base Lr: 7.36e-04
2026-06-05 10:24:44 transreid.train INFO: Epoch 22 done. Time per epoch: 28.868[s] Speed: 605.2[samples/s]
2026-06-05 10:24:46 transreid.train INFO: Epoch[23] Iter[20/275] Loss: 0.995, Acc: 0.926, Base Lr: 7.30e-04
2026-06-05 10:24:48 transreid.train INFO: Epoch[23] Iter[40/275] Loss: 0.971, Acc: 0.934, Base Lr: 7.30e-04
2026-06-05 10:24:50 transreid.train INFO: Epoch[23] Iter[60/275] Loss: 0.952, Acc: 0.941, Base Lr: 7.30e-04
2026-06-05 10:24:53 transreid.train INFO: Epoch[23] Iter[80/275] Loss: 0.924, Acc: 0.946, Base Lr: 7.30e-04
2026-06-05 10:24:55 transreid.train INFO: Epoch[23] Iter[100/275] Loss: 0.892, Acc: 0.951, Base Lr: 7.30e-04
2026-06-05 10:24:57 transreid.train INFO: Epoch[23] Iter[120/275] Loss: 0.873, Acc: 0.954, Base Lr: 7.30e-04
2026-06-05 10:24:59 transreid.train INFO: Epoch[23] Iter[140/275] Loss: 0.843, Acc: 0.959, Base Lr: 7.30e-04
2026-06-05 10:25:01 transreid.train INFO: Epoch[23] Iter[160/275] Loss: 0.832, Acc: 0.960, Base Lr: 7.30e-04
2026-06-05 10:25:03 transreid.train INFO: Epoch[23] Iter[180/275] Loss: 0.817, Acc: 0.962, Base Lr: 7.30e-04
2026-06-05 10:25:05 transreid.train INFO: Epoch[23] Iter[200/275] Loss: 0.807, Acc: 0.964, Base Lr: 7.30e-04
2026-06-05 10:25:07 transreid.train INFO: Epoch[23] Iter[220/275] Loss: 0.795, Acc: 0.966, Base Lr: 7.30e-04
2026-06-05 10:25:09 transreid.train INFO: Epoch[23] Iter[240/275] Loss: 0.782, Acc: 0.968, Base Lr: 7.30e-04
2026-06-05 10:25:11 transreid.train INFO: Epoch[23] Iter[260/275] Loss: 0.770, Acc: 0.969, Base Lr: 7.30e-04
2026-06-05 10:25:13 transreid.train INFO: Epoch 23 done. Time per epoch: 28.858[s] Speed: 605.4[samples/s]
2026-06-05 10:25:15 transreid.train INFO: Epoch[24] Iter[20/275] Loss: 1.017, Acc: 0.910, Base Lr: 7.24e-04
2026-06-05 10:25:17 transreid.train INFO: Epoch[24] Iter[40/275] Loss: 0.920, Acc: 0.935, Base Lr: 7.24e-04
2026-06-05 10:25:19 transreid.train INFO: Epoch[24] Iter[60/275] Loss: 0.888, Acc: 0.937, Base Lr: 7.24e-04
2026-06-05 10:25:21 transreid.train INFO: Epoch[24] Iter[80/275] Loss: 0.836, Acc: 0.947, Base Lr: 7.24e-04
2026-06-05 10:25:24 transreid.train INFO: Epoch[24] Iter[100/275] Loss: 0.800, Acc: 0.954, Base Lr: 7.24e-04
2026-06-05 10:25:26 transreid.train INFO: Epoch[24] Iter[120/275] Loss: 0.784, Acc: 0.958, Base Lr: 7.24e-04
2026-06-05 10:25:28 transreid.train INFO: Epoch[24] Iter[140/275] Loss: 0.769, Acc: 0.960, Base Lr: 7.24e-04
2026-06-05 10:25:30 transreid.train INFO: Epoch[24] Iter[160/275] Loss: 0.752, Acc: 0.964, Base Lr: 7.24e-04
2026-06-05 10:25:32 transreid.train INFO: Epoch[24] Iter[180/275] Loss: 0.745, Acc: 0.966, Base Lr: 7.24e-04
2026-06-05 10:25:34 transreid.train INFO: Epoch[24] Iter[200/275] Loss: 0.730, Acc: 0.969, Base Lr: 7.24e-04
2026-06-05 10:25:36 transreid.train INFO: Epoch[24] Iter[220/275] Loss: 0.721, Acc: 0.970, Base Lr: 7.24e-04
2026-06-05 10:25:38 transreid.train INFO: Epoch[24] Iter[240/275] Loss: 0.711, Acc: 0.972, Base Lr: 7.24e-04
2026-06-05 10:25:40 transreid.train INFO: Epoch[24] Iter[260/275] Loss: 0.701, Acc: 0.973, Base Lr: 7.24e-04
2026-06-05 10:25:42 transreid.train INFO: Epoch 24 done. Time per epoch: 28.863[s] Speed: 605.3[samples/s]
2026-06-05 10:25:44 transreid.train INFO: Epoch[25] Iter[20/275] Loss: 0.802, Acc: 0.948, Base Lr: 7.18e-04
2026-06-05 10:25:46 transreid.train INFO: Epoch[25] Iter[40/275] Loss: 0.806, Acc: 0.950, Base Lr: 7.18e-04
2026-06-05 10:25:48 transreid.train INFO: Epoch[25] Iter[60/275] Loss: 0.782, Acc: 0.956, Base Lr: 7.18e-04
2026-06-05 10:25:50 transreid.train INFO: Epoch[25] Iter[80/275] Loss: 0.760, Acc: 0.958, Base Lr: 7.18e-04
2026-06-05 10:25:52 transreid.train INFO: Epoch[25] Iter[100/275] Loss: 0.738, Acc: 0.960, Base Lr: 7.18e-04
2026-06-05 10:25:54 transreid.train INFO: Epoch[25] Iter[120/275] Loss: 0.722, Acc: 0.963, Base Lr: 7.18e-04
2026-06-05 10:25:57 transreid.train INFO: Epoch[25] Iter[140/275] Loss: 0.707, Acc: 0.965, Base Lr: 7.18e-04
2026-06-05 10:25:59 transreid.train INFO: Epoch[25] Iter[160/275] Loss: 0.689, Acc: 0.969, Base Lr: 7.18e-04
2026-06-05 10:26:01 transreid.train INFO: Epoch[25] Iter[180/275] Loss: 0.674, Acc: 0.971, Base Lr: 7.18e-04
2026-06-05 10:26:03 transreid.train INFO: Epoch[25] Iter[200/275] Loss: 0.661, Acc: 0.973, Base Lr: 7.18e-04
2026-06-05 10:26:05 transreid.train INFO: Epoch[25] Iter[220/275] Loss: 0.649, Acc: 0.974, Base Lr: 7.18e-04
2026-06-05 10:26:07 transreid.train INFO: Epoch[25] Iter[240/275] Loss: 0.636, Acc: 0.975, Base Lr: 7.18e-04
2026-06-05 10:26:09 transreid.train INFO: Epoch[25] Iter[260/275] Loss: 0.631, Acc: 0.976, Base Lr: 7.18e-04
2026-06-05 10:26:11 transreid.train INFO: Epoch 25 done. Time per epoch: 28.960[s] Speed: 605.5[samples/s]
2026-06-05 10:26:13 transreid.train INFO: Epoch[26] Iter[20/275] Loss: 0.814, Acc: 0.928, Base Lr: 7.11e-04
2026-06-05 10:26:15 transreid.train INFO: Epoch[26] Iter[40/275] Loss: 0.788, Acc: 0.935, Base Lr: 7.11e-04
2026-06-05 10:26:17 transreid.train INFO: Epoch[26] Iter[60/275] Loss: 0.738, Acc: 0.944, Base Lr: 7.11e-04
2026-06-05 10:26:19 transreid.train INFO: Epoch[26] Iter[80/275] Loss: 0.698, Acc: 0.956, Base Lr: 7.11e-04
2026-06-05 10:26:21 transreid.train INFO: Epoch[26] Iter[100/275] Loss: 0.670, Acc: 0.960, Base Lr: 7.11e-04
2026-06-05 10:26:23 transreid.train INFO: Epoch[26] Iter[120/275] Loss: 0.645, Acc: 0.963, Base Lr: 7.11e-04
2026-06-05 10:26:26 transreid.train INFO: Epoch[26] Iter[140/275] Loss: 0.625, Acc: 0.966, Base Lr: 7.11e-04
2026-06-05 10:26:28 transreid.train INFO: Epoch[26] Iter[160/275] Loss: 0.612, Acc: 0.969, Base Lr: 7.11e-04
2026-06-05 10:26:30 transreid.train INFO: Epoch[26] Iter[180/275] Loss: 0.598, Acc: 0.972, Base Lr: 7.11e-04
2026-06-05 10:26:32 transreid.train INFO: Epoch[26] Iter[200/275] Loss: 0.588, Acc: 0.974, Base Lr: 7.11e-04
2026-06-05 10:26:34 transreid.train INFO: Epoch[26] Iter[220/275] Loss: 0.578, Acc: 0.974, Base Lr: 7.11e-04
2026-06-05 10:26:36 transreid.train INFO: Epoch[26] Iter[240/275] Loss: 0.568, Acc: 0.976, Base Lr: 7.11e-04
2026-06-05 10:26:38 transreid.train INFO: Epoch[26] Iter[260/275] Loss: 0.559, Acc: 0.977, Base Lr: 7.11e-04
2026-06-05 10:26:39 transreid.train INFO: Epoch 26 done. Time per epoch: 28.858[s] Speed: 605.4[samples/s]
2026-06-05 10:26:42 transreid.train INFO: Epoch[27] Iter[20/275] Loss: 0.597, Acc: 0.968, Base Lr: 7.04e-04
2026-06-05 10:26:44 transreid.train INFO: Epoch[27] Iter[40/275] Loss: 0.613, Acc: 0.962, Base Lr: 7.04e-04
2026-06-05 10:26:46 transreid.train INFO: Epoch[27] Iter[60/275] Loss: 0.601, Acc: 0.963, Base Lr: 7.04e-04
2026-06-05 10:26:48 transreid.train INFO: Epoch[27] Iter[80/275] Loss: 0.594, Acc: 0.964, Base Lr: 7.04e-04
2026-06-05 10:26:50 transreid.train INFO: Epoch[27] Iter[100/275] Loss: 0.581, Acc: 0.967, Base Lr: 7.04e-04
2026-06-05 10:26:52 transreid.train INFO: Epoch[27] Iter[120/275] Loss: 0.559, Acc: 0.970, Base Lr: 7.04e-04
2026-06-05 10:26:54 transreid.train INFO: Epoch[27] Iter[140/275] Loss: 0.540, Acc: 0.972, Base Lr: 7.04e-04
2026-06-05 10:26:56 transreid.train INFO: Epoch[27] Iter[160/275] Loss: 0.528, Acc: 0.974, Base Lr: 7.04e-04
2026-06-05 10:26:59 transreid.train INFO: Epoch[27] Iter[180/275] Loss: 0.520, Acc: 0.975, Base Lr: 7.04e-04
2026-06-05 10:27:01 transreid.train INFO: Epoch[27] Iter[200/275] Loss: 0.507, Acc: 0.977, Base Lr: 7.04e-04
2026-06-05 10:27:03 transreid.train INFO: Epoch[27] Iter[220/275] Loss: 0.499, Acc: 0.978, Base Lr: 7.04e-04
2026-06-05 10:27:05 transreid.train INFO: Epoch[27] Iter[240/275] Loss: 0.493, Acc: 0.979, Base Lr: 7.04e-04
2026-06-05 10:27:07 transreid.train INFO: Epoch[27] Iter[260/275] Loss: 0.486, Acc: 0.980, Base Lr: 7.04e-04
2026-06-05 10:27:08 transreid.train INFO: Epoch 27 done. Time per epoch: 28.863[s] Speed: 605.3[samples/s]
2026-06-05 10:27:11 transreid.train INFO: Epoch[28] Iter[20/275] Loss: 0.625, Acc: 0.942, Base Lr: 6.97e-04
2026-06-05 10:27:13 transreid.train INFO: Epoch[28] Iter[40/275] Loss: 0.564, Acc: 0.959, Base Lr: 6.97e-04
2026-06-05 10:27:15 transreid.train INFO: Epoch[28] Iter[60/275] Loss: 0.559, Acc: 0.960, Base Lr: 6.97e-04
2026-06-05 10:27:17 transreid.train INFO: Epoch[28] Iter[80/275] Loss: 0.547, Acc: 0.966, Base Lr: 6.97e-04
2026-06-05 10:27:19 transreid.train INFO: Epoch[28] Iter[100/275] Loss: 0.539, Acc: 0.969, Base Lr: 6.97e-04
2026-06-05 10:27:21 transreid.train INFO: Epoch[28] Iter[120/275] Loss: 0.527, Acc: 0.970, Base Lr: 6.97e-04
2026-06-05 10:27:23 transreid.train INFO: Epoch[28] Iter[140/275] Loss: 0.507, Acc: 0.974, Base Lr: 6.97e-04
2026-06-05 10:27:25 transreid.train INFO: Epoch[28] Iter[160/275] Loss: 0.499, Acc: 0.976, Base Lr: 6.97e-04
2026-06-05 10:27:27 transreid.train INFO: Epoch[28] Iter[180/275] Loss: 0.492, Acc: 0.977, Base Lr: 6.97e-04
2026-06-05 10:27:30 transreid.train INFO: Epoch[28] Iter[200/275] Loss: 0.485, Acc: 0.979, Base Lr: 6.97e-04
2026-06-05 10:27:32 transreid.train INFO: Epoch[28] Iter[220/275] Loss: 0.480, Acc: 0.980, Base Lr: 6.97e-04
2026-06-05 10:27:34 transreid.train INFO: Epoch[28] Iter[240/275] Loss: 0.474, Acc: 0.980, Base Lr: 6.97e-04
2026-06-05 10:27:36 transreid.train INFO: Epoch[28] Iter[260/275] Loss: 0.468, Acc: 0.981, Base Lr: 6.97e-04
2026-06-05 10:27:37 transreid.train INFO: Epoch 28 done. Time per epoch: 28.846[s] Speed: 605.7[samples/s]
2026-06-05 10:27:40 transreid.train INFO: Epoch[29] Iter[20/275] Loss: 0.524, Acc: 0.964, Base Lr: 6.90e-04
2026-06-05 10:27:42 transreid.train INFO: Epoch[29] Iter[40/275] Loss: 0.532, Acc: 0.963, Base Lr: 6.90e-04
2026-06-05 10:27:44 transreid.train INFO: Epoch[29] Iter[60/275] Loss: 0.513, Acc: 0.967, Base Lr: 6.90e-04
2026-06-05 10:27:46 transreid.train INFO: Epoch[29] Iter[80/275] Loss: 0.499, Acc: 0.970, Base Lr: 6.90e-04
2026-06-05 10:27:48 transreid.train INFO: Epoch[29] Iter[100/275] Loss: 0.487, Acc: 0.973, Base Lr: 6.90e-04
2026-06-05 10:27:50 transreid.train INFO: Epoch[29] Iter[120/275] Loss: 0.469, Acc: 0.977, Base Lr: 6.90e-04
2026-06-05 10:27:52 transreid.train INFO: Epoch[29] Iter[140/275] Loss: 0.464, Acc: 0.979, Base Lr: 6.90e-04
2026-06-05 10:27:54 transreid.train INFO: Epoch[29] Iter[160/275] Loss: 0.458, Acc: 0.979, Base Lr: 6.90e-04
2026-06-05 10:27:56 transreid.train INFO: Epoch[29] Iter[180/275] Loss: 0.450, Acc: 0.981, Base Lr: 6.90e-04
2026-06-05 10:27:58 transreid.train INFO: Epoch[29] Iter[200/275] Loss: 0.445, Acc: 0.982, Base Lr: 6.90e-04
2026-06-05 10:28:00 transreid.train INFO: Epoch[29] Iter[220/275] Loss: 0.438, Acc: 0.982, Base Lr: 6.90e-04
2026-06-05 10:28:03 transreid.train INFO: Epoch[29] Iter[240/275] Loss: 0.430, Acc: 0.983, Base Lr: 6.90e-04
2026-06-05 10:28:05 transreid.train INFO: Epoch[29] Iter[260/275] Loss: 0.424, Acc: 0.984, Base Lr: 6.90e-04
2026-06-05 10:28:06 transreid.train INFO: Epoch 29 done. Time per epoch: 28.863[s] Speed: 605.3[samples/s]
2026-06-05 10:28:08 transreid.train INFO: Epoch[30] Iter[20/275] Loss: 0.473, Acc: 0.970, Base Lr: 6.83e-04
2026-06-05 10:28:10 transreid.train INFO: Epoch[30] Iter[40/275] Loss: 0.485, Acc: 0.966, Base Lr: 6.83e-04
2026-06-05 10:28:13 transreid.train INFO: Epoch[30] Iter[60/275] Loss: 0.450, Acc: 0.972, Base Lr: 6.83e-04
2026-06-05 10:28:15 transreid.train INFO: Epoch[30] Iter[80/275] Loss: 0.440, Acc: 0.975, Base Lr: 6.83e-04
2026-06-05 10:28:17 transreid.train INFO: Epoch[30] Iter[100/275] Loss: 0.429, Acc: 0.978, Base Lr: 6.83e-04
2026-06-05 10:28:19 transreid.train INFO: Epoch[30] Iter[120/275] Loss: 0.422, Acc: 0.979, Base Lr: 6.83e-04
2026-06-05 10:28:21 transreid.train INFO: Epoch[30] Iter[140/275] Loss: 0.424, Acc: 0.980, Base Lr: 6.83e-04
2026-06-05 10:28:23 transreid.train INFO: Epoch[30] Iter[160/275] Loss: 0.418, Acc: 0.981, Base Lr: 6.83e-04
2026-06-05 10:28:25 transreid.train INFO: Epoch[30] Iter[180/275] Loss: 0.410, Acc: 0.982, Base Lr: 6.83e-04
2026-06-05 10:28:27 transreid.train INFO: Epoch[30] Iter[200/275] Loss: 0.404, Acc: 0.983, Base Lr: 6.83e-04
2026-06-05 10:28:29 transreid.train INFO: Epoch[30] Iter[220/275] Loss: 0.401, Acc: 0.983, Base Lr: 6.83e-04
2026-06-05 10:28:31 transreid.train INFO: Epoch[30] Iter[240/275] Loss: 0.395, Acc: 0.984, Base Lr: 6.83e-04
2026-06-05 10:28:34 transreid.train INFO: Epoch[30] Iter[260/275] Loss: 0.391, Acc: 0.985, Base Lr: 6.83e-04
2026-06-05 10:28:35 transreid.train INFO: Epoch 30 done. Time per epoch: 28.969[s] Speed: 605.3[samples/s]
2026-06-05 10:28:37 transreid.train INFO: Epoch[31] Iter[20/275] Loss: 0.541, Acc: 0.953, Base Lr: 6.76e-04
2026-06-05 10:28:39 transreid.train INFO: Epoch[31] Iter[40/275] Loss: 0.484, Acc: 0.965, Base Lr: 6.76e-04
2026-06-05 10:28:42 transreid.train INFO: Epoch[31] Iter[60/275] Loss: 0.469, Acc: 0.971, Base Lr: 6.76e-04
2026-06-05 10:28:44 transreid.train INFO: Epoch[31] Iter[80/275] Loss: 0.455, Acc: 0.975, Base Lr: 6.76e-04
2026-06-05 10:28:46 transreid.train INFO: Epoch[31] Iter[100/275] Loss: 0.439, Acc: 0.977, Base Lr: 6.76e-04
2026-06-05 10:28:48 transreid.train INFO: Epoch[31] Iter[120/275] Loss: 0.431, Acc: 0.977, Base Lr: 6.76e-04
2026-06-05 10:28:50 transreid.train INFO: Epoch[31] Iter[140/275] Loss: 0.416, Acc: 0.979, Base Lr: 6.76e-04
2026-06-05 10:28:52 transreid.train INFO: Epoch[31] Iter[160/275] Loss: 0.405, Acc: 0.980, Base Lr: 6.76e-04
2026-06-05 10:28:54 transreid.train INFO: Epoch[31] Iter[180/275] Loss: 0.395, Acc: 0.982, Base Lr: 6.76e-04
2026-06-05 10:28:56 transreid.train INFO: Epoch[31] Iter[200/275] Loss: 0.386, Acc: 0.984, Base Lr: 6.76e-04
2026-06-05 10:28:58 transreid.train INFO: Epoch[31] Iter[220/275] Loss: 0.384, Acc: 0.984, Base Lr: 6.76e-04
2026-06-05 10:29:00 transreid.train INFO: Epoch[31] Iter[240/275] Loss: 0.382, Acc: 0.985, Base Lr: 6.76e-04
2026-06-05 10:29:03 transreid.train INFO: Epoch[31] Iter[260/275] Loss: 0.377, Acc: 0.986, Base Lr: 6.76e-04
2026-06-05 10:29:04 transreid.train INFO: Epoch 31 done. Time per epoch: 28.976[s] Speed: 605.2[samples/s]
2026-06-05 10:29:06 transreid.train INFO: Epoch[32] Iter[20/275] Loss: 0.474, Acc: 0.969, Base Lr: 6.68e-04
2026-06-05 10:29:08 transreid.train INFO: Epoch[32] Iter[40/275] Loss: 0.442, Acc: 0.974, Base Lr: 6.68e-04
2026-06-05 10:29:11 transreid.train INFO: Epoch[32] Iter[60/275] Loss: 0.420, Acc: 0.977, Base Lr: 6.68e-04
2026-06-05 10:29:13 transreid.train INFO: Epoch[32] Iter[80/275] Loss: 0.411, Acc: 0.979, Base Lr: 6.68e-04
2026-06-05 10:29:15 transreid.train INFO: Epoch[32] Iter[100/275] Loss: 0.400, Acc: 0.981, Base Lr: 6.68e-04
2026-06-05 10:29:17 transreid.train INFO: Epoch[32] Iter[120/275] Loss: 0.388, Acc: 0.982, Base Lr: 6.68e-04
2026-06-05 10:29:19 transreid.train INFO: Epoch[32] Iter[140/275] Loss: 0.379, Acc: 0.983, Base Lr: 6.68e-04
2026-06-05 10:29:21 transreid.train INFO: Epoch[32] Iter[160/275] Loss: 0.370, Acc: 0.984, Base Lr: 6.68e-04
2026-06-05 10:29:23 transreid.train INFO: Epoch[32] Iter[180/275] Loss: 0.363, Acc: 0.985, Base Lr: 6.68e-04
2026-06-05 10:29:25 transreid.train INFO: Epoch[32] Iter[200/275] Loss: 0.357, Acc: 0.986, Base Lr: 6.68e-04
2026-06-05 10:29:27 transreid.train INFO: Epoch[32] Iter[220/275] Loss: 0.350, Acc: 0.987, Base Lr: 6.68e-04
2026-06-05 10:29:29 transreid.train INFO: Epoch[32] Iter[240/275] Loss: 0.347, Acc: 0.987, Base Lr: 6.68e-04
2026-06-05 10:29:31 transreid.train INFO: Epoch[32] Iter[260/275] Loss: 0.342, Acc: 0.988, Base Lr: 6.68e-04
2026-06-05 10:29:33 transreid.train INFO: Epoch 32 done. Time per epoch: 28.970[s] Speed: 605.3[samples/s]
2026-06-05 10:29:35 transreid.train INFO: Epoch[33] Iter[20/275] Loss: 0.413, Acc: 0.976, Base Lr: 6.60e-04
2026-06-05 10:29:37 transreid.train INFO: Epoch[33] Iter[40/275] Loss: 0.402, Acc: 0.979, Base Lr: 6.60e-04
2026-06-05 10:29:39 transreid.train INFO: Epoch[33] Iter[60/275] Loss: 0.383, Acc: 0.980, Base Lr: 6.60e-04
2026-06-05 10:29:42 transreid.train INFO: Epoch[33] Iter[80/275] Loss: 0.364, Acc: 0.983, Base Lr: 6.60e-04
2026-06-05 10:29:44 transreid.train INFO: Epoch[33] Iter[100/275] Loss: 0.356, Acc: 0.984, Base Lr: 6.60e-04
2026-06-05 10:29:46 transreid.train INFO: Epoch[33] Iter[120/275] Loss: 0.352, Acc: 0.984, Base Lr: 6.60e-04
2026-06-05 10:29:48 transreid.train INFO: Epoch[33] Iter[140/275] Loss: 0.341, Acc: 0.986, Base Lr: 6.60e-04
2026-06-05 10:29:50 transreid.train INFO: Epoch[33] Iter[160/275] Loss: 0.333, Acc: 0.987, Base Lr: 6.60e-04
2026-06-05 10:29:52 transreid.train INFO: Epoch[33] Iter[180/275] Loss: 0.328, Acc: 0.988, Base Lr: 6.60e-04
2026-06-05 10:29:54 transreid.train INFO: Epoch[33] Iter[200/275] Loss: 0.326, Acc: 0.989, Base Lr: 6.60e-04
2026-06-05 10:29:56 transreid.train INFO: Epoch[33] Iter[220/275] Loss: 0.321, Acc: 0.990, Base Lr: 6.60e-04
2026-06-05 10:29:58 transreid.train INFO: Epoch[33] Iter[240/275] Loss: 0.321, Acc: 0.990, Base Lr: 6.60e-04
2026-06-05 10:30:00 transreid.train INFO: Epoch[33] Iter[260/275] Loss: 0.320, Acc: 0.990, Base Lr: 6.60e-04
2026-06-05 10:30:02 transreid.train INFO: Epoch 33 done. Time per epoch: 28.848[s] Speed: 605.7[samples/s]
2026-06-05 10:30:04 transreid.train INFO: Epoch[34] Iter[20/275] Loss: 0.340, Acc: 0.987, Base Lr: 6.52e-04
2026-06-05 10:30:06 transreid.train INFO: Epoch[34] Iter[40/275] Loss: 0.355, Acc: 0.985, Base Lr: 6.52e-04
2026-06-05 10:30:08 transreid.train INFO: Epoch[34] Iter[60/275] Loss: 0.359, Acc: 0.982, Base Lr: 6.52e-04
2026-06-05 10:30:10 transreid.train INFO: Epoch[34] Iter[80/275] Loss: 0.347, Acc: 0.985, Base Lr: 6.52e-04
2026-06-05 10:30:13 transreid.train INFO: Epoch[34] Iter[100/275] Loss: 0.336, Acc: 0.987, Base Lr: 6.52e-04
2026-06-05 10:30:15 transreid.train INFO: Epoch[34] Iter[120/275] Loss: 0.333, Acc: 0.987, Base Lr: 6.52e-04
2026-06-05 10:30:17 transreid.train INFO: Epoch[34] Iter[140/275] Loss: 0.323, Acc: 0.988, Base Lr: 6.52e-04
2026-06-05 10:30:19 transreid.train INFO: Epoch[34] Iter[160/275] Loss: 0.319, Acc: 0.988, Base Lr: 6.52e-04
2026-06-05 10:30:21 transreid.train INFO: Epoch[34] Iter[180/275] Loss: 0.313, Acc: 0.989, Base Lr: 6.52e-04
2026-06-05 10:30:23 transreid.train INFO: Epoch[34] Iter[200/275] Loss: 0.307, Acc: 0.990, Base Lr: 6.52e-04
2026-06-05 10:30:25 transreid.train INFO: Epoch[34] Iter[220/275] Loss: 0.302, Acc: 0.990, Base Lr: 6.52e-04
2026-06-05 10:30:27 transreid.train INFO: Epoch[34] Iter[240/275] Loss: 0.298, Acc: 0.991, Base Lr: 6.52e-04
2026-06-05 10:30:29 transreid.train INFO: Epoch[34] Iter[260/275] Loss: 0.294, Acc: 0.991, Base Lr: 6.52e-04
2026-06-05 10:30:31 transreid.train INFO: Epoch 34 done. Time per epoch: 28.996[s] Speed: 604.8[samples/s]
2026-06-05 10:30:33 transreid.train INFO: Epoch[35] Iter[20/275] Loss: 0.370, Acc: 0.983, Base Lr: 6.44e-04
2026-06-05 10:30:35 transreid.train INFO: Epoch[35] Iter[40/275] Loss: 0.354, Acc: 0.986, Base Lr: 6.44e-04
2026-06-05 10:30:37 transreid.train INFO: Epoch[35] Iter[60/275] Loss: 0.334, Acc: 0.987, Base Lr: 6.44e-04
2026-06-05 10:30:39 transreid.train INFO: Epoch[35] Iter[80/275] Loss: 0.320, Acc: 0.988, Base Lr: 6.44e-04
2026-06-05 10:30:42 transreid.train INFO: Epoch[35] Iter[100/275] Loss: 0.311, Acc: 0.989, Base Lr: 6.44e-04
2026-06-05 10:30:44 transreid.train INFO: Epoch[35] Iter[120/275] Loss: 0.303, Acc: 0.989, Base Lr: 6.44e-04
2026-06-05 10:30:46 transreid.train INFO: Epoch[35] Iter[140/275] Loss: 0.300, Acc: 0.990, Base Lr: 6.44e-04
2026-06-05 10:30:48 transreid.train INFO: Epoch[35] Iter[160/275] Loss: 0.292, Acc: 0.991, Base Lr: 6.44e-04
2026-06-05 10:30:50 transreid.train INFO: Epoch[35] Iter[180/275] Loss: 0.285, Acc: 0.991, Base Lr: 6.44e-04
2026-06-05 10:30:52 transreid.train INFO: Epoch[35] Iter[200/275] Loss: 0.280, Acc: 0.992, Base Lr: 6.44e-04
2026-06-05 10:30:54 transreid.train INFO: Epoch[35] Iter[220/275] Loss: 0.275, Acc: 0.993, Base Lr: 6.44e-04
2026-06-05 10:30:56 transreid.train INFO: Epoch[35] Iter[240/275] Loss: 0.270, Acc: 0.993, Base Lr: 6.44e-04
2026-06-05 10:30:58 transreid.train INFO: Epoch[35] Iter[260/275] Loss: 0.266, Acc: 0.993, Base Lr: 6.44e-04
2026-06-05 10:31:00 transreid.train INFO: Epoch 35 done. Time per epoch: 28.936[s] Speed: 606.0[samples/s]
2026-06-05 10:31:02 transreid.train INFO: Epoch[36] Iter[20/275] Loss: 0.312, Acc: 0.990, Base Lr: 6.35e-04
2026-06-05 10:31:04 transreid.train INFO: Epoch[36] Iter[40/275] Loss: 0.298, Acc: 0.990, Base Lr: 6.35e-04
2026-06-05 10:31:06 transreid.train INFO: Epoch[36] Iter[60/275] Loss: 0.296, Acc: 0.991, Base Lr: 6.35e-04
2026-06-05 10:31:08 transreid.train INFO: Epoch[36] Iter[80/275] Loss: 0.285, Acc: 0.992, Base Lr: 6.35e-04
2026-06-05 10:31:10 transreid.train INFO: Epoch[36] Iter[100/275] Loss: 0.281, Acc: 0.992, Base Lr: 6.35e-04
2026-06-05 10:31:13 transreid.train INFO: Epoch[36] Iter[120/275] Loss: 0.276, Acc: 0.992, Base Lr: 6.35e-04
2026-06-05 10:31:15 transreid.train INFO: Epoch[36] Iter[140/275] Loss: 0.272, Acc: 0.992, Base Lr: 6.35e-04
2026-06-05 10:31:17 transreid.train INFO: Epoch[36] Iter[160/275] Loss: 0.268, Acc: 0.993, Base Lr: 6.35e-04
2026-06-05 10:31:19 transreid.train INFO: Epoch[36] Iter[180/275] Loss: 0.271, Acc: 0.993, Base Lr: 6.35e-04
2026-06-05 10:31:21 transreid.train INFO: Epoch[36] Iter[200/275] Loss: 0.266, Acc: 0.993, Base Lr: 6.35e-04
2026-06-05 10:31:23 transreid.train INFO: Epoch[36] Iter[220/275] Loss: 0.264, Acc: 0.993, Base Lr: 6.35e-04
2026-06-05 10:31:25 transreid.train INFO: Epoch[36] Iter[240/275] Loss: 0.261, Acc: 0.993, Base Lr: 6.35e-04
2026-06-05 10:31:27 transreid.train INFO: Epoch[36] Iter[260/275] Loss: 0.259, Acc: 0.993, Base Lr: 6.35e-04
2026-06-05 10:31:29 transreid.train INFO: Epoch 36 done. Time per epoch: 28.875[s] Speed: 605.1[samples/s]
2026-06-05 10:31:31 transreid.train INFO: Epoch[37] Iter[20/275] Loss: 0.321, Acc: 0.989, Base Lr: 6.27e-04
2026-06-05 10:31:33 transreid.train INFO: Epoch[37] Iter[40/275] Loss: 0.306, Acc: 0.989, Base Lr: 6.27e-04
2026-06-05 10:31:35 transreid.train INFO: Epoch[37] Iter[60/275] Loss: 0.296, Acc: 0.991, Base Lr: 6.27e-04
2026-06-05 10:31:37 transreid.train INFO: Epoch[37] Iter[80/275] Loss: 0.286, Acc: 0.991, Base Lr: 6.27e-04
2026-06-05 10:31:39 transreid.train INFO: Epoch[37] Iter[100/275] Loss: 0.285, Acc: 0.992, Base Lr: 6.27e-04
2026-06-05 10:31:41 transreid.train INFO: Epoch[37] Iter[120/275] Loss: 0.274, Acc: 0.992, Base Lr: 6.27e-04
2026-06-05 10:31:44 transreid.train INFO: Epoch[37] Iter[140/275] Loss: 0.271, Acc: 0.992, Base Lr: 6.27e-04
2026-06-05 10:31:46 transreid.train INFO: Epoch[37] Iter[160/275] Loss: 0.266, Acc: 0.992, Base Lr: 6.27e-04
2026-06-05 10:31:48 transreid.train INFO: Epoch[37] Iter[180/275] Loss: 0.263, Acc: 0.993, Base Lr: 6.27e-04
2026-06-05 10:31:50 transreid.train INFO: Epoch[37] Iter[200/275] Loss: 0.261, Acc: 0.993, Base Lr: 6.27e-04
2026-06-05 10:31:52 transreid.train INFO: Epoch[37] Iter[220/275] Loss: 0.257, Acc: 0.993, Base Lr: 6.27e-04
2026-06-05 10:31:54 transreid.train INFO: Epoch[37] Iter[240/275] Loss: 0.253, Acc: 0.994, Base Lr: 6.27e-04
2026-06-05 10:31:56 transreid.train INFO: Epoch[37] Iter[260/275] Loss: 0.250, Acc: 0.994, Base Lr: 6.27e-04
2026-06-05 10:31:57 transreid.train INFO: Epoch 37 done. Time per epoch: 28.872[s] Speed: 605.2[samples/s]
2026-06-05 10:32:00 transreid.train INFO: Epoch[38] Iter[20/275] Loss: 0.334, Acc: 0.985, Base Lr: 6.18e-04
2026-06-05 10:32:02 transreid.train INFO: Epoch[38] Iter[40/275] Loss: 0.300, Acc: 0.988, Base Lr: 6.18e-04
2026-06-05 10:32:04 transreid.train INFO: Epoch[38] Iter[60/275] Loss: 0.287, Acc: 0.990, Base Lr: 6.18e-04
2026-06-05 10:32:06 transreid.train INFO: Epoch[38] Iter[80/275] Loss: 0.288, Acc: 0.990, Base Lr: 6.18e-04
2026-06-05 10:32:08 transreid.train INFO: Epoch[38] Iter[100/275] Loss: 0.278, Acc: 0.991, Base Lr: 6.18e-04
2026-06-05 10:32:10 transreid.train INFO: Epoch[38] Iter[120/275] Loss: 0.273, Acc: 0.992, Base Lr: 6.18e-04
2026-06-05 10:32:12 transreid.train INFO: Epoch[38] Iter[140/275] Loss: 0.267, Acc: 0.992, Base Lr: 6.18e-04
2026-06-05 10:32:15 transreid.train INFO: Epoch[38] Iter[160/275] Loss: 0.261, Acc: 0.993, Base Lr: 6.18e-04
2026-06-05 10:32:17 transreid.train INFO: Epoch[38] Iter[180/275] Loss: 0.257, Acc: 0.993, Base Lr: 6.18e-04
2026-06-05 10:32:19 transreid.train INFO: Epoch[38] Iter[200/275] Loss: 0.251, Acc: 0.994, Base Lr: 6.18e-04
2026-06-05 10:32:21 transreid.train INFO: Epoch[38] Iter[220/275] Loss: 0.248, Acc: 0.994, Base Lr: 6.18e-04
2026-06-05 10:32:23 transreid.train INFO: Epoch[38] Iter[240/275] Loss: 0.243, Acc: 0.994, Base Lr: 6.18e-04
2026-06-05 10:32:25 transreid.train INFO: Epoch[38] Iter[260/275] Loss: 0.239, Acc: 0.994, Base Lr: 6.18e-04
2026-06-05 10:32:26 transreid.train INFO: Epoch 38 done. Time per epoch: 28.883[s] Speed: 604.9[samples/s]
2026-06-05 10:32:29 transreid.train INFO: Epoch[39] Iter[20/275] Loss: 0.261, Acc: 0.988, Base Lr: 6.09e-04
2026-06-05 10:32:31 transreid.train INFO: Epoch[39] Iter[40/275] Loss: 0.280, Acc: 0.988, Base Lr: 6.09e-04
2026-06-05 10:32:33 transreid.train INFO: Epoch[39] Iter[60/275] Loss: 0.274, Acc: 0.990, Base Lr: 6.09e-04
2026-06-05 10:32:35 transreid.train INFO: Epoch[39] Iter[80/275] Loss: 0.264, Acc: 0.992, Base Lr: 6.09e-04
2026-06-05 10:32:37 transreid.train INFO: Epoch[39] Iter[100/275] Loss: 0.251, Acc: 0.993, Base Lr: 6.09e-04
2026-06-05 10:32:39 transreid.train INFO: Epoch[39] Iter[120/275] Loss: 0.245, Acc: 0.993, Base Lr: 6.09e-04
2026-06-05 10:32:41 transreid.train INFO: Epoch[39] Iter[140/275] Loss: 0.239, Acc: 0.993, Base Lr: 6.09e-04
2026-06-05 10:32:43 transreid.train INFO: Epoch[39] Iter[160/275] Loss: 0.233, Acc: 0.994, Base Lr: 6.09e-04
2026-06-05 10:32:45 transreid.train INFO: Epoch[39] Iter[180/275] Loss: 0.228, Acc: 0.995, Base Lr: 6.09e-04
2026-06-05 10:32:48 transreid.train INFO: Epoch[39] Iter[200/275] Loss: 0.225, Acc: 0.995, Base Lr: 6.09e-04
2026-06-05 10:32:50 transreid.train INFO: Epoch[39] Iter[220/275] Loss: 0.221, Acc: 0.995, Base Lr: 6.09e-04
2026-06-05 10:32:52 transreid.train INFO: Epoch[39] Iter[240/275] Loss: 0.217, Acc: 0.996, Base Lr: 6.09e-04
2026-06-05 10:32:54 transreid.train INFO: Epoch[39] Iter[260/275] Loss: 0.215, Acc: 0.995, Base Lr: 6.09e-04
2026-06-05 10:32:55 transreid.train INFO: Epoch 39 done. Time per epoch: 28.860[s] Speed: 605.4[samples/s]
2026-06-05 10:32:58 transreid.train INFO: Epoch[40] Iter[20/275] Loss: 0.226, Acc: 0.998, Base Lr: 6.00e-04
2026-06-05 10:33:00 transreid.train INFO: Epoch[40] Iter[40/275] Loss: 0.230, Acc: 0.995, Base Lr: 6.00e-04
2026-06-05 10:33:02 transreid.train INFO: Epoch[40] Iter[60/275] Loss: 0.222, Acc: 0.995, Base Lr: 6.00e-04
2026-06-05 10:33:04 transreid.train INFO: Epoch[40] Iter[80/275] Loss: 0.220, Acc: 0.994, Base Lr: 6.00e-04
2026-06-05 10:33:06 transreid.train INFO: Epoch[40] Iter[100/275] Loss: 0.221, Acc: 0.995, Base Lr: 6.00e-04
2026-06-05 10:33:08 transreid.train INFO: Epoch[40] Iter[120/275] Loss: 0.217, Acc: 0.995, Base Lr: 6.00e-04
2026-06-05 10:33:10 transreid.train INFO: Epoch[40] Iter[140/275] Loss: 0.212, Acc: 0.996, Base Lr: 6.00e-04
2026-06-05 10:33:12 transreid.train INFO: Epoch[40] Iter[160/275] Loss: 0.209, Acc: 0.996, Base Lr: 6.00e-04
2026-06-05 10:33:14 transreid.train INFO: Epoch[40] Iter[180/275] Loss: 0.207, Acc: 0.996, Base Lr: 6.00e-04
2026-06-05 10:33:16 transreid.train INFO: Epoch[40] Iter[200/275] Loss: 0.205, Acc: 0.995, Base Lr: 6.00e-04
2026-06-05 10:33:19 transreid.train INFO: Epoch[40] Iter[220/275] Loss: 0.203, Acc: 0.995, Base Lr: 6.00e-04
2026-06-05 10:33:21 transreid.train INFO: Epoch[40] Iter[240/275] Loss: 0.202, Acc: 0.996, Base Lr: 6.00e-04
2026-06-05 10:33:23 transreid.train INFO: Epoch[40] Iter[260/275] Loss: 0.200, Acc: 0.996, Base Lr: 6.00e-04
2026-06-05 10:33:24 transreid.train INFO: Epoch 40 done. Time per epoch: 29.002[s] Speed: 604.7[samples/s]
=> Computing MULTIHYP conservative DistMat (alpha=0.1)
2026-06-05 10:33:38 transreid.train INFO: Validation Results - Epoch: 40
2026-06-05 10:33:38 transreid.train INFO: mAP: 75.9%
2026-06-05 10:33:38 transreid.train INFO: CMC curve, Rank-1  :84.6%
2026-06-05 10:33:38 transreid.train INFO: CMC curve, Rank-5  :94.3%
2026-06-05 10:33:38 transreid.train INFO: CMC curve, Rank-10 :96.6%
2026-06-05 10:33:41 transreid.train INFO: Epoch[41] Iter[20/275] Loss: 0.245, Acc: 0.988, Base Lr: 5.91e-04
2026-06-05 10:33:43 transreid.train INFO: Epoch[41] Iter[40/275] Loss: 0.235, Acc: 0.993, Base Lr: 5.91e-04
2026-06-05 10:33:45 transreid.train INFO: Epoch[41] Iter[60/275] Loss: 0.221, Acc: 0.995, Base Lr: 5.91e-04
2026-06-05 10:33:47 transreid.train INFO: Epoch[41] Iter[80/275] Loss: 0.209, Acc: 0.996, Base Lr: 5.91e-04
2026-06-05 10:33:49 transreid.train INFO: Epoch[41] Iter[100/275] Loss: 0.205, Acc: 0.996, Base Lr: 5.91e-04
2026-06-05 10:33:51 transreid.train INFO: Epoch[41] Iter[120/275] Loss: 0.202, Acc: 0.996, Base Lr: 5.91e-04
2026-06-05 10:33:53 transreid.train INFO: Epoch[41] Iter[140/275] Loss: 0.198, Acc: 0.996, Base Lr: 5.91e-04
2026-06-05 10:33:55 transreid.train INFO: Epoch[41] Iter[160/275] Loss: 0.195, Acc: 0.996, Base Lr: 5.91e-04
2026-06-05 10:33:58 transreid.train INFO: Epoch[41] Iter[180/275] Loss: 0.199, Acc: 0.996, Base Lr: 5.91e-04
2026-06-05 10:34:00 transreid.train INFO: Epoch[41] Iter[200/275] Loss: 0.197, Acc: 0.996, Base Lr: 5.91e-04
2026-06-05 10:34:02 transreid.train INFO: Epoch[41] Iter[220/275] Loss: 0.195, Acc: 0.996, Base Lr: 5.91e-04
2026-06-05 10:34:04 transreid.train INFO: Epoch[41] Iter[240/275] Loss: 0.194, Acc: 0.996, Base Lr: 5.91e-04
2026-06-05 10:34:06 transreid.train INFO: Epoch[41] Iter[260/275] Loss: 0.194, Acc: 0.996, Base Lr: 5.91e-04
2026-06-05 10:34:07 transreid.train INFO: Epoch 41 done. Time per epoch: 28.992[s] Speed: 604.9[samples/s]
2026-06-05 10:34:10 transreid.train INFO: Epoch[42] Iter[20/275] Loss: 0.227, Acc: 0.994, Base Lr: 5.82e-04
2026-06-05 10:34:12 transreid.train INFO: Epoch[42] Iter[40/275] Loss: 0.221, Acc: 0.995, Base Lr: 5.82e-04
2026-06-05 10:34:14 transreid.train INFO: Epoch[42] Iter[60/275] Loss: 0.215, Acc: 0.995, Base Lr: 5.82e-04
2026-06-05 10:34:16 transreid.train INFO: Epoch[42] Iter[80/275] Loss: 0.208, Acc: 0.996, Base Lr: 5.82e-04
2026-06-05 10:34:18 transreid.train INFO: Epoch[42] Iter[100/275] Loss: 0.203, Acc: 0.995, Base Lr: 5.82e-04
2026-06-05 10:34:20 transreid.train INFO: Epoch[42] Iter[120/275] Loss: 0.199, Acc: 0.996, Base Lr: 5.82e-04
2026-06-05 10:34:22 transreid.train INFO: Epoch[42] Iter[140/275] Loss: 0.195, Acc: 0.995, Base Lr: 5.82e-04
2026-06-05 10:34:24 transreid.train INFO: Epoch[42] Iter[160/275] Loss: 0.192, Acc: 0.996, Base Lr: 5.82e-04
2026-06-05 10:34:26 transreid.train INFO: Epoch[42] Iter[180/275] Loss: 0.189, Acc: 0.996, Base Lr: 5.82e-04
2026-06-05 10:34:29 transreid.train INFO: Epoch[42] Iter[200/275] Loss: 0.189, Acc: 0.996, Base Lr: 5.82e-04
2026-06-05 10:34:31 transreid.train INFO: Epoch[42] Iter[220/275] Loss: 0.186, Acc: 0.997, Base Lr: 5.82e-04
2026-06-05 10:34:33 transreid.train INFO: Epoch[42] Iter[240/275] Loss: 0.184, Acc: 0.996, Base Lr: 5.82e-04
2026-06-05 10:34:35 transreid.train INFO: Epoch[42] Iter[260/275] Loss: 0.181, Acc: 0.997, Base Lr: 5.82e-04
2026-06-05 10:34:36 transreid.train INFO: Epoch 42 done. Time per epoch: 28.958[s] Speed: 605.6[samples/s]
2026-06-05 10:34:39 transreid.train INFO: Epoch[43] Iter[20/275] Loss: 0.204, Acc: 0.998, Base Lr: 5.73e-04
2026-06-05 10:34:41 transreid.train INFO: Epoch[43] Iter[40/275] Loss: 0.200, Acc: 0.997, Base Lr: 5.73e-04
2026-06-05 10:34:43 transreid.train INFO: Epoch[43] Iter[60/275] Loss: 0.193, Acc: 0.998, Base Lr: 5.73e-04
2026-06-05 10:34:45 transreid.train INFO: Epoch[43] Iter[80/275] Loss: 0.195, Acc: 0.997, Base Lr: 5.73e-04
2026-06-05 10:34:47 transreid.train INFO: Epoch[43] Iter[100/275] Loss: 0.195, Acc: 0.997, Base Lr: 5.73e-04
2026-06-05 10:34:49 transreid.train INFO: Epoch[43] Iter[120/275] Loss: 0.191, Acc: 0.997, Base Lr: 5.73e-04
2026-06-05 10:34:51 transreid.train INFO: Epoch[43] Iter[140/275] Loss: 0.187, Acc: 0.997, Base Lr: 5.73e-04
2026-06-05 10:34:53 transreid.train INFO: Epoch[43] Iter[160/275] Loss: 0.185, Acc: 0.996, Base Lr: 5.73e-04
2026-06-05 10:34:55 transreid.train INFO: Epoch[43] Iter[180/275] Loss: 0.182, Acc: 0.997, Base Lr: 5.73e-04
2026-06-05 10:34:58 transreid.train INFO: Epoch[43] Iter[200/275] Loss: 0.180, Acc: 0.997, Base Lr: 5.73e-04
2026-06-05 10:35:00 transreid.train INFO: Epoch[43] Iter[220/275] Loss: 0.179, Acc: 0.997, Base Lr: 5.73e-04
2026-06-05 10:35:02 transreid.train INFO: Epoch[43] Iter[240/275] Loss: 0.177, Acc: 0.997, Base Lr: 5.73e-04
2026-06-05 10:35:04 transreid.train INFO: Epoch[43] Iter[260/275] Loss: 0.175, Acc: 0.997, Base Lr: 5.73e-04
2026-06-05 10:35:05 transreid.train INFO: Epoch 43 done. Time per epoch: 28.866[s] Speed: 605.3[samples/s]
2026-06-05 10:35:08 transreid.train INFO: Epoch[44] Iter[20/275] Loss: 0.206, Acc: 0.996, Base Lr: 5.63e-04
2026-06-05 10:35:10 transreid.train INFO: Epoch[44] Iter[40/275] Loss: 0.192, Acc: 0.996, Base Lr: 5.63e-04
2026-06-05 10:35:12 transreid.train INFO: Epoch[44] Iter[60/275] Loss: 0.186, Acc: 0.996, Base Lr: 5.63e-04
2026-06-05 10:35:14 transreid.train INFO: Epoch[44] Iter[80/275] Loss: 0.183, Acc: 0.997, Base Lr: 5.63e-04
2026-06-05 10:35:16 transreid.train INFO: Epoch[44] Iter[100/275] Loss: 0.177, Acc: 0.997, Base Lr: 5.63e-04
2026-06-05 10:35:18 transreid.train INFO: Epoch[44] Iter[120/275] Loss: 0.174, Acc: 0.998, Base Lr: 5.63e-04
2026-06-05 10:35:20 transreid.train INFO: Epoch[44] Iter[140/275] Loss: 0.172, Acc: 0.998, Base Lr: 5.63e-04
2026-06-05 10:35:22 transreid.train INFO: Epoch[44] Iter[160/275] Loss: 0.173, Acc: 0.998, Base Lr: 5.63e-04
2026-06-05 10:35:24 transreid.train INFO: Epoch[44] Iter[180/275] Loss: 0.172, Acc: 0.997, Base Lr: 5.63e-04
2026-06-05 10:35:26 transreid.train INFO: Epoch[44] Iter[200/275] Loss: 0.171, Acc: 0.997, Base Lr: 5.63e-04
2026-06-05 10:35:29 transreid.train INFO: Epoch[44] Iter[220/275] Loss: 0.169, Acc: 0.997, Base Lr: 5.63e-04
2026-06-05 10:35:31 transreid.train INFO: Epoch[44] Iter[240/275] Loss: 0.170, Acc: 0.997, Base Lr: 5.63e-04
2026-06-05 10:35:33 transreid.train INFO: Epoch[44] Iter[260/275] Loss: 0.169, Acc: 0.997, Base Lr: 5.63e-04
2026-06-05 10:35:34 transreid.train INFO: Epoch 44 done. Time per epoch: 28.876[s] Speed: 605.1[samples/s]
2026-06-05 10:35:36 transreid.train INFO: Epoch[45] Iter[20/275] Loss: 0.192, Acc: 0.995, Base Lr: 5.54e-04
2026-06-05 10:35:39 transreid.train INFO: Epoch[45] Iter[40/275] Loss: 0.192, Acc: 0.994, Base Lr: 5.54e-04
2026-06-05 10:35:41 transreid.train INFO: Epoch[45] Iter[60/275] Loss: 0.190, Acc: 0.994, Base Lr: 5.54e-04
2026-06-05 10:35:43 transreid.train INFO: Epoch[45] Iter[80/275] Loss: 0.182, Acc: 0.996, Base Lr: 5.54e-04
2026-06-05 10:35:45 transreid.train INFO: Epoch[45] Iter[100/275] Loss: 0.178, Acc: 0.996, Base Lr: 5.54e-04
2026-06-05 10:35:47 transreid.train INFO: Epoch[45] Iter[120/275] Loss: 0.174, Acc: 0.997, Base Lr: 5.54e-04
2026-06-05 10:35:49 transreid.train INFO: Epoch[45] Iter[140/275] Loss: 0.172, Acc: 0.996, Base Lr: 5.54e-04
2026-06-05 10:35:51 transreid.train INFO: Epoch[45] Iter[160/275] Loss: 0.170, Acc: 0.996, Base Lr: 5.54e-04
2026-06-05 10:35:53 transreid.train INFO: Epoch[45] Iter[180/275] Loss: 0.167, Acc: 0.997, Base Lr: 5.54e-04
2026-06-05 10:35:55 transreid.train INFO: Epoch[45] Iter[200/275] Loss: 0.165, Acc: 0.997, Base Lr: 5.54e-04
2026-06-05 10:35:57 transreid.train INFO: Epoch[45] Iter[220/275] Loss: 0.163, Acc: 0.997, Base Lr: 5.54e-04
2026-06-05 10:35:59 transreid.train INFO: Epoch[45] Iter[240/275] Loss: 0.162, Acc: 0.997, Base Lr: 5.54e-04
2026-06-05 10:36:02 transreid.train INFO: Epoch[45] Iter[260/275] Loss: 0.161, Acc: 0.997, Base Lr: 5.54e-04
2026-06-05 10:36:03 transreid.train INFO: Epoch 45 done. Time per epoch: 28.961[s] Speed: 605.5[samples/s]
2026-06-05 10:36:05 transreid.train INFO: Epoch[46] Iter[20/275] Loss: 0.183, Acc: 0.992, Base Lr: 5.44e-04
2026-06-05 10:36:07 transreid.train INFO: Epoch[46] Iter[40/275] Loss: 0.173, Acc: 0.996, Base Lr: 5.44e-04
2026-06-05 10:36:10 transreid.train INFO: Epoch[46] Iter[60/275] Loss: 0.172, Acc: 0.997, Base Lr: 5.44e-04
2026-06-05 10:36:12 transreid.train INFO: Epoch[46] Iter[80/275] Loss: 0.168, Acc: 0.997, Base Lr: 5.44e-04
2026-06-05 10:36:14 transreid.train INFO: Epoch[46] Iter[100/275] Loss: 0.168, Acc: 0.997, Base Lr: 5.44e-04
2026-06-05 10:36:16 transreid.train INFO: Epoch[46] Iter[120/275] Loss: 0.167, Acc: 0.997, Base Lr: 5.44e-04
2026-06-05 10:36:18 transreid.train INFO: Epoch[46] Iter[140/275] Loss: 0.165, Acc: 0.997, Base Lr: 5.44e-04
2026-06-05 10:36:20 transreid.train INFO: Epoch[46] Iter[160/275] Loss: 0.163, Acc: 0.997, Base Lr: 5.44e-04
2026-06-05 10:36:22 transreid.train INFO: Epoch[46] Iter[180/275] Loss: 0.161, Acc: 0.997, Base Lr: 5.44e-04
2026-06-05 10:36:24 transreid.train INFO: Epoch[46] Iter[200/275] Loss: 0.160, Acc: 0.997, Base Lr: 5.44e-04
2026-06-05 10:36:26 transreid.train INFO: Epoch[46] Iter[220/275] Loss: 0.160, Acc: 0.997, Base Lr: 5.44e-04
2026-06-05 10:36:28 transreid.train INFO: Epoch[46] Iter[240/275] Loss: 0.158, Acc: 0.997, Base Lr: 5.44e-04
2026-06-05 10:36:31 transreid.train INFO: Epoch[46] Iter[260/275] Loss: 0.157, Acc: 0.997, Base Lr: 5.44e-04
2026-06-05 10:36:32 transreid.train INFO: Epoch 46 done. Time per epoch: 28.850[s] Speed: 605.6[samples/s]
2026-06-05 10:36:34 transreid.train INFO: Epoch[47] Iter[20/275] Loss: 0.205, Acc: 0.994, Base Lr: 5.34e-04
2026-06-05 10:36:36 transreid.train INFO: Epoch[47] Iter[40/275] Loss: 0.192, Acc: 0.996, Base Lr: 5.34e-04
2026-06-05 10:36:38 transreid.train INFO: Epoch[47] Iter[60/275] Loss: 0.182, Acc: 0.997, Base Lr: 5.34e-04
2026-06-05 10:36:41 transreid.train INFO: Epoch[47] Iter[80/275] Loss: 0.176, Acc: 0.997, Base Lr: 5.34e-04
2026-06-05 10:36:43 transreid.train INFO: Epoch[47] Iter[100/275] Loss: 0.173, Acc: 0.997, Base Lr: 5.34e-04
2026-06-05 10:36:45 transreid.train INFO: Epoch[47] Iter[120/275] Loss: 0.170, Acc: 0.998, Base Lr: 5.34e-04
2026-06-05 10:36:47 transreid.train INFO: Epoch[47] Iter[140/275] Loss: 0.167, Acc: 0.997, Base Lr: 5.34e-04
2026-06-05 10:36:49 transreid.train INFO: Epoch[47] Iter[160/275] Loss: 0.166, Acc: 0.998, Base Lr: 5.34e-04
2026-06-05 10:36:51 transreid.train INFO: Epoch[47] Iter[180/275] Loss: 0.164, Acc: 0.997, Base Lr: 5.34e-04
2026-06-05 10:36:53 transreid.train INFO: Epoch[47] Iter[200/275] Loss: 0.162, Acc: 0.998, Base Lr: 5.34e-04
2026-06-05 10:36:55 transreid.train INFO: Epoch[47] Iter[220/275] Loss: 0.159, Acc: 0.998, Base Lr: 5.34e-04
2026-06-05 10:36:57 transreid.train INFO: Epoch[47] Iter[240/275] Loss: 0.158, Acc: 0.997, Base Lr: 5.34e-04
2026-06-05 10:36:59 transreid.train INFO: Epoch[47] Iter[260/275] Loss: 0.157, Acc: 0.997, Base Lr: 5.34e-04
2026-06-05 10:37:01 transreid.train INFO: Epoch 47 done. Time per epoch: 29.034[s] Speed: 604.0[samples/s]
2026-06-05 10:37:03 transreid.train INFO: Epoch[48] Iter[20/275] Loss: 0.166, Acc: 0.999, Base Lr: 5.24e-04
2026-06-05 10:37:05 transreid.train INFO: Epoch[48] Iter[40/275] Loss: 0.161, Acc: 0.998, Base Lr: 5.24e-04
2026-06-05 10:37:07 transreid.train INFO: Epoch[48] Iter[60/275] Loss: 0.159, Acc: 0.998, Base Lr: 5.24e-04
2026-06-05 10:37:10 transreid.train INFO: Epoch[48] Iter[80/275] Loss: 0.161, Acc: 0.998, Base Lr: 5.24e-04
2026-06-05 10:37:12 transreid.train INFO: Epoch[48] Iter[100/275] Loss: 0.158, Acc: 0.998, Base Lr: 5.24e-04
2026-06-05 10:37:14 transreid.train INFO: Epoch[48] Iter[120/275] Loss: 0.155, Acc: 0.998, Base Lr: 5.24e-04
2026-06-05 10:37:16 transreid.train INFO: Epoch[48] Iter[140/275] Loss: 0.153, Acc: 0.998, Base Lr: 5.24e-04
2026-06-05 10:37:18 transreid.train INFO: Epoch[48] Iter[160/275] Loss: 0.158, Acc: 0.998, Base Lr: 5.24e-04
2026-06-05 10:37:20 transreid.train INFO: Epoch[48] Iter[180/275] Loss: 0.158, Acc: 0.997, Base Lr: 5.24e-04
2026-06-05 10:37:22 transreid.train INFO: Epoch[48] Iter[200/275] Loss: 0.157, Acc: 0.997, Base Lr: 5.24e-04
2026-06-05 10:37:24 transreid.train INFO: Epoch[48] Iter[220/275] Loss: 0.155, Acc: 0.997, Base Lr: 5.24e-04
2026-06-05 10:37:26 transreid.train INFO: Epoch[48] Iter[240/275] Loss: 0.153, Acc: 0.998, Base Lr: 5.24e-04
2026-06-05 10:37:28 transreid.train INFO: Epoch[48] Iter[260/275] Loss: 0.152, Acc: 0.997, Base Lr: 5.24e-04
2026-06-05 10:37:30 transreid.train INFO: Epoch 48 done. Time per epoch: 28.952[s] Speed: 605.7[samples/s]
2026-06-05 10:37:32 transreid.train INFO: Epoch[49] Iter[20/275] Loss: 0.174, Acc: 0.994, Base Lr: 5.14e-04
2026-06-05 10:37:34 transreid.train INFO: Epoch[49] Iter[40/275] Loss: 0.167, Acc: 0.996, Base Lr: 5.14e-04
2026-06-05 10:37:36 transreid.train INFO: Epoch[49] Iter[60/275] Loss: 0.164, Acc: 0.996, Base Lr: 5.14e-04
2026-06-05 10:37:39 transreid.train INFO: Epoch[49] Iter[80/275] Loss: 0.161, Acc: 0.997, Base Lr: 5.14e-04
2026-06-05 10:37:41 transreid.train INFO: Epoch[49] Iter[100/275] Loss: 0.159, Acc: 0.997, Base Lr: 5.14e-04
2026-06-05 10:37:43 transreid.train INFO: Epoch[49] Iter[120/275] Loss: 0.158, Acc: 0.997, Base Lr: 5.14e-04
2026-06-05 10:37:45 transreid.train INFO: Epoch[49] Iter[140/275] Loss: 0.155, Acc: 0.996, Base Lr: 5.14e-04
2026-06-05 10:37:47 transreid.train INFO: Epoch[49] Iter[160/275] Loss: 0.152, Acc: 0.997, Base Lr: 5.14e-04
2026-06-05 10:37:49 transreid.train INFO: Epoch[49] Iter[180/275] Loss: 0.150, Acc: 0.997, Base Lr: 5.14e-04
2026-06-05 10:37:51 transreid.train INFO: Epoch[49] Iter[200/275] Loss: 0.149, Acc: 0.997, Base Lr: 5.14e-04
2026-06-05 10:37:53 transreid.train INFO: Epoch[49] Iter[220/275] Loss: 0.147, Acc: 0.997, Base Lr: 5.14e-04
2026-06-05 10:37:55 transreid.train INFO: Epoch[49] Iter[240/275] Loss: 0.146, Acc: 0.997, Base Lr: 5.14e-04
2026-06-05 10:37:57 transreid.train INFO: Epoch[49] Iter[260/275] Loss: 0.145, Acc: 0.997, Base Lr: 5.14e-04
2026-06-05 10:37:59 transreid.train INFO: Epoch 49 done. Time per epoch: 28.963[s] Speed: 605.5[samples/s]
2026-06-05 10:38:01 transreid.train INFO: Epoch[50] Iter[20/275] Loss: 0.165, Acc: 0.999, Base Lr: 5.04e-04
2026-06-05 10:38:03 transreid.train INFO: Epoch[50] Iter[40/275] Loss: 0.155, Acc: 0.998, Base Lr: 5.04e-04
2026-06-05 10:38:05 transreid.train INFO: Epoch[50] Iter[60/275] Loss: 0.154, Acc: 0.998, Base Lr: 5.04e-04
2026-06-05 10:38:07 transreid.train INFO: Epoch[50] Iter[80/275] Loss: 0.153, Acc: 0.998, Base Lr: 5.04e-04
2026-06-05 10:38:10 transreid.train INFO: Epoch[50] Iter[100/275] Loss: 0.151, Acc: 0.998, Base Lr: 5.04e-04
2026-06-05 10:38:12 transreid.train INFO: Epoch[50] Iter[120/275] Loss: 0.148, Acc: 0.998, Base Lr: 5.04e-04
2026-06-05 10:38:14 transreid.train INFO: Epoch[50] Iter[140/275] Loss: 0.145, Acc: 0.998, Base Lr: 5.04e-04
2026-06-05 10:38:16 transreid.train INFO: Epoch[50] Iter[160/275] Loss: 0.142, Acc: 0.998, Base Lr: 5.04e-04
2026-06-05 10:38:18 transreid.train INFO: Epoch[50] Iter[180/275] Loss: 0.141, Acc: 0.998, Base Lr: 5.04e-04
2026-06-05 10:38:20 transreid.train INFO: Epoch[50] Iter[200/275] Loss: 0.142, Acc: 0.998, Base Lr: 5.04e-04
2026-06-05 10:38:22 transreid.train INFO: Epoch[50] Iter[220/275] Loss: 0.141, Acc: 0.998, Base Lr: 5.04e-04
2026-06-05 10:38:24 transreid.train INFO: Epoch[50] Iter[240/275] Loss: 0.140, Acc: 0.998, Base Lr: 5.04e-04
2026-06-05 10:38:26 transreid.train INFO: Epoch[50] Iter[260/275] Loss: 0.140, Acc: 0.998, Base Lr: 5.04e-04
2026-06-05 10:38:28 transreid.train INFO: Epoch 50 done. Time per epoch: 28.856[s] Speed: 605.5[samples/s]
2026-06-05 10:38:30 transreid.train INFO: Epoch[51] Iter[20/275] Loss: 0.146, Acc: 0.999, Base Lr: 4.94e-04
2026-06-05 10:38:32 transreid.train INFO: Epoch[51] Iter[40/275] Loss: 0.143, Acc: 0.997, Base Lr: 4.94e-04
2026-06-05 10:38:34 transreid.train INFO: Epoch[51] Iter[60/275] Loss: 0.139, Acc: 0.998, Base Lr: 4.94e-04
2026-06-05 10:38:36 transreid.train INFO: Epoch[51] Iter[80/275] Loss: 0.140, Acc: 0.998, Base Lr: 4.94e-04
2026-06-05 10:38:38 transreid.train INFO: Epoch[51] Iter[100/275] Loss: 0.140, Acc: 0.998, Base Lr: 4.94e-04
2026-06-05 10:38:41 transreid.train INFO: Epoch[51] Iter[120/275] Loss: 0.138, Acc: 0.998, Base Lr: 4.94e-04
2026-06-05 10:38:43 transreid.train INFO: Epoch[51] Iter[140/275] Loss: 0.138, Acc: 0.998, Base Lr: 4.94e-04
2026-06-05 10:38:45 transreid.train INFO: Epoch[51] Iter[160/275] Loss: 0.140, Acc: 0.998, Base Lr: 4.94e-04
2026-06-05 10:38:47 transreid.train INFO: Epoch[51] Iter[180/275] Loss: 0.145, Acc: 0.998, Base Lr: 4.94e-04
2026-06-05 10:38:49 transreid.train INFO: Epoch[51] Iter[200/275] Loss: 0.144, Acc: 0.998, Base Lr: 4.94e-04
2026-06-05 10:38:51 transreid.train INFO: Epoch[51] Iter[220/275] Loss: 0.143, Acc: 0.998, Base Lr: 4.94e-04
2026-06-05 10:38:53 transreid.train INFO: Epoch[51] Iter[240/275] Loss: 0.142, Acc: 0.998, Base Lr: 4.94e-04
2026-06-05 10:38:55 transreid.train INFO: Epoch[51] Iter[260/275] Loss: 0.141, Acc: 0.997, Base Lr: 4.94e-04
2026-06-05 10:38:57 transreid.train INFO: Epoch 51 done. Time per epoch: 28.853[s] Speed: 605.5[samples/s]
2026-06-05 10:38:59 transreid.train INFO: Epoch[52] Iter[20/275] Loss: 0.150, Acc: 0.995, Base Lr: 4.84e-04
2026-06-05 10:39:01 transreid.train INFO: Epoch[52] Iter[40/275] Loss: 0.147, Acc: 0.996, Base Lr: 4.84e-04
2026-06-05 10:39:03 transreid.train INFO: Epoch[52] Iter[60/275] Loss: 0.149, Acc: 0.997, Base Lr: 4.84e-04
2026-06-05 10:39:05 transreid.train INFO: Epoch[52] Iter[80/275] Loss: 0.158, Acc: 0.997, Base Lr: 4.84e-04
2026-06-05 10:39:07 transreid.train INFO: Epoch[52] Iter[100/275] Loss: 0.154, Acc: 0.997, Base Lr: 4.84e-04
2026-06-05 10:39:09 transreid.train INFO: Epoch[52] Iter[120/275] Loss: 0.150, Acc: 0.998, Base Lr: 4.84e-04
2026-06-05 10:39:11 transreid.train INFO: Epoch[52] Iter[140/275] Loss: 0.147, Acc: 0.998, Base Lr: 4.84e-04
2026-06-05 10:39:14 transreid.train INFO: Epoch[52] Iter[160/275] Loss: 0.146, Acc: 0.998, Base Lr: 4.84e-04
2026-06-05 10:39:16 transreid.train INFO: Epoch[52] Iter[180/275] Loss: 0.144, Acc: 0.998, Base Lr: 4.84e-04
2026-06-05 10:39:18 transreid.train INFO: Epoch[52] Iter[200/275] Loss: 0.142, Acc: 0.998, Base Lr: 4.84e-04
2026-06-05 10:39:20 transreid.train INFO: Epoch[52] Iter[220/275] Loss: 0.140, Acc: 0.997, Base Lr: 4.84e-04
2026-06-05 10:39:22 transreid.train INFO: Epoch[52] Iter[240/275] Loss: 0.139, Acc: 0.997, Base Lr: 4.84e-04
2026-06-05 10:39:24 transreid.train INFO: Epoch[52] Iter[260/275] Loss: 0.137, Acc: 0.997, Base Lr: 4.84e-04
2026-06-05 10:39:26 transreid.train INFO: Epoch 52 done. Time per epoch: 28.971[s] Speed: 605.3[samples/s]
2026-06-05 10:39:28 transreid.train INFO: Epoch[53] Iter[20/275] Loss: 0.135, Acc: 0.996, Base Lr: 4.74e-04
2026-06-05 10:39:30 transreid.train INFO: Epoch[53] Iter[40/275] Loss: 0.136, Acc: 0.997, Base Lr: 4.74e-04
2026-06-05 10:39:32 transreid.train INFO: Epoch[53] Iter[60/275] Loss: 0.137, Acc: 0.996, Base Lr: 4.74e-04
2026-06-05 10:39:34 transreid.train INFO: Epoch[53] Iter[80/275] Loss: 0.134, Acc: 0.996, Base Lr: 4.74e-04
2026-06-05 10:39:36 transreid.train INFO: Epoch[53] Iter[100/275] Loss: 0.135, Acc: 0.997, Base Lr: 4.74e-04
2026-06-05 10:39:38 transreid.train INFO: Epoch[53] Iter[120/275] Loss: 0.134, Acc: 0.997, Base Lr: 4.74e-04
2026-06-05 10:39:40 transreid.train INFO: Epoch[53] Iter[140/275] Loss: 0.135, Acc: 0.998, Base Lr: 4.74e-04
2026-06-05 10:39:43 transreid.train INFO: Epoch[53] Iter[160/275] Loss: 0.133, Acc: 0.998, Base Lr: 4.74e-04
2026-06-05 10:39:45 transreid.train INFO: Epoch[53] Iter[180/275] Loss: 0.133, Acc: 0.998, Base Lr: 4.74e-04
2026-06-05 10:39:47 transreid.train INFO: Epoch[53] Iter[200/275] Loss: 0.131, Acc: 0.998, Base Lr: 4.74e-04
2026-06-05 10:39:49 transreid.train INFO: Epoch[53] Iter[220/275] Loss: 0.129, Acc: 0.998, Base Lr: 4.74e-04
2026-06-05 10:39:51 transreid.train INFO: Epoch[53] Iter[240/275] Loss: 0.130, Acc: 0.998, Base Lr: 4.74e-04
2026-06-05 10:39:53 transreid.train INFO: Epoch[53] Iter[260/275] Loss: 0.132, Acc: 0.998, Base Lr: 4.74e-04
2026-06-05 10:39:55 transreid.train INFO: Epoch 53 done. Time per epoch: 28.979[s] Speed: 605.1[samples/s]
2026-06-05 10:39:57 transreid.train INFO: Epoch[54] Iter[20/275] Loss: 0.163, Acc: 0.998, Base Lr: 4.63e-04
2026-06-05 10:39:59 transreid.train INFO: Epoch[54] Iter[40/275] Loss: 0.154, Acc: 0.997, Base Lr: 4.63e-04
2026-06-05 10:40:01 transreid.train INFO: Epoch[54] Iter[60/275] Loss: 0.151, Acc: 0.995, Base Lr: 4.63e-04
2026-06-05 10:40:03 transreid.train INFO: Epoch[54] Iter[80/275] Loss: 0.147, Acc: 0.996, Base Lr: 4.63e-04
2026-06-05 10:40:05 transreid.train INFO: Epoch[54] Iter[100/275] Loss: 0.143, Acc: 0.997, Base Lr: 4.63e-04
2026-06-05 10:40:07 transreid.train INFO: Epoch[54] Iter[120/275] Loss: 0.142, Acc: 0.997, Base Lr: 4.63e-04
2026-06-05 10:40:09 transreid.train INFO: Epoch[54] Iter[140/275] Loss: 0.140, Acc: 0.997, Base Lr: 4.63e-04
2026-06-05 10:40:12 transreid.train INFO: Epoch[54] Iter[160/275] Loss: 0.138, Acc: 0.997, Base Lr: 4.63e-04
2026-06-05 10:40:14 transreid.train INFO: Epoch[54] Iter[180/275] Loss: 0.136, Acc: 0.997, Base Lr: 4.63e-04
2026-06-05 10:40:16 transreid.train INFO: Epoch[54] Iter[200/275] Loss: 0.134, Acc: 0.997, Base Lr: 4.63e-04
2026-06-05 10:40:18 transreid.train INFO: Epoch[54] Iter[220/275] Loss: 0.133, Acc: 0.997, Base Lr: 4.63e-04
2026-06-05 10:40:20 transreid.train INFO: Epoch[54] Iter[240/275] Loss: 0.132, Acc: 0.997, Base Lr: 4.63e-04
2026-06-05 10:40:22 transreid.train INFO: Epoch[54] Iter[260/275] Loss: 0.131, Acc: 0.998, Base Lr: 4.63e-04
2026-06-05 10:40:23 transreid.train INFO: Epoch 54 done. Time per epoch: 28.971[s] Speed: 605.3[samples/s]
2026-06-05 10:40:26 transreid.train INFO: Epoch[55] Iter[20/275] Loss: 0.141, Acc: 0.999, Base Lr: 4.53e-04
2026-06-05 10:40:28 transreid.train INFO: Epoch[55] Iter[40/275] Loss: 0.150, Acc: 0.998, Base Lr: 4.53e-04
2026-06-05 10:40:30 transreid.train INFO: Epoch[55] Iter[60/275] Loss: 0.144, Acc: 0.998, Base Lr: 4.53e-04
2026-06-05 10:40:32 transreid.train INFO: Epoch[55] Iter[80/275] Loss: 0.141, Acc: 0.998, Base Lr: 4.53e-04
2026-06-05 10:40:34 transreid.train INFO: Epoch[55] Iter[100/275] Loss: 0.136, Acc: 0.999, Base Lr: 4.53e-04
2026-06-05 10:40:36 transreid.train INFO: Epoch[55] Iter[120/275] Loss: 0.133, Acc: 0.999, Base Lr: 4.53e-04
2026-06-05 10:40:38 transreid.train INFO: Epoch[55] Iter[140/275] Loss: 0.131, Acc: 0.999, Base Lr: 4.53e-04
2026-06-05 10:40:41 transreid.train INFO: Epoch[55] Iter[160/275] Loss: 0.131, Acc: 0.999, Base Lr: 4.53e-04
2026-06-05 10:40:43 transreid.train INFO: Epoch[55] Iter[180/275] Loss: 0.131, Acc: 0.998, Base Lr: 4.53e-04
2026-06-05 10:40:45 transreid.train INFO: Epoch[55] Iter[200/275] Loss: 0.130, Acc: 0.998, Base Lr: 4.53e-04
2026-06-05 10:40:47 transreid.train INFO: Epoch[55] Iter[220/275] Loss: 0.129, Acc: 0.998, Base Lr: 4.53e-04
2026-06-05 10:40:49 transreid.train INFO: Epoch[55] Iter[240/275] Loss: 0.127, Acc: 0.998, Base Lr: 4.53e-04
2026-06-05 10:40:51 transreid.train INFO: Epoch[55] Iter[260/275] Loss: 0.126, Acc: 0.998, Base Lr: 4.53e-04
2026-06-05 10:40:52 transreid.train INFO: Epoch 55 done. Time per epoch: 28.872[s] Speed: 605.2[samples/s]
2026-06-05 10:40:55 transreid.train INFO: Epoch[56] Iter[20/275] Loss: 0.133, Acc: 0.998, Base Lr: 4.43e-04
2026-06-05 10:40:57 transreid.train INFO: Epoch[56] Iter[40/275] Loss: 0.133, Acc: 0.998, Base Lr: 4.43e-04
2026-06-05 10:40:59 transreid.train INFO: Epoch[56] Iter[60/275] Loss: 0.135, Acc: 0.997, Base Lr: 4.43e-04
2026-06-05 10:41:01 transreid.train INFO: Epoch[56] Iter[80/275] Loss: 0.132, Acc: 0.997, Base Lr: 4.43e-04
2026-06-05 10:41:03 transreid.train INFO: Epoch[56] Iter[100/275] Loss: 0.130, Acc: 0.997, Base Lr: 4.43e-04
2026-06-05 10:41:05 transreid.train INFO: Epoch[56] Iter[120/275] Loss: 0.127, Acc: 0.998, Base Lr: 4.43e-04
2026-06-05 10:41:07 transreid.train INFO: Epoch[56] Iter[140/275] Loss: 0.125, Acc: 0.998, Base Lr: 4.43e-04
2026-06-05 10:41:09 transreid.train INFO: Epoch[56] Iter[160/275] Loss: 0.124, Acc: 0.998, Base Lr: 4.43e-04
2026-06-05 10:41:11 transreid.train INFO: Epoch[56] Iter[180/275] Loss: 0.122, Acc: 0.998, Base Lr: 4.43e-04
2026-06-05 10:41:14 transreid.train INFO: Epoch[56] Iter[200/275] Loss: 0.121, Acc: 0.998, Base Lr: 4.43e-04
2026-06-05 10:41:16 transreid.train INFO: Epoch[56] Iter[220/275] Loss: 0.120, Acc: 0.998, Base Lr: 4.43e-04
2026-06-05 10:41:18 transreid.train INFO: Epoch[56] Iter[240/275] Loss: 0.119, Acc: 0.998, Base Lr: 4.43e-04
2026-06-05 10:41:20 transreid.train INFO: Epoch[56] Iter[260/275] Loss: 0.118, Acc: 0.997, Base Lr: 4.43e-04
2026-06-05 10:41:21 transreid.train INFO: Epoch 56 done. Time per epoch: 28.865[s] Speed: 605.3[samples/s]
2026-06-05 10:41:24 transreid.train INFO: Epoch[57] Iter[20/275] Loss: 0.131, Acc: 0.998, Base Lr: 4.32e-04
2026-06-05 10:41:26 transreid.train INFO: Epoch[57] Iter[40/275] Loss: 0.129, Acc: 0.998, Base Lr: 4.32e-04
2026-06-05 10:41:28 transreid.train INFO: Epoch[57] Iter[60/275] Loss: 0.129, Acc: 0.998, Base Lr: 4.32e-04
2026-06-05 10:41:30 transreid.train INFO: Epoch[57] Iter[80/275] Loss: 0.129, Acc: 0.998, Base Lr: 4.32e-04
2026-06-05 10:41:32 transreid.train INFO: Epoch[57] Iter[100/275] Loss: 0.126, Acc: 0.998, Base Lr: 4.32e-04
2026-06-05 10:41:34 transreid.train INFO: Epoch[57] Iter[120/275] Loss: 0.125, Acc: 0.998, Base Lr: 4.32e-04
2026-06-05 10:41:36 transreid.train INFO: Epoch[57] Iter[140/275] Loss: 0.123, Acc: 0.998, Base Lr: 4.32e-04
2026-06-05 10:41:38 transreid.train INFO: Epoch[57] Iter[160/275] Loss: 0.121, Acc: 0.998, Base Lr: 4.32e-04
2026-06-05 10:41:40 transreid.train INFO: Epoch[57] Iter[180/275] Loss: 0.119, Acc: 0.998, Base Lr: 4.32e-04
2026-06-05 10:41:42 transreid.train INFO: Epoch[57] Iter[200/275] Loss: 0.118, Acc: 0.998, Base Lr: 4.32e-04
2026-06-05 10:41:45 transreid.train INFO: Epoch[57] Iter[220/275] Loss: 0.117, Acc: 0.998, Base Lr: 4.32e-04
2026-06-05 10:41:47 transreid.train INFO: Epoch[57] Iter[240/275] Loss: 0.116, Acc: 0.998, Base Lr: 4.32e-04
2026-06-05 10:41:49 transreid.train INFO: Epoch[57] Iter[260/275] Loss: 0.115, Acc: 0.998, Base Lr: 4.32e-04
2026-06-05 10:41:50 transreid.train INFO: Epoch 57 done. Time per epoch: 28.975[s] Speed: 605.2[samples/s]
2026-06-05 10:41:53 transreid.train INFO: Epoch[58] Iter[20/275] Loss: 0.134, Acc: 1.000, Base Lr: 4.22e-04
2026-06-05 10:41:55 transreid.train INFO: Epoch[58] Iter[40/275] Loss: 0.127, Acc: 0.998, Base Lr: 4.22e-04
2026-06-05 10:41:57 transreid.train INFO: Epoch[58] Iter[60/275] Loss: 0.123, Acc: 0.997, Base Lr: 4.22e-04
2026-06-05 10:41:59 transreid.train INFO: Epoch[58] Iter[80/275] Loss: 0.121, Acc: 0.997, Base Lr: 4.22e-04
2026-06-05 10:42:01 transreid.train INFO: Epoch[58] Iter[100/275] Loss: 0.120, Acc: 0.997, Base Lr: 4.22e-04
2026-06-05 10:42:03 transreid.train INFO: Epoch[58] Iter[120/275] Loss: 0.119, Acc: 0.998, Base Lr: 4.22e-04
2026-06-05 10:42:05 transreid.train INFO: Epoch[58] Iter[140/275] Loss: 0.117, Acc: 0.998, Base Lr: 4.22e-04
2026-06-05 10:42:07 transreid.train INFO: Epoch[58] Iter[160/275] Loss: 0.118, Acc: 0.998, Base Lr: 4.22e-04
2026-06-05 10:42:09 transreid.train INFO: Epoch[58] Iter[180/275] Loss: 0.117, Acc: 0.998, Base Lr: 4.22e-04
2026-06-05 10:42:11 transreid.train INFO: Epoch[58] Iter[200/275] Loss: 0.116, Acc: 0.998, Base Lr: 4.22e-04
2026-06-05 10:42:14 transreid.train INFO: Epoch[58] Iter[220/275] Loss: 0.117, Acc: 0.998, Base Lr: 4.22e-04
2026-06-05 10:42:16 transreid.train INFO: Epoch[58] Iter[240/275] Loss: 0.116, Acc: 0.998, Base Lr: 4.22e-04
2026-06-05 10:42:18 transreid.train INFO: Epoch[58] Iter[260/275] Loss: 0.116, Acc: 0.998, Base Lr: 4.22e-04
2026-06-05 10:42:19 transreid.train INFO: Epoch 58 done. Time per epoch: 28.874[s] Speed: 605.1[samples/s]
2026-06-05 10:42:21 transreid.train INFO: Epoch[59] Iter[20/275] Loss: 0.129, Acc: 0.997, Base Lr: 4.11e-04
2026-06-05 10:42:24 transreid.train INFO: Epoch[59] Iter[40/275] Loss: 0.127, Acc: 0.998, Base Lr: 4.11e-04
2026-06-05 10:42:26 transreid.train INFO: Epoch[59] Iter[60/275] Loss: 0.122, Acc: 0.998, Base Lr: 4.11e-04
2026-06-05 10:42:28 transreid.train INFO: Epoch[59] Iter[80/275] Loss: 0.123, Acc: 0.997, Base Lr: 4.11e-04
2026-06-05 10:42:30 transreid.train INFO: Epoch[59] Iter[100/275] Loss: 0.121, Acc: 0.997, Base Lr: 4.11e-04
2026-06-05 10:42:32 transreid.train INFO: Epoch[59] Iter[120/275] Loss: 0.119, Acc: 0.998, Base Lr: 4.11e-04
2026-06-05 10:42:34 transreid.train INFO: Epoch[59] Iter[140/275] Loss: 0.118, Acc: 0.997, Base Lr: 4.11e-04
2026-06-05 10:42:36 transreid.train INFO: Epoch[59] Iter[160/275] Loss: 0.117, Acc: 0.998, Base Lr: 4.11e-04
2026-06-05 10:42:38 transreid.train INFO: Epoch[59] Iter[180/275] Loss: 0.116, Acc: 0.997, Base Lr: 4.11e-04
2026-06-05 10:42:40 transreid.train INFO: Epoch[59] Iter[200/275] Loss: 0.115, Acc: 0.998, Base Lr: 4.11e-04
2026-06-05 10:42:42 transreid.train INFO: Epoch[59] Iter[220/275] Loss: 0.114, Acc: 0.998, Base Lr: 4.11e-04
2026-06-05 10:42:44 transreid.train INFO: Epoch[59] Iter[240/275] Loss: 0.113, Acc: 0.998, Base Lr: 4.11e-04
2026-06-05 10:42:47 transreid.train INFO: Epoch[59] Iter[260/275] Loss: 0.112, Acc: 0.998, Base Lr: 4.11e-04
2026-06-05 10:42:48 transreid.train INFO: Epoch 59 done. Time per epoch: 28.871[s] Speed: 605.2[samples/s]
2026-06-05 10:42:50 transreid.train INFO: Epoch[60] Iter[20/275] Loss: 0.120, Acc: 1.000, Base Lr: 4.01e-04
2026-06-05 10:42:52 transreid.train INFO: Epoch[60] Iter[40/275] Loss: 0.120, Acc: 0.998, Base Lr: 4.01e-04
2026-06-05 10:42:54 transreid.train INFO: Epoch[60] Iter[60/275] Loss: 0.117, Acc: 0.998, Base Lr: 4.01e-04
2026-06-05 10:42:57 transreid.train INFO: Epoch[60] Iter[80/275] Loss: 0.116, Acc: 0.998, Base Lr: 4.01e-04
2026-06-05 10:42:59 transreid.train INFO: Epoch[60] Iter[100/275] Loss: 0.113, Acc: 0.998, Base Lr: 4.01e-04
2026-06-05 10:43:01 transreid.train INFO: Epoch[60] Iter[120/275] Loss: 0.112, Acc: 0.998, Base Lr: 4.01e-04
2026-06-05 10:43:03 transreid.train INFO: Epoch[60] Iter[140/275] Loss: 0.112, Acc: 0.998, Base Lr: 4.01e-04
2026-06-05 10:43:05 transreid.train INFO: Epoch[60] Iter[160/275] Loss: 0.112, Acc: 0.998, Base Lr: 4.01e-04
2026-06-05 10:43:07 transreid.train INFO: Epoch[60] Iter[180/275] Loss: 0.110, Acc: 0.998, Base Lr: 4.01e-04
2026-06-05 10:43:09 transreid.train INFO: Epoch[60] Iter[200/275] Loss: 0.109, Acc: 0.998, Base Lr: 4.01e-04
2026-06-05 10:43:11 transreid.train INFO: Epoch[60] Iter[220/275] Loss: 0.108, Acc: 0.998, Base Lr: 4.01e-04
2026-06-05 10:43:13 transreid.train INFO: Epoch[60] Iter[240/275] Loss: 0.109, Acc: 0.998, Base Lr: 4.01e-04
2026-06-05 10:43:15 transreid.train INFO: Epoch[60] Iter[260/275] Loss: 0.108, Acc: 0.998, Base Lr: 4.01e-04
2026-06-05 10:43:17 transreid.train INFO: Epoch 60 done. Time per epoch: 28.844[s] Speed: 605.7[samples/s]
=> Computing MULTIHYP conservative DistMat (alpha=0.1)
2026-06-05 10:43:31 transreid.train INFO: Validation Results - Epoch: 60
2026-06-05 10:43:31 transreid.train INFO: mAP: 76.3%
2026-06-05 10:43:31 transreid.train INFO: CMC curve, Rank-1  :85.3%
2026-06-05 10:43:31 transreid.train INFO: CMC curve, Rank-5  :94.4%
2026-06-05 10:43:31 transreid.train INFO: CMC curve, Rank-10 :96.7%
2026-06-05 10:43:33 transreid.train INFO: Epoch[61] Iter[20/275] Loss: 0.130, Acc: 1.000, Base Lr: 3.90e-04
2026-06-05 10:43:35 transreid.train INFO: Epoch[61] Iter[40/275] Loss: 0.129, Acc: 1.000, Base Lr: 3.90e-04
2026-06-05 10:43:38 transreid.train INFO: Epoch[61] Iter[60/275] Loss: 0.125, Acc: 1.000, Base Lr: 3.90e-04
2026-06-05 10:43:40 transreid.train INFO: Epoch[61] Iter[80/275] Loss: 0.122, Acc: 0.999, Base Lr: 3.90e-04
2026-06-05 10:43:42 transreid.train INFO: Epoch[61] Iter[100/275] Loss: 0.119, Acc: 0.999, Base Lr: 3.90e-04
2026-06-05 10:43:44 transreid.train INFO: Epoch[61] Iter[120/275] Loss: 0.118, Acc: 0.999, Base Lr: 3.90e-04
2026-06-05 10:43:46 transreid.train INFO: Epoch[61] Iter[140/275] Loss: 0.116, Acc: 0.999, Base Lr: 3.90e-04
2026-06-05 10:43:48 transreid.train INFO: Epoch[61] Iter[160/275] Loss: 0.115, Acc: 0.999, Base Lr: 3.90e-04
2026-06-05 10:43:50 transreid.train INFO: Epoch[61] Iter[180/275] Loss: 0.113, Acc: 0.999, Base Lr: 3.90e-04
2026-06-05 10:43:52 transreid.train INFO: Epoch[61] Iter[200/275] Loss: 0.112, Acc: 0.999, Base Lr: 3.90e-04
2026-06-05 10:43:54 transreid.train INFO: Epoch[61] Iter[220/275] Loss: 0.112, Acc: 0.999, Base Lr: 3.90e-04
2026-06-05 10:43:56 transreid.train INFO: Epoch[61] Iter[240/275] Loss: 0.110, Acc: 0.998, Base Lr: 3.90e-04
2026-06-05 10:43:58 transreid.train INFO: Epoch[61] Iter[260/275] Loss: 0.109, Acc: 0.998, Base Lr: 3.90e-04
2026-06-05 10:44:00 transreid.train INFO: Epoch 61 done. Time per epoch: 28.853[s] Speed: 605.5[samples/s]
2026-06-05 10:44:02 transreid.train INFO: Epoch[62] Iter[20/275] Loss: 0.121, Acc: 0.998, Base Lr: 3.80e-04
2026-06-05 10:44:04 transreid.train INFO: Epoch[62] Iter[40/275] Loss: 0.118, Acc: 0.998, Base Lr: 3.80e-04
2026-06-05 10:44:06 transreid.train INFO: Epoch[62] Iter[60/275] Loss: 0.114, Acc: 0.998, Base Lr: 3.80e-04
2026-06-05 10:44:08 transreid.train INFO: Epoch[62] Iter[80/275] Loss: 0.113, Acc: 0.998, Base Lr: 3.80e-04
2026-06-05 10:44:11 transreid.train INFO: Epoch[62] Iter[100/275] Loss: 0.111, Acc: 0.998, Base Lr: 3.80e-04
2026-06-05 10:44:13 transreid.train INFO: Epoch[62] Iter[120/275] Loss: 0.111, Acc: 0.998, Base Lr: 3.80e-04
2026-06-05 10:44:15 transreid.train INFO: Epoch[62] Iter[140/275] Loss: 0.111, Acc: 0.997, Base Lr: 3.80e-04
2026-06-05 10:44:17 transreid.train INFO: Epoch[62] Iter[160/275] Loss: 0.110, Acc: 0.997, Base Lr: 3.80e-04
2026-06-05 10:44:19 transreid.train INFO: Epoch[62] Iter[180/275] Loss: 0.108, Acc: 0.997, Base Lr: 3.80e-04
2026-06-05 10:44:21 transreid.train INFO: Epoch[62] Iter[200/275] Loss: 0.107, Acc: 0.997, Base Lr: 3.80e-04
2026-06-05 10:44:23 transreid.train INFO: Epoch[62] Iter[220/275] Loss: 0.106, Acc: 0.997, Base Lr: 3.80e-04
2026-06-05 10:44:25 transreid.train INFO: Epoch[62] Iter[240/275] Loss: 0.105, Acc: 0.998, Base Lr: 3.80e-04
2026-06-05 10:44:27 transreid.train INFO: Epoch[62] Iter[260/275] Loss: 0.105, Acc: 0.998, Base Lr: 3.80e-04
2026-06-05 10:44:29 transreid.train INFO: Epoch 62 done. Time per epoch: 28.892[s] Speed: 604.7[samples/s]
2026-06-05 10:44:31 transreid.train INFO: Epoch[63] Iter[20/275] Loss: 0.115, Acc: 0.999, Base Lr: 3.69e-04
2026-06-05 10:44:33 transreid.train INFO: Epoch[63] Iter[40/275] Loss: 0.114, Acc: 0.998, Base Lr: 3.69e-04
2026-06-05 10:44:35 transreid.train INFO: Epoch[63] Iter[60/275] Loss: 0.112, Acc: 0.998, Base Lr: 3.69e-04
2026-06-05 10:44:37 transreid.train INFO: Epoch[63] Iter[80/275] Loss: 0.110, Acc: 0.998, Base Lr: 3.69e-04
2026-06-05 10:44:39 transreid.train INFO: Epoch[63] Iter[100/275] Loss: 0.109, Acc: 0.998, Base Lr: 3.69e-04
2026-06-05 10:44:42 transreid.train INFO: Epoch[63] Iter[120/275] Loss: 0.108, Acc: 0.998, Base Lr: 3.69e-04
2026-06-05 10:44:44 transreid.train INFO: Epoch[63] Iter[140/275] Loss: 0.112, Acc: 0.998, Base Lr: 3.69e-04
2026-06-05 10:44:46 transreid.train INFO: Epoch[63] Iter[160/275] Loss: 0.111, Acc: 0.998, Base Lr: 3.69e-04
2026-06-05 10:44:48 transreid.train INFO: Epoch[63] Iter[180/275] Loss: 0.111, Acc: 0.998, Base Lr: 3.69e-04
2026-06-05 10:44:50 transreid.train INFO: Epoch[63] Iter[200/275] Loss: 0.109, Acc: 0.998, Base Lr: 3.69e-04
2026-06-05 10:44:52 transreid.train INFO: Epoch[63] Iter[220/275] Loss: 0.108, Acc: 0.998, Base Lr: 3.69e-04
2026-06-05 10:44:54 transreid.train INFO: Epoch[63] Iter[240/275] Loss: 0.107, Acc: 0.998, Base Lr: 3.69e-04
2026-06-05 10:44:56 transreid.train INFO: Epoch[63] Iter[260/275] Loss: 0.107, Acc: 0.998, Base Lr: 3.69e-04
2026-06-05 10:44:58 transreid.train INFO: Epoch 63 done. Time per epoch: 28.851[s] Speed: 605.6[samples/s]
2026-06-05 10:45:00 transreid.train INFO: Epoch[64] Iter[20/275] Loss: 0.114, Acc: 1.000, Base Lr: 3.59e-04
2026-06-05 10:45:02 transreid.train INFO: Epoch[64] Iter[40/275] Loss: 0.110, Acc: 0.999, Base Lr: 3.59e-04
2026-06-05 10:45:04 transreid.train INFO: Epoch[64] Iter[60/275] Loss: 0.110, Acc: 0.999, Base Lr: 3.59e-04
2026-06-05 10:45:06 transreid.train INFO: Epoch[64] Iter[80/275] Loss: 0.109, Acc: 0.999, Base Lr: 3.59e-04
2026-06-05 10:45:08 transreid.train INFO: Epoch[64] Iter[100/275] Loss: 0.111, Acc: 0.999, Base Lr: 3.59e-04
2026-06-05 10:45:10 transreid.train INFO: Epoch[64] Iter[120/275] Loss: 0.110, Acc: 0.999, Base Lr: 3.59e-04
2026-06-05 10:45:13 transreid.train INFO: Epoch[64] Iter[140/275] Loss: 0.109, Acc: 0.999, Base Lr: 3.59e-04
2026-06-05 10:45:15 transreid.train INFO: Epoch[64] Iter[160/275] Loss: 0.107, Acc: 0.999, Base Lr: 3.59e-04
2026-06-05 10:45:17 transreid.train INFO: Epoch[64] Iter[180/275] Loss: 0.106, Acc: 0.999, Base Lr: 3.59e-04
2026-06-05 10:45:19 transreid.train INFO: Epoch[64] Iter[200/275] Loss: 0.105, Acc: 0.999, Base Lr: 3.59e-04
2026-06-05 10:45:21 transreid.train INFO: Epoch[64] Iter[220/275] Loss: 0.104, Acc: 0.999, Base Lr: 3.59e-04
2026-06-05 10:45:23 transreid.train INFO: Epoch[64] Iter[240/275] Loss: 0.104, Acc: 0.999, Base Lr: 3.59e-04
2026-06-05 10:45:25 transreid.train INFO: Epoch[64] Iter[260/275] Loss: 0.103, Acc: 0.998, Base Lr: 3.59e-04
2026-06-05 10:45:26 transreid.train INFO: Epoch 64 done. Time per epoch: 28.877[s] Speed: 605.0[samples/s]
2026-06-05 10:45:29 transreid.train INFO: Epoch[65] Iter[20/275] Loss: 0.107, Acc: 0.999, Base Lr: 3.49e-04
2026-06-05 10:45:31 transreid.train INFO: Epoch[65] Iter[40/275] Loss: 0.110, Acc: 0.999, Base Lr: 3.49e-04
2026-06-05 10:45:33 transreid.train INFO: Epoch[65] Iter[60/275] Loss: 0.112, Acc: 0.999, Base Lr: 3.49e-04
2026-06-05 10:45:35 transreid.train INFO: Epoch[65] Iter[80/275] Loss: 0.108, Acc: 0.999, Base Lr: 3.49e-04
2026-06-05 10:45:37 transreid.train INFO: Epoch[65] Iter[100/275] Loss: 0.107, Acc: 0.999, Base Lr: 3.49e-04
2026-06-05 10:45:39 transreid.train INFO: Epoch[65] Iter[120/275] Loss: 0.105, Acc: 0.999, Base Lr: 3.49e-04
2026-06-05 10:45:41 transreid.train INFO: Epoch[65] Iter[140/275] Loss: 0.104, Acc: 0.999, Base Lr: 3.49e-04
2026-06-05 10:45:43 transreid.train INFO: Epoch[65] Iter[160/275] Loss: 0.103, Acc: 0.999, Base Lr: 3.49e-04
2026-06-05 10:45:46 transreid.train INFO: Epoch[65] Iter[180/275] Loss: 0.102, Acc: 0.999, Base Lr: 3.49e-04
2026-06-05 10:45:48 transreid.train INFO: Epoch[65] Iter[200/275] Loss: 0.102, Acc: 0.999, Base Lr: 3.49e-04
2026-06-05 10:45:50 transreid.train INFO: Epoch[65] Iter[220/275] Loss: 0.101, Acc: 0.999, Base Lr: 3.49e-04
2026-06-05 10:45:52 transreid.train INFO: Epoch[65] Iter[240/275] Loss: 0.100, Acc: 0.999, Base Lr: 3.49e-04
2026-06-05 10:45:54 transreid.train INFO: Epoch[65] Iter[260/275] Loss: 0.100, Acc: 0.998, Base Lr: 3.49e-04
2026-06-05 10:45:55 transreid.train INFO: Epoch 65 done. Time per epoch: 28.886[s] Speed: 604.9[samples/s]
2026-06-05 10:45:58 transreid.train INFO: Epoch[66] Iter[20/275] Loss: 0.113, Acc: 1.000, Base Lr: 3.38e-04
2026-06-05 10:46:00 transreid.train INFO: Epoch[66] Iter[40/275] Loss: 0.112, Acc: 0.998, Base Lr: 3.38e-04
2026-06-05 10:46:02 transreid.train INFO: Epoch[66] Iter[60/275] Loss: 0.110, Acc: 0.998, Base Lr: 3.38e-04
2026-06-05 10:46:04 transreid.train INFO: Epoch[66] Iter[80/275] Loss: 0.108, Acc: 0.998, Base Lr: 3.38e-04
2026-06-05 10:46:06 transreid.train INFO: Epoch[66] Iter[100/275] Loss: 0.107, Acc: 0.997, Base Lr: 3.38e-04
2026-06-05 10:46:08 transreid.train INFO: Epoch[66] Iter[120/275] Loss: 0.105, Acc: 0.997, Base Lr: 3.38e-04
2026-06-05 10:46:10 transreid.train INFO: Epoch[66] Iter[140/275] Loss: 0.106, Acc: 0.998, Base Lr: 3.38e-04
2026-06-05 10:46:12 transreid.train INFO: Epoch[66] Iter[160/275] Loss: 0.105, Acc: 0.998, Base Lr: 3.38e-04
2026-06-05 10:46:14 transreid.train INFO: Epoch[66] Iter[180/275] Loss: 0.104, Acc: 0.998, Base Lr: 3.38e-04
2026-06-05 10:46:17 transreid.train INFO: Epoch[66] Iter[200/275] Loss: 0.103, Acc: 0.998, Base Lr: 3.38e-04
2026-06-05 10:46:19 transreid.train INFO: Epoch[66] Iter[220/275] Loss: 0.102, Acc: 0.998, Base Lr: 3.38e-04
2026-06-05 10:46:21 transreid.train INFO: Epoch[66] Iter[240/275] Loss: 0.102, Acc: 0.998, Base Lr: 3.38e-04
2026-06-05 10:46:23 transreid.train INFO: Epoch[66] Iter[260/275] Loss: 0.101, Acc: 0.998, Base Lr: 3.38e-04
2026-06-05 10:46:24 transreid.train INFO: Epoch 66 done. Time per epoch: 28.868[s] Speed: 605.2[samples/s]
2026-06-05 10:46:27 transreid.train INFO: Epoch[67] Iter[20/275] Loss: 0.115, Acc: 0.998, Base Lr: 3.28e-04
2026-06-05 10:46:29 transreid.train INFO: Epoch[67] Iter[40/275] Loss: 0.111, Acc: 0.998, Base Lr: 3.28e-04
2026-06-05 10:46:31 transreid.train INFO: Epoch[67] Iter[60/275] Loss: 0.107, Acc: 0.997, Base Lr: 3.28e-04
2026-06-05 10:46:33 transreid.train INFO: Epoch[67] Iter[80/275] Loss: 0.106, Acc: 0.998, Base Lr: 3.28e-04
2026-06-05 10:46:35 transreid.train INFO: Epoch[67] Iter[100/275] Loss: 0.104, Acc: 0.998, Base Lr: 3.28e-04
2026-06-05 10:46:37 transreid.train INFO: Epoch[67] Iter[120/275] Loss: 0.102, Acc: 0.998, Base Lr: 3.28e-04
2026-06-05 10:46:39 transreid.train INFO: Epoch[67] Iter[140/275] Loss: 0.101, Acc: 0.998, Base Lr: 3.28e-04
2026-06-05 10:46:41 transreid.train INFO: Epoch[67] Iter[160/275] Loss: 0.099, Acc: 0.998, Base Lr: 3.28e-04
2026-06-05 10:46:43 transreid.train INFO: Epoch[67] Iter[180/275] Loss: 0.099, Acc: 0.998, Base Lr: 3.28e-04
2026-06-05 10:46:45 transreid.train INFO: Epoch[67] Iter[200/275] Loss: 0.099, Acc: 0.998, Base Lr: 3.28e-04
2026-06-05 10:46:48 transreid.train INFO: Epoch[67] Iter[220/275] Loss: 0.098, Acc: 0.998, Base Lr: 3.28e-04
2026-06-05 10:46:50 transreid.train INFO: Epoch[67] Iter[240/275] Loss: 0.097, Acc: 0.998, Base Lr: 3.28e-04
2026-06-05 10:46:52 transreid.train INFO: Epoch[67] Iter[260/275] Loss: 0.097, Acc: 0.998, Base Lr: 3.28e-04
2026-06-05 10:46:53 transreid.train INFO: Epoch 67 done. Time per epoch: 28.964[s] Speed: 605.4[samples/s]
2026-06-05 10:46:56 transreid.train INFO: Epoch[68] Iter[20/275] Loss: 0.111, Acc: 0.999, Base Lr: 3.18e-04
2026-06-05 10:46:58 transreid.train INFO: Epoch[68] Iter[40/275] Loss: 0.109, Acc: 0.999, Base Lr: 3.18e-04
2026-06-05 10:47:00 transreid.train INFO: Epoch[68] Iter[60/275] Loss: 0.108, Acc: 0.999, Base Lr: 3.18e-04
2026-06-05 10:47:02 transreid.train INFO: Epoch[68] Iter[80/275] Loss: 0.107, Acc: 0.998, Base Lr: 3.18e-04
2026-06-05 10:47:04 transreid.train INFO: Epoch[68] Iter[100/275] Loss: 0.106, Acc: 0.999, Base Lr: 3.18e-04
2026-06-05 10:47:06 transreid.train INFO: Epoch[68] Iter[120/275] Loss: 0.106, Acc: 0.999, Base Lr: 3.18e-04
2026-06-05 10:47:08 transreid.train INFO: Epoch[68] Iter[140/275] Loss: 0.104, Acc: 0.999, Base Lr: 3.18e-04
2026-06-05 10:47:10 transreid.train INFO: Epoch[68] Iter[160/275] Loss: 0.102, Acc: 0.999, Base Lr: 3.18e-04
2026-06-05 10:47:12 transreid.train INFO: Epoch[68] Iter[180/275] Loss: 0.101, Acc: 0.999, Base Lr: 3.18e-04
2026-06-05 10:47:14 transreid.train INFO: Epoch[68] Iter[200/275] Loss: 0.106, Acc: 0.999, Base Lr: 3.18e-04
2026-06-05 10:47:16 transreid.train INFO: Epoch[68] Iter[220/275] Loss: 0.105, Acc: 0.998, Base Lr: 3.18e-04
2026-06-05 10:47:19 transreid.train INFO: Epoch[68] Iter[240/275] Loss: 0.104, Acc: 0.998, Base Lr: 3.18e-04
2026-06-05 10:47:21 transreid.train INFO: Epoch[68] Iter[260/275] Loss: 0.103, Acc: 0.998, Base Lr: 3.18e-04
2026-06-05 10:47:22 transreid.train INFO: Epoch 68 done. Time per epoch: 28.866[s] Speed: 605.3[samples/s]
2026-06-05 10:47:24 transreid.train INFO: Epoch[69] Iter[20/275] Loss: 0.109, Acc: 0.998, Base Lr: 3.08e-04
2026-06-05 10:47:26 transreid.train INFO: Epoch[69] Iter[40/275] Loss: 0.109, Acc: 0.999, Base Lr: 3.08e-04
2026-06-05 10:47:29 transreid.train INFO: Epoch[69] Iter[60/275] Loss: 0.108, Acc: 0.998, Base Lr: 3.08e-04
2026-06-05 10:47:31 transreid.train INFO: Epoch[69] Iter[80/275] Loss: 0.106, Acc: 0.999, Base Lr: 3.08e-04
2026-06-05 10:47:33 transreid.train INFO: Epoch[69] Iter[100/275] Loss: 0.105, Acc: 0.999, Base Lr: 3.08e-04
2026-06-05 10:47:35 transreid.train INFO: Epoch[69] Iter[120/275] Loss: 0.104, Acc: 0.999, Base Lr: 3.08e-04
2026-06-05 10:47:37 transreid.train INFO: Epoch[69] Iter[140/275] Loss: 0.103, Acc: 0.999, Base Lr: 3.08e-04
2026-06-05 10:47:39 transreid.train INFO: Epoch[69] Iter[160/275] Loss: 0.102, Acc: 0.999, Base Lr: 3.08e-04
2026-06-05 10:47:41 transreid.train INFO: Epoch[69] Iter[180/275] Loss: 0.101, Acc: 0.998, Base Lr: 3.08e-04
2026-06-05 10:47:43 transreid.train INFO: Epoch[69] Iter[200/275] Loss: 0.101, Acc: 0.998, Base Lr: 3.08e-04
2026-06-05 10:47:45 transreid.train INFO: Epoch[69] Iter[220/275] Loss: 0.100, Acc: 0.998, Base Lr: 3.08e-04
2026-06-05 10:47:47 transreid.train INFO: Epoch[69] Iter[240/275] Loss: 0.099, Acc: 0.998, Base Lr: 3.08e-04
2026-06-05 10:47:50 transreid.train INFO: Epoch[69] Iter[260/275] Loss: 0.098, Acc: 0.998, Base Lr: 3.08e-04
2026-06-05 10:47:51 transreid.train INFO: Epoch 69 done. Time per epoch: 28.969[s] Speed: 605.3[samples/s]
2026-06-05 10:47:53 transreid.train INFO: Epoch[70] Iter[20/275] Loss: 0.098, Acc: 1.000, Base Lr: 2.97e-04
2026-06-05 10:47:55 transreid.train INFO: Epoch[70] Iter[40/275] Loss: 0.099, Acc: 0.999, Base Lr: 2.97e-04
2026-06-05 10:47:58 transreid.train INFO: Epoch[70] Iter[60/275] Loss: 0.098, Acc: 0.999, Base Lr: 2.97e-04
2026-06-05 10:48:00 transreid.train INFO: Epoch[70] Iter[80/275] Loss: 0.098, Acc: 0.999, Base Lr: 2.97e-04
2026-06-05 10:48:02 transreid.train INFO: Epoch[70] Iter[100/275] Loss: 0.105, Acc: 0.999, Base Lr: 2.97e-04
2026-06-05 10:48:04 transreid.train INFO: Epoch[70] Iter[120/275] Loss: 0.110, Acc: 0.999, Base Lr: 2.97e-04
2026-06-05 10:48:06 transreid.train INFO: Epoch[70] Iter[140/275] Loss: 0.109, Acc: 0.999, Base Lr: 2.97e-04
2026-06-05 10:48:08 transreid.train INFO: Epoch[70] Iter[160/275] Loss: 0.108, Acc: 0.999, Base Lr: 2.97e-04
2026-06-05 10:48:10 transreid.train INFO: Epoch[70] Iter[180/275] Loss: 0.107, Acc: 0.999, Base Lr: 2.97e-04
2026-06-05 10:48:12 transreid.train INFO: Epoch[70] Iter[200/275] Loss: 0.106, Acc: 0.999, Base Lr: 2.97e-04
2026-06-05 10:48:14 transreid.train INFO: Epoch[70] Iter[220/275] Loss: 0.104, Acc: 0.999, Base Lr: 2.97e-04
2026-06-05 10:48:16 transreid.train INFO: Epoch[70] Iter[240/275] Loss: 0.104, Acc: 0.999, Base Lr: 2.97e-04
2026-06-05 10:48:18 transreid.train INFO: Epoch[70] Iter[260/275] Loss: 0.103, Acc: 0.998, Base Lr: 2.97e-04
2026-06-05 10:48:20 transreid.train INFO: Epoch 70 done. Time per epoch: 28.948[s] Speed: 605.8[samples/s]
2026-06-05 10:48:22 transreid.train INFO: Epoch[71] Iter[20/275] Loss: 0.103, Acc: 0.999, Base Lr: 2.87e-04
2026-06-05 10:48:24 transreid.train INFO: Epoch[71] Iter[40/275] Loss: 0.105, Acc: 0.998, Base Lr: 2.87e-04
2026-06-05 10:48:26 transreid.train INFO: Epoch[71] Iter[60/275] Loss: 0.103, Acc: 0.998, Base Lr: 2.87e-04
2026-06-05 10:48:29 transreid.train INFO: Epoch[71] Iter[80/275] Loss: 0.107, Acc: 0.998, Base Lr: 2.87e-04
2026-06-05 10:48:31 transreid.train INFO: Epoch[71] Iter[100/275] Loss: 0.105, Acc: 0.999, Base Lr: 2.87e-04
2026-06-05 10:48:33 transreid.train INFO: Epoch[71] Iter[120/275] Loss: 0.103, Acc: 0.999, Base Lr: 2.87e-04
2026-06-05 10:48:35 transreid.train INFO: Epoch[71] Iter[140/275] Loss: 0.103, Acc: 0.998, Base Lr: 2.87e-04
2026-06-05 10:48:37 transreid.train INFO: Epoch[71] Iter[160/275] Loss: 0.102, Acc: 0.998, Base Lr: 2.87e-04
2026-06-05 10:48:39 transreid.train INFO: Epoch[71] Iter[180/275] Loss: 0.101, Acc: 0.998, Base Lr: 2.87e-04
2026-06-05 10:48:41 transreid.train INFO: Epoch[71] Iter[200/275] Loss: 0.100, Acc: 0.998, Base Lr: 2.87e-04
2026-06-05 10:48:43 transreid.train INFO: Epoch[71] Iter[220/275] Loss: 0.100, Acc: 0.998, Base Lr: 2.87e-04
2026-06-05 10:48:45 transreid.train INFO: Epoch[71] Iter[240/275] Loss: 0.099, Acc: 0.998, Base Lr: 2.87e-04
2026-06-05 10:48:47 transreid.train INFO: Epoch[71] Iter[260/275] Loss: 0.098, Acc: 0.998, Base Lr: 2.87e-04
2026-06-05 10:48:49 transreid.train INFO: Epoch 71 done. Time per epoch: 28.968[s] Speed: 605.3[samples/s]
2026-06-05 10:48:51 transreid.train INFO: Epoch[72] Iter[20/275] Loss: 0.104, Acc: 1.000, Base Lr: 2.77e-04
2026-06-05 10:48:53 transreid.train INFO: Epoch[72] Iter[40/275] Loss: 0.103, Acc: 1.000, Base Lr: 2.77e-04
2026-06-05 10:48:55 transreid.train INFO: Epoch[72] Iter[60/275] Loss: 0.102, Acc: 0.998, Base Lr: 2.77e-04
2026-06-05 10:48:58 transreid.train INFO: Epoch[72] Iter[80/275] Loss: 0.100, Acc: 0.999, Base Lr: 2.77e-04
2026-06-05 10:49:00 transreid.train INFO: Epoch[72] Iter[100/275] Loss: 0.099, Acc: 0.999, Base Lr: 2.77e-04
2026-06-05 10:49:02 transreid.train INFO: Epoch[72] Iter[120/275] Loss: 0.098, Acc: 0.999, Base Lr: 2.77e-04
2026-06-05 10:49:04 transreid.train INFO: Epoch[72] Iter[140/275] Loss: 0.096, Acc: 0.999, Base Lr: 2.77e-04
2026-06-05 10:49:06 transreid.train INFO: Epoch[72] Iter[160/275] Loss: 0.095, Acc: 0.999, Base Lr: 2.77e-04
2026-06-05 10:49:08 transreid.train INFO: Epoch[72] Iter[180/275] Loss: 0.095, Acc: 0.999, Base Lr: 2.77e-04
2026-06-05 10:49:10 transreid.train INFO: Epoch[72] Iter[200/275] Loss: 0.094, Acc: 0.999, Base Lr: 2.77e-04
2026-06-05 10:49:12 transreid.train INFO: Epoch[72] Iter[220/275] Loss: 0.094, Acc: 0.999, Base Lr: 2.77e-04
2026-06-05 10:49:14 transreid.train INFO: Epoch[72] Iter[240/275] Loss: 0.093, Acc: 0.999, Base Lr: 2.77e-04
2026-06-05 10:49:16 transreid.train INFO: Epoch[72] Iter[260/275] Loss: 0.093, Acc: 0.998, Base Lr: 2.77e-04
2026-06-05 10:49:18 transreid.train INFO: Epoch 72 done. Time per epoch: 28.857[s] Speed: 605.5[samples/s]
2026-06-05 10:49:20 transreid.train INFO: Epoch[73] Iter[20/275] Loss: 0.097, Acc: 1.000, Base Lr: 2.68e-04
2026-06-05 10:49:22 transreid.train INFO: Epoch[73] Iter[40/275] Loss: 0.101, Acc: 0.999, Base Lr: 2.68e-04
2026-06-05 10:49:24 transreid.train INFO: Epoch[73] Iter[60/275] Loss: 0.098, Acc: 0.999, Base Lr: 2.68e-04
2026-06-05 10:49:26 transreid.train INFO: Epoch[73] Iter[80/275] Loss: 0.097, Acc: 1.000, Base Lr: 2.68e-04
2026-06-05 10:49:29 transreid.train INFO: Epoch[73] Iter[100/275] Loss: 0.097, Acc: 0.999, Base Lr: 2.68e-04
2026-06-05 10:49:31 transreid.train INFO: Epoch[73] Iter[120/275] Loss: 0.096, Acc: 0.999, Base Lr: 2.68e-04
2026-06-05 10:49:33 transreid.train INFO: Epoch[73] Iter[140/275] Loss: 0.095, Acc: 0.999, Base Lr: 2.68e-04
2026-06-05 10:49:35 transreid.train INFO: Epoch[73] Iter[160/275] Loss: 0.095, Acc: 0.999, Base Lr: 2.68e-04
2026-06-05 10:49:37 transreid.train INFO: Epoch[73] Iter[180/275] Loss: 0.095, Acc: 0.999, Base Lr: 2.68e-04
2026-06-05 10:49:39 transreid.train INFO: Epoch[73] Iter[200/275] Loss: 0.095, Acc: 0.999, Base Lr: 2.68e-04
2026-06-05 10:49:41 transreid.train INFO: Epoch[73] Iter[220/275] Loss: 0.094, Acc: 0.999, Base Lr: 2.68e-04
2026-06-05 10:49:43 transreid.train INFO: Epoch[73] Iter[240/275] Loss: 0.093, Acc: 0.999, Base Lr: 2.68e-04
2026-06-05 10:49:45 transreid.train INFO: Epoch[73] Iter[260/275] Loss: 0.092, Acc: 0.999, Base Lr: 2.68e-04
2026-06-05 10:49:47 transreid.train INFO: Epoch 73 done. Time per epoch: 28.873[s] Speed: 605.1[samples/s]
2026-06-05 10:49:49 transreid.train INFO: Epoch[74] Iter[20/275] Loss: 0.100, Acc: 0.998, Base Lr: 2.58e-04
2026-06-05 10:49:51 transreid.train INFO: Epoch[74] Iter[40/275] Loss: 0.098, Acc: 0.999, Base Lr: 2.58e-04
2026-06-05 10:49:53 transreid.train INFO: Epoch[74] Iter[60/275] Loss: 0.095, Acc: 0.999, Base Lr: 2.58e-04
2026-06-05 10:49:55 transreid.train INFO: Epoch[74] Iter[80/275] Loss: 0.093, Acc: 0.999, Base Lr: 2.58e-04
2026-06-05 10:49:57 transreid.train INFO: Epoch[74] Iter[100/275] Loss: 0.093, Acc: 0.999, Base Lr: 2.58e-04
2026-06-05 10:49:59 transreid.train INFO: Epoch[74] Iter[120/275] Loss: 0.092, Acc: 0.999, Base Lr: 2.58e-04
2026-06-05 10:50:02 transreid.train INFO: Epoch[74] Iter[140/275] Loss: 0.092, Acc: 0.999, Base Lr: 2.58e-04
2026-06-05 10:50:04 transreid.train INFO: Epoch[74] Iter[160/275] Loss: 0.091, Acc: 0.999, Base Lr: 2.58e-04
2026-06-05 10:50:06 transreid.train INFO: Epoch[74] Iter[180/275] Loss: 0.091, Acc: 0.999, Base Lr: 2.58e-04
2026-06-05 10:50:08 transreid.train INFO: Epoch[74] Iter[200/275] Loss: 0.090, Acc: 0.999, Base Lr: 2.58e-04
2026-06-05 10:50:10 transreid.train INFO: Epoch[74] Iter[220/275] Loss: 0.090, Acc: 0.999, Base Lr: 2.58e-04
2026-06-05 10:50:12 transreid.train INFO: Epoch[74] Iter[240/275] Loss: 0.089, Acc: 0.999, Base Lr: 2.58e-04
2026-06-05 10:50:14 transreid.train INFO: Epoch[74] Iter[260/275] Loss: 0.089, Acc: 0.999, Base Lr: 2.58e-04
2026-06-05 10:50:16 transreid.train INFO: Epoch 74 done. Time per epoch: 28.966[s] Speed: 605.4[samples/s]
2026-06-05 10:50:18 transreid.train INFO: Epoch[75] Iter[20/275] Loss: 0.102, Acc: 0.998, Base Lr: 2.48e-04
2026-06-05 10:50:20 transreid.train INFO: Epoch[75] Iter[40/275] Loss: 0.096, Acc: 0.998, Base Lr: 2.48e-04
2026-06-05 10:50:22 transreid.train INFO: Epoch[75] Iter[60/275] Loss: 0.096, Acc: 0.999, Base Lr: 2.48e-04
2026-06-05 10:50:24 transreid.train INFO: Epoch[75] Iter[80/275] Loss: 0.096, Acc: 0.998, Base Lr: 2.48e-04
2026-06-05 10:50:26 transreid.train INFO: Epoch[75] Iter[100/275] Loss: 0.094, Acc: 0.998, Base Lr: 2.48e-04
2026-06-05 10:50:28 transreid.train INFO: Epoch[75] Iter[120/275] Loss: 0.094, Acc: 0.998, Base Lr: 2.48e-04
2026-06-05 10:50:31 transreid.train INFO: Epoch[75] Iter[140/275] Loss: 0.093, Acc: 0.998, Base Lr: 2.48e-04
2026-06-05 10:50:33 transreid.train INFO: Epoch[75] Iter[160/275] Loss: 0.092, Acc: 0.998, Base Lr: 2.48e-04
2026-06-05 10:50:35 transreid.train INFO: Epoch[75] Iter[180/275] Loss: 0.091, Acc: 0.998, Base Lr: 2.48e-04
2026-06-05 10:50:37 transreid.train INFO: Epoch[75] Iter[200/275] Loss: 0.090, Acc: 0.999, Base Lr: 2.48e-04
2026-06-05 10:50:39 transreid.train INFO: Epoch[75] Iter[220/275] Loss: 0.089, Acc: 0.999, Base Lr: 2.48e-04
2026-06-05 10:50:41 transreid.train INFO: Epoch[75] Iter[240/275] Loss: 0.089, Acc: 0.999, Base Lr: 2.48e-04
2026-06-05 10:50:43 transreid.train INFO: Epoch[75] Iter[260/275] Loss: 0.088, Acc: 0.999, Base Lr: 2.48e-04
2026-06-05 10:50:44 transreid.train INFO: Epoch 75 done. Time per epoch: 28.862[s] Speed: 605.4[samples/s]
2026-06-05 10:50:47 transreid.train INFO: Epoch[76] Iter[20/275] Loss: 0.098, Acc: 0.998, Base Lr: 2.38e-04
2026-06-05 10:50:49 transreid.train INFO: Epoch[76] Iter[40/275] Loss: 0.097, Acc: 0.998, Base Lr: 2.38e-04
2026-06-05 10:50:51 transreid.train INFO: Epoch[76] Iter[60/275] Loss: 0.097, Acc: 0.998, Base Lr: 2.38e-04
2026-06-05 10:50:53 transreid.train INFO: Epoch[76] Iter[80/275] Loss: 0.095, Acc: 0.997, Base Lr: 2.38e-04
2026-06-05 10:50:55 transreid.train INFO: Epoch[76] Iter[100/275] Loss: 0.094, Acc: 0.998, Base Lr: 2.38e-04
2026-06-05 10:50:57 transreid.train INFO: Epoch[76] Iter[120/275] Loss: 0.093, Acc: 0.998, Base Lr: 2.38e-04
2026-06-05 10:50:59 transreid.train INFO: Epoch[76] Iter[140/275] Loss: 0.093, Acc: 0.998, Base Lr: 2.38e-04
2026-06-05 10:51:01 transreid.train INFO: Epoch[76] Iter[160/275] Loss: 0.092, Acc: 0.998, Base Lr: 2.38e-04
2026-06-05 10:51:04 transreid.train INFO: Epoch[76] Iter[180/275] Loss: 0.091, Acc: 0.999, Base Lr: 2.38e-04
2026-06-05 10:51:06 transreid.train INFO: Epoch[76] Iter[200/275] Loss: 0.090, Acc: 0.999, Base Lr: 2.38e-04
2026-06-05 10:51:08 transreid.train INFO: Epoch[76] Iter[220/275] Loss: 0.090, Acc: 0.999, Base Lr: 2.38e-04
2026-06-05 10:51:10 transreid.train INFO: Epoch[76] Iter[240/275] Loss: 0.089, Acc: 0.999, Base Lr: 2.38e-04
2026-06-05 10:51:12 transreid.train INFO: Epoch[76] Iter[260/275] Loss: 0.089, Acc: 0.999, Base Lr: 2.38e-04
2026-06-05 10:51:13 transreid.train INFO: Epoch 76 done. Time per epoch: 28.857[s] Speed: 605.5[samples/s]
2026-06-05 10:51:16 transreid.train INFO: Epoch[77] Iter[20/275] Loss: 0.098, Acc: 0.998, Base Lr: 2.29e-04
2026-06-05 10:51:18 transreid.train INFO: Epoch[77] Iter[40/275] Loss: 0.097, Acc: 0.999, Base Lr: 2.29e-04
2026-06-05 10:51:20 transreid.train INFO: Epoch[77] Iter[60/275] Loss: 0.095, Acc: 0.999, Base Lr: 2.29e-04
2026-06-05 10:51:22 transreid.train INFO: Epoch[77] Iter[80/275] Loss: 0.094, Acc: 0.999, Base Lr: 2.29e-04
2026-06-05 10:51:24 transreid.train INFO: Epoch[77] Iter[100/275] Loss: 0.092, Acc: 0.999, Base Lr: 2.29e-04
2026-06-05 10:51:26 transreid.train INFO: Epoch[77] Iter[120/275] Loss: 0.092, Acc: 0.999, Base Lr: 2.29e-04
2026-06-05 10:51:28 transreid.train INFO: Epoch[77] Iter[140/275] Loss: 0.090, Acc: 1.000, Base Lr: 2.29e-04
2026-06-05 10:51:30 transreid.train INFO: Epoch[77] Iter[160/275] Loss: 0.090, Acc: 0.999, Base Lr: 2.29e-04
2026-06-05 10:51:32 transreid.train INFO: Epoch[77] Iter[180/275] Loss: 0.089, Acc: 0.999, Base Lr: 2.29e-04
2026-06-05 10:51:35 transreid.train INFO: Epoch[77] Iter[200/275] Loss: 0.088, Acc: 0.999, Base Lr: 2.29e-04
2026-06-05 10:51:37 transreid.train INFO: Epoch[77] Iter[220/275] Loss: 0.088, Acc: 0.999, Base Lr: 2.29e-04
2026-06-05 10:51:39 transreid.train INFO: Epoch[77] Iter[240/275] Loss: 0.088, Acc: 0.999, Base Lr: 2.29e-04
2026-06-05 10:51:41 transreid.train INFO: Epoch[77] Iter[260/275] Loss: 0.087, Acc: 0.999, Base Lr: 2.29e-04
2026-06-05 10:51:42 transreid.train INFO: Epoch 77 done. Time per epoch: 28.961[s] Speed: 605.5[samples/s]
2026-06-05 10:51:45 transreid.train INFO: Epoch[78] Iter[20/275] Loss: 0.105, Acc: 0.998, Base Lr: 2.20e-04
2026-06-05 10:51:47 transreid.train INFO: Epoch[78] Iter[40/275] Loss: 0.099, Acc: 0.999, Base Lr: 2.20e-04
2026-06-05 10:51:49 transreid.train INFO: Epoch[78] Iter[60/275] Loss: 0.097, Acc: 0.999, Base Lr: 2.20e-04
2026-06-05 10:51:51 transreid.train INFO: Epoch[78] Iter[80/275] Loss: 0.095, Acc: 0.999, Base Lr: 2.20e-04
2026-06-05 10:51:53 transreid.train INFO: Epoch[78] Iter[100/275] Loss: 0.094, Acc: 0.999, Base Lr: 2.20e-04
2026-06-05 10:51:55 transreid.train INFO: Epoch[78] Iter[120/275] Loss: 0.091, Acc: 0.999, Base Lr: 2.20e-04
2026-06-05 10:51:57 transreid.train INFO: Epoch[78] Iter[140/275] Loss: 0.091, Acc: 0.999, Base Lr: 2.20e-04
2026-06-05 10:51:59 transreid.train INFO: Epoch[78] Iter[160/275] Loss: 0.090, Acc: 0.999, Base Lr: 2.20e-04
2026-06-05 10:52:01 transreid.train INFO: Epoch[78] Iter[180/275] Loss: 0.090, Acc: 0.999, Base Lr: 2.20e-04
2026-06-05 10:52:04 transreid.train INFO: Epoch[78] Iter[200/275] Loss: 0.089, Acc: 0.999, Base Lr: 2.20e-04
2026-06-05 10:52:06 transreid.train INFO: Epoch[78] Iter[220/275] Loss: 0.088, Acc: 0.999, Base Lr: 2.20e-04
2026-06-05 10:52:08 transreid.train INFO: Epoch[78] Iter[240/275] Loss: 0.088, Acc: 0.999, Base Lr: 2.20e-04
2026-06-05 10:52:10 transreid.train INFO: Epoch[78] Iter[260/275] Loss: 0.087, Acc: 0.999, Base Lr: 2.20e-04
2026-06-05 10:52:11 transreid.train INFO: Epoch 78 done. Time per epoch: 28.881[s] Speed: 605.0[samples/s]
2026-06-05 10:52:14 transreid.train INFO: Epoch[79] Iter[20/275] Loss: 0.094, Acc: 0.998, Base Lr: 2.10e-04
2026-06-05 10:52:16 transreid.train INFO: Epoch[79] Iter[40/275] Loss: 0.093, Acc: 0.999, Base Lr: 2.10e-04
2026-06-05 10:52:18 transreid.train INFO: Epoch[79] Iter[60/275] Loss: 0.093, Acc: 0.999, Base Lr: 2.10e-04
2026-06-05 10:52:20 transreid.train INFO: Epoch[79] Iter[80/275] Loss: 0.092, Acc: 0.999, Base Lr: 2.10e-04
2026-06-05 10:52:22 transreid.train INFO: Epoch[79] Iter[100/275] Loss: 0.090, Acc: 0.999, Base Lr: 2.10e-04
2026-06-05 10:52:24 transreid.train INFO: Epoch[79] Iter[120/275] Loss: 0.088, Acc: 0.999, Base Lr: 2.10e-04
2026-06-05 10:52:26 transreid.train INFO: Epoch[79] Iter[140/275] Loss: 0.088, Acc: 0.999, Base Lr: 2.10e-04
2026-06-05 10:52:28 transreid.train INFO: Epoch[79] Iter[160/275] Loss: 0.088, Acc: 0.999, Base Lr: 2.10e-04
2026-06-05 10:52:30 transreid.train INFO: Epoch[79] Iter[180/275] Loss: 0.088, Acc: 0.999, Base Lr: 2.10e-04
2026-06-05 10:52:32 transreid.train INFO: Epoch[79] Iter[200/275] Loss: 0.088, Acc: 0.999, Base Lr: 2.10e-04
2026-06-05 10:52:34 transreid.train INFO: Epoch[79] Iter[220/275] Loss: 0.087, Acc: 0.999, Base Lr: 2.10e-04
2026-06-05 10:52:37 transreid.train INFO: Epoch[79] Iter[240/275] Loss: 0.087, Acc: 0.999, Base Lr: 2.10e-04
2026-06-05 10:52:39 transreid.train INFO: Epoch[79] Iter[260/275] Loss: 0.087, Acc: 0.999, Base Lr: 2.10e-04
2026-06-05 10:52:40 transreid.train INFO: Epoch 79 done. Time per epoch: 28.955[s] Speed: 605.6[samples/s]
2026-06-05 10:52:43 transreid.train INFO: Epoch[80] Iter[20/275] Loss: 0.090, Acc: 0.999, Base Lr: 2.01e-04
2026-06-05 10:52:45 transreid.train INFO: Epoch[80] Iter[40/275] Loss: 0.092, Acc: 0.998, Base Lr: 2.01e-04
2026-06-05 10:52:47 transreid.train INFO: Epoch[80] Iter[60/275] Loss: 0.092, Acc: 0.998, Base Lr: 2.01e-04
2026-06-05 10:52:49 transreid.train INFO: Epoch[80] Iter[80/275] Loss: 0.091, Acc: 0.999, Base Lr: 2.01e-04
2026-06-05 10:52:51 transreid.train INFO: Epoch[80] Iter[100/275] Loss: 0.090, Acc: 0.998, Base Lr: 2.01e-04
2026-06-05 10:52:53 transreid.train INFO: Epoch[80] Iter[120/275] Loss: 0.088, Acc: 0.999, Base Lr: 2.01e-04
2026-06-05 10:52:55 transreid.train INFO: Epoch[80] Iter[140/275] Loss: 0.087, Acc: 0.999, Base Lr: 2.01e-04
2026-06-05 10:52:57 transreid.train INFO: Epoch[80] Iter[160/275] Loss: 0.087, Acc: 0.999, Base Lr: 2.01e-04
2026-06-05 10:52:59 transreid.train INFO: Epoch[80] Iter[180/275] Loss: 0.087, Acc: 0.999, Base Lr: 2.01e-04
2026-06-05 10:53:01 transreid.train INFO: Epoch[80] Iter[200/275] Loss: 0.087, Acc: 0.999, Base Lr: 2.01e-04
2026-06-05 10:53:04 transreid.train INFO: Epoch[80] Iter[220/275] Loss: 0.086, Acc: 0.999, Base Lr: 2.01e-04
2026-06-05 10:53:06 transreid.train INFO: Epoch[80] Iter[240/275] Loss: 0.086, Acc: 0.999, Base Lr: 2.01e-04
2026-06-05 10:53:08 transreid.train INFO: Epoch[80] Iter[260/275] Loss: 0.085, Acc: 0.999, Base Lr: 2.01e-04
2026-06-05 10:53:09 transreid.train INFO: Epoch 80 done. Time per epoch: 29.020[s] Speed: 604.3[samples/s]
=> Computing MULTIHYP conservative DistMat (alpha=0.1)
2026-06-05 10:53:23 transreid.train INFO: Validation Results - Epoch: 80
2026-06-05 10:53:23 transreid.train INFO: mAP: 76.3%
2026-06-05 10:53:23 transreid.train INFO: CMC curve, Rank-1  :84.9%
2026-06-05 10:53:23 transreid.train INFO: CMC curve, Rank-5  :94.4%
2026-06-05 10:53:23 transreid.train INFO: CMC curve, Rank-10 :96.6%
2026-06-05 10:53:26 transreid.train INFO: Epoch[81] Iter[20/275] Loss: 0.098, Acc: 0.998, Base Lr: 1.92e-04
2026-06-05 10:53:28 transreid.train INFO: Epoch[81] Iter[40/275] Loss: 0.094, Acc: 0.998, Base Lr: 1.92e-04
2026-06-05 10:53:30 transreid.train INFO: Epoch[81] Iter[60/275] Loss: 0.093, Acc: 0.998, Base Lr: 1.92e-04
2026-06-05 10:53:32 transreid.train INFO: Epoch[81] Iter[80/275] Loss: 0.091, Acc: 0.999, Base Lr: 1.92e-04
2026-06-05 10:53:34 transreid.train INFO: Epoch[81] Iter[100/275] Loss: 0.090, Acc: 0.999, Base Lr: 1.92e-04
2026-06-05 10:53:36 transreid.train INFO: Epoch[81] Iter[120/275] Loss: 0.089, Acc: 0.999, Base Lr: 1.92e-04
2026-06-05 10:53:38 transreid.train INFO: Epoch[81] Iter[140/275] Loss: 0.088, Acc: 0.999, Base Lr: 1.92e-04
2026-06-05 10:53:40 transreid.train INFO: Epoch[81] Iter[160/275] Loss: 0.087, Acc: 0.999, Base Lr: 1.92e-04
2026-06-05 10:53:42 transreid.train INFO: Epoch[81] Iter[180/275] Loss: 0.087, Acc: 0.999, Base Lr: 1.92e-04
2026-06-05 10:53:45 transreid.train INFO: Epoch[81] Iter[200/275] Loss: 0.085, Acc: 0.999, Base Lr: 1.92e-04
2026-06-05 10:53:47 transreid.train INFO: Epoch[81] Iter[220/275] Loss: 0.086, Acc: 0.999, Base Lr: 1.92e-04
2026-06-05 10:53:49 transreid.train INFO: Epoch[81] Iter[240/275] Loss: 0.085, Acc: 0.999, Base Lr: 1.92e-04
2026-06-05 10:53:51 transreid.train INFO: Epoch[81] Iter[260/275] Loss: 0.085, Acc: 0.999, Base Lr: 1.92e-04
2026-06-05 10:53:52 transreid.train INFO: Epoch 81 done. Time per epoch: 28.932[s] Speed: 606.1[samples/s]
2026-06-05 10:53:55 transreid.train INFO: Epoch[82] Iter[20/275] Loss: 0.091, Acc: 1.000, Base Lr: 1.83e-04
2026-06-05 10:53:57 transreid.train INFO: Epoch[82] Iter[40/275] Loss: 0.089, Acc: 1.000, Base Lr: 1.83e-04
2026-06-05 10:53:59 transreid.train INFO: Epoch[82] Iter[60/275] Loss: 0.090, Acc: 0.999, Base Lr: 1.83e-04
2026-06-05 10:54:01 transreid.train INFO: Epoch[82] Iter[80/275] Loss: 0.089, Acc: 0.999, Base Lr: 1.83e-04
2026-06-05 10:54:03 transreid.train INFO: Epoch[82] Iter[100/275] Loss: 0.089, Acc: 0.999, Base Lr: 1.83e-04
2026-06-05 10:54:05 transreid.train INFO: Epoch[82] Iter[120/275] Loss: 0.089, Acc: 0.999, Base Lr: 1.83e-04
2026-06-05 10:54:07 transreid.train INFO: Epoch[82] Iter[140/275] Loss: 0.089, Acc: 0.999, Base Lr: 1.83e-04
2026-06-05 10:54:09 transreid.train INFO: Epoch[82] Iter[160/275] Loss: 0.088, Acc: 0.999, Base Lr: 1.83e-04
2026-06-05 10:54:11 transreid.train INFO: Epoch[82] Iter[180/275] Loss: 0.087, Acc: 0.999, Base Lr: 1.83e-04
2026-06-05 10:54:13 transreid.train INFO: Epoch[82] Iter[200/275] Loss: 0.086, Acc: 0.999, Base Lr: 1.83e-04
2026-06-05 10:54:16 transreid.train INFO: Epoch[82] Iter[220/275] Loss: 0.086, Acc: 0.999, Base Lr: 1.83e-04
2026-06-05 10:54:18 transreid.train INFO: Epoch[82] Iter[240/275] Loss: 0.091, Acc: 0.999, Base Lr: 1.83e-04
2026-06-05 10:54:20 transreid.train INFO: Epoch[82] Iter[260/275] Loss: 0.090, Acc: 0.999, Base Lr: 1.83e-04
2026-06-05 10:54:21 transreid.train INFO: Epoch 82 done. Time per epoch: 28.959[s] Speed: 605.5[samples/s]
2026-06-05 10:54:24 transreid.train INFO: Epoch[83] Iter[20/275] Loss: 0.099, Acc: 0.998, Base Lr: 1.75e-04
2026-06-05 10:54:26 transreid.train INFO: Epoch[83] Iter[40/275] Loss: 0.099, Acc: 0.998, Base Lr: 1.75e-04
2026-06-05 10:54:28 transreid.train INFO: Epoch[83] Iter[60/275] Loss: 0.093, Acc: 0.999, Base Lr: 1.75e-04
2026-06-05 10:54:30 transreid.train INFO: Epoch[83] Iter[80/275] Loss: 0.092, Acc: 0.999, Base Lr: 1.75e-04
2026-06-05 10:54:32 transreid.train INFO: Epoch[83] Iter[100/275] Loss: 0.090, Acc: 0.999, Base Lr: 1.75e-04
2026-06-05 10:54:34 transreid.train INFO: Epoch[83] Iter[120/275] Loss: 0.090, Acc: 0.999, Base Lr: 1.75e-04
2026-06-05 10:54:36 transreid.train INFO: Epoch[83] Iter[140/275] Loss: 0.089, Acc: 0.999, Base Lr: 1.75e-04
2026-06-05 10:54:38 transreid.train INFO: Epoch[83] Iter[160/275] Loss: 0.089, Acc: 0.998, Base Lr: 1.75e-04
2026-06-05 10:54:40 transreid.train INFO: Epoch[83] Iter[180/275] Loss: 0.087, Acc: 0.999, Base Lr: 1.75e-04
2026-06-05 10:54:42 transreid.train INFO: Epoch[83] Iter[200/275] Loss: 0.086, Acc: 0.999, Base Lr: 1.75e-04
2026-06-05 10:54:45 transreid.train INFO: Epoch[83] Iter[220/275] Loss: 0.086, Acc: 0.998, Base Lr: 1.75e-04
2026-06-05 10:54:47 transreid.train INFO: Epoch[83] Iter[240/275] Loss: 0.085, Acc: 0.999, Base Lr: 1.75e-04
2026-06-05 10:54:49 transreid.train INFO: Epoch[83] Iter[260/275] Loss: 0.085, Acc: 0.999, Base Lr: 1.75e-04
2026-06-05 10:54:50 transreid.train INFO: Epoch 83 done. Time per epoch: 28.861[s] Speed: 605.4[samples/s]
2026-06-05 10:54:52 transreid.train INFO: Epoch[84] Iter[20/275] Loss: 0.094, Acc: 0.999, Base Lr: 1.66e-04
2026-06-05 10:54:54 transreid.train INFO: Epoch[84] Iter[40/275] Loss: 0.091, Acc: 1.000, Base Lr: 1.66e-04
2026-06-05 10:54:57 transreid.train INFO: Epoch[84] Iter[60/275] Loss: 0.089, Acc: 1.000, Base Lr: 1.66e-04
2026-06-05 10:54:59 transreid.train INFO: Epoch[84] Iter[80/275] Loss: 0.088, Acc: 0.999, Base Lr: 1.66e-04
2026-06-05 10:55:01 transreid.train INFO: Epoch[84] Iter[100/275] Loss: 0.087, Acc: 1.000, Base Lr: 1.66e-04
2026-06-05 10:55:03 transreid.train INFO: Epoch[84] Iter[120/275] Loss: 0.086, Acc: 0.999, Base Lr: 1.66e-04
2026-06-05 10:55:05 transreid.train INFO: Epoch[84] Iter[140/275] Loss: 0.086, Acc: 0.999, Base Lr: 1.66e-04
2026-06-05 10:55:07 transreid.train INFO: Epoch[84] Iter[160/275] Loss: 0.085, Acc: 0.999, Base Lr: 1.66e-04
2026-06-05 10:55:09 transreid.train INFO: Epoch[84] Iter[180/275] Loss: 0.085, Acc: 0.999, Base Lr: 1.66e-04
2026-06-05 10:55:11 transreid.train INFO: Epoch[84] Iter[200/275] Loss: 0.086, Acc: 0.999, Base Lr: 1.66e-04
2026-06-05 10:55:13 transreid.train INFO: Epoch[84] Iter[220/275] Loss: 0.086, Acc: 0.999, Base Lr: 1.66e-04
2026-06-05 10:55:15 transreid.train INFO: Epoch[84] Iter[240/275] Loss: 0.086, Acc: 0.999, Base Lr: 1.66e-04
2026-06-05 10:55:18 transreid.train INFO: Epoch[84] Iter[260/275] Loss: 0.085, Acc: 0.999, Base Lr: 1.66e-04
2026-06-05 10:55:19 transreid.train INFO: Epoch 84 done. Time per epoch: 28.955[s] Speed: 605.6[samples/s]
2026-06-05 10:55:21 transreid.train INFO: Epoch[85] Iter[20/275] Loss: 0.100, Acc: 0.999, Base Lr: 1.58e-04
2026-06-05 10:55:23 transreid.train INFO: Epoch[85] Iter[40/275] Loss: 0.093, Acc: 1.000, Base Lr: 1.58e-04
2026-06-05 10:55:26 transreid.train INFO: Epoch[85] Iter[60/275] Loss: 0.091, Acc: 1.000, Base Lr: 1.58e-04
2026-06-05 10:55:28 transreid.train INFO: Epoch[85] Iter[80/275] Loss: 0.088, Acc: 0.999, Base Lr: 1.58e-04
2026-06-05 10:55:30 transreid.train INFO: Epoch[85] Iter[100/275] Loss: 0.087, Acc: 0.999, Base Lr: 1.58e-04
2026-06-05 10:55:32 transreid.train INFO: Epoch[85] Iter[120/275] Loss: 0.086, Acc: 0.999, Base Lr: 1.58e-04
2026-06-05 10:55:34 transreid.train INFO: Epoch[85] Iter[140/275] Loss: 0.086, Acc: 0.999, Base Lr: 1.58e-04
2026-06-05 10:55:36 transreid.train INFO: Epoch[85] Iter[160/275] Loss: 0.086, Acc: 0.999, Base Lr: 1.58e-04
2026-06-05 10:55:38 transreid.train INFO: Epoch[85] Iter[180/275] Loss: 0.087, Acc: 0.999, Base Lr: 1.58e-04
2026-06-05 10:55:40 transreid.train INFO: Epoch[85] Iter[200/275] Loss: 0.086, Acc: 0.999, Base Lr: 1.58e-04
2026-06-05 10:55:42 transreid.train INFO: Epoch[85] Iter[220/275] Loss: 0.085, Acc: 0.999, Base Lr: 1.58e-04
2026-06-05 10:55:44 transreid.train INFO: Epoch[85] Iter[240/275] Loss: 0.085, Acc: 0.999, Base Lr: 1.58e-04
2026-06-05 10:55:46 transreid.train INFO: Epoch[85] Iter[260/275] Loss: 0.085, Acc: 0.999, Base Lr: 1.58e-04
2026-06-05 10:55:48 transreid.train INFO: Epoch 85 done. Time per epoch: 28.955[s] Speed: 605.6[samples/s]
2026-06-05 10:55:50 transreid.train INFO: Epoch[86] Iter[20/275] Loss: 0.089, Acc: 1.000, Base Lr: 1.50e-04
2026-06-05 10:55:52 transreid.train INFO: Epoch[86] Iter[40/275] Loss: 0.088, Acc: 1.000, Base Lr: 1.50e-04
2026-06-05 10:55:55 transreid.train INFO: Epoch[86] Iter[60/275] Loss: 0.089, Acc: 1.000, Base Lr: 1.50e-04
2026-06-05 10:55:57 transreid.train INFO: Epoch[86] Iter[80/275] Loss: 0.089, Acc: 1.000, Base Lr: 1.50e-04
2026-06-05 10:55:59 transreid.train INFO: Epoch[86] Iter[100/275] Loss: 0.088, Acc: 1.000, Base Lr: 1.50e-04
2026-06-05 10:56:01 transreid.train INFO: Epoch[86] Iter[120/275] Loss: 0.086, Acc: 0.999, Base Lr: 1.50e-04
2026-06-05 10:56:03 transreid.train INFO: Epoch[86] Iter[140/275] Loss: 0.091, Acc: 0.999, Base Lr: 1.50e-04
2026-06-05 10:56:05 transreid.train INFO: Epoch[86] Iter[160/275] Loss: 0.089, Acc: 0.999, Base Lr: 1.50e-04
2026-06-05 10:56:07 transreid.train INFO: Epoch[86] Iter[180/275] Loss: 0.093, Acc: 0.999, Base Lr: 1.50e-04
2026-06-05 10:56:09 transreid.train INFO: Epoch[86] Iter[200/275] Loss: 0.092, Acc: 0.999, Base Lr: 1.50e-04
2026-06-05 10:56:11 transreid.train INFO: Epoch[86] Iter[220/275] Loss: 0.091, Acc: 0.999, Base Lr: 1.50e-04
2026-06-05 10:56:13 transreid.train INFO: Epoch[86] Iter[240/275] Loss: 0.091, Acc: 0.999, Base Lr: 1.50e-04
2026-06-05 10:56:15 transreid.train INFO: Epoch[86] Iter[260/275] Loss: 0.090, Acc: 0.999, Base Lr: 1.50e-04
2026-06-05 10:56:17 transreid.train INFO: Epoch 86 done. Time per epoch: 28.979[s] Speed: 605.1[samples/s]
2026-06-05 10:56:19 transreid.train INFO: Epoch[87] Iter[20/275] Loss: 0.098, Acc: 0.998, Base Lr: 1.42e-04
2026-06-05 10:56:21 transreid.train INFO: Epoch[87] Iter[40/275] Loss: 0.094, Acc: 0.998, Base Lr: 1.42e-04
2026-06-05 10:56:23 transreid.train INFO: Epoch[87] Iter[60/275] Loss: 0.092, Acc: 0.998, Base Lr: 1.42e-04
2026-06-05 10:56:26 transreid.train INFO: Epoch[87] Iter[80/275] Loss: 0.093, Acc: 0.998, Base Lr: 1.42e-04
2026-06-05 10:56:28 transreid.train INFO: Epoch[87] Iter[100/275] Loss: 0.092, Acc: 0.998, Base Lr: 1.42e-04
2026-06-05 10:56:30 transreid.train INFO: Epoch[87] Iter[120/275] Loss: 0.090, Acc: 0.999, Base Lr: 1.42e-04
2026-06-05 10:56:32 transreid.train INFO: Epoch[87] Iter[140/275] Loss: 0.089, Acc: 0.999, Base Lr: 1.42e-04
2026-06-05 10:56:34 transreid.train INFO: Epoch[87] Iter[160/275] Loss: 0.087, Acc: 0.999, Base Lr: 1.42e-04
2026-06-05 10:56:36 transreid.train INFO: Epoch[87] Iter[180/275] Loss: 0.087, Acc: 0.999, Base Lr: 1.42e-04
2026-06-05 10:56:38 transreid.train INFO: Epoch[87] Iter[200/275] Loss: 0.085, Acc: 0.999, Base Lr: 1.42e-04
2026-06-05 10:56:40 transreid.train INFO: Epoch[87] Iter[220/275] Loss: 0.084, Acc: 0.999, Base Lr: 1.42e-04
2026-06-05 10:56:42 transreid.train INFO: Epoch[87] Iter[240/275] Loss: 0.084, Acc: 0.999, Base Lr: 1.42e-04
2026-06-05 10:56:44 transreid.train INFO: Epoch[87] Iter[260/275] Loss: 0.084, Acc: 0.999, Base Lr: 1.42e-04
2026-06-05 10:56:46 transreid.train INFO: Epoch 87 done. Time per epoch: 28.973[s] Speed: 605.2[samples/s]
2026-06-05 10:56:48 transreid.train INFO: Epoch[88] Iter[20/275] Loss: 0.090, Acc: 1.000, Base Lr: 1.34e-04
2026-06-05 10:56:50 transreid.train INFO: Epoch[88] Iter[40/275] Loss: 0.093, Acc: 0.998, Base Lr: 1.34e-04
2026-06-05 10:56:52 transreid.train INFO: Epoch[88] Iter[60/275] Loss: 0.089, Acc: 0.999, Base Lr: 1.34e-04
2026-06-05 10:56:55 transreid.train INFO: Epoch[88] Iter[80/275] Loss: 0.088, Acc: 0.999, Base Lr: 1.34e-04
2026-06-05 10:56:57 transreid.train INFO: Epoch[88] Iter[100/275] Loss: 0.088, Acc: 0.999, Base Lr: 1.34e-04
2026-06-05 10:56:59 transreid.train INFO: Epoch[88] Iter[120/275] Loss: 0.087, Acc: 0.999, Base Lr: 1.34e-04
2026-06-05 10:57:01 transreid.train INFO: Epoch[88] Iter[140/275] Loss: 0.087, Acc: 0.999, Base Lr: 1.34e-04
2026-06-05 10:57:03 transreid.train INFO: Epoch[88] Iter[160/275] Loss: 0.086, Acc: 0.999, Base Lr: 1.34e-04
2026-06-05 10:57:05 transreid.train INFO: Epoch[88] Iter[180/275] Loss: 0.085, Acc: 0.999, Base Lr: 1.34e-04
2026-06-05 10:57:07 transreid.train INFO: Epoch[88] Iter[200/275] Loss: 0.084, Acc: 0.999, Base Lr: 1.34e-04
2026-06-05 10:57:09 transreid.train INFO: Epoch[88] Iter[220/275] Loss: 0.084, Acc: 0.999, Base Lr: 1.34e-04
2026-06-05 10:57:11 transreid.train INFO: Epoch[88] Iter[240/275] Loss: 0.084, Acc: 0.999, Base Lr: 1.34e-04
2026-06-05 10:57:13 transreid.train INFO: Epoch[88] Iter[260/275] Loss: 0.083, Acc: 0.999, Base Lr: 1.34e-04
2026-06-05 10:57:15 transreid.train INFO: Epoch 88 done. Time per epoch: 28.979[s] Speed: 605.1[samples/s]
2026-06-05 10:57:17 transreid.train INFO: Epoch[89] Iter[20/275] Loss: 0.091, Acc: 0.997, Base Lr: 1.26e-04
2026-06-05 10:57:19 transreid.train INFO: Epoch[89] Iter[40/275] Loss: 0.098, Acc: 0.998, Base Lr: 1.26e-04
2026-06-05 10:57:21 transreid.train INFO: Epoch[89] Iter[60/275] Loss: 0.094, Acc: 0.998, Base Lr: 1.26e-04
2026-06-05 10:57:24 transreid.train INFO: Epoch[89] Iter[80/275] Loss: 0.090, Acc: 0.998, Base Lr: 1.26e-04
2026-06-05 10:57:26 transreid.train INFO: Epoch[89] Iter[100/275] Loss: 0.089, Acc: 0.999, Base Lr: 1.26e-04
2026-06-05 10:57:28 transreid.train INFO: Epoch[89] Iter[120/275] Loss: 0.087, Acc: 0.999, Base Lr: 1.26e-04
2026-06-05 10:57:30 transreid.train INFO: Epoch[89] Iter[140/275] Loss: 0.086, Acc: 0.999, Base Lr: 1.26e-04
2026-06-05 10:57:32 transreid.train INFO: Epoch[89] Iter[160/275] Loss: 0.085, Acc: 0.999, Base Lr: 1.26e-04
2026-06-05 10:57:34 transreid.train INFO: Epoch[89] Iter[180/275] Loss: 0.085, Acc: 0.998, Base Lr: 1.26e-04
2026-06-05 10:57:36 transreid.train INFO: Epoch[89] Iter[200/275] Loss: 0.084, Acc: 0.998, Base Lr: 1.26e-04
2026-06-05 10:57:38 transreid.train INFO: Epoch[89] Iter[220/275] Loss: 0.083, Acc: 0.998, Base Lr: 1.26e-04
2026-06-05 10:57:40 transreid.train INFO: Epoch[89] Iter[240/275] Loss: 0.082, Acc: 0.999, Base Lr: 1.26e-04
2026-06-05 10:57:42 transreid.train INFO: Epoch[89] Iter[260/275] Loss: 0.082, Acc: 0.998, Base Lr: 1.26e-04
2026-06-05 10:57:44 transreid.train INFO: Epoch 89 done. Time per epoch: 28.864[s] Speed: 605.3[samples/s]
2026-06-05 10:57:46 transreid.train INFO: Epoch[90] Iter[20/275] Loss: 0.084, Acc: 1.000, Base Lr: 1.19e-04
2026-06-05 10:57:48 transreid.train INFO: Epoch[90] Iter[40/275] Loss: 0.084, Acc: 0.999, Base Lr: 1.19e-04
2026-06-05 10:57:50 transreid.train INFO: Epoch[90] Iter[60/275] Loss: 0.085, Acc: 0.999, Base Lr: 1.19e-04
2026-06-05 10:57:52 transreid.train INFO: Epoch[90] Iter[80/275] Loss: 0.084, Acc: 0.999, Base Lr: 1.19e-04
2026-06-05 10:57:55 transreid.train INFO: Epoch[90] Iter[100/275] Loss: 0.083, Acc: 0.999, Base Lr: 1.19e-04
2026-06-05 10:57:57 transreid.train INFO: Epoch[90] Iter[120/275] Loss: 0.082, Acc: 0.999, Base Lr: 1.19e-04
2026-06-05 10:57:59 transreid.train INFO: Epoch[90] Iter[140/275] Loss: 0.082, Acc: 0.999, Base Lr: 1.19e-04
2026-06-05 10:58:01 transreid.train INFO: Epoch[90] Iter[160/275] Loss: 0.082, Acc: 0.999, Base Lr: 1.19e-04
2026-06-05 10:58:03 transreid.train INFO: Epoch[90] Iter[180/275] Loss: 0.081, Acc: 0.999, Base Lr: 1.19e-04
2026-06-05 10:58:05 transreid.train INFO: Epoch[90] Iter[200/275] Loss: 0.081, Acc: 0.999, Base Lr: 1.19e-04
2026-06-05 10:58:07 transreid.train INFO: Epoch[90] Iter[220/275] Loss: 0.080, Acc: 0.999, Base Lr: 1.19e-04
2026-06-05 10:58:09 transreid.train INFO: Epoch[90] Iter[240/275] Loss: 0.080, Acc: 0.999, Base Lr: 1.19e-04
2026-06-05 10:58:11 transreid.train INFO: Epoch[90] Iter[260/275] Loss: 0.080, Acc: 0.999, Base Lr: 1.19e-04
2026-06-05 10:58:13 transreid.train INFO: Epoch 90 done. Time per epoch: 28.963[s] Speed: 605.5[samples/s]
2026-06-05 10:58:15 transreid.train INFO: Epoch[91] Iter[20/275] Loss: 0.091, Acc: 1.000, Base Lr: 1.11e-04
2026-06-05 10:58:17 transreid.train INFO: Epoch[91] Iter[40/275] Loss: 0.088, Acc: 1.000, Base Lr: 1.11e-04
2026-06-05 10:58:19 transreid.train INFO: Epoch[91] Iter[60/275] Loss: 0.087, Acc: 0.999, Base Lr: 1.11e-04
2026-06-05 10:58:21 transreid.train INFO: Epoch[91] Iter[80/275] Loss: 0.086, Acc: 0.999, Base Lr: 1.11e-04
2026-06-05 10:58:23 transreid.train INFO: Epoch[91] Iter[100/275] Loss: 0.085, Acc: 0.999, Base Lr: 1.11e-04
2026-06-05 10:58:26 transreid.train INFO: Epoch[91] Iter[120/275] Loss: 0.084, Acc: 0.999, Base Lr: 1.11e-04
2026-06-05 10:58:28 transreid.train INFO: Epoch[91] Iter[140/275] Loss: 0.083, Acc: 0.999, Base Lr: 1.11e-04
2026-06-05 10:58:30 transreid.train INFO: Epoch[91] Iter[160/275] Loss: 0.082, Acc: 0.999, Base Lr: 1.11e-04
2026-06-05 10:58:32 transreid.train INFO: Epoch[91] Iter[180/275] Loss: 0.082, Acc: 0.999, Base Lr: 1.11e-04
2026-06-05 10:58:34 transreid.train INFO: Epoch[91] Iter[200/275] Loss: 0.081, Acc: 0.999, Base Lr: 1.11e-04
2026-06-05 10:58:36 transreid.train INFO: Epoch[91] Iter[220/275] Loss: 0.081, Acc: 0.999, Base Lr: 1.11e-04
2026-06-05 10:58:38 transreid.train INFO: Epoch[91] Iter[240/275] Loss: 0.080, Acc: 0.999, Base Lr: 1.11e-04
2026-06-05 10:58:40 transreid.train INFO: Epoch[91] Iter[260/275] Loss: 0.079, Acc: 0.999, Base Lr: 1.11e-04
2026-06-05 10:58:42 transreid.train INFO: Epoch 91 done. Time per epoch: 28.934[s] Speed: 606.1[samples/s]
2026-06-05 10:58:44 transreid.train INFO: Epoch[92] Iter[20/275] Loss: 0.089, Acc: 0.998, Base Lr: 1.04e-04
2026-06-05 10:58:46 transreid.train INFO: Epoch[92] Iter[40/275] Loss: 0.088, Acc: 0.998, Base Lr: 1.04e-04
2026-06-05 10:58:48 transreid.train INFO: Epoch[92] Iter[60/275] Loss: 0.087, Acc: 0.999, Base Lr: 1.04e-04
2026-06-05 10:58:50 transreid.train INFO: Epoch[92] Iter[80/275] Loss: 0.085, Acc: 0.998, Base Lr: 1.04e-04
2026-06-05 10:58:52 transreid.train INFO: Epoch[92] Iter[100/275] Loss: 0.084, Acc: 0.998, Base Lr: 1.04e-04
2026-06-05 10:58:54 transreid.train INFO: Epoch[92] Iter[120/275] Loss: 0.084, Acc: 0.998, Base Lr: 1.04e-04
2026-06-05 10:58:57 transreid.train INFO: Epoch[92] Iter[140/275] Loss: 0.083, Acc: 0.998, Base Lr: 1.04e-04
2026-06-05 10:58:59 transreid.train INFO: Epoch[92] Iter[160/275] Loss: 0.082, Acc: 0.999, Base Lr: 1.04e-04
2026-06-05 10:59:01 transreid.train INFO: Epoch[92] Iter[180/275] Loss: 0.081, Acc: 0.999, Base Lr: 1.04e-04
2026-06-05 10:59:03 transreid.train INFO: Epoch[92] Iter[200/275] Loss: 0.080, Acc: 0.999, Base Lr: 1.04e-04
2026-06-05 10:59:05 transreid.train INFO: Epoch[92] Iter[220/275] Loss: 0.080, Acc: 0.999, Base Lr: 1.04e-04
2026-06-05 10:59:07 transreid.train INFO: Epoch[92] Iter[240/275] Loss: 0.080, Acc: 0.999, Base Lr: 1.04e-04
2026-06-05 10:59:09 transreid.train INFO: Epoch[92] Iter[260/275] Loss: 0.079, Acc: 0.999, Base Lr: 1.04e-04
2026-06-05 10:59:11 transreid.train INFO: Epoch 92 done. Time per epoch: 28.944[s] Speed: 605.9[samples/s]
2026-06-05 10:59:13 transreid.train INFO: Epoch[93] Iter[20/275] Loss: 0.086, Acc: 0.998, Base Lr: 9.72e-05
2026-06-05 10:59:15 transreid.train INFO: Epoch[93] Iter[40/275] Loss: 0.084, Acc: 0.999, Base Lr: 9.72e-05
2026-06-05 10:59:17 transreid.train INFO: Epoch[93] Iter[60/275] Loss: 0.082, Acc: 0.999, Base Lr: 9.72e-05
2026-06-05 10:59:19 transreid.train INFO: Epoch[93] Iter[80/275] Loss: 0.086, Acc: 0.999, Base Lr: 9.72e-05
2026-06-05 10:59:21 transreid.train INFO: Epoch[93] Iter[100/275] Loss: 0.086, Acc: 0.999, Base Lr: 9.72e-05
2026-06-05 10:59:23 transreid.train INFO: Epoch[93] Iter[120/275] Loss: 0.084, Acc: 0.999, Base Lr: 9.72e-05
2026-06-05 10:59:26 transreid.train INFO: Epoch[93] Iter[140/275] Loss: 0.083, Acc: 0.999, Base Lr: 9.72e-05
2026-06-05 10:59:28 transreid.train INFO: Epoch[93] Iter[160/275] Loss: 0.083, Acc: 0.999, Base Lr: 9.72e-05
2026-06-05 10:59:30 transreid.train INFO: Epoch[93] Iter[180/275] Loss: 0.082, Acc: 0.999, Base Lr: 9.72e-05
2026-06-05 10:59:32 transreid.train INFO: Epoch[93] Iter[200/275] Loss: 0.082, Acc: 0.999, Base Lr: 9.72e-05
2026-06-05 10:59:34 transreid.train INFO: Epoch[93] Iter[220/275] Loss: 0.082, Acc: 0.999, Base Lr: 9.72e-05
2026-06-05 10:59:36 transreid.train INFO: Epoch[93] Iter[240/275] Loss: 0.081, Acc: 0.999, Base Lr: 9.72e-05
2026-06-05 10:59:38 transreid.train INFO: Epoch[93] Iter[260/275] Loss: 0.081, Acc: 0.999, Base Lr: 9.72e-05
2026-06-05 10:59:39 transreid.train INFO: Epoch 93 done. Time per epoch: 28.870[s] Speed: 605.2[samples/s]
2026-06-05 10:59:42 transreid.train INFO: Epoch[94] Iter[20/275] Loss: 0.091, Acc: 0.999, Base Lr: 9.06e-05
2026-06-05 10:59:44 transreid.train INFO: Epoch[94] Iter[40/275] Loss: 0.086, Acc: 0.998, Base Lr: 9.06e-05
2026-06-05 10:59:46 transreid.train INFO: Epoch[94] Iter[60/275] Loss: 0.086, Acc: 0.998, Base Lr: 9.06e-05
2026-06-05 10:59:48 transreid.train INFO: Epoch[94] Iter[80/275] Loss: 0.085, Acc: 0.998, Base Lr: 9.06e-05
2026-06-05 10:59:50 transreid.train INFO: Epoch[94] Iter[100/275] Loss: 0.084, Acc: 0.998, Base Lr: 9.06e-05
2026-06-05 10:59:52 transreid.train INFO: Epoch[94] Iter[120/275] Loss: 0.084, Acc: 0.998, Base Lr: 9.06e-05
2026-06-05 10:59:54 transreid.train INFO: Epoch[94] Iter[140/275] Loss: 0.083, Acc: 0.998, Base Lr: 9.06e-05
2026-06-05 10:59:57 transreid.train INFO: Epoch[94] Iter[160/275] Loss: 0.083, Acc: 0.998, Base Lr: 9.06e-05
2026-06-05 10:59:59 transreid.train INFO: Epoch[94] Iter[180/275] Loss: 0.082, Acc: 0.999, Base Lr: 9.06e-05
2026-06-05 11:00:01 transreid.train INFO: Epoch[94] Iter[200/275] Loss: 0.082, Acc: 0.999, Base Lr: 9.06e-05
2026-06-05 11:00:03 transreid.train INFO: Epoch[94] Iter[220/275] Loss: 0.081, Acc: 0.999, Base Lr: 9.06e-05
2026-06-05 11:00:05 transreid.train INFO: Epoch[94] Iter[240/275] Loss: 0.080, Acc: 0.999, Base Lr: 9.06e-05
2026-06-05 11:00:07 transreid.train INFO: Epoch[94] Iter[260/275] Loss: 0.080, Acc: 0.999, Base Lr: 9.06e-05
2026-06-05 11:00:08 transreid.train INFO: Epoch 94 done. Time per epoch: 28.875[s] Speed: 605.1[samples/s]
2026-06-05 11:00:11 transreid.train INFO: Epoch[95] Iter[20/275] Loss: 0.086, Acc: 1.000, Base Lr: 8.41e-05
2026-06-05 11:00:13 transreid.train INFO: Epoch[95] Iter[40/275] Loss: 0.085, Acc: 1.000, Base Lr: 8.41e-05
2026-06-05 11:00:15 transreid.train INFO: Epoch[95] Iter[60/275] Loss: 0.085, Acc: 1.000, Base Lr: 8.41e-05
2026-06-05 11:00:17 transreid.train INFO: Epoch[95] Iter[80/275] Loss: 0.082, Acc: 1.000, Base Lr: 8.41e-05
2026-06-05 11:00:19 transreid.train INFO: Epoch[95] Iter[100/275] Loss: 0.081, Acc: 1.000, Base Lr: 8.41e-05
2026-06-05 11:00:21 transreid.train INFO: Epoch[95] Iter[120/275] Loss: 0.080, Acc: 0.999, Base Lr: 8.41e-05
2026-06-05 11:00:23 transreid.train INFO: Epoch[95] Iter[140/275] Loss: 0.080, Acc: 0.999, Base Lr: 8.41e-05
2026-06-05 11:00:25 transreid.train INFO: Epoch[95] Iter[160/275] Loss: 0.080, Acc: 0.999, Base Lr: 8.41e-05
2026-06-05 11:00:27 transreid.train INFO: Epoch[95] Iter[180/275] Loss: 0.082, Acc: 0.999, Base Lr: 8.41e-05
2026-06-05 11:00:30 transreid.train INFO: Epoch[95] Iter[200/275] Loss: 0.081, Acc: 0.999, Base Lr: 8.41e-05
2026-06-05 11:00:32 transreid.train INFO: Epoch[95] Iter[220/275] Loss: 0.080, Acc: 0.999, Base Lr: 8.41e-05
2026-06-05 11:00:34 transreid.train INFO: Epoch[95] Iter[240/275] Loss: 0.080, Acc: 0.999, Base Lr: 8.41e-05
2026-06-05 11:00:36 transreid.train INFO: Epoch[95] Iter[260/275] Loss: 0.079, Acc: 0.999, Base Lr: 8.41e-05
2026-06-05 11:00:37 transreid.train INFO: Epoch 95 done. Time per epoch: 28.852[s] Speed: 605.6[samples/s]
2026-06-05 11:00:40 transreid.train INFO: Epoch[96] Iter[20/275] Loss: 0.089, Acc: 0.998, Base Lr: 7.78e-05
2026-06-05 11:00:42 transreid.train INFO: Epoch[96] Iter[40/275] Loss: 0.085, Acc: 0.998, Base Lr: 7.78e-05
2026-06-05 11:00:44 transreid.train INFO: Epoch[96] Iter[60/275] Loss: 0.082, Acc: 0.999, Base Lr: 7.78e-05
2026-06-05 11:00:46 transreid.train INFO: Epoch[96] Iter[80/275] Loss: 0.083, Acc: 0.999, Base Lr: 7.78e-05
2026-06-05 11:00:48 transreid.train INFO: Epoch[96] Iter[100/275] Loss: 0.082, Acc: 0.999, Base Lr: 7.78e-05
2026-06-05 11:00:50 transreid.train INFO: Epoch[96] Iter[120/275] Loss: 0.082, Acc: 0.999, Base Lr: 7.78e-05
2026-06-05 11:00:52 transreid.train INFO: Epoch[96] Iter[140/275] Loss: 0.081, Acc: 0.999, Base Lr: 7.78e-05
2026-06-05 11:00:54 transreid.train INFO: Epoch[96] Iter[160/275] Loss: 0.080, Acc: 0.999, Base Lr: 7.78e-05
2026-06-05 11:00:56 transreid.train INFO: Epoch[96] Iter[180/275] Loss: 0.080, Acc: 0.999, Base Lr: 7.78e-05
2026-06-05 11:00:58 transreid.train INFO: Epoch[96] Iter[200/275] Loss: 0.079, Acc: 1.000, Base Lr: 7.78e-05
2026-06-05 11:01:01 transreid.train INFO: Epoch[96] Iter[220/275] Loss: 0.079, Acc: 0.999, Base Lr: 7.78e-05
2026-06-05 11:01:03 transreid.train INFO: Epoch[96] Iter[240/275] Loss: 0.079, Acc: 0.999, Base Lr: 7.78e-05
2026-06-05 11:01:05 transreid.train INFO: Epoch[96] Iter[260/275] Loss: 0.078, Acc: 0.999, Base Lr: 7.78e-05
2026-06-05 11:01:06 transreid.train INFO: Epoch 96 done. Time per epoch: 28.865[s] Speed: 605.3[samples/s]
2026-06-05 11:01:08 transreid.train INFO: Epoch[97] Iter[20/275] Loss: 0.089, Acc: 0.998, Base Lr: 7.18e-05
2026-06-05 11:01:11 transreid.train INFO: Epoch[97] Iter[40/275] Loss: 0.092, Acc: 0.997, Base Lr: 7.18e-05
2026-06-05 11:01:13 transreid.train INFO: Epoch[97] Iter[60/275] Loss: 0.089, Acc: 0.998, Base Lr: 7.18e-05
2026-06-05 11:01:15 transreid.train INFO: Epoch[97] Iter[80/275] Loss: 0.088, Acc: 0.998, Base Lr: 7.18e-05
2026-06-05 11:01:17 transreid.train INFO: Epoch[97] Iter[100/275] Loss: 0.087, Acc: 0.998, Base Lr: 7.18e-05
2026-06-05 11:01:19 transreid.train INFO: Epoch[97] Iter[120/275] Loss: 0.085, Acc: 0.998, Base Lr: 7.18e-05
2026-06-05 11:01:21 transreid.train INFO: Epoch[97] Iter[140/275] Loss: 0.083, Acc: 0.999, Base Lr: 7.18e-05
2026-06-05 11:01:23 transreid.train INFO: Epoch[97] Iter[160/275] Loss: 0.082, Acc: 0.999, Base Lr: 7.18e-05
2026-06-05 11:01:25 transreid.train INFO: Epoch[97] Iter[180/275] Loss: 0.081, Acc: 0.999, Base Lr: 7.18e-05
2026-06-05 11:01:27 transreid.train INFO: Epoch[97] Iter[200/275] Loss: 0.081, Acc: 0.999, Base Lr: 7.18e-05
2026-06-05 11:01:29 transreid.train INFO: Epoch[97] Iter[220/275] Loss: 0.080, Acc: 0.999, Base Lr: 7.18e-05
2026-06-05 11:01:31 transreid.train INFO: Epoch[97] Iter[240/275] Loss: 0.080, Acc: 0.999, Base Lr: 7.18e-05
2026-06-05 11:01:34 transreid.train INFO: Epoch[97] Iter[260/275] Loss: 0.079, Acc: 0.999, Base Lr: 7.18e-05
2026-06-05 11:01:35 transreid.train INFO: Epoch 97 done. Time per epoch: 28.862[s] Speed: 605.4[samples/s]
2026-06-05 11:01:37 transreid.train INFO: Epoch[98] Iter[20/275] Loss: 0.084, Acc: 1.000, Base Lr: 6.60e-05
2026-06-05 11:01:39 transreid.train INFO: Epoch[98] Iter[40/275] Loss: 0.107, Acc: 0.998, Base Lr: 6.60e-05
2026-06-05 11:01:41 transreid.train INFO: Epoch[98] Iter[60/275] Loss: 0.098, Acc: 0.998, Base Lr: 6.60e-05
2026-06-05 11:01:44 transreid.train INFO: Epoch[98] Iter[80/275] Loss: 0.094, Acc: 0.998, Base Lr: 6.60e-05
2026-06-05 11:01:46 transreid.train INFO: Epoch[98] Iter[100/275] Loss: 0.091, Acc: 0.998, Base Lr: 6.60e-05
2026-06-05 11:01:48 transreid.train INFO: Epoch[98] Iter[120/275] Loss: 0.089, Acc: 0.998, Base Lr: 6.60e-05
2026-06-05 11:01:50 transreid.train INFO: Epoch[98] Iter[140/275] Loss: 0.087, Acc: 0.998, Base Lr: 6.60e-05
2026-06-05 11:01:52 transreid.train INFO: Epoch[98] Iter[160/275] Loss: 0.086, Acc: 0.999, Base Lr: 6.60e-05
2026-06-05 11:01:54 transreid.train INFO: Epoch[98] Iter[180/275] Loss: 0.085, Acc: 0.999, Base Lr: 6.60e-05
2026-06-05 11:01:56 transreid.train INFO: Epoch[98] Iter[200/275] Loss: 0.084, Acc: 0.999, Base Lr: 6.60e-05
2026-06-05 11:01:58 transreid.train INFO: Epoch[98] Iter[220/275] Loss: 0.084, Acc: 0.999, Base Lr: 6.60e-05
2026-06-05 11:02:00 transreid.train INFO: Epoch[98] Iter[240/275] Loss: 0.082, Acc: 0.999, Base Lr: 6.60e-05
2026-06-05 11:02:02 transreid.train INFO: Epoch[98] Iter[260/275] Loss: 0.082, Acc: 0.999, Base Lr: 6.60e-05
2026-06-05 11:02:04 transreid.train INFO: Epoch 98 done. Time per epoch: 28.956[s] Speed: 605.6[samples/s]
2026-06-05 11:02:06 transreid.train INFO: Epoch[99] Iter[20/275] Loss: 0.091, Acc: 0.999, Base Lr: 6.04e-05
2026-06-05 11:02:08 transreid.train INFO: Epoch[99] Iter[40/275] Loss: 0.087, Acc: 0.999, Base Lr: 6.04e-05
2026-06-05 11:02:10 transreid.train INFO: Epoch[99] Iter[60/275] Loss: 0.087, Acc: 0.999, Base Lr: 6.04e-05
2026-06-05 11:02:13 transreid.train INFO: Epoch[99] Iter[80/275] Loss: 0.085, Acc: 0.999, Base Lr: 6.04e-05
2026-06-05 11:02:15 transreid.train INFO: Epoch[99] Iter[100/275] Loss: 0.084, Acc: 0.999, Base Lr: 6.04e-05
2026-06-05 11:02:17 transreid.train INFO: Epoch[99] Iter[120/275] Loss: 0.082, Acc: 0.999, Base Lr: 6.04e-05
2026-06-05 11:02:19 transreid.train INFO: Epoch[99] Iter[140/275] Loss: 0.081, Acc: 0.999, Base Lr: 6.04e-05
2026-06-05 11:02:21 transreid.train INFO: Epoch[99] Iter[160/275] Loss: 0.080, Acc: 0.999, Base Lr: 6.04e-05
2026-06-05 11:02:23 transreid.train INFO: Epoch[99] Iter[180/275] Loss: 0.080, Acc: 0.999, Base Lr: 6.04e-05
2026-06-05 11:02:25 transreid.train INFO: Epoch[99] Iter[200/275] Loss: 0.079, Acc: 0.999, Base Lr: 6.04e-05
2026-06-05 11:02:27 transreid.train INFO: Epoch[99] Iter[220/275] Loss: 0.078, Acc: 0.999, Base Lr: 6.04e-05
2026-06-05 11:02:29 transreid.train INFO: Epoch[99] Iter[240/275] Loss: 0.079, Acc: 0.999, Base Lr: 6.04e-05
2026-06-05 11:02:31 transreid.train INFO: Epoch[99] Iter[260/275] Loss: 0.079, Acc: 0.999, Base Lr: 6.04e-05
2026-06-05 11:02:33 transreid.train INFO: Epoch 99 done. Time per epoch: 28.966[s] Speed: 605.4[samples/s]
2026-06-05 11:02:35 transreid.train INFO: Epoch[100] Iter[20/275] Loss: 0.086, Acc: 0.997, Base Lr: 5.51e-05
2026-06-05 11:02:37 transreid.train INFO: Epoch[100] Iter[40/275] Loss: 0.089, Acc: 0.998, Base Lr: 5.51e-05
2026-06-05 11:02:39 transreid.train INFO: Epoch[100] Iter[60/275] Loss: 0.085, Acc: 0.999, Base Lr: 5.51e-05
2026-06-05 11:02:42 transreid.train INFO: Epoch[100] Iter[80/275] Loss: 0.085, Acc: 0.999, Base Lr: 5.51e-05
2026-06-05 11:02:44 transreid.train INFO: Epoch[100] Iter[100/275] Loss: 0.083, Acc: 0.999, Base Lr: 5.51e-05
2026-06-05 11:02:46 transreid.train INFO: Epoch[100] Iter[120/275] Loss: 0.082, Acc: 0.999, Base Lr: 5.51e-05
2026-06-05 11:02:48 transreid.train INFO: Epoch[100] Iter[140/275] Loss: 0.081, Acc: 0.999, Base Lr: 5.51e-05
2026-06-05 11:02:50 transreid.train INFO: Epoch[100] Iter[160/275] Loss: 0.082, Acc: 0.999, Base Lr: 5.51e-05
2026-06-05 11:02:52 transreid.train INFO: Epoch[100] Iter[180/275] Loss: 0.081, Acc: 0.999, Base Lr: 5.51e-05
2026-06-05 11:02:54 transreid.train INFO: Epoch[100] Iter[200/275] Loss: 0.080, Acc: 0.999, Base Lr: 5.51e-05
2026-06-05 11:02:56 transreid.train INFO: Epoch[100] Iter[220/275] Loss: 0.080, Acc: 0.999, Base Lr: 5.51e-05
2026-06-05 11:02:58 transreid.train INFO: Epoch[100] Iter[240/275] Loss: 0.079, Acc: 0.999, Base Lr: 5.51e-05
2026-06-05 11:03:00 transreid.train INFO: Epoch[100] Iter[260/275] Loss: 0.079, Acc: 0.999, Base Lr: 5.51e-05
2026-06-05 11:03:02 transreid.train INFO: Epoch 100 done. Time per epoch: 28.971[s] Speed: 605.3[samples/s]
=> Computing MULTIHYP conservative DistMat (alpha=0.1)
2026-06-05 11:03:16 transreid.train INFO: Validation Results - Epoch: 100
2026-06-05 11:03:16 transreid.train INFO: mAP: 76.3%
2026-06-05 11:03:16 transreid.train INFO: CMC curve, Rank-1  :85.0%
2026-06-05 11:03:16 transreid.train INFO: CMC curve, Rank-5  :94.3%
2026-06-05 11:03:16 transreid.train INFO: CMC curve, Rank-10 :96.6%
2026-06-05 11:03:18 transreid.train INFO: Epoch[101] Iter[20/275] Loss: 0.086, Acc: 0.998, Base Lr: 5.00e-05
2026-06-05 11:03:20 transreid.train INFO: Epoch[101] Iter[40/275] Loss: 0.083, Acc: 0.999, Base Lr: 5.00e-05
2026-06-05 11:03:23 transreid.train INFO: Epoch[101] Iter[60/275] Loss: 0.081, Acc: 0.999, Base Lr: 5.00e-05
2026-06-05 11:03:25 transreid.train INFO: Epoch[101] Iter[80/275] Loss: 0.081, Acc: 0.999, Base Lr: 5.00e-05
2026-06-05 11:03:27 transreid.train INFO: Epoch[101] Iter[100/275] Loss: 0.081, Acc: 0.999, Base Lr: 5.00e-05
2026-06-05 11:03:29 transreid.train INFO: Epoch[101] Iter[120/275] Loss: 0.082, Acc: 0.999, Base Lr: 5.00e-05
2026-06-05 11:03:31 transreid.train INFO: Epoch[101] Iter[140/275] Loss: 0.081, Acc: 0.999, Base Lr: 5.00e-05
2026-06-05 11:03:33 transreid.train INFO: Epoch[101] Iter[160/275] Loss: 0.081, Acc: 0.999, Base Lr: 5.00e-05
2026-06-05 11:03:35 transreid.train INFO: Epoch[101] Iter[180/275] Loss: 0.080, Acc: 0.999, Base Lr: 5.00e-05
2026-06-05 11:03:37 transreid.train INFO: Epoch[101] Iter[200/275] Loss: 0.079, Acc: 0.999, Base Lr: 5.00e-05
2026-06-05 11:03:39 transreid.train INFO: Epoch[101] Iter[220/275] Loss: 0.079, Acc: 0.999, Base Lr: 5.00e-05
2026-06-05 11:03:41 transreid.train INFO: Epoch[101] Iter[240/275] Loss: 0.078, Acc: 0.999, Base Lr: 5.00e-05
2026-06-05 11:03:43 transreid.train INFO: Epoch[101] Iter[260/275] Loss: 0.078, Acc: 0.999, Base Lr: 5.00e-05
2026-06-05 11:03:45 transreid.train INFO: Epoch 101 done. Time per epoch: 28.844[s] Speed: 605.7[samples/s]
2026-06-05 11:03:47 transreid.train INFO: Epoch[102] Iter[20/275] Loss: 0.087, Acc: 1.000, Base Lr: 4.51e-05
2026-06-05 11:03:49 transreid.train INFO: Epoch[102] Iter[40/275] Loss: 0.085, Acc: 0.999, Base Lr: 4.51e-05
2026-06-05 11:03:51 transreid.train INFO: Epoch[102] Iter[60/275] Loss: 0.082, Acc: 0.999, Base Lr: 4.51e-05
2026-06-05 11:03:53 transreid.train INFO: Epoch[102] Iter[80/275] Loss: 0.082, Acc: 0.999, Base Lr: 4.51e-05
2026-06-05 11:03:56 transreid.train INFO: Epoch[102] Iter[100/275] Loss: 0.081, Acc: 0.999, Base Lr: 4.51e-05
2026-06-05 11:03:58 transreid.train INFO: Epoch[102] Iter[120/275] Loss: 0.081, Acc: 0.999, Base Lr: 4.51e-05
2026-06-05 11:04:00 transreid.train INFO: Epoch[102] Iter[140/275] Loss: 0.080, Acc: 0.999, Base Lr: 4.51e-05
2026-06-05 11:04:02 transreid.train INFO: Epoch[102] Iter[160/275] Loss: 0.079, Acc: 1.000, Base Lr: 4.51e-05
2026-06-05 11:04:04 transreid.train INFO: Epoch[102] Iter[180/275] Loss: 0.079, Acc: 0.999, Base Lr: 4.51e-05
2026-06-05 11:04:06 transreid.train INFO: Epoch[102] Iter[200/275] Loss: 0.078, Acc: 0.999, Base Lr: 4.51e-05
2026-06-05 11:04:08 transreid.train INFO: Epoch[102] Iter[220/275] Loss: 0.078, Acc: 0.999, Base Lr: 4.51e-05
2026-06-05 11:04:10 transreid.train INFO: Epoch[102] Iter[240/275] Loss: 0.078, Acc: 0.999, Base Lr: 4.51e-05
2026-06-05 11:04:12 transreid.train INFO: Epoch[102] Iter[260/275] Loss: 0.077, Acc: 0.999, Base Lr: 4.51e-05
2026-06-05 11:04:14 transreid.train INFO: Epoch 102 done. Time per epoch: 28.881[s] Speed: 605.0[samples/s]
2026-06-05 11:04:16 transreid.train INFO: Epoch[103] Iter[20/275] Loss: 0.085, Acc: 0.999, Base Lr: 4.05e-05
2026-06-05 11:04:18 transreid.train INFO: Epoch[103] Iter[40/275] Loss: 0.089, Acc: 0.997, Base Lr: 4.05e-05
2026-06-05 11:04:20 transreid.train INFO: Epoch[103] Iter[60/275] Loss: 0.086, Acc: 0.998, Base Lr: 4.05e-05
2026-06-05 11:04:22 transreid.train INFO: Epoch[103] Iter[80/275] Loss: 0.085, Acc: 0.998, Base Lr: 4.05e-05
2026-06-05 11:04:24 transreid.train INFO: Epoch[103] Iter[100/275] Loss: 0.083, Acc: 0.998, Base Lr: 4.05e-05
2026-06-05 11:04:27 transreid.train INFO: Epoch[103] Iter[120/275] Loss: 0.082, Acc: 0.999, Base Lr: 4.05e-05
2026-06-05 11:04:29 transreid.train INFO: Epoch[103] Iter[140/275] Loss: 0.081, Acc: 0.999, Base Lr: 4.05e-05
2026-06-05 11:04:31 transreid.train INFO: Epoch[103] Iter[160/275] Loss: 0.080, Acc: 0.999, Base Lr: 4.05e-05
2026-06-05 11:04:33 transreid.train INFO: Epoch[103] Iter[180/275] Loss: 0.080, Acc: 0.999, Base Lr: 4.05e-05
2026-06-05 11:04:35 transreid.train INFO: Epoch[103] Iter[200/275] Loss: 0.079, Acc: 0.999, Base Lr: 4.05e-05
2026-06-05 11:04:37 transreid.train INFO: Epoch[103] Iter[220/275] Loss: 0.079, Acc: 0.999, Base Lr: 4.05e-05
2026-06-05 11:04:39 transreid.train INFO: Epoch[103] Iter[240/275] Loss: 0.079, Acc: 0.999, Base Lr: 4.05e-05
2026-06-05 11:04:41 transreid.train INFO: Epoch[103] Iter[260/275] Loss: 0.078, Acc: 0.999, Base Lr: 4.05e-05
2026-06-05 11:04:43 transreid.train INFO: Epoch 103 done. Time per epoch: 28.839[s] Speed: 605.8[samples/s]
2026-06-05 11:04:45 transreid.train INFO: Epoch[104] Iter[20/275] Loss: 0.086, Acc: 0.999, Base Lr: 3.61e-05
2026-06-05 11:04:47 transreid.train INFO: Epoch[104] Iter[40/275] Loss: 0.081, Acc: 1.000, Base Lr: 3.61e-05
2026-06-05 11:04:49 transreid.train INFO: Epoch[104] Iter[60/275] Loss: 0.082, Acc: 0.999, Base Lr: 3.61e-05
2026-06-05 11:04:51 transreid.train INFO: Epoch[104] Iter[80/275] Loss: 0.080, Acc: 1.000, Base Lr: 3.61e-05
2026-06-05 11:04:53 transreid.train INFO: Epoch[104] Iter[100/275] Loss: 0.080, Acc: 1.000, Base Lr: 3.61e-05
2026-06-05 11:04:55 transreid.train INFO: Epoch[104] Iter[120/275] Loss: 0.080, Acc: 0.999, Base Lr: 3.61e-05
2026-06-05 11:04:57 transreid.train INFO: Epoch[104] Iter[140/275] Loss: 0.079, Acc: 0.999, Base Lr: 3.61e-05
2026-06-05 11:05:00 transreid.train INFO: Epoch[104] Iter[160/275] Loss: 0.078, Acc: 0.999, Base Lr: 3.61e-05
2026-06-05 11:05:02 transreid.train INFO: Epoch[104] Iter[180/275] Loss: 0.079, Acc: 0.999, Base Lr: 3.61e-05
2026-06-05 11:05:04 transreid.train INFO: Epoch[104] Iter[200/275] Loss: 0.078, Acc: 0.999, Base Lr: 3.61e-05
2026-06-05 11:05:06 transreid.train INFO: Epoch[104] Iter[220/275] Loss: 0.077, Acc: 0.999, Base Lr: 3.61e-05
2026-06-05 11:05:08 transreid.train INFO: Epoch[104] Iter[240/275] Loss: 0.077, Acc: 0.999, Base Lr: 3.61e-05
2026-06-05 11:05:10 transreid.train INFO: Epoch[104] Iter[260/275] Loss: 0.077, Acc: 0.999, Base Lr: 3.61e-05
2026-06-05 11:05:11 transreid.train INFO: Epoch 104 done. Time per epoch: 28.840[s] Speed: 605.8[samples/s]
2026-06-05 11:05:14 transreid.train INFO: Epoch[105] Iter[20/275] Loss: 0.082, Acc: 0.998, Base Lr: 3.20e-05
2026-06-05 11:05:16 transreid.train INFO: Epoch[105] Iter[40/275] Loss: 0.083, Acc: 0.998, Base Lr: 3.20e-05
2026-06-05 11:05:18 transreid.train INFO: Epoch[105] Iter[60/275] Loss: 0.079, Acc: 0.998, Base Lr: 3.20e-05
2026-06-05 11:05:20 transreid.train INFO: Epoch[105] Iter[80/275] Loss: 0.081, Acc: 0.998, Base Lr: 3.20e-05
2026-06-05 11:05:22 transreid.train INFO: Epoch[105] Iter[100/275] Loss: 0.080, Acc: 0.998, Base Lr: 3.20e-05
2026-06-05 11:05:24 transreid.train INFO: Epoch[105] Iter[120/275] Loss: 0.080, Acc: 0.998, Base Lr: 3.20e-05
2026-06-05 11:05:26 transreid.train INFO: Epoch[105] Iter[140/275] Loss: 0.079, Acc: 0.999, Base Lr: 3.20e-05
2026-06-05 11:05:28 transreid.train INFO: Epoch[105] Iter[160/275] Loss: 0.079, Acc: 0.999, Base Lr: 3.20e-05
2026-06-05 11:05:31 transreid.train INFO: Epoch[105] Iter[180/275] Loss: 0.078, Acc: 0.998, Base Lr: 3.20e-05
2026-06-05 11:05:33 transreid.train INFO: Epoch[105] Iter[200/275] Loss: 0.078, Acc: 0.999, Base Lr: 3.20e-05
2026-06-05 11:05:35 transreid.train INFO: Epoch[105] Iter[220/275] Loss: 0.077, Acc: 0.999, Base Lr: 3.20e-05
2026-06-05 11:05:37 transreid.train INFO: Epoch[105] Iter[240/275] Loss: 0.077, Acc: 0.999, Base Lr: 3.20e-05
2026-06-05 11:05:39 transreid.train INFO: Epoch[105] Iter[260/275] Loss: 0.076, Acc: 0.999, Base Lr: 3.20e-05
2026-06-05 11:05:40 transreid.train INFO: Epoch 105 done. Time per epoch: 28.963[s] Speed: 605.5[samples/s]
2026-06-05 11:05:43 transreid.train INFO: Epoch[106] Iter[20/275] Loss: 0.090, Acc: 1.000, Base Lr: 2.81e-05
2026-06-05 11:05:45 transreid.train INFO: Epoch[106] Iter[40/275] Loss: 0.085, Acc: 1.000, Base Lr: 2.81e-05
2026-06-05 11:05:47 transreid.train INFO: Epoch[106] Iter[60/275] Loss: 0.083, Acc: 0.999, Base Lr: 2.81e-05
2026-06-05 11:05:49 transreid.train INFO: Epoch[106] Iter[80/275] Loss: 0.082, Acc: 1.000, Base Lr: 2.81e-05
2026-06-05 11:05:51 transreid.train INFO: Epoch[106] Iter[100/275] Loss: 0.080, Acc: 1.000, Base Lr: 2.81e-05
2026-06-05 11:05:53 transreid.train INFO: Epoch[106] Iter[120/275] Loss: 0.080, Acc: 1.000, Base Lr: 2.81e-05
2026-06-05 11:05:55 transreid.train INFO: Epoch[106] Iter[140/275] Loss: 0.080, Acc: 1.000, Base Lr: 2.81e-05
2026-06-05 11:05:57 transreid.train INFO: Epoch[106] Iter[160/275] Loss: 0.080, Acc: 1.000, Base Lr: 2.81e-05
2026-06-05 11:05:59 transreid.train INFO: Epoch[106] Iter[180/275] Loss: 0.080, Acc: 1.000, Base Lr: 2.81e-05
2026-06-05 11:06:02 transreid.train INFO: Epoch[106] Iter[200/275] Loss: 0.079, Acc: 0.999, Base Lr: 2.81e-05
2026-06-05 11:06:04 transreid.train INFO: Epoch[106] Iter[220/275] Loss: 0.079, Acc: 1.000, Base Lr: 2.81e-05
2026-06-05 11:06:06 transreid.train INFO: Epoch[106] Iter[240/275] Loss: 0.078, Acc: 0.999, Base Lr: 2.81e-05
2026-06-05 11:06:08 transreid.train INFO: Epoch[106] Iter[260/275] Loss: 0.078, Acc: 0.999, Base Lr: 2.81e-05
2026-06-05 11:06:09 transreid.train INFO: Epoch 106 done. Time per epoch: 28.968[s] Speed: 605.4[samples/s]
2026-06-05 11:06:12 transreid.train INFO: Epoch[107] Iter[20/275] Loss: 0.084, Acc: 0.998, Base Lr: 2.45e-05
2026-06-05 11:06:14 transreid.train INFO: Epoch[107] Iter[40/275] Loss: 0.083, Acc: 0.999, Base Lr: 2.45e-05
2026-06-05 11:06:16 transreid.train INFO: Epoch[107] Iter[60/275] Loss: 0.082, Acc: 0.999, Base Lr: 2.45e-05
2026-06-05 11:06:18 transreid.train INFO: Epoch[107] Iter[80/275] Loss: 0.081, Acc: 0.999, Base Lr: 2.45e-05
2026-06-05 11:06:20 transreid.train INFO: Epoch[107] Iter[100/275] Loss: 0.082, Acc: 0.999, Base Lr: 2.45e-05
2026-06-05 11:06:22 transreid.train INFO: Epoch[107] Iter[120/275] Loss: 0.080, Acc: 0.999, Base Lr: 2.45e-05
2026-06-05 11:06:24 transreid.train INFO: Epoch[107] Iter[140/275] Loss: 0.080, Acc: 0.999, Base Lr: 2.45e-05
2026-06-05 11:06:26 transreid.train INFO: Epoch[107] Iter[160/275] Loss: 0.079, Acc: 0.998, Base Lr: 2.45e-05
2026-06-05 11:06:28 transreid.train INFO: Epoch[107] Iter[180/275] Loss: 0.079, Acc: 0.998, Base Lr: 2.45e-05
2026-06-05 11:06:31 transreid.train INFO: Epoch[107] Iter[200/275] Loss: 0.079, Acc: 0.998, Base Lr: 2.45e-05
2026-06-05 11:06:33 transreid.train INFO: Epoch[107] Iter[220/275] Loss: 0.078, Acc: 0.998, Base Lr: 2.45e-05
2026-06-05 11:06:35 transreid.train INFO: Epoch[107] Iter[240/275] Loss: 0.078, Acc: 0.999, Base Lr: 2.45e-05
2026-06-05 11:06:37 transreid.train INFO: Epoch[107] Iter[260/275] Loss: 0.077, Acc: 0.999, Base Lr: 2.45e-05
2026-06-05 11:06:38 transreid.train INFO: Epoch 107 done. Time per epoch: 28.861[s] Speed: 605.4[samples/s]
2026-06-05 11:06:41 transreid.train INFO: Epoch[108] Iter[20/275] Loss: 0.085, Acc: 0.998, Base Lr: 2.11e-05
2026-06-05 11:06:43 transreid.train INFO: Epoch[108] Iter[40/275] Loss: 0.083, Acc: 0.999, Base Lr: 2.11e-05
2026-06-05 11:06:45 transreid.train INFO: Epoch[108] Iter[60/275] Loss: 0.083, Acc: 0.998, Base Lr: 2.11e-05
2026-06-05 11:06:47 transreid.train INFO: Epoch[108] Iter[80/275] Loss: 0.082, Acc: 0.999, Base Lr: 2.11e-05
2026-06-05 11:06:49 transreid.train INFO: Epoch[108] Iter[100/275] Loss: 0.081, Acc: 0.999, Base Lr: 2.11e-05
2026-06-05 11:06:51 transreid.train INFO: Epoch[108] Iter[120/275] Loss: 0.080, Acc: 0.999, Base Lr: 2.11e-05
2026-06-05 11:06:53 transreid.train INFO: Epoch[108] Iter[140/275] Loss: 0.079, Acc: 0.999, Base Lr: 2.11e-05
2026-06-05 11:06:55 transreid.train INFO: Epoch[108] Iter[160/275] Loss: 0.079, Acc: 0.999, Base Lr: 2.11e-05
2026-06-05 11:06:57 transreid.train INFO: Epoch[108] Iter[180/275] Loss: 0.078, Acc: 0.999, Base Lr: 2.11e-05
2026-06-05 11:06:59 transreid.train INFO: Epoch[108] Iter[200/275] Loss: 0.077, Acc: 0.999, Base Lr: 2.11e-05
2026-06-05 11:07:01 transreid.train INFO: Epoch[108] Iter[220/275] Loss: 0.077, Acc: 0.999, Base Lr: 2.11e-05
2026-06-05 11:07:04 transreid.train INFO: Epoch[108] Iter[240/275] Loss: 0.076, Acc: 0.999, Base Lr: 2.11e-05
2026-06-05 11:07:06 transreid.train INFO: Epoch[108] Iter[260/275] Loss: 0.076, Acc: 0.999, Base Lr: 2.11e-05
2026-06-05 11:07:07 transreid.train INFO: Epoch 108 done. Time per epoch: 28.851[s] Speed: 605.6[samples/s]
2026-06-05 11:07:09 transreid.train INFO: Epoch[109] Iter[20/275] Loss: 0.083, Acc: 0.999, Base Lr: 1.80e-05
2026-06-05 11:07:11 transreid.train INFO: Epoch[109] Iter[40/275] Loss: 0.081, Acc: 0.998, Base Lr: 1.80e-05
2026-06-05 11:07:14 transreid.train INFO: Epoch[109] Iter[60/275] Loss: 0.080, Acc: 0.999, Base Lr: 1.80e-05
2026-06-05 11:07:16 transreid.train INFO: Epoch[109] Iter[80/275] Loss: 0.079, Acc: 0.999, Base Lr: 1.80e-05
2026-06-05 11:07:18 transreid.train INFO: Epoch[109] Iter[100/275] Loss: 0.079, Acc: 0.999, Base Lr: 1.80e-05
2026-06-05 11:07:20 transreid.train INFO: Epoch[109] Iter[120/275] Loss: 0.078, Acc: 0.999, Base Lr: 1.80e-05
2026-06-05 11:07:22 transreid.train INFO: Epoch[109] Iter[140/275] Loss: 0.078, Acc: 0.999, Base Lr: 1.80e-05
2026-06-05 11:07:24 transreid.train INFO: Epoch[109] Iter[160/275] Loss: 0.078, Acc: 0.999, Base Lr: 1.80e-05
2026-06-05 11:07:26 transreid.train INFO: Epoch[109] Iter[180/275] Loss: 0.077, Acc: 0.999, Base Lr: 1.80e-05
2026-06-05 11:07:28 transreid.train INFO: Epoch[109] Iter[200/275] Loss: 0.077, Acc: 0.999, Base Lr: 1.80e-05
2026-06-05 11:07:30 transreid.train INFO: Epoch[109] Iter[220/275] Loss: 0.076, Acc: 0.999, Base Lr: 1.80e-05
2026-06-05 11:07:32 transreid.train INFO: Epoch[109] Iter[240/275] Loss: 0.076, Acc: 0.999, Base Lr: 1.80e-05
2026-06-05 11:07:35 transreid.train INFO: Epoch[109] Iter[260/275] Loss: 0.076, Acc: 0.999, Base Lr: 1.80e-05
2026-06-05 11:07:36 transreid.train INFO: Epoch 109 done. Time per epoch: 28.961[s] Speed: 605.5[samples/s]
2026-06-05 11:07:38 transreid.train INFO: Epoch[110] Iter[20/275] Loss: 0.088, Acc: 0.999, Base Lr: 1.52e-05
2026-06-05 11:07:40 transreid.train INFO: Epoch[110] Iter[40/275] Loss: 0.084, Acc: 1.000, Base Lr: 1.52e-05
2026-06-05 11:07:43 transreid.train INFO: Epoch[110] Iter[60/275] Loss: 0.082, Acc: 1.000, Base Lr: 1.52e-05
2026-06-05 11:07:45 transreid.train INFO: Epoch[110] Iter[80/275] Loss: 0.082, Acc: 1.000, Base Lr: 1.52e-05
2026-06-05 11:07:47 transreid.train INFO: Epoch[110] Iter[100/275] Loss: 0.081, Acc: 1.000, Base Lr: 1.52e-05
2026-06-05 11:07:49 transreid.train INFO: Epoch[110] Iter[120/275] Loss: 0.079, Acc: 1.000, Base Lr: 1.52e-05
2026-06-05 11:07:51 transreid.train INFO: Epoch[110] Iter[140/275] Loss: 0.079, Acc: 1.000, Base Lr: 1.52e-05
2026-06-05 11:07:53 transreid.train INFO: Epoch[110] Iter[160/275] Loss: 0.078, Acc: 0.999, Base Lr: 1.52e-05
2026-06-05 11:07:55 transreid.train INFO: Epoch[110] Iter[180/275] Loss: 0.078, Acc: 0.999, Base Lr: 1.52e-05
2026-06-05 11:07:57 transreid.train INFO: Epoch[110] Iter[200/275] Loss: 0.078, Acc: 0.999, Base Lr: 1.52e-05
2026-06-05 11:07:59 transreid.train INFO: Epoch[110] Iter[220/275] Loss: 0.077, Acc: 0.999, Base Lr: 1.52e-05
2026-06-05 11:08:01 transreid.train INFO: Epoch[110] Iter[240/275] Loss: 0.077, Acc: 0.999, Base Lr: 1.52e-05
2026-06-05 11:08:03 transreid.train INFO: Epoch[110] Iter[260/275] Loss: 0.078, Acc: 0.999, Base Lr: 1.52e-05
2026-06-05 11:08:05 transreid.train INFO: Epoch 110 done. Time per epoch: 28.857[s] Speed: 605.5[samples/s]
2026-06-05 11:08:07 transreid.train INFO: Epoch[111] Iter[20/275] Loss: 0.085, Acc: 0.999, Base Lr: 1.26e-05
2026-06-05 11:08:09 transreid.train INFO: Epoch[111] Iter[40/275] Loss: 0.085, Acc: 0.999, Base Lr: 1.26e-05
2026-06-05 11:08:11 transreid.train INFO: Epoch[111] Iter[60/275] Loss: 0.084, Acc: 0.999, Base Lr: 1.26e-05
2026-06-05 11:08:13 transreid.train INFO: Epoch[111] Iter[80/275] Loss: 0.083, Acc: 0.999, Base Lr: 1.26e-05
2026-06-05 11:08:16 transreid.train INFO: Epoch[111] Iter[100/275] Loss: 0.082, Acc: 0.999, Base Lr: 1.26e-05
2026-06-05 11:08:18 transreid.train INFO: Epoch[111] Iter[120/275] Loss: 0.080, Acc: 0.999, Base Lr: 1.26e-05
2026-06-05 11:08:20 transreid.train INFO: Epoch[111] Iter[140/275] Loss: 0.078, Acc: 0.999, Base Lr: 1.26e-05
2026-06-05 11:08:22 transreid.train INFO: Epoch[111] Iter[160/275] Loss: 0.077, Acc: 1.000, Base Lr: 1.26e-05
2026-06-05 11:08:24 transreid.train INFO: Epoch[111] Iter[180/275] Loss: 0.077, Acc: 1.000, Base Lr: 1.26e-05
2026-06-05 11:08:26 transreid.train INFO: Epoch[111] Iter[200/275] Loss: 0.077, Acc: 0.999, Base Lr: 1.26e-05
2026-06-05 11:08:28 transreid.train INFO: Epoch[111] Iter[220/275] Loss: 0.076, Acc: 0.999, Base Lr: 1.26e-05
2026-06-05 11:08:30 transreid.train INFO: Epoch[111] Iter[240/275] Loss: 0.076, Acc: 0.999, Base Lr: 1.26e-05
2026-06-05 11:08:32 transreid.train INFO: Epoch[111] Iter[260/275] Loss: 0.076, Acc: 0.999, Base Lr: 1.26e-05
2026-06-05 11:08:34 transreid.train INFO: Epoch 111 done. Time per epoch: 28.958[s] Speed: 605.6[samples/s]
2026-06-05 11:08:36 transreid.train INFO: Epoch[112] Iter[20/275] Loss: 0.084, Acc: 1.000, Base Lr: 1.03e-05
2026-06-05 11:08:38 transreid.train INFO: Epoch[112] Iter[40/275] Loss: 0.082, Acc: 1.000, Base Lr: 1.03e-05
2026-06-05 11:08:40 transreid.train INFO: Epoch[112] Iter[60/275] Loss: 0.082, Acc: 0.999, Base Lr: 1.03e-05
2026-06-05 11:08:42 transreid.train INFO: Epoch[112] Iter[80/275] Loss: 0.080, Acc: 0.999, Base Lr: 1.03e-05
2026-06-05 11:08:45 transreid.train INFO: Epoch[112] Iter[100/275] Loss: 0.079, Acc: 0.999, Base Lr: 1.03e-05
2026-06-05 11:08:47 transreid.train INFO: Epoch[112] Iter[120/275] Loss: 0.079, Acc: 0.999, Base Lr: 1.03e-05
2026-06-05 11:08:49 transreid.train INFO: Epoch[112] Iter[140/275] Loss: 0.079, Acc: 0.999, Base Lr: 1.03e-05
2026-06-05 11:08:51 transreid.train INFO: Epoch[112] Iter[160/275] Loss: 0.078, Acc: 0.999, Base Lr: 1.03e-05
2026-06-05 11:08:53 transreid.train INFO: Epoch[112] Iter[180/275] Loss: 0.078, Acc: 0.999, Base Lr: 1.03e-05
2026-06-05 11:08:55 transreid.train INFO: Epoch[112] Iter[200/275] Loss: 0.077, Acc: 0.999, Base Lr: 1.03e-05
2026-06-05 11:08:57 transreid.train INFO: Epoch[112] Iter[220/275] Loss: 0.077, Acc: 0.999, Base Lr: 1.03e-05
2026-06-05 11:08:59 transreid.train INFO: Epoch[112] Iter[240/275] Loss: 0.076, Acc: 0.999, Base Lr: 1.03e-05
2026-06-05 11:09:01 transreid.train INFO: Epoch[112] Iter[260/275] Loss: 0.076, Acc: 0.999, Base Lr: 1.03e-05
2026-06-05 11:09:03 transreid.train INFO: Epoch 112 done. Time per epoch: 28.844[s] Speed: 605.7[samples/s]
2026-06-05 11:09:05 transreid.train INFO: Epoch[113] Iter[20/275] Loss: 0.088, Acc: 0.999, Base Lr: 8.28e-06
2026-06-05 11:09:07 transreid.train INFO: Epoch[113] Iter[40/275] Loss: 0.083, Acc: 1.000, Base Lr: 8.28e-06
2026-06-05 11:09:09 transreid.train INFO: Epoch[113] Iter[60/275] Loss: 0.081, Acc: 1.000, Base Lr: 8.28e-06
2026-06-05 11:09:11 transreid.train INFO: Epoch[113] Iter[80/275] Loss: 0.081, Acc: 1.000, Base Lr: 8.28e-06
2026-06-05 11:09:13 transreid.train INFO: Epoch[113] Iter[100/275] Loss: 0.079, Acc: 1.000, Base Lr: 8.28e-06
2026-06-05 11:09:15 transreid.train INFO: Epoch[113] Iter[120/275] Loss: 0.079, Acc: 1.000, Base Lr: 8.28e-06
2026-06-05 11:09:18 transreid.train INFO: Epoch[113] Iter[140/275] Loss: 0.078, Acc: 1.000, Base Lr: 8.28e-06
2026-06-05 11:09:20 transreid.train INFO: Epoch[113] Iter[160/275] Loss: 0.077, Acc: 1.000, Base Lr: 8.28e-06
2026-06-05 11:09:22 transreid.train INFO: Epoch[113] Iter[180/275] Loss: 0.077, Acc: 0.999, Base Lr: 8.28e-06
2026-06-05 11:09:24 transreid.train INFO: Epoch[113] Iter[200/275] Loss: 0.076, Acc: 0.999, Base Lr: 8.28e-06
2026-06-05 11:09:26 transreid.train INFO: Epoch[113] Iter[220/275] Loss: 0.076, Acc: 0.999, Base Lr: 8.28e-06
2026-06-05 11:09:28 transreid.train INFO: Epoch[113] Iter[240/275] Loss: 0.077, Acc: 0.999, Base Lr: 8.28e-06
2026-06-05 11:09:30 transreid.train INFO: Epoch[113] Iter[260/275] Loss: 0.076, Acc: 0.999, Base Lr: 8.28e-06
2026-06-05 11:09:32 transreid.train INFO: Epoch 113 done. Time per epoch: 28.953[s] Speed: 605.7[samples/s]
2026-06-05 11:09:34 transreid.train INFO: Epoch[114] Iter[20/275] Loss: 0.091, Acc: 1.000, Base Lr: 6.51e-06
2026-06-05 11:09:36 transreid.train INFO: Epoch[114] Iter[40/275] Loss: 0.084, Acc: 1.000, Base Lr: 6.51e-06
2026-06-05 11:09:38 transreid.train INFO: Epoch[114] Iter[60/275] Loss: 0.082, Acc: 1.000, Base Lr: 6.51e-06
2026-06-05 11:09:40 transreid.train INFO: Epoch[114] Iter[80/275] Loss: 0.082, Acc: 0.999, Base Lr: 6.51e-06
2026-06-05 11:09:42 transreid.train INFO: Epoch[114] Iter[100/275] Loss: 0.081, Acc: 0.999, Base Lr: 6.51e-06
2026-06-05 11:09:44 transreid.train INFO: Epoch[114] Iter[120/275] Loss: 0.080, Acc: 0.999, Base Lr: 6.51e-06
2026-06-05 11:09:47 transreid.train INFO: Epoch[114] Iter[140/275] Loss: 0.079, Acc: 0.999, Base Lr: 6.51e-06
2026-06-05 11:09:49 transreid.train INFO: Epoch[114] Iter[160/275] Loss: 0.079, Acc: 0.999, Base Lr: 6.51e-06
2026-06-05 11:09:51 transreid.train INFO: Epoch[114] Iter[180/275] Loss: 0.079, Acc: 0.999, Base Lr: 6.51e-06
2026-06-05 11:09:53 transreid.train INFO: Epoch[114] Iter[200/275] Loss: 0.078, Acc: 0.999, Base Lr: 6.51e-06
2026-06-05 11:09:55 transreid.train INFO: Epoch[114] Iter[220/275] Loss: 0.078, Acc: 0.999, Base Lr: 6.51e-06
2026-06-05 11:09:57 transreid.train INFO: Epoch[114] Iter[240/275] Loss: 0.077, Acc: 0.999, Base Lr: 6.51e-06
2026-06-05 11:09:59 transreid.train INFO: Epoch[114] Iter[260/275] Loss: 0.077, Acc: 0.999, Base Lr: 6.51e-06
2026-06-05 11:10:00 transreid.train INFO: Epoch 114 done. Time per epoch: 28.839[s] Speed: 605.8[samples/s]
2026-06-05 11:10:03 transreid.train INFO: Epoch[115] Iter[20/275] Loss: 0.081, Acc: 0.998, Base Lr: 5.02e-06
2026-06-05 11:10:05 transreid.train INFO: Epoch[115] Iter[40/275] Loss: 0.081, Acc: 0.998, Base Lr: 5.02e-06
2026-06-05 11:10:07 transreid.train INFO: Epoch[115] Iter[60/275] Loss: 0.080, Acc: 0.998, Base Lr: 5.02e-06
2026-06-05 11:10:09 transreid.train INFO: Epoch[115] Iter[80/275] Loss: 0.083, Acc: 0.997, Base Lr: 5.02e-06
2026-06-05 11:10:11 transreid.train INFO: Epoch[115] Iter[100/275] Loss: 0.082, Acc: 0.998, Base Lr: 5.02e-06
2026-06-05 11:10:13 transreid.train INFO: Epoch[115] Iter[120/275] Loss: 0.081, Acc: 0.998, Base Lr: 5.02e-06
2026-06-05 11:10:15 transreid.train INFO: Epoch[115] Iter[140/275] Loss: 0.080, Acc: 0.998, Base Lr: 5.02e-06
2026-06-05 11:10:17 transreid.train INFO: Epoch[115] Iter[160/275] Loss: 0.079, Acc: 0.999, Base Lr: 5.02e-06
2026-06-05 11:10:20 transreid.train INFO: Epoch[115] Iter[180/275] Loss: 0.078, Acc: 0.999, Base Lr: 5.02e-06
2026-06-05 11:10:22 transreid.train INFO: Epoch[115] Iter[200/275] Loss: 0.078, Acc: 0.999, Base Lr: 5.02e-06
2026-06-05 11:10:24 transreid.train INFO: Epoch[115] Iter[220/275] Loss: 0.078, Acc: 0.999, Base Lr: 5.02e-06
2026-06-05 11:10:26 transreid.train INFO: Epoch[115] Iter[240/275] Loss: 0.077, Acc: 0.999, Base Lr: 5.02e-06
2026-06-05 11:10:28 transreid.train INFO: Epoch[115] Iter[260/275] Loss: 0.077, Acc: 0.999, Base Lr: 5.02e-06
2026-06-05 11:10:29 transreid.train INFO: Epoch 115 done. Time per epoch: 28.966[s] Speed: 605.4[samples/s]
2026-06-05 11:10:32 transreid.train INFO: Epoch[116] Iter[20/275] Loss: 0.090, Acc: 0.997, Base Lr: 3.79e-06
2026-06-05 11:10:34 transreid.train INFO: Epoch[116] Iter[40/275] Loss: 0.087, Acc: 0.998, Base Lr: 3.79e-06
2026-06-05 11:10:36 transreid.train INFO: Epoch[116] Iter[60/275] Loss: 0.086, Acc: 0.998, Base Lr: 3.79e-06
2026-06-05 11:10:38 transreid.train INFO: Epoch[116] Iter[80/275] Loss: 0.083, Acc: 0.998, Base Lr: 3.79e-06
2026-06-05 11:10:40 transreid.train INFO: Epoch[116] Iter[100/275] Loss: 0.081, Acc: 0.998, Base Lr: 3.79e-06
2026-06-05 11:10:42 transreid.train INFO: Epoch[116] Iter[120/275] Loss: 0.080, Acc: 0.999, Base Lr: 3.79e-06
2026-06-05 11:10:44 transreid.train INFO: Epoch[116] Iter[140/275] Loss: 0.080, Acc: 0.999, Base Lr: 3.79e-06
2026-06-05 11:10:46 transreid.train INFO: Epoch[116] Iter[160/275] Loss: 0.079, Acc: 0.999, Base Lr: 3.79e-06
2026-06-05 11:10:49 transreid.train INFO: Epoch[116] Iter[180/275] Loss: 0.078, Acc: 0.999, Base Lr: 3.79e-06
2026-06-05 11:10:51 transreid.train INFO: Epoch[116] Iter[200/275] Loss: 0.077, Acc: 0.999, Base Lr: 3.79e-06
2026-06-05 11:10:53 transreid.train INFO: Epoch[116] Iter[220/275] Loss: 0.078, Acc: 0.999, Base Lr: 3.79e-06
2026-06-05 11:10:55 transreid.train INFO: Epoch[116] Iter[240/275] Loss: 0.077, Acc: 0.999, Base Lr: 3.79e-06
2026-06-05 11:10:57 transreid.train INFO: Epoch[116] Iter[260/275] Loss: 0.076, Acc: 0.999, Base Lr: 3.79e-06
2026-06-05 11:10:58 transreid.train INFO: Epoch 116 done. Time per epoch: 28.849[s] Speed: 605.6[samples/s]
2026-06-05 11:11:01 transreid.train INFO: Epoch[117] Iter[20/275] Loss: 0.094, Acc: 0.998, Base Lr: 2.83e-06
2026-06-05 11:11:03 transreid.train INFO: Epoch[117] Iter[40/275] Loss: 0.090, Acc: 0.998, Base Lr: 2.83e-06
2026-06-05 11:11:05 transreid.train INFO: Epoch[117] Iter[60/275] Loss: 0.085, Acc: 0.999, Base Lr: 2.83e-06
2026-06-05 11:11:07 transreid.train INFO: Epoch[117] Iter[80/275] Loss: 0.083, Acc: 0.999, Base Lr: 2.83e-06
2026-06-05 11:11:09 transreid.train INFO: Epoch[117] Iter[100/275] Loss: 0.083, Acc: 0.999, Base Lr: 2.83e-06
2026-06-05 11:11:11 transreid.train INFO: Epoch[117] Iter[120/275] Loss: 0.081, Acc: 0.999, Base Lr: 2.83e-06
2026-06-05 11:11:13 transreid.train INFO: Epoch[117] Iter[140/275] Loss: 0.080, Acc: 0.999, Base Lr: 2.83e-06
2026-06-05 11:11:15 transreid.train INFO: Epoch[117] Iter[160/275] Loss: 0.079, Acc: 0.999, Base Lr: 2.83e-06
2026-06-05 11:11:17 transreid.train INFO: Epoch[117] Iter[180/275] Loss: 0.078, Acc: 0.999, Base Lr: 2.83e-06
2026-06-05 11:11:19 transreid.train INFO: Epoch[117] Iter[200/275] Loss: 0.078, Acc: 0.999, Base Lr: 2.83e-06
2026-06-05 11:11:22 transreid.train INFO: Epoch[117] Iter[220/275] Loss: 0.078, Acc: 0.999, Base Lr: 2.83e-06
2026-06-05 11:11:24 transreid.train INFO: Epoch[117] Iter[240/275] Loss: 0.077, Acc: 0.999, Base Lr: 2.83e-06
2026-06-05 11:11:26 transreid.train INFO: Epoch[117] Iter[260/275] Loss: 0.077, Acc: 0.999, Base Lr: 2.83e-06
2026-06-05 11:11:27 transreid.train INFO: Epoch 117 done. Time per epoch: 28.957[s] Speed: 605.6[samples/s]
2026-06-05 11:11:30 transreid.train INFO: Epoch[118] Iter[20/275] Loss: 0.087, Acc: 0.998, Base Lr: 2.15e-06
2026-06-05 11:11:32 transreid.train INFO: Epoch[118] Iter[40/275] Loss: 0.083, Acc: 0.999, Base Lr: 2.15e-06
2026-06-05 11:11:34 transreid.train INFO: Epoch[118] Iter[60/275] Loss: 0.080, Acc: 0.999, Base Lr: 2.15e-06
2026-06-05 11:11:36 transreid.train INFO: Epoch[118] Iter[80/275] Loss: 0.080, Acc: 0.999, Base Lr: 2.15e-06
2026-06-05 11:11:38 transreid.train INFO: Epoch[118] Iter[100/275] Loss: 0.080, Acc: 0.999, Base Lr: 2.15e-06
2026-06-05 11:11:40 transreid.train INFO: Epoch[118] Iter[120/275] Loss: 0.079, Acc: 0.999, Base Lr: 2.15e-06
2026-06-05 11:11:42 transreid.train INFO: Epoch[118] Iter[140/275] Loss: 0.078, Acc: 0.999, Base Lr: 2.15e-06
2026-06-05 11:11:44 transreid.train INFO: Epoch[118] Iter[160/275] Loss: 0.078, Acc: 0.999, Base Lr: 2.15e-06
2026-06-05 11:11:46 transreid.train INFO: Epoch[118] Iter[180/275] Loss: 0.077, Acc: 0.999, Base Lr: 2.15e-06
2026-06-05 11:11:48 transreid.train INFO: Epoch[118] Iter[200/275] Loss: 0.076, Acc: 0.999, Base Lr: 2.15e-06
2026-06-05 11:11:51 transreid.train INFO: Epoch[118] Iter[220/275] Loss: 0.076, Acc: 0.999, Base Lr: 2.15e-06
2026-06-05 11:11:53 transreid.train INFO: Epoch[118] Iter[240/275] Loss: 0.075, Acc: 0.999, Base Lr: 2.15e-06
2026-06-05 11:11:55 transreid.train INFO: Epoch[118] Iter[260/275] Loss: 0.075, Acc: 0.999, Base Lr: 2.15e-06
2026-06-05 11:11:56 transreid.train INFO: Epoch 118 done. Time per epoch: 28.871[s] Speed: 605.2[samples/s]
2026-06-05 11:11:58 transreid.train INFO: Epoch[119] Iter[20/275] Loss: 0.084, Acc: 0.999, Base Lr: 1.74e-06
2026-06-05 11:12:01 transreid.train INFO: Epoch[119] Iter[40/275] Loss: 0.083, Acc: 0.998, Base Lr: 1.74e-06
2026-06-05 11:12:03 transreid.train INFO: Epoch[119] Iter[60/275] Loss: 0.082, Acc: 0.999, Base Lr: 1.74e-06
2026-06-05 11:12:05 transreid.train INFO: Epoch[119] Iter[80/275] Loss: 0.082, Acc: 0.998, Base Lr: 1.74e-06
2026-06-05 11:12:07 transreid.train INFO: Epoch[119] Iter[100/275] Loss: 0.080, Acc: 0.998, Base Lr: 1.74e-06
2026-06-05 11:12:09 transreid.train INFO: Epoch[119] Iter[120/275] Loss: 0.079, Acc: 0.998, Base Lr: 1.74e-06
2026-06-05 11:12:11 transreid.train INFO: Epoch[119] Iter[140/275] Loss: 0.078, Acc: 0.998, Base Lr: 1.74e-06
2026-06-05 11:12:13 transreid.train INFO: Epoch[119] Iter[160/275] Loss: 0.078, Acc: 0.999, Base Lr: 1.74e-06
2026-06-05 11:12:15 transreid.train INFO: Epoch[119] Iter[180/275] Loss: 0.077, Acc: 0.999, Base Lr: 1.74e-06
2026-06-05 11:12:17 transreid.train INFO: Epoch[119] Iter[200/275] Loss: 0.077, Acc: 0.999, Base Lr: 1.74e-06
2026-06-05 11:12:19 transreid.train INFO: Epoch[119] Iter[220/275] Loss: 0.076, Acc: 0.999, Base Lr: 1.74e-06
2026-06-05 11:12:21 transreid.train INFO: Epoch[119] Iter[240/275] Loss: 0.076, Acc: 0.999, Base Lr: 1.74e-06
2026-06-05 11:12:24 transreid.train INFO: Epoch[119] Iter[260/275] Loss: 0.076, Acc: 0.999, Base Lr: 1.74e-06
2026-06-05 11:12:25 transreid.train INFO: Epoch 119 done. Time per epoch: 28.853[s] Speed: 605.6[samples/s]
2026-06-05 11:12:27 transreid.train INFO: Epoch[120] Iter[20/275] Loss: 0.084, Acc: 0.998, Base Lr: 1.60e-06
2026-06-05 11:12:29 transreid.train INFO: Epoch[120] Iter[40/275] Loss: 0.080, Acc: 0.998, Base Lr: 1.60e-06
2026-06-05 11:12:31 transreid.train INFO: Epoch[120] Iter[60/275] Loss: 0.082, Acc: 0.998, Base Lr: 1.60e-06
2026-06-05 11:12:34 transreid.train INFO: Epoch[120] Iter[80/275] Loss: 0.083, Acc: 0.998, Base Lr: 1.60e-06
2026-06-05 11:12:36 transreid.train INFO: Epoch[120] Iter[100/275] Loss: 0.083, Acc: 0.999, Base Lr: 1.60e-06
2026-06-05 11:12:38 transreid.train INFO: Epoch[120] Iter[120/275] Loss: 0.082, Acc: 0.999, Base Lr: 1.60e-06
2026-06-05 11:12:40 transreid.train INFO: Epoch[120] Iter[140/275] Loss: 0.081, Acc: 0.999, Base Lr: 1.60e-06
2026-06-05 11:12:42 transreid.train INFO: Epoch[120] Iter[160/275] Loss: 0.080, Acc: 0.999, Base Lr: 1.60e-06
2026-06-05 11:12:44 transreid.train INFO: Epoch[120] Iter[180/275] Loss: 0.079, Acc: 0.999, Base Lr: 1.60e-06
2026-06-05 11:12:46 transreid.train INFO: Epoch[120] Iter[200/275] Loss: 0.079, Acc: 0.999, Base Lr: 1.60e-06
2026-06-05 11:12:48 transreid.train INFO: Epoch[120] Iter[220/275] Loss: 0.078, Acc: 0.999, Base Lr: 1.60e-06
2026-06-05 11:12:50 transreid.train INFO: Epoch[120] Iter[240/275] Loss: 0.078, Acc: 0.999, Base Lr: 1.60e-06
2026-06-05 11:12:52 transreid.train INFO: Epoch[120] Iter[260/275] Loss: 0.078, Acc: 0.999, Base Lr: 1.60e-06
2026-06-05 11:12:54 transreid.train INFO: Epoch 120 done. Time per epoch: 28.871[s] Speed: 605.2[samples/s]
=> Computing MULTIHYP conservative DistMat (alpha=0.1)
2026-06-05 11:13:08 transreid.train INFO: Validation Results - Epoch: 120
2026-06-05 11:13:08 transreid.train INFO: mAP: 76.4%
2026-06-05 11:13:08 transreid.train INFO: CMC curve, Rank-1  :85.0%
2026-06-05 11:13:08 transreid.train INFO: CMC curve, Rank-5  :94.4%
2026-06-05 11:13:08 transreid.train INFO: CMC curve, Rank-10 :96.6%
