2026-06-05 05:51:40 transreid INFO: Saving model in the path :/home/afr/reid-clean/SOLIDER-REID/log/occluded_posetrack/exp002_suppress07_seed0
2026-06-05 05:51:40 transreid INFO: Loaded configuration file configs/occluded_posetrack/swin_tiny_objgate.yml
2026-06-05 05:51:40 transreid INFO: Running with config:
DATALOADER:
  NUM_INSTANCE: 4
  NUM_WORKERS: 8
  REMOVE_TAIL: 0
  SAMPLER: softmax_triplet
DATASETS:
  NAMES: occluded_posetrack
  ROOT_DIR: /home/afr/reid-clean/data
  ROOT_TRAIN_DIR: ../data
  ROOT_VAL_DIR: ../data
INPUT:
  MIX_PROB: 0.15
  MIX_RATIO_RANGE: [0.3, 0.7]
  MIX_TYPE: both
  PADDING: 10
  PIXEL_MEAN: [0.5, 0.5, 0.5]
  PIXEL_STD: [0.5, 0.5, 0.5]
  PROB: 0.5
  RE_PROB: 0.5
  SIZE_TEST: [384, 128]
  SIZE_TRAIN: [384, 128]
MODEL:
  ATT_DROP_RATE: 0.0
  COS_LAYER: False
  DEVICE: cuda
  DEVICE_ID: 0
  DEVIDE_LENGTH: 4
  DIST_TRAIN: False
  DROPOUT_RATE: 0.0
  DROP_OUT: 0.0
  DROP_PATH: 0.1
  FEAT_DIM: 512
  GEM_POOLING: False
  ID_LOSS_TYPE: softmax
  ID_LOSS_WEIGHT: 1.0
  IF_LABELSMOOTH: off
  IF_WITH_CENTER: no
  JPM: False
  LAST_STRIDE: 1
  METRIC_LOSS_TYPE: triplet
  NAME: transformer
  NECK: bnneck
  NO_MARGIN: True
  PRETRAIN_CHOICE: self
  PRETRAIN_HW_RATIO: 2
  PRETRAIN_PATH: /home/afr/reid-clean/weights/solider_swin_tiny_tea.pth
  REDUCE_FEAT_DIM: False
  RE_ARRANGE: True
  SEMANTIC_WEIGHT: 0.2
  SHIFT_NUM: 5
  SHUFFLE_GROUP: 2
  SIE_CAMERA: False
  SIE_COE: 3.0
  SIE_VIEW: False
  STEM_CONV: False
  STRIDE_SIZE: [16, 16]
  TRANSFORMER_TYPE: swin_tiny_patch4_window7_224
  TRIPLET_LOSS_WEIGHT: 1.0
OBJGATE:
  ANTI_W: 0.1
  DETACH_SCORE: True
  ENABLED: True
  ENTROPY_MAX: 3.0
  ENTROPY_MIN: 0.7
  FEATMAP_INDEX: -1
  HIDDEN: 192
  LAMBDA_TARGET: 1.0
  LAMBDA_WARMUP_EPOCHS: 10
  MODE: suppress
  SPLIT_W: 1.0
  SUPPRESS_MIN: 0.7
  TAU: 1.0
OUTPUT_DIR: /home/afr/reid-clean/SOLIDER-REID/log/occluded_posetrack/exp002_suppress07_seed0
SOLVER:
  BASE_LR: 0.0008
  BIAS_LR_FACTOR: 2
  CENTER_LOSS_WEIGHT: 0.0005
  CENTER_LR: 0.5
  CHECKPOINT_PERIOD: 120
  COSINE_MARGIN: 0.5
  COSINE_SCALE: 30
  EVAL_PERIOD: 20
  GAMMA: 0.1
  IMS_PER_BATCH: 64
  LARGE_FC_LR: False
  LOG_PERIOD: 20
  MARGIN: 0.3
  MAX_EPOCHS: 120
  MOMENTUM: 0.9
  OPTIMIZER_NAME: SGD
  SEED: 0
  STEPS: (40, 70)
  TRP_L2: False
  WARMUP_EPOCHS: 20
  WARMUP_FACTOR: 0.01
  WARMUP_METHOD: cosine
  WEIGHT_DECAY: 0.0001
  WEIGHT_DECAY_BIAS: 0.0001
TEST:
  DIST_MAT: dist_mat.npy
  EVAL: True
  FEAT_NORM: yes
  IMS_PER_BATCH: 64
  NECK_FEAT: before
  RE_RANKING: False
  WEIGHT: 
=> Occluded-PoseTrack-ReID loaded
2026-06-05 05:51:40 transreid.check INFO: Dataset statistics:
2026-06-05 05:51:40 transreid.check INFO:   ----------------------------------------
2026-06-05 05:51:40 transreid.check INFO:   subset   | # ids | # images | # cameras
2026-06-05 05:51:40 transreid.check INFO:   ----------------------------------------
2026-06-05 05:51:40 transreid.check INFO:   train    |  1000 |    17898 |       474
2026-06-05 05:51:40 transreid.check INFO:   query    |  1379 |     2581 |         1
2026-06-05 05:51:40 transreid.check INFO:   gallery  |  1411 |    10831 |         1
2026-06-05 05:51:40 transreid.check INFO:   ----------------------------------------
/home/afr/reid-clean/SOLIDER-REID/model/backbones/swin_transformer.py:1162: UserWarning: DeprecationWarning: pretrained is deprecated, please use "init_cfg" instead
  warnings.warn('DeprecationWarning: pretrained is deprecated, '
using img_triplet sampler
using Transformer_type: swin_tiny_patch4_window7_224 as a backbone
unloaded parameters: <All keys matched successfully>
===========building transformer===========
using soft triplet loss for training
2026-06-05 05:51:40 transreid INFO: ===========using cosine learning rate=======
2026-06-05 05:51:40 transreid.train INFO: start training
/home/afr/reid-clean/SOLIDER-REID/processor/processor.py:44: FutureWarning: `torch.cuda.amp.GradScaler(args...)` is deprecated. Please use `torch.amp.GradScaler('cuda', args...)` instead.
  scaler = amp.GradScaler()
/home/afr/reid-clean/SOLIDER-REID/processor/processor.py:71: FutureWarning: `torch.cuda.amp.autocast(args...)` is deprecated. Please use `torch.amp.autocast('cuda', args...)` instead.
  with amp.autocast(enabled=True):
2026-06-05 05:51:43 transreid.train INFO: Epoch[1] Iter[20/275] Loss: 14.043, Acc: 0.002, Base Lr: 4.76e-05
2026-06-05 05:51:45 transreid.train INFO: Epoch[1] Iter[40/275] Loss: 12.892, Acc: 0.003, Base Lr: 4.76e-05
2026-06-05 05:51:47 transreid.train INFO: Epoch[1] Iter[60/275] Loss: 12.221, Acc: 0.002, Base Lr: 4.76e-05
2026-06-05 05:51:49 transreid.train INFO: Epoch[1] Iter[80/275] Loss: 11.676, Acc: 0.002, Base Lr: 4.76e-05
2026-06-05 05:51:52 transreid.train INFO: Epoch[1] Iter[100/275] Loss: 11.259, Acc: 0.002, Base Lr: 4.76e-05
2026-06-05 05:51:54 transreid.train INFO: Epoch[1] Iter[120/275] Loss: 10.959, Acc: 0.001, Base Lr: 4.76e-05
2026-06-05 05:51:56 transreid.train INFO: Epoch[1] Iter[140/275] Loss: 10.717, Acc: 0.001, Base Lr: 4.76e-05
2026-06-05 05:51:58 transreid.train INFO: Epoch[1] Iter[160/275] Loss: 10.493, Acc: 0.001, Base Lr: 4.76e-05
2026-06-05 05:52:00 transreid.train INFO: Epoch[1] Iter[180/275] Loss: 10.386, Acc: 0.001, Base Lr: 4.76e-05
2026-06-05 05:52:02 transreid.train INFO: Epoch[1] Iter[200/275] Loss: 10.258, Acc: 0.001, Base Lr: 4.76e-05
2026-06-05 05:52:04 transreid.train INFO: Epoch[1] Iter[220/275] Loss: 10.168, Acc: 0.001, Base Lr: 4.76e-05
2026-06-05 05:52:06 transreid.train INFO: Epoch[1] Iter[240/275] Loss: 10.084, Acc: 0.001, Base Lr: 4.76e-05
2026-06-05 05:52:08 transreid.train INFO: Epoch[1] Iter[260/275] Loss: 10.017, Acc: 0.002, Base Lr: 4.76e-05
2026-06-05 05:52:10 transreid.train INFO: Epoch 1 done. Time per epoch: 29.326[s] Speed: 595.8[samples/s]
2026-06-05 05:52:12 transreid.train INFO: Epoch[2] Iter[20/275] Loss: 9.456, Acc: 0.000, Base Lr: 8.72e-05
2026-06-05 05:52:14 transreid.train INFO: Epoch[2] Iter[40/275] Loss: 9.427, Acc: 0.002, Base Lr: 8.72e-05
2026-06-05 05:52:16 transreid.train INFO: Epoch[2] Iter[60/275] Loss: 9.308, Acc: 0.002, Base Lr: 8.72e-05
2026-06-05 05:52:18 transreid.train INFO: Epoch[2] Iter[80/275] Loss: 9.281, Acc: 0.002, Base Lr: 8.72e-05
2026-06-05 05:52:20 transreid.train INFO: Epoch[2] Iter[100/275] Loss: 9.227, Acc: 0.005, Base Lr: 8.72e-05
2026-06-05 05:52:23 transreid.train INFO: Epoch[2] Iter[120/275] Loss: 9.201, Acc: 0.006, Base Lr: 8.72e-05
2026-06-05 05:52:25 transreid.train INFO: Epoch[2] Iter[140/275] Loss: 9.149, Acc: 0.006, Base Lr: 8.72e-05
2026-06-05 05:52:27 transreid.train INFO: Epoch[2] Iter[160/275] Loss: 9.080, Acc: 0.007, Base Lr: 8.72e-05
2026-06-05 05:52:29 transreid.train INFO: Epoch[2] Iter[180/275] Loss: 9.037, Acc: 0.009, Base Lr: 8.72e-05
2026-06-05 05:52:31 transreid.train INFO: Epoch[2] Iter[200/275] Loss: 8.987, Acc: 0.010, Base Lr: 8.72e-05
2026-06-05 05:52:33 transreid.train INFO: Epoch[2] Iter[220/275] Loss: 8.963, Acc: 0.012, Base Lr: 8.72e-05
2026-06-05 05:52:35 transreid.train INFO: Epoch[2] Iter[240/275] Loss: 8.936, Acc: 0.013, Base Lr: 8.72e-05
2026-06-05 05:52:37 transreid.train INFO: Epoch[2] Iter[260/275] Loss: 8.910, Acc: 0.015, Base Lr: 8.72e-05
2026-06-05 05:52:39 transreid.train INFO: Epoch 2 done. Time per epoch: 28.935[s] Speed: 603.8[samples/s]
2026-06-05 05:52:41 transreid.train INFO: Epoch[3] Iter[20/275] Loss: 8.604, Acc: 0.080, Base Lr: 1.27e-04
2026-06-05 05:52:43 transreid.train INFO: Epoch[3] Iter[40/275] Loss: 8.578, Acc: 0.086, Base Lr: 1.27e-04
2026-06-05 05:52:45 transreid.train INFO: Epoch[3] Iter[60/275] Loss: 8.630, Acc: 0.086, Base Lr: 1.27e-04
2026-06-05 05:52:47 transreid.train INFO: Epoch[3] Iter[80/275] Loss: 8.615, Acc: 0.093, Base Lr: 1.27e-04
2026-06-05 05:52:49 transreid.train INFO: Epoch[3] Iter[100/275] Loss: 8.581, Acc: 0.104, Base Lr: 1.27e-04
2026-06-05 05:52:51 transreid.train INFO: Epoch[3] Iter[120/275] Loss: 8.590, Acc: 0.113, Base Lr: 1.27e-04
2026-06-05 05:52:54 transreid.train INFO: Epoch[3] Iter[140/275] Loss: 8.585, Acc: 0.118, Base Lr: 1.27e-04
2026-06-05 05:52:56 transreid.train INFO: Epoch[3] Iter[160/275] Loss: 8.555, Acc: 0.125, Base Lr: 1.27e-04
2026-06-05 05:52:58 transreid.train INFO: Epoch[3] Iter[180/275] Loss: 8.565, Acc: 0.131, Base Lr: 1.27e-04
2026-06-05 05:53:00 transreid.train INFO: Epoch[3] Iter[200/275] Loss: 8.549, Acc: 0.138, Base Lr: 1.27e-04
2026-06-05 05:53:02 transreid.train INFO: Epoch[3] Iter[220/275] Loss: 8.543, Acc: 0.143, Base Lr: 1.27e-04
2026-06-05 05:53:04 transreid.train INFO: Epoch[3] Iter[240/275] Loss: 8.527, Acc: 0.150, Base Lr: 1.27e-04
2026-06-05 05:53:06 transreid.train INFO: Epoch[3] Iter[260/275] Loss: 8.517, Acc: 0.154, Base Lr: 1.27e-04
2026-06-05 05:53:08 transreid.train INFO: Epoch 3 done. Time per epoch: 29.025[s] Speed: 604.2[samples/s]
2026-06-05 05:53:10 transreid.train INFO: Epoch[4] Iter[20/275] Loss: 8.059, Acc: 0.417, Base Lr: 1.66e-04
2026-06-05 05:53:12 transreid.train INFO: Epoch[4] Iter[40/275] Loss: 8.111, Acc: 0.418, Base Lr: 1.66e-04
2026-06-05 05:53:14 transreid.train INFO: Epoch[4] Iter[60/275] Loss: 8.099, Acc: 0.404, Base Lr: 1.66e-04
2026-06-05 05:53:16 transreid.train INFO: Epoch[4] Iter[80/275] Loss: 8.122, Acc: 0.391, Base Lr: 1.66e-04
2026-06-05 05:53:18 transreid.train INFO: Epoch[4] Iter[100/275] Loss: 8.141, Acc: 0.390, Base Lr: 1.66e-04
2026-06-05 05:53:21 transreid.train INFO: Epoch[4] Iter[120/275] Loss: 8.168, Acc: 0.393, Base Lr: 1.66e-04
2026-06-05 05:53:23 transreid.train INFO: Epoch[4] Iter[140/275] Loss: 8.161, Acc: 0.399, Base Lr: 1.66e-04
2026-06-05 05:53:25 transreid.train INFO: Epoch[4] Iter[160/275] Loss: 8.194, Acc: 0.404, Base Lr: 1.66e-04
2026-06-05 05:53:27 transreid.train INFO: Epoch[4] Iter[180/275] Loss: 8.177, Acc: 0.404, Base Lr: 1.66e-04
2026-06-05 05:53:29 transreid.train INFO: Epoch[4] Iter[200/275] Loss: 8.178, Acc: 0.402, Base Lr: 1.66e-04
2026-06-05 05:53:31 transreid.train INFO: Epoch[4] Iter[220/275] Loss: 8.162, Acc: 0.407, Base Lr: 1.66e-04
2026-06-05 05:53:33 transreid.train INFO: Epoch[4] Iter[240/275] Loss: 8.147, Acc: 0.405, Base Lr: 1.66e-04
2026-06-05 05:53:35 transreid.train INFO: Epoch[4] Iter[260/275] Loss: 8.142, Acc: 0.404, Base Lr: 1.66e-04
2026-06-05 05:53:37 transreid.train INFO: Epoch 4 done. Time per epoch: 28.983[s] Speed: 602.8[samples/s]
2026-06-05 05:53:39 transreid.train INFO: Epoch[5] Iter[20/275] Loss: 7.931, Acc: 0.559, Base Lr: 2.06e-04
2026-06-05 05:53:41 transreid.train INFO: Epoch[5] Iter[40/275] Loss: 7.966, Acc: 0.566, Base Lr: 2.06e-04
2026-06-05 05:53:43 transreid.train INFO: Epoch[5] Iter[60/275] Loss: 7.984, Acc: 0.567, Base Lr: 2.06e-04
2026-06-05 05:53:45 transreid.train INFO: Epoch[5] Iter[80/275] Loss: 8.016, Acc: 0.557, Base Lr: 2.06e-04
2026-06-05 05:53:47 transreid.train INFO: Epoch[5] Iter[100/275] Loss: 8.001, Acc: 0.556, Base Lr: 2.06e-04
2026-06-05 05:53:49 transreid.train INFO: Epoch[5] Iter[120/275] Loss: 7.974, Acc: 0.557, Base Lr: 2.06e-04
2026-06-05 05:53:52 transreid.train INFO: Epoch[5] Iter[140/275] Loss: 7.968, Acc: 0.556, Base Lr: 2.06e-04
2026-06-05 05:53:54 transreid.train INFO: Epoch[5] Iter[160/275] Loss: 7.976, Acc: 0.559, Base Lr: 2.06e-04
2026-06-05 05:53:56 transreid.train INFO: Epoch[5] Iter[180/275] Loss: 7.956, Acc: 0.560, Base Lr: 2.06e-04
2026-06-05 05:53:58 transreid.train INFO: Epoch[5] Iter[200/275] Loss: 7.964, Acc: 0.558, Base Lr: 2.06e-04
2026-06-05 05:54:00 transreid.train INFO: Epoch[5] Iter[220/275] Loss: 7.951, Acc: 0.556, Base Lr: 2.06e-04
2026-06-05 05:54:02 transreid.train INFO: Epoch[5] Iter[240/275] Loss: 7.942, Acc: 0.556, Base Lr: 2.06e-04
2026-06-05 05:54:04 transreid.train INFO: Epoch[5] Iter[260/275] Loss: 7.929, Acc: 0.557, Base Lr: 2.06e-04
2026-06-05 05:54:06 transreid.train INFO: Epoch 5 done. Time per epoch: 28.932[s] Speed: 603.9[samples/s]
2026-06-05 05:54:08 transreid.train INFO: Epoch[6] Iter[20/275] Loss: 7.848, Acc: 0.621, Base Lr: 2.46e-04
2026-06-05 05:54:10 transreid.train INFO: Epoch[6] Iter[40/275] Loss: 7.814, Acc: 0.648, Base Lr: 2.46e-04
2026-06-05 05:54:12 transreid.train INFO: Epoch[6] Iter[60/275] Loss: 7.816, Acc: 0.655, Base Lr: 2.46e-04
2026-06-05 05:54:14 transreid.train INFO: Epoch[6] Iter[80/275] Loss: 7.801, Acc: 0.643, Base Lr: 2.46e-04
2026-06-05 05:54:16 transreid.train INFO: Epoch[6] Iter[100/275] Loss: 7.767, Acc: 0.639, Base Lr: 2.46e-04
2026-06-05 05:54:18 transreid.train INFO: Epoch[6] Iter[120/275] Loss: 7.785, Acc: 0.642, Base Lr: 2.46e-04
2026-06-05 05:54:20 transreid.train INFO: Epoch[6] Iter[140/275] Loss: 7.767, Acc: 0.638, Base Lr: 2.46e-04
2026-06-05 05:54:23 transreid.train INFO: Epoch[6] Iter[160/275] Loss: 7.753, Acc: 0.641, Base Lr: 2.46e-04
2026-06-05 05:54:25 transreid.train INFO: Epoch[6] Iter[180/275] Loss: 7.735, Acc: 0.643, Base Lr: 2.46e-04
2026-06-05 05:54:27 transreid.train INFO: Epoch[6] Iter[200/275] Loss: 7.701, Acc: 0.645, Base Lr: 2.46e-04
2026-06-05 05:54:29 transreid.train INFO: Epoch[6] Iter[220/275] Loss: 7.688, Acc: 0.647, Base Lr: 2.46e-04
2026-06-05 05:54:31 transreid.train INFO: Epoch[6] Iter[240/275] Loss: 7.679, Acc: 0.646, Base Lr: 2.46e-04
2026-06-05 05:54:33 transreid.train INFO: Epoch[6] Iter[260/275] Loss: 7.679, Acc: 0.644, Base Lr: 2.46e-04
2026-06-05 05:54:35 transreid.train INFO: Epoch 6 done. Time per epoch: 29.052[s] Speed: 603.6[samples/s]
2026-06-05 05:54:37 transreid.train INFO: Epoch[7] Iter[20/275] Loss: 7.570, Acc: 0.670, Base Lr: 2.85e-04
2026-06-05 05:54:39 transreid.train INFO: Epoch[7] Iter[40/275] Loss: 7.566, Acc: 0.667, Base Lr: 2.85e-04
2026-06-05 05:54:41 transreid.train INFO: Epoch[7] Iter[60/275] Loss: 7.469, Acc: 0.667, Base Lr: 2.85e-04
2026-06-05 05:54:43 transreid.train INFO: Epoch[7] Iter[80/275] Loss: 7.448, Acc: 0.667, Base Lr: 2.85e-04
2026-06-05 05:54:45 transreid.train INFO: Epoch[7] Iter[100/275] Loss: 7.428, Acc: 0.668, Base Lr: 2.85e-04
2026-06-05 05:54:48 transreid.train INFO: Epoch[7] Iter[120/275] Loss: 7.413, Acc: 0.670, Base Lr: 2.85e-04
2026-06-05 05:54:50 transreid.train INFO: Epoch[7] Iter[140/275] Loss: 7.393, Acc: 0.674, Base Lr: 2.85e-04
2026-06-05 05:54:52 transreid.train INFO: Epoch[7] Iter[160/275] Loss: 7.375, Acc: 0.672, Base Lr: 2.85e-04
2026-06-05 05:54:54 transreid.train INFO: Epoch[7] Iter[180/275] Loss: 7.353, Acc: 0.674, Base Lr: 2.85e-04
2026-06-05 05:54:56 transreid.train INFO: Epoch[7] Iter[200/275] Loss: 7.344, Acc: 0.673, Base Lr: 2.85e-04
2026-06-05 05:54:58 transreid.train INFO: Epoch[7] Iter[220/275] Loss: 7.334, Acc: 0.669, Base Lr: 2.85e-04
2026-06-05 05:55:00 transreid.train INFO: Epoch[7] Iter[240/275] Loss: 7.325, Acc: 0.665, Base Lr: 2.85e-04
2026-06-05 05:55:02 transreid.train INFO: Epoch[7] Iter[260/275] Loss: 7.329, Acc: 0.662, Base Lr: 2.85e-04
2026-06-05 05:55:04 transreid.train INFO: Epoch 7 done. Time per epoch: 29.137[s] Speed: 601.9[samples/s]
2026-06-05 05:55:06 transreid.train INFO: Epoch[8] Iter[20/275] Loss: 7.223, Acc: 0.673, Base Lr: 3.25e-04
2026-06-05 05:55:08 transreid.train INFO: Epoch[8] Iter[40/275] Loss: 7.202, Acc: 0.682, Base Lr: 3.25e-04
2026-06-05 05:55:10 transreid.train INFO: Epoch[8] Iter[60/275] Loss: 7.153, Acc: 0.683, Base Lr: 3.25e-04
2026-06-05 05:55:12 transreid.train INFO: Epoch[8] Iter[80/275] Loss: 7.160, Acc: 0.689, Base Lr: 3.25e-04
2026-06-05 05:55:14 transreid.train INFO: Epoch[8] Iter[100/275] Loss: 7.124, Acc: 0.690, Base Lr: 3.25e-04
2026-06-05 05:55:17 transreid.train INFO: Epoch[8] Iter[120/275] Loss: 7.106, Acc: 0.689, Base Lr: 3.25e-04
2026-06-05 05:55:19 transreid.train INFO: Epoch[8] Iter[140/275] Loss: 7.101, Acc: 0.686, Base Lr: 3.25e-04
2026-06-05 05:55:21 transreid.train INFO: Epoch[8] Iter[160/275] Loss: 7.100, Acc: 0.684, Base Lr: 3.25e-04
2026-06-05 05:55:23 transreid.train INFO: Epoch[8] Iter[180/275] Loss: 7.069, Acc: 0.689, Base Lr: 3.25e-04
2026-06-05 05:55:25 transreid.train INFO: Epoch[8] Iter[200/275] Loss: 7.061, Acc: 0.691, Base Lr: 3.25e-04
2026-06-05 05:55:27 transreid.train INFO: Epoch[8] Iter[220/275] Loss: 7.052, Acc: 0.691, Base Lr: 3.25e-04
2026-06-05 05:55:29 transreid.train INFO: Epoch[8] Iter[240/275] Loss: 7.034, Acc: 0.691, Base Lr: 3.25e-04
2026-06-05 05:55:31 transreid.train INFO: Epoch[8] Iter[260/275] Loss: 7.011, Acc: 0.693, Base Lr: 3.25e-04
2026-06-05 05:55:33 transreid.train INFO: Epoch 8 done. Time per epoch: 28.954[s] Speed: 603.4[samples/s]
2026-06-05 05:55:35 transreid.train INFO: Epoch[9] Iter[20/275] Loss: 6.643, Acc: 0.737, Base Lr: 3.64e-04
2026-06-05 05:55:37 transreid.train INFO: Epoch[9] Iter[40/275] Loss: 6.672, Acc: 0.730, Base Lr: 3.64e-04
2026-06-05 05:55:39 transreid.train INFO: Epoch[9] Iter[60/275] Loss: 6.636, Acc: 0.722, Base Lr: 3.64e-04
2026-06-05 05:55:41 transreid.train INFO: Epoch[9] Iter[80/275] Loss: 6.669, Acc: 0.718, Base Lr: 3.64e-04
2026-06-05 05:55:43 transreid.train INFO: Epoch[9] Iter[100/275] Loss: 6.677, Acc: 0.712, Base Lr: 3.64e-04
2026-06-05 05:55:46 transreid.train INFO: Epoch[9] Iter[120/275] Loss: 6.641, Acc: 0.714, Base Lr: 3.64e-04
2026-06-05 05:55:48 transreid.train INFO: Epoch[9] Iter[140/275] Loss: 6.625, Acc: 0.711, Base Lr: 3.64e-04
2026-06-05 05:55:50 transreid.train INFO: Epoch[9] Iter[160/275] Loss: 6.608, Acc: 0.714, Base Lr: 3.64e-04
2026-06-05 05:55:52 transreid.train INFO: Epoch[9] Iter[180/275] Loss: 6.578, Acc: 0.719, Base Lr: 3.64e-04
2026-06-05 05:55:54 transreid.train INFO: Epoch[9] Iter[200/275] Loss: 6.566, Acc: 0.717, Base Lr: 3.64e-04
2026-06-05 05:55:56 transreid.train INFO: Epoch[9] Iter[220/275] Loss: 6.547, Acc: 0.718, Base Lr: 3.64e-04
2026-06-05 05:55:58 transreid.train INFO: Epoch[9] Iter[240/275] Loss: 6.536, Acc: 0.718, Base Lr: 3.64e-04
2026-06-05 05:56:00 transreid.train INFO: Epoch[9] Iter[260/275] Loss: 6.530, Acc: 0.717, Base Lr: 3.64e-04
2026-06-05 05:56:02 transreid.train INFO: Epoch 9 done. Time per epoch: 29.051[s] Speed: 603.6[samples/s]
2026-06-05 05:56:04 transreid.train INFO: Epoch[10] Iter[20/275] Loss: 6.314, Acc: 0.715, Base Lr: 4.04e-04
2026-06-05 05:56:06 transreid.train INFO: Epoch[10] Iter[40/275] Loss: 6.345, Acc: 0.708, Base Lr: 4.04e-04
2026-06-05 05:56:08 transreid.train INFO: Epoch[10] Iter[60/275] Loss: 6.280, Acc: 0.723, Base Lr: 4.04e-04
2026-06-05 05:56:10 transreid.train INFO: Epoch[10] Iter[80/275] Loss: 6.265, Acc: 0.728, Base Lr: 4.04e-04
2026-06-05 05:56:12 transreid.train INFO: Epoch[10] Iter[100/275] Loss: 6.227, Acc: 0.735, Base Lr: 4.04e-04
2026-06-05 05:56:15 transreid.train INFO: Epoch[10] Iter[120/275] Loss: 6.198, Acc: 0.740, Base Lr: 4.04e-04
2026-06-05 05:56:17 transreid.train INFO: Epoch[10] Iter[140/275] Loss: 6.172, Acc: 0.745, Base Lr: 4.04e-04
2026-06-05 05:56:19 transreid.train INFO: Epoch[10] Iter[160/275] Loss: 6.164, Acc: 0.749, Base Lr: 4.04e-04
2026-06-05 05:56:21 transreid.train INFO: Epoch[10] Iter[180/275] Loss: 6.140, Acc: 0.750, Base Lr: 4.04e-04
2026-06-05 05:56:23 transreid.train INFO: Epoch[10] Iter[200/275] Loss: 6.111, Acc: 0.751, Base Lr: 4.04e-04
2026-06-05 05:56:25 transreid.train INFO: Epoch[10] Iter[220/275] Loss: 6.098, Acc: 0.753, Base Lr: 4.04e-04
2026-06-05 05:56:27 transreid.train INFO: Epoch[10] Iter[240/275] Loss: 6.078, Acc: 0.755, Base Lr: 4.04e-04
2026-06-05 05:56:29 transreid.train INFO: Epoch[10] Iter[260/275] Loss: 6.068, Acc: 0.754, Base Lr: 4.04e-04
2026-06-05 05:56:31 transreid.train INFO: Epoch 10 done. Time per epoch: 29.056[s] Speed: 603.5[samples/s]
2026-06-05 05:56:33 transreid.train INFO: Epoch[11] Iter[20/275] Loss: 5.866, Acc: 0.747, Base Lr: 4.44e-04
2026-06-05 05:56:35 transreid.train INFO: Epoch[11] Iter[40/275] Loss: 5.830, Acc: 0.750, Base Lr: 4.44e-04
2026-06-05 05:56:37 transreid.train INFO: Epoch[11] Iter[60/275] Loss: 5.791, Acc: 0.746, Base Lr: 4.44e-04
2026-06-05 05:56:39 transreid.train INFO: Epoch[11] Iter[80/275] Loss: 5.734, Acc: 0.757, Base Lr: 4.44e-04
2026-06-05 05:56:42 transreid.train INFO: Epoch[11] Iter[100/275] Loss: 5.691, Acc: 0.763, Base Lr: 4.44e-04
2026-06-05 05:56:44 transreid.train INFO: Epoch[11] Iter[120/275] Loss: 5.711, Acc: 0.759, Base Lr: 4.44e-04
2026-06-05 05:56:46 transreid.train INFO: Epoch[11] Iter[140/275] Loss: 5.722, Acc: 0.757, Base Lr: 4.44e-04
2026-06-05 05:56:48 transreid.train INFO: Epoch[11] Iter[160/275] Loss: 5.706, Acc: 0.760, Base Lr: 4.44e-04
2026-06-05 05:56:50 transreid.train INFO: Epoch[11] Iter[180/275] Loss: 5.690, Acc: 0.762, Base Lr: 4.44e-04
2026-06-05 05:56:52 transreid.train INFO: Epoch[11] Iter[200/275] Loss: 5.687, Acc: 0.763, Base Lr: 4.44e-04
2026-06-05 05:56:54 transreid.train INFO: Epoch[11] Iter[220/275] Loss: 5.668, Acc: 0.765, Base Lr: 4.44e-04
2026-06-05 05:56:56 transreid.train INFO: Epoch[11] Iter[240/275] Loss: 5.659, Acc: 0.768, Base Lr: 4.44e-04
2026-06-05 05:56:58 transreid.train INFO: Epoch[11] Iter[260/275] Loss: 5.633, Acc: 0.772, Base Lr: 4.44e-04
2026-06-05 05:57:00 transreid.train INFO: Epoch 11 done. Time per epoch: 29.057[s] Speed: 603.5[samples/s]
2026-06-05 05:57:02 transreid.train INFO: Epoch[12] Iter[20/275] Loss: 5.391, Acc: 0.748, Base Lr: 4.83e-04
2026-06-05 05:57:04 transreid.train INFO: Epoch[12] Iter[40/275] Loss: 5.417, Acc: 0.746, Base Lr: 4.83e-04
2026-06-05 05:57:06 transreid.train INFO: Epoch[12] Iter[60/275] Loss: 5.394, Acc: 0.764, Base Lr: 4.83e-04
2026-06-05 05:57:09 transreid.train INFO: Epoch[12] Iter[80/275] Loss: 5.318, Acc: 0.768, Base Lr: 4.83e-04
2026-06-05 05:57:11 transreid.train INFO: Epoch[12] Iter[100/275] Loss: 5.276, Acc: 0.770, Base Lr: 4.83e-04
2026-06-05 05:57:13 transreid.train INFO: Epoch[12] Iter[120/275] Loss: 5.247, Acc: 0.771, Base Lr: 4.83e-04
2026-06-05 05:57:15 transreid.train INFO: Epoch[12] Iter[140/275] Loss: 5.219, Acc: 0.777, Base Lr: 4.83e-04
2026-06-05 05:57:17 transreid.train INFO: Epoch[12] Iter[160/275] Loss: 5.199, Acc: 0.782, Base Lr: 4.83e-04
2026-06-05 05:57:19 transreid.train INFO: Epoch[12] Iter[180/275] Loss: 5.183, Acc: 0.783, Base Lr: 4.83e-04
2026-06-05 05:57:21 transreid.train INFO: Epoch[12] Iter[200/275] Loss: 5.157, Acc: 0.788, Base Lr: 4.83e-04
2026-06-05 05:57:23 transreid.train INFO: Epoch[12] Iter[220/275] Loss: 5.108, Acc: 0.794, Base Lr: 4.83e-04
2026-06-05 05:57:25 transreid.train INFO: Epoch[12] Iter[240/275] Loss: 5.089, Acc: 0.795, Base Lr: 4.83e-04
2026-06-05 05:57:27 transreid.train INFO: Epoch[12] Iter[260/275] Loss: 5.075, Acc: 0.798, Base Lr: 4.83e-04
2026-06-05 05:57:29 transreid.train INFO: Epoch 12 done. Time per epoch: 28.963[s] Speed: 603.3[samples/s]
2026-06-05 05:57:31 transreid.train INFO: Epoch[13] Iter[20/275] Loss: 4.950, Acc: 0.777, Base Lr: 5.23e-04
2026-06-05 05:57:33 transreid.train INFO: Epoch[13] Iter[40/275] Loss: 4.882, Acc: 0.777, Base Lr: 5.23e-04
2026-06-05 05:57:35 transreid.train INFO: Epoch[13] Iter[60/275] Loss: 4.815, Acc: 0.782, Base Lr: 5.23e-04
2026-06-05 05:57:37 transreid.train INFO: Epoch[13] Iter[80/275] Loss: 4.773, Acc: 0.787, Base Lr: 5.23e-04
2026-06-05 05:57:40 transreid.train INFO: Epoch[13] Iter[100/275] Loss: 4.760, Acc: 0.780, Base Lr: 5.23e-04
2026-06-05 05:57:42 transreid.train INFO: Epoch[13] Iter[120/275] Loss: 4.707, Acc: 0.787, Base Lr: 5.23e-04
2026-06-05 05:57:44 transreid.train INFO: Epoch[13] Iter[140/275] Loss: 4.666, Acc: 0.791, Base Lr: 5.23e-04
2026-06-05 05:57:46 transreid.train INFO: Epoch[13] Iter[160/275] Loss: 4.621, Acc: 0.799, Base Lr: 5.23e-04
2026-06-05 05:57:48 transreid.train INFO: Epoch[13] Iter[180/275] Loss: 4.587, Acc: 0.803, Base Lr: 5.23e-04
2026-06-05 05:57:50 transreid.train INFO: Epoch[13] Iter[200/275] Loss: 4.570, Acc: 0.807, Base Lr: 5.23e-04
2026-06-05 05:57:52 transreid.train INFO: Epoch[13] Iter[220/275] Loss: 4.545, Acc: 0.811, Base Lr: 5.23e-04
2026-06-05 05:57:54 transreid.train INFO: Epoch[13] Iter[240/275] Loss: 4.526, Acc: 0.813, Base Lr: 5.23e-04
2026-06-05 05:57:56 transreid.train INFO: Epoch[13] Iter[260/275] Loss: 4.508, Acc: 0.816, Base Lr: 5.23e-04
2026-06-05 05:57:58 transreid.train INFO: Epoch 13 done. Time per epoch: 28.940[s] Speed: 603.7[samples/s]
2026-06-05 05:58:00 transreid.train INFO: Epoch[14] Iter[20/275] Loss: 4.712, Acc: 0.751, Base Lr: 5.62e-04
2026-06-05 05:58:02 transreid.train INFO: Epoch[14] Iter[40/275] Loss: 4.653, Acc: 0.758, Base Lr: 5.62e-04
2026-06-05 05:58:04 transreid.train INFO: Epoch[14] Iter[60/275] Loss: 4.545, Acc: 0.767, Base Lr: 5.62e-04
2026-06-05 05:58:06 transreid.train INFO: Epoch[14] Iter[80/275] Loss: 4.409, Acc: 0.787, Base Lr: 5.62e-04
2026-06-05 05:58:08 transreid.train INFO: Epoch[14] Iter[100/275] Loss: 4.329, Acc: 0.802, Base Lr: 5.62e-04
2026-06-05 05:58:11 transreid.train INFO: Epoch[14] Iter[120/275] Loss: 4.275, Acc: 0.810, Base Lr: 5.62e-04
2026-06-05 05:58:13 transreid.train INFO: Epoch[14] Iter[140/275] Loss: 4.208, Acc: 0.819, Base Lr: 5.62e-04
2026-06-05 05:58:15 transreid.train INFO: Epoch[14] Iter[160/275] Loss: 4.164, Acc: 0.822, Base Lr: 5.62e-04
2026-06-05 05:58:17 transreid.train INFO: Epoch[14] Iter[180/275] Loss: 4.137, Acc: 0.824, Base Lr: 5.62e-04
2026-06-05 05:58:19 transreid.train INFO: Epoch[14] Iter[200/275] Loss: 4.090, Acc: 0.830, Base Lr: 5.62e-04
2026-06-05 05:58:21 transreid.train INFO: Epoch[14] Iter[220/275] Loss: 4.068, Acc: 0.835, Base Lr: 5.62e-04
2026-06-05 05:58:23 transreid.train INFO: Epoch[14] Iter[240/275] Loss: 4.065, Acc: 0.838, Base Lr: 5.62e-04
2026-06-05 05:58:25 transreid.train INFO: Epoch[14] Iter[260/275] Loss: 4.046, Acc: 0.841, Base Lr: 5.62e-04
2026-06-05 05:58:27 transreid.train INFO: Epoch 14 done. Time per epoch: 29.046[s] Speed: 603.7[samples/s]
2026-06-05 05:58:29 transreid.train INFO: Epoch[15] Iter[20/275] Loss: 4.331, Acc: 0.727, Base Lr: 6.02e-04
2026-06-05 05:58:31 transreid.train INFO: Epoch[15] Iter[40/275] Loss: 4.114, Acc: 0.764, Base Lr: 6.02e-04
2026-06-05 05:58:33 transreid.train INFO: Epoch[15] Iter[60/275] Loss: 4.000, Acc: 0.781, Base Lr: 6.02e-04
2026-06-05 05:58:35 transreid.train INFO: Epoch[15] Iter[80/275] Loss: 3.923, Acc: 0.792, Base Lr: 6.02e-04
2026-06-05 05:58:38 transreid.train INFO: Epoch[15] Iter[100/275] Loss: 3.871, Acc: 0.803, Base Lr: 6.02e-04
2026-06-05 05:58:40 transreid.train INFO: Epoch[15] Iter[120/275] Loss: 3.798, Acc: 0.813, Base Lr: 6.02e-04
2026-06-05 05:58:42 transreid.train INFO: Epoch[15] Iter[140/275] Loss: 3.730, Acc: 0.823, Base Lr: 6.02e-04
2026-06-05 05:58:44 transreid.train INFO: Epoch[15] Iter[160/275] Loss: 3.669, Acc: 0.832, Base Lr: 6.02e-04
2026-06-05 05:58:46 transreid.train INFO: Epoch[15] Iter[180/275] Loss: 3.616, Acc: 0.840, Base Lr: 6.02e-04
2026-06-05 05:58:48 transreid.train INFO: Epoch[15] Iter[200/275] Loss: 3.579, Acc: 0.846, Base Lr: 6.02e-04
2026-06-05 05:58:50 transreid.train INFO: Epoch[15] Iter[220/275] Loss: 3.534, Acc: 0.852, Base Lr: 6.02e-04
2026-06-05 05:58:52 transreid.train INFO: Epoch[15] Iter[240/275] Loss: 3.517, Acc: 0.854, Base Lr: 6.02e-04
2026-06-05 05:58:54 transreid.train INFO: Epoch[15] Iter[260/275] Loss: 3.487, Acc: 0.859, Base Lr: 6.02e-04
2026-06-05 05:58:56 transreid.train INFO: Epoch 15 done. Time per epoch: 29.077[s] Speed: 603.1[samples/s]
2026-06-05 05:58:58 transreid.train INFO: Epoch[16] Iter[20/275] Loss: 3.366, Acc: 0.809, Base Lr: 6.42e-04
2026-06-05 05:59:00 transreid.train INFO: Epoch[16] Iter[40/275] Loss: 3.339, Acc: 0.820, Base Lr: 6.42e-04
2026-06-05 05:59:02 transreid.train INFO: Epoch[16] Iter[60/275] Loss: 3.245, Acc: 0.828, Base Lr: 6.42e-04
2026-06-05 05:59:05 transreid.train INFO: Epoch[16] Iter[80/275] Loss: 3.218, Acc: 0.838, Base Lr: 6.42e-04
2026-06-05 05:59:07 transreid.train INFO: Epoch[16] Iter[100/275] Loss: 3.168, Acc: 0.845, Base Lr: 6.42e-04
2026-06-05 05:59:09 transreid.train INFO: Epoch[16] Iter[120/275] Loss: 3.125, Acc: 0.852, Base Lr: 6.42e-04
2026-06-05 05:59:11 transreid.train INFO: Epoch[16] Iter[140/275] Loss: 3.093, Acc: 0.856, Base Lr: 6.42e-04
2026-06-05 05:59:13 transreid.train INFO: Epoch[16] Iter[160/275] Loss: 3.078, Acc: 0.858, Base Lr: 6.42e-04
2026-06-05 05:59:15 transreid.train INFO: Epoch[16] Iter[180/275] Loss: 3.041, Acc: 0.862, Base Lr: 6.42e-04
2026-06-05 05:59:17 transreid.train INFO: Epoch[16] Iter[200/275] Loss: 3.012, Acc: 0.866, Base Lr: 6.42e-04
2026-06-05 05:59:19 transreid.train INFO: Epoch[16] Iter[220/275] Loss: 2.985, Acc: 0.867, Base Lr: 6.42e-04
2026-06-05 05:59:21 transreid.train INFO: Epoch[16] Iter[240/275] Loss: 2.960, Acc: 0.869, Base Lr: 6.42e-04
2026-06-05 05:59:23 transreid.train INFO: Epoch[16] Iter[260/275] Loss: 2.950, Acc: 0.873, Base Lr: 6.42e-04
2026-06-05 05:59:25 transreid.train INFO: Epoch 16 done. Time per epoch: 29.068[s] Speed: 603.3[samples/s]
2026-06-05 05:59:27 transreid.train INFO: Epoch[17] Iter[20/275] Loss: 2.821, Acc: 0.846, Base Lr: 6.81e-04
2026-06-05 05:59:29 transreid.train INFO: Epoch[17] Iter[40/275] Loss: 2.906, Acc: 0.833, Base Lr: 6.81e-04
2026-06-05 05:59:32 transreid.train INFO: Epoch[17] Iter[60/275] Loss: 2.855, Acc: 0.839, Base Lr: 6.81e-04
2026-06-05 05:59:34 transreid.train INFO: Epoch[17] Iter[80/275] Loss: 2.791, Acc: 0.847, Base Lr: 6.81e-04
2026-06-05 05:59:36 transreid.train INFO: Epoch[17] Iter[100/275] Loss: 2.807, Acc: 0.846, Base Lr: 6.81e-04
2026-06-05 05:59:38 transreid.train INFO: Epoch[17] Iter[120/275] Loss: 2.760, Acc: 0.851, Base Lr: 6.81e-04
2026-06-05 05:59:40 transreid.train INFO: Epoch[17] Iter[140/275] Loss: 2.741, Acc: 0.854, Base Lr: 6.81e-04
2026-06-05 05:59:42 transreid.train INFO: Epoch[17] Iter[160/275] Loss: 2.732, Acc: 0.861, Base Lr: 6.81e-04
2026-06-05 05:59:44 transreid.train INFO: Epoch[17] Iter[180/275] Loss: 2.690, Acc: 0.867, Base Lr: 6.81e-04
2026-06-05 05:59:46 transreid.train INFO: Epoch[17] Iter[200/275] Loss: 2.644, Acc: 0.874, Base Lr: 6.81e-04
2026-06-05 05:59:48 transreid.train INFO: Epoch[17] Iter[220/275] Loss: 2.613, Acc: 0.879, Base Lr: 6.81e-04
2026-06-05 05:59:50 transreid.train INFO: Epoch[17] Iter[240/275] Loss: 2.589, Acc: 0.882, Base Lr: 6.81e-04
2026-06-05 05:59:53 transreid.train INFO: Epoch[17] Iter[260/275] Loss: 2.555, Acc: 0.888, Base Lr: 6.81e-04
2026-06-05 05:59:54 transreid.train INFO: Epoch 17 done. Time per epoch: 28.969[s] Speed: 603.1[samples/s]
2026-06-05 05:59:56 transreid.train INFO: Epoch[18] Iter[20/275] Loss: 2.691, Acc: 0.835, Base Lr: 7.21e-04
2026-06-05 05:59:58 transreid.train INFO: Epoch[18] Iter[40/275] Loss: 2.592, Acc: 0.838, Base Lr: 7.21e-04
2026-06-05 06:00:00 transreid.train INFO: Epoch[18] Iter[60/275] Loss: 2.519, Acc: 0.848, Base Lr: 7.21e-04
2026-06-05 06:00:03 transreid.train INFO: Epoch[18] Iter[80/275] Loss: 2.437, Acc: 0.859, Base Lr: 7.21e-04
2026-06-05 06:00:05 transreid.train INFO: Epoch[18] Iter[100/275] Loss: 2.385, Acc: 0.868, Base Lr: 7.21e-04
2026-06-05 06:00:07 transreid.train INFO: Epoch[18] Iter[120/275] Loss: 2.373, Acc: 0.872, Base Lr: 7.21e-04
2026-06-05 06:00:09 transreid.train INFO: Epoch[18] Iter[140/275] Loss: 2.357, Acc: 0.878, Base Lr: 7.21e-04
2026-06-05 06:00:11 transreid.train INFO: Epoch[18] Iter[160/275] Loss: 2.322, Acc: 0.885, Base Lr: 7.21e-04
2026-06-05 06:00:13 transreid.train INFO: Epoch[18] Iter[180/275] Loss: 2.302, Acc: 0.891, Base Lr: 7.21e-04
2026-06-05 06:00:15 transreid.train INFO: Epoch[18] Iter[200/275] Loss: 2.270, Acc: 0.894, Base Lr: 7.21e-04
2026-06-05 06:00:17 transreid.train INFO: Epoch[18] Iter[220/275] Loss: 2.255, Acc: 0.897, Base Lr: 7.21e-04
2026-06-05 06:00:19 transreid.train INFO: Epoch[18] Iter[240/275] Loss: 2.239, Acc: 0.900, Base Lr: 7.21e-04
2026-06-05 06:00:21 transreid.train INFO: Epoch[18] Iter[260/275] Loss: 2.216, Acc: 0.905, Base Lr: 7.21e-04
2026-06-05 06:00:23 transreid.train INFO: Epoch 18 done. Time per epoch: 29.073[s] Speed: 603.2[samples/s]
2026-06-05 06:00:25 transreid.train INFO: Epoch[19] Iter[20/275] Loss: 2.597, Acc: 0.827, Base Lr: 7.60e-04
2026-06-05 06:00:27 transreid.train INFO: Epoch[19] Iter[40/275] Loss: 2.426, Acc: 0.859, Base Lr: 7.60e-04
2026-06-05 06:00:30 transreid.train INFO: Epoch[19] Iter[60/275] Loss: 2.388, Acc: 0.855, Base Lr: 7.60e-04
2026-06-05 06:00:32 transreid.train INFO: Epoch[19] Iter[80/275] Loss: 2.316, Acc: 0.866, Base Lr: 7.60e-04
2026-06-05 06:00:34 transreid.train INFO: Epoch[19] Iter[100/275] Loss: 2.245, Acc: 0.875, Base Lr: 7.60e-04
2026-06-05 06:00:36 transreid.train INFO: Epoch[19] Iter[120/275] Loss: 2.173, Acc: 0.884, Base Lr: 7.60e-04
2026-06-05 06:00:38 transreid.train INFO: Epoch[19] Iter[140/275] Loss: 2.123, Acc: 0.888, Base Lr: 7.60e-04
2026-06-05 06:00:40 transreid.train INFO: Epoch[19] Iter[160/275] Loss: 2.086, Acc: 0.895, Base Lr: 7.60e-04
2026-06-05 06:00:42 transreid.train INFO: Epoch[19] Iter[180/275] Loss: 2.063, Acc: 0.901, Base Lr: 7.60e-04
2026-06-05 06:00:44 transreid.train INFO: Epoch[19] Iter[200/275] Loss: 2.043, Acc: 0.906, Base Lr: 7.60e-04
2026-06-05 06:00:46 transreid.train INFO: Epoch[19] Iter[220/275] Loss: 2.031, Acc: 0.910, Base Lr: 7.60e-04
2026-06-05 06:00:48 transreid.train INFO: Epoch[19] Iter[240/275] Loss: 2.015, Acc: 0.914, Base Lr: 7.60e-04
2026-06-05 06:00:51 transreid.train INFO: Epoch[19] Iter[260/275] Loss: 1.997, Acc: 0.916, Base Lr: 7.60e-04
2026-06-05 06:00:52 transreid.train INFO: Epoch 19 done. Time per epoch: 29.067[s] Speed: 603.3[samples/s]
2026-06-05 06:00:54 transreid.train INFO: Epoch[20] Iter[20/275] Loss: 2.036, Acc: 0.876, Base Lr: 7.47e-04
2026-06-05 06:00:57 transreid.train INFO: Epoch[20] Iter[40/275] Loss: 1.924, Acc: 0.886, Base Lr: 7.47e-04
2026-06-05 06:00:59 transreid.train INFO: Epoch[20] Iter[60/275] Loss: 1.953, Acc: 0.888, Base Lr: 7.47e-04
2026-06-05 06:01:01 transreid.train INFO: Epoch[20] Iter[80/275] Loss: 1.934, Acc: 0.893, Base Lr: 7.47e-04
2026-06-05 06:01:03 transreid.train INFO: Epoch[20] Iter[100/275] Loss: 1.910, Acc: 0.899, Base Lr: 7.47e-04
2026-06-05 06:01:05 transreid.train INFO: Epoch[20] Iter[120/275] Loss: 2.003, Acc: 0.895, Base Lr: 7.47e-04
2026-06-05 06:01:07 transreid.train INFO: Epoch[20] Iter[140/275] Loss: 2.001, Acc: 0.900, Base Lr: 7.47e-04
2026-06-05 06:01:09 transreid.train INFO: Epoch[20] Iter[160/275] Loss: 2.006, Acc: 0.905, Base Lr: 7.47e-04
2026-06-05 06:01:11 transreid.train INFO: Epoch[20] Iter[180/275] Loss: 1.984, Acc: 0.909, Base Lr: 7.47e-04
2026-06-05 06:01:13 transreid.train INFO: Epoch[20] Iter[200/275] Loss: 1.959, Acc: 0.912, Base Lr: 7.47e-04
2026-06-05 06:01:15 transreid.train INFO: Epoch[20] Iter[220/275] Loss: 1.954, Acc: 0.915, Base Lr: 7.47e-04
2026-06-05 06:01:18 transreid.train INFO: Epoch[20] Iter[240/275] Loss: 1.924, Acc: 0.918, Base Lr: 7.47e-04
2026-06-05 06:01:20 transreid.train INFO: Epoch[20] Iter[260/275] Loss: 1.900, Acc: 0.922, Base Lr: 7.47e-04
2026-06-05 06:01:21 transreid.train INFO: Epoch 20 done. Time per epoch: 28.987[s] Speed: 602.7[samples/s]
/home/afr/reid-clean/SOLIDER-REID/utils/metrics.py:12: UserWarning: This overload of addmm_ is deprecated:
	addmm_(Number beta, Number alpha, Tensor mat1, Tensor mat2)
Consider using one of the following signatures instead:
	addmm_(Tensor mat1, Tensor mat2, *, Number beta = 1, Number alpha = 1) (Triggered internally at /pytorch/torch/csrc/utils/python_arg_parser.cpp:1661.)
  dist_mat.addmm_(1, -2, qf, gf.t())
The test feature is normalized
=> Computing DistMat with euclidean_distance
2026-06-05 06:01:35 transreid.train INFO: Validation Results - Epoch: 20
2026-06-05 06:01:35 transreid.train INFO: mAP: 74.1%
2026-06-05 06:01:35 transreid.train INFO: CMC curve, Rank-1  :83.6%
2026-06-05 06:01:35 transreid.train INFO: CMC curve, Rank-5  :93.8%
2026-06-05 06:01:35 transreid.train INFO: CMC curve, Rank-10 :96.4%
2026-06-05 06:01:38 transreid.train INFO: Epoch[21] Iter[20/275] Loss: 1.981, Acc: 0.866, Base Lr: 7.41e-04
2026-06-05 06:01:40 transreid.train INFO: Epoch[21] Iter[40/275] Loss: 1.975, Acc: 0.866, Base Lr: 7.41e-04
2026-06-05 06:01:42 transreid.train INFO: Epoch[21] Iter[60/275] Loss: 1.919, Acc: 0.878, Base Lr: 7.41e-04
2026-06-05 06:01:44 transreid.train INFO: Epoch[21] Iter[80/275] Loss: 1.926, Acc: 0.887, Base Lr: 7.41e-04
2026-06-05 06:01:46 transreid.train INFO: Epoch[21] Iter[100/275] Loss: 1.865, Acc: 0.892, Base Lr: 7.41e-04
2026-06-05 06:01:48 transreid.train INFO: Epoch[21] Iter[120/275] Loss: 1.796, Acc: 0.903, Base Lr: 7.41e-04
2026-06-05 06:01:50 transreid.train INFO: Epoch[21] Iter[140/275] Loss: 1.754, Acc: 0.908, Base Lr: 7.41e-04
2026-06-05 06:01:52 transreid.train INFO: Epoch[21] Iter[160/275] Loss: 1.736, Acc: 0.914, Base Lr: 7.41e-04
2026-06-05 06:01:54 transreid.train INFO: Epoch[21] Iter[180/275] Loss: 1.714, Acc: 0.919, Base Lr: 7.41e-04
2026-06-05 06:01:56 transreid.train INFO: Epoch[21] Iter[200/275] Loss: 1.694, Acc: 0.923, Base Lr: 7.41e-04
2026-06-05 06:01:59 transreid.train INFO: Epoch[21] Iter[220/275] Loss: 1.677, Acc: 0.928, Base Lr: 7.41e-04
2026-06-05 06:02:01 transreid.train INFO: Epoch[21] Iter[240/275] Loss: 1.660, Acc: 0.929, Base Lr: 7.41e-04
2026-06-05 06:02:03 transreid.train INFO: Epoch[21] Iter[260/275] Loss: 1.639, Acc: 0.933, Base Lr: 7.41e-04
2026-06-05 06:02:04 transreid.train INFO: Epoch 21 done. Time per epoch: 28.983[s] Speed: 602.8[samples/s]
2026-06-05 06:02:06 transreid.train INFO: Epoch[22] Iter[20/275] Loss: 2.209, Acc: 0.863, Base Lr: 7.36e-04
2026-06-05 06:02:09 transreid.train INFO: Epoch[22] Iter[40/275] Loss: 2.059, Acc: 0.885, Base Lr: 7.36e-04
2026-06-05 06:02:11 transreid.train INFO: Epoch[22] Iter[60/275] Loss: 1.955, Acc: 0.893, Base Lr: 7.36e-04
2026-06-05 06:02:13 transreid.train INFO: Epoch[22] Iter[80/275] Loss: 1.806, Acc: 0.906, Base Lr: 7.36e-04
2026-06-05 06:02:15 transreid.train INFO: Epoch[22] Iter[100/275] Loss: 1.762, Acc: 0.913, Base Lr: 7.36e-04
2026-06-05 06:02:17 transreid.train INFO: Epoch[22] Iter[120/275] Loss: 1.733, Acc: 0.917, Base Lr: 7.36e-04
2026-06-05 06:02:19 transreid.train INFO: Epoch[22] Iter[140/275] Loss: 1.718, Acc: 0.922, Base Lr: 7.36e-04
2026-06-05 06:02:21 transreid.train INFO: Epoch[22] Iter[160/275] Loss: 1.703, Acc: 0.926, Base Lr: 7.36e-04
2026-06-05 06:02:23 transreid.train INFO: Epoch[22] Iter[180/275] Loss: 1.676, Acc: 0.930, Base Lr: 7.36e-04
2026-06-05 06:02:25 transreid.train INFO: Epoch[22] Iter[200/275] Loss: 1.656, Acc: 0.934, Base Lr: 7.36e-04
2026-06-05 06:02:28 transreid.train INFO: Epoch[22] Iter[220/275] Loss: 1.638, Acc: 0.936, Base Lr: 7.36e-04
2026-06-05 06:02:30 transreid.train INFO: Epoch[22] Iter[240/275] Loss: 1.613, Acc: 0.939, Base Lr: 7.36e-04
2026-06-05 06:02:32 transreid.train INFO: Epoch[22] Iter[260/275] Loss: 1.589, Acc: 0.941, Base Lr: 7.36e-04
2026-06-05 06:02:33 transreid.train INFO: Epoch 22 done. Time per epoch: 29.077[s] Speed: 603.1[samples/s]
2026-06-05 06:02:36 transreid.train INFO: Epoch[23] Iter[20/275] Loss: 1.792, Acc: 0.881, Base Lr: 7.30e-04
2026-06-05 06:02:38 transreid.train INFO: Epoch[23] Iter[40/275] Loss: 1.653, Acc: 0.909, Base Lr: 7.30e-04
2026-06-05 06:02:40 transreid.train INFO: Epoch[23] Iter[60/275] Loss: 1.593, Acc: 0.918, Base Lr: 7.30e-04
2026-06-05 06:02:42 transreid.train INFO: Epoch[23] Iter[80/275] Loss: 1.499, Acc: 0.926, Base Lr: 7.30e-04
2026-06-05 06:02:44 transreid.train INFO: Epoch[23] Iter[100/275] Loss: 1.476, Acc: 0.931, Base Lr: 7.30e-04
2026-06-05 06:02:46 transreid.train INFO: Epoch[23] Iter[120/275] Loss: 1.444, Acc: 0.936, Base Lr: 7.30e-04
2026-06-05 06:02:48 transreid.train INFO: Epoch[23] Iter[140/275] Loss: 1.442, Acc: 0.938, Base Lr: 7.30e-04
2026-06-05 06:02:50 transreid.train INFO: Epoch[23] Iter[160/275] Loss: 1.414, Acc: 0.943, Base Lr: 7.30e-04
2026-06-05 06:02:52 transreid.train INFO: Epoch[23] Iter[180/275] Loss: 1.413, Acc: 0.945, Base Lr: 7.30e-04
2026-06-05 06:02:54 transreid.train INFO: Epoch[23] Iter[200/275] Loss: 1.389, Acc: 0.947, Base Lr: 7.30e-04
2026-06-05 06:02:57 transreid.train INFO: Epoch[23] Iter[220/275] Loss: 1.363, Acc: 0.950, Base Lr: 7.30e-04
2026-06-05 06:02:59 transreid.train INFO: Epoch[23] Iter[240/275] Loss: 1.348, Acc: 0.951, Base Lr: 7.30e-04
2026-06-05 06:03:01 transreid.train INFO: Epoch[23] Iter[260/275] Loss: 1.333, Acc: 0.953, Base Lr: 7.30e-04
2026-06-05 06:03:02 transreid.train INFO: Epoch 23 done. Time per epoch: 28.983[s] Speed: 602.8[samples/s]
2026-06-05 06:03:05 transreid.train INFO: Epoch[24] Iter[20/275] Loss: 1.604, Acc: 0.923, Base Lr: 7.24e-04
2026-06-05 06:03:07 transreid.train INFO: Epoch[24] Iter[40/275] Loss: 1.559, Acc: 0.922, Base Lr: 7.24e-04
2026-06-05 06:03:09 transreid.train INFO: Epoch[24] Iter[60/275] Loss: 1.498, Acc: 0.929, Base Lr: 7.24e-04
2026-06-05 06:03:11 transreid.train INFO: Epoch[24] Iter[80/275] Loss: 1.467, Acc: 0.934, Base Lr: 7.24e-04
2026-06-05 06:03:13 transreid.train INFO: Epoch[24] Iter[100/275] Loss: 1.452, Acc: 0.938, Base Lr: 7.24e-04
2026-06-05 06:03:15 transreid.train INFO: Epoch[24] Iter[120/275] Loss: 1.439, Acc: 0.941, Base Lr: 7.24e-04
2026-06-05 06:03:17 transreid.train INFO: Epoch[24] Iter[140/275] Loss: 1.407, Acc: 0.944, Base Lr: 7.24e-04
2026-06-05 06:03:19 transreid.train INFO: Epoch[24] Iter[160/275] Loss: 1.371, Acc: 0.947, Base Lr: 7.24e-04
2026-06-05 06:03:21 transreid.train INFO: Epoch[24] Iter[180/275] Loss: 1.342, Acc: 0.951, Base Lr: 7.24e-04
2026-06-05 06:03:23 transreid.train INFO: Epoch[24] Iter[200/275] Loss: 1.320, Acc: 0.953, Base Lr: 7.24e-04
2026-06-05 06:03:26 transreid.train INFO: Epoch[24] Iter[220/275] Loss: 1.310, Acc: 0.955, Base Lr: 7.24e-04
2026-06-05 06:03:28 transreid.train INFO: Epoch[24] Iter[240/275] Loss: 1.301, Acc: 0.957, Base Lr: 7.24e-04
2026-06-05 06:03:30 transreid.train INFO: Epoch[24] Iter[260/275] Loss: 1.288, Acc: 0.958, Base Lr: 7.24e-04
2026-06-05 06:03:31 transreid.train INFO: Epoch 24 done. Time per epoch: 28.964[s] Speed: 603.2[samples/s]
2026-06-05 06:03:34 transreid.train INFO: Epoch[25] Iter[20/275] Loss: 1.490, Acc: 0.923, Base Lr: 7.18e-04
2026-06-05 06:03:36 transreid.train INFO: Epoch[25] Iter[40/275] Loss: 1.468, Acc: 0.932, Base Lr: 7.18e-04
2026-06-05 06:03:38 transreid.train INFO: Epoch[25] Iter[60/275] Loss: 1.421, Acc: 0.939, Base Lr: 7.18e-04
2026-06-05 06:03:40 transreid.train INFO: Epoch[25] Iter[80/275] Loss: 1.427, Acc: 0.940, Base Lr: 7.18e-04
2026-06-05 06:03:42 transreid.train INFO: Epoch[25] Iter[100/275] Loss: 1.376, Acc: 0.942, Base Lr: 7.18e-04
2026-06-05 06:03:44 transreid.train INFO: Epoch[25] Iter[120/275] Loss: 1.358, Acc: 0.946, Base Lr: 7.18e-04
2026-06-05 06:03:46 transreid.train INFO: Epoch[25] Iter[140/275] Loss: 1.320, Acc: 0.951, Base Lr: 7.18e-04
2026-06-05 06:03:48 transreid.train INFO: Epoch[25] Iter[160/275] Loss: 1.288, Acc: 0.955, Base Lr: 7.18e-04
2026-06-05 06:03:50 transreid.train INFO: Epoch[25] Iter[180/275] Loss: 1.261, Acc: 0.958, Base Lr: 7.18e-04
2026-06-05 06:03:52 transreid.train INFO: Epoch[25] Iter[200/275] Loss: 1.228, Acc: 0.961, Base Lr: 7.18e-04
2026-06-05 06:03:55 transreid.train INFO: Epoch[25] Iter[220/275] Loss: 1.212, Acc: 0.962, Base Lr: 7.18e-04
2026-06-05 06:03:57 transreid.train INFO: Epoch[25] Iter[240/275] Loss: 1.215, Acc: 0.964, Base Lr: 7.18e-04
2026-06-05 06:03:59 transreid.train INFO: Epoch[25] Iter[260/275] Loss: 1.217, Acc: 0.965, Base Lr: 7.18e-04
2026-06-05 06:04:00 transreid.train INFO: Epoch 25 done. Time per epoch: 29.072[s] Speed: 603.2[samples/s]
2026-06-05 06:04:03 transreid.train INFO: Epoch[26] Iter[20/275] Loss: 1.278, Acc: 0.938, Base Lr: 7.11e-04
2026-06-05 06:04:05 transreid.train INFO: Epoch[26] Iter[40/275] Loss: 1.257, Acc: 0.948, Base Lr: 7.11e-04
2026-06-05 06:04:07 transreid.train INFO: Epoch[26] Iter[60/275] Loss: 1.251, Acc: 0.944, Base Lr: 7.11e-04
2026-06-05 06:04:09 transreid.train INFO: Epoch[26] Iter[80/275] Loss: 1.237, Acc: 0.946, Base Lr: 7.11e-04
2026-06-05 06:04:11 transreid.train INFO: Epoch[26] Iter[100/275] Loss: 1.229, Acc: 0.952, Base Lr: 7.11e-04
2026-06-05 06:04:13 transreid.train INFO: Epoch[26] Iter[120/275] Loss: 1.197, Acc: 0.954, Base Lr: 7.11e-04
2026-06-05 06:04:15 transreid.train INFO: Epoch[26] Iter[140/275] Loss: 1.195, Acc: 0.957, Base Lr: 7.11e-04
2026-06-05 06:04:17 transreid.train INFO: Epoch[26] Iter[160/275] Loss: 1.176, Acc: 0.959, Base Lr: 7.11e-04
2026-06-05 06:04:19 transreid.train INFO: Epoch[26] Iter[180/275] Loss: 1.179, Acc: 0.962, Base Lr: 7.11e-04
2026-06-05 06:04:22 transreid.train INFO: Epoch[26] Iter[200/275] Loss: 1.169, Acc: 0.964, Base Lr: 7.11e-04
2026-06-05 06:04:24 transreid.train INFO: Epoch[26] Iter[220/275] Loss: 1.169, Acc: 0.965, Base Lr: 7.11e-04
2026-06-05 06:04:26 transreid.train INFO: Epoch[26] Iter[240/275] Loss: 1.165, Acc: 0.966, Base Lr: 7.11e-04
2026-06-05 06:04:28 transreid.train INFO: Epoch[26] Iter[260/275] Loss: 1.150, Acc: 0.967, Base Lr: 7.11e-04
2026-06-05 06:04:29 transreid.train INFO: Epoch 26 done. Time per epoch: 28.991[s] Speed: 602.7[samples/s]
2026-06-05 06:04:32 transreid.train INFO: Epoch[27] Iter[20/275] Loss: 1.374, Acc: 0.918, Base Lr: 7.04e-04
2026-06-05 06:04:34 transreid.train INFO: Epoch[27] Iter[40/275] Loss: 1.319, Acc: 0.934, Base Lr: 7.04e-04
2026-06-05 06:04:36 transreid.train INFO: Epoch[27] Iter[60/275] Loss: 1.359, Acc: 0.938, Base Lr: 7.04e-04
2026-06-05 06:04:38 transreid.train INFO: Epoch[27] Iter[80/275] Loss: 1.309, Acc: 0.946, Base Lr: 7.04e-04
2026-06-05 06:04:40 transreid.train INFO: Epoch[27] Iter[100/275] Loss: 1.281, Acc: 0.952, Base Lr: 7.04e-04
2026-06-05 06:04:42 transreid.train INFO: Epoch[27] Iter[120/275] Loss: 1.262, Acc: 0.956, Base Lr: 7.04e-04
2026-06-05 06:04:44 transreid.train INFO: Epoch[27] Iter[140/275] Loss: 1.256, Acc: 0.957, Base Lr: 7.04e-04
2026-06-05 06:04:46 transreid.train INFO: Epoch[27] Iter[160/275] Loss: 1.241, Acc: 0.960, Base Lr: 7.04e-04
2026-06-05 06:04:48 transreid.train INFO: Epoch[27] Iter[180/275] Loss: 1.216, Acc: 0.963, Base Lr: 7.04e-04
2026-06-05 06:04:50 transreid.train INFO: Epoch[27] Iter[200/275] Loss: 1.204, Acc: 0.965, Base Lr: 7.04e-04
2026-06-05 06:04:53 transreid.train INFO: Epoch[27] Iter[220/275] Loss: 1.185, Acc: 0.967, Base Lr: 7.04e-04
2026-06-05 06:04:55 transreid.train INFO: Epoch[27] Iter[240/275] Loss: 1.171, Acc: 0.969, Base Lr: 7.04e-04
2026-06-05 06:04:57 transreid.train INFO: Epoch[27] Iter[260/275] Loss: 1.157, Acc: 0.970, Base Lr: 7.04e-04
2026-06-05 06:04:58 transreid.train INFO: Epoch 27 done. Time per epoch: 29.074[s] Speed: 603.1[samples/s]
2026-06-05 06:05:01 transreid.train INFO: Epoch[28] Iter[20/275] Loss: 1.279, Acc: 0.936, Base Lr: 6.97e-04
2026-06-05 06:05:03 transreid.train INFO: Epoch[28] Iter[40/275] Loss: 1.222, Acc: 0.944, Base Lr: 6.97e-04
2026-06-05 06:05:05 transreid.train INFO: Epoch[28] Iter[60/275] Loss: 1.230, Acc: 0.946, Base Lr: 6.97e-04
2026-06-05 06:05:07 transreid.train INFO: Epoch[28] Iter[80/275] Loss: 1.176, Acc: 0.954, Base Lr: 6.97e-04
2026-06-05 06:05:09 transreid.train INFO: Epoch[28] Iter[100/275] Loss: 1.159, Acc: 0.955, Base Lr: 6.97e-04
2026-06-05 06:05:11 transreid.train INFO: Epoch[28] Iter[120/275] Loss: 1.128, Acc: 0.959, Base Lr: 6.97e-04
2026-06-05 06:05:13 transreid.train INFO: Epoch[28] Iter[140/275] Loss: 1.099, Acc: 0.962, Base Lr: 6.97e-04
2026-06-05 06:05:15 transreid.train INFO: Epoch[28] Iter[160/275] Loss: 1.099, Acc: 0.965, Base Lr: 6.97e-04
2026-06-05 06:05:17 transreid.train INFO: Epoch[28] Iter[180/275] Loss: 1.102, Acc: 0.968, Base Lr: 6.97e-04
2026-06-05 06:05:20 transreid.train INFO: Epoch[28] Iter[200/275] Loss: 1.104, Acc: 0.969, Base Lr: 6.97e-04
2026-06-05 06:05:22 transreid.train INFO: Epoch[28] Iter[220/275] Loss: 1.099, Acc: 0.971, Base Lr: 6.97e-04
2026-06-05 06:05:24 transreid.train INFO: Epoch[28] Iter[240/275] Loss: 1.090, Acc: 0.972, Base Lr: 6.97e-04
2026-06-05 06:05:26 transreid.train INFO: Epoch[28] Iter[260/275] Loss: 1.082, Acc: 0.972, Base Lr: 6.97e-04
2026-06-05 06:05:27 transreid.train INFO: Epoch 28 done. Time per epoch: 28.957[s] Speed: 603.4[samples/s]
2026-06-05 06:05:30 transreid.train INFO: Epoch[29] Iter[20/275] Loss: 1.380, Acc: 0.917, Base Lr: 6.90e-04
2026-06-05 06:05:32 transreid.train INFO: Epoch[29] Iter[40/275] Loss: 1.337, Acc: 0.930, Base Lr: 6.90e-04
2026-06-05 06:05:34 transreid.train INFO: Epoch[29] Iter[60/275] Loss: 1.303, Acc: 0.941, Base Lr: 6.90e-04
2026-06-05 06:05:36 transreid.train INFO: Epoch[29] Iter[80/275] Loss: 1.264, Acc: 0.948, Base Lr: 6.90e-04
2026-06-05 06:05:38 transreid.train INFO: Epoch[29] Iter[100/275] Loss: 1.203, Acc: 0.953, Base Lr: 6.90e-04
2026-06-05 06:05:40 transreid.train INFO: Epoch[29] Iter[120/275] Loss: 1.176, Acc: 0.958, Base Lr: 6.90e-04
2026-06-05 06:05:42 transreid.train INFO: Epoch[29] Iter[140/275] Loss: 1.175, Acc: 0.961, Base Lr: 6.90e-04
2026-06-05 06:05:44 transreid.train INFO: Epoch[29] Iter[160/275] Loss: 1.171, Acc: 0.963, Base Lr: 6.90e-04
2026-06-05 06:05:46 transreid.train INFO: Epoch[29] Iter[180/275] Loss: 1.155, Acc: 0.965, Base Lr: 6.90e-04
2026-06-05 06:05:49 transreid.train INFO: Epoch[29] Iter[200/275] Loss: 1.144, Acc: 0.967, Base Lr: 6.90e-04
2026-06-05 06:05:51 transreid.train INFO: Epoch[29] Iter[220/275] Loss: 1.126, Acc: 0.969, Base Lr: 6.90e-04
2026-06-05 06:05:53 transreid.train INFO: Epoch[29] Iter[240/275] Loss: 1.109, Acc: 0.971, Base Lr: 6.90e-04
2026-06-05 06:05:55 transreid.train INFO: Epoch[29] Iter[260/275] Loss: 1.095, Acc: 0.972, Base Lr: 6.90e-04
2026-06-05 06:05:56 transreid.train INFO: Epoch 29 done. Time per epoch: 29.075[s] Speed: 603.1[samples/s]
2026-06-05 06:05:59 transreid.train INFO: Epoch[30] Iter[20/275] Loss: 1.180, Acc: 0.945, Base Lr: 6.83e-04
2026-06-05 06:06:01 transreid.train INFO: Epoch[30] Iter[40/275] Loss: 1.160, Acc: 0.945, Base Lr: 6.83e-04
2026-06-05 06:06:03 transreid.train INFO: Epoch[30] Iter[60/275] Loss: 1.084, Acc: 0.955, Base Lr: 6.83e-04
2026-06-05 06:06:05 transreid.train INFO: Epoch[30] Iter[80/275] Loss: 1.079, Acc: 0.957, Base Lr: 6.83e-04
2026-06-05 06:06:07 transreid.train INFO: Epoch[30] Iter[100/275] Loss: 1.129, Acc: 0.960, Base Lr: 6.83e-04
2026-06-05 06:06:09 transreid.train INFO: Epoch[30] Iter[120/275] Loss: 1.179, Acc: 0.963, Base Lr: 6.83e-04
2026-06-05 06:06:11 transreid.train INFO: Epoch[30] Iter[140/275] Loss: 1.200, Acc: 0.963, Base Lr: 6.83e-04
2026-06-05 06:06:13 transreid.train INFO: Epoch[30] Iter[160/275] Loss: 1.197, Acc: 0.965, Base Lr: 6.83e-04
2026-06-05 06:06:16 transreid.train INFO: Epoch[30] Iter[180/275] Loss: 1.189, Acc: 0.967, Base Lr: 6.83e-04
2026-06-05 06:06:18 transreid.train INFO: Epoch[30] Iter[200/275] Loss: 1.165, Acc: 0.970, Base Lr: 6.83e-04
2026-06-05 06:06:20 transreid.train INFO: Epoch[30] Iter[220/275] Loss: 1.156, Acc: 0.970, Base Lr: 6.83e-04
2026-06-05 06:06:22 transreid.train INFO: Epoch[30] Iter[240/275] Loss: 1.148, Acc: 0.971, Base Lr: 6.83e-04
2026-06-05 06:06:24 transreid.train INFO: Epoch[30] Iter[260/275] Loss: 1.130, Acc: 0.972, Base Lr: 6.83e-04
2026-06-05 06:06:25 transreid.train INFO: Epoch 30 done. Time per epoch: 28.990[s] Speed: 602.7[samples/s]
2026-06-05 06:06:28 transreid.train INFO: Epoch[31] Iter[20/275] Loss: 1.088, Acc: 0.950, Base Lr: 6.76e-04
2026-06-05 06:06:30 transreid.train INFO: Epoch[31] Iter[40/275] Loss: 1.089, Acc: 0.951, Base Lr: 6.76e-04
2026-06-05 06:06:32 transreid.train INFO: Epoch[31] Iter[60/275] Loss: 1.087, Acc: 0.953, Base Lr: 6.76e-04
2026-06-05 06:06:34 transreid.train INFO: Epoch[31] Iter[80/275] Loss: 1.059, Acc: 0.960, Base Lr: 6.76e-04
2026-06-05 06:06:36 transreid.train INFO: Epoch[31] Iter[100/275] Loss: 1.043, Acc: 0.964, Base Lr: 6.76e-04
2026-06-05 06:06:38 transreid.train INFO: Epoch[31] Iter[120/275] Loss: 1.020, Acc: 0.967, Base Lr: 6.76e-04
2026-06-05 06:06:40 transreid.train INFO: Epoch[31] Iter[140/275] Loss: 1.002, Acc: 0.969, Base Lr: 6.76e-04
2026-06-05 06:06:42 transreid.train INFO: Epoch[31] Iter[160/275] Loss: 0.997, Acc: 0.971, Base Lr: 6.76e-04
2026-06-05 06:06:44 transreid.train INFO: Epoch[31] Iter[180/275] Loss: 1.007, Acc: 0.971, Base Lr: 6.76e-04
2026-06-05 06:06:47 transreid.train INFO: Epoch[31] Iter[200/275] Loss: 1.006, Acc: 0.973, Base Lr: 6.76e-04
2026-06-05 06:06:49 transreid.train INFO: Epoch[31] Iter[220/275] Loss: 1.001, Acc: 0.974, Base Lr: 6.76e-04
2026-06-05 06:06:51 transreid.train INFO: Epoch[31] Iter[240/275] Loss: 0.991, Acc: 0.976, Base Lr: 6.76e-04
2026-06-05 06:06:53 transreid.train INFO: Epoch[31] Iter[260/275] Loss: 0.985, Acc: 0.977, Base Lr: 6.76e-04
2026-06-05 06:06:54 transreid.train INFO: Epoch 31 done. Time per epoch: 28.956[s] Speed: 603.4[samples/s]
2026-06-05 06:06:57 transreid.train INFO: Epoch[32] Iter[20/275] Loss: 1.262, Acc: 0.937, Base Lr: 6.68e-04
2026-06-05 06:06:59 transreid.train INFO: Epoch[32] Iter[40/275] Loss: 1.133, Acc: 0.947, Base Lr: 6.68e-04
2026-06-05 06:07:01 transreid.train INFO: Epoch[32] Iter[60/275] Loss: 1.074, Acc: 0.955, Base Lr: 6.68e-04
2026-06-05 06:07:03 transreid.train INFO: Epoch[32] Iter[80/275] Loss: 1.039, Acc: 0.962, Base Lr: 6.68e-04
2026-06-05 06:07:05 transreid.train INFO: Epoch[32] Iter[100/275] Loss: 1.024, Acc: 0.960, Base Lr: 6.68e-04
2026-06-05 06:07:07 transreid.train INFO: Epoch[32] Iter[120/275] Loss: 1.027, Acc: 0.963, Base Lr: 6.68e-04
2026-06-05 06:07:09 transreid.train INFO: Epoch[32] Iter[140/275] Loss: 1.006, Acc: 0.967, Base Lr: 6.68e-04
2026-06-05 06:07:11 transreid.train INFO: Epoch[32] Iter[160/275] Loss: 0.992, Acc: 0.970, Base Lr: 6.68e-04
2026-06-05 06:07:13 transreid.train INFO: Epoch[32] Iter[180/275] Loss: 0.976, Acc: 0.973, Base Lr: 6.68e-04
2026-06-05 06:07:16 transreid.train INFO: Epoch[32] Iter[200/275] Loss: 0.963, Acc: 0.975, Base Lr: 6.68e-04
2026-06-05 06:07:18 transreid.train INFO: Epoch[32] Iter[220/275] Loss: 0.973, Acc: 0.976, Base Lr: 6.68e-04
2026-06-05 06:07:20 transreid.train INFO: Epoch[32] Iter[240/275] Loss: 0.985, Acc: 0.977, Base Lr: 6.68e-04
2026-06-05 06:07:22 transreid.train INFO: Epoch[32] Iter[260/275] Loss: 0.987, Acc: 0.978, Base Lr: 6.68e-04
2026-06-05 06:07:23 transreid.train INFO: Epoch 32 done. Time per epoch: 29.004[s] Speed: 602.4[samples/s]
2026-06-05 06:07:26 transreid.train INFO: Epoch[33] Iter[20/275] Loss: 1.174, Acc: 0.950, Base Lr: 6.60e-04
2026-06-05 06:07:28 transreid.train INFO: Epoch[33] Iter[40/275] Loss: 1.129, Acc: 0.948, Base Lr: 6.60e-04
2026-06-05 06:07:30 transreid.train INFO: Epoch[33] Iter[60/275] Loss: 1.084, Acc: 0.959, Base Lr: 6.60e-04
2026-06-05 06:07:32 transreid.train INFO: Epoch[33] Iter[80/275] Loss: 1.050, Acc: 0.965, Base Lr: 6.60e-04
2026-06-05 06:07:34 transreid.train INFO: Epoch[33] Iter[100/275] Loss: 1.179, Acc: 0.963, Base Lr: 6.60e-04
2026-06-05 06:07:36 transreid.train INFO: Epoch[33] Iter[120/275] Loss: 1.229, Acc: 0.964, Base Lr: 6.60e-04
2026-06-05 06:07:38 transreid.train INFO: Epoch[33] Iter[140/275] Loss: 1.213, Acc: 0.967, Base Lr: 6.60e-04
2026-06-05 06:07:40 transreid.train INFO: Epoch[33] Iter[160/275] Loss: 1.202, Acc: 0.969, Base Lr: 6.60e-04
2026-06-05 06:07:42 transreid.train INFO: Epoch[33] Iter[180/275] Loss: 1.171, Acc: 0.971, Base Lr: 6.60e-04
2026-06-05 06:07:45 transreid.train INFO: Epoch[33] Iter[200/275] Loss: 1.161, Acc: 0.973, Base Lr: 6.60e-04
2026-06-05 06:07:47 transreid.train INFO: Epoch[33] Iter[220/275] Loss: 1.144, Acc: 0.974, Base Lr: 6.60e-04
2026-06-05 06:07:49 transreid.train INFO: Epoch[33] Iter[240/275] Loss: 1.120, Acc: 0.974, Base Lr: 6.60e-04
2026-06-05 06:07:51 transreid.train INFO: Epoch[33] Iter[260/275] Loss: 1.106, Acc: 0.975, Base Lr: 6.60e-04
2026-06-05 06:07:52 transreid.train INFO: Epoch 33 done. Time per epoch: 28.990[s] Speed: 602.7[samples/s]
2026-06-05 06:07:55 transreid.train INFO: Epoch[34] Iter[20/275] Loss: 1.240, Acc: 0.949, Base Lr: 6.52e-04
2026-06-05 06:07:57 transreid.train INFO: Epoch[34] Iter[40/275] Loss: 1.193, Acc: 0.955, Base Lr: 6.52e-04
2026-06-05 06:07:59 transreid.train INFO: Epoch[34] Iter[60/275] Loss: 1.182, Acc: 0.959, Base Lr: 6.52e-04
2026-06-05 06:08:01 transreid.train INFO: Epoch[34] Iter[80/275] Loss: 1.164, Acc: 0.963, Base Lr: 6.52e-04
2026-06-05 06:08:03 transreid.train INFO: Epoch[34] Iter[100/275] Loss: 1.138, Acc: 0.965, Base Lr: 6.52e-04
2026-06-05 06:08:05 transreid.train INFO: Epoch[34] Iter[120/275] Loss: 1.109, Acc: 0.967, Base Lr: 6.52e-04
2026-06-05 06:08:07 transreid.train INFO: Epoch[34] Iter[140/275] Loss: 1.077, Acc: 0.969, Base Lr: 6.52e-04
2026-06-05 06:08:09 transreid.train INFO: Epoch[34] Iter[160/275] Loss: 1.059, Acc: 0.971, Base Lr: 6.52e-04
2026-06-05 06:08:11 transreid.train INFO: Epoch[34] Iter[180/275] Loss: 1.045, Acc: 0.974, Base Lr: 6.52e-04
2026-06-05 06:08:14 transreid.train INFO: Epoch[34] Iter[200/275] Loss: 1.025, Acc: 0.975, Base Lr: 6.52e-04
2026-06-05 06:08:16 transreid.train INFO: Epoch[34] Iter[220/275] Loss: 1.014, Acc: 0.977, Base Lr: 6.52e-04
2026-06-05 06:08:18 transreid.train INFO: Epoch[34] Iter[240/275] Loss: 0.996, Acc: 0.978, Base Lr: 6.52e-04
2026-06-05 06:08:20 transreid.train INFO: Epoch[34] Iter[260/275] Loss: 0.994, Acc: 0.979, Base Lr: 6.52e-04
2026-06-05 06:08:21 transreid.train INFO: Epoch 34 done. Time per epoch: 28.986[s] Speed: 602.8[samples/s]
2026-06-05 06:08:24 transreid.train INFO: Epoch[35] Iter[20/275] Loss: 0.992, Acc: 0.962, Base Lr: 6.44e-04
2026-06-05 06:08:26 transreid.train INFO: Epoch[35] Iter[40/275] Loss: 1.004, Acc: 0.966, Base Lr: 6.44e-04
2026-06-05 06:08:28 transreid.train INFO: Epoch[35] Iter[60/275] Loss: 1.019, Acc: 0.964, Base Lr: 6.44e-04
2026-06-05 06:08:30 transreid.train INFO: Epoch[35] Iter[80/275] Loss: 0.996, Acc: 0.967, Base Lr: 6.44e-04
2026-06-05 06:08:32 transreid.train INFO: Epoch[35] Iter[100/275] Loss: 0.978, Acc: 0.970, Base Lr: 6.44e-04
2026-06-05 06:08:34 transreid.train INFO: Epoch[35] Iter[120/275] Loss: 0.964, Acc: 0.973, Base Lr: 6.44e-04
2026-06-05 06:08:36 transreid.train INFO: Epoch[35] Iter[140/275] Loss: 0.934, Acc: 0.976, Base Lr: 6.44e-04
2026-06-05 06:08:38 transreid.train INFO: Epoch[35] Iter[160/275] Loss: 0.923, Acc: 0.978, Base Lr: 6.44e-04
2026-06-05 06:08:40 transreid.train INFO: Epoch[35] Iter[180/275] Loss: 0.907, Acc: 0.979, Base Lr: 6.44e-04
2026-06-05 06:08:43 transreid.train INFO: Epoch[35] Iter[200/275] Loss: 0.896, Acc: 0.980, Base Lr: 6.44e-04
2026-06-05 06:08:45 transreid.train INFO: Epoch[35] Iter[220/275] Loss: 0.896, Acc: 0.980, Base Lr: 6.44e-04
2026-06-05 06:08:47 transreid.train INFO: Epoch[35] Iter[240/275] Loss: 0.888, Acc: 0.981, Base Lr: 6.44e-04
2026-06-05 06:08:49 transreid.train INFO: Epoch[35] Iter[260/275] Loss: 0.888, Acc: 0.982, Base Lr: 6.44e-04
2026-06-05 06:08:50 transreid.train INFO: Epoch 35 done. Time per epoch: 29.088[s] Speed: 602.9[samples/s]
2026-06-05 06:08:53 transreid.train INFO: Epoch[36] Iter[20/275] Loss: 0.950, Acc: 0.966, Base Lr: 6.35e-04
2026-06-05 06:08:55 transreid.train INFO: Epoch[36] Iter[40/275] Loss: 1.004, Acc: 0.971, Base Lr: 6.35e-04
2026-06-05 06:08:57 transreid.train INFO: Epoch[36] Iter[60/275] Loss: 1.004, Acc: 0.971, Base Lr: 6.35e-04
2026-06-05 06:08:59 transreid.train INFO: Epoch[36] Iter[80/275] Loss: 0.974, Acc: 0.974, Base Lr: 6.35e-04
2026-06-05 06:09:01 transreid.train INFO: Epoch[36] Iter[100/275] Loss: 0.954, Acc: 0.977, Base Lr: 6.35e-04
2026-06-05 06:09:03 transreid.train INFO: Epoch[36] Iter[120/275] Loss: 0.947, Acc: 0.979, Base Lr: 6.35e-04
2026-06-05 06:09:05 transreid.train INFO: Epoch[36] Iter[140/275] Loss: 0.917, Acc: 0.981, Base Lr: 6.35e-04
2026-06-05 06:09:07 transreid.train INFO: Epoch[36] Iter[160/275] Loss: 0.897, Acc: 0.983, Base Lr: 6.35e-04
2026-06-05 06:09:10 transreid.train INFO: Epoch[36] Iter[180/275] Loss: 0.878, Acc: 0.983, Base Lr: 6.35e-04
2026-06-05 06:09:12 transreid.train INFO: Epoch[36] Iter[200/275] Loss: 0.870, Acc: 0.984, Base Lr: 6.35e-04
2026-06-05 06:09:14 transreid.train INFO: Epoch[36] Iter[220/275] Loss: 0.865, Acc: 0.985, Base Lr: 6.35e-04
2026-06-05 06:09:16 transreid.train INFO: Epoch[36] Iter[240/275] Loss: 0.868, Acc: 0.985, Base Lr: 6.35e-04
2026-06-05 06:09:18 transreid.train INFO: Epoch[36] Iter[260/275] Loss: 0.877, Acc: 0.985, Base Lr: 6.35e-04
2026-06-05 06:09:19 transreid.train INFO: Epoch 36 done. Time per epoch: 28.963[s] Speed: 603.2[samples/s]
2026-06-05 06:09:22 transreid.train INFO: Epoch[37] Iter[20/275] Loss: 0.927, Acc: 0.975, Base Lr: 6.27e-04
2026-06-05 06:09:24 transreid.train INFO: Epoch[37] Iter[40/275] Loss: 0.912, Acc: 0.974, Base Lr: 6.27e-04
2026-06-05 06:09:26 transreid.train INFO: Epoch[37] Iter[60/275] Loss: 0.911, Acc: 0.975, Base Lr: 6.27e-04
2026-06-05 06:09:28 transreid.train INFO: Epoch[37] Iter[80/275] Loss: 0.991, Acc: 0.976, Base Lr: 6.27e-04
2026-06-05 06:09:30 transreid.train INFO: Epoch[37] Iter[100/275] Loss: 0.999, Acc: 0.978, Base Lr: 6.27e-04
2026-06-05 06:09:32 transreid.train INFO: Epoch[37] Iter[120/275] Loss: 0.976, Acc: 0.980, Base Lr: 6.27e-04
2026-06-05 06:09:34 transreid.train INFO: Epoch[37] Iter[140/275] Loss: 0.964, Acc: 0.981, Base Lr: 6.27e-04
2026-06-05 06:09:36 transreid.train INFO: Epoch[37] Iter[160/275] Loss: 0.953, Acc: 0.982, Base Lr: 6.27e-04
2026-06-05 06:09:38 transreid.train INFO: Epoch[37] Iter[180/275] Loss: 0.940, Acc: 0.983, Base Lr: 6.27e-04
2026-06-05 06:09:41 transreid.train INFO: Epoch[37] Iter[200/275] Loss: 0.923, Acc: 0.984, Base Lr: 6.27e-04
2026-06-05 06:09:43 transreid.train INFO: Epoch[37] Iter[220/275] Loss: 0.916, Acc: 0.984, Base Lr: 6.27e-04
2026-06-05 06:09:45 transreid.train INFO: Epoch[37] Iter[240/275] Loss: 0.905, Acc: 0.985, Base Lr: 6.27e-04
2026-06-05 06:09:47 transreid.train INFO: Epoch[37] Iter[260/275] Loss: 0.899, Acc: 0.985, Base Lr: 6.27e-04
2026-06-05 06:09:48 transreid.train INFO: Epoch 37 done. Time per epoch: 28.979[s] Speed: 602.9[samples/s]
2026-06-05 06:09:51 transreid.train INFO: Epoch[38] Iter[20/275] Loss: 0.995, Acc: 0.971, Base Lr: 6.18e-04
2026-06-05 06:09:53 transreid.train INFO: Epoch[38] Iter[40/275] Loss: 0.911, Acc: 0.979, Base Lr: 6.18e-04
2026-06-05 06:09:55 transreid.train INFO: Epoch[38] Iter[60/275] Loss: 0.907, Acc: 0.980, Base Lr: 6.18e-04
2026-06-05 06:09:57 transreid.train INFO: Epoch[38] Iter[80/275] Loss: 0.897, Acc: 0.982, Base Lr: 6.18e-04
2026-06-05 06:09:59 transreid.train INFO: Epoch[38] Iter[100/275] Loss: 0.891, Acc: 0.982, Base Lr: 6.18e-04
2026-06-05 06:10:01 transreid.train INFO: Epoch[38] Iter[120/275] Loss: 0.892, Acc: 0.983, Base Lr: 6.18e-04
2026-06-05 06:10:03 transreid.train INFO: Epoch[38] Iter[140/275] Loss: 0.889, Acc: 0.983, Base Lr: 6.18e-04
2026-06-05 06:10:05 transreid.train INFO: Epoch[38] Iter[160/275] Loss: 0.885, Acc: 0.984, Base Lr: 6.18e-04
2026-06-05 06:10:07 transreid.train INFO: Epoch[38] Iter[180/275] Loss: 0.899, Acc: 0.985, Base Lr: 6.18e-04
2026-06-05 06:10:10 transreid.train INFO: Epoch[38] Iter[200/275] Loss: 0.896, Acc: 0.986, Base Lr: 6.18e-04
2026-06-05 06:10:12 transreid.train INFO: Epoch[38] Iter[220/275] Loss: 0.877, Acc: 0.986, Base Lr: 6.18e-04
2026-06-05 06:10:14 transreid.train INFO: Epoch[38] Iter[240/275] Loss: 0.890, Acc: 0.986, Base Lr: 6.18e-04
2026-06-05 06:10:16 transreid.train INFO: Epoch[38] Iter[260/275] Loss: 0.900, Acc: 0.987, Base Lr: 6.18e-04
2026-06-05 06:10:17 transreid.train INFO: Epoch 38 done. Time per epoch: 29.088[s] Speed: 602.9[samples/s]
2026-06-05 06:10:20 transreid.train INFO: Epoch[39] Iter[20/275] Loss: 1.137, Acc: 0.970, Base Lr: 6.09e-04
2026-06-05 06:10:22 transreid.train INFO: Epoch[39] Iter[40/275] Loss: 1.025, Acc: 0.975, Base Lr: 6.09e-04
2026-06-05 06:10:24 transreid.train INFO: Epoch[39] Iter[60/275] Loss: 0.959, Acc: 0.979, Base Lr: 6.09e-04
2026-06-05 06:10:26 transreid.train INFO: Epoch[39] Iter[80/275] Loss: 0.932, Acc: 0.980, Base Lr: 6.09e-04
2026-06-05 06:10:28 transreid.train INFO: Epoch[39] Iter[100/275] Loss: 0.894, Acc: 0.984, Base Lr: 6.09e-04
2026-06-05 06:10:30 transreid.train INFO: Epoch[39] Iter[120/275] Loss: 0.894, Acc: 0.985, Base Lr: 6.09e-04
2026-06-05 06:10:32 transreid.train INFO: Epoch[39] Iter[140/275] Loss: 0.878, Acc: 0.986, Base Lr: 6.09e-04
2026-06-05 06:10:34 transreid.train INFO: Epoch[39] Iter[160/275] Loss: 0.869, Acc: 0.987, Base Lr: 6.09e-04
2026-06-05 06:10:37 transreid.train INFO: Epoch[39] Iter[180/275] Loss: 0.867, Acc: 0.988, Base Lr: 6.09e-04
2026-06-05 06:10:39 transreid.train INFO: Epoch[39] Iter[200/275] Loss: 0.862, Acc: 0.988, Base Lr: 6.09e-04
2026-06-05 06:10:41 transreid.train INFO: Epoch[39] Iter[220/275] Loss: 0.861, Acc: 0.988, Base Lr: 6.09e-04
2026-06-05 06:10:43 transreid.train INFO: Epoch[39] Iter[240/275] Loss: 0.856, Acc: 0.989, Base Lr: 6.09e-04
2026-06-05 06:10:45 transreid.train INFO: Epoch[39] Iter[260/275] Loss: 0.848, Acc: 0.989, Base Lr: 6.09e-04
2026-06-05 06:10:46 transreid.train INFO: Epoch 39 done. Time per epoch: 28.964[s] Speed: 603.2[samples/s]
2026-06-05 06:10:49 transreid.train INFO: Epoch[40] Iter[20/275] Loss: 0.937, Acc: 0.982, Base Lr: 6.00e-04
2026-06-05 06:10:51 transreid.train INFO: Epoch[40] Iter[40/275] Loss: 0.913, Acc: 0.985, Base Lr: 6.00e-04
2026-06-05 06:10:53 transreid.train INFO: Epoch[40] Iter[60/275] Loss: 0.902, Acc: 0.985, Base Lr: 6.00e-04
2026-06-05 06:10:55 transreid.train INFO: Epoch[40] Iter[80/275] Loss: 0.881, Acc: 0.985, Base Lr: 6.00e-04
2026-06-05 06:10:57 transreid.train INFO: Epoch[40] Iter[100/275] Loss: 0.860, Acc: 0.987, Base Lr: 6.00e-04
2026-06-05 06:10:59 transreid.train INFO: Epoch[40] Iter[120/275] Loss: 0.828, Acc: 0.989, Base Lr: 6.00e-04
2026-06-05 06:11:01 transreid.train INFO: Epoch[40] Iter[140/275] Loss: 0.818, Acc: 0.990, Base Lr: 6.00e-04
2026-06-05 06:11:03 transreid.train INFO: Epoch[40] Iter[160/275] Loss: 0.806, Acc: 0.990, Base Lr: 6.00e-04
2026-06-05 06:11:06 transreid.train INFO: Epoch[40] Iter[180/275] Loss: 0.801, Acc: 0.990, Base Lr: 6.00e-04
2026-06-05 06:11:08 transreid.train INFO: Epoch[40] Iter[200/275] Loss: 0.795, Acc: 0.990, Base Lr: 6.00e-04
2026-06-05 06:11:10 transreid.train INFO: Epoch[40] Iter[220/275] Loss: 0.796, Acc: 0.990, Base Lr: 6.00e-04
2026-06-05 06:11:12 transreid.train INFO: Epoch[40] Iter[240/275] Loss: 0.798, Acc: 0.990, Base Lr: 6.00e-04
2026-06-05 06:11:14 transreid.train INFO: Epoch[40] Iter[260/275] Loss: 0.791, Acc: 0.990, Base Lr: 6.00e-04
2026-06-05 06:11:15 transreid.train INFO: Epoch 40 done. Time per epoch: 29.097[s] Speed: 602.7[samples/s]
The test feature is normalized
=> Computing DistMat with euclidean_distance
2026-06-05 06:11:29 transreid.train INFO: Validation Results - Epoch: 40
2026-06-05 06:11:29 transreid.train INFO: mAP: 75.1%
2026-06-05 06:11:29 transreid.train INFO: CMC curve, Rank-1  :84.7%
2026-06-05 06:11:29 transreid.train INFO: CMC curve, Rank-5  :94.2%
2026-06-05 06:11:29 transreid.train INFO: CMC curve, Rank-10 :96.7%
2026-06-05 06:11:32 transreid.train INFO: Epoch[41] Iter[20/275] Loss: 0.842, Acc: 0.984, Base Lr: 5.91e-04
2026-06-05 06:11:34 transreid.train INFO: Epoch[41] Iter[40/275] Loss: 0.862, Acc: 0.987, Base Lr: 5.91e-04
2026-06-05 06:11:36 transreid.train INFO: Epoch[41] Iter[60/275] Loss: 0.821, Acc: 0.990, Base Lr: 5.91e-04
2026-06-05 06:11:38 transreid.train INFO: Epoch[41] Iter[80/275] Loss: 0.807, Acc: 0.991, Base Lr: 5.91e-04
2026-06-05 06:11:40 transreid.train INFO: Epoch[41] Iter[100/275] Loss: 0.836, Acc: 0.992, Base Lr: 5.91e-04
2026-06-05 06:11:42 transreid.train INFO: Epoch[41] Iter[120/275] Loss: 0.826, Acc: 0.991, Base Lr: 5.91e-04
2026-06-05 06:11:44 transreid.train INFO: Epoch[41] Iter[140/275] Loss: 0.817, Acc: 0.991, Base Lr: 5.91e-04
2026-06-05 06:11:47 transreid.train INFO: Epoch[41] Iter[160/275] Loss: 0.800, Acc: 0.992, Base Lr: 5.91e-04
2026-06-05 06:11:49 transreid.train INFO: Epoch[41] Iter[180/275] Loss: 0.795, Acc: 0.992, Base Lr: 5.91e-04
2026-06-05 06:11:51 transreid.train INFO: Epoch[41] Iter[200/275] Loss: 0.784, Acc: 0.991, Base Lr: 5.91e-04
2026-06-05 06:11:53 transreid.train INFO: Epoch[41] Iter[220/275] Loss: 0.784, Acc: 0.991, Base Lr: 5.91e-04
2026-06-05 06:11:55 transreid.train INFO: Epoch[41] Iter[240/275] Loss: 0.793, Acc: 0.991, Base Lr: 5.91e-04
2026-06-05 06:11:57 transreid.train INFO: Epoch[41] Iter[260/275] Loss: 0.793, Acc: 0.991, Base Lr: 5.91e-04
2026-06-05 06:11:58 transreid.train INFO: Epoch 41 done. Time per epoch: 29.013[s] Speed: 602.2[samples/s]
2026-06-05 06:12:01 transreid.train INFO: Epoch[42] Iter[20/275] Loss: 0.790, Acc: 0.988, Base Lr: 5.82e-04
2026-06-05 06:12:03 transreid.train INFO: Epoch[42] Iter[40/275] Loss: 0.750, Acc: 0.991, Base Lr: 5.82e-04
2026-06-05 06:12:05 transreid.train INFO: Epoch[42] Iter[60/275] Loss: 0.734, Acc: 0.991, Base Lr: 5.82e-04
2026-06-05 06:12:07 transreid.train INFO: Epoch[42] Iter[80/275] Loss: 0.737, Acc: 0.991, Base Lr: 5.82e-04
2026-06-05 06:12:09 transreid.train INFO: Epoch[42] Iter[100/275] Loss: 0.725, Acc: 0.991, Base Lr: 5.82e-04
2026-06-05 06:12:11 transreid.train INFO: Epoch[42] Iter[120/275] Loss: 0.722, Acc: 0.991, Base Lr: 5.82e-04
2026-06-05 06:12:14 transreid.train INFO: Epoch[42] Iter[140/275] Loss: 0.713, Acc: 0.992, Base Lr: 5.82e-04
2026-06-05 06:12:16 transreid.train INFO: Epoch[42] Iter[160/275] Loss: 0.718, Acc: 0.992, Base Lr: 5.82e-04
2026-06-05 06:12:18 transreid.train INFO: Epoch[42] Iter[180/275] Loss: 0.722, Acc: 0.993, Base Lr: 5.82e-04
2026-06-05 06:12:20 transreid.train INFO: Epoch[42] Iter[200/275] Loss: 0.715, Acc: 0.992, Base Lr: 5.82e-04
2026-06-05 06:12:22 transreid.train INFO: Epoch[42] Iter[220/275] Loss: 0.715, Acc: 0.992, Base Lr: 5.82e-04
2026-06-05 06:12:24 transreid.train INFO: Epoch[42] Iter[240/275] Loss: 0.714, Acc: 0.992, Base Lr: 5.82e-04
2026-06-05 06:12:26 transreid.train INFO: Epoch[42] Iter[260/275] Loss: 0.712, Acc: 0.992, Base Lr: 5.82e-04
2026-06-05 06:12:28 transreid.train INFO: Epoch 42 done. Time per epoch: 29.055[s] Speed: 601.3[samples/s]
2026-06-05 06:12:30 transreid.train INFO: Epoch[43] Iter[20/275] Loss: 0.775, Acc: 0.996, Base Lr: 5.73e-04
2026-06-05 06:12:32 transreid.train INFO: Epoch[43] Iter[40/275] Loss: 0.753, Acc: 0.991, Base Lr: 5.73e-04
2026-06-05 06:12:34 transreid.train INFO: Epoch[43] Iter[60/275] Loss: 0.773, Acc: 0.992, Base Lr: 5.73e-04
2026-06-05 06:12:36 transreid.train INFO: Epoch[43] Iter[80/275] Loss: 0.756, Acc: 0.993, Base Lr: 5.73e-04
2026-06-05 06:12:38 transreid.train INFO: Epoch[43] Iter[100/275] Loss: 0.755, Acc: 0.993, Base Lr: 5.73e-04
2026-06-05 06:12:40 transreid.train INFO: Epoch[43] Iter[120/275] Loss: 0.781, Acc: 0.993, Base Lr: 5.73e-04
2026-06-05 06:12:43 transreid.train INFO: Epoch[43] Iter[140/275] Loss: 0.780, Acc: 0.992, Base Lr: 5.73e-04
2026-06-05 06:12:45 transreid.train INFO: Epoch[43] Iter[160/275] Loss: 0.780, Acc: 0.992, Base Lr: 5.73e-04
2026-06-05 06:12:47 transreid.train INFO: Epoch[43] Iter[180/275] Loss: 0.771, Acc: 0.993, Base Lr: 5.73e-04
2026-06-05 06:12:49 transreid.train INFO: Epoch[43] Iter[200/275] Loss: 0.770, Acc: 0.992, Base Lr: 5.73e-04
2026-06-05 06:12:51 transreid.train INFO: Epoch[43] Iter[220/275] Loss: 0.768, Acc: 0.993, Base Lr: 5.73e-04
2026-06-05 06:12:53 transreid.train INFO: Epoch[43] Iter[240/275] Loss: 0.759, Acc: 0.993, Base Lr: 5.73e-04
2026-06-05 06:12:55 transreid.train INFO: Epoch[43] Iter[260/275] Loss: 0.762, Acc: 0.992, Base Lr: 5.73e-04
2026-06-05 06:12:57 transreid.train INFO: Epoch 43 done. Time per epoch: 28.985[s] Speed: 602.8[samples/s]
2026-06-05 06:12:59 transreid.train INFO: Epoch[44] Iter[20/275] Loss: 0.911, Acc: 0.987, Base Lr: 5.63e-04
2026-06-05 06:13:01 transreid.train INFO: Epoch[44] Iter[40/275] Loss: 0.833, Acc: 0.989, Base Lr: 5.63e-04
2026-06-05 06:13:03 transreid.train INFO: Epoch[44] Iter[60/275] Loss: 0.832, Acc: 0.991, Base Lr: 5.63e-04
2026-06-05 06:13:05 transreid.train INFO: Epoch[44] Iter[80/275] Loss: 0.813, Acc: 0.993, Base Lr: 5.63e-04
2026-06-05 06:13:07 transreid.train INFO: Epoch[44] Iter[100/275] Loss: 0.809, Acc: 0.993, Base Lr: 5.63e-04
2026-06-05 06:13:09 transreid.train INFO: Epoch[44] Iter[120/275] Loss: 0.821, Acc: 0.992, Base Lr: 5.63e-04
2026-06-05 06:13:12 transreid.train INFO: Epoch[44] Iter[140/275] Loss: 0.832, Acc: 0.991, Base Lr: 5.63e-04
2026-06-05 06:13:14 transreid.train INFO: Epoch[44] Iter[160/275] Loss: 0.821, Acc: 0.991, Base Lr: 5.63e-04
2026-06-05 06:13:16 transreid.train INFO: Epoch[44] Iter[180/275] Loss: 0.818, Acc: 0.992, Base Lr: 5.63e-04
2026-06-05 06:13:18 transreid.train INFO: Epoch[44] Iter[200/275] Loss: 0.812, Acc: 0.991, Base Lr: 5.63e-04
2026-06-05 06:13:20 transreid.train INFO: Epoch[44] Iter[220/275] Loss: 0.804, Acc: 0.991, Base Lr: 5.63e-04
2026-06-05 06:13:22 transreid.train INFO: Epoch[44] Iter[240/275] Loss: 0.804, Acc: 0.991, Base Lr: 5.63e-04
2026-06-05 06:13:24 transreid.train INFO: Epoch[44] Iter[260/275] Loss: 0.798, Acc: 0.991, Base Lr: 5.63e-04
2026-06-05 06:13:26 transreid.train INFO: Epoch 44 done. Time per epoch: 29.127[s] Speed: 602.1[samples/s]
2026-06-05 06:13:28 transreid.train INFO: Epoch[45] Iter[20/275] Loss: 0.801, Acc: 0.993, Base Lr: 5.54e-04
2026-06-05 06:13:30 transreid.train INFO: Epoch[45] Iter[40/275] Loss: 0.805, Acc: 0.991, Base Lr: 5.54e-04
2026-06-05 06:13:32 transreid.train INFO: Epoch[45] Iter[60/275] Loss: 0.798, Acc: 0.992, Base Lr: 5.54e-04
2026-06-05 06:13:34 transreid.train INFO: Epoch[45] Iter[80/275] Loss: 0.760, Acc: 0.991, Base Lr: 5.54e-04
2026-06-05 06:13:36 transreid.train INFO: Epoch[45] Iter[100/275] Loss: 0.750, Acc: 0.992, Base Lr: 5.54e-04
2026-06-05 06:13:39 transreid.train INFO: Epoch[45] Iter[120/275] Loss: 0.731, Acc: 0.992, Base Lr: 5.54e-04
2026-06-05 06:13:41 transreid.train INFO: Epoch[45] Iter[140/275] Loss: 0.729, Acc: 0.993, Base Lr: 5.54e-04
2026-06-05 06:13:43 transreid.train INFO: Epoch[45] Iter[160/275] Loss: 0.718, Acc: 0.993, Base Lr: 5.54e-04
2026-06-05 06:13:45 transreid.train INFO: Epoch[45] Iter[180/275] Loss: 0.723, Acc: 0.993, Base Lr: 5.54e-04
2026-06-05 06:13:47 transreid.train INFO: Epoch[45] Iter[200/275] Loss: 0.726, Acc: 0.993, Base Lr: 5.54e-04
2026-06-05 06:13:49 transreid.train INFO: Epoch[45] Iter[220/275] Loss: 0.713, Acc: 0.993, Base Lr: 5.54e-04
2026-06-05 06:13:51 transreid.train INFO: Epoch[45] Iter[240/275] Loss: 0.711, Acc: 0.993, Base Lr: 5.54e-04
2026-06-05 06:13:53 transreid.train INFO: Epoch[45] Iter[260/275] Loss: 0.713, Acc: 0.993, Base Lr: 5.54e-04
2026-06-05 06:13:55 transreid.train INFO: Epoch 45 done. Time per epoch: 28.978[s] Speed: 602.9[samples/s]
2026-06-05 06:13:57 transreid.train INFO: Epoch[46] Iter[20/275] Loss: 0.767, Acc: 0.995, Base Lr: 5.44e-04
2026-06-05 06:13:59 transreid.train INFO: Epoch[46] Iter[40/275] Loss: 0.750, Acc: 0.993, Base Lr: 5.44e-04
2026-06-05 06:14:01 transreid.train INFO: Epoch[46] Iter[60/275] Loss: 0.742, Acc: 0.993, Base Lr: 5.44e-04
2026-06-05 06:14:03 transreid.train INFO: Epoch[46] Iter[80/275] Loss: 0.757, Acc: 0.993, Base Lr: 5.44e-04
2026-06-05 06:14:05 transreid.train INFO: Epoch[46] Iter[100/275] Loss: 0.756, Acc: 0.993, Base Lr: 5.44e-04
2026-06-05 06:14:08 transreid.train INFO: Epoch[46] Iter[120/275] Loss: 0.744, Acc: 0.993, Base Lr: 5.44e-04
2026-06-05 06:14:10 transreid.train INFO: Epoch[46] Iter[140/275] Loss: 0.731, Acc: 0.993, Base Lr: 5.44e-04
2026-06-05 06:14:12 transreid.train INFO: Epoch[46] Iter[160/275] Loss: 0.731, Acc: 0.993, Base Lr: 5.44e-04
2026-06-05 06:14:14 transreid.train INFO: Epoch[46] Iter[180/275] Loss: 0.724, Acc: 0.993, Base Lr: 5.44e-04
2026-06-05 06:14:16 transreid.train INFO: Epoch[46] Iter[200/275] Loss: 0.726, Acc: 0.993, Base Lr: 5.44e-04
2026-06-05 06:14:18 transreid.train INFO: Epoch[46] Iter[220/275] Loss: 0.725, Acc: 0.994, Base Lr: 5.44e-04
2026-06-05 06:14:20 transreid.train INFO: Epoch[46] Iter[240/275] Loss: 0.725, Acc: 0.994, Base Lr: 5.44e-04
2026-06-05 06:14:22 transreid.train INFO: Epoch[46] Iter[260/275] Loss: 0.722, Acc: 0.994, Base Lr: 5.44e-04
2026-06-05 06:14:24 transreid.train INFO: Epoch 46 done. Time per epoch: 29.000[s] Speed: 602.5[samples/s]
2026-06-05 06:14:26 transreid.train INFO: Epoch[47] Iter[20/275] Loss: 0.674, Acc: 0.994, Base Lr: 5.34e-04
2026-06-05 06:14:28 transreid.train INFO: Epoch[47] Iter[40/275] Loss: 0.678, Acc: 0.995, Base Lr: 5.34e-04
2026-06-05 06:14:30 transreid.train INFO: Epoch[47] Iter[60/275] Loss: 0.706, Acc: 0.992, Base Lr: 5.34e-04
2026-06-05 06:14:32 transreid.train INFO: Epoch[47] Iter[80/275] Loss: 0.687, Acc: 0.993, Base Lr: 5.34e-04
2026-06-05 06:14:34 transreid.train INFO: Epoch[47] Iter[100/275] Loss: 0.684, Acc: 0.993, Base Lr: 5.34e-04
2026-06-05 06:14:37 transreid.train INFO: Epoch[47] Iter[120/275] Loss: 0.679, Acc: 0.993, Base Lr: 5.34e-04
2026-06-05 06:14:39 transreid.train INFO: Epoch[47] Iter[140/275] Loss: 0.681, Acc: 0.994, Base Lr: 5.34e-04
2026-06-05 06:14:41 transreid.train INFO: Epoch[47] Iter[160/275] Loss: 0.683, Acc: 0.994, Base Lr: 5.34e-04
2026-06-05 06:14:43 transreid.train INFO: Epoch[47] Iter[180/275] Loss: 0.688, Acc: 0.993, Base Lr: 5.34e-04
2026-06-05 06:14:45 transreid.train INFO: Epoch[47] Iter[200/275] Loss: 0.699, Acc: 0.994, Base Lr: 5.34e-04
2026-06-05 06:14:47 transreid.train INFO: Epoch[47] Iter[220/275] Loss: 0.693, Acc: 0.994, Base Lr: 5.34e-04
2026-06-05 06:14:49 transreid.train INFO: Epoch[47] Iter[240/275] Loss: 0.692, Acc: 0.994, Base Lr: 5.34e-04
2026-06-05 06:14:51 transreid.train INFO: Epoch[47] Iter[260/275] Loss: 0.696, Acc: 0.994, Base Lr: 5.34e-04
2026-06-05 06:14:53 transreid.train INFO: Epoch 47 done. Time per epoch: 28.966[s] Speed: 603.2[samples/s]
2026-06-05 06:14:55 transreid.train INFO: Epoch[48] Iter[20/275] Loss: 0.794, Acc: 0.991, Base Lr: 5.24e-04
2026-06-05 06:14:57 transreid.train INFO: Epoch[48] Iter[40/275] Loss: 0.755, Acc: 0.992, Base Lr: 5.24e-04
2026-06-05 06:14:59 transreid.train INFO: Epoch[48] Iter[60/275] Loss: 0.745, Acc: 0.993, Base Lr: 5.24e-04
2026-06-05 06:15:01 transreid.train INFO: Epoch[48] Iter[80/275] Loss: 0.718, Acc: 0.993, Base Lr: 5.24e-04
2026-06-05 06:15:03 transreid.train INFO: Epoch[48] Iter[100/275] Loss: 0.708, Acc: 0.993, Base Lr: 5.24e-04
2026-06-05 06:15:05 transreid.train INFO: Epoch[48] Iter[120/275] Loss: 0.704, Acc: 0.994, Base Lr: 5.24e-04
2026-06-05 06:15:08 transreid.train INFO: Epoch[48] Iter[140/275] Loss: 0.711, Acc: 0.994, Base Lr: 5.24e-04
2026-06-05 06:15:10 transreid.train INFO: Epoch[48] Iter[160/275] Loss: 0.710, Acc: 0.995, Base Lr: 5.24e-04
2026-06-05 06:15:12 transreid.train INFO: Epoch[48] Iter[180/275] Loss: 0.713, Acc: 0.995, Base Lr: 5.24e-04
2026-06-05 06:15:14 transreid.train INFO: Epoch[48] Iter[200/275] Loss: 0.706, Acc: 0.995, Base Lr: 5.24e-04
2026-06-05 06:15:16 transreid.train INFO: Epoch[48] Iter[220/275] Loss: 0.699, Acc: 0.995, Base Lr: 5.24e-04
2026-06-05 06:15:18 transreid.train INFO: Epoch[48] Iter[240/275] Loss: 0.704, Acc: 0.995, Base Lr: 5.24e-04
2026-06-05 06:15:20 transreid.train INFO: Epoch[48] Iter[260/275] Loss: 0.707, Acc: 0.995, Base Lr: 5.24e-04
2026-06-05 06:15:22 transreid.train INFO: Epoch 48 done. Time per epoch: 28.987[s] Speed: 602.8[samples/s]
2026-06-05 06:15:24 transreid.train INFO: Epoch[49] Iter[20/275] Loss: 0.703, Acc: 0.994, Base Lr: 5.14e-04
2026-06-05 06:15:26 transreid.train INFO: Epoch[49] Iter[40/275] Loss: 0.684, Acc: 0.995, Base Lr: 5.14e-04
2026-06-05 06:15:28 transreid.train INFO: Epoch[49] Iter[60/275] Loss: 0.667, Acc: 0.994, Base Lr: 5.14e-04
2026-06-05 06:15:30 transreid.train INFO: Epoch[49] Iter[80/275] Loss: 0.671, Acc: 0.995, Base Lr: 5.14e-04
2026-06-05 06:15:32 transreid.train INFO: Epoch[49] Iter[100/275] Loss: 0.683, Acc: 0.996, Base Lr: 5.14e-04
2026-06-05 06:15:34 transreid.train INFO: Epoch[49] Iter[120/275] Loss: 0.680, Acc: 0.996, Base Lr: 5.14e-04
2026-06-05 06:15:37 transreid.train INFO: Epoch[49] Iter[140/275] Loss: 0.671, Acc: 0.995, Base Lr: 5.14e-04
2026-06-05 06:15:39 transreid.train INFO: Epoch[49] Iter[160/275] Loss: 0.679, Acc: 0.996, Base Lr: 5.14e-04
2026-06-05 06:15:41 transreid.train INFO: Epoch[49] Iter[180/275] Loss: 0.675, Acc: 0.995, Base Lr: 5.14e-04
2026-06-05 06:15:43 transreid.train INFO: Epoch[49] Iter[200/275] Loss: 0.670, Acc: 0.996, Base Lr: 5.14e-04
2026-06-05 06:15:45 transreid.train INFO: Epoch[49] Iter[220/275] Loss: 0.668, Acc: 0.996, Base Lr: 5.14e-04
2026-06-05 06:15:47 transreid.train INFO: Epoch[49] Iter[240/275] Loss: 0.660, Acc: 0.996, Base Lr: 5.14e-04
2026-06-05 06:15:49 transreid.train INFO: Epoch[49] Iter[260/275] Loss: 0.660, Acc: 0.996, Base Lr: 5.14e-04
2026-06-05 06:15:51 transreid.train INFO: Epoch 49 done. Time per epoch: 28.976[s] Speed: 603.0[samples/s]
2026-06-05 06:15:53 transreid.train INFO: Epoch[50] Iter[20/275] Loss: 0.741, Acc: 0.995, Base Lr: 5.04e-04
2026-06-05 06:15:55 transreid.train INFO: Epoch[50] Iter[40/275] Loss: 0.720, Acc: 0.995, Base Lr: 5.04e-04
2026-06-05 06:15:57 transreid.train INFO: Epoch[50] Iter[60/275] Loss: 0.691, Acc: 0.995, Base Lr: 5.04e-04
2026-06-05 06:15:59 transreid.train INFO: Epoch[50] Iter[80/275] Loss: 0.679, Acc: 0.995, Base Lr: 5.04e-04
2026-06-05 06:16:01 transreid.train INFO: Epoch[50] Iter[100/275] Loss: 0.676, Acc: 0.996, Base Lr: 5.04e-04
2026-06-05 06:16:03 transreid.train INFO: Epoch[50] Iter[120/275] Loss: 0.680, Acc: 0.996, Base Lr: 5.04e-04
2026-06-05 06:16:06 transreid.train INFO: Epoch[50] Iter[140/275] Loss: 0.729, Acc: 0.993, Base Lr: 5.04e-04
2026-06-05 06:16:08 transreid.train INFO: Epoch[50] Iter[160/275] Loss: 0.736, Acc: 0.994, Base Lr: 5.04e-04
2026-06-05 06:16:10 transreid.train INFO: Epoch[50] Iter[180/275] Loss: 0.760, Acc: 0.994, Base Lr: 5.04e-04
2026-06-05 06:16:12 transreid.train INFO: Epoch[50] Iter[200/275] Loss: 0.784, Acc: 0.993, Base Lr: 5.04e-04
2026-06-05 06:16:14 transreid.train INFO: Epoch[50] Iter[220/275] Loss: 0.784, Acc: 0.993, Base Lr: 5.04e-04
2026-06-05 06:16:16 transreid.train INFO: Epoch[50] Iter[240/275] Loss: 0.775, Acc: 0.993, Base Lr: 5.04e-04
2026-06-05 06:16:18 transreid.train INFO: Epoch[50] Iter[260/275] Loss: 0.766, Acc: 0.993, Base Lr: 5.04e-04
2026-06-05 06:16:20 transreid.train INFO: Epoch 50 done. Time per epoch: 29.091[s] Speed: 602.8[samples/s]
2026-06-05 06:16:22 transreid.train INFO: Epoch[51] Iter[20/275] Loss: 0.689, Acc: 0.993, Base Lr: 4.94e-04
2026-06-05 06:16:24 transreid.train INFO: Epoch[51] Iter[40/275] Loss: 0.690, Acc: 0.995, Base Lr: 4.94e-04
2026-06-05 06:16:26 transreid.train INFO: Epoch[51] Iter[60/275] Loss: 0.666, Acc: 0.996, Base Lr: 4.94e-04
2026-06-05 06:16:28 transreid.train INFO: Epoch[51] Iter[80/275] Loss: 0.669, Acc: 0.996, Base Lr: 4.94e-04
2026-06-05 06:16:30 transreid.train INFO: Epoch[51] Iter[100/275] Loss: 0.670, Acc: 0.996, Base Lr: 4.94e-04
2026-06-05 06:16:33 transreid.train INFO: Epoch[51] Iter[120/275] Loss: 0.675, Acc: 0.995, Base Lr: 4.94e-04
2026-06-05 06:16:35 transreid.train INFO: Epoch[51] Iter[140/275] Loss: 0.686, Acc: 0.996, Base Lr: 4.94e-04
2026-06-05 06:16:37 transreid.train INFO: Epoch[51] Iter[160/275] Loss: 0.687, Acc: 0.995, Base Lr: 4.94e-04
2026-06-05 06:16:39 transreid.train INFO: Epoch[51] Iter[180/275] Loss: 0.692, Acc: 0.995, Base Lr: 4.94e-04
2026-06-05 06:16:41 transreid.train INFO: Epoch[51] Iter[200/275] Loss: 0.684, Acc: 0.995, Base Lr: 4.94e-04
2026-06-05 06:16:43 transreid.train INFO: Epoch[51] Iter[220/275] Loss: 0.677, Acc: 0.995, Base Lr: 4.94e-04
2026-06-05 06:16:45 transreid.train INFO: Epoch[51] Iter[240/275] Loss: 0.673, Acc: 0.996, Base Lr: 4.94e-04
2026-06-05 06:16:47 transreid.train INFO: Epoch[51] Iter[260/275] Loss: 0.677, Acc: 0.995, Base Lr: 4.94e-04
2026-06-05 06:16:49 transreid.train INFO: Epoch 51 done. Time per epoch: 28.981[s] Speed: 602.9[samples/s]
2026-06-05 06:16:51 transreid.train INFO: Epoch[52] Iter[20/275] Loss: 0.627, Acc: 0.998, Base Lr: 4.84e-04
2026-06-05 06:16:53 transreid.train INFO: Epoch[52] Iter[40/275] Loss: 0.685, Acc: 0.997, Base Lr: 4.84e-04
2026-06-05 06:16:55 transreid.train INFO: Epoch[52] Iter[60/275] Loss: 0.688, Acc: 0.996, Base Lr: 4.84e-04
2026-06-05 06:16:57 transreid.train INFO: Epoch[52] Iter[80/275] Loss: 0.674, Acc: 0.996, Base Lr: 4.84e-04
2026-06-05 06:16:59 transreid.train INFO: Epoch[52] Iter[100/275] Loss: 0.670, Acc: 0.996, Base Lr: 4.84e-04
2026-06-05 06:17:02 transreid.train INFO: Epoch[52] Iter[120/275] Loss: 0.666, Acc: 0.995, Base Lr: 4.84e-04
2026-06-05 06:17:04 transreid.train INFO: Epoch[52] Iter[140/275] Loss: 0.667, Acc: 0.996, Base Lr: 4.84e-04
2026-06-05 06:17:06 transreid.train INFO: Epoch[52] Iter[160/275] Loss: 0.667, Acc: 0.996, Base Lr: 4.84e-04
2026-06-05 06:17:08 transreid.train INFO: Epoch[52] Iter[180/275] Loss: 0.671, Acc: 0.995, Base Lr: 4.84e-04
2026-06-05 06:17:10 transreid.train INFO: Epoch[52] Iter[200/275] Loss: 0.682, Acc: 0.995, Base Lr: 4.84e-04
2026-06-05 06:17:12 transreid.train INFO: Epoch[52] Iter[220/275] Loss: 0.690, Acc: 0.995, Base Lr: 4.84e-04
2026-06-05 06:17:14 transreid.train INFO: Epoch[52] Iter[240/275] Loss: 0.688, Acc: 0.995, Base Lr: 4.84e-04
2026-06-05 06:17:16 transreid.train INFO: Epoch[52] Iter[260/275] Loss: 0.684, Acc: 0.995, Base Lr: 4.84e-04
2026-06-05 06:17:18 transreid.train INFO: Epoch 52 done. Time per epoch: 29.117[s] Speed: 602.3[samples/s]
2026-06-05 06:17:20 transreid.train INFO: Epoch[53] Iter[20/275] Loss: 0.697, Acc: 0.995, Base Lr: 4.74e-04
2026-06-05 06:17:22 transreid.train INFO: Epoch[53] Iter[40/275] Loss: 0.715, Acc: 0.993, Base Lr: 4.74e-04
2026-06-05 06:17:24 transreid.train INFO: Epoch[53] Iter[60/275] Loss: 0.707, Acc: 0.995, Base Lr: 4.74e-04
2026-06-05 06:17:26 transreid.train INFO: Epoch[53] Iter[80/275] Loss: 0.699, Acc: 0.996, Base Lr: 4.74e-04
2026-06-05 06:17:29 transreid.train INFO: Epoch[53] Iter[100/275] Loss: 0.697, Acc: 0.996, Base Lr: 4.74e-04
2026-06-05 06:17:31 transreid.train INFO: Epoch[53] Iter[120/275] Loss: 0.695, Acc: 0.996, Base Lr: 4.74e-04
2026-06-05 06:17:33 transreid.train INFO: Epoch[53] Iter[140/275] Loss: 0.696, Acc: 0.996, Base Lr: 4.74e-04
2026-06-05 06:17:35 transreid.train INFO: Epoch[53] Iter[160/275] Loss: 0.698, Acc: 0.996, Base Lr: 4.74e-04
2026-06-05 06:17:37 transreid.train INFO: Epoch[53] Iter[180/275] Loss: 0.694, Acc: 0.996, Base Lr: 4.74e-04
2026-06-05 06:17:39 transreid.train INFO: Epoch[53] Iter[200/275] Loss: 0.694, Acc: 0.996, Base Lr: 4.74e-04
2026-06-05 06:17:41 transreid.train INFO: Epoch[53] Iter[220/275] Loss: 0.688, Acc: 0.996, Base Lr: 4.74e-04
2026-06-05 06:17:43 transreid.train INFO: Epoch[53] Iter[240/275] Loss: 0.683, Acc: 0.996, Base Lr: 4.74e-04
2026-06-05 06:17:45 transreid.train INFO: Epoch[53] Iter[260/275] Loss: 0.685, Acc: 0.996, Base Lr: 4.74e-04
2026-06-05 06:17:47 transreid.train INFO: Epoch 53 done. Time per epoch: 29.008[s] Speed: 602.3[samples/s]
2026-06-05 06:17:49 transreid.train INFO: Epoch[54] Iter[20/275] Loss: 0.688, Acc: 0.995, Base Lr: 4.63e-04
2026-06-05 06:17:51 transreid.train INFO: Epoch[54] Iter[40/275] Loss: 0.645, Acc: 0.996, Base Lr: 4.63e-04
2026-06-05 06:17:53 transreid.train INFO: Epoch[54] Iter[60/275] Loss: 0.638, Acc: 0.994, Base Lr: 4.63e-04
2026-06-05 06:17:55 transreid.train INFO: Epoch[54] Iter[80/275] Loss: 0.650, Acc: 0.994, Base Lr: 4.63e-04
2026-06-05 06:17:58 transreid.train INFO: Epoch[54] Iter[100/275] Loss: 0.633, Acc: 0.995, Base Lr: 4.63e-04
2026-06-05 06:18:00 transreid.train INFO: Epoch[54] Iter[120/275] Loss: 0.636, Acc: 0.995, Base Lr: 4.63e-04
2026-06-05 06:18:02 transreid.train INFO: Epoch[54] Iter[140/275] Loss: 0.637, Acc: 0.996, Base Lr: 4.63e-04
2026-06-05 06:18:04 transreid.train INFO: Epoch[54] Iter[160/275] Loss: 0.638, Acc: 0.996, Base Lr: 4.63e-04
2026-06-05 06:18:06 transreid.train INFO: Epoch[54] Iter[180/275] Loss: 0.638, Acc: 0.996, Base Lr: 4.63e-04
2026-06-05 06:18:08 transreid.train INFO: Epoch[54] Iter[200/275] Loss: 0.639, Acc: 0.996, Base Lr: 4.63e-04
2026-06-05 06:18:10 transreid.train INFO: Epoch[54] Iter[220/275] Loss: 0.636, Acc: 0.996, Base Lr: 4.63e-04
2026-06-05 06:18:12 transreid.train INFO: Epoch[54] Iter[240/275] Loss: 0.635, Acc: 0.996, Base Lr: 4.63e-04
2026-06-05 06:18:14 transreid.train INFO: Epoch[54] Iter[260/275] Loss: 0.635, Acc: 0.996, Base Lr: 4.63e-04
2026-06-05 06:18:16 transreid.train INFO: Epoch 54 done. Time per epoch: 29.118[s] Speed: 602.2[samples/s]
2026-06-05 06:18:18 transreid.train INFO: Epoch[55] Iter[20/275] Loss: 0.605, Acc: 0.994, Base Lr: 4.53e-04
2026-06-05 06:18:20 transreid.train INFO: Epoch[55] Iter[40/275] Loss: 0.573, Acc: 0.996, Base Lr: 4.53e-04
2026-06-05 06:18:22 transreid.train INFO: Epoch[55] Iter[60/275] Loss: 0.592, Acc: 0.996, Base Lr: 4.53e-04
2026-06-05 06:18:25 transreid.train INFO: Epoch[55] Iter[80/275] Loss: 0.610, Acc: 0.996, Base Lr: 4.53e-04
2026-06-05 06:18:27 transreid.train INFO: Epoch[55] Iter[100/275] Loss: 0.630, Acc: 0.997, Base Lr: 4.53e-04
2026-06-05 06:18:29 transreid.train INFO: Epoch[55] Iter[120/275] Loss: 0.638, Acc: 0.996, Base Lr: 4.53e-04
2026-06-05 06:18:31 transreid.train INFO: Epoch[55] Iter[140/275] Loss: 0.632, Acc: 0.996, Base Lr: 4.53e-04
2026-06-05 06:18:33 transreid.train INFO: Epoch[55] Iter[160/275] Loss: 0.627, Acc: 0.997, Base Lr: 4.53e-04
2026-06-05 06:18:35 transreid.train INFO: Epoch[55] Iter[180/275] Loss: 0.630, Acc: 0.997, Base Lr: 4.53e-04
2026-06-05 06:18:37 transreid.train INFO: Epoch[55] Iter[200/275] Loss: 0.627, Acc: 0.996, Base Lr: 4.53e-04
2026-06-05 06:18:39 transreid.train INFO: Epoch[55] Iter[220/275] Loss: 0.630, Acc: 0.996, Base Lr: 4.53e-04
2026-06-05 06:18:41 transreid.train INFO: Epoch[55] Iter[240/275] Loss: 0.632, Acc: 0.996, Base Lr: 4.53e-04
2026-06-05 06:18:43 transreid.train INFO: Epoch[55] Iter[260/275] Loss: 0.623, Acc: 0.996, Base Lr: 4.53e-04
2026-06-05 06:18:45 transreid.train INFO: Epoch 55 done. Time per epoch: 29.099[s] Speed: 602.6[samples/s]
2026-06-05 06:18:47 transreid.train INFO: Epoch[56] Iter[20/275] Loss: 0.608, Acc: 0.996, Base Lr: 4.43e-04
2026-06-05 06:18:49 transreid.train INFO: Epoch[56] Iter[40/275] Loss: 0.648, Acc: 0.995, Base Lr: 4.43e-04
2026-06-05 06:18:52 transreid.train INFO: Epoch[56] Iter[60/275] Loss: 0.641, Acc: 0.996, Base Lr: 4.43e-04
2026-06-05 06:18:54 transreid.train INFO: Epoch[56] Iter[80/275] Loss: 0.636, Acc: 0.996, Base Lr: 4.43e-04
2026-06-05 06:18:56 transreid.train INFO: Epoch[56] Iter[100/275] Loss: 0.625, Acc: 0.996, Base Lr: 4.43e-04
2026-06-05 06:18:58 transreid.train INFO: Epoch[56] Iter[120/275] Loss: 0.628, Acc: 0.996, Base Lr: 4.43e-04
2026-06-05 06:19:00 transreid.train INFO: Epoch[56] Iter[140/275] Loss: 0.635, Acc: 0.996, Base Lr: 4.43e-04
2026-06-05 06:19:02 transreid.train INFO: Epoch[56] Iter[160/275] Loss: 0.633, Acc: 0.995, Base Lr: 4.43e-04
2026-06-05 06:19:04 transreid.train INFO: Epoch[56] Iter[180/275] Loss: 0.645, Acc: 0.995, Base Lr: 4.43e-04
2026-06-05 06:19:06 transreid.train INFO: Epoch[56] Iter[200/275] Loss: 0.647, Acc: 0.995, Base Lr: 4.43e-04
2026-06-05 06:19:08 transreid.train INFO: Epoch[56] Iter[220/275] Loss: 0.649, Acc: 0.995, Base Lr: 4.43e-04
2026-06-05 06:19:10 transreid.train INFO: Epoch[56] Iter[240/275] Loss: 0.642, Acc: 0.995, Base Lr: 4.43e-04
2026-06-05 06:19:13 transreid.train INFO: Epoch[56] Iter[260/275] Loss: 0.651, Acc: 0.995, Base Lr: 4.43e-04
2026-06-05 06:19:14 transreid.train INFO: Epoch 56 done. Time per epoch: 29.005[s] Speed: 602.4[samples/s]
2026-06-05 06:19:16 transreid.train INFO: Epoch[57] Iter[20/275] Loss: 0.656, Acc: 0.994, Base Lr: 4.32e-04
2026-06-05 06:19:18 transreid.train INFO: Epoch[57] Iter[40/275] Loss: 0.680, Acc: 0.993, Base Lr: 4.32e-04
2026-06-05 06:19:21 transreid.train INFO: Epoch[57] Iter[60/275] Loss: 0.663, Acc: 0.994, Base Lr: 4.32e-04
2026-06-05 06:19:23 transreid.train INFO: Epoch[57] Iter[80/275] Loss: 0.633, Acc: 0.993, Base Lr: 4.32e-04
2026-06-05 06:19:25 transreid.train INFO: Epoch[57] Iter[100/275] Loss: 0.642, Acc: 0.993, Base Lr: 4.32e-04
2026-06-05 06:19:27 transreid.train INFO: Epoch[57] Iter[120/275] Loss: 0.647, Acc: 0.994, Base Lr: 4.32e-04
2026-06-05 06:19:29 transreid.train INFO: Epoch[57] Iter[140/275] Loss: 0.643, Acc: 0.994, Base Lr: 4.32e-04
2026-06-05 06:19:31 transreid.train INFO: Epoch[57] Iter[160/275] Loss: 0.649, Acc: 0.995, Base Lr: 4.32e-04
2026-06-05 06:19:33 transreid.train INFO: Epoch[57] Iter[180/275] Loss: 0.638, Acc: 0.995, Base Lr: 4.32e-04
2026-06-05 06:19:35 transreid.train INFO: Epoch[57] Iter[200/275] Loss: 0.637, Acc: 0.995, Base Lr: 4.32e-04
2026-06-05 06:19:37 transreid.train INFO: Epoch[57] Iter[220/275] Loss: 0.637, Acc: 0.996, Base Lr: 4.32e-04
2026-06-05 06:19:39 transreid.train INFO: Epoch[57] Iter[240/275] Loss: 0.636, Acc: 0.996, Base Lr: 4.32e-04
2026-06-05 06:19:42 transreid.train INFO: Epoch[57] Iter[260/275] Loss: 0.631, Acc: 0.996, Base Lr: 4.32e-04
2026-06-05 06:19:43 transreid.train INFO: Epoch 57 done. Time per epoch: 28.990[s] Speed: 602.7[samples/s]
2026-06-05 06:19:45 transreid.train INFO: Epoch[58] Iter[20/275] Loss: 0.691, Acc: 0.993, Base Lr: 4.22e-04
2026-06-05 06:19:47 transreid.train INFO: Epoch[58] Iter[40/275] Loss: 0.712, Acc: 0.995, Base Lr: 4.22e-04
2026-06-05 06:19:50 transreid.train INFO: Epoch[58] Iter[60/275] Loss: 0.700, Acc: 0.995, Base Lr: 4.22e-04
2026-06-05 06:19:52 transreid.train INFO: Epoch[58] Iter[80/275] Loss: 0.710, Acc: 0.995, Base Lr: 4.22e-04
2026-06-05 06:19:54 transreid.train INFO: Epoch[58] Iter[100/275] Loss: 0.696, Acc: 0.996, Base Lr: 4.22e-04
2026-06-05 06:19:56 transreid.train INFO: Epoch[58] Iter[120/275] Loss: 0.698, Acc: 0.996, Base Lr: 4.22e-04
2026-06-05 06:19:58 transreid.train INFO: Epoch[58] Iter[140/275] Loss: 0.697, Acc: 0.996, Base Lr: 4.22e-04
2026-06-05 06:20:00 transreid.train INFO: Epoch[58] Iter[160/275] Loss: 0.693, Acc: 0.996, Base Lr: 4.22e-04
2026-06-05 06:20:02 transreid.train INFO: Epoch[58] Iter[180/275] Loss: 0.690, Acc: 0.996, Base Lr: 4.22e-04
2026-06-05 06:20:04 transreid.train INFO: Epoch[58] Iter[200/275] Loss: 0.686, Acc: 0.995, Base Lr: 4.22e-04
2026-06-05 06:20:06 transreid.train INFO: Epoch[58] Iter[220/275] Loss: 0.678, Acc: 0.995, Base Lr: 4.22e-04
2026-06-05 06:20:08 transreid.train INFO: Epoch[58] Iter[240/275] Loss: 0.676, Acc: 0.995, Base Lr: 4.22e-04
2026-06-05 06:20:11 transreid.train INFO: Epoch[58] Iter[260/275] Loss: 0.696, Acc: 0.994, Base Lr: 4.22e-04
2026-06-05 06:20:12 transreid.train INFO: Epoch 58 done. Time per epoch: 29.004[s] Speed: 602.4[samples/s]
2026-06-05 06:20:14 transreid.train INFO: Epoch[59] Iter[20/275] Loss: 0.693, Acc: 0.998, Base Lr: 4.11e-04
2026-06-05 06:20:16 transreid.train INFO: Epoch[59] Iter[40/275] Loss: 0.668, Acc: 0.998, Base Lr: 4.11e-04
2026-06-05 06:20:19 transreid.train INFO: Epoch[59] Iter[60/275] Loss: 0.694, Acc: 0.997, Base Lr: 4.11e-04
2026-06-05 06:20:21 transreid.train INFO: Epoch[59] Iter[80/275] Loss: 0.676, Acc: 0.996, Base Lr: 4.11e-04
2026-06-05 06:20:23 transreid.train INFO: Epoch[59] Iter[100/275] Loss: 0.676, Acc: 0.997, Base Lr: 4.11e-04
2026-06-05 06:20:25 transreid.train INFO: Epoch[59] Iter[120/275] Loss: 0.682, Acc: 0.997, Base Lr: 4.11e-04
2026-06-05 06:20:27 transreid.train INFO: Epoch[59] Iter[140/275] Loss: 0.684, Acc: 0.997, Base Lr: 4.11e-04
2026-06-05 06:20:29 transreid.train INFO: Epoch[59] Iter[160/275] Loss: 0.684, Acc: 0.997, Base Lr: 4.11e-04
2026-06-05 06:20:31 transreid.train INFO: Epoch[59] Iter[180/275] Loss: 0.682, Acc: 0.997, Base Lr: 4.11e-04
2026-06-05 06:20:33 transreid.train INFO: Epoch[59] Iter[200/275] Loss: 0.676, Acc: 0.997, Base Lr: 4.11e-04
2026-06-05 06:20:35 transreid.train INFO: Epoch[59] Iter[220/275] Loss: 0.683, Acc: 0.997, Base Lr: 4.11e-04
2026-06-05 06:20:37 transreid.train INFO: Epoch[59] Iter[240/275] Loss: 0.684, Acc: 0.997, Base Lr: 4.11e-04
2026-06-05 06:20:40 transreid.train INFO: Epoch[59] Iter[260/275] Loss: 0.683, Acc: 0.996, Base Lr: 4.11e-04
2026-06-05 06:20:41 transreid.train INFO: Epoch 59 done. Time per epoch: 28.995[s] Speed: 602.6[samples/s]
2026-06-05 06:20:43 transreid.train INFO: Epoch[60] Iter[20/275] Loss: 0.731, Acc: 0.996, Base Lr: 4.01e-04
2026-06-05 06:20:45 transreid.train INFO: Epoch[60] Iter[40/275] Loss: 0.706, Acc: 0.995, Base Lr: 4.01e-04
2026-06-05 06:20:48 transreid.train INFO: Epoch[60] Iter[60/275] Loss: 0.674, Acc: 0.996, Base Lr: 4.01e-04
2026-06-05 06:20:50 transreid.train INFO: Epoch[60] Iter[80/275] Loss: 0.657, Acc: 0.996, Base Lr: 4.01e-04
2026-06-05 06:20:52 transreid.train INFO: Epoch[60] Iter[100/275] Loss: 0.652, Acc: 0.997, Base Lr: 4.01e-04
2026-06-05 06:20:54 transreid.train INFO: Epoch[60] Iter[120/275] Loss: 0.648, Acc: 0.997, Base Lr: 4.01e-04
2026-06-05 06:20:56 transreid.train INFO: Epoch[60] Iter[140/275] Loss: 0.640, Acc: 0.997, Base Lr: 4.01e-04
2026-06-05 06:20:58 transreid.train INFO: Epoch[60] Iter[160/275] Loss: 0.638, Acc: 0.996, Base Lr: 4.01e-04
2026-06-05 06:21:00 transreid.train INFO: Epoch[60] Iter[180/275] Loss: 0.633, Acc: 0.996, Base Lr: 4.01e-04
2026-06-05 06:21:02 transreid.train INFO: Epoch[60] Iter[200/275] Loss: 0.632, Acc: 0.996, Base Lr: 4.01e-04
2026-06-05 06:21:04 transreid.train INFO: Epoch[60] Iter[220/275] Loss: 0.635, Acc: 0.997, Base Lr: 4.01e-04
2026-06-05 06:21:06 transreid.train INFO: Epoch[60] Iter[240/275] Loss: 0.641, Acc: 0.996, Base Lr: 4.01e-04
2026-06-05 06:21:09 transreid.train INFO: Epoch[60] Iter[260/275] Loss: 0.641, Acc: 0.996, Base Lr: 4.01e-04
2026-06-05 06:21:10 transreid.train INFO: Epoch 60 done. Time per epoch: 29.000[s] Speed: 602.5[samples/s]
The test feature is normalized
=> Computing DistMat with euclidean_distance
2026-06-05 06:21:24 transreid.train INFO: Validation Results - Epoch: 60
2026-06-05 06:21:24 transreid.train INFO: mAP: 75.6%
2026-06-05 06:21:24 transreid.train INFO: CMC curve, Rank-1  :85.4%
2026-06-05 06:21:24 transreid.train INFO: CMC curve, Rank-5  :94.4%
2026-06-05 06:21:24 transreid.train INFO: CMC curve, Rank-10 :96.7%
2026-06-05 06:21:26 transreid.train INFO: Epoch[61] Iter[20/275] Loss: 0.741, Acc: 0.996, Base Lr: 3.90e-04
2026-06-05 06:21:29 transreid.train INFO: Epoch[61] Iter[40/275] Loss: 0.707, Acc: 0.993, Base Lr: 3.90e-04
2026-06-05 06:21:31 transreid.train INFO: Epoch[61] Iter[60/275] Loss: 0.696, Acc: 0.995, Base Lr: 3.90e-04
2026-06-05 06:21:33 transreid.train INFO: Epoch[61] Iter[80/275] Loss: 0.686, Acc: 0.996, Base Lr: 3.90e-04
2026-06-05 06:21:35 transreid.train INFO: Epoch[61] Iter[100/275] Loss: 0.665, Acc: 0.996, Base Lr: 3.90e-04
2026-06-05 06:21:37 transreid.train INFO: Epoch[61] Iter[120/275] Loss: 0.645, Acc: 0.997, Base Lr: 3.90e-04
2026-06-05 06:21:39 transreid.train INFO: Epoch[61] Iter[140/275] Loss: 0.644, Acc: 0.997, Base Lr: 3.90e-04
2026-06-05 06:21:41 transreid.train INFO: Epoch[61] Iter[160/275] Loss: 0.637, Acc: 0.997, Base Lr: 3.90e-04
2026-06-05 06:21:43 transreid.train INFO: Epoch[61] Iter[180/275] Loss: 0.642, Acc: 0.997, Base Lr: 3.90e-04
2026-06-05 06:21:45 transreid.train INFO: Epoch[61] Iter[200/275] Loss: 0.644, Acc: 0.997, Base Lr: 3.90e-04
2026-06-05 06:21:47 transreid.train INFO: Epoch[61] Iter[220/275] Loss: 0.646, Acc: 0.997, Base Lr: 3.90e-04
2026-06-05 06:21:50 transreid.train INFO: Epoch[61] Iter[240/275] Loss: 0.647, Acc: 0.996, Base Lr: 3.90e-04
2026-06-05 06:21:52 transreid.train INFO: Epoch[61] Iter[260/275] Loss: 0.644, Acc: 0.997, Base Lr: 3.90e-04
2026-06-05 06:21:53 transreid.train INFO: Epoch 61 done. Time per epoch: 28.998[s] Speed: 602.5[samples/s]
2026-06-05 06:21:55 transreid.train INFO: Epoch[62] Iter[20/275] Loss: 0.711, Acc: 0.999, Base Lr: 3.80e-04
2026-06-05 06:21:58 transreid.train INFO: Epoch[62] Iter[40/275] Loss: 0.684, Acc: 0.997, Base Lr: 3.80e-04
2026-06-05 06:22:00 transreid.train INFO: Epoch[62] Iter[60/275] Loss: 0.671, Acc: 0.998, Base Lr: 3.80e-04
2026-06-05 06:22:02 transreid.train INFO: Epoch[62] Iter[80/275] Loss: 0.664, Acc: 0.998, Base Lr: 3.80e-04
2026-06-05 06:22:04 transreid.train INFO: Epoch[62] Iter[100/275] Loss: 0.668, Acc: 0.998, Base Lr: 3.80e-04
2026-06-05 06:22:06 transreid.train INFO: Epoch[62] Iter[120/275] Loss: 0.649, Acc: 0.998, Base Lr: 3.80e-04
2026-06-05 06:22:08 transreid.train INFO: Epoch[62] Iter[140/275] Loss: 0.643, Acc: 0.998, Base Lr: 3.80e-04
2026-06-05 06:22:10 transreid.train INFO: Epoch[62] Iter[160/275] Loss: 0.645, Acc: 0.998, Base Lr: 3.80e-04
2026-06-05 06:22:12 transreid.train INFO: Epoch[62] Iter[180/275] Loss: 0.642, Acc: 0.997, Base Lr: 3.80e-04
2026-06-05 06:22:14 transreid.train INFO: Epoch[62] Iter[200/275] Loss: 0.641, Acc: 0.997, Base Lr: 3.80e-04
2026-06-05 06:22:16 transreid.train INFO: Epoch[62] Iter[220/275] Loss: 0.654, Acc: 0.997, Base Lr: 3.80e-04
2026-06-05 06:22:19 transreid.train INFO: Epoch[62] Iter[240/275] Loss: 0.659, Acc: 0.997, Base Lr: 3.80e-04
2026-06-05 06:22:21 transreid.train INFO: Epoch[62] Iter[260/275] Loss: 0.660, Acc: 0.997, Base Lr: 3.80e-04
2026-06-05 06:22:22 transreid.train INFO: Epoch 62 done. Time per epoch: 28.995[s] Speed: 602.6[samples/s]
2026-06-05 06:22:24 transreid.train INFO: Epoch[63] Iter[20/275] Loss: 0.689, Acc: 0.998, Base Lr: 3.69e-04
2026-06-05 06:22:27 transreid.train INFO: Epoch[63] Iter[40/275] Loss: 0.698, Acc: 0.997, Base Lr: 3.69e-04
2026-06-05 06:22:29 transreid.train INFO: Epoch[63] Iter[60/275] Loss: 0.694, Acc: 0.997, Base Lr: 3.69e-04
2026-06-05 06:22:31 transreid.train INFO: Epoch[63] Iter[80/275] Loss: 0.694, Acc: 0.996, Base Lr: 3.69e-04
2026-06-05 06:22:33 transreid.train INFO: Epoch[63] Iter[100/275] Loss: 0.700, Acc: 0.996, Base Lr: 3.69e-04
2026-06-05 06:22:35 transreid.train INFO: Epoch[63] Iter[120/275] Loss: 0.692, Acc: 0.997, Base Lr: 3.69e-04
2026-06-05 06:22:37 transreid.train INFO: Epoch[63] Iter[140/275] Loss: 0.686, Acc: 0.997, Base Lr: 3.69e-04
2026-06-05 06:22:39 transreid.train INFO: Epoch[63] Iter[160/275] Loss: 0.678, Acc: 0.997, Base Lr: 3.69e-04
2026-06-05 06:22:41 transreid.train INFO: Epoch[63] Iter[180/275] Loss: 0.673, Acc: 0.997, Base Lr: 3.69e-04
2026-06-05 06:22:43 transreid.train INFO: Epoch[63] Iter[200/275] Loss: 0.669, Acc: 0.997, Base Lr: 3.69e-04
2026-06-05 06:22:45 transreid.train INFO: Epoch[63] Iter[220/275] Loss: 0.667, Acc: 0.997, Base Lr: 3.69e-04
2026-06-05 06:22:48 transreid.train INFO: Epoch[63] Iter[240/275] Loss: 0.673, Acc: 0.997, Base Lr: 3.69e-04
2026-06-05 06:22:50 transreid.train INFO: Epoch[63] Iter[260/275] Loss: 0.665, Acc: 0.997, Base Lr: 3.69e-04
2026-06-05 06:22:51 transreid.train INFO: Epoch 63 done. Time per epoch: 29.112[s] Speed: 602.4[samples/s]
2026-06-05 06:22:54 transreid.train INFO: Epoch[64] Iter[20/275] Loss: 0.604, Acc: 0.998, Base Lr: 3.59e-04
2026-06-05 06:22:56 transreid.train INFO: Epoch[64] Iter[40/275] Loss: 0.619, Acc: 0.998, Base Lr: 3.59e-04
2026-06-05 06:22:58 transreid.train INFO: Epoch[64] Iter[60/275] Loss: 0.613, Acc: 0.997, Base Lr: 3.59e-04
2026-06-05 06:23:00 transreid.train INFO: Epoch[64] Iter[80/275] Loss: 0.612, Acc: 0.998, Base Lr: 3.59e-04
2026-06-05 06:23:02 transreid.train INFO: Epoch[64] Iter[100/275] Loss: 0.618, Acc: 0.997, Base Lr: 3.59e-04
2026-06-05 06:23:04 transreid.train INFO: Epoch[64] Iter[120/275] Loss: 0.621, Acc: 0.997, Base Lr: 3.59e-04
2026-06-05 06:23:06 transreid.train INFO: Epoch[64] Iter[140/275] Loss: 0.632, Acc: 0.996, Base Lr: 3.59e-04
2026-06-05 06:23:08 transreid.train INFO: Epoch[64] Iter[160/275] Loss: 0.634, Acc: 0.996, Base Lr: 3.59e-04
2026-06-05 06:23:10 transreid.train INFO: Epoch[64] Iter[180/275] Loss: 0.640, Acc: 0.996, Base Lr: 3.59e-04
2026-06-05 06:23:12 transreid.train INFO: Epoch[64] Iter[200/275] Loss: 0.634, Acc: 0.996, Base Lr: 3.59e-04
2026-06-05 06:23:15 transreid.train INFO: Epoch[64] Iter[220/275] Loss: 0.635, Acc: 0.997, Base Lr: 3.59e-04
2026-06-05 06:23:17 transreid.train INFO: Epoch[64] Iter[240/275] Loss: 0.633, Acc: 0.997, Base Lr: 3.59e-04
2026-06-05 06:23:19 transreid.train INFO: Epoch[64] Iter[260/275] Loss: 0.633, Acc: 0.997, Base Lr: 3.59e-04
2026-06-05 06:23:20 transreid.train INFO: Epoch 64 done. Time per epoch: 29.126[s] Speed: 602.1[samples/s]
2026-06-05 06:23:23 transreid.train INFO: Epoch[65] Iter[20/275] Loss: 0.641, Acc: 0.999, Base Lr: 3.49e-04
2026-06-05 06:23:25 transreid.train INFO: Epoch[65] Iter[40/275] Loss: 0.673, Acc: 0.998, Base Lr: 3.49e-04
2026-06-05 06:23:27 transreid.train INFO: Epoch[65] Iter[60/275] Loss: 0.674, Acc: 0.999, Base Lr: 3.49e-04
2026-06-05 06:23:29 transreid.train INFO: Epoch[65] Iter[80/275] Loss: 0.658, Acc: 0.999, Base Lr: 3.49e-04
2026-06-05 06:23:31 transreid.train INFO: Epoch[65] Iter[100/275] Loss: 0.637, Acc: 0.998, Base Lr: 3.49e-04
2026-06-05 06:23:33 transreid.train INFO: Epoch[65] Iter[120/275] Loss: 0.666, Acc: 0.997, Base Lr: 3.49e-04
2026-06-05 06:23:35 transreid.train INFO: Epoch[65] Iter[140/275] Loss: 0.684, Acc: 0.997, Base Lr: 3.49e-04
2026-06-05 06:23:37 transreid.train INFO: Epoch[65] Iter[160/275] Loss: 0.704, Acc: 0.996, Base Lr: 3.49e-04
2026-06-05 06:23:39 transreid.train INFO: Epoch[65] Iter[180/275] Loss: 0.699, Acc: 0.997, Base Lr: 3.49e-04
2026-06-05 06:23:42 transreid.train INFO: Epoch[65] Iter[200/275] Loss: 0.701, Acc: 0.996, Base Lr: 3.49e-04
2026-06-05 06:23:44 transreid.train INFO: Epoch[65] Iter[220/275] Loss: 0.709, Acc: 0.995, Base Lr: 3.49e-04
2026-06-05 06:23:46 transreid.train INFO: Epoch[65] Iter[240/275] Loss: 0.715, Acc: 0.995, Base Lr: 3.49e-04
2026-06-05 06:23:48 transreid.train INFO: Epoch[65] Iter[260/275] Loss: 0.711, Acc: 0.995, Base Lr: 3.49e-04
2026-06-05 06:23:49 transreid.train INFO: Epoch 65 done. Time per epoch: 29.107[s] Speed: 602.5[samples/s]
2026-06-05 06:23:52 transreid.train INFO: Epoch[66] Iter[20/275] Loss: 0.674, Acc: 0.995, Base Lr: 3.38e-04
2026-06-05 06:23:54 transreid.train INFO: Epoch[66] Iter[40/275] Loss: 0.671, Acc: 0.996, Base Lr: 3.38e-04
2026-06-05 06:23:56 transreid.train INFO: Epoch[66] Iter[60/275] Loss: 0.693, Acc: 0.997, Base Lr: 3.38e-04
2026-06-05 06:23:58 transreid.train INFO: Epoch[66] Iter[80/275] Loss: 0.703, Acc: 0.997, Base Lr: 3.38e-04
2026-06-05 06:24:00 transreid.train INFO: Epoch[66] Iter[100/275] Loss: 0.692, Acc: 0.997, Base Lr: 3.38e-04
2026-06-05 06:24:02 transreid.train INFO: Epoch[66] Iter[120/275] Loss: 0.695, Acc: 0.997, Base Lr: 3.38e-04
2026-06-05 06:24:04 transreid.train INFO: Epoch[66] Iter[140/275] Loss: 0.695, Acc: 0.996, Base Lr: 3.38e-04
2026-06-05 06:24:06 transreid.train INFO: Epoch[66] Iter[160/275] Loss: 0.689, Acc: 0.995, Base Lr: 3.38e-04
2026-06-05 06:24:09 transreid.train INFO: Epoch[66] Iter[180/275] Loss: 0.684, Acc: 0.996, Base Lr: 3.38e-04
2026-06-05 06:24:11 transreid.train INFO: Epoch[66] Iter[200/275] Loss: 0.678, Acc: 0.996, Base Lr: 3.38e-04
2026-06-05 06:24:13 transreid.train INFO: Epoch[66] Iter[220/275] Loss: 0.678, Acc: 0.996, Base Lr: 3.38e-04
2026-06-05 06:24:15 transreid.train INFO: Epoch[66] Iter[240/275] Loss: 0.674, Acc: 0.996, Base Lr: 3.38e-04
2026-06-05 06:24:17 transreid.train INFO: Epoch[66] Iter[260/275] Loss: 0.678, Acc: 0.996, Base Lr: 3.38e-04
2026-06-05 06:24:18 transreid.train INFO: Epoch 66 done. Time per epoch: 29.115[s] Speed: 602.3[samples/s]
2026-06-05 06:24:21 transreid.train INFO: Epoch[67] Iter[20/275] Loss: 0.588, Acc: 0.998, Base Lr: 3.28e-04
2026-06-05 06:24:23 transreid.train INFO: Epoch[67] Iter[40/275] Loss: 0.649, Acc: 0.998, Base Lr: 3.28e-04
2026-06-05 06:24:25 transreid.train INFO: Epoch[67] Iter[60/275] Loss: 0.656, Acc: 0.998, Base Lr: 3.28e-04
2026-06-05 06:24:27 transreid.train INFO: Epoch[67] Iter[80/275] Loss: 0.657, Acc: 0.998, Base Lr: 3.28e-04
2026-06-05 06:24:29 transreid.train INFO: Epoch[67] Iter[100/275] Loss: 0.651, Acc: 0.998, Base Lr: 3.28e-04
2026-06-05 06:24:31 transreid.train INFO: Epoch[67] Iter[120/275] Loss: 0.652, Acc: 0.998, Base Lr: 3.28e-04
2026-06-05 06:24:33 transreid.train INFO: Epoch[67] Iter[140/275] Loss: 0.662, Acc: 0.997, Base Lr: 3.28e-04
2026-06-05 06:24:36 transreid.train INFO: Epoch[67] Iter[160/275] Loss: 0.650, Acc: 0.997, Base Lr: 3.28e-04
2026-06-05 06:24:38 transreid.train INFO: Epoch[67] Iter[180/275] Loss: 0.649, Acc: 0.997, Base Lr: 3.28e-04
2026-06-05 06:24:40 transreid.train INFO: Epoch[67] Iter[200/275] Loss: 0.648, Acc: 0.997, Base Lr: 3.28e-04
2026-06-05 06:24:42 transreid.train INFO: Epoch[67] Iter[220/275] Loss: 0.643, Acc: 0.997, Base Lr: 3.28e-04
2026-06-05 06:24:44 transreid.train INFO: Epoch[67] Iter[240/275] Loss: 0.646, Acc: 0.997, Base Lr: 3.28e-04
2026-06-05 06:24:46 transreid.train INFO: Epoch[67] Iter[260/275] Loss: 0.661, Acc: 0.996, Base Lr: 3.28e-04
2026-06-05 06:24:48 transreid.train INFO: Epoch 67 done. Time per epoch: 29.125[s] Speed: 602.1[samples/s]
2026-06-05 06:24:50 transreid.train INFO: Epoch[68] Iter[20/275] Loss: 0.640, Acc: 0.997, Base Lr: 3.18e-04
2026-06-05 06:24:52 transreid.train INFO: Epoch[68] Iter[40/275] Loss: 0.671, Acc: 0.997, Base Lr: 3.18e-04
2026-06-05 06:24:54 transreid.train INFO: Epoch[68] Iter[60/275] Loss: 0.632, Acc: 0.997, Base Lr: 3.18e-04
2026-06-05 06:24:56 transreid.train INFO: Epoch[68] Iter[80/275] Loss: 0.626, Acc: 0.998, Base Lr: 3.18e-04
2026-06-05 06:24:58 transreid.train INFO: Epoch[68] Iter[100/275] Loss: 0.638, Acc: 0.998, Base Lr: 3.18e-04
2026-06-05 06:25:01 transreid.train INFO: Epoch[68] Iter[120/275] Loss: 0.659, Acc: 0.998, Base Lr: 3.18e-04
2026-06-05 06:25:03 transreid.train INFO: Epoch[68] Iter[140/275] Loss: 0.669, Acc: 0.997, Base Lr: 3.18e-04
2026-06-05 06:25:05 transreid.train INFO: Epoch[68] Iter[160/275] Loss: 0.688, Acc: 0.996, Base Lr: 3.18e-04
2026-06-05 06:25:07 transreid.train INFO: Epoch[68] Iter[180/275] Loss: 0.682, Acc: 0.996, Base Lr: 3.18e-04
2026-06-05 06:25:09 transreid.train INFO: Epoch[68] Iter[200/275] Loss: 0.679, Acc: 0.996, Base Lr: 3.18e-04
2026-06-05 06:25:11 transreid.train INFO: Epoch[68] Iter[220/275] Loss: 0.680, Acc: 0.996, Base Lr: 3.18e-04
2026-06-05 06:25:13 transreid.train INFO: Epoch[68] Iter[240/275] Loss: 0.679, Acc: 0.996, Base Lr: 3.18e-04
2026-06-05 06:25:15 transreid.train INFO: Epoch[68] Iter[260/275] Loss: 0.679, Acc: 0.996, Base Lr: 3.18e-04
2026-06-05 06:25:17 transreid.train INFO: Epoch 68 done. Time per epoch: 29.113[s] Speed: 602.3[samples/s]
2026-06-05 06:25:19 transreid.train INFO: Epoch[69] Iter[20/275] Loss: 0.642, Acc: 1.000, Base Lr: 3.08e-04
2026-06-05 06:25:21 transreid.train INFO: Epoch[69] Iter[40/275] Loss: 0.650, Acc: 0.999, Base Lr: 3.08e-04
2026-06-05 06:25:23 transreid.train INFO: Epoch[69] Iter[60/275] Loss: 0.643, Acc: 0.999, Base Lr: 3.08e-04
2026-06-05 06:25:25 transreid.train INFO: Epoch[69] Iter[80/275] Loss: 0.682, Acc: 0.997, Base Lr: 3.08e-04
2026-06-05 06:25:28 transreid.train INFO: Epoch[69] Iter[100/275] Loss: 0.692, Acc: 0.998, Base Lr: 3.08e-04
2026-06-05 06:25:30 transreid.train INFO: Epoch[69] Iter[120/275] Loss: 0.673, Acc: 0.997, Base Lr: 3.08e-04
2026-06-05 06:25:32 transreid.train INFO: Epoch[69] Iter[140/275] Loss: 0.681, Acc: 0.997, Base Lr: 3.08e-04
2026-06-05 06:25:34 transreid.train INFO: Epoch[69] Iter[160/275] Loss: 0.676, Acc: 0.997, Base Lr: 3.08e-04
2026-06-05 06:25:36 transreid.train INFO: Epoch[69] Iter[180/275] Loss: 0.674, Acc: 0.997, Base Lr: 3.08e-04
2026-06-05 06:25:38 transreid.train INFO: Epoch[69] Iter[200/275] Loss: 0.670, Acc: 0.997, Base Lr: 3.08e-04
2026-06-05 06:25:40 transreid.train INFO: Epoch[69] Iter[220/275] Loss: 0.671, Acc: 0.997, Base Lr: 3.08e-04
2026-06-05 06:25:42 transreid.train INFO: Epoch[69] Iter[240/275] Loss: 0.668, Acc: 0.997, Base Lr: 3.08e-04
2026-06-05 06:25:44 transreid.train INFO: Epoch[69] Iter[260/275] Loss: 0.661, Acc: 0.997, Base Lr: 3.08e-04
2026-06-05 06:25:46 transreid.train INFO: Epoch 69 done. Time per epoch: 29.112[s] Speed: 602.4[samples/s]
2026-06-05 06:25:48 transreid.train INFO: Epoch[70] Iter[20/275] Loss: 0.613, Acc: 0.998, Base Lr: 2.97e-04
2026-06-05 06:25:50 transreid.train INFO: Epoch[70] Iter[40/275] Loss: 0.631, Acc: 0.996, Base Lr: 2.97e-04
2026-06-05 06:25:52 transreid.train INFO: Epoch[70] Iter[60/275] Loss: 0.616, Acc: 0.996, Base Lr: 2.97e-04
2026-06-05 06:25:55 transreid.train INFO: Epoch[70] Iter[80/275] Loss: 0.621, Acc: 0.996, Base Lr: 2.97e-04
2026-06-05 06:25:57 transreid.train INFO: Epoch[70] Iter[100/275] Loss: 0.629, Acc: 0.997, Base Lr: 2.97e-04
2026-06-05 06:25:59 transreid.train INFO: Epoch[70] Iter[120/275] Loss: 0.627, Acc: 0.997, Base Lr: 2.97e-04
2026-06-05 06:26:01 transreid.train INFO: Epoch[70] Iter[140/275] Loss: 0.625, Acc: 0.997, Base Lr: 2.97e-04
2026-06-05 06:26:03 transreid.train INFO: Epoch[70] Iter[160/275] Loss: 0.620, Acc: 0.997, Base Lr: 2.97e-04
2026-06-05 06:26:05 transreid.train INFO: Epoch[70] Iter[180/275] Loss: 0.616, Acc: 0.997, Base Lr: 2.97e-04
2026-06-05 06:26:07 transreid.train INFO: Epoch[70] Iter[200/275] Loss: 0.613, Acc: 0.997, Base Lr: 2.97e-04
2026-06-05 06:26:09 transreid.train INFO: Epoch[70] Iter[220/275] Loss: 0.614, Acc: 0.997, Base Lr: 2.97e-04
2026-06-05 06:26:11 transreid.train INFO: Epoch[70] Iter[240/275] Loss: 0.608, Acc: 0.997, Base Lr: 2.97e-04
2026-06-05 06:26:13 transreid.train INFO: Epoch[70] Iter[260/275] Loss: 0.608, Acc: 0.997, Base Lr: 2.97e-04
2026-06-05 06:26:15 transreid.train INFO: Epoch 70 done. Time per epoch: 29.090[s] Speed: 602.8[samples/s]
2026-06-05 06:26:17 transreid.train INFO: Epoch[71] Iter[20/275] Loss: 0.662, Acc: 0.998, Base Lr: 2.87e-04
2026-06-05 06:26:19 transreid.train INFO: Epoch[71] Iter[40/275] Loss: 0.645, Acc: 0.996, Base Lr: 2.87e-04
2026-06-05 06:26:22 transreid.train INFO: Epoch[71] Iter[60/275] Loss: 0.618, Acc: 0.996, Base Lr: 2.87e-04
2026-06-05 06:26:24 transreid.train INFO: Epoch[71] Iter[80/275] Loss: 0.627, Acc: 0.997, Base Lr: 2.87e-04
2026-06-05 06:26:26 transreid.train INFO: Epoch[71] Iter[100/275] Loss: 0.629, Acc: 0.996, Base Lr: 2.87e-04
2026-06-05 06:26:28 transreid.train INFO: Epoch[71] Iter[120/275] Loss: 0.624, Acc: 0.997, Base Lr: 2.87e-04
2026-06-05 06:26:30 transreid.train INFO: Epoch[71] Iter[140/275] Loss: 0.630, Acc: 0.997, Base Lr: 2.87e-04
2026-06-05 06:26:32 transreid.train INFO: Epoch[71] Iter[160/275] Loss: 0.628, Acc: 0.997, Base Lr: 2.87e-04
2026-06-05 06:26:34 transreid.train INFO: Epoch[71] Iter[180/275] Loss: 0.624, Acc: 0.997, Base Lr: 2.87e-04
2026-06-05 06:26:36 transreid.train INFO: Epoch[71] Iter[200/275] Loss: 0.618, Acc: 0.997, Base Lr: 2.87e-04
2026-06-05 06:26:38 transreid.train INFO: Epoch[71] Iter[220/275] Loss: 0.625, Acc: 0.997, Base Lr: 2.87e-04
2026-06-05 06:26:40 transreid.train INFO: Epoch[71] Iter[240/275] Loss: 0.632, Acc: 0.997, Base Lr: 2.87e-04
2026-06-05 06:26:43 transreid.train INFO: Epoch[71] Iter[260/275] Loss: 0.636, Acc: 0.997, Base Lr: 2.87e-04
2026-06-05 06:26:44 transreid.train INFO: Epoch 71 done. Time per epoch: 29.014[s] Speed: 602.2[samples/s]
2026-06-05 06:26:46 transreid.train INFO: Epoch[72] Iter[20/275] Loss: 0.888, Acc: 0.998, Base Lr: 2.77e-04
2026-06-05 06:26:48 transreid.train INFO: Epoch[72] Iter[40/275] Loss: 0.805, Acc: 0.997, Base Lr: 2.77e-04
2026-06-05 06:26:51 transreid.train INFO: Epoch[72] Iter[60/275] Loss: 0.716, Acc: 0.998, Base Lr: 2.77e-04
2026-06-05 06:26:53 transreid.train INFO: Epoch[72] Iter[80/275] Loss: 0.681, Acc: 0.998, Base Lr: 2.77e-04
2026-06-05 06:26:55 transreid.train INFO: Epoch[72] Iter[100/275] Loss: 0.680, Acc: 0.998, Base Lr: 2.77e-04
2026-06-05 06:26:57 transreid.train INFO: Epoch[72] Iter[120/275] Loss: 0.669, Acc: 0.998, Base Lr: 2.77e-04
2026-06-05 06:26:59 transreid.train INFO: Epoch[72] Iter[140/275] Loss: 0.654, Acc: 0.997, Base Lr: 2.77e-04
2026-06-05 06:27:01 transreid.train INFO: Epoch[72] Iter[160/275] Loss: 0.648, Acc: 0.998, Base Lr: 2.77e-04
2026-06-05 06:27:03 transreid.train INFO: Epoch[72] Iter[180/275] Loss: 0.640, Acc: 0.998, Base Lr: 2.77e-04
2026-06-05 06:27:05 transreid.train INFO: Epoch[72] Iter[200/275] Loss: 0.642, Acc: 0.997, Base Lr: 2.77e-04
2026-06-05 06:27:07 transreid.train INFO: Epoch[72] Iter[220/275] Loss: 0.641, Acc: 0.997, Base Lr: 2.77e-04
2026-06-05 06:27:09 transreid.train INFO: Epoch[72] Iter[240/275] Loss: 0.645, Acc: 0.998, Base Lr: 2.77e-04
2026-06-05 06:27:12 transreid.train INFO: Epoch[72] Iter[260/275] Loss: 0.636, Acc: 0.998, Base Lr: 2.77e-04
2026-06-05 06:27:13 transreid.train INFO: Epoch 72 done. Time per epoch: 29.116[s] Speed: 602.3[samples/s]
2026-06-05 06:27:15 transreid.train INFO: Epoch[73] Iter[20/275] Loss: 0.590, Acc: 0.998, Base Lr: 2.68e-04
2026-06-05 06:27:18 transreid.train INFO: Epoch[73] Iter[40/275] Loss: 0.600, Acc: 0.999, Base Lr: 2.68e-04
2026-06-05 06:27:20 transreid.train INFO: Epoch[73] Iter[60/275] Loss: 0.587, Acc: 0.999, Base Lr: 2.68e-04
2026-06-05 06:27:22 transreid.train INFO: Epoch[73] Iter[80/275] Loss: 0.598, Acc: 0.998, Base Lr: 2.68e-04
2026-06-05 06:27:24 transreid.train INFO: Epoch[73] Iter[100/275] Loss: 0.591, Acc: 0.999, Base Lr: 2.68e-04
2026-06-05 06:27:26 transreid.train INFO: Epoch[73] Iter[120/275] Loss: 0.604, Acc: 0.998, Base Lr: 2.68e-04
2026-06-05 06:27:28 transreid.train INFO: Epoch[73] Iter[140/275] Loss: 0.606, Acc: 0.998, Base Lr: 2.68e-04
2026-06-05 06:27:30 transreid.train INFO: Epoch[73] Iter[160/275] Loss: 0.599, Acc: 0.998, Base Lr: 2.68e-04
2026-06-05 06:27:32 transreid.train INFO: Epoch[73] Iter[180/275] Loss: 0.595, Acc: 0.998, Base Lr: 2.68e-04
2026-06-05 06:27:34 transreid.train INFO: Epoch[73] Iter[200/275] Loss: 0.597, Acc: 0.998, Base Lr: 2.68e-04
2026-06-05 06:27:36 transreid.train INFO: Epoch[73] Iter[220/275] Loss: 0.601, Acc: 0.998, Base Lr: 2.68e-04
2026-06-05 06:27:39 transreid.train INFO: Epoch[73] Iter[240/275] Loss: 0.599, Acc: 0.998, Base Lr: 2.68e-04
2026-06-05 06:27:41 transreid.train INFO: Epoch[73] Iter[260/275] Loss: 0.602, Acc: 0.997, Base Lr: 2.68e-04
2026-06-05 06:27:42 transreid.train INFO: Epoch 73 done. Time per epoch: 29.001[s] Speed: 602.5[samples/s]
2026-06-05 06:27:44 transreid.train INFO: Epoch[74] Iter[20/275] Loss: 0.536, Acc: 0.998, Base Lr: 2.58e-04
2026-06-05 06:27:47 transreid.train INFO: Epoch[74] Iter[40/275] Loss: 0.548, Acc: 0.999, Base Lr: 2.58e-04
2026-06-05 06:27:49 transreid.train INFO: Epoch[74] Iter[60/275] Loss: 0.561, Acc: 0.997, Base Lr: 2.58e-04
2026-06-05 06:27:51 transreid.train INFO: Epoch[74] Iter[80/275] Loss: 0.571, Acc: 0.997, Base Lr: 2.58e-04
2026-06-05 06:27:53 transreid.train INFO: Epoch[74] Iter[100/275] Loss: 0.563, Acc: 0.997, Base Lr: 2.58e-04
2026-06-05 06:27:55 transreid.train INFO: Epoch[74] Iter[120/275] Loss: 0.560, Acc: 0.997, Base Lr: 2.58e-04
2026-06-05 06:27:57 transreid.train INFO: Epoch[74] Iter[140/275] Loss: 0.568, Acc: 0.997, Base Lr: 2.58e-04
2026-06-05 06:27:59 transreid.train INFO: Epoch[74] Iter[160/275] Loss: 0.578, Acc: 0.997, Base Lr: 2.58e-04
2026-06-05 06:28:01 transreid.train INFO: Epoch[74] Iter[180/275] Loss: 0.587, Acc: 0.997, Base Lr: 2.58e-04
2026-06-05 06:28:03 transreid.train INFO: Epoch[74] Iter[200/275] Loss: 0.596, Acc: 0.997, Base Lr: 2.58e-04
2026-06-05 06:28:05 transreid.train INFO: Epoch[74] Iter[220/275] Loss: 0.591, Acc: 0.997, Base Lr: 2.58e-04
2026-06-05 06:28:08 transreid.train INFO: Epoch[74] Iter[240/275] Loss: 0.591, Acc: 0.997, Base Lr: 2.58e-04
2026-06-05 06:28:10 transreid.train INFO: Epoch[74] Iter[260/275] Loss: 0.591, Acc: 0.997, Base Lr: 2.58e-04
2026-06-05 06:28:11 transreid.train INFO: Epoch 74 done. Time per epoch: 29.127[s] Speed: 602.1[samples/s]
2026-06-05 06:28:14 transreid.train INFO: Epoch[75] Iter[20/275] Loss: 0.672, Acc: 0.995, Base Lr: 2.48e-04
2026-06-05 06:28:16 transreid.train INFO: Epoch[75] Iter[40/275] Loss: 0.607, Acc: 0.997, Base Lr: 2.48e-04
2026-06-05 06:28:18 transreid.train INFO: Epoch[75] Iter[60/275] Loss: 0.576, Acc: 0.998, Base Lr: 2.48e-04
2026-06-05 06:28:20 transreid.train INFO: Epoch[75] Iter[80/275] Loss: 0.582, Acc: 0.997, Base Lr: 2.48e-04
2026-06-05 06:28:22 transreid.train INFO: Epoch[75] Iter[100/275] Loss: 0.565, Acc: 0.998, Base Lr: 2.48e-04
2026-06-05 06:28:24 transreid.train INFO: Epoch[75] Iter[120/275] Loss: 0.566, Acc: 0.998, Base Lr: 2.48e-04
2026-06-05 06:28:26 transreid.train INFO: Epoch[75] Iter[140/275] Loss: 0.561, Acc: 0.998, Base Lr: 2.48e-04
2026-06-05 06:28:28 transreid.train INFO: Epoch[75] Iter[160/275] Loss: 0.559, Acc: 0.998, Base Lr: 2.48e-04
2026-06-05 06:28:30 transreid.train INFO: Epoch[75] Iter[180/275] Loss: 0.556, Acc: 0.998, Base Lr: 2.48e-04
2026-06-05 06:28:32 transreid.train INFO: Epoch[75] Iter[200/275] Loss: 0.554, Acc: 0.998, Base Lr: 2.48e-04
2026-06-05 06:28:35 transreid.train INFO: Epoch[75] Iter[220/275] Loss: 0.555, Acc: 0.998, Base Lr: 2.48e-04
2026-06-05 06:28:37 transreid.train INFO: Epoch[75] Iter[240/275] Loss: 0.562, Acc: 0.998, Base Lr: 2.48e-04
2026-06-05 06:28:39 transreid.train INFO: Epoch[75] Iter[260/275] Loss: 0.566, Acc: 0.997, Base Lr: 2.48e-04
2026-06-05 06:28:40 transreid.train INFO: Epoch 75 done. Time per epoch: 28.992[s] Speed: 602.6[samples/s]
2026-06-05 06:28:43 transreid.train INFO: Epoch[76] Iter[20/275] Loss: 0.646, Acc: 0.998, Base Lr: 2.38e-04
2026-06-05 06:28:45 transreid.train INFO: Epoch[76] Iter[40/275] Loss: 0.658, Acc: 0.998, Base Lr: 2.38e-04
2026-06-05 06:28:47 transreid.train INFO: Epoch[76] Iter[60/275] Loss: 0.643, Acc: 0.998, Base Lr: 2.38e-04
2026-06-05 06:28:49 transreid.train INFO: Epoch[76] Iter[80/275] Loss: 0.642, Acc: 0.998, Base Lr: 2.38e-04
2026-06-05 06:28:51 transreid.train INFO: Epoch[76] Iter[100/275] Loss: 0.631, Acc: 0.998, Base Lr: 2.38e-04
2026-06-05 06:28:53 transreid.train INFO: Epoch[76] Iter[120/275] Loss: 0.624, Acc: 0.998, Base Lr: 2.38e-04
2026-06-05 06:28:55 transreid.train INFO: Epoch[76] Iter[140/275] Loss: 0.623, Acc: 0.998, Base Lr: 2.38e-04
2026-06-05 06:28:57 transreid.train INFO: Epoch[76] Iter[160/275] Loss: 0.616, Acc: 0.998, Base Lr: 2.38e-04
2026-06-05 06:28:59 transreid.train INFO: Epoch[76] Iter[180/275] Loss: 0.610, Acc: 0.998, Base Lr: 2.38e-04
2026-06-05 06:29:02 transreid.train INFO: Epoch[76] Iter[200/275] Loss: 0.607, Acc: 0.998, Base Lr: 2.38e-04
2026-06-05 06:29:04 transreid.train INFO: Epoch[76] Iter[220/275] Loss: 0.608, Acc: 0.998, Base Lr: 2.38e-04
2026-06-05 06:29:06 transreid.train INFO: Epoch[76] Iter[240/275] Loss: 0.603, Acc: 0.998, Base Lr: 2.38e-04
2026-06-05 06:29:08 transreid.train INFO: Epoch[76] Iter[260/275] Loss: 0.603, Acc: 0.998, Base Lr: 2.38e-04
2026-06-05 06:29:09 transreid.train INFO: Epoch 76 done. Time per epoch: 29.127[s] Speed: 602.0[samples/s]
2026-06-05 06:29:12 transreid.train INFO: Epoch[77] Iter[20/275] Loss: 0.609, Acc: 0.998, Base Lr: 2.29e-04
2026-06-05 06:29:14 transreid.train INFO: Epoch[77] Iter[40/275] Loss: 0.638, Acc: 0.998, Base Lr: 2.29e-04
2026-06-05 06:29:16 transreid.train INFO: Epoch[77] Iter[60/275] Loss: 0.652, Acc: 0.998, Base Lr: 2.29e-04
2026-06-05 06:29:18 transreid.train INFO: Epoch[77] Iter[80/275] Loss: 0.617, Acc: 0.998, Base Lr: 2.29e-04
2026-06-05 06:29:20 transreid.train INFO: Epoch[77] Iter[100/275] Loss: 0.604, Acc: 0.998, Base Lr: 2.29e-04
2026-06-05 06:29:22 transreid.train INFO: Epoch[77] Iter[120/275] Loss: 0.589, Acc: 0.998, Base Lr: 2.29e-04
2026-06-05 06:29:24 transreid.train INFO: Epoch[77] Iter[140/275] Loss: 0.591, Acc: 0.998, Base Lr: 2.29e-04
2026-06-05 06:29:26 transreid.train INFO: Epoch[77] Iter[160/275] Loss: 0.595, Acc: 0.997, Base Lr: 2.29e-04
2026-06-05 06:29:29 transreid.train INFO: Epoch[77] Iter[180/275] Loss: 0.597, Acc: 0.997, Base Lr: 2.29e-04
2026-06-05 06:29:31 transreid.train INFO: Epoch[77] Iter[200/275] Loss: 0.591, Acc: 0.998, Base Lr: 2.29e-04
2026-06-05 06:29:33 transreid.train INFO: Epoch[77] Iter[220/275] Loss: 0.590, Acc: 0.998, Base Lr: 2.29e-04
2026-06-05 06:29:35 transreid.train INFO: Epoch[77] Iter[240/275] Loss: 0.589, Acc: 0.998, Base Lr: 2.29e-04
2026-06-05 06:29:37 transreid.train INFO: Epoch[77] Iter[260/275] Loss: 0.584, Acc: 0.998, Base Lr: 2.29e-04
2026-06-05 06:29:38 transreid.train INFO: Epoch 77 done. Time per epoch: 29.117[s] Speed: 602.3[samples/s]
2026-06-05 06:29:41 transreid.train INFO: Epoch[78] Iter[20/275] Loss: 0.602, Acc: 0.997, Base Lr: 2.20e-04
2026-06-05 06:29:43 transreid.train INFO: Epoch[78] Iter[40/275] Loss: 0.627, Acc: 0.997, Base Lr: 2.20e-04
2026-06-05 06:29:45 transreid.train INFO: Epoch[78] Iter[60/275] Loss: 0.593, Acc: 0.997, Base Lr: 2.20e-04
2026-06-05 06:29:47 transreid.train INFO: Epoch[78] Iter[80/275] Loss: 0.583, Acc: 0.997, Base Lr: 2.20e-04
2026-06-05 06:29:49 transreid.train INFO: Epoch[78] Iter[100/275] Loss: 0.589, Acc: 0.998, Base Lr: 2.20e-04
2026-06-05 06:29:51 transreid.train INFO: Epoch[78] Iter[120/275] Loss: 0.586, Acc: 0.998, Base Lr: 2.20e-04
2026-06-05 06:29:53 transreid.train INFO: Epoch[78] Iter[140/275] Loss: 0.579, Acc: 0.998, Base Lr: 2.20e-04
2026-06-05 06:29:56 transreid.train INFO: Epoch[78] Iter[160/275] Loss: 0.579, Acc: 0.998, Base Lr: 2.20e-04
2026-06-05 06:29:58 transreid.train INFO: Epoch[78] Iter[180/275] Loss: 0.582, Acc: 0.998, Base Lr: 2.20e-04
2026-06-05 06:30:00 transreid.train INFO: Epoch[78] Iter[200/275] Loss: 0.584, Acc: 0.998, Base Lr: 2.20e-04
2026-06-05 06:30:02 transreid.train INFO: Epoch[78] Iter[220/275] Loss: 0.580, Acc: 0.997, Base Lr: 2.20e-04
2026-06-05 06:30:04 transreid.train INFO: Epoch[78] Iter[240/275] Loss: 0.578, Acc: 0.997, Base Lr: 2.20e-04
2026-06-05 06:30:06 transreid.train INFO: Epoch[78] Iter[260/275] Loss: 0.578, Acc: 0.997, Base Lr: 2.20e-04
2026-06-05 06:30:08 transreid.train INFO: Epoch 78 done. Time per epoch: 29.117[s] Speed: 602.3[samples/s]
2026-06-05 06:30:10 transreid.train INFO: Epoch[79] Iter[20/275] Loss: 0.533, Acc: 1.000, Base Lr: 2.10e-04
2026-06-05 06:30:12 transreid.train INFO: Epoch[79] Iter[40/275] Loss: 0.550, Acc: 0.999, Base Lr: 2.10e-04
2026-06-05 06:30:14 transreid.train INFO: Epoch[79] Iter[60/275] Loss: 0.584, Acc: 0.997, Base Lr: 2.10e-04
2026-06-05 06:30:16 transreid.train INFO: Epoch[79] Iter[80/275] Loss: 0.587, Acc: 0.997, Base Lr: 2.10e-04
2026-06-05 06:30:18 transreid.train INFO: Epoch[79] Iter[100/275] Loss: 0.582, Acc: 0.998, Base Lr: 2.10e-04
2026-06-05 06:30:21 transreid.train INFO: Epoch[79] Iter[120/275] Loss: 0.582, Acc: 0.998, Base Lr: 2.10e-04
2026-06-05 06:30:23 transreid.train INFO: Epoch[79] Iter[140/275] Loss: 0.573, Acc: 0.998, Base Lr: 2.10e-04
2026-06-05 06:30:25 transreid.train INFO: Epoch[79] Iter[160/275] Loss: 0.571, Acc: 0.998, Base Lr: 2.10e-04
2026-06-05 06:30:27 transreid.train INFO: Epoch[79] Iter[180/275] Loss: 0.579, Acc: 0.998, Base Lr: 2.10e-04
2026-06-05 06:30:29 transreid.train INFO: Epoch[79] Iter[200/275] Loss: 0.581, Acc: 0.998, Base Lr: 2.10e-04
2026-06-05 06:30:31 transreid.train INFO: Epoch[79] Iter[220/275] Loss: 0.579, Acc: 0.998, Base Lr: 2.10e-04
2026-06-05 06:30:33 transreid.train INFO: Epoch[79] Iter[240/275] Loss: 0.581, Acc: 0.998, Base Lr: 2.10e-04
2026-06-05 06:30:35 transreid.train INFO: Epoch[79] Iter[260/275] Loss: 0.579, Acc: 0.998, Base Lr: 2.10e-04
2026-06-05 06:30:37 transreid.train INFO: Epoch 79 done. Time per epoch: 29.173[s] Speed: 601.1[samples/s]
2026-06-05 06:30:39 transreid.train INFO: Epoch[80] Iter[20/275] Loss: 0.573, Acc: 0.998, Base Lr: 2.01e-04
2026-06-05 06:30:41 transreid.train INFO: Epoch[80] Iter[40/275] Loss: 0.637, Acc: 0.999, Base Lr: 2.01e-04
2026-06-05 06:30:43 transreid.train INFO: Epoch[80] Iter[60/275] Loss: 0.641, Acc: 0.999, Base Lr: 2.01e-04
2026-06-05 06:30:45 transreid.train INFO: Epoch[80] Iter[80/275] Loss: 0.619, Acc: 0.998, Base Lr: 2.01e-04
2026-06-05 06:30:48 transreid.train INFO: Epoch[80] Iter[100/275] Loss: 0.611, Acc: 0.998, Base Lr: 2.01e-04
2026-06-05 06:30:50 transreid.train INFO: Epoch[80] Iter[120/275] Loss: 0.604, Acc: 0.998, Base Lr: 2.01e-04
2026-06-05 06:30:52 transreid.train INFO: Epoch[80] Iter[140/275] Loss: 0.591, Acc: 0.998, Base Lr: 2.01e-04
2026-06-05 06:30:54 transreid.train INFO: Epoch[80] Iter[160/275] Loss: 0.584, Acc: 0.998, Base Lr: 2.01e-04
2026-06-05 06:30:56 transreid.train INFO: Epoch[80] Iter[180/275] Loss: 0.578, Acc: 0.998, Base Lr: 2.01e-04
2026-06-05 06:30:58 transreid.train INFO: Epoch[80] Iter[200/275] Loss: 0.575, Acc: 0.998, Base Lr: 2.01e-04
2026-06-05 06:31:00 transreid.train INFO: Epoch[80] Iter[220/275] Loss: 0.572, Acc: 0.998, Base Lr: 2.01e-04
2026-06-05 06:31:02 transreid.train INFO: Epoch[80] Iter[240/275] Loss: 0.567, Acc: 0.998, Base Lr: 2.01e-04
2026-06-05 06:31:04 transreid.train INFO: Epoch[80] Iter[260/275] Loss: 0.571, Acc: 0.998, Base Lr: 2.01e-04
2026-06-05 06:31:06 transreid.train INFO: Epoch 80 done. Time per epoch: 29.007[s] Speed: 602.3[samples/s]
The test feature is normalized
=> Computing DistMat with euclidean_distance
2026-06-05 06:31:20 transreid.train INFO: Validation Results - Epoch: 80
2026-06-05 06:31:20 transreid.train INFO: mAP: 75.7%
2026-06-05 06:31:20 transreid.train INFO: CMC curve, Rank-1  :85.0%
2026-06-05 06:31:20 transreid.train INFO: CMC curve, Rank-5  :94.2%
2026-06-05 06:31:20 transreid.train INFO: CMC curve, Rank-10 :96.6%
2026-06-05 06:31:22 transreid.train INFO: Epoch[81] Iter[20/275] Loss: 0.524, Acc: 0.995, Base Lr: 1.92e-04
2026-06-05 06:31:24 transreid.train INFO: Epoch[81] Iter[40/275] Loss: 0.561, Acc: 0.997, Base Lr: 1.92e-04
2026-06-05 06:31:26 transreid.train INFO: Epoch[81] Iter[60/275] Loss: 0.579, Acc: 0.997, Base Lr: 1.92e-04
2026-06-05 06:31:28 transreid.train INFO: Epoch[81] Iter[80/275] Loss: 0.582, Acc: 0.997, Base Lr: 1.92e-04
2026-06-05 06:31:31 transreid.train INFO: Epoch[81] Iter[100/275] Loss: 0.579, Acc: 0.998, Base Lr: 1.92e-04
2026-06-05 06:31:33 transreid.train INFO: Epoch[81] Iter[120/275] Loss: 0.576, Acc: 0.998, Base Lr: 1.92e-04
2026-06-05 06:31:35 transreid.train INFO: Epoch[81] Iter[140/275] Loss: 0.581, Acc: 0.998, Base Lr: 1.92e-04
2026-06-05 06:31:37 transreid.train INFO: Epoch[81] Iter[160/275] Loss: 0.582, Acc: 0.998, Base Lr: 1.92e-04
2026-06-05 06:31:39 transreid.train INFO: Epoch[81] Iter[180/275] Loss: 0.582, Acc: 0.998, Base Lr: 1.92e-04
2026-06-05 06:31:41 transreid.train INFO: Epoch[81] Iter[200/275] Loss: 0.583, Acc: 0.998, Base Lr: 1.92e-04
2026-06-05 06:31:43 transreid.train INFO: Epoch[81] Iter[220/275] Loss: 0.582, Acc: 0.998, Base Lr: 1.92e-04
2026-06-05 06:31:45 transreid.train INFO: Epoch[81] Iter[240/275] Loss: 0.586, Acc: 0.998, Base Lr: 1.92e-04
2026-06-05 06:31:47 transreid.train INFO: Epoch[81] Iter[260/275] Loss: 0.592, Acc: 0.998, Base Lr: 1.92e-04
2026-06-05 06:31:49 transreid.train INFO: Epoch 81 done. Time per epoch: 29.087[s] Speed: 602.9[samples/s]
2026-06-05 06:31:51 transreid.train INFO: Epoch[82] Iter[20/275] Loss: 0.551, Acc: 0.998, Base Lr: 1.83e-04
2026-06-05 06:31:53 transreid.train INFO: Epoch[82] Iter[40/275] Loss: 0.570, Acc: 0.998, Base Lr: 1.83e-04
2026-06-05 06:31:55 transreid.train INFO: Epoch[82] Iter[60/275] Loss: 0.570, Acc: 0.999, Base Lr: 1.83e-04
2026-06-05 06:31:58 transreid.train INFO: Epoch[82] Iter[80/275] Loss: 0.563, Acc: 0.998, Base Lr: 1.83e-04
2026-06-05 06:32:00 transreid.train INFO: Epoch[82] Iter[100/275] Loss: 0.568, Acc: 0.998, Base Lr: 1.83e-04
2026-06-05 06:32:02 transreid.train INFO: Epoch[82] Iter[120/275] Loss: 0.576, Acc: 0.997, Base Lr: 1.83e-04
2026-06-05 06:32:04 transreid.train INFO: Epoch[82] Iter[140/275] Loss: 0.570, Acc: 0.997, Base Lr: 1.83e-04
2026-06-05 06:32:06 transreid.train INFO: Epoch[82] Iter[160/275] Loss: 0.571, Acc: 0.997, Base Lr: 1.83e-04
2026-06-05 06:32:08 transreid.train INFO: Epoch[82] Iter[180/275] Loss: 0.574, Acc: 0.997, Base Lr: 1.83e-04
2026-06-05 06:32:10 transreid.train INFO: Epoch[82] Iter[200/275] Loss: 0.585, Acc: 0.997, Base Lr: 1.83e-04
2026-06-05 06:32:12 transreid.train INFO: Epoch[82] Iter[220/275] Loss: 0.587, Acc: 0.997, Base Lr: 1.83e-04
2026-06-05 06:32:14 transreid.train INFO: Epoch[82] Iter[240/275] Loss: 0.583, Acc: 0.998, Base Lr: 1.83e-04
2026-06-05 06:32:16 transreid.train INFO: Epoch[82] Iter[260/275] Loss: 0.584, Acc: 0.998, Base Lr: 1.83e-04
2026-06-05 06:32:18 transreid.train INFO: Epoch 82 done. Time per epoch: 29.074[s] Speed: 603.1[samples/s]
2026-06-05 06:32:20 transreid.train INFO: Epoch[83] Iter[20/275] Loss: 0.629, Acc: 0.998, Base Lr: 1.75e-04
2026-06-05 06:32:22 transreid.train INFO: Epoch[83] Iter[40/275] Loss: 0.562, Acc: 0.998, Base Lr: 1.75e-04
2026-06-05 06:32:24 transreid.train INFO: Epoch[83] Iter[60/275] Loss: 0.596, Acc: 0.998, Base Lr: 1.75e-04
2026-06-05 06:32:27 transreid.train INFO: Epoch[83] Iter[80/275] Loss: 0.584, Acc: 0.998, Base Lr: 1.75e-04
2026-06-05 06:32:29 transreid.train INFO: Epoch[83] Iter[100/275] Loss: 0.582, Acc: 0.998, Base Lr: 1.75e-04
2026-06-05 06:32:31 transreid.train INFO: Epoch[83] Iter[120/275] Loss: 0.582, Acc: 0.998, Base Lr: 1.75e-04
2026-06-05 06:32:33 transreid.train INFO: Epoch[83] Iter[140/275] Loss: 0.582, Acc: 0.998, Base Lr: 1.75e-04
2026-06-05 06:32:35 transreid.train INFO: Epoch[83] Iter[160/275] Loss: 0.578, Acc: 0.998, Base Lr: 1.75e-04
2026-06-05 06:32:37 transreid.train INFO: Epoch[83] Iter[180/275] Loss: 0.578, Acc: 0.998, Base Lr: 1.75e-04
2026-06-05 06:32:39 transreid.train INFO: Epoch[83] Iter[200/275] Loss: 0.588, Acc: 0.998, Base Lr: 1.75e-04
2026-06-05 06:32:41 transreid.train INFO: Epoch[83] Iter[220/275] Loss: 0.577, Acc: 0.998, Base Lr: 1.75e-04
2026-06-05 06:32:43 transreid.train INFO: Epoch[83] Iter[240/275] Loss: 0.579, Acc: 0.998, Base Lr: 1.75e-04
2026-06-05 06:32:46 transreid.train INFO: Epoch[83] Iter[260/275] Loss: 0.580, Acc: 0.998, Base Lr: 1.75e-04
2026-06-05 06:32:47 transreid.train INFO: Epoch 83 done. Time per epoch: 28.970[s] Speed: 603.1[samples/s]
2026-06-05 06:32:49 transreid.train INFO: Epoch[84] Iter[20/275] Loss: 0.552, Acc: 0.998, Base Lr: 1.66e-04
2026-06-05 06:32:51 transreid.train INFO: Epoch[84] Iter[40/275] Loss: 0.583, Acc: 0.998, Base Lr: 1.66e-04
2026-06-05 06:32:53 transreid.train INFO: Epoch[84] Iter[60/275] Loss: 0.562, Acc: 0.999, Base Lr: 1.66e-04
2026-06-05 06:32:56 transreid.train INFO: Epoch[84] Iter[80/275] Loss: 0.570, Acc: 0.999, Base Lr: 1.66e-04
2026-06-05 06:32:58 transreid.train INFO: Epoch[84] Iter[100/275] Loss: 0.603, Acc: 0.998, Base Lr: 1.66e-04
2026-06-05 06:33:00 transreid.train INFO: Epoch[84] Iter[120/275] Loss: 0.615, Acc: 0.998, Base Lr: 1.66e-04
2026-06-05 06:33:02 transreid.train INFO: Epoch[84] Iter[140/275] Loss: 0.616, Acc: 0.998, Base Lr: 1.66e-04
2026-06-05 06:33:04 transreid.train INFO: Epoch[84] Iter[160/275] Loss: 0.615, Acc: 0.999, Base Lr: 1.66e-04
2026-06-05 06:33:06 transreid.train INFO: Epoch[84] Iter[180/275] Loss: 0.611, Acc: 0.999, Base Lr: 1.66e-04
2026-06-05 06:33:08 transreid.train INFO: Epoch[84] Iter[200/275] Loss: 0.604, Acc: 0.999, Base Lr: 1.66e-04
2026-06-05 06:33:10 transreid.train INFO: Epoch[84] Iter[220/275] Loss: 0.604, Acc: 0.999, Base Lr: 1.66e-04
2026-06-05 06:33:12 transreid.train INFO: Epoch[84] Iter[240/275] Loss: 0.597, Acc: 0.999, Base Lr: 1.66e-04
2026-06-05 06:33:14 transreid.train INFO: Epoch[84] Iter[260/275] Loss: 0.597, Acc: 0.998, Base Lr: 1.66e-04
2026-06-05 06:33:16 transreid.train INFO: Epoch 84 done. Time per epoch: 29.072[s] Speed: 603.2[samples/s]
2026-06-05 06:33:18 transreid.train INFO: Epoch[85] Iter[20/275] Loss: 0.538, Acc: 0.998, Base Lr: 1.58e-04
2026-06-05 06:33:20 transreid.train INFO: Epoch[85] Iter[40/275] Loss: 0.576, Acc: 0.998, Base Lr: 1.58e-04
2026-06-05 06:33:23 transreid.train INFO: Epoch[85] Iter[60/275] Loss: 0.595, Acc: 0.997, Base Lr: 1.58e-04
2026-06-05 06:33:25 transreid.train INFO: Epoch[85] Iter[80/275] Loss: 0.597, Acc: 0.998, Base Lr: 1.58e-04
2026-06-05 06:33:27 transreid.train INFO: Epoch[85] Iter[100/275] Loss: 0.577, Acc: 0.998, Base Lr: 1.58e-04
2026-06-05 06:33:29 transreid.train INFO: Epoch[85] Iter[120/275] Loss: 0.581, Acc: 0.998, Base Lr: 1.58e-04
2026-06-05 06:33:31 transreid.train INFO: Epoch[85] Iter[140/275] Loss: 0.578, Acc: 0.998, Base Lr: 1.58e-04
2026-06-05 06:33:33 transreid.train INFO: Epoch[85] Iter[160/275] Loss: 0.586, Acc: 0.998, Base Lr: 1.58e-04
2026-06-05 06:33:35 transreid.train INFO: Epoch[85] Iter[180/275] Loss: 0.586, Acc: 0.998, Base Lr: 1.58e-04
2026-06-05 06:33:37 transreid.train INFO: Epoch[85] Iter[200/275] Loss: 0.583, Acc: 0.998, Base Lr: 1.58e-04
2026-06-05 06:33:39 transreid.train INFO: Epoch[85] Iter[220/275] Loss: 0.582, Acc: 0.998, Base Lr: 1.58e-04
2026-06-05 06:33:41 transreid.train INFO: Epoch[85] Iter[240/275] Loss: 0.581, Acc: 0.998, Base Lr: 1.58e-04
2026-06-05 06:33:44 transreid.train INFO: Epoch[85] Iter[260/275] Loss: 0.578, Acc: 0.998, Base Lr: 1.58e-04
2026-06-05 06:33:45 transreid.train INFO: Epoch 85 done. Time per epoch: 28.975[s] Speed: 603.0[samples/s]
2026-06-05 06:33:47 transreid.train INFO: Epoch[86] Iter[20/275] Loss: 0.520, Acc: 0.996, Base Lr: 1.50e-04
2026-06-05 06:33:49 transreid.train INFO: Epoch[86] Iter[40/275] Loss: 0.532, Acc: 0.997, Base Lr: 1.50e-04
2026-06-05 06:33:52 transreid.train INFO: Epoch[86] Iter[60/275] Loss: 0.549, Acc: 0.998, Base Lr: 1.50e-04
2026-06-05 06:33:54 transreid.train INFO: Epoch[86] Iter[80/275] Loss: 0.558, Acc: 0.998, Base Lr: 1.50e-04
2026-06-05 06:33:56 transreid.train INFO: Epoch[86] Iter[100/275] Loss: 0.565, Acc: 0.998, Base Lr: 1.50e-04
2026-06-05 06:33:58 transreid.train INFO: Epoch[86] Iter[120/275] Loss: 0.564, Acc: 0.998, Base Lr: 1.50e-04
2026-06-05 06:34:00 transreid.train INFO: Epoch[86] Iter[140/275] Loss: 0.573, Acc: 0.998, Base Lr: 1.50e-04
2026-06-05 06:34:02 transreid.train INFO: Epoch[86] Iter[160/275] Loss: 0.571, Acc: 0.998, Base Lr: 1.50e-04
2026-06-05 06:34:04 transreid.train INFO: Epoch[86] Iter[180/275] Loss: 0.570, Acc: 0.998, Base Lr: 1.50e-04
2026-06-05 06:34:06 transreid.train INFO: Epoch[86] Iter[200/275] Loss: 0.572, Acc: 0.998, Base Lr: 1.50e-04
2026-06-05 06:34:08 transreid.train INFO: Epoch[86] Iter[220/275] Loss: 0.564, Acc: 0.998, Base Lr: 1.50e-04
2026-06-05 06:34:10 transreid.train INFO: Epoch[86] Iter[240/275] Loss: 0.563, Acc: 0.998, Base Lr: 1.50e-04
2026-06-05 06:34:13 transreid.train INFO: Epoch[86] Iter[260/275] Loss: 0.559, Acc: 0.998, Base Lr: 1.50e-04
2026-06-05 06:34:14 transreid.train INFO: Epoch 86 done. Time per epoch: 29.082[s] Speed: 603.0[samples/s]
2026-06-05 06:34:16 transreid.train INFO: Epoch[87] Iter[20/275] Loss: 0.564, Acc: 0.999, Base Lr: 1.42e-04
2026-06-05 06:34:18 transreid.train INFO: Epoch[87] Iter[40/275] Loss: 0.536, Acc: 0.999, Base Lr: 1.42e-04
2026-06-05 06:34:21 transreid.train INFO: Epoch[87] Iter[60/275] Loss: 0.534, Acc: 0.998, Base Lr: 1.42e-04
2026-06-05 06:34:23 transreid.train INFO: Epoch[87] Iter[80/275] Loss: 0.533, Acc: 0.998, Base Lr: 1.42e-04
2026-06-05 06:34:25 transreid.train INFO: Epoch[87] Iter[100/275] Loss: 0.527, Acc: 0.999, Base Lr: 1.42e-04
2026-06-05 06:34:27 transreid.train INFO: Epoch[87] Iter[120/275] Loss: 0.534, Acc: 0.999, Base Lr: 1.42e-04
2026-06-05 06:34:29 transreid.train INFO: Epoch[87] Iter[140/275] Loss: 0.542, Acc: 0.999, Base Lr: 1.42e-04
2026-06-05 06:34:31 transreid.train INFO: Epoch[87] Iter[160/275] Loss: 0.545, Acc: 0.999, Base Lr: 1.42e-04
2026-06-05 06:34:33 transreid.train INFO: Epoch[87] Iter[180/275] Loss: 0.547, Acc: 0.999, Base Lr: 1.42e-04
2026-06-05 06:34:35 transreid.train INFO: Epoch[87] Iter[200/275] Loss: 0.543, Acc: 0.999, Base Lr: 1.42e-04
2026-06-05 06:34:37 transreid.train INFO: Epoch[87] Iter[220/275] Loss: 0.539, Acc: 0.999, Base Lr: 1.42e-04
2026-06-05 06:34:40 transreid.train INFO: Epoch[87] Iter[240/275] Loss: 0.552, Acc: 0.998, Base Lr: 1.42e-04
2026-06-05 06:34:42 transreid.train INFO: Epoch[87] Iter[260/275] Loss: 0.551, Acc: 0.998, Base Lr: 1.42e-04
2026-06-05 06:34:43 transreid.train INFO: Epoch 87 done. Time per epoch: 29.002[s] Speed: 602.4[samples/s]
2026-06-05 06:34:45 transreid.train INFO: Epoch[88] Iter[20/275] Loss: 0.531, Acc: 0.998, Base Lr: 1.34e-04
2026-06-05 06:34:47 transreid.train INFO: Epoch[88] Iter[40/275] Loss: 0.556, Acc: 0.998, Base Lr: 1.34e-04
2026-06-05 06:34:50 transreid.train INFO: Epoch[88] Iter[60/275] Loss: 0.548, Acc: 0.998, Base Lr: 1.34e-04
2026-06-05 06:34:52 transreid.train INFO: Epoch[88] Iter[80/275] Loss: 0.569, Acc: 0.999, Base Lr: 1.34e-04
2026-06-05 06:34:54 transreid.train INFO: Epoch[88] Iter[100/275] Loss: 0.575, Acc: 0.998, Base Lr: 1.34e-04
2026-06-05 06:34:56 transreid.train INFO: Epoch[88] Iter[120/275] Loss: 0.570, Acc: 0.999, Base Lr: 1.34e-04
2026-06-05 06:34:58 transreid.train INFO: Epoch[88] Iter[140/275] Loss: 0.556, Acc: 0.998, Base Lr: 1.34e-04
2026-06-05 06:35:00 transreid.train INFO: Epoch[88] Iter[160/275] Loss: 0.557, Acc: 0.998, Base Lr: 1.34e-04
2026-06-05 06:35:02 transreid.train INFO: Epoch[88] Iter[180/275] Loss: 0.558, Acc: 0.998, Base Lr: 1.34e-04
2026-06-05 06:35:04 transreid.train INFO: Epoch[88] Iter[200/275] Loss: 0.562, Acc: 0.999, Base Lr: 1.34e-04
2026-06-05 06:35:06 transreid.train INFO: Epoch[88] Iter[220/275] Loss: 0.558, Acc: 0.999, Base Lr: 1.34e-04
2026-06-05 06:35:09 transreid.train INFO: Epoch[88] Iter[240/275] Loss: 0.559, Acc: 0.998, Base Lr: 1.34e-04
2026-06-05 06:35:11 transreid.train INFO: Epoch[88] Iter[260/275] Loss: 0.558, Acc: 0.998, Base Lr: 1.34e-04
2026-06-05 06:35:12 transreid.train INFO: Epoch 88 done. Time per epoch: 29.098[s] Speed: 602.7[samples/s]
2026-06-05 06:35:14 transreid.train INFO: Epoch[89] Iter[20/275] Loss: 0.552, Acc: 1.000, Base Lr: 1.26e-04
2026-06-05 06:35:17 transreid.train INFO: Epoch[89] Iter[40/275] Loss: 0.580, Acc: 0.999, Base Lr: 1.26e-04
2026-06-05 06:35:19 transreid.train INFO: Epoch[89] Iter[60/275] Loss: 0.568, Acc: 0.998, Base Lr: 1.26e-04
2026-06-05 06:35:21 transreid.train INFO: Epoch[89] Iter[80/275] Loss: 0.572, Acc: 0.998, Base Lr: 1.26e-04
2026-06-05 06:35:23 transreid.train INFO: Epoch[89] Iter[100/275] Loss: 0.571, Acc: 0.999, Base Lr: 1.26e-04
2026-06-05 06:35:25 transreid.train INFO: Epoch[89] Iter[120/275] Loss: 0.567, Acc: 0.999, Base Lr: 1.26e-04
2026-06-05 06:35:27 transreid.train INFO: Epoch[89] Iter[140/275] Loss: 0.559, Acc: 0.999, Base Lr: 1.26e-04
2026-06-05 06:35:29 transreid.train INFO: Epoch[89] Iter[160/275] Loss: 0.561, Acc: 0.999, Base Lr: 1.26e-04
2026-06-05 06:35:31 transreid.train INFO: Epoch[89] Iter[180/275] Loss: 0.560, Acc: 0.999, Base Lr: 1.26e-04
2026-06-05 06:35:33 transreid.train INFO: Epoch[89] Iter[200/275] Loss: 0.561, Acc: 0.999, Base Lr: 1.26e-04
2026-06-05 06:35:36 transreid.train INFO: Epoch[89] Iter[220/275] Loss: 0.559, Acc: 0.999, Base Lr: 1.26e-04
2026-06-05 06:35:38 transreid.train INFO: Epoch[89] Iter[240/275] Loss: 0.557, Acc: 0.999, Base Lr: 1.26e-04
2026-06-05 06:35:40 transreid.train INFO: Epoch[89] Iter[260/275] Loss: 0.554, Acc: 0.998, Base Lr: 1.26e-04
2026-06-05 06:35:41 transreid.train INFO: Epoch 89 done. Time per epoch: 28.987[s] Speed: 602.7[samples/s]
2026-06-05 06:35:43 transreid.train INFO: Epoch[90] Iter[20/275] Loss: 0.581, Acc: 0.997, Base Lr: 1.19e-04
2026-06-05 06:35:46 transreid.train INFO: Epoch[90] Iter[40/275] Loss: 0.562, Acc: 0.997, Base Lr: 1.19e-04
2026-06-05 06:35:48 transreid.train INFO: Epoch[90] Iter[60/275] Loss: 0.589, Acc: 0.997, Base Lr: 1.19e-04
2026-06-05 06:35:50 transreid.train INFO: Epoch[90] Iter[80/275] Loss: 0.589, Acc: 0.998, Base Lr: 1.19e-04
2026-06-05 06:35:52 transreid.train INFO: Epoch[90] Iter[100/275] Loss: 0.579, Acc: 0.998, Base Lr: 1.19e-04
2026-06-05 06:35:54 transreid.train INFO: Epoch[90] Iter[120/275] Loss: 0.575, Acc: 0.998, Base Lr: 1.19e-04
2026-06-05 06:35:56 transreid.train INFO: Epoch[90] Iter[140/275] Loss: 0.577, Acc: 0.998, Base Lr: 1.19e-04
2026-06-05 06:35:58 transreid.train INFO: Epoch[90] Iter[160/275] Loss: 0.571, Acc: 0.998, Base Lr: 1.19e-04
2026-06-05 06:36:00 transreid.train INFO: Epoch[90] Iter[180/275] Loss: 0.563, Acc: 0.998, Base Lr: 1.19e-04
2026-06-05 06:36:02 transreid.train INFO: Epoch[90] Iter[200/275] Loss: 0.563, Acc: 0.998, Base Lr: 1.19e-04
2026-06-05 06:36:04 transreid.train INFO: Epoch[90] Iter[220/275] Loss: 0.567, Acc: 0.998, Base Lr: 1.19e-04
2026-06-05 06:36:07 transreid.train INFO: Epoch[90] Iter[240/275] Loss: 0.566, Acc: 0.998, Base Lr: 1.19e-04
2026-06-05 06:36:09 transreid.train INFO: Epoch[90] Iter[260/275] Loss: 0.567, Acc: 0.997, Base Lr: 1.19e-04
2026-06-05 06:36:10 transreid.train INFO: Epoch 90 done. Time per epoch: 29.073[s] Speed: 603.2[samples/s]
2026-06-05 06:36:13 transreid.train INFO: Epoch[91] Iter[20/275] Loss: 0.547, Acc: 0.998, Base Lr: 1.11e-04
2026-06-05 06:36:15 transreid.train INFO: Epoch[91] Iter[40/275] Loss: 0.547, Acc: 0.998, Base Lr: 1.11e-04
2026-06-05 06:36:17 transreid.train INFO: Epoch[91] Iter[60/275] Loss: 0.548, Acc: 0.999, Base Lr: 1.11e-04
2026-06-05 06:36:19 transreid.train INFO: Epoch[91] Iter[80/275] Loss: 0.549, Acc: 0.998, Base Lr: 1.11e-04
2026-06-05 06:36:21 transreid.train INFO: Epoch[91] Iter[100/275] Loss: 0.537, Acc: 0.998, Base Lr: 1.11e-04
2026-06-05 06:36:23 transreid.train INFO: Epoch[91] Iter[120/275] Loss: 0.537, Acc: 0.999, Base Lr: 1.11e-04
2026-06-05 06:36:25 transreid.train INFO: Epoch[91] Iter[140/275] Loss: 0.550, Acc: 0.999, Base Lr: 1.11e-04
2026-06-05 06:36:27 transreid.train INFO: Epoch[91] Iter[160/275] Loss: 0.552, Acc: 0.999, Base Lr: 1.11e-04
2026-06-05 06:36:29 transreid.train INFO: Epoch[91] Iter[180/275] Loss: 0.555, Acc: 0.998, Base Lr: 1.11e-04
2026-06-05 06:36:31 transreid.train INFO: Epoch[91] Iter[200/275] Loss: 0.547, Acc: 0.998, Base Lr: 1.11e-04
2026-06-05 06:36:34 transreid.train INFO: Epoch[91] Iter[220/275] Loss: 0.548, Acc: 0.998, Base Lr: 1.11e-04
2026-06-05 06:36:36 transreid.train INFO: Epoch[91] Iter[240/275] Loss: 0.547, Acc: 0.998, Base Lr: 1.11e-04
2026-06-05 06:36:38 transreid.train INFO: Epoch[91] Iter[260/275] Loss: 0.546, Acc: 0.998, Base Lr: 1.11e-04
2026-06-05 06:36:39 transreid.train INFO: Epoch 91 done. Time per epoch: 29.003[s] Speed: 602.4[samples/s]
2026-06-05 06:36:42 transreid.train INFO: Epoch[92] Iter[20/275] Loss: 0.551, Acc: 0.999, Base Lr: 1.04e-04
2026-06-05 06:36:44 transreid.train INFO: Epoch[92] Iter[40/275] Loss: 0.560, Acc: 0.999, Base Lr: 1.04e-04
2026-06-05 06:36:46 transreid.train INFO: Epoch[92] Iter[60/275] Loss: 0.563, Acc: 0.998, Base Lr: 1.04e-04
2026-06-05 06:36:48 transreid.train INFO: Epoch[92] Iter[80/275] Loss: 0.569, Acc: 0.999, Base Lr: 1.04e-04
2026-06-05 06:36:50 transreid.train INFO: Epoch[92] Iter[100/275] Loss: 0.555, Acc: 0.999, Base Lr: 1.04e-04
2026-06-05 06:36:52 transreid.train INFO: Epoch[92] Iter[120/275] Loss: 0.554, Acc: 0.998, Base Lr: 1.04e-04
2026-06-05 06:36:54 transreid.train INFO: Epoch[92] Iter[140/275] Loss: 0.553, Acc: 0.998, Base Lr: 1.04e-04
2026-06-05 06:36:56 transreid.train INFO: Epoch[92] Iter[160/275] Loss: 0.554, Acc: 0.998, Base Lr: 1.04e-04
2026-06-05 06:36:58 transreid.train INFO: Epoch[92] Iter[180/275] Loss: 0.551, Acc: 0.998, Base Lr: 1.04e-04
2026-06-05 06:37:01 transreid.train INFO: Epoch[92] Iter[200/275] Loss: 0.545, Acc: 0.998, Base Lr: 1.04e-04
2026-06-05 06:37:03 transreid.train INFO: Epoch[92] Iter[220/275] Loss: 0.545, Acc: 0.998, Base Lr: 1.04e-04
2026-06-05 06:37:05 transreid.train INFO: Epoch[92] Iter[240/275] Loss: 0.543, Acc: 0.998, Base Lr: 1.04e-04
2026-06-05 06:37:07 transreid.train INFO: Epoch[92] Iter[260/275] Loss: 0.549, Acc: 0.998, Base Lr: 1.04e-04
2026-06-05 06:37:08 transreid.train INFO: Epoch 92 done. Time per epoch: 29.109[s] Speed: 602.4[samples/s]
2026-06-05 06:37:11 transreid.train INFO: Epoch[93] Iter[20/275] Loss: 0.536, Acc: 0.997, Base Lr: 9.72e-05
2026-06-05 06:37:13 transreid.train INFO: Epoch[93] Iter[40/275] Loss: 0.544, Acc: 0.997, Base Lr: 9.72e-05
2026-06-05 06:37:15 transreid.train INFO: Epoch[93] Iter[60/275] Loss: 0.566, Acc: 0.998, Base Lr: 9.72e-05
2026-06-05 06:37:17 transreid.train INFO: Epoch[93] Iter[80/275] Loss: 0.575, Acc: 0.998, Base Lr: 9.72e-05
2026-06-05 06:37:19 transreid.train INFO: Epoch[93] Iter[100/275] Loss: 0.568, Acc: 0.998, Base Lr: 9.72e-05
2026-06-05 06:37:21 transreid.train INFO: Epoch[93] Iter[120/275] Loss: 0.563, Acc: 0.998, Base Lr: 9.72e-05
2026-06-05 06:37:23 transreid.train INFO: Epoch[93] Iter[140/275] Loss: 0.565, Acc: 0.998, Base Lr: 9.72e-05
2026-06-05 06:37:25 transreid.train INFO: Epoch[93] Iter[160/275] Loss: 0.566, Acc: 0.998, Base Lr: 9.72e-05
2026-06-05 06:37:27 transreid.train INFO: Epoch[93] Iter[180/275] Loss: 0.574, Acc: 0.998, Base Lr: 9.72e-05
2026-06-05 06:37:30 transreid.train INFO: Epoch[93] Iter[200/275] Loss: 0.574, Acc: 0.998, Base Lr: 9.72e-05
2026-06-05 06:37:32 transreid.train INFO: Epoch[93] Iter[220/275] Loss: 0.572, Acc: 0.998, Base Lr: 9.72e-05
2026-06-05 06:37:34 transreid.train INFO: Epoch[93] Iter[240/275] Loss: 0.570, Acc: 0.998, Base Lr: 9.72e-05
2026-06-05 06:37:36 transreid.train INFO: Epoch[93] Iter[260/275] Loss: 0.569, Acc: 0.998, Base Lr: 9.72e-05
2026-06-05 06:37:37 transreid.train INFO: Epoch 93 done. Time per epoch: 28.977[s] Speed: 603.0[samples/s]
2026-06-05 06:37:40 transreid.train INFO: Epoch[94] Iter[20/275] Loss: 0.599, Acc: 0.998, Base Lr: 9.06e-05
2026-06-05 06:37:42 transreid.train INFO: Epoch[94] Iter[40/275] Loss: 0.601, Acc: 0.998, Base Lr: 9.06e-05
2026-06-05 06:37:44 transreid.train INFO: Epoch[94] Iter[60/275] Loss: 0.593, Acc: 0.998, Base Lr: 9.06e-05
2026-06-05 06:37:46 transreid.train INFO: Epoch[94] Iter[80/275] Loss: 0.595, Acc: 0.998, Base Lr: 9.06e-05
2026-06-05 06:37:48 transreid.train INFO: Epoch[94] Iter[100/275] Loss: 0.601, Acc: 0.998, Base Lr: 9.06e-05
2026-06-05 06:37:50 transreid.train INFO: Epoch[94] Iter[120/275] Loss: 0.590, Acc: 0.999, Base Lr: 9.06e-05
2026-06-05 06:37:52 transreid.train INFO: Epoch[94] Iter[140/275] Loss: 0.578, Acc: 0.998, Base Lr: 9.06e-05
2026-06-05 06:37:54 transreid.train INFO: Epoch[94] Iter[160/275] Loss: 0.569, Acc: 0.998, Base Lr: 9.06e-05
2026-06-05 06:37:56 transreid.train INFO: Epoch[94] Iter[180/275] Loss: 0.567, Acc: 0.998, Base Lr: 9.06e-05
2026-06-05 06:37:59 transreid.train INFO: Epoch[94] Iter[200/275] Loss: 0.566, Acc: 0.998, Base Lr: 9.06e-05
2026-06-05 06:38:01 transreid.train INFO: Epoch[94] Iter[220/275] Loss: 0.567, Acc: 0.998, Base Lr: 9.06e-05
2026-06-05 06:38:03 transreid.train INFO: Epoch[94] Iter[240/275] Loss: 0.565, Acc: 0.998, Base Lr: 9.06e-05
2026-06-05 06:38:05 transreid.train INFO: Epoch[94] Iter[260/275] Loss: 0.563, Acc: 0.998, Base Lr: 9.06e-05
2026-06-05 06:38:06 transreid.train INFO: Epoch 94 done. Time per epoch: 28.996[s] Speed: 602.6[samples/s]
2026-06-05 06:38:09 transreid.train INFO: Epoch[95] Iter[20/275] Loss: 0.553, Acc: 0.998, Base Lr: 8.41e-05
2026-06-05 06:38:11 transreid.train INFO: Epoch[95] Iter[40/275] Loss: 0.532, Acc: 0.999, Base Lr: 8.41e-05
2026-06-05 06:38:13 transreid.train INFO: Epoch[95] Iter[60/275] Loss: 0.533, Acc: 0.998, Base Lr: 8.41e-05
2026-06-05 06:38:15 transreid.train INFO: Epoch[95] Iter[80/275] Loss: 0.540, Acc: 0.998, Base Lr: 8.41e-05
2026-06-05 06:38:17 transreid.train INFO: Epoch[95] Iter[100/275] Loss: 0.531, Acc: 0.998, Base Lr: 8.41e-05
2026-06-05 06:38:19 transreid.train INFO: Epoch[95] Iter[120/275] Loss: 0.531, Acc: 0.998, Base Lr: 8.41e-05
2026-06-05 06:38:21 transreid.train INFO: Epoch[95] Iter[140/275] Loss: 0.545, Acc: 0.998, Base Lr: 8.41e-05
2026-06-05 06:38:23 transreid.train INFO: Epoch[95] Iter[160/275] Loss: 0.550, Acc: 0.998, Base Lr: 8.41e-05
2026-06-05 06:38:25 transreid.train INFO: Epoch[95] Iter[180/275] Loss: 0.546, Acc: 0.998, Base Lr: 8.41e-05
2026-06-05 06:38:28 transreid.train INFO: Epoch[95] Iter[200/275] Loss: 0.541, Acc: 0.998, Base Lr: 8.41e-05
2026-06-05 06:38:30 transreid.train INFO: Epoch[95] Iter[220/275] Loss: 0.543, Acc: 0.998, Base Lr: 8.41e-05
2026-06-05 06:38:32 transreid.train INFO: Epoch[95] Iter[240/275] Loss: 0.545, Acc: 0.998, Base Lr: 8.41e-05
2026-06-05 06:38:34 transreid.train INFO: Epoch[95] Iter[260/275] Loss: 0.545, Acc: 0.998, Base Lr: 8.41e-05
2026-06-05 06:38:35 transreid.train INFO: Epoch 95 done. Time per epoch: 29.085[s] Speed: 602.9[samples/s]
2026-06-05 06:38:38 transreid.train INFO: Epoch[96] Iter[20/275] Loss: 0.584, Acc: 0.998, Base Lr: 7.78e-05
2026-06-05 06:38:40 transreid.train INFO: Epoch[96] Iter[40/275] Loss: 0.526, Acc: 0.998, Base Lr: 7.78e-05
2026-06-05 06:38:42 transreid.train INFO: Epoch[96] Iter[60/275] Loss: 0.527, Acc: 0.998, Base Lr: 7.78e-05
2026-06-05 06:38:44 transreid.train INFO: Epoch[96] Iter[80/275] Loss: 0.540, Acc: 0.998, Base Lr: 7.78e-05
2026-06-05 06:38:46 transreid.train INFO: Epoch[96] Iter[100/275] Loss: 0.553, Acc: 0.999, Base Lr: 7.78e-05
2026-06-05 06:38:48 transreid.train INFO: Epoch[96] Iter[120/275] Loss: 0.565, Acc: 0.998, Base Lr: 7.78e-05
2026-06-05 06:38:50 transreid.train INFO: Epoch[96] Iter[140/275] Loss: 0.568, Acc: 0.998, Base Lr: 7.78e-05
2026-06-05 06:38:52 transreid.train INFO: Epoch[96] Iter[160/275] Loss: 0.564, Acc: 0.999, Base Lr: 7.78e-05
2026-06-05 06:38:55 transreid.train INFO: Epoch[96] Iter[180/275] Loss: 0.563, Acc: 0.999, Base Lr: 7.78e-05
2026-06-05 06:38:57 transreid.train INFO: Epoch[96] Iter[200/275] Loss: 0.559, Acc: 0.999, Base Lr: 7.78e-05
2026-06-05 06:38:59 transreid.train INFO: Epoch[96] Iter[220/275] Loss: 0.561, Acc: 0.999, Base Lr: 7.78e-05
2026-06-05 06:39:01 transreid.train INFO: Epoch[96] Iter[240/275] Loss: 0.565, Acc: 0.999, Base Lr: 7.78e-05
2026-06-05 06:39:03 transreid.train INFO: Epoch[96] Iter[260/275] Loss: 0.563, Acc: 0.999, Base Lr: 7.78e-05
2026-06-05 06:39:04 transreid.train INFO: Epoch 96 done. Time per epoch: 29.104[s] Speed: 602.5[samples/s]
2026-06-05 06:39:07 transreid.train INFO: Epoch[97] Iter[20/275] Loss: 0.535, Acc: 0.997, Base Lr: 7.18e-05
2026-06-05 06:39:09 transreid.train INFO: Epoch[97] Iter[40/275] Loss: 0.537, Acc: 0.998, Base Lr: 7.18e-05
2026-06-05 06:39:11 transreid.train INFO: Epoch[97] Iter[60/275] Loss: 0.538, Acc: 0.997, Base Lr: 7.18e-05
2026-06-05 06:39:13 transreid.train INFO: Epoch[97] Iter[80/275] Loss: 0.531, Acc: 0.997, Base Lr: 7.18e-05
2026-06-05 06:39:15 transreid.train INFO: Epoch[97] Iter[100/275] Loss: 0.519, Acc: 0.997, Base Lr: 7.18e-05
2026-06-05 06:39:17 transreid.train INFO: Epoch[97] Iter[120/275] Loss: 0.520, Acc: 0.997, Base Lr: 7.18e-05
2026-06-05 06:39:19 transreid.train INFO: Epoch[97] Iter[140/275] Loss: 0.528, Acc: 0.998, Base Lr: 7.18e-05
2026-06-05 06:39:22 transreid.train INFO: Epoch[97] Iter[160/275] Loss: 0.543, Acc: 0.998, Base Lr: 7.18e-05
2026-06-05 06:39:24 transreid.train INFO: Epoch[97] Iter[180/275] Loss: 0.542, Acc: 0.998, Base Lr: 7.18e-05
2026-06-05 06:39:26 transreid.train INFO: Epoch[97] Iter[200/275] Loss: 0.538, Acc: 0.998, Base Lr: 7.18e-05
2026-06-05 06:39:28 transreid.train INFO: Epoch[97] Iter[220/275] Loss: 0.538, Acc: 0.998, Base Lr: 7.18e-05
2026-06-05 06:39:30 transreid.train INFO: Epoch[97] Iter[240/275] Loss: 0.539, Acc: 0.998, Base Lr: 7.18e-05
2026-06-05 06:39:32 transreid.train INFO: Epoch[97] Iter[260/275] Loss: 0.534, Acc: 0.998, Base Lr: 7.18e-05
2026-06-05 06:39:34 transreid.train INFO: Epoch 97 done. Time per epoch: 29.087[s] Speed: 602.9[samples/s]
2026-06-05 06:39:36 transreid.train INFO: Epoch[98] Iter[20/275] Loss: 0.531, Acc: 0.999, Base Lr: 6.60e-05
2026-06-05 06:39:38 transreid.train INFO: Epoch[98] Iter[40/275] Loss: 0.542, Acc: 0.999, Base Lr: 6.60e-05
2026-06-05 06:39:40 transreid.train INFO: Epoch[98] Iter[60/275] Loss: 0.553, Acc: 0.998, Base Lr: 6.60e-05
2026-06-05 06:39:42 transreid.train INFO: Epoch[98] Iter[80/275] Loss: 0.534, Acc: 0.999, Base Lr: 6.60e-05
2026-06-05 06:39:44 transreid.train INFO: Epoch[98] Iter[100/275] Loss: 0.538, Acc: 0.999, Base Lr: 6.60e-05
2026-06-05 06:39:46 transreid.train INFO: Epoch[98] Iter[120/275] Loss: 0.535, Acc: 0.998, Base Lr: 6.60e-05
2026-06-05 06:39:49 transreid.train INFO: Epoch[98] Iter[140/275] Loss: 0.533, Acc: 0.998, Base Lr: 6.60e-05
2026-06-05 06:39:51 transreid.train INFO: Epoch[98] Iter[160/275] Loss: 0.542, Acc: 0.998, Base Lr: 6.60e-05
2026-06-05 06:39:53 transreid.train INFO: Epoch[98] Iter[180/275] Loss: 0.547, Acc: 0.998, Base Lr: 6.60e-05
2026-06-05 06:39:55 transreid.train INFO: Epoch[98] Iter[200/275] Loss: 0.547, Acc: 0.998, Base Lr: 6.60e-05
2026-06-05 06:39:57 transreid.train INFO: Epoch[98] Iter[220/275] Loss: 0.543, Acc: 0.998, Base Lr: 6.60e-05
2026-06-05 06:39:59 transreid.train INFO: Epoch[98] Iter[240/275] Loss: 0.546, Acc: 0.998, Base Lr: 6.60e-05
2026-06-05 06:40:01 transreid.train INFO: Epoch[98] Iter[260/275] Loss: 0.547, Acc: 0.998, Base Lr: 6.60e-05
2026-06-05 06:40:03 transreid.train INFO: Epoch 98 done. Time per epoch: 29.105[s] Speed: 602.5[samples/s]
2026-06-05 06:40:05 transreid.train INFO: Epoch[99] Iter[20/275] Loss: 0.493, Acc: 1.000, Base Lr: 6.04e-05
2026-06-05 06:40:07 transreid.train INFO: Epoch[99] Iter[40/275] Loss: 0.504, Acc: 1.000, Base Lr: 6.04e-05
2026-06-05 06:40:09 transreid.train INFO: Epoch[99] Iter[60/275] Loss: 0.505, Acc: 0.999, Base Lr: 6.04e-05
2026-06-05 06:40:11 transreid.train INFO: Epoch[99] Iter[80/275] Loss: 0.506, Acc: 0.999, Base Lr: 6.04e-05
2026-06-05 06:40:13 transreid.train INFO: Epoch[99] Iter[100/275] Loss: 0.516, Acc: 0.999, Base Lr: 6.04e-05
2026-06-05 06:40:16 transreid.train INFO: Epoch[99] Iter[120/275] Loss: 0.519, Acc: 0.999, Base Lr: 6.04e-05
2026-06-05 06:40:18 transreid.train INFO: Epoch[99] Iter[140/275] Loss: 0.530, Acc: 0.999, Base Lr: 6.04e-05
2026-06-05 06:40:20 transreid.train INFO: Epoch[99] Iter[160/275] Loss: 0.536, Acc: 0.999, Base Lr: 6.04e-05
2026-06-05 06:40:22 transreid.train INFO: Epoch[99] Iter[180/275] Loss: 0.539, Acc: 0.999, Base Lr: 6.04e-05
2026-06-05 06:40:24 transreid.train INFO: Epoch[99] Iter[200/275] Loss: 0.541, Acc: 0.999, Base Lr: 6.04e-05
2026-06-05 06:40:26 transreid.train INFO: Epoch[99] Iter[220/275] Loss: 0.541, Acc: 0.999, Base Lr: 6.04e-05
2026-06-05 06:40:28 transreid.train INFO: Epoch[99] Iter[240/275] Loss: 0.536, Acc: 0.999, Base Lr: 6.04e-05
2026-06-05 06:40:30 transreid.train INFO: Epoch[99] Iter[260/275] Loss: 0.545, Acc: 0.998, Base Lr: 6.04e-05
2026-06-05 06:40:32 transreid.train INFO: Epoch 99 done. Time per epoch: 29.098[s] Speed: 602.6[samples/s]
2026-06-05 06:40:34 transreid.train INFO: Epoch[100] Iter[20/275] Loss: 0.650, Acc: 0.998, Base Lr: 5.51e-05
2026-06-05 06:40:36 transreid.train INFO: Epoch[100] Iter[40/275] Loss: 0.594, Acc: 0.998, Base Lr: 5.51e-05
2026-06-05 06:40:38 transreid.train INFO: Epoch[100] Iter[60/275] Loss: 0.589, Acc: 0.998, Base Lr: 5.51e-05
2026-06-05 06:40:40 transreid.train INFO: Epoch[100] Iter[80/275] Loss: 0.563, Acc: 0.998, Base Lr: 5.51e-05
2026-06-05 06:40:43 transreid.train INFO: Epoch[100] Iter[100/275] Loss: 0.562, Acc: 0.999, Base Lr: 5.51e-05
2026-06-05 06:40:45 transreid.train INFO: Epoch[100] Iter[120/275] Loss: 0.571, Acc: 0.999, Base Lr: 5.51e-05
2026-06-05 06:40:47 transreid.train INFO: Epoch[100] Iter[140/275] Loss: 0.563, Acc: 0.999, Base Lr: 5.51e-05
2026-06-05 06:40:49 transreid.train INFO: Epoch[100] Iter[160/275] Loss: 0.559, Acc: 0.999, Base Lr: 5.51e-05
2026-06-05 06:40:51 transreid.train INFO: Epoch[100] Iter[180/275] Loss: 0.555, Acc: 0.999, Base Lr: 5.51e-05
2026-06-05 06:40:53 transreid.train INFO: Epoch[100] Iter[200/275] Loss: 0.554, Acc: 0.999, Base Lr: 5.51e-05
2026-06-05 06:40:55 transreid.train INFO: Epoch[100] Iter[220/275] Loss: 0.553, Acc: 0.998, Base Lr: 5.51e-05
2026-06-05 06:40:57 transreid.train INFO: Epoch[100] Iter[240/275] Loss: 0.550, Acc: 0.998, Base Lr: 5.51e-05
2026-06-05 06:40:59 transreid.train INFO: Epoch[100] Iter[260/275] Loss: 0.556, Acc: 0.998, Base Lr: 5.51e-05
2026-06-05 06:41:01 transreid.train INFO: Epoch 100 done. Time per epoch: 29.010[s] Speed: 602.3[samples/s]
The test feature is normalized
=> Computing DistMat with euclidean_distance
2026-06-05 06:41:15 transreid.train INFO: Validation Results - Epoch: 100
2026-06-05 06:41:15 transreid.train INFO: mAP: 75.8%
2026-06-05 06:41:15 transreid.train INFO: CMC curve, Rank-1  :85.3%
2026-06-05 06:41:15 transreid.train INFO: CMC curve, Rank-5  :94.1%
2026-06-05 06:41:15 transreid.train INFO: CMC curve, Rank-10 :96.6%
2026-06-05 06:41:17 transreid.train INFO: Epoch[101] Iter[20/275] Loss: 0.613, Acc: 0.998, Base Lr: 5.00e-05
2026-06-05 06:41:19 transreid.train INFO: Epoch[101] Iter[40/275] Loss: 0.607, Acc: 0.999, Base Lr: 5.00e-05
2026-06-05 06:41:21 transreid.train INFO: Epoch[101] Iter[60/275] Loss: 0.591, Acc: 0.998, Base Lr: 5.00e-05
2026-06-05 06:41:23 transreid.train INFO: Epoch[101] Iter[80/275] Loss: 0.577, Acc: 0.999, Base Lr: 5.00e-05
2026-06-05 06:41:26 transreid.train INFO: Epoch[101] Iter[100/275] Loss: 0.580, Acc: 0.999, Base Lr: 5.00e-05
2026-06-05 06:41:28 transreid.train INFO: Epoch[101] Iter[120/275] Loss: 0.570, Acc: 0.999, Base Lr: 5.00e-05
2026-06-05 06:41:30 transreid.train INFO: Epoch[101] Iter[140/275] Loss: 0.564, Acc: 0.998, Base Lr: 5.00e-05
2026-06-05 06:41:32 transreid.train INFO: Epoch[101] Iter[160/275] Loss: 0.564, Acc: 0.998, Base Lr: 5.00e-05
2026-06-05 06:41:34 transreid.train INFO: Epoch[101] Iter[180/275] Loss: 0.557, Acc: 0.998, Base Lr: 5.00e-05
2026-06-05 06:41:36 transreid.train INFO: Epoch[101] Iter[200/275] Loss: 0.555, Acc: 0.998, Base Lr: 5.00e-05
2026-06-05 06:41:38 transreid.train INFO: Epoch[101] Iter[220/275] Loss: 0.558, Acc: 0.998, Base Lr: 5.00e-05
2026-06-05 06:41:40 transreid.train INFO: Epoch[101] Iter[240/275] Loss: 0.557, Acc: 0.998, Base Lr: 5.00e-05
2026-06-05 06:41:42 transreid.train INFO: Epoch[101] Iter[260/275] Loss: 0.554, Acc: 0.998, Base Lr: 5.00e-05
2026-06-05 06:41:44 transreid.train INFO: Epoch 101 done. Time per epoch: 29.000[s] Speed: 602.5[samples/s]
2026-06-05 06:41:46 transreid.train INFO: Epoch[102] Iter[20/275] Loss: 0.578, Acc: 0.997, Base Lr: 4.51e-05
2026-06-05 06:41:48 transreid.train INFO: Epoch[102] Iter[40/275] Loss: 0.570, Acc: 0.998, Base Lr: 4.51e-05
2026-06-05 06:41:50 transreid.train INFO: Epoch[102] Iter[60/275] Loss: 0.567, Acc: 0.998, Base Lr: 4.51e-05
2026-06-05 06:41:52 transreid.train INFO: Epoch[102] Iter[80/275] Loss: 0.571, Acc: 0.998, Base Lr: 4.51e-05
2026-06-05 06:41:55 transreid.train INFO: Epoch[102] Iter[100/275] Loss: 0.564, Acc: 0.999, Base Lr: 4.51e-05
2026-06-05 06:41:57 transreid.train INFO: Epoch[102] Iter[120/275] Loss: 0.570, Acc: 0.998, Base Lr: 4.51e-05
2026-06-05 06:41:59 transreid.train INFO: Epoch[102] Iter[140/275] Loss: 0.571, Acc: 0.998, Base Lr: 4.51e-05
2026-06-05 06:42:01 transreid.train INFO: Epoch[102] Iter[160/275] Loss: 0.575, Acc: 0.998, Base Lr: 4.51e-05
2026-06-05 06:42:03 transreid.train INFO: Epoch[102] Iter[180/275] Loss: 0.564, Acc: 0.998, Base Lr: 4.51e-05
2026-06-05 06:42:05 transreid.train INFO: Epoch[102] Iter[200/275] Loss: 0.563, Acc: 0.998, Base Lr: 4.51e-05
2026-06-05 06:42:07 transreid.train INFO: Epoch[102] Iter[220/275] Loss: 0.563, Acc: 0.998, Base Lr: 4.51e-05
2026-06-05 06:42:09 transreid.train INFO: Epoch[102] Iter[240/275] Loss: 0.557, Acc: 0.998, Base Lr: 4.51e-05
2026-06-05 06:42:11 transreid.train INFO: Epoch[102] Iter[260/275] Loss: 0.557, Acc: 0.998, Base Lr: 4.51e-05
2026-06-05 06:42:13 transreid.train INFO: Epoch 102 done. Time per epoch: 28.990[s] Speed: 602.7[samples/s]
2026-06-05 06:42:15 transreid.train INFO: Epoch[103] Iter[20/275] Loss: 0.585, Acc: 0.998, Base Lr: 4.05e-05
2026-06-05 06:42:17 transreid.train INFO: Epoch[103] Iter[40/275] Loss: 0.568, Acc: 0.998, Base Lr: 4.05e-05
2026-06-05 06:42:19 transreid.train INFO: Epoch[103] Iter[60/275] Loss: 0.575, Acc: 0.998, Base Lr: 4.05e-05
2026-06-05 06:42:21 transreid.train INFO: Epoch[103] Iter[80/275] Loss: 0.579, Acc: 0.999, Base Lr: 4.05e-05
2026-06-05 06:42:24 transreid.train INFO: Epoch[103] Iter[100/275] Loss: 0.576, Acc: 0.999, Base Lr: 4.05e-05
2026-06-05 06:42:26 transreid.train INFO: Epoch[103] Iter[120/275] Loss: 0.573, Acc: 0.999, Base Lr: 4.05e-05
2026-06-05 06:42:28 transreid.train INFO: Epoch[103] Iter[140/275] Loss: 0.562, Acc: 0.999, Base Lr: 4.05e-05
2026-06-05 06:42:30 transreid.train INFO: Epoch[103] Iter[160/275] Loss: 0.555, Acc: 0.999, Base Lr: 4.05e-05
2026-06-05 06:42:32 transreid.train INFO: Epoch[103] Iter[180/275] Loss: 0.553, Acc: 0.999, Base Lr: 4.05e-05
2026-06-05 06:42:34 transreid.train INFO: Epoch[103] Iter[200/275] Loss: 0.545, Acc: 0.999, Base Lr: 4.05e-05
2026-06-05 06:42:36 transreid.train INFO: Epoch[103] Iter[220/275] Loss: 0.550, Acc: 0.999, Base Lr: 4.05e-05
2026-06-05 06:42:38 transreid.train INFO: Epoch[103] Iter[240/275] Loss: 0.552, Acc: 0.999, Base Lr: 4.05e-05
2026-06-05 06:42:40 transreid.train INFO: Epoch[103] Iter[260/275] Loss: 0.550, Acc: 0.998, Base Lr: 4.05e-05
2026-06-05 06:42:42 transreid.train INFO: Epoch 103 done. Time per epoch: 28.978[s] Speed: 602.9[samples/s]
2026-06-05 06:42:44 transreid.train INFO: Epoch[104] Iter[20/275] Loss: 0.514, Acc: 0.998, Base Lr: 3.61e-05
2026-06-05 06:42:46 transreid.train INFO: Epoch[104] Iter[40/275] Loss: 0.531, Acc: 0.997, Base Lr: 3.61e-05
2026-06-05 06:42:48 transreid.train INFO: Epoch[104] Iter[60/275] Loss: 0.537, Acc: 0.998, Base Lr: 3.61e-05
2026-06-05 06:42:50 transreid.train INFO: Epoch[104] Iter[80/275] Loss: 0.541, Acc: 0.998, Base Lr: 3.61e-05
2026-06-05 06:42:53 transreid.train INFO: Epoch[104] Iter[100/275] Loss: 0.556, Acc: 0.998, Base Lr: 3.61e-05
2026-06-05 06:42:55 transreid.train INFO: Epoch[104] Iter[120/275] Loss: 0.562, Acc: 0.997, Base Lr: 3.61e-05
2026-06-05 06:42:57 transreid.train INFO: Epoch[104] Iter[140/275] Loss: 0.558, Acc: 0.998, Base Lr: 3.61e-05
2026-06-05 06:42:59 transreid.train INFO: Epoch[104] Iter[160/275] Loss: 0.553, Acc: 0.998, Base Lr: 3.61e-05
2026-06-05 06:43:01 transreid.train INFO: Epoch[104] Iter[180/275] Loss: 0.556, Acc: 0.998, Base Lr: 3.61e-05
2026-06-05 06:43:03 transreid.train INFO: Epoch[104] Iter[200/275] Loss: 0.561, Acc: 0.998, Base Lr: 3.61e-05
2026-06-05 06:43:05 transreid.train INFO: Epoch[104] Iter[220/275] Loss: 0.555, Acc: 0.998, Base Lr: 3.61e-05
2026-06-05 06:43:07 transreid.train INFO: Epoch[104] Iter[240/275] Loss: 0.552, Acc: 0.998, Base Lr: 3.61e-05
2026-06-05 06:43:09 transreid.train INFO: Epoch[104] Iter[260/275] Loss: 0.554, Acc: 0.998, Base Lr: 3.61e-05
2026-06-05 06:43:11 transreid.train INFO: Epoch 104 done. Time per epoch: 28.975[s] Speed: 603.0[samples/s]
2026-06-05 06:43:13 transreid.train INFO: Epoch[105] Iter[20/275] Loss: 0.535, Acc: 0.998, Base Lr: 3.20e-05
2026-06-05 06:43:15 transreid.train INFO: Epoch[105] Iter[40/275] Loss: 0.536, Acc: 0.998, Base Lr: 3.20e-05
2026-06-05 06:43:17 transreid.train INFO: Epoch[105] Iter[60/275] Loss: 0.531, Acc: 0.998, Base Lr: 3.20e-05
2026-06-05 06:43:19 transreid.train INFO: Epoch[105] Iter[80/275] Loss: 0.541, Acc: 0.998, Base Lr: 3.20e-05
2026-06-05 06:43:22 transreid.train INFO: Epoch[105] Iter[100/275] Loss: 0.547, Acc: 0.998, Base Lr: 3.20e-05
2026-06-05 06:43:24 transreid.train INFO: Epoch[105] Iter[120/275] Loss: 0.534, Acc: 0.998, Base Lr: 3.20e-05
2026-06-05 06:43:26 transreid.train INFO: Epoch[105] Iter[140/275] Loss: 0.546, Acc: 0.998, Base Lr: 3.20e-05
2026-06-05 06:43:28 transreid.train INFO: Epoch[105] Iter[160/275] Loss: 0.560, Acc: 0.998, Base Lr: 3.20e-05
2026-06-05 06:43:30 transreid.train INFO: Epoch[105] Iter[180/275] Loss: 0.556, Acc: 0.998, Base Lr: 3.20e-05
2026-06-05 06:43:32 transreid.train INFO: Epoch[105] Iter[200/275] Loss: 0.551, Acc: 0.999, Base Lr: 3.20e-05
2026-06-05 06:43:34 transreid.train INFO: Epoch[105] Iter[220/275] Loss: 0.550, Acc: 0.999, Base Lr: 3.20e-05
2026-06-05 06:43:36 transreid.train INFO: Epoch[105] Iter[240/275] Loss: 0.549, Acc: 0.999, Base Lr: 3.20e-05
2026-06-05 06:43:38 transreid.train INFO: Epoch[105] Iter[260/275] Loss: 0.548, Acc: 0.998, Base Lr: 3.20e-05
2026-06-05 06:43:40 transreid.train INFO: Epoch 105 done. Time per epoch: 29.004[s] Speed: 602.4[samples/s]
2026-06-05 06:43:42 transreid.train INFO: Epoch[106] Iter[20/275] Loss: 0.576, Acc: 0.998, Base Lr: 2.81e-05
2026-06-05 06:43:44 transreid.train INFO: Epoch[106] Iter[40/275] Loss: 0.562, Acc: 0.999, Base Lr: 2.81e-05
2026-06-05 06:43:46 transreid.train INFO: Epoch[106] Iter[60/275] Loss: 0.557, Acc: 0.999, Base Lr: 2.81e-05
2026-06-05 06:43:48 transreid.train INFO: Epoch[106] Iter[80/275] Loss: 0.550, Acc: 0.999, Base Lr: 2.81e-05
2026-06-05 06:43:51 transreid.train INFO: Epoch[106] Iter[100/275] Loss: 0.555, Acc: 0.999, Base Lr: 2.81e-05
2026-06-05 06:43:53 transreid.train INFO: Epoch[106] Iter[120/275] Loss: 0.550, Acc: 0.999, Base Lr: 2.81e-05
2026-06-05 06:43:55 transreid.train INFO: Epoch[106] Iter[140/275] Loss: 0.546, Acc: 0.999, Base Lr: 2.81e-05
2026-06-05 06:43:57 transreid.train INFO: Epoch[106] Iter[160/275] Loss: 0.539, Acc: 0.999, Base Lr: 2.81e-05
2026-06-05 06:43:59 transreid.train INFO: Epoch[106] Iter[180/275] Loss: 0.542, Acc: 0.999, Base Lr: 2.81e-05
2026-06-05 06:44:01 transreid.train INFO: Epoch[106] Iter[200/275] Loss: 0.544, Acc: 0.999, Base Lr: 2.81e-05
2026-06-05 06:44:03 transreid.train INFO: Epoch[106] Iter[220/275] Loss: 0.549, Acc: 0.999, Base Lr: 2.81e-05
2026-06-05 06:44:05 transreid.train INFO: Epoch[106] Iter[240/275] Loss: 0.545, Acc: 0.999, Base Lr: 2.81e-05
2026-06-05 06:44:07 transreid.train INFO: Epoch[106] Iter[260/275] Loss: 0.549, Acc: 0.999, Base Lr: 2.81e-05
2026-06-05 06:44:09 transreid.train INFO: Epoch 106 done. Time per epoch: 28.994[s] Speed: 602.6[samples/s]
2026-06-05 06:44:11 transreid.train INFO: Epoch[107] Iter[20/275] Loss: 0.551, Acc: 0.996, Base Lr: 2.45e-05
2026-06-05 06:44:13 transreid.train INFO: Epoch[107] Iter[40/275] Loss: 0.538, Acc: 0.997, Base Lr: 2.45e-05
2026-06-05 06:44:15 transreid.train INFO: Epoch[107] Iter[60/275] Loss: 0.548, Acc: 0.998, Base Lr: 2.45e-05
2026-06-05 06:44:17 transreid.train INFO: Epoch[107] Iter[80/275] Loss: 0.551, Acc: 0.997, Base Lr: 2.45e-05
2026-06-05 06:44:20 transreid.train INFO: Epoch[107] Iter[100/275] Loss: 0.537, Acc: 0.998, Base Lr: 2.45e-05
2026-06-05 06:44:22 transreid.train INFO: Epoch[107] Iter[120/275] Loss: 0.536, Acc: 0.998, Base Lr: 2.45e-05
2026-06-05 06:44:24 transreid.train INFO: Epoch[107] Iter[140/275] Loss: 0.530, Acc: 0.998, Base Lr: 2.45e-05
2026-06-05 06:44:26 transreid.train INFO: Epoch[107] Iter[160/275] Loss: 0.525, Acc: 0.998, Base Lr: 2.45e-05
2026-06-05 06:44:28 transreid.train INFO: Epoch[107] Iter[180/275] Loss: 0.533, Acc: 0.998, Base Lr: 2.45e-05
2026-06-05 06:44:30 transreid.train INFO: Epoch[107] Iter[200/275] Loss: 0.528, Acc: 0.998, Base Lr: 2.45e-05
2026-06-05 06:44:32 transreid.train INFO: Epoch[107] Iter[220/275] Loss: 0.528, Acc: 0.998, Base Lr: 2.45e-05
2026-06-05 06:44:34 transreid.train INFO: Epoch[107] Iter[240/275] Loss: 0.531, Acc: 0.998, Base Lr: 2.45e-05
2026-06-05 06:44:36 transreid.train INFO: Epoch[107] Iter[260/275] Loss: 0.535, Acc: 0.998, Base Lr: 2.45e-05
2026-06-05 06:44:38 transreid.train INFO: Epoch 107 done. Time per epoch: 29.089[s] Speed: 602.8[samples/s]
2026-06-05 06:44:40 transreid.train INFO: Epoch[108] Iter[20/275] Loss: 0.624, Acc: 0.998, Base Lr: 2.11e-05
2026-06-05 06:44:42 transreid.train INFO: Epoch[108] Iter[40/275] Loss: 0.576, Acc: 0.999, Base Lr: 2.11e-05
2026-06-05 06:44:44 transreid.train INFO: Epoch[108] Iter[60/275] Loss: 0.569, Acc: 0.998, Base Lr: 2.11e-05
2026-06-05 06:44:47 transreid.train INFO: Epoch[108] Iter[80/275] Loss: 0.552, Acc: 0.999, Base Lr: 2.11e-05
2026-06-05 06:44:49 transreid.train INFO: Epoch[108] Iter[100/275] Loss: 0.546, Acc: 0.999, Base Lr: 2.11e-05
2026-06-05 06:44:51 transreid.train INFO: Epoch[108] Iter[120/275] Loss: 0.533, Acc: 0.999, Base Lr: 2.11e-05
2026-06-05 06:44:53 transreid.train INFO: Epoch[108] Iter[140/275] Loss: 0.525, Acc: 0.999, Base Lr: 2.11e-05
2026-06-05 06:44:55 transreid.train INFO: Epoch[108] Iter[160/275] Loss: 0.523, Acc: 0.999, Base Lr: 2.11e-05
2026-06-05 06:44:57 transreid.train INFO: Epoch[108] Iter[180/275] Loss: 0.527, Acc: 0.999, Base Lr: 2.11e-05
2026-06-05 06:44:59 transreid.train INFO: Epoch[108] Iter[200/275] Loss: 0.532, Acc: 0.999, Base Lr: 2.11e-05
2026-06-05 06:45:01 transreid.train INFO: Epoch[108] Iter[220/275] Loss: 0.537, Acc: 0.999, Base Lr: 2.11e-05
2026-06-05 06:45:03 transreid.train INFO: Epoch[108] Iter[240/275] Loss: 0.536, Acc: 0.999, Base Lr: 2.11e-05
2026-06-05 06:45:05 transreid.train INFO: Epoch[108] Iter[260/275] Loss: 0.542, Acc: 0.999, Base Lr: 2.11e-05
2026-06-05 06:45:07 transreid.train INFO: Epoch 108 done. Time per epoch: 28.976[s] Speed: 603.0[samples/s]
2026-06-05 06:45:09 transreid.train INFO: Epoch[109] Iter[20/275] Loss: 0.496, Acc: 0.998, Base Lr: 1.80e-05
2026-06-05 06:45:11 transreid.train INFO: Epoch[109] Iter[40/275] Loss: 0.520, Acc: 0.998, Base Lr: 1.80e-05
2026-06-05 06:45:13 transreid.train INFO: Epoch[109] Iter[60/275] Loss: 0.545, Acc: 0.998, Base Lr: 1.80e-05
2026-06-05 06:45:15 transreid.train INFO: Epoch[109] Iter[80/275] Loss: 0.557, Acc: 0.998, Base Lr: 1.80e-05
2026-06-05 06:45:18 transreid.train INFO: Epoch[109] Iter[100/275] Loss: 0.562, Acc: 0.998, Base Lr: 1.80e-05
2026-06-05 06:45:20 transreid.train INFO: Epoch[109] Iter[120/275] Loss: 0.568, Acc: 0.998, Base Lr: 1.80e-05
2026-06-05 06:45:22 transreid.train INFO: Epoch[109] Iter[140/275] Loss: 0.564, Acc: 0.998, Base Lr: 1.80e-05
2026-06-05 06:45:24 transreid.train INFO: Epoch[109] Iter[160/275] Loss: 0.560, Acc: 0.998, Base Lr: 1.80e-05
2026-06-05 06:45:26 transreid.train INFO: Epoch[109] Iter[180/275] Loss: 0.558, Acc: 0.998, Base Lr: 1.80e-05
2026-06-05 06:45:28 transreid.train INFO: Epoch[109] Iter[200/275] Loss: 0.551, Acc: 0.998, Base Lr: 1.80e-05
2026-06-05 06:45:30 transreid.train INFO: Epoch[109] Iter[220/275] Loss: 0.546, Acc: 0.998, Base Lr: 1.80e-05
2026-06-05 06:45:32 transreid.train INFO: Epoch[109] Iter[240/275] Loss: 0.546, Acc: 0.998, Base Lr: 1.80e-05
2026-06-05 06:45:34 transreid.train INFO: Epoch[109] Iter[260/275] Loss: 0.548, Acc: 0.998, Base Lr: 1.80e-05
2026-06-05 06:45:36 transreid.train INFO: Epoch 109 done. Time per epoch: 28.982[s] Speed: 602.9[samples/s]
2026-06-05 06:45:38 transreid.train INFO: Epoch[110] Iter[20/275] Loss: 0.563, Acc: 1.000, Base Lr: 1.52e-05
2026-06-05 06:45:40 transreid.train INFO: Epoch[110] Iter[40/275] Loss: 0.586, Acc: 0.998, Base Lr: 1.52e-05
2026-06-05 06:45:42 transreid.train INFO: Epoch[110] Iter[60/275] Loss: 0.596, Acc: 0.998, Base Lr: 1.52e-05
2026-06-05 06:45:44 transreid.train INFO: Epoch[110] Iter[80/275] Loss: 0.594, Acc: 0.998, Base Lr: 1.52e-05
2026-06-05 06:45:47 transreid.train INFO: Epoch[110] Iter[100/275] Loss: 0.593, Acc: 0.998, Base Lr: 1.52e-05
2026-06-05 06:45:49 transreid.train INFO: Epoch[110] Iter[120/275] Loss: 0.585, Acc: 0.998, Base Lr: 1.52e-05
2026-06-05 06:45:51 transreid.train INFO: Epoch[110] Iter[140/275] Loss: 0.577, Acc: 0.998, Base Lr: 1.52e-05
2026-06-05 06:45:53 transreid.train INFO: Epoch[110] Iter[160/275] Loss: 0.574, Acc: 0.998, Base Lr: 1.52e-05
2026-06-05 06:45:55 transreid.train INFO: Epoch[110] Iter[180/275] Loss: 0.568, Acc: 0.998, Base Lr: 1.52e-05
2026-06-05 06:45:57 transreid.train INFO: Epoch[110] Iter[200/275] Loss: 0.567, Acc: 0.998, Base Lr: 1.52e-05
2026-06-05 06:45:59 transreid.train INFO: Epoch[110] Iter[220/275] Loss: 0.565, Acc: 0.998, Base Lr: 1.52e-05
2026-06-05 06:46:01 transreid.train INFO: Epoch[110] Iter[240/275] Loss: 0.563, Acc: 0.998, Base Lr: 1.52e-05
2026-06-05 06:46:03 transreid.train INFO: Epoch[110] Iter[260/275] Loss: 0.564, Acc: 0.998, Base Lr: 1.52e-05
2026-06-05 06:46:05 transreid.train INFO: Epoch 110 done. Time per epoch: 28.971[s] Speed: 603.1[samples/s]
2026-06-05 06:46:07 transreid.train INFO: Epoch[111] Iter[20/275] Loss: 0.495, Acc: 0.999, Base Lr: 1.26e-05
2026-06-05 06:46:09 transreid.train INFO: Epoch[111] Iter[40/275] Loss: 0.502, Acc: 0.999, Base Lr: 1.26e-05
2026-06-05 06:46:11 transreid.train INFO: Epoch[111] Iter[60/275] Loss: 0.529, Acc: 0.999, Base Lr: 1.26e-05
2026-06-05 06:46:14 transreid.train INFO: Epoch[111] Iter[80/275] Loss: 0.553, Acc: 0.999, Base Lr: 1.26e-05
2026-06-05 06:46:16 transreid.train INFO: Epoch[111] Iter[100/275] Loss: 0.550, Acc: 0.999, Base Lr: 1.26e-05
2026-06-05 06:46:18 transreid.train INFO: Epoch[111] Iter[120/275] Loss: 0.549, Acc: 0.999, Base Lr: 1.26e-05
2026-06-05 06:46:20 transreid.train INFO: Epoch[111] Iter[140/275] Loss: 0.544, Acc: 0.999, Base Lr: 1.26e-05
2026-06-05 06:46:22 transreid.train INFO: Epoch[111] Iter[160/275] Loss: 0.539, Acc: 0.999, Base Lr: 1.26e-05
2026-06-05 06:46:24 transreid.train INFO: Epoch[111] Iter[180/275] Loss: 0.536, Acc: 0.999, Base Lr: 1.26e-05
2026-06-05 06:46:26 transreid.train INFO: Epoch[111] Iter[200/275] Loss: 0.533, Acc: 0.999, Base Lr: 1.26e-05
2026-06-05 06:46:28 transreid.train INFO: Epoch[111] Iter[220/275] Loss: 0.530, Acc: 0.999, Base Lr: 1.26e-05
2026-06-05 06:46:30 transreid.train INFO: Epoch[111] Iter[240/275] Loss: 0.529, Acc: 0.999, Base Lr: 1.26e-05
2026-06-05 06:46:32 transreid.train INFO: Epoch[111] Iter[260/275] Loss: 0.533, Acc: 0.999, Base Lr: 1.26e-05
2026-06-05 06:46:34 transreid.train INFO: Epoch 111 done. Time per epoch: 29.056[s] Speed: 601.3[samples/s]
2026-06-05 06:46:36 transreid.train INFO: Epoch[112] Iter[20/275] Loss: 0.520, Acc: 1.000, Base Lr: 1.03e-05
2026-06-05 06:46:38 transreid.train INFO: Epoch[112] Iter[40/275] Loss: 0.555, Acc: 0.999, Base Lr: 1.03e-05
2026-06-05 06:46:40 transreid.train INFO: Epoch[112] Iter[60/275] Loss: 0.573, Acc: 0.999, Base Lr: 1.03e-05
2026-06-05 06:46:42 transreid.train INFO: Epoch[112] Iter[80/275] Loss: 0.555, Acc: 0.999, Base Lr: 1.03e-05
2026-06-05 06:46:45 transreid.train INFO: Epoch[112] Iter[100/275] Loss: 0.550, Acc: 0.999, Base Lr: 1.03e-05
2026-06-05 06:46:47 transreid.train INFO: Epoch[112] Iter[120/275] Loss: 0.546, Acc: 0.999, Base Lr: 1.03e-05
2026-06-05 06:46:49 transreid.train INFO: Epoch[112] Iter[140/275] Loss: 0.550, Acc: 0.999, Base Lr: 1.03e-05
2026-06-05 06:46:51 transreid.train INFO: Epoch[112] Iter[160/275] Loss: 0.550, Acc: 0.999, Base Lr: 1.03e-05
2026-06-05 06:46:53 transreid.train INFO: Epoch[112] Iter[180/275] Loss: 0.549, Acc: 0.999, Base Lr: 1.03e-05
2026-06-05 06:46:55 transreid.train INFO: Epoch[112] Iter[200/275] Loss: 0.549, Acc: 0.999, Base Lr: 1.03e-05
2026-06-05 06:46:57 transreid.train INFO: Epoch[112] Iter[220/275] Loss: 0.556, Acc: 0.999, Base Lr: 1.03e-05
2026-06-05 06:46:59 transreid.train INFO: Epoch[112] Iter[240/275] Loss: 0.555, Acc: 0.999, Base Lr: 1.03e-05
2026-06-05 06:47:01 transreid.train INFO: Epoch[112] Iter[260/275] Loss: 0.555, Acc: 0.999, Base Lr: 1.03e-05
2026-06-05 06:47:03 transreid.train INFO: Epoch 112 done. Time per epoch: 28.977[s] Speed: 603.0[samples/s]
2026-06-05 06:47:05 transreid.train INFO: Epoch[113] Iter[20/275] Loss: 0.659, Acc: 0.995, Base Lr: 8.28e-06
2026-06-05 06:47:07 transreid.train INFO: Epoch[113] Iter[40/275] Loss: 0.622, Acc: 0.996, Base Lr: 8.28e-06
2026-06-05 06:47:09 transreid.train INFO: Epoch[113] Iter[60/275] Loss: 0.614, Acc: 0.997, Base Lr: 8.28e-06
2026-06-05 06:47:11 transreid.train INFO: Epoch[113] Iter[80/275] Loss: 0.587, Acc: 0.998, Base Lr: 8.28e-06
2026-06-05 06:47:14 transreid.train INFO: Epoch[113] Iter[100/275] Loss: 0.575, Acc: 0.998, Base Lr: 8.28e-06
2026-06-05 06:47:16 transreid.train INFO: Epoch[113] Iter[120/275] Loss: 0.565, Acc: 0.998, Base Lr: 8.28e-06
2026-06-05 06:47:18 transreid.train INFO: Epoch[113] Iter[140/275] Loss: 0.556, Acc: 0.998, Base Lr: 8.28e-06
2026-06-05 06:47:20 transreid.train INFO: Epoch[113] Iter[160/275] Loss: 0.563, Acc: 0.998, Base Lr: 8.28e-06
2026-06-05 06:47:22 transreid.train INFO: Epoch[113] Iter[180/275] Loss: 0.573, Acc: 0.998, Base Lr: 8.28e-06
2026-06-05 06:47:24 transreid.train INFO: Epoch[113] Iter[200/275] Loss: 0.568, Acc: 0.998, Base Lr: 8.28e-06
2026-06-05 06:47:26 transreid.train INFO: Epoch[113] Iter[220/275] Loss: 0.570, Acc: 0.998, Base Lr: 8.28e-06
2026-06-05 06:47:28 transreid.train INFO: Epoch[113] Iter[240/275] Loss: 0.565, Acc: 0.998, Base Lr: 8.28e-06
2026-06-05 06:47:30 transreid.train INFO: Epoch[113] Iter[260/275] Loss: 0.566, Acc: 0.998, Base Lr: 8.28e-06
2026-06-05 06:47:32 transreid.train INFO: Epoch 113 done. Time per epoch: 28.979[s] Speed: 602.9[samples/s]
2026-06-05 06:47:34 transreid.train INFO: Epoch[114] Iter[20/275] Loss: 0.550, Acc: 0.999, Base Lr: 6.51e-06
2026-06-05 06:47:36 transreid.train INFO: Epoch[114] Iter[40/275] Loss: 0.538, Acc: 0.998, Base Lr: 6.51e-06
2026-06-05 06:47:38 transreid.train INFO: Epoch[114] Iter[60/275] Loss: 0.533, Acc: 0.999, Base Lr: 6.51e-06
2026-06-05 06:47:40 transreid.train INFO: Epoch[114] Iter[80/275] Loss: 0.534, Acc: 0.999, Base Lr: 6.51e-06
2026-06-05 06:47:43 transreid.train INFO: Epoch[114] Iter[100/275] Loss: 0.529, Acc: 0.999, Base Lr: 6.51e-06
2026-06-05 06:47:45 transreid.train INFO: Epoch[114] Iter[120/275] Loss: 0.527, Acc: 0.999, Base Lr: 6.51e-06
2026-06-05 06:47:47 transreid.train INFO: Epoch[114] Iter[140/275] Loss: 0.538, Acc: 0.999, Base Lr: 6.51e-06
2026-06-05 06:47:49 transreid.train INFO: Epoch[114] Iter[160/275] Loss: 0.539, Acc: 0.999, Base Lr: 6.51e-06
2026-06-05 06:47:51 transreid.train INFO: Epoch[114] Iter[180/275] Loss: 0.538, Acc: 0.999, Base Lr: 6.51e-06
2026-06-05 06:47:53 transreid.train INFO: Epoch[114] Iter[200/275] Loss: 0.536, Acc: 0.999, Base Lr: 6.51e-06
2026-06-05 06:47:55 transreid.train INFO: Epoch[114] Iter[220/275] Loss: 0.531, Acc: 0.999, Base Lr: 6.51e-06
2026-06-05 06:47:57 transreid.train INFO: Epoch[114] Iter[240/275] Loss: 0.530, Acc: 0.999, Base Lr: 6.51e-06
2026-06-05 06:47:59 transreid.train INFO: Epoch[114] Iter[260/275] Loss: 0.532, Acc: 0.998, Base Lr: 6.51e-06
2026-06-05 06:48:01 transreid.train INFO: Epoch 114 done. Time per epoch: 29.109[s] Speed: 602.4[samples/s]
2026-06-05 06:48:03 transreid.train INFO: Epoch[115] Iter[20/275] Loss: 0.638, Acc: 1.000, Base Lr: 5.02e-06
2026-06-05 06:48:05 transreid.train INFO: Epoch[115] Iter[40/275] Loss: 0.588, Acc: 0.999, Base Lr: 5.02e-06
2026-06-05 06:48:07 transreid.train INFO: Epoch[115] Iter[60/275] Loss: 0.593, Acc: 0.999, Base Lr: 5.02e-06
2026-06-05 06:48:10 transreid.train INFO: Epoch[115] Iter[80/275] Loss: 0.580, Acc: 0.999, Base Lr: 5.02e-06
2026-06-05 06:48:12 transreid.train INFO: Epoch[115] Iter[100/275] Loss: 0.574, Acc: 0.999, Base Lr: 5.02e-06
2026-06-05 06:48:14 transreid.train INFO: Epoch[115] Iter[120/275] Loss: 0.561, Acc: 0.999, Base Lr: 5.02e-06
2026-06-05 06:48:16 transreid.train INFO: Epoch[115] Iter[140/275] Loss: 0.558, Acc: 0.999, Base Lr: 5.02e-06
2026-06-05 06:48:18 transreid.train INFO: Epoch[115] Iter[160/275] Loss: 0.558, Acc: 0.999, Base Lr: 5.02e-06
2026-06-05 06:48:20 transreid.train INFO: Epoch[115] Iter[180/275] Loss: 0.562, Acc: 0.999, Base Lr: 5.02e-06
2026-06-05 06:48:22 transreid.train INFO: Epoch[115] Iter[200/275] Loss: 0.558, Acc: 0.999, Base Lr: 5.02e-06
2026-06-05 06:48:24 transreid.train INFO: Epoch[115] Iter[220/275] Loss: 0.556, Acc: 0.999, Base Lr: 5.02e-06
2026-06-05 06:48:26 transreid.train INFO: Epoch[115] Iter[240/275] Loss: 0.557, Acc: 0.999, Base Lr: 5.02e-06
2026-06-05 06:48:29 transreid.train INFO: Epoch[115] Iter[260/275] Loss: 0.558, Acc: 0.999, Base Lr: 5.02e-06
2026-06-05 06:48:30 transreid.train INFO: Epoch 115 done. Time per epoch: 29.107[s] Speed: 602.5[samples/s]
2026-06-05 06:48:32 transreid.train INFO: Epoch[116] Iter[20/275] Loss: 0.590, Acc: 0.998, Base Lr: 3.79e-06
2026-06-05 06:48:34 transreid.train INFO: Epoch[116] Iter[40/275] Loss: 0.565, Acc: 0.999, Base Lr: 3.79e-06
2026-06-05 06:48:37 transreid.train INFO: Epoch[116] Iter[60/275] Loss: 0.575, Acc: 0.999, Base Lr: 3.79e-06
2026-06-05 06:48:39 transreid.train INFO: Epoch[116] Iter[80/275] Loss: 0.562, Acc: 0.998, Base Lr: 3.79e-06
2026-06-05 06:48:41 transreid.train INFO: Epoch[116] Iter[100/275] Loss: 0.560, Acc: 0.999, Base Lr: 3.79e-06
2026-06-05 06:48:43 transreid.train INFO: Epoch[116] Iter[120/275] Loss: 0.549, Acc: 0.999, Base Lr: 3.79e-06
2026-06-05 06:48:45 transreid.train INFO: Epoch[116] Iter[140/275] Loss: 0.544, Acc: 0.998, Base Lr: 3.79e-06
2026-06-05 06:48:47 transreid.train INFO: Epoch[116] Iter[160/275] Loss: 0.551, Acc: 0.998, Base Lr: 3.79e-06
2026-06-05 06:48:49 transreid.train INFO: Epoch[116] Iter[180/275] Loss: 0.552, Acc: 0.998, Base Lr: 3.79e-06
2026-06-05 06:48:51 transreid.train INFO: Epoch[116] Iter[200/275] Loss: 0.552, Acc: 0.998, Base Lr: 3.79e-06
2026-06-05 06:48:53 transreid.train INFO: Epoch[116] Iter[220/275] Loss: 0.549, Acc: 0.998, Base Lr: 3.79e-06
2026-06-05 06:48:56 transreid.train INFO: Epoch[116] Iter[240/275] Loss: 0.547, Acc: 0.998, Base Lr: 3.79e-06
2026-06-05 06:48:58 transreid.train INFO: Epoch[116] Iter[260/275] Loss: 0.540, Acc: 0.998, Base Lr: 3.79e-06
2026-06-05 06:48:59 transreid.train INFO: Epoch 116 done. Time per epoch: 28.997[s] Speed: 602.5[samples/s]
2026-06-05 06:49:01 transreid.train INFO: Epoch[117] Iter[20/275] Loss: 0.577, Acc: 1.000, Base Lr: 2.83e-06
2026-06-05 06:49:03 transreid.train INFO: Epoch[117] Iter[40/275] Loss: 0.537, Acc: 0.998, Base Lr: 2.83e-06
2026-06-05 06:49:06 transreid.train INFO: Epoch[117] Iter[60/275] Loss: 0.531, Acc: 0.998, Base Lr: 2.83e-06
2026-06-05 06:49:08 transreid.train INFO: Epoch[117] Iter[80/275] Loss: 0.523, Acc: 0.998, Base Lr: 2.83e-06
2026-06-05 06:49:10 transreid.train INFO: Epoch[117] Iter[100/275] Loss: 0.522, Acc: 0.998, Base Lr: 2.83e-06
2026-06-05 06:49:12 transreid.train INFO: Epoch[117] Iter[120/275] Loss: 0.536, Acc: 0.998, Base Lr: 2.83e-06
2026-06-05 06:49:14 transreid.train INFO: Epoch[117] Iter[140/275] Loss: 0.533, Acc: 0.998, Base Lr: 2.83e-06
2026-06-05 06:49:16 transreid.train INFO: Epoch[117] Iter[160/275] Loss: 0.535, Acc: 0.998, Base Lr: 2.83e-06
2026-06-05 06:49:18 transreid.train INFO: Epoch[117] Iter[180/275] Loss: 0.532, Acc: 0.998, Base Lr: 2.83e-06
2026-06-05 06:49:20 transreid.train INFO: Epoch[117] Iter[200/275] Loss: 0.539, Acc: 0.998, Base Lr: 2.83e-06
2026-06-05 06:49:22 transreid.train INFO: Epoch[117] Iter[220/275] Loss: 0.533, Acc: 0.998, Base Lr: 2.83e-06
2026-06-05 06:49:25 transreid.train INFO: Epoch[117] Iter[240/275] Loss: 0.531, Acc: 0.999, Base Lr: 2.83e-06
2026-06-05 06:49:27 transreid.train INFO: Epoch[117] Iter[260/275] Loss: 0.531, Acc: 0.998, Base Lr: 2.83e-06
2026-06-05 06:49:28 transreid.train INFO: Epoch 117 done. Time per epoch: 29.104[s] Speed: 602.5[samples/s]
2026-06-05 06:49:30 transreid.train INFO: Epoch[118] Iter[20/275] Loss: 0.514, Acc: 0.998, Base Lr: 2.15e-06
2026-06-05 06:49:33 transreid.train INFO: Epoch[118] Iter[40/275] Loss: 0.516, Acc: 0.998, Base Lr: 2.15e-06
2026-06-05 06:49:35 transreid.train INFO: Epoch[118] Iter[60/275] Loss: 0.516, Acc: 0.997, Base Lr: 2.15e-06
2026-06-05 06:49:37 transreid.train INFO: Epoch[118] Iter[80/275] Loss: 0.540, Acc: 0.998, Base Lr: 2.15e-06
2026-06-05 06:49:39 transreid.train INFO: Epoch[118] Iter[100/275] Loss: 0.542, Acc: 0.998, Base Lr: 2.15e-06
2026-06-05 06:49:41 transreid.train INFO: Epoch[118] Iter[120/275] Loss: 0.542, Acc: 0.997, Base Lr: 2.15e-06
2026-06-05 06:49:43 transreid.train INFO: Epoch[118] Iter[140/275] Loss: 0.542, Acc: 0.998, Base Lr: 2.15e-06
2026-06-05 06:49:45 transreid.train INFO: Epoch[118] Iter[160/275] Loss: 0.543, Acc: 0.998, Base Lr: 2.15e-06
2026-06-05 06:49:47 transreid.train INFO: Epoch[118] Iter[180/275] Loss: 0.540, Acc: 0.998, Base Lr: 2.15e-06
2026-06-05 06:49:49 transreid.train INFO: Epoch[118] Iter[200/275] Loss: 0.543, Acc: 0.998, Base Lr: 2.15e-06
2026-06-05 06:49:52 transreid.train INFO: Epoch[118] Iter[220/275] Loss: 0.545, Acc: 0.998, Base Lr: 2.15e-06
2026-06-05 06:49:54 transreid.train INFO: Epoch[118] Iter[240/275] Loss: 0.544, Acc: 0.998, Base Lr: 2.15e-06
2026-06-05 06:49:56 transreid.train INFO: Epoch[118] Iter[260/275] Loss: 0.544, Acc: 0.998, Base Lr: 2.15e-06
2026-06-05 06:49:57 transreid.train INFO: Epoch 118 done. Time per epoch: 29.104[s] Speed: 602.5[samples/s]
2026-06-05 06:50:00 transreid.train INFO: Epoch[119] Iter[20/275] Loss: 0.580, Acc: 0.998, Base Lr: 1.74e-06
2026-06-05 06:50:02 transreid.train INFO: Epoch[119] Iter[40/275] Loss: 0.587, Acc: 0.998, Base Lr: 1.74e-06
2026-06-05 06:50:04 transreid.train INFO: Epoch[119] Iter[60/275] Loss: 0.575, Acc: 0.998, Base Lr: 1.74e-06
2026-06-05 06:50:06 transreid.train INFO: Epoch[119] Iter[80/275] Loss: 0.583, Acc: 0.998, Base Lr: 1.74e-06
2026-06-05 06:50:08 transreid.train INFO: Epoch[119] Iter[100/275] Loss: 0.569, Acc: 0.999, Base Lr: 1.74e-06
2026-06-05 06:50:10 transreid.train INFO: Epoch[119] Iter[120/275] Loss: 0.567, Acc: 0.998, Base Lr: 1.74e-06
2026-06-05 06:50:12 transreid.train INFO: Epoch[119] Iter[140/275] Loss: 0.567, Acc: 0.998, Base Lr: 1.74e-06
2026-06-05 06:50:14 transreid.train INFO: Epoch[119] Iter[160/275] Loss: 0.562, Acc: 0.998, Base Lr: 1.74e-06
2026-06-05 06:50:16 transreid.train INFO: Epoch[119] Iter[180/275] Loss: 0.561, Acc: 0.998, Base Lr: 1.74e-06
2026-06-05 06:50:19 transreid.train INFO: Epoch[119] Iter[200/275] Loss: 0.555, Acc: 0.998, Base Lr: 1.74e-06
2026-06-05 06:50:21 transreid.train INFO: Epoch[119] Iter[220/275] Loss: 0.547, Acc: 0.998, Base Lr: 1.74e-06
2026-06-05 06:50:23 transreid.train INFO: Epoch[119] Iter[240/275] Loss: 0.546, Acc: 0.998, Base Lr: 1.74e-06
2026-06-05 06:50:25 transreid.train INFO: Epoch[119] Iter[260/275] Loss: 0.550, Acc: 0.998, Base Lr: 1.74e-06
2026-06-05 06:50:26 transreid.train INFO: Epoch 119 done. Time per epoch: 29.120[s] Speed: 602.2[samples/s]
2026-06-05 06:50:29 transreid.train INFO: Epoch[120] Iter[20/275] Loss: 0.524, Acc: 0.998, Base Lr: 1.60e-06
2026-06-05 06:50:31 transreid.train INFO: Epoch[120] Iter[40/275] Loss: 0.554, Acc: 0.998, Base Lr: 1.60e-06
2026-06-05 06:50:33 transreid.train INFO: Epoch[120] Iter[60/275] Loss: 0.567, Acc: 0.998, Base Lr: 1.60e-06
2026-06-05 06:50:35 transreid.train INFO: Epoch[120] Iter[80/275] Loss: 0.578, Acc: 0.998, Base Lr: 1.60e-06
2026-06-05 06:50:37 transreid.train INFO: Epoch[120] Iter[100/275] Loss: 0.585, Acc: 0.999, Base Lr: 1.60e-06
2026-06-05 06:50:39 transreid.train INFO: Epoch[120] Iter[120/275] Loss: 0.579, Acc: 0.999, Base Lr: 1.60e-06
2026-06-05 06:50:41 transreid.train INFO: Epoch[120] Iter[140/275] Loss: 0.566, Acc: 0.999, Base Lr: 1.60e-06
2026-06-05 06:50:43 transreid.train INFO: Epoch[120] Iter[160/275] Loss: 0.562, Acc: 0.999, Base Lr: 1.60e-06
2026-06-05 06:50:46 transreid.train INFO: Epoch[120] Iter[180/275] Loss: 0.568, Acc: 0.998, Base Lr: 1.60e-06
2026-06-05 06:50:48 transreid.train INFO: Epoch[120] Iter[200/275] Loss: 0.568, Acc: 0.998, Base Lr: 1.60e-06
2026-06-05 06:50:50 transreid.train INFO: Epoch[120] Iter[220/275] Loss: 0.566, Acc: 0.998, Base Lr: 1.60e-06
2026-06-05 06:50:52 transreid.train INFO: Epoch[120] Iter[240/275] Loss: 0.568, Acc: 0.998, Base Lr: 1.60e-06
2026-06-05 06:50:54 transreid.train INFO: Epoch[120] Iter[260/275] Loss: 0.562, Acc: 0.999, Base Lr: 1.60e-06
2026-06-05 06:50:55 transreid.train INFO: Epoch 120 done. Time per epoch: 29.095[s] Speed: 602.7[samples/s]
The test feature is normalized
=> Computing DistMat with euclidean_distance
2026-06-05 06:51:09 transreid.train INFO: Validation Results - Epoch: 120
2026-06-05 06:51:09 transreid.train INFO: mAP: 75.8%
2026-06-05 06:51:09 transreid.train INFO: CMC curve, Rank-1  :85.2%
2026-06-05 06:51:09 transreid.train INFO: CMC curve, Rank-5  :94.2%
2026-06-05 06:51:09 transreid.train INFO: CMC curve, Rank-10 :96.7%
