2026-06-05 11:37:10 transreid INFO: Saving model in the path :/home/afr/reid-clean/SOLIDER-REID/log/occluded_posetrack/exp003_K1_seed0
2026-06-05 11:37:10 transreid INFO: Loaded configuration file configs/occluded_posetrack/swin_tiny_multihyp.yml
2026-06-05 11:37:10 transreid INFO: Running with config:
DATALOADER:
  NUM_INSTANCE: 4
  NUM_WORKERS: 8
  REMOVE_TAIL: 0
  SAMPLER: softmax_triplet
DATASETS:
  NAMES: occluded_posetrack
  ROOT_DIR: /home/afr/reid-clean/data
  ROOT_TRAIN_DIR: ../data
  ROOT_VAL_DIR: ../data
INPUT:
  MIX_PROB: 0.0
  MIX_RATIO_RANGE: [0.3, 0.7]
  MIX_TYPE: both
  PADDING: 10
  PIXEL_MEAN: [0.5, 0.5, 0.5]
  PIXEL_STD: [0.5, 0.5, 0.5]
  PROB: 0.5
  RE_PROB: 0.5
  SIZE_TEST: [384, 128]
  SIZE_TRAIN: [384, 128]
MODEL:
  ATT_DROP_RATE: 0.0
  COS_LAYER: False
  DEVICE: cuda
  DEVICE_ID: 0
  DEVIDE_LENGTH: 4
  DIST_TRAIN: False
  DROPOUT_RATE: 0.0
  DROP_OUT: 0.0
  DROP_PATH: 0.1
  FEAT_DIM: 512
  GEM_POOLING: False
  ID_LOSS_TYPE: softmax
  ID_LOSS_WEIGHT: 1.0
  IF_LABELSMOOTH: off
  IF_WITH_CENTER: no
  JPM: False
  LAST_STRIDE: 1
  METRIC_LOSS_TYPE: triplet
  NAME: transformer
  NECK: bnneck
  NO_MARGIN: True
  PRETRAIN_CHOICE: self
  PRETRAIN_HW_RATIO: 2
  PRETRAIN_PATH: /home/afr/reid-clean/weights/solider_swin_tiny_tea.pth
  REDUCE_FEAT_DIM: False
  RE_ARRANGE: True
  SEMANTIC_WEIGHT: 0.2
  SHIFT_NUM: 5
  SHUFFLE_GROUP: 2
  SIE_CAMERA: False
  SIE_COE: 3.0
  SIE_VIEW: False
  STEM_CONV: False
  STRIDE_SIZE: [16, 16]
  TRANSFORMER_TYPE: swin_tiny_patch4_window7_224
  TRIPLET_LOSS_WEIGHT: 1.0
MULTIHYP:
  ALPHA: 0.1
  BONUS_CAP: 0.15
  DETACH: True
  DIV_W: 0.5
  ENABLED: True
  GATE_SIGMA: 0.3
  GATE_TAU: 1.2
  K: 1
  LOSS_W: 1.0
  NEG_MARGIN: 0.7
  POS_MARGIN: 0.3
  SET_TEMP: 0.1
  UNIQUE_MARGIN: 0.1
OBJGATE:
  ANTI_W: 0.1
  DETACH_SCORE: False
  ENABLED: False
  ENTROPY_MAX: 1000000000.0
  ENTROPY_MIN: 0.0
  FEATMAP_INDEX: -1
  HIDDEN: 192
  LAMBDA_TARGET: 1.0
  LAMBDA_WARMUP_EPOCHS: 10
  MODE: softmax
  SPLIT_W: 1.0
  SUPPRESS_MIN: 0.5
  TAU: 1.0
OUTPUT_DIR: /home/afr/reid-clean/SOLIDER-REID/log/occluded_posetrack/exp003_K1_seed0
SOLVER:
  BASE_LR: 0.0008
  BIAS_LR_FACTOR: 2
  CENTER_LOSS_WEIGHT: 0.0005
  CENTER_LR: 0.5
  CHECKPOINT_PERIOD: 120
  COSINE_MARGIN: 0.5
  COSINE_SCALE: 30
  EVAL_PERIOD: 20
  GAMMA: 0.1
  IMS_PER_BATCH: 64
  LARGE_FC_LR: False
  LOG_PERIOD: 20
  MARGIN: 0.3
  MAX_EPOCHS: 120
  MOMENTUM: 0.9
  OPTIMIZER_NAME: SGD
  SEED: 0
  STEPS: (40, 70)
  TRP_L2: False
  WARMUP_EPOCHS: 20
  WARMUP_FACTOR: 0.01
  WARMUP_METHOD: cosine
  WEIGHT_DECAY: 0.0001
  WEIGHT_DECAY_BIAS: 0.0001
TEST:
  DIST_MAT: dist_mat.npy
  EVAL: True
  FEAT_NORM: yes
  IMS_PER_BATCH: 64
  NECK_FEAT: before
  RE_RANKING: False
  WEIGHT: 
=> Occluded-PoseTrack-ReID loaded
2026-06-05 11:37:10 transreid.check INFO: Dataset statistics:
2026-06-05 11:37:10 transreid.check INFO:   ----------------------------------------
2026-06-05 11:37:10 transreid.check INFO:   subset   | # ids | # images | # cameras
2026-06-05 11:37:10 transreid.check INFO:   ----------------------------------------
2026-06-05 11:37:10 transreid.check INFO:   train    |  1000 |    17898 |       474
2026-06-05 11:37:10 transreid.check INFO:   query    |  1379 |     2581 |         1
2026-06-05 11:37:10 transreid.check INFO:   gallery  |  1411 |    10831 |         1
2026-06-05 11:37:10 transreid.check INFO:   ----------------------------------------
/home/afr/reid-clean/SOLIDER-REID/model/backbones/swin_transformer.py:1162: UserWarning: DeprecationWarning: pretrained is deprecated, please use "init_cfg" instead
  warnings.warn('DeprecationWarning: pretrained is deprecated, '
using img_triplet sampler
using Transformer_type: swin_tiny_patch4_window7_224 as a backbone
unloaded parameters: <All keys matched successfully>
===========building transformer===========
using soft triplet loss for training
2026-06-05 11:37:10 transreid INFO: ===========using cosine learning rate=======
2026-06-05 11:37:10 transreid.train INFO: start training
/home/afr/reid-clean/SOLIDER-REID/processor/processor.py:51: FutureWarning: `torch.cuda.amp.GradScaler(args...)` is deprecated. Please use `torch.amp.GradScaler('cuda', args...)` instead.
  scaler = amp.GradScaler()
/home/afr/reid-clean/SOLIDER-REID/processor/processor.py:78: FutureWarning: `torch.cuda.amp.autocast(args...)` is deprecated. Please use `torch.amp.autocast('cuda', args...)` instead.
  with amp.autocast(enabled=True):
2026-06-05 11:37:13 transreid.train INFO: Epoch[1] Iter[20/275] Loss: 10.056, Acc: 0.000, Base Lr: 4.76e-05
2026-06-05 11:37:15 transreid.train INFO: Epoch[1] Iter[40/275] Loss: 9.508, Acc: 0.001, Base Lr: 4.76e-05
2026-06-05 11:37:17 transreid.train INFO: Epoch[1] Iter[60/275] Loss: 9.162, Acc: 0.002, Base Lr: 4.76e-05
2026-06-05 11:37:19 transreid.train INFO: Epoch[1] Iter[80/275] Loss: 8.822, Acc: 0.002, Base Lr: 4.76e-05
2026-06-05 11:37:21 transreid.train INFO: Epoch[1] Iter[100/275] Loss: 8.635, Acc: 0.002, Base Lr: 4.76e-05
2026-06-05 11:37:23 transreid.train INFO: Epoch[1] Iter[120/275] Loss: 8.464, Acc: 0.002, Base Lr: 4.76e-05
2026-06-05 11:37:25 transreid.train INFO: Epoch[1] Iter[140/275] Loss: 8.323, Acc: 0.002, Base Lr: 4.76e-05
2026-06-05 11:37:28 transreid.train INFO: Epoch[1] Iter[160/275] Loss: 8.214, Acc: 0.002, Base Lr: 4.76e-05
2026-06-05 11:37:30 transreid.train INFO: Epoch[1] Iter[180/275] Loss: 8.123, Acc: 0.002, Base Lr: 4.76e-05
2026-06-05 11:37:32 transreid.train INFO: Epoch[1] Iter[200/275] Loss: 8.053, Acc: 0.002, Base Lr: 4.76e-05
2026-06-05 11:37:34 transreid.train INFO: Epoch[1] Iter[220/275] Loss: 7.989, Acc: 0.002, Base Lr: 4.76e-05
2026-06-05 11:37:36 transreid.train INFO: Epoch[1] Iter[240/275] Loss: 7.936, Acc: 0.002, Base Lr: 4.76e-05
2026-06-05 11:37:38 transreid.train INFO: Epoch[1] Iter[260/275] Loss: 7.912, Acc: 0.002, Base Lr: 4.76e-05
2026-06-05 11:37:39 transreid.train INFO: Epoch 1 done. Time per epoch: 29.001[s] Speed: 602.5[samples/s]
2026-06-05 11:37:42 transreid.train INFO: Epoch[2] Iter[20/275] Loss: 7.574, Acc: 0.003, Base Lr: 8.72e-05
2026-06-05 11:37:44 transreid.train INFO: Epoch[2] Iter[40/275] Loss: 7.523, Acc: 0.006, Base Lr: 8.72e-05
2026-06-05 11:37:46 transreid.train INFO: Epoch[2] Iter[60/275] Loss: 7.594, Acc: 0.007, Base Lr: 8.72e-05
2026-06-05 11:37:48 transreid.train INFO: Epoch[2] Iter[80/275] Loss: 7.722, Acc: 0.007, Base Lr: 8.72e-05
2026-06-05 11:37:50 transreid.train INFO: Epoch[2] Iter[100/275] Loss: 7.710, Acc: 0.007, Base Lr: 8.72e-05
2026-06-05 11:37:52 transreid.train INFO: Epoch[2] Iter[120/275] Loss: 7.668, Acc: 0.008, Base Lr: 8.72e-05
2026-06-05 11:37:54 transreid.train INFO: Epoch[2] Iter[140/275] Loss: 7.621, Acc: 0.009, Base Lr: 8.72e-05
2026-06-05 11:37:56 transreid.train INFO: Epoch[2] Iter[160/275] Loss: 7.571, Acc: 0.010, Base Lr: 8.72e-05
2026-06-05 11:37:58 transreid.train INFO: Epoch[2] Iter[180/275] Loss: 7.522, Acc: 0.012, Base Lr: 8.72e-05
2026-06-05 11:38:00 transreid.train INFO: Epoch[2] Iter[200/275] Loss: 7.497, Acc: 0.014, Base Lr: 8.72e-05
2026-06-05 11:38:02 transreid.train INFO: Epoch[2] Iter[220/275] Loss: 7.471, Acc: 0.015, Base Lr: 8.72e-05
2026-06-05 11:38:05 transreid.train INFO: Epoch[2] Iter[240/275] Loss: 7.446, Acc: 0.017, Base Lr: 8.72e-05
2026-06-05 11:38:07 transreid.train INFO: Epoch[2] Iter[260/275] Loss: 7.434, Acc: 0.019, Base Lr: 8.72e-05
2026-06-05 11:38:08 transreid.train INFO: Epoch 2 done. Time per epoch: 28.694[s] Speed: 608.9[samples/s]
2026-06-05 11:38:10 transreid.train INFO: Epoch[3] Iter[20/275] Loss: 7.232, Acc: 0.120, Base Lr: 1.27e-04
2026-06-05 11:38:12 transreid.train INFO: Epoch[3] Iter[40/275] Loss: 7.301, Acc: 0.116, Base Lr: 1.27e-04
2026-06-05 11:38:14 transreid.train INFO: Epoch[3] Iter[60/275] Loss: 7.357, Acc: 0.123, Base Lr: 1.27e-04
2026-06-05 11:38:17 transreid.train INFO: Epoch[3] Iter[80/275] Loss: 7.333, Acc: 0.138, Base Lr: 1.27e-04
2026-06-05 11:38:19 transreid.train INFO: Epoch[3] Iter[100/275] Loss: 7.308, Acc: 0.153, Base Lr: 1.27e-04
2026-06-05 11:38:21 transreid.train INFO: Epoch[3] Iter[120/275] Loss: 7.283, Acc: 0.166, Base Lr: 1.27e-04
2026-06-05 11:38:23 transreid.train INFO: Epoch[3] Iter[140/275] Loss: 7.251, Acc: 0.182, Base Lr: 1.27e-04
2026-06-05 11:38:25 transreid.train INFO: Epoch[3] Iter[160/275] Loss: 7.247, Acc: 0.192, Base Lr: 1.27e-04
2026-06-05 11:38:27 transreid.train INFO: Epoch[3] Iter[180/275] Loss: 7.250, Acc: 0.201, Base Lr: 1.27e-04
2026-06-05 11:38:29 transreid.train INFO: Epoch[3] Iter[200/275] Loss: 7.236, Acc: 0.210, Base Lr: 1.27e-04
2026-06-05 11:38:31 transreid.train INFO: Epoch[3] Iter[220/275] Loss: 7.220, Acc: 0.218, Base Lr: 1.27e-04
2026-06-05 11:38:33 transreid.train INFO: Epoch[3] Iter[240/275] Loss: 7.207, Acc: 0.226, Base Lr: 1.27e-04
2026-06-05 11:38:35 transreid.train INFO: Epoch[3] Iter[260/275] Loss: 7.191, Acc: 0.231, Base Lr: 1.27e-04
2026-06-05 11:38:37 transreid.train INFO: Epoch 3 done. Time per epoch: 28.791[s] Speed: 609.1[samples/s]
2026-06-05 11:38:39 transreid.train INFO: Epoch[4] Iter[20/275] Loss: 6.900, Acc: 0.532, Base Lr: 1.66e-04
2026-06-05 11:38:41 transreid.train INFO: Epoch[4] Iter[40/275] Loss: 6.943, Acc: 0.522, Base Lr: 1.66e-04
2026-06-05 11:38:43 transreid.train INFO: Epoch[4] Iter[60/275] Loss: 6.957, Acc: 0.527, Base Lr: 1.66e-04
2026-06-05 11:38:45 transreid.train INFO: Epoch[4] Iter[80/275] Loss: 6.956, Acc: 0.521, Base Lr: 1.66e-04
2026-06-05 11:38:47 transreid.train INFO: Epoch[4] Iter[100/275] Loss: 6.952, Acc: 0.530, Base Lr: 1.66e-04
2026-06-05 11:38:50 transreid.train INFO: Epoch[4] Iter[120/275] Loss: 6.962, Acc: 0.538, Base Lr: 1.66e-04
2026-06-05 11:38:52 transreid.train INFO: Epoch[4] Iter[140/275] Loss: 6.943, Acc: 0.541, Base Lr: 1.66e-04
2026-06-05 11:38:54 transreid.train INFO: Epoch[4] Iter[160/275] Loss: 6.949, Acc: 0.540, Base Lr: 1.66e-04
2026-06-05 11:38:56 transreid.train INFO: Epoch[4] Iter[180/275] Loss: 6.936, Acc: 0.544, Base Lr: 1.66e-04
2026-06-05 11:38:58 transreid.train INFO: Epoch[4] Iter[200/275] Loss: 6.934, Acc: 0.547, Base Lr: 1.66e-04
2026-06-05 11:39:00 transreid.train INFO: Epoch[4] Iter[220/275] Loss: 6.923, Acc: 0.547, Base Lr: 1.66e-04
2026-06-05 11:39:02 transreid.train INFO: Epoch[4] Iter[240/275] Loss: 6.911, Acc: 0.550, Base Lr: 1.66e-04
2026-06-05 11:39:04 transreid.train INFO: Epoch[4] Iter[260/275] Loss: 6.908, Acc: 0.548, Base Lr: 1.66e-04
2026-06-05 11:39:05 transreid.train INFO: Epoch 4 done. Time per epoch: 28.683[s] Speed: 609.1[samples/s]
2026-06-05 11:39:08 transreid.train INFO: Epoch[5] Iter[20/275] Loss: 6.718, Acc: 0.697, Base Lr: 2.06e-04
2026-06-05 11:39:10 transreid.train INFO: Epoch[5] Iter[40/275] Loss: 6.770, Acc: 0.693, Base Lr: 2.06e-04
2026-06-05 11:39:12 transreid.train INFO: Epoch[5] Iter[60/275] Loss: 6.761, Acc: 0.697, Base Lr: 2.06e-04
2026-06-05 11:39:14 transreid.train INFO: Epoch[5] Iter[80/275] Loss: 6.736, Acc: 0.697, Base Lr: 2.06e-04
2026-06-05 11:39:16 transreid.train INFO: Epoch[5] Iter[100/275] Loss: 6.723, Acc: 0.702, Base Lr: 2.06e-04
2026-06-05 11:39:18 transreid.train INFO: Epoch[5] Iter[120/275] Loss: 6.722, Acc: 0.700, Base Lr: 2.06e-04
2026-06-05 11:39:20 transreid.train INFO: Epoch[5] Iter[140/275] Loss: 6.706, Acc: 0.701, Base Lr: 2.06e-04
2026-06-05 11:39:22 transreid.train INFO: Epoch[5] Iter[160/275] Loss: 6.703, Acc: 0.701, Base Lr: 2.06e-04
2026-06-05 11:39:24 transreid.train INFO: Epoch[5] Iter[180/275] Loss: 6.699, Acc: 0.700, Base Lr: 2.06e-04
2026-06-05 11:39:27 transreid.train INFO: Epoch[5] Iter[200/275] Loss: 6.697, Acc: 0.698, Base Lr: 2.06e-04
2026-06-05 11:39:29 transreid.train INFO: Epoch[5] Iter[220/275] Loss: 6.698, Acc: 0.699, Base Lr: 2.06e-04
2026-06-05 11:39:31 transreid.train INFO: Epoch[5] Iter[240/275] Loss: 6.692, Acc: 0.700, Base Lr: 2.06e-04
2026-06-05 11:39:33 transreid.train INFO: Epoch[5] Iter[260/275] Loss: 6.688, Acc: 0.700, Base Lr: 2.06e-04
2026-06-05 11:39:34 transreid.train INFO: Epoch 5 done. Time per epoch: 28.691[s] Speed: 609.0[samples/s]
2026-06-05 11:39:36 transreid.train INFO: Epoch[6] Iter[20/275] Loss: 6.572, Acc: 0.713, Base Lr: 2.46e-04
2026-06-05 11:39:39 transreid.train INFO: Epoch[6] Iter[40/275] Loss: 6.562, Acc: 0.732, Base Lr: 2.46e-04
2026-06-05 11:39:41 transreid.train INFO: Epoch[6] Iter[60/275] Loss: 6.540, Acc: 0.751, Base Lr: 2.46e-04
2026-06-05 11:39:43 transreid.train INFO: Epoch[6] Iter[80/275] Loss: 6.522, Acc: 0.756, Base Lr: 2.46e-04
2026-06-05 11:39:45 transreid.train INFO: Epoch[6] Iter[100/275] Loss: 6.515, Acc: 0.751, Base Lr: 2.46e-04
2026-06-05 11:39:47 transreid.train INFO: Epoch[6] Iter[120/275] Loss: 6.507, Acc: 0.758, Base Lr: 2.46e-04
2026-06-05 11:39:49 transreid.train INFO: Epoch[6] Iter[140/275] Loss: 6.508, Acc: 0.757, Base Lr: 2.46e-04
2026-06-05 11:39:51 transreid.train INFO: Epoch[6] Iter[160/275] Loss: 6.494, Acc: 0.761, Base Lr: 2.46e-04
2026-06-05 11:39:53 transreid.train INFO: Epoch[6] Iter[180/275] Loss: 6.478, Acc: 0.766, Base Lr: 2.46e-04
2026-06-05 11:39:55 transreid.train INFO: Epoch[6] Iter[200/275] Loss: 6.466, Acc: 0.765, Base Lr: 2.46e-04
2026-06-05 11:39:57 transreid.train INFO: Epoch[6] Iter[220/275] Loss: 6.448, Acc: 0.768, Base Lr: 2.46e-04
2026-06-05 11:39:59 transreid.train INFO: Epoch[6] Iter[240/275] Loss: 6.438, Acc: 0.769, Base Lr: 2.46e-04
2026-06-05 11:40:02 transreid.train INFO: Epoch[6] Iter[260/275] Loss: 6.430, Acc: 0.769, Base Lr: 2.46e-04
2026-06-05 11:40:03 transreid.train INFO: Epoch 6 done. Time per epoch: 28.805[s] Speed: 608.8[samples/s]
2026-06-05 11:40:05 transreid.train INFO: Epoch[7] Iter[20/275] Loss: 6.354, Acc: 0.762, Base Lr: 2.85e-04
2026-06-05 11:40:07 transreid.train INFO: Epoch[7] Iter[40/275] Loss: 6.316, Acc: 0.768, Base Lr: 2.85e-04
2026-06-05 11:40:09 transreid.train INFO: Epoch[7] Iter[60/275] Loss: 6.270, Acc: 0.767, Base Lr: 2.85e-04
2026-06-05 11:40:12 transreid.train INFO: Epoch[7] Iter[80/275] Loss: 6.260, Acc: 0.769, Base Lr: 2.85e-04
2026-06-05 11:40:14 transreid.train INFO: Epoch[7] Iter[100/275] Loss: 6.234, Acc: 0.771, Base Lr: 2.85e-04
2026-06-05 11:40:16 transreid.train INFO: Epoch[7] Iter[120/275] Loss: 6.210, Acc: 0.770, Base Lr: 2.85e-04
2026-06-05 11:40:18 transreid.train INFO: Epoch[7] Iter[140/275] Loss: 6.196, Acc: 0.776, Base Lr: 2.85e-04
2026-06-05 11:40:20 transreid.train INFO: Epoch[7] Iter[160/275] Loss: 6.176, Acc: 0.776, Base Lr: 2.85e-04
2026-06-05 11:40:22 transreid.train INFO: Epoch[7] Iter[180/275] Loss: 6.156, Acc: 0.780, Base Lr: 2.85e-04
2026-06-05 11:40:24 transreid.train INFO: Epoch[7] Iter[200/275] Loss: 6.143, Acc: 0.784, Base Lr: 2.85e-04
2026-06-05 11:40:26 transreid.train INFO: Epoch[7] Iter[220/275] Loss: 6.127, Acc: 0.784, Base Lr: 2.85e-04
2026-06-05 11:40:28 transreid.train INFO: Epoch[7] Iter[240/275] Loss: 6.120, Acc: 0.784, Base Lr: 2.85e-04
2026-06-05 11:40:30 transreid.train INFO: Epoch[7] Iter[260/275] Loss: 6.111, Acc: 0.786, Base Lr: 2.85e-04
2026-06-05 11:40:32 transreid.train INFO: Epoch 7 done. Time per epoch: 28.803[s] Speed: 608.8[samples/s]
2026-06-05 11:40:34 transreid.train INFO: Epoch[8] Iter[20/275] Loss: 5.979, Acc: 0.768, Base Lr: 3.25e-04
2026-06-05 11:40:36 transreid.train INFO: Epoch[8] Iter[40/275] Loss: 5.963, Acc: 0.768, Base Lr: 3.25e-04
2026-06-05 11:40:38 transreid.train INFO: Epoch[8] Iter[60/275] Loss: 5.923, Acc: 0.778, Base Lr: 3.25e-04
2026-06-05 11:40:40 transreid.train INFO: Epoch[8] Iter[80/275] Loss: 5.894, Acc: 0.784, Base Lr: 3.25e-04
2026-06-05 11:40:42 transreid.train INFO: Epoch[8] Iter[100/275] Loss: 5.862, Acc: 0.793, Base Lr: 3.25e-04
2026-06-05 11:40:45 transreid.train INFO: Epoch[8] Iter[120/275] Loss: 5.833, Acc: 0.794, Base Lr: 3.25e-04
2026-06-05 11:40:47 transreid.train INFO: Epoch[8] Iter[140/275] Loss: 5.813, Acc: 0.797, Base Lr: 3.25e-04
2026-06-05 11:40:49 transreid.train INFO: Epoch[8] Iter[160/275] Loss: 5.798, Acc: 0.796, Base Lr: 3.25e-04
2026-06-05 11:40:51 transreid.train INFO: Epoch[8] Iter[180/275] Loss: 5.786, Acc: 0.800, Base Lr: 3.25e-04
2026-06-05 11:40:53 transreid.train INFO: Epoch[8] Iter[200/275] Loss: 5.771, Acc: 0.803, Base Lr: 3.25e-04
2026-06-05 11:40:55 transreid.train INFO: Epoch[8] Iter[220/275] Loss: 5.759, Acc: 0.805, Base Lr: 3.25e-04
2026-06-05 11:40:57 transreid.train INFO: Epoch[8] Iter[240/275] Loss: 5.745, Acc: 0.806, Base Lr: 3.25e-04
2026-06-05 11:40:59 transreid.train INFO: Epoch[8] Iter[260/275] Loss: 5.734, Acc: 0.805, Base Lr: 3.25e-04
2026-06-05 11:41:01 transreid.train INFO: Epoch 8 done. Time per epoch: 28.762[s] Speed: 607.5[samples/s]
2026-06-05 11:41:03 transreid.train INFO: Epoch[9] Iter[20/275] Loss: 5.509, Acc: 0.788, Base Lr: 3.64e-04
2026-06-05 11:41:05 transreid.train INFO: Epoch[9] Iter[40/275] Loss: 5.499, Acc: 0.802, Base Lr: 3.64e-04
2026-06-05 11:41:07 transreid.train INFO: Epoch[9] Iter[60/275] Loss: 5.478, Acc: 0.804, Base Lr: 3.64e-04
2026-06-05 11:41:09 transreid.train INFO: Epoch[9] Iter[80/275] Loss: 5.475, Acc: 0.805, Base Lr: 3.64e-04
2026-06-05 11:41:11 transreid.train INFO: Epoch[9] Iter[100/275] Loss: 5.460, Acc: 0.801, Base Lr: 3.64e-04
2026-06-05 11:41:13 transreid.train INFO: Epoch[9] Iter[120/275] Loss: 5.427, Acc: 0.807, Base Lr: 3.64e-04
2026-06-05 11:41:15 transreid.train INFO: Epoch[9] Iter[140/275] Loss: 5.419, Acc: 0.806, Base Lr: 3.64e-04
2026-06-05 11:41:17 transreid.train INFO: Epoch[9] Iter[160/275] Loss: 5.403, Acc: 0.811, Base Lr: 3.64e-04
2026-06-05 11:41:20 transreid.train INFO: Epoch[9] Iter[180/275] Loss: 5.392, Acc: 0.816, Base Lr: 3.64e-04
2026-06-05 11:41:22 transreid.train INFO: Epoch[9] Iter[200/275] Loss: 5.385, Acc: 0.816, Base Lr: 3.64e-04
2026-06-05 11:41:24 transreid.train INFO: Epoch[9] Iter[220/275] Loss: 5.365, Acc: 0.819, Base Lr: 3.64e-04
2026-06-05 11:41:26 transreid.train INFO: Epoch[9] Iter[240/275] Loss: 5.349, Acc: 0.820, Base Lr: 3.64e-04
2026-06-05 11:41:28 transreid.train INFO: Epoch[9] Iter[260/275] Loss: 5.333, Acc: 0.820, Base Lr: 3.64e-04
2026-06-05 11:41:29 transreid.train INFO: Epoch 9 done. Time per epoch: 28.828[s] Speed: 608.3[samples/s]
2026-06-05 11:41:32 transreid.train INFO: Epoch[10] Iter[20/275] Loss: 5.091, Acc: 0.781, Base Lr: 4.04e-04
2026-06-05 11:41:34 transreid.train INFO: Epoch[10] Iter[40/275] Loss: 5.091, Acc: 0.782, Base Lr: 4.04e-04
2026-06-05 11:41:36 transreid.train INFO: Epoch[10] Iter[60/275] Loss: 5.042, Acc: 0.794, Base Lr: 4.04e-04
2026-06-05 11:41:38 transreid.train INFO: Epoch[10] Iter[80/275] Loss: 5.051, Acc: 0.800, Base Lr: 4.04e-04
2026-06-05 11:41:40 transreid.train INFO: Epoch[10] Iter[100/275] Loss: 5.048, Acc: 0.810, Base Lr: 4.04e-04
2026-06-05 11:41:42 transreid.train INFO: Epoch[10] Iter[120/275] Loss: 5.013, Acc: 0.815, Base Lr: 4.04e-04
2026-06-05 11:41:44 transreid.train INFO: Epoch[10] Iter[140/275] Loss: 4.989, Acc: 0.819, Base Lr: 4.04e-04
2026-06-05 11:41:46 transreid.train INFO: Epoch[10] Iter[160/275] Loss: 4.974, Acc: 0.822, Base Lr: 4.04e-04
2026-06-05 11:41:48 transreid.train INFO: Epoch[10] Iter[180/275] Loss: 4.957, Acc: 0.824, Base Lr: 4.04e-04
2026-06-05 11:41:50 transreid.train INFO: Epoch[10] Iter[200/275] Loss: 4.932, Acc: 0.826, Base Lr: 4.04e-04
2026-06-05 11:41:53 transreid.train INFO: Epoch[10] Iter[220/275] Loss: 4.914, Acc: 0.828, Base Lr: 4.04e-04
2026-06-05 11:41:55 transreid.train INFO: Epoch[10] Iter[240/275] Loss: 4.892, Acc: 0.833, Base Lr: 4.04e-04
2026-06-05 11:41:57 transreid.train INFO: Epoch[10] Iter[260/275] Loss: 4.877, Acc: 0.832, Base Lr: 4.04e-04
2026-06-05 11:41:58 transreid.train INFO: Epoch 10 done. Time per epoch: 28.802[s] Speed: 608.8[samples/s]
2026-06-05 11:42:00 transreid.train INFO: Epoch[11] Iter[20/275] Loss: 4.625, Acc: 0.804, Base Lr: 4.44e-04
2026-06-05 11:42:03 transreid.train INFO: Epoch[11] Iter[40/275] Loss: 4.584, Acc: 0.810, Base Lr: 4.44e-04
2026-06-05 11:42:05 transreid.train INFO: Epoch[11] Iter[60/275] Loss: 4.555, Acc: 0.805, Base Lr: 4.44e-04
2026-06-05 11:42:07 transreid.train INFO: Epoch[11] Iter[80/275] Loss: 4.509, Acc: 0.811, Base Lr: 4.44e-04
2026-06-05 11:42:09 transreid.train INFO: Epoch[11] Iter[100/275] Loss: 4.466, Acc: 0.820, Base Lr: 4.44e-04
2026-06-05 11:42:11 transreid.train INFO: Epoch[11] Iter[120/275] Loss: 4.446, Acc: 0.823, Base Lr: 4.44e-04
2026-06-05 11:42:13 transreid.train INFO: Epoch[11] Iter[140/275] Loss: 4.424, Acc: 0.821, Base Lr: 4.44e-04
2026-06-05 11:42:15 transreid.train INFO: Epoch[11] Iter[160/275] Loss: 4.394, Acc: 0.825, Base Lr: 4.44e-04
2026-06-05 11:42:17 transreid.train INFO: Epoch[11] Iter[180/275] Loss: 4.379, Acc: 0.827, Base Lr: 4.44e-04
2026-06-05 11:42:19 transreid.train INFO: Epoch[11] Iter[200/275] Loss: 4.367, Acc: 0.829, Base Lr: 4.44e-04
2026-06-05 11:42:21 transreid.train INFO: Epoch[11] Iter[220/275] Loss: 4.352, Acc: 0.831, Base Lr: 4.44e-04
2026-06-05 11:42:23 transreid.train INFO: Epoch[11] Iter[240/275] Loss: 4.330, Acc: 0.835, Base Lr: 4.44e-04
2026-06-05 11:42:26 transreid.train INFO: Epoch[11] Iter[260/275] Loss: 4.308, Acc: 0.839, Base Lr: 4.44e-04
2026-06-05 11:42:27 transreid.train INFO: Epoch 11 done. Time per epoch: 28.840[s] Speed: 608.0[samples/s]
2026-06-05 11:42:29 transreid.train INFO: Epoch[12] Iter[20/275] Loss: 4.135, Acc: 0.774, Base Lr: 4.83e-04
2026-06-05 11:42:31 transreid.train INFO: Epoch[12] Iter[40/275] Loss: 4.137, Acc: 0.782, Base Lr: 4.83e-04
2026-06-05 11:42:33 transreid.train INFO: Epoch[12] Iter[60/275] Loss: 4.071, Acc: 0.802, Base Lr: 4.83e-04
2026-06-05 11:42:36 transreid.train INFO: Epoch[12] Iter[80/275] Loss: 4.011, Acc: 0.809, Base Lr: 4.83e-04
2026-06-05 11:42:38 transreid.train INFO: Epoch[12] Iter[100/275] Loss: 3.963, Acc: 0.816, Base Lr: 4.83e-04
2026-06-05 11:42:40 transreid.train INFO: Epoch[12] Iter[120/275] Loss: 3.936, Acc: 0.819, Base Lr: 4.83e-04
2026-06-05 11:42:42 transreid.train INFO: Epoch[12] Iter[140/275] Loss: 3.901, Acc: 0.826, Base Lr: 4.83e-04
2026-06-05 11:42:44 transreid.train INFO: Epoch[12] Iter[160/275] Loss: 3.874, Acc: 0.833, Base Lr: 4.83e-04
2026-06-05 11:42:46 transreid.train INFO: Epoch[12] Iter[180/275] Loss: 3.848, Acc: 0.838, Base Lr: 4.83e-04
2026-06-05 11:42:48 transreid.train INFO: Epoch[12] Iter[200/275] Loss: 3.815, Acc: 0.845, Base Lr: 4.83e-04
2026-06-05 11:42:50 transreid.train INFO: Epoch[12] Iter[220/275] Loss: 3.781, Acc: 0.850, Base Lr: 4.83e-04
2026-06-05 11:42:52 transreid.train INFO: Epoch[12] Iter[240/275] Loss: 3.762, Acc: 0.852, Base Lr: 4.83e-04
2026-06-05 11:42:54 transreid.train INFO: Epoch[12] Iter[260/275] Loss: 3.739, Acc: 0.857, Base Lr: 4.83e-04
2026-06-05 11:42:56 transreid.train INFO: Epoch 12 done. Time per epoch: 28.735[s] Speed: 608.0[samples/s]
2026-06-05 11:42:58 transreid.train INFO: Epoch[13] Iter[20/275] Loss: 3.540, Acc: 0.839, Base Lr: 5.23e-04
2026-06-05 11:43:00 transreid.train INFO: Epoch[13] Iter[40/275] Loss: 3.526, Acc: 0.837, Base Lr: 5.23e-04
2026-06-05 11:43:02 transreid.train INFO: Epoch[13] Iter[60/275] Loss: 3.466, Acc: 0.838, Base Lr: 5.23e-04
2026-06-05 11:43:04 transreid.train INFO: Epoch[13] Iter[80/275] Loss: 3.433, Acc: 0.844, Base Lr: 5.23e-04
2026-06-05 11:43:06 transreid.train INFO: Epoch[13] Iter[100/275] Loss: 3.409, Acc: 0.838, Base Lr: 5.23e-04
2026-06-05 11:43:08 transreid.train INFO: Epoch[13] Iter[120/275] Loss: 3.368, Acc: 0.843, Base Lr: 5.23e-04
2026-06-05 11:43:11 transreid.train INFO: Epoch[13] Iter[140/275] Loss: 3.333, Acc: 0.845, Base Lr: 5.23e-04
2026-06-05 11:43:13 transreid.train INFO: Epoch[13] Iter[160/275] Loss: 3.295, Acc: 0.852, Base Lr: 5.23e-04
2026-06-05 11:43:15 transreid.train INFO: Epoch[13] Iter[180/275] Loss: 3.269, Acc: 0.857, Base Lr: 5.23e-04
2026-06-05 11:43:17 transreid.train INFO: Epoch[13] Iter[200/275] Loss: 3.247, Acc: 0.859, Base Lr: 5.23e-04
2026-06-05 11:43:19 transreid.train INFO: Epoch[13] Iter[220/275] Loss: 3.229, Acc: 0.863, Base Lr: 5.23e-04
2026-06-05 11:43:21 transreid.train INFO: Epoch[13] Iter[240/275] Loss: 3.207, Acc: 0.865, Base Lr: 5.23e-04
2026-06-05 11:43:23 transreid.train INFO: Epoch[13] Iter[260/275] Loss: 3.181, Acc: 0.869, Base Lr: 5.23e-04
2026-06-05 11:43:24 transreid.train INFO: Epoch 13 done. Time per epoch: 28.731[s] Speed: 608.1[samples/s]
2026-06-05 11:43:27 transreid.train INFO: Epoch[14] Iter[20/275] Loss: 3.123, Acc: 0.797, Base Lr: 5.62e-04
2026-06-05 11:43:29 transreid.train INFO: Epoch[14] Iter[40/275] Loss: 3.079, Acc: 0.805, Base Lr: 5.62e-04
2026-06-05 11:43:31 transreid.train INFO: Epoch[14] Iter[60/275] Loss: 3.011, Acc: 0.819, Base Lr: 5.62e-04
2026-06-05 11:43:33 transreid.train INFO: Epoch[14] Iter[80/275] Loss: 2.924, Acc: 0.836, Base Lr: 5.62e-04
2026-06-05 11:43:35 transreid.train INFO: Epoch[14] Iter[100/275] Loss: 2.876, Acc: 0.850, Base Lr: 5.62e-04
2026-06-05 11:43:37 transreid.train INFO: Epoch[14] Iter[120/275] Loss: 2.841, Acc: 0.858, Base Lr: 5.62e-04
2026-06-05 11:43:39 transreid.train INFO: Epoch[14] Iter[140/275] Loss: 2.795, Acc: 0.868, Base Lr: 5.62e-04
2026-06-05 11:43:41 transreid.train INFO: Epoch[14] Iter[160/275] Loss: 2.763, Acc: 0.868, Base Lr: 5.62e-04
2026-06-05 11:43:43 transreid.train INFO: Epoch[14] Iter[180/275] Loss: 2.741, Acc: 0.870, Base Lr: 5.62e-04
2026-06-05 11:43:46 transreid.train INFO: Epoch[14] Iter[200/275] Loss: 2.711, Acc: 0.874, Base Lr: 5.62e-04
2026-06-05 11:43:48 transreid.train INFO: Epoch[14] Iter[220/275] Loss: 2.688, Acc: 0.879, Base Lr: 5.62e-04
2026-06-05 11:43:50 transreid.train INFO: Epoch[14] Iter[240/275] Loss: 2.676, Acc: 0.882, Base Lr: 5.62e-04
2026-06-05 11:43:52 transreid.train INFO: Epoch[14] Iter[260/275] Loss: 2.655, Acc: 0.885, Base Lr: 5.62e-04
2026-06-05 11:43:53 transreid.train INFO: Epoch 14 done. Time per epoch: 28.822[s] Speed: 608.4[samples/s]
2026-06-05 11:43:56 transreid.train INFO: Epoch[15] Iter[20/275] Loss: 2.877, Acc: 0.778, Base Lr: 6.02e-04
2026-06-05 11:43:58 transreid.train INFO: Epoch[15] Iter[40/275] Loss: 2.683, Acc: 0.811, Base Lr: 6.02e-04
2026-06-05 11:44:00 transreid.train INFO: Epoch[15] Iter[60/275] Loss: 2.579, Acc: 0.824, Base Lr: 6.02e-04
2026-06-05 11:44:02 transreid.train INFO: Epoch[15] Iter[80/275] Loss: 2.526, Acc: 0.834, Base Lr: 6.02e-04
2026-06-05 11:44:04 transreid.train INFO: Epoch[15] Iter[100/275] Loss: 2.468, Acc: 0.843, Base Lr: 6.02e-04
2026-06-05 11:44:06 transreid.train INFO: Epoch[15] Iter[120/275] Loss: 2.414, Acc: 0.852, Base Lr: 6.02e-04
2026-06-05 11:44:08 transreid.train INFO: Epoch[15] Iter[140/275] Loss: 2.364, Acc: 0.861, Base Lr: 6.02e-04
2026-06-05 11:44:10 transreid.train INFO: Epoch[15] Iter[160/275] Loss: 2.309, Acc: 0.870, Base Lr: 6.02e-04
2026-06-05 11:44:12 transreid.train INFO: Epoch[15] Iter[180/275] Loss: 2.258, Acc: 0.879, Base Lr: 6.02e-04
2026-06-05 11:44:14 transreid.train INFO: Epoch[15] Iter[200/275] Loss: 2.218, Acc: 0.885, Base Lr: 6.02e-04
2026-06-05 11:44:16 transreid.train INFO: Epoch[15] Iter[220/275] Loss: 2.185, Acc: 0.890, Base Lr: 6.02e-04
2026-06-05 11:44:19 transreid.train INFO: Epoch[15] Iter[240/275] Loss: 2.159, Acc: 0.892, Base Lr: 6.02e-04
2026-06-05 11:44:21 transreid.train INFO: Epoch[15] Iter[260/275] Loss: 2.133, Acc: 0.896, Base Lr: 6.02e-04
2026-06-05 11:44:22 transreid.train INFO: Epoch 15 done. Time per epoch: 28.830[s] Speed: 608.3[samples/s]
2026-06-05 11:44:24 transreid.train INFO: Epoch[16] Iter[20/275] Loss: 2.103, Acc: 0.836, Base Lr: 6.42e-04
2026-06-05 11:44:27 transreid.train INFO: Epoch[16] Iter[40/275] Loss: 2.051, Acc: 0.845, Base Lr: 6.42e-04
2026-06-05 11:44:29 transreid.train INFO: Epoch[16] Iter[60/275] Loss: 1.991, Acc: 0.854, Base Lr: 6.42e-04
2026-06-05 11:44:31 transreid.train INFO: Epoch[16] Iter[80/275] Loss: 1.934, Acc: 0.866, Base Lr: 6.42e-04
2026-06-05 11:44:33 transreid.train INFO: Epoch[16] Iter[100/275] Loss: 1.888, Acc: 0.873, Base Lr: 6.42e-04
2026-06-05 11:44:35 transreid.train INFO: Epoch[16] Iter[120/275] Loss: 1.863, Acc: 0.880, Base Lr: 6.42e-04
2026-06-05 11:44:37 transreid.train INFO: Epoch[16] Iter[140/275] Loss: 1.845, Acc: 0.883, Base Lr: 6.42e-04
2026-06-05 11:44:39 transreid.train INFO: Epoch[16] Iter[160/275] Loss: 1.818, Acc: 0.886, Base Lr: 6.42e-04
2026-06-05 11:44:41 transreid.train INFO: Epoch[16] Iter[180/275] Loss: 1.792, Acc: 0.892, Base Lr: 6.42e-04
2026-06-05 11:44:43 transreid.train INFO: Epoch[16] Iter[200/275] Loss: 1.763, Acc: 0.896, Base Lr: 6.42e-04
2026-06-05 11:44:45 transreid.train INFO: Epoch[16] Iter[220/275] Loss: 1.746, Acc: 0.898, Base Lr: 6.42e-04
2026-06-05 11:44:47 transreid.train INFO: Epoch[16] Iter[240/275] Loss: 1.726, Acc: 0.900, Base Lr: 6.42e-04
2026-06-05 11:44:49 transreid.train INFO: Epoch[16] Iter[260/275] Loss: 1.710, Acc: 0.905, Base Lr: 6.42e-04
2026-06-05 11:44:51 transreid.train INFO: Epoch 16 done. Time per epoch: 28.818[s] Speed: 608.5[samples/s]
2026-06-05 11:44:53 transreid.train INFO: Epoch[17] Iter[20/275] Loss: 1.628, Acc: 0.870, Base Lr: 6.81e-04
2026-06-05 11:44:55 transreid.train INFO: Epoch[17] Iter[40/275] Loss: 1.701, Acc: 0.860, Base Lr: 6.81e-04
2026-06-05 11:44:57 transreid.train INFO: Epoch[17] Iter[60/275] Loss: 1.693, Acc: 0.862, Base Lr: 6.81e-04
2026-06-05 11:45:00 transreid.train INFO: Epoch[17] Iter[80/275] Loss: 1.646, Acc: 0.870, Base Lr: 6.81e-04
2026-06-05 11:45:02 transreid.train INFO: Epoch[17] Iter[100/275] Loss: 1.641, Acc: 0.871, Base Lr: 6.81e-04
2026-06-05 11:45:04 transreid.train INFO: Epoch[17] Iter[120/275] Loss: 1.604, Acc: 0.877, Base Lr: 6.81e-04
2026-06-05 11:45:06 transreid.train INFO: Epoch[17] Iter[140/275] Loss: 1.574, Acc: 0.882, Base Lr: 6.81e-04
2026-06-05 11:45:08 transreid.train INFO: Epoch[17] Iter[160/275] Loss: 1.538, Acc: 0.889, Base Lr: 6.81e-04
2026-06-05 11:45:10 transreid.train INFO: Epoch[17] Iter[180/275] Loss: 1.502, Acc: 0.895, Base Lr: 6.81e-04
2026-06-05 11:45:12 transreid.train INFO: Epoch[17] Iter[200/275] Loss: 1.464, Acc: 0.901, Base Lr: 6.81e-04
2026-06-05 11:45:14 transreid.train INFO: Epoch[17] Iter[220/275] Loss: 1.439, Acc: 0.905, Base Lr: 6.81e-04
2026-06-05 11:45:16 transreid.train INFO: Epoch[17] Iter[240/275] Loss: 1.413, Acc: 0.910, Base Lr: 6.81e-04
2026-06-05 11:45:18 transreid.train INFO: Epoch[17] Iter[260/275] Loss: 1.385, Acc: 0.914, Base Lr: 6.81e-04
2026-06-05 11:45:20 transreid.train INFO: Epoch 17 done. Time per epoch: 28.717[s] Speed: 608.4[samples/s]
2026-06-05 11:45:22 transreid.train INFO: Epoch[18] Iter[20/275] Loss: 1.543, Acc: 0.860, Base Lr: 7.21e-04
2026-06-05 11:45:24 transreid.train INFO: Epoch[18] Iter[40/275] Loss: 1.470, Acc: 0.869, Base Lr: 7.21e-04
2026-06-05 11:45:26 transreid.train INFO: Epoch[18] Iter[60/275] Loss: 1.397, Acc: 0.877, Base Lr: 7.21e-04
2026-06-05 11:45:28 transreid.train INFO: Epoch[18] Iter[80/275] Loss: 1.346, Acc: 0.886, Base Lr: 7.21e-04
2026-06-05 11:45:30 transreid.train INFO: Epoch[18] Iter[100/275] Loss: 1.301, Acc: 0.895, Base Lr: 7.21e-04
2026-06-05 11:45:32 transreid.train INFO: Epoch[18] Iter[120/275] Loss: 1.283, Acc: 0.898, Base Lr: 7.21e-04
2026-06-05 11:45:34 transreid.train INFO: Epoch[18] Iter[140/275] Loss: 1.251, Acc: 0.903, Base Lr: 7.21e-04
2026-06-05 11:45:37 transreid.train INFO: Epoch[18] Iter[160/275] Loss: 1.217, Acc: 0.910, Base Lr: 7.21e-04
2026-06-05 11:45:39 transreid.train INFO: Epoch[18] Iter[180/275] Loss: 1.191, Acc: 0.914, Base Lr: 7.21e-04
2026-06-05 11:45:41 transreid.train INFO: Epoch[18] Iter[200/275] Loss: 1.166, Acc: 0.917, Base Lr: 7.21e-04
2026-06-05 11:45:43 transreid.train INFO: Epoch[18] Iter[220/275] Loss: 1.150, Acc: 0.921, Base Lr: 7.21e-04
2026-06-05 11:45:45 transreid.train INFO: Epoch[18] Iter[240/275] Loss: 1.137, Acc: 0.924, Base Lr: 7.21e-04
2026-06-05 11:45:47 transreid.train INFO: Epoch[18] Iter[260/275] Loss: 1.121, Acc: 0.928, Base Lr: 7.21e-04
2026-06-05 11:45:49 transreid.train INFO: Epoch 18 done. Time per epoch: 28.829[s] Speed: 608.3[samples/s]
2026-06-05 11:45:51 transreid.train INFO: Epoch[19] Iter[20/275] Loss: 1.367, Acc: 0.855, Base Lr: 7.60e-04
2026-06-05 11:45:53 transreid.train INFO: Epoch[19] Iter[40/275] Loss: 1.282, Acc: 0.884, Base Lr: 7.60e-04
2026-06-05 11:45:55 transreid.train INFO: Epoch[19] Iter[60/275] Loss: 1.281, Acc: 0.881, Base Lr: 7.60e-04
2026-06-05 11:45:57 transreid.train INFO: Epoch[19] Iter[80/275] Loss: 1.229, Acc: 0.888, Base Lr: 7.60e-04
2026-06-05 11:45:59 transreid.train INFO: Epoch[19] Iter[100/275] Loss: 1.171, Acc: 0.898, Base Lr: 7.60e-04
2026-06-05 11:46:01 transreid.train INFO: Epoch[19] Iter[120/275] Loss: 1.123, Acc: 0.907, Base Lr: 7.60e-04
2026-06-05 11:46:03 transreid.train INFO: Epoch[19] Iter[140/275] Loss: 1.096, Acc: 0.912, Base Lr: 7.60e-04
2026-06-05 11:46:05 transreid.train INFO: Epoch[19] Iter[160/275] Loss: 1.067, Acc: 0.917, Base Lr: 7.60e-04
2026-06-05 11:46:08 transreid.train INFO: Epoch[19] Iter[180/275] Loss: 1.044, Acc: 0.922, Base Lr: 7.60e-04
2026-06-05 11:46:10 transreid.train INFO: Epoch[19] Iter[200/275] Loss: 1.013, Acc: 0.927, Base Lr: 7.60e-04
2026-06-05 11:46:12 transreid.train INFO: Epoch[19] Iter[220/275] Loss: 0.987, Acc: 0.932, Base Lr: 7.60e-04
2026-06-05 11:46:14 transreid.train INFO: Epoch[19] Iter[240/275] Loss: 0.971, Acc: 0.935, Base Lr: 7.60e-04
2026-06-05 11:46:16 transreid.train INFO: Epoch[19] Iter[260/275] Loss: 0.955, Acc: 0.937, Base Lr: 7.60e-04
2026-06-05 11:46:17 transreid.train INFO: Epoch 19 done. Time per epoch: 28.827[s] Speed: 608.3[samples/s]
2026-06-05 11:46:20 transreid.train INFO: Epoch[20] Iter[20/275] Loss: 1.076, Acc: 0.891, Base Lr: 7.47e-04
2026-06-05 11:46:22 transreid.train INFO: Epoch[20] Iter[40/275] Loss: 1.004, Acc: 0.905, Base Lr: 7.47e-04
2026-06-05 11:46:24 transreid.train INFO: Epoch[20] Iter[60/275] Loss: 1.006, Acc: 0.907, Base Lr: 7.47e-04
2026-06-05 11:46:26 transreid.train INFO: Epoch[20] Iter[80/275] Loss: 0.973, Acc: 0.913, Base Lr: 7.47e-04
2026-06-05 11:46:28 transreid.train INFO: Epoch[20] Iter[100/275] Loss: 0.949, Acc: 0.919, Base Lr: 7.47e-04
2026-06-05 11:46:30 transreid.train INFO: Epoch[20] Iter[120/275] Loss: 0.945, Acc: 0.919, Base Lr: 7.47e-04
2026-06-05 11:46:32 transreid.train INFO: Epoch[20] Iter[140/275] Loss: 0.913, Acc: 0.924, Base Lr: 7.47e-04
2026-06-05 11:46:34 transreid.train INFO: Epoch[20] Iter[160/275] Loss: 0.881, Acc: 0.930, Base Lr: 7.47e-04
2026-06-05 11:46:36 transreid.train INFO: Epoch[20] Iter[180/275] Loss: 0.856, Acc: 0.935, Base Lr: 7.47e-04
2026-06-05 11:46:38 transreid.train INFO: Epoch[20] Iter[200/275] Loss: 0.832, Acc: 0.938, Base Lr: 7.47e-04
2026-06-05 11:46:40 transreid.train INFO: Epoch[20] Iter[220/275] Loss: 0.819, Acc: 0.940, Base Lr: 7.47e-04
2026-06-05 11:46:43 transreid.train INFO: Epoch[20] Iter[240/275] Loss: 0.807, Acc: 0.943, Base Lr: 7.47e-04
2026-06-05 11:46:45 transreid.train INFO: Epoch[20] Iter[260/275] Loss: 0.788, Acc: 0.946, Base Lr: 7.47e-04
2026-06-05 11:46:46 transreid.train INFO: Epoch 20 done. Time per epoch: 28.701[s] Speed: 608.8[samples/s]
=> Computing MULTIHYP conservative DistMat (alpha=0.1)
2026-06-05 11:47:00 transreid.train INFO: Validation Results - Epoch: 20
2026-06-05 11:47:00 transreid.train INFO: mAP: 75.1%
2026-06-05 11:47:00 transreid.train INFO: CMC curve, Rank-1  :84.0%
2026-06-05 11:47:00 transreid.train INFO: CMC curve, Rank-5  :94.0%
2026-06-05 11:47:00 transreid.train INFO: CMC curve, Rank-10 :96.6%
2026-06-05 11:47:02 transreid.train INFO: Epoch[21] Iter[20/275] Loss: 0.917, Acc: 0.898, Base Lr: 7.41e-04
2026-06-05 11:47:05 transreid.train INFO: Epoch[21] Iter[40/275] Loss: 0.961, Acc: 0.902, Base Lr: 7.41e-04
2026-06-05 11:47:07 transreid.train INFO: Epoch[21] Iter[60/275] Loss: 0.915, Acc: 0.912, Base Lr: 7.41e-04
2026-06-05 11:47:09 transreid.train INFO: Epoch[21] Iter[80/275] Loss: 0.860, Acc: 0.920, Base Lr: 7.41e-04
2026-06-05 11:47:11 transreid.train INFO: Epoch[21] Iter[100/275] Loss: 0.814, Acc: 0.924, Base Lr: 7.41e-04
2026-06-05 11:47:13 transreid.train INFO: Epoch[21] Iter[120/275] Loss: 0.764, Acc: 0.932, Base Lr: 7.41e-04
2026-06-05 11:47:15 transreid.train INFO: Epoch[21] Iter[140/275] Loss: 0.732, Acc: 0.937, Base Lr: 7.41e-04
2026-06-05 11:47:17 transreid.train INFO: Epoch[21] Iter[160/275] Loss: 0.702, Acc: 0.941, Base Lr: 7.41e-04
2026-06-05 11:47:19 transreid.train INFO: Epoch[21] Iter[180/275] Loss: 0.672, Acc: 0.946, Base Lr: 7.41e-04
2026-06-05 11:47:21 transreid.train INFO: Epoch[21] Iter[200/275] Loss: 0.650, Acc: 0.950, Base Lr: 7.41e-04
2026-06-05 11:47:23 transreid.train INFO: Epoch[21] Iter[220/275] Loss: 0.635, Acc: 0.952, Base Lr: 7.41e-04
2026-06-05 11:47:25 transreid.train INFO: Epoch[21] Iter[240/275] Loss: 0.626, Acc: 0.953, Base Lr: 7.41e-04
2026-06-05 11:47:28 transreid.train INFO: Epoch[21] Iter[260/275] Loss: 0.612, Acc: 0.956, Base Lr: 7.41e-04
2026-06-05 11:47:29 transreid.train INFO: Epoch 21 done. Time per epoch: 28.777[s] Speed: 607.2[samples/s]
2026-06-05 11:47:31 transreid.train INFO: Epoch[22] Iter[20/275] Loss: 0.946, Acc: 0.905, Base Lr: 7.36e-04
2026-06-05 11:47:33 transreid.train INFO: Epoch[22] Iter[40/275] Loss: 0.845, Acc: 0.914, Base Lr: 7.36e-04
2026-06-05 11:47:35 transreid.train INFO: Epoch[22] Iter[60/275] Loss: 0.793, Acc: 0.922, Base Lr: 7.36e-04
2026-06-05 11:47:38 transreid.train INFO: Epoch[22] Iter[80/275] Loss: 0.719, Acc: 0.932, Base Lr: 7.36e-04
2026-06-05 11:47:40 transreid.train INFO: Epoch[22] Iter[100/275] Loss: 0.681, Acc: 0.938, Base Lr: 7.36e-04
2026-06-05 11:47:42 transreid.train INFO: Epoch[22] Iter[120/275] Loss: 0.660, Acc: 0.943, Base Lr: 7.36e-04
2026-06-05 11:47:44 transreid.train INFO: Epoch[22] Iter[140/275] Loss: 0.634, Acc: 0.947, Base Lr: 7.36e-04
2026-06-05 11:47:46 transreid.train INFO: Epoch[22] Iter[160/275] Loss: 0.607, Acc: 0.951, Base Lr: 7.36e-04
2026-06-05 11:47:48 transreid.train INFO: Epoch[22] Iter[180/275] Loss: 0.586, Acc: 0.955, Base Lr: 7.36e-04
2026-06-05 11:47:50 transreid.train INFO: Epoch[22] Iter[200/275] Loss: 0.566, Acc: 0.958, Base Lr: 7.36e-04
2026-06-05 11:47:52 transreid.train INFO: Epoch[22] Iter[220/275] Loss: 0.559, Acc: 0.960, Base Lr: 7.36e-04
2026-06-05 11:47:54 transreid.train INFO: Epoch[22] Iter[240/275] Loss: 0.544, Acc: 0.962, Base Lr: 7.36e-04
2026-06-05 11:47:56 transreid.train INFO: Epoch[22] Iter[260/275] Loss: 0.531, Acc: 0.964, Base Lr: 7.36e-04
2026-06-05 11:47:58 transreid.train INFO: Epoch 22 done. Time per epoch: 28.875[s] Speed: 607.3[samples/s]
2026-06-05 11:48:00 transreid.train INFO: Epoch[23] Iter[20/275] Loss: 0.753, Acc: 0.901, Base Lr: 7.30e-04
2026-06-05 11:48:02 transreid.train INFO: Epoch[23] Iter[40/275] Loss: 0.697, Acc: 0.923, Base Lr: 7.30e-04
2026-06-05 11:48:04 transreid.train INFO: Epoch[23] Iter[60/275] Loss: 0.670, Acc: 0.934, Base Lr: 7.30e-04
2026-06-05 11:48:06 transreid.train INFO: Epoch[23] Iter[80/275] Loss: 0.623, Acc: 0.942, Base Lr: 7.30e-04
2026-06-05 11:48:08 transreid.train INFO: Epoch[23] Iter[100/275] Loss: 0.590, Acc: 0.947, Base Lr: 7.30e-04
2026-06-05 11:48:11 transreid.train INFO: Epoch[23] Iter[120/275] Loss: 0.558, Acc: 0.953, Base Lr: 7.30e-04
2026-06-05 11:48:13 transreid.train INFO: Epoch[23] Iter[140/275] Loss: 0.536, Acc: 0.956, Base Lr: 7.30e-04
2026-06-05 11:48:15 transreid.train INFO: Epoch[23] Iter[160/275] Loss: 0.509, Acc: 0.960, Base Lr: 7.30e-04
2026-06-05 11:48:17 transreid.train INFO: Epoch[23] Iter[180/275] Loss: 0.496, Acc: 0.961, Base Lr: 7.30e-04
2026-06-05 11:48:19 transreid.train INFO: Epoch[23] Iter[200/275] Loss: 0.482, Acc: 0.963, Base Lr: 7.30e-04
2026-06-05 11:48:21 transreid.train INFO: Epoch[23] Iter[220/275] Loss: 0.470, Acc: 0.965, Base Lr: 7.30e-04
2026-06-05 11:48:23 transreid.train INFO: Epoch[23] Iter[240/275] Loss: 0.459, Acc: 0.966, Base Lr: 7.30e-04
2026-06-05 11:48:25 transreid.train INFO: Epoch[23] Iter[260/275] Loss: 0.448, Acc: 0.968, Base Lr: 7.30e-04
2026-06-05 11:48:27 transreid.train INFO: Epoch 23 done. Time per epoch: 28.771[s] Speed: 607.3[samples/s]
2026-06-05 11:48:29 transreid.train INFO: Epoch[24] Iter[20/275] Loss: 0.559, Acc: 0.941, Base Lr: 7.24e-04
2026-06-05 11:48:31 transreid.train INFO: Epoch[24] Iter[40/275] Loss: 0.539, Acc: 0.944, Base Lr: 7.24e-04
2026-06-05 11:48:33 transreid.train INFO: Epoch[24] Iter[60/275] Loss: 0.517, Acc: 0.949, Base Lr: 7.24e-04
2026-06-05 11:48:35 transreid.train INFO: Epoch[24] Iter[80/275] Loss: 0.506, Acc: 0.954, Base Lr: 7.24e-04
2026-06-05 11:48:37 transreid.train INFO: Epoch[24] Iter[100/275] Loss: 0.492, Acc: 0.957, Base Lr: 7.24e-04
2026-06-05 11:48:39 transreid.train INFO: Epoch[24] Iter[120/275] Loss: 0.481, Acc: 0.959, Base Lr: 7.24e-04
2026-06-05 11:48:41 transreid.train INFO: Epoch[24] Iter[140/275] Loss: 0.460, Acc: 0.962, Base Lr: 7.24e-04
2026-06-05 11:48:44 transreid.train INFO: Epoch[24] Iter[160/275] Loss: 0.443, Acc: 0.964, Base Lr: 7.24e-04
2026-06-05 11:48:46 transreid.train INFO: Epoch[24] Iter[180/275] Loss: 0.428, Acc: 0.965, Base Lr: 7.24e-04
2026-06-05 11:48:48 transreid.train INFO: Epoch[24] Iter[200/275] Loss: 0.419, Acc: 0.968, Base Lr: 7.24e-04
2026-06-05 11:48:50 transreid.train INFO: Epoch[24] Iter[220/275] Loss: 0.412, Acc: 0.969, Base Lr: 7.24e-04
2026-06-05 11:48:52 transreid.train INFO: Epoch[24] Iter[240/275] Loss: 0.404, Acc: 0.970, Base Lr: 7.24e-04
2026-06-05 11:48:54 transreid.train INFO: Epoch[24] Iter[260/275] Loss: 0.394, Acc: 0.972, Base Lr: 7.24e-04
2026-06-05 11:48:55 transreid.train INFO: Epoch 24 done. Time per epoch: 28.787[s] Speed: 606.9[samples/s]
2026-06-05 11:48:58 transreid.train INFO: Epoch[25] Iter[20/275] Loss: 0.554, Acc: 0.934, Base Lr: 7.18e-04
2026-06-05 11:49:00 transreid.train INFO: Epoch[25] Iter[40/275] Loss: 0.532, Acc: 0.942, Base Lr: 7.18e-04
2026-06-05 11:49:02 transreid.train INFO: Epoch[25] Iter[60/275] Loss: 0.509, Acc: 0.950, Base Lr: 7.18e-04
2026-06-05 11:49:04 transreid.train INFO: Epoch[25] Iter[80/275] Loss: 0.488, Acc: 0.953, Base Lr: 7.18e-04
2026-06-05 11:49:06 transreid.train INFO: Epoch[25] Iter[100/275] Loss: 0.469, Acc: 0.955, Base Lr: 7.18e-04
2026-06-05 11:49:08 transreid.train INFO: Epoch[25] Iter[120/275] Loss: 0.448, Acc: 0.958, Base Lr: 7.18e-04
2026-06-05 11:49:10 transreid.train INFO: Epoch[25] Iter[140/275] Loss: 0.420, Acc: 0.963, Base Lr: 7.18e-04
2026-06-05 11:49:12 transreid.train INFO: Epoch[25] Iter[160/275] Loss: 0.404, Acc: 0.966, Base Lr: 7.18e-04
2026-06-05 11:49:14 transreid.train INFO: Epoch[25] Iter[180/275] Loss: 0.390, Acc: 0.968, Base Lr: 7.18e-04
2026-06-05 11:49:16 transreid.train INFO: Epoch[25] Iter[200/275] Loss: 0.377, Acc: 0.971, Base Lr: 7.18e-04
2026-06-05 11:49:19 transreid.train INFO: Epoch[25] Iter[220/275] Loss: 0.367, Acc: 0.972, Base Lr: 7.18e-04
2026-06-05 11:49:21 transreid.train INFO: Epoch[25] Iter[240/275] Loss: 0.358, Acc: 0.973, Base Lr: 7.18e-04
2026-06-05 11:49:23 transreid.train INFO: Epoch[25] Iter[260/275] Loss: 0.349, Acc: 0.975, Base Lr: 7.18e-04
2026-06-05 11:49:24 transreid.train INFO: Epoch 25 done. Time per epoch: 28.887[s] Speed: 607.1[samples/s]
2026-06-05 11:49:27 transreid.train INFO: Epoch[26] Iter[20/275] Loss: 0.467, Acc: 0.946, Base Lr: 7.11e-04
2026-06-05 11:49:29 transreid.train INFO: Epoch[26] Iter[40/275] Loss: 0.409, Acc: 0.957, Base Lr: 7.11e-04
2026-06-05 11:49:31 transreid.train INFO: Epoch[26] Iter[60/275] Loss: 0.423, Acc: 0.954, Base Lr: 7.11e-04
2026-06-05 11:49:33 transreid.train INFO: Epoch[26] Iter[80/275] Loss: 0.418, Acc: 0.956, Base Lr: 7.11e-04
2026-06-05 11:49:35 transreid.train INFO: Epoch[26] Iter[100/275] Loss: 0.395, Acc: 0.962, Base Lr: 7.11e-04
2026-06-05 11:49:37 transreid.train INFO: Epoch[26] Iter[120/275] Loss: 0.376, Acc: 0.964, Base Lr: 7.11e-04
2026-06-05 11:49:39 transreid.train INFO: Epoch[26] Iter[140/275] Loss: 0.364, Acc: 0.966, Base Lr: 7.11e-04
2026-06-05 11:49:41 transreid.train INFO: Epoch[26] Iter[160/275] Loss: 0.351, Acc: 0.969, Base Lr: 7.11e-04
2026-06-05 11:49:43 transreid.train INFO: Epoch[26] Iter[180/275] Loss: 0.339, Acc: 0.972, Base Lr: 7.11e-04
2026-06-05 11:49:45 transreid.train INFO: Epoch[26] Iter[200/275] Loss: 0.326, Acc: 0.974, Base Lr: 7.11e-04
2026-06-05 11:49:47 transreid.train INFO: Epoch[26] Iter[220/275] Loss: 0.316, Acc: 0.975, Base Lr: 7.11e-04
2026-06-05 11:49:50 transreid.train INFO: Epoch[26] Iter[240/275] Loss: 0.308, Acc: 0.976, Base Lr: 7.11e-04
2026-06-05 11:49:52 transreid.train INFO: Epoch[26] Iter[260/275] Loss: 0.301, Acc: 0.977, Base Lr: 7.11e-04
2026-06-05 11:49:53 transreid.train INFO: Epoch 26 done. Time per epoch: 28.791[s] Speed: 606.8[samples/s]
2026-06-05 11:49:55 transreid.train INFO: Epoch[27] Iter[20/275] Loss: 0.510, Acc: 0.935, Base Lr: 7.04e-04
2026-06-05 11:49:57 transreid.train INFO: Epoch[27] Iter[40/275] Loss: 0.479, Acc: 0.948, Base Lr: 7.04e-04
2026-06-05 11:50:00 transreid.train INFO: Epoch[27] Iter[60/275] Loss: 0.446, Acc: 0.952, Base Lr: 7.04e-04
2026-06-05 11:50:02 transreid.train INFO: Epoch[27] Iter[80/275] Loss: 0.408, Acc: 0.959, Base Lr: 7.04e-04
2026-06-05 11:50:04 transreid.train INFO: Epoch[27] Iter[100/275] Loss: 0.384, Acc: 0.963, Base Lr: 7.04e-04
2026-06-05 11:50:06 transreid.train INFO: Epoch[27] Iter[120/275] Loss: 0.359, Acc: 0.967, Base Lr: 7.04e-04
2026-06-05 11:50:08 transreid.train INFO: Epoch[27] Iter[140/275] Loss: 0.355, Acc: 0.968, Base Lr: 7.04e-04
2026-06-05 11:50:10 transreid.train INFO: Epoch[27] Iter[160/275] Loss: 0.342, Acc: 0.970, Base Lr: 7.04e-04
2026-06-05 11:50:12 transreid.train INFO: Epoch[27] Iter[180/275] Loss: 0.329, Acc: 0.972, Base Lr: 7.04e-04
2026-06-05 11:50:14 transreid.train INFO: Epoch[27] Iter[200/275] Loss: 0.321, Acc: 0.974, Base Lr: 7.04e-04
2026-06-05 11:50:16 transreid.train INFO: Epoch[27] Iter[220/275] Loss: 0.313, Acc: 0.976, Base Lr: 7.04e-04
2026-06-05 11:50:18 transreid.train INFO: Epoch[27] Iter[240/275] Loss: 0.305, Acc: 0.977, Base Lr: 7.04e-04
2026-06-05 11:50:20 transreid.train INFO: Epoch[27] Iter[260/275] Loss: 0.296, Acc: 0.978, Base Lr: 7.04e-04
2026-06-05 11:50:22 transreid.train INFO: Epoch 27 done. Time per epoch: 28.885[s] Speed: 607.1[samples/s]
2026-06-05 11:50:24 transreid.train INFO: Epoch[28] Iter[20/275] Loss: 0.437, Acc: 0.948, Base Lr: 6.97e-04
2026-06-05 11:50:26 transreid.train INFO: Epoch[28] Iter[40/275] Loss: 0.395, Acc: 0.953, Base Lr: 6.97e-04
2026-06-05 11:50:28 transreid.train INFO: Epoch[28] Iter[60/275] Loss: 0.373, Acc: 0.958, Base Lr: 6.97e-04
2026-06-05 11:50:31 transreid.train INFO: Epoch[28] Iter[80/275] Loss: 0.335, Acc: 0.966, Base Lr: 6.97e-04
2026-06-05 11:50:33 transreid.train INFO: Epoch[28] Iter[100/275] Loss: 0.332, Acc: 0.965, Base Lr: 6.97e-04
2026-06-05 11:50:35 transreid.train INFO: Epoch[28] Iter[120/275] Loss: 0.321, Acc: 0.968, Base Lr: 6.97e-04
2026-06-05 11:50:37 transreid.train INFO: Epoch[28] Iter[140/275] Loss: 0.307, Acc: 0.971, Base Lr: 6.97e-04
2026-06-05 11:50:39 transreid.train INFO: Epoch[28] Iter[160/275] Loss: 0.291, Acc: 0.974, Base Lr: 6.97e-04
2026-06-05 11:50:41 transreid.train INFO: Epoch[28] Iter[180/275] Loss: 0.283, Acc: 0.977, Base Lr: 6.97e-04
2026-06-05 11:50:43 transreid.train INFO: Epoch[28] Iter[200/275] Loss: 0.275, Acc: 0.979, Base Lr: 6.97e-04
2026-06-05 11:50:45 transreid.train INFO: Epoch[28] Iter[220/275] Loss: 0.267, Acc: 0.980, Base Lr: 6.97e-04
2026-06-05 11:50:47 transreid.train INFO: Epoch[28] Iter[240/275] Loss: 0.260, Acc: 0.981, Base Lr: 6.97e-04
2026-06-05 11:50:49 transreid.train INFO: Epoch[28] Iter[260/275] Loss: 0.255, Acc: 0.981, Base Lr: 6.97e-04
2026-06-05 11:50:51 transreid.train INFO: Epoch 28 done. Time per epoch: 28.793[s] Speed: 606.8[samples/s]
2026-06-05 11:50:53 transreid.train INFO: Epoch[29] Iter[20/275] Loss: 0.457, Acc: 0.943, Base Lr: 6.90e-04
2026-06-05 11:50:55 transreid.train INFO: Epoch[29] Iter[40/275] Loss: 0.424, Acc: 0.951, Base Lr: 6.90e-04
2026-06-05 11:50:57 transreid.train INFO: Epoch[29] Iter[60/275] Loss: 0.383, Acc: 0.960, Base Lr: 6.90e-04
2026-06-05 11:50:59 transreid.train INFO: Epoch[29] Iter[80/275] Loss: 0.354, Acc: 0.964, Base Lr: 6.90e-04
2026-06-05 11:51:01 transreid.train INFO: Epoch[29] Iter[100/275] Loss: 0.330, Acc: 0.968, Base Lr: 6.90e-04
2026-06-05 11:51:03 transreid.train INFO: Epoch[29] Iter[120/275] Loss: 0.307, Acc: 0.971, Base Lr: 6.90e-04
2026-06-05 11:51:06 transreid.train INFO: Epoch[29] Iter[140/275] Loss: 0.292, Acc: 0.973, Base Lr: 6.90e-04
2026-06-05 11:51:08 transreid.train INFO: Epoch[29] Iter[160/275] Loss: 0.278, Acc: 0.975, Base Lr: 6.90e-04
2026-06-05 11:51:10 transreid.train INFO: Epoch[29] Iter[180/275] Loss: 0.269, Acc: 0.976, Base Lr: 6.90e-04
2026-06-05 11:51:12 transreid.train INFO: Epoch[29] Iter[200/275] Loss: 0.257, Acc: 0.979, Base Lr: 6.90e-04
2026-06-05 11:51:14 transreid.train INFO: Epoch[29] Iter[220/275] Loss: 0.248, Acc: 0.980, Base Lr: 6.90e-04
2026-06-05 11:51:16 transreid.train INFO: Epoch[29] Iter[240/275] Loss: 0.241, Acc: 0.981, Base Lr: 6.90e-04
2026-06-05 11:51:18 transreid.train INFO: Epoch[29] Iter[260/275] Loss: 0.234, Acc: 0.982, Base Lr: 6.90e-04
2026-06-05 11:51:20 transreid.train INFO: Epoch 29 done. Time per epoch: 28.885[s] Speed: 607.1[samples/s]
2026-06-05 11:51:22 transreid.train INFO: Epoch[30] Iter[20/275] Loss: 0.314, Acc: 0.963, Base Lr: 6.83e-04
2026-06-05 11:51:24 transreid.train INFO: Epoch[30] Iter[40/275] Loss: 0.334, Acc: 0.966, Base Lr: 6.83e-04
2026-06-05 11:51:26 transreid.train INFO: Epoch[30] Iter[60/275] Loss: 0.300, Acc: 0.973, Base Lr: 6.83e-04
2026-06-05 11:51:28 transreid.train INFO: Epoch[30] Iter[80/275] Loss: 0.295, Acc: 0.974, Base Lr: 6.83e-04
2026-06-05 11:51:30 transreid.train INFO: Epoch[30] Iter[100/275] Loss: 0.275, Acc: 0.977, Base Lr: 6.83e-04
2026-06-05 11:51:32 transreid.train INFO: Epoch[30] Iter[120/275] Loss: 0.256, Acc: 0.979, Base Lr: 6.83e-04
2026-06-05 11:51:34 transreid.train INFO: Epoch[30] Iter[140/275] Loss: 0.248, Acc: 0.979, Base Lr: 6.83e-04
2026-06-05 11:51:37 transreid.train INFO: Epoch[30] Iter[160/275] Loss: 0.235, Acc: 0.981, Base Lr: 6.83e-04
2026-06-05 11:51:39 transreid.train INFO: Epoch[30] Iter[180/275] Loss: 0.225, Acc: 0.983, Base Lr: 6.83e-04
2026-06-05 11:51:41 transreid.train INFO: Epoch[30] Iter[200/275] Loss: 0.218, Acc: 0.984, Base Lr: 6.83e-04
2026-06-05 11:51:43 transreid.train INFO: Epoch[30] Iter[220/275] Loss: 0.213, Acc: 0.984, Base Lr: 6.83e-04
2026-06-05 11:51:45 transreid.train INFO: Epoch[30] Iter[240/275] Loss: 0.208, Acc: 0.984, Base Lr: 6.83e-04
2026-06-05 11:51:47 transreid.train INFO: Epoch[30] Iter[260/275] Loss: 0.203, Acc: 0.984, Base Lr: 6.83e-04
2026-06-05 11:51:48 transreid.train INFO: Epoch 30 done. Time per epoch: 28.788[s] Speed: 606.9[samples/s]
2026-06-05 11:51:51 transreid.train INFO: Epoch[31] Iter[20/275] Loss: 0.274, Acc: 0.973, Base Lr: 6.76e-04
2026-06-05 11:51:53 transreid.train INFO: Epoch[31] Iter[40/275] Loss: 0.274, Acc: 0.976, Base Lr: 6.76e-04
2026-06-05 11:51:55 transreid.train INFO: Epoch[31] Iter[60/275] Loss: 0.266, Acc: 0.975, Base Lr: 6.76e-04
2026-06-05 11:51:57 transreid.train INFO: Epoch[31] Iter[80/275] Loss: 0.244, Acc: 0.979, Base Lr: 6.76e-04
2026-06-05 11:51:59 transreid.train INFO: Epoch[31] Iter[100/275] Loss: 0.229, Acc: 0.981, Base Lr: 6.76e-04
2026-06-05 11:52:01 transreid.train INFO: Epoch[31] Iter[120/275] Loss: 0.217, Acc: 0.982, Base Lr: 6.76e-04
2026-06-05 11:52:03 transreid.train INFO: Epoch[31] Iter[140/275] Loss: 0.207, Acc: 0.983, Base Lr: 6.76e-04
2026-06-05 11:52:05 transreid.train INFO: Epoch[31] Iter[160/275] Loss: 0.200, Acc: 0.983, Base Lr: 6.76e-04
2026-06-05 11:52:07 transreid.train INFO: Epoch[31] Iter[180/275] Loss: 0.199, Acc: 0.983, Base Lr: 6.76e-04
2026-06-05 11:52:10 transreid.train INFO: Epoch[31] Iter[200/275] Loss: 0.197, Acc: 0.984, Base Lr: 6.76e-04
2026-06-05 11:52:12 transreid.train INFO: Epoch[31] Iter[220/275] Loss: 0.199, Acc: 0.985, Base Lr: 6.76e-04
2026-06-05 11:52:14 transreid.train INFO: Epoch[31] Iter[240/275] Loss: 0.195, Acc: 0.986, Base Lr: 6.76e-04
2026-06-05 11:52:16 transreid.train INFO: Epoch[31] Iter[260/275] Loss: 0.191, Acc: 0.986, Base Lr: 6.76e-04
2026-06-05 11:52:17 transreid.train INFO: Epoch 31 done. Time per epoch: 28.777[s] Speed: 607.2[samples/s]
2026-06-05 11:52:19 transreid.train INFO: Epoch[32] Iter[20/275] Loss: 0.324, Acc: 0.963, Base Lr: 6.68e-04
2026-06-05 11:52:22 transreid.train INFO: Epoch[32] Iter[40/275] Loss: 0.286, Acc: 0.970, Base Lr: 6.68e-04
2026-06-05 11:52:24 transreid.train INFO: Epoch[32] Iter[60/275] Loss: 0.263, Acc: 0.973, Base Lr: 6.68e-04
2026-06-05 11:52:26 transreid.train INFO: Epoch[32] Iter[80/275] Loss: 0.237, Acc: 0.977, Base Lr: 6.68e-04
2026-06-05 11:52:28 transreid.train INFO: Epoch[32] Iter[100/275] Loss: 0.233, Acc: 0.977, Base Lr: 6.68e-04
2026-06-05 11:52:30 transreid.train INFO: Epoch[32] Iter[120/275] Loss: 0.221, Acc: 0.979, Base Lr: 6.68e-04
2026-06-05 11:52:32 transreid.train INFO: Epoch[32] Iter[140/275] Loss: 0.210, Acc: 0.981, Base Lr: 6.68e-04
2026-06-05 11:52:34 transreid.train INFO: Epoch[32] Iter[160/275] Loss: 0.199, Acc: 0.983, Base Lr: 6.68e-04
2026-06-05 11:52:36 transreid.train INFO: Epoch[32] Iter[180/275] Loss: 0.193, Acc: 0.984, Base Lr: 6.68e-04
2026-06-05 11:52:38 transreid.train INFO: Epoch[32] Iter[200/275] Loss: 0.187, Acc: 0.986, Base Lr: 6.68e-04
2026-06-05 11:52:40 transreid.train INFO: Epoch[32] Iter[220/275] Loss: 0.182, Acc: 0.986, Base Lr: 6.68e-04
2026-06-05 11:52:43 transreid.train INFO: Epoch[32] Iter[240/275] Loss: 0.177, Acc: 0.987, Base Lr: 6.68e-04
2026-06-05 11:52:45 transreid.train INFO: Epoch[32] Iter[260/275] Loss: 0.175, Acc: 0.988, Base Lr: 6.68e-04
2026-06-05 11:52:46 transreid.train INFO: Epoch 32 done. Time per epoch: 28.804[s] Speed: 606.6[samples/s]
2026-06-05 11:52:48 transreid.train INFO: Epoch[33] Iter[20/275] Loss: 0.355, Acc: 0.973, Base Lr: 6.60e-04
2026-06-05 11:52:50 transreid.train INFO: Epoch[33] Iter[40/275] Loss: 0.326, Acc: 0.974, Base Lr: 6.60e-04
2026-06-05 11:52:52 transreid.train INFO: Epoch[33] Iter[60/275] Loss: 0.277, Acc: 0.979, Base Lr: 6.60e-04
2026-06-05 11:52:55 transreid.train INFO: Epoch[33] Iter[80/275] Loss: 0.247, Acc: 0.983, Base Lr: 6.60e-04
2026-06-05 11:52:57 transreid.train INFO: Epoch[33] Iter[100/275] Loss: 0.230, Acc: 0.984, Base Lr: 6.60e-04
2026-06-05 11:52:59 transreid.train INFO: Epoch[33] Iter[120/275] Loss: 0.221, Acc: 0.985, Base Lr: 6.60e-04
2026-06-05 11:53:01 transreid.train INFO: Epoch[33] Iter[140/275] Loss: 0.211, Acc: 0.986, Base Lr: 6.60e-04
2026-06-05 11:53:03 transreid.train INFO: Epoch[33] Iter[160/275] Loss: 0.203, Acc: 0.987, Base Lr: 6.60e-04
2026-06-05 11:53:05 transreid.train INFO: Epoch[33] Iter[180/275] Loss: 0.193, Acc: 0.988, Base Lr: 6.60e-04
2026-06-05 11:53:07 transreid.train INFO: Epoch[33] Iter[200/275] Loss: 0.185, Acc: 0.989, Base Lr: 6.60e-04
2026-06-05 11:53:09 transreid.train INFO: Epoch[33] Iter[220/275] Loss: 0.180, Acc: 0.989, Base Lr: 6.60e-04
2026-06-05 11:53:11 transreid.train INFO: Epoch[33] Iter[240/275] Loss: 0.181, Acc: 0.989, Base Lr: 6.60e-04
2026-06-05 11:53:13 transreid.train INFO: Epoch[33] Iter[260/275] Loss: 0.177, Acc: 0.989, Base Lr: 6.60e-04
2026-06-05 11:53:15 transreid.train INFO: Epoch 33 done. Time per epoch: 28.807[s] Speed: 606.5[samples/s]
2026-06-05 11:53:17 transreid.train INFO: Epoch[34] Iter[20/275] Loss: 0.259, Acc: 0.977, Base Lr: 6.52e-04
2026-06-05 11:53:19 transreid.train INFO: Epoch[34] Iter[40/275] Loss: 0.240, Acc: 0.986, Base Lr: 6.52e-04
2026-06-05 11:53:21 transreid.train INFO: Epoch[34] Iter[60/275] Loss: 0.219, Acc: 0.987, Base Lr: 6.52e-04
2026-06-05 11:53:23 transreid.train INFO: Epoch[34] Iter[80/275] Loss: 0.204, Acc: 0.987, Base Lr: 6.52e-04
2026-06-05 11:53:25 transreid.train INFO: Epoch[34] Iter[100/275] Loss: 0.193, Acc: 0.987, Base Lr: 6.52e-04
2026-06-05 11:53:28 transreid.train INFO: Epoch[34] Iter[120/275] Loss: 0.186, Acc: 0.986, Base Lr: 6.52e-04
2026-06-05 11:53:30 transreid.train INFO: Epoch[34] Iter[140/275] Loss: 0.178, Acc: 0.987, Base Lr: 6.52e-04
2026-06-05 11:53:32 transreid.train INFO: Epoch[34] Iter[160/275] Loss: 0.171, Acc: 0.988, Base Lr: 6.52e-04
2026-06-05 11:53:34 transreid.train INFO: Epoch[34] Iter[180/275] Loss: 0.165, Acc: 0.989, Base Lr: 6.52e-04
2026-06-05 11:53:36 transreid.train INFO: Epoch[34] Iter[200/275] Loss: 0.159, Acc: 0.990, Base Lr: 6.52e-04
2026-06-05 11:53:38 transreid.train INFO: Epoch[34] Iter[220/275] Loss: 0.153, Acc: 0.991, Base Lr: 6.52e-04
2026-06-05 11:53:40 transreid.train INFO: Epoch[34] Iter[240/275] Loss: 0.150, Acc: 0.991, Base Lr: 6.52e-04
2026-06-05 11:53:42 transreid.train INFO: Epoch[34] Iter[260/275] Loss: 0.147, Acc: 0.991, Base Lr: 6.52e-04
2026-06-05 11:53:44 transreid.train INFO: Epoch 34 done. Time per epoch: 28.784[s] Speed: 607.0[samples/s]
2026-06-05 11:53:46 transreid.train INFO: Epoch[35] Iter[20/275] Loss: 0.214, Acc: 0.985, Base Lr: 6.44e-04
2026-06-05 11:53:48 transreid.train INFO: Epoch[35] Iter[40/275] Loss: 0.201, Acc: 0.985, Base Lr: 6.44e-04
2026-06-05 11:53:50 transreid.train INFO: Epoch[35] Iter[60/275] Loss: 0.202, Acc: 0.985, Base Lr: 6.44e-04
2026-06-05 11:53:52 transreid.train INFO: Epoch[35] Iter[80/275] Loss: 0.196, Acc: 0.986, Base Lr: 6.44e-04
2026-06-05 11:53:54 transreid.train INFO: Epoch[35] Iter[100/275] Loss: 0.184, Acc: 0.988, Base Lr: 6.44e-04
2026-06-05 11:53:56 transreid.train INFO: Epoch[35] Iter[120/275] Loss: 0.175, Acc: 0.989, Base Lr: 6.44e-04
2026-06-05 11:53:58 transreid.train INFO: Epoch[35] Iter[140/275] Loss: 0.165, Acc: 0.991, Base Lr: 6.44e-04
2026-06-05 11:54:01 transreid.train INFO: Epoch[35] Iter[160/275] Loss: 0.157, Acc: 0.992, Base Lr: 6.44e-04
2026-06-05 11:54:03 transreid.train INFO: Epoch[35] Iter[180/275] Loss: 0.152, Acc: 0.992, Base Lr: 6.44e-04
2026-06-05 11:54:05 transreid.train INFO: Epoch[35] Iter[200/275] Loss: 0.147, Acc: 0.992, Base Lr: 6.44e-04
2026-06-05 11:54:07 transreid.train INFO: Epoch[35] Iter[220/275] Loss: 0.144, Acc: 0.992, Base Lr: 6.44e-04
2026-06-05 11:54:09 transreid.train INFO: Epoch[35] Iter[240/275] Loss: 0.144, Acc: 0.993, Base Lr: 6.44e-04
2026-06-05 11:54:11 transreid.train INFO: Epoch[35] Iter[260/275] Loss: 0.142, Acc: 0.993, Base Lr: 6.44e-04
2026-06-05 11:54:12 transreid.train INFO: Epoch 35 done. Time per epoch: 28.893[s] Speed: 606.9[samples/s]
2026-06-05 11:54:15 transreid.train INFO: Epoch[36] Iter[20/275] Loss: 0.205, Acc: 0.990, Base Lr: 6.35e-04
2026-06-05 11:54:17 transreid.train INFO: Epoch[36] Iter[40/275] Loss: 0.182, Acc: 0.989, Base Lr: 6.35e-04
2026-06-05 11:54:19 transreid.train INFO: Epoch[36] Iter[60/275] Loss: 0.175, Acc: 0.987, Base Lr: 6.35e-04
2026-06-05 11:54:21 transreid.train INFO: Epoch[36] Iter[80/275] Loss: 0.167, Acc: 0.989, Base Lr: 6.35e-04
2026-06-05 11:54:23 transreid.train INFO: Epoch[36] Iter[100/275] Loss: 0.168, Acc: 0.990, Base Lr: 6.35e-04
2026-06-05 11:54:25 transreid.train INFO: Epoch[36] Iter[120/275] Loss: 0.166, Acc: 0.991, Base Lr: 6.35e-04
2026-06-05 11:54:27 transreid.train INFO: Epoch[36] Iter[140/275] Loss: 0.157, Acc: 0.992, Base Lr: 6.35e-04
2026-06-05 11:54:29 transreid.train INFO: Epoch[36] Iter[160/275] Loss: 0.153, Acc: 0.993, Base Lr: 6.35e-04
2026-06-05 11:54:32 transreid.train INFO: Epoch[36] Iter[180/275] Loss: 0.149, Acc: 0.992, Base Lr: 6.35e-04
2026-06-05 11:54:34 transreid.train INFO: Epoch[36] Iter[200/275] Loss: 0.144, Acc: 0.993, Base Lr: 6.35e-04
2026-06-05 11:54:36 transreid.train INFO: Epoch[36] Iter[220/275] Loss: 0.141, Acc: 0.993, Base Lr: 6.35e-04
2026-06-05 11:54:38 transreid.train INFO: Epoch[36] Iter[240/275] Loss: 0.139, Acc: 0.993, Base Lr: 6.35e-04
2026-06-05 11:54:40 transreid.train INFO: Epoch[36] Iter[260/275] Loss: 0.136, Acc: 0.993, Base Lr: 6.35e-04
2026-06-05 11:54:41 transreid.train INFO: Epoch 36 done. Time per epoch: 28.795[s] Speed: 606.8[samples/s]
2026-06-05 11:54:44 transreid.train INFO: Epoch[37] Iter[20/275] Loss: 0.178, Acc: 0.981, Base Lr: 6.27e-04
2026-06-05 11:54:46 transreid.train INFO: Epoch[37] Iter[40/275] Loss: 0.176, Acc: 0.987, Base Lr: 6.27e-04
2026-06-05 11:54:48 transreid.train INFO: Epoch[37] Iter[60/275] Loss: 0.166, Acc: 0.987, Base Lr: 6.27e-04
2026-06-05 11:54:50 transreid.train INFO: Epoch[37] Iter[80/275] Loss: 0.161, Acc: 0.988, Base Lr: 6.27e-04
2026-06-05 11:54:52 transreid.train INFO: Epoch[37] Iter[100/275] Loss: 0.153, Acc: 0.990, Base Lr: 6.27e-04
2026-06-05 11:54:54 transreid.train INFO: Epoch[37] Iter[120/275] Loss: 0.146, Acc: 0.992, Base Lr: 6.27e-04
2026-06-05 11:54:56 transreid.train INFO: Epoch[37] Iter[140/275] Loss: 0.141, Acc: 0.992, Base Lr: 6.27e-04
2026-06-05 11:54:58 transreid.train INFO: Epoch[37] Iter[160/275] Loss: 0.135, Acc: 0.993, Base Lr: 6.27e-04
2026-06-05 11:55:00 transreid.train INFO: Epoch[37] Iter[180/275] Loss: 0.132, Acc: 0.993, Base Lr: 6.27e-04
2026-06-05 11:55:02 transreid.train INFO: Epoch[37] Iter[200/275] Loss: 0.133, Acc: 0.993, Base Lr: 6.27e-04
2026-06-05 11:55:04 transreid.train INFO: Epoch[37] Iter[220/275] Loss: 0.130, Acc: 0.993, Base Lr: 6.27e-04
2026-06-05 11:55:07 transreid.train INFO: Epoch[37] Iter[240/275] Loss: 0.128, Acc: 0.994, Base Lr: 6.27e-04
2026-06-05 11:55:09 transreid.train INFO: Epoch[37] Iter[260/275] Loss: 0.125, Acc: 0.994, Base Lr: 6.27e-04
2026-06-05 11:55:10 transreid.train INFO: Epoch 37 done. Time per epoch: 28.800[s] Speed: 606.7[samples/s]
2026-06-05 11:55:12 transreid.train INFO: Epoch[38] Iter[20/275] Loss: 0.166, Acc: 0.986, Base Lr: 6.18e-04
2026-06-05 11:55:14 transreid.train INFO: Epoch[38] Iter[40/275] Loss: 0.150, Acc: 0.992, Base Lr: 6.18e-04
2026-06-05 11:55:17 transreid.train INFO: Epoch[38] Iter[60/275] Loss: 0.147, Acc: 0.992, Base Lr: 6.18e-04
2026-06-05 11:55:19 transreid.train INFO: Epoch[38] Iter[80/275] Loss: 0.141, Acc: 0.993, Base Lr: 6.18e-04
2026-06-05 11:55:21 transreid.train INFO: Epoch[38] Iter[100/275] Loss: 0.134, Acc: 0.994, Base Lr: 6.18e-04
2026-06-05 11:55:23 transreid.train INFO: Epoch[38] Iter[120/275] Loss: 0.128, Acc: 0.994, Base Lr: 6.18e-04
2026-06-05 11:55:25 transreid.train INFO: Epoch[38] Iter[140/275] Loss: 0.125, Acc: 0.994, Base Lr: 6.18e-04
2026-06-05 11:55:27 transreid.train INFO: Epoch[38] Iter[160/275] Loss: 0.123, Acc: 0.994, Base Lr: 6.18e-04
2026-06-05 11:55:29 transreid.train INFO: Epoch[38] Iter[180/275] Loss: 0.120, Acc: 0.995, Base Lr: 6.18e-04
2026-06-05 11:55:31 transreid.train INFO: Epoch[38] Iter[200/275] Loss: 0.117, Acc: 0.995, Base Lr: 6.18e-04
2026-06-05 11:55:33 transreid.train INFO: Epoch[38] Iter[220/275] Loss: 0.116, Acc: 0.995, Base Lr: 6.18e-04
2026-06-05 11:55:35 transreid.train INFO: Epoch[38] Iter[240/275] Loss: 0.116, Acc: 0.994, Base Lr: 6.18e-04
2026-06-05 11:55:37 transreid.train INFO: Epoch[38] Iter[260/275] Loss: 0.115, Acc: 0.995, Base Lr: 6.18e-04
2026-06-05 11:55:39 transreid.train INFO: Epoch 38 done. Time per epoch: 28.888[s] Speed: 607.0[samples/s]
2026-06-05 11:55:41 transreid.train INFO: Epoch[39] Iter[20/275] Loss: 0.167, Acc: 0.995, Base Lr: 6.09e-04
2026-06-05 11:55:43 transreid.train INFO: Epoch[39] Iter[40/275] Loss: 0.163, Acc: 0.994, Base Lr: 6.09e-04
2026-06-05 11:55:45 transreid.train INFO: Epoch[39] Iter[60/275] Loss: 0.151, Acc: 0.994, Base Lr: 6.09e-04
2026-06-05 11:55:48 transreid.train INFO: Epoch[39] Iter[80/275] Loss: 0.143, Acc: 0.993, Base Lr: 6.09e-04
2026-06-05 11:55:50 transreid.train INFO: Epoch[39] Iter[100/275] Loss: 0.132, Acc: 0.994, Base Lr: 6.09e-04
2026-06-05 11:55:52 transreid.train INFO: Epoch[39] Iter[120/275] Loss: 0.128, Acc: 0.994, Base Lr: 6.09e-04
2026-06-05 11:55:54 transreid.train INFO: Epoch[39] Iter[140/275] Loss: 0.123, Acc: 0.995, Base Lr: 6.09e-04
2026-06-05 11:55:56 transreid.train INFO: Epoch[39] Iter[160/275] Loss: 0.117, Acc: 0.996, Base Lr: 6.09e-04
2026-06-05 11:55:58 transreid.train INFO: Epoch[39] Iter[180/275] Loss: 0.114, Acc: 0.995, Base Lr: 6.09e-04
2026-06-05 11:56:00 transreid.train INFO: Epoch[39] Iter[200/275] Loss: 0.112, Acc: 0.995, Base Lr: 6.09e-04
2026-06-05 11:56:02 transreid.train INFO: Epoch[39] Iter[220/275] Loss: 0.110, Acc: 0.995, Base Lr: 6.09e-04
2026-06-05 11:56:04 transreid.train INFO: Epoch[39] Iter[240/275] Loss: 0.108, Acc: 0.995, Base Lr: 6.09e-04
2026-06-05 11:56:06 transreid.train INFO: Epoch[39] Iter[260/275] Loss: 0.107, Acc: 0.995, Base Lr: 6.09e-04
2026-06-05 11:56:08 transreid.train INFO: Epoch 39 done. Time per epoch: 28.779[s] Speed: 607.1[samples/s]
2026-06-05 11:56:10 transreid.train INFO: Epoch[40] Iter[20/275] Loss: 0.154, Acc: 0.994, Base Lr: 6.00e-04
2026-06-05 11:56:12 transreid.train INFO: Epoch[40] Iter[40/275] Loss: 0.140, Acc: 0.995, Base Lr: 6.00e-04
2026-06-05 11:56:14 transreid.train INFO: Epoch[40] Iter[60/275] Loss: 0.155, Acc: 0.996, Base Lr: 6.00e-04
2026-06-05 11:56:16 transreid.train INFO: Epoch[40] Iter[80/275] Loss: 0.156, Acc: 0.995, Base Lr: 6.00e-04
2026-06-05 11:56:18 transreid.train INFO: Epoch[40] Iter[100/275] Loss: 0.143, Acc: 0.996, Base Lr: 6.00e-04
2026-06-05 11:56:21 transreid.train INFO: Epoch[40] Iter[120/275] Loss: 0.134, Acc: 0.997, Base Lr: 6.00e-04
2026-06-05 11:56:23 transreid.train INFO: Epoch[40] Iter[140/275] Loss: 0.129, Acc: 0.997, Base Lr: 6.00e-04
2026-06-05 11:56:25 transreid.train INFO: Epoch[40] Iter[160/275] Loss: 0.124, Acc: 0.996, Base Lr: 6.00e-04
2026-06-05 11:56:27 transreid.train INFO: Epoch[40] Iter[180/275] Loss: 0.120, Acc: 0.996, Base Lr: 6.00e-04
2026-06-05 11:56:29 transreid.train INFO: Epoch[40] Iter[200/275] Loss: 0.116, Acc: 0.996, Base Lr: 6.00e-04
2026-06-05 11:56:31 transreid.train INFO: Epoch[40] Iter[220/275] Loss: 0.115, Acc: 0.996, Base Lr: 6.00e-04
2026-06-05 11:56:33 transreid.train INFO: Epoch[40] Iter[240/275] Loss: 0.112, Acc: 0.996, Base Lr: 6.00e-04
2026-06-05 11:56:35 transreid.train INFO: Epoch[40] Iter[260/275] Loss: 0.111, Acc: 0.996, Base Lr: 6.00e-04
2026-06-05 11:56:37 transreid.train INFO: Epoch 40 done. Time per epoch: 28.969[s] Speed: 605.3[samples/s]
=> Computing MULTIHYP conservative DistMat (alpha=0.1)
2026-06-05 11:56:51 transreid.train INFO: Validation Results - Epoch: 40
2026-06-05 11:56:51 transreid.train INFO: mAP: 75.7%
2026-06-05 11:56:51 transreid.train INFO: CMC curve, Rank-1  :84.7%
2026-06-05 11:56:51 transreid.train INFO: CMC curve, Rank-5  :93.8%
2026-06-05 11:56:51 transreid.train INFO: CMC curve, Rank-10 :96.6%
2026-06-05 11:56:53 transreid.train INFO: Epoch[41] Iter[20/275] Loss: 0.141, Acc: 0.995, Base Lr: 5.91e-04
2026-06-05 11:56:55 transreid.train INFO: Epoch[41] Iter[40/275] Loss: 0.139, Acc: 0.994, Base Lr: 5.91e-04
2026-06-05 11:56:57 transreid.train INFO: Epoch[41] Iter[60/275] Loss: 0.125, Acc: 0.996, Base Lr: 5.91e-04
2026-06-05 11:56:59 transreid.train INFO: Epoch[41] Iter[80/275] Loss: 0.119, Acc: 0.996, Base Lr: 5.91e-04
2026-06-05 11:57:01 transreid.train INFO: Epoch[41] Iter[100/275] Loss: 0.116, Acc: 0.997, Base Lr: 5.91e-04
2026-06-05 11:57:04 transreid.train INFO: Epoch[41] Iter[120/275] Loss: 0.114, Acc: 0.996, Base Lr: 5.91e-04
2026-06-05 11:57:06 transreid.train INFO: Epoch[41] Iter[140/275] Loss: 0.110, Acc: 0.996, Base Lr: 5.91e-04
2026-06-05 11:57:08 transreid.train INFO: Epoch[41] Iter[160/275] Loss: 0.105, Acc: 0.996, Base Lr: 5.91e-04
2026-06-05 11:57:10 transreid.train INFO: Epoch[41] Iter[180/275] Loss: 0.103, Acc: 0.996, Base Lr: 5.91e-04
2026-06-05 11:57:12 transreid.train INFO: Epoch[41] Iter[200/275] Loss: 0.102, Acc: 0.996, Base Lr: 5.91e-04
2026-06-05 11:57:14 transreid.train INFO: Epoch[41] Iter[220/275] Loss: 0.100, Acc: 0.996, Base Lr: 5.91e-04
2026-06-05 11:57:16 transreid.train INFO: Epoch[41] Iter[240/275] Loss: 0.098, Acc: 0.996, Base Lr: 5.91e-04
2026-06-05 11:57:18 transreid.train INFO: Epoch[41] Iter[260/275] Loss: 0.098, Acc: 0.996, Base Lr: 5.91e-04
2026-06-05 11:57:20 transreid.train INFO: Epoch 41 done. Time per epoch: 28.767[s] Speed: 607.4[samples/s]
2026-06-05 11:57:22 transreid.train INFO: Epoch[42] Iter[20/275] Loss: 0.147, Acc: 0.996, Base Lr: 5.82e-04
2026-06-05 11:57:24 transreid.train INFO: Epoch[42] Iter[40/275] Loss: 0.127, Acc: 0.997, Base Lr: 5.82e-04
2026-06-05 11:57:26 transreid.train INFO: Epoch[42] Iter[60/275] Loss: 0.117, Acc: 0.996, Base Lr: 5.82e-04
2026-06-05 11:57:28 transreid.train INFO: Epoch[42] Iter[80/275] Loss: 0.121, Acc: 0.996, Base Lr: 5.82e-04
2026-06-05 11:57:30 transreid.train INFO: Epoch[42] Iter[100/275] Loss: 0.117, Acc: 0.995, Base Lr: 5.82e-04
2026-06-05 11:57:32 transreid.train INFO: Epoch[42] Iter[120/275] Loss: 0.113, Acc: 0.995, Base Lr: 5.82e-04
2026-06-05 11:57:34 transreid.train INFO: Epoch[42] Iter[140/275] Loss: 0.108, Acc: 0.996, Base Lr: 5.82e-04
2026-06-05 11:57:36 transreid.train INFO: Epoch[42] Iter[160/275] Loss: 0.107, Acc: 0.996, Base Lr: 5.82e-04
2026-06-05 11:57:39 transreid.train INFO: Epoch[42] Iter[180/275] Loss: 0.105, Acc: 0.996, Base Lr: 5.82e-04
2026-06-05 11:57:41 transreid.train INFO: Epoch[42] Iter[200/275] Loss: 0.104, Acc: 0.996, Base Lr: 5.82e-04
2026-06-05 11:57:43 transreid.train INFO: Epoch[42] Iter[220/275] Loss: 0.102, Acc: 0.996, Base Lr: 5.82e-04
2026-06-05 11:57:45 transreid.train INFO: Epoch[42] Iter[240/275] Loss: 0.100, Acc: 0.996, Base Lr: 5.82e-04
2026-06-05 11:57:47 transreid.train INFO: Epoch[42] Iter[260/275] Loss: 0.099, Acc: 0.996, Base Lr: 5.82e-04
2026-06-05 11:57:48 transreid.train INFO: Epoch 42 done. Time per epoch: 28.783[s] Speed: 607.0[samples/s]
2026-06-05 11:57:51 transreid.train INFO: Epoch[43] Iter[20/275] Loss: 0.113, Acc: 0.996, Base Lr: 5.73e-04
2026-06-05 11:57:53 transreid.train INFO: Epoch[43] Iter[40/275] Loss: 0.116, Acc: 0.995, Base Lr: 5.73e-04
2026-06-05 11:57:55 transreid.train INFO: Epoch[43] Iter[60/275] Loss: 0.120, Acc: 0.997, Base Lr: 5.73e-04
2026-06-05 11:57:57 transreid.train INFO: Epoch[43] Iter[80/275] Loss: 0.118, Acc: 0.996, Base Lr: 5.73e-04
2026-06-05 11:57:59 transreid.train INFO: Epoch[43] Iter[100/275] Loss: 0.114, Acc: 0.996, Base Lr: 5.73e-04
2026-06-05 11:58:01 transreid.train INFO: Epoch[43] Iter[120/275] Loss: 0.111, Acc: 0.996, Base Lr: 5.73e-04
2026-06-05 11:58:03 transreid.train INFO: Epoch[43] Iter[140/275] Loss: 0.109, Acc: 0.996, Base Lr: 5.73e-04
2026-06-05 11:58:05 transreid.train INFO: Epoch[43] Iter[160/275] Loss: 0.107, Acc: 0.996, Base Lr: 5.73e-04
2026-06-05 11:58:07 transreid.train INFO: Epoch[43] Iter[180/275] Loss: 0.104, Acc: 0.997, Base Lr: 5.73e-04
2026-06-05 11:58:09 transreid.train INFO: Epoch[43] Iter[200/275] Loss: 0.102, Acc: 0.996, Base Lr: 5.73e-04
2026-06-05 11:58:12 transreid.train INFO: Epoch[43] Iter[220/275] Loss: 0.099, Acc: 0.996, Base Lr: 5.73e-04
2026-06-05 11:58:14 transreid.train INFO: Epoch[43] Iter[240/275] Loss: 0.097, Acc: 0.996, Base Lr: 5.73e-04
2026-06-05 11:58:16 transreid.train INFO: Epoch[43] Iter[260/275] Loss: 0.096, Acc: 0.996, Base Lr: 5.73e-04
2026-06-05 11:58:17 transreid.train INFO: Epoch 43 done. Time per epoch: 28.769[s] Speed: 607.3[samples/s]
2026-06-05 11:58:19 transreid.train INFO: Epoch[44] Iter[20/275] Loss: 0.120, Acc: 0.994, Base Lr: 5.63e-04
2026-06-05 11:58:21 transreid.train INFO: Epoch[44] Iter[40/275] Loss: 0.112, Acc: 0.996, Base Lr: 5.63e-04
2026-06-05 11:58:24 transreid.train INFO: Epoch[44] Iter[60/275] Loss: 0.106, Acc: 0.997, Base Lr: 5.63e-04
2026-06-05 11:58:26 transreid.train INFO: Epoch[44] Iter[80/275] Loss: 0.099, Acc: 0.997, Base Lr: 5.63e-04
2026-06-05 11:58:28 transreid.train INFO: Epoch[44] Iter[100/275] Loss: 0.095, Acc: 0.998, Base Lr: 5.63e-04
2026-06-05 11:58:30 transreid.train INFO: Epoch[44] Iter[120/275] Loss: 0.093, Acc: 0.998, Base Lr: 5.63e-04
2026-06-05 11:58:32 transreid.train INFO: Epoch[44] Iter[140/275] Loss: 0.091, Acc: 0.997, Base Lr: 5.63e-04
2026-06-05 11:58:34 transreid.train INFO: Epoch[44] Iter[160/275] Loss: 0.089, Acc: 0.997, Base Lr: 5.63e-04
2026-06-05 11:58:36 transreid.train INFO: Epoch[44] Iter[180/275] Loss: 0.088, Acc: 0.997, Base Lr: 5.63e-04
2026-06-05 11:58:38 transreid.train INFO: Epoch[44] Iter[200/275] Loss: 0.087, Acc: 0.997, Base Lr: 5.63e-04
2026-06-05 11:58:40 transreid.train INFO: Epoch[44] Iter[220/275] Loss: 0.085, Acc: 0.997, Base Lr: 5.63e-04
2026-06-05 11:58:42 transreid.train INFO: Epoch[44] Iter[240/275] Loss: 0.084, Acc: 0.997, Base Lr: 5.63e-04
2026-06-05 11:58:44 transreid.train INFO: Epoch[44] Iter[260/275] Loss: 0.083, Acc: 0.997, Base Lr: 5.63e-04
2026-06-05 11:58:46 transreid.train INFO: Epoch 44 done. Time per epoch: 28.887[s] Speed: 607.1[samples/s]
2026-06-05 11:58:48 transreid.train INFO: Epoch[45] Iter[20/275] Loss: 0.109, Acc: 0.998, Base Lr: 5.54e-04
2026-06-05 11:58:50 transreid.train INFO: Epoch[45] Iter[40/275] Loss: 0.100, Acc: 0.995, Base Lr: 5.54e-04
2026-06-05 11:58:52 transreid.train INFO: Epoch[45] Iter[60/275] Loss: 0.096, Acc: 0.995, Base Lr: 5.54e-04
2026-06-05 11:58:55 transreid.train INFO: Epoch[45] Iter[80/275] Loss: 0.093, Acc: 0.996, Base Lr: 5.54e-04
2026-06-05 11:58:57 transreid.train INFO: Epoch[45] Iter[100/275] Loss: 0.090, Acc: 0.996, Base Lr: 5.54e-04
2026-06-05 11:58:59 transreid.train INFO: Epoch[45] Iter[120/275] Loss: 0.088, Acc: 0.996, Base Lr: 5.54e-04
2026-06-05 11:59:01 transreid.train INFO: Epoch[45] Iter[140/275] Loss: 0.086, Acc: 0.996, Base Lr: 5.54e-04
2026-06-05 11:59:03 transreid.train INFO: Epoch[45] Iter[160/275] Loss: 0.082, Acc: 0.996, Base Lr: 5.54e-04
2026-06-05 11:59:05 transreid.train INFO: Epoch[45] Iter[180/275] Loss: 0.081, Acc: 0.996, Base Lr: 5.54e-04
2026-06-05 11:59:07 transreid.train INFO: Epoch[45] Iter[200/275] Loss: 0.080, Acc: 0.996, Base Lr: 5.54e-04
2026-06-05 11:59:09 transreid.train INFO: Epoch[45] Iter[220/275] Loss: 0.079, Acc: 0.997, Base Lr: 5.54e-04
2026-06-05 11:59:11 transreid.train INFO: Epoch[45] Iter[240/275] Loss: 0.078, Acc: 0.996, Base Lr: 5.54e-04
2026-06-05 11:59:13 transreid.train INFO: Epoch[45] Iter[260/275] Loss: 0.077, Acc: 0.996, Base Lr: 5.54e-04
2026-06-05 11:59:15 transreid.train INFO: Epoch 45 done. Time per epoch: 28.772[s] Speed: 607.3[samples/s]
2026-06-05 11:59:17 transreid.train INFO: Epoch[46] Iter[20/275] Loss: 0.097, Acc: 0.995, Base Lr: 5.44e-04
2026-06-05 11:59:19 transreid.train INFO: Epoch[46] Iter[40/275] Loss: 0.098, Acc: 0.996, Base Lr: 5.44e-04
2026-06-05 11:59:21 transreid.train INFO: Epoch[46] Iter[60/275] Loss: 0.091, Acc: 0.996, Base Lr: 5.44e-04
2026-06-05 11:59:23 transreid.train INFO: Epoch[46] Iter[80/275] Loss: 0.090, Acc: 0.996, Base Lr: 5.44e-04
2026-06-05 11:59:25 transreid.train INFO: Epoch[46] Iter[100/275] Loss: 0.091, Acc: 0.996, Base Lr: 5.44e-04
2026-06-05 11:59:28 transreid.train INFO: Epoch[46] Iter[120/275] Loss: 0.090, Acc: 0.996, Base Lr: 5.44e-04
2026-06-05 11:59:30 transreid.train INFO: Epoch[46] Iter[140/275] Loss: 0.088, Acc: 0.997, Base Lr: 5.44e-04
2026-06-05 11:59:32 transreid.train INFO: Epoch[46] Iter[160/275] Loss: 0.087, Acc: 0.996, Base Lr: 5.44e-04
2026-06-05 11:59:34 transreid.train INFO: Epoch[46] Iter[180/275] Loss: 0.085, Acc: 0.996, Base Lr: 5.44e-04
2026-06-05 11:59:36 transreid.train INFO: Epoch[46] Iter[200/275] Loss: 0.084, Acc: 0.996, Base Lr: 5.44e-04
2026-06-05 11:59:38 transreid.train INFO: Epoch[46] Iter[220/275] Loss: 0.081, Acc: 0.997, Base Lr: 5.44e-04
2026-06-05 11:59:40 transreid.train INFO: Epoch[46] Iter[240/275] Loss: 0.080, Acc: 0.997, Base Lr: 5.44e-04
2026-06-05 11:59:42 transreid.train INFO: Epoch[46] Iter[260/275] Loss: 0.078, Acc: 0.997, Base Lr: 5.44e-04
2026-06-05 11:59:44 transreid.train INFO: Epoch 46 done. Time per epoch: 28.783[s] Speed: 607.0[samples/s]
2026-06-05 11:59:46 transreid.train INFO: Epoch[47] Iter[20/275] Loss: 0.098, Acc: 0.994, Base Lr: 5.34e-04
2026-06-05 11:59:48 transreid.train INFO: Epoch[47] Iter[40/275] Loss: 0.095, Acc: 0.996, Base Lr: 5.34e-04
2026-06-05 11:59:50 transreid.train INFO: Epoch[47] Iter[60/275] Loss: 0.089, Acc: 0.996, Base Lr: 5.34e-04
2026-06-05 11:59:52 transreid.train INFO: Epoch[47] Iter[80/275] Loss: 0.084, Acc: 0.997, Base Lr: 5.34e-04
2026-06-05 11:59:54 transreid.train INFO: Epoch[47] Iter[100/275] Loss: 0.084, Acc: 0.996, Base Lr: 5.34e-04
2026-06-05 11:59:56 transreid.train INFO: Epoch[47] Iter[120/275] Loss: 0.082, Acc: 0.996, Base Lr: 5.34e-04
2026-06-05 11:59:58 transreid.train INFO: Epoch[47] Iter[140/275] Loss: 0.080, Acc: 0.997, Base Lr: 5.34e-04
2026-06-05 12:00:00 transreid.train INFO: Epoch[47] Iter[160/275] Loss: 0.079, Acc: 0.997, Base Lr: 5.34e-04
2026-06-05 12:00:03 transreid.train INFO: Epoch[47] Iter[180/275] Loss: 0.078, Acc: 0.996, Base Lr: 5.34e-04
2026-06-05 12:00:05 transreid.train INFO: Epoch[47] Iter[200/275] Loss: 0.077, Acc: 0.996, Base Lr: 5.34e-04
2026-06-05 12:00:07 transreid.train INFO: Epoch[47] Iter[220/275] Loss: 0.075, Acc: 0.996, Base Lr: 5.34e-04
2026-06-05 12:00:09 transreid.train INFO: Epoch[47] Iter[240/275] Loss: 0.074, Acc: 0.996, Base Lr: 5.34e-04
2026-06-05 12:00:11 transreid.train INFO: Epoch[47] Iter[260/275] Loss: 0.075, Acc: 0.996, Base Lr: 5.34e-04
2026-06-05 12:00:12 transreid.train INFO: Epoch 47 done. Time per epoch: 28.772[s] Speed: 607.3[samples/s]
2026-06-05 12:00:15 transreid.train INFO: Epoch[48] Iter[20/275] Loss: 0.105, Acc: 0.995, Base Lr: 5.24e-04
2026-06-05 12:00:17 transreid.train INFO: Epoch[48] Iter[40/275] Loss: 0.092, Acc: 0.995, Base Lr: 5.24e-04
2026-06-05 12:00:19 transreid.train INFO: Epoch[48] Iter[60/275] Loss: 0.087, Acc: 0.996, Base Lr: 5.24e-04
2026-06-05 12:00:21 transreid.train INFO: Epoch[48] Iter[80/275] Loss: 0.084, Acc: 0.996, Base Lr: 5.24e-04
2026-06-05 12:00:23 transreid.train INFO: Epoch[48] Iter[100/275] Loss: 0.081, Acc: 0.997, Base Lr: 5.24e-04
2026-06-05 12:00:25 transreid.train INFO: Epoch[48] Iter[120/275] Loss: 0.080, Acc: 0.997, Base Lr: 5.24e-04
2026-06-05 12:00:27 transreid.train INFO: Epoch[48] Iter[140/275] Loss: 0.078, Acc: 0.997, Base Lr: 5.24e-04
2026-06-05 12:00:29 transreid.train INFO: Epoch[48] Iter[160/275] Loss: 0.076, Acc: 0.997, Base Lr: 5.24e-04
2026-06-05 12:00:31 transreid.train INFO: Epoch[48] Iter[180/275] Loss: 0.077, Acc: 0.997, Base Lr: 5.24e-04
2026-06-05 12:00:33 transreid.train INFO: Epoch[48] Iter[200/275] Loss: 0.077, Acc: 0.997, Base Lr: 5.24e-04
2026-06-05 12:00:36 transreid.train INFO: Epoch[48] Iter[220/275] Loss: 0.077, Acc: 0.997, Base Lr: 5.24e-04
2026-06-05 12:00:38 transreid.train INFO: Epoch[48] Iter[240/275] Loss: 0.075, Acc: 0.997, Base Lr: 5.24e-04
2026-06-05 12:00:40 transreid.train INFO: Epoch[48] Iter[260/275] Loss: 0.075, Acc: 0.997, Base Lr: 5.24e-04
2026-06-05 12:00:41 transreid.train INFO: Epoch 48 done. Time per epoch: 28.762[s] Speed: 607.5[samples/s]
2026-06-05 12:00:43 transreid.train INFO: Epoch[49] Iter[20/275] Loss: 0.097, Acc: 0.996, Base Lr: 5.14e-04
2026-06-05 12:00:45 transreid.train INFO: Epoch[49] Iter[40/275] Loss: 0.094, Acc: 0.997, Base Lr: 5.14e-04
2026-06-05 12:00:48 transreid.train INFO: Epoch[49] Iter[60/275] Loss: 0.091, Acc: 0.996, Base Lr: 5.14e-04
2026-06-05 12:00:50 transreid.train INFO: Epoch[49] Iter[80/275] Loss: 0.086, Acc: 0.997, Base Lr: 5.14e-04
2026-06-05 12:00:52 transreid.train INFO: Epoch[49] Iter[100/275] Loss: 0.086, Acc: 0.998, Base Lr: 5.14e-04
2026-06-05 12:00:54 transreid.train INFO: Epoch[49] Iter[120/275] Loss: 0.084, Acc: 0.997, Base Lr: 5.14e-04
2026-06-05 12:00:56 transreid.train INFO: Epoch[49] Iter[140/275] Loss: 0.082, Acc: 0.997, Base Lr: 5.14e-04
2026-06-05 12:00:58 transreid.train INFO: Epoch[49] Iter[160/275] Loss: 0.081, Acc: 0.997, Base Lr: 5.14e-04
2026-06-05 12:01:00 transreid.train INFO: Epoch[49] Iter[180/275] Loss: 0.079, Acc: 0.997, Base Lr: 5.14e-04
2026-06-05 12:01:02 transreid.train INFO: Epoch[49] Iter[200/275] Loss: 0.077, Acc: 0.997, Base Lr: 5.14e-04
2026-06-05 12:01:04 transreid.train INFO: Epoch[49] Iter[220/275] Loss: 0.076, Acc: 0.997, Base Lr: 5.14e-04
2026-06-05 12:01:06 transreid.train INFO: Epoch[49] Iter[240/275] Loss: 0.075, Acc: 0.997, Base Lr: 5.14e-04
2026-06-05 12:01:08 transreid.train INFO: Epoch[49] Iter[260/275] Loss: 0.074, Acc: 0.997, Base Lr: 5.14e-04
2026-06-05 12:01:10 transreid.train INFO: Epoch 49 done. Time per epoch: 28.781[s] Speed: 607.1[samples/s]
2026-06-05 12:01:12 transreid.train INFO: Epoch[50] Iter[20/275] Loss: 0.089, Acc: 0.997, Base Lr: 5.04e-04
2026-06-05 12:01:14 transreid.train INFO: Epoch[50] Iter[40/275] Loss: 0.082, Acc: 0.998, Base Lr: 5.04e-04
2026-06-05 12:01:16 transreid.train INFO: Epoch[50] Iter[60/275] Loss: 0.076, Acc: 0.998, Base Lr: 5.04e-04
2026-06-05 12:01:18 transreid.train INFO: Epoch[50] Iter[80/275] Loss: 0.074, Acc: 0.998, Base Lr: 5.04e-04
2026-06-05 12:01:20 transreid.train INFO: Epoch[50] Iter[100/275] Loss: 0.072, Acc: 0.998, Base Lr: 5.04e-04
2026-06-05 12:01:23 transreid.train INFO: Epoch[50] Iter[120/275] Loss: 0.073, Acc: 0.998, Base Lr: 5.04e-04
2026-06-05 12:01:25 transreid.train INFO: Epoch[50] Iter[140/275] Loss: 0.074, Acc: 0.997, Base Lr: 5.04e-04
2026-06-05 12:01:27 transreid.train INFO: Epoch[50] Iter[160/275] Loss: 0.073, Acc: 0.997, Base Lr: 5.04e-04
2026-06-05 12:01:29 transreid.train INFO: Epoch[50] Iter[180/275] Loss: 0.071, Acc: 0.997, Base Lr: 5.04e-04
2026-06-05 12:01:31 transreid.train INFO: Epoch[50] Iter[200/275] Loss: 0.070, Acc: 0.997, Base Lr: 5.04e-04
2026-06-05 12:01:33 transreid.train INFO: Epoch[50] Iter[220/275] Loss: 0.069, Acc: 0.997, Base Lr: 5.04e-04
2026-06-05 12:01:35 transreid.train INFO: Epoch[50] Iter[240/275] Loss: 0.068, Acc: 0.997, Base Lr: 5.04e-04
2026-06-05 12:01:37 transreid.train INFO: Epoch[50] Iter[260/275] Loss: 0.067, Acc: 0.997, Base Lr: 5.04e-04
2026-06-05 12:01:39 transreid.train INFO: Epoch 50 done. Time per epoch: 28.859[s] Speed: 607.6[samples/s]
2026-06-05 12:01:41 transreid.train INFO: Epoch[51] Iter[20/275] Loss: 0.073, Acc: 0.998, Base Lr: 4.94e-04
2026-06-05 12:01:43 transreid.train INFO: Epoch[51] Iter[40/275] Loss: 0.073, Acc: 0.999, Base Lr: 4.94e-04
2026-06-05 12:01:45 transreid.train INFO: Epoch[51] Iter[60/275] Loss: 0.070, Acc: 0.999, Base Lr: 4.94e-04
2026-06-05 12:01:47 transreid.train INFO: Epoch[51] Iter[80/275] Loss: 0.069, Acc: 0.999, Base Lr: 4.94e-04
2026-06-05 12:01:49 transreid.train INFO: Epoch[51] Iter[100/275] Loss: 0.069, Acc: 0.999, Base Lr: 4.94e-04
2026-06-05 12:01:51 transreid.train INFO: Epoch[51] Iter[120/275] Loss: 0.068, Acc: 0.999, Base Lr: 4.94e-04
2026-06-05 12:01:54 transreid.train INFO: Epoch[51] Iter[140/275] Loss: 0.067, Acc: 0.998, Base Lr: 4.94e-04
2026-06-05 12:01:56 transreid.train INFO: Epoch[51] Iter[160/275] Loss: 0.068, Acc: 0.998, Base Lr: 4.94e-04
2026-06-05 12:01:58 transreid.train INFO: Epoch[51] Iter[180/275] Loss: 0.067, Acc: 0.998, Base Lr: 4.94e-04
2026-06-05 12:02:00 transreid.train INFO: Epoch[51] Iter[200/275] Loss: 0.067, Acc: 0.998, Base Lr: 4.94e-04
2026-06-05 12:02:02 transreid.train INFO: Epoch[51] Iter[220/275] Loss: 0.065, Acc: 0.998, Base Lr: 4.94e-04
2026-06-05 12:02:04 transreid.train INFO: Epoch[51] Iter[240/275] Loss: 0.064, Acc: 0.998, Base Lr: 4.94e-04
2026-06-05 12:02:06 transreid.train INFO: Epoch[51] Iter[260/275] Loss: 0.063, Acc: 0.998, Base Lr: 4.94e-04
2026-06-05 12:02:07 transreid.train INFO: Epoch 51 done. Time per epoch: 28.772[s] Speed: 607.3[samples/s]
2026-06-05 12:02:10 transreid.train INFO: Epoch[52] Iter[20/275] Loss: 0.088, Acc: 0.998, Base Lr: 4.84e-04
2026-06-05 12:02:12 transreid.train INFO: Epoch[52] Iter[40/275] Loss: 0.079, Acc: 0.998, Base Lr: 4.84e-04
2026-06-05 12:02:14 transreid.train INFO: Epoch[52] Iter[60/275] Loss: 0.076, Acc: 0.998, Base Lr: 4.84e-04
2026-06-05 12:02:16 transreid.train INFO: Epoch[52] Iter[80/275] Loss: 0.073, Acc: 0.997, Base Lr: 4.84e-04
2026-06-05 12:02:18 transreid.train INFO: Epoch[52] Iter[100/275] Loss: 0.072, Acc: 0.997, Base Lr: 4.84e-04
2026-06-05 12:02:20 transreid.train INFO: Epoch[52] Iter[120/275] Loss: 0.070, Acc: 0.996, Base Lr: 4.84e-04
2026-06-05 12:02:22 transreid.train INFO: Epoch[52] Iter[140/275] Loss: 0.068, Acc: 0.997, Base Lr: 4.84e-04
2026-06-05 12:02:24 transreid.train INFO: Epoch[52] Iter[160/275] Loss: 0.067, Acc: 0.997, Base Lr: 4.84e-04
2026-06-05 12:02:26 transreid.train INFO: Epoch[52] Iter[180/275] Loss: 0.065, Acc: 0.997, Base Lr: 4.84e-04
2026-06-05 12:02:29 transreid.train INFO: Epoch[52] Iter[200/275] Loss: 0.065, Acc: 0.997, Base Lr: 4.84e-04
2026-06-05 12:02:31 transreid.train INFO: Epoch[52] Iter[220/275] Loss: 0.064, Acc: 0.997, Base Lr: 4.84e-04
2026-06-05 12:02:33 transreid.train INFO: Epoch[52] Iter[240/275] Loss: 0.064, Acc: 0.997, Base Lr: 4.84e-04
2026-06-05 12:02:35 transreid.train INFO: Epoch[52] Iter[260/275] Loss: 0.063, Acc: 0.997, Base Lr: 4.84e-04
2026-06-05 12:02:36 transreid.train INFO: Epoch 52 done. Time per epoch: 28.865[s] Speed: 607.5[samples/s]
2026-06-05 12:02:39 transreid.train INFO: Epoch[53] Iter[20/275] Loss: 0.084, Acc: 0.997, Base Lr: 4.74e-04
2026-06-05 12:02:41 transreid.train INFO: Epoch[53] Iter[40/275] Loss: 0.078, Acc: 0.996, Base Lr: 4.74e-04
2026-06-05 12:02:43 transreid.train INFO: Epoch[53] Iter[60/275] Loss: 0.076, Acc: 0.996, Base Lr: 4.74e-04
2026-06-05 12:02:45 transreid.train INFO: Epoch[53] Iter[80/275] Loss: 0.072, Acc: 0.997, Base Lr: 4.74e-04
2026-06-05 12:02:47 transreid.train INFO: Epoch[53] Iter[100/275] Loss: 0.069, Acc: 0.997, Base Lr: 4.74e-04
2026-06-05 12:02:49 transreid.train INFO: Epoch[53] Iter[120/275] Loss: 0.070, Acc: 0.997, Base Lr: 4.74e-04
2026-06-05 12:02:51 transreid.train INFO: Epoch[53] Iter[140/275] Loss: 0.068, Acc: 0.998, Base Lr: 4.74e-04
2026-06-05 12:02:53 transreid.train INFO: Epoch[53] Iter[160/275] Loss: 0.067, Acc: 0.998, Base Lr: 4.74e-04
2026-06-05 12:02:55 transreid.train INFO: Epoch[53] Iter[180/275] Loss: 0.066, Acc: 0.997, Base Lr: 4.74e-04
2026-06-05 12:02:57 transreid.train INFO: Epoch[53] Iter[200/275] Loss: 0.065, Acc: 0.998, Base Lr: 4.74e-04
2026-06-05 12:03:00 transreid.train INFO: Epoch[53] Iter[220/275] Loss: 0.063, Acc: 0.998, Base Lr: 4.74e-04
2026-06-05 12:03:02 transreid.train INFO: Epoch[53] Iter[240/275] Loss: 0.062, Acc: 0.998, Base Lr: 4.74e-04
2026-06-05 12:03:04 transreid.train INFO: Epoch[53] Iter[260/275] Loss: 0.061, Acc: 0.998, Base Lr: 4.74e-04
2026-06-05 12:03:05 transreid.train INFO: Epoch 53 done. Time per epoch: 28.791[s] Speed: 606.9[samples/s]
2026-06-05 12:03:07 transreid.train INFO: Epoch[54] Iter[20/275] Loss: 0.069, Acc: 0.998, Base Lr: 4.63e-04
2026-06-05 12:03:10 transreid.train INFO: Epoch[54] Iter[40/275] Loss: 0.071, Acc: 0.998, Base Lr: 4.63e-04
2026-06-05 12:03:12 transreid.train INFO: Epoch[54] Iter[60/275] Loss: 0.066, Acc: 0.996, Base Lr: 4.63e-04
2026-06-05 12:03:14 transreid.train INFO: Epoch[54] Iter[80/275] Loss: 0.065, Acc: 0.997, Base Lr: 4.63e-04
2026-06-05 12:03:16 transreid.train INFO: Epoch[54] Iter[100/275] Loss: 0.063, Acc: 0.997, Base Lr: 4.63e-04
2026-06-05 12:03:18 transreid.train INFO: Epoch[54] Iter[120/275] Loss: 0.062, Acc: 0.997, Base Lr: 4.63e-04
2026-06-05 12:03:20 transreid.train INFO: Epoch[54] Iter[140/275] Loss: 0.060, Acc: 0.997, Base Lr: 4.63e-04
2026-06-05 12:03:22 transreid.train INFO: Epoch[54] Iter[160/275] Loss: 0.059, Acc: 0.997, Base Lr: 4.63e-04
2026-06-05 12:03:24 transreid.train INFO: Epoch[54] Iter[180/275] Loss: 0.059, Acc: 0.997, Base Lr: 4.63e-04
2026-06-05 12:03:26 transreid.train INFO: Epoch[54] Iter[200/275] Loss: 0.058, Acc: 0.997, Base Lr: 4.63e-04
2026-06-05 12:03:28 transreid.train INFO: Epoch[54] Iter[220/275] Loss: 0.057, Acc: 0.997, Base Lr: 4.63e-04
2026-06-05 12:03:30 transreid.train INFO: Epoch[54] Iter[240/275] Loss: 0.057, Acc: 0.997, Base Lr: 4.63e-04
2026-06-05 12:03:33 transreid.train INFO: Epoch[54] Iter[260/275] Loss: 0.056, Acc: 0.998, Base Lr: 4.63e-04
2026-06-05 12:03:34 transreid.train INFO: Epoch 54 done. Time per epoch: 28.865[s] Speed: 607.5[samples/s]
2026-06-05 12:03:36 transreid.train INFO: Epoch[55] Iter[20/275] Loss: 0.072, Acc: 0.997, Base Lr: 4.53e-04
2026-06-05 12:03:38 transreid.train INFO: Epoch[55] Iter[40/275] Loss: 0.068, Acc: 0.998, Base Lr: 4.53e-04
2026-06-05 12:03:40 transreid.train INFO: Epoch[55] Iter[60/275] Loss: 0.064, Acc: 0.999, Base Lr: 4.53e-04
2026-06-05 12:03:43 transreid.train INFO: Epoch[55] Iter[80/275] Loss: 0.063, Acc: 0.999, Base Lr: 4.53e-04
2026-06-05 12:03:45 transreid.train INFO: Epoch[55] Iter[100/275] Loss: 0.061, Acc: 0.999, Base Lr: 4.53e-04
2026-06-05 12:03:47 transreid.train INFO: Epoch[55] Iter[120/275] Loss: 0.059, Acc: 0.999, Base Lr: 4.53e-04
2026-06-05 12:03:49 transreid.train INFO: Epoch[55] Iter[140/275] Loss: 0.061, Acc: 0.999, Base Lr: 4.53e-04
2026-06-05 12:03:51 transreid.train INFO: Epoch[55] Iter[160/275] Loss: 0.060, Acc: 0.999, Base Lr: 4.53e-04
2026-06-05 12:03:53 transreid.train INFO: Epoch[55] Iter[180/275] Loss: 0.060, Acc: 0.999, Base Lr: 4.53e-04
2026-06-05 12:03:55 transreid.train INFO: Epoch[55] Iter[200/275] Loss: 0.059, Acc: 0.998, Base Lr: 4.53e-04
2026-06-05 12:03:57 transreid.train INFO: Epoch[55] Iter[220/275] Loss: 0.059, Acc: 0.998, Base Lr: 4.53e-04
2026-06-05 12:03:59 transreid.train INFO: Epoch[55] Iter[240/275] Loss: 0.059, Acc: 0.998, Base Lr: 4.53e-04
2026-06-05 12:04:01 transreid.train INFO: Epoch[55] Iter[260/275] Loss: 0.058, Acc: 0.998, Base Lr: 4.53e-04
2026-06-05 12:04:03 transreid.train INFO: Epoch 55 done. Time per epoch: 28.876[s] Speed: 607.3[samples/s]
2026-06-05 12:04:05 transreid.train INFO: Epoch[56] Iter[20/275] Loss: 0.073, Acc: 0.996, Base Lr: 4.43e-04
2026-06-05 12:04:07 transreid.train INFO: Epoch[56] Iter[40/275] Loss: 0.068, Acc: 0.996, Base Lr: 4.43e-04
2026-06-05 12:04:09 transreid.train INFO: Epoch[56] Iter[60/275] Loss: 0.066, Acc: 0.997, Base Lr: 4.43e-04
2026-06-05 12:04:11 transreid.train INFO: Epoch[56] Iter[80/275] Loss: 0.065, Acc: 0.997, Base Lr: 4.43e-04
2026-06-05 12:04:14 transreid.train INFO: Epoch[56] Iter[100/275] Loss: 0.064, Acc: 0.997, Base Lr: 4.43e-04
2026-06-05 12:04:16 transreid.train INFO: Epoch[56] Iter[120/275] Loss: 0.065, Acc: 0.997, Base Lr: 4.43e-04
2026-06-05 12:04:18 transreid.train INFO: Epoch[56] Iter[140/275] Loss: 0.064, Acc: 0.997, Base Lr: 4.43e-04
2026-06-05 12:04:20 transreid.train INFO: Epoch[56] Iter[160/275] Loss: 0.062, Acc: 0.997, Base Lr: 4.43e-04
2026-06-05 12:04:22 transreid.train INFO: Epoch[56] Iter[180/275] Loss: 0.061, Acc: 0.997, Base Lr: 4.43e-04
2026-06-05 12:04:24 transreid.train INFO: Epoch[56] Iter[200/275] Loss: 0.061, Acc: 0.998, Base Lr: 4.43e-04
2026-06-05 12:04:26 transreid.train INFO: Epoch[56] Iter[220/275] Loss: 0.060, Acc: 0.998, Base Lr: 4.43e-04
2026-06-05 12:04:28 transreid.train INFO: Epoch[56] Iter[240/275] Loss: 0.060, Acc: 0.997, Base Lr: 4.43e-04
2026-06-05 12:04:30 transreid.train INFO: Epoch[56] Iter[260/275] Loss: 0.059, Acc: 0.997, Base Lr: 4.43e-04
2026-06-05 12:04:32 transreid.train INFO: Epoch 56 done. Time per epoch: 28.778[s] Speed: 607.1[samples/s]
2026-06-05 12:04:34 transreid.train INFO: Epoch[57] Iter[20/275] Loss: 0.073, Acc: 0.995, Base Lr: 4.32e-04
2026-06-05 12:04:36 transreid.train INFO: Epoch[57] Iter[40/275] Loss: 0.075, Acc: 0.996, Base Lr: 4.32e-04
2026-06-05 12:04:38 transreid.train INFO: Epoch[57] Iter[60/275] Loss: 0.071, Acc: 0.996, Base Lr: 4.32e-04
2026-06-05 12:04:40 transreid.train INFO: Epoch[57] Iter[80/275] Loss: 0.070, Acc: 0.995, Base Lr: 4.32e-04
2026-06-05 12:04:42 transreid.train INFO: Epoch[57] Iter[100/275] Loss: 0.067, Acc: 0.995, Base Lr: 4.32e-04
2026-06-05 12:04:44 transreid.train INFO: Epoch[57] Iter[120/275] Loss: 0.065, Acc: 0.996, Base Lr: 4.32e-04
2026-06-05 12:04:47 transreid.train INFO: Epoch[57] Iter[140/275] Loss: 0.063, Acc: 0.996, Base Lr: 4.32e-04
2026-06-05 12:04:49 transreid.train INFO: Epoch[57] Iter[160/275] Loss: 0.061, Acc: 0.997, Base Lr: 4.32e-04
2026-06-05 12:04:51 transreid.train INFO: Epoch[57] Iter[180/275] Loss: 0.059, Acc: 0.997, Base Lr: 4.32e-04
2026-06-05 12:04:53 transreid.train INFO: Epoch[57] Iter[200/275] Loss: 0.057, Acc: 0.997, Base Lr: 4.32e-04
2026-06-05 12:04:55 transreid.train INFO: Epoch[57] Iter[220/275] Loss: 0.056, Acc: 0.997, Base Lr: 4.32e-04
2026-06-05 12:04:57 transreid.train INFO: Epoch[57] Iter[240/275] Loss: 0.055, Acc: 0.998, Base Lr: 4.32e-04
2026-06-05 12:04:59 transreid.train INFO: Epoch[57] Iter[260/275] Loss: 0.054, Acc: 0.998, Base Lr: 4.32e-04
2026-06-05 12:05:00 transreid.train INFO: Epoch 57 done. Time per epoch: 28.786[s] Speed: 607.0[samples/s]
2026-06-05 12:05:03 transreid.train INFO: Epoch[58] Iter[20/275] Loss: 0.066, Acc: 0.995, Base Lr: 4.22e-04
2026-06-05 12:05:05 transreid.train INFO: Epoch[58] Iter[40/275] Loss: 0.064, Acc: 0.998, Base Lr: 4.22e-04
2026-06-05 12:05:07 transreid.train INFO: Epoch[58] Iter[60/275] Loss: 0.061, Acc: 0.997, Base Lr: 4.22e-04
2026-06-05 12:05:09 transreid.train INFO: Epoch[58] Iter[80/275] Loss: 0.060, Acc: 0.997, Base Lr: 4.22e-04
2026-06-05 12:05:11 transreid.train INFO: Epoch[58] Iter[100/275] Loss: 0.059, Acc: 0.998, Base Lr: 4.22e-04
2026-06-05 12:05:13 transreid.train INFO: Epoch[58] Iter[120/275] Loss: 0.058, Acc: 0.998, Base Lr: 4.22e-04
2026-06-05 12:05:15 transreid.train INFO: Epoch[58] Iter[140/275] Loss: 0.058, Acc: 0.998, Base Lr: 4.22e-04
2026-06-05 12:05:17 transreid.train INFO: Epoch[58] Iter[160/275] Loss: 0.057, Acc: 0.998, Base Lr: 4.22e-04
2026-06-05 12:05:19 transreid.train INFO: Epoch[58] Iter[180/275] Loss: 0.056, Acc: 0.997, Base Lr: 4.22e-04
2026-06-05 12:05:22 transreid.train INFO: Epoch[58] Iter[200/275] Loss: 0.055, Acc: 0.998, Base Lr: 4.22e-04
2026-06-05 12:05:24 transreid.train INFO: Epoch[58] Iter[220/275] Loss: 0.055, Acc: 0.998, Base Lr: 4.22e-04
2026-06-05 12:05:26 transreid.train INFO: Epoch[58] Iter[240/275] Loss: 0.054, Acc: 0.998, Base Lr: 4.22e-04
2026-06-05 12:05:28 transreid.train INFO: Epoch[58] Iter[260/275] Loss: 0.053, Acc: 0.998, Base Lr: 4.22e-04
2026-06-05 12:05:29 transreid.train INFO: Epoch 58 done. Time per epoch: 28.781[s] Speed: 607.1[samples/s]
2026-06-05 12:05:32 transreid.train INFO: Epoch[59] Iter[20/275] Loss: 0.060, Acc: 0.999, Base Lr: 4.11e-04
2026-06-05 12:05:34 transreid.train INFO: Epoch[59] Iter[40/275] Loss: 0.059, Acc: 1.000, Base Lr: 4.11e-04
2026-06-05 12:05:36 transreid.train INFO: Epoch[59] Iter[60/275] Loss: 0.058, Acc: 0.999, Base Lr: 4.11e-04
2026-06-05 12:05:38 transreid.train INFO: Epoch[59] Iter[80/275] Loss: 0.055, Acc: 0.999, Base Lr: 4.11e-04
2026-06-05 12:05:40 transreid.train INFO: Epoch[59] Iter[100/275] Loss: 0.054, Acc: 0.999, Base Lr: 4.11e-04
2026-06-05 12:05:42 transreid.train INFO: Epoch[59] Iter[120/275] Loss: 0.053, Acc: 0.999, Base Lr: 4.11e-04
2026-06-05 12:05:44 transreid.train INFO: Epoch[59] Iter[140/275] Loss: 0.053, Acc: 0.999, Base Lr: 4.11e-04
2026-06-05 12:05:46 transreid.train INFO: Epoch[59] Iter[160/275] Loss: 0.052, Acc: 0.999, Base Lr: 4.11e-04
2026-06-05 12:05:48 transreid.train INFO: Epoch[59] Iter[180/275] Loss: 0.052, Acc: 0.999, Base Lr: 4.11e-04
2026-06-05 12:05:50 transreid.train INFO: Epoch[59] Iter[200/275] Loss: 0.051, Acc: 0.999, Base Lr: 4.11e-04
2026-06-05 12:05:52 transreid.train INFO: Epoch[59] Iter[220/275] Loss: 0.051, Acc: 0.999, Base Lr: 4.11e-04
2026-06-05 12:05:55 transreid.train INFO: Epoch[59] Iter[240/275] Loss: 0.051, Acc: 0.998, Base Lr: 4.11e-04
2026-06-05 12:05:57 transreid.train INFO: Epoch[59] Iter[260/275] Loss: 0.051, Acc: 0.998, Base Lr: 4.11e-04
2026-06-05 12:05:58 transreid.train INFO: Epoch 59 done. Time per epoch: 28.772[s] Speed: 607.3[samples/s]
2026-06-05 12:06:00 transreid.train INFO: Epoch[60] Iter[20/275] Loss: 0.064, Acc: 0.999, Base Lr: 4.01e-04
2026-06-05 12:06:02 transreid.train INFO: Epoch[60] Iter[40/275] Loss: 0.062, Acc: 0.999, Base Lr: 4.01e-04
2026-06-05 12:06:04 transreid.train INFO: Epoch[60] Iter[60/275] Loss: 0.059, Acc: 0.999, Base Lr: 4.01e-04
2026-06-05 12:06:07 transreid.train INFO: Epoch[60] Iter[80/275] Loss: 0.056, Acc: 0.999, Base Lr: 4.01e-04
2026-06-05 12:06:09 transreid.train INFO: Epoch[60] Iter[100/275] Loss: 0.055, Acc: 0.999, Base Lr: 4.01e-04
2026-06-05 12:06:11 transreid.train INFO: Epoch[60] Iter[120/275] Loss: 0.055, Acc: 0.999, Base Lr: 4.01e-04
2026-06-05 12:06:13 transreid.train INFO: Epoch[60] Iter[140/275] Loss: 0.054, Acc: 0.998, Base Lr: 4.01e-04
2026-06-05 12:06:15 transreid.train INFO: Epoch[60] Iter[160/275] Loss: 0.053, Acc: 0.998, Base Lr: 4.01e-04
2026-06-05 12:06:17 transreid.train INFO: Epoch[60] Iter[180/275] Loss: 0.053, Acc: 0.998, Base Lr: 4.01e-04
2026-06-05 12:06:19 transreid.train INFO: Epoch[60] Iter[200/275] Loss: 0.052, Acc: 0.998, Base Lr: 4.01e-04
2026-06-05 12:06:21 transreid.train INFO: Epoch[60] Iter[220/275] Loss: 0.051, Acc: 0.998, Base Lr: 4.01e-04
2026-06-05 12:06:23 transreid.train INFO: Epoch[60] Iter[240/275] Loss: 0.051, Acc: 0.998, Base Lr: 4.01e-04
2026-06-05 12:06:25 transreid.train INFO: Epoch[60] Iter[260/275] Loss: 0.050, Acc: 0.998, Base Lr: 4.01e-04
2026-06-05 12:06:27 transreid.train INFO: Epoch 60 done. Time per epoch: 28.797[s] Speed: 606.7[samples/s]
=> Computing MULTIHYP conservative DistMat (alpha=0.1)
2026-06-05 12:06:41 transreid.train INFO: Validation Results - Epoch: 60
2026-06-05 12:06:41 transreid.train INFO: mAP: 76.3%
2026-06-05 12:06:41 transreid.train INFO: CMC curve, Rank-1  :85.0%
2026-06-05 12:06:41 transreid.train INFO: CMC curve, Rank-5  :94.3%
2026-06-05 12:06:41 transreid.train INFO: CMC curve, Rank-10 :96.6%
2026-06-05 12:06:43 transreid.train INFO: Epoch[61] Iter[20/275] Loss: 0.062, Acc: 0.998, Base Lr: 3.90e-04
2026-06-05 12:06:45 transreid.train INFO: Epoch[61] Iter[40/275] Loss: 0.060, Acc: 0.998, Base Lr: 3.90e-04
2026-06-05 12:06:47 transreid.train INFO: Epoch[61] Iter[60/275] Loss: 0.058, Acc: 0.998, Base Lr: 3.90e-04
2026-06-05 12:06:49 transreid.train INFO: Epoch[61] Iter[80/275] Loss: 0.057, Acc: 0.998, Base Lr: 3.90e-04
2026-06-05 12:06:52 transreid.train INFO: Epoch[61] Iter[100/275] Loss: 0.055, Acc: 0.998, Base Lr: 3.90e-04
2026-06-05 12:06:54 transreid.train INFO: Epoch[61] Iter[120/275] Loss: 0.054, Acc: 0.998, Base Lr: 3.90e-04
2026-06-05 12:06:56 transreid.train INFO: Epoch[61] Iter[140/275] Loss: 0.052, Acc: 0.999, Base Lr: 3.90e-04
2026-06-05 12:06:58 transreid.train INFO: Epoch[61] Iter[160/275] Loss: 0.052, Acc: 0.998, Base Lr: 3.90e-04
2026-06-05 12:07:00 transreid.train INFO: Epoch[61] Iter[180/275] Loss: 0.050, Acc: 0.999, Base Lr: 3.90e-04
2026-06-05 12:07:02 transreid.train INFO: Epoch[61] Iter[200/275] Loss: 0.050, Acc: 0.998, Base Lr: 3.90e-04
2026-06-05 12:07:04 transreid.train INFO: Epoch[61] Iter[220/275] Loss: 0.049, Acc: 0.998, Base Lr: 3.90e-04
2026-06-05 12:07:06 transreid.train INFO: Epoch[61] Iter[240/275] Loss: 0.049, Acc: 0.998, Base Lr: 3.90e-04
2026-06-05 12:07:08 transreid.train INFO: Epoch[61] Iter[260/275] Loss: 0.048, Acc: 0.998, Base Lr: 3.90e-04
2026-06-05 12:07:10 transreid.train INFO: Epoch 61 done. Time per epoch: 28.762[s] Speed: 607.5[samples/s]
2026-06-05 12:07:12 transreid.train INFO: Epoch[62] Iter[20/275] Loss: 0.059, Acc: 1.000, Base Lr: 3.80e-04
2026-06-05 12:07:14 transreid.train INFO: Epoch[62] Iter[40/275] Loss: 0.058, Acc: 0.999, Base Lr: 3.80e-04
2026-06-05 12:07:16 transreid.train INFO: Epoch[62] Iter[60/275] Loss: 0.055, Acc: 0.999, Base Lr: 3.80e-04
2026-06-05 12:07:18 transreid.train INFO: Epoch[62] Iter[80/275] Loss: 0.054, Acc: 0.998, Base Lr: 3.80e-04
2026-06-05 12:07:20 transreid.train INFO: Epoch[62] Iter[100/275] Loss: 0.052, Acc: 0.999, Base Lr: 3.80e-04
2026-06-05 12:07:22 transreid.train INFO: Epoch[62] Iter[120/275] Loss: 0.051, Acc: 0.999, Base Lr: 3.80e-04
2026-06-05 12:07:24 transreid.train INFO: Epoch[62] Iter[140/275] Loss: 0.050, Acc: 0.999, Base Lr: 3.80e-04
2026-06-05 12:07:27 transreid.train INFO: Epoch[62] Iter[160/275] Loss: 0.050, Acc: 0.999, Base Lr: 3.80e-04
2026-06-05 12:07:29 transreid.train INFO: Epoch[62] Iter[180/275] Loss: 0.052, Acc: 0.998, Base Lr: 3.80e-04
2026-06-05 12:07:31 transreid.train INFO: Epoch[62] Iter[200/275] Loss: 0.051, Acc: 0.998, Base Lr: 3.80e-04
2026-06-05 12:07:33 transreid.train INFO: Epoch[62] Iter[220/275] Loss: 0.050, Acc: 0.998, Base Lr: 3.80e-04
2026-06-05 12:07:35 transreid.train INFO: Epoch[62] Iter[240/275] Loss: 0.049, Acc: 0.998, Base Lr: 3.80e-04
2026-06-05 12:07:37 transreid.train INFO: Epoch[62] Iter[260/275] Loss: 0.053, Acc: 0.998, Base Lr: 3.80e-04
2026-06-05 12:07:38 transreid.train INFO: Epoch 62 done. Time per epoch: 28.737[s] Speed: 608.0[samples/s]
2026-06-05 12:07:41 transreid.train INFO: Epoch[63] Iter[20/275] Loss: 0.062, Acc: 0.999, Base Lr: 3.69e-04
2026-06-05 12:07:43 transreid.train INFO: Epoch[63] Iter[40/275] Loss: 0.058, Acc: 0.998, Base Lr: 3.69e-04
2026-06-05 12:07:45 transreid.train INFO: Epoch[63] Iter[60/275] Loss: 0.058, Acc: 0.997, Base Lr: 3.69e-04
2026-06-05 12:07:47 transreid.train INFO: Epoch[63] Iter[80/275] Loss: 0.057, Acc: 0.998, Base Lr: 3.69e-04
2026-06-05 12:07:49 transreid.train INFO: Epoch[63] Iter[100/275] Loss: 0.056, Acc: 0.998, Base Lr: 3.69e-04
2026-06-05 12:07:51 transreid.train INFO: Epoch[63] Iter[120/275] Loss: 0.054, Acc: 0.998, Base Lr: 3.69e-04
2026-06-05 12:07:53 transreid.train INFO: Epoch[63] Iter[140/275] Loss: 0.059, Acc: 0.998, Base Lr: 3.69e-04
2026-06-05 12:07:55 transreid.train INFO: Epoch[63] Iter[160/275] Loss: 0.057, Acc: 0.998, Base Lr: 3.69e-04
2026-06-05 12:07:57 transreid.train INFO: Epoch[63] Iter[180/275] Loss: 0.055, Acc: 0.998, Base Lr: 3.69e-04
2026-06-05 12:07:59 transreid.train INFO: Epoch[63] Iter[200/275] Loss: 0.054, Acc: 0.998, Base Lr: 3.69e-04
2026-06-05 12:08:02 transreid.train INFO: Epoch[63] Iter[220/275] Loss: 0.052, Acc: 0.998, Base Lr: 3.69e-04
2026-06-05 12:08:04 transreid.train INFO: Epoch[63] Iter[240/275] Loss: 0.056, Acc: 0.999, Base Lr: 3.69e-04
2026-06-05 12:08:06 transreid.train INFO: Epoch[63] Iter[260/275] Loss: 0.055, Acc: 0.998, Base Lr: 3.69e-04
2026-06-05 12:08:07 transreid.train INFO: Epoch 63 done. Time per epoch: 28.832[s] Speed: 608.2[samples/s]
2026-06-05 12:08:10 transreid.train INFO: Epoch[64] Iter[20/275] Loss: 0.063, Acc: 0.995, Base Lr: 3.59e-04
2026-06-05 12:08:12 transreid.train INFO: Epoch[64] Iter[40/275] Loss: 0.061, Acc: 0.996, Base Lr: 3.59e-04
2026-06-05 12:08:14 transreid.train INFO: Epoch[64] Iter[60/275] Loss: 0.058, Acc: 0.997, Base Lr: 3.59e-04
2026-06-05 12:08:16 transreid.train INFO: Epoch[64] Iter[80/275] Loss: 0.057, Acc: 0.997, Base Lr: 3.59e-04
2026-06-05 12:08:18 transreid.train INFO: Epoch[64] Iter[100/275] Loss: 0.056, Acc: 0.997, Base Lr: 3.59e-04
2026-06-05 12:08:20 transreid.train INFO: Epoch[64] Iter[120/275] Loss: 0.054, Acc: 0.997, Base Lr: 3.59e-04
2026-06-05 12:08:22 transreid.train INFO: Epoch[64] Iter[140/275] Loss: 0.053, Acc: 0.997, Base Lr: 3.59e-04
2026-06-05 12:08:24 transreid.train INFO: Epoch[64] Iter[160/275] Loss: 0.052, Acc: 0.997, Base Lr: 3.59e-04
2026-06-05 12:08:26 transreid.train INFO: Epoch[64] Iter[180/275] Loss: 0.051, Acc: 0.997, Base Lr: 3.59e-04
2026-06-05 12:08:28 transreid.train INFO: Epoch[64] Iter[200/275] Loss: 0.050, Acc: 0.998, Base Lr: 3.59e-04
2026-06-05 12:08:30 transreid.train INFO: Epoch[64] Iter[220/275] Loss: 0.049, Acc: 0.998, Base Lr: 3.59e-04
2026-06-05 12:08:33 transreid.train INFO: Epoch[64] Iter[240/275] Loss: 0.048, Acc: 0.998, Base Lr: 3.59e-04
2026-06-05 12:08:35 transreid.train INFO: Epoch[64] Iter[260/275] Loss: 0.048, Acc: 0.998, Base Lr: 3.59e-04
2026-06-05 12:08:36 transreid.train INFO: Epoch 64 done. Time per epoch: 28.846[s] Speed: 607.9[samples/s]
2026-06-05 12:08:38 transreid.train INFO: Epoch[65] Iter[20/275] Loss: 0.057, Acc: 0.998, Base Lr: 3.49e-04
2026-06-05 12:08:40 transreid.train INFO: Epoch[65] Iter[40/275] Loss: 0.053, Acc: 0.998, Base Lr: 3.49e-04
2026-06-05 12:08:43 transreid.train INFO: Epoch[65] Iter[60/275] Loss: 0.053, Acc: 0.999, Base Lr: 3.49e-04
2026-06-05 12:08:45 transreid.train INFO: Epoch[65] Iter[80/275] Loss: 0.054, Acc: 0.999, Base Lr: 3.49e-04
2026-06-05 12:08:47 transreid.train INFO: Epoch[65] Iter[100/275] Loss: 0.053, Acc: 0.998, Base Lr: 3.49e-04
2026-06-05 12:08:49 transreid.train INFO: Epoch[65] Iter[120/275] Loss: 0.051, Acc: 0.999, Base Lr: 3.49e-04
2026-06-05 12:08:51 transreid.train INFO: Epoch[65] Iter[140/275] Loss: 0.050, Acc: 0.999, Base Lr: 3.49e-04
2026-06-05 12:08:53 transreid.train INFO: Epoch[65] Iter[160/275] Loss: 0.049, Acc: 0.998, Base Lr: 3.49e-04
2026-06-05 12:08:55 transreid.train INFO: Epoch[65] Iter[180/275] Loss: 0.048, Acc: 0.998, Base Lr: 3.49e-04
2026-06-05 12:08:57 transreid.train INFO: Epoch[65] Iter[200/275] Loss: 0.048, Acc: 0.998, Base Lr: 3.49e-04
2026-06-05 12:08:59 transreid.train INFO: Epoch[65] Iter[220/275] Loss: 0.048, Acc: 0.998, Base Lr: 3.49e-04
2026-06-05 12:09:01 transreid.train INFO: Epoch[65] Iter[240/275] Loss: 0.048, Acc: 0.998, Base Lr: 3.49e-04
2026-06-05 12:09:03 transreid.train INFO: Epoch[65] Iter[260/275] Loss: 0.047, Acc: 0.998, Base Lr: 3.49e-04
2026-06-05 12:09:05 transreid.train INFO: Epoch 65 done. Time per epoch: 28.861[s] Speed: 607.6[samples/s]
2026-06-05 12:09:07 transreid.train INFO: Epoch[66] Iter[20/275] Loss: 0.050, Acc: 0.998, Base Lr: 3.38e-04
2026-06-05 12:09:09 transreid.train INFO: Epoch[66] Iter[40/275] Loss: 0.052, Acc: 0.999, Base Lr: 3.38e-04
2026-06-05 12:09:11 transreid.train INFO: Epoch[66] Iter[60/275] Loss: 0.050, Acc: 0.999, Base Lr: 3.38e-04
2026-06-05 12:09:13 transreid.train INFO: Epoch[66] Iter[80/275] Loss: 0.052, Acc: 0.999, Base Lr: 3.38e-04
2026-06-05 12:09:16 transreid.train INFO: Epoch[66] Iter[100/275] Loss: 0.052, Acc: 0.999, Base Lr: 3.38e-04
2026-06-05 12:09:18 transreid.train INFO: Epoch[66] Iter[120/275] Loss: 0.051, Acc: 0.999, Base Lr: 3.38e-04
2026-06-05 12:09:20 transreid.train INFO: Epoch[66] Iter[140/275] Loss: 0.050, Acc: 0.999, Base Lr: 3.38e-04
2026-06-05 12:09:22 transreid.train INFO: Epoch[66] Iter[160/275] Loss: 0.050, Acc: 0.998, Base Lr: 3.38e-04
2026-06-05 12:09:24 transreid.train INFO: Epoch[66] Iter[180/275] Loss: 0.049, Acc: 0.998, Base Lr: 3.38e-04
2026-06-05 12:09:26 transreid.train INFO: Epoch[66] Iter[200/275] Loss: 0.048, Acc: 0.998, Base Lr: 3.38e-04
2026-06-05 12:09:28 transreid.train INFO: Epoch[66] Iter[220/275] Loss: 0.049, Acc: 0.998, Base Lr: 3.38e-04
2026-06-05 12:09:30 transreid.train INFO: Epoch[66] Iter[240/275] Loss: 0.048, Acc: 0.998, Base Lr: 3.38e-04
2026-06-05 12:09:32 transreid.train INFO: Epoch[66] Iter[260/275] Loss: 0.048, Acc: 0.998, Base Lr: 3.38e-04
2026-06-05 12:09:34 transreid.train INFO: Epoch 66 done. Time per epoch: 28.843[s] Speed: 608.0[samples/s]
2026-06-05 12:09:36 transreid.train INFO: Epoch[67] Iter[20/275] Loss: 0.055, Acc: 1.000, Base Lr: 3.28e-04
2026-06-05 12:09:38 transreid.train INFO: Epoch[67] Iter[40/275] Loss: 0.058, Acc: 1.000, Base Lr: 3.28e-04
2026-06-05 12:09:40 transreid.train INFO: Epoch[67] Iter[60/275] Loss: 0.056, Acc: 0.999, Base Lr: 3.28e-04
2026-06-05 12:09:42 transreid.train INFO: Epoch[67] Iter[80/275] Loss: 0.054, Acc: 1.000, Base Lr: 3.28e-04
2026-06-05 12:09:44 transreid.train INFO: Epoch[67] Iter[100/275] Loss: 0.052, Acc: 0.999, Base Lr: 3.28e-04
2026-06-05 12:09:47 transreid.train INFO: Epoch[67] Iter[120/275] Loss: 0.051, Acc: 0.999, Base Lr: 3.28e-04
2026-06-05 12:09:49 transreid.train INFO: Epoch[67] Iter[140/275] Loss: 0.051, Acc: 0.998, Base Lr: 3.28e-04
2026-06-05 12:09:51 transreid.train INFO: Epoch[67] Iter[160/275] Loss: 0.049, Acc: 0.999, Base Lr: 3.28e-04
2026-06-05 12:09:53 transreid.train INFO: Epoch[67] Iter[180/275] Loss: 0.049, Acc: 0.998, Base Lr: 3.28e-04
2026-06-05 12:09:55 transreid.train INFO: Epoch[67] Iter[200/275] Loss: 0.048, Acc: 0.998, Base Lr: 3.28e-04
2026-06-05 12:09:57 transreid.train INFO: Epoch[67] Iter[220/275] Loss: 0.047, Acc: 0.999, Base Lr: 3.28e-04
2026-06-05 12:09:59 transreid.train INFO: Epoch[67] Iter[240/275] Loss: 0.046, Acc: 0.998, Base Lr: 3.28e-04
2026-06-05 12:10:01 transreid.train INFO: Epoch[67] Iter[260/275] Loss: 0.046, Acc: 0.998, Base Lr: 3.28e-04
2026-06-05 12:10:03 transreid.train INFO: Epoch 67 done. Time per epoch: 28.865[s] Speed: 607.5[samples/s]
2026-06-05 12:10:05 transreid.train INFO: Epoch[68] Iter[20/275] Loss: 0.081, Acc: 0.997, Base Lr: 3.18e-04
2026-06-05 12:10:07 transreid.train INFO: Epoch[68] Iter[40/275] Loss: 0.066, Acc: 0.998, Base Lr: 3.18e-04
2026-06-05 12:10:09 transreid.train INFO: Epoch[68] Iter[60/275] Loss: 0.062, Acc: 0.998, Base Lr: 3.18e-04
2026-06-05 12:10:11 transreid.train INFO: Epoch[68] Iter[80/275] Loss: 0.058, Acc: 0.998, Base Lr: 3.18e-04
2026-06-05 12:10:13 transreid.train INFO: Epoch[68] Iter[100/275] Loss: 0.055, Acc: 0.998, Base Lr: 3.18e-04
2026-06-05 12:10:15 transreid.train INFO: Epoch[68] Iter[120/275] Loss: 0.054, Acc: 0.999, Base Lr: 3.18e-04
2026-06-05 12:10:17 transreid.train INFO: Epoch[68] Iter[140/275] Loss: 0.052, Acc: 0.999, Base Lr: 3.18e-04
2026-06-05 12:10:20 transreid.train INFO: Epoch[68] Iter[160/275] Loss: 0.053, Acc: 0.998, Base Lr: 3.18e-04
2026-06-05 12:10:22 transreid.train INFO: Epoch[68] Iter[180/275] Loss: 0.052, Acc: 0.998, Base Lr: 3.18e-04
2026-06-05 12:10:24 transreid.train INFO: Epoch[68] Iter[200/275] Loss: 0.051, Acc: 0.998, Base Lr: 3.18e-04
2026-06-05 12:10:26 transreid.train INFO: Epoch[68] Iter[220/275] Loss: 0.050, Acc: 0.998, Base Lr: 3.18e-04
2026-06-05 12:10:28 transreid.train INFO: Epoch[68] Iter[240/275] Loss: 0.049, Acc: 0.998, Base Lr: 3.18e-04
2026-06-05 12:10:30 transreid.train INFO: Epoch[68] Iter[260/275] Loss: 0.048, Acc: 0.998, Base Lr: 3.18e-04
2026-06-05 12:10:31 transreid.train INFO: Epoch 68 done. Time per epoch: 28.823[s] Speed: 608.4[samples/s]
2026-06-05 12:10:34 transreid.train INFO: Epoch[69] Iter[20/275] Loss: 0.053, Acc: 1.000, Base Lr: 3.08e-04
2026-06-05 12:10:36 transreid.train INFO: Epoch[69] Iter[40/275] Loss: 0.063, Acc: 1.000, Base Lr: 3.08e-04
2026-06-05 12:10:38 transreid.train INFO: Epoch[69] Iter[60/275] Loss: 0.059, Acc: 0.999, Base Lr: 3.08e-04
2026-06-05 12:10:40 transreid.train INFO: Epoch[69] Iter[80/275] Loss: 0.062, Acc: 0.999, Base Lr: 3.08e-04
2026-06-05 12:10:42 transreid.train INFO: Epoch[69] Iter[100/275] Loss: 0.059, Acc: 0.999, Base Lr: 3.08e-04
2026-06-05 12:10:44 transreid.train INFO: Epoch[69] Iter[120/275] Loss: 0.058, Acc: 0.999, Base Lr: 3.08e-04
2026-06-05 12:10:46 transreid.train INFO: Epoch[69] Iter[140/275] Loss: 0.055, Acc: 0.999, Base Lr: 3.08e-04
2026-06-05 12:10:48 transreid.train INFO: Epoch[69] Iter[160/275] Loss: 0.053, Acc: 0.999, Base Lr: 3.08e-04
2026-06-05 12:10:50 transreid.train INFO: Epoch[69] Iter[180/275] Loss: 0.057, Acc: 0.998, Base Lr: 3.08e-04
2026-06-05 12:10:53 transreid.train INFO: Epoch[69] Iter[200/275] Loss: 0.056, Acc: 0.999, Base Lr: 3.08e-04
2026-06-05 12:10:55 transreid.train INFO: Epoch[69] Iter[220/275] Loss: 0.054, Acc: 0.999, Base Lr: 3.08e-04
2026-06-05 12:10:57 transreid.train INFO: Epoch[69] Iter[240/275] Loss: 0.052, Acc: 0.999, Base Lr: 3.08e-04
2026-06-05 12:10:59 transreid.train INFO: Epoch[69] Iter[260/275] Loss: 0.052, Acc: 0.998, Base Lr: 3.08e-04
2026-06-05 12:11:00 transreid.train INFO: Epoch 69 done. Time per epoch: 28.856[s] Speed: 607.7[samples/s]
2026-06-05 12:11:03 transreid.train INFO: Epoch[70] Iter[20/275] Loss: 0.056, Acc: 1.000, Base Lr: 2.97e-04
2026-06-05 12:11:05 transreid.train INFO: Epoch[70] Iter[40/275] Loss: 0.056, Acc: 0.999, Base Lr: 2.97e-04
2026-06-05 12:11:07 transreid.train INFO: Epoch[70] Iter[60/275] Loss: 0.057, Acc: 0.999, Base Lr: 2.97e-04
2026-06-05 12:11:09 transreid.train INFO: Epoch[70] Iter[80/275] Loss: 0.054, Acc: 0.999, Base Lr: 2.97e-04
2026-06-05 12:11:11 transreid.train INFO: Epoch[70] Iter[100/275] Loss: 0.052, Acc: 0.998, Base Lr: 2.97e-04
2026-06-05 12:11:13 transreid.train INFO: Epoch[70] Iter[120/275] Loss: 0.050, Acc: 0.999, Base Lr: 2.97e-04
2026-06-05 12:11:15 transreid.train INFO: Epoch[70] Iter[140/275] Loss: 0.050, Acc: 0.998, Base Lr: 2.97e-04
2026-06-05 12:11:17 transreid.train INFO: Epoch[70] Iter[160/275] Loss: 0.049, Acc: 0.998, Base Lr: 2.97e-04
2026-06-05 12:11:19 transreid.train INFO: Epoch[70] Iter[180/275] Loss: 0.048, Acc: 0.998, Base Lr: 2.97e-04
2026-06-05 12:11:21 transreid.train INFO: Epoch[70] Iter[200/275] Loss: 0.047, Acc: 0.999, Base Lr: 2.97e-04
2026-06-05 12:11:23 transreid.train INFO: Epoch[70] Iter[220/275] Loss: 0.046, Acc: 0.999, Base Lr: 2.97e-04
2026-06-05 12:11:26 transreid.train INFO: Epoch[70] Iter[240/275] Loss: 0.045, Acc: 0.999, Base Lr: 2.97e-04
2026-06-05 12:11:28 transreid.train INFO: Epoch[70] Iter[260/275] Loss: 0.045, Acc: 0.998, Base Lr: 2.97e-04
2026-06-05 12:11:29 transreid.train INFO: Epoch 70 done. Time per epoch: 28.835[s] Speed: 608.1[samples/s]
2026-06-05 12:11:31 transreid.train INFO: Epoch[71] Iter[20/275] Loss: 0.051, Acc: 0.998, Base Lr: 2.87e-04
2026-06-05 12:11:34 transreid.train INFO: Epoch[71] Iter[40/275] Loss: 0.053, Acc: 0.998, Base Lr: 2.87e-04
2026-06-05 12:11:36 transreid.train INFO: Epoch[71] Iter[60/275] Loss: 0.051, Acc: 0.998, Base Lr: 2.87e-04
2026-06-05 12:11:38 transreid.train INFO: Epoch[71] Iter[80/275] Loss: 0.050, Acc: 0.999, Base Lr: 2.87e-04
2026-06-05 12:11:40 transreid.train INFO: Epoch[71] Iter[100/275] Loss: 0.049, Acc: 0.998, Base Lr: 2.87e-04
2026-06-05 12:11:42 transreid.train INFO: Epoch[71] Iter[120/275] Loss: 0.047, Acc: 0.998, Base Lr: 2.87e-04
2026-06-05 12:11:44 transreid.train INFO: Epoch[71] Iter[140/275] Loss: 0.052, Acc: 0.998, Base Lr: 2.87e-04
2026-06-05 12:11:46 transreid.train INFO: Epoch[71] Iter[160/275] Loss: 0.050, Acc: 0.998, Base Lr: 2.87e-04
2026-06-05 12:11:48 transreid.train INFO: Epoch[71] Iter[180/275] Loss: 0.049, Acc: 0.998, Base Lr: 2.87e-04
2026-06-05 12:11:50 transreid.train INFO: Epoch[71] Iter[200/275] Loss: 0.048, Acc: 0.998, Base Lr: 2.87e-04
2026-06-05 12:11:52 transreid.train INFO: Epoch[71] Iter[220/275] Loss: 0.047, Acc: 0.998, Base Lr: 2.87e-04
2026-06-05 12:11:54 transreid.train INFO: Epoch[71] Iter[240/275] Loss: 0.046, Acc: 0.998, Base Lr: 2.87e-04
2026-06-05 12:11:56 transreid.train INFO: Epoch[71] Iter[260/275] Loss: 0.046, Acc: 0.998, Base Lr: 2.87e-04
2026-06-05 12:11:58 transreid.train INFO: Epoch 71 done. Time per epoch: 28.726[s] Speed: 608.2[samples/s]
2026-06-05 12:12:00 transreid.train INFO: Epoch[72] Iter[20/275] Loss: 0.054, Acc: 1.000, Base Lr: 2.77e-04
2026-06-05 12:12:02 transreid.train INFO: Epoch[72] Iter[40/275] Loss: 0.051, Acc: 0.999, Base Lr: 2.77e-04
2026-06-05 12:12:04 transreid.train INFO: Epoch[72] Iter[60/275] Loss: 0.048, Acc: 0.999, Base Lr: 2.77e-04
2026-06-05 12:12:07 transreid.train INFO: Epoch[72] Iter[80/275] Loss: 0.047, Acc: 1.000, Base Lr: 2.77e-04
2026-06-05 12:12:09 transreid.train INFO: Epoch[72] Iter[100/275] Loss: 0.045, Acc: 1.000, Base Lr: 2.77e-04
2026-06-05 12:12:11 transreid.train INFO: Epoch[72] Iter[120/275] Loss: 0.044, Acc: 0.999, Base Lr: 2.77e-04
2026-06-05 12:12:13 transreid.train INFO: Epoch[72] Iter[140/275] Loss: 0.044, Acc: 0.999, Base Lr: 2.77e-04
2026-06-05 12:12:15 transreid.train INFO: Epoch[72] Iter[160/275] Loss: 0.043, Acc: 0.999, Base Lr: 2.77e-04
2026-06-05 12:12:17 transreid.train INFO: Epoch[72] Iter[180/275] Loss: 0.043, Acc: 0.999, Base Lr: 2.77e-04
2026-06-05 12:12:19 transreid.train INFO: Epoch[72] Iter[200/275] Loss: 0.042, Acc: 0.999, Base Lr: 2.77e-04
2026-06-05 12:12:21 transreid.train INFO: Epoch[72] Iter[220/275] Loss: 0.042, Acc: 0.999, Base Lr: 2.77e-04
2026-06-05 12:12:23 transreid.train INFO: Epoch[72] Iter[240/275] Loss: 0.042, Acc: 0.999, Base Lr: 2.77e-04
2026-06-05 12:12:25 transreid.train INFO: Epoch[72] Iter[260/275] Loss: 0.041, Acc: 0.999, Base Lr: 2.77e-04
2026-06-05 12:12:27 transreid.train INFO: Epoch 72 done. Time per epoch: 28.922[s] Speed: 606.3[samples/s]
2026-06-05 12:12:29 transreid.train INFO: Epoch[73] Iter[20/275] Loss: 0.048, Acc: 1.000, Base Lr: 2.68e-04
2026-06-05 12:12:31 transreid.train INFO: Epoch[73] Iter[40/275] Loss: 0.047, Acc: 1.000, Base Lr: 2.68e-04
2026-06-05 12:12:33 transreid.train INFO: Epoch[73] Iter[60/275] Loss: 0.046, Acc: 1.000, Base Lr: 2.68e-04
2026-06-05 12:12:35 transreid.train INFO: Epoch[73] Iter[80/275] Loss: 0.045, Acc: 1.000, Base Lr: 2.68e-04
2026-06-05 12:12:37 transreid.train INFO: Epoch[73] Iter[100/275] Loss: 0.044, Acc: 1.000, Base Lr: 2.68e-04
2026-06-05 12:12:40 transreid.train INFO: Epoch[73] Iter[120/275] Loss: 0.067, Acc: 0.998, Base Lr: 2.68e-04
2026-06-05 12:12:42 transreid.train INFO: Epoch[73] Iter[140/275] Loss: 0.066, Acc: 0.998, Base Lr: 2.68e-04
2026-06-05 12:12:44 transreid.train INFO: Epoch[73] Iter[160/275] Loss: 0.063, Acc: 0.998, Base Lr: 2.68e-04
2026-06-05 12:12:46 transreid.train INFO: Epoch[73] Iter[180/275] Loss: 0.061, Acc: 0.999, Base Lr: 2.68e-04
2026-06-05 12:12:48 transreid.train INFO: Epoch[73] Iter[200/275] Loss: 0.059, Acc: 0.998, Base Lr: 2.68e-04
2026-06-05 12:12:50 transreid.train INFO: Epoch[73] Iter[220/275] Loss: 0.057, Acc: 0.998, Base Lr: 2.68e-04
2026-06-05 12:12:52 transreid.train INFO: Epoch[73] Iter[240/275] Loss: 0.056, Acc: 0.998, Base Lr: 2.68e-04
2026-06-05 12:12:54 transreid.train INFO: Epoch[73] Iter[260/275] Loss: 0.054, Acc: 0.998, Base Lr: 2.68e-04
2026-06-05 12:12:56 transreid.train INFO: Epoch 73 done. Time per epoch: 28.753[s] Speed: 607.6[samples/s]
2026-06-05 12:12:58 transreid.train INFO: Epoch[74] Iter[20/275] Loss: 0.050, Acc: 1.000, Base Lr: 2.58e-04
2026-06-05 12:13:00 transreid.train INFO: Epoch[74] Iter[40/275] Loss: 0.049, Acc: 1.000, Base Lr: 2.58e-04
2026-06-05 12:13:02 transreid.train INFO: Epoch[74] Iter[60/275] Loss: 0.049, Acc: 0.998, Base Lr: 2.58e-04
2026-06-05 12:13:04 transreid.train INFO: Epoch[74] Iter[80/275] Loss: 0.048, Acc: 0.998, Base Lr: 2.58e-04
2026-06-05 12:13:06 transreid.train INFO: Epoch[74] Iter[100/275] Loss: 0.047, Acc: 0.998, Base Lr: 2.58e-04
2026-06-05 12:13:08 transreid.train INFO: Epoch[74] Iter[120/275] Loss: 0.045, Acc: 0.998, Base Lr: 2.58e-04
2026-06-05 12:13:10 transreid.train INFO: Epoch[74] Iter[140/275] Loss: 0.044, Acc: 0.998, Base Lr: 2.58e-04
2026-06-05 12:13:12 transreid.train INFO: Epoch[74] Iter[160/275] Loss: 0.044, Acc: 0.998, Base Lr: 2.58e-04
2026-06-05 12:13:15 transreid.train INFO: Epoch[74] Iter[180/275] Loss: 0.043, Acc: 0.998, Base Lr: 2.58e-04
2026-06-05 12:13:17 transreid.train INFO: Epoch[74] Iter[200/275] Loss: 0.042, Acc: 0.998, Base Lr: 2.58e-04
2026-06-05 12:13:19 transreid.train INFO: Epoch[74] Iter[220/275] Loss: 0.041, Acc: 0.999, Base Lr: 2.58e-04
2026-06-05 12:13:21 transreid.train INFO: Epoch[74] Iter[240/275] Loss: 0.041, Acc: 0.999, Base Lr: 2.58e-04
2026-06-05 12:13:23 transreid.train INFO: Epoch[74] Iter[260/275] Loss: 0.041, Acc: 0.999, Base Lr: 2.58e-04
2026-06-05 12:13:24 transreid.train INFO: Epoch 74 done. Time per epoch: 28.852[s] Speed: 607.8[samples/s]
2026-06-05 12:13:27 transreid.train INFO: Epoch[75] Iter[20/275] Loss: 0.054, Acc: 0.998, Base Lr: 2.48e-04
2026-06-05 12:13:29 transreid.train INFO: Epoch[75] Iter[40/275] Loss: 0.050, Acc: 0.999, Base Lr: 2.48e-04
2026-06-05 12:13:31 transreid.train INFO: Epoch[75] Iter[60/275] Loss: 0.048, Acc: 0.999, Base Lr: 2.48e-04
2026-06-05 12:13:33 transreid.train INFO: Epoch[75] Iter[80/275] Loss: 0.047, Acc: 0.999, Base Lr: 2.48e-04
2026-06-05 12:13:35 transreid.train INFO: Epoch[75] Iter[100/275] Loss: 0.047, Acc: 0.999, Base Lr: 2.48e-04
2026-06-05 12:13:37 transreid.train INFO: Epoch[75] Iter[120/275] Loss: 0.046, Acc: 0.999, Base Lr: 2.48e-04
2026-06-05 12:13:39 transreid.train INFO: Epoch[75] Iter[140/275] Loss: 0.044, Acc: 0.999, Base Lr: 2.48e-04
2026-06-05 12:13:41 transreid.train INFO: Epoch[75] Iter[160/275] Loss: 0.044, Acc: 0.999, Base Lr: 2.48e-04
2026-06-05 12:13:43 transreid.train INFO: Epoch[75] Iter[180/275] Loss: 0.045, Acc: 0.999, Base Lr: 2.48e-04
2026-06-05 12:13:46 transreid.train INFO: Epoch[75] Iter[200/275] Loss: 0.044, Acc: 0.999, Base Lr: 2.48e-04
2026-06-05 12:13:48 transreid.train INFO: Epoch[75] Iter[220/275] Loss: 0.043, Acc: 0.998, Base Lr: 2.48e-04
2026-06-05 12:13:50 transreid.train INFO: Epoch[75] Iter[240/275] Loss: 0.043, Acc: 0.998, Base Lr: 2.48e-04
2026-06-05 12:13:52 transreid.train INFO: Epoch[75] Iter[260/275] Loss: 0.042, Acc: 0.998, Base Lr: 2.48e-04
2026-06-05 12:13:53 transreid.train INFO: Epoch 75 done. Time per epoch: 28.750[s] Speed: 607.7[samples/s]
2026-06-05 12:13:55 transreid.train INFO: Epoch[76] Iter[20/275] Loss: 0.047, Acc: 0.998, Base Lr: 2.38e-04
2026-06-05 12:13:58 transreid.train INFO: Epoch[76] Iter[40/275] Loss: 0.047, Acc: 0.999, Base Lr: 2.38e-04
2026-06-05 12:14:00 transreid.train INFO: Epoch[76] Iter[60/275] Loss: 0.046, Acc: 0.999, Base Lr: 2.38e-04
2026-06-05 12:14:02 transreid.train INFO: Epoch[76] Iter[80/275] Loss: 0.046, Acc: 0.999, Base Lr: 2.38e-04
2026-06-05 12:14:04 transreid.train INFO: Epoch[76] Iter[100/275] Loss: 0.044, Acc: 0.999, Base Lr: 2.38e-04
2026-06-05 12:14:06 transreid.train INFO: Epoch[76] Iter[120/275] Loss: 0.043, Acc: 0.999, Base Lr: 2.38e-04
2026-06-05 12:14:08 transreid.train INFO: Epoch[76] Iter[140/275] Loss: 0.043, Acc: 0.998, Base Lr: 2.38e-04
2026-06-05 12:14:10 transreid.train INFO: Epoch[76] Iter[160/275] Loss: 0.043, Acc: 0.998, Base Lr: 2.38e-04
2026-06-05 12:14:12 transreid.train INFO: Epoch[76] Iter[180/275] Loss: 0.042, Acc: 0.999, Base Lr: 2.38e-04
2026-06-05 12:14:14 transreid.train INFO: Epoch[76] Iter[200/275] Loss: 0.041, Acc: 0.999, Base Lr: 2.38e-04
2026-06-05 12:14:16 transreid.train INFO: Epoch[76] Iter[220/275] Loss: 0.041, Acc: 0.999, Base Lr: 2.38e-04
2026-06-05 12:14:18 transreid.train INFO: Epoch[76] Iter[240/275] Loss: 0.041, Acc: 0.999, Base Lr: 2.38e-04
2026-06-05 12:14:21 transreid.train INFO: Epoch[76] Iter[260/275] Loss: 0.041, Acc: 0.999, Base Lr: 2.38e-04
2026-06-05 12:14:22 transreid.train INFO: Epoch 76 done. Time per epoch: 28.871[s] Speed: 607.4[samples/s]
2026-06-05 12:14:24 transreid.train INFO: Epoch[77] Iter[20/275] Loss: 0.048, Acc: 0.999, Base Lr: 2.29e-04
2026-06-05 12:14:26 transreid.train INFO: Epoch[77] Iter[40/275] Loss: 0.046, Acc: 1.000, Base Lr: 2.29e-04
2026-06-05 12:14:29 transreid.train INFO: Epoch[77] Iter[60/275] Loss: 0.044, Acc: 0.999, Base Lr: 2.29e-04
2026-06-05 12:14:31 transreid.train INFO: Epoch[77] Iter[80/275] Loss: 0.043, Acc: 0.999, Base Lr: 2.29e-04
2026-06-05 12:14:33 transreid.train INFO: Epoch[77] Iter[100/275] Loss: 0.042, Acc: 0.999, Base Lr: 2.29e-04
2026-06-05 12:14:35 transreid.train INFO: Epoch[77] Iter[120/275] Loss: 0.042, Acc: 0.999, Base Lr: 2.29e-04
2026-06-05 12:14:37 transreid.train INFO: Epoch[77] Iter[140/275] Loss: 0.041, Acc: 0.999, Base Lr: 2.29e-04
2026-06-05 12:14:39 transreid.train INFO: Epoch[77] Iter[160/275] Loss: 0.041, Acc: 0.998, Base Lr: 2.29e-04
2026-06-05 12:14:41 transreid.train INFO: Epoch[77] Iter[180/275] Loss: 0.041, Acc: 0.999, Base Lr: 2.29e-04
2026-06-05 12:14:43 transreid.train INFO: Epoch[77] Iter[200/275] Loss: 0.040, Acc: 0.999, Base Lr: 2.29e-04
2026-06-05 12:14:45 transreid.train INFO: Epoch[77] Iter[220/275] Loss: 0.039, Acc: 0.999, Base Lr: 2.29e-04
2026-06-05 12:14:47 transreid.train INFO: Epoch[77] Iter[240/275] Loss: 0.039, Acc: 0.999, Base Lr: 2.29e-04
2026-06-05 12:14:49 transreid.train INFO: Epoch[77] Iter[260/275] Loss: 0.039, Acc: 0.998, Base Lr: 2.29e-04
2026-06-05 12:14:51 transreid.train INFO: Epoch 77 done. Time per epoch: 28.852[s] Speed: 607.8[samples/s]
2026-06-05 12:14:53 transreid.train INFO: Epoch[78] Iter[20/275] Loss: 0.049, Acc: 0.998, Base Lr: 2.20e-04
2026-06-05 12:14:55 transreid.train INFO: Epoch[78] Iter[40/275] Loss: 0.052, Acc: 0.998, Base Lr: 2.20e-04
2026-06-05 12:14:57 transreid.train INFO: Epoch[78] Iter[60/275] Loss: 0.046, Acc: 0.998, Base Lr: 2.20e-04
2026-06-05 12:14:59 transreid.train INFO: Epoch[78] Iter[80/275] Loss: 0.045, Acc: 0.998, Base Lr: 2.20e-04
2026-06-05 12:15:02 transreid.train INFO: Epoch[78] Iter[100/275] Loss: 0.043, Acc: 0.998, Base Lr: 2.20e-04
2026-06-05 12:15:04 transreid.train INFO: Epoch[78] Iter[120/275] Loss: 0.042, Acc: 0.999, Base Lr: 2.20e-04
2026-06-05 12:15:06 transreid.train INFO: Epoch[78] Iter[140/275] Loss: 0.042, Acc: 0.999, Base Lr: 2.20e-04
2026-06-05 12:15:08 transreid.train INFO: Epoch[78] Iter[160/275] Loss: 0.041, Acc: 0.999, Base Lr: 2.20e-04
2026-06-05 12:15:10 transreid.train INFO: Epoch[78] Iter[180/275] Loss: 0.041, Acc: 0.999, Base Lr: 2.20e-04
2026-06-05 12:15:12 transreid.train INFO: Epoch[78] Iter[200/275] Loss: 0.041, Acc: 0.999, Base Lr: 2.20e-04
2026-06-05 12:15:14 transreid.train INFO: Epoch[78] Iter[220/275] Loss: 0.041, Acc: 0.999, Base Lr: 2.20e-04
2026-06-05 12:15:16 transreid.train INFO: Epoch[78] Iter[240/275] Loss: 0.041, Acc: 0.999, Base Lr: 2.20e-04
2026-06-05 12:15:18 transreid.train INFO: Epoch[78] Iter[260/275] Loss: 0.040, Acc: 0.998, Base Lr: 2.20e-04
2026-06-05 12:15:20 transreid.train INFO: Epoch 78 done. Time per epoch: 28.870[s] Speed: 607.4[samples/s]
2026-06-05 12:15:22 transreid.train INFO: Epoch[79] Iter[20/275] Loss: 0.047, Acc: 1.000, Base Lr: 2.10e-04
2026-06-05 12:15:24 transreid.train INFO: Epoch[79] Iter[40/275] Loss: 0.045, Acc: 1.000, Base Lr: 2.10e-04
2026-06-05 12:15:26 transreid.train INFO: Epoch[79] Iter[60/275] Loss: 0.044, Acc: 1.000, Base Lr: 2.10e-04
2026-06-05 12:15:28 transreid.train INFO: Epoch[79] Iter[80/275] Loss: 0.044, Acc: 0.999, Base Lr: 2.10e-04
2026-06-05 12:15:30 transreid.train INFO: Epoch[79] Iter[100/275] Loss: 0.043, Acc: 0.999, Base Lr: 2.10e-04
2026-06-05 12:15:33 transreid.train INFO: Epoch[79] Iter[120/275] Loss: 0.042, Acc: 0.999, Base Lr: 2.10e-04
2026-06-05 12:15:35 transreid.train INFO: Epoch[79] Iter[140/275] Loss: 0.041, Acc: 0.999, Base Lr: 2.10e-04
2026-06-05 12:15:37 transreid.train INFO: Epoch[79] Iter[160/275] Loss: 0.041, Acc: 0.999, Base Lr: 2.10e-04
2026-06-05 12:15:39 transreid.train INFO: Epoch[79] Iter[180/275] Loss: 0.040, Acc: 0.999, Base Lr: 2.10e-04
2026-06-05 12:15:41 transreid.train INFO: Epoch[79] Iter[200/275] Loss: 0.040, Acc: 0.999, Base Lr: 2.10e-04
2026-06-05 12:15:43 transreid.train INFO: Epoch[79] Iter[220/275] Loss: 0.040, Acc: 0.999, Base Lr: 2.10e-04
2026-06-05 12:15:45 transreid.train INFO: Epoch[79] Iter[240/275] Loss: 0.040, Acc: 0.999, Base Lr: 2.10e-04
2026-06-05 12:15:47 transreid.train INFO: Epoch[79] Iter[260/275] Loss: 0.039, Acc: 0.999, Base Lr: 2.10e-04
2026-06-05 12:15:49 transreid.train INFO: Epoch 79 done. Time per epoch: 28.865[s] Speed: 607.5[samples/s]
2026-06-05 12:15:51 transreid.train INFO: Epoch[80] Iter[20/275] Loss: 0.057, Acc: 1.000, Base Lr: 2.01e-04
2026-06-05 12:15:53 transreid.train INFO: Epoch[80] Iter[40/275] Loss: 0.049, Acc: 1.000, Base Lr: 2.01e-04
2026-06-05 12:15:55 transreid.train INFO: Epoch[80] Iter[60/275] Loss: 0.048, Acc: 1.000, Base Lr: 2.01e-04
2026-06-05 12:15:57 transreid.train INFO: Epoch[80] Iter[80/275] Loss: 0.047, Acc: 0.999, Base Lr: 2.01e-04
2026-06-05 12:15:59 transreid.train INFO: Epoch[80] Iter[100/275] Loss: 0.044, Acc: 0.999, Base Lr: 2.01e-04
2026-06-05 12:16:01 transreid.train INFO: Epoch[80] Iter[120/275] Loss: 0.046, Acc: 0.999, Base Lr: 2.01e-04
2026-06-05 12:16:03 transreid.train INFO: Epoch[80] Iter[140/275] Loss: 0.045, Acc: 0.999, Base Lr: 2.01e-04
2026-06-05 12:16:06 transreid.train INFO: Epoch[80] Iter[160/275] Loss: 0.044, Acc: 0.999, Base Lr: 2.01e-04
2026-06-05 12:16:08 transreid.train INFO: Epoch[80] Iter[180/275] Loss: 0.043, Acc: 0.999, Base Lr: 2.01e-04
2026-06-05 12:16:10 transreid.train INFO: Epoch[80] Iter[200/275] Loss: 0.042, Acc: 0.999, Base Lr: 2.01e-04
2026-06-05 12:16:12 transreid.train INFO: Epoch[80] Iter[220/275] Loss: 0.041, Acc: 0.999, Base Lr: 2.01e-04
2026-06-05 12:16:14 transreid.train INFO: Epoch[80] Iter[240/275] Loss: 0.040, Acc: 0.999, Base Lr: 2.01e-04
2026-06-05 12:16:16 transreid.train INFO: Epoch[80] Iter[260/275] Loss: 0.040, Acc: 0.999, Base Lr: 2.01e-04
2026-06-05 12:16:17 transreid.train INFO: Epoch 80 done. Time per epoch: 28.757[s] Speed: 607.6[samples/s]
=> Computing MULTIHYP conservative DistMat (alpha=0.1)
2026-06-05 12:16:31 transreid.train INFO: Validation Results - Epoch: 80
2026-06-05 12:16:31 transreid.train INFO: mAP: 76.4%
2026-06-05 12:16:31 transreid.train INFO: CMC curve, Rank-1  :85.5%
2026-06-05 12:16:31 transreid.train INFO: CMC curve, Rank-5  :94.5%
2026-06-05 12:16:31 transreid.train INFO: CMC curve, Rank-10 :96.5%
2026-06-05 12:16:34 transreid.train INFO: Epoch[81] Iter[20/275] Loss: 0.050, Acc: 0.998, Base Lr: 1.92e-04
2026-06-05 12:16:36 transreid.train INFO: Epoch[81] Iter[40/275] Loss: 0.046, Acc: 0.998, Base Lr: 1.92e-04
2026-06-05 12:16:38 transreid.train INFO: Epoch[81] Iter[60/275] Loss: 0.045, Acc: 0.998, Base Lr: 1.92e-04
2026-06-05 12:16:40 transreid.train INFO: Epoch[81] Iter[80/275] Loss: 0.044, Acc: 0.999, Base Lr: 1.92e-04
2026-06-05 12:16:42 transreid.train INFO: Epoch[81] Iter[100/275] Loss: 0.042, Acc: 0.999, Base Lr: 1.92e-04
2026-06-05 12:16:44 transreid.train INFO: Epoch[81] Iter[120/275] Loss: 0.041, Acc: 0.999, Base Lr: 1.92e-04
2026-06-05 12:16:46 transreid.train INFO: Epoch[81] Iter[140/275] Loss: 0.040, Acc: 0.999, Base Lr: 1.92e-04
2026-06-05 12:16:48 transreid.train INFO: Epoch[81] Iter[160/275] Loss: 0.040, Acc: 0.999, Base Lr: 1.92e-04
2026-06-05 12:16:50 transreid.train INFO: Epoch[81] Iter[180/275] Loss: 0.039, Acc: 0.999, Base Lr: 1.92e-04
2026-06-05 12:16:53 transreid.train INFO: Epoch[81] Iter[200/275] Loss: 0.038, Acc: 0.999, Base Lr: 1.92e-04
2026-06-05 12:16:55 transreid.train INFO: Epoch[81] Iter[220/275] Loss: 0.037, Acc: 0.999, Base Lr: 1.92e-04
2026-06-05 12:16:57 transreid.train INFO: Epoch[81] Iter[240/275] Loss: 0.037, Acc: 0.999, Base Lr: 1.92e-04
2026-06-05 12:16:59 transreid.train INFO: Epoch[81] Iter[260/275] Loss: 0.037, Acc: 0.999, Base Lr: 1.92e-04
2026-06-05 12:17:00 transreid.train INFO: Epoch 81 done. Time per epoch: 28.886[s] Speed: 607.1[samples/s]
2026-06-05 12:17:03 transreid.train INFO: Epoch[82] Iter[20/275] Loss: 0.051, Acc: 0.998, Base Lr: 1.83e-04
2026-06-05 12:17:05 transreid.train INFO: Epoch[82] Iter[40/275] Loss: 0.046, Acc: 0.999, Base Lr: 1.83e-04
2026-06-05 12:17:07 transreid.train INFO: Epoch[82] Iter[60/275] Loss: 0.045, Acc: 0.999, Base Lr: 1.83e-04
2026-06-05 12:17:09 transreid.train INFO: Epoch[82] Iter[80/275] Loss: 0.045, Acc: 0.999, Base Lr: 1.83e-04
2026-06-05 12:17:11 transreid.train INFO: Epoch[82] Iter[100/275] Loss: 0.043, Acc: 0.998, Base Lr: 1.83e-04
2026-06-05 12:17:13 transreid.train INFO: Epoch[82] Iter[120/275] Loss: 0.044, Acc: 0.998, Base Lr: 1.83e-04
2026-06-05 12:17:15 transreid.train INFO: Epoch[82] Iter[140/275] Loss: 0.043, Acc: 0.998, Base Lr: 1.83e-04
2026-06-05 12:17:17 transreid.train INFO: Epoch[82] Iter[160/275] Loss: 0.041, Acc: 0.999, Base Lr: 1.83e-04
2026-06-05 12:17:19 transreid.train INFO: Epoch[82] Iter[180/275] Loss: 0.041, Acc: 0.999, Base Lr: 1.83e-04
2026-06-05 12:17:21 transreid.train INFO: Epoch[82] Iter[200/275] Loss: 0.040, Acc: 0.999, Base Lr: 1.83e-04
2026-06-05 12:17:24 transreid.train INFO: Epoch[82] Iter[220/275] Loss: 0.039, Acc: 0.999, Base Lr: 1.83e-04
2026-06-05 12:17:26 transreid.train INFO: Epoch[82] Iter[240/275] Loss: 0.038, Acc: 0.999, Base Lr: 1.83e-04
2026-06-05 12:17:28 transreid.train INFO: Epoch[82] Iter[260/275] Loss: 0.038, Acc: 0.999, Base Lr: 1.83e-04
2026-06-05 12:17:29 transreid.train INFO: Epoch 82 done. Time per epoch: 28.877[s] Speed: 607.3[samples/s]
2026-06-05 12:17:31 transreid.train INFO: Epoch[83] Iter[20/275] Loss: 0.049, Acc: 0.998, Base Lr: 1.75e-04
2026-06-05 12:17:34 transreid.train INFO: Epoch[83] Iter[40/275] Loss: 0.045, Acc: 0.998, Base Lr: 1.75e-04
2026-06-05 12:17:36 transreid.train INFO: Epoch[83] Iter[60/275] Loss: 0.047, Acc: 0.999, Base Lr: 1.75e-04
2026-06-05 12:17:38 transreid.train INFO: Epoch[83] Iter[80/275] Loss: 0.044, Acc: 0.999, Base Lr: 1.75e-04
2026-06-05 12:17:40 transreid.train INFO: Epoch[83] Iter[100/275] Loss: 0.042, Acc: 0.999, Base Lr: 1.75e-04
2026-06-05 12:17:42 transreid.train INFO: Epoch[83] Iter[120/275] Loss: 0.042, Acc: 0.999, Base Lr: 1.75e-04
2026-06-05 12:17:44 transreid.train INFO: Epoch[83] Iter[140/275] Loss: 0.041, Acc: 0.999, Base Lr: 1.75e-04
2026-06-05 12:17:46 transreid.train INFO: Epoch[83] Iter[160/275] Loss: 0.040, Acc: 0.999, Base Lr: 1.75e-04
2026-06-05 12:17:48 transreid.train INFO: Epoch[83] Iter[180/275] Loss: 0.041, Acc: 0.999, Base Lr: 1.75e-04
2026-06-05 12:17:50 transreid.train INFO: Epoch[83] Iter[200/275] Loss: 0.041, Acc: 0.999, Base Lr: 1.75e-04
2026-06-05 12:17:52 transreid.train INFO: Epoch[83] Iter[220/275] Loss: 0.041, Acc: 0.999, Base Lr: 1.75e-04
2026-06-05 12:17:54 transreid.train INFO: Epoch[83] Iter[240/275] Loss: 0.040, Acc: 0.999, Base Lr: 1.75e-04
2026-06-05 12:17:57 transreid.train INFO: Epoch[83] Iter[260/275] Loss: 0.040, Acc: 0.999, Base Lr: 1.75e-04
2026-06-05 12:17:58 transreid.train INFO: Epoch 83 done. Time per epoch: 28.771[s] Speed: 607.3[samples/s]
2026-06-05 12:18:00 transreid.train INFO: Epoch[84] Iter[20/275] Loss: 0.048, Acc: 0.998, Base Lr: 1.66e-04
2026-06-05 12:18:02 transreid.train INFO: Epoch[84] Iter[40/275] Loss: 0.045, Acc: 0.998, Base Lr: 1.66e-04
2026-06-05 12:18:04 transreid.train INFO: Epoch[84] Iter[60/275] Loss: 0.044, Acc: 0.999, Base Lr: 1.66e-04
2026-06-05 12:18:07 transreid.train INFO: Epoch[84] Iter[80/275] Loss: 0.043, Acc: 0.999, Base Lr: 1.66e-04
2026-06-05 12:18:09 transreid.train INFO: Epoch[84] Iter[100/275] Loss: 0.042, Acc: 0.999, Base Lr: 1.66e-04
2026-06-05 12:18:11 transreid.train INFO: Epoch[84] Iter[120/275] Loss: 0.043, Acc: 0.999, Base Lr: 1.66e-04
2026-06-05 12:18:13 transreid.train INFO: Epoch[84] Iter[140/275] Loss: 0.042, Acc: 0.999, Base Lr: 1.66e-04
2026-06-05 12:18:15 transreid.train INFO: Epoch[84] Iter[160/275] Loss: 0.041, Acc: 0.999, Base Lr: 1.66e-04
2026-06-05 12:18:17 transreid.train INFO: Epoch[84] Iter[180/275] Loss: 0.040, Acc: 0.999, Base Lr: 1.66e-04
2026-06-05 12:18:19 transreid.train INFO: Epoch[84] Iter[200/275] Loss: 0.040, Acc: 0.999, Base Lr: 1.66e-04
2026-06-05 12:18:21 transreid.train INFO: Epoch[84] Iter[220/275] Loss: 0.039, Acc: 0.999, Base Lr: 1.66e-04
2026-06-05 12:18:23 transreid.train INFO: Epoch[84] Iter[240/275] Loss: 0.039, Acc: 0.999, Base Lr: 1.66e-04
2026-06-05 12:18:25 transreid.train INFO: Epoch[84] Iter[260/275] Loss: 0.039, Acc: 0.999, Base Lr: 1.66e-04
2026-06-05 12:18:27 transreid.train INFO: Epoch 84 done. Time per epoch: 28.859[s] Speed: 607.6[samples/s]
2026-06-05 12:18:29 transreid.train INFO: Epoch[85] Iter[20/275] Loss: 0.045, Acc: 0.998, Base Lr: 1.58e-04
2026-06-05 12:18:31 transreid.train INFO: Epoch[85] Iter[40/275] Loss: 0.044, Acc: 0.999, Base Lr: 1.58e-04
2026-06-05 12:18:33 transreid.train INFO: Epoch[85] Iter[60/275] Loss: 0.048, Acc: 0.998, Base Lr: 1.58e-04
2026-06-05 12:18:35 transreid.train INFO: Epoch[85] Iter[80/275] Loss: 0.047, Acc: 0.999, Base Lr: 1.58e-04
2026-06-05 12:18:37 transreid.train INFO: Epoch[85] Iter[100/275] Loss: 0.045, Acc: 0.999, Base Lr: 1.58e-04
2026-06-05 12:18:40 transreid.train INFO: Epoch[85] Iter[120/275] Loss: 0.043, Acc: 0.999, Base Lr: 1.58e-04
2026-06-05 12:18:42 transreid.train INFO: Epoch[85] Iter[140/275] Loss: 0.042, Acc: 0.999, Base Lr: 1.58e-04
2026-06-05 12:18:44 transreid.train INFO: Epoch[85] Iter[160/275] Loss: 0.041, Acc: 0.999, Base Lr: 1.58e-04
2026-06-05 12:18:46 transreid.train INFO: Epoch[85] Iter[180/275] Loss: 0.040, Acc: 0.999, Base Lr: 1.58e-04
2026-06-05 12:18:48 transreid.train INFO: Epoch[85] Iter[200/275] Loss: 0.040, Acc: 0.999, Base Lr: 1.58e-04
2026-06-05 12:18:50 transreid.train INFO: Epoch[85] Iter[220/275] Loss: 0.040, Acc: 0.999, Base Lr: 1.58e-04
2026-06-05 12:18:52 transreid.train INFO: Epoch[85] Iter[240/275] Loss: 0.039, Acc: 0.999, Base Lr: 1.58e-04
2026-06-05 12:18:54 transreid.train INFO: Epoch[85] Iter[260/275] Loss: 0.039, Acc: 0.999, Base Lr: 1.58e-04
2026-06-05 12:18:56 transreid.train INFO: Epoch 85 done. Time per epoch: 28.771[s] Speed: 607.3[samples/s]
2026-06-05 12:18:58 transreid.train INFO: Epoch[86] Iter[20/275] Loss: 0.041, Acc: 0.998, Base Lr: 1.50e-04
2026-06-05 12:19:00 transreid.train INFO: Epoch[86] Iter[40/275] Loss: 0.043, Acc: 0.998, Base Lr: 1.50e-04
2026-06-05 12:19:02 transreid.train INFO: Epoch[86] Iter[60/275] Loss: 0.041, Acc: 0.999, Base Lr: 1.50e-04
2026-06-05 12:19:04 transreid.train INFO: Epoch[86] Iter[80/275] Loss: 0.041, Acc: 0.999, Base Lr: 1.50e-04
2026-06-05 12:19:06 transreid.train INFO: Epoch[86] Iter[100/275] Loss: 0.040, Acc: 0.999, Base Lr: 1.50e-04
2026-06-05 12:19:08 transreid.train INFO: Epoch[86] Iter[120/275] Loss: 0.040, Acc: 0.999, Base Lr: 1.50e-04
2026-06-05 12:19:10 transreid.train INFO: Epoch[86] Iter[140/275] Loss: 0.039, Acc: 0.999, Base Lr: 1.50e-04
2026-06-05 12:19:13 transreid.train INFO: Epoch[86] Iter[160/275] Loss: 0.038, Acc: 0.999, Base Lr: 1.50e-04
2026-06-05 12:19:15 transreid.train INFO: Epoch[86] Iter[180/275] Loss: 0.038, Acc: 0.999, Base Lr: 1.50e-04
2026-06-05 12:19:17 transreid.train INFO: Epoch[86] Iter[200/275] Loss: 0.038, Acc: 0.999, Base Lr: 1.50e-04
2026-06-05 12:19:19 transreid.train INFO: Epoch[86] Iter[220/275] Loss: 0.038, Acc: 0.999, Base Lr: 1.50e-04
2026-06-05 12:19:21 transreid.train INFO: Epoch[86] Iter[240/275] Loss: 0.037, Acc: 0.999, Base Lr: 1.50e-04
2026-06-05 12:19:23 transreid.train INFO: Epoch[86] Iter[260/275] Loss: 0.037, Acc: 0.999, Base Lr: 1.50e-04
2026-06-05 12:19:24 transreid.train INFO: Epoch 86 done. Time per epoch: 28.861[s] Speed: 607.6[samples/s]
2026-06-05 12:19:27 transreid.train INFO: Epoch[87] Iter[20/275] Loss: 0.048, Acc: 1.000, Base Lr: 1.42e-04
2026-06-05 12:19:29 transreid.train INFO: Epoch[87] Iter[40/275] Loss: 0.043, Acc: 1.000, Base Lr: 1.42e-04
2026-06-05 12:19:31 transreid.train INFO: Epoch[87] Iter[60/275] Loss: 0.045, Acc: 0.999, Base Lr: 1.42e-04
2026-06-05 12:19:33 transreid.train INFO: Epoch[87] Iter[80/275] Loss: 0.044, Acc: 0.999, Base Lr: 1.42e-04
2026-06-05 12:19:35 transreid.train INFO: Epoch[87] Iter[100/275] Loss: 0.042, Acc: 0.999, Base Lr: 1.42e-04
2026-06-05 12:19:37 transreid.train INFO: Epoch[87] Iter[120/275] Loss: 0.041, Acc: 0.999, Base Lr: 1.42e-04
2026-06-05 12:19:39 transreid.train INFO: Epoch[87] Iter[140/275] Loss: 0.040, Acc: 0.999, Base Lr: 1.42e-04
2026-06-05 12:19:41 transreid.train INFO: Epoch[87] Iter[160/275] Loss: 0.040, Acc: 0.999, Base Lr: 1.42e-04
2026-06-05 12:19:43 transreid.train INFO: Epoch[87] Iter[180/275] Loss: 0.039, Acc: 0.999, Base Lr: 1.42e-04
2026-06-05 12:19:46 transreid.train INFO: Epoch[87] Iter[200/275] Loss: 0.038, Acc: 0.999, Base Lr: 1.42e-04
2026-06-05 12:19:48 transreid.train INFO: Epoch[87] Iter[220/275] Loss: 0.037, Acc: 0.999, Base Lr: 1.42e-04
2026-06-05 12:19:50 transreid.train INFO: Epoch[87] Iter[240/275] Loss: 0.037, Acc: 0.999, Base Lr: 1.42e-04
2026-06-05 12:19:52 transreid.train INFO: Epoch[87] Iter[260/275] Loss: 0.037, Acc: 0.999, Base Lr: 1.42e-04
2026-06-05 12:19:53 transreid.train INFO: Epoch 87 done. Time per epoch: 28.742[s] Speed: 607.9[samples/s]
2026-06-05 12:19:55 transreid.train INFO: Epoch[88] Iter[20/275] Loss: 0.044, Acc: 0.998, Base Lr: 1.34e-04
2026-06-05 12:19:58 transreid.train INFO: Epoch[88] Iter[40/275] Loss: 0.043, Acc: 0.999, Base Lr: 1.34e-04
2026-06-05 12:20:00 transreid.train INFO: Epoch[88] Iter[60/275] Loss: 0.042, Acc: 0.999, Base Lr: 1.34e-04
2026-06-05 12:20:02 transreid.train INFO: Epoch[88] Iter[80/275] Loss: 0.041, Acc: 0.999, Base Lr: 1.34e-04
2026-06-05 12:20:04 transreid.train INFO: Epoch[88] Iter[100/275] Loss: 0.040, Acc: 0.999, Base Lr: 1.34e-04
2026-06-05 12:20:06 transreid.train INFO: Epoch[88] Iter[120/275] Loss: 0.039, Acc: 0.999, Base Lr: 1.34e-04
2026-06-05 12:20:08 transreid.train INFO: Epoch[88] Iter[140/275] Loss: 0.038, Acc: 0.999, Base Lr: 1.34e-04
2026-06-05 12:20:10 transreid.train INFO: Epoch[88] Iter[160/275] Loss: 0.038, Acc: 0.999, Base Lr: 1.34e-04
2026-06-05 12:20:12 transreid.train INFO: Epoch[88] Iter[180/275] Loss: 0.038, Acc: 0.999, Base Lr: 1.34e-04
2026-06-05 12:20:14 transreid.train INFO: Epoch[88] Iter[200/275] Loss: 0.038, Acc: 0.999, Base Lr: 1.34e-04
2026-06-05 12:20:16 transreid.train INFO: Epoch[88] Iter[220/275] Loss: 0.037, Acc: 0.999, Base Lr: 1.34e-04
2026-06-05 12:20:18 transreid.train INFO: Epoch[88] Iter[240/275] Loss: 0.037, Acc: 0.999, Base Lr: 1.34e-04
2026-06-05 12:20:21 transreid.train INFO: Epoch[88] Iter[260/275] Loss: 0.037, Acc: 0.999, Base Lr: 1.34e-04
2026-06-05 12:20:22 transreid.train INFO: Epoch 88 done. Time per epoch: 28.877[s] Speed: 607.3[samples/s]
2026-06-05 12:20:24 transreid.train INFO: Epoch[89] Iter[20/275] Loss: 0.044, Acc: 1.000, Base Lr: 1.26e-04
2026-06-05 12:20:26 transreid.train INFO: Epoch[89] Iter[40/275] Loss: 0.041, Acc: 1.000, Base Lr: 1.26e-04
2026-06-05 12:20:29 transreid.train INFO: Epoch[89] Iter[60/275] Loss: 0.041, Acc: 1.000, Base Lr: 1.26e-04
2026-06-05 12:20:31 transreid.train INFO: Epoch[89] Iter[80/275] Loss: 0.041, Acc: 1.000, Base Lr: 1.26e-04
2026-06-05 12:20:33 transreid.train INFO: Epoch[89] Iter[100/275] Loss: 0.039, Acc: 1.000, Base Lr: 1.26e-04
2026-06-05 12:20:35 transreid.train INFO: Epoch[89] Iter[120/275] Loss: 0.039, Acc: 1.000, Base Lr: 1.26e-04
2026-06-05 12:20:37 transreid.train INFO: Epoch[89] Iter[140/275] Loss: 0.038, Acc: 1.000, Base Lr: 1.26e-04
2026-06-05 12:20:39 transreid.train INFO: Epoch[89] Iter[160/275] Loss: 0.038, Acc: 1.000, Base Lr: 1.26e-04
2026-06-05 12:20:41 transreid.train INFO: Epoch[89] Iter[180/275] Loss: 0.037, Acc: 1.000, Base Lr: 1.26e-04
2026-06-05 12:20:43 transreid.train INFO: Epoch[89] Iter[200/275] Loss: 0.037, Acc: 1.000, Base Lr: 1.26e-04
2026-06-05 12:20:45 transreid.train INFO: Epoch[89] Iter[220/275] Loss: 0.036, Acc: 1.000, Base Lr: 1.26e-04
2026-06-05 12:20:47 transreid.train INFO: Epoch[89] Iter[240/275] Loss: 0.036, Acc: 1.000, Base Lr: 1.26e-04
2026-06-05 12:20:49 transreid.train INFO: Epoch[89] Iter[260/275] Loss: 0.036, Acc: 0.999, Base Lr: 1.26e-04
2026-06-05 12:20:51 transreid.train INFO: Epoch 89 done. Time per epoch: 28.769[s] Speed: 607.3[samples/s]
2026-06-05 12:20:53 transreid.train INFO: Epoch[90] Iter[20/275] Loss: 0.045, Acc: 0.998, Base Lr: 1.19e-04
2026-06-05 12:20:55 transreid.train INFO: Epoch[90] Iter[40/275] Loss: 0.043, Acc: 0.998, Base Lr: 1.19e-04
2026-06-05 12:20:57 transreid.train INFO: Epoch[90] Iter[60/275] Loss: 0.043, Acc: 0.999, Base Lr: 1.19e-04
2026-06-05 12:20:59 transreid.train INFO: Epoch[90] Iter[80/275] Loss: 0.042, Acc: 0.999, Base Lr: 1.19e-04
2026-06-05 12:21:02 transreid.train INFO: Epoch[90] Iter[100/275] Loss: 0.040, Acc: 0.999, Base Lr: 1.19e-04
2026-06-05 12:21:04 transreid.train INFO: Epoch[90] Iter[120/275] Loss: 0.039, Acc: 0.999, Base Lr: 1.19e-04
2026-06-05 12:21:06 transreid.train INFO: Epoch[90] Iter[140/275] Loss: 0.038, Acc: 0.999, Base Lr: 1.19e-04
2026-06-05 12:21:08 transreid.train INFO: Epoch[90] Iter[160/275] Loss: 0.037, Acc: 0.999, Base Lr: 1.19e-04
2026-06-05 12:21:10 transreid.train INFO: Epoch[90] Iter[180/275] Loss: 0.037, Acc: 0.999, Base Lr: 1.19e-04
2026-06-05 12:21:12 transreid.train INFO: Epoch[90] Iter[200/275] Loss: 0.037, Acc: 0.999, Base Lr: 1.19e-04
2026-06-05 12:21:14 transreid.train INFO: Epoch[90] Iter[220/275] Loss: 0.037, Acc: 0.999, Base Lr: 1.19e-04
2026-06-05 12:21:16 transreid.train INFO: Epoch[90] Iter[240/275] Loss: 0.037, Acc: 0.999, Base Lr: 1.19e-04
2026-06-05 12:21:18 transreid.train INFO: Epoch[90] Iter[260/275] Loss: 0.037, Acc: 0.998, Base Lr: 1.19e-04
2026-06-05 12:21:20 transreid.train INFO: Epoch 90 done. Time per epoch: 28.876[s] Speed: 607.3[samples/s]
2026-06-05 12:21:22 transreid.train INFO: Epoch[91] Iter[20/275] Loss: 0.044, Acc: 0.998, Base Lr: 1.11e-04
2026-06-05 12:21:24 transreid.train INFO: Epoch[91] Iter[40/275] Loss: 0.040, Acc: 0.999, Base Lr: 1.11e-04
2026-06-05 12:21:26 transreid.train INFO: Epoch[91] Iter[60/275] Loss: 0.039, Acc: 0.999, Base Lr: 1.11e-04
2026-06-05 12:21:28 transreid.train INFO: Epoch[91] Iter[80/275] Loss: 0.039, Acc: 0.999, Base Lr: 1.11e-04
2026-06-05 12:21:30 transreid.train INFO: Epoch[91] Iter[100/275] Loss: 0.038, Acc: 0.999, Base Lr: 1.11e-04
2026-06-05 12:21:32 transreid.train INFO: Epoch[91] Iter[120/275] Loss: 0.038, Acc: 0.999, Base Lr: 1.11e-04
2026-06-05 12:21:35 transreid.train INFO: Epoch[91] Iter[140/275] Loss: 0.037, Acc: 0.999, Base Lr: 1.11e-04
2026-06-05 12:21:37 transreid.train INFO: Epoch[91] Iter[160/275] Loss: 0.037, Acc: 0.999, Base Lr: 1.11e-04
2026-06-05 12:21:39 transreid.train INFO: Epoch[91] Iter[180/275] Loss: 0.038, Acc: 0.999, Base Lr: 1.11e-04
2026-06-05 12:21:41 transreid.train INFO: Epoch[91] Iter[200/275] Loss: 0.037, Acc: 0.999, Base Lr: 1.11e-04
2026-06-05 12:21:43 transreid.train INFO: Epoch[91] Iter[220/275] Loss: 0.038, Acc: 0.999, Base Lr: 1.11e-04
2026-06-05 12:21:45 transreid.train INFO: Epoch[91] Iter[240/275] Loss: 0.038, Acc: 0.999, Base Lr: 1.11e-04
2026-06-05 12:21:47 transreid.train INFO: Epoch[91] Iter[260/275] Loss: 0.037, Acc: 0.999, Base Lr: 1.11e-04
2026-06-05 12:21:48 transreid.train INFO: Epoch 91 done. Time per epoch: 28.755[s] Speed: 607.6[samples/s]
2026-06-05 12:21:51 transreid.train INFO: Epoch[92] Iter[20/275] Loss: 0.042, Acc: 0.999, Base Lr: 1.04e-04
2026-06-05 12:21:53 transreid.train INFO: Epoch[92] Iter[40/275] Loss: 0.042, Acc: 0.999, Base Lr: 1.04e-04
2026-06-05 12:21:55 transreid.train INFO: Epoch[92] Iter[60/275] Loss: 0.040, Acc: 0.999, Base Lr: 1.04e-04
2026-06-05 12:21:57 transreid.train INFO: Epoch[92] Iter[80/275] Loss: 0.040, Acc: 0.999, Base Lr: 1.04e-04
2026-06-05 12:21:59 transreid.train INFO: Epoch[92] Iter[100/275] Loss: 0.039, Acc: 0.999, Base Lr: 1.04e-04
2026-06-05 12:22:01 transreid.train INFO: Epoch[92] Iter[120/275] Loss: 0.039, Acc: 0.999, Base Lr: 1.04e-04
2026-06-05 12:22:03 transreid.train INFO: Epoch[92] Iter[140/275] Loss: 0.039, Acc: 0.999, Base Lr: 1.04e-04
2026-06-05 12:22:05 transreid.train INFO: Epoch[92] Iter[160/275] Loss: 0.038, Acc: 0.999, Base Lr: 1.04e-04
2026-06-05 12:22:08 transreid.train INFO: Epoch[92] Iter[180/275] Loss: 0.037, Acc: 0.999, Base Lr: 1.04e-04
2026-06-05 12:22:10 transreid.train INFO: Epoch[92] Iter[200/275] Loss: 0.036, Acc: 0.999, Base Lr: 1.04e-04
2026-06-05 12:22:12 transreid.train INFO: Epoch[92] Iter[220/275] Loss: 0.036, Acc: 0.999, Base Lr: 1.04e-04
2026-06-05 12:22:14 transreid.train INFO: Epoch[92] Iter[240/275] Loss: 0.036, Acc: 0.999, Base Lr: 1.04e-04
2026-06-05 12:22:16 transreid.train INFO: Epoch[92] Iter[260/275] Loss: 0.035, Acc: 0.999, Base Lr: 1.04e-04
2026-06-05 12:22:17 transreid.train INFO: Epoch 92 done. Time per epoch: 28.877[s] Speed: 607.3[samples/s]
2026-06-05 12:22:20 transreid.train INFO: Epoch[93] Iter[20/275] Loss: 0.043, Acc: 1.000, Base Lr: 9.72e-05
2026-06-05 12:22:22 transreid.train INFO: Epoch[93] Iter[40/275] Loss: 0.042, Acc: 1.000, Base Lr: 9.72e-05
2026-06-05 12:22:24 transreid.train INFO: Epoch[93] Iter[60/275] Loss: 0.041, Acc: 0.999, Base Lr: 9.72e-05
2026-06-05 12:22:26 transreid.train INFO: Epoch[93] Iter[80/275] Loss: 0.041, Acc: 1.000, Base Lr: 9.72e-05
2026-06-05 12:22:28 transreid.train INFO: Epoch[93] Iter[100/275] Loss: 0.039, Acc: 1.000, Base Lr: 9.72e-05
2026-06-05 12:22:30 transreid.train INFO: Epoch[93] Iter[120/275] Loss: 0.039, Acc: 1.000, Base Lr: 9.72e-05
2026-06-05 12:22:32 transreid.train INFO: Epoch[93] Iter[140/275] Loss: 0.039, Acc: 0.999, Base Lr: 9.72e-05
2026-06-05 12:22:34 transreid.train INFO: Epoch[93] Iter[160/275] Loss: 0.039, Acc: 0.999, Base Lr: 9.72e-05
2026-06-05 12:22:36 transreid.train INFO: Epoch[93] Iter[180/275] Loss: 0.041, Acc: 0.999, Base Lr: 9.72e-05
2026-06-05 12:22:38 transreid.train INFO: Epoch[93] Iter[200/275] Loss: 0.041, Acc: 0.999, Base Lr: 9.72e-05
2026-06-05 12:22:41 transreid.train INFO: Epoch[93] Iter[220/275] Loss: 0.040, Acc: 0.999, Base Lr: 9.72e-05
2026-06-05 12:22:43 transreid.train INFO: Epoch[93] Iter[240/275] Loss: 0.039, Acc: 0.999, Base Lr: 9.72e-05
2026-06-05 12:22:45 transreid.train INFO: Epoch[93] Iter[260/275] Loss: 0.039, Acc: 0.999, Base Lr: 9.72e-05
2026-06-05 12:22:46 transreid.train INFO: Epoch 93 done. Time per epoch: 28.755[s] Speed: 607.6[samples/s]
2026-06-05 12:22:48 transreid.train INFO: Epoch[94] Iter[20/275] Loss: 0.042, Acc: 0.999, Base Lr: 9.06e-05
2026-06-05 12:22:51 transreid.train INFO: Epoch[94] Iter[40/275] Loss: 0.043, Acc: 0.999, Base Lr: 9.06e-05
2026-06-05 12:22:53 transreid.train INFO: Epoch[94] Iter[60/275] Loss: 0.042, Acc: 0.999, Base Lr: 9.06e-05
2026-06-05 12:22:55 transreid.train INFO: Epoch[94] Iter[80/275] Loss: 0.042, Acc: 0.999, Base Lr: 9.06e-05
2026-06-05 12:22:57 transreid.train INFO: Epoch[94] Iter[100/275] Loss: 0.040, Acc: 0.999, Base Lr: 9.06e-05
2026-06-05 12:22:59 transreid.train INFO: Epoch[94] Iter[120/275] Loss: 0.039, Acc: 0.999, Base Lr: 9.06e-05
2026-06-05 12:23:01 transreid.train INFO: Epoch[94] Iter[140/275] Loss: 0.039, Acc: 0.999, Base Lr: 9.06e-05
2026-06-05 12:23:03 transreid.train INFO: Epoch[94] Iter[160/275] Loss: 0.038, Acc: 0.999, Base Lr: 9.06e-05
2026-06-05 12:23:05 transreid.train INFO: Epoch[94] Iter[180/275] Loss: 0.038, Acc: 0.999, Base Lr: 9.06e-05
2026-06-05 12:23:07 transreid.train INFO: Epoch[94] Iter[200/275] Loss: 0.038, Acc: 0.999, Base Lr: 9.06e-05
2026-06-05 12:23:09 transreid.train INFO: Epoch[94] Iter[220/275] Loss: 0.037, Acc: 0.999, Base Lr: 9.06e-05
2026-06-05 12:23:11 transreid.train INFO: Epoch[94] Iter[240/275] Loss: 0.036, Acc: 0.999, Base Lr: 9.06e-05
2026-06-05 12:23:14 transreid.train INFO: Epoch[94] Iter[260/275] Loss: 0.036, Acc: 0.999, Base Lr: 9.06e-05
2026-06-05 12:23:15 transreid.train INFO: Epoch 94 done. Time per epoch: 28.794[s] Speed: 606.8[samples/s]
2026-06-05 12:23:17 transreid.train INFO: Epoch[95] Iter[20/275] Loss: 0.044, Acc: 0.999, Base Lr: 8.41e-05
2026-06-05 12:23:19 transreid.train INFO: Epoch[95] Iter[40/275] Loss: 0.041, Acc: 0.998, Base Lr: 8.41e-05
2026-06-05 12:23:21 transreid.train INFO: Epoch[95] Iter[60/275] Loss: 0.041, Acc: 0.998, Base Lr: 8.41e-05
2026-06-05 12:23:23 transreid.train INFO: Epoch[95] Iter[80/275] Loss: 0.039, Acc: 0.998, Base Lr: 8.41e-05
2026-06-05 12:23:26 transreid.train INFO: Epoch[95] Iter[100/275] Loss: 0.039, Acc: 0.998, Base Lr: 8.41e-05
2026-06-05 12:23:28 transreid.train INFO: Epoch[95] Iter[120/275] Loss: 0.037, Acc: 0.998, Base Lr: 8.41e-05
2026-06-05 12:23:30 transreid.train INFO: Epoch[95] Iter[140/275] Loss: 0.037, Acc: 0.998, Base Lr: 8.41e-05
2026-06-05 12:23:32 transreid.train INFO: Epoch[95] Iter[160/275] Loss: 0.041, Acc: 0.998, Base Lr: 8.41e-05
2026-06-05 12:23:34 transreid.train INFO: Epoch[95] Iter[180/275] Loss: 0.040, Acc: 0.998, Base Lr: 8.41e-05
2026-06-05 12:23:36 transreid.train INFO: Epoch[95] Iter[200/275] Loss: 0.040, Acc: 0.998, Base Lr: 8.41e-05
2026-06-05 12:23:38 transreid.train INFO: Epoch[95] Iter[220/275] Loss: 0.040, Acc: 0.998, Base Lr: 8.41e-05
2026-06-05 12:23:40 transreid.train INFO: Epoch[95] Iter[240/275] Loss: 0.039, Acc: 0.998, Base Lr: 8.41e-05
2026-06-05 12:23:42 transreid.train INFO: Epoch[95] Iter[260/275] Loss: 0.038, Acc: 0.999, Base Lr: 8.41e-05
2026-06-05 12:23:44 transreid.train INFO: Epoch 95 done. Time per epoch: 28.874[s] Speed: 607.3[samples/s]
2026-06-05 12:23:46 transreid.train INFO: Epoch[96] Iter[20/275] Loss: 0.050, Acc: 0.998, Base Lr: 7.78e-05
2026-06-05 12:23:48 transreid.train INFO: Epoch[96] Iter[40/275] Loss: 0.046, Acc: 0.999, Base Lr: 7.78e-05
2026-06-05 12:23:50 transreid.train INFO: Epoch[96] Iter[60/275] Loss: 0.042, Acc: 0.999, Base Lr: 7.78e-05
2026-06-05 12:23:52 transreid.train INFO: Epoch[96] Iter[80/275] Loss: 0.042, Acc: 0.999, Base Lr: 7.78e-05
2026-06-05 12:23:54 transreid.train INFO: Epoch[96] Iter[100/275] Loss: 0.041, Acc: 1.000, Base Lr: 7.78e-05
2026-06-05 12:23:57 transreid.train INFO: Epoch[96] Iter[120/275] Loss: 0.040, Acc: 0.999, Base Lr: 7.78e-05
2026-06-05 12:23:59 transreid.train INFO: Epoch[96] Iter[140/275] Loss: 0.043, Acc: 0.999, Base Lr: 7.78e-05
2026-06-05 12:24:01 transreid.train INFO: Epoch[96] Iter[160/275] Loss: 0.041, Acc: 0.999, Base Lr: 7.78e-05
2026-06-05 12:24:03 transreid.train INFO: Epoch[96] Iter[180/275] Loss: 0.040, Acc: 0.999, Base Lr: 7.78e-05
2026-06-05 12:24:05 transreid.train INFO: Epoch[96] Iter[200/275] Loss: 0.039, Acc: 0.999, Base Lr: 7.78e-05
2026-06-05 12:24:07 transreid.train INFO: Epoch[96] Iter[220/275] Loss: 0.039, Acc: 0.999, Base Lr: 7.78e-05
2026-06-05 12:24:09 transreid.train INFO: Epoch[96] Iter[240/275] Loss: 0.038, Acc: 0.999, Base Lr: 7.78e-05
2026-06-05 12:24:11 transreid.train INFO: Epoch[96] Iter[260/275] Loss: 0.038, Acc: 0.999, Base Lr: 7.78e-05
2026-06-05 12:24:13 transreid.train INFO: Epoch 96 done. Time per epoch: 28.863[s] Speed: 607.6[samples/s]
2026-06-05 12:24:15 transreid.train INFO: Epoch[97] Iter[20/275] Loss: 0.046, Acc: 0.997, Base Lr: 7.18e-05
2026-06-05 12:24:17 transreid.train INFO: Epoch[97] Iter[40/275] Loss: 0.046, Acc: 0.997, Base Lr: 7.18e-05
2026-06-05 12:24:19 transreid.train INFO: Epoch[97] Iter[60/275] Loss: 0.046, Acc: 0.997, Base Lr: 7.18e-05
2026-06-05 12:24:21 transreid.train INFO: Epoch[97] Iter[80/275] Loss: 0.044, Acc: 0.997, Base Lr: 7.18e-05
2026-06-05 12:24:23 transreid.train INFO: Epoch[97] Iter[100/275] Loss: 0.044, Acc: 0.997, Base Lr: 7.18e-05
2026-06-05 12:24:25 transreid.train INFO: Epoch[97] Iter[120/275] Loss: 0.042, Acc: 0.998, Base Lr: 7.18e-05
2026-06-05 12:24:27 transreid.train INFO: Epoch[97] Iter[140/275] Loss: 0.042, Acc: 0.998, Base Lr: 7.18e-05
2026-06-05 12:24:30 transreid.train INFO: Epoch[97] Iter[160/275] Loss: 0.041, Acc: 0.998, Base Lr: 7.18e-05
2026-06-05 12:24:32 transreid.train INFO: Epoch[97] Iter[180/275] Loss: 0.040, Acc: 0.998, Base Lr: 7.18e-05
2026-06-05 12:24:34 transreid.train INFO: Epoch[97] Iter[200/275] Loss: 0.039, Acc: 0.998, Base Lr: 7.18e-05
2026-06-05 12:24:36 transreid.train INFO: Epoch[97] Iter[220/275] Loss: 0.039, Acc: 0.998, Base Lr: 7.18e-05
2026-06-05 12:24:38 transreid.train INFO: Epoch[97] Iter[240/275] Loss: 0.038, Acc: 0.998, Base Lr: 7.18e-05
2026-06-05 12:24:40 transreid.train INFO: Epoch[97] Iter[260/275] Loss: 0.037, Acc: 0.998, Base Lr: 7.18e-05
2026-06-05 12:24:42 transreid.train INFO: Epoch 97 done. Time per epoch: 28.884[s] Speed: 607.1[samples/s]
2026-06-05 12:24:44 transreid.train INFO: Epoch[98] Iter[20/275] Loss: 0.073, Acc: 0.999, Base Lr: 6.60e-05
2026-06-05 12:24:46 transreid.train INFO: Epoch[98] Iter[40/275] Loss: 0.055, Acc: 0.998, Base Lr: 6.60e-05
2026-06-05 12:24:48 transreid.train INFO: Epoch[98] Iter[60/275] Loss: 0.050, Acc: 0.998, Base Lr: 6.60e-05
2026-06-05 12:24:50 transreid.train INFO: Epoch[98] Iter[80/275] Loss: 0.046, Acc: 0.999, Base Lr: 6.60e-05
2026-06-05 12:24:52 transreid.train INFO: Epoch[98] Iter[100/275] Loss: 0.044, Acc: 0.999, Base Lr: 6.60e-05
2026-06-05 12:24:54 transreid.train INFO: Epoch[98] Iter[120/275] Loss: 0.043, Acc: 0.999, Base Lr: 6.60e-05
2026-06-05 12:24:56 transreid.train INFO: Epoch[98] Iter[140/275] Loss: 0.041, Acc: 0.999, Base Lr: 6.60e-05
2026-06-05 12:24:58 transreid.train INFO: Epoch[98] Iter[160/275] Loss: 0.040, Acc: 0.999, Base Lr: 6.60e-05
2026-06-05 12:25:01 transreid.train INFO: Epoch[98] Iter[180/275] Loss: 0.040, Acc: 0.999, Base Lr: 6.60e-05
2026-06-05 12:25:03 transreid.train INFO: Epoch[98] Iter[200/275] Loss: 0.039, Acc: 0.999, Base Lr: 6.60e-05
2026-06-05 12:25:05 transreid.train INFO: Epoch[98] Iter[220/275] Loss: 0.038, Acc: 0.999, Base Lr: 6.60e-05
2026-06-05 12:25:07 transreid.train INFO: Epoch[98] Iter[240/275] Loss: 0.037, Acc: 0.999, Base Lr: 6.60e-05
2026-06-05 12:25:09 transreid.train INFO: Epoch[98] Iter[260/275] Loss: 0.036, Acc: 0.999, Base Lr: 6.60e-05
2026-06-05 12:25:10 transreid.train INFO: Epoch 98 done. Time per epoch: 28.881[s] Speed: 607.2[samples/s]
2026-06-05 12:25:13 transreid.train INFO: Epoch[99] Iter[20/275] Loss: 0.043, Acc: 0.999, Base Lr: 6.04e-05
2026-06-05 12:25:15 transreid.train INFO: Epoch[99] Iter[40/275] Loss: 0.040, Acc: 0.999, Base Lr: 6.04e-05
2026-06-05 12:25:17 transreid.train INFO: Epoch[99] Iter[60/275] Loss: 0.039, Acc: 0.999, Base Lr: 6.04e-05
2026-06-05 12:25:19 transreid.train INFO: Epoch[99] Iter[80/275] Loss: 0.039, Acc: 0.999, Base Lr: 6.04e-05
2026-06-05 12:25:21 transreid.train INFO: Epoch[99] Iter[100/275] Loss: 0.038, Acc: 1.000, Base Lr: 6.04e-05
2026-06-05 12:25:23 transreid.train INFO: Epoch[99] Iter[120/275] Loss: 0.038, Acc: 0.999, Base Lr: 6.04e-05
2026-06-05 12:25:25 transreid.train INFO: Epoch[99] Iter[140/275] Loss: 0.037, Acc: 0.999, Base Lr: 6.04e-05
2026-06-05 12:25:27 transreid.train INFO: Epoch[99] Iter[160/275] Loss: 0.037, Acc: 0.999, Base Lr: 6.04e-05
2026-06-05 12:25:29 transreid.train INFO: Epoch[99] Iter[180/275] Loss: 0.037, Acc: 0.999, Base Lr: 6.04e-05
2026-06-05 12:25:32 transreid.train INFO: Epoch[99] Iter[200/275] Loss: 0.036, Acc: 0.999, Base Lr: 6.04e-05
2026-06-05 12:25:34 transreid.train INFO: Epoch[99] Iter[220/275] Loss: 0.036, Acc: 0.999, Base Lr: 6.04e-05
2026-06-05 12:25:36 transreid.train INFO: Epoch[99] Iter[240/275] Loss: 0.035, Acc: 0.999, Base Lr: 6.04e-05
2026-06-05 12:25:38 transreid.train INFO: Epoch[99] Iter[260/275] Loss: 0.035, Acc: 0.999, Base Lr: 6.04e-05
2026-06-05 12:25:39 transreid.train INFO: Epoch 99 done. Time per epoch: 28.868[s] Speed: 607.5[samples/s]
2026-06-05 12:25:42 transreid.train INFO: Epoch[100] Iter[20/275] Loss: 0.040, Acc: 1.000, Base Lr: 5.51e-05
2026-06-05 12:25:44 transreid.train INFO: Epoch[100] Iter[40/275] Loss: 0.042, Acc: 0.999, Base Lr: 5.51e-05
2026-06-05 12:25:46 transreid.train INFO: Epoch[100] Iter[60/275] Loss: 0.040, Acc: 0.999, Base Lr: 5.51e-05
2026-06-05 12:25:48 transreid.train INFO: Epoch[100] Iter[80/275] Loss: 0.039, Acc: 1.000, Base Lr: 5.51e-05
2026-06-05 12:25:50 transreid.train INFO: Epoch[100] Iter[100/275] Loss: 0.037, Acc: 1.000, Base Lr: 5.51e-05
2026-06-05 12:25:52 transreid.train INFO: Epoch[100] Iter[120/275] Loss: 0.036, Acc: 1.000, Base Lr: 5.51e-05
2026-06-05 12:25:54 transreid.train INFO: Epoch[100] Iter[140/275] Loss: 0.036, Acc: 0.999, Base Lr: 5.51e-05
2026-06-05 12:25:56 transreid.train INFO: Epoch[100] Iter[160/275] Loss: 0.035, Acc: 0.999, Base Lr: 5.51e-05
2026-06-05 12:25:58 transreid.train INFO: Epoch[100] Iter[180/275] Loss: 0.035, Acc: 0.999, Base Lr: 5.51e-05
2026-06-05 12:26:00 transreid.train INFO: Epoch[100] Iter[200/275] Loss: 0.035, Acc: 0.999, Base Lr: 5.51e-05
2026-06-05 12:26:02 transreid.train INFO: Epoch[100] Iter[220/275] Loss: 0.035, Acc: 0.999, Base Lr: 5.51e-05
2026-06-05 12:26:05 transreid.train INFO: Epoch[100] Iter[240/275] Loss: 0.034, Acc: 0.999, Base Lr: 5.51e-05
2026-06-05 12:26:07 transreid.train INFO: Epoch[100] Iter[260/275] Loss: 0.034, Acc: 0.999, Base Lr: 5.51e-05
2026-06-05 12:26:08 transreid.train INFO: Epoch 100 done. Time per epoch: 28.751[s] Speed: 607.7[samples/s]
=> Computing MULTIHYP conservative DistMat (alpha=0.1)
2026-06-05 12:26:22 transreid.train INFO: Validation Results - Epoch: 100
2026-06-05 12:26:22 transreid.train INFO: mAP: 76.4%
2026-06-05 12:26:22 transreid.train INFO: CMC curve, Rank-1  :85.3%
2026-06-05 12:26:22 transreid.train INFO: CMC curve, Rank-5  :94.7%
2026-06-05 12:26:22 transreid.train INFO: CMC curve, Rank-10 :96.6%
2026-06-05 12:26:24 transreid.train INFO: Epoch[101] Iter[20/275] Loss: 0.045, Acc: 0.999, Base Lr: 5.00e-05
2026-06-05 12:26:26 transreid.train INFO: Epoch[101] Iter[40/275] Loss: 0.042, Acc: 1.000, Base Lr: 5.00e-05
2026-06-05 12:26:29 transreid.train INFO: Epoch[101] Iter[60/275] Loss: 0.040, Acc: 0.999, Base Lr: 5.00e-05
2026-06-05 12:26:31 transreid.train INFO: Epoch[101] Iter[80/275] Loss: 0.038, Acc: 0.999, Base Lr: 5.00e-05
2026-06-05 12:26:33 transreid.train INFO: Epoch[101] Iter[100/275] Loss: 0.041, Acc: 0.999, Base Lr: 5.00e-05
2026-06-05 12:26:35 transreid.train INFO: Epoch[101] Iter[120/275] Loss: 0.040, Acc: 0.999, Base Lr: 5.00e-05
2026-06-05 12:26:37 transreid.train INFO: Epoch[101] Iter[140/275] Loss: 0.039, Acc: 0.999, Base Lr: 5.00e-05
2026-06-05 12:26:39 transreid.train INFO: Epoch[101] Iter[160/275] Loss: 0.038, Acc: 0.999, Base Lr: 5.00e-05
2026-06-05 12:26:41 transreid.train INFO: Epoch[101] Iter[180/275] Loss: 0.038, Acc: 0.999, Base Lr: 5.00e-05
2026-06-05 12:26:43 transreid.train INFO: Epoch[101] Iter[200/275] Loss: 0.037, Acc: 0.999, Base Lr: 5.00e-05
2026-06-05 12:26:45 transreid.train INFO: Epoch[101] Iter[220/275] Loss: 0.037, Acc: 0.999, Base Lr: 5.00e-05
2026-06-05 12:26:47 transreid.train INFO: Epoch[101] Iter[240/275] Loss: 0.036, Acc: 0.999, Base Lr: 5.00e-05
2026-06-05 12:26:49 transreid.train INFO: Epoch[101] Iter[260/275] Loss: 0.035, Acc: 0.999, Base Lr: 5.00e-05
2026-06-05 12:26:51 transreid.train INFO: Epoch 101 done. Time per epoch: 28.779[s] Speed: 607.1[samples/s]
2026-06-05 12:26:53 transreid.train INFO: Epoch[102] Iter[20/275] Loss: 0.048, Acc: 0.998, Base Lr: 4.51e-05
2026-06-05 12:26:55 transreid.train INFO: Epoch[102] Iter[40/275] Loss: 0.044, Acc: 0.999, Base Lr: 4.51e-05
2026-06-05 12:26:57 transreid.train INFO: Epoch[102] Iter[60/275] Loss: 0.042, Acc: 0.999, Base Lr: 4.51e-05
2026-06-05 12:26:59 transreid.train INFO: Epoch[102] Iter[80/275] Loss: 0.041, Acc: 0.999, Base Lr: 4.51e-05
2026-06-05 12:27:01 transreid.train INFO: Epoch[102] Iter[100/275] Loss: 0.040, Acc: 0.999, Base Lr: 4.51e-05
2026-06-05 12:27:04 transreid.train INFO: Epoch[102] Iter[120/275] Loss: 0.039, Acc: 0.999, Base Lr: 4.51e-05
2026-06-05 12:27:06 transreid.train INFO: Epoch[102] Iter[140/275] Loss: 0.038, Acc: 0.999, Base Lr: 4.51e-05
2026-06-05 12:27:08 transreid.train INFO: Epoch[102] Iter[160/275] Loss: 0.037, Acc: 0.999, Base Lr: 4.51e-05
2026-06-05 12:27:10 transreid.train INFO: Epoch[102] Iter[180/275] Loss: 0.037, Acc: 0.999, Base Lr: 4.51e-05
2026-06-05 12:27:12 transreid.train INFO: Epoch[102] Iter[200/275] Loss: 0.037, Acc: 0.999, Base Lr: 4.51e-05
2026-06-05 12:27:14 transreid.train INFO: Epoch[102] Iter[220/275] Loss: 0.036, Acc: 0.999, Base Lr: 4.51e-05
2026-06-05 12:27:16 transreid.train INFO: Epoch[102] Iter[240/275] Loss: 0.035, Acc: 0.999, Base Lr: 4.51e-05
2026-06-05 12:27:18 transreid.train INFO: Epoch[102] Iter[260/275] Loss: 0.035, Acc: 0.999, Base Lr: 4.51e-05
2026-06-05 12:27:20 transreid.train INFO: Epoch 102 done. Time per epoch: 28.745[s] Speed: 607.8[samples/s]
2026-06-05 12:27:22 transreid.train INFO: Epoch[103] Iter[20/275] Loss: 0.041, Acc: 0.998, Base Lr: 4.05e-05
2026-06-05 12:27:24 transreid.train INFO: Epoch[103] Iter[40/275] Loss: 0.039, Acc: 0.999, Base Lr: 4.05e-05
2026-06-05 12:27:26 transreid.train INFO: Epoch[103] Iter[60/275] Loss: 0.039, Acc: 0.999, Base Lr: 4.05e-05
2026-06-05 12:27:28 transreid.train INFO: Epoch[103] Iter[80/275] Loss: 0.038, Acc: 0.999, Base Lr: 4.05e-05
2026-06-05 12:27:30 transreid.train INFO: Epoch[103] Iter[100/275] Loss: 0.037, Acc: 0.999, Base Lr: 4.05e-05
2026-06-05 12:27:32 transreid.train INFO: Epoch[103] Iter[120/275] Loss: 0.037, Acc: 0.999, Base Lr: 4.05e-05
2026-06-05 12:27:34 transreid.train INFO: Epoch[103] Iter[140/275] Loss: 0.036, Acc: 0.999, Base Lr: 4.05e-05
2026-06-05 12:27:37 transreid.train INFO: Epoch[103] Iter[160/275] Loss: 0.036, Acc: 0.999, Base Lr: 4.05e-05
2026-06-05 12:27:39 transreid.train INFO: Epoch[103] Iter[180/275] Loss: 0.036, Acc: 0.999, Base Lr: 4.05e-05
2026-06-05 12:27:41 transreid.train INFO: Epoch[103] Iter[200/275] Loss: 0.035, Acc: 0.999, Base Lr: 4.05e-05
2026-06-05 12:27:43 transreid.train INFO: Epoch[103] Iter[220/275] Loss: 0.035, Acc: 0.999, Base Lr: 4.05e-05
2026-06-05 12:27:45 transreid.train INFO: Epoch[103] Iter[240/275] Loss: 0.034, Acc: 0.999, Base Lr: 4.05e-05
2026-06-05 12:27:47 transreid.train INFO: Epoch[103] Iter[260/275] Loss: 0.034, Acc: 0.999, Base Lr: 4.05e-05
2026-06-05 12:27:48 transreid.train INFO: Epoch 103 done. Time per epoch: 28.771[s] Speed: 607.3[samples/s]
2026-06-05 12:27:51 transreid.train INFO: Epoch[104] Iter[20/275] Loss: 0.042, Acc: 0.999, Base Lr: 3.61e-05
2026-06-05 12:27:53 transreid.train INFO: Epoch[104] Iter[40/275] Loss: 0.043, Acc: 0.998, Base Lr: 3.61e-05
2026-06-05 12:27:55 transreid.train INFO: Epoch[104] Iter[60/275] Loss: 0.041, Acc: 0.999, Base Lr: 3.61e-05
2026-06-05 12:27:57 transreid.train INFO: Epoch[104] Iter[80/275] Loss: 0.041, Acc: 0.998, Base Lr: 3.61e-05
2026-06-05 12:27:59 transreid.train INFO: Epoch[104] Iter[100/275] Loss: 0.040, Acc: 0.999, Base Lr: 3.61e-05
2026-06-05 12:28:01 transreid.train INFO: Epoch[104] Iter[120/275] Loss: 0.039, Acc: 0.998, Base Lr: 3.61e-05
2026-06-05 12:28:03 transreid.train INFO: Epoch[104] Iter[140/275] Loss: 0.038, Acc: 0.998, Base Lr: 3.61e-05
2026-06-05 12:28:05 transreid.train INFO: Epoch[104] Iter[160/275] Loss: 0.037, Acc: 0.998, Base Lr: 3.61e-05
2026-06-05 12:28:07 transreid.train INFO: Epoch[104] Iter[180/275] Loss: 0.036, Acc: 0.998, Base Lr: 3.61e-05
2026-06-05 12:28:10 transreid.train INFO: Epoch[104] Iter[200/275] Loss: 0.036, Acc: 0.999, Base Lr: 3.61e-05
2026-06-05 12:28:12 transreid.train INFO: Epoch[104] Iter[220/275] Loss: 0.035, Acc: 0.999, Base Lr: 3.61e-05
2026-06-05 12:28:14 transreid.train INFO: Epoch[104] Iter[240/275] Loss: 0.034, Acc: 0.999, Base Lr: 3.61e-05
2026-06-05 12:28:16 transreid.train INFO: Epoch[104] Iter[260/275] Loss: 0.033, Acc: 0.999, Base Lr: 3.61e-05
2026-06-05 12:28:17 transreid.train INFO: Epoch 104 done. Time per epoch: 28.831[s] Speed: 606.0[samples/s]
2026-06-05 12:28:19 transreid.train INFO: Epoch[105] Iter[20/275] Loss: 0.042, Acc: 0.999, Base Lr: 3.20e-05
2026-06-05 12:28:22 transreid.train INFO: Epoch[105] Iter[40/275] Loss: 0.040, Acc: 0.999, Base Lr: 3.20e-05
2026-06-05 12:28:24 transreid.train INFO: Epoch[105] Iter[60/275] Loss: 0.038, Acc: 0.998, Base Lr: 3.20e-05
2026-06-05 12:28:26 transreid.train INFO: Epoch[105] Iter[80/275] Loss: 0.037, Acc: 0.999, Base Lr: 3.20e-05
2026-06-05 12:28:28 transreid.train INFO: Epoch[105] Iter[100/275] Loss: 0.037, Acc: 0.999, Base Lr: 3.20e-05
2026-06-05 12:28:30 transreid.train INFO: Epoch[105] Iter[120/275] Loss: 0.037, Acc: 0.999, Base Lr: 3.20e-05
2026-06-05 12:28:32 transreid.train INFO: Epoch[105] Iter[140/275] Loss: 0.036, Acc: 0.999, Base Lr: 3.20e-05
2026-06-05 12:28:34 transreid.train INFO: Epoch[105] Iter[160/275] Loss: 0.036, Acc: 0.999, Base Lr: 3.20e-05
2026-06-05 12:28:36 transreid.train INFO: Epoch[105] Iter[180/275] Loss: 0.035, Acc: 0.999, Base Lr: 3.20e-05
2026-06-05 12:28:38 transreid.train INFO: Epoch[105] Iter[200/275] Loss: 0.034, Acc: 0.999, Base Lr: 3.20e-05
2026-06-05 12:28:40 transreid.train INFO: Epoch[105] Iter[220/275] Loss: 0.034, Acc: 0.999, Base Lr: 3.20e-05
2026-06-05 12:28:42 transreid.train INFO: Epoch[105] Iter[240/275] Loss: 0.033, Acc: 0.999, Base Lr: 3.20e-05
2026-06-05 12:28:45 transreid.train INFO: Epoch[105] Iter[260/275] Loss: 0.033, Acc: 0.999, Base Lr: 3.20e-05
2026-06-05 12:28:46 transreid.train INFO: Epoch 105 done. Time per epoch: 28.753[s] Speed: 607.7[samples/s]
2026-06-05 12:28:48 transreid.train INFO: Epoch[106] Iter[20/275] Loss: 0.042, Acc: 1.000, Base Lr: 2.81e-05
2026-06-05 12:28:50 transreid.train INFO: Epoch[106] Iter[40/275] Loss: 0.042, Acc: 1.000, Base Lr: 2.81e-05
2026-06-05 12:28:52 transreid.train INFO: Epoch[106] Iter[60/275] Loss: 0.040, Acc: 1.000, Base Lr: 2.81e-05
2026-06-05 12:28:55 transreid.train INFO: Epoch[106] Iter[80/275] Loss: 0.040, Acc: 0.999, Base Lr: 2.81e-05
2026-06-05 12:28:57 transreid.train INFO: Epoch[106] Iter[100/275] Loss: 0.038, Acc: 0.999, Base Lr: 2.81e-05
2026-06-05 12:28:59 transreid.train INFO: Epoch[106] Iter[120/275] Loss: 0.037, Acc: 0.999, Base Lr: 2.81e-05
2026-06-05 12:29:01 transreid.train INFO: Epoch[106] Iter[140/275] Loss: 0.036, Acc: 0.999, Base Lr: 2.81e-05
2026-06-05 12:29:03 transreid.train INFO: Epoch[106] Iter[160/275] Loss: 0.035, Acc: 0.999, Base Lr: 2.81e-05
2026-06-05 12:29:05 transreid.train INFO: Epoch[106] Iter[180/275] Loss: 0.034, Acc: 0.999, Base Lr: 2.81e-05
2026-06-05 12:29:07 transreid.train INFO: Epoch[106] Iter[200/275] Loss: 0.034, Acc: 1.000, Base Lr: 2.81e-05
2026-06-05 12:29:09 transreid.train INFO: Epoch[106] Iter[220/275] Loss: 0.034, Acc: 1.000, Base Lr: 2.81e-05
2026-06-05 12:29:11 transreid.train INFO: Epoch[106] Iter[240/275] Loss: 0.033, Acc: 1.000, Base Lr: 2.81e-05
2026-06-05 12:29:13 transreid.train INFO: Epoch[106] Iter[260/275] Loss: 0.033, Acc: 0.999, Base Lr: 2.81e-05
2026-06-05 12:29:15 transreid.train INFO: Epoch 106 done. Time per epoch: 28.755[s] Speed: 607.6[samples/s]
2026-06-05 12:29:17 transreid.train INFO: Epoch[107] Iter[20/275] Loss: 0.048, Acc: 0.998, Base Lr: 2.45e-05
2026-06-05 12:29:19 transreid.train INFO: Epoch[107] Iter[40/275] Loss: 0.043, Acc: 0.999, Base Lr: 2.45e-05
2026-06-05 12:29:21 transreid.train INFO: Epoch[107] Iter[60/275] Loss: 0.040, Acc: 0.999, Base Lr: 2.45e-05
2026-06-05 12:29:23 transreid.train INFO: Epoch[107] Iter[80/275] Loss: 0.038, Acc: 0.999, Base Lr: 2.45e-05
2026-06-05 12:29:25 transreid.train INFO: Epoch[107] Iter[100/275] Loss: 0.037, Acc: 0.999, Base Lr: 2.45e-05
2026-06-05 12:29:27 transreid.train INFO: Epoch[107] Iter[120/275] Loss: 0.036, Acc: 0.999, Base Lr: 2.45e-05
2026-06-05 12:29:30 transreid.train INFO: Epoch[107] Iter[140/275] Loss: 0.037, Acc: 0.999, Base Lr: 2.45e-05
2026-06-05 12:29:32 transreid.train INFO: Epoch[107] Iter[160/275] Loss: 0.037, Acc: 0.999, Base Lr: 2.45e-05
2026-06-05 12:29:34 transreid.train INFO: Epoch[107] Iter[180/275] Loss: 0.036, Acc: 0.999, Base Lr: 2.45e-05
2026-06-05 12:29:36 transreid.train INFO: Epoch[107] Iter[200/275] Loss: 0.036, Acc: 0.999, Base Lr: 2.45e-05
2026-06-05 12:29:38 transreid.train INFO: Epoch[107] Iter[220/275] Loss: 0.035, Acc: 0.999, Base Lr: 2.45e-05
2026-06-05 12:29:40 transreid.train INFO: Epoch[107] Iter[240/275] Loss: 0.034, Acc: 0.999, Base Lr: 2.45e-05
2026-06-05 12:29:42 transreid.train INFO: Epoch[107] Iter[260/275] Loss: 0.034, Acc: 0.999, Base Lr: 2.45e-05
2026-06-05 12:29:44 transreid.train INFO: Epoch 107 done. Time per epoch: 28.875[s] Speed: 607.3[samples/s]
2026-06-05 12:29:46 transreid.train INFO: Epoch[108] Iter[20/275] Loss: 0.036, Acc: 0.998, Base Lr: 2.11e-05
2026-06-05 12:29:48 transreid.train INFO: Epoch[108] Iter[40/275] Loss: 0.038, Acc: 0.999, Base Lr: 2.11e-05
2026-06-05 12:29:50 transreid.train INFO: Epoch[108] Iter[60/275] Loss: 0.038, Acc: 0.999, Base Lr: 2.11e-05
2026-06-05 12:29:52 transreid.train INFO: Epoch[108] Iter[80/275] Loss: 0.038, Acc: 0.999, Base Lr: 2.11e-05
2026-06-05 12:29:54 transreid.train INFO: Epoch[108] Iter[100/275] Loss: 0.037, Acc: 0.998, Base Lr: 2.11e-05
2026-06-05 12:29:56 transreid.train INFO: Epoch[108] Iter[120/275] Loss: 0.036, Acc: 0.999, Base Lr: 2.11e-05
2026-06-05 12:29:58 transreid.train INFO: Epoch[108] Iter[140/275] Loss: 0.035, Acc: 0.999, Base Lr: 2.11e-05
2026-06-05 12:30:01 transreid.train INFO: Epoch[108] Iter[160/275] Loss: 0.034, Acc: 0.999, Base Lr: 2.11e-05
2026-06-05 12:30:03 transreid.train INFO: Epoch[108] Iter[180/275] Loss: 0.034, Acc: 0.999, Base Lr: 2.11e-05
2026-06-05 12:30:05 transreid.train INFO: Epoch[108] Iter[200/275] Loss: 0.033, Acc: 0.999, Base Lr: 2.11e-05
2026-06-05 12:30:07 transreid.train INFO: Epoch[108] Iter[220/275] Loss: 0.033, Acc: 0.999, Base Lr: 2.11e-05
2026-06-05 12:30:09 transreid.train INFO: Epoch[108] Iter[240/275] Loss: 0.033, Acc: 0.999, Base Lr: 2.11e-05
2026-06-05 12:30:11 transreid.train INFO: Epoch[108] Iter[260/275] Loss: 0.033, Acc: 0.999, Base Lr: 2.11e-05
2026-06-05 12:30:12 transreid.train INFO: Epoch 108 done. Time per epoch: 28.783[s] Speed: 607.0[samples/s]
2026-06-05 12:30:15 transreid.train INFO: Epoch[109] Iter[20/275] Loss: 0.041, Acc: 0.999, Base Lr: 1.80e-05
2026-06-05 12:30:17 transreid.train INFO: Epoch[109] Iter[40/275] Loss: 0.039, Acc: 0.999, Base Lr: 1.80e-05
2026-06-05 12:30:19 transreid.train INFO: Epoch[109] Iter[60/275] Loss: 0.038, Acc: 0.999, Base Lr: 1.80e-05
2026-06-05 12:30:21 transreid.train INFO: Epoch[109] Iter[80/275] Loss: 0.037, Acc: 0.999, Base Lr: 1.80e-05
2026-06-05 12:30:23 transreid.train INFO: Epoch[109] Iter[100/275] Loss: 0.037, Acc: 0.999, Base Lr: 1.80e-05
2026-06-05 12:30:25 transreid.train INFO: Epoch[109] Iter[120/275] Loss: 0.036, Acc: 0.998, Base Lr: 1.80e-05
2026-06-05 12:30:27 transreid.train INFO: Epoch[109] Iter[140/275] Loss: 0.036, Acc: 0.998, Base Lr: 1.80e-05
2026-06-05 12:30:29 transreid.train INFO: Epoch[109] Iter[160/275] Loss: 0.035, Acc: 0.999, Base Lr: 1.80e-05
2026-06-05 12:30:31 transreid.train INFO: Epoch[109] Iter[180/275] Loss: 0.035, Acc: 0.998, Base Lr: 1.80e-05
2026-06-05 12:30:33 transreid.train INFO: Epoch[109] Iter[200/275] Loss: 0.034, Acc: 0.998, Base Lr: 1.80e-05
2026-06-05 12:30:36 transreid.train INFO: Epoch[109] Iter[220/275] Loss: 0.034, Acc: 0.998, Base Lr: 1.80e-05
2026-06-05 12:30:38 transreid.train INFO: Epoch[109] Iter[240/275] Loss: 0.034, Acc: 0.999, Base Lr: 1.80e-05
2026-06-05 12:30:40 transreid.train INFO: Epoch[109] Iter[260/275] Loss: 0.033, Acc: 0.999, Base Lr: 1.80e-05
2026-06-05 12:30:41 transreid.train INFO: Epoch 109 done. Time per epoch: 28.796[s] Speed: 606.8[samples/s]
2026-06-05 12:30:43 transreid.train INFO: Epoch[110] Iter[20/275] Loss: 0.040, Acc: 1.000, Base Lr: 1.52e-05
2026-06-05 12:30:46 transreid.train INFO: Epoch[110] Iter[40/275] Loss: 0.055, Acc: 0.998, Base Lr: 1.52e-05
2026-06-05 12:30:48 transreid.train INFO: Epoch[110] Iter[60/275] Loss: 0.049, Acc: 0.999, Base Lr: 1.52e-05
2026-06-05 12:30:50 transreid.train INFO: Epoch[110] Iter[80/275] Loss: 0.046, Acc: 0.999, Base Lr: 1.52e-05
2026-06-05 12:30:52 transreid.train INFO: Epoch[110] Iter[100/275] Loss: 0.043, Acc: 0.999, Base Lr: 1.52e-05
2026-06-05 12:30:54 transreid.train INFO: Epoch[110] Iter[120/275] Loss: 0.042, Acc: 0.999, Base Lr: 1.52e-05
2026-06-05 12:30:56 transreid.train INFO: Epoch[110] Iter[140/275] Loss: 0.040, Acc: 0.999, Base Lr: 1.52e-05
2026-06-05 12:30:58 transreid.train INFO: Epoch[110] Iter[160/275] Loss: 0.039, Acc: 0.999, Base Lr: 1.52e-05
2026-06-05 12:31:00 transreid.train INFO: Epoch[110] Iter[180/275] Loss: 0.038, Acc: 0.999, Base Lr: 1.52e-05
2026-06-05 12:31:02 transreid.train INFO: Epoch[110] Iter[200/275] Loss: 0.038, Acc: 0.999, Base Lr: 1.52e-05
2026-06-05 12:31:04 transreid.train INFO: Epoch[110] Iter[220/275] Loss: 0.037, Acc: 0.999, Base Lr: 1.52e-05
2026-06-05 12:31:06 transreid.train INFO: Epoch[110] Iter[240/275] Loss: 0.036, Acc: 0.999, Base Lr: 1.52e-05
2026-06-05 12:31:09 transreid.train INFO: Epoch[110] Iter[260/275] Loss: 0.035, Acc: 0.999, Base Lr: 1.52e-05
2026-06-05 12:31:10 transreid.train INFO: Epoch 110 done. Time per epoch: 28.758[s] Speed: 607.6[samples/s]
2026-06-05 12:31:12 transreid.train INFO: Epoch[111] Iter[20/275] Loss: 0.040, Acc: 0.998, Base Lr: 1.26e-05
2026-06-05 12:31:14 transreid.train INFO: Epoch[111] Iter[40/275] Loss: 0.039, Acc: 0.999, Base Lr: 1.26e-05
2026-06-05 12:31:16 transreid.train INFO: Epoch[111] Iter[60/275] Loss: 0.040, Acc: 0.999, Base Lr: 1.26e-05
2026-06-05 12:31:18 transreid.train INFO: Epoch[111] Iter[80/275] Loss: 0.040, Acc: 0.999, Base Lr: 1.26e-05
2026-06-05 12:31:21 transreid.train INFO: Epoch[111] Iter[100/275] Loss: 0.038, Acc: 0.999, Base Lr: 1.26e-05
2026-06-05 12:31:23 transreid.train INFO: Epoch[111] Iter[120/275] Loss: 0.037, Acc: 0.999, Base Lr: 1.26e-05
2026-06-05 12:31:25 transreid.train INFO: Epoch[111] Iter[140/275] Loss: 0.036, Acc: 1.000, Base Lr: 1.26e-05
2026-06-05 12:31:27 transreid.train INFO: Epoch[111] Iter[160/275] Loss: 0.035, Acc: 1.000, Base Lr: 1.26e-05
2026-06-05 12:31:29 transreid.train INFO: Epoch[111] Iter[180/275] Loss: 0.035, Acc: 1.000, Base Lr: 1.26e-05
2026-06-05 12:31:31 transreid.train INFO: Epoch[111] Iter[200/275] Loss: 0.035, Acc: 0.999, Base Lr: 1.26e-05
2026-06-05 12:31:33 transreid.train INFO: Epoch[111] Iter[220/275] Loss: 0.034, Acc: 0.999, Base Lr: 1.26e-05
2026-06-05 12:31:35 transreid.train INFO: Epoch[111] Iter[240/275] Loss: 0.034, Acc: 0.999, Base Lr: 1.26e-05
2026-06-05 12:31:37 transreid.train INFO: Epoch[111] Iter[260/275] Loss: 0.033, Acc: 0.999, Base Lr: 1.26e-05
2026-06-05 12:31:39 transreid.train INFO: Epoch 111 done. Time per epoch: 28.780[s] Speed: 607.1[samples/s]
2026-06-05 12:31:41 transreid.train INFO: Epoch[112] Iter[20/275] Loss: 0.039, Acc: 1.000, Base Lr: 1.03e-05
2026-06-05 12:31:43 transreid.train INFO: Epoch[112] Iter[40/275] Loss: 0.039, Acc: 1.000, Base Lr: 1.03e-05
2026-06-05 12:31:45 transreid.train INFO: Epoch[112] Iter[60/275] Loss: 0.039, Acc: 1.000, Base Lr: 1.03e-05
2026-06-05 12:31:47 transreid.train INFO: Epoch[112] Iter[80/275] Loss: 0.037, Acc: 1.000, Base Lr: 1.03e-05
2026-06-05 12:31:49 transreid.train INFO: Epoch[112] Iter[100/275] Loss: 0.039, Acc: 1.000, Base Lr: 1.03e-05
2026-06-05 12:31:51 transreid.train INFO: Epoch[112] Iter[120/275] Loss: 0.038, Acc: 1.000, Base Lr: 1.03e-05
2026-06-05 12:31:54 transreid.train INFO: Epoch[112] Iter[140/275] Loss: 0.037, Acc: 1.000, Base Lr: 1.03e-05
2026-06-05 12:31:56 transreid.train INFO: Epoch[112] Iter[160/275] Loss: 0.036, Acc: 1.000, Base Lr: 1.03e-05
2026-06-05 12:31:58 transreid.train INFO: Epoch[112] Iter[180/275] Loss: 0.036, Acc: 1.000, Base Lr: 1.03e-05
2026-06-05 12:32:00 transreid.train INFO: Epoch[112] Iter[200/275] Loss: 0.035, Acc: 1.000, Base Lr: 1.03e-05
2026-06-05 12:32:02 transreid.train INFO: Epoch[112] Iter[220/275] Loss: 0.035, Acc: 1.000, Base Lr: 1.03e-05
2026-06-05 12:32:04 transreid.train INFO: Epoch[112] Iter[240/275] Loss: 0.035, Acc: 1.000, Base Lr: 1.03e-05
2026-06-05 12:32:06 transreid.train INFO: Epoch[112] Iter[260/275] Loss: 0.034, Acc: 0.999, Base Lr: 1.03e-05
2026-06-05 12:32:07 transreid.train INFO: Epoch 112 done. Time per epoch: 28.796[s] Speed: 606.8[samples/s]
2026-06-05 12:32:10 transreid.train INFO: Epoch[113] Iter[20/275] Loss: 0.048, Acc: 0.995, Base Lr: 8.28e-06
2026-06-05 12:32:12 transreid.train INFO: Epoch[113] Iter[40/275] Loss: 0.043, Acc: 0.996, Base Lr: 8.28e-06
2026-06-05 12:32:14 transreid.train INFO: Epoch[113] Iter[60/275] Loss: 0.041, Acc: 0.997, Base Lr: 8.28e-06
2026-06-05 12:32:16 transreid.train INFO: Epoch[113] Iter[80/275] Loss: 0.038, Acc: 0.998, Base Lr: 8.28e-06
2026-06-05 12:32:18 transreid.train INFO: Epoch[113] Iter[100/275] Loss: 0.037, Acc: 0.998, Base Lr: 8.28e-06
2026-06-05 12:32:20 transreid.train INFO: Epoch[113] Iter[120/275] Loss: 0.037, Acc: 0.998, Base Lr: 8.28e-06
2026-06-05 12:32:22 transreid.train INFO: Epoch[113] Iter[140/275] Loss: 0.036, Acc: 0.999, Base Lr: 8.28e-06
2026-06-05 12:32:24 transreid.train INFO: Epoch[113] Iter[160/275] Loss: 0.036, Acc: 0.999, Base Lr: 8.28e-06
2026-06-05 12:32:27 transreid.train INFO: Epoch[113] Iter[180/275] Loss: 0.035, Acc: 0.998, Base Lr: 8.28e-06
2026-06-05 12:32:29 transreid.train INFO: Epoch[113] Iter[200/275] Loss: 0.035, Acc: 0.998, Base Lr: 8.28e-06
2026-06-05 12:32:31 transreid.train INFO: Epoch[113] Iter[220/275] Loss: 0.034, Acc: 0.999, Base Lr: 8.28e-06
2026-06-05 12:32:33 transreid.train INFO: Epoch[113] Iter[240/275] Loss: 0.034, Acc: 0.998, Base Lr: 8.28e-06
2026-06-05 12:32:35 transreid.train INFO: Epoch[113] Iter[260/275] Loss: 0.034, Acc: 0.998, Base Lr: 8.28e-06
2026-06-05 12:32:36 transreid.train INFO: Epoch 113 done. Time per epoch: 28.788[s] Speed: 606.9[samples/s]
2026-06-05 12:32:39 transreid.train INFO: Epoch[114] Iter[20/275] Loss: 0.040, Acc: 0.999, Base Lr: 6.51e-06
2026-06-05 12:32:41 transreid.train INFO: Epoch[114] Iter[40/275] Loss: 0.039, Acc: 0.999, Base Lr: 6.51e-06
2026-06-05 12:32:43 transreid.train INFO: Epoch[114] Iter[60/275] Loss: 0.039, Acc: 0.999, Base Lr: 6.51e-06
2026-06-05 12:32:45 transreid.train INFO: Epoch[114] Iter[80/275] Loss: 0.037, Acc: 0.999, Base Lr: 6.51e-06
2026-06-05 12:32:47 transreid.train INFO: Epoch[114] Iter[100/275] Loss: 0.036, Acc: 0.999, Base Lr: 6.51e-06
2026-06-05 12:32:49 transreid.train INFO: Epoch[114] Iter[120/275] Loss: 0.036, Acc: 0.999, Base Lr: 6.51e-06
2026-06-05 12:32:51 transreid.train INFO: Epoch[114] Iter[140/275] Loss: 0.035, Acc: 0.999, Base Lr: 6.51e-06
2026-06-05 12:32:53 transreid.train INFO: Epoch[114] Iter[160/275] Loss: 0.034, Acc: 0.999, Base Lr: 6.51e-06
2026-06-05 12:32:55 transreid.train INFO: Epoch[114] Iter[180/275] Loss: 0.034, Acc: 0.999, Base Lr: 6.51e-06
2026-06-05 12:32:57 transreid.train INFO: Epoch[114] Iter[200/275] Loss: 0.035, Acc: 0.999, Base Lr: 6.51e-06
2026-06-05 12:33:00 transreid.train INFO: Epoch[114] Iter[220/275] Loss: 0.034, Acc: 0.999, Base Lr: 6.51e-06
2026-06-05 12:33:02 transreid.train INFO: Epoch[114] Iter[240/275] Loss: 0.035, Acc: 0.999, Base Lr: 6.51e-06
2026-06-05 12:33:04 transreid.train INFO: Epoch[114] Iter[260/275] Loss: 0.034, Acc: 0.999, Base Lr: 6.51e-06
2026-06-05 12:33:05 transreid.train INFO: Epoch 114 done. Time per epoch: 28.886[s] Speed: 607.1[samples/s]
2026-06-05 12:33:07 transreid.train INFO: Epoch[115] Iter[20/275] Loss: 0.040, Acc: 1.000, Base Lr: 5.02e-06
2026-06-05 12:33:10 transreid.train INFO: Epoch[115] Iter[40/275] Loss: 0.039, Acc: 1.000, Base Lr: 5.02e-06
2026-06-05 12:33:12 transreid.train INFO: Epoch[115] Iter[60/275] Loss: 0.037, Acc: 0.999, Base Lr: 5.02e-06
2026-06-05 12:33:14 transreid.train INFO: Epoch[115] Iter[80/275] Loss: 0.039, Acc: 1.000, Base Lr: 5.02e-06
2026-06-05 12:33:16 transreid.train INFO: Epoch[115] Iter[100/275] Loss: 0.039, Acc: 1.000, Base Lr: 5.02e-06
2026-06-05 12:33:18 transreid.train INFO: Epoch[115] Iter[120/275] Loss: 0.037, Acc: 0.999, Base Lr: 5.02e-06
2026-06-05 12:33:20 transreid.train INFO: Epoch[115] Iter[140/275] Loss: 0.036, Acc: 1.000, Base Lr: 5.02e-06
2026-06-05 12:33:22 transreid.train INFO: Epoch[115] Iter[160/275] Loss: 0.035, Acc: 1.000, Base Lr: 5.02e-06
2026-06-05 12:33:24 transreid.train INFO: Epoch[115] Iter[180/275] Loss: 0.035, Acc: 0.999, Base Lr: 5.02e-06
2026-06-05 12:33:26 transreid.train INFO: Epoch[115] Iter[200/275] Loss: 0.035, Acc: 1.000, Base Lr: 5.02e-06
2026-06-05 12:33:28 transreid.train INFO: Epoch[115] Iter[220/275] Loss: 0.035, Acc: 1.000, Base Lr: 5.02e-06
2026-06-05 12:33:30 transreid.train INFO: Epoch[115] Iter[240/275] Loss: 0.034, Acc: 1.000, Base Lr: 5.02e-06
2026-06-05 12:33:33 transreid.train INFO: Epoch[115] Iter[260/275] Loss: 0.034, Acc: 0.999, Base Lr: 5.02e-06
2026-06-05 12:33:34 transreid.train INFO: Epoch 115 done. Time per epoch: 28.886[s] Speed: 607.1[samples/s]
2026-06-05 12:33:36 transreid.train INFO: Epoch[116] Iter[20/275] Loss: 0.044, Acc: 0.998, Base Lr: 3.79e-06
2026-06-05 12:33:38 transreid.train INFO: Epoch[116] Iter[40/275] Loss: 0.040, Acc: 0.999, Base Lr: 3.79e-06
2026-06-05 12:33:41 transreid.train INFO: Epoch[116] Iter[60/275] Loss: 0.040, Acc: 0.999, Base Lr: 3.79e-06
2026-06-05 12:33:43 transreid.train INFO: Epoch[116] Iter[80/275] Loss: 0.039, Acc: 0.999, Base Lr: 3.79e-06
2026-06-05 12:33:45 transreid.train INFO: Epoch[116] Iter[100/275] Loss: 0.038, Acc: 0.999, Base Lr: 3.79e-06
2026-06-05 12:33:47 transreid.train INFO: Epoch[116] Iter[120/275] Loss: 0.037, Acc: 0.999, Base Lr: 3.79e-06
2026-06-05 12:33:49 transreid.train INFO: Epoch[116] Iter[140/275] Loss: 0.036, Acc: 0.999, Base Lr: 3.79e-06
2026-06-05 12:33:51 transreid.train INFO: Epoch[116] Iter[160/275] Loss: 0.036, Acc: 0.999, Base Lr: 3.79e-06
2026-06-05 12:33:53 transreid.train INFO: Epoch[116] Iter[180/275] Loss: 0.035, Acc: 0.999, Base Lr: 3.79e-06
2026-06-05 12:33:55 transreid.train INFO: Epoch[116] Iter[200/275] Loss: 0.035, Acc: 0.999, Base Lr: 3.79e-06
2026-06-05 12:33:57 transreid.train INFO: Epoch[116] Iter[220/275] Loss: 0.034, Acc: 0.999, Base Lr: 3.79e-06
2026-06-05 12:33:59 transreid.train INFO: Epoch[116] Iter[240/275] Loss: 0.034, Acc: 0.999, Base Lr: 3.79e-06
2026-06-05 12:34:01 transreid.train INFO: Epoch[116] Iter[260/275] Loss: 0.033, Acc: 0.999, Base Lr: 3.79e-06
2026-06-05 12:34:03 transreid.train INFO: Epoch 116 done. Time per epoch: 28.793[s] Speed: 606.8[samples/s]
2026-06-05 12:34:05 transreid.train INFO: Epoch[117] Iter[20/275] Loss: 0.039, Acc: 1.000, Base Lr: 2.83e-06
2026-06-05 12:34:07 transreid.train INFO: Epoch[117] Iter[40/275] Loss: 0.041, Acc: 0.999, Base Lr: 2.83e-06
2026-06-05 12:34:09 transreid.train INFO: Epoch[117] Iter[60/275] Loss: 0.042, Acc: 0.999, Base Lr: 2.83e-06
2026-06-05 12:34:11 transreid.train INFO: Epoch[117] Iter[80/275] Loss: 0.044, Acc: 0.999, Base Lr: 2.83e-06
2026-06-05 12:34:14 transreid.train INFO: Epoch[117] Iter[100/275] Loss: 0.043, Acc: 0.999, Base Lr: 2.83e-06
2026-06-05 12:34:16 transreid.train INFO: Epoch[117] Iter[120/275] Loss: 0.042, Acc: 0.999, Base Lr: 2.83e-06
2026-06-05 12:34:18 transreid.train INFO: Epoch[117] Iter[140/275] Loss: 0.040, Acc: 0.999, Base Lr: 2.83e-06
2026-06-05 12:34:20 transreid.train INFO: Epoch[117] Iter[160/275] Loss: 0.040, Acc: 0.999, Base Lr: 2.83e-06
2026-06-05 12:34:22 transreid.train INFO: Epoch[117] Iter[180/275] Loss: 0.038, Acc: 0.999, Base Lr: 2.83e-06
2026-06-05 12:34:24 transreid.train INFO: Epoch[117] Iter[200/275] Loss: 0.038, Acc: 0.999, Base Lr: 2.83e-06
2026-06-05 12:34:26 transreid.train INFO: Epoch[117] Iter[220/275] Loss: 0.037, Acc: 0.999, Base Lr: 2.83e-06
2026-06-05 12:34:28 transreid.train INFO: Epoch[117] Iter[240/275] Loss: 0.037, Acc: 0.999, Base Lr: 2.83e-06
2026-06-05 12:34:30 transreid.train INFO: Epoch[117] Iter[260/275] Loss: 0.036, Acc: 0.999, Base Lr: 2.83e-06
2026-06-05 12:34:32 transreid.train INFO: Epoch 117 done. Time per epoch: 28.900[s] Speed: 606.8[samples/s]
2026-06-05 12:34:34 transreid.train INFO: Epoch[118] Iter[20/275] Loss: 0.039, Acc: 1.000, Base Lr: 2.15e-06
2026-06-05 12:34:36 transreid.train INFO: Epoch[118] Iter[40/275] Loss: 0.040, Acc: 0.999, Base Lr: 2.15e-06
2026-06-05 12:34:38 transreid.train INFO: Epoch[118] Iter[60/275] Loss: 0.040, Acc: 0.999, Base Lr: 2.15e-06
2026-06-05 12:34:40 transreid.train INFO: Epoch[118] Iter[80/275] Loss: 0.039, Acc: 0.999, Base Lr: 2.15e-06
2026-06-05 12:34:42 transreid.train INFO: Epoch[118] Iter[100/275] Loss: 0.038, Acc: 0.998, Base Lr: 2.15e-06
2026-06-05 12:34:45 transreid.train INFO: Epoch[118] Iter[120/275] Loss: 0.045, Acc: 0.999, Base Lr: 2.15e-06
2026-06-05 12:34:47 transreid.train INFO: Epoch[118] Iter[140/275] Loss: 0.044, Acc: 0.999, Base Lr: 2.15e-06
2026-06-05 12:34:49 transreid.train INFO: Epoch[118] Iter[160/275] Loss: 0.042, Acc: 0.999, Base Lr: 2.15e-06
2026-06-05 12:34:51 transreid.train INFO: Epoch[118] Iter[180/275] Loss: 0.040, Acc: 0.999, Base Lr: 2.15e-06
2026-06-05 12:34:53 transreid.train INFO: Epoch[118] Iter[200/275] Loss: 0.039, Acc: 0.999, Base Lr: 2.15e-06
2026-06-05 12:34:55 transreid.train INFO: Epoch[118] Iter[220/275] Loss: 0.038, Acc: 0.999, Base Lr: 2.15e-06
2026-06-05 12:34:57 transreid.train INFO: Epoch[118] Iter[240/275] Loss: 0.037, Acc: 0.999, Base Lr: 2.15e-06
2026-06-05 12:34:59 transreid.train INFO: Epoch[118] Iter[260/275] Loss: 0.037, Acc: 0.999, Base Lr: 2.15e-06
2026-06-05 12:35:01 transreid.train INFO: Epoch 118 done. Time per epoch: 28.899[s] Speed: 606.8[samples/s]
2026-06-05 12:35:03 transreid.train INFO: Epoch[119] Iter[20/275] Loss: 0.085, Acc: 0.998, Base Lr: 1.74e-06
2026-06-05 12:35:05 transreid.train INFO: Epoch[119] Iter[40/275] Loss: 0.063, Acc: 0.998, Base Lr: 1.74e-06
2026-06-05 12:35:07 transreid.train INFO: Epoch[119] Iter[60/275] Loss: 0.054, Acc: 0.999, Base Lr: 1.74e-06
2026-06-05 12:35:09 transreid.train INFO: Epoch[119] Iter[80/275] Loss: 0.048, Acc: 0.999, Base Lr: 1.74e-06
2026-06-05 12:35:11 transreid.train INFO: Epoch[119] Iter[100/275] Loss: 0.045, Acc: 0.999, Base Lr: 1.74e-06
2026-06-05 12:35:13 transreid.train INFO: Epoch[119] Iter[120/275] Loss: 0.043, Acc: 0.999, Base Lr: 1.74e-06
2026-06-05 12:35:15 transreid.train INFO: Epoch[119] Iter[140/275] Loss: 0.042, Acc: 0.999, Base Lr: 1.74e-06
2026-06-05 12:35:18 transreid.train INFO: Epoch[119] Iter[160/275] Loss: 0.040, Acc: 0.999, Base Lr: 1.74e-06
2026-06-05 12:35:20 transreid.train INFO: Epoch[119] Iter[180/275] Loss: 0.039, Acc: 0.999, Base Lr: 1.74e-06
2026-06-05 12:35:22 transreid.train INFO: Epoch[119] Iter[200/275] Loss: 0.038, Acc: 0.999, Base Lr: 1.74e-06
2026-06-05 12:35:24 transreid.train INFO: Epoch[119] Iter[220/275] Loss: 0.037, Acc: 0.999, Base Lr: 1.74e-06
2026-06-05 12:35:26 transreid.train INFO: Epoch[119] Iter[240/275] Loss: 0.037, Acc: 0.999, Base Lr: 1.74e-06
2026-06-05 12:35:28 transreid.train INFO: Epoch[119] Iter[260/275] Loss: 0.036, Acc: 0.999, Base Lr: 1.74e-06
2026-06-05 12:35:30 transreid.train INFO: Epoch 119 done. Time per epoch: 28.877[s] Speed: 607.3[samples/s]
2026-06-05 12:35:32 transreid.train INFO: Epoch[120] Iter[20/275] Loss: 0.038, Acc: 1.000, Base Lr: 1.60e-06
2026-06-05 12:35:34 transreid.train INFO: Epoch[120] Iter[40/275] Loss: 0.037, Acc: 1.000, Base Lr: 1.60e-06
2026-06-05 12:35:36 transreid.train INFO: Epoch[120] Iter[60/275] Loss: 0.037, Acc: 0.999, Base Lr: 1.60e-06
2026-06-05 12:35:38 transreid.train INFO: Epoch[120] Iter[80/275] Loss: 0.036, Acc: 0.999, Base Lr: 1.60e-06
2026-06-05 12:35:40 transreid.train INFO: Epoch[120] Iter[100/275] Loss: 0.035, Acc: 0.999, Base Lr: 1.60e-06
2026-06-05 12:35:42 transreid.train INFO: Epoch[120] Iter[120/275] Loss: 0.035, Acc: 0.999, Base Lr: 1.60e-06
2026-06-05 12:35:44 transreid.train INFO: Epoch[120] Iter[140/275] Loss: 0.035, Acc: 0.999, Base Lr: 1.60e-06
2026-06-05 12:35:46 transreid.train INFO: Epoch[120] Iter[160/275] Loss: 0.034, Acc: 1.000, Base Lr: 1.60e-06
2026-06-05 12:35:49 transreid.train INFO: Epoch[120] Iter[180/275] Loss: 0.038, Acc: 0.999, Base Lr: 1.60e-06
2026-06-05 12:35:51 transreid.train INFO: Epoch[120] Iter[200/275] Loss: 0.037, Acc: 0.999, Base Lr: 1.60e-06
2026-06-05 12:35:53 transreid.train INFO: Epoch[120] Iter[220/275] Loss: 0.036, Acc: 0.999, Base Lr: 1.60e-06
2026-06-05 12:35:55 transreid.train INFO: Epoch[120] Iter[240/275] Loss: 0.036, Acc: 0.999, Base Lr: 1.60e-06
2026-06-05 12:35:57 transreid.train INFO: Epoch[120] Iter[260/275] Loss: 0.035, Acc: 0.999, Base Lr: 1.60e-06
2026-06-05 12:35:58 transreid.train INFO: Epoch 120 done. Time per epoch: 28.880[s] Speed: 607.2[samples/s]
=> Computing MULTIHYP conservative DistMat (alpha=0.1)
2026-06-05 12:36:12 transreid.train INFO: Validation Results - Epoch: 120
2026-06-05 12:36:12 transreid.train INFO: mAP: 76.4%
2026-06-05 12:36:12 transreid.train INFO: CMC curve, Rank-1  :85.1%
2026-06-05 12:36:12 transreid.train INFO: CMC curve, Rank-5  :94.6%
2026-06-05 12:36:12 transreid.train INFO: CMC curve, Rank-10 :96.5%
