2026-03-04 14:12:51 transreid INFO: Saving model in the path :./log/occluded_duke/exp001_baseline
2026-03-04 14:12:51 transreid INFO: Loaded configuration file configs/occluded_duke/swin_tiny.yml
2026-03-04 14:12:51 transreid INFO: Running with config:
DATALOADER:
  NUM_INSTANCE: 4
  NUM_WORKERS: 8
  REMOVE_TAIL: 0
  SAMPLER: softmax_triplet
DATASETS:
  NAMES: occluded_duke
  ROOT_DIR: data
  ROOT_TRAIN_DIR: ../data
  ROOT_VAL_DIR: ../data
INPUT:
  PADDING: 10
  PIXEL_MEAN: [0.5, 0.5, 0.5]
  PIXEL_STD: [0.5, 0.5, 0.5]
  PROB: 0.5
  RE_PROB: 0.5
  SIZE_TEST: [384, 128]
  SIZE_TRAIN: [384, 128]
MODEL:
  ATT_DROP_RATE: 0.0
  COS_LAYER: False
  DEVICE: cuda
  DEVICE_ID: 0
  DEVIDE_LENGTH: 4
  DIST_TRAIN: False
  DROPOUT_RATE: 0.0
  DROP_OUT: 0.0
  DROP_PATH: 0.1
  FEAT_DIM: 512
  GEM_POOLING: False
  ID_LOSS_TYPE: softmax
  ID_LOSS_WEIGHT: 1.0
  IF_LABELSMOOTH: off
  IF_WITH_CENTER: no
  JPM: False
  LAST_STRIDE: 1
  METRIC_LOSS_TYPE: triplet
  NAME: transformer
  NECK: bnneck
  NO_MARGIN: True
  PRETRAIN_CHOICE: self
  PRETRAIN_HW_RATIO: 2
  PRETRAIN_PATH: pretrained/swin_tiny.pth
  REDUCE_FEAT_DIM: False
  RE_ARRANGE: True
  SEMANTIC_WEIGHT: 0.2
  SHIFT_NUM: 5
  SHUFFLE_GROUP: 2
  SIE_CAMERA: False
  SIE_COE: 3.0
  SIE_VIEW: False
  STEM_CONV: False
  STRIDE_SIZE: [16, 16]
  TRANSFORMER_TYPE: swin_tiny_patch4_window7_224
  TRIPLET_LOSS_WEIGHT: 1.0
  VPREID:
    ENABLE: False
    ID_WEIGHT: 1.0
    N_PARTS: 5
    PART_ID_WEIGHT: 0.5
    PART_TEMP: 0.1
    POSE_CFG: pose/config_vispredict.py
    POSE_CKPT: pretrained/best_coco_AP_epoch_210.pth
    PUSH_WEIGHT: 0.1
    TRI_WEIGHT: 1.0
    VIS_THRESHOLD: 0.5
  WITH_CP: False
OUTPUT_DIR: ./log/occluded_duke/exp001_baseline
SOLVER:
  BASE_LR: 0.0008
  BIAS_LR_FACTOR: 2
  CENTER_LOSS_WEIGHT: 0.0005
  CENTER_LR: 0.5
  CHECKPOINT_PERIOD: 120
  COSINE_MARGIN: 0.5
  COSINE_SCALE: 30
  EVAL_PERIOD: 10
  GAMMA: 0.1
  IMS_PER_BATCH: 64
  LARGE_FC_LR: False
  LOG_PERIOD: 20
  MARGIN: 0.3
  MAX_EPOCHS: 120
  MOMENTUM: 0.9
  OPTIMIZER_NAME: SGD
  SEED: 1234
  STEPS: (40, 70)
  TRP_L2: False
  WARMUP_EPOCHS: 20
  WARMUP_FACTOR: 0.01
  WARMUP_METHOD: cosine
  WEIGHT_DECAY: 0.0001
  WEIGHT_DECAY_BIAS: 0.0001
TEST:
  DIST_MAT: dist_mat.npy
  EVAL: True
  FEAT_NORM: yes
  IMS_PER_BATCH: 256
  NECK_FEAT: before
  RE_RANKING: False
  WEIGHT: 
=> Occluded-DukeMTMC loaded
2026-03-04 14:12:51 transreid.check INFO: Dataset statistics:
2026-03-04 14:12:51 transreid.check INFO:   ----------------------------------------
2026-03-04 14:12:51 transreid.check INFO:   subset   | # ids | # images | # cameras
2026-03-04 14:12:51 transreid.check INFO:   ----------------------------------------
2026-03-04 14:12:51 transreid.check INFO:   train    |   702 |    15618 |         8
2026-03-04 14:12:51 transreid.check INFO:   query    |   519 |     2210 |         8
2026-03-04 14:12:51 transreid.check INFO:   gallery  |  1110 |    17661 |         8
2026-03-04 14:12:51 transreid.check INFO:   ----------------------------------------
using img_triplet sampler
using Transformer_type: swin_tiny_patch4_window7_224 as a backbone
unloaded parameters: <All keys matched successfully>
===========building transformer===========
using soft triplet loss for training
2026-03-04 14:12:51 transreid INFO: ===========using cosine learning rate=======
2026-03-04 14:12:51 transreid.train INFO: start training
/usr/local/anaconda3/envs/mmpose-abu/lib/python3.8/site-packages/torchvision/transforms/transforms.py:329: UserWarning: Argument 'interpolation' of type int is deprecated since 0.13 and will be removed in 0.15. Please use InterpolationMode enum.
  warnings.warn(
/home/afr/SOLIDER-REID/model/backbones/swin_transformer.py:1162: UserWarning: DeprecationWarning: pretrained is deprecated, please use "init_cfg" instead
  warnings.warn('DeprecationWarning: pretrained is deprecated, '
2026-03-04 14:12:54 transreid.train INFO: Epoch[1] Iter[20/227] Loss: 18.820, Acc: 0.000, Base Lr: 4.76e-05
2026-03-04 14:12:57 transreid.train INFO: Epoch[1] Iter[40/227] Loss: 17.343, Acc: 0.001, Base Lr: 4.76e-05
2026-03-04 14:12:59 transreid.train INFO: Epoch[1] Iter[60/227] Loss: 16.440, Acc: 0.001, Base Lr: 4.76e-05
2026-03-04 14:13:01 transreid.train INFO: Epoch[1] Iter[80/227] Loss: 15.639, Acc: 0.002, Base Lr: 4.76e-05
2026-03-04 14:13:03 transreid.train INFO: Epoch[1] Iter[100/227] Loss: 14.946, Acc: 0.002, Base Lr: 4.76e-05
2026-03-04 14:13:05 transreid.train INFO: Epoch[1] Iter[120/227] Loss: 14.389, Acc: 0.002, Base Lr: 4.76e-05
2026-03-04 14:13:07 transreid.train INFO: Epoch[1] Iter[140/227] Loss: 13.916, Acc: 0.002, Base Lr: 4.76e-05
2026-03-04 14:13:09 transreid.train INFO: Epoch[1] Iter[160/227] Loss: 13.551, Acc: 0.002, Base Lr: 4.76e-05
2026-03-04 14:13:12 transreid.train INFO: Epoch[1] Iter[180/227] Loss: 13.253, Acc: 0.002, Base Lr: 4.76e-05
2026-03-04 14:13:14 transreid.train INFO: Epoch[1] Iter[200/227] Loss: 12.973, Acc: 0.002, Base Lr: 4.76e-05
2026-03-04 14:13:15 transreid.train INFO: Epoch 1 done. Time: 23s, Speed: 573.8[samples/s], Elapsed: 0h0m, ETA: 0h46m (119 epochs left)
2026-03-04 14:13:17 transreid.train INFO: Epoch[2] Iter[20/227] Loss: 10.750, Acc: 0.001, Base Lr: 8.72e-05
2026-03-04 14:13:19 transreid.train INFO: Epoch[2] Iter[40/227] Loss: 10.571, Acc: 0.002, Base Lr: 8.72e-05
2026-03-04 14:13:22 transreid.train INFO: Epoch[2] Iter[60/227] Loss: 10.311, Acc: 0.005, Base Lr: 8.72e-05
2026-03-04 14:13:24 transreid.train INFO: Epoch[2] Iter[80/227] Loss: 10.103, Acc: 0.005, Base Lr: 8.72e-05
2026-03-04 14:13:26 transreid.train INFO: Epoch[2] Iter[100/227] Loss: 9.901, Acc: 0.007, Base Lr: 8.72e-05
2026-03-04 14:13:28 transreid.train INFO: Epoch[2] Iter[120/227] Loss: 9.729, Acc: 0.007, Base Lr: 8.72e-05
2026-03-04 14:13:30 transreid.train INFO: Epoch[2] Iter[140/227] Loss: 9.549, Acc: 0.009, Base Lr: 8.72e-05
2026-03-04 14:13:32 transreid.train INFO: Epoch[2] Iter[160/227] Loss: 9.386, Acc: 0.011, Base Lr: 8.72e-05
2026-03-04 14:13:35 transreid.train INFO: Epoch[2] Iter[180/227] Loss: 9.260, Acc: 0.014, Base Lr: 8.72e-05
2026-03-04 14:13:37 transreid.train INFO: Epoch[2] Iter[200/227] Loss: 9.147, Acc: 0.021, Base Lr: 8.72e-05
2026-03-04 14:13:38 transreid.train INFO: Epoch 2 done. Time: 23s, Speed: 584.9[samples/s], Elapsed: 0h0m, ETA: 0h45m (118 epochs left)
2026-03-04 14:13:40 transreid.train INFO: Epoch[3] Iter[20/227] Loss: 8.207, Acc: 0.048, Base Lr: 1.27e-04
2026-03-04 14:13:43 transreid.train INFO: Epoch[3] Iter[40/227] Loss: 8.143, Acc: 0.054, Base Lr: 1.27e-04
2026-03-04 14:13:45 transreid.train INFO: Epoch[3] Iter[60/227] Loss: 8.104, Acc: 0.057, Base Lr: 1.27e-04
2026-03-04 14:13:47 transreid.train INFO: Epoch[3] Iter[80/227] Loss: 8.062, Acc: 0.070, Base Lr: 1.27e-04
2026-03-04 14:13:49 transreid.train INFO: Epoch[3] Iter[100/227] Loss: 8.032, Acc: 0.082, Base Lr: 1.27e-04
2026-03-04 14:13:51 transreid.train INFO: Epoch[3] Iter[120/227] Loss: 7.988, Acc: 0.093, Base Lr: 1.27e-04
2026-03-04 14:13:53 transreid.train INFO: Epoch[3] Iter[140/227] Loss: 7.955, Acc: 0.105, Base Lr: 1.27e-04
2026-03-04 14:13:56 transreid.train INFO: Epoch[3] Iter[160/227] Loss: 7.908, Acc: 0.113, Base Lr: 1.27e-04
2026-03-04 14:13:58 transreid.train INFO: Epoch[3] Iter[180/227] Loss: 7.866, Acc: 0.124, Base Lr: 1.27e-04
2026-03-04 14:14:00 transreid.train INFO: Epoch[3] Iter[200/227] Loss: 7.832, Acc: 0.145, Base Lr: 1.27e-04
2026-03-04 14:14:01 transreid.train INFO: Epoch 3 done. Time: 23s, Speed: 586.0[samples/s], Elapsed: 0h1m, ETA: 0h45m (117 epochs left)
2026-03-04 14:14:04 transreid.train INFO: Epoch[4] Iter[20/227] Loss: 7.730, Acc: 0.091, Base Lr: 1.66e-04
2026-03-04 14:14:06 transreid.train INFO: Epoch[4] Iter[40/227] Loss: 7.578, Acc: 0.119, Base Lr: 1.66e-04
2026-03-04 14:14:08 transreid.train INFO: Epoch[4] Iter[60/227] Loss: 7.474, Acc: 0.125, Base Lr: 1.66e-04
2026-03-04 14:14:10 transreid.train INFO: Epoch[4] Iter[80/227] Loss: 7.468, Acc: 0.133, Base Lr: 1.66e-04
2026-03-04 14:14:12 transreid.train INFO: Epoch[4] Iter[100/227] Loss: 7.461, Acc: 0.138, Base Lr: 1.66e-04
2026-03-04 14:14:14 transreid.train INFO: Epoch[4] Iter[120/227] Loss: 7.439, Acc: 0.144, Base Lr: 1.66e-04
2026-03-04 14:14:17 transreid.train INFO: Epoch[4] Iter[140/227] Loss: 7.396, Acc: 0.157, Base Lr: 1.66e-04
2026-03-04 14:14:19 transreid.train INFO: Epoch[4] Iter[160/227] Loss: 7.381, Acc: 0.167, Base Lr: 1.66e-04
2026-03-04 14:14:21 transreid.train INFO: Epoch[4] Iter[180/227] Loss: 7.370, Acc: 0.185, Base Lr: 1.66e-04
2026-03-04 14:14:23 transreid.train INFO: Epoch[4] Iter[200/227] Loss: 7.346, Acc: 0.210, Base Lr: 1.66e-04
2026-03-04 14:14:24 transreid.train INFO: Epoch 4 done. Time: 23s, Speed: 586.2[samples/s], Elapsed: 0h1m, ETA: 0h44m (116 epochs left)
2026-03-04 14:14:27 transreid.train INFO: Epoch[5] Iter[20/227] Loss: 7.094, Acc: 0.153, Base Lr: 2.06e-04
2026-03-04 14:14:29 transreid.train INFO: Epoch[5] Iter[40/227] Loss: 7.096, Acc: 0.145, Base Lr: 2.06e-04
2026-03-04 14:14:31 transreid.train INFO: Epoch[5] Iter[60/227] Loss: 7.111, Acc: 0.153, Base Lr: 2.06e-04
2026-03-04 14:14:33 transreid.train INFO: Epoch[5] Iter[80/227] Loss: 7.116, Acc: 0.157, Base Lr: 2.06e-04
2026-03-04 14:14:35 transreid.train INFO: Epoch[5] Iter[100/227] Loss: 7.096, Acc: 0.163, Base Lr: 2.06e-04
2026-03-04 14:14:37 transreid.train INFO: Epoch[5] Iter[120/227] Loss: 7.073, Acc: 0.173, Base Lr: 2.06e-04
2026-03-04 14:14:40 transreid.train INFO: Epoch[5] Iter[140/227] Loss: 7.069, Acc: 0.182, Base Lr: 2.06e-04
2026-03-04 14:14:42 transreid.train INFO: Epoch[5] Iter[160/227] Loss: 7.058, Acc: 0.200, Base Lr: 2.06e-04
2026-03-04 14:14:44 transreid.train INFO: Epoch[5] Iter[180/227] Loss: 7.042, Acc: 0.214, Base Lr: 2.06e-04
2026-03-04 14:14:46 transreid.train INFO: Epoch[5] Iter[200/227] Loss: 7.014, Acc: 0.238, Base Lr: 2.06e-04
2026-03-04 14:14:47 transreid.train INFO: Epoch 5 done. Time: 23s, Speed: 585.7[samples/s], Elapsed: 0h1m, ETA: 0h44m (115 epochs left)
2026-03-04 14:14:50 transreid.train INFO: Epoch[6] Iter[20/227] Loss: 6.916, Acc: 0.127, Base Lr: 2.46e-04
2026-03-04 14:14:52 transreid.train INFO: Epoch[6] Iter[40/227] Loss: 6.883, Acc: 0.124, Base Lr: 2.46e-04
2026-03-04 14:14:54 transreid.train INFO: Epoch[6] Iter[60/227] Loss: 6.905, Acc: 0.131, Base Lr: 2.46e-04
2026-03-04 14:14:56 transreid.train INFO: Epoch[6] Iter[80/227] Loss: 6.901, Acc: 0.135, Base Lr: 2.46e-04
2026-03-04 14:14:58 transreid.train INFO: Epoch[6] Iter[100/227] Loss: 6.891, Acc: 0.144, Base Lr: 2.46e-04
2026-03-04 14:15:01 transreid.train INFO: Epoch[6] Iter[120/227] Loss: 6.861, Acc: 0.158, Base Lr: 2.46e-04
2026-03-04 14:15:03 transreid.train INFO: Epoch[6] Iter[140/227] Loss: 6.846, Acc: 0.167, Base Lr: 2.46e-04
2026-03-04 14:15:05 transreid.train INFO: Epoch[6] Iter[160/227] Loss: 6.817, Acc: 0.182, Base Lr: 2.46e-04
2026-03-04 14:15:07 transreid.train INFO: Epoch[6] Iter[180/227] Loss: 6.793, Acc: 0.195, Base Lr: 2.46e-04
2026-03-04 14:15:09 transreid.train INFO: Epoch[6] Iter[200/227] Loss: 6.763, Acc: 0.219, Base Lr: 2.46e-04
2026-03-04 14:15:11 transreid.train INFO: Epoch 6 done. Time: 23s, Speed: 585.1[samples/s], Elapsed: 0h2m, ETA: 0h44m (114 epochs left)
2026-03-04 14:15:13 transreid.train INFO: Epoch[7] Iter[20/227] Loss: 6.594, Acc: 0.108, Base Lr: 2.85e-04
2026-03-04 14:15:15 transreid.train INFO: Epoch[7] Iter[40/227] Loss: 6.577, Acc: 0.107, Base Lr: 2.85e-04
2026-03-04 14:15:17 transreid.train INFO: Epoch[7] Iter[60/227] Loss: 6.584, Acc: 0.111, Base Lr: 2.85e-04
2026-03-04 14:15:20 transreid.train INFO: Epoch[7] Iter[80/227] Loss: 6.525, Acc: 0.124, Base Lr: 2.85e-04
2026-03-04 14:15:22 transreid.train INFO: Epoch[7] Iter[100/227] Loss: 6.513, Acc: 0.132, Base Lr: 2.85e-04
2026-03-04 14:15:24 transreid.train INFO: Epoch[7] Iter[120/227] Loss: 6.502, Acc: 0.143, Base Lr: 2.85e-04
2026-03-04 14:15:26 transreid.train INFO: Epoch[7] Iter[140/227] Loss: 6.472, Acc: 0.157, Base Lr: 2.85e-04
2026-03-04 14:15:28 transreid.train INFO: Epoch[7] Iter[160/227] Loss: 6.441, Acc: 0.173, Base Lr: 2.85e-04
2026-03-04 14:15:30 transreid.train INFO: Epoch[7] Iter[180/227] Loss: 6.403, Acc: 0.190, Base Lr: 2.85e-04
2026-03-04 14:15:33 transreid.train INFO: Epoch[7] Iter[200/227] Loss: 6.338, Acc: 0.218, Base Lr: 2.85e-04
2026-03-04 14:15:34 transreid.train INFO: Epoch 7 done. Time: 23s, Speed: 585.1[samples/s], Elapsed: 0h2m, ETA: 0h43m (113 epochs left)
2026-03-04 14:15:36 transreid.train INFO: Epoch[8] Iter[20/227] Loss: 6.245, Acc: 0.142, Base Lr: 3.25e-04
2026-03-04 14:15:38 transreid.train INFO: Epoch[8] Iter[40/227] Loss: 6.301, Acc: 0.127, Base Lr: 3.25e-04
2026-03-04 14:15:41 transreid.train INFO: Epoch[8] Iter[60/227] Loss: 6.366, Acc: 0.119, Base Lr: 3.25e-04
2026-03-04 14:15:43 transreid.train INFO: Epoch[8] Iter[80/227] Loss: 6.318, Acc: 0.129, Base Lr: 3.25e-04
2026-03-04 14:15:45 transreid.train INFO: Epoch[8] Iter[100/227] Loss: 6.272, Acc: 0.132, Base Lr: 3.25e-04
2026-03-04 14:15:47 transreid.train INFO: Epoch[8] Iter[120/227] Loss: 6.252, Acc: 0.141, Base Lr: 3.25e-04
2026-03-04 14:15:49 transreid.train INFO: Epoch[8] Iter[140/227] Loss: 6.212, Acc: 0.159, Base Lr: 3.25e-04
2026-03-04 14:15:51 transreid.train INFO: Epoch[8] Iter[160/227] Loss: 6.167, Acc: 0.175, Base Lr: 3.25e-04
2026-03-04 14:15:54 transreid.train INFO: Epoch[8] Iter[180/227] Loss: 6.116, Acc: 0.194, Base Lr: 3.25e-04
2026-03-04 14:15:56 transreid.train INFO: Epoch[8] Iter[200/227] Loss: 6.038, Acc: 0.219, Base Lr: 3.25e-04
2026-03-04 14:15:57 transreid.train INFO: Epoch 8 done. Time: 23s, Speed: 585.2[samples/s], Elapsed: 0h3m, ETA: 0h43m (112 epochs left)
2026-03-04 14:15:59 transreid.train INFO: Epoch[9] Iter[20/227] Loss: 6.154, Acc: 0.098, Base Lr: 3.64e-04
2026-03-04 14:16:01 transreid.train INFO: Epoch[9] Iter[40/227] Loss: 6.093, Acc: 0.110, Base Lr: 3.64e-04
2026-03-04 14:16:04 transreid.train INFO: Epoch[9] Iter[60/227] Loss: 6.092, Acc: 0.118, Base Lr: 3.64e-04
2026-03-04 14:16:06 transreid.train INFO: Epoch[9] Iter[80/227] Loss: 6.036, Acc: 0.137, Base Lr: 3.64e-04
2026-03-04 14:16:08 transreid.train INFO: Epoch[9] Iter[100/227] Loss: 5.994, Acc: 0.150, Base Lr: 3.64e-04
2026-03-04 14:16:10 transreid.train INFO: Epoch[9] Iter[120/227] Loss: 5.936, Acc: 0.163, Base Lr: 3.64e-04
2026-03-04 14:16:12 transreid.train INFO: Epoch[9] Iter[140/227] Loss: 5.903, Acc: 0.173, Base Lr: 3.64e-04
2026-03-04 14:16:14 transreid.train INFO: Epoch[9] Iter[160/227] Loss: 5.847, Acc: 0.186, Base Lr: 3.64e-04
2026-03-04 14:16:17 transreid.train INFO: Epoch[9] Iter[180/227] Loss: 5.783, Acc: 0.201, Base Lr: 3.64e-04
2026-03-04 14:16:19 transreid.train INFO: Epoch[9] Iter[200/227] Loss: 5.679, Acc: 0.230, Base Lr: 3.64e-04
2026-03-04 14:16:20 transreid.train INFO: Epoch 9 done. Time: 23s, Speed: 585.8[samples/s], Elapsed: 0h3m, ETA: 0h42m (111 epochs left)
2026-03-04 14:16:22 transreid.train INFO: Epoch[10] Iter[20/227] Loss: 5.683, Acc: 0.177, Base Lr: 4.04e-04
2026-03-04 14:16:25 transreid.train INFO: Epoch[10] Iter[40/227] Loss: 5.683, Acc: 0.158, Base Lr: 4.04e-04
2026-03-04 14:16:27 transreid.train INFO: Epoch[10] Iter[60/227] Loss: 5.634, Acc: 0.166, Base Lr: 4.04e-04
2026-03-04 14:16:29 transreid.train INFO: Epoch[10] Iter[80/227] Loss: 5.624, Acc: 0.172, Base Lr: 4.04e-04
2026-03-04 14:16:31 transreid.train INFO: Epoch[10] Iter[100/227] Loss: 5.595, Acc: 0.175, Base Lr: 4.04e-04
2026-03-04 14:16:33 transreid.train INFO: Epoch[10] Iter[120/227] Loss: 5.562, Acc: 0.183, Base Lr: 4.04e-04
2026-03-04 14:16:35 transreid.train INFO: Epoch[10] Iter[140/227] Loss: 5.499, Acc: 0.200, Base Lr: 4.04e-04
2026-03-04 14:16:37 transreid.train INFO: Epoch[10] Iter[160/227] Loss: 5.449, Acc: 0.214, Base Lr: 4.04e-04
2026-03-04 14:16:40 transreid.train INFO: Epoch[10] Iter[180/227] Loss: 5.361, Acc: 0.235, Base Lr: 4.04e-04
2026-03-04 14:16:42 transreid.train INFO: Epoch[10] Iter[200/227] Loss: 5.242, Acc: 0.268, Base Lr: 4.04e-04
2026-03-04 14:16:43 transreid.train INFO: Epoch 10 done. Time: 23s, Speed: 585.9[samples/s], Elapsed: 0h3m, ETA: 0h42m (110 epochs left)
The test feature is normalized
=> Computing DistMat with euclidean_distance
2026-03-04 14:17:05 transreid.train INFO: Validation Results - Epoch: 10
2026-03-04 14:17:05 transreid.train INFO: mAP: 34.4%
2026-03-04 14:17:05 transreid.train INFO: CMC curve, Rank-1  :44.6%
2026-03-04 14:17:05 transreid.train INFO: CMC curve, Rank-5  :60.0%
2026-03-04 14:17:05 transreid.train INFO: CMC curve, Rank-10 :66.7%
/home/afr/SOLIDER-REID/utils/metrics.py:12: UserWarning: This overload of addmm_ is deprecated:
	addmm_(Number beta, Number alpha, Tensor mat1, Tensor mat2)
Consider using one of the following signatures instead:
	addmm_(Tensor mat1, Tensor mat2, *, Number beta, Number alpha) (Triggered internally at /opt/conda/conda-bld/pytorch_1670525541702/work/torch/csrc/utils/python_arg_parser.cpp:1420.)
  dist_mat.addmm_(1, -2, qf, gf.t())
2026-03-04 14:17:08 transreid.train INFO: Epoch[11] Iter[20/227] Loss: 5.360, Acc: 0.170, Base Lr: 4.44e-04
2026-03-04 14:17:10 transreid.train INFO: Epoch[11] Iter[40/227] Loss: 5.302, Acc: 0.180, Base Lr: 4.44e-04
2026-03-04 14:17:12 transreid.train INFO: Epoch[11] Iter[60/227] Loss: 5.288, Acc: 0.186, Base Lr: 4.44e-04
2026-03-04 14:17:14 transreid.train INFO: Epoch[11] Iter[80/227] Loss: 5.219, Acc: 0.205, Base Lr: 4.44e-04
2026-03-04 14:17:16 transreid.train INFO: Epoch[11] Iter[100/227] Loss: 5.148, Acc: 0.218, Base Lr: 4.44e-04
2026-03-04 14:17:18 transreid.train INFO: Epoch[11] Iter[120/227] Loss: 5.105, Acc: 0.232, Base Lr: 4.44e-04
2026-03-04 14:17:21 transreid.train INFO: Epoch[11] Iter[140/227] Loss: 5.060, Acc: 0.239, Base Lr: 4.44e-04
2026-03-04 14:17:23 transreid.train INFO: Epoch[11] Iter[160/227] Loss: 5.010, Acc: 0.252, Base Lr: 4.44e-04
2026-03-04 14:17:25 transreid.train INFO: Epoch[11] Iter[180/227] Loss: 4.942, Acc: 0.273, Base Lr: 4.44e-04
2026-03-04 14:17:27 transreid.train INFO: Epoch[11] Iter[200/227] Loss: 4.830, Acc: 0.299, Base Lr: 4.44e-04
2026-03-04 14:17:28 transreid.train INFO: Epoch 11 done. Time: 23s, Speed: 582.9[samples/s], Elapsed: 0h4m, ETA: 0h42m (109 epochs left)
2026-03-04 14:17:31 transreid.train INFO: Epoch[12] Iter[20/227] Loss: 4.852, Acc: 0.230, Base Lr: 4.83e-04
2026-03-04 14:17:33 transreid.train INFO: Epoch[12] Iter[40/227] Loss: 4.908, Acc: 0.227, Base Lr: 4.83e-04
2026-03-04 14:17:35 transreid.train INFO: Epoch[12] Iter[60/227] Loss: 4.922, Acc: 0.235, Base Lr: 4.83e-04
2026-03-04 14:17:37 transreid.train INFO: Epoch[12] Iter[80/227] Loss: 4.878, Acc: 0.242, Base Lr: 4.83e-04
2026-03-04 14:17:40 transreid.train INFO: Epoch[12] Iter[100/227] Loss: 4.839, Acc: 0.255, Base Lr: 4.83e-04
2026-03-04 14:17:42 transreid.train INFO: Epoch[12] Iter[120/227] Loss: 4.799, Acc: 0.274, Base Lr: 4.83e-04
2026-03-04 14:17:44 transreid.train INFO: Epoch[12] Iter[140/227] Loss: 4.747, Acc: 0.284, Base Lr: 4.83e-04
2026-03-04 14:17:46 transreid.train INFO: Epoch[12] Iter[160/227] Loss: 4.675, Acc: 0.301, Base Lr: 4.83e-04
2026-03-04 14:17:48 transreid.train INFO: Epoch[12] Iter[180/227] Loss: 4.591, Acc: 0.323, Base Lr: 4.83e-04
2026-03-04 14:17:50 transreid.train INFO: Epoch[12] Iter[200/227] Loss: 4.462, Acc: 0.356, Base Lr: 4.83e-04
2026-03-04 14:17:52 transreid.train INFO: Epoch 12 done. Time: 23s, Speed: 583.2[samples/s], Elapsed: 0h5m, ETA: 0h41m (108 epochs left)
2026-03-04 14:17:54 transreid.train INFO: Epoch[13] Iter[20/227] Loss: 4.625, Acc: 0.227, Base Lr: 5.23e-04
2026-03-04 14:17:56 transreid.train INFO: Epoch[13] Iter[40/227] Loss: 4.547, Acc: 0.266, Base Lr: 5.23e-04
2026-03-04 14:17:58 transreid.train INFO: Epoch[13] Iter[60/227] Loss: 4.489, Acc: 0.288, Base Lr: 5.23e-04
2026-03-04 14:18:01 transreid.train INFO: Epoch[13] Iter[80/227] Loss: 4.420, Acc: 0.315, Base Lr: 5.23e-04
2026-03-04 14:18:03 transreid.train INFO: Epoch[13] Iter[100/227] Loss: 4.365, Acc: 0.329, Base Lr: 5.23e-04
2026-03-04 14:18:05 transreid.train INFO: Epoch[13] Iter[120/227] Loss: 4.330, Acc: 0.342, Base Lr: 5.23e-04
2026-03-04 14:18:07 transreid.train INFO: Epoch[13] Iter[140/227] Loss: 4.284, Acc: 0.362, Base Lr: 5.23e-04
2026-03-04 14:18:09 transreid.train INFO: Epoch[13] Iter[160/227] Loss: 4.214, Acc: 0.383, Base Lr: 5.23e-04
2026-03-04 14:18:11 transreid.train INFO: Epoch[13] Iter[180/227] Loss: 4.133, Acc: 0.408, Base Lr: 5.23e-04
2026-03-04 14:18:14 transreid.train INFO: Epoch[13] Iter[200/227] Loss: 4.032, Acc: 0.434, Base Lr: 5.23e-04
2026-03-04 14:18:15 transreid.train INFO: Epoch 13 done. Time: 23s, Speed: 583.3[samples/s], Elapsed: 0h5m, ETA: 0h41m (107 epochs left)
2026-03-04 14:18:17 transreid.train INFO: Epoch[14] Iter[20/227] Loss: 4.209, Acc: 0.351, Base Lr: 5.62e-04
2026-03-04 14:18:20 transreid.train INFO: Epoch[14] Iter[40/227] Loss: 4.180, Acc: 0.358, Base Lr: 5.62e-04
2026-03-04 14:18:22 transreid.train INFO: Epoch[14] Iter[60/227] Loss: 4.152, Acc: 0.363, Base Lr: 5.62e-04
2026-03-04 14:18:24 transreid.train INFO: Epoch[14] Iter[80/227] Loss: 4.077, Acc: 0.388, Base Lr: 5.62e-04
2026-03-04 14:18:26 transreid.train INFO: Epoch[14] Iter[100/227] Loss: 4.058, Acc: 0.390, Base Lr: 5.62e-04
2026-03-04 14:18:28 transreid.train INFO: Epoch[14] Iter[120/227] Loss: 4.032, Acc: 0.405, Base Lr: 5.62e-04
2026-03-04 14:18:30 transreid.train INFO: Epoch[14] Iter[140/227] Loss: 3.957, Acc: 0.432, Base Lr: 5.62e-04
2026-03-04 14:18:33 transreid.train INFO: Epoch[14] Iter[160/227] Loss: 3.905, Acc: 0.447, Base Lr: 5.62e-04
2026-03-04 14:18:35 transreid.train INFO: Epoch[14] Iter[180/227] Loss: 3.823, Acc: 0.473, Base Lr: 5.62e-04
2026-03-04 14:18:37 transreid.train INFO: Epoch[14] Iter[200/227] Loss: 3.680, Acc: 0.507, Base Lr: 5.62e-04
2026-03-04 14:18:38 transreid.train INFO: Epoch 14 done. Time: 23s, Speed: 582.2[samples/s], Elapsed: 0h5m, ETA: 0h40m (106 epochs left)
2026-03-04 14:18:41 transreid.train INFO: Epoch[15] Iter[20/227] Loss: 3.843, Acc: 0.420, Base Lr: 6.02e-04
2026-03-04 14:18:43 transreid.train INFO: Epoch[15] Iter[40/227] Loss: 3.837, Acc: 0.425, Base Lr: 6.02e-04
2026-03-04 14:18:45 transreid.train INFO: Epoch[15] Iter[60/227] Loss: 3.750, Acc: 0.449, Base Lr: 6.02e-04
2026-03-04 14:18:47 transreid.train INFO: Epoch[15] Iter[80/227] Loss: 3.724, Acc: 0.462, Base Lr: 6.02e-04
2026-03-04 14:18:49 transreid.train INFO: Epoch[15] Iter[100/227] Loss: 3.648, Acc: 0.484, Base Lr: 6.02e-04
2026-03-04 14:18:52 transreid.train INFO: Epoch[15] Iter[120/227] Loss: 3.610, Acc: 0.500, Base Lr: 6.02e-04
2026-03-04 14:18:54 transreid.train INFO: Epoch[15] Iter[140/227] Loss: 3.541, Acc: 0.520, Base Lr: 6.02e-04
2026-03-04 14:18:56 transreid.train INFO: Epoch[15] Iter[160/227] Loss: 3.477, Acc: 0.538, Base Lr: 6.02e-04
2026-03-04 14:18:58 transreid.train INFO: Epoch[15] Iter[180/227] Loss: 3.406, Acc: 0.555, Base Lr: 6.02e-04
2026-03-04 14:19:00 transreid.train INFO: Epoch[15] Iter[200/227] Loss: 3.300, Acc: 0.582, Base Lr: 6.02e-04
2026-03-04 14:19:02 transreid.train INFO: Epoch 15 done. Time: 23s, Speed: 583.6[samples/s], Elapsed: 0h6m, ETA: 0h40m (105 epochs left)
2026-03-04 14:19:04 transreid.train INFO: Epoch[16] Iter[20/227] Loss: 3.387, Acc: 0.509, Base Lr: 6.42e-04
2026-03-04 14:19:06 transreid.train INFO: Epoch[16] Iter[40/227] Loss: 3.399, Acc: 0.521, Base Lr: 6.42e-04
2026-03-04 14:19:08 transreid.train INFO: Epoch[16] Iter[60/227] Loss: 3.363, Acc: 0.528, Base Lr: 6.42e-04
2026-03-04 14:19:10 transreid.train INFO: Epoch[16] Iter[80/227] Loss: 3.319, Acc: 0.547, Base Lr: 6.42e-04
2026-03-04 14:19:13 transreid.train INFO: Epoch[16] Iter[100/227] Loss: 3.286, Acc: 0.564, Base Lr: 6.42e-04
2026-03-04 14:19:15 transreid.train INFO: Epoch[16] Iter[120/227] Loss: 3.253, Acc: 0.578, Base Lr: 6.42e-04
2026-03-04 14:19:17 transreid.train INFO: Epoch[16] Iter[140/227] Loss: 3.200, Acc: 0.593, Base Lr: 6.42e-04
2026-03-04 14:19:19 transreid.train INFO: Epoch[16] Iter[160/227] Loss: 3.143, Acc: 0.604, Base Lr: 6.42e-04
2026-03-04 14:19:21 transreid.train INFO: Epoch[16] Iter[180/227] Loss: 3.056, Acc: 0.625, Base Lr: 6.42e-04
2026-03-04 14:19:23 transreid.train INFO: Epoch[16] Iter[200/227] Loss: 2.964, Acc: 0.650, Base Lr: 6.42e-04
2026-03-04 14:19:25 transreid.train INFO: Epoch 16 done. Time: 23s, Speed: 583.2[samples/s], Elapsed: 0h6m, ETA: 0h40m (104 epochs left)
2026-03-04 14:19:27 transreid.train INFO: Epoch[17] Iter[20/227] Loss: 3.022, Acc: 0.571, Base Lr: 6.81e-04
2026-03-04 14:19:29 transreid.train INFO: Epoch[17] Iter[40/227] Loss: 3.030, Acc: 0.596, Base Lr: 6.81e-04
2026-03-04 14:19:31 transreid.train INFO: Epoch[17] Iter[60/227] Loss: 3.045, Acc: 0.600, Base Lr: 6.81e-04
2026-03-04 14:19:34 transreid.train INFO: Epoch[17] Iter[80/227] Loss: 3.011, Acc: 0.618, Base Lr: 6.81e-04
2026-03-04 14:19:36 transreid.train INFO: Epoch[17] Iter[100/227] Loss: 2.981, Acc: 0.632, Base Lr: 6.81e-04
2026-03-04 14:19:38 transreid.train INFO: Epoch[17] Iter[120/227] Loss: 2.924, Acc: 0.646, Base Lr: 6.81e-04
2026-03-04 14:19:40 transreid.train INFO: Epoch[17] Iter[140/227] Loss: 2.871, Acc: 0.659, Base Lr: 6.81e-04
2026-03-04 14:19:42 transreid.train INFO: Epoch[17] Iter[160/227] Loss: 2.810, Acc: 0.675, Base Lr: 6.81e-04
2026-03-04 14:19:44 transreid.train INFO: Epoch[17] Iter[180/227] Loss: 2.746, Acc: 0.690, Base Lr: 6.81e-04
2026-03-04 14:19:47 transreid.train INFO: Epoch[17] Iter[200/227] Loss: 2.643, Acc: 0.708, Base Lr: 6.81e-04
2026-03-04 14:19:48 transreid.train INFO: Epoch 17 done. Time: 23s, Speed: 583.4[samples/s], Elapsed: 0h6m, ETA: 0h39m (103 epochs left)
2026-03-04 14:19:50 transreid.train INFO: Epoch[18] Iter[20/227] Loss: 2.973, Acc: 0.576, Base Lr: 7.21e-04
2026-03-04 14:19:52 transreid.train INFO: Epoch[18] Iter[40/227] Loss: 2.820, Acc: 0.624, Base Lr: 7.21e-04
2026-03-04 14:19:54 transreid.train INFO: Epoch[18] Iter[60/227] Loss: 2.804, Acc: 0.639, Base Lr: 7.21e-04
2026-03-04 14:19:57 transreid.train INFO: Epoch[18] Iter[80/227] Loss: 2.731, Acc: 0.657, Base Lr: 7.21e-04
2026-03-04 14:19:59 transreid.train INFO: Epoch[18] Iter[100/227] Loss: 2.680, Acc: 0.671, Base Lr: 7.21e-04
2026-03-04 14:20:01 transreid.train INFO: Epoch[18] Iter[120/227] Loss: 2.622, Acc: 0.689, Base Lr: 7.21e-04
2026-03-04 14:20:03 transreid.train INFO: Epoch[18] Iter[140/227] Loss: 2.551, Acc: 0.707, Base Lr: 7.21e-04
2026-03-04 14:20:05 transreid.train INFO: Epoch[18] Iter[160/227] Loss: 2.487, Acc: 0.721, Base Lr: 7.21e-04
2026-03-04 14:20:07 transreid.train INFO: Epoch[18] Iter[180/227] Loss: 2.422, Acc: 0.737, Base Lr: 7.21e-04
2026-03-04 14:20:10 transreid.train INFO: Epoch[18] Iter[200/227] Loss: 2.340, Acc: 0.752, Base Lr: 7.21e-04
2026-03-04 14:20:11 transreid.train INFO: Epoch 18 done. Time: 23s, Speed: 583.4[samples/s], Elapsed: 0h7m, ETA: 0h39m (102 epochs left)
2026-03-04 14:20:14 transreid.train INFO: Epoch[19] Iter[20/227] Loss: 2.821, Acc: 0.641, Base Lr: 7.60e-04
2026-03-04 14:20:16 transreid.train INFO: Epoch[19] Iter[40/227] Loss: 2.581, Acc: 0.684, Base Lr: 7.60e-04
2026-03-04 14:20:18 transreid.train INFO: Epoch[19] Iter[60/227] Loss: 2.519, Acc: 0.701, Base Lr: 7.60e-04
2026-03-04 14:20:20 transreid.train INFO: Epoch[19] Iter[80/227] Loss: 2.462, Acc: 0.709, Base Lr: 7.60e-04
2026-03-04 14:20:22 transreid.train INFO: Epoch[19] Iter[100/227] Loss: 2.401, Acc: 0.722, Base Lr: 7.60e-04
2026-03-04 14:20:24 transreid.train INFO: Epoch[19] Iter[120/227] Loss: 2.331, Acc: 0.736, Base Lr: 7.60e-04
2026-03-04 14:20:27 transreid.train INFO: Epoch[19] Iter[140/227] Loss: 2.309, Acc: 0.747, Base Lr: 7.60e-04
2026-03-04 14:20:29 transreid.train INFO: Epoch[19] Iter[160/227] Loss: 2.267, Acc: 0.761, Base Lr: 7.60e-04
2026-03-04 14:20:31 transreid.train INFO: Epoch[19] Iter[180/227] Loss: 2.193, Acc: 0.778, Base Lr: 7.60e-04
2026-03-04 14:20:33 transreid.train INFO: Epoch[19] Iter[200/227] Loss: 2.104, Acc: 0.792, Base Lr: 7.60e-04
2026-03-04 14:20:34 transreid.train INFO: Epoch 19 done. Time: 23s, Speed: 583.1[samples/s], Elapsed: 0h7m, ETA: 0h39m (101 epochs left)
2026-03-04 14:20:37 transreid.train INFO: Epoch[20] Iter[20/227] Loss: 2.297, Acc: 0.720, Base Lr: 7.47e-04
2026-03-04 14:20:39 transreid.train INFO: Epoch[20] Iter[40/227] Loss: 2.238, Acc: 0.729, Base Lr: 7.47e-04
2026-03-04 14:20:41 transreid.train INFO: Epoch[20] Iter[60/227] Loss: 2.112, Acc: 0.756, Base Lr: 7.47e-04
2026-03-04 14:20:43 transreid.train INFO: Epoch[20] Iter[80/227] Loss: 2.044, Acc: 0.776, Base Lr: 7.47e-04
2026-03-04 14:20:45 transreid.train INFO: Epoch[20] Iter[100/227] Loss: 1.997, Acc: 0.787, Base Lr: 7.47e-04
2026-03-04 14:20:48 transreid.train INFO: Epoch[20] Iter[120/227] Loss: 1.989, Acc: 0.791, Base Lr: 7.47e-04
2026-03-04 14:20:50 transreid.train INFO: Epoch[20] Iter[140/227] Loss: 1.946, Acc: 0.801, Base Lr: 7.47e-04
2026-03-04 14:20:52 transreid.train INFO: Epoch[20] Iter[160/227] Loss: 1.900, Acc: 0.812, Base Lr: 7.47e-04
2026-03-04 14:20:54 transreid.train INFO: Epoch[20] Iter[180/227] Loss: 1.848, Acc: 0.820, Base Lr: 7.47e-04
2026-03-04 14:20:56 transreid.train INFO: Epoch[20] Iter[200/227] Loss: 1.793, Acc: 0.832, Base Lr: 7.47e-04
2026-03-04 14:20:57 transreid.train INFO: Epoch 20 done. Time: 23s, Speed: 583.4[samples/s], Elapsed: 0h8m, ETA: 0h38m (100 epochs left)
The test feature is normalized
=> Computing DistMat with euclidean_distance
2026-03-04 14:21:19 transreid.train INFO: Validation Results - Epoch: 20
2026-03-04 14:21:19 transreid.train INFO: mAP: 41.6%
2026-03-04 14:21:19 transreid.train INFO: CMC curve, Rank-1  :52.7%
2026-03-04 14:21:19 transreid.train INFO: CMC curve, Rank-5  :69.2%
2026-03-04 14:21:19 transreid.train INFO: CMC curve, Rank-10 :74.5%
2026-03-04 14:21:22 transreid.train INFO: Epoch[21] Iter[20/227] Loss: 2.033, Acc: 0.783, Base Lr: 7.41e-04
2026-03-04 14:21:24 transreid.train INFO: Epoch[21] Iter[40/227] Loss: 2.040, Acc: 0.775, Base Lr: 7.41e-04
2026-03-04 14:21:26 transreid.train INFO: Epoch[21] Iter[60/227] Loss: 1.969, Acc: 0.786, Base Lr: 7.41e-04
2026-03-04 14:21:28 transreid.train INFO: Epoch[21] Iter[80/227] Loss: 1.930, Acc: 0.797, Base Lr: 7.41e-04
2026-03-04 14:21:30 transreid.train INFO: Epoch[21] Iter[100/227] Loss: 1.897, Acc: 0.805, Base Lr: 7.41e-04
2026-03-04 14:21:33 transreid.train INFO: Epoch[21] Iter[120/227] Loss: 1.849, Acc: 0.817, Base Lr: 7.41e-04
2026-03-04 14:21:35 transreid.train INFO: Epoch[21] Iter[140/227] Loss: 1.774, Acc: 0.830, Base Lr: 7.41e-04
2026-03-04 14:21:37 transreid.train INFO: Epoch[21] Iter[160/227] Loss: 1.720, Acc: 0.841, Base Lr: 7.41e-04
2026-03-04 14:21:39 transreid.train INFO: Epoch[21] Iter[180/227] Loss: 1.661, Acc: 0.852, Base Lr: 7.41e-04
2026-03-04 14:21:41 transreid.train INFO: Epoch[21] Iter[200/227] Loss: 1.607, Acc: 0.860, Base Lr: 7.41e-04
2026-03-04 14:21:43 transreid.train INFO: Epoch 21 done. Time: 23s, Speed: 582.6[samples/s], Elapsed: 0h8m, ETA: 0h38m (99 epochs left)
2026-03-04 14:21:45 transreid.train INFO: Epoch[22] Iter[20/227] Loss: 1.659, Acc: 0.831, Base Lr: 7.36e-04
2026-03-04 14:21:47 transreid.train INFO: Epoch[22] Iter[40/227] Loss: 1.686, Acc: 0.835, Base Lr: 7.36e-04
2026-03-04 14:21:49 transreid.train INFO: Epoch[22] Iter[60/227] Loss: 1.643, Acc: 0.836, Base Lr: 7.36e-04
2026-03-04 14:21:51 transreid.train INFO: Epoch[22] Iter[80/227] Loss: 1.644, Acc: 0.837, Base Lr: 7.36e-04
2026-03-04 14:21:54 transreid.train INFO: Epoch[22] Iter[100/227] Loss: 1.632, Acc: 0.840, Base Lr: 7.36e-04
2026-03-04 14:21:56 transreid.train INFO: Epoch[22] Iter[120/227] Loss: 1.575, Acc: 0.852, Base Lr: 7.36e-04
2026-03-04 14:21:58 transreid.train INFO: Epoch[22] Iter[140/227] Loss: 1.537, Acc: 0.861, Base Lr: 7.36e-04
2026-03-04 14:22:00 transreid.train INFO: Epoch[22] Iter[160/227] Loss: 1.501, Acc: 0.868, Base Lr: 7.36e-04
2026-03-04 14:22:02 transreid.train INFO: Epoch[22] Iter[180/227] Loss: 1.453, Acc: 0.876, Base Lr: 7.36e-04
2026-03-04 14:22:04 transreid.train INFO: Epoch[22] Iter[200/227] Loss: 1.400, Acc: 0.884, Base Lr: 7.36e-04
2026-03-04 14:22:06 transreid.train INFO: Epoch 22 done. Time: 23s, Speed: 584.2[samples/s], Elapsed: 0h9m, ETA: 0h37m (98 epochs left)
2026-03-04 14:22:08 transreid.train INFO: Epoch[23] Iter[20/227] Loss: 1.558, Acc: 0.846, Base Lr: 7.30e-04
2026-03-04 14:22:10 transreid.train INFO: Epoch[23] Iter[40/227] Loss: 1.466, Acc: 0.859, Base Lr: 7.30e-04
2026-03-04 14:22:12 transreid.train INFO: Epoch[23] Iter[60/227] Loss: 1.443, Acc: 0.864, Base Lr: 7.30e-04
2026-03-04 14:22:14 transreid.train INFO: Epoch[23] Iter[80/227] Loss: 1.429, Acc: 0.871, Base Lr: 7.30e-04
2026-03-04 14:22:17 transreid.train INFO: Epoch[23] Iter[100/227] Loss: 1.422, Acc: 0.873, Base Lr: 7.30e-04
2026-03-04 14:22:19 transreid.train INFO: Epoch[23] Iter[120/227] Loss: 1.381, Acc: 0.878, Base Lr: 7.30e-04
2026-03-04 14:22:21 transreid.train INFO: Epoch[23] Iter[140/227] Loss: 1.346, Acc: 0.882, Base Lr: 7.30e-04
2026-03-04 14:22:23 transreid.train INFO: Epoch[23] Iter[160/227] Loss: 1.323, Acc: 0.887, Base Lr: 7.30e-04
2026-03-04 14:22:25 transreid.train INFO: Epoch[23] Iter[180/227] Loss: 1.285, Acc: 0.894, Base Lr: 7.30e-04
2026-03-04 14:22:27 transreid.train INFO: Epoch[23] Iter[200/227] Loss: 1.238, Acc: 0.900, Base Lr: 7.30e-04
2026-03-04 14:22:29 transreid.train INFO: Epoch 23 done. Time: 23s, Speed: 583.5[samples/s], Elapsed: 0h9m, ETA: 0h37m (97 epochs left)
2026-03-04 14:22:31 transreid.train INFO: Epoch[24] Iter[20/227] Loss: 1.312, Acc: 0.875, Base Lr: 7.24e-04
2026-03-04 14:22:33 transreid.train INFO: Epoch[24] Iter[40/227] Loss: 1.292, Acc: 0.875, Base Lr: 7.24e-04
2026-03-04 14:22:35 transreid.train INFO: Epoch[24] Iter[60/227] Loss: 1.217, Acc: 0.884, Base Lr: 7.24e-04
2026-03-04 14:22:38 transreid.train INFO: Epoch[24] Iter[80/227] Loss: 1.200, Acc: 0.888, Base Lr: 7.24e-04
2026-03-04 14:22:40 transreid.train INFO: Epoch[24] Iter[100/227] Loss: 1.180, Acc: 0.891, Base Lr: 7.24e-04
2026-03-04 14:22:42 transreid.train INFO: Epoch[24] Iter[120/227] Loss: 1.157, Acc: 0.896, Base Lr: 7.24e-04
2026-03-04 14:22:44 transreid.train INFO: Epoch[24] Iter[140/227] Loss: 1.140, Acc: 0.901, Base Lr: 7.24e-04
2026-03-04 14:22:46 transreid.train INFO: Epoch[24] Iter[160/227] Loss: 1.110, Acc: 0.908, Base Lr: 7.24e-04
2026-03-04 14:22:48 transreid.train INFO: Epoch[24] Iter[180/227] Loss: 1.073, Acc: 0.915, Base Lr: 7.24e-04
2026-03-04 14:22:51 transreid.train INFO: Epoch[24] Iter[200/227] Loss: 1.027, Acc: 0.921, Base Lr: 7.24e-04
2026-03-04 14:22:52 transreid.train INFO: Epoch 24 done. Time: 23s, Speed: 583.5[samples/s], Elapsed: 0h10m, ETA: 0h37m (96 epochs left)
2026-03-04 14:22:54 transreid.train INFO: Epoch[25] Iter[20/227] Loss: 1.131, Acc: 0.906, Base Lr: 7.18e-04
2026-03-04 14:22:57 transreid.train INFO: Epoch[25] Iter[40/227] Loss: 1.156, Acc: 0.896, Base Lr: 7.18e-04
2026-03-04 14:22:59 transreid.train INFO: Epoch[25] Iter[60/227] Loss: 1.144, Acc: 0.906, Base Lr: 7.18e-04
2026-03-04 14:23:01 transreid.train INFO: Epoch[25] Iter[80/227] Loss: 1.122, Acc: 0.913, Base Lr: 7.18e-04
2026-03-04 14:23:03 transreid.train INFO: Epoch[25] Iter[100/227] Loss: 1.107, Acc: 0.913, Base Lr: 7.18e-04
2026-03-04 14:23:05 transreid.train INFO: Epoch[25] Iter[120/227] Loss: 1.076, Acc: 0.917, Base Lr: 7.18e-04
2026-03-04 14:23:07 transreid.train INFO: Epoch[25] Iter[140/227] Loss: 1.054, Acc: 0.920, Base Lr: 7.18e-04
2026-03-04 14:23:10 transreid.train INFO: Epoch[25] Iter[160/227] Loss: 1.031, Acc: 0.924, Base Lr: 7.18e-04
2026-03-04 14:23:12 transreid.train INFO: Epoch[25] Iter[180/227] Loss: 0.997, Acc: 0.928, Base Lr: 7.18e-04
2026-03-04 14:23:14 transreid.train INFO: Epoch[25] Iter[200/227] Loss: 0.957, Acc: 0.931, Base Lr: 7.18e-04
2026-03-04 14:23:15 transreid.train INFO: Epoch 25 done. Time: 23s, Speed: 583.4[samples/s], Elapsed: 0h10m, ETA: 0h36m (95 epochs left)
2026-03-04 14:23:18 transreid.train INFO: Epoch[26] Iter[20/227] Loss: 1.007, Acc: 0.909, Base Lr: 7.11e-04
2026-03-04 14:23:20 transreid.train INFO: Epoch[26] Iter[40/227] Loss: 1.024, Acc: 0.912, Base Lr: 7.11e-04
2026-03-04 14:23:22 transreid.train INFO: Epoch[26] Iter[60/227] Loss: 1.012, Acc: 0.918, Base Lr: 7.11e-04
2026-03-04 14:23:24 transreid.train INFO: Epoch[26] Iter[80/227] Loss: 1.016, Acc: 0.923, Base Lr: 7.11e-04
2026-03-04 14:23:26 transreid.train INFO: Epoch[26] Iter[100/227] Loss: 1.008, Acc: 0.924, Base Lr: 7.11e-04
2026-03-04 14:23:29 transreid.train INFO: Epoch[26] Iter[120/227] Loss: 0.984, Acc: 0.927, Base Lr: 7.11e-04
2026-03-04 14:23:31 transreid.train INFO: Epoch[26] Iter[140/227] Loss: 0.956, Acc: 0.931, Base Lr: 7.11e-04
2026-03-04 14:23:33 transreid.train INFO: Epoch[26] Iter[160/227] Loss: 0.929, Acc: 0.935, Base Lr: 7.11e-04
2026-03-04 14:23:35 transreid.train INFO: Epoch[26] Iter[180/227] Loss: 0.897, Acc: 0.939, Base Lr: 7.11e-04
2026-03-04 14:23:37 transreid.train INFO: Epoch[26] Iter[200/227] Loss: 0.859, Acc: 0.942, Base Lr: 7.11e-04
2026-03-04 14:23:39 transreid.train INFO: Epoch 26 done. Time: 23s, Speed: 583.1[samples/s], Elapsed: 0h10m, ETA: 0h36m (94 epochs left)
2026-03-04 14:23:41 transreid.train INFO: Epoch[27] Iter[20/227] Loss: 0.930, Acc: 0.921, Base Lr: 7.04e-04
2026-03-04 14:23:43 transreid.train INFO: Epoch[27] Iter[40/227] Loss: 0.970, Acc: 0.922, Base Lr: 7.04e-04
2026-03-04 14:23:45 transreid.train INFO: Epoch[27] Iter[60/227] Loss: 0.941, Acc: 0.929, Base Lr: 7.04e-04
2026-03-04 14:23:47 transreid.train INFO: Epoch[27] Iter[80/227] Loss: 0.922, Acc: 0.931, Base Lr: 7.04e-04
2026-03-04 14:23:50 transreid.train INFO: Epoch[27] Iter[100/227] Loss: 0.897, Acc: 0.937, Base Lr: 7.04e-04
2026-03-04 14:23:52 transreid.train INFO: Epoch[27] Iter[120/227] Loss: 0.880, Acc: 0.941, Base Lr: 7.04e-04
2026-03-04 14:23:54 transreid.train INFO: Epoch[27] Iter[140/227] Loss: 0.848, Acc: 0.945, Base Lr: 7.04e-04
2026-03-04 14:23:56 transreid.train INFO: Epoch[27] Iter[160/227] Loss: 0.834, Acc: 0.947, Base Lr: 7.04e-04
2026-03-04 14:23:58 transreid.train INFO: Epoch[27] Iter[180/227] Loss: 0.814, Acc: 0.948, Base Lr: 7.04e-04
2026-03-04 14:24:01 transreid.train INFO: Epoch[27] Iter[200/227] Loss: 0.781, Acc: 0.951, Base Lr: 7.04e-04
2026-03-04 14:24:02 transreid.train INFO: Epoch 27 done. Time: 23s, Speed: 583.0[samples/s], Elapsed: 0h11m, ETA: 0h35m (93 epochs left)
2026-03-04 14:24:04 transreid.train INFO: Epoch[28] Iter[20/227] Loss: 0.823, Acc: 0.934, Base Lr: 6.97e-04
2026-03-04 14:24:06 transreid.train INFO: Epoch[28] Iter[40/227] Loss: 0.770, Acc: 0.946, Base Lr: 6.97e-04
2026-03-04 14:24:09 transreid.train INFO: Epoch[28] Iter[60/227] Loss: 0.746, Acc: 0.951, Base Lr: 6.97e-04
2026-03-04 14:24:11 transreid.train INFO: Epoch[28] Iter[80/227] Loss: 0.750, Acc: 0.951, Base Lr: 6.97e-04
2026-03-04 14:24:13 transreid.train INFO: Epoch[28] Iter[100/227] Loss: 0.743, Acc: 0.952, Base Lr: 6.97e-04
2026-03-04 14:24:15 transreid.train INFO: Epoch[28] Iter[120/227] Loss: 0.741, Acc: 0.952, Base Lr: 6.97e-04
2026-03-04 14:24:17 transreid.train INFO: Epoch[28] Iter[140/227] Loss: 0.718, Acc: 0.955, Base Lr: 6.97e-04
2026-03-04 14:24:19 transreid.train INFO: Epoch[28] Iter[160/227] Loss: 0.700, Acc: 0.955, Base Lr: 6.97e-04
2026-03-04 14:24:22 transreid.train INFO: Epoch[28] Iter[180/227] Loss: 0.682, Acc: 0.956, Base Lr: 6.97e-04
2026-03-04 14:24:24 transreid.train INFO: Epoch[28] Iter[200/227] Loss: 0.658, Acc: 0.959, Base Lr: 6.97e-04
2026-03-04 14:24:25 transreid.train INFO: Epoch 28 done. Time: 23s, Speed: 583.4[samples/s], Elapsed: 0h11m, ETA: 0h35m (92 epochs left)
2026-03-04 14:24:27 transreid.train INFO: Epoch[29] Iter[20/227] Loss: 0.865, Acc: 0.950, Base Lr: 6.90e-04
2026-03-04 14:24:30 transreid.train INFO: Epoch[29] Iter[40/227] Loss: 0.797, Acc: 0.952, Base Lr: 6.90e-04
2026-03-04 14:24:32 transreid.train INFO: Epoch[29] Iter[60/227] Loss: 0.778, Acc: 0.955, Base Lr: 6.90e-04
2026-03-04 14:24:34 transreid.train INFO: Epoch[29] Iter[80/227] Loss: 0.750, Acc: 0.954, Base Lr: 6.90e-04
2026-03-04 14:24:36 transreid.train INFO: Epoch[29] Iter[100/227] Loss: 0.716, Acc: 0.958, Base Lr: 6.90e-04
2026-03-04 14:24:38 transreid.train INFO: Epoch[29] Iter[120/227] Loss: 0.692, Acc: 0.960, Base Lr: 6.90e-04
2026-03-04 14:24:40 transreid.train INFO: Epoch[29] Iter[140/227] Loss: 0.675, Acc: 0.962, Base Lr: 6.90e-04
2026-03-04 14:24:43 transreid.train INFO: Epoch[29] Iter[160/227] Loss: 0.654, Acc: 0.963, Base Lr: 6.90e-04
2026-03-04 14:24:45 transreid.train INFO: Epoch[29] Iter[180/227] Loss: 0.629, Acc: 0.965, Base Lr: 6.90e-04
2026-03-04 14:24:47 transreid.train INFO: Epoch[29] Iter[200/227] Loss: 0.607, Acc: 0.966, Base Lr: 6.90e-04
2026-03-04 14:24:48 transreid.train INFO: Epoch 29 done. Time: 23s, Speed: 584.2[samples/s], Elapsed: 0h11m, ETA: 0h35m (91 epochs left)
2026-03-04 14:24:51 transreid.train INFO: Epoch[30] Iter[20/227] Loss: 0.687, Acc: 0.950, Base Lr: 6.83e-04
2026-03-04 14:24:53 transreid.train INFO: Epoch[30] Iter[40/227] Loss: 0.643, Acc: 0.956, Base Lr: 6.83e-04
2026-03-04 14:24:55 transreid.train INFO: Epoch[30] Iter[60/227] Loss: 0.613, Acc: 0.961, Base Lr: 6.83e-04
2026-03-04 14:24:57 transreid.train INFO: Epoch[30] Iter[80/227] Loss: 0.600, Acc: 0.965, Base Lr: 6.83e-04
2026-03-04 14:24:59 transreid.train INFO: Epoch[30] Iter[100/227] Loss: 0.596, Acc: 0.965, Base Lr: 6.83e-04
2026-03-04 14:25:02 transreid.train INFO: Epoch[30] Iter[120/227] Loss: 0.582, Acc: 0.967, Base Lr: 6.83e-04
2026-03-04 14:25:04 transreid.train INFO: Epoch[30] Iter[140/227] Loss: 0.575, Acc: 0.967, Base Lr: 6.83e-04
2026-03-04 14:25:06 transreid.train INFO: Epoch[30] Iter[160/227] Loss: 0.561, Acc: 0.969, Base Lr: 6.83e-04
2026-03-04 14:25:08 transreid.train INFO: Epoch[30] Iter[180/227] Loss: 0.551, Acc: 0.970, Base Lr: 6.83e-04
2026-03-04 14:25:10 transreid.train INFO: Epoch[30] Iter[200/227] Loss: 0.533, Acc: 0.971, Base Lr: 6.83e-04
2026-03-04 14:25:12 transreid.train INFO: Epoch 30 done. Time: 23s, Speed: 581.4[samples/s], Elapsed: 0h12m, ETA: 0h34m (90 epochs left)
The test feature is normalized
=> Computing DistMat with euclidean_distance
2026-03-04 14:25:33 transreid.train INFO: Validation Results - Epoch: 30
2026-03-04 14:25:33 transreid.train INFO: mAP: 46.8%
2026-03-04 14:25:33 transreid.train INFO: CMC curve, Rank-1  :56.6%
2026-03-04 14:25:33 transreid.train INFO: CMC curve, Rank-5  :71.9%
2026-03-04 14:25:33 transreid.train INFO: CMC curve, Rank-10 :77.7%
2026-03-04 14:25:36 transreid.train INFO: Epoch[31] Iter[20/227] Loss: 0.633, Acc: 0.959, Base Lr: 6.76e-04
2026-03-04 14:25:38 transreid.train INFO: Epoch[31] Iter[40/227] Loss: 0.598, Acc: 0.962, Base Lr: 6.76e-04
2026-03-04 14:25:40 transreid.train INFO: Epoch[31] Iter[60/227] Loss: 0.593, Acc: 0.966, Base Lr: 6.76e-04
2026-03-04 14:25:42 transreid.train INFO: Epoch[31] Iter[80/227] Loss: 0.592, Acc: 0.965, Base Lr: 6.76e-04
2026-03-04 14:25:45 transreid.train INFO: Epoch[31] Iter[100/227] Loss: 0.571, Acc: 0.967, Base Lr: 6.76e-04
2026-03-04 14:25:47 transreid.train INFO: Epoch[31] Iter[120/227] Loss: 0.546, Acc: 0.969, Base Lr: 6.76e-04
2026-03-04 14:25:49 transreid.train INFO: Epoch[31] Iter[140/227] Loss: 0.528, Acc: 0.971, Base Lr: 6.76e-04
2026-03-04 14:25:51 transreid.train INFO: Epoch[31] Iter[160/227] Loss: 0.514, Acc: 0.971, Base Lr: 6.76e-04
2026-03-04 14:25:53 transreid.train INFO: Epoch[31] Iter[180/227] Loss: 0.502, Acc: 0.972, Base Lr: 6.76e-04
2026-03-04 14:25:55 transreid.train INFO: Epoch[31] Iter[200/227] Loss: 0.483, Acc: 0.973, Base Lr: 6.76e-04
2026-03-04 14:25:57 transreid.train INFO: Epoch 31 done. Time: 23s, Speed: 584.6[samples/s], Elapsed: 0h13m, ETA: 0h34m (89 epochs left)
2026-03-04 14:25:59 transreid.train INFO: Epoch[32] Iter[20/227] Loss: 0.599, Acc: 0.959, Base Lr: 6.68e-04
2026-03-04 14:26:01 transreid.train INFO: Epoch[32] Iter[40/227] Loss: 0.579, Acc: 0.959, Base Lr: 6.68e-04
2026-03-04 14:26:04 transreid.train INFO: Epoch[32] Iter[60/227] Loss: 0.550, Acc: 0.963, Base Lr: 6.68e-04
2026-03-04 14:26:06 transreid.train INFO: Epoch[32] Iter[80/227] Loss: 0.538, Acc: 0.964, Base Lr: 6.68e-04
2026-03-04 14:26:08 transreid.train INFO: Epoch[32] Iter[100/227] Loss: 0.521, Acc: 0.968, Base Lr: 6.68e-04
2026-03-04 14:26:10 transreid.train INFO: Epoch[32] Iter[120/227] Loss: 0.511, Acc: 0.969, Base Lr: 6.68e-04
2026-03-04 14:26:12 transreid.train INFO: Epoch[32] Iter[140/227] Loss: 0.495, Acc: 0.970, Base Lr: 6.68e-04
2026-03-04 14:26:14 transreid.train INFO: Epoch[32] Iter[160/227] Loss: 0.474, Acc: 0.972, Base Lr: 6.68e-04
2026-03-04 14:26:17 transreid.train INFO: Epoch[32] Iter[180/227] Loss: 0.465, Acc: 0.973, Base Lr: 6.68e-04
2026-03-04 14:26:19 transreid.train INFO: Epoch[32] Iter[200/227] Loss: 0.451, Acc: 0.975, Base Lr: 6.68e-04
2026-03-04 14:26:20 transreid.train INFO: Epoch 32 done. Time: 23s, Speed: 582.0[samples/s], Elapsed: 0h13m, ETA: 0h34m (88 epochs left)
2026-03-04 14:26:22 transreid.train INFO: Epoch[33] Iter[20/227] Loss: 0.508, Acc: 0.975, Base Lr: 6.60e-04
2026-03-04 14:26:25 transreid.train INFO: Epoch[33] Iter[40/227] Loss: 0.533, Acc: 0.970, Base Lr: 6.60e-04
2026-03-04 14:26:27 transreid.train INFO: Epoch[33] Iter[60/227] Loss: 0.505, Acc: 0.974, Base Lr: 6.60e-04
2026-03-04 14:26:29 transreid.train INFO: Epoch[33] Iter[80/227] Loss: 0.485, Acc: 0.975, Base Lr: 6.60e-04
2026-03-04 14:26:31 transreid.train INFO: Epoch[33] Iter[100/227] Loss: 0.470, Acc: 0.975, Base Lr: 6.60e-04
2026-03-04 14:26:33 transreid.train INFO: Epoch[33] Iter[120/227] Loss: 0.468, Acc: 0.974, Base Lr: 6.60e-04
2026-03-04 14:26:35 transreid.train INFO: Epoch[33] Iter[140/227] Loss: 0.456, Acc: 0.976, Base Lr: 6.60e-04
2026-03-04 14:26:38 transreid.train INFO: Epoch[33] Iter[160/227] Loss: 0.446, Acc: 0.976, Base Lr: 6.60e-04
2026-03-04 14:26:40 transreid.train INFO: Epoch[33] Iter[180/227] Loss: 0.436, Acc: 0.977, Base Lr: 6.60e-04
2026-03-04 14:26:42 transreid.train INFO: Epoch[33] Iter[200/227] Loss: 0.423, Acc: 0.978, Base Lr: 6.60e-04
2026-03-04 14:26:43 transreid.train INFO: Epoch 33 done. Time: 23s, Speed: 582.9[samples/s], Elapsed: 0h13m, ETA: 0h33m (87 epochs left)
2026-03-04 14:26:46 transreid.train INFO: Epoch[34] Iter[20/227] Loss: 0.418, Acc: 0.985, Base Lr: 6.52e-04
2026-03-04 14:26:48 transreid.train INFO: Epoch[34] Iter[40/227] Loss: 0.413, Acc: 0.981, Base Lr: 6.52e-04
2026-03-04 14:26:50 transreid.train INFO: Epoch[34] Iter[60/227] Loss: 0.394, Acc: 0.983, Base Lr: 6.52e-04
2026-03-04 14:26:52 transreid.train INFO: Epoch[34] Iter[80/227] Loss: 0.393, Acc: 0.981, Base Lr: 6.52e-04
2026-03-04 14:26:54 transreid.train INFO: Epoch[34] Iter[100/227] Loss: 0.390, Acc: 0.980, Base Lr: 6.52e-04
2026-03-04 14:26:57 transreid.train INFO: Epoch[34] Iter[120/227] Loss: 0.387, Acc: 0.980, Base Lr: 6.52e-04
2026-03-04 14:26:59 transreid.train INFO: Epoch[34] Iter[140/227] Loss: 0.381, Acc: 0.981, Base Lr: 6.52e-04
2026-03-04 14:27:01 transreid.train INFO: Epoch[34] Iter[160/227] Loss: 0.376, Acc: 0.981, Base Lr: 6.52e-04
2026-03-04 14:27:03 transreid.train INFO: Epoch[34] Iter[180/227] Loss: 0.369, Acc: 0.982, Base Lr: 6.52e-04
2026-03-04 14:27:05 transreid.train INFO: Epoch[34] Iter[200/227] Loss: 0.358, Acc: 0.982, Base Lr: 6.52e-04
2026-03-04 14:27:07 transreid.train INFO: Epoch 34 done. Time: 23s, Speed: 584.0[samples/s], Elapsed: 0h14m, ETA: 0h33m (86 epochs left)
2026-03-04 14:27:09 transreid.train INFO: Epoch[35] Iter[20/227] Loss: 0.406, Acc: 0.982, Base Lr: 6.44e-04
2026-03-04 14:27:11 transreid.train INFO: Epoch[35] Iter[40/227] Loss: 0.414, Acc: 0.979, Base Lr: 6.44e-04
2026-03-04 14:27:13 transreid.train INFO: Epoch[35] Iter[60/227] Loss: 0.406, Acc: 0.980, Base Lr: 6.44e-04
2026-03-04 14:27:15 transreid.train INFO: Epoch[35] Iter[80/227] Loss: 0.407, Acc: 0.981, Base Lr: 6.44e-04
2026-03-04 14:27:18 transreid.train INFO: Epoch[35] Iter[100/227] Loss: 0.400, Acc: 0.980, Base Lr: 6.44e-04
2026-03-04 14:27:20 transreid.train INFO: Epoch[35] Iter[120/227] Loss: 0.397, Acc: 0.980, Base Lr: 6.44e-04
2026-03-04 14:27:22 transreid.train INFO: Epoch[35] Iter[140/227] Loss: 0.384, Acc: 0.981, Base Lr: 6.44e-04
2026-03-04 14:27:24 transreid.train INFO: Epoch[35] Iter[160/227] Loss: 0.368, Acc: 0.982, Base Lr: 6.44e-04
2026-03-04 14:27:26 transreid.train INFO: Epoch[35] Iter[180/227] Loss: 0.362, Acc: 0.983, Base Lr: 6.44e-04
2026-03-04 14:27:28 transreid.train INFO: Epoch[35] Iter[200/227] Loss: 0.350, Acc: 0.983, Base Lr: 6.44e-04
2026-03-04 14:27:30 transreid.train INFO: Epoch 35 done. Time: 23s, Speed: 584.3[samples/s], Elapsed: 0h14m, ETA: 0h32m (85 epochs left)
2026-03-04 14:27:32 transreid.train INFO: Epoch[36] Iter[20/227] Loss: 0.361, Acc: 0.984, Base Lr: 6.35e-04
2026-03-04 14:27:34 transreid.train INFO: Epoch[36] Iter[40/227] Loss: 0.357, Acc: 0.981, Base Lr: 6.35e-04
2026-03-04 14:27:36 transreid.train INFO: Epoch[36] Iter[60/227] Loss: 0.368, Acc: 0.982, Base Lr: 6.35e-04
2026-03-04 14:27:38 transreid.train INFO: Epoch[36] Iter[80/227] Loss: 0.357, Acc: 0.984, Base Lr: 6.35e-04
2026-03-04 14:27:41 transreid.train INFO: Epoch[36] Iter[100/227] Loss: 0.355, Acc: 0.985, Base Lr: 6.35e-04
2026-03-04 14:27:43 transreid.train INFO: Epoch[36] Iter[120/227] Loss: 0.353, Acc: 0.984, Base Lr: 6.35e-04
2026-03-04 14:27:45 transreid.train INFO: Epoch[36] Iter[140/227] Loss: 0.355, Acc: 0.984, Base Lr: 6.35e-04
2026-03-04 14:27:47 transreid.train INFO: Epoch[36] Iter[160/227] Loss: 0.349, Acc: 0.984, Base Lr: 6.35e-04
2026-03-04 14:27:49 transreid.train INFO: Epoch[36] Iter[180/227] Loss: 0.342, Acc: 0.985, Base Lr: 6.35e-04
2026-03-04 14:27:51 transreid.train INFO: Epoch[36] Iter[200/227] Loss: 0.334, Acc: 0.985, Base Lr: 6.35e-04
2026-03-04 14:27:53 transreid.train INFO: Epoch 36 done. Time: 23s, Speed: 583.3[samples/s], Elapsed: 0h15m, ETA: 0h32m (84 epochs left)
2026-03-04 14:27:55 transreid.train INFO: Epoch[37] Iter[20/227] Loss: 0.368, Acc: 0.978, Base Lr: 6.27e-04
2026-03-04 14:27:58 transreid.train INFO: Epoch[37] Iter[40/227] Loss: 0.370, Acc: 0.977, Base Lr: 6.27e-04
2026-03-04 14:28:00 transreid.train INFO: Epoch[37] Iter[60/227] Loss: 0.386, Acc: 0.979, Base Lr: 6.27e-04
2026-03-04 14:28:02 transreid.train INFO: Epoch[37] Iter[80/227] Loss: 0.396, Acc: 0.979, Base Lr: 6.27e-04
2026-03-04 14:28:04 transreid.train INFO: Epoch[37] Iter[100/227] Loss: 0.381, Acc: 0.980, Base Lr: 6.27e-04
2026-03-04 14:28:06 transreid.train INFO: Epoch[37] Iter[120/227] Loss: 0.380, Acc: 0.982, Base Lr: 6.27e-04
2026-03-04 14:28:08 transreid.train INFO: Epoch[37] Iter[140/227] Loss: 0.373, Acc: 0.982, Base Lr: 6.27e-04
2026-03-04 14:28:11 transreid.train INFO: Epoch[37] Iter[160/227] Loss: 0.365, Acc: 0.983, Base Lr: 6.27e-04
2026-03-04 14:28:13 transreid.train INFO: Epoch[37] Iter[180/227] Loss: 0.352, Acc: 0.983, Base Lr: 6.27e-04
2026-03-04 14:28:15 transreid.train INFO: Epoch[37] Iter[200/227] Loss: 0.341, Acc: 0.984, Base Lr: 6.27e-04
2026-03-04 14:28:16 transreid.train INFO: Epoch 37 done. Time: 23s, Speed: 584.0[samples/s], Elapsed: 0h15m, ETA: 0h32m (83 epochs left)
2026-03-04 14:28:18 transreid.train INFO: Epoch[38] Iter[20/227] Loss: 0.352, Acc: 0.980, Base Lr: 6.18e-04
2026-03-04 14:28:21 transreid.train INFO: Epoch[38] Iter[40/227] Loss: 0.346, Acc: 0.982, Base Lr: 6.18e-04
2026-03-04 14:28:23 transreid.train INFO: Epoch[38] Iter[60/227] Loss: 0.354, Acc: 0.982, Base Lr: 6.18e-04
2026-03-04 14:28:25 transreid.train INFO: Epoch[38] Iter[80/227] Loss: 0.342, Acc: 0.983, Base Lr: 6.18e-04
2026-03-04 14:28:27 transreid.train INFO: Epoch[38] Iter[100/227] Loss: 0.345, Acc: 0.984, Base Lr: 6.18e-04
2026-03-04 14:28:29 transreid.train INFO: Epoch[38] Iter[120/227] Loss: 0.337, Acc: 0.984, Base Lr: 6.18e-04
2026-03-04 14:28:31 transreid.train INFO: Epoch[38] Iter[140/227] Loss: 0.330, Acc: 0.983, Base Lr: 6.18e-04
2026-03-04 14:28:34 transreid.train INFO: Epoch[38] Iter[160/227] Loss: 0.321, Acc: 0.984, Base Lr: 6.18e-04
2026-03-04 14:28:36 transreid.train INFO: Epoch[38] Iter[180/227] Loss: 0.317, Acc: 0.984, Base Lr: 6.18e-04
2026-03-04 14:28:38 transreid.train INFO: Epoch[38] Iter[200/227] Loss: 0.308, Acc: 0.984, Base Lr: 6.18e-04
2026-03-04 14:28:39 transreid.train INFO: Epoch 38 done. Time: 23s, Speed: 584.0[samples/s], Elapsed: 0h15m, ETA: 0h31m (82 epochs left)
2026-03-04 14:28:42 transreid.train INFO: Epoch[39] Iter[20/227] Loss: 0.377, Acc: 0.987, Base Lr: 6.09e-04
2026-03-04 14:28:44 transreid.train INFO: Epoch[39] Iter[40/227] Loss: 0.365, Acc: 0.983, Base Lr: 6.09e-04
2026-03-04 14:28:46 transreid.train INFO: Epoch[39] Iter[60/227] Loss: 0.349, Acc: 0.984, Base Lr: 6.09e-04
2026-03-04 14:28:48 transreid.train INFO: Epoch[39] Iter[80/227] Loss: 0.335, Acc: 0.985, Base Lr: 6.09e-04
2026-03-04 14:28:50 transreid.train INFO: Epoch[39] Iter[100/227] Loss: 0.326, Acc: 0.986, Base Lr: 6.09e-04
2026-03-04 14:28:53 transreid.train INFO: Epoch[39] Iter[120/227] Loss: 0.312, Acc: 0.986, Base Lr: 6.09e-04
2026-03-04 14:28:55 transreid.train INFO: Epoch[39] Iter[140/227] Loss: 0.303, Acc: 0.986, Base Lr: 6.09e-04
2026-03-04 14:28:57 transreid.train INFO: Epoch[39] Iter[160/227] Loss: 0.292, Acc: 0.986, Base Lr: 6.09e-04
2026-03-04 14:28:59 transreid.train INFO: Epoch[39] Iter[180/227] Loss: 0.284, Acc: 0.987, Base Lr: 6.09e-04
2026-03-04 14:29:01 transreid.train INFO: Epoch[39] Iter[200/227] Loss: 0.275, Acc: 0.987, Base Lr: 6.09e-04
2026-03-04 14:29:02 transreid.train INFO: Epoch 39 done. Time: 23s, Speed: 583.3[samples/s], Elapsed: 0h16m, ETA: 0h31m (81 epochs left)
2026-03-04 14:29:05 transreid.train INFO: Epoch[40] Iter[20/227] Loss: 0.343, Acc: 0.981, Base Lr: 6.00e-04
2026-03-04 14:29:07 transreid.train INFO: Epoch[40] Iter[40/227] Loss: 0.297, Acc: 0.986, Base Lr: 6.00e-04
2026-03-04 14:29:09 transreid.train INFO: Epoch[40] Iter[60/227] Loss: 0.302, Acc: 0.985, Base Lr: 6.00e-04
2026-03-04 14:29:11 transreid.train INFO: Epoch[40] Iter[80/227] Loss: 0.296, Acc: 0.985, Base Lr: 6.00e-04
2026-03-04 14:29:14 transreid.train INFO: Epoch[40] Iter[100/227] Loss: 0.296, Acc: 0.984, Base Lr: 6.00e-04
2026-03-04 14:29:16 transreid.train INFO: Epoch[40] Iter[120/227] Loss: 0.297, Acc: 0.984, Base Lr: 6.00e-04
2026-03-04 14:29:18 transreid.train INFO: Epoch[40] Iter[140/227] Loss: 0.290, Acc: 0.984, Base Lr: 6.00e-04
2026-03-04 14:29:20 transreid.train INFO: Epoch[40] Iter[160/227] Loss: 0.283, Acc: 0.985, Base Lr: 6.00e-04
2026-03-04 14:29:22 transreid.train INFO: Epoch[40] Iter[180/227] Loss: 0.280, Acc: 0.985, Base Lr: 6.00e-04
2026-03-04 14:29:24 transreid.train INFO: Epoch[40] Iter[200/227] Loss: 0.274, Acc: 0.986, Base Lr: 6.00e-04
2026-03-04 14:29:25 transreid.train INFO: Epoch 40 done. Time: 23s, Speed: 583.7[samples/s], Elapsed: 0h16m, ETA: 0h30m (80 epochs left)
The test feature is normalized
=> Computing DistMat with euclidean_distance
2026-03-04 14:29:47 transreid.train INFO: Validation Results - Epoch: 40
2026-03-04 14:29:47 transreid.train INFO: mAP: 50.1%
2026-03-04 14:29:47 transreid.train INFO: CMC curve, Rank-1  :61.3%
2026-03-04 14:29:47 transreid.train INFO: CMC curve, Rank-5  :75.7%
2026-03-04 14:29:47 transreid.train INFO: CMC curve, Rank-10 :81.5%
2026-03-04 14:29:50 transreid.train INFO: Epoch[41] Iter[20/227] Loss: 0.371, Acc: 0.979, Base Lr: 5.91e-04
2026-03-04 14:29:52 transreid.train INFO: Epoch[41] Iter[40/227] Loss: 0.363, Acc: 0.978, Base Lr: 5.91e-04
2026-03-04 14:29:54 transreid.train INFO: Epoch[41] Iter[60/227] Loss: 0.343, Acc: 0.979, Base Lr: 5.91e-04
2026-03-04 14:29:56 transreid.train INFO: Epoch[41] Iter[80/227] Loss: 0.333, Acc: 0.981, Base Lr: 5.91e-04
2026-03-04 14:29:59 transreid.train INFO: Epoch[41] Iter[100/227] Loss: 0.324, Acc: 0.982, Base Lr: 5.91e-04
2026-03-04 14:30:01 transreid.train INFO: Epoch[41] Iter[120/227] Loss: 0.314, Acc: 0.984, Base Lr: 5.91e-04
2026-03-04 14:30:03 transreid.train INFO: Epoch[41] Iter[140/227] Loss: 0.302, Acc: 0.985, Base Lr: 5.91e-04
2026-03-04 14:30:05 transreid.train INFO: Epoch[41] Iter[160/227] Loss: 0.289, Acc: 0.986, Base Lr: 5.91e-04
2026-03-04 14:30:07 transreid.train INFO: Epoch[41] Iter[180/227] Loss: 0.287, Acc: 0.986, Base Lr: 5.91e-04
2026-03-04 14:30:09 transreid.train INFO: Epoch[41] Iter[200/227] Loss: 0.276, Acc: 0.986, Base Lr: 5.91e-04
2026-03-04 14:30:11 transreid.train INFO: Epoch 41 done. Time: 23s, Speed: 581.1[samples/s], Elapsed: 0h17m, ETA: 0h30m (79 epochs left)
2026-03-04 14:30:13 transreid.train INFO: Epoch[42] Iter[20/227] Loss: 0.307, Acc: 0.982, Base Lr: 5.82e-04
2026-03-04 14:30:15 transreid.train INFO: Epoch[42] Iter[40/227] Loss: 0.284, Acc: 0.983, Base Lr: 5.82e-04
2026-03-04 14:30:18 transreid.train INFO: Epoch[42] Iter[60/227] Loss: 0.283, Acc: 0.985, Base Lr: 5.82e-04
2026-03-04 14:30:20 transreid.train INFO: Epoch[42] Iter[80/227] Loss: 0.287, Acc: 0.986, Base Lr: 5.82e-04
2026-03-04 14:30:22 transreid.train INFO: Epoch[42] Iter[100/227] Loss: 0.284, Acc: 0.986, Base Lr: 5.82e-04
2026-03-04 14:30:24 transreid.train INFO: Epoch[42] Iter[120/227] Loss: 0.283, Acc: 0.986, Base Lr: 5.82e-04
2026-03-04 14:30:26 transreid.train INFO: Epoch[42] Iter[140/227] Loss: 0.274, Acc: 0.987, Base Lr: 5.82e-04
2026-03-04 14:30:28 transreid.train INFO: Epoch[42] Iter[160/227] Loss: 0.266, Acc: 0.987, Base Lr: 5.82e-04
2026-03-04 14:30:31 transreid.train INFO: Epoch[42] Iter[180/227] Loss: 0.260, Acc: 0.987, Base Lr: 5.82e-04
2026-03-04 14:30:33 transreid.train INFO: Epoch[42] Iter[200/227] Loss: 0.257, Acc: 0.987, Base Lr: 5.82e-04
2026-03-04 14:30:34 transreid.train INFO: Epoch 42 done. Time: 23s, Speed: 583.2[samples/s], Elapsed: 0h17m, ETA: 0h30m (78 epochs left)
2026-03-04 14:30:36 transreid.train INFO: Epoch[43] Iter[20/227] Loss: 0.358, Acc: 0.978, Base Lr: 5.73e-04
2026-03-04 14:30:39 transreid.train INFO: Epoch[43] Iter[40/227] Loss: 0.310, Acc: 0.982, Base Lr: 5.73e-04
2026-03-04 14:30:41 transreid.train INFO: Epoch[43] Iter[60/227] Loss: 0.295, Acc: 0.982, Base Lr: 5.73e-04
2026-03-04 14:30:43 transreid.train INFO: Epoch[43] Iter[80/227] Loss: 0.287, Acc: 0.985, Base Lr: 5.73e-04
2026-03-04 14:30:45 transreid.train INFO: Epoch[43] Iter[100/227] Loss: 0.278, Acc: 0.984, Base Lr: 5.73e-04
2026-03-04 14:30:47 transreid.train INFO: Epoch[43] Iter[120/227] Loss: 0.273, Acc: 0.985, Base Lr: 5.73e-04
2026-03-04 14:30:49 transreid.train INFO: Epoch[43] Iter[140/227] Loss: 0.268, Acc: 0.986, Base Lr: 5.73e-04
2026-03-04 14:30:52 transreid.train INFO: Epoch[43] Iter[160/227] Loss: 0.263, Acc: 0.986, Base Lr: 5.73e-04
2026-03-04 14:30:54 transreid.train INFO: Epoch[43] Iter[180/227] Loss: 0.255, Acc: 0.987, Base Lr: 5.73e-04
2026-03-04 14:30:56 transreid.train INFO: Epoch[43] Iter[200/227] Loss: 0.252, Acc: 0.987, Base Lr: 5.73e-04
2026-03-04 14:30:57 transreid.train INFO: Epoch 43 done. Time: 23s, Speed: 583.2[samples/s], Elapsed: 0h18m, ETA: 0h29m (77 epochs left)
2026-03-04 14:31:00 transreid.train INFO: Epoch[44] Iter[20/227] Loss: 0.282, Acc: 0.980, Base Lr: 5.63e-04
2026-03-04 14:31:02 transreid.train INFO: Epoch[44] Iter[40/227] Loss: 0.290, Acc: 0.983, Base Lr: 5.63e-04
2026-03-04 14:31:04 transreid.train INFO: Epoch[44] Iter[60/227] Loss: 0.292, Acc: 0.984, Base Lr: 5.63e-04
2026-03-04 14:31:06 transreid.train INFO: Epoch[44] Iter[80/227] Loss: 0.298, Acc: 0.986, Base Lr: 5.63e-04
2026-03-04 14:31:08 transreid.train INFO: Epoch[44] Iter[100/227] Loss: 0.286, Acc: 0.986, Base Lr: 5.63e-04
2026-03-04 14:31:10 transreid.train INFO: Epoch[44] Iter[120/227] Loss: 0.285, Acc: 0.986, Base Lr: 5.63e-04
2026-03-04 14:31:13 transreid.train INFO: Epoch[44] Iter[140/227] Loss: 0.275, Acc: 0.987, Base Lr: 5.63e-04
2026-03-04 14:31:15 transreid.train INFO: Epoch[44] Iter[160/227] Loss: 0.270, Acc: 0.987, Base Lr: 5.63e-04
2026-03-04 14:31:17 transreid.train INFO: Epoch[44] Iter[180/227] Loss: 0.265, Acc: 0.987, Base Lr: 5.63e-04
2026-03-04 14:31:19 transreid.train INFO: Epoch[44] Iter[200/227] Loss: 0.256, Acc: 0.987, Base Lr: 5.63e-04
2026-03-04 14:31:20 transreid.train INFO: Epoch 44 done. Time: 23s, Speed: 583.2[samples/s], Elapsed: 0h18m, ETA: 0h29m (76 epochs left)
2026-03-04 14:31:23 transreid.train INFO: Epoch[45] Iter[20/227] Loss: 0.261, Acc: 0.986, Base Lr: 5.54e-04
2026-03-04 14:31:25 transreid.train INFO: Epoch[45] Iter[40/227] Loss: 0.262, Acc: 0.990, Base Lr: 5.54e-04
2026-03-04 14:31:27 transreid.train INFO: Epoch[45] Iter[60/227] Loss: 0.255, Acc: 0.989, Base Lr: 5.54e-04
2026-03-04 14:31:29 transreid.train INFO: Epoch[45] Iter[80/227] Loss: 0.254, Acc: 0.990, Base Lr: 5.54e-04
2026-03-04 14:31:31 transreid.train INFO: Epoch[45] Iter[100/227] Loss: 0.251, Acc: 0.989, Base Lr: 5.54e-04
2026-03-04 14:31:34 transreid.train INFO: Epoch[45] Iter[120/227] Loss: 0.244, Acc: 0.990, Base Lr: 5.54e-04
2026-03-04 14:31:36 transreid.train INFO: Epoch[45] Iter[140/227] Loss: 0.237, Acc: 0.990, Base Lr: 5.54e-04
2026-03-04 14:31:38 transreid.train INFO: Epoch[45] Iter[160/227] Loss: 0.230, Acc: 0.991, Base Lr: 5.54e-04
2026-03-04 14:31:40 transreid.train INFO: Epoch[45] Iter[180/227] Loss: 0.222, Acc: 0.991, Base Lr: 5.54e-04
2026-03-04 14:31:42 transreid.train INFO: Epoch[45] Iter[200/227] Loss: 0.216, Acc: 0.991, Base Lr: 5.54e-04
2026-03-04 14:31:44 transreid.train INFO: Epoch 45 done. Time: 23s, Speed: 583.1[samples/s], Elapsed: 0h18m, ETA: 0h29m (75 epochs left)
2026-03-04 14:31:46 transreid.train INFO: Epoch[46] Iter[20/227] Loss: 0.258, Acc: 0.987, Base Lr: 5.44e-04
2026-03-04 14:31:48 transreid.train INFO: Epoch[46] Iter[40/227] Loss: 0.263, Acc: 0.989, Base Lr: 5.44e-04
2026-03-04 14:31:50 transreid.train INFO: Epoch[46] Iter[60/227] Loss: 0.242, Acc: 0.990, Base Lr: 5.44e-04
2026-03-04 14:31:52 transreid.train INFO: Epoch[46] Iter[80/227] Loss: 0.244, Acc: 0.988, Base Lr: 5.44e-04
2026-03-04 14:31:55 transreid.train INFO: Epoch[46] Iter[100/227] Loss: 0.237, Acc: 0.989, Base Lr: 5.44e-04
2026-03-04 14:31:57 transreid.train INFO: Epoch[46] Iter[120/227] Loss: 0.229, Acc: 0.990, Base Lr: 5.44e-04
2026-03-04 14:31:59 transreid.train INFO: Epoch[46] Iter[140/227] Loss: 0.218, Acc: 0.991, Base Lr: 5.44e-04
2026-03-04 14:32:01 transreid.train INFO: Epoch[46] Iter[160/227] Loss: 0.216, Acc: 0.991, Base Lr: 5.44e-04
2026-03-04 14:32:03 transreid.train INFO: Epoch[46] Iter[180/227] Loss: 0.211, Acc: 0.991, Base Lr: 5.44e-04
2026-03-04 14:32:05 transreid.train INFO: Epoch[46] Iter[200/227] Loss: 0.206, Acc: 0.991, Base Lr: 5.44e-04
2026-03-04 14:32:07 transreid.train INFO: Epoch 46 done. Time: 23s, Speed: 583.3[samples/s], Elapsed: 0h19m, ETA: 0h28m (74 epochs left)
2026-03-04 14:32:09 transreid.train INFO: Epoch[47] Iter[20/227] Loss: 0.221, Acc: 0.991, Base Lr: 5.34e-04
2026-03-04 14:32:11 transreid.train INFO: Epoch[47] Iter[40/227] Loss: 0.208, Acc: 0.993, Base Lr: 5.34e-04
2026-03-04 14:32:13 transreid.train INFO: Epoch[47] Iter[60/227] Loss: 0.210, Acc: 0.992, Base Lr: 5.34e-04
2026-03-04 14:32:16 transreid.train INFO: Epoch[47] Iter[80/227] Loss: 0.203, Acc: 0.992, Base Lr: 5.34e-04
2026-03-04 14:32:18 transreid.train INFO: Epoch[47] Iter[100/227] Loss: 0.201, Acc: 0.992, Base Lr: 5.34e-04
2026-03-04 14:32:20 transreid.train INFO: Epoch[47] Iter[120/227] Loss: 0.201, Acc: 0.992, Base Lr: 5.34e-04
2026-03-04 14:32:22 transreid.train INFO: Epoch[47] Iter[140/227] Loss: 0.198, Acc: 0.992, Base Lr: 5.34e-04
2026-03-04 14:32:24 transreid.train INFO: Epoch[47] Iter[160/227] Loss: 0.194, Acc: 0.992, Base Lr: 5.34e-04
2026-03-04 14:32:26 transreid.train INFO: Epoch[47] Iter[180/227] Loss: 0.192, Acc: 0.992, Base Lr: 5.34e-04
2026-03-04 14:32:29 transreid.train INFO: Epoch[47] Iter[200/227] Loss: 0.187, Acc: 0.992, Base Lr: 5.34e-04
2026-03-04 14:32:30 transreid.train INFO: Epoch 47 done. Time: 23s, Speed: 583.6[samples/s], Elapsed: 0h19m, ETA: 0h28m (73 epochs left)
2026-03-04 14:32:32 transreid.train INFO: Epoch[48] Iter[20/227] Loss: 0.217, Acc: 0.990, Base Lr: 5.24e-04
2026-03-04 14:32:35 transreid.train INFO: Epoch[48] Iter[40/227] Loss: 0.233, Acc: 0.987, Base Lr: 5.24e-04
2026-03-04 14:32:37 transreid.train INFO: Epoch[48] Iter[60/227] Loss: 0.223, Acc: 0.989, Base Lr: 5.24e-04
2026-03-04 14:32:39 transreid.train INFO: Epoch[48] Iter[80/227] Loss: 0.220, Acc: 0.989, Base Lr: 5.24e-04
2026-03-04 14:32:41 transreid.train INFO: Epoch[48] Iter[100/227] Loss: 0.215, Acc: 0.989, Base Lr: 5.24e-04
2026-03-04 14:32:43 transreid.train INFO: Epoch[48] Iter[120/227] Loss: 0.217, Acc: 0.990, Base Lr: 5.24e-04
2026-03-04 14:32:45 transreid.train INFO: Epoch[48] Iter[140/227] Loss: 0.211, Acc: 0.991, Base Lr: 5.24e-04
2026-03-04 14:32:48 transreid.train INFO: Epoch[48] Iter[160/227] Loss: 0.202, Acc: 0.991, Base Lr: 5.24e-04
2026-03-04 14:32:50 transreid.train INFO: Epoch[48] Iter[180/227] Loss: 0.197, Acc: 0.991, Base Lr: 5.24e-04
2026-03-04 14:32:52 transreid.train INFO: Epoch[48] Iter[200/227] Loss: 0.192, Acc: 0.992, Base Lr: 5.24e-04
2026-03-04 14:32:53 transreid.train INFO: Epoch 48 done. Time: 23s, Speed: 582.7[samples/s], Elapsed: 0h20m, ETA: 0h27m (72 epochs left)
2026-03-04 14:32:56 transreid.train INFO: Epoch[49] Iter[20/227] Loss: 0.200, Acc: 0.995, Base Lr: 5.14e-04
2026-03-04 14:32:58 transreid.train INFO: Epoch[49] Iter[40/227] Loss: 0.205, Acc: 0.992, Base Lr: 5.14e-04
2026-03-04 14:33:00 transreid.train INFO: Epoch[49] Iter[60/227] Loss: 0.203, Acc: 0.992, Base Lr: 5.14e-04
2026-03-04 14:33:02 transreid.train INFO: Epoch[49] Iter[80/227] Loss: 0.203, Acc: 0.991, Base Lr: 5.14e-04
2026-03-04 14:33:04 transreid.train INFO: Epoch[49] Iter[100/227] Loss: 0.200, Acc: 0.991, Base Lr: 5.14e-04
2026-03-04 14:33:06 transreid.train INFO: Epoch[49] Iter[120/227] Loss: 0.198, Acc: 0.991, Base Lr: 5.14e-04
2026-03-04 14:33:09 transreid.train INFO: Epoch[49] Iter[140/227] Loss: 0.191, Acc: 0.992, Base Lr: 5.14e-04
2026-03-04 14:33:11 transreid.train INFO: Epoch[49] Iter[160/227] Loss: 0.183, Acc: 0.993, Base Lr: 5.14e-04
2026-03-04 14:33:13 transreid.train INFO: Epoch[49] Iter[180/227] Loss: 0.179, Acc: 0.993, Base Lr: 5.14e-04
2026-03-04 14:33:15 transreid.train INFO: Epoch[49] Iter[200/227] Loss: 0.176, Acc: 0.993, Base Lr: 5.14e-04
2026-03-04 14:33:16 transreid.train INFO: Epoch 49 done. Time: 23s, Speed: 583.5[samples/s], Elapsed: 0h20m, ETA: 0h27m (71 epochs left)
2026-03-04 14:33:19 transreid.train INFO: Epoch[50] Iter[20/227] Loss: 0.234, Acc: 0.983, Base Lr: 5.04e-04
2026-03-04 14:33:21 transreid.train INFO: Epoch[50] Iter[40/227] Loss: 0.203, Acc: 0.990, Base Lr: 5.04e-04
2026-03-04 14:33:23 transreid.train INFO: Epoch[50] Iter[60/227] Loss: 0.191, Acc: 0.991, Base Lr: 5.04e-04
2026-03-04 14:33:25 transreid.train INFO: Epoch[50] Iter[80/227] Loss: 0.194, Acc: 0.991, Base Lr: 5.04e-04
2026-03-04 14:33:28 transreid.train INFO: Epoch[50] Iter[100/227] Loss: 0.199, Acc: 0.991, Base Lr: 5.04e-04
2026-03-04 14:33:30 transreid.train INFO: Epoch[50] Iter[120/227] Loss: 0.193, Acc: 0.990, Base Lr: 5.04e-04
2026-03-04 14:33:32 transreid.train INFO: Epoch[50] Iter[140/227] Loss: 0.192, Acc: 0.991, Base Lr: 5.04e-04
2026-03-04 14:33:34 transreid.train INFO: Epoch[50] Iter[160/227] Loss: 0.188, Acc: 0.991, Base Lr: 5.04e-04
2026-03-04 14:33:36 transreid.train INFO: Epoch[50] Iter[180/227] Loss: 0.186, Acc: 0.991, Base Lr: 5.04e-04
2026-03-04 14:33:38 transreid.train INFO: Epoch[50] Iter[200/227] Loss: 0.178, Acc: 0.992, Base Lr: 5.04e-04
2026-03-04 14:33:40 transreid.train INFO: Epoch 50 done. Time: 23s, Speed: 581.5[samples/s], Elapsed: 0h20m, ETA: 0h27m (70 epochs left)
The test feature is normalized
=> Computing DistMat with euclidean_distance
2026-03-04 14:34:02 transreid.train INFO: Validation Results - Epoch: 50
2026-03-04 14:34:02 transreid.train INFO: mAP: 53.7%
2026-03-04 14:34:02 transreid.train INFO: CMC curve, Rank-1  :65.5%
2026-03-04 14:34:02 transreid.train INFO: CMC curve, Rank-5  :79.5%
2026-03-04 14:34:02 transreid.train INFO: CMC curve, Rank-10 :84.1%
2026-03-04 14:34:04 transreid.train INFO: Epoch[51] Iter[20/227] Loss: 0.173, Acc: 0.998, Base Lr: 4.94e-04
2026-03-04 14:34:06 transreid.train INFO: Epoch[51] Iter[40/227] Loss: 0.179, Acc: 0.993, Base Lr: 4.94e-04
2026-03-04 14:34:08 transreid.train INFO: Epoch[51] Iter[60/227] Loss: 0.181, Acc: 0.993, Base Lr: 4.94e-04
2026-03-04 14:34:11 transreid.train INFO: Epoch[51] Iter[80/227] Loss: 0.180, Acc: 0.992, Base Lr: 4.94e-04
2026-03-04 14:34:13 transreid.train INFO: Epoch[51] Iter[100/227] Loss: 0.176, Acc: 0.992, Base Lr: 4.94e-04
2026-03-04 14:34:15 transreid.train INFO: Epoch[51] Iter[120/227] Loss: 0.177, Acc: 0.992, Base Lr: 4.94e-04
2026-03-04 14:34:17 transreid.train INFO: Epoch[51] Iter[140/227] Loss: 0.176, Acc: 0.991, Base Lr: 4.94e-04
2026-03-04 14:34:19 transreid.train INFO: Epoch[51] Iter[160/227] Loss: 0.178, Acc: 0.991, Base Lr: 4.94e-04
2026-03-04 14:34:21 transreid.train INFO: Epoch[51] Iter[180/227] Loss: 0.177, Acc: 0.992, Base Lr: 4.94e-04
2026-03-04 14:34:24 transreid.train INFO: Epoch[51] Iter[200/227] Loss: 0.171, Acc: 0.992, Base Lr: 4.94e-04
2026-03-04 14:34:25 transreid.train INFO: Epoch 51 done. Time: 23s, Speed: 583.4[samples/s], Elapsed: 0h21m, ETA: 0h26m (69 epochs left)
2026-03-04 14:34:27 transreid.train INFO: Epoch[52] Iter[20/227] Loss: 0.224, Acc: 0.988, Base Lr: 4.84e-04
2026-03-04 14:34:30 transreid.train INFO: Epoch[52] Iter[40/227] Loss: 0.215, Acc: 0.990, Base Lr: 4.84e-04
2026-03-04 14:34:32 transreid.train INFO: Epoch[52] Iter[60/227] Loss: 0.207, Acc: 0.992, Base Lr: 4.84e-04
2026-03-04 14:34:34 transreid.train INFO: Epoch[52] Iter[80/227] Loss: 0.195, Acc: 0.992, Base Lr: 4.84e-04
2026-03-04 14:34:36 transreid.train INFO: Epoch[52] Iter[100/227] Loss: 0.191, Acc: 0.993, Base Lr: 4.84e-04
2026-03-04 14:34:38 transreid.train INFO: Epoch[52] Iter[120/227] Loss: 0.188, Acc: 0.993, Base Lr: 4.84e-04
2026-03-04 14:34:40 transreid.train INFO: Epoch[52] Iter[140/227] Loss: 0.182, Acc: 0.993, Base Lr: 4.84e-04
2026-03-04 14:34:43 transreid.train INFO: Epoch[52] Iter[160/227] Loss: 0.177, Acc: 0.993, Base Lr: 4.84e-04
2026-03-04 14:34:45 transreid.train INFO: Epoch[52] Iter[180/227] Loss: 0.175, Acc: 0.993, Base Lr: 4.84e-04
2026-03-04 14:34:47 transreid.train INFO: Epoch[52] Iter[200/227] Loss: 0.171, Acc: 0.993, Base Lr: 4.84e-04
2026-03-04 14:34:48 transreid.train INFO: Epoch 52 done. Time: 23s, Speed: 583.7[samples/s], Elapsed: 0h21m, ETA: 0h26m (68 epochs left)
2026-03-04 14:34:51 transreid.train INFO: Epoch[53] Iter[20/227] Loss: 0.195, Acc: 0.993, Base Lr: 4.74e-04
2026-03-04 14:34:53 transreid.train INFO: Epoch[53] Iter[40/227] Loss: 0.188, Acc: 0.992, Base Lr: 4.74e-04
2026-03-04 14:34:55 transreid.train INFO: Epoch[53] Iter[60/227] Loss: 0.194, Acc: 0.992, Base Lr: 4.74e-04
2026-03-04 14:34:57 transreid.train INFO: Epoch[53] Iter[80/227] Loss: 0.188, Acc: 0.992, Base Lr: 4.74e-04
2026-03-04 14:34:59 transreid.train INFO: Epoch[53] Iter[100/227] Loss: 0.181, Acc: 0.993, Base Lr: 4.74e-04
2026-03-04 14:35:01 transreid.train INFO: Epoch[53] Iter[120/227] Loss: 0.174, Acc: 0.993, Base Lr: 4.74e-04
2026-03-04 14:35:04 transreid.train INFO: Epoch[53] Iter[140/227] Loss: 0.170, Acc: 0.993, Base Lr: 4.74e-04
2026-03-04 14:35:06 transreid.train INFO: Epoch[53] Iter[160/227] Loss: 0.170, Acc: 0.993, Base Lr: 4.74e-04
2026-03-04 14:35:08 transreid.train INFO: Epoch[53] Iter[180/227] Loss: 0.168, Acc: 0.993, Base Lr: 4.74e-04
2026-03-04 14:35:10 transreid.train INFO: Epoch[53] Iter[200/227] Loss: 0.163, Acc: 0.993, Base Lr: 4.74e-04
2026-03-04 14:35:11 transreid.train INFO: Epoch 53 done. Time: 23s, Speed: 584.1[samples/s], Elapsed: 0h22m, ETA: 0h25m (67 epochs left)
2026-03-04 14:35:14 transreid.train INFO: Epoch[54] Iter[20/227] Loss: 0.249, Acc: 0.994, Base Lr: 4.63e-04
2026-03-04 14:35:16 transreid.train INFO: Epoch[54] Iter[40/227] Loss: 0.222, Acc: 0.995, Base Lr: 4.63e-04
2026-03-04 14:35:18 transreid.train INFO: Epoch[54] Iter[60/227] Loss: 0.200, Acc: 0.994, Base Lr: 4.63e-04
2026-03-04 14:35:20 transreid.train INFO: Epoch[54] Iter[80/227] Loss: 0.186, Acc: 0.994, Base Lr: 4.63e-04
2026-03-04 14:35:23 transreid.train INFO: Epoch[54] Iter[100/227] Loss: 0.183, Acc: 0.993, Base Lr: 4.63e-04
2026-03-04 14:35:25 transreid.train INFO: Epoch[54] Iter[120/227] Loss: 0.178, Acc: 0.993, Base Lr: 4.63e-04
2026-03-04 14:35:27 transreid.train INFO: Epoch[54] Iter[140/227] Loss: 0.175, Acc: 0.993, Base Lr: 4.63e-04
2026-03-04 14:35:29 transreid.train INFO: Epoch[54] Iter[160/227] Loss: 0.170, Acc: 0.993, Base Lr: 4.63e-04
2026-03-04 14:35:31 transreid.train INFO: Epoch[54] Iter[180/227] Loss: 0.168, Acc: 0.992, Base Lr: 4.63e-04
2026-03-04 14:35:33 transreid.train INFO: Epoch[54] Iter[200/227] Loss: 0.166, Acc: 0.992, Base Lr: 4.63e-04
2026-03-04 14:35:35 transreid.train INFO: Epoch 54 done. Time: 23s, Speed: 582.9[samples/s], Elapsed: 0h22m, ETA: 0h25m (66 epochs left)
2026-03-04 14:35:37 transreid.train INFO: Epoch[55] Iter[20/227] Loss: 0.173, Acc: 0.991, Base Lr: 4.53e-04
2026-03-04 14:35:39 transreid.train INFO: Epoch[55] Iter[40/227] Loss: 0.169, Acc: 0.992, Base Lr: 4.53e-04
2026-03-04 14:35:41 transreid.train INFO: Epoch[55] Iter[60/227] Loss: 0.169, Acc: 0.993, Base Lr: 4.53e-04
2026-03-04 14:35:44 transreid.train INFO: Epoch[55] Iter[80/227] Loss: 0.172, Acc: 0.993, Base Lr: 4.53e-04
2026-03-04 14:35:46 transreid.train INFO: Epoch[55] Iter[100/227] Loss: 0.169, Acc: 0.993, Base Lr: 4.53e-04
2026-03-04 14:35:48 transreid.train INFO: Epoch[55] Iter[120/227] Loss: 0.166, Acc: 0.994, Base Lr: 4.53e-04
2026-03-04 14:35:50 transreid.train INFO: Epoch[55] Iter[140/227] Loss: 0.162, Acc: 0.994, Base Lr: 4.53e-04
2026-03-04 14:35:52 transreid.train INFO: Epoch[55] Iter[160/227] Loss: 0.160, Acc: 0.994, Base Lr: 4.53e-04
2026-03-04 14:35:54 transreid.train INFO: Epoch[55] Iter[180/227] Loss: 0.156, Acc: 0.994, Base Lr: 4.53e-04
2026-03-04 14:35:56 transreid.train INFO: Epoch[55] Iter[200/227] Loss: 0.151, Acc: 0.994, Base Lr: 4.53e-04
2026-03-04 14:35:58 transreid.train INFO: Epoch 55 done. Time: 23s, Speed: 583.5[samples/s], Elapsed: 0h23m, ETA: 0h25m (65 epochs left)
2026-03-04 14:36:00 transreid.train INFO: Epoch[56] Iter[20/227] Loss: 0.170, Acc: 0.991, Base Lr: 4.43e-04
2026-03-04 14:36:02 transreid.train INFO: Epoch[56] Iter[40/227] Loss: 0.171, Acc: 0.992, Base Lr: 4.43e-04
2026-03-04 14:36:05 transreid.train INFO: Epoch[56] Iter[60/227] Loss: 0.172, Acc: 0.991, Base Lr: 4.43e-04
2026-03-04 14:36:07 transreid.train INFO: Epoch[56] Iter[80/227] Loss: 0.168, Acc: 0.991, Base Lr: 4.43e-04
2026-03-04 14:36:09 transreid.train INFO: Epoch[56] Iter[100/227] Loss: 0.167, Acc: 0.990, Base Lr: 4.43e-04
2026-03-04 14:36:11 transreid.train INFO: Epoch[56] Iter[120/227] Loss: 0.160, Acc: 0.991, Base Lr: 4.43e-04
2026-03-04 14:36:13 transreid.train INFO: Epoch[56] Iter[140/227] Loss: 0.153, Acc: 0.991, Base Lr: 4.43e-04
2026-03-04 14:36:15 transreid.train INFO: Epoch[56] Iter[160/227] Loss: 0.149, Acc: 0.992, Base Lr: 4.43e-04
2026-03-04 14:36:18 transreid.train INFO: Epoch[56] Iter[180/227] Loss: 0.143, Acc: 0.992, Base Lr: 4.43e-04
2026-03-04 14:36:20 transreid.train INFO: Epoch[56] Iter[200/227] Loss: 0.139, Acc: 0.993, Base Lr: 4.43e-04
2026-03-04 14:36:21 transreid.train INFO: Epoch 56 done. Time: 23s, Speed: 583.8[samples/s], Elapsed: 0h23m, ETA: 0h24m (64 epochs left)
2026-03-04 14:36:23 transreid.train INFO: Epoch[57] Iter[20/227] Loss: 0.166, Acc: 0.994, Base Lr: 4.32e-04
2026-03-04 14:36:26 transreid.train INFO: Epoch[57] Iter[40/227] Loss: 0.163, Acc: 0.994, Base Lr: 4.32e-04
2026-03-04 14:36:28 transreid.train INFO: Epoch[57] Iter[60/227] Loss: 0.163, Acc: 0.994, Base Lr: 4.32e-04
2026-03-04 14:36:30 transreid.train INFO: Epoch[57] Iter[80/227] Loss: 0.155, Acc: 0.994, Base Lr: 4.32e-04
2026-03-04 14:36:32 transreid.train INFO: Epoch[57] Iter[100/227] Loss: 0.153, Acc: 0.993, Base Lr: 4.32e-04
2026-03-04 14:36:34 transreid.train INFO: Epoch[57] Iter[120/227] Loss: 0.153, Acc: 0.994, Base Lr: 4.32e-04
2026-03-04 14:36:36 transreid.train INFO: Epoch[57] Iter[140/227] Loss: 0.148, Acc: 0.994, Base Lr: 4.32e-04
2026-03-04 14:36:39 transreid.train INFO: Epoch[57] Iter[160/227] Loss: 0.146, Acc: 0.994, Base Lr: 4.32e-04
2026-03-04 14:36:41 transreid.train INFO: Epoch[57] Iter[180/227] Loss: 0.142, Acc: 0.994, Base Lr: 4.32e-04
2026-03-04 14:36:43 transreid.train INFO: Epoch[57] Iter[200/227] Loss: 0.138, Acc: 0.994, Base Lr: 4.32e-04
2026-03-04 14:36:44 transreid.train INFO: Epoch 57 done. Time: 23s, Speed: 583.4[samples/s], Elapsed: 0h23m, ETA: 0h24m (63 epochs left)
2026-03-04 14:36:47 transreid.train INFO: Epoch[58] Iter[20/227] Loss: 0.152, Acc: 0.995, Base Lr: 4.22e-04
2026-03-04 14:36:49 transreid.train INFO: Epoch[58] Iter[40/227] Loss: 0.159, Acc: 0.993, Base Lr: 4.22e-04
2026-03-04 14:36:51 transreid.train INFO: Epoch[58] Iter[60/227] Loss: 0.150, Acc: 0.994, Base Lr: 4.22e-04
2026-03-04 14:36:53 transreid.train INFO: Epoch[58] Iter[80/227] Loss: 0.150, Acc: 0.994, Base Lr: 4.22e-04
2026-03-04 14:36:55 transreid.train INFO: Epoch[58] Iter[100/227] Loss: 0.151, Acc: 0.994, Base Lr: 4.22e-04
2026-03-04 14:36:58 transreid.train INFO: Epoch[58] Iter[120/227] Loss: 0.147, Acc: 0.994, Base Lr: 4.22e-04
2026-03-04 14:37:00 transreid.train INFO: Epoch[58] Iter[140/227] Loss: 0.147, Acc: 0.993, Base Lr: 4.22e-04
2026-03-04 14:37:02 transreid.train INFO: Epoch[58] Iter[160/227] Loss: 0.143, Acc: 0.993, Base Lr: 4.22e-04
2026-03-04 14:37:04 transreid.train INFO: Epoch[58] Iter[180/227] Loss: 0.139, Acc: 0.993, Base Lr: 4.22e-04
2026-03-04 14:37:06 transreid.train INFO: Epoch[58] Iter[200/227] Loss: 0.135, Acc: 0.994, Base Lr: 4.22e-04
2026-03-04 14:37:08 transreid.train INFO: Epoch 58 done. Time: 23s, Speed: 583.5[samples/s], Elapsed: 0h24m, ETA: 0h23m (62 epochs left)
2026-03-04 14:37:10 transreid.train INFO: Epoch[59] Iter[20/227] Loss: 0.148, Acc: 0.995, Base Lr: 4.11e-04
2026-03-04 14:37:12 transreid.train INFO: Epoch[59] Iter[40/227] Loss: 0.147, Acc: 0.994, Base Lr: 4.11e-04
2026-03-04 14:37:14 transreid.train INFO: Epoch[59] Iter[60/227] Loss: 0.148, Acc: 0.994, Base Lr: 4.11e-04
2026-03-04 14:37:17 transreid.train INFO: Epoch[59] Iter[80/227] Loss: 0.142, Acc: 0.995, Base Lr: 4.11e-04
2026-03-04 14:37:19 transreid.train INFO: Epoch[59] Iter[100/227] Loss: 0.140, Acc: 0.994, Base Lr: 4.11e-04
2026-03-04 14:37:21 transreid.train INFO: Epoch[59] Iter[120/227] Loss: 0.140, Acc: 0.994, Base Lr: 4.11e-04
2026-03-04 14:37:23 transreid.train INFO: Epoch[59] Iter[140/227] Loss: 0.140, Acc: 0.994, Base Lr: 4.11e-04
2026-03-04 14:37:25 transreid.train INFO: Epoch[59] Iter[160/227] Loss: 0.142, Acc: 0.993, Base Lr: 4.11e-04
2026-03-04 14:37:27 transreid.train INFO: Epoch[59] Iter[180/227] Loss: 0.143, Acc: 0.993, Base Lr: 4.11e-04
2026-03-04 14:37:30 transreid.train INFO: Epoch[59] Iter[200/227] Loss: 0.139, Acc: 0.994, Base Lr: 4.11e-04
2026-03-04 14:37:31 transreid.train INFO: Epoch 59 done. Time: 23s, Speed: 582.5[samples/s], Elapsed: 0h24m, ETA: 0h23m (61 epochs left)
2026-03-04 14:37:33 transreid.train INFO: Epoch[60] Iter[20/227] Loss: 0.146, Acc: 0.995, Base Lr: 4.01e-04
2026-03-04 14:37:35 transreid.train INFO: Epoch[60] Iter[40/227] Loss: 0.156, Acc: 0.993, Base Lr: 4.01e-04
2026-03-04 14:37:38 transreid.train INFO: Epoch[60] Iter[60/227] Loss: 0.152, Acc: 0.993, Base Lr: 4.01e-04
2026-03-04 14:37:40 transreid.train INFO: Epoch[60] Iter[80/227] Loss: 0.148, Acc: 0.994, Base Lr: 4.01e-04
2026-03-04 14:37:42 transreid.train INFO: Epoch[60] Iter[100/227] Loss: 0.149, Acc: 0.994, Base Lr: 4.01e-04
2026-03-04 14:37:44 transreid.train INFO: Epoch[60] Iter[120/227] Loss: 0.147, Acc: 0.994, Base Lr: 4.01e-04
2026-03-04 14:37:46 transreid.train INFO: Epoch[60] Iter[140/227] Loss: 0.140, Acc: 0.994, Base Lr: 4.01e-04
2026-03-04 14:37:48 transreid.train INFO: Epoch[60] Iter[160/227] Loss: 0.135, Acc: 0.994, Base Lr: 4.01e-04
2026-03-04 14:37:51 transreid.train INFO: Epoch[60] Iter[180/227] Loss: 0.131, Acc: 0.994, Base Lr: 4.01e-04
2026-03-04 14:37:53 transreid.train INFO: Epoch[60] Iter[200/227] Loss: 0.127, Acc: 0.994, Base Lr: 4.01e-04
2026-03-04 14:37:54 transreid.train INFO: Epoch 60 done. Time: 23s, Speed: 584.4[samples/s], Elapsed: 0h25m, ETA: 0h23m (60 epochs left)
The test feature is normalized
=> Computing DistMat with euclidean_distance
2026-03-04 14:38:16 transreid.train INFO: Validation Results - Epoch: 60
2026-03-04 14:38:16 transreid.train INFO: mAP: 54.1%
2026-03-04 14:38:16 transreid.train INFO: CMC curve, Rank-1  :64.5%
2026-03-04 14:38:16 transreid.train INFO: CMC curve, Rank-5  :79.2%
2026-03-04 14:38:16 transreid.train INFO: CMC curve, Rank-10 :84.0%
2026-03-04 14:38:18 transreid.train INFO: Epoch[61] Iter[20/227] Loss: 0.145, Acc: 0.991, Base Lr: 3.90e-04
2026-03-04 14:38:21 transreid.train INFO: Epoch[61] Iter[40/227] Loss: 0.132, Acc: 0.995, Base Lr: 3.90e-04
2026-03-04 14:38:23 transreid.train INFO: Epoch[61] Iter[60/227] Loss: 0.132, Acc: 0.995, Base Lr: 3.90e-04
2026-03-04 14:38:25 transreid.train INFO: Epoch[61] Iter[80/227] Loss: 0.127, Acc: 0.995, Base Lr: 3.90e-04
2026-03-04 14:38:27 transreid.train INFO: Epoch[61] Iter[100/227] Loss: 0.131, Acc: 0.995, Base Lr: 3.90e-04
2026-03-04 14:38:29 transreid.train INFO: Epoch[61] Iter[120/227] Loss: 0.130, Acc: 0.995, Base Lr: 3.90e-04
2026-03-04 14:38:31 transreid.train INFO: Epoch[61] Iter[140/227] Loss: 0.129, Acc: 0.995, Base Lr: 3.90e-04
2026-03-04 14:38:34 transreid.train INFO: Epoch[61] Iter[160/227] Loss: 0.127, Acc: 0.995, Base Lr: 3.90e-04
2026-03-04 14:38:36 transreid.train INFO: Epoch[61] Iter[180/227] Loss: 0.126, Acc: 0.995, Base Lr: 3.90e-04
2026-03-04 14:38:38 transreid.train INFO: Epoch[61] Iter[200/227] Loss: 0.123, Acc: 0.995, Base Lr: 3.90e-04
2026-03-04 14:38:39 transreid.train INFO: Epoch 61 done. Time: 23s, Speed: 583.2[samples/s], Elapsed: 0h25m, ETA: 0h22m (59 epochs left)
2026-03-04 14:38:42 transreid.train INFO: Epoch[62] Iter[20/227] Loss: 0.119, Acc: 0.998, Base Lr: 3.80e-04
2026-03-04 14:38:44 transreid.train INFO: Epoch[62] Iter[40/227] Loss: 0.129, Acc: 0.996, Base Lr: 3.80e-04
2026-03-04 14:38:46 transreid.train INFO: Epoch[62] Iter[60/227] Loss: 0.135, Acc: 0.995, Base Lr: 3.80e-04
2026-03-04 14:38:48 transreid.train INFO: Epoch[62] Iter[80/227] Loss: 0.135, Acc: 0.995, Base Lr: 3.80e-04
2026-03-04 14:38:50 transreid.train INFO: Epoch[62] Iter[100/227] Loss: 0.133, Acc: 0.995, Base Lr: 3.80e-04
2026-03-04 14:38:52 transreid.train INFO: Epoch[62] Iter[120/227] Loss: 0.130, Acc: 0.994, Base Lr: 3.80e-04
2026-03-04 14:38:55 transreid.train INFO: Epoch[62] Iter[140/227] Loss: 0.127, Acc: 0.994, Base Lr: 3.80e-04
2026-03-04 14:38:57 transreid.train INFO: Epoch[62] Iter[160/227] Loss: 0.124, Acc: 0.995, Base Lr: 3.80e-04
2026-03-04 14:38:59 transreid.train INFO: Epoch[62] Iter[180/227] Loss: 0.122, Acc: 0.995, Base Lr: 3.80e-04
2026-03-04 14:39:01 transreid.train INFO: Epoch[62] Iter[200/227] Loss: 0.119, Acc: 0.995, Base Lr: 3.80e-04
2026-03-04 14:39:02 transreid.train INFO: Epoch 62 done. Time: 23s, Speed: 583.4[samples/s], Elapsed: 0h26m, ETA: 0h22m (58 epochs left)
2026-03-04 14:39:05 transreid.train INFO: Epoch[63] Iter[20/227] Loss: 0.126, Acc: 0.997, Base Lr: 3.69e-04
2026-03-04 14:39:07 transreid.train INFO: Epoch[63] Iter[40/227] Loss: 0.138, Acc: 0.995, Base Lr: 3.69e-04
2026-03-04 14:39:09 transreid.train INFO: Epoch[63] Iter[60/227] Loss: 0.130, Acc: 0.996, Base Lr: 3.69e-04
2026-03-04 14:39:11 transreid.train INFO: Epoch[63] Iter[80/227] Loss: 0.136, Acc: 0.995, Base Lr: 3.69e-04
2026-03-04 14:39:14 transreid.train INFO: Epoch[63] Iter[100/227] Loss: 0.131, Acc: 0.995, Base Lr: 3.69e-04
2026-03-04 14:39:16 transreid.train INFO: Epoch[63] Iter[120/227] Loss: 0.130, Acc: 0.995, Base Lr: 3.69e-04
2026-03-04 14:39:18 transreid.train INFO: Epoch[63] Iter[140/227] Loss: 0.128, Acc: 0.995, Base Lr: 3.69e-04
2026-03-04 14:39:20 transreid.train INFO: Epoch[63] Iter[160/227] Loss: 0.126, Acc: 0.995, Base Lr: 3.69e-04
2026-03-04 14:39:22 transreid.train INFO: Epoch[63] Iter[180/227] Loss: 0.124, Acc: 0.995, Base Lr: 3.69e-04
2026-03-04 14:39:24 transreid.train INFO: Epoch[63] Iter[200/227] Loss: 0.120, Acc: 0.995, Base Lr: 3.69e-04
2026-03-04 14:39:26 transreid.train INFO: Epoch 63 done. Time: 23s, Speed: 583.1[samples/s], Elapsed: 0h26m, ETA: 0h22m (57 epochs left)
2026-03-04 14:39:28 transreid.train INFO: Epoch[64] Iter[20/227] Loss: 0.148, Acc: 0.991, Base Lr: 3.59e-04
2026-03-04 14:39:30 transreid.train INFO: Epoch[64] Iter[40/227] Loss: 0.152, Acc: 0.991, Base Lr: 3.59e-04
2026-03-04 14:39:32 transreid.train INFO: Epoch[64] Iter[60/227] Loss: 0.150, Acc: 0.992, Base Lr: 3.59e-04
2026-03-04 14:39:35 transreid.train INFO: Epoch[64] Iter[80/227] Loss: 0.149, Acc: 0.993, Base Lr: 3.59e-04
2026-03-04 14:39:37 transreid.train INFO: Epoch[64] Iter[100/227] Loss: 0.144, Acc: 0.992, Base Lr: 3.59e-04
2026-03-04 14:39:39 transreid.train INFO: Epoch[64] Iter[120/227] Loss: 0.139, Acc: 0.993, Base Lr: 3.59e-04
2026-03-04 14:39:41 transreid.train INFO: Epoch[64] Iter[140/227] Loss: 0.137, Acc: 0.993, Base Lr: 3.59e-04
2026-03-04 14:39:43 transreid.train INFO: Epoch[64] Iter[160/227] Loss: 0.133, Acc: 0.993, Base Lr: 3.59e-04
2026-03-04 14:39:45 transreid.train INFO: Epoch[64] Iter[180/227] Loss: 0.130, Acc: 0.994, Base Lr: 3.59e-04
2026-03-04 14:39:48 transreid.train INFO: Epoch[64] Iter[200/227] Loss: 0.124, Acc: 0.994, Base Lr: 3.59e-04
2026-03-04 14:39:49 transreid.train INFO: Epoch 64 done. Time: 23s, Speed: 583.4[samples/s], Elapsed: 0h26m, ETA: 0h21m (56 epochs left)
2026-03-04 14:39:51 transreid.train INFO: Epoch[65] Iter[20/227] Loss: 0.120, Acc: 0.995, Base Lr: 3.49e-04
2026-03-04 14:39:53 transreid.train INFO: Epoch[65] Iter[40/227] Loss: 0.123, Acc: 0.995, Base Lr: 3.49e-04
2026-03-04 14:39:56 transreid.train INFO: Epoch[65] Iter[60/227] Loss: 0.116, Acc: 0.995, Base Lr: 3.49e-04
2026-03-04 14:39:58 transreid.train INFO: Epoch[65] Iter[80/227] Loss: 0.122, Acc: 0.994, Base Lr: 3.49e-04
2026-03-04 14:40:00 transreid.train INFO: Epoch[65] Iter[100/227] Loss: 0.120, Acc: 0.995, Base Lr: 3.49e-04
2026-03-04 14:40:02 transreid.train INFO: Epoch[65] Iter[120/227] Loss: 0.117, Acc: 0.995, Base Lr: 3.49e-04
2026-03-04 14:40:04 transreid.train INFO: Epoch[65] Iter[140/227] Loss: 0.114, Acc: 0.995, Base Lr: 3.49e-04
2026-03-04 14:40:06 transreid.train INFO: Epoch[65] Iter[160/227] Loss: 0.110, Acc: 0.996, Base Lr: 3.49e-04
2026-03-04 14:40:09 transreid.train INFO: Epoch[65] Iter[180/227] Loss: 0.108, Acc: 0.996, Base Lr: 3.49e-04
2026-03-04 14:40:11 transreid.train INFO: Epoch[65] Iter[200/227] Loss: 0.104, Acc: 0.996, Base Lr: 3.49e-04
2026-03-04 14:40:12 transreid.train INFO: Epoch 65 done. Time: 23s, Speed: 584.1[samples/s], Elapsed: 0h27m, ETA: 0h21m (55 epochs left)
2026-03-04 14:40:15 transreid.train INFO: Epoch[66] Iter[20/227] Loss: 0.115, Acc: 0.998, Base Lr: 3.38e-04
2026-03-04 14:40:17 transreid.train INFO: Epoch[66] Iter[40/227] Loss: 0.124, Acc: 0.995, Base Lr: 3.38e-04
2026-03-04 14:40:19 transreid.train INFO: Epoch[66] Iter[60/227] Loss: 0.121, Acc: 0.994, Base Lr: 3.38e-04
2026-03-04 14:40:21 transreid.train INFO: Epoch[66] Iter[80/227] Loss: 0.119, Acc: 0.995, Base Lr: 3.38e-04
2026-03-04 14:40:23 transreid.train INFO: Epoch[66] Iter[100/227] Loss: 0.115, Acc: 0.995, Base Lr: 3.38e-04
2026-03-04 14:40:25 transreid.train INFO: Epoch[66] Iter[120/227] Loss: 0.113, Acc: 0.995, Base Lr: 3.38e-04
2026-03-04 14:40:28 transreid.train INFO: Epoch[66] Iter[140/227] Loss: 0.110, Acc: 0.995, Base Lr: 3.38e-04
2026-03-04 14:40:30 transreid.train INFO: Epoch[66] Iter[160/227] Loss: 0.108, Acc: 0.995, Base Lr: 3.38e-04
2026-03-04 14:40:32 transreid.train INFO: Epoch[66] Iter[180/227] Loss: 0.110, Acc: 0.995, Base Lr: 3.38e-04
2026-03-04 14:40:34 transreid.train INFO: Epoch[66] Iter[200/227] Loss: 0.107, Acc: 0.995, Base Lr: 3.38e-04
2026-03-04 14:40:35 transreid.train INFO: Epoch 66 done. Time: 23s, Speed: 583.6[samples/s], Elapsed: 0h27m, ETA: 0h20m (54 epochs left)
2026-03-04 14:40:38 transreid.train INFO: Epoch[67] Iter[20/227] Loss: 0.129, Acc: 0.998, Base Lr: 3.28e-04
2026-03-04 14:40:40 transreid.train INFO: Epoch[67] Iter[40/227] Loss: 0.130, Acc: 0.996, Base Lr: 3.28e-04
2026-03-04 14:40:42 transreid.train INFO: Epoch[67] Iter[60/227] Loss: 0.122, Acc: 0.996, Base Lr: 3.28e-04
2026-03-04 14:40:44 transreid.train INFO: Epoch[67] Iter[80/227] Loss: 0.120, Acc: 0.996, Base Lr: 3.28e-04
2026-03-04 14:40:47 transreid.train INFO: Epoch[67] Iter[100/227] Loss: 0.116, Acc: 0.996, Base Lr: 3.28e-04
2026-03-04 14:40:49 transreid.train INFO: Epoch[67] Iter[120/227] Loss: 0.113, Acc: 0.996, Base Lr: 3.28e-04
2026-03-04 14:40:51 transreid.train INFO: Epoch[67] Iter[140/227] Loss: 0.114, Acc: 0.996, Base Lr: 3.28e-04
2026-03-04 14:40:53 transreid.train INFO: Epoch[67] Iter[160/227] Loss: 0.112, Acc: 0.996, Base Lr: 3.28e-04
2026-03-04 14:40:55 transreid.train INFO: Epoch[67] Iter[180/227] Loss: 0.111, Acc: 0.996, Base Lr: 3.28e-04
2026-03-04 14:40:57 transreid.train INFO: Epoch[67] Iter[200/227] Loss: 0.108, Acc: 0.996, Base Lr: 3.28e-04
2026-03-04 14:40:59 transreid.train INFO: Epoch 67 done. Time: 23s, Speed: 583.5[samples/s], Elapsed: 0h28m, ETA: 0h20m (53 epochs left)
2026-03-04 14:41:01 transreid.train INFO: Epoch[68] Iter[20/227] Loss: 0.126, Acc: 0.995, Base Lr: 3.18e-04
2026-03-04 14:41:03 transreid.train INFO: Epoch[68] Iter[40/227] Loss: 0.113, Acc: 0.996, Base Lr: 3.18e-04
2026-03-04 14:41:05 transreid.train INFO: Epoch[68] Iter[60/227] Loss: 0.115, Acc: 0.996, Base Lr: 3.18e-04
2026-03-04 14:41:08 transreid.train INFO: Epoch[68] Iter[80/227] Loss: 0.129, Acc: 0.996, Base Lr: 3.18e-04
2026-03-04 14:41:10 transreid.train INFO: Epoch[68] Iter[100/227] Loss: 0.134, Acc: 0.996, Base Lr: 3.18e-04
2026-03-04 14:41:12 transreid.train INFO: Epoch[68] Iter[120/227] Loss: 0.128, Acc: 0.996, Base Lr: 3.18e-04
2026-03-04 14:41:14 transreid.train INFO: Epoch[68] Iter[140/227] Loss: 0.127, Acc: 0.996, Base Lr: 3.18e-04
2026-03-04 14:41:16 transreid.train INFO: Epoch[68] Iter[160/227] Loss: 0.122, Acc: 0.996, Base Lr: 3.18e-04
2026-03-04 14:41:18 transreid.train INFO: Epoch[68] Iter[180/227] Loss: 0.120, Acc: 0.997, Base Lr: 3.18e-04
2026-03-04 14:41:21 transreid.train INFO: Epoch[68] Iter[200/227] Loss: 0.118, Acc: 0.996, Base Lr: 3.18e-04
2026-03-04 14:41:22 transreid.train INFO: Epoch 68 done. Time: 23s, Speed: 583.8[samples/s], Elapsed: 0h28m, ETA: 0h20m (52 epochs left)
2026-03-04 14:41:24 transreid.train INFO: Epoch[69] Iter[20/227] Loss: 0.131, Acc: 0.995, Base Lr: 3.08e-04
2026-03-04 14:41:26 transreid.train INFO: Epoch[69] Iter[40/227] Loss: 0.118, Acc: 0.996, Base Lr: 3.08e-04
2026-03-04 14:41:29 transreid.train INFO: Epoch[69] Iter[60/227] Loss: 0.118, Acc: 0.996, Base Lr: 3.08e-04
2026-03-04 14:41:31 transreid.train INFO: Epoch[69] Iter[80/227] Loss: 0.116, Acc: 0.996, Base Lr: 3.08e-04
2026-03-04 14:41:33 transreid.train INFO: Epoch[69] Iter[100/227] Loss: 0.118, Acc: 0.996, Base Lr: 3.08e-04
2026-03-04 14:41:35 transreid.train INFO: Epoch[69] Iter[120/227] Loss: 0.113, Acc: 0.996, Base Lr: 3.08e-04
2026-03-04 14:41:37 transreid.train INFO: Epoch[69] Iter[140/227] Loss: 0.111, Acc: 0.996, Base Lr: 3.08e-04
2026-03-04 14:41:39 transreid.train INFO: Epoch[69] Iter[160/227] Loss: 0.108, Acc: 0.996, Base Lr: 3.08e-04
2026-03-04 14:41:42 transreid.train INFO: Epoch[69] Iter[180/227] Loss: 0.105, Acc: 0.996, Base Lr: 3.08e-04
2026-03-04 14:41:44 transreid.train INFO: Epoch[69] Iter[200/227] Loss: 0.102, Acc: 0.996, Base Lr: 3.08e-04
2026-03-04 14:41:45 transreid.train INFO: Epoch 69 done. Time: 23s, Speed: 583.9[samples/s], Elapsed: 0h28m, ETA: 0h19m (51 epochs left)
2026-03-04 14:41:47 transreid.train INFO: Epoch[70] Iter[20/227] Loss: 0.098, Acc: 0.997, Base Lr: 2.97e-04
2026-03-04 14:41:50 transreid.train INFO: Epoch[70] Iter[40/227] Loss: 0.113, Acc: 0.996, Base Lr: 2.97e-04
2026-03-04 14:41:52 transreid.train INFO: Epoch[70] Iter[60/227] Loss: 0.117, Acc: 0.995, Base Lr: 2.97e-04
2026-03-04 14:41:54 transreid.train INFO: Epoch[70] Iter[80/227] Loss: 0.118, Acc: 0.996, Base Lr: 2.97e-04
2026-03-04 14:41:56 transreid.train INFO: Epoch[70] Iter[100/227] Loss: 0.114, Acc: 0.996, Base Lr: 2.97e-04
2026-03-04 14:41:58 transreid.train INFO: Epoch[70] Iter[120/227] Loss: 0.111, Acc: 0.996, Base Lr: 2.97e-04
2026-03-04 14:42:00 transreid.train INFO: Epoch[70] Iter[140/227] Loss: 0.108, Acc: 0.996, Base Lr: 2.97e-04
2026-03-04 14:42:03 transreid.train INFO: Epoch[70] Iter[160/227] Loss: 0.109, Acc: 0.996, Base Lr: 2.97e-04
2026-03-04 14:42:05 transreid.train INFO: Epoch[70] Iter[180/227] Loss: 0.104, Acc: 0.996, Base Lr: 2.97e-04
2026-03-04 14:42:07 transreid.train INFO: Epoch[70] Iter[200/227] Loss: 0.102, Acc: 0.996, Base Lr: 2.97e-04
2026-03-04 14:42:08 transreid.train INFO: Epoch 70 done. Time: 23s, Speed: 583.3[samples/s], Elapsed: 0h29m, ETA: 0h19m (50 epochs left)
The test feature is normalized
=> Computing DistMat with euclidean_distance
2026-03-04 14:42:30 transreid.train INFO: Validation Results - Epoch: 70
2026-03-04 14:42:30 transreid.train INFO: mAP: 55.1%
2026-03-04 14:42:30 transreid.train INFO: CMC curve, Rank-1  :65.9%
2026-03-04 14:42:30 transreid.train INFO: CMC curve, Rank-5  :80.2%
2026-03-04 14:42:30 transreid.train INFO: CMC curve, Rank-10 :84.5%
2026-03-04 14:42:33 transreid.train INFO: Epoch[71] Iter[20/227] Loss: 0.101, Acc: 0.998, Base Lr: 2.87e-04
2026-03-04 14:42:35 transreid.train INFO: Epoch[71] Iter[40/227] Loss: 0.109, Acc: 0.997, Base Lr: 2.87e-04
2026-03-04 14:42:37 transreid.train INFO: Epoch[71] Iter[60/227] Loss: 0.109, Acc: 0.996, Base Lr: 2.87e-04
2026-03-04 14:42:39 transreid.train INFO: Epoch[71] Iter[80/227] Loss: 0.107, Acc: 0.996, Base Lr: 2.87e-04
2026-03-04 14:42:41 transreid.train INFO: Epoch[71] Iter[100/227] Loss: 0.109, Acc: 0.997, Base Lr: 2.87e-04
2026-03-04 14:42:44 transreid.train INFO: Epoch[71] Iter[120/227] Loss: 0.106, Acc: 0.996, Base Lr: 2.87e-04
2026-03-04 14:42:46 transreid.train INFO: Epoch[71] Iter[140/227] Loss: 0.105, Acc: 0.996, Base Lr: 2.87e-04
2026-03-04 14:42:48 transreid.train INFO: Epoch[71] Iter[160/227] Loss: 0.104, Acc: 0.996, Base Lr: 2.87e-04
2026-03-04 14:42:50 transreid.train INFO: Epoch[71] Iter[180/227] Loss: 0.102, Acc: 0.996, Base Lr: 2.87e-04
2026-03-04 14:42:52 transreid.train INFO: Epoch[71] Iter[200/227] Loss: 0.098, Acc: 0.997, Base Lr: 2.87e-04
2026-03-04 14:42:53 transreid.train INFO: Epoch 71 done. Time: 23s, Speed: 583.7[samples/s], Elapsed: 0h30m, ETA: 0h18m (49 epochs left)
2026-03-04 14:42:56 transreid.train INFO: Epoch[72] Iter[20/227] Loss: 0.143, Acc: 0.991, Base Lr: 2.77e-04
2026-03-04 14:42:58 transreid.train INFO: Epoch[72] Iter[40/227] Loss: 0.142, Acc: 0.992, Base Lr: 2.77e-04
2026-03-04 14:43:00 transreid.train INFO: Epoch[72] Iter[60/227] Loss: 0.134, Acc: 0.992, Base Lr: 2.77e-04
2026-03-04 14:43:02 transreid.train INFO: Epoch[72] Iter[80/227] Loss: 0.123, Acc: 0.994, Base Lr: 2.77e-04
2026-03-04 14:43:05 transreid.train INFO: Epoch[72] Iter[100/227] Loss: 0.118, Acc: 0.994, Base Lr: 2.77e-04
2026-03-04 14:43:07 transreid.train INFO: Epoch[72] Iter[120/227] Loss: 0.118, Acc: 0.994, Base Lr: 2.77e-04
2026-03-04 14:43:09 transreid.train INFO: Epoch[72] Iter[140/227] Loss: 0.114, Acc: 0.995, Base Lr: 2.77e-04
2026-03-04 14:43:11 transreid.train INFO: Epoch[72] Iter[160/227] Loss: 0.111, Acc: 0.995, Base Lr: 2.77e-04
2026-03-04 14:43:13 transreid.train INFO: Epoch[72] Iter[180/227] Loss: 0.108, Acc: 0.995, Base Lr: 2.77e-04
2026-03-04 14:43:15 transreid.train INFO: Epoch[72] Iter[200/227] Loss: 0.104, Acc: 0.996, Base Lr: 2.77e-04
2026-03-04 14:43:17 transreid.train INFO: Epoch 72 done. Time: 23s, Speed: 582.0[samples/s], Elapsed: 0h30m, ETA: 0h18m (48 epochs left)
2026-03-04 14:43:19 transreid.train INFO: Epoch[73] Iter[20/227] Loss: 0.108, Acc: 0.995, Base Lr: 2.68e-04
2026-03-04 14:43:21 transreid.train INFO: Epoch[73] Iter[40/227] Loss: 0.107, Acc: 0.996, Base Lr: 2.68e-04
2026-03-04 14:43:23 transreid.train INFO: Epoch[73] Iter[60/227] Loss: 0.120, Acc: 0.995, Base Lr: 2.68e-04
2026-03-04 14:43:26 transreid.train INFO: Epoch[73] Iter[80/227] Loss: 0.115, Acc: 0.995, Base Lr: 2.68e-04
2026-03-04 14:43:28 transreid.train INFO: Epoch[73] Iter[100/227] Loss: 0.109, Acc: 0.996, Base Lr: 2.68e-04
2026-03-04 14:43:30 transreid.train INFO: Epoch[73] Iter[120/227] Loss: 0.105, Acc: 0.996, Base Lr: 2.68e-04
2026-03-04 14:43:32 transreid.train INFO: Epoch[73] Iter[140/227] Loss: 0.103, Acc: 0.996, Base Lr: 2.68e-04
2026-03-04 14:43:34 transreid.train INFO: Epoch[73] Iter[160/227] Loss: 0.102, Acc: 0.996, Base Lr: 2.68e-04
2026-03-04 14:43:36 transreid.train INFO: Epoch[73] Iter[180/227] Loss: 0.098, Acc: 0.996, Base Lr: 2.68e-04
2026-03-04 14:43:39 transreid.train INFO: Epoch[73] Iter[200/227] Loss: 0.094, Acc: 0.996, Base Lr: 2.68e-04
2026-03-04 14:43:40 transreid.train INFO: Epoch 73 done. Time: 23s, Speed: 582.7[samples/s], Elapsed: 0h30m, ETA: 0h18m (47 epochs left)
2026-03-04 14:43:42 transreid.train INFO: Epoch[74] Iter[20/227] Loss: 0.121, Acc: 0.997, Base Lr: 2.58e-04
2026-03-04 14:43:44 transreid.train INFO: Epoch[74] Iter[40/227] Loss: 0.122, Acc: 0.998, Base Lr: 2.58e-04
2026-03-04 14:43:47 transreid.train INFO: Epoch[74] Iter[60/227] Loss: 0.123, Acc: 0.996, Base Lr: 2.58e-04
2026-03-04 14:43:49 transreid.train INFO: Epoch[74] Iter[80/227] Loss: 0.115, Acc: 0.997, Base Lr: 2.58e-04
2026-03-04 14:43:51 transreid.train INFO: Epoch[74] Iter[100/227] Loss: 0.110, Acc: 0.997, Base Lr: 2.58e-04
2026-03-04 14:43:53 transreid.train INFO: Epoch[74] Iter[120/227] Loss: 0.105, Acc: 0.997, Base Lr: 2.58e-04
2026-03-04 14:43:55 transreid.train INFO: Epoch[74] Iter[140/227] Loss: 0.103, Acc: 0.997, Base Lr: 2.58e-04
2026-03-04 14:43:57 transreid.train INFO: Epoch[74] Iter[160/227] Loss: 0.103, Acc: 0.997, Base Lr: 2.58e-04
2026-03-04 14:44:00 transreid.train INFO: Epoch[74] Iter[180/227] Loss: 0.100, Acc: 0.997, Base Lr: 2.58e-04
2026-03-04 14:44:02 transreid.train INFO: Epoch[74] Iter[200/227] Loss: 0.097, Acc: 0.997, Base Lr: 2.58e-04
2026-03-04 14:44:03 transreid.train INFO: Epoch 74 done. Time: 23s, Speed: 584.2[samples/s], Elapsed: 0h31m, ETA: 0h17m (46 epochs left)
2026-03-04 14:44:06 transreid.train INFO: Epoch[75] Iter[20/227] Loss: 0.101, Acc: 0.997, Base Lr: 2.48e-04
2026-03-04 14:44:08 transreid.train INFO: Epoch[75] Iter[40/227] Loss: 0.105, Acc: 0.996, Base Lr: 2.48e-04
2026-03-04 14:44:10 transreid.train INFO: Epoch[75] Iter[60/227] Loss: 0.105, Acc: 0.996, Base Lr: 2.48e-04
2026-03-04 14:44:12 transreid.train INFO: Epoch[75] Iter[80/227] Loss: 0.102, Acc: 0.996, Base Lr: 2.48e-04
2026-03-04 14:44:14 transreid.train INFO: Epoch[75] Iter[100/227] Loss: 0.103, Acc: 0.996, Base Lr: 2.48e-04
2026-03-04 14:44:16 transreid.train INFO: Epoch[75] Iter[120/227] Loss: 0.104, Acc: 0.996, Base Lr: 2.48e-04
2026-03-04 14:44:19 transreid.train INFO: Epoch[75] Iter[140/227] Loss: 0.103, Acc: 0.997, Base Lr: 2.48e-04
2026-03-04 14:44:21 transreid.train INFO: Epoch[75] Iter[160/227] Loss: 0.102, Acc: 0.997, Base Lr: 2.48e-04
2026-03-04 14:44:23 transreid.train INFO: Epoch[75] Iter[180/227] Loss: 0.101, Acc: 0.996, Base Lr: 2.48e-04
2026-03-04 14:44:25 transreid.train INFO: Epoch[75] Iter[200/227] Loss: 0.098, Acc: 0.997, Base Lr: 2.48e-04
2026-03-04 14:44:26 transreid.train INFO: Epoch 75 done. Time: 23s, Speed: 583.8[samples/s], Elapsed: 0h31m, ETA: 0h17m (45 epochs left)
2026-03-04 14:44:29 transreid.train INFO: Epoch[76] Iter[20/227] Loss: 0.114, Acc: 0.995, Base Lr: 2.38e-04
2026-03-04 14:44:31 transreid.train INFO: Epoch[76] Iter[40/227] Loss: 0.111, Acc: 0.995, Base Lr: 2.38e-04
2026-03-04 14:44:33 transreid.train INFO: Epoch[76] Iter[60/227] Loss: 0.110, Acc: 0.995, Base Lr: 2.38e-04
2026-03-04 14:44:35 transreid.train INFO: Epoch[76] Iter[80/227] Loss: 0.110, Acc: 0.995, Base Lr: 2.38e-04
2026-03-04 14:44:38 transreid.train INFO: Epoch[76] Iter[100/227] Loss: 0.106, Acc: 0.996, Base Lr: 2.38e-04
2026-03-04 14:44:40 transreid.train INFO: Epoch[76] Iter[120/227] Loss: 0.101, Acc: 0.996, Base Lr: 2.38e-04
2026-03-04 14:44:42 transreid.train INFO: Epoch[76] Iter[140/227] Loss: 0.100, Acc: 0.996, Base Lr: 2.38e-04
2026-03-04 14:44:44 transreid.train INFO: Epoch[76] Iter[160/227] Loss: 0.098, Acc: 0.996, Base Lr: 2.38e-04
2026-03-04 14:44:46 transreid.train INFO: Epoch[76] Iter[180/227] Loss: 0.097, Acc: 0.996, Base Lr: 2.38e-04
2026-03-04 14:44:48 transreid.train INFO: Epoch[76] Iter[200/227] Loss: 0.094, Acc: 0.996, Base Lr: 2.38e-04
2026-03-04 14:44:50 transreid.train INFO: Epoch 76 done. Time: 23s, Speed: 582.9[samples/s], Elapsed: 0h31m, ETA: 0h17m (44 epochs left)
2026-03-04 14:44:52 transreid.train INFO: Epoch[77] Iter[20/227] Loss: 0.128, Acc: 0.996, Base Lr: 2.29e-04
2026-03-04 14:44:54 transreid.train INFO: Epoch[77] Iter[40/227] Loss: 0.110, Acc: 0.996, Base Lr: 2.29e-04
2026-03-04 14:44:56 transreid.train INFO: Epoch[77] Iter[60/227] Loss: 0.107, Acc: 0.996, Base Lr: 2.29e-04
2026-03-04 14:44:59 transreid.train INFO: Epoch[77] Iter[80/227] Loss: 0.111, Acc: 0.996, Base Lr: 2.29e-04
2026-03-04 14:45:01 transreid.train INFO: Epoch[77] Iter[100/227] Loss: 0.110, Acc: 0.996, Base Lr: 2.29e-04
2026-03-04 14:45:03 transreid.train INFO: Epoch[77] Iter[120/227] Loss: 0.107, Acc: 0.996, Base Lr: 2.29e-04
2026-03-04 14:45:05 transreid.train INFO: Epoch[77] Iter[140/227] Loss: 0.103, Acc: 0.996, Base Lr: 2.29e-04
2026-03-04 14:45:07 transreid.train INFO: Epoch[77] Iter[160/227] Loss: 0.099, Acc: 0.996, Base Lr: 2.29e-04
2026-03-04 14:45:09 transreid.train INFO: Epoch[77] Iter[180/227] Loss: 0.096, Acc: 0.996, Base Lr: 2.29e-04
2026-03-04 14:45:12 transreid.train INFO: Epoch[77] Iter[200/227] Loss: 0.092, Acc: 0.996, Base Lr: 2.29e-04
2026-03-04 14:45:13 transreid.train INFO: Epoch 77 done. Time: 23s, Speed: 583.9[samples/s], Elapsed: 0h32m, ETA: 0h16m (43 epochs left)
2026-03-04 14:45:15 transreid.train INFO: Epoch[78] Iter[20/227] Loss: 0.130, Acc: 0.997, Base Lr: 2.20e-04
2026-03-04 14:45:18 transreid.train INFO: Epoch[78] Iter[40/227] Loss: 0.118, Acc: 0.996, Base Lr: 2.20e-04
2026-03-04 14:45:20 transreid.train INFO: Epoch[78] Iter[60/227] Loss: 0.112, Acc: 0.995, Base Lr: 2.20e-04
2026-03-04 14:45:22 transreid.train INFO: Epoch[78] Iter[80/227] Loss: 0.105, Acc: 0.996, Base Lr: 2.20e-04
2026-03-04 14:45:24 transreid.train INFO: Epoch[78] Iter[100/227] Loss: 0.101, Acc: 0.996, Base Lr: 2.20e-04
2026-03-04 14:45:26 transreid.train INFO: Epoch[78] Iter[120/227] Loss: 0.103, Acc: 0.996, Base Lr: 2.20e-04
2026-03-04 14:45:28 transreid.train INFO: Epoch[78] Iter[140/227] Loss: 0.098, Acc: 0.996, Base Lr: 2.20e-04
2026-03-04 14:45:31 transreid.train INFO: Epoch[78] Iter[160/227] Loss: 0.098, Acc: 0.996, Base Lr: 2.20e-04
2026-03-04 14:45:33 transreid.train INFO: Epoch[78] Iter[180/227] Loss: 0.098, Acc: 0.996, Base Lr: 2.20e-04
2026-03-04 14:45:35 transreid.train INFO: Epoch[78] Iter[200/227] Loss: 0.094, Acc: 0.996, Base Lr: 2.20e-04
2026-03-04 14:45:36 transreid.train INFO: Epoch 78 done. Time: 23s, Speed: 583.5[samples/s], Elapsed: 0h32m, ETA: 0h16m (42 epochs left)
2026-03-04 14:45:39 transreid.train INFO: Epoch[79] Iter[20/227] Loss: 0.133, Acc: 0.993, Base Lr: 2.10e-04
2026-03-04 14:45:41 transreid.train INFO: Epoch[79] Iter[40/227] Loss: 0.120, Acc: 0.995, Base Lr: 2.10e-04
2026-03-04 14:45:43 transreid.train INFO: Epoch[79] Iter[60/227] Loss: 0.114, Acc: 0.996, Base Lr: 2.10e-04
2026-03-04 14:45:45 transreid.train INFO: Epoch[79] Iter[80/227] Loss: 0.108, Acc: 0.996, Base Lr: 2.10e-04
2026-03-04 14:45:47 transreid.train INFO: Epoch[79] Iter[100/227] Loss: 0.108, Acc: 0.996, Base Lr: 2.10e-04
2026-03-04 14:45:49 transreid.train INFO: Epoch[79] Iter[120/227] Loss: 0.104, Acc: 0.996, Base Lr: 2.10e-04
2026-03-04 14:45:52 transreid.train INFO: Epoch[79] Iter[140/227] Loss: 0.100, Acc: 0.996, Base Lr: 2.10e-04
2026-03-04 14:45:54 transreid.train INFO: Epoch[79] Iter[160/227] Loss: 0.098, Acc: 0.996, Base Lr: 2.10e-04
2026-03-04 14:45:56 transreid.train INFO: Epoch[79] Iter[180/227] Loss: 0.096, Acc: 0.996, Base Lr: 2.10e-04
2026-03-04 14:45:58 transreid.train INFO: Epoch[79] Iter[200/227] Loss: 0.092, Acc: 0.997, Base Lr: 2.10e-04
2026-03-04 14:45:59 transreid.train INFO: Epoch 79 done. Time: 23s, Speed: 584.0[samples/s], Elapsed: 0h33m, ETA: 0h15m (41 epochs left)
2026-03-04 14:46:02 transreid.train INFO: Epoch[80] Iter[20/227] Loss: 0.088, Acc: 0.999, Base Lr: 2.01e-04
2026-03-04 14:46:04 transreid.train INFO: Epoch[80] Iter[40/227] Loss: 0.099, Acc: 0.998, Base Lr: 2.01e-04
2026-03-04 14:46:06 transreid.train INFO: Epoch[80] Iter[60/227] Loss: 0.098, Acc: 0.997, Base Lr: 2.01e-04
2026-03-04 14:46:08 transreid.train INFO: Epoch[80] Iter[80/227] Loss: 0.100, Acc: 0.996, Base Lr: 2.01e-04
2026-03-04 14:46:10 transreid.train INFO: Epoch[80] Iter[100/227] Loss: 0.098, Acc: 0.997, Base Lr: 2.01e-04
2026-03-04 14:46:13 transreid.train INFO: Epoch[80] Iter[120/227] Loss: 0.097, Acc: 0.997, Base Lr: 2.01e-04
2026-03-04 14:46:15 transreid.train INFO: Epoch[80] Iter[140/227] Loss: 0.094, Acc: 0.997, Base Lr: 2.01e-04
2026-03-04 14:46:17 transreid.train INFO: Epoch[80] Iter[160/227] Loss: 0.093, Acc: 0.997, Base Lr: 2.01e-04
2026-03-04 14:46:19 transreid.train INFO: Epoch[80] Iter[180/227] Loss: 0.091, Acc: 0.997, Base Lr: 2.01e-04
2026-03-04 14:46:21 transreid.train INFO: Epoch[80] Iter[200/227] Loss: 0.086, Acc: 0.997, Base Lr: 2.01e-04
2026-03-04 14:46:22 transreid.train INFO: Epoch 80 done. Time: 23s, Speed: 583.5[samples/s], Elapsed: 0h33m, ETA: 0h15m (40 epochs left)
The test feature is normalized
=> Computing DistMat with euclidean_distance
2026-03-04 14:46:44 transreid.train INFO: Validation Results - Epoch: 80
2026-03-04 14:46:44 transreid.train INFO: mAP: 56.2%
2026-03-04 14:46:44 transreid.train INFO: CMC curve, Rank-1  :66.9%
2026-03-04 14:46:44 transreid.train INFO: CMC curve, Rank-5  :80.5%
2026-03-04 14:46:44 transreid.train INFO: CMC curve, Rank-10 :84.7%
2026-03-04 14:46:47 transreid.train INFO: Epoch[81] Iter[20/227] Loss: 0.089, Acc: 0.998, Base Lr: 1.92e-04
2026-03-04 14:46:49 transreid.train INFO: Epoch[81] Iter[40/227] Loss: 0.096, Acc: 0.996, Base Lr: 1.92e-04
2026-03-04 14:46:51 transreid.train INFO: Epoch[81] Iter[60/227] Loss: 0.096, Acc: 0.997, Base Lr: 1.92e-04
2026-03-04 14:46:54 transreid.train INFO: Epoch[81] Iter[80/227] Loss: 0.093, Acc: 0.997, Base Lr: 1.92e-04
2026-03-04 14:46:56 transreid.train INFO: Epoch[81] Iter[100/227] Loss: 0.091, Acc: 0.997, Base Lr: 1.92e-04
2026-03-04 14:46:58 transreid.train INFO: Epoch[81] Iter[120/227] Loss: 0.089, Acc: 0.997, Base Lr: 1.92e-04
2026-03-04 14:47:00 transreid.train INFO: Epoch[81] Iter[140/227] Loss: 0.088, Acc: 0.997, Base Lr: 1.92e-04
2026-03-04 14:47:02 transreid.train INFO: Epoch[81] Iter[160/227] Loss: 0.090, Acc: 0.997, Base Lr: 1.92e-04
2026-03-04 14:47:04 transreid.train INFO: Epoch[81] Iter[180/227] Loss: 0.087, Acc: 0.997, Base Lr: 1.92e-04
2026-03-04 14:47:06 transreid.train INFO: Epoch[81] Iter[200/227] Loss: 0.085, Acc: 0.997, Base Lr: 1.92e-04
2026-03-04 14:47:08 transreid.train INFO: Epoch 81 done. Time: 23s, Speed: 584.2[samples/s], Elapsed: 0h34m, ETA: 0h15m (39 epochs left)
2026-03-04 14:47:10 transreid.train INFO: Epoch[82] Iter[20/227] Loss: 0.091, Acc: 0.996, Base Lr: 1.83e-04
2026-03-04 14:47:12 transreid.train INFO: Epoch[82] Iter[40/227] Loss: 0.094, Acc: 0.997, Base Lr: 1.83e-04
2026-03-04 14:47:15 transreid.train INFO: Epoch[82] Iter[60/227] Loss: 0.091, Acc: 0.997, Base Lr: 1.83e-04
2026-03-04 14:47:17 transreid.train INFO: Epoch[82] Iter[80/227] Loss: 0.090, Acc: 0.997, Base Lr: 1.83e-04
2026-03-04 14:47:19 transreid.train INFO: Epoch[82] Iter[100/227] Loss: 0.089, Acc: 0.997, Base Lr: 1.83e-04
2026-03-04 14:47:21 transreid.train INFO: Epoch[82] Iter[120/227] Loss: 0.086, Acc: 0.996, Base Lr: 1.83e-04
2026-03-04 14:47:23 transreid.train INFO: Epoch[82] Iter[140/227] Loss: 0.086, Acc: 0.996, Base Lr: 1.83e-04
2026-03-04 14:47:25 transreid.train INFO: Epoch[82] Iter[160/227] Loss: 0.084, Acc: 0.996, Base Lr: 1.83e-04
2026-03-04 14:47:28 transreid.train INFO: Epoch[82] Iter[180/227] Loss: 0.083, Acc: 0.996, Base Lr: 1.83e-04
2026-03-04 14:47:30 transreid.train INFO: Epoch[82] Iter[200/227] Loss: 0.081, Acc: 0.997, Base Lr: 1.83e-04
2026-03-04 14:47:31 transreid.train INFO: Epoch 82 done. Time: 23s, Speed: 583.6[samples/s], Elapsed: 0h34m, ETA: 0h14m (38 epochs left)
2026-03-04 14:47:34 transreid.train INFO: Epoch[83] Iter[20/227] Loss: 0.095, Acc: 0.997, Base Lr: 1.75e-04
2026-03-04 14:47:36 transreid.train INFO: Epoch[83] Iter[40/227] Loss: 0.091, Acc: 0.996, Base Lr: 1.75e-04
2026-03-04 14:47:38 transreid.train INFO: Epoch[83] Iter[60/227] Loss: 0.086, Acc: 0.997, Base Lr: 1.75e-04
2026-03-04 14:47:40 transreid.train INFO: Epoch[83] Iter[80/227] Loss: 0.087, Acc: 0.997, Base Lr: 1.75e-04
2026-03-04 14:47:42 transreid.train INFO: Epoch[83] Iter[100/227] Loss: 0.088, Acc: 0.997, Base Lr: 1.75e-04
2026-03-04 14:47:44 transreid.train INFO: Epoch[83] Iter[120/227] Loss: 0.083, Acc: 0.998, Base Lr: 1.75e-04
2026-03-04 14:47:47 transreid.train INFO: Epoch[83] Iter[140/227] Loss: 0.084, Acc: 0.997, Base Lr: 1.75e-04
2026-03-04 14:47:49 transreid.train INFO: Epoch[83] Iter[160/227] Loss: 0.084, Acc: 0.997, Base Lr: 1.75e-04
2026-03-04 14:47:51 transreid.train INFO: Epoch[83] Iter[180/227] Loss: 0.081, Acc: 0.997, Base Lr: 1.75e-04
2026-03-04 14:47:53 transreid.train INFO: Epoch[83] Iter[200/227] Loss: 0.078, Acc: 0.998, Base Lr: 1.75e-04
2026-03-04 14:47:55 transreid.train INFO: Epoch 83 done. Time: 23s, Speed: 585.0[samples/s], Elapsed: 0h35m, ETA: 0h14m (37 epochs left)
2026-03-04 14:47:57 transreid.train INFO: Epoch[84] Iter[20/227] Loss: 0.106, Acc: 0.993, Base Lr: 1.66e-04
2026-03-04 14:47:59 transreid.train INFO: Epoch[84] Iter[40/227] Loss: 0.097, Acc: 0.996, Base Lr: 1.66e-04
2026-03-04 14:48:01 transreid.train INFO: Epoch[84] Iter[60/227] Loss: 0.098, Acc: 0.996, Base Lr: 1.66e-04
2026-03-04 14:48:03 transreid.train INFO: Epoch[84] Iter[80/227] Loss: 0.094, Acc: 0.997, Base Lr: 1.66e-04
2026-03-04 14:48:06 transreid.train INFO: Epoch[84] Iter[100/227] Loss: 0.094, Acc: 0.997, Base Lr: 1.66e-04
2026-03-04 14:48:08 transreid.train INFO: Epoch[84] Iter[120/227] Loss: 0.090, Acc: 0.997, Base Lr: 1.66e-04
2026-03-04 14:48:10 transreid.train INFO: Epoch[84] Iter[140/227] Loss: 0.091, Acc: 0.997, Base Lr: 1.66e-04
2026-03-04 14:48:12 transreid.train INFO: Epoch[84] Iter[160/227] Loss: 0.089, Acc: 0.997, Base Lr: 1.66e-04
2026-03-04 14:48:14 transreid.train INFO: Epoch[84] Iter[180/227] Loss: 0.086, Acc: 0.997, Base Lr: 1.66e-04
2026-03-04 14:48:16 transreid.train INFO: Epoch[84] Iter[200/227] Loss: 0.083, Acc: 0.997, Base Lr: 1.66e-04
2026-03-04 14:48:18 transreid.train INFO: Epoch 84 done. Time: 23s, Speed: 584.8[samples/s], Elapsed: 0h35m, ETA: 0h13m (36 epochs left)
2026-03-04 14:48:20 transreid.train INFO: Epoch[85] Iter[20/227] Loss: 0.088, Acc: 0.998, Base Lr: 1.58e-04
2026-03-04 14:48:22 transreid.train INFO: Epoch[85] Iter[40/227] Loss: 0.090, Acc: 0.997, Base Lr: 1.58e-04
2026-03-04 14:48:25 transreid.train INFO: Epoch[85] Iter[60/227] Loss: 0.094, Acc: 0.996, Base Lr: 1.58e-04
2026-03-04 14:48:27 transreid.train INFO: Epoch[85] Iter[80/227] Loss: 0.095, Acc: 0.996, Base Lr: 1.58e-04
2026-03-04 14:48:29 transreid.train INFO: Epoch[85] Iter[100/227] Loss: 0.092, Acc: 0.997, Base Lr: 1.58e-04
2026-03-04 14:48:31 transreid.train INFO: Epoch[85] Iter[120/227] Loss: 0.092, Acc: 0.996, Base Lr: 1.58e-04
2026-03-04 14:48:33 transreid.train INFO: Epoch[85] Iter[140/227] Loss: 0.090, Acc: 0.996, Base Lr: 1.58e-04
2026-03-04 14:48:35 transreid.train INFO: Epoch[85] Iter[160/227] Loss: 0.087, Acc: 0.997, Base Lr: 1.58e-04
2026-03-04 14:48:38 transreid.train INFO: Epoch[85] Iter[180/227] Loss: 0.086, Acc: 0.996, Base Lr: 1.58e-04
2026-03-04 14:48:40 transreid.train INFO: Epoch[85] Iter[200/227] Loss: 0.082, Acc: 0.997, Base Lr: 1.58e-04
2026-03-04 14:48:41 transreid.train INFO: Epoch 85 done. Time: 23s, Speed: 583.2[samples/s], Elapsed: 0h35m, ETA: 0h13m (35 epochs left)
2026-03-04 14:48:43 transreid.train INFO: Epoch[86] Iter[20/227] Loss: 0.090, Acc: 0.997, Base Lr: 1.50e-04
2026-03-04 14:48:46 transreid.train INFO: Epoch[86] Iter[40/227] Loss: 0.087, Acc: 0.998, Base Lr: 1.50e-04
2026-03-04 14:48:48 transreid.train INFO: Epoch[86] Iter[60/227] Loss: 0.081, Acc: 0.998, Base Lr: 1.50e-04
2026-03-04 14:48:50 transreid.train INFO: Epoch[86] Iter[80/227] Loss: 0.080, Acc: 0.998, Base Lr: 1.50e-04
2026-03-04 14:48:52 transreid.train INFO: Epoch[86] Iter[100/227] Loss: 0.082, Acc: 0.998, Base Lr: 1.50e-04
2026-03-04 14:48:54 transreid.train INFO: Epoch[86] Iter[120/227] Loss: 0.083, Acc: 0.997, Base Lr: 1.50e-04
2026-03-04 14:48:56 transreid.train INFO: Epoch[86] Iter[140/227] Loss: 0.084, Acc: 0.997, Base Lr: 1.50e-04
2026-03-04 14:48:59 transreid.train INFO: Epoch[86] Iter[160/227] Loss: 0.083, Acc: 0.997, Base Lr: 1.50e-04
2026-03-04 14:49:01 transreid.train INFO: Epoch[86] Iter[180/227] Loss: 0.082, Acc: 0.997, Base Lr: 1.50e-04
2026-03-04 14:49:03 transreid.train INFO: Epoch[86] Iter[200/227] Loss: 0.081, Acc: 0.997, Base Lr: 1.50e-04
2026-03-04 14:49:04 transreid.train INFO: Epoch 86 done. Time: 23s, Speed: 583.6[samples/s], Elapsed: 0h36m, ETA: 0h13m (34 epochs left)
2026-03-04 14:49:07 transreid.train INFO: Epoch[87] Iter[20/227] Loss: 0.102, Acc: 0.995, Base Lr: 1.42e-04
2026-03-04 14:49:09 transreid.train INFO: Epoch[87] Iter[40/227] Loss: 0.098, Acc: 0.995, Base Lr: 1.42e-04
2026-03-04 14:49:11 transreid.train INFO: Epoch[87] Iter[60/227] Loss: 0.095, Acc: 0.996, Base Lr: 1.42e-04
2026-03-04 14:49:13 transreid.train INFO: Epoch[87] Iter[80/227] Loss: 0.093, Acc: 0.997, Base Lr: 1.42e-04
2026-03-04 14:49:15 transreid.train INFO: Epoch[87] Iter[100/227] Loss: 0.091, Acc: 0.997, Base Lr: 1.42e-04
2026-03-04 14:49:17 transreid.train INFO: Epoch[87] Iter[120/227] Loss: 0.092, Acc: 0.996, Base Lr: 1.42e-04
2026-03-04 14:49:20 transreid.train INFO: Epoch[87] Iter[140/227] Loss: 0.090, Acc: 0.996, Base Lr: 1.42e-04
2026-03-04 14:49:22 transreid.train INFO: Epoch[87] Iter[160/227] Loss: 0.091, Acc: 0.997, Base Lr: 1.42e-04
2026-03-04 14:49:24 transreid.train INFO: Epoch[87] Iter[180/227] Loss: 0.088, Acc: 0.997, Base Lr: 1.42e-04
2026-03-04 14:49:26 transreid.train INFO: Epoch[87] Iter[200/227] Loss: 0.085, Acc: 0.997, Base Lr: 1.42e-04
2026-03-04 14:49:27 transreid.train INFO: Epoch 87 done. Time: 23s, Speed: 584.7[samples/s], Elapsed: 0h36m, ETA: 0h12m (33 epochs left)
2026-03-04 14:49:30 transreid.train INFO: Epoch[88] Iter[20/227] Loss: 0.088, Acc: 0.997, Base Lr: 1.34e-04
2026-03-04 14:49:32 transreid.train INFO: Epoch[88] Iter[40/227] Loss: 0.098, Acc: 0.996, Base Lr: 1.34e-04
2026-03-04 14:49:34 transreid.train INFO: Epoch[88] Iter[60/227] Loss: 0.093, Acc: 0.997, Base Lr: 1.34e-04
2026-03-04 14:49:36 transreid.train INFO: Epoch[88] Iter[80/227] Loss: 0.093, Acc: 0.997, Base Lr: 1.34e-04
2026-03-04 14:49:38 transreid.train INFO: Epoch[88] Iter[100/227] Loss: 0.088, Acc: 0.998, Base Lr: 1.34e-04
2026-03-04 14:49:41 transreid.train INFO: Epoch[88] Iter[120/227] Loss: 0.086, Acc: 0.997, Base Lr: 1.34e-04
2026-03-04 14:49:43 transreid.train INFO: Epoch[88] Iter[140/227] Loss: 0.085, Acc: 0.998, Base Lr: 1.34e-04
2026-03-04 14:49:45 transreid.train INFO: Epoch[88] Iter[160/227] Loss: 0.084, Acc: 0.998, Base Lr: 1.34e-04
2026-03-04 14:49:47 transreid.train INFO: Epoch[88] Iter[180/227] Loss: 0.083, Acc: 0.997, Base Lr: 1.34e-04
2026-03-04 14:49:49 transreid.train INFO: Epoch[88] Iter[200/227] Loss: 0.080, Acc: 0.998, Base Lr: 1.34e-04
2026-03-04 14:49:51 transreid.train INFO: Epoch 88 done. Time: 23s, Speed: 583.8[samples/s], Elapsed: 0h36m, ETA: 0h12m (32 epochs left)
2026-03-04 14:49:53 transreid.train INFO: Epoch[89] Iter[20/227] Loss: 0.101, Acc: 0.997, Base Lr: 1.26e-04
2026-03-04 14:49:55 transreid.train INFO: Epoch[89] Iter[40/227] Loss: 0.092, Acc: 0.996, Base Lr: 1.26e-04
2026-03-04 14:49:57 transreid.train INFO: Epoch[89] Iter[60/227] Loss: 0.092, Acc: 0.997, Base Lr: 1.26e-04
2026-03-04 14:49:59 transreid.train INFO: Epoch[89] Iter[80/227] Loss: 0.091, Acc: 0.997, Base Lr: 1.26e-04
2026-03-04 14:50:02 transreid.train INFO: Epoch[89] Iter[100/227] Loss: 0.089, Acc: 0.997, Base Lr: 1.26e-04
2026-03-04 14:50:04 transreid.train INFO: Epoch[89] Iter[120/227] Loss: 0.085, Acc: 0.997, Base Lr: 1.26e-04
2026-03-04 14:50:06 transreid.train INFO: Epoch[89] Iter[140/227] Loss: 0.083, Acc: 0.997, Base Lr: 1.26e-04
2026-03-04 14:50:08 transreid.train INFO: Epoch[89] Iter[160/227] Loss: 0.081, Acc: 0.997, Base Lr: 1.26e-04
2026-03-04 14:50:10 transreid.train INFO: Epoch[89] Iter[180/227] Loss: 0.079, Acc: 0.997, Base Lr: 1.26e-04
2026-03-04 14:50:12 transreid.train INFO: Epoch[89] Iter[200/227] Loss: 0.079, Acc: 0.997, Base Lr: 1.26e-04
2026-03-04 14:50:14 transreid.train INFO: Epoch 89 done. Time: 23s, Speed: 584.3[samples/s], Elapsed: 0h37m, ETA: 0h11m (31 epochs left)
2026-03-04 14:50:16 transreid.train INFO: Epoch[90] Iter[20/227] Loss: 0.083, Acc: 0.998, Base Lr: 1.19e-04
2026-03-04 14:50:18 transreid.train INFO: Epoch[90] Iter[40/227] Loss: 0.087, Acc: 0.997, Base Lr: 1.19e-04
2026-03-04 14:50:20 transreid.train INFO: Epoch[90] Iter[60/227] Loss: 0.082, Acc: 0.997, Base Lr: 1.19e-04
2026-03-04 14:50:23 transreid.train INFO: Epoch[90] Iter[80/227] Loss: 0.086, Acc: 0.997, Base Lr: 1.19e-04
2026-03-04 14:50:25 transreid.train INFO: Epoch[90] Iter[100/227] Loss: 0.085, Acc: 0.997, Base Lr: 1.19e-04
2026-03-04 14:50:27 transreid.train INFO: Epoch[90] Iter[120/227] Loss: 0.084, Acc: 0.997, Base Lr: 1.19e-04
2026-03-04 14:50:29 transreid.train INFO: Epoch[90] Iter[140/227] Loss: 0.082, Acc: 0.997, Base Lr: 1.19e-04
2026-03-04 14:50:31 transreid.train INFO: Epoch[90] Iter[160/227] Loss: 0.079, Acc: 0.997, Base Lr: 1.19e-04
2026-03-04 14:50:33 transreid.train INFO: Epoch[90] Iter[180/227] Loss: 0.079, Acc: 0.997, Base Lr: 1.19e-04
2026-03-04 14:50:36 transreid.train INFO: Epoch[90] Iter[200/227] Loss: 0.077, Acc: 0.997, Base Lr: 1.19e-04
2026-03-04 14:50:37 transreid.train INFO: Epoch 90 done. Time: 23s, Speed: 583.8[samples/s], Elapsed: 0h37m, ETA: 0h11m (30 epochs left)
The test feature is normalized
=> Computing DistMat with euclidean_distance
2026-03-04 14:50:59 transreid.train INFO: Validation Results - Epoch: 90
2026-03-04 14:50:59 transreid.train INFO: mAP: 56.7%
2026-03-04 14:50:59 transreid.train INFO: CMC curve, Rank-1  :67.0%
2026-03-04 14:50:59 transreid.train INFO: CMC curve, Rank-5  :80.4%
2026-03-04 14:50:59 transreid.train INFO: CMC curve, Rank-10 :84.8%
2026-03-04 14:51:01 transreid.train INFO: Epoch[91] Iter[20/227] Loss: 0.090, Acc: 0.995, Base Lr: 1.11e-04
2026-03-04 14:51:04 transreid.train INFO: Epoch[91] Iter[40/227] Loss: 0.089, Acc: 0.996, Base Lr: 1.11e-04
2026-03-04 14:51:06 transreid.train INFO: Epoch[91] Iter[60/227] Loss: 0.096, Acc: 0.996, Base Lr: 1.11e-04
2026-03-04 14:51:08 transreid.train INFO: Epoch[91] Iter[80/227] Loss: 0.089, Acc: 0.997, Base Lr: 1.11e-04
2026-03-04 14:51:10 transreid.train INFO: Epoch[91] Iter[100/227] Loss: 0.089, Acc: 0.996, Base Lr: 1.11e-04
2026-03-04 14:51:12 transreid.train INFO: Epoch[91] Iter[120/227] Loss: 0.086, Acc: 0.997, Base Lr: 1.11e-04
2026-03-04 14:51:14 transreid.train INFO: Epoch[91] Iter[140/227] Loss: 0.085, Acc: 0.997, Base Lr: 1.11e-04
2026-03-04 14:51:17 transreid.train INFO: Epoch[91] Iter[160/227] Loss: 0.083, Acc: 0.996, Base Lr: 1.11e-04
2026-03-04 14:51:19 transreid.train INFO: Epoch[91] Iter[180/227] Loss: 0.081, Acc: 0.997, Base Lr: 1.11e-04
2026-03-04 14:51:21 transreid.train INFO: Epoch[91] Iter[200/227] Loss: 0.079, Acc: 0.997, Base Lr: 1.11e-04
2026-03-04 14:51:22 transreid.train INFO: Epoch 91 done. Time: 23s, Speed: 583.1[samples/s], Elapsed: 0h38m, ETA: 0h11m (29 epochs left)
2026-03-04 14:51:25 transreid.train INFO: Epoch[92] Iter[20/227] Loss: 0.082, Acc: 0.998, Base Lr: 1.04e-04
2026-03-04 14:51:27 transreid.train INFO: Epoch[92] Iter[40/227] Loss: 0.091, Acc: 0.998, Base Lr: 1.04e-04
2026-03-04 14:51:29 transreid.train INFO: Epoch[92] Iter[60/227] Loss: 0.089, Acc: 0.998, Base Lr: 1.04e-04
2026-03-04 14:51:31 transreid.train INFO: Epoch[92] Iter[80/227] Loss: 0.086, Acc: 0.998, Base Lr: 1.04e-04
2026-03-04 14:51:33 transreid.train INFO: Epoch[92] Iter[100/227] Loss: 0.085, Acc: 0.997, Base Lr: 1.04e-04
2026-03-04 14:51:35 transreid.train INFO: Epoch[92] Iter[120/227] Loss: 0.085, Acc: 0.998, Base Lr: 1.04e-04
2026-03-04 14:51:38 transreid.train INFO: Epoch[92] Iter[140/227] Loss: 0.083, Acc: 0.997, Base Lr: 1.04e-04
2026-03-04 14:51:40 transreid.train INFO: Epoch[92] Iter[160/227] Loss: 0.081, Acc: 0.997, Base Lr: 1.04e-04
2026-03-04 14:51:42 transreid.train INFO: Epoch[92] Iter[180/227] Loss: 0.079, Acc: 0.997, Base Lr: 1.04e-04
2026-03-04 14:51:44 transreid.train INFO: Epoch[92] Iter[200/227] Loss: 0.077, Acc: 0.998, Base Lr: 1.04e-04
2026-03-04 14:51:45 transreid.train INFO: Epoch 92 done. Time: 23s, Speed: 583.7[samples/s], Elapsed: 0h38m, ETA: 0h10m (28 epochs left)
2026-03-04 14:51:48 transreid.train INFO: Epoch[93] Iter[20/227] Loss: 0.107, Acc: 0.994, Base Lr: 9.72e-05
2026-03-04 14:51:50 transreid.train INFO: Epoch[93] Iter[40/227] Loss: 0.096, Acc: 0.995, Base Lr: 9.72e-05
2026-03-04 14:51:52 transreid.train INFO: Epoch[93] Iter[60/227] Loss: 0.092, Acc: 0.996, Base Lr: 9.72e-05
2026-03-04 14:51:54 transreid.train INFO: Epoch[93] Iter[80/227] Loss: 0.094, Acc: 0.996, Base Lr: 9.72e-05
2026-03-04 14:51:56 transreid.train INFO: Epoch[93] Iter[100/227] Loss: 0.091, Acc: 0.996, Base Lr: 9.72e-05
2026-03-04 14:51:59 transreid.train INFO: Epoch[93] Iter[120/227] Loss: 0.088, Acc: 0.997, Base Lr: 9.72e-05
2026-03-04 14:52:01 transreid.train INFO: Epoch[93] Iter[140/227] Loss: 0.086, Acc: 0.997, Base Lr: 9.72e-05
2026-03-04 14:52:03 transreid.train INFO: Epoch[93] Iter[160/227] Loss: 0.083, Acc: 0.997, Base Lr: 9.72e-05
2026-03-04 14:52:05 transreid.train INFO: Epoch[93] Iter[180/227] Loss: 0.082, Acc: 0.997, Base Lr: 9.72e-05
2026-03-04 14:52:07 transreid.train INFO: Epoch[93] Iter[200/227] Loss: 0.082, Acc: 0.997, Base Lr: 9.72e-05
2026-03-04 14:52:09 transreid.train INFO: Epoch 93 done. Time: 23s, Speed: 584.1[samples/s], Elapsed: 0h39m, ETA: 0h10m (27 epochs left)
2026-03-04 14:52:11 transreid.train INFO: Epoch[94] Iter[20/227] Loss: 0.081, Acc: 0.997, Base Lr: 9.06e-05
2026-03-04 14:52:13 transreid.train INFO: Epoch[94] Iter[40/227] Loss: 0.091, Acc: 0.997, Base Lr: 9.06e-05
2026-03-04 14:52:15 transreid.train INFO: Epoch[94] Iter[60/227] Loss: 0.085, Acc: 0.998, Base Lr: 9.06e-05
2026-03-04 14:52:18 transreid.train INFO: Epoch[94] Iter[80/227] Loss: 0.086, Acc: 0.997, Base Lr: 9.06e-05
2026-03-04 14:52:20 transreid.train INFO: Epoch[94] Iter[100/227] Loss: 0.085, Acc: 0.998, Base Lr: 9.06e-05
2026-03-04 14:52:22 transreid.train INFO: Epoch[94] Iter[120/227] Loss: 0.083, Acc: 0.997, Base Lr: 9.06e-05
2026-03-04 14:52:24 transreid.train INFO: Epoch[94] Iter[140/227] Loss: 0.080, Acc: 0.997, Base Lr: 9.06e-05
2026-03-04 14:52:26 transreid.train INFO: Epoch[94] Iter[160/227] Loss: 0.080, Acc: 0.997, Base Lr: 9.06e-05
2026-03-04 14:52:28 transreid.train INFO: Epoch[94] Iter[180/227] Loss: 0.079, Acc: 0.997, Base Lr: 9.06e-05
2026-03-04 14:52:31 transreid.train INFO: Epoch[94] Iter[200/227] Loss: 0.075, Acc: 0.998, Base Lr: 9.06e-05
2026-03-04 14:52:32 transreid.train INFO: Epoch 94 done. Time: 23s, Speed: 583.4[samples/s], Elapsed: 0h39m, ETA: 0h10m (26 epochs left)
2026-03-04 14:52:34 transreid.train INFO: Epoch[95] Iter[20/227] Loss: 0.104, Acc: 0.996, Base Lr: 8.41e-05
2026-03-04 14:52:36 transreid.train INFO: Epoch[95] Iter[40/227] Loss: 0.092, Acc: 0.998, Base Lr: 8.41e-05
2026-03-04 14:52:39 transreid.train INFO: Epoch[95] Iter[60/227] Loss: 0.092, Acc: 0.997, Base Lr: 8.41e-05
2026-03-04 14:52:41 transreid.train INFO: Epoch[95] Iter[80/227] Loss: 0.090, Acc: 0.997, Base Lr: 8.41e-05
2026-03-04 14:52:43 transreid.train INFO: Epoch[95] Iter[100/227] Loss: 0.087, Acc: 0.998, Base Lr: 8.41e-05
2026-03-04 14:52:45 transreid.train INFO: Epoch[95] Iter[120/227] Loss: 0.085, Acc: 0.998, Base Lr: 8.41e-05
2026-03-04 14:52:47 transreid.train INFO: Epoch[95] Iter[140/227] Loss: 0.082, Acc: 0.997, Base Lr: 8.41e-05
2026-03-04 14:52:49 transreid.train INFO: Epoch[95] Iter[160/227] Loss: 0.080, Acc: 0.997, Base Lr: 8.41e-05
2026-03-04 14:52:52 transreid.train INFO: Epoch[95] Iter[180/227] Loss: 0.076, Acc: 0.998, Base Lr: 8.41e-05
2026-03-04 14:52:54 transreid.train INFO: Epoch[95] Iter[200/227] Loss: 0.073, Acc: 0.998, Base Lr: 8.41e-05
2026-03-04 14:52:55 transreid.train INFO: Epoch 95 done. Time: 23s, Speed: 583.7[samples/s], Elapsed: 0h40m, ETA: 0h9m (25 epochs left)
2026-03-04 14:52:57 transreid.train INFO: Epoch[96] Iter[20/227] Loss: 0.099, Acc: 0.997, Base Lr: 7.78e-05
2026-03-04 14:53:00 transreid.train INFO: Epoch[96] Iter[40/227] Loss: 0.093, Acc: 0.996, Base Lr: 7.78e-05
2026-03-04 14:53:02 transreid.train INFO: Epoch[96] Iter[60/227] Loss: 0.087, Acc: 0.997, Base Lr: 7.78e-05
2026-03-04 14:53:04 transreid.train INFO: Epoch[96] Iter[80/227] Loss: 0.082, Acc: 0.998, Base Lr: 7.78e-05
2026-03-04 14:53:06 transreid.train INFO: Epoch[96] Iter[100/227] Loss: 0.081, Acc: 0.998, Base Lr: 7.78e-05
2026-03-04 14:53:08 transreid.train INFO: Epoch[96] Iter[120/227] Loss: 0.079, Acc: 0.998, Base Lr: 7.78e-05
2026-03-04 14:53:10 transreid.train INFO: Epoch[96] Iter[140/227] Loss: 0.077, Acc: 0.998, Base Lr: 7.78e-05
2026-03-04 14:53:13 transreid.train INFO: Epoch[96] Iter[160/227] Loss: 0.075, Acc: 0.998, Base Lr: 7.78e-05
2026-03-04 14:53:15 transreid.train INFO: Epoch[96] Iter[180/227] Loss: 0.073, Acc: 0.998, Base Lr: 7.78e-05
2026-03-04 14:53:17 transreid.train INFO: Epoch[96] Iter[200/227] Loss: 0.072, Acc: 0.998, Base Lr: 7.78e-05
2026-03-04 14:53:18 transreid.train INFO: Epoch 96 done. Time: 23s, Speed: 584.2[samples/s], Elapsed: 0h40m, ETA: 0h9m (24 epochs left)
2026-03-04 14:53:21 transreid.train INFO: Epoch[97] Iter[20/227] Loss: 0.085, Acc: 0.995, Base Lr: 7.18e-05
2026-03-04 14:53:23 transreid.train INFO: Epoch[97] Iter[40/227] Loss: 0.085, Acc: 0.997, Base Lr: 7.18e-05
2026-03-04 14:53:25 transreid.train INFO: Epoch[97] Iter[60/227] Loss: 0.089, Acc: 0.997, Base Lr: 7.18e-05
2026-03-04 14:53:27 transreid.train INFO: Epoch[97] Iter[80/227] Loss: 0.084, Acc: 0.997, Base Lr: 7.18e-05
2026-03-04 14:53:29 transreid.train INFO: Epoch[97] Iter[100/227] Loss: 0.084, Acc: 0.997, Base Lr: 7.18e-05
2026-03-04 14:53:31 transreid.train INFO: Epoch[97] Iter[120/227] Loss: 0.082, Acc: 0.997, Base Lr: 7.18e-05
2026-03-04 14:53:34 transreid.train INFO: Epoch[97] Iter[140/227] Loss: 0.080, Acc: 0.997, Base Lr: 7.18e-05
2026-03-04 14:53:36 transreid.train INFO: Epoch[97] Iter[160/227] Loss: 0.076, Acc: 0.997, Base Lr: 7.18e-05
2026-03-04 14:53:38 transreid.train INFO: Epoch[97] Iter[180/227] Loss: 0.076, Acc: 0.998, Base Lr: 7.18e-05
2026-03-04 14:53:40 transreid.train INFO: Epoch[97] Iter[200/227] Loss: 0.073, Acc: 0.998, Base Lr: 7.18e-05
2026-03-04 14:53:42 transreid.train INFO: Epoch 97 done. Time: 23s, Speed: 584.3[samples/s], Elapsed: 0h40m, ETA: 0h8m (23 epochs left)
2026-03-04 14:53:44 transreid.train INFO: Epoch[98] Iter[20/227] Loss: 0.108, Acc: 0.997, Base Lr: 6.60e-05
2026-03-04 14:53:46 transreid.train INFO: Epoch[98] Iter[40/227] Loss: 0.103, Acc: 0.997, Base Lr: 6.60e-05
2026-03-04 14:53:48 transreid.train INFO: Epoch[98] Iter[60/227] Loss: 0.095, Acc: 0.998, Base Lr: 6.60e-05
2026-03-04 14:53:50 transreid.train INFO: Epoch[98] Iter[80/227] Loss: 0.089, Acc: 0.997, Base Lr: 6.60e-05
2026-03-04 14:53:53 transreid.train INFO: Epoch[98] Iter[100/227] Loss: 0.084, Acc: 0.997, Base Lr: 6.60e-05
2026-03-04 14:53:55 transreid.train INFO: Epoch[98] Iter[120/227] Loss: 0.080, Acc: 0.998, Base Lr: 6.60e-05
2026-03-04 14:53:57 transreid.train INFO: Epoch[98] Iter[140/227] Loss: 0.080, Acc: 0.997, Base Lr: 6.60e-05
2026-03-04 14:53:59 transreid.train INFO: Epoch[98] Iter[160/227] Loss: 0.078, Acc: 0.997, Base Lr: 6.60e-05
2026-03-04 14:54:01 transreid.train INFO: Epoch[98] Iter[180/227] Loss: 0.077, Acc: 0.997, Base Lr: 6.60e-05
2026-03-04 14:54:03 transreid.train INFO: Epoch[98] Iter[200/227] Loss: 0.075, Acc: 0.998, Base Lr: 6.60e-05
2026-03-04 14:54:05 transreid.train INFO: Epoch 98 done. Time: 23s, Speed: 583.5[samples/s], Elapsed: 0h41m, ETA: 0h8m (22 epochs left)
2026-03-04 14:54:07 transreid.train INFO: Epoch[99] Iter[20/227] Loss: 0.086, Acc: 0.996, Base Lr: 6.04e-05
2026-03-04 14:54:09 transreid.train INFO: Epoch[99] Iter[40/227] Loss: 0.081, Acc: 0.998, Base Lr: 6.04e-05
2026-03-04 14:54:11 transreid.train INFO: Epoch[99] Iter[60/227] Loss: 0.083, Acc: 0.998, Base Lr: 6.04e-05
2026-03-04 14:54:14 transreid.train INFO: Epoch[99] Iter[80/227] Loss: 0.085, Acc: 0.997, Base Lr: 6.04e-05
2026-03-04 14:54:16 transreid.train INFO: Epoch[99] Iter[100/227] Loss: 0.081, Acc: 0.998, Base Lr: 6.04e-05
2026-03-04 14:54:18 transreid.train INFO: Epoch[99] Iter[120/227] Loss: 0.078, Acc: 0.998, Base Lr: 6.04e-05
2026-03-04 14:54:20 transreid.train INFO: Epoch[99] Iter[140/227] Loss: 0.077, Acc: 0.998, Base Lr: 6.04e-05
2026-03-04 14:54:22 transreid.train INFO: Epoch[99] Iter[160/227] Loss: 0.075, Acc: 0.998, Base Lr: 6.04e-05
2026-03-04 14:54:24 transreid.train INFO: Epoch[99] Iter[180/227] Loss: 0.074, Acc: 0.998, Base Lr: 6.04e-05
2026-03-04 14:54:27 transreid.train INFO: Epoch[99] Iter[200/227] Loss: 0.072, Acc: 0.998, Base Lr: 6.04e-05
2026-03-04 14:54:28 transreid.train INFO: Epoch 99 done. Time: 23s, Speed: 582.8[samples/s], Elapsed: 0h41m, ETA: 0h8m (21 epochs left)
2026-03-04 14:54:30 transreid.train INFO: Epoch[100] Iter[20/227] Loss: 0.084, Acc: 0.998, Base Lr: 5.51e-05
2026-03-04 14:54:33 transreid.train INFO: Epoch[100] Iter[40/227] Loss: 0.083, Acc: 0.999, Base Lr: 5.51e-05
2026-03-04 14:54:35 transreid.train INFO: Epoch[100] Iter[60/227] Loss: 0.086, Acc: 0.998, Base Lr: 5.51e-05
2026-03-04 14:54:37 transreid.train INFO: Epoch[100] Iter[80/227] Loss: 0.086, Acc: 0.998, Base Lr: 5.51e-05
2026-03-04 14:54:39 transreid.train INFO: Epoch[100] Iter[100/227] Loss: 0.083, Acc: 0.998, Base Lr: 5.51e-05
2026-03-04 14:54:41 transreid.train INFO: Epoch[100] Iter[120/227] Loss: 0.084, Acc: 0.998, Base Lr: 5.51e-05
2026-03-04 14:54:43 transreid.train INFO: Epoch[100] Iter[140/227] Loss: 0.081, Acc: 0.998, Base Lr: 5.51e-05
2026-03-04 14:54:46 transreid.train INFO: Epoch[100] Iter[160/227] Loss: 0.077, Acc: 0.998, Base Lr: 5.51e-05
2026-03-04 14:54:48 transreid.train INFO: Epoch[100] Iter[180/227] Loss: 0.076, Acc: 0.998, Base Lr: 5.51e-05
2026-03-04 14:54:50 transreid.train INFO: Epoch[100] Iter[200/227] Loss: 0.075, Acc: 0.998, Base Lr: 5.51e-05
2026-03-04 14:54:51 transreid.train INFO: Epoch 100 done. Time: 23s, Speed: 584.0[samples/s], Elapsed: 0h41m, ETA: 0h7m (20 epochs left)
The test feature is normalized
=> Computing DistMat with euclidean_distance
2026-03-04 14:55:13 transreid.train INFO: Validation Results - Epoch: 100
2026-03-04 14:55:13 transreid.train INFO: mAP: 56.0%
2026-03-04 14:55:13 transreid.train INFO: CMC curve, Rank-1  :65.4%
2026-03-04 14:55:13 transreid.train INFO: CMC curve, Rank-5  :79.1%
2026-03-04 14:55:13 transreid.train INFO: CMC curve, Rank-10 :84.1%
2026-03-04 14:55:16 transreid.train INFO: Epoch[101] Iter[20/227] Loss: 0.092, Acc: 0.998, Base Lr: 5.00e-05
2026-03-04 14:55:18 transreid.train INFO: Epoch[101] Iter[40/227] Loss: 0.086, Acc: 0.997, Base Lr: 5.00e-05
2026-03-04 14:55:20 transreid.train INFO: Epoch[101] Iter[60/227] Loss: 0.081, Acc: 0.997, Base Lr: 5.00e-05
2026-03-04 14:55:22 transreid.train INFO: Epoch[101] Iter[80/227] Loss: 0.079, Acc: 0.997, Base Lr: 5.00e-05
2026-03-04 14:55:24 transreid.train INFO: Epoch[101] Iter[100/227] Loss: 0.080, Acc: 0.998, Base Lr: 5.00e-05
2026-03-04 14:55:26 transreid.train INFO: Epoch[101] Iter[120/227] Loss: 0.080, Acc: 0.997, Base Lr: 5.00e-05
2026-03-04 14:55:29 transreid.train INFO: Epoch[101] Iter[140/227] Loss: 0.077, Acc: 0.997, Base Lr: 5.00e-05
2026-03-04 14:55:31 transreid.train INFO: Epoch[101] Iter[160/227] Loss: 0.075, Acc: 0.998, Base Lr: 5.00e-05
2026-03-04 14:55:33 transreid.train INFO: Epoch[101] Iter[180/227] Loss: 0.073, Acc: 0.997, Base Lr: 5.00e-05
2026-03-04 14:55:35 transreid.train INFO: Epoch[101] Iter[200/227] Loss: 0.070, Acc: 0.998, Base Lr: 5.00e-05
2026-03-04 14:55:37 transreid.train INFO: Epoch 101 done. Time: 23s, Speed: 583.1[samples/s], Elapsed: 0h42m, ETA: 0h7m (19 epochs left)
2026-03-04 14:55:39 transreid.train INFO: Epoch[102] Iter[20/227] Loss: 0.083, Acc: 0.998, Base Lr: 4.51e-05
2026-03-04 14:55:41 transreid.train INFO: Epoch[102] Iter[40/227] Loss: 0.081, Acc: 0.998, Base Lr: 4.51e-05
2026-03-04 14:55:43 transreid.train INFO: Epoch[102] Iter[60/227] Loss: 0.077, Acc: 0.999, Base Lr: 4.51e-05
2026-03-04 14:55:46 transreid.train INFO: Epoch[102] Iter[80/227] Loss: 0.077, Acc: 0.999, Base Lr: 4.51e-05
2026-03-04 14:55:48 transreid.train INFO: Epoch[102] Iter[100/227] Loss: 0.077, Acc: 0.999, Base Lr: 4.51e-05
2026-03-04 14:55:50 transreid.train INFO: Epoch[102] Iter[120/227] Loss: 0.076, Acc: 0.999, Base Lr: 4.51e-05
2026-03-04 14:55:52 transreid.train INFO: Epoch[102] Iter[140/227] Loss: 0.073, Acc: 0.999, Base Lr: 4.51e-05
2026-03-04 14:55:54 transreid.train INFO: Epoch[102] Iter[160/227] Loss: 0.072, Acc: 0.999, Base Lr: 4.51e-05
2026-03-04 14:55:56 transreid.train INFO: Epoch[102] Iter[180/227] Loss: 0.072, Acc: 0.999, Base Lr: 4.51e-05
2026-03-04 14:55:58 transreid.train INFO: Epoch[102] Iter[200/227] Loss: 0.070, Acc: 0.999, Base Lr: 4.51e-05
2026-03-04 14:56:00 transreid.train INFO: Epoch 102 done. Time: 23s, Speed: 583.1[samples/s], Elapsed: 0h43m, ETA: 0h6m (18 epochs left)
2026-03-04 14:56:02 transreid.train INFO: Epoch[103] Iter[20/227] Loss: 0.076, Acc: 0.996, Base Lr: 4.05e-05
2026-03-04 14:56:04 transreid.train INFO: Epoch[103] Iter[40/227] Loss: 0.076, Acc: 0.997, Base Lr: 4.05e-05
2026-03-04 14:56:07 transreid.train INFO: Epoch[103] Iter[60/227] Loss: 0.079, Acc: 0.997, Base Lr: 4.05e-05
2026-03-04 14:56:09 transreid.train INFO: Epoch[103] Iter[80/227] Loss: 0.077, Acc: 0.997, Base Lr: 4.05e-05
2026-03-04 14:56:11 transreid.train INFO: Epoch[103] Iter[100/227] Loss: 0.077, Acc: 0.997, Base Lr: 4.05e-05
2026-03-04 14:56:13 transreid.train INFO: Epoch[103] Iter[120/227] Loss: 0.076, Acc: 0.997, Base Lr: 4.05e-05
2026-03-04 14:56:15 transreid.train INFO: Epoch[103] Iter[140/227] Loss: 0.074, Acc: 0.998, Base Lr: 4.05e-05
2026-03-04 14:56:17 transreid.train INFO: Epoch[103] Iter[160/227] Loss: 0.071, Acc: 0.998, Base Lr: 4.05e-05
2026-03-04 14:56:20 transreid.train INFO: Epoch[103] Iter[180/227] Loss: 0.070, Acc: 0.998, Base Lr: 4.05e-05
2026-03-04 14:56:22 transreid.train INFO: Epoch[103] Iter[200/227] Loss: 0.068, Acc: 0.998, Base Lr: 4.05e-05
2026-03-04 14:56:23 transreid.train INFO: Epoch 103 done. Time: 23s, Speed: 583.2[samples/s], Elapsed: 0h43m, ETA: 0h6m (17 epochs left)
2026-03-04 14:56:25 transreid.train INFO: Epoch[104] Iter[20/227] Loss: 0.090, Acc: 0.997, Base Lr: 3.61e-05
2026-03-04 14:56:28 transreid.train INFO: Epoch[104] Iter[40/227] Loss: 0.086, Acc: 0.996, Base Lr: 3.61e-05
2026-03-04 14:56:30 transreid.train INFO: Epoch[104] Iter[60/227] Loss: 0.082, Acc: 0.996, Base Lr: 3.61e-05
2026-03-04 14:56:32 transreid.train INFO: Epoch[104] Iter[80/227] Loss: 0.081, Acc: 0.997, Base Lr: 3.61e-05
2026-03-04 14:56:34 transreid.train INFO: Epoch[104] Iter[100/227] Loss: 0.080, Acc: 0.997, Base Lr: 3.61e-05
2026-03-04 14:56:36 transreid.train INFO: Epoch[104] Iter[120/227] Loss: 0.078, Acc: 0.997, Base Lr: 3.61e-05
2026-03-04 14:56:38 transreid.train INFO: Epoch[104] Iter[140/227] Loss: 0.078, Acc: 0.997, Base Lr: 3.61e-05
2026-03-04 14:56:41 transreid.train INFO: Epoch[104] Iter[160/227] Loss: 0.077, Acc: 0.997, Base Lr: 3.61e-05
2026-03-04 14:56:43 transreid.train INFO: Epoch[104] Iter[180/227] Loss: 0.075, Acc: 0.997, Base Lr: 3.61e-05
2026-03-04 14:56:45 transreid.train INFO: Epoch[104] Iter[200/227] Loss: 0.073, Acc: 0.997, Base Lr: 3.61e-05
2026-03-04 14:56:46 transreid.train INFO: Epoch 104 done. Time: 23s, Speed: 583.9[samples/s], Elapsed: 0h43m, ETA: 0h6m (16 epochs left)
2026-03-04 14:56:49 transreid.train INFO: Epoch[105] Iter[20/227] Loss: 0.073, Acc: 0.998, Base Lr: 3.20e-05
2026-03-04 14:56:51 transreid.train INFO: Epoch[105] Iter[40/227] Loss: 0.074, Acc: 0.997, Base Lr: 3.20e-05
2026-03-04 14:56:53 transreid.train INFO: Epoch[105] Iter[60/227] Loss: 0.077, Acc: 0.997, Base Lr: 3.20e-05
2026-03-04 14:56:55 transreid.train INFO: Epoch[105] Iter[80/227] Loss: 0.083, Acc: 0.997, Base Lr: 3.20e-05
2026-03-04 14:56:57 transreid.train INFO: Epoch[105] Iter[100/227] Loss: 0.082, Acc: 0.996, Base Lr: 3.20e-05
2026-03-04 14:56:59 transreid.train INFO: Epoch[105] Iter[120/227] Loss: 0.079, Acc: 0.996, Base Lr: 3.20e-05
2026-03-04 14:57:02 transreid.train INFO: Epoch[105] Iter[140/227] Loss: 0.078, Acc: 0.997, Base Lr: 3.20e-05
2026-03-04 14:57:04 transreid.train INFO: Epoch[105] Iter[160/227] Loss: 0.075, Acc: 0.997, Base Lr: 3.20e-05
2026-03-04 14:57:06 transreid.train INFO: Epoch[105] Iter[180/227] Loss: 0.073, Acc: 0.997, Base Lr: 3.20e-05
2026-03-04 14:57:08 transreid.train INFO: Epoch[105] Iter[200/227] Loss: 0.070, Acc: 0.997, Base Lr: 3.20e-05
2026-03-04 14:57:09 transreid.train INFO: Epoch 105 done. Time: 23s, Speed: 584.4[samples/s], Elapsed: 0h44m, ETA: 0h5m (15 epochs left)
2026-03-04 14:57:12 transreid.train INFO: Epoch[106] Iter[20/227] Loss: 0.088, Acc: 0.998, Base Lr: 2.81e-05
2026-03-04 14:57:14 transreid.train INFO: Epoch[106] Iter[40/227] Loss: 0.086, Acc: 0.998, Base Lr: 2.81e-05
2026-03-04 14:57:16 transreid.train INFO: Epoch[106] Iter[60/227] Loss: 0.083, Acc: 0.998, Base Lr: 2.81e-05
2026-03-04 14:57:18 transreid.train INFO: Epoch[106] Iter[80/227] Loss: 0.081, Acc: 0.998, Base Lr: 2.81e-05
2026-03-04 14:57:20 transreid.train INFO: Epoch[106] Iter[100/227] Loss: 0.078, Acc: 0.998, Base Lr: 2.81e-05
2026-03-04 14:57:23 transreid.train INFO: Epoch[106] Iter[120/227] Loss: 0.077, Acc: 0.998, Base Lr: 2.81e-05
2026-03-04 14:57:25 transreid.train INFO: Epoch[106] Iter[140/227] Loss: 0.074, Acc: 0.999, Base Lr: 2.81e-05
2026-03-04 14:57:27 transreid.train INFO: Epoch[106] Iter[160/227] Loss: 0.073, Acc: 0.999, Base Lr: 2.81e-05
2026-03-04 14:57:29 transreid.train INFO: Epoch[106] Iter[180/227] Loss: 0.070, Acc: 0.999, Base Lr: 2.81e-05
2026-03-04 14:57:31 transreid.train INFO: Epoch[106] Iter[200/227] Loss: 0.068, Acc: 0.999, Base Lr: 2.81e-05
2026-03-04 14:57:33 transreid.train INFO: Epoch 106 done. Time: 23s, Speed: 584.5[samples/s], Elapsed: 0h44m, ETA: 0h5m (14 epochs left)
2026-03-04 14:57:35 transreid.train INFO: Epoch[107] Iter[20/227] Loss: 0.082, Acc: 0.997, Base Lr: 2.45e-05
2026-03-04 14:57:37 transreid.train INFO: Epoch[107] Iter[40/227] Loss: 0.078, Acc: 0.997, Base Lr: 2.45e-05
2026-03-04 14:57:39 transreid.train INFO: Epoch[107] Iter[60/227] Loss: 0.080, Acc: 0.997, Base Lr: 2.45e-05
2026-03-04 14:57:41 transreid.train INFO: Epoch[107] Iter[80/227] Loss: 0.078, Acc: 0.997, Base Lr: 2.45e-05
2026-03-04 14:57:44 transreid.train INFO: Epoch[107] Iter[100/227] Loss: 0.078, Acc: 0.997, Base Lr: 2.45e-05
2026-03-04 14:57:46 transreid.train INFO: Epoch[107] Iter[120/227] Loss: 0.078, Acc: 0.998, Base Lr: 2.45e-05
2026-03-04 14:57:48 transreid.train INFO: Epoch[107] Iter[140/227] Loss: 0.077, Acc: 0.997, Base Lr: 2.45e-05
2026-03-04 14:57:50 transreid.train INFO: Epoch[107] Iter[160/227] Loss: 0.075, Acc: 0.997, Base Lr: 2.45e-05
2026-03-04 14:57:52 transreid.train INFO: Epoch[107] Iter[180/227] Loss: 0.073, Acc: 0.997, Base Lr: 2.45e-05
2026-03-04 14:57:54 transreid.train INFO: Epoch[107] Iter[200/227] Loss: 0.070, Acc: 0.998, Base Lr: 2.45e-05
2026-03-04 14:57:56 transreid.train INFO: Epoch 107 done. Time: 23s, Speed: 583.9[samples/s], Elapsed: 0h45m, ETA: 0h5m (13 epochs left)
2026-03-04 14:57:58 transreid.train INFO: Epoch[108] Iter[20/227] Loss: 0.077, Acc: 0.999, Base Lr: 2.11e-05
2026-03-04 14:58:00 transreid.train INFO: Epoch[108] Iter[40/227] Loss: 0.076, Acc: 0.998, Base Lr: 2.11e-05
2026-03-04 14:58:03 transreid.train INFO: Epoch[108] Iter[60/227] Loss: 0.075, Acc: 0.998, Base Lr: 2.11e-05
2026-03-04 14:58:05 transreid.train INFO: Epoch[108] Iter[80/227] Loss: 0.074, Acc: 0.998, Base Lr: 2.11e-05
2026-03-04 14:58:07 transreid.train INFO: Epoch[108] Iter[100/227] Loss: 0.072, Acc: 0.998, Base Lr: 2.11e-05
2026-03-04 14:58:09 transreid.train INFO: Epoch[108] Iter[120/227] Loss: 0.071, Acc: 0.998, Base Lr: 2.11e-05
2026-03-04 14:58:11 transreid.train INFO: Epoch[108] Iter[140/227] Loss: 0.071, Acc: 0.998, Base Lr: 2.11e-05
2026-03-04 14:58:13 transreid.train INFO: Epoch[108] Iter[160/227] Loss: 0.069, Acc: 0.998, Base Lr: 2.11e-05
2026-03-04 14:58:16 transreid.train INFO: Epoch[108] Iter[180/227] Loss: 0.067, Acc: 0.998, Base Lr: 2.11e-05
2026-03-04 14:58:18 transreid.train INFO: Epoch[108] Iter[200/227] Loss: 0.065, Acc: 0.998, Base Lr: 2.11e-05
2026-03-04 14:58:19 transreid.train INFO: Epoch 108 done. Time: 23s, Speed: 583.7[samples/s], Elapsed: 0h45m, ETA: 0h4m (12 epochs left)
2026-03-04 14:58:21 transreid.train INFO: Epoch[109] Iter[20/227] Loss: 0.079, Acc: 0.997, Base Lr: 1.80e-05
2026-03-04 14:58:24 transreid.train INFO: Epoch[109] Iter[40/227] Loss: 0.079, Acc: 0.997, Base Lr: 1.80e-05
2026-03-04 14:58:26 transreid.train INFO: Epoch[109] Iter[60/227] Loss: 0.079, Acc: 0.997, Base Lr: 1.80e-05
2026-03-04 14:58:28 transreid.train INFO: Epoch[109] Iter[80/227] Loss: 0.079, Acc: 0.997, Base Lr: 1.80e-05
2026-03-04 14:58:30 transreid.train INFO: Epoch[109] Iter[100/227] Loss: 0.084, Acc: 0.997, Base Lr: 1.80e-05
2026-03-04 14:58:32 transreid.train INFO: Epoch[109] Iter[120/227] Loss: 0.079, Acc: 0.997, Base Lr: 1.80e-05
2026-03-04 14:58:34 transreid.train INFO: Epoch[109] Iter[140/227] Loss: 0.077, Acc: 0.997, Base Lr: 1.80e-05
2026-03-04 14:58:37 transreid.train INFO: Epoch[109] Iter[160/227] Loss: 0.076, Acc: 0.997, Base Lr: 1.80e-05
2026-03-04 14:58:39 transreid.train INFO: Epoch[109] Iter[180/227] Loss: 0.075, Acc: 0.997, Base Lr: 1.80e-05
2026-03-04 14:58:41 transreid.train INFO: Epoch[109] Iter[200/227] Loss: 0.072, Acc: 0.997, Base Lr: 1.80e-05
2026-03-04 14:58:42 transreid.train INFO: Epoch 109 done. Time: 23s, Speed: 583.6[samples/s], Elapsed: 0h45m, ETA: 0h4m (11 epochs left)
2026-03-04 14:58:45 transreid.train INFO: Epoch[110] Iter[20/227] Loss: 0.082, Acc: 0.996, Base Lr: 1.52e-05
2026-03-04 14:58:47 transreid.train INFO: Epoch[110] Iter[40/227] Loss: 0.085, Acc: 0.996, Base Lr: 1.52e-05
2026-03-04 14:58:49 transreid.train INFO: Epoch[110] Iter[60/227] Loss: 0.081, Acc: 0.997, Base Lr: 1.52e-05
2026-03-04 14:58:51 transreid.train INFO: Epoch[110] Iter[80/227] Loss: 0.079, Acc: 0.997, Base Lr: 1.52e-05
2026-03-04 14:58:53 transreid.train INFO: Epoch[110] Iter[100/227] Loss: 0.074, Acc: 0.998, Base Lr: 1.52e-05
2026-03-04 14:58:55 transreid.train INFO: Epoch[110] Iter[120/227] Loss: 0.072, Acc: 0.998, Base Lr: 1.52e-05
2026-03-04 14:58:58 transreid.train INFO: Epoch[110] Iter[140/227] Loss: 0.071, Acc: 0.998, Base Lr: 1.52e-05
2026-03-04 14:59:00 transreid.train INFO: Epoch[110] Iter[160/227] Loss: 0.070, Acc: 0.998, Base Lr: 1.52e-05
2026-03-04 14:59:02 transreid.train INFO: Epoch[110] Iter[180/227] Loss: 0.068, Acc: 0.998, Base Lr: 1.52e-05
2026-03-04 14:59:04 transreid.train INFO: Epoch[110] Iter[200/227] Loss: 0.066, Acc: 0.998, Base Lr: 1.52e-05
2026-03-04 14:59:05 transreid.train INFO: Epoch 110 done. Time: 23s, Speed: 583.4[samples/s], Elapsed: 0h46m, ETA: 0h3m (10 epochs left)
The test feature is normalized
=> Computing DistMat with euclidean_distance
2026-03-04 14:59:27 transreid.train INFO: Validation Results - Epoch: 110
2026-03-04 14:59:27 transreid.train INFO: mAP: 56.5%
2026-03-04 14:59:27 transreid.train INFO: CMC curve, Rank-1  :66.3%
2026-03-04 14:59:27 transreid.train INFO: CMC curve, Rank-5  :79.8%
2026-03-04 14:59:27 transreid.train INFO: CMC curve, Rank-10 :84.5%
2026-03-04 14:59:30 transreid.train INFO: Epoch[111] Iter[20/227] Loss: 0.091, Acc: 0.998, Base Lr: 1.26e-05
2026-03-04 14:59:32 transreid.train INFO: Epoch[111] Iter[40/227] Loss: 0.088, Acc: 0.998, Base Lr: 1.26e-05
2026-03-04 14:59:34 transreid.train INFO: Epoch[111] Iter[60/227] Loss: 0.083, Acc: 0.998, Base Lr: 1.26e-05
2026-03-04 14:59:36 transreid.train INFO: Epoch[111] Iter[80/227] Loss: 0.081, Acc: 0.998, Base Lr: 1.26e-05
2026-03-04 14:59:39 transreid.train INFO: Epoch[111] Iter[100/227] Loss: 0.077, Acc: 0.998, Base Lr: 1.26e-05
2026-03-04 14:59:41 transreid.train INFO: Epoch[111] Iter[120/227] Loss: 0.077, Acc: 0.998, Base Lr: 1.26e-05
2026-03-04 14:59:43 transreid.train INFO: Epoch[111] Iter[140/227] Loss: 0.075, Acc: 0.998, Base Lr: 1.26e-05
2026-03-04 14:59:45 transreid.train INFO: Epoch[111] Iter[160/227] Loss: 0.073, Acc: 0.998, Base Lr: 1.26e-05
2026-03-04 14:59:47 transreid.train INFO: Epoch[111] Iter[180/227] Loss: 0.071, Acc: 0.998, Base Lr: 1.26e-05
2026-03-04 14:59:49 transreid.train INFO: Epoch[111] Iter[200/227] Loss: 0.069, Acc: 0.998, Base Lr: 1.26e-05
2026-03-04 14:59:51 transreid.train INFO: Epoch 111 done. Time: 23s, Speed: 583.0[samples/s], Elapsed: 0h46m, ETA: 0h3m (9 epochs left)
2026-03-04 14:59:53 transreid.train INFO: Epoch[112] Iter[20/227] Loss: 0.083, Acc: 0.997, Base Lr: 1.03e-05
2026-03-04 14:59:55 transreid.train INFO: Epoch[112] Iter[40/227] Loss: 0.087, Acc: 0.997, Base Lr: 1.03e-05
2026-03-04 14:59:57 transreid.train INFO: Epoch[112] Iter[60/227] Loss: 0.085, Acc: 0.997, Base Lr: 1.03e-05
2026-03-04 15:00:00 transreid.train INFO: Epoch[112] Iter[80/227] Loss: 0.087, Acc: 0.998, Base Lr: 1.03e-05
2026-03-04 15:00:02 transreid.train INFO: Epoch[112] Iter[100/227] Loss: 0.085, Acc: 0.997, Base Lr: 1.03e-05
2026-03-04 15:00:04 transreid.train INFO: Epoch[112] Iter[120/227] Loss: 0.080, Acc: 0.997, Base Lr: 1.03e-05
2026-03-04 15:00:06 transreid.train INFO: Epoch[112] Iter[140/227] Loss: 0.080, Acc: 0.997, Base Lr: 1.03e-05
2026-03-04 15:00:08 transreid.train INFO: Epoch[112] Iter[160/227] Loss: 0.077, Acc: 0.998, Base Lr: 1.03e-05
2026-03-04 15:00:10 transreid.train INFO: Epoch[112] Iter[180/227] Loss: 0.075, Acc: 0.998, Base Lr: 1.03e-05
2026-03-04 15:00:13 transreid.train INFO: Epoch[112] Iter[200/227] Loss: 0.073, Acc: 0.998, Base Lr: 1.03e-05
2026-03-04 15:00:14 transreid.train INFO: Epoch 112 done. Time: 23s, Speed: 583.1[samples/s], Elapsed: 0h47m, ETA: 0h3m (8 epochs left)
2026-03-04 15:00:16 transreid.train INFO: Epoch[113] Iter[20/227] Loss: 0.077, Acc: 0.997, Base Lr: 8.28e-06
2026-03-04 15:00:19 transreid.train INFO: Epoch[113] Iter[40/227] Loss: 0.075, Acc: 0.997, Base Lr: 8.28e-06
2026-03-04 15:00:21 transreid.train INFO: Epoch[113] Iter[60/227] Loss: 0.091, Acc: 0.997, Base Lr: 8.28e-06
2026-03-04 15:00:23 transreid.train INFO: Epoch[113] Iter[80/227] Loss: 0.090, Acc: 0.996, Base Lr: 8.28e-06
2026-03-04 15:00:25 transreid.train INFO: Epoch[113] Iter[100/227] Loss: 0.085, Acc: 0.997, Base Lr: 8.28e-06
2026-03-04 15:00:27 transreid.train INFO: Epoch[113] Iter[120/227] Loss: 0.082, Acc: 0.997, Base Lr: 8.28e-06
2026-03-04 15:00:29 transreid.train INFO: Epoch[113] Iter[140/227] Loss: 0.079, Acc: 0.997, Base Lr: 8.28e-06
2026-03-04 15:00:32 transreid.train INFO: Epoch[113] Iter[160/227] Loss: 0.076, Acc: 0.997, Base Lr: 8.28e-06
2026-03-04 15:00:34 transreid.train INFO: Epoch[113] Iter[180/227] Loss: 0.074, Acc: 0.997, Base Lr: 8.28e-06
2026-03-04 15:00:36 transreid.train INFO: Epoch[113] Iter[200/227] Loss: 0.072, Acc: 0.997, Base Lr: 8.28e-06
2026-03-04 15:00:37 transreid.train INFO: Epoch 113 done. Time: 23s, Speed: 583.4[samples/s], Elapsed: 0h47m, ETA: 0h2m (7 epochs left)
2026-03-04 15:00:40 transreid.train INFO: Epoch[114] Iter[20/227] Loss: 0.077, Acc: 0.998, Base Lr: 6.51e-06
2026-03-04 15:00:42 transreid.train INFO: Epoch[114] Iter[40/227] Loss: 0.075, Acc: 0.998, Base Lr: 6.51e-06
2026-03-04 15:00:44 transreid.train INFO: Epoch[114] Iter[60/227] Loss: 0.072, Acc: 0.997, Base Lr: 6.51e-06
2026-03-04 15:00:46 transreid.train INFO: Epoch[114] Iter[80/227] Loss: 0.071, Acc: 0.998, Base Lr: 6.51e-06
2026-03-04 15:00:48 transreid.train INFO: Epoch[114] Iter[100/227] Loss: 0.071, Acc: 0.998, Base Lr: 6.51e-06
2026-03-04 15:00:51 transreid.train INFO: Epoch[114] Iter[120/227] Loss: 0.072, Acc: 0.998, Base Lr: 6.51e-06
2026-03-04 15:00:53 transreid.train INFO: Epoch[114] Iter[140/227] Loss: 0.072, Acc: 0.997, Base Lr: 6.51e-06
2026-03-04 15:00:55 transreid.train INFO: Epoch[114] Iter[160/227] Loss: 0.071, Acc: 0.997, Base Lr: 6.51e-06
2026-03-04 15:00:57 transreid.train INFO: Epoch[114] Iter[180/227] Loss: 0.070, Acc: 0.997, Base Lr: 6.51e-06
2026-03-04 15:00:59 transreid.train INFO: Epoch[114] Iter[200/227] Loss: 0.068, Acc: 0.997, Base Lr: 6.51e-06
2026-03-04 15:01:01 transreid.train INFO: Epoch 114 done. Time: 23s, Speed: 582.7[samples/s], Elapsed: 0h48m, ETA: 0h2m (6 epochs left)
2026-03-04 15:01:03 transreid.train INFO: Epoch[115] Iter[20/227] Loss: 0.080, Acc: 0.997, Base Lr: 5.02e-06
2026-03-04 15:01:05 transreid.train INFO: Epoch[115] Iter[40/227] Loss: 0.075, Acc: 0.996, Base Lr: 5.02e-06
2026-03-04 15:01:07 transreid.train INFO: Epoch[115] Iter[60/227] Loss: 0.074, Acc: 0.997, Base Lr: 5.02e-06
2026-03-04 15:01:10 transreid.train INFO: Epoch[115] Iter[80/227] Loss: 0.071, Acc: 0.997, Base Lr: 5.02e-06
2026-03-04 15:01:12 transreid.train INFO: Epoch[115] Iter[100/227] Loss: 0.072, Acc: 0.997, Base Lr: 5.02e-06
2026-03-04 15:01:14 transreid.train INFO: Epoch[115] Iter[120/227] Loss: 0.072, Acc: 0.997, Base Lr: 5.02e-06
2026-03-04 15:01:16 transreid.train INFO: Epoch[115] Iter[140/227] Loss: 0.070, Acc: 0.998, Base Lr: 5.02e-06
2026-03-04 15:01:18 transreid.train INFO: Epoch[115] Iter[160/227] Loss: 0.068, Acc: 0.998, Base Lr: 5.02e-06
2026-03-04 15:01:20 transreid.train INFO: Epoch[115] Iter[180/227] Loss: 0.065, Acc: 0.998, Base Lr: 5.02e-06
2026-03-04 15:01:23 transreid.train INFO: Epoch[115] Iter[200/227] Loss: 0.064, Acc: 0.998, Base Lr: 5.02e-06
2026-03-04 15:01:24 transreid.train INFO: Epoch 115 done. Time: 23s, Speed: 583.5[samples/s], Elapsed: 0h48m, ETA: 0h1m (5 epochs left)
2026-03-04 15:01:26 transreid.train INFO: Epoch[116] Iter[20/227] Loss: 0.088, Acc: 0.997, Base Lr: 3.79e-06
2026-03-04 15:01:29 transreid.train INFO: Epoch[116] Iter[40/227] Loss: 0.088, Acc: 0.996, Base Lr: 3.79e-06
2026-03-04 15:01:31 transreid.train INFO: Epoch[116] Iter[60/227] Loss: 0.082, Acc: 0.997, Base Lr: 3.79e-06
2026-03-04 15:01:33 transreid.train INFO: Epoch[116] Iter[80/227] Loss: 0.077, Acc: 0.997, Base Lr: 3.79e-06
2026-03-04 15:01:35 transreid.train INFO: Epoch[116] Iter[100/227] Loss: 0.075, Acc: 0.998, Base Lr: 3.79e-06
2026-03-04 15:01:37 transreid.train INFO: Epoch[116] Iter[120/227] Loss: 0.074, Acc: 0.998, Base Lr: 3.79e-06
2026-03-04 15:01:39 transreid.train INFO: Epoch[116] Iter[140/227] Loss: 0.073, Acc: 0.998, Base Lr: 3.79e-06
2026-03-04 15:01:42 transreid.train INFO: Epoch[116] Iter[160/227] Loss: 0.072, Acc: 0.998, Base Lr: 3.79e-06
2026-03-04 15:01:44 transreid.train INFO: Epoch[116] Iter[180/227] Loss: 0.073, Acc: 0.998, Base Lr: 3.79e-06
2026-03-04 15:01:46 transreid.train INFO: Epoch[116] Iter[200/227] Loss: 0.071, Acc: 0.998, Base Lr: 3.79e-06
2026-03-04 15:01:47 transreid.train INFO: Epoch 116 done. Time: 23s, Speed: 583.2[samples/s], Elapsed: 0h48m, ETA: 0h1m (4 epochs left)
2026-03-04 15:01:50 transreid.train INFO: Epoch[117] Iter[20/227] Loss: 0.071, Acc: 0.998, Base Lr: 2.83e-06
2026-03-04 15:01:52 transreid.train INFO: Epoch[117] Iter[40/227] Loss: 0.068, Acc: 0.997, Base Lr: 2.83e-06
2026-03-04 15:01:54 transreid.train INFO: Epoch[117] Iter[60/227] Loss: 0.073, Acc: 0.997, Base Lr: 2.83e-06
2026-03-04 15:01:56 transreid.train INFO: Epoch[117] Iter[80/227] Loss: 0.075, Acc: 0.997, Base Lr: 2.83e-06
2026-03-04 15:01:58 transreid.train INFO: Epoch[117] Iter[100/227] Loss: 0.075, Acc: 0.997, Base Lr: 2.83e-06
2026-03-04 15:02:00 transreid.train INFO: Epoch[117] Iter[120/227] Loss: 0.073, Acc: 0.997, Base Lr: 2.83e-06
2026-03-04 15:02:03 transreid.train INFO: Epoch[117] Iter[140/227] Loss: 0.072, Acc: 0.997, Base Lr: 2.83e-06
2026-03-04 15:02:05 transreid.train INFO: Epoch[117] Iter[160/227] Loss: 0.069, Acc: 0.998, Base Lr: 2.83e-06
2026-03-04 15:02:07 transreid.train INFO: Epoch[117] Iter[180/227] Loss: 0.066, Acc: 0.998, Base Lr: 2.83e-06
2026-03-04 15:02:09 transreid.train INFO: Epoch[117] Iter[200/227] Loss: 0.065, Acc: 0.998, Base Lr: 2.83e-06
2026-03-04 15:02:10 transreid.train INFO: Epoch 117 done. Time: 23s, Speed: 583.2[samples/s], Elapsed: 0h49m, ETA: 0h1m (3 epochs left)
2026-03-04 15:02:13 transreid.train INFO: Epoch[118] Iter[20/227] Loss: 0.070, Acc: 0.999, Base Lr: 2.15e-06
2026-03-04 15:02:15 transreid.train INFO: Epoch[118] Iter[40/227] Loss: 0.075, Acc: 0.999, Base Lr: 2.15e-06
2026-03-04 15:02:17 transreid.train INFO: Epoch[118] Iter[60/227] Loss: 0.080, Acc: 0.998, Base Lr: 2.15e-06
2026-03-04 15:02:19 transreid.train INFO: Epoch[118] Iter[80/227] Loss: 0.077, Acc: 0.998, Base Lr: 2.15e-06
2026-03-04 15:02:22 transreid.train INFO: Epoch[118] Iter[100/227] Loss: 0.076, Acc: 0.998, Base Lr: 2.15e-06
2026-03-04 15:02:24 transreid.train INFO: Epoch[118] Iter[120/227] Loss: 0.074, Acc: 0.998, Base Lr: 2.15e-06
2026-03-04 15:02:26 transreid.train INFO: Epoch[118] Iter[140/227] Loss: 0.072, Acc: 0.998, Base Lr: 2.15e-06
2026-03-04 15:02:28 transreid.train INFO: Epoch[118] Iter[160/227] Loss: 0.071, Acc: 0.998, Base Lr: 2.15e-06
2026-03-04 15:02:30 transreid.train INFO: Epoch[118] Iter[180/227] Loss: 0.069, Acc: 0.998, Base Lr: 2.15e-06
2026-03-04 15:02:32 transreid.train INFO: Epoch[118] Iter[200/227] Loss: 0.068, Acc: 0.998, Base Lr: 2.15e-06
2026-03-04 15:02:34 transreid.train INFO: Epoch 118 done. Time: 23s, Speed: 583.7[samples/s], Elapsed: 0h49m, ETA: 0h0m (2 epochs left)
2026-03-04 15:02:36 transreid.train INFO: Epoch[119] Iter[20/227] Loss: 0.080, Acc: 0.998, Base Lr: 1.74e-06
2026-03-04 15:02:38 transreid.train INFO: Epoch[119] Iter[40/227] Loss: 0.078, Acc: 0.999, Base Lr: 1.74e-06
2026-03-04 15:02:41 transreid.train INFO: Epoch[119] Iter[60/227] Loss: 0.076, Acc: 0.998, Base Lr: 1.74e-06
2026-03-04 15:02:43 transreid.train INFO: Epoch[119] Iter[80/227] Loss: 0.074, Acc: 0.999, Base Lr: 1.74e-06
2026-03-04 15:02:45 transreid.train INFO: Epoch[119] Iter[100/227] Loss: 0.073, Acc: 0.999, Base Lr: 1.74e-06
2026-03-04 15:02:47 transreid.train INFO: Epoch[119] Iter[120/227] Loss: 0.070, Acc: 0.999, Base Lr: 1.74e-06
2026-03-04 15:02:49 transreid.train INFO: Epoch[119] Iter[140/227] Loss: 0.067, Acc: 0.999, Base Lr: 1.74e-06
2026-03-04 15:02:51 transreid.train INFO: Epoch[119] Iter[160/227] Loss: 0.065, Acc: 0.999, Base Lr: 1.74e-06
2026-03-04 15:02:54 transreid.train INFO: Epoch[119] Iter[180/227] Loss: 0.064, Acc: 0.999, Base Lr: 1.74e-06
2026-03-04 15:02:56 transreid.train INFO: Epoch[119] Iter[200/227] Loss: 0.063, Acc: 0.999, Base Lr: 1.74e-06
2026-03-04 15:02:57 transreid.train INFO: Epoch 119 done. Time: 23s, Speed: 582.6[samples/s], Elapsed: 0h50m, ETA: 0h0m (1 epochs left)
2026-03-04 15:02:59 transreid.train INFO: Epoch[120] Iter[20/227] Loss: 0.066, Acc: 0.999, Base Lr: 1.60e-06
2026-03-04 15:03:02 transreid.train INFO: Epoch[120] Iter[40/227] Loss: 0.065, Acc: 0.998, Base Lr: 1.60e-06
2026-03-04 15:03:04 transreid.train INFO: Epoch[120] Iter[60/227] Loss: 0.065, Acc: 0.998, Base Lr: 1.60e-06
2026-03-04 15:03:06 transreid.train INFO: Epoch[120] Iter[80/227] Loss: 0.069, Acc: 0.998, Base Lr: 1.60e-06
2026-03-04 15:03:08 transreid.train INFO: Epoch[120] Iter[100/227] Loss: 0.068, Acc: 0.999, Base Lr: 1.60e-06
2026-03-04 15:03:10 transreid.train INFO: Epoch[120] Iter[120/227] Loss: 0.067, Acc: 0.998, Base Lr: 1.60e-06
2026-03-04 15:03:12 transreid.train INFO: Epoch[120] Iter[140/227] Loss: 0.067, Acc: 0.998, Base Lr: 1.60e-06
2026-03-04 15:03:15 transreid.train INFO: Epoch[120] Iter[160/227] Loss: 0.065, Acc: 0.998, Base Lr: 1.60e-06
2026-03-04 15:03:17 transreid.train INFO: Epoch[120] Iter[180/227] Loss: 0.064, Acc: 0.998, Base Lr: 1.60e-06
2026-03-04 15:03:19 transreid.train INFO: Epoch[120] Iter[200/227] Loss: 0.062, Acc: 0.998, Base Lr: 1.60e-06
2026-03-04 15:03:20 transreid.train INFO: Epoch 120 done. Time: 23s, Speed: 583.2[samples/s], Elapsed: 0h50m, ETA: 0h0m (0 epochs left)
The test feature is normalized
=> Computing DistMat with euclidean_distance
2026-03-04 15:03:42 transreid.train INFO: Validation Results - Epoch: 120
2026-03-04 15:03:42 transreid.train INFO: mAP: 56.7%
2026-03-04 15:03:42 transreid.train INFO: CMC curve, Rank-1  :66.5%
2026-03-04 15:03:42 transreid.train INFO: CMC curve, Rank-5  :79.9%
2026-03-04 15:03:42 transreid.train INFO: CMC curve, Rank-10 :84.3%
