2026-07-12 20:15:30 transreid INFO: Saving model in the path :/home/afr/SOLIDER-REID-psg-lgpa/log/exp326/E/seed_7753.tmp.41b9c87e8313
2026-07-12 20:15:30 transreid INFO: Loaded configuration file configs/occluded_duke/exp323_lgpa_tiny.yml
2026-07-12 20:15:30 transreid INFO: Running with config:
DATALOADER:
  NUM_INSTANCE: 4
  NUM_WORKERS: 8
  REMOVE_TAIL: 0
  SAMPLER: softmax_triplet
DATASETS:
  NAMES: occluded_duke
  ROOT_DIR: data
  ROOT_TRAIN_DIR: ../data
  ROOT_VAL_DIR: ../data
INPUT:
  PADDING: 10
  PIXEL_MEAN: [0.5, 0.5, 0.5]
  PIXEL_STD: [0.5, 0.5, 0.5]
  PROB: 0.5
  RE_PROB: 0.5
  SIZE_TEST: [384, 128]
  SIZE_TRAIN: [384, 128]
MODEL:
  ATT_DROP_RATE: 0.0
  COS_LAYER: False
  DEVICE: cuda
  DEVICE_ID: 0
  DEVIDE_LENGTH: 4
  DIST_TRAIN: False
  DROPOUT_RATE: 0.0
  DROP_OUT: 0.0
  DROP_PATH: 0.1
  FEAT_DIM: 512
  GEM_POOLING: False
  GLOBAL_LOSS_SCALE: 1.0
  ID_LOSS_TYPE: softmax
  ID_LOSS_WEIGHT: 1.0
  IF_LABELSMOOTH: off
  IF_WITH_CENTER: no
  JPM: False
  LAST_STRIDE: 1
  METRIC_LOSS_TYPE: triplet
  NAME: transformer
  NECK: bnneck
  NO_MARGIN: True
  POSE_ADDITIVE_ADAPTER: False
  POSE_BACKBONE_PSG: True
  POSE_BA_PKC: False
  POSE_BA_PKC_WEIGHT: 0.1
  POSE_BT_PKD: False
  POSE_BT_PKD_DECAY_EPOCH: 0
  POSE_BT_PKD_WEIGHT: 0.01
  POSE_DATA_DIR: data/occluded_duke
  POSE_DEFORMABLE_K: 4
  POSE_DEFORMABLE_SAMPLE: False
  POSE_DROPOUT_P: 0.0
  POSE_ENABLED: True
  POSE_EVIDENTIAL: False
  POSE_EVIDENTIAL_ANNEAL: 0.6
  POSE_EVIDENTIAL_KL_REG: 0.1
  POSE_FSDC: False
  POSE_FSDC_HEADS: 8
  POSE_FSDC_LAYERS: 2
  POSE_FSDC_MASK_RATIO: 0.3
  POSE_FSDC_NOISE_STD: 0.1
  POSE_FSDC_WEIGHT: 0.5
  POSE_GCN_HIDDEN: 256
  POSE_GCN_LAYERS: 2
  POSE_GCN_PER_PART: False
  POSE_HEATMAP_NORM: spatial_softmax
  POSE_HEATMAP_SIZE: [96, 32]
  POSE_KEYPOINT_POOL_ONLY: False
  POSE_KP_TRIPLET: False
  POSE_KP_TRIPLET_WEIGHT: 1.0
  POSE_KP_WEIGHT_MODE: score
  POSE_LGPA: True
  POSE_LGPA_ASSIGN_MODE: true
  POSE_LGPA_ASSIGN_WEIGHT: 0.5
  POSE_LGPA_CLIP_CACHE_SHA256: b0c35e943fb382b825a18ebc387eff8d9918f40928b0000daa08c7cf05eb960d
  POSE_LGPA_CLIP_DIM: 512
  POSE_LGPA_DETACH: True
  POSE_LGPA_NUM_HEADS: 8
  POSE_LGPA_POSE_MODE: uniform
  POSE_LGPA_POSE_TEMP: 1.0
  POSE_LGPA_REQUIRE_CLIP_CACHE: True
  POSE_LGPA_TEXT_MODE: aligned
  POSE_LOWER_BODY_OCC: False
  POSE_LOWER_BODY_OCC_MODE: lower
  POSE_LOWER_BODY_OCC_PROB: 0.5
  POSE_LOWER_BODY_OCC_RATIO: 0.5
  POSE_LPCS: False
  POSE_LPCS_CONF_WEIGHT: 0.25
  POSE_LPCS_CONTEXT_MODE: none
  POSE_LPCS_DELTA_SCALE: 0.5
  POSE_LPCS_HEAD_MODE: residual
  POSE_LPCS_HIDDEN: 32
  POSE_LPCS_PAIR_MODE: all
  POSE_LPCS_PAIR_TOP_RATIO: 1.0
  POSE_LPCS_RANK_MODE: all
  POSE_LPCS_RANK_TAU: 8.0
  POSE_LPCS_RANK_TOP_RATIO: 1.0
  POSE_LPCS_ST_LOW_THR: 0.3
  POSE_LPCS_ST_MIN_COUNT: 1
  POSE_LPCS_ST_MOM: 0.9
  POSE_LPCS_ST_UPDATE_STOP_EPOCH: -1
  POSE_LPCS_ST_UPDATE_THR: 0.7
  POSE_LPCS_WARMUP: 20
  POSE_LPCS_WEIGHT: 0.5
  POSE_LTCS: False
  POSE_LTCS_HIDDEN: 32
  POSE_LTCS_ST_LOW_THR: 0.3
  POSE_LTCS_ST_MIN_COUNT: 1
  POSE_LTCS_ST_MOM: 0.9
  POSE_LTCS_ST_UPDATE_STOP_EPOCH: -1
  POSE_LTCS_ST_UPDATE_THR: 0.7
  POSE_LTCS_WARMUP: 20
  POSE_LTCS_WEIGHT: 0.5
  POSE_MAXSIM_TRIPLET: False
  POSE_MAXSIM_TRIPLET_ADDITIVE: False
  POSE_MAXSIM_TRIPLET_TEMP: 0.05
  POSE_MAXSIM_TRIPLET_WEIGHT: 0.25
  POSE_MST: False
  POSE_MST_MARGIN: 0.3
  POSE_MST_VIS_THR: 0.3
  POSE_MST_WEIGHT: 0.5
  POSE_MULTI_SCALE_KP: False
  POSE_MULTI_SCALE_STAGES: [2, 3]
  POSE_NORMALIZE: False
  POSE_NORMALIZE_HIDDEN: 256
  POSE_OA_RD: False
  POSE_OA_RD_TEMP: 0.1
  POSE_OA_RD_WEIGHT: 1.0
  POSE_OA_SD: False
  POSE_OA_SD_EMA_DECAY: 0.999
  POSE_OA_SD_GLOBAL_ONLY: False
  POSE_OA_SD_WEIGHT: 1.0
  POSE_OERL: False
  POSE_OERL_OCC_RATIO: 0.5
  POSE_OERL_WEIGHT: 1.0
  POSE_PAA_ADAPTIVE_GATE: False
  POSE_PAA_BOTTLENECK: 32
  POSE_PAA_ROUTED: False
  POSE_PACI: False
  POSE_PACI_MARGIN: 0.3
  POSE_PACI_MOMENTUM: 0.9
  POSE_PACI_WARMUP: 5
  POSE_PACI_WEIGHT: 0.5
  POSE_PARALLEL_AUG: False
  POSE_PART_GRAD_SCALE: 0.0
  POSE_PART_STAGE: -1
  POSE_PART_TRI_WEIGHT: 1.0
  POSE_PART_WEIGHT: 1.0
  POSE_PATCH_EMBED: False
  POSE_PATCH_EMBED_KS: 1
  POSE_PFM_ENABLED: False
  POSE_PFM_HIDDEN: 64
  POSE_PKC: False
  POSE_PKC_TEMP: 0.07
  POSE_PKC_VIS_THR: 0.3
  POSE_PKC_WEIGHT: 0.5
  POSE_PPA: False
  POSE_PPA_ASSIGN_WEIGHT: 0.5
  POSE_PPA_GILT: False
  POSE_PPA_NUM_PARTS: 5
  POSE_PROMPT: False
  POSE_PROMPT_DROP: 0.0
  POSE_PROMPT_NUM_PARTS: 18
  POSE_PSG_PART: False
  POSE_PSG_SPATIAL: False
  POSE_PSG_STAGES: [-2, -1]
  POSE_ROA: False
  POSE_ROA_PATH: data/VOCdevkit/VOC2012
  POSE_ROA_POSE_AWARE: False
  POSE_ROA_PROB: 0.5
  POSE_SKELETON_GCN: False
  POSE_SPLADE: False
  POSE_SPLADE_DIM: 2048
  POSE_SPLADE_REG: 0.01
  POSE_STM: False
  POSE_STM_NUM_SWAP: 2
  POSE_STM_PROB: 0.5
  POSE_STM_WEIGHT: 0.5
  POSE_STRUCTURAL_ROUTING: False
  POSE_STR_NUM_HEADS: 8
  POSE_STR_NUM_LAYERS: 2
  POSE_STR_NUM_PARTS: 6
  POSE_STR_PART_DROP: 0.0
  POSE_STR_PER_TOKEN: False
  POSE_STR_SELF_ATTN: False
  POSE_STR_SUPCON: False
  POSE_STR_SUPCON_ADDITIVE: False
  POSE_STR_SUPCON_GLOBAL: False
  POSE_STR_SUPCON_TEMP: 0.07
  POSE_STR_SUPCON_VIS_WEIGHT: False
  POSE_STR_SUPCON_WEIGHT: 0.5
  POSE_TEMPERATURE: 1.0
  POSE_TEST_FEAT: equal_concat
  POSE_THRESHOLD: 0.3
  POSE_UPPER_BODY_OCC: False
  POSE_UPPER_BODY_OCC_PROB: 0.3
  POSE_USE_TARGET_HEATMAP: False
  POSE_VCSR: False
  POSE_VCSR_ASSIGN_WEIGHT: 0.5
  POSE_VCSR_VIS_THR: 0.3
  PRETRAIN_CHOICE: self
  PRETRAIN_HW_RATIO: 2
  PRETRAIN_PATH: pretrained/swin_tiny.pth
  REDUCE_FEAT_DIM: False
  RE_ARRANGE: True
  SEMANTIC_WEIGHT: 0.2
  SHIFT_NUM: 5
  SHUFFLE_GROUP: 2
  SIE_CAMERA: False
  SIE_COE: 3.0
  SIE_VIEW: False
  STEM_CONV: False
  STRIDE_SIZE: [16, 16]
  TRANSFORMER_TYPE: swin_tiny_patch4_window7_224
  TRIPLET_LOSS_WEIGHT: 1.0
  WITH_CP: True
OUTPUT_DIR: /home/afr/SOLIDER-REID-psg-lgpa/log/exp326/E/seed_7753.tmp.41b9c87e8313
SOLVER:
  BASE_LR: 0.0008
  BIAS_LR_FACTOR: 2
  CENTER_LOSS_WEIGHT: 0.0005
  CENTER_LR: 0.5
  CHECKPOINT_PERIOD: 20
  COSINE_MARGIN: 0.5
  COSINE_SCALE: 30
  EVAL_PERIOD: 10
  FREEZE_BACKBONE_EPOCHS: 0
  GAMMA: 0.1
  IMS_PER_BATCH: 64
  LARGE_FC_LR: False
  LOG_PERIOD: 20
  MARGIN: 0.3
  MAX_EPOCHS: 120
  MOMENTUM: 0.9
  OPTIMIZER_NAME: SGD
  REPRO_AUDIT: True
  REPRO_REFERENCE: /home/afr/SOLIDER-REID-psg-lgpa/log/exp326/C0/seed_7753/init_audit.json
  SEED: 7753
  STEPS: (40, 70)
  TRP_L2: False
  WARMUP_EPOCHS: 20
  WARMUP_FACTOR: 0.01
  WARMUP_METHOD: cosine
  WEIGHT_DECAY: 0.0001
  WEIGHT_DECAY_BIAS: 0.0001
TEST:
  CVK_GLOBAL_WEIGHT: 1.0
  CVK_KP_WEIGHT: 1.0
  DIST_MAT: dist_mat.npy
  EVAL: True
  FEAT_NORM: yes
  FLIP_TEST: False
  IMS_PER_BATCH: 64
  NECK_FEAT: before
  NFC: False
  NFC_K1: 2
  NFC_K2: 2
  POWER_NORM: 0.0
  RE_RANKING: False
  WEIGHT: 
=> Occluded-DukeMTMC loaded
2026-07-12 20:15:30 transreid.check INFO: Dataset statistics:
2026-07-12 20:15:30 transreid.check INFO:   ----------------------------------------
2026-07-12 20:15:30 transreid.check INFO:   subset   | # ids | # images | # cameras
2026-07-12 20:15:30 transreid.check INFO:   ----------------------------------------
2026-07-12 20:15:30 transreid.check INFO:   train    |   702 |    15618 |         8
2026-07-12 20:15:30 transreid.check INFO:   query    |   519 |     2210 |         8
2026-07-12 20:15:30 transreid.check INFO:   gallery  |  1110 |    17661 |         8
2026-07-12 20:15:30 transreid.check INFO:   ----------------------------------------
  Loaded pose index: data/occluded_duke/pose_data/train/index.json (15618 entries)
  Loaded pose index: data/occluded_duke/pose_data/train/index.json (15618 entries)
  Loaded pose index: data/occluded_duke/pose_data/_val_merged/index.json (18001 entries)
using img_triplet sampler
using Transformer_type: swin_tiny_patch4_window7_224 as a backbone
unloaded parameters: <All keys matched successfully>
[LGPA] CLIP text features loaded from cache: torch.Size([6, 512])
[LGPA] CLIP Part Head: 5 parts, clip_dim=512, num_heads=8, pose_temp=1.0, pose_mode=uniform, assign_mode=true, text_mode=aligned
[LGPA] Running on DETACHED features (no gradient to backbone)
===========building pose-backbone (PSG) transformer===========
using soft triplet loss for training
2026-07-12 20:15:31 transreid INFO: [REPRO_AUDIT] arm=E parameter_sha=c8274c15b4f72fce1d6d4dc9fe09a6529c6ad918a642b4eb62735fd0fe804098 reference=/home/afr/SOLIDER-REID-psg-lgpa/log/exp326/C0/seed_7753/init_audit.json
2026-07-12 20:15:31 transreid INFO: ===========using cosine learning rate=======
2026-07-12 20:15:31 transreid.train INFO: start training
2026-07-12 20:15:31 transreid.train INFO: Pose-guided training ENABLED
/usr/local/anaconda3/envs/mmpose-abu/lib/python3.8/site-packages/torchvision/transforms/transforms.py:329: UserWarning: Argument 'interpolation' of type int is deprecated since 0.13 and will be removed in 0.15. Please use InterpolationMode enum.
  warnings.warn(
/home/afr/SOLIDER-REID-psg-lgpa/model/backbones/swin_transformer.py:1193: UserWarning: DeprecationWarning: pretrained is deprecated, please use "init_cfg" instead
  warnings.warn('DeprecationWarning: pretrained is deprecated, '
2026-07-12 20:15:36 transreid.train INFO: Epoch[1] Iter[20/227] Loss: 18.642, Acc: 0.001, Base Lr: 4.76e-05 | id_global: 6.554 id_part: 6.720 tri_global: 14.286 tri_part: 0.806 lgpa_assign: 8.918
2026-07-12 20:15:39 transreid.train INFO: Epoch[1] Iter[40/227] Loss: 17.799, Acc: 0.001, Base Lr: 4.76e-05 | id_global: 6.554 id_part: 6.718 tri_global: 12.633 tri_part: 0.793 lgpa_assign: 8.900
2026-07-12 20:15:43 transreid.train INFO: Epoch[1] Iter[60/227] Loss: 17.200, Acc: 0.002, Base Lr: 4.76e-05 | id_global: 6.554 id_part: 6.714 tri_global: 11.461 tri_part: 0.784 lgpa_assign: 8.885
2026-07-12 20:15:46 transreid.train INFO: Epoch[1] Iter[80/227] Loss: 16.740, Acc: 0.002, Base Lr: 4.76e-05 | id_global: 6.554 id_part: 6.716 tri_global: 10.539 tri_part: 0.777 lgpa_assign: 8.894
2026-07-12 20:15:49 transreid.train INFO: Epoch[1] Iter[100/227] Loss: 16.385, Acc: 0.002, Base Lr: 4.76e-05 | id_global: 6.554 id_part: 6.715 tri_global: 9.838 tri_part: 0.772 lgpa_assign: 8.891
2026-07-12 20:15:53 transreid.train INFO: Epoch[1] Iter[120/227] Loss: 16.113, Acc: 0.002, Base Lr: 4.76e-05 | id_global: 6.554 id_part: 6.713 tri_global: 9.305 tri_part: 0.768 lgpa_assign: 8.886
2026-07-12 20:15:56 transreid.train INFO: Epoch[1] Iter[140/227] Loss: 15.876, Acc: 0.002, Base Lr: 4.76e-05 | id_global: 6.554 id_part: 6.713 tri_global: 8.843 tri_part: 0.764 lgpa_assign: 8.879
2026-07-12 20:15:59 transreid.train INFO: Epoch[1] Iter[160/227] Loss: 15.704, Acc: 0.002, Base Lr: 4.76e-05 | id_global: 6.554 id_part: 6.712 tri_global: 8.510 tri_part: 0.762 lgpa_assign: 8.870
2026-07-12 20:16:03 transreid.train INFO: Epoch[1] Iter[180/227] Loss: 15.528, Acc: 0.002, Base Lr: 4.76e-05 | id_global: 6.554 id_part: 6.712 tri_global: 8.164 tri_part: 0.759 lgpa_assign: 8.868
2026-07-12 20:16:06 transreid.train INFO: Epoch[1] Iter[200/227] Loss: 15.373, Acc: 0.001, Base Lr: 4.76e-05 | id_global: 6.554 id_part: 6.714 tri_global: 7.860 tri_part: 0.757 lgpa_assign: 8.861
2026-07-12 20:16:08 transreid.train INFO: Epoch 1 done. Time per epoch: 36.882[s] Speed: 369.6[samples/s] ETA: 1h13m
2026-07-12 20:16:12 transreid.train INFO: Epoch[2] Iter[20/227] Loss: 14.077, Acc: 0.001, Base Lr: 8.72e-05 | id_global: 6.553 id_part: 6.717 tri_global: 5.266 tri_part: 0.737 lgpa_assign: 8.883
2026-07-12 20:16:16 transreid.train INFO: Epoch[2] Iter[40/227] Loss: 13.831, Acc: 0.001, Base Lr: 8.72e-05 | id_global: 6.552 id_part: 6.715 tri_global: 4.809 tri_part: 0.732 lgpa_assign: 8.853
2026-07-12 20:16:19 transreid.train INFO: Epoch[2] Iter[60/227] Loss: 13.698, Acc: 0.001, Base Lr: 8.72e-05 | id_global: 6.552 id_part: 6.715 tri_global: 4.553 tri_part: 0.730 lgpa_assign: 8.847
2026-07-12 20:16:22 transreid.train INFO: Epoch[2] Iter[80/227] Loss: 13.582, Acc: 0.001, Base Lr: 8.72e-05 | id_global: 6.552 id_part: 6.715 tri_global: 4.327 tri_part: 0.728 lgpa_assign: 8.842
2026-07-12 20:16:26 transreid.train INFO: Epoch[2] Iter[100/227] Loss: 13.477, Acc: 0.002, Base Lr: 8.72e-05 | id_global: 6.551 id_part: 6.713 tri_global: 4.123 tri_part: 0.726 lgpa_assign: 8.841
2026-07-12 20:16:29 transreid.train INFO: Epoch[2] Iter[120/227] Loss: 13.371, Acc: 0.002, Base Lr: 8.72e-05 | id_global: 6.551 id_part: 6.713 tri_global: 3.918 tri_part: 0.724 lgpa_assign: 8.837
2026-07-12 20:16:32 transreid.train INFO: Epoch[2] Iter[140/227] Loss: 13.285, Acc: 0.002, Base Lr: 8.72e-05 | id_global: 6.550 id_part: 6.713 tri_global: 3.752 tri_part: 0.722 lgpa_assign: 8.833
2026-07-12 20:16:36 transreid.train INFO: Epoch[2] Iter[160/227] Loss: 13.217, Acc: 0.003, Base Lr: 8.72e-05 | id_global: 6.549 id_part: 6.714 tri_global: 3.614 tri_part: 0.721 lgpa_assign: 8.836
2026-07-12 20:16:39 transreid.train INFO: Epoch[2] Iter[180/227] Loss: 13.151, Acc: 0.003, Base Lr: 8.72e-05 | id_global: 6.548 id_part: 6.713 tri_global: 3.486 tri_part: 0.720 lgpa_assign: 8.835
2026-07-12 20:16:42 transreid.train INFO: Epoch[2] Iter[200/227] Loss: 13.086, Acc: 0.004, Base Lr: 8.72e-05 | id_global: 6.547 id_part: 6.714 tri_global: 3.364 tri_part: 0.718 lgpa_assign: 8.828
2026-07-12 20:16:44 transreid.train INFO: Epoch 2 done. Time per epoch: 36.153[s] Speed: 373.5[samples/s] ETA: 1h11m
2026-07-12 20:16:49 transreid.train INFO: Epoch[3] Iter[20/227] Loss: 12.303, Acc: 0.016, Base Lr: 1.27e-04 | id_global: 6.535 id_part: 6.708 tri_global: 1.824 tri_part: 0.701 lgpa_assign: 8.838
2026-07-12 20:16:52 transreid.train INFO: Epoch[3] Iter[40/227] Loss: 12.311, Acc: 0.015, Base Lr: 1.27e-04 | id_global: 6.536 id_part: 6.714 tri_global: 1.839 tri_part: 0.701 lgpa_assign: 8.831
2026-07-12 20:16:55 transreid.train INFO: Epoch[3] Iter[60/227] Loss: 12.345, Acc: 0.019, Base Lr: 1.27e-04 | id_global: 6.535 id_part: 6.709 tri_global: 1.925 tri_part: 0.702 lgpa_assign: 8.820
2026-07-12 20:16:58 transreid.train INFO: Epoch[3] Iter[80/227] Loss: 12.326, Acc: 0.022, Base Lr: 1.27e-04 | id_global: 6.534 id_part: 6.708 tri_global: 1.890 tri_part: 0.702 lgpa_assign: 8.819
2026-07-12 20:17:02 transreid.train INFO: Epoch[3] Iter[100/227] Loss: 12.310, Acc: 0.022, Base Lr: 1.27e-04 | id_global: 6.533 id_part: 6.705 tri_global: 1.861 tri_part: 0.702 lgpa_assign: 8.819
2026-07-12 20:17:05 transreid.train INFO: Epoch[3] Iter[120/227] Loss: 12.282, Acc: 0.028, Base Lr: 1.27e-04 | id_global: 6.531 id_part: 6.703 tri_global: 1.822 tri_part: 0.701 lgpa_assign: 8.806
2026-07-12 20:17:08 transreid.train INFO: Epoch[3] Iter[140/227] Loss: 12.250, Acc: 0.032, Base Lr: 1.27e-04 | id_global: 6.530 id_part: 6.702 tri_global: 1.769 tri_part: 0.700 lgpa_assign: 8.798
2026-07-12 20:17:12 transreid.train INFO: Epoch[3] Iter[160/227] Loss: 12.230, Acc: 0.040, Base Lr: 1.27e-04 | id_global: 6.528 id_part: 6.700 tri_global: 1.731 tri_part: 0.700 lgpa_assign: 8.800
2026-07-12 20:17:15 transreid.train INFO: Epoch[3] Iter[180/227] Loss: 12.214, Acc: 0.049, Base Lr: 1.27e-04 | id_global: 6.526 id_part: 6.699 tri_global: 1.710 tri_part: 0.700 lgpa_assign: 8.792
2026-07-12 20:17:18 transreid.train INFO: Epoch[3] Iter[200/227] Loss: 12.204, Acc: 0.064, Base Lr: 1.27e-04 | id_global: 6.523 id_part: 6.698 tri_global: 1.706 tri_part: 0.700 lgpa_assign: 8.782
2026-07-12 20:17:20 transreid.train INFO: Epoch 3 done. Time per epoch: 36.283[s] Speed: 374.0[samples/s] ETA: 1h10m
2026-07-12 20:17:25 transreid.train INFO: Epoch[4] Iter[20/227] Loss: 12.082, Acc: 0.088, Base Lr: 1.66e-04 | id_global: 6.509 id_part: 6.697 tri_global: 1.438 tri_part: 0.699 lgpa_assign: 8.822
2026-07-12 20:17:28 transreid.train INFO: Epoch[4] Iter[40/227] Loss: 12.076, Acc: 0.073, Base Lr: 1.66e-04 | id_global: 6.508 id_part: 6.690 tri_global: 1.469 tri_part: 0.698 lgpa_assign: 8.787
2026-07-12 20:17:31 transreid.train INFO: Epoch[4] Iter[60/227] Loss: 12.047, Acc: 0.081, Base Lr: 1.66e-04 | id_global: 6.504 id_part: 6.692 tri_global: 1.423 tri_part: 0.697 lgpa_assign: 8.777
2026-07-12 20:17:35 transreid.train INFO: Epoch[4] Iter[80/227] Loss: 12.035, Acc: 0.089, Base Lr: 1.66e-04 | id_global: 6.502 id_part: 6.689 tri_global: 1.410 tri_part: 0.697 lgpa_assign: 8.772
2026-07-12 20:17:38 transreid.train INFO: Epoch[4] Iter[100/227] Loss: 12.002, Acc: 0.094, Base Lr: 1.66e-04 | id_global: 6.500 id_part: 6.685 tri_global: 1.356 tri_part: 0.697 lgpa_assign: 8.767
2026-07-12 20:17:41 transreid.train INFO: Epoch[4] Iter[120/227] Loss: 11.977, Acc: 0.106, Base Lr: 1.66e-04 | id_global: 6.496 id_part: 6.684 tri_global: 1.316 tri_part: 0.696 lgpa_assign: 8.762
2026-07-12 20:17:45 transreid.train INFO: Epoch[4] Iter[140/227] Loss: 11.967, Acc: 0.112, Base Lr: 1.66e-04 | id_global: 6.494 id_part: 6.685 tri_global: 1.309 tri_part: 0.696 lgpa_assign: 8.750
2026-07-12 20:17:48 transreid.train INFO: Epoch[4] Iter[160/227] Loss: 11.944, Acc: 0.125, Base Lr: 1.66e-04 | id_global: 6.490 id_part: 6.684 tri_global: 1.285 tri_part: 0.696 lgpa_assign: 8.734
2026-07-12 20:17:51 transreid.train INFO: Epoch[4] Iter[180/227] Loss: 11.927, Acc: 0.138, Base Lr: 1.66e-04 | id_global: 6.486 id_part: 6.681 tri_global: 1.269 tri_part: 0.695 lgpa_assign: 8.723
2026-07-12 20:17:55 transreid.train INFO: Epoch[4] Iter[200/227] Loss: 11.908, Acc: 0.160, Base Lr: 1.66e-04 | id_global: 6.480 id_part: 6.677 tri_global: 1.251 tri_part: 0.695 lgpa_assign: 8.712
2026-07-12 20:17:57 transreid.train INFO: Epoch 4 done. Time per epoch: 36.472[s] Speed: 373.8[samples/s] ETA: 1h10m
2026-07-12 20:18:01 transreid.train INFO: Epoch[5] Iter[20/227] Loss: 11.718, Acc: 0.118, Base Lr: 2.06e-04 | id_global: 6.461 id_part: 6.679 tri_global: 0.897 tri_part: 0.692 lgpa_assign: 8.707
2026-07-12 20:18:05 transreid.train INFO: Epoch[5] Iter[40/227] Loss: 11.724, Acc: 0.125, Base Lr: 2.06e-04 | id_global: 6.457 id_part: 6.671 tri_global: 0.946 tri_part: 0.692 lgpa_assign: 8.683
2026-07-12 20:18:08 transreid.train INFO: Epoch[5] Iter[60/227] Loss: 11.724, Acc: 0.126, Base Lr: 2.06e-04 | id_global: 6.454 id_part: 6.668 tri_global: 0.943 tri_part: 0.691 lgpa_assign: 8.693
2026-07-12 20:18:11 transreid.train INFO: Epoch[5] Iter[80/227] Loss: 11.721, Acc: 0.129, Base Lr: 2.06e-04 | id_global: 6.450 id_part: 6.663 tri_global: 0.951 tri_part: 0.691 lgpa_assign: 8.687
2026-07-12 20:18:15 transreid.train INFO: Epoch[5] Iter[100/227] Loss: 11.711, Acc: 0.138, Base Lr: 2.06e-04 | id_global: 6.446 id_part: 6.663 tri_global: 0.944 tri_part: 0.691 lgpa_assign: 8.677
2026-07-12 20:18:18 transreid.train INFO: Epoch[5] Iter[120/227] Loss: 11.697, Acc: 0.150, Base Lr: 2.06e-04 | id_global: 6.440 id_part: 6.657 tri_global: 0.942 tri_part: 0.691 lgpa_assign: 8.663
2026-07-12 20:18:21 transreid.train INFO: Epoch[5] Iter[140/227] Loss: 11.697, Acc: 0.156, Base Lr: 2.06e-04 | id_global: 6.436 id_part: 6.653 tri_global: 0.957 tri_part: 0.691 lgpa_assign: 8.657
2026-07-12 20:18:25 transreid.train INFO: Epoch[5] Iter[160/227] Loss: 11.682, Acc: 0.166, Base Lr: 2.06e-04 | id_global: 6.431 id_part: 6.650 tri_global: 0.950 tri_part: 0.691 lgpa_assign: 8.642
2026-07-12 20:18:28 transreid.train INFO: Epoch[5] Iter[180/227] Loss: 11.664, Acc: 0.181, Base Lr: 2.06e-04 | id_global: 6.424 id_part: 6.646 tri_global: 0.938 tri_part: 0.691 lgpa_assign: 8.629
2026-07-12 20:18:31 transreid.train INFO: Epoch[5] Iter[200/227] Loss: 11.643, Acc: 0.206, Base Lr: 2.06e-04 | id_global: 6.411 id_part: 6.641 tri_global: 0.924 tri_part: 0.691 lgpa_assign: 8.618
2026-07-12 20:18:33 transreid.train INFO: Epoch 5 done. Time per epoch: 36.110[s] Speed: 374.0[samples/s] ETA: 1h9m
2026-07-12 20:18:37 transreid.train INFO: Epoch[6] Iter[20/227] Loss: 11.576, Acc: 0.120, Base Lr: 2.46e-04 | id_global: 6.394 id_part: 6.627 tri_global: 0.838 tri_part: 0.691 lgpa_assign: 8.602
2026-07-12 20:18:41 transreid.train INFO: Epoch[6] Iter[40/227] Loss: 11.571, Acc: 0.116, Base Lr: 2.46e-04 | id_global: 6.390 id_part: 6.627 tri_global: 0.827 tri_part: 0.690 lgpa_assign: 8.607
2026-07-12 20:18:44 transreid.train INFO: Epoch[6] Iter[60/227] Loss: 11.548, Acc: 0.124, Base Lr: 2.46e-04 | id_global: 6.382 id_part: 6.626 tri_global: 0.813 tri_part: 0.690 lgpa_assign: 8.585
2026-07-12 20:18:47 transreid.train INFO: Epoch[6] Iter[80/227] Loss: 11.540, Acc: 0.142, Base Lr: 2.46e-04 | id_global: 6.373 id_part: 6.621 tri_global: 0.819 tri_part: 0.690 lgpa_assign: 8.578
2026-07-12 20:18:51 transreid.train INFO: Epoch[6] Iter[100/227] Loss: 11.531, Acc: 0.144, Base Lr: 2.46e-04 | id_global: 6.368 id_part: 6.619 tri_global: 0.820 tri_part: 0.690 lgpa_assign: 8.565
2026-07-12 20:18:54 transreid.train INFO: Epoch[6] Iter[120/227] Loss: 11.522, Acc: 0.153, Base Lr: 2.46e-04 | id_global: 6.364 id_part: 6.614 tri_global: 0.818 tri_part: 0.690 lgpa_assign: 8.558
2026-07-12 20:18:57 transreid.train INFO: Epoch[6] Iter[140/227] Loss: 11.513, Acc: 0.163, Base Lr: 2.46e-04 | id_global: 6.358 id_part: 6.611 tri_global: 0.812 tri_part: 0.690 lgpa_assign: 8.556
2026-07-12 20:19:01 transreid.train INFO: Epoch[6] Iter[160/227] Loss: 11.491, Acc: 0.175, Base Lr: 2.46e-04 | id_global: 6.348 id_part: 6.603 tri_global: 0.802 tri_part: 0.690 lgpa_assign: 8.539
2026-07-12 20:19:04 transreid.train INFO: Epoch[6] Iter[180/227] Loss: 11.473, Acc: 0.190, Base Lr: 2.46e-04 | id_global: 6.337 id_part: 6.595 tri_global: 0.790 tri_part: 0.689 lgpa_assign: 8.535
2026-07-12 20:19:07 transreid.train INFO: Epoch[6] Iter[200/227] Loss: 11.449, Acc: 0.220, Base Lr: 2.46e-04 | id_global: 6.318 id_part: 6.584 tri_global: 0.784 tri_part: 0.689 lgpa_assign: 8.522
2026-07-12 20:19:09 transreid.train INFO: Epoch 6 done. Time per epoch: 36.076[s] Speed: 374.3[samples/s] ETA: 1h8m
2026-07-12 20:19:13 transreid.train INFO: Epoch[7] Iter[20/227] Loss: 11.405, Acc: 0.136, Base Lr: 2.85e-04 | id_global: 6.307 id_part: 6.608 tri_global: 0.722 tri_part: 0.688 lgpa_assign: 8.484
2026-07-12 20:19:17 transreid.train INFO: Epoch[7] Iter[40/227] Loss: 11.393, Acc: 0.136, Base Lr: 2.85e-04 | id_global: 6.297 id_part: 6.587 tri_global: 0.739 tri_part: 0.689 lgpa_assign: 8.474
2026-07-12 20:19:20 transreid.train INFO: Epoch[7] Iter[60/227] Loss: 11.367, Acc: 0.152, Base Lr: 2.85e-04 | id_global: 6.286 id_part: 6.570 tri_global: 0.726 tri_part: 0.688 lgpa_assign: 8.464
2026-07-12 20:19:23 transreid.train INFO: Epoch[7] Iter[80/227] Loss: 11.365, Acc: 0.148, Base Lr: 2.85e-04 | id_global: 6.278 id_part: 6.566 tri_global: 0.736 tri_part: 0.688 lgpa_assign: 8.462
2026-07-12 20:19:27 transreid.train INFO: Epoch[7] Iter[100/227] Loss: 11.341, Acc: 0.156, Base Lr: 2.85e-04 | id_global: 6.270 id_part: 6.563 tri_global: 0.712 tri_part: 0.687 lgpa_assign: 8.450
2026-07-12 20:19:30 transreid.train INFO: Epoch[7] Iter[120/227] Loss: 11.332, Acc: 0.165, Base Lr: 2.85e-04 | id_global: 6.261 id_part: 6.558 tri_global: 0.721 tri_part: 0.688 lgpa_assign: 8.436
2026-07-12 20:19:33 transreid.train INFO: Epoch[7] Iter[140/227] Loss: 11.315, Acc: 0.174, Base Lr: 2.85e-04 | id_global: 6.252 id_part: 6.552 tri_global: 0.709 tri_part: 0.688 lgpa_assign: 8.428
2026-07-12 20:19:37 transreid.train INFO: Epoch[7] Iter[160/227] Loss: 11.295, Acc: 0.189, Base Lr: 2.85e-04 | id_global: 6.237 id_part: 6.540 tri_global: 0.703 tri_part: 0.687 lgpa_assign: 8.421
2026-07-12 20:19:40 transreid.train INFO: Epoch[7] Iter[180/227] Loss: 11.270, Acc: 0.211, Base Lr: 2.85e-04 | id_global: 6.218 id_part: 6.529 tri_global: 0.699 tri_part: 0.687 lgpa_assign: 8.407
2026-07-12 20:19:43 transreid.train INFO: Epoch[7] Iter[200/227] Loss: 11.250, Acc: 0.231, Base Lr: 2.85e-04 | id_global: 6.197 id_part: 6.518 tri_global: 0.703 tri_part: 0.687 lgpa_assign: 8.395
2026-07-12 20:19:46 transreid.train INFO: Epoch 7 done. Time per epoch: 36.552[s] Speed: 374.7[samples/s] ETA: 1h8m
2026-07-12 20:19:50 transreid.train INFO: Epoch[8] Iter[20/227] Loss: 11.145, Acc: 0.139, Base Lr: 3.25e-04 | id_global: 6.158 id_part: 6.485 tri_global: 0.611 tri_part: 0.685 lgpa_assign: 8.352
2026-07-12 20:19:53 transreid.train INFO: Epoch[8] Iter[40/227] Loss: 11.134, Acc: 0.132, Base Lr: 3.25e-04 | id_global: 6.157 id_part: 6.480 tri_global: 0.602 tri_part: 0.685 lgpa_assign: 8.344
2026-07-12 20:19:57 transreid.train INFO: Epoch[8] Iter[60/227] Loss: 11.133, Acc: 0.128, Base Lr: 3.25e-04 | id_global: 6.154 id_part: 6.483 tri_global: 0.609 tri_part: 0.686 lgpa_assign: 8.334
2026-07-12 20:20:00 transreid.train INFO: Epoch[8] Iter[80/227] Loss: 11.153, Acc: 0.128, Base Lr: 3.25e-04 | id_global: 6.154 id_part: 6.489 tri_global: 0.656 tri_part: 0.687 lgpa_assign: 8.319
2026-07-12 20:20:03 transreid.train INFO: Epoch[8] Iter[100/227] Loss: 11.133, Acc: 0.147, Base Lr: 3.25e-04 | id_global: 6.140 id_part: 6.480 tri_global: 0.638 tri_part: 0.686 lgpa_assign: 8.321
2026-07-12 20:20:07 transreid.train INFO: Epoch[8] Iter[120/227] Loss: 11.127, Acc: 0.154, Base Lr: 3.25e-04 | id_global: 6.130 id_part: 6.477 tri_global: 0.641 tri_part: 0.686 lgpa_assign: 8.319
2026-07-12 20:20:10 transreid.train INFO: Epoch[8] Iter[140/227] Loss: 11.107, Acc: 0.162, Base Lr: 3.25e-04 | id_global: 6.117 id_part: 6.470 tri_global: 0.626 tri_part: 0.686 lgpa_assign: 8.315
2026-07-12 20:20:13 transreid.train INFO: Epoch[8] Iter[160/227] Loss: 11.089, Acc: 0.172, Base Lr: 3.25e-04 | id_global: 6.103 id_part: 6.463 tri_global: 0.621 tri_part: 0.686 lgpa_assign: 8.305
2026-07-12 20:20:17 transreid.train INFO: Epoch[8] Iter[180/227] Loss: 11.075, Acc: 0.191, Base Lr: 3.25e-04 | id_global: 6.082 id_part: 6.456 tri_global: 0.624 tri_part: 0.686 lgpa_assign: 8.303
2026-07-12 20:20:20 transreid.train INFO: Epoch[8] Iter[200/227] Loss: 11.043, Acc: 0.220, Base Lr: 3.25e-04 | id_global: 6.047 id_part: 6.439 tri_global: 0.622 tri_part: 0.686 lgpa_assign: 8.292
2026-07-12 20:20:22 transreid.train INFO: Epoch 8 done. Time per epoch: 36.460[s] Speed: 373.9[samples/s] ETA: 1h8m
2026-07-12 20:20:26 transreid.train INFO: Epoch[9] Iter[20/227] Loss: 11.034, Acc: 0.137, Base Lr: 3.64e-04 | id_global: 6.027 id_part: 6.430 tri_global: 0.689 tri_part: 0.686 lgpa_assign: 8.235
2026-07-12 20:20:30 transreid.train INFO: Epoch[9] Iter[40/227] Loss: 11.017, Acc: 0.142, Base Lr: 3.64e-04 | id_global: 6.013 id_part: 6.425 tri_global: 0.687 tri_part: 0.687 lgpa_assign: 8.222
2026-07-12 20:20:33 transreid.train INFO: Epoch[9] Iter[60/227] Loss: 10.993, Acc: 0.135, Base Lr: 3.64e-04 | id_global: 6.006 id_part: 6.419 tri_global: 0.645 tri_part: 0.686 lgpa_assign: 8.230
2026-07-12 20:20:36 transreid.train INFO: Epoch[9] Iter[80/227] Loss: 10.959, Acc: 0.140, Base Lr: 3.64e-04 | id_global: 5.994 id_part: 6.416 tri_global: 0.606 tri_part: 0.685 lgpa_assign: 8.217
2026-07-12 20:20:40 transreid.train INFO: Epoch[9] Iter[100/227] Loss: 10.940, Acc: 0.144, Base Lr: 3.64e-04 | id_global: 5.981 id_part: 6.410 tri_global: 0.594 tri_part: 0.684 lgpa_assign: 8.212
2026-07-12 20:20:43 transreid.train INFO: Epoch[9] Iter[120/227] Loss: 10.937, Acc: 0.149, Base Lr: 3.64e-04 | id_global: 5.973 id_part: 6.409 tri_global: 0.601 tri_part: 0.685 lgpa_assign: 8.207
2026-07-12 20:20:46 transreid.train INFO: Epoch[9] Iter[140/227] Loss: 10.931, Acc: 0.157, Base Lr: 3.64e-04 | id_global: 5.959 id_part: 6.402 tri_global: 0.608 tri_part: 0.685 lgpa_assign: 8.207
2026-07-12 20:20:50 transreid.train INFO: Epoch[9] Iter[160/227] Loss: 10.911, Acc: 0.170, Base Lr: 3.64e-04 | id_global: 5.940 id_part: 6.391 tri_global: 0.602 tri_part: 0.685 lgpa_assign: 8.204
2026-07-12 20:20:53 transreid.train INFO: Epoch[9] Iter[180/227] Loss: 10.884, Acc: 0.188, Base Lr: 3.64e-04 | id_global: 5.912 id_part: 6.374 tri_global: 0.602 tri_part: 0.684 lgpa_assign: 8.195
2026-07-12 20:20:56 transreid.train INFO: Epoch[9] Iter[200/227] Loss: 10.841, Acc: 0.218, Base Lr: 3.64e-04 | id_global: 5.863 id_part: 6.348 tri_global: 0.604 tri_part: 0.684 lgpa_assign: 8.183
2026-07-12 20:20:58 transreid.train INFO: Epoch 9 done. Time per epoch: 36.121[s] Speed: 375.6[samples/s] ETA: 1h6m
2026-07-12 20:21:03 transreid.train INFO: Epoch[10] Iter[20/227] Loss: 10.779, Acc: 0.155, Base Lr: 4.04e-04 | id_global: 5.856 id_part: 6.348 tri_global: 0.536 tri_part: 0.683 lgpa_assign: 8.135
2026-07-12 20:21:06 transreid.train INFO: Epoch[10] Iter[40/227] Loss: 10.763, Acc: 0.139, Base Lr: 4.04e-04 | id_global: 5.859 id_part: 6.350 tri_global: 0.511 tri_part: 0.681 lgpa_assign: 8.126
2026-07-12 20:21:09 transreid.train INFO: Epoch[10] Iter[60/227] Loss: 10.774, Acc: 0.136, Base Lr: 4.04e-04 | id_global: 5.853 id_part: 6.344 tri_global: 0.551 tri_part: 0.683 lgpa_assign: 8.117
2026-07-12 20:21:13 transreid.train INFO: Epoch[10] Iter[80/227] Loss: 10.754, Acc: 0.141, Base Lr: 4.04e-04 | id_global: 5.830 id_part: 6.330 tri_global: 0.550 tri_part: 0.683 lgpa_assign: 8.115
2026-07-12 20:21:16 transreid.train INFO: Epoch[10] Iter[100/227] Loss: 10.757, Acc: 0.142, Base Lr: 4.04e-04 | id_global: 5.816 id_part: 6.324 tri_global: 0.569 tri_part: 0.683 lgpa_assign: 8.120
2026-07-12 20:21:19 transreid.train INFO: Epoch[10] Iter[120/227] Loss: 10.727, Acc: 0.151, Base Lr: 4.04e-04 | id_global: 5.790 id_part: 6.314 tri_global: 0.556 tri_part: 0.683 lgpa_assign: 8.112
2026-07-12 20:21:23 transreid.train INFO: Epoch[10] Iter[140/227] Loss: 10.718, Acc: 0.160, Base Lr: 4.04e-04 | id_global: 5.769 id_part: 6.304 tri_global: 0.561 tri_part: 0.683 lgpa_assign: 8.118
2026-07-12 20:21:26 transreid.train INFO: Epoch[10] Iter[160/227] Loss: 10.693, Acc: 0.172, Base Lr: 4.04e-04 | id_global: 5.745 id_part: 6.292 tri_global: 0.558 tri_part: 0.683 lgpa_assign: 8.108
2026-07-12 20:21:29 transreid.train INFO: Epoch[10] Iter[180/227] Loss: 10.665, Acc: 0.187, Base Lr: 4.04e-04 | id_global: 5.716 id_part: 6.277 tri_global: 0.557 tri_part: 0.682 lgpa_assign: 8.099
2026-07-12 20:21:33 transreid.train INFO: Epoch[10] Iter[200/227] Loss: 10.626, Acc: 0.213, Base Lr: 4.04e-04 | id_global: 5.662 id_part: 6.252 tri_global: 0.569 tri_part: 0.683 lgpa_assign: 8.086
2026-07-12 20:21:34 transreid.train INFO: Epoch 10 done. Time per epoch: 36.118[s] Speed: 373.9[samples/s] ETA: 1h6m
2026-07-12 20:21:34 transreid.train INFO: Eval protocol: flip_test=False feat_norm=yes
The test feature is normalized
=> Computing DistMat with euclidean_distance
2026-07-12 20:22:04 transreid.train INFO: Validation Results - Epoch: 10
2026-07-12 20:22:04 transreid.train INFO: mAP: 34.5%
2026-07-12 20:22:04 transreid.train INFO: CMC curve, Rank-1  :47.1%
2026-07-12 20:22:04 transreid.train INFO: CMC curve, Rank-5  :63.5%
2026-07-12 20:22:04 transreid.train INFO: CMC curve, Rank-10 :70.5%
/home/afr/SOLIDER-REID-psg-lgpa/utils/metrics.py:66: UserWarning: This overload of addmm_ is deprecated:
	addmm_(Number beta, Number alpha, Tensor mat1, Tensor mat2)
Consider using one of the following signatures instead:
	addmm_(Tensor mat1, Tensor mat2, *, Number beta, Number alpha) (Triggered internally at /opt/conda/conda-bld/pytorch_1670525541702/work/torch/csrc/utils/python_arg_parser.cpp:1420.)
  dist_mat.addmm_(1, -2, qf, gf.t())
2026-07-12 20:22:08 transreid.train INFO: Epoch[11] Iter[20/227] Loss: 10.599, Acc: 0.145, Base Lr: 4.44e-04 | id_global: 5.655 id_part: 6.263 tri_global: 0.520 tri_part: 0.682 lgpa_assign: 8.078
2026-07-12 20:22:12 transreid.train INFO: Epoch[11] Iter[40/227] Loss: 10.607, Acc: 0.129, Base Lr: 4.44e-04 | id_global: 5.673 id_part: 6.268 tri_global: 0.526 tri_part: 0.682 lgpa_assign: 8.066
2026-07-12 20:22:15 transreid.train INFO: Epoch[11] Iter[60/227] Loss: 10.607, Acc: 0.125, Base Lr: 4.44e-04 | id_global: 5.667 id_part: 6.263 tri_global: 0.544 tri_part: 0.682 lgpa_assign: 8.059
2026-07-12 20:22:18 transreid.train INFO: Epoch[11] Iter[80/227] Loss: 10.580, Acc: 0.127, Base Lr: 4.44e-04 | id_global: 5.649 id_part: 6.259 tri_global: 0.525 tri_part: 0.681 lgpa_assign: 8.048
2026-07-12 20:22:22 transreid.train INFO: Epoch[11] Iter[100/227] Loss: 10.557, Acc: 0.132, Base Lr: 4.44e-04 | id_global: 5.632 id_part: 6.250 tri_global: 0.517 tri_part: 0.681 lgpa_assign: 8.034
2026-07-12 20:22:25 transreid.train INFO: Epoch[11] Iter[120/227] Loss: 10.533, Acc: 0.140, Base Lr: 4.44e-04 | id_global: 5.609 id_part: 6.237 tri_global: 0.515 tri_part: 0.680 lgpa_assign: 8.025
2026-07-12 20:22:28 transreid.train INFO: Epoch[11] Iter[140/227] Loss: 10.508, Acc: 0.149, Base Lr: 4.44e-04 | id_global: 5.580 id_part: 6.220 tri_global: 0.515 tri_part: 0.680 lgpa_assign: 8.020
2026-07-12 20:22:32 transreid.train INFO: Epoch[11] Iter[160/227] Loss: 10.485, Acc: 0.166, Base Lr: 4.44e-04 | id_global: 5.553 id_part: 6.206 tri_global: 0.520 tri_part: 0.680 lgpa_assign: 8.010
2026-07-12 20:22:35 transreid.train INFO: Epoch[11] Iter[180/227] Loss: 10.435, Acc: 0.190, Base Lr: 4.44e-04 | id_global: 5.497 id_part: 6.181 tri_global: 0.513 tri_part: 0.679 lgpa_assign: 8.000
2026-07-12 20:22:38 transreid.train INFO: Epoch[11] Iter[200/227] Loss: 10.375, Acc: 0.220, Base Lr: 4.44e-04 | id_global: 5.426 id_part: 6.148 tri_global: 0.510 tri_part: 0.679 lgpa_assign: 7.987
2026-07-12 20:22:40 transreid.train INFO: Epoch 11 done. Time per epoch: 36.018[s] Speed: 373.1[samples/s] ETA: 1h5m
2026-07-12 20:22:44 transreid.train INFO: Epoch[12] Iter[20/227] Loss: 10.434, Acc: 0.147, Base Lr: 4.83e-04 | id_global: 5.512 id_part: 6.189 tri_global: 0.516 tri_part: 0.680 lgpa_assign: 7.971
2026-07-12 20:22:48 transreid.train INFO: Epoch[12] Iter[40/227] Loss: 10.387, Acc: 0.145, Base Lr: 4.83e-04 | id_global: 5.481 id_part: 6.175 tri_global: 0.497 tri_part: 0.679 lgpa_assign: 7.943
2026-07-12 20:22:51 transreid.train INFO: Epoch[12] Iter[60/227] Loss: 10.365, Acc: 0.152, Base Lr: 4.83e-04 | id_global: 5.451 id_part: 6.166 tri_global: 0.493 tri_part: 0.678 lgpa_assign: 7.942
2026-07-12 20:22:54 transreid.train INFO: Epoch[12] Iter[80/227] Loss: 10.353, Acc: 0.154, Base Lr: 4.83e-04 | id_global: 5.435 id_part: 6.156 tri_global: 0.500 tri_part: 0.678 lgpa_assign: 7.936
2026-07-12 20:22:58 transreid.train INFO: Epoch[12] Iter[100/227] Loss: 10.328, Acc: 0.158, Base Lr: 4.83e-04 | id_global: 5.410 id_part: 6.144 tri_global: 0.492 tri_part: 0.678 lgpa_assign: 7.932
2026-07-12 20:23:01 transreid.train INFO: Epoch[12] Iter[120/227] Loss: 10.314, Acc: 0.163, Base Lr: 4.83e-04 | id_global: 5.390 id_part: 6.135 tri_global: 0.505 tri_part: 0.678 lgpa_assign: 7.920
2026-07-12 20:23:04 transreid.train INFO: Epoch[12] Iter[140/227] Loss: 10.287, Acc: 0.175, Base Lr: 4.83e-04 | id_global: 5.362 id_part: 6.121 tri_global: 0.498 tri_part: 0.677 lgpa_assign: 7.917
2026-07-12 20:23:08 transreid.train INFO: Epoch[12] Iter[160/227] Loss: 10.252, Acc: 0.186, Base Lr: 4.83e-04 | id_global: 5.321 id_part: 6.102 tri_global: 0.495 tri_part: 0.677 lgpa_assign: 7.909
2026-07-12 20:23:11 transreid.train INFO: Epoch[12] Iter[180/227] Loss: 10.213, Acc: 0.201, Base Lr: 4.83e-04 | id_global: 5.273 id_part: 6.080 tri_global: 0.495 tri_part: 0.676 lgpa_assign: 7.901
2026-07-12 20:23:14 transreid.train INFO: Epoch[12] Iter[200/227] Loss: 10.141, Acc: 0.229, Base Lr: 4.83e-04 | id_global: 5.186 id_part: 6.038 tri_global: 0.490 tri_part: 0.675 lgpa_assign: 7.892
2026-07-12 20:23:16 transreid.train INFO: Epoch 12 done. Time per epoch: 36.472[s] Speed: 373.8[samples/s] ETA: 1h5m
2026-07-12 20:23:21 transreid.train INFO: Epoch[13] Iter[20/227] Loss: 10.212, Acc: 0.114, Base Lr: 5.23e-04 | id_global: 5.283 id_part: 6.095 tri_global: 0.487 tri_part: 0.675 lgpa_assign: 7.883
2026-07-12 20:23:24 transreid.train INFO: Epoch[13] Iter[40/227] Loss: 10.210, Acc: 0.123, Base Lr: 5.23e-04 | id_global: 5.291 id_part: 6.102 tri_global: 0.495 tri_part: 0.675 lgpa_assign: 7.858
2026-07-12 20:23:27 transreid.train INFO: Epoch[13] Iter[60/227] Loss: 10.177, Acc: 0.140, Base Lr: 5.23e-04 | id_global: 5.253 id_part: 6.085 tri_global: 0.486 tri_part: 0.674 lgpa_assign: 7.858
2026-07-12 20:23:31 transreid.train INFO: Epoch[13] Iter[80/227] Loss: 10.144, Acc: 0.153, Base Lr: 5.23e-04 | id_global: 5.221 id_part: 6.071 tri_global: 0.483 tri_part: 0.674 lgpa_assign: 7.840
2026-07-12 20:23:34 transreid.train INFO: Epoch[13] Iter[100/227] Loss: 10.110, Acc: 0.163, Base Lr: 5.23e-04 | id_global: 5.186 id_part: 6.055 tri_global: 0.475 tri_part: 0.673 lgpa_assign: 7.830
2026-07-12 20:23:37 transreid.train INFO: Epoch[13] Iter[120/227] Loss: 10.083, Acc: 0.171, Base Lr: 5.23e-04 | id_global: 5.153 id_part: 6.040 tri_global: 0.477 tri_part: 0.673 lgpa_assign: 7.825
2026-07-12 20:23:41 transreid.train INFO: Epoch[13] Iter[140/227] Loss: 10.055, Acc: 0.179, Base Lr: 5.23e-04 | id_global: 5.122 id_part: 6.026 tri_global: 0.477 tri_part: 0.672 lgpa_assign: 7.813
2026-07-12 20:23:44 transreid.train INFO: Epoch[13] Iter[160/227] Loss: 10.002, Acc: 0.195, Base Lr: 5.23e-04 | id_global: 5.070 id_part: 5.999 tri_global: 0.463 tri_part: 0.671 lgpa_assign: 7.801
2026-07-12 20:23:47 transreid.train INFO: Epoch[13] Iter[180/227] Loss: 9.945, Acc: 0.215, Base Lr: 5.23e-04 | id_global: 5.003 id_part: 5.967 tri_global: 0.459 tri_part: 0.670 lgpa_assign: 7.793
2026-07-12 20:23:51 transreid.train INFO: Epoch[13] Iter[200/227] Loss: 9.872, Acc: 0.239, Base Lr: 5.23e-04 | id_global: 4.914 id_part: 5.920 tri_global: 0.454 tri_part: 0.669 lgpa_assign: 7.785
2026-07-12 20:23:53 transreid.train INFO: Epoch 13 done. Time per epoch: 36.400[s] Speed: 372.8[samples/s] ETA: 1h4m
2026-07-12 20:23:57 transreid.train INFO: Epoch[14] Iter[20/227] Loss: 9.979, Acc: 0.142, Base Lr: 5.62e-04 | id_global: 5.050 id_part: 6.003 tri_global: 0.459 tri_part: 0.672 lgpa_assign: 7.774
2026-07-12 20:24:01 transreid.train INFO: Epoch[14] Iter[40/227] Loss: 9.938, Acc: 0.158, Base Lr: 5.62e-04 | id_global: 5.016 id_part: 5.979 tri_global: 0.461 tri_part: 0.670 lgpa_assign: 7.751
2026-07-12 20:24:04 transreid.train INFO: Epoch[14] Iter[60/227] Loss: 9.903, Acc: 0.170, Base Lr: 5.62e-04 | id_global: 4.991 id_part: 5.976 tri_global: 0.433 tri_part: 0.668 lgpa_assign: 7.738
2026-07-12 20:24:07 transreid.train INFO: Epoch[14] Iter[80/227] Loss: 9.881, Acc: 0.179, Base Lr: 5.62e-04 | id_global: 4.969 id_part: 5.966 tri_global: 0.434 tri_part: 0.667 lgpa_assign: 7.726
2026-07-12 20:24:10 transreid.train INFO: Epoch[14] Iter[100/227] Loss: 9.823, Acc: 0.195, Base Lr: 5.62e-04 | id_global: 4.916 id_part: 5.944 tri_global: 0.410 tri_part: 0.665 lgpa_assign: 7.712
2026-07-12 20:24:14 transreid.train INFO: Epoch[14] Iter[120/227] Loss: 9.815, Acc: 0.200, Base Lr: 5.62e-04 | id_global: 4.897 id_part: 5.932 tri_global: 0.427 tri_part: 0.665 lgpa_assign: 7.710
2026-07-12 20:24:17 transreid.train INFO: Epoch[14] Iter[140/227] Loss: 9.782, Acc: 0.208, Base Lr: 5.62e-04 | id_global: 4.862 id_part: 5.915 tri_global: 0.423 tri_part: 0.664 lgpa_assign: 7.699
2026-07-12 20:24:20 transreid.train INFO: Epoch[14] Iter[160/227] Loss: 9.738, Acc: 0.223, Base Lr: 5.62e-04 | id_global: 4.809 id_part: 5.890 tri_global: 0.421 tri_part: 0.664 lgpa_assign: 7.693
2026-07-12 20:24:24 transreid.train INFO: Epoch[14] Iter[180/227] Loss: 9.682, Acc: 0.242, Base Lr: 5.62e-04 | id_global: 4.743 id_part: 5.857 tri_global: 0.417 tri_part: 0.663 lgpa_assign: 7.684
2026-07-12 20:24:27 transreid.train INFO: Epoch[14] Iter[200/227] Loss: 9.612, Acc: 0.265, Base Lr: 5.62e-04 | id_global: 4.651 id_part: 5.810 tri_global: 0.425 tri_part: 0.663 lgpa_assign: 7.675
2026-07-12 20:24:29 transreid.train INFO: Epoch 14 done. Time per epoch: 36.067[s] Speed: 374.4[samples/s] ETA: 1h3m
2026-07-12 20:24:33 transreid.train INFO: Epoch[15] Iter[20/227] Loss: 9.731, Acc: 0.177, Base Lr: 6.02e-04 | id_global: 4.804 id_part: 5.917 tri_global: 0.469 tri_part: 0.666 lgpa_assign: 7.606
2026-07-12 20:24:37 transreid.train INFO: Epoch[15] Iter[40/227] Loss: 9.712, Acc: 0.180, Base Lr: 6.02e-04 | id_global: 4.790 id_part: 5.913 tri_global: 0.436 tri_part: 0.662 lgpa_assign: 7.622
2026-07-12 20:24:40 transreid.train INFO: Epoch[15] Iter[60/227] Loss: 9.632, Acc: 0.192, Base Lr: 6.02e-04 | id_global: 4.738 id_part: 5.877 tri_global: 0.385 tri_part: 0.656 lgpa_assign: 7.607
2026-07-12 20:24:43 transreid.train INFO: Epoch[15] Iter[80/227] Loss: 9.608, Acc: 0.201, Base Lr: 6.02e-04 | id_global: 4.712 id_part: 5.862 tri_global: 0.382 tri_part: 0.654 lgpa_assign: 7.605
2026-07-12 20:24:47 transreid.train INFO: Epoch[15] Iter[100/227] Loss: 9.562, Acc: 0.212, Base Lr: 6.02e-04 | id_global: 4.669 id_part: 5.837 tri_global: 0.378 tri_part: 0.654 lgpa_assign: 7.587
2026-07-12 20:24:50 transreid.train INFO: Epoch[15] Iter[120/227] Loss: 9.530, Acc: 0.228, Base Lr: 6.02e-04 | id_global: 4.625 id_part: 5.820 tri_global: 0.385 tri_part: 0.653 lgpa_assign: 7.577
2026-07-12 20:24:53 transreid.train INFO: Epoch[15] Iter[140/227] Loss: 9.510, Acc: 0.237, Base Lr: 6.02e-04 | id_global: 4.603 id_part: 5.811 tri_global: 0.387 tri_part: 0.654 lgpa_assign: 7.565
2026-07-12 20:24:57 transreid.train INFO: Epoch[15] Iter[160/227] Loss: 9.488, Acc: 0.248, Base Lr: 6.02e-04 | id_global: 4.566 id_part: 5.795 tri_global: 0.400 tri_part: 0.654 lgpa_assign: 7.561
2026-07-12 20:25:00 transreid.train INFO: Epoch[15] Iter[180/227] Loss: 9.427, Acc: 0.272, Base Lr: 6.02e-04 | id_global: 4.493 id_part: 5.760 tri_global: 0.398 tri_part: 0.654 lgpa_assign: 7.548
2026-07-12 20:25:03 transreid.train INFO: Epoch[15] Iter[200/227] Loss: 9.339, Acc: 0.302, Base Lr: 6.02e-04 | id_global: 4.385 id_part: 5.703 tri_global: 0.404 tri_part: 0.653 lgpa_assign: 7.533
2026-07-12 20:25:05 transreid.train INFO: Epoch 15 done. Time per epoch: 36.306[s] Speed: 373.7[samples/s] ETA: 1h3m
2026-07-12 20:25:10 transreid.train INFO: Epoch[16] Iter[20/227] Loss: 9.350, Acc: 0.232, Base Lr: 6.42e-04 | id_global: 4.472 id_part: 5.750 tri_global: 0.340 tri_part: 0.645 lgpa_assign: 7.493
2026-07-12 20:25:13 transreid.train INFO: Epoch[16] Iter[40/227] Loss: 9.398, Acc: 0.219, Base Lr: 6.42e-04 | id_global: 4.518 id_part: 5.775 tri_global: 0.379 tri_part: 0.647 lgpa_assign: 7.477
2026-07-12 20:25:16 transreid.train INFO: Epoch[16] Iter[60/227] Loss: 9.388, Acc: 0.226, Base Lr: 6.42e-04 | id_global: 4.500 id_part: 5.774 tri_global: 0.385 tri_part: 0.649 lgpa_assign: 7.468
2026-07-12 20:25:19 transreid.train INFO: Epoch[16] Iter[80/227] Loss: 9.361, Acc: 0.232, Base Lr: 6.42e-04 | id_global: 4.472 id_part: 5.763 tri_global: 0.388 tri_part: 0.649 lgpa_assign: 7.451
2026-07-12 20:25:23 transreid.train INFO: Epoch[16] Iter[100/227] Loss: 9.332, Acc: 0.244, Base Lr: 6.42e-04 | id_global: 4.433 id_part: 5.746 tri_global: 0.394 tri_part: 0.650 lgpa_assign: 7.441
2026-07-12 20:25:26 transreid.train INFO: Epoch[16] Iter[120/227] Loss: 9.297, Acc: 0.255, Base Lr: 6.42e-04 | id_global: 4.397 id_part: 5.731 tri_global: 0.391 tri_part: 0.649 lgpa_assign: 7.426
2026-07-12 20:25:29 transreid.train INFO: Epoch[16] Iter[140/227] Loss: 9.267, Acc: 0.268, Base Lr: 6.42e-04 | id_global: 4.365 id_part: 5.718 tri_global: 0.389 tri_part: 0.648 lgpa_assign: 7.413
2026-07-12 20:25:33 transreid.train INFO: Epoch[16] Iter[160/227] Loss: 9.207, Acc: 0.291, Base Lr: 6.42e-04 | id_global: 4.300 id_part: 5.691 tri_global: 0.376 tri_part: 0.646 lgpa_assign: 7.400
2026-07-12 20:25:36 transreid.train INFO: Epoch[16] Iter[180/227] Loss: 9.135, Acc: 0.316, Base Lr: 6.42e-04 | id_global: 4.214 id_part: 5.647 tri_global: 0.373 tri_part: 0.645 lgpa_assign: 7.393
2026-07-12 20:25:39 transreid.train INFO: Epoch[16] Iter[200/227] Loss: 9.036, Acc: 0.349, Base Lr: 6.42e-04 | id_global: 4.097 id_part: 5.582 tri_global: 0.368 tri_part: 0.643 lgpa_assign: 7.382
2026-07-12 20:25:41 transreid.train INFO: Epoch 16 done. Time per epoch: 36.049[s] Speed: 374.6[samples/s] ETA: 1h2m
2026-07-12 20:25:46 transreid.train INFO: Epoch[17] Iter[20/227] Loss: 9.158, Acc: 0.256, Base Lr: 6.81e-04 | id_global: 4.339 id_part: 5.733 tri_global: 0.330 tri_part: 0.639 lgpa_assign: 7.275
2026-07-12 20:25:49 transreid.train INFO: Epoch[17] Iter[40/227] Loss: 9.149, Acc: 0.271, Base Lr: 6.81e-04 | id_global: 4.301 id_part: 5.715 tri_global: 0.360 tri_part: 0.641 lgpa_assign: 7.279
2026-07-12 20:25:52 transreid.train INFO: Epoch[17] Iter[60/227] Loss: 9.122, Acc: 0.277, Base Lr: 6.81e-04 | id_global: 4.267 id_part: 5.702 tri_global: 0.364 tri_part: 0.641 lgpa_assign: 7.270
2026-07-12 20:25:56 transreid.train INFO: Epoch[17] Iter[80/227] Loss: 9.079, Acc: 0.288, Base Lr: 6.81e-04 | id_global: 4.226 id_part: 5.678 tri_global: 0.358 tri_part: 0.639 lgpa_assign: 7.257
2026-07-12 20:25:59 transreid.train INFO: Epoch[17] Iter[100/227] Loss: 9.031, Acc: 0.304, Base Lr: 6.81e-04 | id_global: 4.170 id_part: 5.647 tri_global: 0.361 tri_part: 0.639 lgpa_assign: 7.245
2026-07-12 20:26:02 transreid.train INFO: Epoch[17] Iter[120/227] Loss: 8.986, Acc: 0.321, Base Lr: 6.81e-04 | id_global: 4.119 id_part: 5.625 tri_global: 0.357 tri_part: 0.638 lgpa_assign: 7.233
2026-07-12 20:26:06 transreid.train INFO: Epoch[17] Iter[140/227] Loss: 8.962, Acc: 0.329, Base Lr: 6.81e-04 | id_global: 4.091 id_part: 5.615 tri_global: 0.361 tri_part: 0.638 lgpa_assign: 7.219
2026-07-12 20:26:09 transreid.train INFO: Epoch[17] Iter[160/227] Loss: 8.919, Acc: 0.344, Base Lr: 6.81e-04 | id_global: 4.041 id_part: 5.591 tri_global: 0.360 tri_part: 0.638 lgpa_assign: 7.207
2026-07-12 20:26:12 transreid.train INFO: Epoch[17] Iter[180/227] Loss: 8.845, Acc: 0.372, Base Lr: 6.81e-04 | id_global: 3.952 id_part: 5.542 tri_global: 0.357 tri_part: 0.637 lgpa_assign: 7.203
2026-07-12 20:26:16 transreid.train INFO: Epoch[17] Iter[200/227] Loss: 8.744, Acc: 0.400, Base Lr: 6.81e-04 | id_global: 3.839 id_part: 5.474 tri_global: 0.349 tri_part: 0.635 lgpa_assign: 7.193
2026-07-12 20:26:18 transreid.train INFO: Epoch 17 done. Time per epoch: 36.352[s] Speed: 371.5[samples/s] ETA: 1h2m
2026-07-12 20:26:22 transreid.train INFO: Epoch[18] Iter[20/227] Loss: 8.919, Acc: 0.303, Base Lr: 7.21e-04 | id_global: 4.091 id_part: 5.638 tri_global: 0.353 tri_part: 0.641 lgpa_assign: 7.115
2026-07-12 20:26:25 transreid.train INFO: Epoch[18] Iter[40/227] Loss: 8.889, Acc: 0.303, Base Lr: 7.21e-04 | id_global: 4.084 id_part: 5.620 tri_global: 0.365 tri_part: 0.644 lgpa_assign: 7.064
2026-07-12 20:26:29 transreid.train INFO: Epoch[18] Iter[60/227] Loss: 8.834, Acc: 0.318, Base Lr: 7.21e-04 | id_global: 4.031 id_part: 5.600 tri_global: 0.351 tri_part: 0.642 lgpa_assign: 7.043
2026-07-12 20:26:32 transreid.train INFO: Epoch[18] Iter[80/227] Loss: 8.787, Acc: 0.334, Base Lr: 7.21e-04 | id_global: 3.988 id_part: 5.584 tri_global: 0.344 tri_part: 0.640 lgpa_assign: 7.018
2026-07-12 20:26:35 transreid.train INFO: Epoch[18] Iter[100/227] Loss: 8.745, Acc: 0.346, Base Lr: 7.21e-04 | id_global: 3.946 id_part: 5.561 tri_global: 0.343 tri_part: 0.638 lgpa_assign: 7.002
2026-07-12 20:26:39 transreid.train INFO: Epoch[18] Iter[120/227] Loss: 8.696, Acc: 0.363, Base Lr: 7.21e-04 | id_global: 3.903 id_part: 5.546 tri_global: 0.330 tri_part: 0.636 lgpa_assign: 6.977
2026-07-12 20:26:42 transreid.train INFO: Epoch[18] Iter[140/227] Loss: 8.665, Acc: 0.378, Base Lr: 7.21e-04 | id_global: 3.866 id_part: 5.529 tri_global: 0.337 tri_part: 0.637 lgpa_assign: 6.961
2026-07-12 20:26:45 transreid.train INFO: Epoch[18] Iter[160/227] Loss: 8.595, Acc: 0.404, Base Lr: 7.21e-04 | id_global: 3.785 id_part: 5.492 tri_global: 0.337 tri_part: 0.635 lgpa_assign: 6.940
2026-07-12 20:26:49 transreid.train INFO: Epoch[18] Iter[180/227] Loss: 8.513, Acc: 0.429, Base Lr: 7.21e-04 | id_global: 3.694 id_part: 5.445 tri_global: 0.332 tri_part: 0.634 lgpa_assign: 6.922
2026-07-12 20:26:52 transreid.train INFO: Epoch[18] Iter[200/227] Loss: 8.403, Acc: 0.462, Base Lr: 7.21e-04 | id_global: 3.568 id_part: 5.366 tri_global: 0.331 tri_part: 0.632 lgpa_assign: 6.909
2026-07-12 20:26:54 transreid.train INFO: Epoch 18 done. Time per epoch: 36.352[s] Speed: 371.5[samples/s] ETA: 1h1m
2026-07-12 20:26:58 transreid.train INFO: Epoch[19] Iter[20/227] Loss: 8.552, Acc: 0.348, Base Lr: 7.60e-04 | id_global: 3.831 id_part: 5.519 tri_global: 0.351 tri_part: 0.639 lgpa_assign: 6.764
2026-07-12 20:27:02 transreid.train INFO: Epoch[19] Iter[40/227] Loss: 8.505, Acc: 0.361, Base Lr: 7.60e-04 | id_global: 3.801 id_part: 5.505 tri_global: 0.337 tri_part: 0.636 lgpa_assign: 6.732
2026-07-12 20:27:05 transreid.train INFO: Epoch[19] Iter[60/227] Loss: 8.438, Acc: 0.378, Base Lr: 7.60e-04 | id_global: 3.736 id_part: 5.476 tri_global: 0.320 tri_part: 0.633 lgpa_assign: 6.713
2026-07-12 20:27:08 transreid.train INFO: Epoch[19] Iter[80/227] Loss: 8.414, Acc: 0.390, Base Lr: 7.60e-04 | id_global: 3.710 id_part: 5.476 tri_global: 0.316 tri_part: 0.633 lgpa_assign: 6.693
2026-07-12 20:27:12 transreid.train INFO: Epoch[19] Iter[100/227] Loss: 8.360, Acc: 0.406, Base Lr: 7.60e-04 | id_global: 3.653 id_part: 5.458 tri_global: 0.307 tri_part: 0.632 lgpa_assign: 6.671
2026-07-12 20:27:15 transreid.train INFO: Epoch[19] Iter[120/227] Loss: 8.313, Acc: 0.430, Base Lr: 7.60e-04 | id_global: 3.594 id_part: 5.428 tri_global: 0.310 tri_part: 0.632 lgpa_assign: 6.661
2026-07-12 20:27:18 transreid.train INFO: Epoch[19] Iter[140/227] Loss: 8.259, Acc: 0.449, Base Lr: 7.60e-04 | id_global: 3.529 id_part: 5.392 tri_global: 0.313 tri_part: 0.631 lgpa_assign: 6.653
2026-07-12 20:27:22 transreid.train INFO: Epoch[19] Iter[160/227] Loss: 8.193, Acc: 0.471, Base Lr: 7.60e-04 | id_global: 3.459 id_part: 5.352 tri_global: 0.314 tri_part: 0.631 lgpa_assign: 6.630
2026-07-12 20:27:25 transreid.train INFO: Epoch[19] Iter[180/227] Loss: 8.120, Acc: 0.490, Base Lr: 7.60e-04 | id_global: 3.386 id_part: 5.307 tri_global: 0.310 tri_part: 0.631 lgpa_assign: 6.607
2026-07-12 20:27:28 transreid.train INFO: Epoch[19] Iter[200/227] Loss: 8.030, Acc: 0.514, Base Lr: 7.60e-04 | id_global: 3.291 id_part: 5.241 tri_global: 0.308 tri_part: 0.630 lgpa_assign: 6.590
2026-07-12 20:27:31 transreid.train INFO: Epoch 19 done. Time per epoch: 36.953[s] Speed: 368.9[samples/s] ETA: 1h2m
2026-07-12 20:27:36 transreid.train INFO: Epoch[20] Iter[20/227] Loss: 8.220, Acc: 0.386, Base Lr: 7.47e-04 | id_global: 3.625 id_part: 5.499 tri_global: 0.296 tri_part: 0.632 lgpa_assign: 6.389
2026-07-12 20:27:39 transreid.train INFO: Epoch[20] Iter[40/227] Loss: 8.114, Acc: 0.426, Base Lr: 7.47e-04 | id_global: 3.521 id_part: 5.429 tri_global: 0.283 tri_part: 0.629 lgpa_assign: 6.365
2026-07-12 20:27:42 transreid.train INFO: Epoch[20] Iter[60/227] Loss: 8.101, Acc: 0.435, Base Lr: 7.47e-04 | id_global: 3.497 id_part: 5.426 tri_global: 0.289 tri_part: 0.631 lgpa_assign: 6.358
2026-07-12 20:27:46 transreid.train INFO: Epoch[20] Iter[80/227] Loss: 8.066, Acc: 0.448, Base Lr: 7.47e-04 | id_global: 3.463 id_part: 5.409 tri_global: 0.279 tri_part: 0.630 lgpa_assign: 6.350
2026-07-12 20:27:49 transreid.train INFO: Epoch[20] Iter[100/227] Loss: 8.000, Acc: 0.466, Base Lr: 7.47e-04 | id_global: 3.397 id_part: 5.377 tri_global: 0.273 tri_part: 0.629 lgpa_assign: 6.324
2026-07-12 20:27:52 transreid.train INFO: Epoch[20] Iter[120/227] Loss: 7.950, Acc: 0.479, Base Lr: 7.47e-04 | id_global: 3.350 id_part: 5.350 tri_global: 0.269 tri_part: 0.629 lgpa_assign: 6.302
2026-07-12 20:27:56 transreid.train INFO: Epoch[20] Iter[140/227] Loss: 7.892, Acc: 0.498, Base Lr: 7.47e-04 | id_global: 3.293 id_part: 5.320 tri_global: 0.268 tri_part: 0.629 lgpa_assign: 6.274
2026-07-12 20:27:59 transreid.train INFO: Epoch[20] Iter[160/227] Loss: 7.821, Acc: 0.518, Base Lr: 7.47e-04 | id_global: 3.224 id_part: 5.279 tri_global: 0.267 tri_part: 0.629 lgpa_assign: 6.241
2026-07-12 20:28:02 transreid.train INFO: Epoch[20] Iter[180/227] Loss: 7.753, Acc: 0.540, Base Lr: 7.47e-04 | id_global: 3.152 id_part: 5.238 tri_global: 0.269 tri_part: 0.630 lgpa_assign: 6.218
2026-07-12 20:28:05 transreid.train INFO: Epoch[20] Iter[200/227] Loss: 7.630, Acc: 0.569, Base Lr: 7.47e-04 | id_global: 3.027 id_part: 5.143 tri_global: 0.265 tri_part: 0.629 lgpa_assign: 6.196
2026-07-12 20:28:08 transreid.train INFO: Epoch 20 done. Time per epoch: 36.785[s] Speed: 370.6[samples/s] ETA: 1h1m
The test feature is normalized
=> Computing DistMat with euclidean_distance
2026-07-12 20:28:37 transreid.train INFO: Validation Results - Epoch: 20
2026-07-12 20:28:37 transreid.train INFO: mAP: 43.1%
2026-07-12 20:28:37 transreid.train INFO: CMC curve, Rank-1  :54.2%
2026-07-12 20:28:37 transreid.train INFO: CMC curve, Rank-5  :69.8%
2026-07-12 20:28:37 transreid.train INFO: CMC curve, Rank-10 :75.5%
2026-07-12 20:28:41 transreid.train INFO: Epoch[21] Iter[20/227] Loss: 7.892, Acc: 0.411, Base Lr: 7.41e-04 | id_global: 3.447 id_part: 5.386 tri_global: 0.318 tri_part: 0.634 lgpa_assign: 5.999
2026-07-12 20:28:45 transreid.train INFO: Epoch[21] Iter[40/227] Loss: 7.782, Acc: 0.463, Base Lr: 7.41e-04 | id_global: 3.310 id_part: 5.337 tri_global: 0.289 tri_part: 0.634 lgpa_assign: 5.995
2026-07-12 20:28:48 transreid.train INFO: Epoch[21] Iter[60/227] Loss: 7.748, Acc: 0.478, Base Lr: 7.41e-04 | id_global: 3.270 id_part: 5.321 tri_global: 0.298 tri_part: 0.636 lgpa_assign: 5.969
2026-07-12 20:28:51 transreid.train INFO: Epoch[21] Iter[80/227] Loss: 7.707, Acc: 0.496, Base Lr: 7.41e-04 | id_global: 3.225 id_part: 5.309 tri_global: 0.293 tri_part: 0.636 lgpa_assign: 5.951
2026-07-12 20:28:55 transreid.train INFO: Epoch[21] Iter[100/227] Loss: 7.629, Acc: 0.517, Base Lr: 7.41e-04 | id_global: 3.149 id_part: 5.273 tri_global: 0.283 tri_part: 0.636 lgpa_assign: 5.919
2026-07-12 20:28:58 transreid.train INFO: Epoch[21] Iter[120/227] Loss: 7.559, Acc: 0.543, Base Lr: 7.41e-04 | id_global: 3.066 id_part: 5.234 tri_global: 0.289 tri_part: 0.635 lgpa_assign: 5.894
2026-07-12 20:29:01 transreid.train INFO: Epoch[21] Iter[140/227] Loss: 7.501, Acc: 0.558, Base Lr: 7.41e-04 | id_global: 3.009 id_part: 5.201 tri_global: 0.286 tri_part: 0.635 lgpa_assign: 5.871
2026-07-12 20:29:05 transreid.train INFO: Epoch[21] Iter[160/227] Loss: 7.433, Acc: 0.578, Base Lr: 7.41e-04 | id_global: 2.947 id_part: 5.162 tri_global: 0.283 tri_part: 0.635 lgpa_assign: 5.840
2026-07-12 20:29:08 transreid.train INFO: Epoch[21] Iter[180/227] Loss: 7.366, Acc: 0.598, Base Lr: 7.41e-04 | id_global: 2.876 id_part: 5.112 tri_global: 0.283 tri_part: 0.634 lgpa_assign: 5.827
2026-07-12 20:29:11 transreid.train INFO: Epoch[21] Iter[200/227] Loss: 7.275, Acc: 0.620, Base Lr: 7.41e-04 | id_global: 2.786 id_part: 5.042 tri_global: 0.271 tri_part: 0.632 lgpa_assign: 5.819
2026-07-12 20:29:13 transreid.train INFO: Epoch 21 done. Time per epoch: 36.336[s] Speed: 373.4[samples/s] ETA: 0h59m
2026-07-12 20:29:18 transreid.train INFO: Epoch[22] Iter[20/227] Loss: 7.382, Acc: 0.510, Base Lr: 7.36e-04 | id_global: 3.073 id_part: 5.257 tri_global: 0.244 tri_part: 0.637 lgpa_assign: 5.554
2026-07-12 20:29:21 transreid.train INFO: Epoch[22] Iter[40/227] Loss: 7.380, Acc: 0.526, Base Lr: 7.36e-04 | id_global: 3.042 id_part: 5.257 tri_global: 0.250 tri_part: 0.639 lgpa_assign: 5.572
2026-07-12 20:29:24 transreid.train INFO: Epoch[22] Iter[60/227] Loss: 7.344, Acc: 0.543, Base Lr: 7.36e-04 | id_global: 2.994 id_part: 5.240 tri_global: 0.249 tri_part: 0.639 lgpa_assign: 5.566
2026-07-12 20:29:28 transreid.train INFO: Epoch[22] Iter[80/227] Loss: 7.299, Acc: 0.564, Base Lr: 7.36e-04 | id_global: 2.952 id_part: 5.221 tri_global: 0.251 tri_part: 0.638 lgpa_assign: 5.536
2026-07-12 20:29:31 transreid.train INFO: Epoch[22] Iter[100/227] Loss: 7.268, Acc: 0.573, Base Lr: 7.36e-04 | id_global: 2.911 id_part: 5.199 tri_global: 0.254 tri_part: 0.637 lgpa_assign: 5.536
2026-07-12 20:29:34 transreid.train INFO: Epoch[22] Iter[120/227] Loss: 7.224, Acc: 0.591, Base Lr: 7.36e-04 | id_global: 2.868 id_part: 5.180 tri_global: 0.244 tri_part: 0.636 lgpa_assign: 5.520
2026-07-12 20:29:38 transreid.train INFO: Epoch[22] Iter[140/227] Loss: 7.174, Acc: 0.609, Base Lr: 7.36e-04 | id_global: 2.817 id_part: 5.153 tri_global: 0.239 tri_part: 0.636 lgpa_assign: 5.502
2026-07-12 20:29:41 transreid.train INFO: Epoch[22] Iter[160/227] Loss: 7.103, Acc: 0.627, Base Lr: 7.36e-04 | id_global: 2.749 id_part: 5.112 tri_global: 0.232 tri_part: 0.635 lgpa_assign: 5.479
2026-07-12 20:29:44 transreid.train INFO: Epoch[22] Iter[180/227] Loss: 7.030, Acc: 0.647, Base Lr: 7.36e-04 | id_global: 2.669 id_part: 5.061 tri_global: 0.232 tri_part: 0.634 lgpa_assign: 5.464
2026-07-12 20:29:47 transreid.train INFO: Epoch[22] Iter[200/227] Loss: 6.918, Acc: 0.670, Base Lr: 7.36e-04 | id_global: 2.560 id_part: 4.968 tri_global: 0.228 tri_part: 0.633 lgpa_assign: 5.447
2026-07-12 20:29:50 transreid.train INFO: Epoch 22 done. Time per epoch: 36.278[s] Speed: 375.8[samples/s] ETA: 0h59m
2026-07-12 20:29:54 transreid.train INFO: Epoch[23] Iter[20/227] Loss: 7.006, Acc: 0.592, Base Lr: 7.30e-04 | id_global: 2.736 id_part: 5.083 tri_global: 0.237 tri_part: 0.634 lgpa_assign: 5.322
2026-07-12 20:29:57 transreid.train INFO: Epoch[23] Iter[40/227] Loss: 6.978, Acc: 0.609, Base Lr: 7.30e-04 | id_global: 2.701 id_part: 5.097 tri_global: 0.233 tri_part: 0.635 lgpa_assign: 5.289
2026-07-12 20:30:01 transreid.train INFO: Epoch[23] Iter[60/227] Loss: 6.978, Acc: 0.608, Base Lr: 7.30e-04 | id_global: 2.713 id_part: 5.103 tri_global: 0.229 tri_part: 0.637 lgpa_assign: 5.273
2026-07-12 20:30:04 transreid.train INFO: Epoch[23] Iter[80/227] Loss: 6.952, Acc: 0.622, Base Lr: 7.30e-04 | id_global: 2.684 id_part: 5.097 tri_global: 0.230 tri_part: 0.636 lgpa_assign: 5.257
2026-07-12 20:30:07 transreid.train INFO: Epoch[23] Iter[100/227] Loss: 6.911, Acc: 0.632, Base Lr: 7.30e-04 | id_global: 2.640 id_part: 5.073 tri_global: 0.229 tri_part: 0.636 lgpa_assign: 5.243
2026-07-12 20:30:11 transreid.train INFO: Epoch[23] Iter[120/227] Loss: 6.860, Acc: 0.644, Base Lr: 7.30e-04 | id_global: 2.594 id_part: 5.050 tri_global: 0.220 tri_part: 0.635 lgpa_assign: 5.221
2026-07-12 20:30:14 transreid.train INFO: Epoch[23] Iter[140/227] Loss: 6.829, Acc: 0.654, Base Lr: 7.30e-04 | id_global: 2.559 id_part: 5.037 tri_global: 0.227 tri_part: 0.636 lgpa_assign: 5.198
2026-07-12 20:30:17 transreid.train INFO: Epoch[23] Iter[160/227] Loss: 6.775, Acc: 0.669, Base Lr: 7.30e-04 | id_global: 2.505 id_part: 4.994 tri_global: 0.222 tri_part: 0.635 lgpa_assign: 5.194
2026-07-12 20:30:21 transreid.train INFO: Epoch[23] Iter[180/227] Loss: 6.704, Acc: 0.686, Base Lr: 7.30e-04 | id_global: 2.434 id_part: 4.948 tri_global: 0.216 tri_part: 0.633 lgpa_assign: 5.177
2026-07-12 20:30:24 transreid.train INFO: Epoch[23] Iter[200/227] Loss: 6.605, Acc: 0.708, Base Lr: 7.30e-04 | id_global: 2.340 id_part: 4.858 tri_global: 0.215 tri_part: 0.632 lgpa_assign: 5.165
2026-07-12 20:30:26 transreid.train INFO: Epoch 23 done. Time per epoch: 36.396[s] Speed: 372.8[samples/s] ETA: 0h58m
2026-07-12 20:30:30 transreid.train INFO: Epoch[24] Iter[20/227] Loss: 6.818, Acc: 0.603, Base Lr: 7.24e-04 | id_global: 2.647 id_part: 5.109 tri_global: 0.210 tri_part: 0.635 lgpa_assign: 5.034
2026-07-12 20:30:34 transreid.train INFO: Epoch[24] Iter[40/227] Loss: 6.760, Acc: 0.637, Base Lr: 7.24e-04 | id_global: 2.567 id_part: 5.068 tri_global: 0.200 tri_part: 0.634 lgpa_assign: 5.050
2026-07-12 20:30:37 transreid.train INFO: Epoch[24] Iter[60/227] Loss: 6.680, Acc: 0.654, Base Lr: 7.24e-04 | id_global: 2.496 id_part: 5.020 tri_global: 0.195 tri_part: 0.630 lgpa_assign: 5.018
2026-07-12 20:30:40 transreid.train INFO: Epoch[24] Iter[80/227] Loss: 6.674, Acc: 0.662, Base Lr: 7.24e-04 | id_global: 2.473 id_part: 5.028 tri_global: 0.193 tri_part: 0.631 lgpa_assign: 5.023
2026-07-12 20:30:44 transreid.train INFO: Epoch[24] Iter[100/227] Loss: 6.648, Acc: 0.670, Base Lr: 7.24e-04 | id_global: 2.441 id_part: 5.014 tri_global: 0.204 tri_part: 0.631 lgpa_assign: 5.006
2026-07-12 20:30:47 transreid.train INFO: Epoch[24] Iter[120/227] Loss: 6.611, Acc: 0.682, Base Lr: 7.24e-04 | id_global: 2.397 id_part: 4.986 tri_global: 0.204 tri_part: 0.631 lgpa_assign: 5.003
2026-07-12 20:30:50 transreid.train INFO: Epoch[24] Iter[140/227] Loss: 6.566, Acc: 0.697, Base Lr: 7.24e-04 | id_global: 2.350 id_part: 4.957 tri_global: 0.200 tri_part: 0.630 lgpa_assign: 4.995
2026-07-12 20:30:54 transreid.train INFO: Epoch[24] Iter[160/227] Loss: 6.508, Acc: 0.713, Base Lr: 7.24e-04 | id_global: 2.288 id_part: 4.911 tri_global: 0.199 tri_part: 0.630 lgpa_assign: 4.988
2026-07-12 20:30:57 transreid.train INFO: Epoch[24] Iter[180/227] Loss: 6.451, Acc: 0.727, Base Lr: 7.24e-04 | id_global: 2.226 id_part: 4.860 tri_global: 0.204 tri_part: 0.630 lgpa_assign: 4.983
2026-07-12 20:31:00 transreid.train INFO: Epoch[24] Iter[200/227] Loss: 6.361, Acc: 0.745, Base Lr: 7.24e-04 | id_global: 2.140 id_part: 4.778 tri_global: 0.201 tri_part: 0.629 lgpa_assign: 4.974
2026-07-12 20:31:02 transreid.train INFO: Epoch 24 done. Time per epoch: 36.254[s] Speed: 374.2[samples/s] ETA: 0h58m
2026-07-12 20:31:07 transreid.train INFO: Epoch[25] Iter[20/227] Loss: 6.576, Acc: 0.677, Base Lr: 7.18e-04 | id_global: 2.416 id_part: 5.021 tri_global: 0.168 tri_part: 0.626 lgpa_assign: 4.921
2026-07-12 20:31:10 transreid.train INFO: Epoch[25] Iter[40/227] Loss: 6.537, Acc: 0.663, Base Lr: 7.18e-04 | id_global: 2.409 id_part: 4.986 tri_global: 0.181 tri_part: 0.628 lgpa_assign: 4.870
2026-07-12 20:31:13 transreid.train INFO: Epoch[25] Iter[60/227] Loss: 6.477, Acc: 0.678, Base Lr: 7.18e-04 | id_global: 2.340 id_part: 4.946 tri_global: 0.189 tri_part: 0.630 lgpa_assign: 4.849
2026-07-12 20:31:17 transreid.train INFO: Epoch[25] Iter[80/227] Loss: 6.447, Acc: 0.690, Base Lr: 7.18e-04 | id_global: 2.310 id_part: 4.945 tri_global: 0.187 tri_part: 0.631 lgpa_assign: 4.822
2026-07-12 20:31:20 transreid.train INFO: Epoch[25] Iter[100/227] Loss: 6.412, Acc: 0.703, Base Lr: 7.18e-04 | id_global: 2.267 id_part: 4.921 tri_global: 0.188 tri_part: 0.630 lgpa_assign: 4.817
2026-07-12 20:31:23 transreid.train INFO: Epoch[25] Iter[120/227] Loss: 6.370, Acc: 0.713, Base Lr: 7.18e-04 | id_global: 2.226 id_part: 4.898 tri_global: 0.183 tri_part: 0.630 lgpa_assign: 4.804
2026-07-12 20:31:27 transreid.train INFO: Epoch[25] Iter[140/227] Loss: 6.314, Acc: 0.728, Base Lr: 7.18e-04 | id_global: 2.163 id_part: 4.854 tri_global: 0.181 tri_part: 0.630 lgpa_assign: 4.800
2026-07-12 20:31:30 transreid.train INFO: Epoch[25] Iter[160/227] Loss: 6.257, Acc: 0.742, Base Lr: 7.18e-04 | id_global: 2.108 id_part: 4.815 tri_global: 0.178 tri_part: 0.629 lgpa_assign: 4.783
2026-07-12 20:31:33 transreid.train INFO: Epoch[25] Iter[180/227] Loss: 6.205, Acc: 0.754, Base Lr: 7.18e-04 | id_global: 2.056 id_part: 4.773 tri_global: 0.175 tri_part: 0.628 lgpa_assign: 4.777
2026-07-12 20:31:36 transreid.train INFO: Epoch[25] Iter[200/227] Loss: 6.121, Acc: 0.770, Base Lr: 7.18e-04 | id_global: 1.978 id_part: 4.685 tri_global: 0.172 tri_part: 0.627 lgpa_assign: 4.780
2026-07-12 20:31:38 transreid.train INFO: Epoch 25 done. Time per epoch: 36.231[s] Speed: 374.5[samples/s] ETA: 0h57m
2026-07-12 20:31:43 transreid.train INFO: Epoch[26] Iter[20/227] Loss: 6.417, Acc: 0.652, Base Lr: 7.11e-04 | id_global: 2.403 id_part: 5.002 tri_global: 0.182 tri_part: 0.624 lgpa_assign: 4.623
2026-07-12 20:31:46 transreid.train INFO: Epoch[26] Iter[40/227] Loss: 6.392, Acc: 0.680, Base Lr: 7.11e-04 | id_global: 2.331 id_part: 4.997 tri_global: 0.203 tri_part: 0.630 lgpa_assign: 4.624
2026-07-12 20:31:49 transreid.train INFO: Epoch[26] Iter[60/227] Loss: 6.308, Acc: 0.707, Base Lr: 7.11e-04 | id_global: 2.237 id_part: 4.949 tri_global: 0.184 tri_part: 0.627 lgpa_assign: 4.617
2026-07-12 20:31:53 transreid.train INFO: Epoch[26] Iter[80/227] Loss: 6.287, Acc: 0.715, Base Lr: 7.11e-04 | id_global: 2.200 id_part: 4.930 tri_global: 0.208 tri_part: 0.630 lgpa_assign: 4.607
2026-07-12 20:31:56 transreid.train INFO: Epoch[26] Iter[100/227] Loss: 6.258, Acc: 0.723, Base Lr: 7.11e-04 | id_global: 2.168 id_part: 4.904 tri_global: 0.206 tri_part: 0.632 lgpa_assign: 4.605
2026-07-12 20:31:59 transreid.train INFO: Epoch[26] Iter[120/227] Loss: 6.219, Acc: 0.733, Base Lr: 7.11e-04 | id_global: 2.125 id_part: 4.877 tri_global: 0.202 tri_part: 0.632 lgpa_assign: 4.602
2026-07-12 20:32:03 transreid.train INFO: Epoch[26] Iter[140/227] Loss: 6.167, Acc: 0.749, Base Lr: 7.11e-04 | id_global: 2.067 id_part: 4.841 tri_global: 0.194 tri_part: 0.631 lgpa_assign: 4.603
2026-07-12 20:32:06 transreid.train INFO: Epoch[26] Iter[160/227] Loss: 6.100, Acc: 0.767, Base Lr: 7.11e-04 | id_global: 1.996 id_part: 4.792 tri_global: 0.186 tri_part: 0.630 lgpa_assign: 4.597
2026-07-12 20:32:09 transreid.train INFO: Epoch[26] Iter[180/227] Loss: 6.016, Acc: 0.786, Base Lr: 7.11e-04 | id_global: 1.916 id_part: 4.719 tri_global: 0.183 tri_part: 0.628 lgpa_assign: 4.585
2026-07-12 20:32:13 transreid.train INFO: Epoch[26] Iter[200/227] Loss: 5.918, Acc: 0.801, Base Lr: 7.11e-04 | id_global: 1.827 id_part: 4.605 tri_global: 0.183 tri_part: 0.628 lgpa_assign: 4.594
2026-07-12 20:32:15 transreid.train INFO: Epoch 26 done. Time per epoch: 36.135[s] Speed: 375.5[samples/s] ETA: 0h56m
2026-07-12 20:32:19 transreid.train INFO: Epoch[27] Iter[20/227] Loss: 6.208, Acc: 0.684, Base Lr: 7.04e-04 | id_global: 2.160 id_part: 4.868 tri_global: 0.202 tri_part: 0.636 lgpa_assign: 4.548
2026-07-12 20:32:22 transreid.train INFO: Epoch[27] Iter[40/227] Loss: 6.141, Acc: 0.713, Base Lr: 7.04e-04 | id_global: 2.084 id_part: 4.859 tri_global: 0.181 tri_part: 0.634 lgpa_assign: 4.522
2026-07-12 20:32:26 transreid.train INFO: Epoch[27] Iter[60/227] Loss: 6.122, Acc: 0.722, Base Lr: 7.04e-04 | id_global: 2.063 id_part: 4.844 tri_global: 0.172 tri_part: 0.632 lgpa_assign: 4.532
2026-07-12 20:32:29 transreid.train INFO: Epoch[27] Iter[80/227] Loss: 6.038, Acc: 0.747, Base Lr: 7.04e-04 | id_global: 1.986 id_part: 4.801 tri_global: 0.161 tri_part: 0.629 lgpa_assign: 4.498
2026-07-12 20:32:32 transreid.train INFO: Epoch[27] Iter[100/227] Loss: 6.026, Acc: 0.754, Base Lr: 7.04e-04 | id_global: 1.970 id_part: 4.794 tri_global: 0.161 tri_part: 0.629 lgpa_assign: 4.498
2026-07-12 20:32:36 transreid.train INFO: Epoch[27] Iter[120/227] Loss: 5.979, Acc: 0.765, Base Lr: 7.04e-04 | id_global: 1.921 id_part: 4.750 tri_global: 0.164 tri_part: 0.628 lgpa_assign: 4.494
2026-07-12 20:32:39 transreid.train INFO: Epoch[27] Iter[140/227] Loss: 5.929, Acc: 0.779, Base Lr: 7.04e-04 | id_global: 1.872 id_part: 4.715 tri_global: 0.160 tri_part: 0.627 lgpa_assign: 4.484
2026-07-12 20:32:42 transreid.train INFO: Epoch[27] Iter[160/227] Loss: 5.879, Acc: 0.792, Base Lr: 7.04e-04 | id_global: 1.816 id_part: 4.670 tri_global: 0.168 tri_part: 0.627 lgpa_assign: 4.476
2026-07-12 20:32:46 transreid.train INFO: Epoch[27] Iter[180/227] Loss: 5.818, Acc: 0.804, Base Lr: 7.04e-04 | id_global: 1.758 id_part: 4.606 tri_global: 0.171 tri_part: 0.627 lgpa_assign: 4.475
2026-07-12 20:32:49 transreid.train INFO: Epoch[27] Iter[200/227] Loss: 5.744, Acc: 0.817, Base Lr: 7.04e-04 | id_global: 1.688 id_part: 4.522 tri_global: 0.171 tri_part: 0.626 lgpa_assign: 4.480
2026-07-12 20:32:51 transreid.train INFO: Epoch 27 done. Time per epoch: 36.225[s] Speed: 374.6[samples/s] ETA: 0h56m
2026-07-12 20:32:55 transreid.train INFO: Epoch[28] Iter[20/227] Loss: 6.008, Acc: 0.729, Base Lr: 6.97e-04 | id_global: 1.978 id_part: 4.803 tri_global: 0.162 tri_part: 0.629 lgpa_assign: 4.444
2026-07-12 20:32:59 transreid.train INFO: Epoch[28] Iter[40/227] Loss: 5.963, Acc: 0.741, Base Lr: 6.97e-04 | id_global: 1.961 id_part: 4.828 tri_global: 0.135 tri_part: 0.628 lgpa_assign: 4.373
2026-07-12 20:33:02 transreid.train INFO: Epoch[28] Iter[60/227] Loss: 5.900, Acc: 0.764, Base Lr: 6.97e-04 | id_global: 1.882 id_part: 4.772 tri_global: 0.144 tri_part: 0.629 lgpa_assign: 4.373
2026-07-12 20:33:05 transreid.train INFO: Epoch[28] Iter[80/227] Loss: 5.865, Acc: 0.778, Base Lr: 6.97e-04 | id_global: 1.842 id_part: 4.750 tri_global: 0.141 tri_part: 0.628 lgpa_assign: 4.369
2026-07-12 20:33:08 transreid.train INFO: Epoch[28] Iter[100/227] Loss: 5.840, Acc: 0.785, Base Lr: 6.97e-04 | id_global: 1.815 id_part: 4.725 tri_global: 0.150 tri_part: 0.627 lgpa_assign: 4.363
2026-07-12 20:33:12 transreid.train INFO: Epoch[28] Iter[120/227] Loss: 5.794, Acc: 0.796, Base Lr: 6.97e-04 | id_global: 1.772 id_part: 4.690 tri_global: 0.145 tri_part: 0.627 lgpa_assign: 4.355
2026-07-12 20:33:15 transreid.train INFO: Epoch[28] Iter[140/227] Loss: 5.740, Acc: 0.810, Base Lr: 6.97e-04 | id_global: 1.716 id_part: 4.644 tri_global: 0.142 tri_part: 0.625 lgpa_assign: 4.353
2026-07-12 20:33:18 transreid.train INFO: Epoch[28] Iter[160/227] Loss: 5.707, Acc: 0.816, Base Lr: 6.97e-04 | id_global: 1.683 id_part: 4.613 tri_global: 0.140 tri_part: 0.625 lgpa_assign: 4.353
2026-07-12 20:33:22 transreid.train INFO: Epoch[28] Iter[180/227] Loss: 5.641, Acc: 0.829, Base Lr: 6.97e-04 | id_global: 1.626 id_part: 4.542 tri_global: 0.144 tri_part: 0.624 lgpa_assign: 4.346
2026-07-12 20:33:25 transreid.train INFO: Epoch[28] Iter[200/227] Loss: 5.548, Acc: 0.842, Base Lr: 6.97e-04 | id_global: 1.549 id_part: 4.439 tri_global: 0.141 tri_part: 0.623 lgpa_assign: 4.344
2026-07-12 20:33:27 transreid.train INFO: Epoch 28 done. Time per epoch: 36.320[s] Speed: 375.3[samples/s] ETA: 0h55m
2026-07-12 20:33:32 transreid.train INFO: Epoch[29] Iter[20/227] Loss: 5.820, Acc: 0.766, Base Lr: 6.90e-04 | id_global: 1.875 id_part: 4.794 tri_global: 0.137 tri_part: 0.626 lgpa_assign: 4.209
2026-07-12 20:33:35 transreid.train INFO: Epoch[29] Iter[40/227] Loss: 5.725, Acc: 0.786, Base Lr: 6.90e-04 | id_global: 1.769 id_part: 4.708 tri_global: 0.122 tri_part: 0.620 lgpa_assign: 4.230
2026-07-12 20:33:38 transreid.train INFO: Epoch[29] Iter[60/227] Loss: 5.721, Acc: 0.799, Base Lr: 6.90e-04 | id_global: 1.737 id_part: 4.711 tri_global: 0.130 tri_part: 0.619 lgpa_assign: 4.245
2026-07-12 20:33:42 transreid.train INFO: Epoch[29] Iter[80/227] Loss: 5.672, Acc: 0.806, Base Lr: 6.90e-04 | id_global: 1.689 id_part: 4.673 tri_global: 0.135 tri_part: 0.620 lgpa_assign: 4.227
2026-07-12 20:33:45 transreid.train INFO: Epoch[29] Iter[100/227] Loss: 5.645, Acc: 0.812, Base Lr: 6.90e-04 | id_global: 1.660 id_part: 4.644 tri_global: 0.134 tri_part: 0.621 lgpa_assign: 4.232
2026-07-12 20:33:48 transreid.train INFO: Epoch[29] Iter[120/227] Loss: 5.602, Acc: 0.822, Base Lr: 6.90e-04 | id_global: 1.622 id_part: 4.608 tri_global: 0.129 tri_part: 0.620 lgpa_assign: 4.225
2026-07-12 20:33:51 transreid.train INFO: Epoch[29] Iter[140/227] Loss: 5.575, Acc: 0.829, Base Lr: 6.90e-04 | id_global: 1.592 id_part: 4.588 tri_global: 0.127 tri_part: 0.621 lgpa_assign: 4.222
2026-07-12 20:33:55 transreid.train INFO: Epoch[29] Iter[160/227] Loss: 5.542, Acc: 0.836, Base Lr: 6.90e-04 | id_global: 1.557 id_part: 4.554 tri_global: 0.130 tri_part: 0.621 lgpa_assign: 4.221
2026-07-12 20:33:58 transreid.train INFO: Epoch[29] Iter[180/227] Loss: 5.484, Acc: 0.845, Base Lr: 6.90e-04 | id_global: 1.504 id_part: 4.481 tri_global: 0.131 tri_part: 0.620 lgpa_assign: 4.232
2026-07-12 20:34:01 transreid.train INFO: Epoch[29] Iter[200/227] Loss: 5.402, Acc: 0.855, Base Lr: 6.90e-04 | id_global: 1.443 id_part: 4.377 tri_global: 0.136 tri_part: 0.620 lgpa_assign: 4.227
2026-07-12 20:34:03 transreid.train INFO: Epoch 29 done. Time per epoch: 36.008[s] Speed: 375.0[samples/s] ETA: 0h54m
2026-07-12 20:34:08 transreid.train INFO: Epoch[30] Iter[20/227] Loss: 5.662, Acc: 0.793, Base Lr: 6.83e-04 | id_global: 1.717 id_part: 4.653 tri_global: 0.132 tri_part: 0.631 lgpa_assign: 4.190
2026-07-12 20:34:11 transreid.train INFO: Epoch[30] Iter[40/227] Loss: 5.633, Acc: 0.800, Base Lr: 6.83e-04 | id_global: 1.697 id_part: 4.669 tri_global: 0.141 tri_part: 0.627 lgpa_assign: 4.132
2026-07-12 20:34:14 transreid.train INFO: Epoch[30] Iter[60/227] Loss: 5.620, Acc: 0.805, Base Lr: 6.83e-04 | id_global: 1.677 id_part: 4.666 tri_global: 0.140 tri_part: 0.625 lgpa_assign: 4.131
2026-07-12 20:34:18 transreid.train INFO: Epoch[30] Iter[80/227] Loss: 5.556, Acc: 0.825, Base Lr: 6.83e-04 | id_global: 1.600 id_part: 4.616 tri_global: 0.131 tri_part: 0.623 lgpa_assign: 4.141
2026-07-12 20:34:21 transreid.train INFO: Epoch[30] Iter[100/227] Loss: 5.535, Acc: 0.831, Base Lr: 6.83e-04 | id_global: 1.579 id_part: 4.609 tri_global: 0.127 tri_part: 0.622 lgpa_assign: 4.132
2026-07-12 20:34:24 transreid.train INFO: Epoch[30] Iter[120/227] Loss: 5.490, Acc: 0.838, Base Lr: 6.83e-04 | id_global: 1.536 id_part: 4.564 tri_global: 0.131 tri_part: 0.622 lgpa_assign: 4.127
2026-07-12 20:34:28 transreid.train INFO: Epoch[30] Iter[140/227] Loss: 5.435, Acc: 0.845, Base Lr: 6.83e-04 | id_global: 1.488 id_part: 4.510 tri_global: 0.128 tri_part: 0.621 lgpa_assign: 4.123
2026-07-12 20:34:31 transreid.train INFO: Epoch[30] Iter[160/227] Loss: 5.379, Acc: 0.855, Base Lr: 6.83e-04 | id_global: 1.442 id_part: 4.467 tri_global: 0.123 tri_part: 0.620 lgpa_assign: 4.107
2026-07-12 20:34:34 transreid.train INFO: Epoch[30] Iter[180/227] Loss: 5.310, Acc: 0.865, Base Lr: 6.83e-04 | id_global: 1.382 id_part: 4.391 tri_global: 0.120 tri_part: 0.619 lgpa_assign: 4.109
2026-07-12 20:34:37 transreid.train INFO: Epoch[30] Iter[200/227] Loss: 5.231, Acc: 0.873, Base Lr: 6.83e-04 | id_global: 1.325 id_part: 4.290 tri_global: 0.120 tri_part: 0.618 lgpa_assign: 4.110
2026-07-12 20:34:39 transreid.train INFO: Epoch 30 done. Time per epoch: 36.104[s] Speed: 374.0[samples/s] ETA: 0h54m
The test feature is normalized
=> Computing DistMat with euclidean_distance
2026-07-12 20:35:09 transreid.train INFO: Validation Results - Epoch: 30
2026-07-12 20:35:09 transreid.train INFO: mAP: 50.9%
2026-07-12 20:35:09 transreid.train INFO: CMC curve, Rank-1  :60.6%
2026-07-12 20:35:09 transreid.train INFO: CMC curve, Rank-5  :74.8%
2026-07-12 20:35:09 transreid.train INFO: CMC curve, Rank-10 :79.9%
2026-07-12 20:35:13 transreid.train INFO: Epoch[31] Iter[20/227] Loss: 5.451, Acc: 0.813, Base Lr: 6.76e-04 | id_global: 1.537 id_part: 4.586 tri_global: 0.101 tri_part: 0.615 lgpa_assign: 4.063
2026-07-12 20:35:16 transreid.train INFO: Epoch[31] Iter[40/227] Loss: 5.421, Acc: 0.831, Base Lr: 6.76e-04 | id_global: 1.508 id_part: 4.584 tri_global: 0.110 tri_part: 0.619 lgpa_assign: 4.020
2026-07-12 20:35:20 transreid.train INFO: Epoch[31] Iter[60/227] Loss: 5.379, Acc: 0.832, Base Lr: 6.76e-04 | id_global: 1.485 id_part: 4.544 tri_global: 0.111 tri_part: 0.620 lgpa_assign: 3.999
2026-07-12 20:35:23 transreid.train INFO: Epoch[31] Iter[80/227] Loss: 5.378, Acc: 0.836, Base Lr: 6.76e-04 | id_global: 1.478 id_part: 4.535 tri_global: 0.111 tri_part: 0.619 lgpa_assign: 4.012
2026-07-12 20:35:26 transreid.train INFO: Epoch[31] Iter[100/227] Loss: 5.356, Acc: 0.842, Base Lr: 6.76e-04 | id_global: 1.457 id_part: 4.516 tri_global: 0.108 tri_part: 0.617 lgpa_assign: 4.015
2026-07-12 20:35:30 transreid.train INFO: Epoch[31] Iter[120/227] Loss: 5.334, Acc: 0.848, Base Lr: 6.76e-04 | id_global: 1.426 id_part: 4.494 tri_global: 0.111 tri_part: 0.618 lgpa_assign: 4.019
2026-07-12 20:35:33 transreid.train INFO: Epoch[31] Iter[140/227] Loss: 5.299, Acc: 0.857, Base Lr: 6.76e-04 | id_global: 1.390 id_part: 4.459 tri_global: 0.110 tri_part: 0.618 lgpa_assign: 4.021
2026-07-12 20:35:36 transreid.train INFO: Epoch[31] Iter[160/227] Loss: 5.243, Acc: 0.868, Base Lr: 6.76e-04 | id_global: 1.341 id_part: 4.408 tri_global: 0.109 tri_part: 0.617 lgpa_assign: 4.010
2026-07-12 20:35:40 transreid.train INFO: Epoch[31] Iter[180/227] Loss: 5.182, Acc: 0.876, Base Lr: 6.76e-04 | id_global: 1.293 id_part: 4.337 tri_global: 0.109 tri_part: 0.616 lgpa_assign: 4.010
2026-07-12 20:35:43 transreid.train INFO: Epoch[31] Iter[200/227] Loss: 5.087, Acc: 0.884, Base Lr: 6.76e-04 | id_global: 1.230 id_part: 4.207 tri_global: 0.107 tri_part: 0.614 lgpa_assign: 4.015
2026-07-12 20:35:45 transreid.train INFO: Epoch 31 done. Time per epoch: 36.004[s] Speed: 375.1[samples/s] ETA: 0h53m
2026-07-12 20:35:49 transreid.train INFO: Epoch[32] Iter[20/227] Loss: 5.268, Acc: 0.846, Base Lr: 6.68e-04 | id_global: 1.404 id_part: 4.474 tri_global: 0.106 tri_part: 0.619 lgpa_assign: 3.934
2026-07-12 20:35:53 transreid.train INFO: Epoch[32] Iter[40/227] Loss: 5.266, Acc: 0.847, Base Lr: 6.68e-04 | id_global: 1.394 id_part: 4.472 tri_global: 0.095 tri_part: 0.616 lgpa_assign: 3.955
2026-07-12 20:35:56 transreid.train INFO: Epoch[32] Iter[60/227] Loss: 5.276, Acc: 0.852, Base Lr: 6.68e-04 | id_global: 1.394 id_part: 4.486 tri_global: 0.103 tri_part: 0.614 lgpa_assign: 3.956
2026-07-12 20:35:59 transreid.train INFO: Epoch[32] Iter[80/227] Loss: 5.258, Acc: 0.854, Base Lr: 6.68e-04 | id_global: 1.380 id_part: 4.462 tri_global: 0.111 tri_part: 0.616 lgpa_assign: 3.946
2026-07-12 20:36:02 transreid.train INFO: Epoch[32] Iter[100/227] Loss: 5.207, Acc: 0.865, Base Lr: 6.68e-04 | id_global: 1.331 id_part: 4.423 tri_global: 0.111 tri_part: 0.615 lgpa_assign: 3.934
2026-07-12 20:36:06 transreid.train INFO: Epoch[32] Iter[120/227] Loss: 5.166, Acc: 0.873, Base Lr: 6.68e-04 | id_global: 1.292 id_part: 4.382 tri_global: 0.110 tri_part: 0.613 lgpa_assign: 3.935
2026-07-12 20:36:09 transreid.train INFO: Epoch[32] Iter[140/227] Loss: 5.138, Acc: 0.879, Base Lr: 6.68e-04 | id_global: 1.267 id_part: 4.350 tri_global: 0.108 tri_part: 0.613 lgpa_assign: 3.939
2026-07-12 20:36:12 transreid.train INFO: Epoch[32] Iter[160/227] Loss: 5.092, Acc: 0.886, Base Lr: 6.68e-04 | id_global: 1.227 id_part: 4.301 tri_global: 0.107 tri_part: 0.613 lgpa_assign: 3.936
2026-07-12 20:36:16 transreid.train INFO: Epoch[32] Iter[180/227] Loss: 5.039, Acc: 0.892, Base Lr: 6.68e-04 | id_global: 1.185 id_part: 4.239 tri_global: 0.106 tri_part: 0.612 lgpa_assign: 3.937
2026-07-12 20:36:19 transreid.train INFO: Epoch[32] Iter[200/227] Loss: 4.969, Acc: 0.897, Base Lr: 6.68e-04 | id_global: 1.140 id_part: 4.136 tri_global: 0.109 tri_part: 0.612 lgpa_assign: 3.942
2026-07-12 20:36:21 transreid.train INFO: Epoch 32 done. Time per epoch: 36.223[s] Speed: 374.6[samples/s] ETA: 0h53m
2026-07-12 20:36:25 transreid.train INFO: Epoch[33] Iter[20/227] Loss: 5.107, Acc: 0.861, Base Lr: 6.60e-04 | id_global: 1.275 id_part: 4.383 tri_global: 0.100 tri_part: 0.611 lgpa_assign: 3.845
2026-07-12 20:36:29 transreid.train INFO: Epoch[33] Iter[40/227] Loss: 5.175, Acc: 0.837, Base Lr: 6.60e-04 | id_global: 1.359 id_part: 4.451 tri_global: 0.099 tri_part: 0.612 lgpa_assign: 3.829
2026-07-12 20:36:32 transreid.train INFO: Epoch[33] Iter[60/227] Loss: 5.165, Acc: 0.842, Base Lr: 6.60e-04 | id_global: 1.353 id_part: 4.443 tri_global: 0.101 tri_part: 0.612 lgpa_assign: 3.821
2026-07-12 20:36:35 transreid.train INFO: Epoch[33] Iter[80/227] Loss: 5.133, Acc: 0.856, Base Lr: 6.60e-04 | id_global: 1.306 id_part: 4.390 tri_global: 0.107 tri_part: 0.614 lgpa_assign: 3.848
2026-07-12 20:36:39 transreid.train INFO: Epoch[33] Iter[100/227] Loss: 5.085, Acc: 0.868, Base Lr: 6.60e-04 | id_global: 1.260 id_part: 4.345 tri_global: 0.106 tri_part: 0.615 lgpa_assign: 3.844
2026-07-12 20:36:42 transreid.train INFO: Epoch[33] Iter[120/227] Loss: 5.042, Acc: 0.878, Base Lr: 6.60e-04 | id_global: 1.214 id_part: 4.304 tri_global: 0.106 tri_part: 0.614 lgpa_assign: 3.846
2026-07-12 20:36:45 transreid.train INFO: Epoch[33] Iter[140/227] Loss: 5.014, Acc: 0.885, Base Lr: 6.60e-04 | id_global: 1.188 id_part: 4.269 tri_global: 0.106 tri_part: 0.614 lgpa_assign: 3.851
2026-07-12 20:36:49 transreid.train INFO: Epoch[33] Iter[160/227] Loss: 4.976, Acc: 0.892, Base Lr: 6.60e-04 | id_global: 1.155 id_part: 4.225 tri_global: 0.102 tri_part: 0.615 lgpa_assign: 3.855
2026-07-12 20:36:52 transreid.train INFO: Epoch[33] Iter[180/227] Loss: 4.926, Acc: 0.899, Base Lr: 6.60e-04 | id_global: 1.115 id_part: 4.170 tri_global: 0.101 tri_part: 0.614 lgpa_assign: 3.853
2026-07-12 20:36:55 transreid.train INFO: Epoch[33] Iter[200/227] Loss: 4.851, Acc: 0.906, Base Lr: 6.60e-04 | id_global: 1.064 id_part: 4.067 tri_global: 0.103 tri_part: 0.613 lgpa_assign: 3.855
2026-07-12 20:36:57 transreid.train INFO: Epoch 33 done. Time per epoch: 36.276[s] Speed: 374.0[samples/s] ETA: 0h52m
2026-07-12 20:37:02 transreid.train INFO: Epoch[34] Iter[20/227] Loss: 5.143, Acc: 0.836, Base Lr: 6.52e-04 | id_global: 1.333 id_part: 4.440 tri_global: 0.112 tri_part: 0.619 lgpa_assign: 3.782
2026-07-12 20:37:05 transreid.train INFO: Epoch[34] Iter[40/227] Loss: 5.082, Acc: 0.851, Base Lr: 6.52e-04 | id_global: 1.269 id_part: 4.406 tri_global: 0.102 tri_part: 0.612 lgpa_assign: 3.776
2026-07-12 20:37:08 transreid.train INFO: Epoch[34] Iter[60/227] Loss: 5.032, Acc: 0.861, Base Lr: 6.52e-04 | id_global: 1.222 id_part: 4.365 tri_global: 0.090 tri_part: 0.610 lgpa_assign: 3.777
2026-07-12 20:37:12 transreid.train INFO: Epoch[34] Iter[80/227] Loss: 5.058, Acc: 0.863, Base Lr: 6.52e-04 | id_global: 1.226 id_part: 4.377 tri_global: 0.100 tri_part: 0.614 lgpa_assign: 3.799
2026-07-12 20:37:15 transreid.train INFO: Epoch[34] Iter[100/227] Loss: 5.034, Acc: 0.876, Base Lr: 6.52e-04 | id_global: 1.195 id_part: 4.355 tri_global: 0.104 tri_part: 0.615 lgpa_assign: 3.799
2026-07-12 20:37:18 transreid.train INFO: Epoch[34] Iter[120/227] Loss: 5.000, Acc: 0.885, Base Lr: 6.52e-04 | id_global: 1.164 id_part: 4.322 tri_global: 0.103 tri_part: 0.615 lgpa_assign: 3.796
2026-07-12 20:37:22 transreid.train INFO: Epoch[34] Iter[140/227] Loss: 4.951, Acc: 0.891, Base Lr: 6.52e-04 | id_global: 1.122 id_part: 4.258 tri_global: 0.105 tri_part: 0.614 lgpa_assign: 3.802
2026-07-12 20:37:25 transreid.train INFO: Epoch[34] Iter[160/227] Loss: 4.918, Acc: 0.896, Base Lr: 6.52e-04 | id_global: 1.093 id_part: 4.211 tri_global: 0.102 tri_part: 0.614 lgpa_assign: 3.817
2026-07-12 20:37:28 transreid.train INFO: Epoch[34] Iter[180/227] Loss: 4.865, Acc: 0.903, Base Lr: 6.52e-04 | id_global: 1.057 id_part: 4.144 tri_global: 0.099 tri_part: 0.613 lgpa_assign: 3.815
2026-07-12 20:37:32 transreid.train INFO: Epoch[34] Iter[200/227] Loss: 4.782, Acc: 0.909, Base Lr: 6.52e-04 | id_global: 1.006 id_part: 4.031 tri_global: 0.099 tri_part: 0.612 lgpa_assign: 3.816
2026-07-12 20:37:33 transreid.train INFO: Epoch 34 done. Time per epoch: 36.215[s] Speed: 372.9[samples/s] ETA: 0h51m
2026-07-12 20:37:38 transreid.train INFO: Epoch[35] Iter[20/227] Loss: 5.165, Acc: 0.843, Base Lr: 6.44e-04 | id_global: 1.330 id_part: 4.506 tri_global: 0.142 tri_part: 0.622 lgpa_assign: 3.730
2026-07-12 20:37:41 transreid.train INFO: Epoch[35] Iter[40/227] Loss: 5.079, Acc: 0.844, Base Lr: 6.44e-04 | id_global: 1.285 id_part: 4.399 tri_global: 0.112 tri_part: 0.617 lgpa_assign: 3.745
2026-07-12 20:37:45 transreid.train INFO: Epoch[35] Iter[60/227] Loss: 5.023, Acc: 0.862, Base Lr: 6.44e-04 | id_global: 1.229 id_part: 4.361 tri_global: 0.109 tri_part: 0.617 lgpa_assign: 3.731
2026-07-12 20:37:48 transreid.train INFO: Epoch[35] Iter[80/227] Loss: 4.964, Acc: 0.877, Base Lr: 6.44e-04 | id_global: 1.167 id_part: 4.300 tri_global: 0.105 tri_part: 0.616 lgpa_assign: 3.741
2026-07-12 20:37:51 transreid.train INFO: Epoch[35] Iter[100/227] Loss: 4.909, Acc: 0.888, Base Lr: 6.44e-04 | id_global: 1.119 id_part: 4.258 tri_global: 0.095 tri_part: 0.613 lgpa_assign: 3.734
2026-07-12 20:37:54 transreid.train INFO: Epoch[35] Iter[120/227] Loss: 4.866, Acc: 0.896, Base Lr: 6.44e-04 | id_global: 1.078 id_part: 4.212 tri_global: 0.094 tri_part: 0.612 lgpa_assign: 3.736
2026-07-12 20:37:58 transreid.train INFO: Epoch[35] Iter[140/227] Loss: 4.821, Acc: 0.904, Base Lr: 6.44e-04 | id_global: 1.043 id_part: 4.173 tri_global: 0.091 tri_part: 0.612 lgpa_assign: 3.723
2026-07-12 20:38:01 transreid.train INFO: Epoch[35] Iter[160/227] Loss: 4.775, Acc: 0.911, Base Lr: 6.44e-04 | id_global: 1.009 id_part: 4.127 tri_global: 0.089 tri_part: 0.611 lgpa_assign: 3.713
2026-07-12 20:38:04 transreid.train INFO: Epoch[35] Iter[180/227] Loss: 4.724, Acc: 0.916, Base Lr: 6.44e-04 | id_global: 0.973 id_part: 4.059 tri_global: 0.092 tri_part: 0.610 lgpa_assign: 3.714
2026-07-12 20:38:08 transreid.train INFO: Epoch[35] Iter[200/227] Loss: 4.659, Acc: 0.922, Base Lr: 6.44e-04 | id_global: 0.932 id_part: 3.952 tri_global: 0.096 tri_part: 0.610 lgpa_assign: 3.727
2026-07-12 20:38:10 transreid.train INFO: Epoch 35 done. Time per epoch: 36.179[s] Speed: 375.0[samples/s] ETA: 0h51m
2026-07-12 20:38:14 transreid.train INFO: Epoch[36] Iter[20/227] Loss: 5.065, Acc: 0.868, Base Lr: 6.35e-04 | id_global: 1.223 id_part: 4.461 tri_global: 0.107 tri_part: 0.618 lgpa_assign: 3.721
2026-07-12 20:38:17 transreid.train INFO: Epoch[36] Iter[40/227] Loss: 4.966, Acc: 0.885, Base Lr: 6.35e-04 | id_global: 1.157 id_part: 4.385 tri_global: 0.106 tri_part: 0.612 lgpa_assign: 3.670
2026-07-12 20:38:21 transreid.train INFO: Epoch[36] Iter[60/227] Loss: 4.888, Acc: 0.891, Base Lr: 6.35e-04 | id_global: 1.107 id_part: 4.317 tri_global: 0.100 tri_part: 0.614 lgpa_assign: 3.638
2026-07-12 20:38:24 transreid.train INFO: Epoch[36] Iter[80/227] Loss: 4.873, Acc: 0.896, Base Lr: 6.35e-04 | id_global: 1.083 id_part: 4.285 tri_global: 0.114 tri_part: 0.616 lgpa_assign: 3.648
2026-07-12 20:38:27 transreid.train INFO: Epoch[36] Iter[100/227] Loss: 4.826, Acc: 0.901, Base Lr: 6.35e-04 | id_global: 1.054 id_part: 4.234 tri_global: 0.115 tri_part: 0.616 lgpa_assign: 3.631
2026-07-12 20:38:31 transreid.train INFO: Epoch[36] Iter[120/227] Loss: 4.796, Acc: 0.906, Base Lr: 6.35e-04 | id_global: 1.031 id_part: 4.203 tri_global: 0.111 tri_part: 0.615 lgpa_assign: 3.631
2026-07-12 20:38:34 transreid.train INFO: Epoch[36] Iter[140/227] Loss: 4.759, Acc: 0.910, Base Lr: 6.35e-04 | id_global: 1.007 id_part: 4.158 tri_global: 0.112 tri_part: 0.615 lgpa_assign: 3.626
2026-07-12 20:38:37 transreid.train INFO: Epoch[36] Iter[160/227] Loss: 4.706, Acc: 0.916, Base Lr: 6.35e-04 | id_global: 0.969 id_part: 4.096 tri_global: 0.106 tri_part: 0.614 lgpa_assign: 3.626
2026-07-12 20:38:41 transreid.train INFO: Epoch[36] Iter[180/227] Loss: 4.660, Acc: 0.921, Base Lr: 6.35e-04 | id_global: 0.935 id_part: 4.019 tri_global: 0.108 tri_part: 0.614 lgpa_assign: 3.644
2026-07-12 20:38:44 transreid.train INFO: Epoch[36] Iter[200/227] Loss: 4.592, Acc: 0.926, Base Lr: 6.35e-04 | id_global: 0.894 id_part: 3.918 tri_global: 0.104 tri_part: 0.613 lgpa_assign: 3.657
2026-07-12 20:38:46 transreid.train INFO: Epoch 36 done. Time per epoch: 36.545[s] Speed: 373.0[samples/s] ETA: 0h51m
2026-07-12 20:38:51 transreid.train INFO: Epoch[37] Iter[20/227] Loss: 4.830, Acc: 0.894, Base Lr: 6.27e-04 | id_global: 1.080 id_part: 4.272 tri_global: 0.091 tri_part: 0.615 lgpa_assign: 3.602
2026-07-12 20:38:54 transreid.train INFO: Epoch[37] Iter[40/227] Loss: 4.799, Acc: 0.896, Base Lr: 6.27e-04 | id_global: 1.052 id_part: 4.233 tri_global: 0.099 tri_part: 0.615 lgpa_assign: 3.598
2026-07-12 20:38:57 transreid.train INFO: Epoch[37] Iter[60/227] Loss: 4.779, Acc: 0.903, Base Lr: 6.27e-04 | id_global: 1.029 id_part: 4.213 tri_global: 0.087 tri_part: 0.613 lgpa_assign: 3.616
2026-07-12 20:39:01 transreid.train INFO: Epoch[37] Iter[80/227] Loss: 4.732, Acc: 0.911, Base Lr: 6.27e-04 | id_global: 0.992 id_part: 4.167 tri_global: 0.094 tri_part: 0.612 lgpa_assign: 3.600
2026-07-12 20:39:04 transreid.train INFO: Epoch[37] Iter[100/227] Loss: 4.708, Acc: 0.912, Base Lr: 6.27e-04 | id_global: 0.973 id_part: 4.143 tri_global: 0.089 tri_part: 0.611 lgpa_assign: 3.601
2026-07-12 20:39:07 transreid.train INFO: Epoch[37] Iter[120/227] Loss: 4.664, Acc: 0.919, Base Lr: 6.27e-04 | id_global: 0.939 id_part: 4.087 tri_global: 0.086 tri_part: 0.610 lgpa_assign: 3.606
2026-07-12 20:39:11 transreid.train INFO: Epoch[37] Iter[140/227] Loss: 4.637, Acc: 0.923, Base Lr: 6.27e-04 | id_global: 0.919 id_part: 4.050 tri_global: 0.090 tri_part: 0.610 lgpa_assign: 3.606
2026-07-12 20:39:14 transreid.train INFO: Epoch[37] Iter[160/227] Loss: 4.611, Acc: 0.927, Base Lr: 6.27e-04 | id_global: 0.897 id_part: 4.014 tri_global: 0.090 tri_part: 0.610 lgpa_assign: 3.609
2026-07-12 20:39:17 transreid.train INFO: Epoch[37] Iter[180/227] Loss: 4.568, Acc: 0.932, Base Lr: 6.27e-04 | id_global: 0.870 id_part: 3.953 tri_global: 0.090 tri_part: 0.611 lgpa_assign: 3.611
2026-07-12 20:39:20 transreid.train INFO: Epoch[37] Iter[200/227] Loss: 4.501, Acc: 0.936, Base Lr: 6.27e-04 | id_global: 0.835 id_part: 3.849 tri_global: 0.091 tri_part: 0.611 lgpa_assign: 3.616
2026-07-12 20:39:22 transreid.train INFO: Epoch 37 done. Time per epoch: 36.107[s] Speed: 374.0[samples/s] ETA: 0h49m
2026-07-12 20:39:27 transreid.train INFO: Epoch[38] Iter[20/227] Loss: 4.742, Acc: 0.898, Base Lr: 6.18e-04 | id_global: 1.016 id_part: 4.200 tri_global: 0.079 tri_part: 0.612 lgpa_assign: 3.578
2026-07-12 20:39:30 transreid.train INFO: Epoch[38] Iter[40/227] Loss: 4.767, Acc: 0.902, Base Lr: 6.18e-04 | id_global: 1.025 id_part: 4.243 tri_global: 0.079 tri_part: 0.615 lgpa_assign: 3.571
2026-07-12 20:39:33 transreid.train INFO: Epoch[38] Iter[60/227] Loss: 4.731, Acc: 0.909, Base Lr: 6.18e-04 | id_global: 1.002 id_part: 4.224 tri_global: 0.070 tri_part: 0.613 lgpa_assign: 3.552
2026-07-12 20:39:37 transreid.train INFO: Epoch[38] Iter[80/227] Loss: 4.704, Acc: 0.910, Base Lr: 6.18e-04 | id_global: 0.982 id_part: 4.196 tri_global: 0.074 tri_part: 0.612 lgpa_assign: 3.544
2026-07-12 20:39:40 transreid.train INFO: Epoch[38] Iter[100/227] Loss: 4.669, Acc: 0.913, Base Lr: 6.18e-04 | id_global: 0.954 id_part: 4.141 tri_global: 0.073 tri_part: 0.612 lgpa_assign: 3.558
2026-07-12 20:39:43 transreid.train INFO: Epoch[38] Iter[120/227] Loss: 4.618, Acc: 0.920, Base Lr: 6.18e-04 | id_global: 0.918 id_part: 4.081 tri_global: 0.075 tri_part: 0.611 lgpa_assign: 3.550
2026-07-12 20:39:47 transreid.train INFO: Epoch[38] Iter[140/227] Loss: 4.587, Acc: 0.925, Base Lr: 6.18e-04 | id_global: 0.889 id_part: 4.039 tri_global: 0.075 tri_part: 0.611 lgpa_assign: 3.560
2026-07-12 20:39:50 transreid.train INFO: Epoch[38] Iter[160/227] Loss: 4.539, Acc: 0.930, Base Lr: 6.18e-04 | id_global: 0.859 id_part: 3.980 tri_global: 0.076 tri_part: 0.611 lgpa_assign: 3.552
2026-07-12 20:39:53 transreid.train INFO: Epoch[38] Iter[180/227] Loss: 4.490, Acc: 0.934, Base Lr: 6.18e-04 | id_global: 0.832 id_part: 3.918 tri_global: 0.077 tri_part: 0.611 lgpa_assign: 3.542
2026-07-12 20:39:57 transreid.train INFO: Epoch[38] Iter[200/227] Loss: 4.414, Acc: 0.939, Base Lr: 6.18e-04 | id_global: 0.792 id_part: 3.797 tri_global: 0.075 tri_part: 0.611 lgpa_assign: 3.552
2026-07-12 20:39:59 transreid.train INFO: Epoch 38 done. Time per epoch: 36.242[s] Speed: 374.4[samples/s] ETA: 0h49m
2026-07-12 20:40:03 transreid.train INFO: Epoch[39] Iter[20/227] Loss: 4.666, Acc: 0.921, Base Lr: 6.09e-04 | id_global: 0.965 id_part: 4.190 tri_global: 0.072 tri_part: 0.613 lgpa_assign: 3.492
2026-07-12 20:40:06 transreid.train INFO: Epoch[39] Iter[40/227] Loss: 4.666, Acc: 0.919, Base Lr: 6.09e-04 | id_global: 0.951 id_part: 4.166 tri_global: 0.082 tri_part: 0.614 lgpa_assign: 3.519
2026-07-12 20:40:10 transreid.train INFO: Epoch[39] Iter[60/227] Loss: 4.614, Acc: 0.917, Base Lr: 6.09e-04 | id_global: 0.925 id_part: 4.114 tri_global: 0.080 tri_part: 0.611 lgpa_assign: 3.496
2026-07-12 20:40:13 transreid.train INFO: Epoch[39] Iter[80/227] Loss: 4.587, Acc: 0.923, Base Lr: 6.09e-04 | id_global: 0.899 id_part: 4.095 tri_global: 0.080 tri_part: 0.609 lgpa_assign: 3.491
2026-07-12 20:40:16 transreid.train INFO: Epoch[39] Iter[100/227] Loss: 4.553, Acc: 0.925, Base Lr: 6.09e-04 | id_global: 0.877 id_part: 4.059 tri_global: 0.078 tri_part: 0.609 lgpa_assign: 3.483
2026-07-12 20:40:20 transreid.train INFO: Epoch[39] Iter[120/227] Loss: 4.510, Acc: 0.930, Base Lr: 6.09e-04 | id_global: 0.850 id_part: 4.008 tri_global: 0.079 tri_part: 0.609 lgpa_assign: 3.475
2026-07-12 20:40:23 transreid.train INFO: Epoch[39] Iter[140/227] Loss: 4.485, Acc: 0.933, Base Lr: 6.09e-04 | id_global: 0.833 id_part: 3.970 tri_global: 0.081 tri_part: 0.609 lgpa_assign: 3.476
2026-07-12 20:40:26 transreid.train INFO: Epoch[39] Iter[160/227] Loss: 4.445, Acc: 0.936, Base Lr: 6.09e-04 | id_global: 0.806 id_part: 3.920 tri_global: 0.082 tri_part: 0.610 lgpa_assign: 3.473
2026-07-12 20:40:29 transreid.train INFO: Epoch[39] Iter[180/227] Loss: 4.399, Acc: 0.941, Base Lr: 6.09e-04 | id_global: 0.779 id_part: 3.856 tri_global: 0.080 tri_part: 0.609 lgpa_assign: 3.474
2026-07-12 20:40:33 transreid.train INFO: Epoch[39] Iter[200/227] Loss: 4.334, Acc: 0.944, Base Lr: 6.09e-04 | id_global: 0.745 id_part: 3.744 tri_global: 0.080 tri_part: 0.608 lgpa_assign: 3.489
2026-07-12 20:40:34 transreid.train INFO: Epoch 39 done. Time per epoch: 35.915[s] Speed: 374.2[samples/s] ETA: 0h48m
2026-07-12 20:40:39 transreid.train INFO: Epoch[40] Iter[20/227] Loss: 4.528, Acc: 0.935, Base Lr: 6.00e-04 | id_global: 0.888 id_part: 4.076 tri_global: 0.067 tri_part: 0.608 lgpa_assign: 3.417
2026-07-12 20:40:42 transreid.train INFO: Epoch[40] Iter[40/227] Loss: 4.546, Acc: 0.934, Base Lr: 6.00e-04 | id_global: 0.877 id_part: 4.106 tri_global: 0.073 tri_part: 0.608 lgpa_assign: 3.429
2026-07-12 20:40:46 transreid.train INFO: Epoch[40] Iter[60/227] Loss: 4.550, Acc: 0.931, Base Lr: 6.00e-04 | id_global: 0.871 id_part: 4.101 tri_global: 0.073 tri_part: 0.608 lgpa_assign: 3.448
2026-07-12 20:40:49 transreid.train INFO: Epoch[40] Iter[80/227] Loss: 4.513, Acc: 0.933, Base Lr: 6.00e-04 | id_global: 0.842 id_part: 4.068 tri_global: 0.076 tri_part: 0.609 lgpa_assign: 3.431
2026-07-12 20:40:52 transreid.train INFO: Epoch[40] Iter[100/227] Loss: 4.493, Acc: 0.936, Base Lr: 6.00e-04 | id_global: 0.830 id_part: 4.032 tri_global: 0.077 tri_part: 0.609 lgpa_assign: 3.438
2026-07-12 20:40:55 transreid.train INFO: Epoch[40] Iter[120/227] Loss: 4.449, Acc: 0.938, Base Lr: 6.00e-04 | id_global: 0.803 id_part: 3.970 tri_global: 0.076 tri_part: 0.608 lgpa_assign: 3.440
2026-07-12 20:40:59 transreid.train INFO: Epoch[40] Iter[140/227] Loss: 4.414, Acc: 0.941, Base Lr: 6.00e-04 | id_global: 0.782 id_part: 3.930 tri_global: 0.072 tri_part: 0.608 lgpa_assign: 3.435
2026-07-12 20:41:02 transreid.train INFO: Epoch[40] Iter[160/227] Loss: 4.379, Acc: 0.944, Base Lr: 6.00e-04 | id_global: 0.756 id_part: 3.873 tri_global: 0.079 tri_part: 0.607 lgpa_assign: 3.443
2026-07-12 20:41:05 transreid.train INFO: Epoch[40] Iter[180/227] Loss: 4.333, Acc: 0.947, Base Lr: 6.00e-04 | id_global: 0.734 id_part: 3.793 tri_global: 0.079 tri_part: 0.608 lgpa_assign: 3.452
2026-07-12 20:41:09 transreid.train INFO: Epoch[40] Iter[200/227] Loss: 4.261, Acc: 0.951, Base Lr: 6.00e-04 | id_global: 0.700 id_part: 3.679 tri_global: 0.080 tri_part: 0.607 lgpa_assign: 3.457
2026-07-12 20:41:11 transreid.train INFO: Epoch 40 done. Time per epoch: 36.220[s] Speed: 374.6[samples/s] ETA: 0h48m
The test feature is normalized
=> Computing DistMat with euclidean_distance
2026-07-12 20:41:40 transreid.train INFO: Validation Results - Epoch: 40
2026-07-12 20:41:40 transreid.train INFO: mAP: 53.5%
2026-07-12 20:41:40 transreid.train INFO: CMC curve, Rank-1  :61.5%
2026-07-12 20:41:40 transreid.train INFO: CMC curve, Rank-5  :75.5%
2026-07-12 20:41:40 transreid.train INFO: CMC curve, Rank-10 :80.9%
2026-07-12 20:41:44 transreid.train INFO: Epoch[41] Iter[20/227] Loss: 4.467, Acc: 0.937, Base Lr: 5.91e-04 | id_global: 0.821 id_part: 4.048 tri_global: 0.053 tri_part: 0.600 lgpa_assign: 3.413
2026-07-12 20:41:48 transreid.train INFO: Epoch[41] Iter[40/227] Loss: 4.444, Acc: 0.939, Base Lr: 5.91e-04 | id_global: 0.803 id_part: 4.020 tri_global: 0.062 tri_part: 0.601 lgpa_assign: 3.402
2026-07-12 20:41:51 transreid.train INFO: Epoch[41] Iter[60/227] Loss: 4.407, Acc: 0.937, Base Lr: 5.91e-04 | id_global: 0.793 id_part: 3.973 tri_global: 0.063 tri_part: 0.603 lgpa_assign: 3.383
2026-07-12 20:41:54 transreid.train INFO: Epoch[41] Iter[80/227] Loss: 4.390, Acc: 0.940, Base Lr: 5.91e-04 | id_global: 0.773 id_part: 3.959 tri_global: 0.065 tri_part: 0.602 lgpa_assign: 3.382
2026-07-12 20:41:58 transreid.train INFO: Epoch[41] Iter[100/227] Loss: 4.383, Acc: 0.942, Base Lr: 5.91e-04 | id_global: 0.758 id_part: 3.949 tri_global: 0.063 tri_part: 0.602 lgpa_assign: 3.394
2026-07-12 20:42:01 transreid.train INFO: Epoch[41] Iter[120/227] Loss: 4.369, Acc: 0.945, Base Lr: 5.91e-04 | id_global: 0.744 id_part: 3.918 tri_global: 0.068 tri_part: 0.604 lgpa_assign: 3.403
2026-07-12 20:42:04 transreid.train INFO: Epoch[41] Iter[140/227] Loss: 4.329, Acc: 0.949, Base Lr: 5.91e-04 | id_global: 0.722 id_part: 3.872 tri_global: 0.065 tri_part: 0.603 lgpa_assign: 3.397
2026-07-12 20:42:08 transreid.train INFO: Epoch[41] Iter[160/227] Loss: 4.284, Acc: 0.951, Base Lr: 5.91e-04 | id_global: 0.701 id_part: 3.810 tri_global: 0.063 tri_part: 0.603 lgpa_assign: 3.391
2026-07-12 20:42:11 transreid.train INFO: Epoch[41] Iter[180/227] Loss: 4.231, Acc: 0.954, Base Lr: 5.91e-04 | id_global: 0.674 id_part: 3.733 tri_global: 0.060 tri_part: 0.602 lgpa_assign: 3.392
2026-07-12 20:42:14 transreid.train INFO: Epoch[41] Iter[200/227] Loss: 4.164, Acc: 0.956, Base Lr: 5.91e-04 | id_global: 0.645 id_part: 3.624 tri_global: 0.059 tri_part: 0.601 lgpa_assign: 3.399
2026-07-12 20:42:16 transreid.train INFO: Epoch 41 done. Time per epoch: 35.862[s] Speed: 374.8[samples/s] ETA: 0h47m
2026-07-12 20:42:20 transreid.train INFO: Epoch[42] Iter[20/227] Loss: 4.436, Acc: 0.930, Base Lr: 5.82e-04 | id_global: 0.855 id_part: 3.994 tri_global: 0.078 tri_part: 0.612 lgpa_assign: 3.333
2026-07-12 20:42:24 transreid.train INFO: Epoch[42] Iter[40/227] Loss: 4.379, Acc: 0.937, Base Lr: 5.82e-04 | id_global: 0.781 id_part: 3.942 tri_global: 0.070 tri_part: 0.607 lgpa_assign: 3.358
2026-07-12 20:42:27 transreid.train INFO: Epoch[42] Iter[60/227] Loss: 4.383, Acc: 0.938, Base Lr: 5.82e-04 | id_global: 0.764 id_part: 3.937 tri_global: 0.066 tri_part: 0.606 lgpa_assign: 3.394
2026-07-12 20:42:30 transreid.train INFO: Epoch[42] Iter[80/227] Loss: 4.376, Acc: 0.941, Base Lr: 5.82e-04 | id_global: 0.752 id_part: 3.915 tri_global: 0.078 tri_part: 0.607 lgpa_assign: 3.399
2026-07-12 20:42:33 transreid.train INFO: Epoch[42] Iter[100/227] Loss: 4.345, Acc: 0.944, Base Lr: 5.82e-04 | id_global: 0.733 id_part: 3.874 tri_global: 0.080 tri_part: 0.607 lgpa_assign: 3.397
2026-07-12 20:42:37 transreid.train INFO: Epoch[42] Iter[120/227] Loss: 4.323, Acc: 0.944, Base Lr: 5.82e-04 | id_global: 0.726 id_part: 3.840 tri_global: 0.077 tri_part: 0.608 lgpa_assign: 3.395
2026-07-12 20:42:40 transreid.train INFO: Epoch[42] Iter[140/227] Loss: 4.292, Acc: 0.948, Base Lr: 5.82e-04 | id_global: 0.703 id_part: 3.803 tri_global: 0.074 tri_part: 0.607 lgpa_assign: 3.398
2026-07-12 20:42:43 transreid.train INFO: Epoch[42] Iter[160/227] Loss: 4.259, Acc: 0.950, Base Lr: 5.82e-04 | id_global: 0.684 id_part: 3.757 tri_global: 0.075 tri_part: 0.607 lgpa_assign: 3.394
2026-07-12 20:42:47 transreid.train INFO: Epoch[42] Iter[180/227] Loss: 4.209, Acc: 0.953, Base Lr: 5.82e-04 | id_global: 0.661 id_part: 3.687 tri_global: 0.074 tri_part: 0.606 lgpa_assign: 3.391
2026-07-12 20:42:50 transreid.train INFO: Epoch[42] Iter[200/227] Loss: 4.152, Acc: 0.956, Base Lr: 5.82e-04 | id_global: 0.635 id_part: 3.579 tri_global: 0.078 tri_part: 0.606 lgpa_assign: 3.405
2026-07-12 20:42:52 transreid.train INFO: Epoch 42 done. Time per epoch: 36.354[s] Speed: 375.0[samples/s] ETA: 0h47m
2026-07-12 20:42:57 transreid.train INFO: Epoch[43] Iter[20/227] Loss: 4.444, Acc: 0.909, Base Lr: 5.73e-04 | id_global: 0.828 id_part: 3.991 tri_global: 0.074 tri_part: 0.608 lgpa_assign: 3.388
2026-07-12 20:43:00 transreid.train INFO: Epoch[43] Iter[40/227] Loss: 4.431, Acc: 0.932, Base Lr: 5.73e-04 | id_global: 0.795 id_part: 4.006 tri_global: 0.064 tri_part: 0.609 lgpa_assign: 3.389
2026-07-12 20:43:03 transreid.train INFO: Epoch[43] Iter[60/227] Loss: 4.363, Acc: 0.941, Base Lr: 5.73e-04 | id_global: 0.760 id_part: 3.927 tri_global: 0.070 tri_part: 0.609 lgpa_assign: 3.360
2026-07-12 20:43:07 transreid.train INFO: Epoch[43] Iter[80/227] Loss: 4.330, Acc: 0.944, Base Lr: 5.73e-04 | id_global: 0.729 id_part: 3.893 tri_global: 0.065 tri_part: 0.607 lgpa_assign: 3.365
2026-07-12 20:43:10 transreid.train INFO: Epoch[43] Iter[100/227] Loss: 4.291, Acc: 0.947, Base Lr: 5.73e-04 | id_global: 0.706 id_part: 3.851 tri_global: 0.068 tri_part: 0.607 lgpa_assign: 3.350
2026-07-12 20:43:13 transreid.train INFO: Epoch[43] Iter[120/227] Loss: 4.252, Acc: 0.951, Base Lr: 5.73e-04 | id_global: 0.682 id_part: 3.793 tri_global: 0.069 tri_part: 0.607 lgpa_assign: 3.352
2026-07-12 20:43:16 transreid.train INFO: Epoch[43] Iter[140/227] Loss: 4.229, Acc: 0.954, Base Lr: 5.73e-04 | id_global: 0.670 id_part: 3.769 tri_global: 0.067 tri_part: 0.607 lgpa_assign: 3.346
2026-07-12 20:43:20 transreid.train INFO: Epoch[43] Iter[160/227] Loss: 4.180, Acc: 0.958, Base Lr: 5.73e-04 | id_global: 0.643 id_part: 3.711 tri_global: 0.067 tri_part: 0.606 lgpa_assign: 3.333
2026-07-12 20:43:23 transreid.train INFO: Epoch[43] Iter[180/227] Loss: 4.132, Acc: 0.960, Base Lr: 5.73e-04 | id_global: 0.621 id_part: 3.634 tri_global: 0.068 tri_part: 0.605 lgpa_assign: 3.337
2026-07-12 20:43:26 transreid.train INFO: Epoch[43] Iter[200/227] Loss: 4.078, Acc: 0.963, Base Lr: 5.73e-04 | id_global: 0.596 id_part: 3.527 tri_global: 0.067 tri_part: 0.604 lgpa_assign: 3.363
2026-07-12 20:43:28 transreid.train INFO: Epoch 43 done. Time per epoch: 36.209[s] Speed: 374.7[samples/s] ETA: 0h46m
2026-07-12 20:43:33 transreid.train INFO: Epoch[44] Iter[20/227] Loss: 4.350, Acc: 0.939, Base Lr: 5.63e-04 | id_global: 0.752 id_part: 3.998 tri_global: 0.054 tri_part: 0.608 lgpa_assign: 3.287
2026-07-12 20:43:36 transreid.train INFO: Epoch[44] Iter[40/227] Loss: 4.307, Acc: 0.940, Base Lr: 5.63e-04 | id_global: 0.733 id_part: 3.917 tri_global: 0.060 tri_part: 0.607 lgpa_assign: 3.298
2026-07-12 20:43:39 transreid.train INFO: Epoch[44] Iter[60/227] Loss: 4.281, Acc: 0.943, Base Lr: 5.63e-04 | id_global: 0.711 id_part: 3.873 tri_global: 0.054 tri_part: 0.607 lgpa_assign: 3.318
2026-07-12 20:43:43 transreid.train INFO: Epoch[44] Iter[80/227] Loss: 4.242, Acc: 0.947, Base Lr: 5.63e-04 | id_global: 0.690 id_part: 3.828 tri_global: 0.056 tri_part: 0.605 lgpa_assign: 3.306
2026-07-12 20:43:46 transreid.train INFO: Epoch[44] Iter[100/227] Loss: 4.216, Acc: 0.949, Base Lr: 5.63e-04 | id_global: 0.674 id_part: 3.802 tri_global: 0.056 tri_part: 0.604 lgpa_assign: 3.296
2026-07-12 20:43:49 transreid.train INFO: Epoch[44] Iter[120/227] Loss: 4.191, Acc: 0.952, Base Lr: 5.63e-04 | id_global: 0.656 id_part: 3.765 tri_global: 0.058 tri_part: 0.603 lgpa_assign: 3.299
2026-07-12 20:43:53 transreid.train INFO: Epoch[44] Iter[140/227] Loss: 4.159, Acc: 0.955, Base Lr: 5.63e-04 | id_global: 0.636 id_part: 3.713 tri_global: 0.062 tri_part: 0.604 lgpa_assign: 3.303
2026-07-12 20:43:56 transreid.train INFO: Epoch[44] Iter[160/227] Loss: 4.132, Acc: 0.958, Base Lr: 5.63e-04 | id_global: 0.621 id_part: 3.671 tri_global: 0.062 tri_part: 0.604 lgpa_assign: 3.305
2026-07-12 20:43:59 transreid.train INFO: Epoch[44] Iter[180/227] Loss: 4.092, Acc: 0.960, Base Lr: 5.63e-04 | id_global: 0.602 id_part: 3.602 tri_global: 0.065 tri_part: 0.604 lgpa_assign: 3.311
2026-07-12 20:44:03 transreid.train INFO: Epoch[44] Iter[200/227] Loss: 4.028, Acc: 0.962, Base Lr: 5.63e-04 | id_global: 0.577 id_part: 3.494 tri_global: 0.066 tri_part: 0.604 lgpa_assign: 3.316
2026-07-12 20:44:04 transreid.train INFO: Epoch 44 done. Time per epoch: 36.029[s] Speed: 374.8[samples/s] ETA: 0h45m
2026-07-12 20:44:09 transreid.train INFO: Epoch[45] Iter[20/227] Loss: 4.302, Acc: 0.933, Base Lr: 5.54e-04 | id_global: 0.732 id_part: 3.906 tri_global: 0.075 tri_part: 0.602 lgpa_assign: 3.288
2026-07-12 20:44:12 transreid.train INFO: Epoch[45] Iter[40/227] Loss: 4.278, Acc: 0.945, Base Lr: 5.54e-04 | id_global: 0.696 id_part: 3.858 tri_global: 0.061 tri_part: 0.602 lgpa_assign: 3.341
2026-07-12 20:44:15 transreid.train INFO: Epoch[45] Iter[60/227] Loss: 4.217, Acc: 0.954, Base Lr: 5.54e-04 | id_global: 0.652 id_part: 3.805 tri_global: 0.056 tri_part: 0.602 lgpa_assign: 3.319
2026-07-12 20:44:19 transreid.train INFO: Epoch[45] Iter[80/227] Loss: 4.207, Acc: 0.953, Base Lr: 5.54e-04 | id_global: 0.655 id_part: 3.778 tri_global: 0.069 tri_part: 0.604 lgpa_assign: 3.309
2026-07-12 20:44:22 transreid.train INFO: Epoch[45] Iter[100/227] Loss: 4.163, Acc: 0.955, Base Lr: 5.54e-04 | id_global: 0.634 id_part: 3.737 tri_global: 0.064 tri_part: 0.603 lgpa_assign: 3.289
2026-07-12 20:44:25 transreid.train INFO: Epoch[45] Iter[120/227] Loss: 4.137, Acc: 0.958, Base Lr: 5.54e-04 | id_global: 0.618 id_part: 3.695 tri_global: 0.067 tri_part: 0.605 lgpa_assign: 3.290
2026-07-12 20:44:29 transreid.train INFO: Epoch[45] Iter[140/227] Loss: 4.099, Acc: 0.960, Base Lr: 5.54e-04 | id_global: 0.602 id_part: 3.645 tri_global: 0.065 tri_part: 0.604 lgpa_assign: 3.282
2026-07-12 20:44:32 transreid.train INFO: Epoch[45] Iter[160/227] Loss: 4.065, Acc: 0.962, Base Lr: 5.54e-04 | id_global: 0.585 id_part: 3.590 tri_global: 0.064 tri_part: 0.603 lgpa_assign: 3.289
2026-07-12 20:44:35 transreid.train INFO: Epoch[45] Iter[180/227] Loss: 4.027, Acc: 0.964, Base Lr: 5.54e-04 | id_global: 0.568 id_part: 3.531 tri_global: 0.062 tri_part: 0.603 lgpa_assign: 3.290
2026-07-12 20:44:39 transreid.train INFO: Epoch[45] Iter[200/227] Loss: 3.969, Acc: 0.965, Base Lr: 5.54e-04 | id_global: 0.544 id_part: 3.431 tri_global: 0.062 tri_part: 0.602 lgpa_assign: 3.299
2026-07-12 20:44:41 transreid.train INFO: Epoch 45 done. Time per epoch: 36.196[s] Speed: 374.8[samples/s] ETA: 0h45m
2026-07-12 20:44:45 transreid.train INFO: Epoch[46] Iter[20/227] Loss: 4.200, Acc: 0.938, Base Lr: 5.44e-04 | id_global: 0.671 id_part: 3.769 tri_global: 0.072 tri_part: 0.604 lgpa_assign: 3.284
2026-07-12 20:44:48 transreid.train INFO: Epoch[46] Iter[40/227] Loss: 4.183, Acc: 0.943, Base Lr: 5.44e-04 | id_global: 0.668 id_part: 3.793 tri_global: 0.060 tri_part: 0.606 lgpa_assign: 3.240
2026-07-12 20:44:52 transreid.train INFO: Epoch[46] Iter[60/227] Loss: 4.166, Acc: 0.951, Base Lr: 5.44e-04 | id_global: 0.637 id_part: 3.771 tri_global: 0.066 tri_part: 0.606 lgpa_assign: 3.250
2026-07-12 20:44:55 transreid.train INFO: Epoch[46] Iter[80/227] Loss: 4.153, Acc: 0.952, Base Lr: 5.44e-04 | id_global: 0.635 id_part: 3.747 tri_global: 0.065 tri_part: 0.606 lgpa_assign: 3.253
2026-07-12 20:44:58 transreid.train INFO: Epoch[46] Iter[100/227] Loss: 4.116, Acc: 0.956, Base Lr: 5.44e-04 | id_global: 0.609 id_part: 3.708 tri_global: 0.058 tri_part: 0.605 lgpa_assign: 3.251
2026-07-12 20:45:02 transreid.train INFO: Epoch[46] Iter[120/227] Loss: 4.089, Acc: 0.958, Base Lr: 5.44e-04 | id_global: 0.593 id_part: 3.668 tri_global: 0.058 tri_part: 0.606 lgpa_assign: 3.253
2026-07-12 20:45:05 transreid.train INFO: Epoch[46] Iter[140/227] Loss: 4.048, Acc: 0.960, Base Lr: 5.44e-04 | id_global: 0.576 id_part: 3.608 tri_global: 0.056 tri_part: 0.605 lgpa_assign: 3.252
2026-07-12 20:45:08 transreid.train INFO: Epoch[46] Iter[160/227] Loss: 4.012, Acc: 0.962, Base Lr: 5.44e-04 | id_global: 0.561 id_part: 3.550 tri_global: 0.057 tri_part: 0.604 lgpa_assign: 3.251
2026-07-12 20:45:11 transreid.train INFO: Epoch[46] Iter[180/227] Loss: 3.965, Acc: 0.965, Base Lr: 5.44e-04 | id_global: 0.539 id_part: 3.475 tri_global: 0.059 tri_part: 0.603 lgpa_assign: 3.255
2026-07-12 20:45:15 transreid.train INFO: Epoch[46] Iter[200/227] Loss: 3.912, Acc: 0.967, Base Lr: 5.44e-04 | id_global: 0.520 id_part: 3.387 tri_global: 0.057 tri_part: 0.602 lgpa_assign: 3.259
2026-07-12 20:45:17 transreid.train INFO: Epoch 46 done. Time per epoch: 36.142[s] Speed: 375.4[samples/s] ETA: 0h44m
2026-07-12 20:45:21 transreid.train INFO: Epoch[47] Iter[20/227] Loss: 4.125, Acc: 0.952, Base Lr: 5.34e-04 | id_global: 0.618 id_part: 3.731 tri_global: 0.040 tri_part: 0.599 lgpa_assign: 3.262
2026-07-12 20:45:25 transreid.train INFO: Epoch[47] Iter[40/227] Loss: 4.143, Acc: 0.955, Base Lr: 5.34e-04 | id_global: 0.620 id_part: 3.753 tri_global: 0.054 tri_part: 0.599 lgpa_assign: 3.262
2026-07-12 20:45:28 transreid.train INFO: Epoch[47] Iter[60/227] Loss: 4.141, Acc: 0.959, Base Lr: 5.34e-04 | id_global: 0.615 id_part: 3.753 tri_global: 0.057 tri_part: 0.602 lgpa_assign: 3.254
2026-07-12 20:45:31 transreid.train INFO: Epoch[47] Iter[80/227] Loss: 4.118, Acc: 0.959, Base Lr: 5.34e-04 | id_global: 0.609 id_part: 3.732 tri_global: 0.057 tri_part: 0.604 lgpa_assign: 3.234
2026-07-12 20:45:35 transreid.train INFO: Epoch[47] Iter[100/227] Loss: 4.081, Acc: 0.961, Base Lr: 5.34e-04 | id_global: 0.592 id_part: 3.683 tri_global: 0.055 tri_part: 0.603 lgpa_assign: 3.229
2026-07-12 20:45:38 transreid.train INFO: Epoch[47] Iter[120/227] Loss: 4.046, Acc: 0.963, Base Lr: 5.34e-04 | id_global: 0.573 id_part: 3.643 tri_global: 0.053 tri_part: 0.602 lgpa_assign: 3.221
2026-07-12 20:45:41 transreid.train INFO: Epoch[47] Iter[140/227] Loss: 4.009, Acc: 0.964, Base Lr: 5.34e-04 | id_global: 0.556 id_part: 3.585 tri_global: 0.055 tri_part: 0.602 lgpa_assign: 3.222
2026-07-12 20:45:44 transreid.train INFO: Epoch[47] Iter[160/227] Loss: 3.978, Acc: 0.966, Base Lr: 5.34e-04 | id_global: 0.540 id_part: 3.534 tri_global: 0.055 tri_part: 0.602 lgpa_assign: 3.225
2026-07-12 20:45:48 transreid.train INFO: Epoch[47] Iter[180/227] Loss: 3.932, Acc: 0.968, Base Lr: 5.34e-04 | id_global: 0.520 id_part: 3.464 tri_global: 0.052 tri_part: 0.601 lgpa_assign: 3.226
2026-07-12 20:45:51 transreid.train INFO: Epoch[47] Iter[200/227] Loss: 3.867, Acc: 0.970, Base Lr: 5.34e-04 | id_global: 0.495 id_part: 3.353 tri_global: 0.051 tri_part: 0.601 lgpa_assign: 3.233
2026-07-12 20:45:53 transreid.train INFO: Epoch 47 done. Time per epoch: 36.189[s] Speed: 373.1[samples/s] ETA: 0h44m
2026-07-12 20:45:57 transreid.train INFO: Epoch[48] Iter[20/227] Loss: 4.142, Acc: 0.946, Base Lr: 5.24e-04 | id_global: 0.643 id_part: 3.796 tri_global: 0.083 tri_part: 0.608 lgpa_assign: 3.154
2026-07-12 20:46:01 transreid.train INFO: Epoch[48] Iter[40/227] Loss: 4.105, Acc: 0.953, Base Lr: 5.24e-04 | id_global: 0.617 id_part: 3.763 tri_global: 0.076 tri_part: 0.607 lgpa_assign: 3.146
2026-07-12 20:46:04 transreid.train INFO: Epoch[48] Iter[60/227] Loss: 4.063, Acc: 0.955, Base Lr: 5.24e-04 | id_global: 0.593 id_part: 3.731 tri_global: 0.064 tri_part: 0.603 lgpa_assign: 3.134
2026-07-12 20:46:07 transreid.train INFO: Epoch[48] Iter[80/227] Loss: 4.050, Acc: 0.957, Base Lr: 5.24e-04 | id_global: 0.584 id_part: 3.717 tri_global: 0.058 tri_part: 0.602 lgpa_assign: 3.139
2026-07-12 20:46:11 transreid.train INFO: Epoch[48] Iter[100/227] Loss: 4.026, Acc: 0.960, Base Lr: 5.24e-04 | id_global: 0.565 id_part: 3.672 tri_global: 0.058 tri_part: 0.601 lgpa_assign: 3.157
2026-07-12 20:46:14 transreid.train INFO: Epoch[48] Iter[120/227] Loss: 3.987, Acc: 0.964, Base Lr: 5.24e-04 | id_global: 0.543 id_part: 3.614 tri_global: 0.055 tri_part: 0.600 lgpa_assign: 3.162
2026-07-12 20:46:17 transreid.train INFO: Epoch[48] Iter[140/227] Loss: 3.939, Acc: 0.967, Base Lr: 5.24e-04 | id_global: 0.523 id_part: 3.535 tri_global: 0.054 tri_part: 0.599 lgpa_assign: 3.167
2026-07-12 20:46:21 transreid.train INFO: Epoch[48] Iter[160/227] Loss: 3.903, Acc: 0.967, Base Lr: 5.24e-04 | id_global: 0.508 id_part: 3.470 tri_global: 0.053 tri_part: 0.598 lgpa_assign: 3.178
2026-07-12 20:46:24 transreid.train INFO: Epoch[48] Iter[180/227] Loss: 3.862, Acc: 0.969, Base Lr: 5.24e-04 | id_global: 0.490 id_part: 3.403 tri_global: 0.051 tri_part: 0.598 lgpa_assign: 3.182
2026-07-12 20:46:27 transreid.train INFO: Epoch[48] Iter[200/227] Loss: 3.802, Acc: 0.971, Base Lr: 5.24e-04 | id_global: 0.469 id_part: 3.292 tri_global: 0.052 tri_part: 0.598 lgpa_assign: 3.192
2026-07-12 20:46:30 transreid.train INFO: Epoch 48 done. Time per epoch: 36.624[s] Speed: 374.0[samples/s] ETA: 0h43m
2026-07-12 20:46:34 transreid.train INFO: Epoch[49] Iter[20/227] Loss: 4.019, Acc: 0.957, Base Lr: 5.14e-04 | id_global: 0.574 id_part: 3.618 tri_global: 0.059 tri_part: 0.602 lgpa_assign: 3.184
2026-07-12 20:46:37 transreid.train INFO: Epoch[49] Iter[40/227] Loss: 4.018, Acc: 0.955, Base Lr: 5.14e-04 | id_global: 0.583 id_part: 3.628 tri_global: 0.059 tri_part: 0.602 lgpa_assign: 3.164
2026-07-12 20:46:40 transreid.train INFO: Epoch[49] Iter[60/227] Loss: 4.019, Acc: 0.960, Base Lr: 5.14e-04 | id_global: 0.565 id_part: 3.656 tri_global: 0.048 tri_part: 0.600 lgpa_assign: 3.168
2026-07-12 20:46:44 transreid.train INFO: Epoch[49] Iter[80/227] Loss: 4.002, Acc: 0.962, Base Lr: 5.14e-04 | id_global: 0.554 id_part: 3.634 tri_global: 0.047 tri_part: 0.602 lgpa_assign: 3.167
2026-07-12 20:46:47 transreid.train INFO: Epoch[49] Iter[100/227] Loss: 3.970, Acc: 0.965, Base Lr: 5.14e-04 | id_global: 0.538 id_part: 3.590 tri_global: 0.052 tri_part: 0.602 lgpa_assign: 3.160
2026-07-12 20:46:50 transreid.train INFO: Epoch[49] Iter[120/227] Loss: 3.936, Acc: 0.967, Base Lr: 5.14e-04 | id_global: 0.523 id_part: 3.529 tri_global: 0.051 tri_part: 0.601 lgpa_assign: 3.165
2026-07-12 20:46:54 transreid.train INFO: Epoch[49] Iter[140/227] Loss: 3.909, Acc: 0.969, Base Lr: 5.14e-04 | id_global: 0.509 id_part: 3.488 tri_global: 0.049 tri_part: 0.600 lgpa_assign: 3.171
2026-07-12 20:46:57 transreid.train INFO: Epoch[49] Iter[160/227] Loss: 3.876, Acc: 0.971, Base Lr: 5.14e-04 | id_global: 0.494 id_part: 3.443 tri_global: 0.048 tri_part: 0.599 lgpa_assign: 3.169
2026-07-12 20:47:00 transreid.train INFO: Epoch[49] Iter[180/227] Loss: 3.833, Acc: 0.972, Base Lr: 5.14e-04 | id_global: 0.477 id_part: 3.376 tri_global: 0.048 tri_part: 0.599 lgpa_assign: 3.167
2026-07-12 20:47:04 transreid.train INFO: Epoch[49] Iter[200/227] Loss: 3.778, Acc: 0.974, Base Lr: 5.14e-04 | id_global: 0.458 id_part: 3.271 tri_global: 0.047 tri_part: 0.598 lgpa_assign: 3.180
2026-07-12 20:47:05 transreid.train INFO: Epoch 49 done. Time per epoch: 35.854[s] Speed: 376.6[samples/s] ETA: 0h42m
2026-07-12 20:47:10 transreid.train INFO: Epoch[50] Iter[20/227] Loss: 4.073, Acc: 0.958, Base Lr: 5.04e-04 | id_global: 0.591 id_part: 3.716 tri_global: 0.052 tri_part: 0.606 lgpa_assign: 3.182
2026-07-12 20:47:13 transreid.train INFO: Epoch[50] Iter[40/227] Loss: 4.042, Acc: 0.962, Base Lr: 5.04e-04 | id_global: 0.568 id_part: 3.665 tri_global: 0.066 tri_part: 0.606 lgpa_assign: 3.179
2026-07-12 20:47:16 transreid.train INFO: Epoch[50] Iter[60/227] Loss: 4.003, Acc: 0.965, Base Lr: 5.04e-04 | id_global: 0.549 id_part: 3.636 tri_global: 0.064 tri_part: 0.603 lgpa_assign: 3.154
2026-07-12 20:47:20 transreid.train INFO: Epoch[50] Iter[80/227] Loss: 3.984, Acc: 0.969, Base Lr: 5.04e-04 | id_global: 0.536 id_part: 3.618 tri_global: 0.057 tri_part: 0.600 lgpa_assign: 3.157
2026-07-12 20:47:23 transreid.train INFO: Epoch[50] Iter[100/227] Loss: 3.938, Acc: 0.970, Base Lr: 5.04e-04 | id_global: 0.516 id_part: 3.546 tri_global: 0.052 tri_part: 0.599 lgpa_assign: 3.164
2026-07-12 20:47:26 transreid.train INFO: Epoch[50] Iter[120/227] Loss: 3.909, Acc: 0.971, Base Lr: 5.04e-04 | id_global: 0.505 id_part: 3.502 tri_global: 0.051 tri_part: 0.599 lgpa_assign: 3.163
2026-07-12 20:47:30 transreid.train INFO: Epoch[50] Iter[140/227] Loss: 3.883, Acc: 0.973, Base Lr: 5.04e-04 | id_global: 0.490 id_part: 3.458 tri_global: 0.055 tri_part: 0.599 lgpa_assign: 3.165
2026-07-12 20:47:33 transreid.train INFO: Epoch[50] Iter[160/227] Loss: 3.854, Acc: 0.974, Base Lr: 5.04e-04 | id_global: 0.477 id_part: 3.405 tri_global: 0.055 tri_part: 0.599 lgpa_assign: 3.171
2026-07-12 20:47:36 transreid.train INFO: Epoch[50] Iter[180/227] Loss: 3.812, Acc: 0.974, Base Lr: 5.04e-04 | id_global: 0.463 id_part: 3.327 tri_global: 0.058 tri_part: 0.599 lgpa_assign: 3.176
2026-07-12 20:47:40 transreid.train INFO: Epoch[50] Iter[200/227] Loss: 3.762, Acc: 0.975, Base Lr: 5.04e-04 | id_global: 0.447 id_part: 3.226 tri_global: 0.060 tri_part: 0.599 lgpa_assign: 3.191
2026-07-12 20:47:41 transreid.train INFO: Epoch 50 done. Time per epoch: 36.097[s] Speed: 374.1[samples/s] ETA: 0h42m
The test feature is normalized
=> Computing DistMat with euclidean_distance
2026-07-12 20:48:11 transreid.train INFO: Validation Results - Epoch: 50
2026-07-12 20:48:11 transreid.train INFO: mAP: 54.3%
2026-07-12 20:48:11 transreid.train INFO: CMC curve, Rank-1  :64.0%
2026-07-12 20:48:11 transreid.train INFO: CMC curve, Rank-5  :76.9%
2026-07-12 20:48:11 transreid.train INFO: CMC curve, Rank-10 :82.0%
2026-07-12 20:48:15 transreid.train INFO: Epoch[51] Iter[20/227] Loss: 3.979, Acc: 0.969, Base Lr: 4.94e-04 | id_global: 0.521 id_part: 3.605 tri_global: 0.054 tri_part: 0.594 lgpa_assign: 3.184
2026-07-12 20:48:19 transreid.train INFO: Epoch[51] Iter[40/227] Loss: 3.981, Acc: 0.965, Base Lr: 4.94e-04 | id_global: 0.542 id_part: 3.637 tri_global: 0.049 tri_part: 0.599 lgpa_assign: 3.134
2026-07-12 20:48:22 transreid.train INFO: Epoch[51] Iter[60/227] Loss: 3.981, Acc: 0.964, Base Lr: 4.94e-04 | id_global: 0.539 id_part: 3.651 tri_global: 0.051 tri_part: 0.598 lgpa_assign: 3.124
2026-07-12 20:48:25 transreid.train INFO: Epoch[51] Iter[80/227] Loss: 3.959, Acc: 0.968, Base Lr: 4.94e-04 | id_global: 0.528 id_part: 3.614 tri_global: 0.050 tri_part: 0.600 lgpa_assign: 3.125
2026-07-12 20:48:29 transreid.train INFO: Epoch[51] Iter[100/227] Loss: 3.923, Acc: 0.970, Base Lr: 4.94e-04 | id_global: 0.513 id_part: 3.567 tri_global: 0.049 tri_part: 0.600 lgpa_assign: 3.117
2026-07-12 20:48:32 transreid.train INFO: Epoch[51] Iter[120/227] Loss: 3.901, Acc: 0.970, Base Lr: 4.94e-04 | id_global: 0.502 id_part: 3.520 tri_global: 0.053 tri_part: 0.599 lgpa_assign: 3.128
2026-07-12 20:48:35 transreid.train INFO: Epoch[51] Iter[140/227] Loss: 3.858, Acc: 0.973, Base Lr: 4.94e-04 | id_global: 0.482 id_part: 3.458 tri_global: 0.050 tri_part: 0.598 lgpa_assign: 3.128
2026-07-12 20:48:38 transreid.train INFO: Epoch[51] Iter[160/227] Loss: 3.817, Acc: 0.973, Base Lr: 4.94e-04 | id_global: 0.468 id_part: 3.385 tri_global: 0.053 tri_part: 0.598 lgpa_assign: 3.130
2026-07-12 20:48:42 transreid.train INFO: Epoch[51] Iter[180/227] Loss: 3.767, Acc: 0.975, Base Lr: 4.94e-04 | id_global: 0.449 id_part: 3.302 tri_global: 0.050 tri_part: 0.598 lgpa_assign: 3.136
2026-07-12 20:48:45 transreid.train INFO: Epoch[51] Iter[200/227] Loss: 3.713, Acc: 0.976, Base Lr: 4.94e-04 | id_global: 0.432 id_part: 3.197 tri_global: 0.054 tri_part: 0.598 lgpa_assign: 3.145
2026-07-12 20:48:47 transreid.train INFO: Epoch 51 done. Time per epoch: 36.020[s] Speed: 374.9[samples/s] ETA: 0h41m
2026-07-12 20:48:51 transreid.train INFO: Epoch[52] Iter[20/227] Loss: 4.055, Acc: 0.956, Base Lr: 4.84e-04 | id_global: 0.570 id_part: 3.707 tri_global: 0.072 tri_part: 0.601 lgpa_assign: 3.160
2026-07-12 20:48:55 transreid.train INFO: Epoch[52] Iter[40/227] Loss: 4.006, Acc: 0.962, Base Lr: 4.84e-04 | id_global: 0.540 id_part: 3.651 tri_global: 0.057 tri_part: 0.600 lgpa_assign: 3.164
2026-07-12 20:48:58 transreid.train INFO: Epoch[52] Iter[60/227] Loss: 3.934, Acc: 0.967, Base Lr: 4.84e-04 | id_global: 0.513 id_part: 3.562 tri_global: 0.067 tri_part: 0.598 lgpa_assign: 3.129
2026-07-12 20:49:01 transreid.train INFO: Epoch[52] Iter[80/227] Loss: 3.908, Acc: 0.970, Base Lr: 4.84e-04 | id_global: 0.494 id_part: 3.523 tri_global: 0.061 tri_part: 0.598 lgpa_assign: 3.140
2026-07-12 20:49:05 transreid.train INFO: Epoch[52] Iter[100/227] Loss: 3.871, Acc: 0.972, Base Lr: 4.84e-04 | id_global: 0.475 id_part: 3.482 tri_global: 0.060 tri_part: 0.598 lgpa_assign: 3.127
2026-07-12 20:49:08 transreid.train INFO: Epoch[52] Iter[120/227] Loss: 3.856, Acc: 0.974, Base Lr: 4.84e-04 | id_global: 0.470 id_part: 3.463 tri_global: 0.057 tri_part: 0.598 lgpa_assign: 3.123
2026-07-12 20:49:11 transreid.train INFO: Epoch[52] Iter[140/227] Loss: 3.818, Acc: 0.975, Base Lr: 4.84e-04 | id_global: 0.456 id_part: 3.413 tri_global: 0.057 tri_part: 0.598 lgpa_assign: 3.110
2026-07-12 20:49:15 transreid.train INFO: Epoch[52] Iter[160/227] Loss: 3.776, Acc: 0.976, Base Lr: 4.84e-04 | id_global: 0.446 id_part: 3.346 tri_global: 0.056 tri_part: 0.599 lgpa_assign: 3.105
2026-07-12 20:49:18 transreid.train INFO: Epoch[52] Iter[180/227] Loss: 3.732, Acc: 0.977, Base Lr: 4.84e-04 | id_global: 0.431 id_part: 3.269 tri_global: 0.056 tri_part: 0.597 lgpa_assign: 3.111
2026-07-12 20:49:21 transreid.train INFO: Epoch[52] Iter[200/227] Loss: 3.677, Acc: 0.978, Base Lr: 4.84e-04 | id_global: 0.414 id_part: 3.161 tri_global: 0.057 tri_part: 0.597 lgpa_assign: 3.125
2026-07-12 20:49:23 transreid.train INFO: Epoch 52 done. Time per epoch: 36.146[s] Speed: 373.6[samples/s] ETA: 0h40m
2026-07-12 20:49:27 transreid.train INFO: Epoch[53] Iter[20/227] Loss: 3.964, Acc: 0.972, Base Lr: 4.74e-04 | id_global: 0.490 id_part: 3.615 tri_global: 0.033 tri_part: 0.595 lgpa_assign: 3.194
2026-07-12 20:49:31 transreid.train INFO: Epoch[53] Iter[40/227] Loss: 3.925, Acc: 0.971, Base Lr: 4.74e-04 | id_global: 0.487 id_part: 3.544 tri_global: 0.045 tri_part: 0.595 lgpa_assign: 3.178
2026-07-12 20:49:34 transreid.train INFO: Epoch[53] Iter[60/227] Loss: 3.897, Acc: 0.970, Base Lr: 4.74e-04 | id_global: 0.488 id_part: 3.523 tri_global: 0.047 tri_part: 0.594 lgpa_assign: 3.142
2026-07-12 20:49:37 transreid.train INFO: Epoch[53] Iter[80/227] Loss: 3.858, Acc: 0.971, Base Lr: 4.74e-04 | id_global: 0.471 id_part: 3.470 tri_global: 0.044 tri_part: 0.594 lgpa_assign: 3.138
2026-07-12 20:49:41 transreid.train INFO: Epoch[53] Iter[100/227] Loss: 3.843, Acc: 0.970, Base Lr: 4.74e-04 | id_global: 0.465 id_part: 3.440 tri_global: 0.050 tri_part: 0.595 lgpa_assign: 3.135
2026-07-12 20:49:44 transreid.train INFO: Epoch[53] Iter[120/227] Loss: 3.808, Acc: 0.972, Base Lr: 4.74e-04 | id_global: 0.452 id_part: 3.398 tri_global: 0.049 tri_part: 0.595 lgpa_assign: 3.123
2026-07-12 20:49:47 transreid.train INFO: Epoch[53] Iter[140/227] Loss: 3.773, Acc: 0.973, Base Lr: 4.74e-04 | id_global: 0.441 id_part: 3.343 tri_global: 0.048 tri_part: 0.595 lgpa_assign: 3.119
2026-07-12 20:49:51 transreid.train INFO: Epoch[53] Iter[160/227] Loss: 3.741, Acc: 0.974, Base Lr: 4.74e-04 | id_global: 0.430 id_part: 3.278 tri_global: 0.053 tri_part: 0.596 lgpa_assign: 3.126
2026-07-12 20:49:54 transreid.train INFO: Epoch[53] Iter[180/227] Loss: 3.697, Acc: 0.976, Base Lr: 4.74e-04 | id_global: 0.415 id_part: 3.207 tri_global: 0.051 tri_part: 0.595 lgpa_assign: 3.127
2026-07-12 20:49:57 transreid.train INFO: Epoch[53] Iter[200/227] Loss: 3.639, Acc: 0.977, Base Lr: 4.74e-04 | id_global: 0.397 id_part: 3.109 tri_global: 0.050 tri_part: 0.595 lgpa_assign: 3.128
2026-07-12 20:49:59 transreid.train INFO: Epoch 53 done. Time per epoch: 36.199[s] Speed: 374.8[samples/s] ETA: 0h40m
2026-07-12 20:50:04 transreid.train INFO: Epoch[54] Iter[20/227] Loss: 4.026, Acc: 0.964, Base Lr: 4.63e-04 | id_global: 0.543 id_part: 3.649 tri_global: 0.078 tri_part: 0.609 lgpa_assign: 3.173
2026-07-12 20:50:07 transreid.train INFO: Epoch[54] Iter[40/227] Loss: 3.952, Acc: 0.968, Base Lr: 4.63e-04 | id_global: 0.515 id_part: 3.600 tri_global: 0.068 tri_part: 0.604 lgpa_assign: 3.117
2026-07-12 20:50:10 transreid.train INFO: Epoch[54] Iter[60/227] Loss: 3.907, Acc: 0.970, Base Lr: 4.63e-04 | id_global: 0.496 id_part: 3.569 tri_global: 0.059 tri_part: 0.602 lgpa_assign: 3.089
2026-07-12 20:50:14 transreid.train INFO: Epoch[54] Iter[80/227] Loss: 3.861, Acc: 0.972, Base Lr: 4.63e-04 | id_global: 0.478 id_part: 3.507 tri_global: 0.054 tri_part: 0.601 lgpa_assign: 3.081
2026-07-12 20:50:17 transreid.train INFO: Epoch[54] Iter[100/227] Loss: 3.817, Acc: 0.972, Base Lr: 4.63e-04 | id_global: 0.460 id_part: 3.448 tri_global: 0.049 tri_part: 0.599 lgpa_assign: 3.077
2026-07-12 20:50:20 transreid.train INFO: Epoch[54] Iter[120/227] Loss: 3.798, Acc: 0.973, Base Lr: 4.63e-04 | id_global: 0.449 id_part: 3.423 tri_global: 0.049 tri_part: 0.598 lgpa_assign: 3.077
2026-07-12 20:50:23 transreid.train INFO: Epoch[54] Iter[140/227] Loss: 3.755, Acc: 0.975, Base Lr: 4.63e-04 | id_global: 0.432 id_part: 3.347 tri_global: 0.046 tri_part: 0.597 lgpa_assign: 3.088
2026-07-12 20:50:27 transreid.train INFO: Epoch[54] Iter[160/227] Loss: 3.714, Acc: 0.977, Base Lr: 4.63e-04 | id_global: 0.415 id_part: 3.281 tri_global: 0.045 tri_part: 0.596 lgpa_assign: 3.092
2026-07-12 20:50:30 transreid.train INFO: Epoch[54] Iter[180/227] Loss: 3.669, Acc: 0.977, Base Lr: 4.63e-04 | id_global: 0.403 id_part: 3.197 tri_global: 0.045 tri_part: 0.596 lgpa_assign: 3.097
2026-07-12 20:50:33 transreid.train INFO: Epoch[54] Iter[200/227] Loss: 3.615, Acc: 0.978, Base Lr: 4.63e-04 | id_global: 0.387 id_part: 3.095 tri_global: 0.045 tri_part: 0.596 lgpa_assign: 3.107
2026-07-12 20:50:35 transreid.train INFO: Epoch 54 done. Time per epoch: 36.188[s] Speed: 374.9[samples/s] ETA: 0h39m
2026-07-12 20:50:40 transreid.train INFO: Epoch[55] Iter[20/227] Loss: 3.835, Acc: 0.967, Base Lr: 4.53e-04 | id_global: 0.472 id_part: 3.442 tri_global: 0.041 tri_part: 0.598 lgpa_assign: 3.116
2026-07-12 20:50:43 transreid.train INFO: Epoch[55] Iter[40/227] Loss: 3.823, Acc: 0.969, Base Lr: 4.53e-04 | id_global: 0.466 id_part: 3.439 tri_global: 0.045 tri_part: 0.596 lgpa_assign: 3.101
2026-07-12 20:50:46 transreid.train INFO: Epoch[55] Iter[60/227] Loss: 3.824, Acc: 0.972, Base Lr: 4.53e-04 | id_global: 0.458 id_part: 3.455 tri_global: 0.043 tri_part: 0.595 lgpa_assign: 3.097
2026-07-12 20:50:50 transreid.train INFO: Epoch[55] Iter[80/227] Loss: 3.803, Acc: 0.974, Base Lr: 4.53e-04 | id_global: 0.443 id_part: 3.415 tri_global: 0.044 tri_part: 0.596 lgpa_assign: 3.108
2026-07-12 20:50:53 transreid.train INFO: Epoch[55] Iter[100/227] Loss: 3.773, Acc: 0.976, Base Lr: 4.53e-04 | id_global: 0.432 id_part: 3.376 tri_global: 0.041 tri_part: 0.596 lgpa_assign: 3.100
2026-07-12 20:50:56 transreid.train INFO: Epoch[55] Iter[120/227] Loss: 3.746, Acc: 0.977, Base Lr: 4.53e-04 | id_global: 0.422 id_part: 3.340 tri_global: 0.047 tri_part: 0.597 lgpa_assign: 3.087
2026-07-12 20:51:00 transreid.train INFO: Epoch[55] Iter[140/227] Loss: 3.721, Acc: 0.978, Base Lr: 4.53e-04 | id_global: 0.414 id_part: 3.298 tri_global: 0.048 tri_part: 0.596 lgpa_assign: 3.085
2026-07-12 20:51:03 transreid.train INFO: Epoch[55] Iter[160/227] Loss: 3.688, Acc: 0.980, Base Lr: 4.53e-04 | id_global: 0.400 id_part: 3.237 tri_global: 0.048 tri_part: 0.596 lgpa_assign: 3.096
2026-07-12 20:51:06 transreid.train INFO: Epoch[55] Iter[180/227] Loss: 3.641, Acc: 0.981, Base Lr: 4.53e-04 | id_global: 0.385 id_part: 3.157 tri_global: 0.046 tri_part: 0.595 lgpa_assign: 3.098
2026-07-12 20:51:10 transreid.train INFO: Epoch[55] Iter[200/227] Loss: 3.582, Acc: 0.981, Base Lr: 4.53e-04 | id_global: 0.370 id_part: 3.059 tri_global: 0.045 tri_part: 0.595 lgpa_assign: 3.094
2026-07-12 20:51:12 transreid.train INFO: Epoch 55 done. Time per epoch: 36.428[s] Speed: 374.2[samples/s] ETA: 0h39m
2026-07-12 20:51:16 transreid.train INFO: Epoch[56] Iter[20/227] Loss: 3.847, Acc: 0.975, Base Lr: 4.43e-04 | id_global: 0.444 id_part: 3.494 tri_global: 0.040 tri_part: 0.591 lgpa_assign: 3.125
2026-07-12 20:51:20 transreid.train INFO: Epoch[56] Iter[40/227] Loss: 3.798, Acc: 0.977, Base Lr: 4.43e-04 | id_global: 0.439 id_part: 3.423 tri_global: 0.043 tri_part: 0.593 lgpa_assign: 3.097
2026-07-12 20:51:23 transreid.train INFO: Epoch[56] Iter[60/227] Loss: 3.767, Acc: 0.978, Base Lr: 4.43e-04 | id_global: 0.425 id_part: 3.376 tri_global: 0.046 tri_part: 0.593 lgpa_assign: 3.095
2026-07-12 20:51:26 transreid.train INFO: Epoch[56] Iter[80/227] Loss: 3.759, Acc: 0.978, Base Lr: 4.43e-04 | id_global: 0.418 id_part: 3.345 tri_global: 0.046 tri_part: 0.592 lgpa_assign: 3.115
2026-07-12 20:51:30 transreid.train INFO: Epoch[56] Iter[100/227] Loss: 3.744, Acc: 0.979, Base Lr: 4.43e-04 | id_global: 0.412 id_part: 3.334 tri_global: 0.045 tri_part: 0.593 lgpa_assign: 3.104
2026-07-12 20:51:33 transreid.train INFO: Epoch[56] Iter[120/227] Loss: 3.723, Acc: 0.979, Base Lr: 4.43e-04 | id_global: 0.409 id_part: 3.305 tri_global: 0.048 tri_part: 0.594 lgpa_assign: 3.090
2026-07-12 20:51:36 transreid.train INFO: Epoch[56] Iter[140/227] Loss: 3.694, Acc: 0.980, Base Lr: 4.43e-04 | id_global: 0.397 id_part: 3.250 tri_global: 0.048 tri_part: 0.594 lgpa_assign: 3.100
2026-07-12 20:51:40 transreid.train INFO: Epoch[56] Iter[160/227] Loss: 3.653, Acc: 0.981, Base Lr: 4.43e-04 | id_global: 0.385 id_part: 3.193 tri_global: 0.046 tri_part: 0.594 lgpa_assign: 3.089
2026-07-12 20:51:43 transreid.train INFO: Epoch[56] Iter[180/227] Loss: 3.613, Acc: 0.981, Base Lr: 4.43e-04 | id_global: 0.376 id_part: 3.133 tri_global: 0.047 tri_part: 0.593 lgpa_assign: 3.078
2026-07-12 20:51:46 transreid.train INFO: Epoch[56] Iter[200/227] Loss: 3.554, Acc: 0.981, Base Lr: 4.43e-04 | id_global: 0.360 id_part: 3.028 tri_global: 0.045 tri_part: 0.592 lgpa_assign: 3.082
2026-07-12 20:51:48 transreid.train INFO: Epoch 56 done. Time per epoch: 36.326[s] Speed: 373.5[samples/s] ETA: 0h38m
2026-07-12 20:51:53 transreid.train INFO: Epoch[57] Iter[20/227] Loss: 3.712, Acc: 0.973, Base Lr: 4.32e-04 | id_global: 0.421 id_part: 3.329 tri_global: 0.035 tri_part: 0.591 lgpa_assign: 3.049
2026-07-12 20:51:56 transreid.train INFO: Epoch[57] Iter[40/227] Loss: 3.686, Acc: 0.975, Base Lr: 4.32e-04 | id_global: 0.410 id_part: 3.306 tri_global: 0.045 tri_part: 0.593 lgpa_assign: 3.018
2026-07-12 20:51:59 transreid.train INFO: Epoch[57] Iter[60/227] Loss: 3.672, Acc: 0.976, Base Lr: 4.32e-04 | id_global: 0.404 id_part: 3.301 tri_global: 0.045 tri_part: 0.595 lgpa_assign: 2.999
2026-07-12 20:52:02 transreid.train INFO: Epoch[57] Iter[80/227] Loss: 3.658, Acc: 0.977, Base Lr: 4.32e-04 | id_global: 0.395 id_part: 3.267 tri_global: 0.045 tri_part: 0.593 lgpa_assign: 3.016
2026-07-12 20:52:06 transreid.train INFO: Epoch[57] Iter[100/227] Loss: 3.660, Acc: 0.977, Base Lr: 4.32e-04 | id_global: 0.396 id_part: 3.260 tri_global: 0.047 tri_part: 0.595 lgpa_assign: 3.023
2026-07-12 20:52:09 transreid.train INFO: Epoch[57] Iter[120/227] Loss: 3.643, Acc: 0.979, Base Lr: 4.32e-04 | id_global: 0.389 id_part: 3.237 tri_global: 0.049 tri_part: 0.595 lgpa_assign: 3.016
2026-07-12 20:52:12 transreid.train INFO: Epoch[57] Iter[140/227] Loss: 3.612, Acc: 0.980, Base Lr: 4.32e-04 | id_global: 0.377 id_part: 3.183 tri_global: 0.048 tri_part: 0.594 lgpa_assign: 3.020
2026-07-12 20:52:16 transreid.train INFO: Epoch[57] Iter[160/227] Loss: 3.589, Acc: 0.980, Base Lr: 4.32e-04 | id_global: 0.369 id_part: 3.142 tri_global: 0.048 tri_part: 0.594 lgpa_assign: 3.025
2026-07-12 20:52:19 transreid.train INFO: Epoch[57] Iter[180/227] Loss: 3.564, Acc: 0.981, Base Lr: 4.32e-04 | id_global: 0.362 id_part: 3.077 tri_global: 0.050 tri_part: 0.594 lgpa_assign: 3.045
2026-07-12 20:52:22 transreid.train INFO: Epoch[57] Iter[200/227] Loss: 3.518, Acc: 0.981, Base Lr: 4.32e-04 | id_global: 0.351 id_part: 2.986 tri_global: 0.048 tri_part: 0.593 lgpa_assign: 3.059
2026-07-12 20:52:24 transreid.train INFO: Epoch 57 done. Time per epoch: 35.995[s] Speed: 375.2[samples/s] ETA: 0h37m
2026-07-12 20:52:29 transreid.train INFO: Epoch[58] Iter[20/227] Loss: 3.703, Acc: 0.971, Base Lr: 4.22e-04 | id_global: 0.415 id_part: 3.329 tri_global: 0.043 tri_part: 0.589 lgpa_assign: 3.028
2026-07-12 20:52:32 transreid.train INFO: Epoch[58] Iter[40/227] Loss: 3.693, Acc: 0.975, Base Lr: 4.22e-04 | id_global: 0.416 id_part: 3.332 tri_global: 0.044 tri_part: 0.592 lgpa_assign: 3.003
2026-07-12 20:52:35 transreid.train INFO: Epoch[58] Iter[60/227] Loss: 3.711, Acc: 0.977, Base Lr: 4.22e-04 | id_global: 0.416 id_part: 3.356 tri_global: 0.045 tri_part: 0.594 lgpa_assign: 3.011
2026-07-12 20:52:39 transreid.train INFO: Epoch[58] Iter[80/227] Loss: 3.675, Acc: 0.977, Base Lr: 4.22e-04 | id_global: 0.406 id_part: 3.303 tri_global: 0.047 tri_part: 0.595 lgpa_assign: 2.999
2026-07-12 20:52:42 transreid.train INFO: Epoch[58] Iter[100/227] Loss: 3.678, Acc: 0.977, Base Lr: 4.22e-04 | id_global: 0.402 id_part: 3.301 tri_global: 0.046 tri_part: 0.594 lgpa_assign: 3.013
2026-07-12 20:52:45 transreid.train INFO: Epoch[58] Iter[120/227] Loss: 3.637, Acc: 0.978, Base Lr: 4.22e-04 | id_global: 0.390 id_part: 3.244 tri_global: 0.042 tri_part: 0.594 lgpa_assign: 3.003
2026-07-12 20:52:48 transreid.train INFO: Epoch[58] Iter[140/227] Loss: 3.617, Acc: 0.980, Base Lr: 4.22e-04 | id_global: 0.379 id_part: 3.200 tri_global: 0.041 tri_part: 0.594 lgpa_assign: 3.019
2026-07-12 20:52:52 transreid.train INFO: Epoch[58] Iter[160/227] Loss: 3.585, Acc: 0.981, Base Lr: 4.22e-04 | id_global: 0.367 id_part: 3.137 tri_global: 0.041 tri_part: 0.593 lgpa_assign: 3.030
2026-07-12 20:52:55 transreid.train INFO: Epoch[58] Iter[180/227] Loss: 3.550, Acc: 0.982, Base Lr: 4.22e-04 | id_global: 0.356 id_part: 3.066 tri_global: 0.041 tri_part: 0.593 lgpa_assign: 3.043
2026-07-12 20:52:58 transreid.train INFO: Epoch[58] Iter[200/227] Loss: 3.494, Acc: 0.982, Base Lr: 4.22e-04 | id_global: 0.343 id_part: 2.962 tri_global: 0.040 tri_part: 0.592 lgpa_assign: 3.052
2026-07-12 20:53:00 transreid.train INFO: Epoch 58 done. Time per epoch: 36.331[s] Speed: 373.5[samples/s] ETA: 0h37m
2026-07-12 20:53:05 transreid.train INFO: Epoch[59] Iter[20/227] Loss: 3.703, Acc: 0.984, Base Lr: 4.11e-04 | id_global: 0.373 id_part: 3.398 tri_global: 0.060 tri_part: 0.583 lgpa_assign: 2.991
2026-07-12 20:53:08 transreid.train INFO: Epoch[59] Iter[40/227] Loss: 3.731, Acc: 0.983, Base Lr: 4.11e-04 | id_global: 0.391 id_part: 3.397 tri_global: 0.057 tri_part: 0.586 lgpa_assign: 3.030
2026-07-12 20:53:12 transreid.train INFO: Epoch[59] Iter[60/227] Loss: 3.691, Acc: 0.981, Base Lr: 4.11e-04 | id_global: 0.384 id_part: 3.330 tri_global: 0.048 tri_part: 0.587 lgpa_assign: 3.032
2026-07-12 20:53:15 transreid.train INFO: Epoch[59] Iter[80/227] Loss: 3.670, Acc: 0.981, Base Lr: 4.11e-04 | id_global: 0.375 id_part: 3.299 tri_global: 0.046 tri_part: 0.588 lgpa_assign: 3.032
2026-07-12 20:53:18 transreid.train INFO: Epoch[59] Iter[100/227] Loss: 3.661, Acc: 0.980, Base Lr: 4.11e-04 | id_global: 0.374 id_part: 3.277 tri_global: 0.048 tri_part: 0.589 lgpa_assign: 3.034
2026-07-12 20:53:21 transreid.train INFO: Epoch[59] Iter[120/227] Loss: 3.627, Acc: 0.981, Base Lr: 4.11e-04 | id_global: 0.365 id_part: 3.222 tri_global: 0.046 tri_part: 0.590 lgpa_assign: 3.032
2026-07-12 20:53:25 transreid.train INFO: Epoch[59] Iter[140/227] Loss: 3.584, Acc: 0.982, Base Lr: 4.11e-04 | id_global: 0.353 id_part: 3.152 tri_global: 0.044 tri_part: 0.590 lgpa_assign: 3.029
2026-07-12 20:53:28 transreid.train INFO: Epoch[59] Iter[160/227] Loss: 3.552, Acc: 0.983, Base Lr: 4.11e-04 | id_global: 0.343 id_part: 3.089 tri_global: 0.045 tri_part: 0.590 lgpa_assign: 3.037
2026-07-12 20:53:31 transreid.train INFO: Epoch[59] Iter[180/227] Loss: 3.520, Acc: 0.983, Base Lr: 4.11e-04 | id_global: 0.336 id_part: 3.030 tri_global: 0.044 tri_part: 0.590 lgpa_assign: 3.040
2026-07-12 20:53:35 transreid.train INFO: Epoch[59] Iter[200/227] Loss: 3.462, Acc: 0.984, Base Lr: 4.11e-04 | id_global: 0.322 id_part: 2.922 tri_global: 0.043 tri_part: 0.589 lgpa_assign: 3.049
2026-07-12 20:53:37 transreid.train INFO: Epoch 59 done. Time per epoch: 36.361[s] Speed: 374.9[samples/s] ETA: 0h36m
2026-07-12 20:53:41 transreid.train INFO: Epoch[60] Iter[20/227] Loss: 3.735, Acc: 0.974, Base Lr: 4.01e-04 | id_global: 0.410 id_part: 3.373 tri_global: 0.047 tri_part: 0.593 lgpa_assign: 3.048
2026-07-12 20:53:45 transreid.train INFO: Epoch[60] Iter[40/227] Loss: 3.737, Acc: 0.975, Base Lr: 4.01e-04 | id_global: 0.409 id_part: 3.361 tri_global: 0.061 tri_part: 0.590 lgpa_assign: 3.052
2026-07-12 20:53:48 transreid.train INFO: Epoch[60] Iter[60/227] Loss: 3.691, Acc: 0.979, Base Lr: 4.01e-04 | id_global: 0.386 id_part: 3.303 tri_global: 0.055 tri_part: 0.591 lgpa_assign: 3.046
2026-07-12 20:53:51 transreid.train INFO: Epoch[60] Iter[80/227] Loss: 3.664, Acc: 0.980, Base Lr: 4.01e-04 | id_global: 0.376 id_part: 3.271 tri_global: 0.051 tri_part: 0.591 lgpa_assign: 3.039
2026-07-12 20:53:55 transreid.train INFO: Epoch[60] Iter[100/227] Loss: 3.624, Acc: 0.981, Base Lr: 4.01e-04 | id_global: 0.367 id_part: 3.214 tri_global: 0.050 tri_part: 0.591 lgpa_assign: 3.027
2026-07-12 20:53:58 transreid.train INFO: Epoch[60] Iter[120/227] Loss: 3.592, Acc: 0.982, Base Lr: 4.01e-04 | id_global: 0.356 id_part: 3.166 tri_global: 0.047 tri_part: 0.591 lgpa_assign: 3.024
2026-07-12 20:54:01 transreid.train INFO: Epoch[60] Iter[140/227] Loss: 3.561, Acc: 0.982, Base Lr: 4.01e-04 | id_global: 0.348 id_part: 3.121 tri_global: 0.046 tri_part: 0.591 lgpa_assign: 3.017
2026-07-12 20:54:05 transreid.train INFO: Epoch[60] Iter[160/227] Loss: 3.519, Acc: 0.982, Base Lr: 4.01e-04 | id_global: 0.339 id_part: 3.061 tri_global: 0.044 tri_part: 0.590 lgpa_assign: 3.004
2026-07-12 20:54:08 transreid.train INFO: Epoch[60] Iter[180/227] Loss: 3.482, Acc: 0.983, Base Lr: 4.01e-04 | id_global: 0.330 id_part: 2.990 tri_global: 0.045 tri_part: 0.590 lgpa_assign: 3.010
2026-07-12 20:54:11 transreid.train INFO: Epoch[60] Iter[200/227] Loss: 3.435, Acc: 0.984, Base Lr: 4.01e-04 | id_global: 0.318 id_part: 2.899 tri_global: 0.047 tri_part: 0.590 lgpa_assign: 3.016
2026-07-12 20:54:13 transreid.train INFO: Epoch 60 done. Time per epoch: 36.187[s] Speed: 373.2[samples/s] ETA: 0h36m
The test feature is normalized
=> Computing DistMat with euclidean_distance
2026-07-12 20:54:42 transreid.train INFO: Validation Results - Epoch: 60
2026-07-12 20:54:42 transreid.train INFO: mAP: 56.6%
2026-07-12 20:54:42 transreid.train INFO: CMC curve, Rank-1  :66.1%
2026-07-12 20:54:42 transreid.train INFO: CMC curve, Rank-5  :79.3%
2026-07-12 20:54:42 transreid.train INFO: CMC curve, Rank-10 :83.4%
2026-07-12 20:54:47 transreid.train INFO: Epoch[61] Iter[20/227] Loss: 3.705, Acc: 0.973, Base Lr: 3.90e-04 | id_global: 0.411 id_part: 3.376 tri_global: 0.038 tri_part: 0.598 lgpa_assign: 2.987
2026-07-12 20:54:50 transreid.train INFO: Epoch[61] Iter[40/227] Loss: 3.648, Acc: 0.979, Base Lr: 3.90e-04 | id_global: 0.378 id_part: 3.308 tri_global: 0.030 tri_part: 0.590 lgpa_assign: 2.988
2026-07-12 20:54:53 transreid.train INFO: Epoch[61] Iter[60/227] Loss: 3.607, Acc: 0.979, Base Lr: 3.90e-04 | id_global: 0.371 id_part: 3.253 tri_global: 0.037 tri_part: 0.590 lgpa_assign: 2.962
2026-07-12 20:54:57 transreid.train INFO: Epoch[61] Iter[80/227] Loss: 3.582, Acc: 0.980, Base Lr: 3.90e-04 | id_global: 0.356 id_part: 3.205 tri_global: 0.034 tri_part: 0.588 lgpa_assign: 2.982
2026-07-12 20:55:00 transreid.train INFO: Epoch[61] Iter[100/227] Loss: 3.573, Acc: 0.981, Base Lr: 3.90e-04 | id_global: 0.352 id_part: 3.189 tri_global: 0.039 tri_part: 0.588 lgpa_assign: 2.979
2026-07-12 20:55:03 transreid.train INFO: Epoch[61] Iter[120/227] Loss: 3.537, Acc: 0.980, Base Lr: 3.90e-04 | id_global: 0.345 id_part: 3.121 tri_global: 0.037 tri_part: 0.587 lgpa_assign: 2.984
2026-07-12 20:55:07 transreid.train INFO: Epoch[61] Iter[140/227] Loss: 3.520, Acc: 0.981, Base Lr: 3.90e-04 | id_global: 0.340 id_part: 3.095 tri_global: 0.039 tri_part: 0.588 lgpa_assign: 2.976
2026-07-12 20:55:10 transreid.train INFO: Epoch[61] Iter[160/227] Loss: 3.488, Acc: 0.982, Base Lr: 3.90e-04 | id_global: 0.332 id_part: 3.040 tri_global: 0.037 tri_part: 0.588 lgpa_assign: 2.979
2026-07-12 20:55:13 transreid.train INFO: Epoch[61] Iter[180/227] Loss: 3.448, Acc: 0.983, Base Lr: 3.90e-04 | id_global: 0.320 id_part: 2.968 tri_global: 0.035 tri_part: 0.588 lgpa_assign: 2.984
2026-07-12 20:55:16 transreid.train INFO: Epoch[61] Iter[200/227] Loss: 3.399, Acc: 0.983, Base Lr: 3.90e-04 | id_global: 0.306 id_part: 2.865 tri_global: 0.034 tri_part: 0.587 lgpa_assign: 3.005
2026-07-12 20:55:18 transreid.train INFO: Epoch 61 done. Time per epoch: 36.084[s] Speed: 374.2[samples/s] ETA: 0h35m
2026-07-12 20:55:23 transreid.train INFO: Epoch[62] Iter[20/227] Loss: 3.614, Acc: 0.977, Base Lr: 3.80e-04 | id_global: 0.363 id_part: 3.230 tri_global: 0.026 tri_part: 0.582 lgpa_assign: 3.028
2026-07-12 20:55:26 transreid.train INFO: Epoch[62] Iter[40/227] Loss: 3.643, Acc: 0.978, Base Lr: 3.80e-04 | id_global: 0.372 id_part: 3.266 tri_global: 0.049 tri_part: 0.591 lgpa_assign: 3.008
2026-07-12 20:55:29 transreid.train INFO: Epoch[62] Iter[60/227] Loss: 3.629, Acc: 0.974, Base Lr: 3.80e-04 | id_global: 0.377 id_part: 3.253 tri_global: 0.045 tri_part: 0.593 lgpa_assign: 2.991
2026-07-12 20:55:33 transreid.train INFO: Epoch[62] Iter[80/227] Loss: 3.623, Acc: 0.974, Base Lr: 3.80e-04 | id_global: 0.375 id_part: 3.234 tri_global: 0.048 tri_part: 0.594 lgpa_assign: 2.995
2026-07-12 20:55:36 transreid.train INFO: Epoch[62] Iter[100/227] Loss: 3.576, Acc: 0.976, Base Lr: 3.80e-04 | id_global: 0.360 id_part: 3.169 tri_global: 0.046 tri_part: 0.592 lgpa_assign: 2.985
2026-07-12 20:55:39 transreid.train INFO: Epoch[62] Iter[120/227] Loss: 3.548, Acc: 0.979, Base Lr: 3.80e-04 | id_global: 0.348 id_part: 3.121 tri_global: 0.044 tri_part: 0.592 lgpa_assign: 2.992
2026-07-12 20:55:43 transreid.train INFO: Epoch[62] Iter[140/227] Loss: 3.510, Acc: 0.981, Base Lr: 3.80e-04 | id_global: 0.336 id_part: 3.062 tri_global: 0.040 tri_part: 0.591 lgpa_assign: 2.990
2026-07-12 20:55:46 transreid.train INFO: Epoch[62] Iter[160/227] Loss: 3.479, Acc: 0.982, Base Lr: 3.80e-04 | id_global: 0.327 id_part: 3.006 tri_global: 0.042 tri_part: 0.590 lgpa_assign: 2.992
2026-07-12 20:55:49 transreid.train INFO: Epoch[62] Iter[180/227] Loss: 3.444, Acc: 0.982, Base Lr: 3.80e-04 | id_global: 0.318 id_part: 2.936 tri_global: 0.040 tri_part: 0.590 lgpa_assign: 3.003
2026-07-12 20:55:53 transreid.train INFO: Epoch[62] Iter[200/227] Loss: 3.388, Acc: 0.982, Base Lr: 3.80e-04 | id_global: 0.305 id_part: 2.841 tri_global: 0.039 tri_part: 0.589 lgpa_assign: 3.001
2026-07-12 20:55:55 transreid.train INFO: Epoch 62 done. Time per epoch: 36.397[s] Speed: 374.5[samples/s] ETA: 0h35m
2026-07-12 20:55:59 transreid.train INFO: Epoch[63] Iter[20/227] Loss: 3.598, Acc: 0.974, Base Lr: 3.69e-04 | id_global: 0.387 id_part: 3.261 tri_global: 0.031 tri_part: 0.588 lgpa_assign: 2.928
2026-07-12 20:56:02 transreid.train INFO: Epoch[63] Iter[40/227] Loss: 3.574, Acc: 0.974, Base Lr: 3.69e-04 | id_global: 0.379 id_part: 3.237 tri_global: 0.038 tri_part: 0.589 lgpa_assign: 2.906
2026-07-12 20:56:06 transreid.train INFO: Epoch[63] Iter[60/227] Loss: 3.592, Acc: 0.977, Base Lr: 3.69e-04 | id_global: 0.374 id_part: 3.236 tri_global: 0.051 tri_part: 0.593 lgpa_assign: 2.930
2026-07-12 20:56:09 transreid.train INFO: Epoch[63] Iter[80/227] Loss: 3.566, Acc: 0.976, Base Lr: 3.69e-04 | id_global: 0.362 id_part: 3.184 tri_global: 0.049 tri_part: 0.592 lgpa_assign: 2.946
2026-07-12 20:56:12 transreid.train INFO: Epoch[63] Iter[100/227] Loss: 3.545, Acc: 0.978, Base Lr: 3.69e-04 | id_global: 0.349 id_part: 3.142 tri_global: 0.049 tri_part: 0.590 lgpa_assign: 2.960
2026-07-12 20:56:16 transreid.train INFO: Epoch[63] Iter[120/227] Loss: 3.523, Acc: 0.978, Base Lr: 3.69e-04 | id_global: 0.339 id_part: 3.090 tri_global: 0.045 tri_part: 0.590 lgpa_assign: 2.982
2026-07-12 20:56:19 transreid.train INFO: Epoch[63] Iter[140/227] Loss: 3.500, Acc: 0.979, Base Lr: 3.69e-04 | id_global: 0.332 id_part: 3.053 tri_global: 0.043 tri_part: 0.590 lgpa_assign: 2.981
2026-07-12 20:56:22 transreid.train INFO: Epoch[63] Iter[160/227] Loss: 3.462, Acc: 0.980, Base Lr: 3.69e-04 | id_global: 0.323 id_part: 2.984 tri_global: 0.041 tri_part: 0.589 lgpa_assign: 2.986
2026-07-12 20:56:26 transreid.train INFO: Epoch[63] Iter[180/227] Loss: 3.421, Acc: 0.981, Base Lr: 3.69e-04 | id_global: 0.314 id_part: 2.916 tri_global: 0.040 tri_part: 0.589 lgpa_assign: 2.984
2026-07-12 20:56:29 transreid.train INFO: Epoch[63] Iter[200/227] Loss: 3.366, Acc: 0.982, Base Lr: 3.69e-04 | id_global: 0.300 id_part: 2.817 tri_global: 0.038 tri_part: 0.587 lgpa_assign: 2.989
2026-07-12 20:56:31 transreid.train INFO: Epoch 63 done. Time per epoch: 36.230[s] Speed: 374.5[samples/s] ETA: 0h34m
2026-07-12 20:56:35 transreid.train INFO: Epoch[64] Iter[20/227] Loss: 3.581, Acc: 0.977, Base Lr: 3.59e-04 | id_global: 0.367 id_part: 3.230 tri_global: 0.042 tri_part: 0.591 lgpa_assign: 2.932
2026-07-12 20:56:39 transreid.train INFO: Epoch[64] Iter[40/227] Loss: 3.588, Acc: 0.982, Base Lr: 3.59e-04 | id_global: 0.355 id_part: 3.237 tri_global: 0.044 tri_part: 0.592 lgpa_assign: 2.948
2026-07-12 20:56:42 transreid.train INFO: Epoch[64] Iter[60/227] Loss: 3.571, Acc: 0.984, Base Lr: 3.59e-04 | id_global: 0.347 id_part: 3.196 tri_global: 0.048 tri_part: 0.592 lgpa_assign: 2.960
2026-07-12 20:56:45 transreid.train INFO: Epoch[64] Iter[80/227] Loss: 3.542, Acc: 0.984, Base Lr: 3.59e-04 | id_global: 0.335 id_part: 3.148 tri_global: 0.044 tri_part: 0.589 lgpa_assign: 2.968
2026-07-12 20:56:49 transreid.train INFO: Epoch[64] Iter[100/227] Loss: 3.509, Acc: 0.985, Base Lr: 3.59e-04 | id_global: 0.327 id_part: 3.096 tri_global: 0.041 tri_part: 0.589 lgpa_assign: 2.965
2026-07-12 20:56:52 transreid.train INFO: Epoch[64] Iter[120/227] Loss: 3.489, Acc: 0.985, Base Lr: 3.59e-04 | id_global: 0.322 id_part: 3.063 tri_global: 0.038 tri_part: 0.589 lgpa_assign: 2.965
2026-07-12 20:56:55 transreid.train INFO: Epoch[64] Iter[140/227] Loss: 3.460, Acc: 0.985, Base Lr: 3.59e-04 | id_global: 0.315 id_part: 3.015 tri_global: 0.039 tri_part: 0.589 lgpa_assign: 2.962
2026-07-12 20:56:59 transreid.train INFO: Epoch[64] Iter[160/227] Loss: 3.428, Acc: 0.985, Base Lr: 3.59e-04 | id_global: 0.308 id_part: 2.960 tri_global: 0.038 tri_part: 0.589 lgpa_assign: 2.962
2026-07-12 20:57:02 transreid.train INFO: Epoch[64] Iter[180/227] Loss: 3.397, Acc: 0.985, Base Lr: 3.59e-04 | id_global: 0.301 id_part: 2.896 tri_global: 0.040 tri_part: 0.589 lgpa_assign: 2.968
2026-07-12 20:57:05 transreid.train INFO: Epoch[64] Iter[200/227] Loss: 3.353, Acc: 0.985, Base Lr: 3.59e-04 | id_global: 0.291 id_part: 2.797 tri_global: 0.042 tri_part: 0.588 lgpa_assign: 2.988
2026-07-12 20:57:07 transreid.train INFO: Epoch 64 done. Time per epoch: 36.414[s] Speed: 374.4[samples/s] ETA: 0h33m
2026-07-12 20:57:12 transreid.train INFO: Epoch[65] Iter[20/227] Loss: 3.571, Acc: 0.970, Base Lr: 3.49e-04 | id_global: 0.360 id_part: 3.187 tri_global: 0.024 tri_part: 0.584 lgpa_assign: 2.987
2026-07-12 20:57:15 transreid.train INFO: Epoch[65] Iter[40/227] Loss: 3.537, Acc: 0.977, Base Lr: 3.49e-04 | id_global: 0.339 id_part: 3.155 tri_global: 0.028 tri_part: 0.583 lgpa_assign: 2.969
2026-07-12 20:57:18 transreid.train INFO: Epoch[65] Iter[60/227] Loss: 3.505, Acc: 0.979, Base Lr: 3.49e-04 | id_global: 0.328 id_part: 3.106 tri_global: 0.037 tri_part: 0.584 lgpa_assign: 2.954
2026-07-12 20:57:22 transreid.train INFO: Epoch[65] Iter[80/227] Loss: 3.501, Acc: 0.980, Base Lr: 3.49e-04 | id_global: 0.326 id_part: 3.089 tri_global: 0.037 tri_part: 0.586 lgpa_assign: 2.964
2026-07-12 20:57:25 transreid.train INFO: Epoch[65] Iter[100/227] Loss: 3.480, Acc: 0.981, Base Lr: 3.49e-04 | id_global: 0.322 id_part: 3.065 tri_global: 0.032 tri_part: 0.586 lgpa_assign: 2.956
2026-07-12 20:57:28 transreid.train INFO: Epoch[65] Iter[120/227] Loss: 3.459, Acc: 0.982, Base Lr: 3.49e-04 | id_global: 0.316 id_part: 3.029 tri_global: 0.033 tri_part: 0.586 lgpa_assign: 2.954
2026-07-12 20:57:32 transreid.train INFO: Epoch[65] Iter[140/227] Loss: 3.443, Acc: 0.982, Base Lr: 3.49e-04 | id_global: 0.310 id_part: 3.002 tri_global: 0.031 tri_part: 0.587 lgpa_assign: 2.955
2026-07-12 20:57:35 transreid.train INFO: Epoch[65] Iter[160/227] Loss: 3.401, Acc: 0.983, Base Lr: 3.49e-04 | id_global: 0.298 id_part: 2.936 tri_global: 0.031 tri_part: 0.586 lgpa_assign: 2.951
2026-07-12 20:57:38 transreid.train INFO: Epoch[65] Iter[180/227] Loss: 3.351, Acc: 0.983, Base Lr: 3.49e-04 | id_global: 0.286 id_part: 2.851 tri_global: 0.030 tri_part: 0.584 lgpa_assign: 2.950
2026-07-12 20:57:42 transreid.train INFO: Epoch[65] Iter[200/227] Loss: 3.303, Acc: 0.985, Base Lr: 3.49e-04 | id_global: 0.277 id_part: 2.756 tri_global: 0.030 tri_part: 0.584 lgpa_assign: 2.959
2026-07-12 20:57:44 transreid.train INFO: Epoch 65 done. Time per epoch: 36.224[s] Speed: 374.6[samples/s] ETA: 0h33m
2026-07-12 20:57:48 transreid.train INFO: Epoch[66] Iter[20/227] Loss: 3.532, Acc: 0.988, Base Lr: 3.38e-04 | id_global: 0.324 id_part: 3.168 tri_global: 0.044 tri_part: 0.590 lgpa_assign: 2.940
2026-07-12 20:57:51 transreid.train INFO: Epoch[66] Iter[40/227] Loss: 3.516, Acc: 0.981, Base Lr: 3.38e-04 | id_global: 0.328 id_part: 3.141 tri_global: 0.040 tri_part: 0.590 lgpa_assign: 2.933
2026-07-12 20:57:55 transreid.train INFO: Epoch[66] Iter[60/227] Loss: 3.510, Acc: 0.983, Base Lr: 3.38e-04 | id_global: 0.322 id_part: 3.140 tri_global: 0.034 tri_part: 0.587 lgpa_assign: 2.938
2026-07-12 20:57:58 transreid.train INFO: Epoch[66] Iter[80/227] Loss: 3.490, Acc: 0.983, Base Lr: 3.38e-04 | id_global: 0.316 id_part: 3.109 tri_global: 0.033 tri_part: 0.586 lgpa_assign: 2.937
2026-07-12 20:58:01 transreid.train INFO: Epoch[66] Iter[100/227] Loss: 3.468, Acc: 0.984, Base Lr: 3.38e-04 | id_global: 0.310 id_part: 3.078 tri_global: 0.032 tri_part: 0.585 lgpa_assign: 2.931
2026-07-12 20:58:05 transreid.train INFO: Epoch[66] Iter[120/227] Loss: 3.442, Acc: 0.985, Base Lr: 3.38e-04 | id_global: 0.302 id_part: 3.028 tri_global: 0.032 tri_part: 0.585 lgpa_assign: 2.936
2026-07-12 20:58:08 transreid.train INFO: Epoch[66] Iter[140/227] Loss: 3.410, Acc: 0.984, Base Lr: 3.38e-04 | id_global: 0.297 id_part: 2.963 tri_global: 0.032 tri_part: 0.585 lgpa_assign: 2.942
2026-07-12 20:58:11 transreid.train INFO: Epoch[66] Iter[160/227] Loss: 3.389, Acc: 0.985, Base Lr: 3.38e-04 | id_global: 0.290 id_part: 2.913 tri_global: 0.033 tri_part: 0.585 lgpa_assign: 2.956
2026-07-12 20:58:15 transreid.train INFO: Epoch[66] Iter[180/227] Loss: 3.349, Acc: 0.985, Base Lr: 3.38e-04 | id_global: 0.281 id_part: 2.840 tri_global: 0.033 tri_part: 0.584 lgpa_assign: 2.960
2026-07-12 20:58:18 transreid.train INFO: Epoch[66] Iter[200/227] Loss: 3.297, Acc: 0.986, Base Lr: 3.38e-04 | id_global: 0.270 id_part: 2.740 tri_global: 0.031 tri_part: 0.583 lgpa_assign: 2.970
2026-07-12 20:58:20 transreid.train INFO: Epoch 66 done. Time per epoch: 36.143[s] Speed: 373.6[samples/s] ETA: 0h32m
2026-07-12 20:58:24 transreid.train INFO: Epoch[67] Iter[20/227] Loss: 3.598, Acc: 0.985, Base Lr: 3.28e-04 | id_global: 0.328 id_part: 3.252 tri_global: 0.046 tri_part: 0.589 lgpa_assign: 2.982
2026-07-12 20:58:28 transreid.train INFO: Epoch[67] Iter[40/227] Loss: 3.530, Acc: 0.984, Base Lr: 3.28e-04 | id_global: 0.325 id_part: 3.165 tri_global: 0.036 tri_part: 0.589 lgpa_assign: 2.946
2026-07-12 20:58:31 transreid.train INFO: Epoch[67] Iter[60/227] Loss: 3.512, Acc: 0.982, Base Lr: 3.28e-04 | id_global: 0.323 id_part: 3.133 tri_global: 0.032 tri_part: 0.586 lgpa_assign: 2.950
2026-07-12 20:58:34 transreid.train INFO: Epoch[67] Iter[80/227] Loss: 3.480, Acc: 0.983, Base Lr: 3.28e-04 | id_global: 0.314 id_part: 3.085 tri_global: 0.029 tri_part: 0.585 lgpa_assign: 2.947
2026-07-12 20:58:37 transreid.train INFO: Epoch[67] Iter[100/227] Loss: 3.466, Acc: 0.984, Base Lr: 3.28e-04 | id_global: 0.309 id_part: 3.054 tri_global: 0.030 tri_part: 0.586 lgpa_assign: 2.952
2026-07-12 20:58:41 transreid.train INFO: Epoch[67] Iter[120/227] Loss: 3.429, Acc: 0.983, Base Lr: 3.28e-04 | id_global: 0.302 id_part: 2.994 tri_global: 0.031 tri_part: 0.586 lgpa_assign: 2.946
2026-07-12 20:58:44 transreid.train INFO: Epoch[67] Iter[140/227] Loss: 3.396, Acc: 0.984, Base Lr: 3.28e-04 | id_global: 0.296 id_part: 2.945 tri_global: 0.031 tri_part: 0.585 lgpa_assign: 2.936
2026-07-12 20:58:47 transreid.train INFO: Epoch[67] Iter[160/227] Loss: 3.373, Acc: 0.984, Base Lr: 3.28e-04 | id_global: 0.288 id_part: 2.893 tri_global: 0.031 tri_part: 0.585 lgpa_assign: 2.949
2026-07-12 20:58:51 transreid.train INFO: Epoch[67] Iter[180/227] Loss: 3.335, Acc: 0.985, Base Lr: 3.28e-04 | id_global: 0.281 id_part: 2.828 tri_global: 0.029 tri_part: 0.585 lgpa_assign: 2.946
2026-07-12 20:58:54 transreid.train INFO: Epoch[67] Iter[200/227] Loss: 3.282, Acc: 0.985, Base Lr: 3.28e-04 | id_global: 0.270 id_part: 2.721 tri_global: 0.030 tri_part: 0.584 lgpa_assign: 2.958
2026-07-12 20:58:56 transreid.train INFO: Epoch 67 done. Time per epoch: 36.416[s] Speed: 374.3[samples/s] ETA: 0h32m
2026-07-12 20:59:01 transreid.train INFO: Epoch[68] Iter[20/227] Loss: 3.514, Acc: 0.982, Base Lr: 3.18e-04 | id_global: 0.326 id_part: 3.208 tri_global: 0.028 tri_part: 0.594 lgpa_assign: 2.871
2026-07-12 20:59:04 transreid.train INFO: Epoch[68] Iter[40/227] Loss: 3.462, Acc: 0.984, Base Lr: 3.18e-04 | id_global: 0.311 id_part: 3.105 tri_global: 0.029 tri_part: 0.590 lgpa_assign: 2.888
2026-07-12 20:59:07 transreid.train INFO: Epoch[68] Iter[60/227] Loss: 3.477, Acc: 0.982, Base Lr: 3.18e-04 | id_global: 0.315 id_part: 3.103 tri_global: 0.039 tri_part: 0.589 lgpa_assign: 2.907
2026-07-12 20:59:11 transreid.train INFO: Epoch[68] Iter[80/227] Loss: 3.470, Acc: 0.983, Base Lr: 3.18e-04 | id_global: 0.314 id_part: 3.083 tri_global: 0.037 tri_part: 0.589 lgpa_assign: 2.918
2026-07-12 20:59:14 transreid.train INFO: Epoch[68] Iter[100/227] Loss: 3.440, Acc: 0.985, Base Lr: 3.18e-04 | id_global: 0.303 id_part: 3.019 tri_global: 0.035 tri_part: 0.588 lgpa_assign: 2.934
2026-07-12 20:59:17 transreid.train INFO: Epoch[68] Iter[120/227] Loss: 3.407, Acc: 0.985, Base Lr: 3.18e-04 | id_global: 0.293 id_part: 2.962 tri_global: 0.034 tri_part: 0.587 lgpa_assign: 2.938
2026-07-12 20:59:21 transreid.train INFO: Epoch[68] Iter[140/227] Loss: 3.384, Acc: 0.985, Base Lr: 3.18e-04 | id_global: 0.288 id_part: 2.922 tri_global: 0.034 tri_part: 0.587 lgpa_assign: 2.936
2026-07-12 20:59:24 transreid.train INFO: Epoch[68] Iter[160/227] Loss: 3.348, Acc: 0.985, Base Lr: 3.18e-04 | id_global: 0.281 id_part: 2.859 tri_global: 0.034 tri_part: 0.586 lgpa_assign: 2.937
2026-07-12 20:59:27 transreid.train INFO: Epoch[68] Iter[180/227] Loss: 3.311, Acc: 0.985, Base Lr: 3.18e-04 | id_global: 0.274 id_part: 2.792 tri_global: 0.033 tri_part: 0.586 lgpa_assign: 2.936
2026-07-12 20:59:31 transreid.train INFO: Epoch[68] Iter[200/227] Loss: 3.268, Acc: 0.986, Base Lr: 3.18e-04 | id_global: 0.265 id_part: 2.700 tri_global: 0.035 tri_part: 0.586 lgpa_assign: 2.950
2026-07-12 20:59:33 transreid.train INFO: Epoch 68 done. Time per epoch: 36.811[s] Speed: 370.3[samples/s] ETA: 0h31m
2026-07-12 20:59:38 transreid.train INFO: Epoch[69] Iter[20/227] Loss: 3.513, Acc: 0.982, Base Lr: 3.08e-04 | id_global: 0.331 id_part: 3.201 tri_global: 0.020 tri_part: 0.587 lgpa_assign: 2.888
2026-07-12 20:59:41 transreid.train INFO: Epoch[69] Iter[40/227] Loss: 3.505, Acc: 0.982, Base Lr: 3.08e-04 | id_global: 0.335 id_part: 3.192 tri_global: 0.035 tri_part: 0.591 lgpa_assign: 2.857
2026-07-12 20:59:44 transreid.train INFO: Epoch[69] Iter[60/227] Loss: 3.456, Acc: 0.983, Base Lr: 3.08e-04 | id_global: 0.313 id_part: 3.094 tri_global: 0.029 tri_part: 0.588 lgpa_assign: 2.888
2026-07-12 20:59:47 transreid.train INFO: Epoch[69] Iter[80/227] Loss: 3.423, Acc: 0.984, Base Lr: 3.08e-04 | id_global: 0.306 id_part: 3.039 tri_global: 0.026 tri_part: 0.587 lgpa_assign: 2.888
2026-07-12 20:59:51 transreid.train INFO: Epoch[69] Iter[100/227] Loss: 3.409, Acc: 0.984, Base Lr: 3.08e-04 | id_global: 0.299 id_part: 2.999 tri_global: 0.028 tri_part: 0.587 lgpa_assign: 2.904
2026-07-12 20:59:54 transreid.train INFO: Epoch[69] Iter[120/227] Loss: 3.382, Acc: 0.983, Base Lr: 3.08e-04 | id_global: 0.291 id_part: 2.952 tri_global: 0.027 tri_part: 0.586 lgpa_assign: 2.908
2026-07-12 20:59:57 transreid.train INFO: Epoch[69] Iter[140/227] Loss: 3.352, Acc: 0.984, Base Lr: 3.08e-04 | id_global: 0.282 id_part: 2.895 tri_global: 0.028 tri_part: 0.586 lgpa_assign: 2.913
2026-07-12 21:00:01 transreid.train INFO: Epoch[69] Iter[160/227] Loss: 3.330, Acc: 0.985, Base Lr: 3.08e-04 | id_global: 0.279 id_part: 2.850 tri_global: 0.031 tri_part: 0.586 lgpa_assign: 2.914
2026-07-12 21:00:04 transreid.train INFO: Epoch[69] Iter[180/227] Loss: 3.293, Acc: 0.985, Base Lr: 3.08e-04 | id_global: 0.271 id_part: 2.776 tri_global: 0.033 tri_part: 0.586 lgpa_assign: 2.920
2026-07-12 21:00:07 transreid.train INFO: Epoch[69] Iter[200/227] Loss: 3.243, Acc: 0.986, Base Lr: 3.08e-04 | id_global: 0.261 id_part: 2.680 tri_global: 0.033 tri_part: 0.585 lgpa_assign: 2.925
2026-07-12 21:00:09 transreid.train INFO: Epoch 69 done. Time per epoch: 36.323[s] Speed: 371.8[samples/s] ETA: 0h30m
2026-07-12 21:00:14 transreid.train INFO: Epoch[70] Iter[20/227] Loss: 3.503, Acc: 0.977, Base Lr: 2.97e-04 | id_global: 0.329 id_part: 3.118 tri_global: 0.028 tri_part: 0.588 lgpa_assign: 2.942
2026-07-12 21:00:18 transreid.train INFO: Epoch[70] Iter[40/227] Loss: 3.477, Acc: 0.982, Base Lr: 2.97e-04 | id_global: 0.317 id_part: 3.108 tri_global: 0.031 tri_part: 0.584 lgpa_assign: 2.914
2026-07-12 21:00:21 transreid.train INFO: Epoch[70] Iter[60/227] Loss: 3.461, Acc: 0.984, Base Lr: 2.97e-04 | id_global: 0.309 id_part: 3.082 tri_global: 0.032 tri_part: 0.586 lgpa_assign: 2.914
2026-07-12 21:00:24 transreid.train INFO: Epoch[70] Iter[80/227] Loss: 3.448, Acc: 0.983, Base Lr: 2.97e-04 | id_global: 0.307 id_part: 3.050 tri_global: 0.032 tri_part: 0.586 lgpa_assign: 2.921
2026-07-12 21:00:28 transreid.train INFO: Epoch[70] Iter[100/227] Loss: 3.425, Acc: 0.983, Base Lr: 2.97e-04 | id_global: 0.301 id_part: 3.013 tri_global: 0.037 tri_part: 0.586 lgpa_assign: 2.913
2026-07-12 21:00:31 transreid.train INFO: Epoch[70] Iter[120/227] Loss: 3.383, Acc: 0.984, Base Lr: 2.97e-04 | id_global: 0.291 id_part: 2.943 tri_global: 0.036 tri_part: 0.585 lgpa_assign: 2.911
2026-07-12 21:00:34 transreid.train INFO: Epoch[70] Iter[140/227] Loss: 3.349, Acc: 0.984, Base Lr: 2.97e-04 | id_global: 0.283 id_part: 2.877 tri_global: 0.036 tri_part: 0.585 lgpa_assign: 2.917
2026-07-12 21:00:38 transreid.train INFO: Epoch[70] Iter[160/227] Loss: 3.318, Acc: 0.985, Base Lr: 2.97e-04 | id_global: 0.277 id_part: 2.821 tri_global: 0.038 tri_part: 0.584 lgpa_assign: 2.916
2026-07-12 21:00:41 transreid.train INFO: Epoch[70] Iter[180/227] Loss: 3.278, Acc: 0.986, Base Lr: 2.97e-04 | id_global: 0.269 id_part: 2.750 tri_global: 0.035 tri_part: 0.584 lgpa_assign: 2.918
2026-07-12 21:00:44 transreid.train INFO: Epoch[70] Iter[200/227] Loss: 3.234, Acc: 0.986, Base Lr: 2.97e-04 | id_global: 0.258 id_part: 2.657 tri_global: 0.035 tri_part: 0.584 lgpa_assign: 2.935
2026-07-12 21:00:46 transreid.train INFO: Epoch 70 done. Time per epoch: 36.881[s] Speed: 367.9[samples/s] ETA: 0h30m
The test feature is normalized
=> Computing DistMat with euclidean_distance
2026-07-12 21:01:15 transreid.train INFO: Validation Results - Epoch: 70
2026-07-12 21:01:15 transreid.train INFO: mAP: 57.7%
2026-07-12 21:01:15 transreid.train INFO: CMC curve, Rank-1  :65.8%
2026-07-12 21:01:15 transreid.train INFO: CMC curve, Rank-5  :80.2%
2026-07-12 21:01:15 transreid.train INFO: CMC curve, Rank-10 :84.3%
2026-07-12 21:01:20 transreid.train INFO: Epoch[71] Iter[20/227] Loss: 3.518, Acc: 0.980, Base Lr: 2.87e-04 | id_global: 0.328 id_part: 3.188 tri_global: 0.031 tri_part: 0.584 lgpa_assign: 2.904
2026-07-12 21:01:23 transreid.train INFO: Epoch[71] Iter[40/227] Loss: 3.476, Acc: 0.982, Base Lr: 2.87e-04 | id_global: 0.318 id_part: 3.116 tri_global: 0.029 tri_part: 0.584 lgpa_assign: 2.905
2026-07-12 21:01:27 transreid.train INFO: Epoch[71] Iter[60/227] Loss: 3.463, Acc: 0.982, Base Lr: 2.87e-04 | id_global: 0.314 id_part: 3.101 tri_global: 0.031 tri_part: 0.585 lgpa_assign: 2.894
2026-07-12 21:01:30 transreid.train INFO: Epoch[71] Iter[80/227] Loss: 3.450, Acc: 0.983, Base Lr: 2.87e-04 | id_global: 0.309 id_part: 3.085 tri_global: 0.031 tri_part: 0.586 lgpa_assign: 2.889
2026-07-12 21:01:33 transreid.train INFO: Epoch[71] Iter[100/227] Loss: 3.422, Acc: 0.984, Base Lr: 2.87e-04 | id_global: 0.301 id_part: 3.035 tri_global: 0.034 tri_part: 0.587 lgpa_assign: 2.888
2026-07-12 21:01:37 transreid.train INFO: Epoch[71] Iter[120/227] Loss: 3.385, Acc: 0.985, Base Lr: 2.87e-04 | id_global: 0.290 id_part: 2.971 tri_global: 0.030 tri_part: 0.585 lgpa_assign: 2.893
2026-07-12 21:01:40 transreid.train INFO: Epoch[71] Iter[140/227] Loss: 3.347, Acc: 0.986, Base Lr: 2.87e-04 | id_global: 0.280 id_part: 2.898 tri_global: 0.032 tri_part: 0.585 lgpa_assign: 2.899
2026-07-12 21:01:43 transreid.train INFO: Epoch[71] Iter[160/227] Loss: 3.311, Acc: 0.986, Base Lr: 2.87e-04 | id_global: 0.273 id_part: 2.828 tri_global: 0.033 tri_part: 0.584 lgpa_assign: 2.904
2026-07-12 21:01:46 transreid.train INFO: Epoch[71] Iter[180/227] Loss: 3.273, Acc: 0.986, Base Lr: 2.87e-04 | id_global: 0.266 id_part: 2.750 tri_global: 0.032 tri_part: 0.584 lgpa_assign: 2.914
2026-07-12 21:01:50 transreid.train INFO: Epoch[71] Iter[200/227] Loss: 3.214, Acc: 0.987, Base Lr: 2.87e-04 | id_global: 0.254 id_part: 2.643 tri_global: 0.033 tri_part: 0.584 lgpa_assign: 2.915
2026-07-12 21:01:52 transreid.train INFO: Epoch 71 done. Time per epoch: 36.151[s] Speed: 373.5[samples/s] ETA: 0h29m
2026-07-12 21:01:56 transreid.train INFO: Epoch[72] Iter[20/227] Loss: 3.420, Acc: 0.981, Base Lr: 2.77e-04 | id_global: 0.308 id_part: 2.972 tri_global: 0.030 tri_part: 0.582 lgpa_assign: 2.947
2026-07-12 21:01:59 transreid.train INFO: Epoch[72] Iter[40/227] Loss: 3.395, Acc: 0.984, Base Lr: 2.77e-04 | id_global: 0.292 id_part: 2.966 tri_global: 0.029 tri_part: 0.581 lgpa_assign: 2.921
2026-07-12 21:02:03 transreid.train INFO: Epoch[72] Iter[60/227] Loss: 3.409, Acc: 0.982, Base Lr: 2.77e-04 | id_global: 0.301 id_part: 2.979 tri_global: 0.029 tri_part: 0.581 lgpa_assign: 2.929
2026-07-12 21:02:06 transreid.train INFO: Epoch[72] Iter[80/227] Loss: 3.384, Acc: 0.982, Base Lr: 2.77e-04 | id_global: 0.296 id_part: 2.945 tri_global: 0.029 tri_part: 0.581 lgpa_assign: 2.917
2026-07-12 21:02:09 transreid.train INFO: Epoch[72] Iter[100/227] Loss: 3.370, Acc: 0.984, Base Lr: 2.77e-04 | id_global: 0.288 id_part: 2.912 tri_global: 0.028 tri_part: 0.582 lgpa_assign: 2.929
2026-07-12 21:02:12 transreid.train INFO: Epoch[72] Iter[120/227] Loss: 3.338, Acc: 0.985, Base Lr: 2.77e-04 | id_global: 0.277 id_part: 2.866 tri_global: 0.028 tri_part: 0.581 lgpa_assign: 2.925
2026-07-12 21:02:16 transreid.train INFO: Epoch[72] Iter[140/227] Loss: 3.311, Acc: 0.985, Base Lr: 2.77e-04 | id_global: 0.272 id_part: 2.825 tri_global: 0.028 tri_part: 0.581 lgpa_assign: 2.917
2026-07-12 21:02:19 transreid.train INFO: Epoch[72] Iter[160/227] Loss: 3.278, Acc: 0.986, Base Lr: 2.77e-04 | id_global: 0.264 id_part: 2.775 tri_global: 0.027 tri_part: 0.580 lgpa_assign: 2.911
2026-07-12 21:02:22 transreid.train INFO: Epoch[72] Iter[180/227] Loss: 3.240, Acc: 0.987, Base Lr: 2.77e-04 | id_global: 0.256 id_part: 2.700 tri_global: 0.028 tri_part: 0.581 lgpa_assign: 2.915
2026-07-12 21:02:26 transreid.train INFO: Epoch[72] Iter[200/227] Loss: 3.194, Acc: 0.987, Base Lr: 2.77e-04 | id_global: 0.246 id_part: 2.607 tri_global: 0.030 tri_part: 0.581 lgpa_assign: 2.923
2026-07-12 21:02:28 transreid.train INFO: Epoch 72 done. Time per epoch: 36.004[s] Speed: 375.1[samples/s] ETA: 0h28m
2026-07-12 21:02:32 transreid.train INFO: Epoch[73] Iter[20/227] Loss: 3.401, Acc: 0.986, Base Lr: 2.68e-04 | id_global: 0.294 id_part: 3.003 tri_global: 0.022 tri_part: 0.575 lgpa_assign: 2.907
2026-07-12 21:02:35 transreid.train INFO: Epoch[73] Iter[40/227] Loss: 3.407, Acc: 0.984, Base Lr: 2.68e-04 | id_global: 0.296 id_part: 2.966 tri_global: 0.031 tri_part: 0.579 lgpa_assign: 2.942
2026-07-12 21:02:39 transreid.train INFO: Epoch[73] Iter[60/227] Loss: 3.410, Acc: 0.986, Base Lr: 2.68e-04 | id_global: 0.289 id_part: 2.997 tri_global: 0.029 tri_part: 0.580 lgpa_assign: 2.926
2026-07-12 21:02:42 transreid.train INFO: Epoch[73] Iter[80/227] Loss: 3.391, Acc: 0.987, Base Lr: 2.68e-04 | id_global: 0.283 id_part: 2.974 tri_global: 0.032 tri_part: 0.579 lgpa_assign: 2.915
2026-07-12 21:02:45 transreid.train INFO: Epoch[73] Iter[100/227] Loss: 3.362, Acc: 0.987, Base Lr: 2.68e-04 | id_global: 0.278 id_part: 2.934 tri_global: 0.030 tri_part: 0.580 lgpa_assign: 2.902
2026-07-12 21:02:49 transreid.train INFO: Epoch[73] Iter[120/227] Loss: 3.332, Acc: 0.988, Base Lr: 2.68e-04 | id_global: 0.271 id_part: 2.884 tri_global: 0.029 tri_part: 0.580 lgpa_assign: 2.901
2026-07-12 21:02:52 transreid.train INFO: Epoch[73] Iter[140/227] Loss: 3.306, Acc: 0.988, Base Lr: 2.68e-04 | id_global: 0.265 id_part: 2.841 tri_global: 0.030 tri_part: 0.580 lgpa_assign: 2.895
2026-07-12 21:02:55 transreid.train INFO: Epoch[73] Iter[160/227] Loss: 3.273, Acc: 0.988, Base Lr: 2.68e-04 | id_global: 0.259 id_part: 2.781 tri_global: 0.029 tri_part: 0.581 lgpa_assign: 2.896
2026-07-12 21:02:59 transreid.train INFO: Epoch[73] Iter[180/227] Loss: 3.232, Acc: 0.988, Base Lr: 2.68e-04 | id_global: 0.251 id_part: 2.702 tri_global: 0.027 tri_part: 0.581 lgpa_assign: 2.904
2026-07-12 21:03:02 transreid.train INFO: Epoch[73] Iter[200/227] Loss: 3.183, Acc: 0.988, Base Lr: 2.68e-04 | id_global: 0.241 id_part: 2.600 tri_global: 0.027 tri_part: 0.580 lgpa_assign: 2.918
2026-07-12 21:03:04 transreid.train INFO: Epoch 73 done. Time per epoch: 36.290[s] Speed: 372.1[samples/s] ETA: 0h28m
2026-07-12 21:03:08 transreid.train INFO: Epoch[74] Iter[20/227] Loss: 3.445, Acc: 0.976, Base Lr: 2.58e-04 | id_global: 0.313 id_part: 3.102 tri_global: 0.025 tri_part: 0.582 lgpa_assign: 2.868
2026-07-12 21:03:12 transreid.train INFO: Epoch[74] Iter[40/227] Loss: 3.401, Acc: 0.980, Base Lr: 2.58e-04 | id_global: 0.295 id_part: 3.022 tri_global: 0.048 tri_part: 0.585 lgpa_assign: 2.852
2026-07-12 21:03:15 transreid.train INFO: Epoch[74] Iter[60/227] Loss: 3.389, Acc: 0.981, Base Lr: 2.58e-04 | id_global: 0.288 id_part: 2.983 tri_global: 0.045 tri_part: 0.583 lgpa_assign: 2.880
2026-07-12 21:03:18 transreid.train INFO: Epoch[74] Iter[80/227] Loss: 3.367, Acc: 0.980, Base Lr: 2.58e-04 | id_global: 0.287 id_part: 2.953 tri_global: 0.041 tri_part: 0.584 lgpa_assign: 2.869
2026-07-12 21:03:22 transreid.train INFO: Epoch[74] Iter[100/227] Loss: 3.343, Acc: 0.981, Base Lr: 2.58e-04 | id_global: 0.280 id_part: 2.898 tri_global: 0.042 tri_part: 0.583 lgpa_assign: 2.882
2026-07-12 21:03:25 transreid.train INFO: Epoch[74] Iter[120/227] Loss: 3.323, Acc: 0.983, Base Lr: 2.58e-04 | id_global: 0.274 id_part: 2.868 tri_global: 0.040 tri_part: 0.583 lgpa_assign: 2.882
2026-07-12 21:03:28 transreid.train INFO: Epoch[74] Iter[140/227] Loss: 3.294, Acc: 0.984, Base Lr: 2.58e-04 | id_global: 0.266 id_part: 2.819 tri_global: 0.038 tri_part: 0.583 lgpa_assign: 2.882
2026-07-12 21:03:32 transreid.train INFO: Epoch[74] Iter[160/227] Loss: 3.256, Acc: 0.985, Base Lr: 2.58e-04 | id_global: 0.258 id_part: 2.754 tri_global: 0.037 tri_part: 0.582 lgpa_assign: 2.882
2026-07-12 21:03:35 transreid.train INFO: Epoch[74] Iter[180/227] Loss: 3.220, Acc: 0.986, Base Lr: 2.58e-04 | id_global: 0.249 id_part: 2.689 tri_global: 0.034 tri_part: 0.581 lgpa_assign: 2.887
2026-07-12 21:03:38 transreid.train INFO: Epoch[74] Iter[200/227] Loss: 3.168, Acc: 0.987, Base Lr: 2.58e-04 | id_global: 0.238 id_part: 2.577 tri_global: 0.032 tri_part: 0.581 lgpa_assign: 2.908
2026-07-12 21:03:40 transreid.train INFO: Epoch 74 done. Time per epoch: 36.292[s] Speed: 373.9[samples/s] ETA: 0h27m
2026-07-12 21:03:45 transreid.train INFO: Epoch[75] Iter[20/227] Loss: 3.500, Acc: 0.977, Base Lr: 2.48e-04 | id_global: 0.333 id_part: 3.097 tri_global: 0.049 tri_part: 0.591 lgpa_assign: 2.931
2026-07-12 21:03:48 transreid.train INFO: Epoch[75] Iter[40/227] Loss: 3.436, Acc: 0.983, Base Lr: 2.48e-04 | id_global: 0.312 id_part: 3.036 tri_global: 0.048 tri_part: 0.590 lgpa_assign: 2.887
2026-07-12 21:03:51 transreid.train INFO: Epoch[75] Iter[60/227] Loss: 3.378, Acc: 0.984, Base Lr: 2.48e-04 | id_global: 0.293 id_part: 2.951 tri_global: 0.037 tri_part: 0.587 lgpa_assign: 2.888
2026-07-12 21:03:55 transreid.train INFO: Epoch[75] Iter[80/227] Loss: 3.364, Acc: 0.983, Base Lr: 2.48e-04 | id_global: 0.285 id_part: 2.920 tri_global: 0.037 tri_part: 0.587 lgpa_assign: 2.900
2026-07-12 21:03:58 transreid.train INFO: Epoch[75] Iter[100/227] Loss: 3.351, Acc: 0.984, Base Lr: 2.48e-04 | id_global: 0.279 id_part: 2.891 tri_global: 0.037 tri_part: 0.586 lgpa_assign: 2.910
2026-07-12 21:04:01 transreid.train INFO: Epoch[75] Iter[120/227] Loss: 3.314, Acc: 0.986, Base Lr: 2.48e-04 | id_global: 0.270 id_part: 2.841 tri_global: 0.034 tri_part: 0.585 lgpa_assign: 2.897
2026-07-12 21:04:05 transreid.train INFO: Epoch[75] Iter[140/227] Loss: 3.290, Acc: 0.986, Base Lr: 2.48e-04 | id_global: 0.266 id_part: 2.801 tri_global: 0.034 tri_part: 0.585 lgpa_assign: 2.895
2026-07-12 21:04:08 transreid.train INFO: Epoch[75] Iter[160/227] Loss: 3.260, Acc: 0.987, Base Lr: 2.48e-04 | id_global: 0.258 id_part: 2.750 tri_global: 0.032 tri_part: 0.584 lgpa_assign: 2.896
2026-07-12 21:04:11 transreid.train INFO: Epoch[75] Iter[180/227] Loss: 3.216, Acc: 0.987, Base Lr: 2.48e-04 | id_global: 0.248 id_part: 2.674 tri_global: 0.031 tri_part: 0.582 lgpa_assign: 2.897
2026-07-12 21:04:14 transreid.train INFO: Epoch[75] Iter[200/227] Loss: 3.164, Acc: 0.988, Base Lr: 2.48e-04 | id_global: 0.236 id_part: 2.569 tri_global: 0.030 tri_part: 0.581 lgpa_assign: 2.910
2026-07-12 21:04:16 transreid.train INFO: Epoch 75 done. Time per epoch: 36.287[s] Speed: 373.9[samples/s] ETA: 0h27m
2026-07-12 21:04:21 transreid.train INFO: Epoch[76] Iter[20/227] Loss: 3.401, Acc: 0.984, Base Lr: 2.38e-04 | id_global: 0.284 id_part: 2.987 tri_global: 0.031 tri_part: 0.580 lgpa_assign: 2.919
2026-07-12 21:04:24 transreid.train INFO: Epoch[76] Iter[40/227] Loss: 3.376, Acc: 0.984, Base Lr: 2.38e-04 | id_global: 0.275 id_part: 2.930 tri_global: 0.042 tri_part: 0.579 lgpa_assign: 2.925
2026-07-12 21:04:28 transreid.train INFO: Epoch[76] Iter[60/227] Loss: 3.368, Acc: 0.984, Base Lr: 2.38e-04 | id_global: 0.276 id_part: 2.918 tri_global: 0.042 tri_part: 0.581 lgpa_assign: 2.919
2026-07-12 21:04:31 transreid.train INFO: Epoch[76] Iter[80/227] Loss: 3.356, Acc: 0.985, Base Lr: 2.38e-04 | id_global: 0.271 id_part: 2.890 tri_global: 0.038 tri_part: 0.581 lgpa_assign: 2.931
2026-07-12 21:04:34 transreid.train INFO: Epoch[76] Iter[100/227] Loss: 3.332, Acc: 0.985, Base Lr: 2.38e-04 | id_global: 0.265 id_part: 2.872 tri_global: 0.034 tri_part: 0.581 lgpa_assign: 2.913
2026-07-12 21:04:38 transreid.train INFO: Epoch[76] Iter[120/227] Loss: 3.306, Acc: 0.986, Base Lr: 2.38e-04 | id_global: 0.260 id_part: 2.829 tri_global: 0.032 tri_part: 0.580 lgpa_assign: 2.912
2026-07-12 21:04:41 transreid.train INFO: Epoch[76] Iter[140/227] Loss: 3.281, Acc: 0.987, Base Lr: 2.38e-04 | id_global: 0.255 id_part: 2.780 tri_global: 0.033 tri_part: 0.580 lgpa_assign: 2.912
2026-07-12 21:04:44 transreid.train INFO: Epoch[76] Iter[160/227] Loss: 3.250, Acc: 0.988, Base Lr: 2.38e-04 | id_global: 0.250 id_part: 2.726 tri_global: 0.034 tri_part: 0.581 lgpa_assign: 2.909
2026-07-12 21:04:48 transreid.train INFO: Epoch[76] Iter[180/227] Loss: 3.208, Acc: 0.989, Base Lr: 2.38e-04 | id_global: 0.240 id_part: 2.652 tri_global: 0.033 tri_part: 0.580 lgpa_assign: 2.910
2026-07-12 21:04:51 transreid.train INFO: Epoch[76] Iter[200/227] Loss: 3.160, Acc: 0.989, Base Lr: 2.38e-04 | id_global: 0.232 id_part: 2.555 tri_global: 0.032 tri_part: 0.580 lgpa_assign: 2.922
2026-07-12 21:04:53 transreid.train INFO: Epoch 76 done. Time per epoch: 36.172[s] Speed: 373.3[samples/s] ETA: 0h26m
2026-07-12 21:04:57 transreid.train INFO: Epoch[77] Iter[20/227] Loss: 3.336, Acc: 0.987, Base Lr: 2.29e-04 | id_global: 0.267 id_part: 2.882 tri_global: 0.022 tri_part: 0.576 lgpa_assign: 2.925
2026-07-12 21:05:00 transreid.train INFO: Epoch[77] Iter[40/227] Loss: 3.336, Acc: 0.988, Base Lr: 2.29e-04 | id_global: 0.268 id_part: 2.886 tri_global: 0.025 tri_part: 0.576 lgpa_assign: 2.917
2026-07-12 21:05:04 transreid.train INFO: Epoch[77] Iter[60/227] Loss: 3.350, Acc: 0.986, Base Lr: 2.29e-04 | id_global: 0.274 id_part: 2.901 tri_global: 0.029 tri_part: 0.580 lgpa_assign: 2.916
2026-07-12 21:05:07 transreid.train INFO: Epoch[77] Iter[80/227] Loss: 3.329, Acc: 0.987, Base Lr: 2.29e-04 | id_global: 0.268 id_part: 2.886 tri_global: 0.030 tri_part: 0.580 lgpa_assign: 2.895
2026-07-12 21:05:10 transreid.train INFO: Epoch[77] Iter[100/227] Loss: 3.308, Acc: 0.987, Base Lr: 2.29e-04 | id_global: 0.262 id_part: 2.844 tri_global: 0.031 tri_part: 0.579 lgpa_assign: 2.900
2026-07-12 21:05:14 transreid.train INFO: Epoch[77] Iter[120/227] Loss: 3.284, Acc: 0.988, Base Lr: 2.29e-04 | id_global: 0.256 id_part: 2.791 tri_global: 0.030 tri_part: 0.580 lgpa_assign: 2.911
2026-07-12 21:05:17 transreid.train INFO: Epoch[77] Iter[140/227] Loss: 3.251, Acc: 0.988, Base Lr: 2.29e-04 | id_global: 0.250 id_part: 2.737 tri_global: 0.028 tri_part: 0.580 lgpa_assign: 2.905
2026-07-12 21:05:20 transreid.train INFO: Epoch[77] Iter[160/227] Loss: 3.225, Acc: 0.988, Base Lr: 2.29e-04 | id_global: 0.245 id_part: 2.686 tri_global: 0.029 tri_part: 0.580 lgpa_assign: 2.910
2026-07-12 21:05:24 transreid.train INFO: Epoch[77] Iter[180/227] Loss: 3.187, Acc: 0.989, Base Lr: 2.29e-04 | id_global: 0.236 id_part: 2.612 tri_global: 0.028 tri_part: 0.579 lgpa_assign: 2.920
2026-07-12 21:05:27 transreid.train INFO: Epoch[77] Iter[200/227] Loss: 3.134, Acc: 0.989, Base Lr: 2.29e-04 | id_global: 0.226 id_part: 2.521 tri_global: 0.027 tri_part: 0.578 lgpa_assign: 2.916
2026-07-12 21:05:29 transreid.train INFO: Epoch 77 done. Time per epoch: 35.959[s] Speed: 373.8[samples/s] ETA: 0h25m
2026-07-12 21:05:33 transreid.train INFO: Epoch[78] Iter[20/227] Loss: 3.413, Acc: 0.982, Base Lr: 2.20e-04 | id_global: 0.279 id_part: 2.966 tri_global: 0.041 tri_part: 0.580 lgpa_assign: 2.960
2026-07-12 21:05:36 transreid.train INFO: Epoch[78] Iter[40/227] Loss: 3.364, Acc: 0.984, Base Lr: 2.20e-04 | id_global: 0.278 id_part: 2.937 tri_global: 0.038 tri_part: 0.582 lgpa_assign: 2.893
2026-07-12 21:05:40 transreid.train INFO: Epoch[78] Iter[60/227] Loss: 3.380, Acc: 0.984, Base Lr: 2.20e-04 | id_global: 0.278 id_part: 2.938 tri_global: 0.034 tri_part: 0.581 lgpa_assign: 2.928
2026-07-12 21:05:43 transreid.train INFO: Epoch[78] Iter[80/227] Loss: 3.341, Acc: 0.985, Base Lr: 2.20e-04 | id_global: 0.268 id_part: 2.887 tri_global: 0.032 tri_part: 0.580 lgpa_assign: 2.915
2026-07-12 21:05:46 transreid.train INFO: Epoch[78] Iter[100/227] Loss: 3.314, Acc: 0.986, Base Lr: 2.20e-04 | id_global: 0.262 id_part: 2.851 tri_global: 0.031 tri_part: 0.581 lgpa_assign: 2.901
2026-07-12 21:05:50 transreid.train INFO: Epoch[78] Iter[120/227] Loss: 3.283, Acc: 0.986, Base Lr: 2.20e-04 | id_global: 0.257 id_part: 2.800 tri_global: 0.031 tri_part: 0.581 lgpa_assign: 2.896
2026-07-12 21:05:53 transreid.train INFO: Epoch[78] Iter[140/227] Loss: 3.242, Acc: 0.987, Base Lr: 2.20e-04 | id_global: 0.248 id_part: 2.741 tri_global: 0.029 tri_part: 0.580 lgpa_assign: 2.886
2026-07-12 21:05:56 transreid.train INFO: Epoch[78] Iter[160/227] Loss: 3.212, Acc: 0.988, Base Lr: 2.20e-04 | id_global: 0.241 id_part: 2.682 tri_global: 0.028 tri_part: 0.579 lgpa_assign: 2.895
2026-07-12 21:05:59 transreid.train INFO: Epoch[78] Iter[180/227] Loss: 3.178, Acc: 0.988, Base Lr: 2.20e-04 | id_global: 0.234 id_part: 2.612 tri_global: 0.028 tri_part: 0.578 lgpa_assign: 2.903
2026-07-12 21:06:03 transreid.train INFO: Epoch[78] Iter[200/227] Loss: 3.131, Acc: 0.989, Base Lr: 2.20e-04 | id_global: 0.224 id_part: 2.513 tri_global: 0.027 tri_part: 0.578 lgpa_assign: 2.921
2026-07-12 21:06:05 transreid.train INFO: Epoch 78 done. Time per epoch: 36.331[s] Speed: 375.2[samples/s] ETA: 0h25m
2026-07-12 21:06:09 transreid.train INFO: Epoch[79] Iter[20/227] Loss: 3.483, Acc: 0.988, Base Lr: 2.10e-04 | id_global: 0.292 id_part: 2.997 tri_global: 0.048 tri_part: 0.586 lgpa_assign: 3.044
2026-07-12 21:06:13 transreid.train INFO: Epoch[79] Iter[40/227] Loss: 3.414, Acc: 0.991, Base Lr: 2.10e-04 | id_global: 0.276 id_part: 2.986 tri_global: 0.034 tri_part: 0.582 lgpa_assign: 2.951
2026-07-12 21:06:16 transreid.train INFO: Epoch[79] Iter[60/227] Loss: 3.370, Acc: 0.990, Base Lr: 2.10e-04 | id_global: 0.261 id_part: 2.945 tri_global: 0.035 tri_part: 0.580 lgpa_assign: 2.918
2026-07-12 21:06:19 transreid.train INFO: Epoch[79] Iter[80/227] Loss: 3.346, Acc: 0.989, Base Lr: 2.10e-04 | id_global: 0.260 id_part: 2.908 tri_global: 0.032 tri_part: 0.579 lgpa_assign: 2.913
2026-07-12 21:06:23 transreid.train INFO: Epoch[79] Iter[100/227] Loss: 3.302, Acc: 0.988, Base Lr: 2.10e-04 | id_global: 0.255 id_part: 2.835 tri_global: 0.033 tri_part: 0.580 lgpa_assign: 2.902
2026-07-12 21:06:26 transreid.train INFO: Epoch[79] Iter[120/227] Loss: 3.272, Acc: 0.989, Base Lr: 2.10e-04 | id_global: 0.248 id_part: 2.778 tri_global: 0.037 tri_part: 0.580 lgpa_assign: 2.900
2026-07-12 21:06:29 transreid.train INFO: Epoch[79] Iter[140/227] Loss: 3.244, Acc: 0.989, Base Lr: 2.10e-04 | id_global: 0.244 id_part: 2.737 tri_global: 0.034 tri_part: 0.579 lgpa_assign: 2.893
2026-07-12 21:06:33 transreid.train INFO: Epoch[79] Iter[160/227] Loss: 3.202, Acc: 0.989, Base Lr: 2.10e-04 | id_global: 0.237 id_part: 2.681 tri_global: 0.031 tri_part: 0.579 lgpa_assign: 2.876
2026-07-12 21:06:36 transreid.train INFO: Epoch[79] Iter[180/227] Loss: 3.168, Acc: 0.989, Base Lr: 2.10e-04 | id_global: 0.229 id_part: 2.612 tri_global: 0.029 tri_part: 0.579 lgpa_assign: 2.887
2026-07-12 21:06:39 transreid.train INFO: Epoch[79] Iter[200/227] Loss: 3.115, Acc: 0.990, Base Lr: 2.10e-04 | id_global: 0.220 id_part: 2.507 tri_global: 0.030 tri_part: 0.579 lgpa_assign: 2.894
2026-07-12 21:06:41 transreid.train INFO: Epoch 79 done. Time per epoch: 36.267[s] Speed: 374.1[samples/s] ETA: 0h24m
2026-07-12 21:06:46 transreid.train INFO: Epoch[80] Iter[20/227] Loss: 3.306, Acc: 0.988, Base Lr: 2.01e-04 | id_global: 0.251 id_part: 2.866 tri_global: 0.033 tri_part: 0.578 lgpa_assign: 2.885
2026-07-12 21:06:49 transreid.train INFO: Epoch[80] Iter[40/227] Loss: 3.316, Acc: 0.986, Base Lr: 2.01e-04 | id_global: 0.260 id_part: 2.880 tri_global: 0.035 tri_part: 0.581 lgpa_assign: 2.876
2026-07-12 21:06:52 transreid.train INFO: Epoch[80] Iter[60/227] Loss: 3.302, Acc: 0.988, Base Lr: 2.01e-04 | id_global: 0.252 id_part: 2.865 tri_global: 0.031 tri_part: 0.580 lgpa_assign: 2.874
2026-07-12 21:06:56 transreid.train INFO: Epoch[80] Iter[80/227] Loss: 3.278, Acc: 0.988, Base Lr: 2.01e-04 | id_global: 0.247 id_part: 2.815 tri_global: 0.031 tri_part: 0.578 lgpa_assign: 2.886
2026-07-12 21:06:59 transreid.train INFO: Epoch[80] Iter[100/227] Loss: 3.259, Acc: 0.988, Base Lr: 2.01e-04 | id_global: 0.242 id_part: 2.766 tri_global: 0.032 tri_part: 0.578 lgpa_assign: 2.898
2026-07-12 21:07:02 transreid.train INFO: Epoch[80] Iter[120/227] Loss: 3.241, Acc: 0.988, Base Lr: 2.01e-04 | id_global: 0.241 id_part: 2.731 tri_global: 0.033 tri_part: 0.578 lgpa_assign: 2.899
2026-07-12 21:07:05 transreid.train INFO: Epoch[80] Iter[140/227] Loss: 3.223, Acc: 0.988, Base Lr: 2.01e-04 | id_global: 0.238 id_part: 2.704 tri_global: 0.030 tri_part: 0.578 lgpa_assign: 2.896
2026-07-12 21:07:09 transreid.train INFO: Epoch[80] Iter[160/227] Loss: 3.189, Acc: 0.988, Base Lr: 2.01e-04 | id_global: 0.233 id_part: 2.650 tri_global: 0.029 tri_part: 0.578 lgpa_assign: 2.888
2026-07-12 21:07:12 transreid.train INFO: Epoch[80] Iter[180/227] Loss: 3.152, Acc: 0.989, Base Lr: 2.01e-04 | id_global: 0.226 id_part: 2.583 tri_global: 0.027 tri_part: 0.578 lgpa_assign: 2.891
2026-07-12 21:07:15 transreid.train INFO: Epoch[80] Iter[200/227] Loss: 3.101, Acc: 0.990, Base Lr: 2.01e-04 | id_global: 0.216 id_part: 2.485 tri_global: 0.026 tri_part: 0.577 lgpa_assign: 2.898
2026-07-12 21:07:17 transreid.train INFO: Epoch 80 done. Time per epoch: 36.231[s] Speed: 374.5[samples/s] ETA: 0h24m
The test feature is normalized
=> Computing DistMat with euclidean_distance
2026-07-12 21:07:47 transreid.train INFO: Validation Results - Epoch: 80
2026-07-12 21:07:47 transreid.train INFO: mAP: 58.2%
2026-07-12 21:07:47 transreid.train INFO: CMC curve, Rank-1  :67.3%
2026-07-12 21:07:47 transreid.train INFO: CMC curve, Rank-5  :80.0%
2026-07-12 21:07:47 transreid.train INFO: CMC curve, Rank-10 :83.9%
2026-07-12 21:07:51 transreid.train INFO: Epoch[81] Iter[20/227] Loss: 3.331, Acc: 0.980, Base Lr: 1.92e-04 | id_global: 0.278 id_part: 2.875 tri_global: 0.033 tri_part: 0.585 lgpa_assign: 2.890
2026-07-12 21:07:55 transreid.train INFO: Epoch[81] Iter[40/227] Loss: 3.317, Acc: 0.984, Base Lr: 1.92e-04 | id_global: 0.264 id_part: 2.879 tri_global: 0.027 tri_part: 0.581 lgpa_assign: 2.883
2026-07-12 21:07:58 transreid.train INFO: Epoch[81] Iter[60/227] Loss: 3.303, Acc: 0.985, Base Lr: 1.92e-04 | id_global: 0.258 id_part: 2.857 tri_global: 0.024 tri_part: 0.581 lgpa_assign: 2.886
2026-07-12 21:08:01 transreid.train INFO: Epoch[81] Iter[80/227] Loss: 3.305, Acc: 0.985, Base Lr: 1.92e-04 | id_global: 0.255 id_part: 2.852 tri_global: 0.026 tri_part: 0.583 lgpa_assign: 2.894
2026-07-12 21:08:05 transreid.train INFO: Epoch[81] Iter[100/227] Loss: 3.278, Acc: 0.985, Base Lr: 1.92e-04 | id_global: 0.253 id_part: 2.818 tri_global: 0.030 tri_part: 0.582 lgpa_assign: 2.872
2026-07-12 21:08:08 transreid.train INFO: Epoch[81] Iter[120/227] Loss: 3.250, Acc: 0.985, Base Lr: 1.92e-04 | id_global: 0.247 id_part: 2.763 tri_global: 0.030 tri_part: 0.582 lgpa_assign: 2.878
2026-07-12 21:08:11 transreid.train INFO: Epoch[81] Iter[140/227] Loss: 3.210, Acc: 0.986, Base Lr: 1.92e-04 | id_global: 0.238 id_part: 2.701 tri_global: 0.028 tri_part: 0.581 lgpa_assign: 2.874
2026-07-12 21:08:14 transreid.train INFO: Epoch[81] Iter[160/227] Loss: 3.181, Acc: 0.987, Base Lr: 1.92e-04 | id_global: 0.234 id_part: 2.648 tri_global: 0.029 tri_part: 0.581 lgpa_assign: 2.870
2026-07-12 21:08:18 transreid.train INFO: Epoch[81] Iter[180/227] Loss: 3.145, Acc: 0.987, Base Lr: 1.92e-04 | id_global: 0.227 id_part: 2.586 tri_global: 0.028 tri_part: 0.580 lgpa_assign: 2.868
2026-07-12 21:08:21 transreid.train INFO: Epoch[81] Iter[200/227] Loss: 3.091, Acc: 0.988, Base Lr: 1.92e-04 | id_global: 0.218 id_part: 2.477 tri_global: 0.027 tri_part: 0.579 lgpa_assign: 2.881
2026-07-12 21:08:23 transreid.train INFO: Epoch 81 done. Time per epoch: 36.000[s] Speed: 373.3[samples/s] ETA: 0h23m
2026-07-12 21:08:27 transreid.train INFO: Epoch[82] Iter[20/227] Loss: 3.347, Acc: 0.988, Base Lr: 1.83e-04 | id_global: 0.267 id_part: 2.956 tri_global: 0.013 tri_part: 0.578 lgpa_assign: 2.880
2026-07-12 21:08:31 transreid.train INFO: Epoch[82] Iter[40/227] Loss: 3.288, Acc: 0.989, Base Lr: 1.83e-04 | id_global: 0.254 id_part: 2.890 tri_global: 0.024 tri_part: 0.576 lgpa_assign: 2.830
2026-07-12 21:08:34 transreid.train INFO: Epoch[82] Iter[60/227] Loss: 3.289, Acc: 0.988, Base Lr: 1.83e-04 | id_global: 0.250 id_part: 2.861 tri_global: 0.024 tri_part: 0.577 lgpa_assign: 2.866
2026-07-12 21:08:37 transreid.train INFO: Epoch[82] Iter[80/227] Loss: 3.283, Acc: 0.988, Base Lr: 1.83e-04 | id_global: 0.251 id_part: 2.839 tri_global: 0.023 tri_part: 0.578 lgpa_assign: 2.875
2026-07-12 21:08:41 transreid.train INFO: Epoch[82] Iter[100/227] Loss: 3.251, Acc: 0.989, Base Lr: 1.83e-04 | id_global: 0.244 id_part: 2.796 tri_global: 0.022 tri_part: 0.579 lgpa_assign: 2.859
2026-07-12 21:08:44 transreid.train INFO: Epoch[82] Iter[120/227] Loss: 3.216, Acc: 0.989, Base Lr: 1.83e-04 | id_global: 0.238 id_part: 2.745 tri_global: 0.021 tri_part: 0.578 lgpa_assign: 2.850
2026-07-12 21:08:47 transreid.train INFO: Epoch[82] Iter[140/227] Loss: 3.187, Acc: 0.989, Base Lr: 1.83e-04 | id_global: 0.232 id_part: 2.686 tri_global: 0.024 tri_part: 0.578 lgpa_assign: 2.853
2026-07-12 21:08:51 transreid.train INFO: Epoch[82] Iter[160/227] Loss: 3.161, Acc: 0.988, Base Lr: 1.83e-04 | id_global: 0.228 id_part: 2.632 tri_global: 0.025 tri_part: 0.578 lgpa_assign: 2.860
2026-07-12 21:08:54 transreid.train INFO: Epoch[82] Iter[180/227] Loss: 3.129, Acc: 0.989, Base Lr: 1.83e-04 | id_global: 0.220 id_part: 2.560 tri_global: 0.024 tri_part: 0.578 lgpa_assign: 2.876
2026-07-12 21:08:57 transreid.train INFO: Epoch[82] Iter[200/227] Loss: 3.083, Acc: 0.989, Base Lr: 1.83e-04 | id_global: 0.212 id_part: 2.467 tri_global: 0.026 tri_part: 0.578 lgpa_assign: 2.884
2026-07-12 21:08:59 transreid.train INFO: Epoch 82 done. Time per epoch: 36.220[s] Speed: 372.8[samples/s] ETA: 0h22m
2026-07-12 21:09:03 transreid.train INFO: Epoch[83] Iter[20/227] Loss: 3.367, Acc: 0.981, Base Lr: 1.75e-04 | id_global: 0.266 id_part: 2.917 tri_global: 0.020 tri_part: 0.579 lgpa_assign: 2.951
2026-07-12 21:09:07 transreid.train INFO: Epoch[83] Iter[40/227] Loss: 3.309, Acc: 0.984, Base Lr: 1.75e-04 | id_global: 0.257 id_part: 2.855 tri_global: 0.024 tri_part: 0.578 lgpa_assign: 2.905
2026-07-12 21:09:10 transreid.train INFO: Epoch[83] Iter[60/227] Loss: 3.292, Acc: 0.986, Base Lr: 1.75e-04 | id_global: 0.253 id_part: 2.848 tri_global: 0.022 tri_part: 0.578 lgpa_assign: 2.883
2026-07-12 21:09:13 transreid.train INFO: Epoch[83] Iter[80/227] Loss: 3.270, Acc: 0.987, Base Lr: 1.75e-04 | id_global: 0.244 id_part: 2.813 tri_global: 0.018 tri_part: 0.578 lgpa_assign: 2.886
2026-07-12 21:09:17 transreid.train INFO: Epoch[83] Iter[100/227] Loss: 3.251, Acc: 0.987, Base Lr: 1.75e-04 | id_global: 0.244 id_part: 2.786 tri_global: 0.019 tri_part: 0.578 lgpa_assign: 2.875
2026-07-12 21:09:20 transreid.train INFO: Epoch[83] Iter[120/227] Loss: 3.220, Acc: 0.988, Base Lr: 1.75e-04 | id_global: 0.236 id_part: 2.732 tri_global: 0.021 tri_part: 0.577 lgpa_assign: 2.876
2026-07-12 21:09:23 transreid.train INFO: Epoch[83] Iter[140/227] Loss: 3.195, Acc: 0.988, Base Lr: 1.75e-04 | id_global: 0.230 id_part: 2.680 tri_global: 0.020 tri_part: 0.577 lgpa_assign: 2.882
2026-07-12 21:09:27 transreid.train INFO: Epoch[83] Iter[160/227] Loss: 3.159, Acc: 0.989, Base Lr: 1.75e-04 | id_global: 0.223 id_part: 2.622 tri_global: 0.020 tri_part: 0.577 lgpa_assign: 2.877
2026-07-12 21:09:30 transreid.train INFO: Epoch[83] Iter[180/227] Loss: 3.116, Acc: 0.990, Base Lr: 1.75e-04 | id_global: 0.214 id_part: 2.541 tri_global: 0.020 tri_part: 0.576 lgpa_assign: 2.882
2026-07-12 21:09:33 transreid.train INFO: Epoch[83] Iter[200/227] Loss: 3.070, Acc: 0.990, Base Lr: 1.75e-04 | id_global: 0.207 id_part: 2.448 tri_global: 0.021 tri_part: 0.576 lgpa_assign: 2.889
2026-07-12 21:09:35 transreid.train INFO: Epoch 83 done. Time per epoch: 36.436[s] Speed: 374.1[samples/s] ETA: 0h22m
2026-07-12 21:09:40 transreid.train INFO: Epoch[84] Iter[20/227] Loss: 3.392, Acc: 0.986, Base Lr: 1.66e-04 | id_global: 0.273 id_part: 2.907 tri_global: 0.076 tri_part: 0.587 lgpa_assign: 2.941
2026-07-12 21:09:43 transreid.train INFO: Epoch[84] Iter[40/227] Loss: 3.345, Acc: 0.988, Base Lr: 1.66e-04 | id_global: 0.264 id_part: 2.888 tri_global: 0.050 tri_part: 0.583 lgpa_assign: 2.905
2026-07-12 21:09:47 transreid.train INFO: Epoch[84] Iter[60/227] Loss: 3.313, Acc: 0.986, Base Lr: 1.66e-04 | id_global: 0.258 id_part: 2.840 tri_global: 0.045 tri_part: 0.582 lgpa_assign: 2.900
2026-07-12 21:09:50 transreid.train INFO: Epoch[84] Iter[80/227] Loss: 3.306, Acc: 0.987, Base Lr: 1.66e-04 | id_global: 0.256 id_part: 2.824 tri_global: 0.043 tri_part: 0.581 lgpa_assign: 2.908
2026-07-12 21:09:53 transreid.train INFO: Epoch[84] Iter[100/227] Loss: 3.272, Acc: 0.987, Base Lr: 1.66e-04 | id_global: 0.249 id_part: 2.783 tri_global: 0.039 tri_part: 0.581 lgpa_assign: 2.891
2026-07-12 21:09:56 transreid.train INFO: Epoch[84] Iter[120/227] Loss: 3.244, Acc: 0.987, Base Lr: 1.66e-04 | id_global: 0.244 id_part: 2.731 tri_global: 0.036 tri_part: 0.580 lgpa_assign: 2.897
2026-07-12 21:10:00 transreid.train INFO: Epoch[84] Iter[140/227] Loss: 3.209, Acc: 0.988, Base Lr: 1.66e-04 | id_global: 0.237 id_part: 2.680 tri_global: 0.034 tri_part: 0.579 lgpa_assign: 2.888
2026-07-12 21:10:03 transreid.train INFO: Epoch[84] Iter[160/227] Loss: 3.177, Acc: 0.988, Base Lr: 1.66e-04 | id_global: 0.229 id_part: 2.618 tri_global: 0.035 tri_part: 0.579 lgpa_assign: 2.892
2026-07-12 21:10:06 transreid.train INFO: Epoch[84] Iter[180/227] Loss: 3.135, Acc: 0.989, Base Lr: 1.66e-04 | id_global: 0.221 id_part: 2.545 tri_global: 0.033 tri_part: 0.578 lgpa_assign: 2.893
2026-07-12 21:10:10 transreid.train INFO: Epoch[84] Iter[200/227] Loss: 3.089, Acc: 0.989, Base Lr: 1.66e-04 | id_global: 0.212 id_part: 2.447 tri_global: 0.033 tri_part: 0.578 lgpa_assign: 2.907
2026-07-12 21:10:12 transreid.train INFO: Epoch 84 done. Time per epoch: 36.263[s] Speed: 374.2[samples/s] ETA: 0h21m
2026-07-12 21:10:16 transreid.train INFO: Epoch[85] Iter[20/227] Loss: 3.357, Acc: 0.983, Base Lr: 1.58e-04 | id_global: 0.283 id_part: 2.978 tri_global: 0.028 tri_part: 0.587 lgpa_assign: 2.838
2026-07-12 21:10:19 transreid.train INFO: Epoch[85] Iter[40/227] Loss: 3.277, Acc: 0.988, Base Lr: 1.58e-04 | id_global: 0.250 id_part: 2.823 tri_global: 0.020 tri_part: 0.581 lgpa_assign: 2.880
2026-07-12 21:10:23 transreid.train INFO: Epoch[85] Iter[60/227] Loss: 3.259, Acc: 0.987, Base Lr: 1.58e-04 | id_global: 0.248 id_part: 2.785 tri_global: 0.030 tri_part: 0.580 lgpa_assign: 2.876
2026-07-12 21:10:26 transreid.train INFO: Epoch[85] Iter[80/227] Loss: 3.233, Acc: 0.987, Base Lr: 1.58e-04 | id_global: 0.243 id_part: 2.745 tri_global: 0.028 tri_part: 0.577 lgpa_assign: 2.873
2026-07-12 21:10:29 transreid.train INFO: Epoch[85] Iter[100/227] Loss: 3.214, Acc: 0.987, Base Lr: 1.58e-04 | id_global: 0.239 id_part: 2.725 tri_global: 0.028 tri_part: 0.578 lgpa_assign: 2.858
2026-07-12 21:10:33 transreid.train INFO: Epoch[85] Iter[120/227] Loss: 3.199, Acc: 0.988, Base Lr: 1.58e-04 | id_global: 0.235 id_part: 2.695 tri_global: 0.027 tri_part: 0.577 lgpa_assign: 2.864
2026-07-12 21:10:36 transreid.train INFO: Epoch[85] Iter[140/227] Loss: 3.170, Acc: 0.988, Base Lr: 1.58e-04 | id_global: 0.229 id_part: 2.646 tri_global: 0.026 tri_part: 0.576 lgpa_assign: 2.864
2026-07-12 21:10:39 transreid.train INFO: Epoch[85] Iter[160/227] Loss: 3.144, Acc: 0.988, Base Lr: 1.58e-04 | id_global: 0.224 id_part: 2.590 tri_global: 0.026 tri_part: 0.576 lgpa_assign: 2.872
2026-07-12 21:10:43 transreid.train INFO: Epoch[85] Iter[180/227] Loss: 3.117, Acc: 0.989, Base Lr: 1.58e-04 | id_global: 0.218 id_part: 2.530 tri_global: 0.026 tri_part: 0.576 lgpa_assign: 2.883
2026-07-12 21:10:46 transreid.train INFO: Epoch[85] Iter[200/227] Loss: 3.067, Acc: 0.989, Base Lr: 1.58e-04 | id_global: 0.208 id_part: 2.433 tri_global: 0.025 tri_part: 0.575 lgpa_assign: 2.893
2026-07-12 21:10:48 transreid.train INFO: Epoch 85 done. Time per epoch: 36.300[s] Speed: 373.8[samples/s] ETA: 0h21m
2026-07-12 21:10:52 transreid.train INFO: Epoch[86] Iter[20/227] Loss: 3.360, Acc: 0.988, Base Lr: 1.50e-04 | id_global: 0.260 id_part: 2.919 tri_global: 0.052 tri_part: 0.581 lgpa_assign: 2.908
2026-07-12 21:10:56 transreid.train INFO: Epoch[86] Iter[40/227] Loss: 3.322, Acc: 0.988, Base Lr: 1.50e-04 | id_global: 0.249 id_part: 2.850 tri_global: 0.035 tri_part: 0.579 lgpa_assign: 2.929
2026-07-12 21:10:59 transreid.train INFO: Epoch[86] Iter[60/227] Loss: 3.287, Acc: 0.988, Base Lr: 1.50e-04 | id_global: 0.246 id_part: 2.822 tri_global: 0.030 tri_part: 0.578 lgpa_assign: 2.899
2026-07-12 21:11:02 transreid.train INFO: Epoch[86] Iter[80/227] Loss: 3.258, Acc: 0.989, Base Lr: 1.50e-04 | id_global: 0.236 id_part: 2.773 tri_global: 0.026 tri_part: 0.577 lgpa_assign: 2.903
2026-07-12 21:11:06 transreid.train INFO: Epoch[86] Iter[100/227] Loss: 3.220, Acc: 0.990, Base Lr: 1.50e-04 | id_global: 0.231 id_part: 2.720 tri_global: 0.025 tri_part: 0.578 lgpa_assign: 2.885
2026-07-12 21:11:09 transreid.train INFO: Epoch[86] Iter[120/227] Loss: 3.201, Acc: 0.990, Base Lr: 1.50e-04 | id_global: 0.228 id_part: 2.692 tri_global: 0.030 tri_part: 0.578 lgpa_assign: 2.874
2026-07-12 21:11:12 transreid.train INFO: Epoch[86] Iter[140/227] Loss: 3.167, Acc: 0.990, Base Lr: 1.50e-04 | id_global: 0.224 id_part: 2.647 tri_global: 0.029 tri_part: 0.578 lgpa_assign: 2.853
2026-07-12 21:11:16 transreid.train INFO: Epoch[86] Iter[160/227] Loss: 3.130, Acc: 0.990, Base Lr: 1.50e-04 | id_global: 0.218 id_part: 2.577 tri_global: 0.030 tri_part: 0.578 lgpa_assign: 2.859
2026-07-12 21:11:19 transreid.train INFO: Epoch[86] Iter[180/227] Loss: 3.096, Acc: 0.991, Base Lr: 1.50e-04 | id_global: 0.211 id_part: 2.507 tri_global: 0.031 tri_part: 0.577 lgpa_assign: 2.867
2026-07-12 21:11:22 transreid.train INFO: Epoch[86] Iter[200/227] Loss: 3.059, Acc: 0.991, Base Lr: 1.50e-04 | id_global: 0.206 id_part: 2.421 tri_global: 0.032 tri_part: 0.578 lgpa_assign: 2.882
2026-07-12 21:11:24 transreid.train INFO: Epoch 86 done. Time per epoch: 36.053[s] Speed: 374.6[samples/s] ETA: 0h20m
2026-07-12 21:11:29 transreid.train INFO: Epoch[87] Iter[20/227] Loss: 3.234, Acc: 0.986, Base Lr: 1.42e-04 | id_global: 0.256 id_part: 2.797 tri_global: 0.030 tri_part: 0.578 lgpa_assign: 2.807
2026-07-12 21:11:32 transreid.train INFO: Epoch[87] Iter[40/227] Loss: 3.224, Acc: 0.987, Base Lr: 1.42e-04 | id_global: 0.245 id_part: 2.768 tri_global: 0.029 tri_part: 0.575 lgpa_assign: 2.832
2026-07-12 21:11:35 transreid.train INFO: Epoch[87] Iter[60/227] Loss: 3.240, Acc: 0.986, Base Lr: 1.42e-04 | id_global: 0.248 id_part: 2.774 tri_global: 0.032 tri_part: 0.576 lgpa_assign: 2.851
2026-07-12 21:11:38 transreid.train INFO: Epoch[87] Iter[80/227] Loss: 3.208, Acc: 0.986, Base Lr: 1.42e-04 | id_global: 0.241 id_part: 2.712 tri_global: 0.031 tri_part: 0.576 lgpa_assign: 2.858
2026-07-12 21:11:42 transreid.train INFO: Epoch[87] Iter[100/227] Loss: 3.185, Acc: 0.987, Base Lr: 1.42e-04 | id_global: 0.237 id_part: 2.685 tri_global: 0.028 tri_part: 0.576 lgpa_assign: 2.844
2026-07-12 21:11:45 transreid.train INFO: Epoch[87] Iter[120/227] Loss: 3.170, Acc: 0.987, Base Lr: 1.42e-04 | id_global: 0.233 id_part: 2.664 tri_global: 0.028 tri_part: 0.575 lgpa_assign: 2.841
2026-07-12 21:11:48 transreid.train INFO: Epoch[87] Iter[140/227] Loss: 3.148, Acc: 0.987, Base Lr: 1.42e-04 | id_global: 0.228 id_part: 2.622 tri_global: 0.027 tri_part: 0.576 lgpa_assign: 2.843
2026-07-12 21:11:52 transreid.train INFO: Epoch[87] Iter[160/227] Loss: 3.119, Acc: 0.988, Base Lr: 1.42e-04 | id_global: 0.221 id_part: 2.566 tri_global: 0.026 tri_part: 0.576 lgpa_assign: 2.849
2026-07-12 21:11:55 transreid.train INFO: Epoch[87] Iter[180/227] Loss: 3.087, Acc: 0.988, Base Lr: 1.42e-04 | id_global: 0.214 id_part: 2.498 tri_global: 0.025 tri_part: 0.577 lgpa_assign: 2.859
2026-07-12 21:11:58 transreid.train INFO: Epoch[87] Iter[200/227] Loss: 3.044, Acc: 0.989, Base Lr: 1.42e-04 | id_global: 0.206 id_part: 2.408 tri_global: 0.024 tri_part: 0.576 lgpa_assign: 2.873
2026-07-12 21:12:00 transreid.train INFO: Epoch 87 done. Time per epoch: 36.258[s] Speed: 374.2[samples/s] ETA: 0h19m
2026-07-12 21:12:05 transreid.train INFO: Epoch[88] Iter[20/227] Loss: 3.303, Acc: 0.992, Base Lr: 1.34e-04 | id_global: 0.242 id_part: 2.878 tri_global: 0.018 tri_part: 0.575 lgpa_assign: 2.892
2026-07-12 21:12:08 transreid.train INFO: Epoch[88] Iter[40/227] Loss: 3.295, Acc: 0.993, Base Lr: 1.34e-04 | id_global: 0.237 id_part: 2.888 tri_global: 0.023 tri_part: 0.575 lgpa_assign: 2.868
2026-07-12 21:12:11 transreid.train INFO: Epoch[88] Iter[60/227] Loss: 3.263, Acc: 0.992, Base Lr: 1.34e-04 | id_global: 0.231 id_part: 2.828 tri_global: 0.024 tri_part: 0.575 lgpa_assign: 2.867
2026-07-12 21:12:15 transreid.train INFO: Epoch[88] Iter[80/227] Loss: 3.240, Acc: 0.991, Base Lr: 1.34e-04 | id_global: 0.232 id_part: 2.782 tri_global: 0.023 tri_part: 0.577 lgpa_assign: 2.867
2026-07-12 21:12:18 transreid.train INFO: Epoch[88] Iter[100/227] Loss: 3.215, Acc: 0.991, Base Lr: 1.34e-04 | id_global: 0.227 id_part: 2.742 tri_global: 0.025 tri_part: 0.576 lgpa_assign: 2.859
2026-07-12 21:12:21 transreid.train INFO: Epoch[88] Iter[120/227] Loss: 3.190, Acc: 0.990, Base Lr: 1.34e-04 | id_global: 0.226 id_part: 2.695 tri_global: 0.026 tri_part: 0.576 lgpa_assign: 2.857
2026-07-12 21:12:25 transreid.train INFO: Epoch[88] Iter[140/227] Loss: 3.155, Acc: 0.990, Base Lr: 1.34e-04 | id_global: 0.222 id_part: 2.638 tri_global: 0.025 tri_part: 0.576 lgpa_assign: 2.850
2026-07-12 21:12:28 transreid.train INFO: Epoch[88] Iter[160/227] Loss: 3.123, Acc: 0.990, Base Lr: 1.34e-04 | id_global: 0.215 id_part: 2.573 tri_global: 0.025 tri_part: 0.576 lgpa_assign: 2.856
2026-07-12 21:12:31 transreid.train INFO: Epoch[88] Iter[180/227] Loss: 3.083, Acc: 0.990, Base Lr: 1.34e-04 | id_global: 0.208 id_part: 2.503 tri_global: 0.026 tri_part: 0.576 lgpa_assign: 2.853
2026-07-12 21:12:34 transreid.train INFO: Epoch[88] Iter[200/227] Loss: 3.041, Acc: 0.991, Base Lr: 1.34e-04 | id_global: 0.200 id_part: 2.407 tri_global: 0.027 tri_part: 0.576 lgpa_assign: 2.873
2026-07-12 21:12:36 transreid.train INFO: Epoch 88 done. Time per epoch: 36.208[s] Speed: 374.7[samples/s] ETA: 0h19m
2026-07-12 21:12:41 transreid.train INFO: Epoch[89] Iter[20/227] Loss: 3.334, Acc: 0.991, Base Lr: 1.26e-04 | id_global: 0.245 id_part: 2.904 tri_global: 0.030 tri_part: 0.578 lgpa_assign: 2.912
2026-07-12 21:12:44 transreid.train INFO: Epoch[89] Iter[40/227] Loss: 3.275, Acc: 0.989, Base Lr: 1.26e-04 | id_global: 0.243 id_part: 2.807 tri_global: 0.025 tri_part: 0.576 lgpa_assign: 2.898
2026-07-12 21:12:48 transreid.train INFO: Epoch[89] Iter[60/227] Loss: 3.223, Acc: 0.991, Base Lr: 1.26e-04 | id_global: 0.229 id_part: 2.769 tri_global: 0.022 tri_part: 0.575 lgpa_assign: 2.851
2026-07-12 21:12:51 transreid.train INFO: Epoch[89] Iter[80/227] Loss: 3.200, Acc: 0.990, Base Lr: 1.26e-04 | id_global: 0.226 id_part: 2.728 tri_global: 0.022 tri_part: 0.576 lgpa_assign: 2.848
2026-07-12 21:12:54 transreid.train INFO: Epoch[89] Iter[100/227] Loss: 3.186, Acc: 0.991, Base Lr: 1.26e-04 | id_global: 0.227 id_part: 2.706 tri_global: 0.023 tri_part: 0.577 lgpa_assign: 2.840
2026-07-12 21:12:58 transreid.train INFO: Epoch[89] Iter[120/227] Loss: 3.168, Acc: 0.990, Base Lr: 1.26e-04 | id_global: 0.223 id_part: 2.664 tri_global: 0.025 tri_part: 0.578 lgpa_assign: 2.845
2026-07-12 21:13:01 transreid.train INFO: Epoch[89] Iter[140/227] Loss: 3.132, Acc: 0.990, Base Lr: 1.26e-04 | id_global: 0.218 id_part: 2.605 tri_global: 0.025 tri_part: 0.577 lgpa_assign: 2.838
2026-07-12 21:13:04 transreid.train INFO: Epoch[89] Iter[160/227] Loss: 3.103, Acc: 0.990, Base Lr: 1.26e-04 | id_global: 0.212 id_part: 2.550 tri_global: 0.023 tri_part: 0.577 lgpa_assign: 2.844
2026-07-12 21:13:07 transreid.train INFO: Epoch[89] Iter[180/227] Loss: 3.071, Acc: 0.991, Base Lr: 1.26e-04 | id_global: 0.204 id_part: 2.485 tri_global: 0.022 tri_part: 0.576 lgpa_assign: 2.854
2026-07-12 21:13:11 transreid.train INFO: Epoch[89] Iter[200/227] Loss: 3.020, Acc: 0.991, Base Lr: 1.26e-04 | id_global: 0.196 id_part: 2.385 tri_global: 0.021 tri_part: 0.576 lgpa_assign: 2.862
2026-07-12 21:13:13 transreid.train INFO: Epoch 89 done. Time per epoch: 36.126[s] Speed: 373.8[samples/s] ETA: 0h18m
2026-07-12 21:13:17 transreid.train INFO: Epoch[90] Iter[20/227] Loss: 3.239, Acc: 0.989, Base Lr: 1.19e-04 | id_global: 0.239 id_part: 2.798 tri_global: 0.019 tri_part: 0.580 lgpa_assign: 2.844
2026-07-12 21:13:20 transreid.train INFO: Epoch[90] Iter[40/227] Loss: 3.212, Acc: 0.989, Base Lr: 1.19e-04 | id_global: 0.235 id_part: 2.759 tri_global: 0.017 tri_part: 0.580 lgpa_assign: 2.832
2026-07-12 21:13:24 transreid.train INFO: Epoch[90] Iter[60/227] Loss: 3.223, Acc: 0.987, Base Lr: 1.19e-04 | id_global: 0.235 id_part: 2.762 tri_global: 0.019 tri_part: 0.580 lgpa_assign: 2.851
2026-07-12 21:13:27 transreid.train INFO: Epoch[90] Iter[80/227] Loss: 3.199, Acc: 0.988, Base Lr: 1.19e-04 | id_global: 0.229 id_part: 2.728 tri_global: 0.024 tri_part: 0.579 lgpa_assign: 2.837
2026-07-12 21:13:30 transreid.train INFO: Epoch[90] Iter[100/227] Loss: 3.190, Acc: 0.987, Base Lr: 1.19e-04 | id_global: 0.227 id_part: 2.704 tri_global: 0.025 tri_part: 0.580 lgpa_assign: 2.843
2026-07-12 21:13:34 transreid.train INFO: Epoch[90] Iter[120/227] Loss: 3.175, Acc: 0.988, Base Lr: 1.19e-04 | id_global: 0.224 id_part: 2.669 tri_global: 0.026 tri_part: 0.580 lgpa_assign: 2.849
2026-07-12 21:13:37 transreid.train INFO: Epoch[90] Iter[140/227] Loss: 3.150, Acc: 0.988, Base Lr: 1.19e-04 | id_global: 0.220 id_part: 2.628 tri_global: 0.024 tri_part: 0.580 lgpa_assign: 2.849
2026-07-12 21:13:40 transreid.train INFO: Epoch[90] Iter[160/227] Loss: 3.119, Acc: 0.988, Base Lr: 1.19e-04 | id_global: 0.215 id_part: 2.565 tri_global: 0.024 tri_part: 0.579 lgpa_assign: 2.855
2026-07-12 21:13:44 transreid.train INFO: Epoch[90] Iter[180/227] Loss: 3.087, Acc: 0.988, Base Lr: 1.19e-04 | id_global: 0.211 id_part: 2.488 tri_global: 0.027 tri_part: 0.579 lgpa_assign: 2.870
2026-07-12 21:13:47 transreid.train INFO: Epoch[90] Iter[200/227] Loss: 3.041, Acc: 0.988, Base Lr: 1.19e-04 | id_global: 0.204 id_part: 2.396 tri_global: 0.027 tri_part: 0.578 lgpa_assign: 2.877
2026-07-12 21:13:49 transreid.train INFO: Epoch 90 done. Time per epoch: 36.292[s] Speed: 373.9[samples/s] ETA: 0h18m
The test feature is normalized
=> Computing DistMat with euclidean_distance
2026-07-12 21:14:18 transreid.train INFO: Validation Results - Epoch: 90
2026-07-12 21:14:18 transreid.train INFO: mAP: 58.9%
2026-07-12 21:14:18 transreid.train INFO: CMC curve, Rank-1  :68.1%
2026-07-12 21:14:18 transreid.train INFO: CMC curve, Rank-5  :80.8%
2026-07-12 21:14:18 transreid.train INFO: CMC curve, Rank-10 :84.8%
2026-07-12 21:14:23 transreid.train INFO: Epoch[91] Iter[20/227] Loss: 3.136, Acc: 0.995, Base Lr: 1.11e-04 | id_global: 0.210 id_part: 2.713 tri_global: 0.015 tri_part: 0.574 lgpa_assign: 2.761
2026-07-12 21:14:26 transreid.train INFO: Epoch[91] Iter[40/227] Loss: 3.169, Acc: 0.991, Base Lr: 1.11e-04 | id_global: 0.219 id_part: 2.713 tri_global: 0.015 tri_part: 0.574 lgpa_assign: 2.817
2026-07-12 21:14:29 transreid.train INFO: Epoch[91] Iter[60/227] Loss: 3.181, Acc: 0.991, Base Lr: 1.11e-04 | id_global: 0.219 id_part: 2.748 tri_global: 0.013 tri_part: 0.573 lgpa_assign: 2.809
2026-07-12 21:14:33 transreid.train INFO: Epoch[91] Iter[80/227] Loss: 3.177, Acc: 0.991, Base Lr: 1.11e-04 | id_global: 0.216 id_part: 2.725 tri_global: 0.012 tri_part: 0.571 lgpa_assign: 2.829
2026-07-12 21:14:36 transreid.train INFO: Epoch[91] Iter[100/227] Loss: 3.158, Acc: 0.992, Base Lr: 1.11e-04 | id_global: 0.211 id_part: 2.683 tri_global: 0.020 tri_part: 0.572 lgpa_assign: 2.830
2026-07-12 21:14:39 transreid.train INFO: Epoch[91] Iter[120/227] Loss: 3.131, Acc: 0.991, Base Lr: 1.11e-04 | id_global: 0.207 id_part: 2.628 tri_global: 0.020 tri_part: 0.572 lgpa_assign: 2.835
2026-07-12 21:14:43 transreid.train INFO: Epoch[91] Iter[140/227] Loss: 3.106, Acc: 0.991, Base Lr: 1.11e-04 | id_global: 0.206 id_part: 2.577 tri_global: 0.022 tri_part: 0.573 lgpa_assign: 2.832
2026-07-12 21:14:46 transreid.train INFO: Epoch[91] Iter[160/227] Loss: 3.085, Acc: 0.991, Base Lr: 1.11e-04 | id_global: 0.204 id_part: 2.529 tri_global: 0.023 tri_part: 0.573 lgpa_assign: 2.840
2026-07-12 21:14:49 transreid.train INFO: Epoch[91] Iter[180/227] Loss: 3.055, Acc: 0.991, Base Lr: 1.11e-04 | id_global: 0.198 id_part: 2.456 tri_global: 0.023 tri_part: 0.573 lgpa_assign: 2.860
2026-07-12 21:14:53 transreid.train INFO: Epoch[91] Iter[200/227] Loss: 3.009, Acc: 0.991, Base Lr: 1.11e-04 | id_global: 0.190 id_part: 2.364 tri_global: 0.022 tri_part: 0.572 lgpa_assign: 2.870
2026-07-12 21:14:55 transreid.train INFO: Epoch 91 done. Time per epoch: 36.538[s] Speed: 371.3[samples/s] ETA: 0h17m
2026-07-12 21:14:59 transreid.train INFO: Epoch[92] Iter[20/227] Loss: 3.316, Acc: 0.992, Base Lr: 1.04e-04 | id_global: 0.250 id_part: 2.874 tri_global: 0.028 tri_part: 0.581 lgpa_assign: 2.899
2026-07-12 21:15:02 transreid.train INFO: Epoch[92] Iter[40/227] Loss: 3.288, Acc: 0.991, Base Lr: 1.04e-04 | id_global: 0.242 id_part: 2.829 tri_global: 0.030 tri_part: 0.579 lgpa_assign: 2.896
2026-07-12 21:15:06 transreid.train INFO: Epoch[92] Iter[60/227] Loss: 3.245, Acc: 0.990, Base Lr: 1.04e-04 | id_global: 0.233 id_part: 2.789 tri_global: 0.024 tri_part: 0.577 lgpa_assign: 2.868
2026-07-12 21:15:09 transreid.train INFO: Epoch[92] Iter[80/227] Loss: 3.232, Acc: 0.990, Base Lr: 1.04e-04 | id_global: 0.235 id_part: 2.781 tri_global: 0.028 tri_part: 0.579 lgpa_assign: 2.841
2026-07-12 21:15:12 transreid.train INFO: Epoch[92] Iter[100/227] Loss: 3.212, Acc: 0.990, Base Lr: 1.04e-04 | id_global: 0.232 id_part: 2.741 tri_global: 0.029 tri_part: 0.578 lgpa_assign: 2.844
2026-07-12 21:15:16 transreid.train INFO: Epoch[92] Iter[120/227] Loss: 3.178, Acc: 0.990, Base Lr: 1.04e-04 | id_global: 0.227 id_part: 2.681 tri_global: 0.029 tri_part: 0.578 lgpa_assign: 2.840
2026-07-12 21:15:19 transreid.train INFO: Epoch[92] Iter[140/227] Loss: 3.137, Acc: 0.990, Base Lr: 1.04e-04 | id_global: 0.219 id_part: 2.613 tri_global: 0.027 tri_part: 0.577 lgpa_assign: 2.838
2026-07-12 21:15:22 transreid.train INFO: Epoch[92] Iter[160/227] Loss: 3.100, Acc: 0.990, Base Lr: 1.04e-04 | id_global: 0.212 id_part: 2.543 tri_global: 0.024 tri_part: 0.576 lgpa_assign: 2.846
2026-07-12 21:15:26 transreid.train INFO: Epoch[92] Iter[180/227] Loss: 3.057, Acc: 0.991, Base Lr: 1.04e-04 | id_global: 0.204 id_part: 2.464 tri_global: 0.025 tri_part: 0.575 lgpa_assign: 2.847
2026-07-12 21:15:29 transreid.train INFO: Epoch[92] Iter[200/227] Loss: 3.008, Acc: 0.991, Base Lr: 1.04e-04 | id_global: 0.195 id_part: 2.368 tri_global: 0.024 tri_part: 0.575 lgpa_assign: 2.855
2026-07-12 21:15:31 transreid.train INFO: Epoch 92 done. Time per epoch: 36.156[s] Speed: 373.5[samples/s] ETA: 0h16m
2026-07-12 21:15:35 transreid.train INFO: Epoch[93] Iter[20/227] Loss: 3.206, Acc: 0.987, Base Lr: 9.72e-05 | id_global: 0.231 id_part: 2.718 tri_global: 0.032 tri_part: 0.577 lgpa_assign: 2.855
2026-07-12 21:15:39 transreid.train INFO: Epoch[93] Iter[40/227] Loss: 3.195, Acc: 0.986, Base Lr: 9.72e-05 | id_global: 0.233 id_part: 2.737 tri_global: 0.038 tri_part: 0.573 lgpa_assign: 2.809
2026-07-12 21:15:42 transreid.train INFO: Epoch[93] Iter[60/227] Loss: 3.205, Acc: 0.988, Base Lr: 9.72e-05 | id_global: 0.232 id_part: 2.750 tri_global: 0.032 tri_part: 0.576 lgpa_assign: 2.821
2026-07-12 21:15:45 transreid.train INFO: Epoch[93] Iter[80/227] Loss: 3.181, Acc: 0.988, Base Lr: 9.72e-05 | id_global: 0.227 id_part: 2.700 tri_global: 0.027 tri_part: 0.575 lgpa_assign: 2.833
2026-07-12 21:15:49 transreid.train INFO: Epoch[93] Iter[100/227] Loss: 3.163, Acc: 0.989, Base Lr: 9.72e-05 | id_global: 0.223 id_part: 2.672 tri_global: 0.028 tri_part: 0.576 lgpa_assign: 2.828
2026-07-12 21:15:52 transreid.train INFO: Epoch[93] Iter[120/227] Loss: 3.132, Acc: 0.989, Base Lr: 9.72e-05 | id_global: 0.218 id_part: 2.622 tri_global: 0.027 tri_part: 0.575 lgpa_assign: 2.821
2026-07-12 21:15:55 transreid.train INFO: Epoch[93] Iter[140/227] Loss: 3.111, Acc: 0.990, Base Lr: 9.72e-05 | id_global: 0.214 id_part: 2.583 tri_global: 0.027 tri_part: 0.575 lgpa_assign: 2.824
2026-07-12 21:15:58 transreid.train INFO: Epoch[93] Iter[160/227] Loss: 3.079, Acc: 0.990, Base Lr: 9.72e-05 | id_global: 0.206 id_part: 2.517 tri_global: 0.028 tri_part: 0.574 lgpa_assign: 2.832
2026-07-12 21:16:02 transreid.train INFO: Epoch[93] Iter[180/227] Loss: 3.054, Acc: 0.990, Base Lr: 9.72e-05 | id_global: 0.202 id_part: 2.460 tri_global: 0.027 tri_part: 0.574 lgpa_assign: 2.845
2026-07-12 21:16:05 transreid.train INFO: Epoch[93] Iter[200/227] Loss: 3.008, Acc: 0.991, Base Lr: 9.72e-05 | id_global: 0.195 id_part: 2.366 tri_global: 0.027 tri_part: 0.574 lgpa_assign: 2.854
2026-07-12 21:16:08 transreid.train INFO: Epoch 93 done. Time per epoch: 36.706[s] Speed: 369.6[samples/s] ETA: 0h16m
2026-07-12 21:16:12 transreid.train INFO: Epoch[94] Iter[20/227] Loss: 3.313, Acc: 0.991, Base Lr: 9.06e-05 | id_global: 0.236 id_part: 2.976 tri_global: 0.006 tri_part: 0.573 lgpa_assign: 2.836
2026-07-12 21:16:15 transreid.train INFO: Epoch[94] Iter[40/227] Loss: 3.278, Acc: 0.990, Base Lr: 9.06e-05 | id_global: 0.231 id_part: 2.897 tri_global: 0.012 tri_part: 0.576 lgpa_assign: 2.840
2026-07-12 21:16:19 transreid.train INFO: Epoch[94] Iter[60/227] Loss: 3.259, Acc: 0.990, Base Lr: 9.06e-05 | id_global: 0.229 id_part: 2.869 tri_global: 0.019 tri_part: 0.577 lgpa_assign: 2.824
2026-07-12 21:16:22 transreid.train INFO: Epoch[94] Iter[80/227] Loss: 3.232, Acc: 0.991, Base Lr: 9.06e-05 | id_global: 0.223 id_part: 2.804 tri_global: 0.020 tri_part: 0.576 lgpa_assign: 2.841
2026-07-12 21:16:25 transreid.train INFO: Epoch[94] Iter[100/227] Loss: 3.197, Acc: 0.989, Base Lr: 9.06e-05 | id_global: 0.223 id_part: 2.723 tri_global: 0.023 tri_part: 0.578 lgpa_assign: 2.848
2026-07-12 21:16:29 transreid.train INFO: Epoch[94] Iter[120/227] Loss: 3.178, Acc: 0.988, Base Lr: 9.06e-05 | id_global: 0.223 id_part: 2.681 tri_global: 0.030 tri_part: 0.579 lgpa_assign: 2.842
2026-07-12 21:16:32 transreid.train INFO: Epoch[94] Iter[140/227] Loss: 3.135, Acc: 0.989, Base Lr: 9.06e-05 | id_global: 0.216 id_part: 2.607 tri_global: 0.026 tri_part: 0.578 lgpa_assign: 2.844
2026-07-12 21:16:35 transreid.train INFO: Epoch[94] Iter[160/227] Loss: 3.096, Acc: 0.990, Base Lr: 9.06e-05 | id_global: 0.208 id_part: 2.541 tri_global: 0.024 tri_part: 0.577 lgpa_assign: 2.842
2026-07-12 21:16:39 transreid.train INFO: Epoch[94] Iter[180/227] Loss: 3.053, Acc: 0.990, Base Lr: 9.06e-05 | id_global: 0.201 id_part: 2.463 tri_global: 0.023 tri_part: 0.576 lgpa_assign: 2.844
2026-07-12 21:16:42 transreid.train INFO: Epoch[94] Iter[200/227] Loss: 3.002, Acc: 0.991, Base Lr: 9.06e-05 | id_global: 0.192 id_part: 2.361 tri_global: 0.022 tri_part: 0.575 lgpa_assign: 2.855
2026-07-12 21:16:44 transreid.train INFO: Epoch 94 done. Time per epoch: 36.364[s] Speed: 373.1[samples/s] ETA: 0h15m
2026-07-12 21:16:48 transreid.train INFO: Epoch[95] Iter[20/227] Loss: 3.169, Acc: 0.992, Base Lr: 8.41e-05 | id_global: 0.218 id_part: 2.772 tri_global: 0.014 tri_part: 0.572 lgpa_assign: 2.763
2026-07-12 21:16:52 transreid.train INFO: Epoch[95] Iter[40/227] Loss: 3.184, Acc: 0.991, Base Lr: 8.41e-05 | id_global: 0.213 id_part: 2.711 tri_global: 0.017 tri_part: 0.575 lgpa_assign: 2.852
2026-07-12 21:16:55 transreid.train INFO: Epoch[95] Iter[60/227] Loss: 3.172, Acc: 0.989, Base Lr: 8.41e-05 | id_global: 0.214 id_part: 2.685 tri_global: 0.017 tri_part: 0.574 lgpa_assign: 2.854
2026-07-12 21:16:58 transreid.train INFO: Epoch[95] Iter[80/227] Loss: 3.165, Acc: 0.989, Base Lr: 8.41e-05 | id_global: 0.213 id_part: 2.672 tri_global: 0.015 tri_part: 0.572 lgpa_assign: 2.858
2026-07-12 21:17:02 transreid.train INFO: Epoch[95] Iter[100/227] Loss: 3.167, Acc: 0.990, Base Lr: 8.41e-05 | id_global: 0.215 id_part: 2.679 tri_global: 0.015 tri_part: 0.574 lgpa_assign: 2.850
2026-07-12 21:17:05 transreid.train INFO: Epoch[95] Iter[120/227] Loss: 3.143, Acc: 0.990, Base Lr: 8.41e-05 | id_global: 0.212 id_part: 2.639 tri_global: 0.017 tri_part: 0.574 lgpa_assign: 2.845
2026-07-12 21:17:08 transreid.train INFO: Epoch[95] Iter[140/227] Loss: 3.108, Acc: 0.990, Base Lr: 8.41e-05 | id_global: 0.207 id_part: 2.572 tri_global: 0.020 tri_part: 0.574 lgpa_assign: 2.843
2026-07-12 21:17:12 transreid.train INFO: Epoch[95] Iter[160/227] Loss: 3.073, Acc: 0.990, Base Lr: 8.41e-05 | id_global: 0.201 id_part: 2.505 tri_global: 0.020 tri_part: 0.574 lgpa_assign: 2.846
2026-07-12 21:17:15 transreid.train INFO: Epoch[95] Iter[180/227] Loss: 3.034, Acc: 0.990, Base Lr: 8.41e-05 | id_global: 0.196 id_part: 2.435 tri_global: 0.022 tri_part: 0.574 lgpa_assign: 2.841
2026-07-12 21:17:18 transreid.train INFO: Epoch[95] Iter[200/227] Loss: 2.987, Acc: 0.991, Base Lr: 8.41e-05 | id_global: 0.188 id_part: 2.340 tri_global: 0.021 tri_part: 0.574 lgpa_assign: 2.851
2026-07-12 21:17:20 transreid.train INFO: Epoch 95 done. Time per epoch: 36.079[s] Speed: 374.3[samples/s] ETA: 0h15m
2026-07-12 21:17:24 transreid.train INFO: Epoch[96] Iter[20/227] Loss: 3.252, Acc: 0.985, Base Lr: 7.78e-05 | id_global: 0.252 id_part: 2.838 tri_global: 0.026 tri_part: 0.573 lgpa_assign: 2.817
2026-07-12 21:17:28 transreid.train INFO: Epoch[96] Iter[40/227] Loss: 3.243, Acc: 0.986, Base Lr: 7.78e-05 | id_global: 0.244 id_part: 2.759 tri_global: 0.026 tri_part: 0.576 lgpa_assign: 2.880
2026-07-12 21:17:31 transreid.train INFO: Epoch[96] Iter[60/227] Loss: 3.229, Acc: 0.988, Base Lr: 7.78e-05 | id_global: 0.238 id_part: 2.740 tri_global: 0.024 tri_part: 0.575 lgpa_assign: 2.879
2026-07-12 21:17:34 transreid.train INFO: Epoch[96] Iter[80/227] Loss: 3.216, Acc: 0.987, Base Lr: 7.78e-05 | id_global: 0.236 id_part: 2.710 tri_global: 0.025 tri_part: 0.577 lgpa_assign: 2.885
2026-07-12 21:17:38 transreid.train INFO: Epoch[96] Iter[100/227] Loss: 3.193, Acc: 0.988, Base Lr: 7.78e-05 | id_global: 0.230 id_part: 2.679 tri_global: 0.024 tri_part: 0.575 lgpa_assign: 2.877
2026-07-12 21:17:41 transreid.train INFO: Epoch[96] Iter[120/227] Loss: 3.160, Acc: 0.988, Base Lr: 7.78e-05 | id_global: 0.223 id_part: 2.627 tri_global: 0.022 tri_part: 0.575 lgpa_assign: 2.872
2026-07-12 21:17:44 transreid.train INFO: Epoch[96] Iter[140/227] Loss: 3.119, Acc: 0.989, Base Lr: 7.78e-05 | id_global: 0.216 id_part: 2.569 tri_global: 0.023 tri_part: 0.574 lgpa_assign: 2.856
2026-07-12 21:17:48 transreid.train INFO: Epoch[96] Iter[160/227] Loss: 3.090, Acc: 0.989, Base Lr: 7.78e-05 | id_global: 0.210 id_part: 2.513 tri_global: 0.022 tri_part: 0.574 lgpa_assign: 2.860
2026-07-12 21:17:51 transreid.train INFO: Epoch[96] Iter[180/227] Loss: 3.049, Acc: 0.989, Base Lr: 7.78e-05 | id_global: 0.203 id_part: 2.439 tri_global: 0.024 tri_part: 0.575 lgpa_assign: 2.857
2026-07-12 21:17:54 transreid.train INFO: Epoch[96] Iter[200/227] Loss: 3.001, Acc: 0.990, Base Lr: 7.78e-05 | id_global: 0.195 id_part: 2.345 tri_global: 0.025 tri_part: 0.575 lgpa_assign: 2.862
2026-07-12 21:17:56 transreid.train INFO: Epoch 96 done. Time per epoch: 36.425[s] Speed: 374.2[samples/s] ETA: 0h14m
2026-07-12 21:18:01 transreid.train INFO: Epoch[97] Iter[20/227] Loss: 3.316, Acc: 0.988, Base Lr: 7.18e-05 | id_global: 0.235 id_part: 2.856 tri_global: 0.025 tri_part: 0.577 lgpa_assign: 2.939
2026-07-12 21:18:04 transreid.train INFO: Epoch[97] Iter[40/227] Loss: 3.220, Acc: 0.991, Base Lr: 7.18e-05 | id_global: 0.222 id_part: 2.729 tri_global: 0.025 tri_part: 0.576 lgpa_assign: 2.888
2026-07-12 21:18:07 transreid.train INFO: Epoch[97] Iter[60/227] Loss: 3.219, Acc: 0.991, Base Lr: 7.18e-05 | id_global: 0.227 id_part: 2.746 tri_global: 0.026 tri_part: 0.577 lgpa_assign: 2.862
2026-07-12 21:18:11 transreid.train INFO: Epoch[97] Iter[80/227] Loss: 3.194, Acc: 0.991, Base Lr: 7.18e-05 | id_global: 0.222 id_part: 2.712 tri_global: 0.024 tri_part: 0.576 lgpa_assign: 2.853
2026-07-12 21:18:14 transreid.train INFO: Epoch[97] Iter[100/227] Loss: 3.163, Acc: 0.991, Base Lr: 7.18e-05 | id_global: 0.219 id_part: 2.656 tri_global: 0.024 tri_part: 0.576 lgpa_assign: 2.850
2026-07-12 21:18:17 transreid.train INFO: Epoch[97] Iter[120/227] Loss: 3.139, Acc: 0.991, Base Lr: 7.18e-05 | id_global: 0.215 id_part: 2.603 tri_global: 0.026 tri_part: 0.576 lgpa_assign: 2.858
2026-07-12 21:18:21 transreid.train INFO: Epoch[97] Iter[140/227] Loss: 3.108, Acc: 0.991, Base Lr: 7.18e-05 | id_global: 0.208 id_part: 2.544 tri_global: 0.026 tri_part: 0.575 lgpa_assign: 2.862
2026-07-12 21:18:24 transreid.train INFO: Epoch[97] Iter[160/227] Loss: 3.082, Acc: 0.991, Base Lr: 7.18e-05 | id_global: 0.205 id_part: 2.494 tri_global: 0.026 tri_part: 0.576 lgpa_assign: 2.863
2026-07-12 21:18:27 transreid.train INFO: Epoch[97] Iter[180/227] Loss: 3.047, Acc: 0.991, Base Lr: 7.18e-05 | id_global: 0.200 id_part: 2.436 tri_global: 0.027 tri_part: 0.575 lgpa_assign: 2.856
2026-07-12 21:18:31 transreid.train INFO: Epoch[97] Iter[200/227] Loss: 3.001, Acc: 0.991, Base Lr: 7.18e-05 | id_global: 0.193 id_part: 2.346 tri_global: 0.026 tri_part: 0.574 lgpa_assign: 2.864
2026-07-12 21:18:33 transreid.train INFO: Epoch 97 done. Time per epoch: 36.189[s] Speed: 374.9[samples/s] ETA: 0h13m
2026-07-12 21:18:37 transreid.train INFO: Epoch[98] Iter[20/227] Loss: 3.162, Acc: 0.990, Base Lr: 6.60e-05 | id_global: 0.213 id_part: 2.593 tri_global: 0.011 tri_part: 0.570 lgpa_assign: 2.936
2026-07-12 21:18:40 transreid.train INFO: Epoch[98] Iter[40/227] Loss: 3.181, Acc: 0.989, Base Lr: 6.60e-05 | id_global: 0.223 id_part: 2.663 tri_global: 0.014 tri_part: 0.571 lgpa_assign: 2.891
2026-07-12 21:18:44 transreid.train INFO: Epoch[98] Iter[60/227] Loss: 3.178, Acc: 0.991, Base Lr: 6.60e-05 | id_global: 0.220 id_part: 2.672 tri_global: 0.026 tri_part: 0.573 lgpa_assign: 2.863
2026-07-12 21:18:47 transreid.train INFO: Epoch[98] Iter[80/227] Loss: 3.174, Acc: 0.991, Base Lr: 6.60e-05 | id_global: 0.216 id_part: 2.658 tri_global: 0.025 tri_part: 0.574 lgpa_assign: 2.876
2026-07-12 21:18:50 transreid.train INFO: Epoch[98] Iter[100/227] Loss: 3.148, Acc: 0.992, Base Lr: 6.60e-05 | id_global: 0.210 id_part: 2.612 tri_global: 0.027 tri_part: 0.574 lgpa_assign: 2.874
2026-07-12 21:18:54 transreid.train INFO: Epoch[98] Iter[120/227] Loss: 3.125, Acc: 0.992, Base Lr: 6.60e-05 | id_global: 0.206 id_part: 2.580 tri_global: 0.025 tri_part: 0.574 lgpa_assign: 2.864
2026-07-12 21:18:57 transreid.train INFO: Epoch[98] Iter[140/227] Loss: 3.093, Acc: 0.992, Base Lr: 6.60e-05 | id_global: 0.202 id_part: 2.536 tri_global: 0.026 tri_part: 0.574 lgpa_assign: 2.849
2026-07-12 21:19:00 transreid.train INFO: Epoch[98] Iter[160/227] Loss: 3.064, Acc: 0.993, Base Lr: 6.60e-05 | id_global: 0.197 id_part: 2.482 tri_global: 0.025 tri_part: 0.574 lgpa_assign: 2.851
2026-07-12 21:19:04 transreid.train INFO: Epoch[98] Iter[180/227] Loss: 3.031, Acc: 0.993, Base Lr: 6.60e-05 | id_global: 0.192 id_part: 2.423 tri_global: 0.024 tri_part: 0.574 lgpa_assign: 2.850
2026-07-12 21:19:07 transreid.train INFO: Epoch[98] Iter[200/227] Loss: 2.985, Acc: 0.993, Base Lr: 6.60e-05 | id_global: 0.184 id_part: 2.329 tri_global: 0.023 tri_part: 0.574 lgpa_assign: 2.860
2026-07-12 21:19:09 transreid.train INFO: Epoch 98 done. Time per epoch: 36.295[s] Speed: 373.8[samples/s] ETA: 0h13m
2026-07-12 21:19:13 transreid.train INFO: Epoch[99] Iter[20/227] Loss: 3.191, Acc: 0.986, Base Lr: 6.04e-05 | id_global: 0.229 id_part: 2.701 tri_global: 0.035 tri_part: 0.578 lgpa_assign: 2.839
2026-07-12 21:19:17 transreid.train INFO: Epoch[99] Iter[40/227] Loss: 3.182, Acc: 0.989, Base Lr: 6.04e-05 | id_global: 0.224 id_part: 2.719 tri_global: 0.042 tri_part: 0.577 lgpa_assign: 2.802
2026-07-12 21:19:20 transreid.train INFO: Epoch[99] Iter[60/227] Loss: 3.170, Acc: 0.990, Base Lr: 6.04e-05 | id_global: 0.221 id_part: 2.700 tri_global: 0.035 tri_part: 0.576 lgpa_assign: 2.808
2026-07-12 21:19:23 transreid.train INFO: Epoch[99] Iter[80/227] Loss: 3.170, Acc: 0.989, Base Lr: 6.04e-05 | id_global: 0.221 id_part: 2.699 tri_global: 0.034 tri_part: 0.576 lgpa_assign: 2.811
2026-07-12 21:19:27 transreid.train INFO: Epoch[99] Iter[100/227] Loss: 3.155, Acc: 0.989, Base Lr: 6.04e-05 | id_global: 0.220 id_part: 2.663 tri_global: 0.031 tri_part: 0.575 lgpa_assign: 2.821
2026-07-12 21:19:30 transreid.train INFO: Epoch[99] Iter[120/227] Loss: 3.133, Acc: 0.990, Base Lr: 6.04e-05 | id_global: 0.215 id_part: 2.611 tri_global: 0.031 tri_part: 0.575 lgpa_assign: 2.834
2026-07-12 21:19:33 transreid.train INFO: Epoch[99] Iter[140/227] Loss: 3.102, Acc: 0.990, Base Lr: 6.04e-05 | id_global: 0.209 id_part: 2.551 tri_global: 0.028 tri_part: 0.575 lgpa_assign: 2.842
2026-07-12 21:19:37 transreid.train INFO: Epoch[99] Iter[160/227] Loss: 3.059, Acc: 0.991, Base Lr: 6.04e-05 | id_global: 0.201 id_part: 2.481 tri_global: 0.026 tri_part: 0.574 lgpa_assign: 2.837
2026-07-12 21:19:40 transreid.train INFO: Epoch[99] Iter[180/227] Loss: 3.028, Acc: 0.991, Base Lr: 6.04e-05 | id_global: 0.196 id_part: 2.419 tri_global: 0.025 tri_part: 0.574 lgpa_assign: 2.842
2026-07-12 21:19:43 transreid.train INFO: Epoch[99] Iter[200/227] Loss: 2.982, Acc: 0.991, Base Lr: 6.04e-05 | id_global: 0.188 id_part: 2.332 tri_global: 0.025 tri_part: 0.574 lgpa_assign: 2.845
2026-07-12 21:19:45 transreid.train INFO: Epoch 99 done. Time per epoch: 36.276[s] Speed: 372.3[samples/s] ETA: 0h12m
2026-07-12 21:19:50 transreid.train INFO: Epoch[100] Iter[20/227] Loss: 3.146, Acc: 0.987, Base Lr: 5.51e-05 | id_global: 0.221 id_part: 2.679 tri_global: 0.025 tri_part: 0.577 lgpa_assign: 2.791
2026-07-12 21:19:53 transreid.train INFO: Epoch[100] Iter[40/227] Loss: 3.173, Acc: 0.988, Base Lr: 5.51e-05 | id_global: 0.225 id_part: 2.704 tri_global: 0.021 tri_part: 0.575 lgpa_assign: 2.820
2026-07-12 21:19:56 transreid.train INFO: Epoch[100] Iter[60/227] Loss: 3.179, Acc: 0.989, Base Lr: 5.51e-05 | id_global: 0.221 id_part: 2.695 tri_global: 0.025 tri_part: 0.576 lgpa_assign: 2.841
2026-07-12 21:20:00 transreid.train INFO: Epoch[100] Iter[80/227] Loss: 3.153, Acc: 0.988, Base Lr: 5.51e-05 | id_global: 0.219 id_part: 2.663 tri_global: 0.022 tri_part: 0.575 lgpa_assign: 2.826
2026-07-12 21:20:03 transreid.train INFO: Epoch[100] Iter[100/227] Loss: 3.132, Acc: 0.988, Base Lr: 5.51e-05 | id_global: 0.218 id_part: 2.636 tri_global: 0.020 tri_part: 0.576 lgpa_assign: 2.814
2026-07-12 21:20:06 transreid.train INFO: Epoch[100] Iter[120/227] Loss: 3.116, Acc: 0.988, Base Lr: 5.51e-05 | id_global: 0.215 id_part: 2.609 tri_global: 0.021 tri_part: 0.576 lgpa_assign: 2.812
2026-07-12 21:20:10 transreid.train INFO: Epoch[100] Iter[140/227] Loss: 3.078, Acc: 0.989, Base Lr: 5.51e-05 | id_global: 0.206 id_part: 2.534 tri_global: 0.019 tri_part: 0.574 lgpa_assign: 2.823
2026-07-12 21:20:13 transreid.train INFO: Epoch[100] Iter[160/227] Loss: 3.048, Acc: 0.990, Base Lr: 5.51e-05 | id_global: 0.199 id_part: 2.478 tri_global: 0.019 tri_part: 0.573 lgpa_assign: 2.827
2026-07-12 21:20:16 transreid.train INFO: Epoch[100] Iter[180/227] Loss: 3.011, Acc: 0.990, Base Lr: 5.51e-05 | id_global: 0.190 id_part: 2.400 tri_global: 0.018 tri_part: 0.573 lgpa_assign: 2.841
2026-07-12 21:20:20 transreid.train INFO: Epoch[100] Iter[200/227] Loss: 2.970, Acc: 0.991, Base Lr: 5.51e-05 | id_global: 0.184 id_part: 2.319 tri_global: 0.017 tri_part: 0.573 lgpa_assign: 2.847
2026-07-12 21:20:22 transreid.train INFO: Epoch 100 done. Time per epoch: 36.545[s] Speed: 371.3[samples/s] ETA: 0h12m
The test feature is normalized
=> Computing DistMat with euclidean_distance
2026-07-12 21:20:51 transreid.train INFO: Validation Results - Epoch: 100
2026-07-12 21:20:51 transreid.train INFO: mAP: 59.5%
2026-07-12 21:20:51 transreid.train INFO: CMC curve, Rank-1  :68.7%
2026-07-12 21:20:51 transreid.train INFO: CMC curve, Rank-5  :81.4%
2026-07-12 21:20:51 transreid.train INFO: CMC curve, Rank-10 :85.2%
2026-07-12 21:20:56 transreid.train INFO: Epoch[101] Iter[20/227] Loss: 3.285, Acc: 0.989, Base Lr: 5.00e-05 | id_global: 0.255 id_part: 2.817 tri_global: 0.036 tri_part: 0.578 lgpa_assign: 2.883
2026-07-12 21:20:59 transreid.train INFO: Epoch[101] Iter[40/227] Loss: 3.232, Acc: 0.988, Base Lr: 5.00e-05 | id_global: 0.236 id_part: 2.761 tri_global: 0.025 tri_part: 0.575 lgpa_assign: 2.866
2026-07-12 21:21:02 transreid.train INFO: Epoch[101] Iter[60/227] Loss: 3.196, Acc: 0.989, Base Lr: 5.00e-05 | id_global: 0.225 id_part: 2.713 tri_global: 0.022 tri_part: 0.572 lgpa_assign: 2.861
2026-07-12 21:21:06 transreid.train INFO: Epoch[101] Iter[80/227] Loss: 3.167, Acc: 0.990, Base Lr: 5.00e-05 | id_global: 0.218 id_part: 2.652 tri_global: 0.021 tri_part: 0.571 lgpa_assign: 2.872
2026-07-12 21:21:09 transreid.train INFO: Epoch[101] Iter[100/227] Loss: 3.132, Acc: 0.991, Base Lr: 5.00e-05 | id_global: 0.211 id_part: 2.602 tri_global: 0.023 tri_part: 0.572 lgpa_assign: 2.855
2026-07-12 21:21:12 transreid.train INFO: Epoch[101] Iter[120/227] Loss: 3.113, Acc: 0.990, Base Lr: 5.00e-05 | id_global: 0.210 id_part: 2.574 tri_global: 0.024 tri_part: 0.572 lgpa_assign: 2.846
2026-07-12 21:21:15 transreid.train INFO: Epoch[101] Iter[140/227] Loss: 3.081, Acc: 0.991, Base Lr: 5.00e-05 | id_global: 0.203 id_part: 2.519 tri_global: 0.023 tri_part: 0.572 lgpa_assign: 2.844
2026-07-12 21:21:19 transreid.train INFO: Epoch[101] Iter[160/227] Loss: 3.058, Acc: 0.991, Base Lr: 5.00e-05 | id_global: 0.200 id_part: 2.469 tri_global: 0.024 tri_part: 0.573 lgpa_assign: 2.849
2026-07-12 21:21:22 transreid.train INFO: Epoch[101] Iter[180/227] Loss: 3.019, Acc: 0.991, Base Lr: 5.00e-05 | id_global: 0.193 id_part: 2.398 tri_global: 0.025 tri_part: 0.572 lgpa_assign: 2.850
2026-07-12 21:21:25 transreid.train INFO: Epoch[101] Iter[200/227] Loss: 2.976, Acc: 0.991, Base Lr: 5.00e-05 | id_global: 0.186 id_part: 2.313 tri_global: 0.024 tri_part: 0.571 lgpa_assign: 2.859
2026-07-12 21:21:27 transreid.train INFO: Epoch 101 done. Time per epoch: 36.060[s] Speed: 372.7[samples/s] ETA: 0h11m
2026-07-12 21:21:32 transreid.train INFO: Epoch[102] Iter[20/227] Loss: 3.188, Acc: 0.986, Base Lr: 4.51e-05 | id_global: 0.230 id_part: 2.739 tri_global: 0.022 tri_part: 0.574 lgpa_assign: 2.810
2026-07-12 21:21:35 transreid.train INFO: Epoch[102] Iter[40/227] Loss: 3.184, Acc: 0.990, Base Lr: 4.51e-05 | id_global: 0.220 id_part: 2.737 tri_global: 0.020 tri_part: 0.572 lgpa_assign: 2.820
2026-07-12 21:21:38 transreid.train INFO: Epoch[102] Iter[60/227] Loss: 3.179, Acc: 0.990, Base Lr: 4.51e-05 | id_global: 0.219 id_part: 2.702 tri_global: 0.024 tri_part: 0.573 lgpa_assign: 2.841
2026-07-12 21:21:42 transreid.train INFO: Epoch[102] Iter[80/227] Loss: 3.157, Acc: 0.990, Base Lr: 4.51e-05 | id_global: 0.217 id_part: 2.679 tri_global: 0.024 tri_part: 0.573 lgpa_assign: 2.822
2026-07-12 21:21:45 transreid.train INFO: Epoch[102] Iter[100/227] Loss: 3.129, Acc: 0.990, Base Lr: 4.51e-05 | id_global: 0.211 id_part: 2.623 tri_global: 0.021 tri_part: 0.574 lgpa_assign: 2.830
2026-07-12 21:21:48 transreid.train INFO: Epoch[102] Iter[120/227] Loss: 3.107, Acc: 0.991, Base Lr: 4.51e-05 | id_global: 0.207 id_part: 2.586 tri_global: 0.024 tri_part: 0.574 lgpa_assign: 2.822
2026-07-12 21:21:52 transreid.train INFO: Epoch[102] Iter[140/227] Loss: 3.091, Acc: 0.991, Base Lr: 4.51e-05 | id_global: 0.204 id_part: 2.543 tri_global: 0.025 tri_part: 0.574 lgpa_assign: 2.836
2026-07-12 21:21:55 transreid.train INFO: Epoch[102] Iter[160/227] Loss: 3.053, Acc: 0.991, Base Lr: 4.51e-05 | id_global: 0.198 id_part: 2.480 tri_global: 0.024 tri_part: 0.573 lgpa_assign: 2.831
2026-07-12 21:21:58 transreid.train INFO: Epoch[102] Iter[180/227] Loss: 3.020, Acc: 0.991, Base Lr: 4.51e-05 | id_global: 0.193 id_part: 2.412 tri_global: 0.026 tri_part: 0.573 lgpa_assign: 2.836
2026-07-12 21:22:01 transreid.train INFO: Epoch[102] Iter[200/227] Loss: 2.979, Acc: 0.992, Base Lr: 4.51e-05 | id_global: 0.186 id_part: 2.327 tri_global: 0.024 tri_part: 0.573 lgpa_assign: 2.848
2026-07-12 21:22:04 transreid.train INFO: Epoch 102 done. Time per epoch: 36.488[s] Speed: 373.6[samples/s] ETA: 0h10m
2026-07-12 21:22:08 transreid.train INFO: Epoch[103] Iter[20/227] Loss: 3.317, Acc: 0.982, Base Lr: 4.05e-05 | id_global: 0.271 id_part: 2.919 tri_global: 0.022 tri_part: 0.578 lgpa_assign: 2.844
2026-07-12 21:22:11 transreid.train INFO: Epoch[103] Iter[40/227] Loss: 3.243, Acc: 0.986, Base Lr: 4.05e-05 | id_global: 0.246 id_part: 2.825 tri_global: 0.026 tri_part: 0.575 lgpa_assign: 2.816
2026-07-12 21:22:15 transreid.train INFO: Epoch[103] Iter[60/227] Loss: 3.230, Acc: 0.988, Base Lr: 4.05e-05 | id_global: 0.241 id_part: 2.790 tri_global: 0.028 tri_part: 0.576 lgpa_assign: 2.825
2026-07-12 21:22:18 transreid.train INFO: Epoch[103] Iter[80/227] Loss: 3.202, Acc: 0.989, Base Lr: 4.05e-05 | id_global: 0.230 id_part: 2.730 tri_global: 0.028 tri_part: 0.575 lgpa_assign: 2.841
2026-07-12 21:22:21 transreid.train INFO: Epoch[103] Iter[100/227] Loss: 3.160, Acc: 0.990, Base Lr: 4.05e-05 | id_global: 0.220 id_part: 2.661 tri_global: 0.028 tri_part: 0.574 lgpa_assign: 2.837
2026-07-12 21:22:25 transreid.train INFO: Epoch[103] Iter[120/227] Loss: 3.132, Acc: 0.991, Base Lr: 4.05e-05 | id_global: 0.216 id_part: 2.613 tri_global: 0.026 tri_part: 0.574 lgpa_assign: 2.834
2026-07-12 21:22:28 transreid.train INFO: Epoch[103] Iter[140/227] Loss: 3.106, Acc: 0.991, Base Lr: 4.05e-05 | id_global: 0.212 id_part: 2.563 tri_global: 0.025 tri_part: 0.575 lgpa_assign: 2.837
2026-07-12 21:22:31 transreid.train INFO: Epoch[103] Iter[160/227] Loss: 3.067, Acc: 0.991, Base Lr: 4.05e-05 | id_global: 0.204 id_part: 2.492 tri_global: 0.024 tri_part: 0.574 lgpa_assign: 2.839
2026-07-12 21:22:35 transreid.train INFO: Epoch[103] Iter[180/227] Loss: 3.026, Acc: 0.991, Base Lr: 4.05e-05 | id_global: 0.196 id_part: 2.413 tri_global: 0.022 tri_part: 0.574 lgpa_assign: 2.848
2026-07-12 21:22:38 transreid.train INFO: Epoch[103] Iter[200/227] Loss: 2.979, Acc: 0.991, Base Lr: 4.05e-05 | id_global: 0.188 id_part: 2.317 tri_global: 0.022 tri_part: 0.573 lgpa_assign: 2.857
2026-07-12 21:22:40 transreid.train INFO: Epoch 103 done. Time per epoch: 36.101[s] Speed: 374.1[samples/s] ETA: 0h10m
2026-07-12 21:22:44 transreid.train INFO: Epoch[104] Iter[20/227] Loss: 3.232, Acc: 0.987, Base Lr: 3.61e-05 | id_global: 0.233 id_part: 2.765 tri_global: 0.016 tri_part: 0.569 lgpa_assign: 2.881
2026-07-12 21:22:48 transreid.train INFO: Epoch[104] Iter[40/227] Loss: 3.226, Acc: 0.989, Base Lr: 3.61e-05 | id_global: 0.227 id_part: 2.748 tri_global: 0.025 tri_part: 0.574 lgpa_assign: 2.877
2026-07-12 21:22:51 transreid.train INFO: Epoch[104] Iter[60/227] Loss: 3.178, Acc: 0.991, Base Lr: 3.61e-05 | id_global: 0.216 id_part: 2.704 tri_global: 0.023 tri_part: 0.573 lgpa_assign: 2.839
2026-07-12 21:22:54 transreid.train INFO: Epoch[104] Iter[80/227] Loss: 3.169, Acc: 0.991, Base Lr: 3.61e-05 | id_global: 0.216 id_part: 2.682 tri_global: 0.024 tri_part: 0.574 lgpa_assign: 2.841
2026-07-12 21:22:57 transreid.train INFO: Epoch[104] Iter[100/227] Loss: 3.149, Acc: 0.991, Base Lr: 3.61e-05 | id_global: 0.212 id_part: 2.643 tri_global: 0.027 tri_part: 0.574 lgpa_assign: 2.841
2026-07-12 21:23:01 transreid.train INFO: Epoch[104] Iter[120/227] Loss: 3.125, Acc: 0.991, Base Lr: 3.61e-05 | id_global: 0.209 id_part: 2.599 tri_global: 0.026 tri_part: 0.574 lgpa_assign: 2.841
2026-07-12 21:23:04 transreid.train INFO: Epoch[104] Iter[140/227] Loss: 3.092, Acc: 0.991, Base Lr: 3.61e-05 | id_global: 0.204 id_part: 2.538 tri_global: 0.027 tri_part: 0.573 lgpa_assign: 2.842
2026-07-12 21:23:07 transreid.train INFO: Epoch[104] Iter[160/227] Loss: 3.064, Acc: 0.991, Base Lr: 3.61e-05 | id_global: 0.199 id_part: 2.479 tri_global: 0.028 tri_part: 0.574 lgpa_assign: 2.849
2026-07-12 21:23:11 transreid.train INFO: Epoch[104] Iter[180/227] Loss: 3.030, Acc: 0.991, Base Lr: 3.61e-05 | id_global: 0.193 id_part: 2.414 tri_global: 0.028 tri_part: 0.574 lgpa_assign: 2.851
2026-07-12 21:23:14 transreid.train INFO: Epoch[104] Iter[200/227] Loss: 2.978, Acc: 0.992, Base Lr: 3.61e-05 | id_global: 0.185 id_part: 2.320 tri_global: 0.028 tri_part: 0.573 lgpa_assign: 2.852
2026-07-12 21:23:16 transreid.train INFO: Epoch 104 done. Time per epoch: 36.329[s] Speed: 373.5[samples/s] ETA: 0h9m
2026-07-12 21:23:21 transreid.train INFO: Epoch[105] Iter[20/227] Loss: 3.266, Acc: 0.993, Base Lr: 3.20e-05 | id_global: 0.227 id_part: 2.827 tri_global: 0.017 tri_part: 0.577 lgpa_assign: 2.885
2026-07-12 21:23:24 transreid.train INFO: Epoch[105] Iter[40/227] Loss: 3.210, Acc: 0.991, Base Lr: 3.20e-05 | id_global: 0.225 id_part: 2.738 tri_global: 0.019 tri_part: 0.577 lgpa_assign: 2.862
2026-07-12 21:23:27 transreid.train INFO: Epoch[105] Iter[60/227] Loss: 3.198, Acc: 0.991, Base Lr: 3.20e-05 | id_global: 0.220 id_part: 2.739 tri_global: 0.021 tri_part: 0.575 lgpa_assign: 2.841
2026-07-12 21:23:30 transreid.train INFO: Epoch[105] Iter[80/227] Loss: 3.184, Acc: 0.990, Base Lr: 3.20e-05 | id_global: 0.220 id_part: 2.700 tri_global: 0.024 tri_part: 0.576 lgpa_assign: 2.848
2026-07-12 21:23:34 transreid.train INFO: Epoch[105] Iter[100/227] Loss: 3.149, Acc: 0.991, Base Lr: 3.20e-05 | id_global: 0.213 id_part: 2.635 tri_global: 0.023 tri_part: 0.576 lgpa_assign: 2.850
2026-07-12 21:23:37 transreid.train INFO: Epoch[105] Iter[120/227] Loss: 3.116, Acc: 0.991, Base Lr: 3.20e-05 | id_global: 0.209 id_part: 2.581 tri_global: 0.027 tri_part: 0.576 lgpa_assign: 2.839
2026-07-12 21:23:40 transreid.train INFO: Epoch[105] Iter[140/227] Loss: 3.092, Acc: 0.991, Base Lr: 3.20e-05 | id_global: 0.204 id_part: 2.538 tri_global: 0.026 tri_part: 0.575 lgpa_assign: 2.842
2026-07-12 21:23:44 transreid.train INFO: Epoch[105] Iter[160/227] Loss: 3.055, Acc: 0.991, Base Lr: 3.20e-05 | id_global: 0.198 id_part: 2.476 tri_global: 0.024 tri_part: 0.575 lgpa_assign: 2.836
2026-07-12 21:23:47 transreid.train INFO: Epoch[105] Iter[180/227] Loss: 3.021, Acc: 0.991, Base Lr: 3.20e-05 | id_global: 0.191 id_part: 2.408 tri_global: 0.024 tri_part: 0.574 lgpa_assign: 2.844
2026-07-12 21:23:50 transreid.train INFO: Epoch[105] Iter[200/227] Loss: 2.974, Acc: 0.992, Base Lr: 3.20e-05 | id_global: 0.184 id_part: 2.320 tri_global: 0.024 tri_part: 0.574 lgpa_assign: 2.846
2026-07-12 21:23:52 transreid.train INFO: Epoch 105 done. Time per epoch: 36.236[s] Speed: 374.4[samples/s] ETA: 0h9m
2026-07-12 21:23:57 transreid.train INFO: Epoch[106] Iter[20/227] Loss: 3.206, Acc: 0.982, Base Lr: 2.81e-05 | id_global: 0.237 id_part: 2.719 tri_global: 0.018 tri_part: 0.576 lgpa_assign: 2.862
2026-07-12 21:24:00 transreid.train INFO: Epoch[106] Iter[40/227] Loss: 3.202, Acc: 0.985, Base Lr: 2.81e-05 | id_global: 0.229 id_part: 2.718 tri_global: 0.015 tri_part: 0.573 lgpa_assign: 2.868
2026-07-12 21:24:03 transreid.train INFO: Epoch[106] Iter[60/227] Loss: 3.153, Acc: 0.989, Base Lr: 2.81e-05 | id_global: 0.218 id_part: 2.677 tri_global: 0.015 tri_part: 0.572 lgpa_assign: 2.825
2026-07-12 21:24:07 transreid.train INFO: Epoch[106] Iter[80/227] Loss: 3.143, Acc: 0.990, Base Lr: 2.81e-05 | id_global: 0.215 id_part: 2.643 tri_global: 0.016 tri_part: 0.575 lgpa_assign: 2.839
2026-07-12 21:24:10 transreid.train INFO: Epoch[106] Iter[100/227] Loss: 3.117, Acc: 0.990, Base Lr: 2.81e-05 | id_global: 0.209 id_part: 2.600 tri_global: 0.020 tri_part: 0.574 lgpa_assign: 2.831
2026-07-12 21:24:13 transreid.train INFO: Epoch[106] Iter[120/227] Loss: 3.091, Acc: 0.991, Base Lr: 2.81e-05 | id_global: 0.204 id_part: 2.563 tri_global: 0.018 tri_part: 0.573 lgpa_assign: 2.823
2026-07-12 21:24:17 transreid.train INFO: Epoch[106] Iter[140/227] Loss: 3.065, Acc: 0.991, Base Lr: 2.81e-05 | id_global: 0.200 id_part: 2.509 tri_global: 0.027 tri_part: 0.573 lgpa_assign: 2.822
2026-07-12 21:24:20 transreid.train INFO: Epoch[106] Iter[160/227] Loss: 3.037, Acc: 0.992, Base Lr: 2.81e-05 | id_global: 0.194 id_part: 2.465 tri_global: 0.025 tri_part: 0.572 lgpa_assign: 2.818
2026-07-12 21:24:23 transreid.train INFO: Epoch[106] Iter[180/227] Loss: 3.001, Acc: 0.992, Base Lr: 2.81e-05 | id_global: 0.187 id_part: 2.386 tri_global: 0.025 tri_part: 0.572 lgpa_assign: 2.832
2026-07-12 21:24:27 transreid.train INFO: Epoch[106] Iter[200/227] Loss: 2.963, Acc: 0.992, Base Lr: 2.81e-05 | id_global: 0.181 id_part: 2.301 tri_global: 0.025 tri_part: 0.572 lgpa_assign: 2.848
2026-07-12 21:24:29 transreid.train INFO: Epoch 106 done. Time per epoch: 36.421[s] Speed: 372.5[samples/s] ETA: 0h8m
2026-07-12 21:24:33 transreid.train INFO: Epoch[107] Iter[20/227] Loss: 3.141, Acc: 0.987, Base Lr: 2.45e-05 | id_global: 0.215 id_part: 2.686 tri_global: 0.024 tri_part: 0.563 lgpa_assign: 2.794
2026-07-12 21:24:37 transreid.train INFO: Epoch[107] Iter[40/227] Loss: 3.153, Acc: 0.986, Base Lr: 2.45e-05 | id_global: 0.224 id_part: 2.707 tri_global: 0.032 tri_part: 0.570 lgpa_assign: 2.773
2026-07-12 21:24:40 transreid.train INFO: Epoch[107] Iter[60/227] Loss: 3.126, Acc: 0.988, Base Lr: 2.45e-05 | id_global: 0.215 id_part: 2.650 tri_global: 0.027 tri_part: 0.570 lgpa_assign: 2.790
2026-07-12 21:24:43 transreid.train INFO: Epoch[107] Iter[80/227] Loss: 3.132, Acc: 0.988, Base Lr: 2.45e-05 | id_global: 0.219 id_part: 2.652 tri_global: 0.026 tri_part: 0.571 lgpa_assign: 2.796
2026-07-12 21:24:47 transreid.train INFO: Epoch[107] Iter[100/227] Loss: 3.112, Acc: 0.989, Base Lr: 2.45e-05 | id_global: 0.213 id_part: 2.616 tri_global: 0.026 tri_part: 0.571 lgpa_assign: 2.797
2026-07-12 21:24:50 transreid.train INFO: Epoch[107] Iter[120/227] Loss: 3.092, Acc: 0.990, Base Lr: 2.45e-05 | id_global: 0.207 id_part: 2.581 tri_global: 0.025 tri_part: 0.571 lgpa_assign: 2.801
2026-07-12 21:24:53 transreid.train INFO: Epoch[107] Iter[140/227] Loss: 3.066, Acc: 0.991, Base Lr: 2.45e-05 | id_global: 0.201 id_part: 2.522 tri_global: 0.023 tri_part: 0.571 lgpa_assign: 2.816
2026-07-12 21:24:56 transreid.train INFO: Epoch[107] Iter[160/227] Loss: 3.033, Acc: 0.991, Base Lr: 2.45e-05 | id_global: 0.193 id_part: 2.459 tri_global: 0.025 tri_part: 0.570 lgpa_assign: 2.820
2026-07-12 21:25:00 transreid.train INFO: Epoch[107] Iter[180/227] Loss: 3.001, Acc: 0.991, Base Lr: 2.45e-05 | id_global: 0.189 id_part: 2.392 tri_global: 0.024 tri_part: 0.570 lgpa_assign: 2.828
2026-07-12 21:25:03 transreid.train INFO: Epoch[107] Iter[200/227] Loss: 2.956, Acc: 0.991, Base Lr: 2.45e-05 | id_global: 0.181 id_part: 2.296 tri_global: 0.023 tri_part: 0.570 lgpa_assign: 2.841
2026-07-12 21:25:05 transreid.train INFO: Epoch 107 done. Time per epoch: 36.190[s] Speed: 373.1[samples/s] ETA: 0h7m
2026-07-12 21:25:10 transreid.train INFO: Epoch[108] Iter[20/227] Loss: 3.247, Acc: 0.991, Base Lr: 2.11e-05 | id_global: 0.233 id_part: 2.797 tri_global: 0.045 tri_part: 0.574 lgpa_assign: 2.844
2026-07-12 21:25:13 transreid.train INFO: Epoch[108] Iter[40/227] Loss: 3.211, Acc: 0.988, Base Lr: 2.11e-05 | id_global: 0.235 id_part: 2.733 tri_global: 0.035 tri_part: 0.575 lgpa_assign: 2.846
2026-07-12 21:25:16 transreid.train INFO: Epoch[108] Iter[60/227] Loss: 3.176, Acc: 0.988, Base Lr: 2.11e-05 | id_global: 0.230 id_part: 2.680 tri_global: 0.030 tri_part: 0.575 lgpa_assign: 2.838
2026-07-12 21:25:19 transreid.train INFO: Epoch[108] Iter[80/227] Loss: 3.144, Acc: 0.988, Base Lr: 2.11e-05 | id_global: 0.220 id_part: 2.637 tri_global: 0.032 tri_part: 0.573 lgpa_assign: 2.825
2026-07-12 21:25:23 transreid.train INFO: Epoch[108] Iter[100/227] Loss: 3.122, Acc: 0.988, Base Lr: 2.11e-05 | id_global: 0.213 id_part: 2.607 tri_global: 0.031 tri_part: 0.573 lgpa_assign: 2.820
2026-07-12 21:25:26 transreid.train INFO: Epoch[108] Iter[120/227] Loss: 3.094, Acc: 0.988, Base Lr: 2.11e-05 | id_global: 0.209 id_part: 2.564 tri_global: 0.029 tri_part: 0.572 lgpa_assign: 2.814
2026-07-12 21:25:29 transreid.train INFO: Epoch[108] Iter[140/227] Loss: 3.078, Acc: 0.989, Base Lr: 2.11e-05 | id_global: 0.204 id_part: 2.529 tri_global: 0.031 tri_part: 0.573 lgpa_assign: 2.819
2026-07-12 21:25:33 transreid.train INFO: Epoch[108] Iter[160/227] Loss: 3.045, Acc: 0.989, Base Lr: 2.11e-05 | id_global: 0.199 id_part: 2.462 tri_global: 0.029 tri_part: 0.572 lgpa_assign: 2.830
2026-07-12 21:25:36 transreid.train INFO: Epoch[108] Iter[180/227] Loss: 3.014, Acc: 0.990, Base Lr: 2.11e-05 | id_global: 0.193 id_part: 2.400 tri_global: 0.026 tri_part: 0.572 lgpa_assign: 2.836
2026-07-12 21:25:39 transreid.train INFO: Epoch[108] Iter[200/227] Loss: 2.971, Acc: 0.990, Base Lr: 2.11e-05 | id_global: 0.185 id_part: 2.307 tri_global: 0.026 tri_part: 0.572 lgpa_assign: 2.851
2026-07-12 21:25:41 transreid.train INFO: Epoch 108 done. Time per epoch: 36.218[s] Speed: 372.9[samples/s] ETA: 0h7m
2026-07-12 21:25:46 transreid.train INFO: Epoch[109] Iter[20/227] Loss: 3.222, Acc: 0.985, Base Lr: 1.80e-05 | id_global: 0.224 id_part: 2.830 tri_global: 0.011 tri_part: 0.570 lgpa_assign: 2.808
2026-07-12 21:25:49 transreid.train INFO: Epoch[109] Iter[40/227] Loss: 3.234, Acc: 0.987, Base Lr: 1.80e-05 | id_global: 0.230 id_part: 2.783 tri_global: 0.029 tri_part: 0.573 lgpa_assign: 2.854
2026-07-12 21:25:52 transreid.train INFO: Epoch[109] Iter[60/227] Loss: 3.206, Acc: 0.989, Base Lr: 1.80e-05 | id_global: 0.222 id_part: 2.730 tri_global: 0.028 tri_part: 0.574 lgpa_assign: 2.859
2026-07-12 21:25:55 transreid.train INFO: Epoch[109] Iter[80/227] Loss: 3.167, Acc: 0.990, Base Lr: 1.80e-05 | id_global: 0.215 id_part: 2.669 tri_global: 0.029 tri_part: 0.575 lgpa_assign: 2.846
2026-07-12 21:25:59 transreid.train INFO: Epoch[109] Iter[100/227] Loss: 3.125, Acc: 0.990, Base Lr: 1.80e-05 | id_global: 0.208 id_part: 2.610 tri_global: 0.027 tri_part: 0.575 lgpa_assign: 2.831
2026-07-12 21:26:02 transreid.train INFO: Epoch[109] Iter[120/227] Loss: 3.101, Acc: 0.989, Base Lr: 1.80e-05 | id_global: 0.205 id_part: 2.570 tri_global: 0.026 tri_part: 0.573 lgpa_assign: 2.828
2026-07-12 21:26:05 transreid.train INFO: Epoch[109] Iter[140/227] Loss: 3.076, Acc: 0.991, Base Lr: 1.80e-05 | id_global: 0.198 id_part: 2.525 tri_global: 0.024 tri_part: 0.572 lgpa_assign: 2.833
2026-07-12 21:26:09 transreid.train INFO: Epoch[109] Iter[160/227] Loss: 3.044, Acc: 0.991, Base Lr: 1.80e-05 | id_global: 0.192 id_part: 2.463 tri_global: 0.023 tri_part: 0.572 lgpa_assign: 2.838
2026-07-12 21:26:12 transreid.train INFO: Epoch[109] Iter[180/227] Loss: 3.010, Acc: 0.991, Base Lr: 1.80e-05 | id_global: 0.188 id_part: 2.399 tri_global: 0.024 tri_part: 0.572 lgpa_assign: 2.837
2026-07-12 21:26:15 transreid.train INFO: Epoch[109] Iter[200/227] Loss: 2.964, Acc: 0.992, Base Lr: 1.80e-05 | id_global: 0.182 id_part: 2.305 tri_global: 0.024 tri_part: 0.572 lgpa_assign: 2.845
2026-07-12 21:26:17 transreid.train INFO: Epoch 109 done. Time per epoch: 36.185[s] Speed: 375.0[samples/s] ETA: 0h6m
2026-07-12 21:26:22 transreid.train INFO: Epoch[110] Iter[20/227] Loss: 3.193, Acc: 0.986, Base Lr: 1.52e-05 | id_global: 0.231 id_part: 2.631 tri_global: 0.038 tri_part: 0.575 lgpa_assign: 2.910
2026-07-12 21:26:25 transreid.train INFO: Epoch[110] Iter[40/227] Loss: 3.198, Acc: 0.989, Base Lr: 1.52e-05 | id_global: 0.223 id_part: 2.685 tri_global: 0.034 tri_part: 0.575 lgpa_assign: 2.879
2026-07-12 21:26:28 transreid.train INFO: Epoch[110] Iter[60/227] Loss: 3.153, Acc: 0.990, Base Lr: 1.52e-05 | id_global: 0.219 id_part: 2.643 tri_global: 0.027 tri_part: 0.573 lgpa_assign: 2.844
2026-07-12 21:26:32 transreid.train INFO: Epoch[110] Iter[80/227] Loss: 3.143, Acc: 0.991, Base Lr: 1.52e-05 | id_global: 0.211 id_part: 2.636 tri_global: 0.024 tri_part: 0.573 lgpa_assign: 2.841
2026-07-12 21:26:35 transreid.train INFO: Epoch[110] Iter[100/227] Loss: 3.127, Acc: 0.991, Base Lr: 1.52e-05 | id_global: 0.209 id_part: 2.610 tri_global: 0.022 tri_part: 0.573 lgpa_assign: 2.838
2026-07-12 21:26:38 transreid.train INFO: Epoch[110] Iter[120/227] Loss: 3.092, Acc: 0.992, Base Lr: 1.52e-05 | id_global: 0.202 id_part: 2.554 tri_global: 0.022 tri_part: 0.573 lgpa_assign: 2.833
2026-07-12 21:26:42 transreid.train INFO: Epoch[110] Iter[140/227] Loss: 3.067, Acc: 0.992, Base Lr: 1.52e-05 | id_global: 0.197 id_part: 2.510 tri_global: 0.023 tri_part: 0.573 lgpa_assign: 2.831
2026-07-12 21:26:45 transreid.train INFO: Epoch[110] Iter[160/227] Loss: 3.040, Acc: 0.992, Base Lr: 1.52e-05 | id_global: 0.192 id_part: 2.459 tri_global: 0.022 tri_part: 0.572 lgpa_assign: 2.833
2026-07-12 21:26:48 transreid.train INFO: Epoch[110] Iter[180/227] Loss: 3.009, Acc: 0.993, Base Lr: 1.52e-05 | id_global: 0.187 id_part: 2.401 tri_global: 0.022 tri_part: 0.572 lgpa_assign: 2.835
2026-07-12 21:26:52 transreid.train INFO: Epoch[110] Iter[200/227] Loss: 2.956, Acc: 0.993, Base Lr: 1.52e-05 | id_global: 0.179 id_part: 2.296 tri_global: 0.021 tri_part: 0.571 lgpa_assign: 2.845
2026-07-12 21:26:54 transreid.train INFO: Epoch 110 done. Time per epoch: 36.455[s] Speed: 373.9[samples/s] ETA: 0h6m
The test feature is normalized
=> Computing DistMat with euclidean_distance
2026-07-12 21:27:23 transreid.train INFO: Validation Results - Epoch: 110
2026-07-12 21:27:23 transreid.train INFO: mAP: 59.7%
2026-07-12 21:27:23 transreid.train INFO: CMC curve, Rank-1  :69.3%
2026-07-12 21:27:23 transreid.train INFO: CMC curve, Rank-5  :81.6%
2026-07-12 21:27:23 transreid.train INFO: CMC curve, Rank-10 :85.7%
2026-07-12 21:27:27 transreid.train INFO: Epoch[111] Iter[20/227] Loss: 3.192, Acc: 0.983, Base Lr: 1.26e-05 | id_global: 0.238 id_part: 2.739 tri_global: 0.035 tri_part: 0.574 lgpa_assign: 2.800
2026-07-12 21:27:31 transreid.train INFO: Epoch[111] Iter[40/227] Loss: 3.177, Acc: 0.985, Base Lr: 1.26e-05 | id_global: 0.231 id_part: 2.710 tri_global: 0.039 tri_part: 0.572 lgpa_assign: 2.803
2026-07-12 21:27:34 transreid.train INFO: Epoch[111] Iter[60/227] Loss: 3.173, Acc: 0.987, Base Lr: 1.26e-05 | id_global: 0.228 id_part: 2.693 tri_global: 0.038 tri_part: 0.573 lgpa_assign: 2.815
2026-07-12 21:27:37 transreid.train INFO: Epoch[111] Iter[80/227] Loss: 3.152, Acc: 0.988, Base Lr: 1.26e-05 | id_global: 0.220 id_part: 2.645 tri_global: 0.030 tri_part: 0.573 lgpa_assign: 2.835
2026-07-12 21:27:41 transreid.train INFO: Epoch[111] Iter[100/227] Loss: 3.143, Acc: 0.989, Base Lr: 1.26e-05 | id_global: 0.218 id_part: 2.622 tri_global: 0.033 tri_part: 0.573 lgpa_assign: 2.840
2026-07-12 21:27:44 transreid.train INFO: Epoch[111] Iter[120/227] Loss: 3.120, Acc: 0.989, Base Lr: 1.26e-05 | id_global: 0.212 id_part: 2.589 tri_global: 0.029 tri_part: 0.573 lgpa_assign: 2.837
2026-07-12 21:27:47 transreid.train INFO: Epoch[111] Iter[140/227] Loss: 3.083, Acc: 0.989, Base Lr: 1.26e-05 | id_global: 0.206 id_part: 2.524 tri_global: 0.027 tri_part: 0.573 lgpa_assign: 2.838
2026-07-12 21:27:51 transreid.train INFO: Epoch[111] Iter[160/227] Loss: 3.048, Acc: 0.990, Base Lr: 1.26e-05 | id_global: 0.198 id_part: 2.469 tri_global: 0.026 tri_part: 0.573 lgpa_assign: 2.830
2026-07-12 21:27:54 transreid.train INFO: Epoch[111] Iter[180/227] Loss: 3.014, Acc: 0.991, Base Lr: 1.26e-05 | id_global: 0.192 id_part: 2.395 tri_global: 0.025 tri_part: 0.573 lgpa_assign: 2.843
2026-07-12 21:27:57 transreid.train INFO: Epoch[111] Iter[200/227] Loss: 2.963, Acc: 0.991, Base Lr: 1.26e-05 | id_global: 0.184 id_part: 2.303 tri_global: 0.024 tri_part: 0.572 lgpa_assign: 2.844
2026-07-12 21:27:59 transreid.train INFO: Epoch 111 done. Time per epoch: 35.973[s] Speed: 375.4[samples/s] ETA: 0h5m
2026-07-12 21:28:04 transreid.train INFO: Epoch[112] Iter[20/227] Loss: 3.166, Acc: 0.987, Base Lr: 1.03e-05 | id_global: 0.226 id_part: 2.669 tri_global: 0.028 tri_part: 0.574 lgpa_assign: 2.835
2026-07-12 21:28:07 transreid.train INFO: Epoch[112] Iter[40/227] Loss: 3.148, Acc: 0.988, Base Lr: 1.03e-05 | id_global: 0.228 id_part: 2.668 tri_global: 0.030 tri_part: 0.577 lgpa_assign: 2.793
2026-07-12 21:28:10 transreid.train INFO: Epoch[112] Iter[60/227] Loss: 3.162, Acc: 0.988, Base Lr: 1.03e-05 | id_global: 0.226 id_part: 2.683 tri_global: 0.028 tri_part: 0.576 lgpa_assign: 2.810
2026-07-12 21:28:13 transreid.train INFO: Epoch[112] Iter[80/227] Loss: 3.142, Acc: 0.989, Base Lr: 1.03e-05 | id_global: 0.219 id_part: 2.648 tri_global: 0.026 tri_part: 0.576 lgpa_assign: 2.815
2026-07-12 21:28:17 transreid.train INFO: Epoch[112] Iter[100/227] Loss: 3.121, Acc: 0.989, Base Lr: 1.03e-05 | id_global: 0.212 id_part: 2.608 tri_global: 0.027 tri_part: 0.575 lgpa_assign: 2.821
2026-07-12 21:28:20 transreid.train INFO: Epoch[112] Iter[120/227] Loss: 3.097, Acc: 0.990, Base Lr: 1.03e-05 | id_global: 0.205 id_part: 2.566 tri_global: 0.026 tri_part: 0.574 lgpa_assign: 2.822
2026-07-12 21:28:23 transreid.train INFO: Epoch[112] Iter[140/227] Loss: 3.076, Acc: 0.989, Base Lr: 1.03e-05 | id_global: 0.202 id_part: 2.520 tri_global: 0.025 tri_part: 0.574 lgpa_assign: 2.831
2026-07-12 21:28:27 transreid.train INFO: Epoch[112] Iter[160/227] Loss: 3.041, Acc: 0.990, Base Lr: 1.03e-05 | id_global: 0.196 id_part: 2.460 tri_global: 0.024 tri_part: 0.573 lgpa_assign: 2.829
2026-07-12 21:28:30 transreid.train INFO: Epoch[112] Iter[180/227] Loss: 3.009, Acc: 0.991, Base Lr: 1.03e-05 | id_global: 0.190 id_part: 2.393 tri_global: 0.023 tri_part: 0.573 lgpa_assign: 2.839
2026-07-12 21:28:33 transreid.train INFO: Epoch[112] Iter[200/227] Loss: 2.964, Acc: 0.991, Base Lr: 1.03e-05 | id_global: 0.183 id_part: 2.304 tri_global: 0.022 tri_part: 0.572 lgpa_assign: 2.847
2026-07-12 21:28:35 transreid.train INFO: Epoch 112 done. Time per epoch: 36.313[s] Speed: 373.6[samples/s] ETA: 0h4m
2026-07-12 21:28:40 transreid.train INFO: Epoch[113] Iter[20/227] Loss: 3.220, Acc: 0.988, Base Lr: 8.28e-06 | id_global: 0.238 id_part: 2.753 tri_global: 0.027 tri_part: 0.575 lgpa_assign: 2.845
2026-07-12 21:28:43 transreid.train INFO: Epoch[113] Iter[40/227] Loss: 3.158, Acc: 0.991, Base Lr: 8.28e-06 | id_global: 0.215 id_part: 2.695 tri_global: 0.026 tri_part: 0.572 lgpa_assign: 2.809
2026-07-12 21:28:46 transreid.train INFO: Epoch[113] Iter[60/227] Loss: 3.175, Acc: 0.991, Base Lr: 8.28e-06 | id_global: 0.217 id_part: 2.704 tri_global: 0.029 tri_part: 0.572 lgpa_assign: 2.827
2026-07-12 21:28:50 transreid.train INFO: Epoch[113] Iter[80/227] Loss: 3.136, Acc: 0.990, Base Lr: 8.28e-06 | id_global: 0.211 id_part: 2.649 tri_global: 0.025 tri_part: 0.571 lgpa_assign: 2.817
2026-07-12 21:28:53 transreid.train INFO: Epoch[113] Iter[100/227] Loss: 3.126, Acc: 0.990, Base Lr: 8.28e-06 | id_global: 0.209 id_part: 2.615 tri_global: 0.026 tri_part: 0.572 lgpa_assign: 2.829
2026-07-12 21:28:56 transreid.train INFO: Epoch[113] Iter[120/227] Loss: 3.094, Acc: 0.991, Base Lr: 8.28e-06 | id_global: 0.202 id_part: 2.560 tri_global: 0.026 tri_part: 0.572 lgpa_assign: 2.828
2026-07-12 21:29:00 transreid.train INFO: Epoch[113] Iter[140/227] Loss: 3.068, Acc: 0.992, Base Lr: 8.28e-06 | id_global: 0.197 id_part: 2.513 tri_global: 0.024 tri_part: 0.572 lgpa_assign: 2.829
2026-07-12 21:29:03 transreid.train INFO: Epoch[113] Iter[160/227] Loss: 3.037, Acc: 0.992, Base Lr: 8.28e-06 | id_global: 0.192 id_part: 2.460 tri_global: 0.023 tri_part: 0.572 lgpa_assign: 2.828
2026-07-12 21:29:06 transreid.train INFO: Epoch[113] Iter[180/227] Loss: 3.011, Acc: 0.992, Base Lr: 8.28e-06 | id_global: 0.187 id_part: 2.402 tri_global: 0.022 tri_part: 0.572 lgpa_assign: 2.838
2026-07-12 21:29:10 transreid.train INFO: Epoch[113] Iter[200/227] Loss: 2.959, Acc: 0.992, Base Lr: 8.28e-06 | id_global: 0.179 id_part: 2.298 tri_global: 0.022 tri_part: 0.571 lgpa_assign: 2.847
2026-07-12 21:29:11 transreid.train INFO: Epoch 113 done. Time per epoch: 36.113[s] Speed: 373.9[samples/s] ETA: 0h4m
2026-07-12 21:29:16 transreid.train INFO: Epoch[114] Iter[20/227] Loss: 3.161, Acc: 0.988, Base Lr: 6.51e-06 | id_global: 0.217 id_part: 2.678 tri_global: 0.015 tri_part: 0.575 lgpa_assign: 2.837
2026-07-12 21:29:19 transreid.train INFO: Epoch[114] Iter[40/227] Loss: 3.120, Acc: 0.990, Base Lr: 6.51e-06 | id_global: 0.203 id_part: 2.622 tri_global: 0.016 tri_part: 0.571 lgpa_assign: 2.829
2026-07-12 21:29:23 transreid.train INFO: Epoch[114] Iter[60/227] Loss: 3.123, Acc: 0.991, Base Lr: 6.51e-06 | id_global: 0.204 id_part: 2.625 tri_global: 0.016 tri_part: 0.572 lgpa_assign: 2.828
2026-07-12 21:29:26 transreid.train INFO: Epoch[114] Iter[80/227] Loss: 3.127, Acc: 0.989, Base Lr: 6.51e-06 | id_global: 0.210 id_part: 2.621 tri_global: 0.020 tri_part: 0.574 lgpa_assign: 2.828
2026-07-12 21:29:29 transreid.train INFO: Epoch[114] Iter[100/227] Loss: 3.120, Acc: 0.990, Base Lr: 6.51e-06 | id_global: 0.207 id_part: 2.598 tri_global: 0.022 tri_part: 0.574 lgpa_assign: 2.840
2026-07-12 21:29:32 transreid.train INFO: Epoch[114] Iter[120/227] Loss: 3.106, Acc: 0.990, Base Lr: 6.51e-06 | id_global: 0.205 id_part: 2.557 tri_global: 0.021 tri_part: 0.574 lgpa_assign: 2.855
2026-07-12 21:29:36 transreid.train INFO: Epoch[114] Iter[140/227] Loss: 3.074, Acc: 0.991, Base Lr: 6.51e-06 | id_global: 0.198 id_part: 2.509 tri_global: 0.021 tri_part: 0.573 lgpa_assign: 2.848
2026-07-12 21:29:39 transreid.train INFO: Epoch[114] Iter[160/227] Loss: 3.046, Acc: 0.991, Base Lr: 6.51e-06 | id_global: 0.194 id_part: 2.458 tri_global: 0.022 tri_part: 0.573 lgpa_assign: 2.845
2026-07-12 21:29:42 transreid.train INFO: Epoch[114] Iter[180/227] Loss: 3.010, Acc: 0.991, Base Lr: 6.51e-06 | id_global: 0.188 id_part: 2.394 tri_global: 0.022 tri_part: 0.572 lgpa_assign: 2.843
2026-07-12 21:29:46 transreid.train INFO: Epoch[114] Iter[200/227] Loss: 2.963, Acc: 0.992, Base Lr: 6.51e-06 | id_global: 0.181 id_part: 2.300 tri_global: 0.021 tri_part: 0.572 lgpa_assign: 2.853
2026-07-12 21:29:48 transreid.train INFO: Epoch 114 done. Time per epoch: 36.369[s] Speed: 374.8[samples/s] ETA: 0h3m
2026-07-12 21:29:52 transreid.train INFO: Epoch[115] Iter[20/227] Loss: 3.127, Acc: 0.995, Base Lr: 5.02e-06 | id_global: 0.211 id_part: 2.712 tri_global: 0.017 tri_part: 0.573 lgpa_assign: 2.741
2026-07-12 21:29:56 transreid.train INFO: Epoch[115] Iter[40/227] Loss: 3.173, Acc: 0.991, Base Lr: 5.02e-06 | id_global: 0.222 id_part: 2.732 tri_global: 0.017 tri_part: 0.572 lgpa_assign: 2.802
2026-07-12 21:29:59 transreid.train INFO: Epoch[115] Iter[60/227] Loss: 3.171, Acc: 0.990, Base Lr: 5.02e-06 | id_global: 0.219 id_part: 2.700 tri_global: 0.017 tri_part: 0.573 lgpa_assign: 2.832
2026-07-12 21:30:02 transreid.train INFO: Epoch[115] Iter[80/227] Loss: 3.147, Acc: 0.991, Base Lr: 5.02e-06 | id_global: 0.212 id_part: 2.653 tri_global: 0.018 tri_part: 0.572 lgpa_assign: 2.840
2026-07-12 21:30:05 transreid.train INFO: Epoch[115] Iter[100/227] Loss: 3.130, Acc: 0.991, Base Lr: 5.02e-06 | id_global: 0.209 id_part: 2.617 tri_global: 0.019 tri_part: 0.573 lgpa_assign: 2.842
2026-07-12 21:30:09 transreid.train INFO: Epoch[115] Iter[120/227] Loss: 3.098, Acc: 0.991, Base Lr: 5.02e-06 | id_global: 0.203 id_part: 2.569 tri_global: 0.021 tri_part: 0.573 lgpa_assign: 2.829
2026-07-12 21:30:12 transreid.train INFO: Epoch[115] Iter[140/227] Loss: 3.059, Acc: 0.992, Base Lr: 5.02e-06 | id_global: 0.196 id_part: 2.504 tri_global: 0.020 tri_part: 0.572 lgpa_assign: 2.826
2026-07-12 21:30:15 transreid.train INFO: Epoch[115] Iter[160/227] Loss: 3.028, Acc: 0.992, Base Lr: 5.02e-06 | id_global: 0.192 id_part: 2.447 tri_global: 0.020 tri_part: 0.572 lgpa_assign: 2.826
2026-07-12 21:30:19 transreid.train INFO: Epoch[115] Iter[180/227] Loss: 2.992, Acc: 0.992, Base Lr: 5.02e-06 | id_global: 0.186 id_part: 2.376 tri_global: 0.020 tri_part: 0.571 lgpa_assign: 2.832
2026-07-12 21:30:22 transreid.train INFO: Epoch[115] Iter[200/227] Loss: 2.950, Acc: 0.993, Base Lr: 5.02e-06 | id_global: 0.179 id_part: 2.290 tri_global: 0.020 tri_part: 0.571 lgpa_assign: 2.839
2026-07-12 21:30:24 transreid.train INFO: Epoch 115 done. Time per epoch: 36.004[s] Speed: 375.1[samples/s] ETA: 0h3m
2026-07-12 21:30:28 transreid.train INFO: Epoch[116] Iter[20/227] Loss: 3.313, Acc: 0.988, Base Lr: 3.79e-06 | id_global: 0.230 id_part: 2.812 tri_global: 0.011 tri_part: 0.575 lgpa_assign: 2.999
2026-07-12 21:30:32 transreid.train INFO: Epoch[116] Iter[40/227] Loss: 3.244, Acc: 0.989, Base Lr: 3.79e-06 | id_global: 0.227 id_part: 2.756 tri_global: 0.024 tri_part: 0.575 lgpa_assign: 2.906
2026-07-12 21:30:35 transreid.train INFO: Epoch[116] Iter[60/227] Loss: 3.187, Acc: 0.992, Base Lr: 3.79e-06 | id_global: 0.216 id_part: 2.664 tri_global: 0.028 tri_part: 0.575 lgpa_assign: 2.889
2026-07-12 21:30:38 transreid.train INFO: Epoch[116] Iter[80/227] Loss: 3.166, Acc: 0.992, Base Lr: 3.79e-06 | id_global: 0.213 id_part: 2.636 tri_global: 0.025 tri_part: 0.574 lgpa_assign: 2.884
2026-07-12 21:30:42 transreid.train INFO: Epoch[116] Iter[100/227] Loss: 3.152, Acc: 0.992, Base Lr: 3.79e-06 | id_global: 0.210 id_part: 2.614 tri_global: 0.028 tri_part: 0.574 lgpa_assign: 2.877
2026-07-12 21:30:45 transreid.train INFO: Epoch[116] Iter[120/227] Loss: 3.120, Acc: 0.993, Base Lr: 3.79e-06 | id_global: 0.204 id_part: 2.571 tri_global: 0.027 tri_part: 0.574 lgpa_assign: 2.866
2026-07-12 21:30:48 transreid.train INFO: Epoch[116] Iter[140/227] Loss: 3.081, Acc: 0.993, Base Lr: 3.79e-06 | id_global: 0.198 id_part: 2.517 tri_global: 0.025 tri_part: 0.573 lgpa_assign: 2.849
2026-07-12 21:30:52 transreid.train INFO: Epoch[116] Iter[160/227] Loss: 3.037, Acc: 0.993, Base Lr: 3.79e-06 | id_global: 0.192 id_part: 2.449 tri_global: 0.023 tri_part: 0.572 lgpa_assign: 2.837
2026-07-12 21:30:55 transreid.train INFO: Epoch[116] Iter[180/227] Loss: 3.009, Acc: 0.993, Base Lr: 3.79e-06 | id_global: 0.187 id_part: 2.389 tri_global: 0.024 tri_part: 0.572 lgpa_assign: 2.845
2026-07-12 21:30:58 transreid.train INFO: Epoch[116] Iter[200/227] Loss: 2.965, Acc: 0.993, Base Lr: 3.79e-06 | id_global: 0.182 id_part: 2.302 tri_global: 0.024 tri_part: 0.573 lgpa_assign: 2.849
2026-07-12 21:31:00 transreid.train INFO: Epoch 116 done. Time per epoch: 36.020[s] Speed: 373.1[samples/s] ETA: 0h2m
2026-07-12 21:31:04 transreid.train INFO: Epoch[117] Iter[20/227] Loss: 3.144, Acc: 0.990, Base Lr: 2.83e-06 | id_global: 0.226 id_part: 2.713 tri_global: 0.010 tri_part: 0.577 lgpa_assign: 2.762
2026-07-12 21:31:08 transreid.train INFO: Epoch[117] Iter[40/227] Loss: 3.157, Acc: 0.992, Base Lr: 2.83e-06 | id_global: 0.220 id_part: 2.747 tri_global: 0.010 tri_part: 0.572 lgpa_assign: 2.765
2026-07-12 21:31:11 transreid.train INFO: Epoch[117] Iter[60/227] Loss: 3.148, Acc: 0.993, Base Lr: 2.83e-06 | id_global: 0.213 id_part: 2.713 tri_global: 0.015 tri_part: 0.570 lgpa_assign: 2.786
2026-07-12 21:31:14 transreid.train INFO: Epoch[117] Iter[80/227] Loss: 3.137, Acc: 0.994, Base Lr: 2.83e-06 | id_global: 0.209 id_part: 2.671 tri_global: 0.018 tri_part: 0.570 lgpa_assign: 2.807
2026-07-12 21:31:18 transreid.train INFO: Epoch[117] Iter[100/227] Loss: 3.115, Acc: 0.994, Base Lr: 2.83e-06 | id_global: 0.202 id_part: 2.625 tri_global: 0.017 tri_part: 0.570 lgpa_assign: 2.816
2026-07-12 21:31:21 transreid.train INFO: Epoch[117] Iter[120/227] Loss: 3.096, Acc: 0.993, Base Lr: 2.83e-06 | id_global: 0.198 id_part: 2.582 tri_global: 0.016 tri_part: 0.571 lgpa_assign: 2.825
2026-07-12 21:31:24 transreid.train INFO: Epoch[117] Iter[140/227] Loss: 3.070, Acc: 0.993, Base Lr: 2.83e-06 | id_global: 0.194 id_part: 2.535 tri_global: 0.019 tri_part: 0.571 lgpa_assign: 2.821
2026-07-12 21:31:28 transreid.train INFO: Epoch[117] Iter[160/227] Loss: 3.037, Acc: 0.993, Base Lr: 2.83e-06 | id_global: 0.190 id_part: 2.474 tri_global: 0.018 tri_part: 0.571 lgpa_assign: 2.821
2026-07-12 21:31:31 transreid.train INFO: Epoch[117] Iter[180/227] Loss: 3.000, Acc: 0.993, Base Lr: 2.83e-06 | id_global: 0.184 id_part: 2.398 tri_global: 0.018 tri_part: 0.571 lgpa_assign: 2.829
2026-07-12 21:31:34 transreid.train INFO: Epoch[117] Iter[200/227] Loss: 2.953, Acc: 0.993, Base Lr: 2.83e-06 | id_global: 0.177 id_part: 2.298 tri_global: 0.018 tri_part: 0.571 lgpa_assign: 2.842
2026-07-12 21:31:36 transreid.train INFO: Epoch 117 done. Time per epoch: 36.163[s] Speed: 371.6[samples/s] ETA: 0h1m
2026-07-12 21:31:41 transreid.train INFO: Epoch[118] Iter[20/227] Loss: 3.182, Acc: 0.988, Base Lr: 2.15e-06 | id_global: 0.230 id_part: 2.728 tri_global: 0.044 tri_part: 0.575 lgpa_assign: 2.788
2026-07-12 21:31:44 transreid.train INFO: Epoch[118] Iter[40/227] Loss: 3.140, Acc: 0.991, Base Lr: 2.15e-06 | id_global: 0.206 id_part: 2.696 tri_global: 0.030 tri_part: 0.569 lgpa_assign: 2.780
2026-07-12 21:31:47 transreid.train INFO: Epoch[118] Iter[60/227] Loss: 3.155, Acc: 0.992, Base Lr: 2.15e-06 | id_global: 0.205 id_part: 2.696 tri_global: 0.030 tri_part: 0.572 lgpa_assign: 2.807
2026-07-12 21:31:51 transreid.train INFO: Epoch[118] Iter[80/227] Loss: 3.128, Acc: 0.992, Base Lr: 2.15e-06 | id_global: 0.200 id_part: 2.636 tri_global: 0.026 tri_part: 0.571 lgpa_assign: 2.822
2026-07-12 21:31:54 transreid.train INFO: Epoch[118] Iter[100/227] Loss: 3.097, Acc: 0.991, Base Lr: 2.15e-06 | id_global: 0.200 id_part: 2.586 tri_global: 0.025 tri_part: 0.571 lgpa_assign: 2.813
2026-07-12 21:31:57 transreid.train INFO: Epoch[118] Iter[120/227] Loss: 3.076, Acc: 0.992, Base Lr: 2.15e-06 | id_global: 0.196 id_part: 2.543 tri_global: 0.022 tri_part: 0.571 lgpa_assign: 2.820
2026-07-12 21:32:01 transreid.train INFO: Epoch[118] Iter[140/227] Loss: 3.053, Acc: 0.992, Base Lr: 2.15e-06 | id_global: 0.192 id_part: 2.500 tri_global: 0.021 tri_part: 0.571 lgpa_assign: 2.823
2026-07-12 21:32:04 transreid.train INFO: Epoch[118] Iter[160/227] Loss: 3.034, Acc: 0.992, Base Lr: 2.15e-06 | id_global: 0.189 id_part: 2.461 tri_global: 0.019 tri_part: 0.571 lgpa_assign: 2.827
2026-07-12 21:32:07 transreid.train INFO: Epoch[118] Iter[180/227] Loss: 2.997, Acc: 0.992, Base Lr: 2.15e-06 | id_global: 0.184 id_part: 2.391 tri_global: 0.019 tri_part: 0.571 lgpa_assign: 2.831
2026-07-12 21:32:11 transreid.train INFO: Epoch[118] Iter[200/227] Loss: 2.956, Acc: 0.992, Base Lr: 2.15e-06 | id_global: 0.177 id_part: 2.297 tri_global: 0.018 tri_part: 0.570 lgpa_assign: 2.849
2026-07-12 21:32:13 transreid.train INFO: Epoch 118 done. Time per epoch: 36.716[s] Speed: 369.5[samples/s] ETA: 0h1m
2026-07-12 21:32:17 transreid.train INFO: Epoch[119] Iter[20/227] Loss: 3.162, Acc: 0.991, Base Lr: 1.74e-06 | id_global: 0.222 id_part: 2.738 tri_global: 0.021 tri_part: 0.570 lgpa_assign: 2.772
2026-07-12 21:32:21 transreid.train INFO: Epoch[119] Iter[40/227] Loss: 3.163, Acc: 0.992, Base Lr: 1.74e-06 | id_global: 0.219 id_part: 2.709 tri_global: 0.027 tri_part: 0.570 lgpa_assign: 2.801
2026-07-12 21:32:24 transreid.train INFO: Epoch[119] Iter[60/227] Loss: 3.150, Acc: 0.992, Base Lr: 1.74e-06 | id_global: 0.209 id_part: 2.664 tri_global: 0.020 tri_part: 0.568 lgpa_assign: 2.837
2026-07-12 21:32:27 transreid.train INFO: Epoch[119] Iter[80/227] Loss: 3.129, Acc: 0.993, Base Lr: 1.74e-06 | id_global: 0.205 id_part: 2.626 tri_global: 0.019 tri_part: 0.568 lgpa_assign: 2.839
2026-07-12 21:32:31 transreid.train INFO: Epoch[119] Iter[100/227] Loss: 3.114, Acc: 0.993, Base Lr: 1.74e-06 | id_global: 0.204 id_part: 2.590 tri_global: 0.019 tri_part: 0.570 lgpa_assign: 2.846
2026-07-12 21:32:34 transreid.train INFO: Epoch[119] Iter[120/227] Loss: 3.101, Acc: 0.992, Base Lr: 1.74e-06 | id_global: 0.204 id_part: 2.560 tri_global: 0.020 tri_part: 0.570 lgpa_assign: 2.847
2026-07-12 21:32:37 transreid.train INFO: Epoch[119] Iter[140/227] Loss: 3.067, Acc: 0.992, Base Lr: 1.74e-06 | id_global: 0.199 id_part: 2.505 tri_global: 0.020 tri_part: 0.569 lgpa_assign: 2.840
2026-07-12 21:32:40 transreid.train INFO: Epoch[119] Iter[160/227] Loss: 3.033, Acc: 0.992, Base Lr: 1.74e-06 | id_global: 0.193 id_part: 2.441 tri_global: 0.018 tri_part: 0.569 lgpa_assign: 2.845
2026-07-12 21:32:44 transreid.train INFO: Epoch[119] Iter[180/227] Loss: 2.998, Acc: 0.992, Base Lr: 1.74e-06 | id_global: 0.187 id_part: 2.370 tri_global: 0.019 tri_part: 0.569 lgpa_assign: 2.850
2026-07-12 21:32:47 transreid.train INFO: Epoch[119] Iter[200/227] Loss: 2.961, Acc: 0.993, Base Lr: 1.74e-06 | id_global: 0.181 id_part: 2.295 tri_global: 0.019 tri_part: 0.570 lgpa_assign: 2.857
2026-07-12 21:32:49 transreid.train INFO: Epoch 119 done. Time per epoch: 36.431[s] Speed: 372.4[samples/s] ETA: 0h0m
2026-07-12 21:32:54 transreid.train INFO: Epoch[120] Iter[20/227] Loss: 3.203, Acc: 0.990, Base Lr: 1.60e-06 | id_global: 0.218 id_part: 2.743 tri_global: 0.015 tri_part: 0.573 lgpa_assign: 2.856
2026-07-12 21:32:57 transreid.train INFO: Epoch[120] Iter[40/227] Loss: 3.202, Acc: 0.988, Base Lr: 1.60e-06 | id_global: 0.230 id_part: 2.764 tri_global: 0.013 tri_part: 0.573 lgpa_assign: 2.824
2026-07-12 21:33:00 transreid.train INFO: Epoch[120] Iter[60/227] Loss: 3.190, Acc: 0.989, Base Lr: 1.60e-06 | id_global: 0.224 id_part: 2.734 tri_global: 0.031 tri_part: 0.577 lgpa_assign: 2.815
2026-07-12 21:33:04 transreid.train INFO: Epoch[120] Iter[80/227] Loss: 3.168, Acc: 0.989, Base Lr: 1.60e-06 | id_global: 0.219 id_part: 2.692 tri_global: 0.030 tri_part: 0.575 lgpa_assign: 2.819
2026-07-12 21:33:07 transreid.train INFO: Epoch[120] Iter[100/227] Loss: 3.151, Acc: 0.989, Base Lr: 1.60e-06 | id_global: 0.217 id_part: 2.657 tri_global: 0.029 tri_part: 0.576 lgpa_assign: 2.824
2026-07-12 21:33:10 transreid.train INFO: Epoch[120] Iter[120/227] Loss: 3.118, Acc: 0.990, Base Lr: 1.60e-06 | id_global: 0.209 id_part: 2.602 tri_global: 0.026 tri_part: 0.575 lgpa_assign: 2.823
2026-07-12 21:33:14 transreid.train INFO: Epoch[120] Iter[140/227] Loss: 3.089, Acc: 0.990, Base Lr: 1.60e-06 | id_global: 0.205 id_part: 2.547 tri_global: 0.025 tri_part: 0.575 lgpa_assign: 2.825
2026-07-12 21:33:17 transreid.train INFO: Epoch[120] Iter[160/227] Loss: 3.055, Acc: 0.989, Base Lr: 1.60e-06 | id_global: 0.201 id_part: 2.494 tri_global: 0.024 tri_part: 0.574 lgpa_assign: 2.818
2026-07-12 21:33:20 transreid.train INFO: Epoch[120] Iter[180/227] Loss: 3.015, Acc: 0.990, Base Lr: 1.60e-06 | id_global: 0.194 id_part: 2.407 tri_global: 0.024 tri_part: 0.574 lgpa_assign: 2.831
2026-07-12 21:33:23 transreid.train INFO: Epoch[120] Iter[200/227] Loss: 2.963, Acc: 0.990, Base Lr: 1.60e-06 | id_global: 0.185 id_part: 2.301 tri_global: 0.024 tri_part: 0.573 lgpa_assign: 2.844
2026-07-12 21:33:25 transreid.train INFO: Epoch 120 done. Time per epoch: 36.341[s] Speed: 373.4[samples/s] ETA: 0h0m
The test feature is normalized
=> Computing DistMat with euclidean_distance
2026-07-12 21:33:55 transreid.train INFO: Validation Results - Epoch: 120
2026-07-12 21:33:55 transreid.train INFO: mAP: 59.7%
2026-07-12 21:33:55 transreid.train INFO: CMC curve, Rank-1  :69.0%
2026-07-12 21:33:55 transreid.train INFO: CMC curve, Rank-5  :81.6%
2026-07-12 21:33:55 transreid.train INFO: CMC curve, Rank-10 :85.4%
