2026-07-12 22:57:41 transreid INFO: Saving model in the path :/home/afr/SOLIDER-REID-psg-lgpa/log/exp326/E/seed_9227.tmp.41b9c87e8313
2026-07-12 22:57:41 transreid INFO: Loaded configuration file configs/occluded_duke/exp323_lgpa_tiny.yml
2026-07-12 22:57:41 transreid INFO: Running with config:
DATALOADER:
  NUM_INSTANCE: 4
  NUM_WORKERS: 8
  REMOVE_TAIL: 0
  SAMPLER: softmax_triplet
DATASETS:
  NAMES: occluded_duke
  ROOT_DIR: data
  ROOT_TRAIN_DIR: ../data
  ROOT_VAL_DIR: ../data
INPUT:
  PADDING: 10
  PIXEL_MEAN: [0.5, 0.5, 0.5]
  PIXEL_STD: [0.5, 0.5, 0.5]
  PROB: 0.5
  RE_PROB: 0.5
  SIZE_TEST: [384, 128]
  SIZE_TRAIN: [384, 128]
MODEL:
  ATT_DROP_RATE: 0.0
  COS_LAYER: False
  DEVICE: cuda
  DEVICE_ID: 0
  DEVIDE_LENGTH: 4
  DIST_TRAIN: False
  DROPOUT_RATE: 0.0
  DROP_OUT: 0.0
  DROP_PATH: 0.1
  FEAT_DIM: 512
  GEM_POOLING: False
  GLOBAL_LOSS_SCALE: 1.0
  ID_LOSS_TYPE: softmax
  ID_LOSS_WEIGHT: 1.0
  IF_LABELSMOOTH: off
  IF_WITH_CENTER: no
  JPM: False
  LAST_STRIDE: 1
  METRIC_LOSS_TYPE: triplet
  NAME: transformer
  NECK: bnneck
  NO_MARGIN: True
  POSE_ADDITIVE_ADAPTER: False
  POSE_BACKBONE_PSG: True
  POSE_BA_PKC: False
  POSE_BA_PKC_WEIGHT: 0.1
  POSE_BT_PKD: False
  POSE_BT_PKD_DECAY_EPOCH: 0
  POSE_BT_PKD_WEIGHT: 0.01
  POSE_DATA_DIR: data/occluded_duke
  POSE_DEFORMABLE_K: 4
  POSE_DEFORMABLE_SAMPLE: False
  POSE_DROPOUT_P: 0.0
  POSE_ENABLED: True
  POSE_EVIDENTIAL: False
  POSE_EVIDENTIAL_ANNEAL: 0.6
  POSE_EVIDENTIAL_KL_REG: 0.1
  POSE_FSDC: False
  POSE_FSDC_HEADS: 8
  POSE_FSDC_LAYERS: 2
  POSE_FSDC_MASK_RATIO: 0.3
  POSE_FSDC_NOISE_STD: 0.1
  POSE_FSDC_WEIGHT: 0.5
  POSE_GCN_HIDDEN: 256
  POSE_GCN_LAYERS: 2
  POSE_GCN_PER_PART: False
  POSE_HEATMAP_NORM: spatial_softmax
  POSE_HEATMAP_SIZE: [96, 32]
  POSE_KEYPOINT_POOL_ONLY: False
  POSE_KP_TRIPLET: False
  POSE_KP_TRIPLET_WEIGHT: 1.0
  POSE_KP_WEIGHT_MODE: score
  POSE_LGPA: True
  POSE_LGPA_ASSIGN_MODE: true
  POSE_LGPA_ASSIGN_WEIGHT: 0.5
  POSE_LGPA_CLIP_CACHE_SHA256: b0c35e943fb382b825a18ebc387eff8d9918f40928b0000daa08c7cf05eb960d
  POSE_LGPA_CLIP_DIM: 512
  POSE_LGPA_DETACH: True
  POSE_LGPA_NUM_HEADS: 8
  POSE_LGPA_POSE_MODE: uniform
  POSE_LGPA_POSE_TEMP: 1.0
  POSE_LGPA_REQUIRE_CLIP_CACHE: True
  POSE_LGPA_TEXT_MODE: aligned
  POSE_LOWER_BODY_OCC: False
  POSE_LOWER_BODY_OCC_MODE: lower
  POSE_LOWER_BODY_OCC_PROB: 0.5
  POSE_LOWER_BODY_OCC_RATIO: 0.5
  POSE_LPCS: False
  POSE_LPCS_CONF_WEIGHT: 0.25
  POSE_LPCS_CONTEXT_MODE: none
  POSE_LPCS_DELTA_SCALE: 0.5
  POSE_LPCS_HEAD_MODE: residual
  POSE_LPCS_HIDDEN: 32
  POSE_LPCS_PAIR_MODE: all
  POSE_LPCS_PAIR_TOP_RATIO: 1.0
  POSE_LPCS_RANK_MODE: all
  POSE_LPCS_RANK_TAU: 8.0
  POSE_LPCS_RANK_TOP_RATIO: 1.0
  POSE_LPCS_ST_LOW_THR: 0.3
  POSE_LPCS_ST_MIN_COUNT: 1
  POSE_LPCS_ST_MOM: 0.9
  POSE_LPCS_ST_UPDATE_STOP_EPOCH: -1
  POSE_LPCS_ST_UPDATE_THR: 0.7
  POSE_LPCS_WARMUP: 20
  POSE_LPCS_WEIGHT: 0.5
  POSE_LTCS: False
  POSE_LTCS_HIDDEN: 32
  POSE_LTCS_ST_LOW_THR: 0.3
  POSE_LTCS_ST_MIN_COUNT: 1
  POSE_LTCS_ST_MOM: 0.9
  POSE_LTCS_ST_UPDATE_STOP_EPOCH: -1
  POSE_LTCS_ST_UPDATE_THR: 0.7
  POSE_LTCS_WARMUP: 20
  POSE_LTCS_WEIGHT: 0.5
  POSE_MAXSIM_TRIPLET: False
  POSE_MAXSIM_TRIPLET_ADDITIVE: False
  POSE_MAXSIM_TRIPLET_TEMP: 0.05
  POSE_MAXSIM_TRIPLET_WEIGHT: 0.25
  POSE_MST: False
  POSE_MST_MARGIN: 0.3
  POSE_MST_VIS_THR: 0.3
  POSE_MST_WEIGHT: 0.5
  POSE_MULTI_SCALE_KP: False
  POSE_MULTI_SCALE_STAGES: [2, 3]
  POSE_NORMALIZE: False
  POSE_NORMALIZE_HIDDEN: 256
  POSE_OA_RD: False
  POSE_OA_RD_TEMP: 0.1
  POSE_OA_RD_WEIGHT: 1.0
  POSE_OA_SD: False
  POSE_OA_SD_EMA_DECAY: 0.999
  POSE_OA_SD_GLOBAL_ONLY: False
  POSE_OA_SD_WEIGHT: 1.0
  POSE_OERL: False
  POSE_OERL_OCC_RATIO: 0.5
  POSE_OERL_WEIGHT: 1.0
  POSE_PAA_ADAPTIVE_GATE: False
  POSE_PAA_BOTTLENECK: 32
  POSE_PAA_ROUTED: False
  POSE_PACI: False
  POSE_PACI_MARGIN: 0.3
  POSE_PACI_MOMENTUM: 0.9
  POSE_PACI_WARMUP: 5
  POSE_PACI_WEIGHT: 0.5
  POSE_PARALLEL_AUG: False
  POSE_PART_GRAD_SCALE: 0.0
  POSE_PART_STAGE: -1
  POSE_PART_TRI_WEIGHT: 1.0
  POSE_PART_WEIGHT: 1.0
  POSE_PATCH_EMBED: False
  POSE_PATCH_EMBED_KS: 1
  POSE_PFM_ENABLED: False
  POSE_PFM_HIDDEN: 64
  POSE_PKC: False
  POSE_PKC_TEMP: 0.07
  POSE_PKC_VIS_THR: 0.3
  POSE_PKC_WEIGHT: 0.5
  POSE_PPA: False
  POSE_PPA_ASSIGN_WEIGHT: 0.5
  POSE_PPA_GILT: False
  POSE_PPA_NUM_PARTS: 5
  POSE_PROMPT: False
  POSE_PROMPT_DROP: 0.0
  POSE_PROMPT_NUM_PARTS: 18
  POSE_PSG_PART: False
  POSE_PSG_SPATIAL: False
  POSE_PSG_STAGES: [-2, -1]
  POSE_ROA: False
  POSE_ROA_PATH: data/VOCdevkit/VOC2012
  POSE_ROA_POSE_AWARE: False
  POSE_ROA_PROB: 0.5
  POSE_SKELETON_GCN: False
  POSE_SPLADE: False
  POSE_SPLADE_DIM: 2048
  POSE_SPLADE_REG: 0.01
  POSE_STM: False
  POSE_STM_NUM_SWAP: 2
  POSE_STM_PROB: 0.5
  POSE_STM_WEIGHT: 0.5
  POSE_STRUCTURAL_ROUTING: False
  POSE_STR_NUM_HEADS: 8
  POSE_STR_NUM_LAYERS: 2
  POSE_STR_NUM_PARTS: 6
  POSE_STR_PART_DROP: 0.0
  POSE_STR_PER_TOKEN: False
  POSE_STR_SELF_ATTN: False
  POSE_STR_SUPCON: False
  POSE_STR_SUPCON_ADDITIVE: False
  POSE_STR_SUPCON_GLOBAL: False
  POSE_STR_SUPCON_TEMP: 0.07
  POSE_STR_SUPCON_VIS_WEIGHT: False
  POSE_STR_SUPCON_WEIGHT: 0.5
  POSE_TEMPERATURE: 1.0
  POSE_TEST_FEAT: equal_concat
  POSE_THRESHOLD: 0.3
  POSE_UPPER_BODY_OCC: False
  POSE_UPPER_BODY_OCC_PROB: 0.3
  POSE_USE_TARGET_HEATMAP: False
  POSE_VCSR: False
  POSE_VCSR_ASSIGN_WEIGHT: 0.5
  POSE_VCSR_VIS_THR: 0.3
  PRETRAIN_CHOICE: self
  PRETRAIN_HW_RATIO: 2
  PRETRAIN_PATH: pretrained/swin_tiny.pth
  REDUCE_FEAT_DIM: False
  RE_ARRANGE: True
  SEMANTIC_WEIGHT: 0.2
  SHIFT_NUM: 5
  SHUFFLE_GROUP: 2
  SIE_CAMERA: False
  SIE_COE: 3.0
  SIE_VIEW: False
  STEM_CONV: False
  STRIDE_SIZE: [16, 16]
  TRANSFORMER_TYPE: swin_tiny_patch4_window7_224
  TRIPLET_LOSS_WEIGHT: 1.0
  WITH_CP: True
OUTPUT_DIR: /home/afr/SOLIDER-REID-psg-lgpa/log/exp326/E/seed_9227.tmp.41b9c87e8313
SOLVER:
  BASE_LR: 0.0008
  BIAS_LR_FACTOR: 2
  CENTER_LOSS_WEIGHT: 0.0005
  CENTER_LR: 0.5
  CHECKPOINT_PERIOD: 20
  COSINE_MARGIN: 0.5
  COSINE_SCALE: 30
  EVAL_PERIOD: 10
  FREEZE_BACKBONE_EPOCHS: 0
  GAMMA: 0.1
  IMS_PER_BATCH: 64
  LARGE_FC_LR: False
  LOG_PERIOD: 20
  MARGIN: 0.3
  MAX_EPOCHS: 120
  MOMENTUM: 0.9
  OPTIMIZER_NAME: SGD
  REPRO_AUDIT: True
  REPRO_REFERENCE: /home/afr/SOLIDER-REID-psg-lgpa/log/exp326/C0/seed_9227/init_audit.json
  SEED: 9227
  STEPS: (40, 70)
  TRP_L2: False
  WARMUP_EPOCHS: 20
  WARMUP_FACTOR: 0.01
  WARMUP_METHOD: cosine
  WEIGHT_DECAY: 0.0001
  WEIGHT_DECAY_BIAS: 0.0001
TEST:
  CVK_GLOBAL_WEIGHT: 1.0
  CVK_KP_WEIGHT: 1.0
  DIST_MAT: dist_mat.npy
  EVAL: True
  FEAT_NORM: yes
  FLIP_TEST: False
  IMS_PER_BATCH: 64
  NECK_FEAT: before
  NFC: False
  NFC_K1: 2
  NFC_K2: 2
  POWER_NORM: 0.0
  RE_RANKING: False
  WEIGHT: 
=> Occluded-DukeMTMC loaded
2026-07-12 22:57:41 transreid.check INFO: Dataset statistics:
2026-07-12 22:57:41 transreid.check INFO:   ----------------------------------------
2026-07-12 22:57:41 transreid.check INFO:   subset   | # ids | # images | # cameras
2026-07-12 22:57:41 transreid.check INFO:   ----------------------------------------
2026-07-12 22:57:41 transreid.check INFO:   train    |   702 |    15618 |         8
2026-07-12 22:57:41 transreid.check INFO:   query    |   519 |     2210 |         8
2026-07-12 22:57:41 transreid.check INFO:   gallery  |  1110 |    17661 |         8
2026-07-12 22:57:41 transreid.check INFO:   ----------------------------------------
  Loaded pose index: data/occluded_duke/pose_data/train/index.json (15618 entries)
  Loaded pose index: data/occluded_duke/pose_data/train/index.json (15618 entries)
  Loaded pose index: data/occluded_duke/pose_data/_val_merged/index.json (18001 entries)
using img_triplet sampler
using Transformer_type: swin_tiny_patch4_window7_224 as a backbone
unloaded parameters: <All keys matched successfully>
[LGPA] CLIP text features loaded from cache: torch.Size([6, 512])
[LGPA] CLIP Part Head: 5 parts, clip_dim=512, num_heads=8, pose_temp=1.0, pose_mode=uniform, assign_mode=true, text_mode=aligned
[LGPA] Running on DETACHED features (no gradient to backbone)
===========building pose-backbone (PSG) transformer===========
using soft triplet loss for training
2026-07-12 22:57:43 transreid INFO: [REPRO_AUDIT] arm=E parameter_sha=955023cefb7c28392c435caa7f0f3a3167dc0eb45d66590790ea1dbe79381a6f reference=/home/afr/SOLIDER-REID-psg-lgpa/log/exp326/C0/seed_9227/init_audit.json
2026-07-12 22:57:43 transreid INFO: ===========using cosine learning rate=======
2026-07-12 22:57:43 transreid.train INFO: start training
2026-07-12 22:57:43 transreid.train INFO: Pose-guided training ENABLED
/usr/local/anaconda3/envs/mmpose-abu/lib/python3.8/site-packages/torchvision/transforms/transforms.py:329: UserWarning: Argument 'interpolation' of type int is deprecated since 0.13 and will be removed in 0.15. Please use InterpolationMode enum.
  warnings.warn(
/home/afr/SOLIDER-REID-psg-lgpa/model/backbones/swin_transformer.py:1193: UserWarning: DeprecationWarning: pretrained is deprecated, please use "init_cfg" instead
  warnings.warn('DeprecationWarning: pretrained is deprecated, '
2026-07-12 22:57:48 transreid.train INFO: Epoch[1] Iter[20/227] Loss: 18.607, Acc: 0.002, Base Lr: 4.76e-05 | id_global: 6.553 id_part: 6.724 tri_global: 14.153 tri_part: 0.804 lgpa_assign: 8.978
2026-07-12 22:57:51 transreid.train INFO: Epoch[1] Iter[40/227] Loss: 17.627, Acc: 0.002, Base Lr: 4.76e-05 | id_global: 6.554 id_part: 6.720 tri_global: 12.229 tri_part: 0.788 lgpa_assign: 8.962
2026-07-12 22:57:55 transreid.train INFO: Epoch[1] Iter[60/227] Loss: 17.019, Acc: 0.001, Base Lr: 4.76e-05 | id_global: 6.554 id_part: 6.720 tri_global: 11.045 tri_part: 0.780 lgpa_assign: 8.939
2026-07-12 22:57:58 transreid.train INFO: Epoch[1] Iter[80/227] Loss: 16.645, Acc: 0.001, Base Lr: 4.76e-05 | id_global: 6.554 id_part: 6.720 tri_global: 10.311 tri_part: 0.775 lgpa_assign: 8.931
2026-07-12 22:58:01 transreid.train INFO: Epoch[1] Iter[100/227] Loss: 16.300, Acc: 0.001, Base Lr: 4.76e-05 | id_global: 6.554 id_part: 6.718 tri_global: 9.634 tri_part: 0.770 lgpa_assign: 8.925
2026-07-12 22:58:05 transreid.train INFO: Epoch[1] Iter[120/227] Loss: 16.061, Acc: 0.001, Base Lr: 4.76e-05 | id_global: 6.554 id_part: 6.718 tri_global: 9.171 tri_part: 0.767 lgpa_assign: 8.912
2026-07-12 22:58:08 transreid.train INFO: Epoch[1] Iter[140/227] Loss: 15.841, Acc: 0.001, Base Lr: 4.76e-05 | id_global: 6.554 id_part: 6.718 tri_global: 8.741 tri_part: 0.763 lgpa_assign: 8.906
2026-07-12 22:58:12 transreid.train INFO: Epoch[1] Iter[160/227] Loss: 15.649, Acc: 0.002, Base Lr: 4.76e-05 | id_global: 6.554 id_part: 6.719 tri_global: 8.366 tri_part: 0.760 lgpa_assign: 8.899
2026-07-12 22:58:15 transreid.train INFO: Epoch[1] Iter[180/227] Loss: 15.472, Acc: 0.001, Base Lr: 4.76e-05 | id_global: 6.554 id_part: 6.718 tri_global: 8.019 tri_part: 0.758 lgpa_assign: 8.896
2026-07-12 22:58:18 transreid.train INFO: Epoch[1] Iter[200/227] Loss: 15.298, Acc: 0.001, Base Lr: 4.76e-05 | id_global: 6.554 id_part: 6.719 tri_global: 7.678 tri_part: 0.755 lgpa_assign: 8.890
2026-07-12 22:58:20 transreid.train INFO: Epoch 1 done. Time per epoch: 37.617[s] Speed: 359.0[samples/s] ETA: 1h14m
2026-07-12 22:58:25 transreid.train INFO: Epoch[2] Iter[20/227] Loss: 14.336, Acc: 0.003, Base Lr: 8.72e-05 | id_global: 6.553 id_part: 6.720 tri_global: 5.744 tri_part: 0.741 lgpa_assign: 8.914
2026-07-12 22:58:28 transreid.train INFO: Epoch[2] Iter[40/227] Loss: 14.086, Acc: 0.002, Base Lr: 8.72e-05 | id_global: 6.553 id_part: 6.721 tri_global: 5.265 tri_part: 0.737 lgpa_assign: 8.897
2026-07-12 22:58:32 transreid.train INFO: Epoch[2] Iter[60/227] Loss: 13.965, Acc: 0.002, Base Lr: 8.72e-05 | id_global: 6.552 id_part: 6.715 tri_global: 5.033 tri_part: 0.734 lgpa_assign: 8.897
2026-07-12 22:58:35 transreid.train INFO: Epoch[2] Iter[80/227] Loss: 13.751, Acc: 0.002, Base Lr: 8.72e-05 | id_global: 6.551 id_part: 6.719 tri_global: 4.620 tri_part: 0.730 lgpa_assign: 8.883
2026-07-12 22:58:38 transreid.train INFO: Epoch[2] Iter[100/227] Loss: 13.615, Acc: 0.003, Base Lr: 8.72e-05 | id_global: 6.550 id_part: 6.718 tri_global: 4.352 tri_part: 0.728 lgpa_assign: 8.882
2026-07-12 22:58:42 transreid.train INFO: Epoch[2] Iter[120/227] Loss: 13.478, Acc: 0.003, Base Lr: 8.72e-05 | id_global: 6.550 id_part: 6.720 tri_global: 4.080 tri_part: 0.725 lgpa_assign: 8.881
2026-07-12 22:58:45 transreid.train INFO: Epoch[2] Iter[140/227] Loss: 13.358, Acc: 0.003, Base Lr: 8.72e-05 | id_global: 6.549 id_part: 6.720 tri_global: 3.847 tri_part: 0.722 lgpa_assign: 8.877
2026-07-12 22:58:49 transreid.train INFO: Epoch[2] Iter[160/227] Loss: 13.266, Acc: 0.003, Base Lr: 8.72e-05 | id_global: 6.549 id_part: 6.721 tri_global: 3.664 tri_part: 0.720 lgpa_assign: 8.878
2026-07-12 22:58:52 transreid.train INFO: Epoch[2] Iter[180/227] Loss: 13.182, Acc: 0.003, Base Lr: 8.72e-05 | id_global: 6.548 id_part: 6.720 tri_global: 3.503 tri_part: 0.719 lgpa_assign: 8.875
2026-07-12 22:58:55 transreid.train INFO: Epoch[2] Iter[200/227] Loss: 13.111, Acc: 0.004, Base Lr: 8.72e-05 | id_global: 6.546 id_part: 6.719 tri_global: 3.374 tri_part: 0.717 lgpa_assign: 8.866
2026-07-12 22:58:57 transreid.train INFO: Epoch 2 done. Time per epoch: 37.172[s] Speed: 365.0[samples/s] ETA: 1h13m
2026-07-12 22:59:02 transreid.train INFO: Epoch[3] Iter[20/227] Loss: 12.446, Acc: 0.016, Base Lr: 1.27e-04 | id_global: 6.536 id_part: 6.716 tri_global: 2.027 tri_part: 0.705 lgpa_assign: 8.910
2026-07-12 22:59:05 transreid.train INFO: Epoch[3] Iter[40/227] Loss: 12.465, Acc: 0.021, Base Lr: 1.27e-04 | id_global: 6.536 id_part: 6.720 tri_global: 2.102 tri_part: 0.706 lgpa_assign: 8.867
2026-07-12 22:59:09 transreid.train INFO: Epoch[3] Iter[60/227] Loss: 12.401, Acc: 0.024, Base Lr: 1.27e-04 | id_global: 6.534 id_part: 6.714 tri_global: 2.002 tri_part: 0.704 lgpa_assign: 8.848
2026-07-12 22:59:12 transreid.train INFO: Epoch[3] Iter[80/227] Loss: 12.371, Acc: 0.025, Base Lr: 1.27e-04 | id_global: 6.533 id_part: 6.714 tri_global: 1.937 tri_part: 0.703 lgpa_assign: 8.854
2026-07-12 22:59:16 transreid.train INFO: Epoch[3] Iter[100/227] Loss: 12.344, Acc: 0.029, Base Lr: 1.27e-04 | id_global: 6.532 id_part: 6.709 tri_global: 1.893 tri_part: 0.703 lgpa_assign: 8.851
2026-07-12 22:59:19 transreid.train INFO: Epoch[3] Iter[120/227] Loss: 12.316, Acc: 0.031, Base Lr: 1.27e-04 | id_global: 6.530 id_part: 6.709 tri_global: 1.843 tri_part: 0.702 lgpa_assign: 8.848
2026-07-12 22:59:22 transreid.train INFO: Epoch[3] Iter[140/227] Loss: 12.284, Acc: 0.034, Base Lr: 1.27e-04 | id_global: 6.529 id_part: 6.709 tri_global: 1.794 tri_part: 0.701 lgpa_assign: 8.837
2026-07-12 22:59:26 transreid.train INFO: Epoch[3] Iter[160/227] Loss: 12.256, Acc: 0.039, Base Lr: 1.27e-04 | id_global: 6.527 id_part: 6.708 tri_global: 1.746 tri_part: 0.701 lgpa_assign: 8.829
2026-07-12 22:59:29 transreid.train INFO: Epoch[3] Iter[180/227] Loss: 12.233, Acc: 0.049, Base Lr: 1.27e-04 | id_global: 6.525 id_part: 6.706 tri_global: 1.716 tri_part: 0.700 lgpa_assign: 8.819
2026-07-12 22:59:33 transreid.train INFO: Epoch[3] Iter[200/227] Loss: 12.212, Acc: 0.062, Base Lr: 1.27e-04 | id_global: 6.522 id_part: 6.705 tri_global: 1.696 tri_part: 0.700 lgpa_assign: 8.801
2026-07-12 22:59:35 transreid.train INFO: Epoch 3 done. Time per epoch: 37.063[s] Speed: 364.4[samples/s] ETA: 1h12m
2026-07-12 22:59:39 transreid.train INFO: Epoch[4] Iter[20/227] Loss: 11.967, Acc: 0.074, Base Lr: 1.66e-04 | id_global: 6.507 id_part: 6.695 tri_global: 1.212 tri_part: 0.695 lgpa_assign: 8.824
2026-07-12 22:59:42 transreid.train INFO: Epoch[4] Iter[40/227] Loss: 11.983, Acc: 0.070, Base Lr: 1.66e-04 | id_global: 6.507 id_part: 6.700 tri_global: 1.278 tri_part: 0.696 lgpa_assign: 8.786
2026-07-12 22:59:46 transreid.train INFO: Epoch[4] Iter[60/227] Loss: 11.991, Acc: 0.070, Base Lr: 1.66e-04 | id_global: 6.505 id_part: 6.696 tri_global: 1.308 tri_part: 0.696 lgpa_assign: 8.777
2026-07-12 22:59:49 transreid.train INFO: Epoch[4] Iter[80/227] Loss: 11.985, Acc: 0.080, Base Lr: 1.66e-04 | id_global: 6.502 id_part: 6.689 tri_global: 1.311 tri_part: 0.696 lgpa_assign: 8.771
2026-07-12 22:59:53 transreid.train INFO: Epoch[4] Iter[100/227] Loss: 11.971, Acc: 0.089, Base Lr: 1.66e-04 | id_global: 6.499 id_part: 6.688 tri_global: 1.296 tri_part: 0.696 lgpa_assign: 8.763
2026-07-12 22:59:56 transreid.train INFO: Epoch[4] Iter[120/227] Loss: 11.957, Acc: 0.100, Base Lr: 1.66e-04 | id_global: 6.496 id_part: 6.686 tri_global: 1.279 tri_part: 0.695 lgpa_assign: 8.757
2026-07-12 22:59:59 transreid.train INFO: Epoch[4] Iter[140/227] Loss: 11.939, Acc: 0.110, Base Lr: 1.66e-04 | id_global: 6.494 id_part: 6.684 tri_global: 1.252 tri_part: 0.695 lgpa_assign: 8.752
2026-07-12 23:00:03 transreid.train INFO: Epoch[4] Iter[160/227] Loss: 11.931, Acc: 0.122, Base Lr: 1.66e-04 | id_global: 6.490 id_part: 6.686 tri_global: 1.245 tri_part: 0.695 lgpa_assign: 8.747
2026-07-12 23:00:06 transreid.train INFO: Epoch[4] Iter[180/227] Loss: 11.913, Acc: 0.135, Base Lr: 1.66e-04 | id_global: 6.486 id_part: 6.683 tri_global: 1.223 tri_part: 0.695 lgpa_assign: 8.739
2026-07-12 23:00:10 transreid.train INFO: Epoch[4] Iter[200/227] Loss: 11.899, Acc: 0.158, Base Lr: 1.66e-04 | id_global: 6.480 id_part: 6.680 tri_global: 1.220 tri_part: 0.695 lgpa_assign: 8.723
2026-07-12 23:00:12 transreid.train INFO: Epoch 4 done. Time per epoch: 37.165[s] Speed: 365.1[samples/s] ETA: 1h11m
2026-07-12 23:00:16 transreid.train INFO: Epoch[5] Iter[20/227] Loss: 11.800, Acc: 0.150, Base Lr: 2.06e-04 | id_global: 6.452 id_part: 6.657 tri_global: 1.116 tri_part: 0.694 lgpa_assign: 8.682
2026-07-12 23:00:20 transreid.train INFO: Epoch[5] Iter[40/227] Loss: 11.793, Acc: 0.132, Base Lr: 2.06e-04 | id_global: 6.453 id_part: 6.660 tri_global: 1.084 tri_part: 0.694 lgpa_assign: 8.696
2026-07-12 23:00:23 transreid.train INFO: Epoch[5] Iter[60/227] Loss: 11.780, Acc: 0.135, Base Lr: 2.06e-04 | id_global: 6.449 id_part: 6.666 tri_global: 1.061 tri_part: 0.693 lgpa_assign: 8.690
2026-07-12 23:00:26 transreid.train INFO: Epoch[5] Iter[80/227] Loss: 11.735, Acc: 0.137, Base Lr: 2.06e-04 | id_global: 6.444 id_part: 6.660 tri_global: 1.000 tri_part: 0.692 lgpa_assign: 8.674
2026-07-12 23:00:30 transreid.train INFO: Epoch[5] Iter[100/227] Loss: 11.725, Acc: 0.138, Base Lr: 2.06e-04 | id_global: 6.442 id_part: 6.660 tri_global: 0.988 tri_part: 0.692 lgpa_assign: 8.669
2026-07-12 23:00:33 transreid.train INFO: Epoch[5] Iter[120/227] Loss: 11.712, Acc: 0.143, Base Lr: 2.06e-04 | id_global: 6.438 id_part: 6.655 tri_global: 0.970 tri_part: 0.692 lgpa_assign: 8.668
2026-07-12 23:00:37 transreid.train INFO: Epoch[5] Iter[140/227] Loss: 11.695, Acc: 0.152, Base Lr: 2.06e-04 | id_global: 6.433 id_part: 6.650 tri_global: 0.957 tri_part: 0.692 lgpa_assign: 8.659
2026-07-12 23:00:40 transreid.train INFO: Epoch[5] Iter[160/227] Loss: 11.685, Acc: 0.164, Base Lr: 2.06e-04 | id_global: 6.428 id_part: 6.649 tri_global: 0.950 tri_part: 0.692 lgpa_assign: 8.652
2026-07-12 23:00:43 transreid.train INFO: Epoch[5] Iter[180/227] Loss: 11.674, Acc: 0.180, Base Lr: 2.06e-04 | id_global: 6.421 id_part: 6.644 tri_global: 0.946 tri_part: 0.691 lgpa_assign: 8.645
2026-07-12 23:00:47 transreid.train INFO: Epoch[5] Iter[200/227] Loss: 11.660, Acc: 0.201, Base Lr: 2.06e-04 | id_global: 6.411 id_part: 6.640 tri_global: 0.944 tri_part: 0.691 lgpa_assign: 8.634
2026-07-12 23:00:49 transreid.train INFO: Epoch 5 done. Time per epoch: 37.110[s] Speed: 365.6[samples/s] ETA: 1h11m
2026-07-12 23:00:53 transreid.train INFO: Epoch[6] Iter[20/227] Loss: 11.595, Acc: 0.132, Base Lr: 2.46e-04 | id_global: 6.387 id_part: 6.646 tri_global: 0.870 tri_part: 0.692 lgpa_assign: 8.596
2026-07-12 23:00:57 transreid.train INFO: Epoch[6] Iter[40/227] Loss: 11.542, Acc: 0.151, Base Lr: 2.46e-04 | id_global: 6.374 id_part: 6.627 tri_global: 0.794 tri_part: 0.690 lgpa_assign: 8.599
2026-07-12 23:01:00 transreid.train INFO: Epoch[6] Iter[60/227] Loss: 11.571, Acc: 0.148, Base Lr: 2.46e-04 | id_global: 6.375 id_part: 6.625 tri_global: 0.843 tri_part: 0.691 lgpa_assign: 8.608
2026-07-12 23:01:04 transreid.train INFO: Epoch[6] Iter[80/227] Loss: 11.559, Acc: 0.159, Base Lr: 2.46e-04 | id_global: 6.369 id_part: 6.622 tri_global: 0.851 tri_part: 0.691 lgpa_assign: 8.585
2026-07-12 23:01:07 transreid.train INFO: Epoch[6] Iter[100/227] Loss: 11.548, Acc: 0.165, Base Lr: 2.46e-04 | id_global: 6.364 id_part: 6.620 tri_global: 0.846 tri_part: 0.691 lgpa_assign: 8.577
2026-07-12 23:01:10 transreid.train INFO: Epoch[6] Iter[120/227] Loss: 11.539, Acc: 0.169, Base Lr: 2.46e-04 | id_global: 6.361 id_part: 6.617 tri_global: 0.841 tri_part: 0.691 lgpa_assign: 8.568
2026-07-12 23:01:14 transreid.train INFO: Epoch[6] Iter[140/227] Loss: 11.511, Acc: 0.178, Base Lr: 2.46e-04 | id_global: 6.352 id_part: 6.613 tri_global: 0.811 tri_part: 0.690 lgpa_assign: 8.557
2026-07-12 23:01:17 transreid.train INFO: Epoch[6] Iter[160/227] Loss: 11.492, Acc: 0.187, Base Lr: 2.46e-04 | id_global: 6.344 id_part: 6.606 tri_global: 0.796 tri_part: 0.690 lgpa_assign: 8.547
2026-07-12 23:01:21 transreid.train INFO: Epoch[6] Iter[180/227] Loss: 11.478, Acc: 0.203, Base Lr: 2.46e-04 | id_global: 6.334 id_part: 6.599 tri_global: 0.798 tri_part: 0.690 lgpa_assign: 8.536
2026-07-12 23:01:24 transreid.train INFO: Epoch[6] Iter[200/227] Loss: 11.460, Acc: 0.227, Base Lr: 2.46e-04 | id_global: 6.317 id_part: 6.591 tri_global: 0.797 tri_part: 0.690 lgpa_assign: 8.525
2026-07-12 23:01:26 transreid.train INFO: Epoch 6 done. Time per epoch: 37.231[s] Speed: 364.4[samples/s] ETA: 1h10m
2026-07-12 23:01:31 transreid.train INFO: Epoch[7] Iter[20/227] Loss: 11.331, Acc: 0.137, Base Lr: 2.85e-04 | id_global: 6.302 id_part: 6.568 tri_global: 0.637 tri_part: 0.687 lgpa_assign: 8.469
2026-07-12 23:01:34 transreid.train INFO: Epoch[7] Iter[40/227] Loss: 11.353, Acc: 0.143, Base Lr: 2.85e-04 | id_global: 6.288 id_part: 6.570 tri_global: 0.686 tri_part: 0.688 lgpa_assign: 8.476
2026-07-12 23:01:37 transreid.train INFO: Epoch[7] Iter[60/227] Loss: 11.356, Acc: 0.149, Base Lr: 2.85e-04 | id_global: 6.283 id_part: 6.562 tri_global: 0.706 tri_part: 0.688 lgpa_assign: 8.474
2026-07-12 23:01:41 transreid.train INFO: Epoch[7] Iter[80/227] Loss: 11.339, Acc: 0.162, Base Lr: 2.85e-04 | id_global: 6.279 id_part: 6.561 tri_global: 0.693 tri_part: 0.688 lgpa_assign: 8.458
2026-07-12 23:01:44 transreid.train INFO: Epoch[7] Iter[100/227] Loss: 11.334, Acc: 0.171, Base Lr: 2.85e-04 | id_global: 6.269 id_part: 6.562 tri_global: 0.696 tri_part: 0.688 lgpa_assign: 8.453
2026-07-12 23:01:48 transreid.train INFO: Epoch[7] Iter[120/227] Loss: 11.315, Acc: 0.176, Base Lr: 2.85e-04 | id_global: 6.262 id_part: 6.557 tri_global: 0.686 tri_part: 0.687 lgpa_assign: 8.438
2026-07-12 23:01:51 transreid.train INFO: Epoch[7] Iter[140/227] Loss: 11.310, Acc: 0.182, Base Lr: 2.85e-04 | id_global: 6.255 id_part: 6.555 tri_global: 0.696 tri_part: 0.688 lgpa_assign: 8.425
2026-07-12 23:01:54 transreid.train INFO: Epoch[7] Iter[160/227] Loss: 11.295, Acc: 0.197, Base Lr: 2.85e-04 | id_global: 6.240 id_part: 6.548 tri_global: 0.700 tri_part: 0.688 lgpa_assign: 8.414
2026-07-12 23:01:58 transreid.train INFO: Epoch[7] Iter[180/227] Loss: 11.276, Acc: 0.213, Base Lr: 2.85e-04 | id_global: 6.224 id_part: 6.539 tri_global: 0.693 tri_part: 0.688 lgpa_assign: 8.408
2026-07-12 23:02:01 transreid.train INFO: Epoch[7] Iter[200/227] Loss: 11.256, Acc: 0.236, Base Lr: 2.85e-04 | id_global: 6.199 id_part: 6.526 tri_global: 0.697 tri_part: 0.687 lgpa_assign: 8.403
2026-07-12 23:02:03 transreid.train INFO: Epoch 7 done. Time per epoch: 37.037[s] Speed: 364.6[samples/s] ETA: 1h9m
2026-07-12 23:02:08 transreid.train INFO: Epoch[8] Iter[20/227] Loss: 11.224, Acc: 0.134, Base Lr: 3.25e-04 | id_global: 6.184 id_part: 6.510 tri_global: 0.702 tri_part: 0.688 lgpa_assign: 8.364
2026-07-12 23:02:11 transreid.train INFO: Epoch[8] Iter[40/227] Loss: 11.220, Acc: 0.117, Base Lr: 3.25e-04 | id_global: 6.194 id_part: 6.531 tri_global: 0.681 tri_part: 0.687 lgpa_assign: 8.346
2026-07-12 23:02:14 transreid.train INFO: Epoch[8] Iter[60/227] Loss: 11.209, Acc: 0.121, Base Lr: 3.25e-04 | id_global: 6.186 id_part: 6.531 tri_global: 0.683 tri_part: 0.687 lgpa_assign: 8.331
2026-07-12 23:02:18 transreid.train INFO: Epoch[8] Iter[80/227] Loss: 11.181, Acc: 0.136, Base Lr: 3.25e-04 | id_global: 6.167 id_part: 6.515 tri_global: 0.660 tri_part: 0.687 lgpa_assign: 8.335
2026-07-12 23:02:21 transreid.train INFO: Epoch[8] Iter[100/227] Loss: 11.161, Acc: 0.146, Base Lr: 3.25e-04 | id_global: 6.156 id_part: 6.507 tri_global: 0.646 tri_part: 0.686 lgpa_assign: 8.326
2026-07-12 23:02:25 transreid.train INFO: Epoch[8] Iter[120/227] Loss: 11.142, Acc: 0.158, Base Lr: 3.25e-04 | id_global: 6.143 id_part: 6.496 tri_global: 0.642 tri_part: 0.686 lgpa_assign: 8.316
2026-07-12 23:02:28 transreid.train INFO: Epoch[8] Iter[140/227] Loss: 11.124, Acc: 0.169, Base Lr: 3.25e-04 | id_global: 6.130 id_part: 6.489 tri_global: 0.640 tri_part: 0.686 lgpa_assign: 8.302
2026-07-12 23:02:32 transreid.train INFO: Epoch[8] Iter[160/227] Loss: 11.109, Acc: 0.186, Base Lr: 3.25e-04 | id_global: 6.113 id_part: 6.483 tri_global: 0.641 tri_part: 0.686 lgpa_assign: 8.296
2026-07-12 23:02:35 transreid.train INFO: Epoch[8] Iter[180/227] Loss: 11.082, Acc: 0.204, Base Lr: 3.25e-04 | id_global: 6.091 id_part: 6.473 tri_global: 0.627 tri_part: 0.686 lgpa_assign: 8.287
2026-07-12 23:02:38 transreid.train INFO: Epoch[8] Iter[200/227] Loss: 11.060, Acc: 0.229, Base Lr: 3.25e-04 | id_global: 6.059 id_part: 6.457 tri_global: 0.638 tri_part: 0.686 lgpa_assign: 8.280
2026-07-12 23:02:40 transreid.train INFO: Epoch 8 done. Time per epoch: 37.272[s] Speed: 364.0[samples/s] ETA: 1h9m
2026-07-12 23:02:45 transreid.train INFO: Epoch[9] Iter[20/227] Loss: 11.007, Acc: 0.137, Base Lr: 3.64e-04 | id_global: 6.040 id_part: 6.453 tri_global: 0.603 tri_part: 0.688 lgpa_assign: 8.230
2026-07-12 23:02:48 transreid.train INFO: Epoch[9] Iter[40/227] Loss: 10.976, Acc: 0.145, Base Lr: 3.64e-04 | id_global: 6.029 id_part: 6.432 tri_global: 0.581 tri_part: 0.685 lgpa_assign: 8.224
2026-07-12 23:02:52 transreid.train INFO: Epoch[9] Iter[60/227] Loss: 10.987, Acc: 0.144, Base Lr: 3.64e-04 | id_global: 6.024 id_part: 6.433 tri_global: 0.611 tri_part: 0.686 lgpa_assign: 8.220
2026-07-12 23:02:55 transreid.train INFO: Epoch[9] Iter[80/227] Loss: 10.980, Acc: 0.152, Base Lr: 3.64e-04 | id_global: 6.014 id_part: 6.430 tri_global: 0.611 tri_part: 0.686 lgpa_assign: 8.220
2026-07-12 23:02:58 transreid.train INFO: Epoch[9] Iter[100/227] Loss: 10.959, Acc: 0.168, Base Lr: 3.64e-04 | id_global: 5.993 id_part: 6.421 tri_global: 0.613 tri_part: 0.686 lgpa_assign: 8.204
2026-07-12 23:03:02 transreid.train INFO: Epoch[9] Iter[120/227] Loss: 10.938, Acc: 0.174, Base Lr: 3.64e-04 | id_global: 5.978 id_part: 6.413 tri_global: 0.608 tri_part: 0.686 lgpa_assign: 8.193
2026-07-12 23:03:05 transreid.train INFO: Epoch[9] Iter[140/227] Loss: 10.913, Acc: 0.179, Base Lr: 3.64e-04 | id_global: 5.960 id_part: 6.405 tri_global: 0.596 tri_part: 0.685 lgpa_assign: 8.181
2026-07-12 23:03:09 transreid.train INFO: Epoch[9] Iter[160/227] Loss: 10.901, Acc: 0.192, Base Lr: 3.64e-04 | id_global: 5.937 id_part: 6.396 tri_global: 0.605 tri_part: 0.685 lgpa_assign: 8.177
2026-07-12 23:03:12 transreid.train INFO: Epoch[9] Iter[180/227] Loss: 10.885, Acc: 0.206, Base Lr: 3.64e-04 | id_global: 5.915 id_part: 6.385 tri_global: 0.612 tri_part: 0.686 lgpa_assign: 8.173
2026-07-12 23:03:15 transreid.train INFO: Epoch[9] Iter[200/227] Loss: 10.848, Acc: 0.228, Base Lr: 3.64e-04 | id_global: 5.871 id_part: 6.362 tri_global: 0.613 tri_part: 0.686 lgpa_assign: 8.165
2026-07-12 23:03:18 transreid.train INFO: Epoch 9 done. Time per epoch: 37.307[s] Speed: 365.4[samples/s] ETA: 1h9m
2026-07-12 23:03:22 transreid.train INFO: Epoch[10] Iter[20/227] Loss: 10.759, Acc: 0.159, Base Lr: 4.04e-04 | id_global: 5.836 id_part: 6.359 tri_global: 0.495 tri_part: 0.682 lgpa_assign: 8.145
2026-07-12 23:03:26 transreid.train INFO: Epoch[10] Iter[40/227] Loss: 10.760, Acc: 0.161, Base Lr: 4.04e-04 | id_global: 5.832 id_part: 6.348 tri_global: 0.522 tri_part: 0.683 lgpa_assign: 8.134
2026-07-12 23:03:29 transreid.train INFO: Epoch[10] Iter[60/227] Loss: 10.766, Acc: 0.148, Base Lr: 4.04e-04 | id_global: 5.839 id_part: 6.354 tri_global: 0.545 tri_part: 0.684 lgpa_assign: 8.110
2026-07-12 23:03:32 transreid.train INFO: Epoch[10] Iter[80/227] Loss: 10.762, Acc: 0.149, Base Lr: 4.04e-04 | id_global: 5.824 id_part: 6.342 tri_global: 0.564 tri_part: 0.684 lgpa_assign: 8.109
2026-07-12 23:03:36 transreid.train INFO: Epoch[10] Iter[100/227] Loss: 10.758, Acc: 0.151, Base Lr: 4.04e-04 | id_global: 5.817 id_part: 6.343 tri_global: 0.561 tri_part: 0.684 lgpa_assign: 8.110
2026-07-12 23:03:39 transreid.train INFO: Epoch[10] Iter[120/227] Loss: 10.737, Acc: 0.159, Base Lr: 4.04e-04 | id_global: 5.798 id_part: 6.332 tri_global: 0.559 tri_part: 0.684 lgpa_assign: 8.103
2026-07-12 23:03:43 transreid.train INFO: Epoch[10] Iter[140/227] Loss: 10.715, Acc: 0.166, Base Lr: 4.04e-04 | id_global: 5.776 id_part: 6.321 tri_global: 0.557 tri_part: 0.684 lgpa_assign: 8.093
2026-07-12 23:03:46 transreid.train INFO: Epoch[10] Iter[160/227] Loss: 10.687, Acc: 0.179, Base Lr: 4.04e-04 | id_global: 5.752 id_part: 6.310 tri_global: 0.543 tri_part: 0.684 lgpa_assign: 8.085
2026-07-12 23:03:50 transreid.train INFO: Epoch[10] Iter[180/227] Loss: 10.657, Acc: 0.194, Base Lr: 4.04e-04 | id_global: 5.718 id_part: 6.295 tri_global: 0.541 tri_part: 0.684 lgpa_assign: 8.077
2026-07-12 23:03:53 transreid.train INFO: Epoch[10] Iter[200/227] Loss: 10.612, Acc: 0.219, Base Lr: 4.04e-04 | id_global: 5.662 id_part: 6.267 tri_global: 0.538 tri_part: 0.683 lgpa_assign: 8.074
2026-07-12 23:03:55 transreid.train INFO: Epoch 10 done. Time per epoch: 37.288[s] Speed: 363.9[samples/s] ETA: 1h8m
2026-07-12 23:03:55 transreid.train INFO: Eval protocol: flip_test=False feat_norm=yes
The test feature is normalized
=> Computing DistMat with euclidean_distance
2026-07-12 23:04:26 transreid.train INFO: Validation Results - Epoch: 10
2026-07-12 23:04:26 transreid.train INFO: mAP: 38.6%
2026-07-12 23:04:26 transreid.train INFO: CMC curve, Rank-1  :49.5%
2026-07-12 23:04:26 transreid.train INFO: CMC curve, Rank-5  :67.3%
2026-07-12 23:04:26 transreid.train INFO: CMC curve, Rank-10 :74.1%
/home/afr/SOLIDER-REID-psg-lgpa/utils/metrics.py:66: UserWarning: This overload of addmm_ is deprecated:
	addmm_(Number beta, Number alpha, Tensor mat1, Tensor mat2)
Consider using one of the following signatures instead:
	addmm_(Tensor mat1, Tensor mat2, *, Number beta, Number alpha) (Triggered internally at /opt/conda/conda-bld/pytorch_1670525541702/work/torch/csrc/utils/python_arg_parser.cpp:1420.)
  dist_mat.addmm_(1, -2, qf, gf.t())
2026-07-12 23:04:30 transreid.train INFO: Epoch[11] Iter[20/227] Loss: 10.651, Acc: 0.106, Base Lr: 4.44e-04 | id_global: 5.732 id_part: 6.298 tri_global: 0.557 tri_part: 0.682 lgpa_assign: 8.033
2026-07-12 23:04:34 transreid.train INFO: Epoch[11] Iter[40/227] Loss: 10.633, Acc: 0.124, Base Lr: 4.44e-04 | id_global: 5.692 id_part: 6.271 tri_global: 0.575 tri_part: 0.683 lgpa_assign: 8.046
2026-07-12 23:04:37 transreid.train INFO: Epoch[11] Iter[60/227] Loss: 10.598, Acc: 0.133, Base Lr: 4.44e-04 | id_global: 5.668 id_part: 6.260 tri_global: 0.563 tri_part: 0.682 lgpa_assign: 8.023
2026-07-12 23:04:41 transreid.train INFO: Epoch[11] Iter[80/227] Loss: 10.574, Acc: 0.146, Base Lr: 4.44e-04 | id_global: 5.642 id_part: 6.249 tri_global: 0.552 tri_part: 0.682 lgpa_assign: 8.024
2026-07-12 23:04:44 transreid.train INFO: Epoch[11] Iter[100/227] Loss: 10.548, Acc: 0.147, Base Lr: 4.44e-04 | id_global: 5.626 id_part: 6.241 tri_global: 0.540 tri_part: 0.681 lgpa_assign: 8.009
2026-07-12 23:04:47 transreid.train INFO: Epoch[11] Iter[120/227] Loss: 10.542, Acc: 0.148, Base Lr: 4.44e-04 | id_global: 5.614 id_part: 6.237 tri_global: 0.542 tri_part: 0.681 lgpa_assign: 8.009
2026-07-12 23:04:51 transreid.train INFO: Epoch[11] Iter[140/227] Loss: 10.501, Acc: 0.163, Base Lr: 4.44e-04 | id_global: 5.571 id_part: 6.218 tri_global: 0.530 tri_part: 0.681 lgpa_assign: 8.003
2026-07-12 23:04:54 transreid.train INFO: Epoch[11] Iter[160/227] Loss: 10.467, Acc: 0.174, Base Lr: 4.44e-04 | id_global: 5.539 id_part: 6.203 tri_global: 0.524 tri_part: 0.681 lgpa_assign: 7.988
2026-07-12 23:04:57 transreid.train INFO: Epoch[11] Iter[180/227] Loss: 10.427, Acc: 0.189, Base Lr: 4.44e-04 | id_global: 5.492 id_part: 6.183 tri_global: 0.519 tri_part: 0.680 lgpa_assign: 7.979
2026-07-12 23:05:01 transreid.train INFO: Epoch[11] Iter[200/227] Loss: 10.368, Acc: 0.212, Base Lr: 4.44e-04 | id_global: 5.422 id_part: 6.152 tri_global: 0.514 tri_part: 0.680 lgpa_assign: 7.968
2026-07-12 23:05:03 transreid.train INFO: Epoch 11 done. Time per epoch: 37.106[s] Speed: 365.7[samples/s] ETA: 1h7m
2026-07-12 23:05:07 transreid.train INFO: Epoch[12] Iter[20/227] Loss: 10.401, Acc: 0.115, Base Lr: 4.83e-04 | id_global: 5.482 id_part: 6.177 tri_global: 0.502 tri_part: 0.679 lgpa_assign: 7.961
2026-07-12 23:05:11 transreid.train INFO: Epoch[12] Iter[40/227] Loss: 10.379, Acc: 0.125, Base Lr: 4.83e-04 | id_global: 5.463 id_part: 6.180 tri_global: 0.486 tri_part: 0.679 lgpa_assign: 7.951
2026-07-12 23:05:14 transreid.train INFO: Epoch[12] Iter[60/227] Loss: 10.381, Acc: 0.124, Base Lr: 4.83e-04 | id_global: 5.454 id_part: 6.176 tri_global: 0.497 tri_part: 0.680 lgpa_assign: 7.955
2026-07-12 23:05:18 transreid.train INFO: Epoch[12] Iter[80/227] Loss: 10.375, Acc: 0.130, Base Lr: 4.83e-04 | id_global: 5.447 id_part: 6.173 tri_global: 0.505 tri_part: 0.680 lgpa_assign: 7.945
2026-07-12 23:05:21 transreid.train INFO: Epoch[12] Iter[100/227] Loss: 10.322, Acc: 0.145, Base Lr: 4.83e-04 | id_global: 5.404 id_part: 6.150 tri_global: 0.488 tri_part: 0.678 lgpa_assign: 7.924
2026-07-12 23:05:24 transreid.train INFO: Epoch[12] Iter[120/227] Loss: 10.291, Acc: 0.155, Base Lr: 4.83e-04 | id_global: 5.375 id_part: 6.136 tri_global: 0.480 tri_part: 0.678 lgpa_assign: 7.914
2026-07-12 23:05:28 transreid.train INFO: Epoch[12] Iter[140/227] Loss: 10.257, Acc: 0.164, Base Lr: 4.83e-04 | id_global: 5.338 id_part: 6.119 tri_global: 0.472 tri_part: 0.677 lgpa_assign: 7.907
2026-07-12 23:05:31 transreid.train INFO: Epoch[12] Iter[160/227] Loss: 10.235, Acc: 0.173, Base Lr: 4.83e-04 | id_global: 5.313 id_part: 6.110 tri_global: 0.473 tri_part: 0.677 lgpa_assign: 7.897
2026-07-12 23:05:34 transreid.train INFO: Epoch[12] Iter[180/227] Loss: 10.202, Acc: 0.188, Base Lr: 4.83e-04 | id_global: 5.271 id_part: 6.091 tri_global: 0.473 tri_part: 0.676 lgpa_assign: 7.892
2026-07-12 23:05:38 transreid.train INFO: Epoch[12] Iter[200/227] Loss: 10.125, Acc: 0.218, Base Lr: 4.83e-04 | id_global: 5.179 id_part: 6.051 tri_global: 0.468 tri_part: 0.676 lgpa_assign: 7.876
2026-07-12 23:05:40 transreid.train INFO: Epoch 12 done. Time per epoch: 37.258[s] Speed: 365.9[samples/s] ETA: 1h7m
2026-07-12 23:05:45 transreid.train INFO: Epoch[13] Iter[20/227] Loss: 10.092, Acc: 0.152, Base Lr: 5.23e-04 | id_global: 5.200 id_part: 6.053 tri_global: 0.412 tri_part: 0.674 lgpa_assign: 7.844
2026-07-12 23:05:48 transreid.train INFO: Epoch[13] Iter[40/227] Loss: 10.106, Acc: 0.144, Base Lr: 5.23e-04 | id_global: 5.206 id_part: 6.062 tri_global: 0.442 tri_part: 0.673 lgpa_assign: 7.830
2026-07-12 23:05:51 transreid.train INFO: Epoch[13] Iter[60/227] Loss: 10.083, Acc: 0.147, Base Lr: 5.23e-04 | id_global: 5.190 id_part: 6.057 tri_global: 0.429 tri_part: 0.672 lgpa_assign: 7.819
2026-07-12 23:05:55 transreid.train INFO: Epoch[13] Iter[80/227] Loss: 10.092, Acc: 0.149, Base Lr: 5.23e-04 | id_global: 5.187 id_part: 6.053 tri_global: 0.453 tri_part: 0.673 lgpa_assign: 7.818
2026-07-12 23:05:58 transreid.train INFO: Epoch[13] Iter[100/227] Loss: 10.080, Acc: 0.149, Base Lr: 5.23e-04 | id_global: 5.173 id_part: 6.049 tri_global: 0.457 tri_part: 0.672 lgpa_assign: 7.809
2026-07-12 23:06:01 transreid.train INFO: Epoch[13] Iter[120/227] Loss: 10.048, Acc: 0.160, Base Lr: 5.23e-04 | id_global: 5.143 id_part: 6.037 tri_global: 0.450 tri_part: 0.672 lgpa_assign: 7.794
2026-07-12 23:06:05 transreid.train INFO: Epoch[13] Iter[140/227] Loss: 10.019, Acc: 0.174, Base Lr: 5.23e-04 | id_global: 5.107 id_part: 6.020 tri_global: 0.454 tri_part: 0.672 lgpa_assign: 7.786
2026-07-12 23:06:08 transreid.train INFO: Epoch[13] Iter[160/227] Loss: 9.987, Acc: 0.187, Base Lr: 5.23e-04 | id_global: 5.068 id_part: 6.006 tri_global: 0.450 tri_part: 0.672 lgpa_assign: 7.778
2026-07-12 23:06:11 transreid.train INFO: Epoch[13] Iter[180/227] Loss: 9.947, Acc: 0.206, Base Lr: 5.23e-04 | id_global: 5.014 id_part: 5.982 tri_global: 0.453 tri_part: 0.672 lgpa_assign: 7.774
2026-07-12 23:06:15 transreid.train INFO: Epoch[13] Iter[200/227] Loss: 9.872, Acc: 0.236, Base Lr: 5.23e-04 | id_global: 4.917 id_part: 5.936 tri_global: 0.447 tri_part: 0.671 lgpa_assign: 7.772
2026-07-12 23:06:17 transreid.train INFO: Epoch 13 done. Time per epoch: 36.813[s] Speed: 368.6[samples/s] ETA: 1h5m
2026-07-12 23:06:22 transreid.train INFO: Epoch[14] Iter[20/227] Loss: 10.104, Acc: 0.124, Base Lr: 5.62e-04 | id_global: 5.129 id_part: 6.049 tri_global: 0.594 tri_part: 0.675 lgpa_assign: 7.761
2026-07-12 23:06:25 transreid.train INFO: Epoch[14] Iter[40/227] Loss: 10.049, Acc: 0.141, Base Lr: 5.62e-04 | id_global: 5.090 id_part: 6.032 tri_global: 0.534 tri_part: 0.674 lgpa_assign: 7.768
2026-07-12 23:06:28 transreid.train INFO: Epoch[14] Iter[60/227] Loss: 9.984, Acc: 0.165, Base Lr: 5.62e-04 | id_global: 5.043 id_part: 6.006 tri_global: 0.499 tri_part: 0.671 lgpa_assign: 7.749
2026-07-12 23:06:32 transreid.train INFO: Epoch[14] Iter[80/227] Loss: 9.939, Acc: 0.170, Base Lr: 5.62e-04 | id_global: 5.013 id_part: 5.992 tri_global: 0.475 tri_part: 0.669 lgpa_assign: 7.728
2026-07-12 23:06:35 transreid.train INFO: Epoch[14] Iter[100/227] Loss: 9.897, Acc: 0.182, Base Lr: 5.62e-04 | id_global: 4.961 id_part: 5.969 tri_global: 0.478 tri_part: 0.669 lgpa_assign: 7.716
2026-07-12 23:06:38 transreid.train INFO: Epoch[14] Iter[120/227] Loss: 9.858, Acc: 0.190, Base Lr: 5.62e-04 | id_global: 4.921 id_part: 5.950 tri_global: 0.463 tri_part: 0.667 lgpa_assign: 7.715
2026-07-12 23:06:42 transreid.train INFO: Epoch[14] Iter[140/227] Loss: 9.812, Acc: 0.204, Base Lr: 5.62e-04 | id_global: 4.874 id_part: 5.927 tri_global: 0.452 tri_part: 0.667 lgpa_assign: 7.704
2026-07-12 23:06:45 transreid.train INFO: Epoch[14] Iter[160/227] Loss: 9.775, Acc: 0.217, Base Lr: 5.62e-04 | id_global: 4.832 id_part: 5.910 tri_global: 0.447 tri_part: 0.666 lgpa_assign: 7.696
2026-07-12 23:06:49 transreid.train INFO: Epoch[14] Iter[180/227] Loss: 9.721, Acc: 0.234, Base Lr: 5.62e-04 | id_global: 4.766 id_part: 5.881 tri_global: 0.446 tri_part: 0.665 lgpa_assign: 7.684
2026-07-12 23:06:52 transreid.train INFO: Epoch[14] Iter[200/227] Loss: 9.635, Acc: 0.264, Base Lr: 5.62e-04 | id_global: 4.660 id_part: 5.831 tri_global: 0.441 tri_part: 0.664 lgpa_assign: 7.675
2026-07-12 23:06:54 transreid.train INFO: Epoch 14 done. Time per epoch: 36.901[s] Speed: 366.0[samples/s] ETA: 1h5m
2026-07-12 23:06:58 transreid.train INFO: Epoch[15] Iter[20/227] Loss: 9.739, Acc: 0.180, Base Lr: 6.02e-04 | id_global: 4.828 id_part: 5.906 tri_global: 0.499 tri_part: 0.669 lgpa_assign: 7.575
2026-07-12 23:07:02 transreid.train INFO: Epoch[15] Iter[40/227] Loss: 9.736, Acc: 0.185, Base Lr: 6.02e-04 | id_global: 4.813 id_part: 5.907 tri_global: 0.484 tri_part: 0.666 lgpa_assign: 7.603
2026-07-12 23:07:05 transreid.train INFO: Epoch[15] Iter[60/227] Loss: 9.682, Acc: 0.198, Base Lr: 6.02e-04 | id_global: 4.767 id_part: 5.894 tri_global: 0.451 tri_part: 0.663 lgpa_assign: 7.590
2026-07-12 23:07:08 transreid.train INFO: Epoch[15] Iter[80/227] Loss: 9.650, Acc: 0.209, Base Lr: 6.02e-04 | id_global: 4.731 id_part: 5.872 tri_global: 0.451 tri_part: 0.663 lgpa_assign: 7.583
2026-07-12 23:07:12 transreid.train INFO: Epoch[15] Iter[100/227] Loss: 9.622, Acc: 0.208, Base Lr: 6.02e-04 | id_global: 4.706 id_part: 5.864 tri_global: 0.440 tri_part: 0.662 lgpa_assign: 7.572
2026-07-12 23:07:15 transreid.train INFO: Epoch[15] Iter[120/227] Loss: 9.600, Acc: 0.210, Base Lr: 6.02e-04 | id_global: 4.680 id_part: 5.852 tri_global: 0.439 tri_part: 0.661 lgpa_assign: 7.567
2026-07-12 23:07:19 transreid.train INFO: Epoch[15] Iter[140/227] Loss: 9.564, Acc: 0.222, Base Lr: 6.02e-04 | id_global: 4.644 id_part: 5.838 tri_global: 0.431 tri_part: 0.661 lgpa_assign: 7.555
2026-07-12 23:07:22 transreid.train INFO: Epoch[15] Iter[160/227] Loss: 9.518, Acc: 0.239, Base Lr: 6.02e-04 | id_global: 4.586 id_part: 5.810 tri_global: 0.432 tri_part: 0.660 lgpa_assign: 7.547
2026-07-12 23:07:25 transreid.train INFO: Epoch[15] Iter[180/227] Loss: 9.452, Acc: 0.262, Base Lr: 6.02e-04 | id_global: 4.508 id_part: 5.772 tri_global: 0.432 tri_part: 0.659 lgpa_assign: 7.533
2026-07-12 23:07:29 transreid.train INFO: Epoch[15] Iter[200/227] Loss: 9.356, Acc: 0.295, Base Lr: 6.02e-04 | id_global: 4.392 id_part: 5.715 tri_global: 0.426 tri_part: 0.658 lgpa_assign: 7.522
2026-07-12 23:07:31 transreid.train INFO: Epoch 15 done. Time per epoch: 37.024[s] Speed: 366.5[samples/s] ETA: 1h4m
2026-07-12 23:07:35 transreid.train INFO: Epoch[16] Iter[20/227] Loss: 9.429, Acc: 0.211, Base Lr: 6.42e-04 | id_global: 4.577 id_part: 5.838 tri_global: 0.361 tri_part: 0.651 lgpa_assign: 7.430
2026-07-12 23:07:39 transreid.train INFO: Epoch[16] Iter[40/227] Loss: 9.385, Acc: 0.232, Base Lr: 6.42e-04 | id_global: 4.516 id_part: 5.784 tri_global: 0.395 tri_part: 0.653 lgpa_assign: 7.423
2026-07-12 23:07:42 transreid.train INFO: Epoch[16] Iter[60/227] Loss: 9.386, Acc: 0.234, Base Lr: 6.42e-04 | id_global: 4.507 id_part: 5.796 tri_global: 0.394 tri_part: 0.653 lgpa_assign: 7.423
2026-07-12 23:07:46 transreid.train INFO: Epoch[16] Iter[80/227] Loss: 9.372, Acc: 0.242, Base Lr: 6.42e-04 | id_global: 4.491 id_part: 5.788 tri_global: 0.401 tri_part: 0.653 lgpa_assign: 7.412
2026-07-12 23:07:49 transreid.train INFO: Epoch[16] Iter[100/227] Loss: 9.343, Acc: 0.247, Base Lr: 6.42e-04 | id_global: 4.470 id_part: 5.777 tri_global: 0.393 tri_part: 0.651 lgpa_assign: 7.396
2026-07-12 23:07:52 transreid.train INFO: Epoch[16] Iter[120/227] Loss: 9.311, Acc: 0.258, Base Lr: 6.42e-04 | id_global: 4.428 id_part: 5.757 tri_global: 0.392 tri_part: 0.650 lgpa_assign: 7.394
2026-07-12 23:07:56 transreid.train INFO: Epoch[16] Iter[140/227] Loss: 9.263, Acc: 0.273, Base Lr: 6.42e-04 | id_global: 4.375 id_part: 5.729 tri_global: 0.384 tri_part: 0.649 lgpa_assign: 7.388
2026-07-12 23:07:59 transreid.train INFO: Epoch[16] Iter[160/227] Loss: 9.214, Acc: 0.289, Base Lr: 6.42e-04 | id_global: 4.320 id_part: 5.702 tri_global: 0.375 tri_part: 0.647 lgpa_assign: 7.383
2026-07-12 23:08:02 transreid.train INFO: Epoch[16] Iter[180/227] Loss: 9.162, Acc: 0.310, Base Lr: 6.42e-04 | id_global: 4.249 id_part: 5.669 tri_global: 0.385 tri_part: 0.647 lgpa_assign: 7.375
2026-07-12 23:08:06 transreid.train INFO: Epoch[16] Iter[200/227] Loss: 9.065, Acc: 0.342, Base Lr: 6.42e-04 | id_global: 4.129 id_part: 5.606 tri_global: 0.384 tri_part: 0.646 lgpa_assign: 7.365
2026-07-12 23:08:08 transreid.train INFO: Epoch 16 done. Time per epoch: 37.035[s] Speed: 366.4[samples/s] ETA: 1h4m
2026-07-12 23:08:12 transreid.train INFO: Epoch[17] Iter[20/227] Loss: 9.015, Acc: 0.288, Base Lr: 6.81e-04 | id_global: 4.158 id_part: 5.628 tri_global: 0.334 tri_part: 0.641 lgpa_assign: 7.267
2026-07-12 23:08:16 transreid.train INFO: Epoch[17] Iter[40/227] Loss: 9.066, Acc: 0.279, Base Lr: 6.81e-04 | id_global: 4.197 id_part: 5.652 tri_global: 0.357 tri_part: 0.643 lgpa_assign: 7.283
2026-07-12 23:08:19 transreid.train INFO: Epoch[17] Iter[60/227] Loss: 9.087, Acc: 0.280, Base Lr: 6.81e-04 | id_global: 4.212 id_part: 5.671 tri_global: 0.375 tri_part: 0.644 lgpa_assign: 7.272
2026-07-12 23:08:23 transreid.train INFO: Epoch[17] Iter[80/227] Loss: 9.068, Acc: 0.284, Base Lr: 6.81e-04 | id_global: 4.204 id_part: 5.665 tri_global: 0.368 tri_part: 0.643 lgpa_assign: 7.257
2026-07-12 23:08:26 transreid.train INFO: Epoch[17] Iter[100/227] Loss: 9.018, Acc: 0.297, Base Lr: 6.81e-04 | id_global: 4.154 id_part: 5.633 tri_global: 0.369 tri_part: 0.641 lgpa_assign: 7.237
2026-07-12 23:08:29 transreid.train INFO: Epoch[17] Iter[120/227] Loss: 8.988, Acc: 0.309, Base Lr: 6.81e-04 | id_global: 4.124 id_part: 5.621 tri_global: 0.363 tri_part: 0.640 lgpa_assign: 7.230
2026-07-12 23:08:33 transreid.train INFO: Epoch[17] Iter[140/227] Loss: 8.936, Acc: 0.327, Base Lr: 6.81e-04 | id_global: 4.065 id_part: 5.598 tri_global: 0.353 tri_part: 0.639 lgpa_assign: 7.217
2026-07-12 23:08:36 transreid.train INFO: Epoch[17] Iter[160/227] Loss: 8.900, Acc: 0.342, Base Lr: 6.81e-04 | id_global: 4.026 id_part: 5.583 tri_global: 0.356 tri_part: 0.638 lgpa_assign: 7.197
2026-07-12 23:08:40 transreid.train INFO: Epoch[17] Iter[180/227] Loss: 8.833, Acc: 0.366, Base Lr: 6.81e-04 | id_global: 3.947 id_part: 5.544 tri_global: 0.353 tri_part: 0.637 lgpa_assign: 7.184
2026-07-12 23:08:43 transreid.train INFO: Epoch[17] Iter[200/227] Loss: 8.745, Acc: 0.395, Base Lr: 6.81e-04 | id_global: 3.841 id_part: 5.485 tri_global: 0.356 tri_part: 0.637 lgpa_assign: 7.171
2026-07-12 23:08:45 transreid.train INFO: Epoch 17 done. Time per epoch: 37.231[s] Speed: 366.1[samples/s] ETA: 1h3m
2026-07-12 23:08:50 transreid.train INFO: Epoch[18] Iter[20/227] Loss: 8.903, Acc: 0.287, Base Lr: 7.21e-04 | id_global: 4.121 id_part: 5.661 tri_global: 0.371 tri_part: 0.641 lgpa_assign: 7.011
2026-07-12 23:08:53 transreid.train INFO: Epoch[18] Iter[40/227] Loss: 8.895, Acc: 0.279, Base Lr: 7.21e-04 | id_global: 4.137 id_part: 5.665 tri_global: 0.336 tri_part: 0.639 lgpa_assign: 7.012
2026-07-12 23:08:56 transreid.train INFO: Epoch[18] Iter[60/227] Loss: 8.815, Acc: 0.309, Base Lr: 7.21e-04 | id_global: 4.046 id_part: 5.629 tri_global: 0.320 tri_part: 0.637 lgpa_assign: 6.999
2026-07-12 23:09:00 transreid.train INFO: Epoch[18] Iter[80/227] Loss: 8.794, Acc: 0.323, Base Lr: 7.21e-04 | id_global: 4.020 id_part: 5.628 tri_global: 0.322 tri_part: 0.636 lgpa_assign: 6.982
2026-07-12 23:09:03 transreid.train INFO: Epoch[18] Iter[100/227] Loss: 8.726, Acc: 0.345, Base Lr: 7.21e-04 | id_global: 3.952 id_part: 5.589 tri_global: 0.314 tri_part: 0.634 lgpa_assign: 6.965
2026-07-12 23:09:07 transreid.train INFO: Epoch[18] Iter[120/227] Loss: 8.660, Acc: 0.363, Base Lr: 7.21e-04 | id_global: 3.887 id_part: 5.555 tri_global: 0.304 tri_part: 0.632 lgpa_assign: 6.942
2026-07-12 23:09:10 transreid.train INFO: Epoch[18] Iter[140/227] Loss: 8.588, Acc: 0.389, Base Lr: 7.21e-04 | id_global: 3.811 id_part: 5.514 tri_global: 0.295 tri_part: 0.630 lgpa_assign: 6.926
2026-07-12 23:09:13 transreid.train INFO: Epoch[18] Iter[160/227] Loss: 8.530, Acc: 0.406, Base Lr: 7.21e-04 | id_global: 3.744 id_part: 5.480 tri_global: 0.296 tri_part: 0.630 lgpa_assign: 6.910
2026-07-12 23:09:17 transreid.train INFO: Epoch[18] Iter[180/227] Loss: 8.470, Acc: 0.428, Base Lr: 7.21e-04 | id_global: 3.671 id_part: 5.440 tri_global: 0.300 tri_part: 0.630 lgpa_assign: 6.899
2026-07-12 23:09:20 transreid.train INFO: Epoch[18] Iter[200/227] Loss: 8.370, Acc: 0.456, Base Lr: 7.21e-04 | id_global: 3.559 id_part: 5.369 tri_global: 0.300 tri_part: 0.629 lgpa_assign: 6.881
2026-07-12 23:09:22 transreid.train INFO: Epoch 18 done. Time per epoch: 36.722[s] Speed: 367.7[samples/s] ETA: 1h2m
2026-07-12 23:09:26 transreid.train INFO: Epoch[19] Iter[20/227] Loss: 8.601, Acc: 0.325, Base Lr: 7.60e-04 | id_global: 3.893 id_part: 5.549 tri_global: 0.386 tri_part: 0.640 lgpa_assign: 6.734
2026-07-12 23:09:30 transreid.train INFO: Epoch[19] Iter[40/227] Loss: 8.524, Acc: 0.359, Base Lr: 7.60e-04 | id_global: 3.835 id_part: 5.531 tri_global: 0.345 tri_part: 0.637 lgpa_assign: 6.702
2026-07-12 23:09:33 transreid.train INFO: Epoch[19] Iter[60/227] Loss: 8.499, Acc: 0.358, Base Lr: 7.60e-04 | id_global: 3.813 id_part: 5.528 tri_global: 0.345 tri_part: 0.637 lgpa_assign: 6.675
2026-07-12 23:09:36 transreid.train INFO: Epoch[19] Iter[80/227] Loss: 8.456, Acc: 0.371, Base Lr: 7.60e-04 | id_global: 3.772 id_part: 5.513 tri_global: 0.338 tri_part: 0.636 lgpa_assign: 6.652
2026-07-12 23:09:40 transreid.train INFO: Epoch[19] Iter[100/227] Loss: 8.402, Acc: 0.394, Base Lr: 7.60e-04 | id_global: 3.709 id_part: 5.488 tri_global: 0.337 tri_part: 0.636 lgpa_assign: 6.635
2026-07-12 23:09:43 transreid.train INFO: Epoch[19] Iter[120/227] Loss: 8.335, Acc: 0.418, Base Lr: 7.60e-04 | id_global: 3.638 id_part: 5.455 tri_global: 0.333 tri_part: 0.635 lgpa_assign: 6.609
2026-07-12 23:09:47 transreid.train INFO: Epoch[19] Iter[140/227] Loss: 8.260, Acc: 0.439, Base Lr: 7.60e-04 | id_global: 3.567 id_part: 5.420 tri_global: 0.317 tri_part: 0.634 lgpa_assign: 6.582
2026-07-12 23:09:50 transreid.train INFO: Epoch[19] Iter[160/227] Loss: 8.196, Acc: 0.454, Base Lr: 7.60e-04 | id_global: 3.505 id_part: 5.390 tri_global: 0.310 tri_part: 0.632 lgpa_assign: 6.556
2026-07-12 23:09:53 transreid.train INFO: Epoch[19] Iter[180/227] Loss: 8.125, Acc: 0.481, Base Lr: 7.60e-04 | id_global: 3.419 id_part: 5.347 tri_global: 0.314 tri_part: 0.632 lgpa_assign: 6.538
2026-07-12 23:09:57 transreid.train INFO: Epoch[19] Iter[200/227] Loss: 8.009, Acc: 0.513, Base Lr: 7.60e-04 | id_global: 3.294 id_part: 5.263 tri_global: 0.312 tri_part: 0.631 lgpa_assign: 6.519
2026-07-12 23:09:59 transreid.train INFO: Epoch 19 done. Time per epoch: 36.839[s] Speed: 368.3[samples/s] ETA: 1h2m
2026-07-12 23:10:03 transreid.train INFO: Epoch[20] Iter[20/227] Loss: 8.189, Acc: 0.408, Base Lr: 7.47e-04 | id_global: 3.599 id_part: 5.474 tri_global: 0.312 tri_part: 0.637 lgpa_assign: 6.356
2026-07-12 23:10:07 transreid.train INFO: Epoch[20] Iter[40/227] Loss: 8.079, Acc: 0.417, Base Lr: 7.47e-04 | id_global: 3.527 id_part: 5.434 tri_global: 0.274 tri_part: 0.633 lgpa_assign: 6.292
2026-07-12 23:10:10 transreid.train INFO: Epoch[20] Iter[60/227] Loss: 8.043, Acc: 0.423, Base Lr: 7.47e-04 | id_global: 3.499 id_part: 5.413 tri_global: 0.274 tri_part: 0.631 lgpa_assign: 6.269
2026-07-12 23:10:13 transreid.train INFO: Epoch[20] Iter[80/227] Loss: 8.001, Acc: 0.446, Base Lr: 7.47e-04 | id_global: 3.441 id_part: 5.388 tri_global: 0.286 tri_part: 0.633 lgpa_assign: 6.254
2026-07-12 23:10:17 transreid.train INFO: Epoch[20] Iter[100/227] Loss: 7.966, Acc: 0.459, Base Lr: 7.47e-04 | id_global: 3.411 id_part: 5.384 tri_global: 0.277 tri_part: 0.632 lgpa_assign: 6.228
2026-07-12 23:10:20 transreid.train INFO: Epoch[20] Iter[120/227] Loss: 7.900, Acc: 0.487, Base Lr: 7.47e-04 | id_global: 3.334 id_part: 5.349 tri_global: 0.282 tri_part: 0.632 lgpa_assign: 6.204
2026-07-12 23:10:23 transreid.train INFO: Epoch[20] Iter[140/227] Loss: 7.849, Acc: 0.502, Base Lr: 7.47e-04 | id_global: 3.283 id_part: 5.324 tri_global: 0.275 tri_part: 0.631 lgpa_assign: 6.184
2026-07-12 23:10:27 transreid.train INFO: Epoch[20] Iter[160/227] Loss: 7.799, Acc: 0.519, Base Lr: 7.47e-04 | id_global: 3.224 id_part: 5.293 tri_global: 0.279 tri_part: 0.632 lgpa_assign: 6.170
2026-07-12 23:10:30 transreid.train INFO: Epoch[20] Iter[180/227] Loss: 7.720, Acc: 0.540, Base Lr: 7.47e-04 | id_global: 3.141 id_part: 5.240 tri_global: 0.280 tri_part: 0.632 lgpa_assign: 6.148
2026-07-12 23:10:34 transreid.train INFO: Epoch[20] Iter[200/227] Loss: 7.622, Acc: 0.566, Base Lr: 7.47e-04 | id_global: 3.035 id_part: 5.161 tri_global: 0.284 tri_part: 0.631 lgpa_assign: 6.133
2026-07-12 23:10:35 transreid.train INFO: Epoch 20 done. Time per epoch: 36.844[s] Speed: 366.5[samples/s] ETA: 1h1m
The test feature is normalized
=> Computing DistMat with euclidean_distance
2026-07-12 23:11:06 transreid.train INFO: Validation Results - Epoch: 20
2026-07-12 23:11:06 transreid.train INFO: mAP: 44.0%
2026-07-12 23:11:06 transreid.train INFO: CMC curve, Rank-1  :55.0%
2026-07-12 23:11:06 transreid.train INFO: CMC curve, Rank-5  :70.6%
2026-07-12 23:11:06 transreid.train INFO: CMC curve, Rank-10 :76.7%
2026-07-12 23:11:10 transreid.train INFO: Epoch[21] Iter[20/227] Loss: 7.776, Acc: 0.504, Base Lr: 7.41e-04 | id_global: 3.251 id_part: 5.371 tri_global: 0.293 tri_part: 0.638 lgpa_assign: 5.999
2026-07-12 23:11:14 transreid.train INFO: Epoch[21] Iter[40/227] Loss: 7.746, Acc: 0.481, Base Lr: 7.41e-04 | id_global: 3.293 id_part: 5.360 tri_global: 0.268 tri_part: 0.636 lgpa_assign: 5.936
2026-07-12 23:11:17 transreid.train INFO: Epoch[21] Iter[60/227] Loss: 7.705, Acc: 0.501, Base Lr: 7.41e-04 | id_global: 3.247 id_part: 5.337 tri_global: 0.269 tri_part: 0.636 lgpa_assign: 5.920
2026-07-12 23:11:20 transreid.train INFO: Epoch[21] Iter[80/227] Loss: 7.666, Acc: 0.513, Base Lr: 7.41e-04 | id_global: 3.199 id_part: 5.323 tri_global: 0.283 tri_part: 0.637 lgpa_assign: 5.890
2026-07-12 23:11:24 transreid.train INFO: Epoch[21] Iter[100/227] Loss: 7.616, Acc: 0.528, Base Lr: 7.41e-04 | id_global: 3.147 id_part: 5.301 tri_global: 0.279 tri_part: 0.637 lgpa_assign: 5.868
2026-07-12 23:11:27 transreid.train INFO: Epoch[21] Iter[120/227] Loss: 7.575, Acc: 0.541, Base Lr: 7.41e-04 | id_global: 3.106 id_part: 5.281 tri_global: 0.274 tri_part: 0.635 lgpa_assign: 5.855
2026-07-12 23:11:31 transreid.train INFO: Epoch[21] Iter[140/227] Loss: 7.514, Acc: 0.560, Base Lr: 7.41e-04 | id_global: 3.040 id_part: 5.249 tri_global: 0.267 tri_part: 0.635 lgpa_assign: 5.836
2026-07-12 23:11:34 transreid.train INFO: Epoch[21] Iter[160/227] Loss: 7.451, Acc: 0.574, Base Lr: 7.41e-04 | id_global: 2.981 id_part: 5.219 tri_global: 0.264 tri_part: 0.634 lgpa_assign: 5.806
2026-07-12 23:11:37 transreid.train INFO: Epoch[21] Iter[180/227] Loss: 7.366, Acc: 0.596, Base Lr: 7.41e-04 | id_global: 2.896 id_part: 5.162 tri_global: 0.259 tri_part: 0.633 lgpa_assign: 5.783
2026-07-12 23:11:41 transreid.train INFO: Epoch[21] Iter[200/227] Loss: 7.254, Acc: 0.622, Base Lr: 7.41e-04 | id_global: 2.780 id_part: 5.064 tri_global: 0.260 tri_part: 0.632 lgpa_assign: 5.771
2026-07-12 23:11:43 transreid.train INFO: Epoch 21 done. Time per epoch: 36.977[s] Speed: 366.9[samples/s] ETA: 1h1m
2026-07-12 23:11:47 transreid.train INFO: Epoch[22] Iter[20/227] Loss: 7.315, Acc: 0.540, Base Lr: 7.36e-04 | id_global: 2.970 id_part: 5.268 tri_global: 0.226 tri_part: 0.637 lgpa_assign: 5.530
2026-07-12 23:11:51 transreid.train INFO: Epoch[22] Iter[40/227] Loss: 7.325, Acc: 0.537, Base Lr: 7.36e-04 | id_global: 2.997 id_part: 5.261 tri_global: 0.234 tri_part: 0.637 lgpa_assign: 5.521
2026-07-12 23:11:54 transreid.train INFO: Epoch[22] Iter[60/227] Loss: 7.317, Acc: 0.543, Base Lr: 7.36e-04 | id_global: 2.988 id_part: 5.257 tri_global: 0.214 tri_part: 0.634 lgpa_assign: 5.542
2026-07-12 23:11:57 transreid.train INFO: Epoch[22] Iter[80/227] Loss: 7.317, Acc: 0.550, Base Lr: 7.36e-04 | id_global: 2.984 id_part: 5.261 tri_global: 0.221 tri_part: 0.633 lgpa_assign: 5.535
2026-07-12 23:12:01 transreid.train INFO: Epoch[22] Iter[100/227] Loss: 7.248, Acc: 0.577, Base Lr: 7.36e-04 | id_global: 2.905 id_part: 5.225 tri_global: 0.216 tri_part: 0.633 lgpa_assign: 5.516
2026-07-12 23:12:04 transreid.train INFO: Epoch[22] Iter[120/227] Loss: 7.205, Acc: 0.591, Base Lr: 7.36e-04 | id_global: 2.863 id_part: 5.204 tri_global: 0.216 tri_part: 0.633 lgpa_assign: 5.494
2026-07-12 23:12:08 transreid.train INFO: Epoch[22] Iter[140/227] Loss: 7.145, Acc: 0.606, Base Lr: 7.36e-04 | id_global: 2.807 id_part: 5.169 tri_global: 0.212 tri_part: 0.632 lgpa_assign: 5.470
2026-07-12 23:12:11 transreid.train INFO: Epoch[22] Iter[160/227] Loss: 7.080, Acc: 0.628, Base Lr: 7.36e-04 | id_global: 2.737 id_part: 5.128 tri_global: 0.210 tri_part: 0.632 lgpa_assign: 5.453
2026-07-12 23:12:14 transreid.train INFO: Epoch[22] Iter[180/227] Loss: 6.995, Acc: 0.652, Base Lr: 7.36e-04 | id_global: 2.650 id_part: 5.066 tri_global: 0.207 tri_part: 0.631 lgpa_assign: 5.437
2026-07-12 23:12:18 transreid.train INFO: Epoch[22] Iter[200/227] Loss: 6.891, Acc: 0.677, Base Lr: 7.36e-04 | id_global: 2.544 id_part: 4.973 tri_global: 0.207 tri_part: 0.630 lgpa_assign: 5.428
2026-07-12 23:12:20 transreid.train INFO: Epoch 22 done. Time per epoch: 36.972[s] Speed: 367.0[samples/s] ETA: 1h0m
2026-07-12 23:12:24 transreid.train INFO: Epoch[23] Iter[20/227] Loss: 7.133, Acc: 0.590, Base Lr: 7.30e-04 | id_global: 2.820 id_part: 5.248 tri_global: 0.212 tri_part: 0.636 lgpa_assign: 5.349
2026-07-12 23:12:28 transreid.train INFO: Epoch[23] Iter[40/227] Loss: 7.089, Acc: 0.595, Base Lr: 7.30e-04 | id_global: 2.799 id_part: 5.196 tri_global: 0.233 tri_part: 0.635 lgpa_assign: 5.315
2026-07-12 23:12:31 transreid.train INFO: Epoch[23] Iter[60/227] Loss: 7.039, Acc: 0.599, Base Lr: 7.30e-04 | id_global: 2.761 id_part: 5.154 tri_global: 0.222 tri_part: 0.633 lgpa_assign: 5.308
2026-07-12 23:12:34 transreid.train INFO: Epoch[23] Iter[80/227] Loss: 6.986, Acc: 0.611, Base Lr: 7.30e-04 | id_global: 2.717 id_part: 5.128 tri_global: 0.217 tri_part: 0.631 lgpa_assign: 5.279
2026-07-12 23:12:38 transreid.train INFO: Epoch[23] Iter[100/227] Loss: 6.937, Acc: 0.631, Base Lr: 7.30e-04 | id_global: 2.666 id_part: 5.106 tri_global: 0.214 tri_part: 0.632 lgpa_assign: 5.257
2026-07-12 23:12:41 transreid.train INFO: Epoch[23] Iter[120/227] Loss: 6.893, Acc: 0.648, Base Lr: 7.30e-04 | id_global: 2.619 id_part: 5.079 tri_global: 0.218 tri_part: 0.632 lgpa_assign: 5.238
2026-07-12 23:12:44 transreid.train INFO: Epoch[23] Iter[140/227] Loss: 6.856, Acc: 0.658, Base Lr: 7.30e-04 | id_global: 2.576 id_part: 5.054 tri_global: 0.223 tri_part: 0.633 lgpa_assign: 5.225
2026-07-12 23:12:48 transreid.train INFO: Epoch[23] Iter[160/227] Loss: 6.790, Acc: 0.674, Base Lr: 7.30e-04 | id_global: 2.510 id_part: 5.012 tri_global: 0.222 tri_part: 0.632 lgpa_assign: 5.203
2026-07-12 23:12:51 transreid.train INFO: Epoch[23] Iter[180/227] Loss: 6.721, Acc: 0.693, Base Lr: 7.30e-04 | id_global: 2.436 id_part: 4.964 tri_global: 0.228 tri_part: 0.632 lgpa_assign: 5.182
2026-07-12 23:12:55 transreid.train INFO: Epoch[23] Iter[200/227] Loss: 6.635, Acc: 0.711, Base Lr: 7.30e-04 | id_global: 2.349 id_part: 4.885 tri_global: 0.226 tri_part: 0.632 lgpa_assign: 5.179
2026-07-12 23:12:56 transreid.train INFO: Epoch 23 done. Time per epoch: 36.782[s] Speed: 367.1[samples/s] ETA: 0h59m
2026-07-12 23:13:01 transreid.train INFO: Epoch[24] Iter[20/227] Loss: 6.914, Acc: 0.603, Base Lr: 7.24e-04 | id_global: 2.702 id_part: 5.159 tri_global: 0.218 tri_part: 0.638 lgpa_assign: 5.110
2026-07-12 23:13:04 transreid.train INFO: Epoch[24] Iter[40/227] Loss: 6.832, Acc: 0.627, Base Lr: 7.24e-04 | id_global: 2.630 id_part: 5.116 tri_global: 0.207 tri_part: 0.637 lgpa_assign: 5.075
2026-07-12 23:13:08 transreid.train INFO: Epoch[24] Iter[60/227] Loss: 6.763, Acc: 0.646, Base Lr: 7.24e-04 | id_global: 2.569 id_part: 5.099 tri_global: 0.194 tri_part: 0.633 lgpa_assign: 5.030
2026-07-12 23:13:11 transreid.train INFO: Epoch[24] Iter[80/227] Loss: 6.710, Acc: 0.660, Base Lr: 7.24e-04 | id_global: 2.517 id_part: 5.072 tri_global: 0.190 tri_part: 0.632 lgpa_assign: 5.007
2026-07-12 23:13:15 transreid.train INFO: Epoch[24] Iter[100/227] Loss: 6.664, Acc: 0.670, Base Lr: 7.24e-04 | id_global: 2.467 id_part: 5.042 tri_global: 0.187 tri_part: 0.633 lgpa_assign: 5.000
2026-07-12 23:13:18 transreid.train INFO: Epoch[24] Iter[120/227] Loss: 6.612, Acc: 0.682, Base Lr: 7.24e-04 | id_global: 2.413 id_part: 5.014 tri_global: 0.177 tri_part: 0.632 lgpa_assign: 4.987
2026-07-12 23:13:21 transreid.train INFO: Epoch[24] Iter[140/227] Loss: 6.586, Acc: 0.691, Base Lr: 7.24e-04 | id_global: 2.378 id_part: 4.997 tri_global: 0.185 tri_part: 0.633 lgpa_assign: 4.980
2026-07-12 23:13:25 transreid.train INFO: Epoch[24] Iter[160/227] Loss: 6.529, Acc: 0.705, Base Lr: 7.24e-04 | id_global: 2.322 id_part: 4.952 tri_global: 0.180 tri_part: 0.632 lgpa_assign: 4.972
2026-07-12 23:13:28 transreid.train INFO: Epoch[24] Iter[180/227] Loss: 6.463, Acc: 0.725, Base Lr: 7.24e-04 | id_global: 2.249 id_part: 4.897 tri_global: 0.182 tri_part: 0.631 lgpa_assign: 4.967
2026-07-12 23:13:31 transreid.train INFO: Epoch[24] Iter[200/227] Loss: 6.360, Acc: 0.744, Base Lr: 7.24e-04 | id_global: 2.152 id_part: 4.795 tri_global: 0.183 tri_part: 0.630 lgpa_assign: 4.960
2026-07-12 23:13:33 transreid.train INFO: Epoch 24 done. Time per epoch: 36.761[s] Speed: 365.6[samples/s] ETA: 0h58m
2026-07-12 23:13:38 transreid.train INFO: Epoch[25] Iter[20/227] Loss: 6.603, Acc: 0.641, Base Lr: 7.18e-04 | id_global: 2.471 id_part: 5.035 tri_global: 0.195 tri_part: 0.633 lgpa_assign: 4.871
2026-07-12 23:13:41 transreid.train INFO: Epoch[25] Iter[40/227] Loss: 6.539, Acc: 0.663, Base Lr: 7.18e-04 | id_global: 2.398 id_part: 4.999 tri_global: 0.199 tri_part: 0.632 lgpa_assign: 4.849
2026-07-12 23:13:45 transreid.train INFO: Epoch[25] Iter[60/227] Loss: 6.518, Acc: 0.677, Base Lr: 7.18e-04 | id_global: 2.367 id_part: 4.987 tri_global: 0.191 tri_part: 0.633 lgpa_assign: 4.858
2026-07-12 23:13:48 transreid.train INFO: Epoch[25] Iter[80/227] Loss: 6.453, Acc: 0.689, Base Lr: 7.18e-04 | id_global: 2.311 id_part: 4.950 tri_global: 0.177 tri_part: 0.632 lgpa_assign: 4.836
2026-07-12 23:13:51 transreid.train INFO: Epoch[25] Iter[100/227] Loss: 6.424, Acc: 0.701, Base Lr: 7.18e-04 | id_global: 2.282 id_part: 4.937 tri_global: 0.178 tri_part: 0.631 lgpa_assign: 4.821
2026-07-12 23:13:55 transreid.train INFO: Epoch[25] Iter[120/227] Loss: 6.402, Acc: 0.711, Base Lr: 7.18e-04 | id_global: 2.255 id_part: 4.925 tri_global: 0.190 tri_part: 0.632 lgpa_assign: 4.803
2026-07-12 23:13:58 transreid.train INFO: Epoch[25] Iter[140/227] Loss: 6.337, Acc: 0.729, Base Lr: 7.18e-04 | id_global: 2.195 id_part: 4.892 tri_global: 0.186 tri_part: 0.631 lgpa_assign: 4.771
2026-07-12 23:14:01 transreid.train INFO: Epoch[25] Iter[160/227] Loss: 6.273, Acc: 0.744, Base Lr: 7.18e-04 | id_global: 2.133 id_part: 4.843 tri_global: 0.182 tri_part: 0.630 lgpa_assign: 4.758
2026-07-12 23:14:05 transreid.train INFO: Epoch[25] Iter[180/227] Loss: 6.230, Acc: 0.757, Base Lr: 7.18e-04 | id_global: 2.081 id_part: 4.807 tri_global: 0.182 tri_part: 0.630 lgpa_assign: 4.761
2026-07-12 23:14:08 transreid.train INFO: Epoch[25] Iter[200/227] Loss: 6.134, Acc: 0.774, Base Lr: 7.18e-04 | id_global: 1.991 id_part: 4.705 tri_global: 0.184 tri_part: 0.630 lgpa_assign: 4.758
2026-07-12 23:14:10 transreid.train INFO: Epoch 25 done. Time per epoch: 36.824[s] Speed: 366.7[samples/s] ETA: 0h58m
2026-07-12 23:14:15 transreid.train INFO: Epoch[26] Iter[20/227] Loss: 6.318, Acc: 0.705, Base Lr: 7.11e-04 | id_global: 2.216 id_part: 4.919 tri_global: 0.165 tri_part: 0.626 lgpa_assign: 4.710
2026-07-12 23:14:18 transreid.train INFO: Epoch[26] Iter[40/227] Loss: 6.360, Acc: 0.695, Base Lr: 7.11e-04 | id_global: 2.264 id_part: 4.977 tri_global: 0.183 tri_part: 0.634 lgpa_assign: 4.662
2026-07-12 23:14:21 transreid.train INFO: Epoch[26] Iter[60/227] Loss: 6.308, Acc: 0.709, Base Lr: 7.11e-04 | id_global: 2.221 id_part: 4.957 tri_global: 0.178 tri_part: 0.632 lgpa_assign: 4.628
2026-07-12 23:14:25 transreid.train INFO: Epoch[26] Iter[80/227] Loss: 6.263, Acc: 0.731, Base Lr: 7.11e-04 | id_global: 2.147 id_part: 4.914 tri_global: 0.187 tri_part: 0.632 lgpa_assign: 4.645
2026-07-12 23:14:28 transreid.train INFO: Epoch[26] Iter[100/227] Loss: 6.243, Acc: 0.733, Base Lr: 7.11e-04 | id_global: 2.126 id_part: 4.899 tri_global: 0.188 tri_part: 0.631 lgpa_assign: 4.640
2026-07-12 23:14:31 transreid.train INFO: Epoch[26] Iter[120/227] Loss: 6.193, Acc: 0.745, Base Lr: 7.11e-04 | id_global: 2.076 id_part: 4.864 tri_global: 0.182 tri_part: 0.631 lgpa_assign: 4.634
2026-07-12 23:14:35 transreid.train INFO: Epoch[26] Iter[140/227] Loss: 6.145, Acc: 0.757, Base Lr: 7.11e-04 | id_global: 2.028 id_part: 4.831 tri_global: 0.184 tri_part: 0.630 lgpa_assign: 4.618
2026-07-12 23:14:38 transreid.train INFO: Epoch[26] Iter[160/227] Loss: 6.083, Acc: 0.770, Base Lr: 7.11e-04 | id_global: 1.968 id_part: 4.776 tri_global: 0.180 tri_part: 0.629 lgpa_assign: 4.614
2026-07-12 23:14:42 transreid.train INFO: Epoch[26] Iter[180/227] Loss: 6.029, Acc: 0.780, Base Lr: 7.11e-04 | id_global: 1.917 id_part: 4.732 tri_global: 0.175 tri_part: 0.629 lgpa_assign: 4.605
2026-07-12 23:14:45 transreid.train INFO: Epoch[26] Iter[200/227] Loss: 5.939, Acc: 0.794, Base Lr: 7.11e-04 | id_global: 1.840 id_part: 4.631 tri_global: 0.178 tri_part: 0.628 lgpa_assign: 4.601
2026-07-12 23:14:47 transreid.train INFO: Epoch 26 done. Time per epoch: 36.753[s] Speed: 367.4[samples/s] ETA: 0h57m
2026-07-12 23:14:51 transreid.train INFO: Epoch[27] Iter[20/227] Loss: 6.221, Acc: 0.691, Base Lr: 7.04e-04 | id_global: 2.164 id_part: 4.882 tri_global: 0.209 tri_part: 0.631 lgpa_assign: 4.554
2026-07-12 23:14:55 transreid.train INFO: Epoch[27] Iter[40/227] Loss: 6.186, Acc: 0.725, Base Lr: 7.04e-04 | id_global: 2.116 id_part: 4.904 tri_global: 0.183 tri_part: 0.630 lgpa_assign: 4.538
2026-07-12 23:14:58 transreid.train INFO: Epoch[27] Iter[60/227] Loss: 6.142, Acc: 0.735, Base Lr: 7.04e-04 | id_global: 2.073 id_part: 4.870 tri_global: 0.185 tri_part: 0.630 lgpa_assign: 4.526
2026-07-12 23:15:02 transreid.train INFO: Epoch[27] Iter[80/227] Loss: 6.086, Acc: 0.752, Base Lr: 7.04e-04 | id_global: 2.009 id_part: 4.830 tri_global: 0.178 tri_part: 0.629 lgpa_assign: 4.526
2026-07-12 23:15:05 transreid.train INFO: Epoch[27] Iter[100/227] Loss: 6.027, Acc: 0.767, Base Lr: 7.04e-04 | id_global: 1.955 id_part: 4.786 tri_global: 0.172 tri_part: 0.627 lgpa_assign: 4.513
2026-07-12 23:15:08 transreid.train INFO: Epoch[27] Iter[120/227] Loss: 5.996, Acc: 0.773, Base Lr: 7.04e-04 | id_global: 1.924 id_part: 4.757 tri_global: 0.166 tri_part: 0.626 lgpa_assign: 4.518
2026-07-12 23:15:12 transreid.train INFO: Epoch[27] Iter[140/227] Loss: 5.942, Acc: 0.786, Base Lr: 7.04e-04 | id_global: 1.870 id_part: 4.719 tri_global: 0.166 tri_part: 0.626 lgpa_assign: 4.503
2026-07-12 23:15:15 transreid.train INFO: Epoch[27] Iter[160/227] Loss: 5.888, Acc: 0.798, Base Lr: 7.04e-04 | id_global: 1.817 id_part: 4.681 tri_global: 0.162 tri_part: 0.626 lgpa_assign: 4.490
2026-07-12 23:15:18 transreid.train INFO: Epoch[27] Iter[180/227] Loss: 5.825, Acc: 0.811, Base Lr: 7.04e-04 | id_global: 1.761 id_part: 4.622 tri_global: 0.161 tri_part: 0.625 lgpa_assign: 4.482
2026-07-12 23:15:22 transreid.train INFO: Epoch[27] Iter[200/227] Loss: 5.743, Acc: 0.824, Base Lr: 7.04e-04 | id_global: 1.687 id_part: 4.535 tri_global: 0.163 tri_part: 0.625 lgpa_assign: 4.475
2026-07-12 23:15:24 transreid.train INFO: Epoch 27 done. Time per epoch: 37.051[s] Speed: 366.2[samples/s] ETA: 0h57m
2026-07-12 23:15:28 transreid.train INFO: Epoch[28] Iter[20/227] Loss: 6.103, Acc: 0.710, Base Lr: 6.97e-04 | id_global: 2.084 id_part: 4.927 tri_global: 0.180 tri_part: 0.634 lgpa_assign: 4.380
2026-07-12 23:15:32 transreid.train INFO: Epoch[28] Iter[40/227] Loss: 5.978, Acc: 0.744, Base Lr: 6.97e-04 | id_global: 1.962 id_part: 4.831 tri_global: 0.183 tri_part: 0.631 lgpa_assign: 4.348
2026-07-12 23:15:35 transreid.train INFO: Epoch[28] Iter[60/227] Loss: 5.953, Acc: 0.766, Base Lr: 6.97e-04 | id_global: 1.916 id_part: 4.817 tri_global: 0.189 tri_part: 0.633 lgpa_assign: 4.351
2026-07-12 23:15:39 transreid.train INFO: Epoch[28] Iter[80/227] Loss: 5.915, Acc: 0.780, Base Lr: 6.97e-04 | id_global: 1.874 id_part: 4.801 tri_global: 0.174 tri_part: 0.630 lgpa_assign: 4.351
2026-07-12 23:15:42 transreid.train INFO: Epoch[28] Iter[100/227] Loss: 5.881, Acc: 0.792, Base Lr: 6.97e-04 | id_global: 1.834 id_part: 4.768 tri_global: 0.184 tri_part: 0.630 lgpa_assign: 4.344
2026-07-12 23:15:45 transreid.train INFO: Epoch[28] Iter[120/227] Loss: 5.848, Acc: 0.797, Base Lr: 6.97e-04 | id_global: 1.805 id_part: 4.740 tri_global: 0.178 tri_part: 0.629 lgpa_assign: 4.343
2026-07-12 23:15:49 transreid.train INFO: Epoch[28] Iter[140/227] Loss: 5.799, Acc: 0.806, Base Lr: 6.97e-04 | id_global: 1.756 id_part: 4.699 tri_global: 0.175 tri_part: 0.629 lgpa_assign: 4.338
2026-07-12 23:15:52 transreid.train INFO: Epoch[28] Iter[160/227] Loss: 5.745, Acc: 0.815, Base Lr: 6.97e-04 | id_global: 1.708 id_part: 4.648 tri_global: 0.168 tri_part: 0.628 lgpa_assign: 4.339
2026-07-12 23:15:55 transreid.train INFO: Epoch[28] Iter[180/227] Loss: 5.668, Acc: 0.828, Base Lr: 6.97e-04 | id_global: 1.639 id_part: 4.576 tri_global: 0.164 tri_part: 0.626 lgpa_assign: 4.331
2026-07-12 23:15:59 transreid.train INFO: Epoch[28] Iter[200/227] Loss: 5.578, Acc: 0.839, Base Lr: 6.97e-04 | id_global: 1.564 id_part: 4.466 tri_global: 0.161 tri_part: 0.625 lgpa_assign: 4.340
2026-07-12 23:16:01 transreid.train INFO: Epoch 28 done. Time per epoch: 36.820[s] Speed: 366.8[samples/s] ETA: 0h56m
2026-07-12 23:16:05 transreid.train INFO: Epoch[29] Iter[20/227] Loss: 5.834, Acc: 0.756, Base Lr: 6.90e-04 | id_global: 1.863 id_part: 4.782 tri_global: 0.120 tri_part: 0.627 lgpa_assign: 4.275
2026-07-12 23:16:09 transreid.train INFO: Epoch[29] Iter[40/227] Loss: 5.742, Acc: 0.782, Base Lr: 6.90e-04 | id_global: 1.768 id_part: 4.709 tri_global: 0.117 tri_part: 0.620 lgpa_assign: 4.271
2026-07-12 23:16:12 transreid.train INFO: Epoch[29] Iter[60/227] Loss: 5.727, Acc: 0.792, Base Lr: 6.90e-04 | id_global: 1.744 id_part: 4.698 tri_global: 0.117 tri_part: 0.621 lgpa_assign: 4.275
2026-07-12 23:16:15 transreid.train INFO: Epoch[29] Iter[80/227] Loss: 5.709, Acc: 0.798, Base Lr: 6.90e-04 | id_global: 1.724 id_part: 4.684 tri_global: 0.118 tri_part: 0.620 lgpa_assign: 4.272
2026-07-12 23:16:19 transreid.train INFO: Epoch[29] Iter[100/227] Loss: 5.692, Acc: 0.806, Base Lr: 6.90e-04 | id_global: 1.699 id_part: 4.682 tri_global: 0.118 tri_part: 0.620 lgpa_assign: 4.264
2026-07-12 23:16:22 transreid.train INFO: Epoch[29] Iter[120/227] Loss: 5.648, Acc: 0.814, Base Lr: 6.90e-04 | id_global: 1.657 id_part: 4.648 tri_global: 0.122 tri_part: 0.619 lgpa_assign: 4.250
2026-07-12 23:16:25 transreid.train INFO: Epoch[29] Iter[140/227] Loss: 5.595, Acc: 0.824, Base Lr: 6.90e-04 | id_global: 1.608 id_part: 4.602 tri_global: 0.120 tri_part: 0.618 lgpa_assign: 4.241
2026-07-12 23:16:29 transreid.train INFO: Epoch[29] Iter[160/227] Loss: 5.548, Acc: 0.834, Base Lr: 6.90e-04 | id_global: 1.563 id_part: 4.567 tri_global: 0.124 tri_part: 0.620 lgpa_assign: 4.223
2026-07-12 23:16:32 transreid.train INFO: Epoch[29] Iter[180/227] Loss: 5.482, Acc: 0.845, Base Lr: 6.90e-04 | id_global: 1.504 id_part: 4.494 tri_global: 0.124 tri_part: 0.619 lgpa_assign: 4.222
2026-07-12 23:16:35 transreid.train INFO: Epoch[29] Iter[200/227] Loss: 5.379, Acc: 0.857, Base Lr: 6.90e-04 | id_global: 1.430 id_part: 4.370 tri_global: 0.118 tri_part: 0.617 lgpa_assign: 4.222
2026-07-12 23:16:37 transreid.train INFO: Epoch 29 done. Time per epoch: 36.738[s] Speed: 367.6[samples/s] ETA: 0h55m
2026-07-12 23:16:42 transreid.train INFO: Epoch[30] Iter[20/227] Loss: 5.657, Acc: 0.778, Base Lr: 6.83e-04 | id_global: 1.712 id_part: 4.708 tri_global: 0.128 tri_part: 0.618 lgpa_assign: 4.147
2026-07-12 23:16:45 transreid.train INFO: Epoch[30] Iter[40/227] Loss: 5.684, Acc: 0.789, Base Lr: 6.83e-04 | id_global: 1.718 id_part: 4.728 tri_global: 0.128 tri_part: 0.620 lgpa_assign: 4.173
2026-07-12 23:16:49 transreid.train INFO: Epoch[30] Iter[60/227] Loss: 5.678, Acc: 0.800, Base Lr: 6.83e-04 | id_global: 1.694 id_part: 4.714 tri_global: 0.148 tri_part: 0.622 lgpa_assign: 4.178
2026-07-12 23:16:52 transreid.train INFO: Epoch[30] Iter[80/227] Loss: 5.622, Acc: 0.814, Base Lr: 6.83e-04 | id_global: 1.641 id_part: 4.667 tri_global: 0.154 tri_part: 0.622 lgpa_assign: 4.159
2026-07-12 23:16:56 transreid.train INFO: Epoch[30] Iter[100/227] Loss: 5.550, Acc: 0.828, Base Lr: 6.83e-04 | id_global: 1.583 id_part: 4.618 tri_global: 0.139 tri_part: 0.622 lgpa_assign: 4.139
2026-07-12 23:16:59 transreid.train INFO: Epoch[30] Iter[120/227] Loss: 5.502, Acc: 0.836, Base Lr: 6.83e-04 | id_global: 1.539 id_part: 4.568 tri_global: 0.140 tri_part: 0.621 lgpa_assign: 4.135
2026-07-12 23:17:02 transreid.train INFO: Epoch[30] Iter[140/227] Loss: 5.454, Acc: 0.843, Base Lr: 6.83e-04 | id_global: 1.497 id_part: 4.525 tri_global: 0.139 tri_part: 0.620 lgpa_assign: 4.126
2026-07-12 23:17:06 transreid.train INFO: Epoch[30] Iter[160/227] Loss: 5.398, Acc: 0.853, Base Lr: 6.83e-04 | id_global: 1.449 id_part: 4.471 tri_global: 0.133 tri_part: 0.620 lgpa_assign: 4.123
2026-07-12 23:17:09 transreid.train INFO: Epoch[30] Iter[180/227] Loss: 5.330, Acc: 0.863, Base Lr: 6.83e-04 | id_global: 1.393 id_part: 4.404 tri_global: 0.136 tri_part: 0.620 lgpa_assign: 4.108
2026-07-12 23:17:12 transreid.train INFO: Epoch[30] Iter[200/227] Loss: 5.247, Acc: 0.873, Base Lr: 6.83e-04 | id_global: 1.332 id_part: 4.298 tri_global: 0.135 tri_part: 0.619 lgpa_assign: 4.111
2026-07-12 23:17:14 transreid.train INFO: Epoch 30 done. Time per epoch: 36.850[s] Speed: 366.5[samples/s] ETA: 0h55m
The test feature is normalized
=> Computing DistMat with euclidean_distance
2026-07-12 23:17:44 transreid.train INFO: Validation Results - Epoch: 30
2026-07-12 23:17:44 transreid.train INFO: mAP: 50.8%
2026-07-12 23:17:44 transreid.train INFO: CMC curve, Rank-1  :60.8%
2026-07-12 23:17:44 transreid.train INFO: CMC curve, Rank-5  :74.3%
2026-07-12 23:17:44 transreid.train INFO: CMC curve, Rank-10 :79.8%
2026-07-12 23:17:49 transreid.train INFO: Epoch[31] Iter[20/227] Loss: 5.571, Acc: 0.774, Base Lr: 6.76e-04 | id_global: 1.693 id_part: 4.678 tri_global: 0.136 tri_part: 0.624 lgpa_assign: 4.011
2026-07-12 23:17:52 transreid.train INFO: Epoch[31] Iter[40/227] Loss: 5.490, Acc: 0.800, Base Lr: 6.76e-04 | id_global: 1.587 id_part: 4.607 tri_global: 0.115 tri_part: 0.620 lgpa_assign: 4.052
2026-07-12 23:17:56 transreid.train INFO: Epoch[31] Iter[60/227] Loss: 5.452, Acc: 0.813, Base Lr: 6.76e-04 | id_global: 1.544 id_part: 4.578 tri_global: 0.120 tri_part: 0.619 lgpa_assign: 4.044
2026-07-12 23:17:59 transreid.train INFO: Epoch[31] Iter[80/227] Loss: 5.410, Acc: 0.827, Base Lr: 6.76e-04 | id_global: 1.495 id_part: 4.548 tri_global: 0.121 tri_part: 0.618 lgpa_assign: 4.038
2026-07-12 23:18:03 transreid.train INFO: Epoch[31] Iter[100/227] Loss: 5.370, Acc: 0.840, Base Lr: 6.76e-04 | id_global: 1.447 id_part: 4.510 tri_global: 0.117 tri_part: 0.617 lgpa_assign: 4.048
2026-07-12 23:18:06 transreid.train INFO: Epoch[31] Iter[120/227] Loss: 5.339, Acc: 0.848, Base Lr: 6.76e-04 | id_global: 1.419 id_part: 4.488 tri_global: 0.120 tri_part: 0.619 lgpa_assign: 4.032
2026-07-12 23:18:09 transreid.train INFO: Epoch[31] Iter[140/227] Loss: 5.287, Acc: 0.857, Base Lr: 6.76e-04 | id_global: 1.375 id_part: 4.440 tri_global: 0.121 tri_part: 0.618 lgpa_assign: 4.021
2026-07-12 23:18:13 transreid.train INFO: Epoch[31] Iter[160/227] Loss: 5.218, Acc: 0.868, Base Lr: 6.76e-04 | id_global: 1.322 id_part: 4.373 tri_global: 0.115 tri_part: 0.616 lgpa_assign: 4.010
2026-07-12 23:18:16 transreid.train INFO: Epoch[31] Iter[180/227] Loss: 5.168, Acc: 0.874, Base Lr: 6.76e-04 | id_global: 1.284 id_part: 4.314 tri_global: 0.118 tri_part: 0.616 lgpa_assign: 4.005
2026-07-12 23:18:20 transreid.train INFO: Epoch[31] Iter[200/227] Loss: 5.083, Acc: 0.884, Base Lr: 6.76e-04 | id_global: 1.224 id_part: 4.207 tri_global: 0.114 tri_part: 0.615 lgpa_assign: 4.007
2026-07-12 23:18:22 transreid.train INFO: Epoch 31 done. Time per epoch: 37.045[s] Speed: 366.3[samples/s] ETA: 0h54m
2026-07-12 23:18:26 transreid.train INFO: Epoch[32] Iter[20/227] Loss: 5.416, Acc: 0.821, Base Lr: 6.68e-04 | id_global: 1.515 id_part: 4.594 tri_global: 0.165 tri_part: 0.622 lgpa_assign: 3.935
2026-07-12 23:18:30 transreid.train INFO: Epoch[32] Iter[40/227] Loss: 5.404, Acc: 0.819, Base Lr: 6.68e-04 | id_global: 1.526 id_part: 4.562 tri_global: 0.145 tri_part: 0.623 lgpa_assign: 3.951
2026-07-12 23:18:33 transreid.train INFO: Epoch[32] Iter[60/227] Loss: 5.315, Acc: 0.842, Base Lr: 6.68e-04 | id_global: 1.438 id_part: 4.504 tri_global: 0.135 tri_part: 0.622 lgpa_assign: 3.930
2026-07-12 23:18:36 transreid.train INFO: Epoch[32] Iter[80/227] Loss: 5.308, Acc: 0.846, Base Lr: 6.68e-04 | id_global: 1.414 id_part: 4.507 tri_global: 0.136 tri_part: 0.622 lgpa_assign: 3.937
2026-07-12 23:18:40 transreid.train INFO: Epoch[32] Iter[100/227] Loss: 5.268, Acc: 0.855, Base Lr: 6.68e-04 | id_global: 1.376 id_part: 4.479 tri_global: 0.128 tri_part: 0.621 lgpa_assign: 3.932
2026-07-12 23:18:43 transreid.train INFO: Epoch[32] Iter[120/227] Loss: 5.222, Acc: 0.866, Base Lr: 6.68e-04 | id_global: 1.337 id_part: 4.438 tri_global: 0.129 tri_part: 0.620 lgpa_assign: 3.920
2026-07-12 23:18:46 transreid.train INFO: Epoch[32] Iter[140/227] Loss: 5.194, Acc: 0.873, Base Lr: 6.68e-04 | id_global: 1.305 id_part: 4.407 tri_global: 0.128 tri_part: 0.620 lgpa_assign: 3.927
2026-07-12 23:18:50 transreid.train INFO: Epoch[32] Iter[160/227] Loss: 5.133, Acc: 0.880, Base Lr: 6.68e-04 | id_global: 1.260 id_part: 4.347 tri_global: 0.122 tri_part: 0.619 lgpa_assign: 3.918
2026-07-12 23:18:53 transreid.train INFO: Epoch[32] Iter[180/227] Loss: 5.076, Acc: 0.888, Base Lr: 6.68e-04 | id_global: 1.218 id_part: 4.283 tri_global: 0.118 tri_part: 0.618 lgpa_assign: 3.915
2026-07-12 23:18:56 transreid.train INFO: Epoch[32] Iter[200/227] Loss: 4.991, Acc: 0.896, Base Lr: 6.68e-04 | id_global: 1.158 id_part: 4.167 tri_global: 0.116 tri_part: 0.616 lgpa_assign: 3.926
2026-07-12 23:18:58 transreid.train INFO: Epoch 32 done. Time per epoch: 36.783[s] Speed: 367.1[samples/s] ETA: 0h53m
2026-07-12 23:19:03 transreid.train INFO: Epoch[33] Iter[20/227] Loss: 5.397, Acc: 0.807, Base Lr: 6.60e-04 | id_global: 1.544 id_part: 4.610 tri_global: 0.159 tri_part: 0.625 lgpa_assign: 3.856
2026-07-12 23:19:06 transreid.train INFO: Epoch[33] Iter[40/227] Loss: 5.319, Acc: 0.841, Base Lr: 6.60e-04 | id_global: 1.439 id_part: 4.547 tri_global: 0.152 tri_part: 0.623 lgpa_assign: 3.875
2026-07-12 23:19:10 transreid.train INFO: Epoch[33] Iter[60/227] Loss: 5.254, Acc: 0.856, Base Lr: 6.60e-04 | id_global: 1.371 id_part: 4.502 tri_global: 0.140 tri_part: 0.621 lgpa_assign: 3.873
2026-07-12 23:19:13 transreid.train INFO: Epoch[33] Iter[80/227] Loss: 5.188, Acc: 0.867, Base Lr: 6.60e-04 | id_global: 1.314 id_part: 4.433 tri_global: 0.131 tri_part: 0.620 lgpa_assign: 3.876
2026-07-12 23:19:16 transreid.train INFO: Epoch[33] Iter[100/227] Loss: 5.151, Acc: 0.873, Base Lr: 6.60e-04 | id_global: 1.280 id_part: 4.402 tri_global: 0.129 tri_part: 0.620 lgpa_assign: 3.870
2026-07-12 23:19:20 transreid.train INFO: Epoch[33] Iter[120/227] Loss: 5.134, Acc: 0.876, Base Lr: 6.60e-04 | id_global: 1.258 id_part: 4.371 tri_global: 0.131 tri_part: 0.619 lgpa_assign: 3.890
2026-07-12 23:19:23 transreid.train INFO: Epoch[33] Iter[140/227] Loss: 5.077, Acc: 0.882, Base Lr: 6.60e-04 | id_global: 1.214 id_part: 4.313 tri_global: 0.128 tri_part: 0.617 lgpa_assign: 3.881
2026-07-12 23:19:26 transreid.train INFO: Epoch[33] Iter[160/227] Loss: 5.029, Acc: 0.890, Base Lr: 6.60e-04 | id_global: 1.176 id_part: 4.264 tri_global: 0.129 tri_part: 0.616 lgpa_assign: 3.872
2026-07-12 23:19:30 transreid.train INFO: Epoch[33] Iter[180/227] Loss: 4.970, Acc: 0.897, Base Lr: 6.60e-04 | id_global: 1.134 id_part: 4.204 tri_global: 0.125 tri_part: 0.615 lgpa_assign: 3.862
2026-07-12 23:19:33 transreid.train INFO: Epoch[33] Iter[200/227] Loss: 4.892, Acc: 0.904, Base Lr: 6.60e-04 | id_global: 1.084 id_part: 4.098 tri_global: 0.123 tri_part: 0.615 lgpa_assign: 3.863
2026-07-12 23:19:35 transreid.train INFO: Epoch 33 done. Time per epoch: 37.016[s] Speed: 368.3[samples/s] ETA: 0h53m
2026-07-12 23:19:40 transreid.train INFO: Epoch[34] Iter[20/227] Loss: 5.206, Acc: 0.820, Base Lr: 6.52e-04 | id_global: 1.367 id_part: 4.445 tri_global: 0.110 tri_part: 0.616 lgpa_assign: 3.874
2026-07-12 23:19:43 transreid.train INFO: Epoch[34] Iter[40/227] Loss: 5.137, Acc: 0.841, Base Lr: 6.52e-04 | id_global: 1.312 id_part: 4.410 tri_global: 0.120 tri_part: 0.615 lgpa_assign: 3.817
2026-07-12 23:19:47 transreid.train INFO: Epoch[34] Iter[60/227] Loss: 5.105, Acc: 0.854, Base Lr: 6.52e-04 | id_global: 1.275 id_part: 4.401 tri_global: 0.120 tri_part: 0.617 lgpa_assign: 3.798
2026-07-12 23:19:50 transreid.train INFO: Epoch[34] Iter[80/227] Loss: 5.067, Acc: 0.864, Base Lr: 6.52e-04 | id_global: 1.250 id_part: 4.377 tri_global: 0.117 tri_part: 0.618 lgpa_assign: 3.772
2026-07-12 23:19:54 transreid.train INFO: Epoch[34] Iter[100/227] Loss: 5.031, Acc: 0.874, Base Lr: 6.52e-04 | id_global: 1.213 id_part: 4.341 tri_global: 0.122 tri_part: 0.618 lgpa_assign: 3.767
2026-07-12 23:19:57 transreid.train INFO: Epoch[34] Iter[120/227] Loss: 5.001, Acc: 0.883, Base Lr: 6.52e-04 | id_global: 1.180 id_part: 4.312 tri_global: 0.123 tri_part: 0.617 lgpa_assign: 3.770
2026-07-12 23:20:00 transreid.train INFO: Epoch[34] Iter[140/227] Loss: 4.952, Acc: 0.891, Base Lr: 6.52e-04 | id_global: 1.143 id_part: 4.271 tri_global: 0.111 tri_part: 0.615 lgpa_assign: 3.763
2026-07-12 23:20:04 transreid.train INFO: Epoch[34] Iter[160/227] Loss: 4.916, Acc: 0.899, Base Lr: 6.52e-04 | id_global: 1.105 id_part: 4.230 tri_global: 0.111 tri_part: 0.614 lgpa_assign: 3.772
2026-07-12 23:20:07 transreid.train INFO: Epoch[34] Iter[180/227] Loss: 4.856, Acc: 0.906, Base Lr: 6.52e-04 | id_global: 1.062 id_part: 4.161 tri_global: 0.106 tri_part: 0.613 lgpa_assign: 3.770
2026-07-12 23:20:10 transreid.train INFO: Epoch[34] Iter[200/227] Loss: 4.768, Acc: 0.912, Base Lr: 6.52e-04 | id_global: 1.013 id_part: 4.041 tri_global: 0.103 tri_part: 0.613 lgpa_assign: 3.767
2026-07-12 23:20:12 transreid.train INFO: Epoch 34 done. Time per epoch: 37.076[s] Speed: 366.0[samples/s] ETA: 0h53m
2026-07-12 23:20:17 transreid.train INFO: Epoch[35] Iter[20/227] Loss: 5.008, Acc: 0.859, Base Lr: 6.44e-04 | id_global: 1.202 id_part: 4.386 tri_global: 0.093 tri_part: 0.614 lgpa_assign: 3.721
2026-07-12 23:20:20 transreid.train INFO: Epoch[35] Iter[40/227] Loss: 4.987, Acc: 0.867, Base Lr: 6.44e-04 | id_global: 1.194 id_part: 4.365 tri_global: 0.112 tri_part: 0.615 lgpa_assign: 3.688
2026-07-12 23:20:24 transreid.train INFO: Epoch[35] Iter[60/227] Loss: 5.010, Acc: 0.870, Base Lr: 6.44e-04 | id_global: 1.201 id_part: 4.379 tri_global: 0.120 tri_part: 0.617 lgpa_assign: 3.703
2026-07-12 23:20:27 transreid.train INFO: Epoch[35] Iter[80/227] Loss: 4.976, Acc: 0.874, Base Lr: 6.44e-04 | id_global: 1.174 id_part: 4.332 tri_global: 0.116 tri_part: 0.617 lgpa_assign: 3.712
2026-07-12 23:20:31 transreid.train INFO: Epoch[35] Iter[100/227] Loss: 4.938, Acc: 0.883, Base Lr: 6.44e-04 | id_global: 1.140 id_part: 4.299 tri_global: 0.119 tri_part: 0.617 lgpa_assign: 3.702
2026-07-12 23:20:34 transreid.train INFO: Epoch[35] Iter[120/227] Loss: 4.887, Acc: 0.891, Base Lr: 6.44e-04 | id_global: 1.096 id_part: 4.247 tri_global: 0.115 tri_part: 0.615 lgpa_assign: 3.701
2026-07-12 23:20:37 transreid.train INFO: Epoch[35] Iter[140/227] Loss: 4.833, Acc: 0.898, Base Lr: 6.44e-04 | id_global: 1.058 id_part: 4.201 tri_global: 0.105 tri_part: 0.613 lgpa_assign: 3.688
2026-07-12 23:20:41 transreid.train INFO: Epoch[35] Iter[160/227] Loss: 4.780, Acc: 0.905, Base Lr: 6.44e-04 | id_global: 1.020 id_part: 4.143 tri_global: 0.101 tri_part: 0.613 lgpa_assign: 3.682
2026-07-12 23:20:44 transreid.train INFO: Epoch[35] Iter[180/227] Loss: 4.732, Acc: 0.912, Base Lr: 6.44e-04 | id_global: 0.987 id_part: 4.086 tri_global: 0.100 tri_part: 0.612 lgpa_assign: 3.680
2026-07-12 23:20:47 transreid.train INFO: Epoch[35] Iter[200/227] Loss: 4.658, Acc: 0.918, Base Lr: 6.44e-04 | id_global: 0.941 id_part: 3.972 tri_global: 0.100 tri_part: 0.611 lgpa_assign: 3.691
2026-07-12 23:20:49 transreid.train INFO: Epoch 35 done. Time per epoch: 36.783[s] Speed: 367.1[samples/s] ETA: 0h52m
2026-07-12 23:20:54 transreid.train INFO: Epoch[36] Iter[20/227] Loss: 4.903, Acc: 0.874, Base Lr: 6.35e-04 | id_global: 1.130 id_part: 4.238 tri_global: 0.119 tri_part: 0.613 lgpa_assign: 3.705
2026-07-12 23:20:57 transreid.train INFO: Epoch[36] Iter[40/227] Loss: 4.854, Acc: 0.891, Base Lr: 6.35e-04 | id_global: 1.099 id_part: 4.232 tri_global: 0.096 tri_part: 0.610 lgpa_assign: 3.672
2026-07-12 23:21:01 transreid.train INFO: Epoch[36] Iter[60/227] Loss: 4.831, Acc: 0.894, Base Lr: 6.35e-04 | id_global: 1.083 id_part: 4.231 tri_global: 0.087 tri_part: 0.608 lgpa_assign: 3.652
2026-07-12 23:21:04 transreid.train INFO: Epoch[36] Iter[80/227] Loss: 4.791, Acc: 0.899, Base Lr: 6.35e-04 | id_global: 1.055 id_part: 4.205 tri_global: 0.082 tri_part: 0.608 lgpa_assign: 3.633
2026-07-12 23:21:07 transreid.train INFO: Epoch[36] Iter[100/227] Loss: 4.773, Acc: 0.903, Base Lr: 6.35e-04 | id_global: 1.035 id_part: 4.183 tri_global: 0.093 tri_part: 0.610 lgpa_assign: 3.625
2026-07-12 23:21:11 transreid.train INFO: Epoch[36] Iter[120/227] Loss: 4.750, Acc: 0.909, Base Lr: 6.35e-04 | id_global: 1.007 id_part: 4.162 tri_global: 0.091 tri_part: 0.610 lgpa_assign: 3.629
2026-07-12 23:21:14 transreid.train INFO: Epoch[36] Iter[140/227] Loss: 4.715, Acc: 0.913, Base Lr: 6.35e-04 | id_global: 0.980 id_part: 4.121 tri_global: 0.092 tri_part: 0.610 lgpa_assign: 3.626
2026-07-12 23:21:17 transreid.train INFO: Epoch[36] Iter[160/227] Loss: 4.674, Acc: 0.918, Base Lr: 6.35e-04 | id_global: 0.952 id_part: 4.081 tri_global: 0.090 tri_part: 0.610 lgpa_assign: 3.615
2026-07-12 23:21:21 transreid.train INFO: Epoch[36] Iter[180/227] Loss: 4.619, Acc: 0.923, Base Lr: 6.35e-04 | id_global: 0.921 id_part: 4.007 tri_global: 0.088 tri_part: 0.609 lgpa_assign: 3.612
2026-07-12 23:21:24 transreid.train INFO: Epoch[36] Iter[200/227] Loss: 4.550, Acc: 0.928, Base Lr: 6.35e-04 | id_global: 0.881 id_part: 3.906 tri_global: 0.087 tri_part: 0.609 lgpa_assign: 3.615
2026-07-12 23:21:26 transreid.train INFO: Epoch 36 done. Time per epoch: 36.828[s] Speed: 366.7[samples/s] ETA: 0h51m
2026-07-12 23:21:31 transreid.train INFO: Epoch[37] Iter[20/227] Loss: 4.906, Acc: 0.877, Base Lr: 6.27e-04 | id_global: 1.156 id_part: 4.380 tri_global: 0.092 tri_part: 0.618 lgpa_assign: 3.567
2026-07-12 23:21:34 transreid.train INFO: Epoch[37] Iter[40/227] Loss: 4.873, Acc: 0.885, Base Lr: 6.27e-04 | id_global: 1.119 id_part: 4.327 tri_global: 0.115 tri_part: 0.614 lgpa_assign: 3.572
2026-07-12 23:21:37 transreid.train INFO: Epoch[37] Iter[60/227] Loss: 4.819, Acc: 0.896, Base Lr: 6.27e-04 | id_global: 1.066 id_part: 4.277 tri_global: 0.108 tri_part: 0.612 lgpa_assign: 3.576
2026-07-12 23:21:41 transreid.train INFO: Epoch[37] Iter[80/227] Loss: 4.775, Acc: 0.901, Base Lr: 6.27e-04 | id_global: 1.033 id_part: 4.221 tri_global: 0.102 tri_part: 0.611 lgpa_assign: 3.582
2026-07-12 23:21:44 transreid.train INFO: Epoch[37] Iter[100/227] Loss: 4.741, Acc: 0.906, Base Lr: 6.27e-04 | id_global: 1.010 id_part: 4.190 tri_global: 0.100 tri_part: 0.612 lgpa_assign: 3.569
2026-07-12 23:21:48 transreid.train INFO: Epoch[37] Iter[120/227] Loss: 4.693, Acc: 0.914, Base Lr: 6.27e-04 | id_global: 0.970 id_part: 4.139 tri_global: 0.098 tri_part: 0.612 lgpa_assign: 3.567
2026-07-12 23:21:51 transreid.train INFO: Epoch[37] Iter[140/227] Loss: 4.651, Acc: 0.921, Base Lr: 6.27e-04 | id_global: 0.939 id_part: 4.090 tri_global: 0.095 tri_part: 0.611 lgpa_assign: 3.565
2026-07-12 23:21:54 transreid.train INFO: Epoch[37] Iter[160/227] Loss: 4.606, Acc: 0.926, Base Lr: 6.27e-04 | id_global: 0.907 id_part: 4.042 tri_global: 0.093 tri_part: 0.611 lgpa_assign: 3.560
2026-07-12 23:21:58 transreid.train INFO: Epoch[37] Iter[180/227] Loss: 4.543, Acc: 0.932, Base Lr: 6.27e-04 | id_global: 0.868 id_part: 3.959 tri_global: 0.089 tri_part: 0.610 lgpa_assign: 3.561
2026-07-12 23:22:01 transreid.train INFO: Epoch[37] Iter[200/227] Loss: 4.463, Acc: 0.936, Base Lr: 6.27e-04 | id_global: 0.826 id_part: 3.848 tri_global: 0.086 tri_part: 0.608 lgpa_assign: 3.559
2026-07-12 23:22:03 transreid.train INFO: Epoch 37 done. Time per epoch: 37.283[s] Speed: 365.6[samples/s] ETA: 0h51m
2026-07-12 23:22:08 transreid.train INFO: Epoch[38] Iter[20/227] Loss: 4.800, Acc: 0.882, Base Lr: 6.18e-04 | id_global: 1.111 id_part: 4.303 tri_global: 0.084 tri_part: 0.614 lgpa_assign: 3.488
2026-07-12 23:22:11 transreid.train INFO: Epoch[38] Iter[40/227] Loss: 4.720, Acc: 0.891, Base Lr: 6.18e-04 | id_global: 1.028 id_part: 4.190 tri_global: 0.105 tri_part: 0.611 lgpa_assign: 3.506
2026-07-12 23:22:15 transreid.train INFO: Epoch[38] Iter[60/227] Loss: 4.655, Acc: 0.905, Base Lr: 6.18e-04 | id_global: 0.972 id_part: 4.131 tri_global: 0.087 tri_part: 0.608 lgpa_assign: 3.512
2026-07-12 23:22:18 transreid.train INFO: Epoch[38] Iter[80/227] Loss: 4.632, Acc: 0.909, Base Lr: 6.18e-04 | id_global: 0.952 id_part: 4.098 tri_global: 0.094 tri_part: 0.608 lgpa_assign: 3.512
2026-07-12 23:22:21 transreid.train INFO: Epoch[38] Iter[100/227] Loss: 4.597, Acc: 0.916, Base Lr: 6.18e-04 | id_global: 0.922 id_part: 4.068 tri_global: 0.089 tri_part: 0.608 lgpa_assign: 3.506
2026-07-12 23:22:25 transreid.train INFO: Epoch[38] Iter[120/227] Loss: 4.571, Acc: 0.921, Base Lr: 6.18e-04 | id_global: 0.900 id_part: 4.039 tri_global: 0.090 tri_part: 0.609 lgpa_assign: 3.506
2026-07-12 23:22:28 transreid.train INFO: Epoch[38] Iter[140/227] Loss: 4.536, Acc: 0.924, Base Lr: 6.18e-04 | id_global: 0.875 id_part: 3.999 tri_global: 0.089 tri_part: 0.609 lgpa_assign: 3.500
2026-07-12 23:22:31 transreid.train INFO: Epoch[38] Iter[160/227] Loss: 4.500, Acc: 0.929, Base Lr: 6.18e-04 | id_global: 0.850 id_part: 3.954 tri_global: 0.088 tri_part: 0.608 lgpa_assign: 3.500
2026-07-12 23:22:35 transreid.train INFO: Epoch[38] Iter[180/227] Loss: 4.459, Acc: 0.933, Base Lr: 6.18e-04 | id_global: 0.822 id_part: 3.892 tri_global: 0.087 tri_part: 0.608 lgpa_assign: 3.508
2026-07-12 23:22:38 transreid.train INFO: Epoch[38] Iter[200/227] Loss: 4.402, Acc: 0.936, Base Lr: 6.18e-04 | id_global: 0.789 id_part: 3.798 tri_global: 0.088 tri_part: 0.608 lgpa_assign: 3.521
2026-07-12 23:22:40 transreid.train INFO: Epoch 38 done. Time per epoch: 37.067[s] Speed: 367.8[samples/s] ETA: 0h50m
2026-07-12 23:22:45 transreid.train INFO: Epoch[39] Iter[20/227] Loss: 4.602, Acc: 0.939, Base Lr: 6.09e-04 | id_global: 0.886 id_part: 4.084 tri_global: 0.109 tri_part: 0.618 lgpa_assign: 3.507
2026-07-12 23:22:48 transreid.train INFO: Epoch[39] Iter[40/227] Loss: 4.591, Acc: 0.920, Base Lr: 6.09e-04 | id_global: 0.908 id_part: 4.104 tri_global: 0.101 tri_part: 0.616 lgpa_assign: 3.453
2026-07-12 23:22:52 transreid.train INFO: Epoch[39] Iter[60/227] Loss: 4.599, Acc: 0.920, Base Lr: 6.09e-04 | id_global: 0.912 id_part: 4.132 tri_global: 0.092 tri_part: 0.613 lgpa_assign: 3.449
2026-07-12 23:22:55 transreid.train INFO: Epoch[39] Iter[80/227] Loss: 4.587, Acc: 0.921, Base Lr: 6.09e-04 | id_global: 0.903 id_part: 4.117 tri_global: 0.086 tri_part: 0.611 lgpa_assign: 3.458
2026-07-12 23:22:58 transreid.train INFO: Epoch[39] Iter[100/227] Loss: 4.552, Acc: 0.928, Base Lr: 6.09e-04 | id_global: 0.874 id_part: 4.076 tri_global: 0.085 tri_part: 0.611 lgpa_assign: 3.458
2026-07-12 23:23:02 transreid.train INFO: Epoch[39] Iter[120/227] Loss: 4.507, Acc: 0.932, Base Lr: 6.09e-04 | id_global: 0.848 id_part: 4.014 tri_global: 0.083 tri_part: 0.610 lgpa_assign: 3.459
2026-07-12 23:23:05 transreid.train INFO: Epoch[39] Iter[140/227] Loss: 4.481, Acc: 0.935, Base Lr: 6.09e-04 | id_global: 0.831 id_part: 3.975 tri_global: 0.084 tri_part: 0.610 lgpa_assign: 3.463
2026-07-12 23:23:09 transreid.train INFO: Epoch[39] Iter[160/227] Loss: 4.441, Acc: 0.938, Base Lr: 6.09e-04 | id_global: 0.803 id_part: 3.926 tri_global: 0.083 tri_part: 0.610 lgpa_assign: 3.461
2026-07-12 23:23:12 transreid.train INFO: Epoch[39] Iter[180/227] Loss: 4.392, Acc: 0.942, Base Lr: 6.09e-04 | id_global: 0.776 id_part: 3.857 tri_global: 0.083 tri_part: 0.610 lgpa_assign: 3.459
2026-07-12 23:23:15 transreid.train INFO: Epoch[39] Iter[200/227] Loss: 4.328, Acc: 0.945, Base Lr: 6.09e-04 | id_global: 0.744 id_part: 3.751 tri_global: 0.083 tri_part: 0.609 lgpa_assign: 3.468
2026-07-12 23:23:17 transreid.train INFO: Epoch 39 done. Time per epoch: 36.951[s] Speed: 367.2[samples/s] ETA: 0h49m
2026-07-12 23:23:22 transreid.train INFO: Epoch[40] Iter[20/227] Loss: 4.592, Acc: 0.913, Base Lr: 6.00e-04 | id_global: 0.928 id_part: 4.094 tri_global: 0.077 tri_part: 0.610 lgpa_assign: 3.476
2026-07-12 23:23:25 transreid.train INFO: Epoch[40] Iter[40/227] Loss: 4.553, Acc: 0.920, Base Lr: 6.00e-04 | id_global: 0.890 id_part: 4.051 tri_global: 0.077 tri_part: 0.608 lgpa_assign: 3.479
2026-07-12 23:23:29 transreid.train INFO: Epoch[40] Iter[60/227] Loss: 4.548, Acc: 0.918, Base Lr: 6.00e-04 | id_global: 0.883 id_part: 4.058 tri_global: 0.088 tri_part: 0.610 lgpa_assign: 3.458
2026-07-12 23:23:32 transreid.train INFO: Epoch[40] Iter[80/227] Loss: 4.526, Acc: 0.924, Base Lr: 6.00e-04 | id_global: 0.862 id_part: 4.028 tri_global: 0.089 tri_part: 0.611 lgpa_assign: 3.461
2026-07-12 23:23:35 transreid.train INFO: Epoch[40] Iter[100/227] Loss: 4.481, Acc: 0.929, Base Lr: 6.00e-04 | id_global: 0.831 id_part: 3.990 tri_global: 0.085 tri_part: 0.610 lgpa_assign: 3.448
2026-07-12 23:23:39 transreid.train INFO: Epoch[40] Iter[120/227] Loss: 4.461, Acc: 0.932, Base Lr: 6.00e-04 | id_global: 0.816 id_part: 3.972 tri_global: 0.080 tri_part: 0.610 lgpa_assign: 3.444
2026-07-12 23:23:42 transreid.train INFO: Epoch[40] Iter[140/227] Loss: 4.429, Acc: 0.936, Base Lr: 6.00e-04 | id_global: 0.798 id_part: 3.934 tri_global: 0.081 tri_part: 0.609 lgpa_assign: 3.435
2026-07-12 23:23:46 transreid.train INFO: Epoch[40] Iter[160/227] Loss: 4.385, Acc: 0.940, Base Lr: 6.00e-04 | id_global: 0.768 id_part: 3.877 tri_global: 0.082 tri_part: 0.609 lgpa_assign: 3.433
2026-07-12 23:23:49 transreid.train INFO: Epoch[40] Iter[180/227] Loss: 4.331, Acc: 0.944, Base Lr: 6.00e-04 | id_global: 0.738 id_part: 3.802 tri_global: 0.081 tri_part: 0.608 lgpa_assign: 3.432
2026-07-12 23:23:52 transreid.train INFO: Epoch[40] Iter[200/227] Loss: 4.260, Acc: 0.948, Base Lr: 6.00e-04 | id_global: 0.705 id_part: 3.695 tri_global: 0.078 tri_part: 0.607 lgpa_assign: 3.434
2026-07-12 23:23:54 transreid.train INFO: Epoch 40 done. Time per epoch: 37.008[s] Speed: 366.6[samples/s] ETA: 0h49m
The test feature is normalized
=> Computing DistMat with euclidean_distance
2026-07-12 23:24:25 transreid.train INFO: Validation Results - Epoch: 40
2026-07-12 23:24:25 transreid.train INFO: mAP: 52.7%
2026-07-12 23:24:25 transreid.train INFO: CMC curve, Rank-1  :61.0%
2026-07-12 23:24:25 transreid.train INFO: CMC curve, Rank-5  :75.2%
2026-07-12 23:24:25 transreid.train INFO: CMC curve, Rank-10 :80.3%
2026-07-12 23:24:29 transreid.train INFO: Epoch[41] Iter[20/227] Loss: 4.432, Acc: 0.927, Base Lr: 5.91e-04 | id_global: 0.809 id_part: 3.993 tri_global: 0.067 tri_part: 0.606 lgpa_assign: 3.388
2026-07-12 23:24:33 transreid.train INFO: Epoch[41] Iter[40/227] Loss: 4.429, Acc: 0.932, Base Lr: 5.91e-04 | id_global: 0.822 id_part: 4.017 tri_global: 0.065 tri_part: 0.605 lgpa_assign: 3.348
2026-07-12 23:24:36 transreid.train INFO: Epoch[41] Iter[60/227] Loss: 4.432, Acc: 0.937, Base Lr: 5.91e-04 | id_global: 0.816 id_part: 4.028 tri_global: 0.063 tri_part: 0.607 lgpa_assign: 3.351
2026-07-12 23:24:39 transreid.train INFO: Epoch[41] Iter[80/227] Loss: 4.419, Acc: 0.936, Base Lr: 5.91e-04 | id_global: 0.802 id_part: 3.999 tri_global: 0.065 tri_part: 0.609 lgpa_assign: 3.363
2026-07-12 23:24:43 transreid.train INFO: Epoch[41] Iter[100/227] Loss: 4.401, Acc: 0.939, Base Lr: 5.91e-04 | id_global: 0.784 id_part: 3.976 tri_global: 0.067 tri_part: 0.609 lgpa_assign: 3.366
2026-07-12 23:24:46 transreid.train INFO: Epoch[41] Iter[120/227] Loss: 4.366, Acc: 0.944, Base Lr: 5.91e-04 | id_global: 0.759 id_part: 3.937 tri_global: 0.071 tri_part: 0.609 lgpa_assign: 3.357
2026-07-12 23:24:50 transreid.train INFO: Epoch[41] Iter[140/227] Loss: 4.339, Acc: 0.947, Base Lr: 5.91e-04 | id_global: 0.740 id_part: 3.901 tri_global: 0.074 tri_part: 0.609 lgpa_assign: 3.354
2026-07-12 23:24:53 transreid.train INFO: Epoch[41] Iter[160/227] Loss: 4.307, Acc: 0.947, Base Lr: 5.91e-04 | id_global: 0.722 id_part: 3.852 tri_global: 0.075 tri_part: 0.608 lgpa_assign: 3.357
2026-07-12 23:24:56 transreid.train INFO: Epoch[41] Iter[180/227] Loss: 4.255, Acc: 0.950, Base Lr: 5.91e-04 | id_global: 0.696 id_part: 3.771 tri_global: 0.074 tri_part: 0.607 lgpa_assign: 3.363
2026-07-12 23:25:00 transreid.train INFO: Epoch[41] Iter[200/227] Loss: 4.184, Acc: 0.954, Base Lr: 5.91e-04 | id_global: 0.667 id_part: 3.651 tri_global: 0.075 tri_part: 0.606 lgpa_assign: 3.369
2026-07-12 23:25:02 transreid.train INFO: Epoch 41 done. Time per epoch: 36.840[s] Speed: 366.6[samples/s] ETA: 0h48m
2026-07-12 23:25:06 transreid.train INFO: Epoch[42] Iter[20/227] Loss: 4.494, Acc: 0.908, Base Lr: 5.82e-04 | id_global: 0.899 id_part: 4.081 tri_global: 0.072 tri_part: 0.608 lgpa_assign: 3.329
2026-07-12 23:25:10 transreid.train INFO: Epoch[42] Iter[40/227] Loss: 4.395, Acc: 0.925, Base Lr: 5.82e-04 | id_global: 0.814 id_part: 3.986 tri_global: 0.072 tri_part: 0.606 lgpa_assign: 3.312
2026-07-12 23:25:13 transreid.train INFO: Epoch[42] Iter[60/227] Loss: 4.371, Acc: 0.929, Base Lr: 5.82e-04 | id_global: 0.788 id_part: 3.980 tri_global: 0.063 tri_part: 0.603 lgpa_assign: 3.308
2026-07-12 23:25:16 transreid.train INFO: Epoch[42] Iter[80/227] Loss: 4.346, Acc: 0.934, Base Lr: 5.82e-04 | id_global: 0.768 id_part: 3.942 tri_global: 0.066 tri_part: 0.603 lgpa_assign: 3.314
2026-07-12 23:25:20 transreid.train INFO: Epoch[42] Iter[100/227] Loss: 4.325, Acc: 0.939, Base Lr: 5.82e-04 | id_global: 0.749 id_part: 3.919 tri_global: 0.064 tri_part: 0.603 lgpa_assign: 3.315
2026-07-12 23:25:23 transreid.train INFO: Epoch[42] Iter[120/227] Loss: 4.287, Acc: 0.944, Base Lr: 5.82e-04 | id_global: 0.722 id_part: 3.873 tri_global: 0.064 tri_part: 0.604 lgpa_assign: 3.311
2026-07-12 23:25:26 transreid.train INFO: Epoch[42] Iter[140/227] Loss: 4.270, Acc: 0.947, Base Lr: 5.82e-04 | id_global: 0.702 id_part: 3.828 tri_global: 0.070 tri_part: 0.605 lgpa_assign: 3.335
2026-07-12 23:25:30 transreid.train INFO: Epoch[42] Iter[160/227] Loss: 4.232, Acc: 0.949, Base Lr: 5.82e-04 | id_global: 0.680 id_part: 3.763 tri_global: 0.070 tri_part: 0.604 lgpa_assign: 3.348
2026-07-12 23:25:33 transreid.train INFO: Epoch[42] Iter[180/227] Loss: 4.195, Acc: 0.951, Base Lr: 5.82e-04 | id_global: 0.661 id_part: 3.696 tri_global: 0.072 tri_part: 0.604 lgpa_assign: 3.356
2026-07-12 23:25:36 transreid.train INFO: Epoch[42] Iter[200/227] Loss: 4.124, Acc: 0.955, Base Lr: 5.82e-04 | id_global: 0.630 id_part: 3.581 tri_global: 0.070 tri_part: 0.604 lgpa_assign: 3.363
2026-07-12 23:25:38 transreid.train INFO: Epoch 42 done. Time per epoch: 36.908[s] Speed: 367.6[samples/s] ETA: 0h47m
2026-07-12 23:25:43 transreid.train INFO: Epoch[43] Iter[20/227] Loss: 4.366, Acc: 0.926, Base Lr: 5.73e-04 | id_global: 0.775 id_part: 3.952 tri_global: 0.053 tri_part: 0.603 lgpa_assign: 3.349
2026-07-12 23:25:46 transreid.train INFO: Epoch[43] Iter[40/227] Loss: 4.323, Acc: 0.940, Base Lr: 5.73e-04 | id_global: 0.741 id_part: 3.901 tri_global: 0.068 tri_part: 0.606 lgpa_assign: 3.332
2026-07-12 23:25:50 transreid.train INFO: Epoch[43] Iter[60/227] Loss: 4.304, Acc: 0.942, Base Lr: 5.73e-04 | id_global: 0.733 id_part: 3.904 tri_global: 0.075 tri_part: 0.607 lgpa_assign: 3.290
2026-07-12 23:25:53 transreid.train INFO: Epoch[43] Iter[80/227] Loss: 4.287, Acc: 0.945, Base Lr: 5.73e-04 | id_global: 0.720 id_part: 3.885 tri_global: 0.073 tri_part: 0.607 lgpa_assign: 3.290
2026-07-12 23:25:57 transreid.train INFO: Epoch[43] Iter[100/227] Loss: 4.246, Acc: 0.947, Base Lr: 5.73e-04 | id_global: 0.700 id_part: 3.825 tri_global: 0.068 tri_part: 0.605 lgpa_assign: 3.294
2026-07-12 23:26:00 transreid.train INFO: Epoch[43] Iter[120/227] Loss: 4.214, Acc: 0.951, Base Lr: 5.73e-04 | id_global: 0.677 id_part: 3.789 tri_global: 0.064 tri_part: 0.604 lgpa_assign: 3.295
2026-07-12 23:26:03 transreid.train INFO: Epoch[43] Iter[140/227] Loss: 4.193, Acc: 0.952, Base Lr: 5.73e-04 | id_global: 0.665 id_part: 3.746 tri_global: 0.066 tri_part: 0.604 lgpa_assign: 3.305
2026-07-12 23:26:07 transreid.train INFO: Epoch[43] Iter[160/227] Loss: 4.164, Acc: 0.954, Base Lr: 5.73e-04 | id_global: 0.649 id_part: 3.701 tri_global: 0.070 tri_part: 0.604 lgpa_assign: 3.304
2026-07-12 23:26:10 transreid.train INFO: Epoch[43] Iter[180/227] Loss: 4.121, Acc: 0.957, Base Lr: 5.73e-04 | id_global: 0.627 id_part: 3.637 tri_global: 0.068 tri_part: 0.603 lgpa_assign: 3.308
2026-07-12 23:26:13 transreid.train INFO: Epoch[43] Iter[200/227] Loss: 4.064, Acc: 0.959, Base Lr: 5.73e-04 | id_global: 0.606 id_part: 3.537 tri_global: 0.073 tri_part: 0.603 lgpa_assign: 3.309
2026-07-12 23:26:15 transreid.train INFO: Epoch 43 done. Time per epoch: 36.931[s] Speed: 367.4[samples/s] ETA: 0h47m
2026-07-12 23:26:20 transreid.train INFO: Epoch[44] Iter[20/227] Loss: 4.344, Acc: 0.942, Base Lr: 5.63e-04 | id_global: 0.742 id_part: 3.934 tri_global: 0.073 tri_part: 0.605 lgpa_assign: 3.333
2026-07-12 23:26:23 transreid.train INFO: Epoch[44] Iter[40/227] Loss: 4.337, Acc: 0.941, Base Lr: 5.63e-04 | id_global: 0.737 id_part: 3.960 tri_global: 0.066 tri_part: 0.601 lgpa_assign: 3.310
2026-07-12 23:26:27 transreid.train INFO: Epoch[44] Iter[60/227] Loss: 4.268, Acc: 0.951, Base Lr: 5.63e-04 | id_global: 0.690 id_part: 3.874 tri_global: 0.069 tri_part: 0.603 lgpa_assign: 3.301
2026-07-12 23:26:30 transreid.train INFO: Epoch[44] Iter[80/227] Loss: 4.237, Acc: 0.955, Base Lr: 5.63e-04 | id_global: 0.676 id_part: 3.824 tri_global: 0.074 tri_part: 0.604 lgpa_assign: 3.296
2026-07-12 23:26:33 transreid.train INFO: Epoch[44] Iter[100/227] Loss: 4.199, Acc: 0.957, Base Lr: 5.63e-04 | id_global: 0.657 id_part: 3.778 tri_global: 0.069 tri_part: 0.604 lgpa_assign: 3.290
2026-07-12 23:26:37 transreid.train INFO: Epoch[44] Iter[120/227] Loss: 4.166, Acc: 0.958, Base Lr: 5.63e-04 | id_global: 0.642 id_part: 3.732 tri_global: 0.065 tri_part: 0.604 lgpa_assign: 3.288
2026-07-12 23:26:40 transreid.train INFO: Epoch[44] Iter[140/227] Loss: 4.134, Acc: 0.959, Base Lr: 5.63e-04 | id_global: 0.628 id_part: 3.695 tri_global: 0.064 tri_part: 0.604 lgpa_assign: 3.278
2026-07-12 23:26:44 transreid.train INFO: Epoch[44] Iter[160/227] Loss: 4.088, Acc: 0.961, Base Lr: 5.63e-04 | id_global: 0.608 id_part: 3.634 tri_global: 0.065 tri_part: 0.603 lgpa_assign: 3.265
2026-07-12 23:26:47 transreid.train INFO: Epoch[44] Iter[180/227] Loss: 4.057, Acc: 0.962, Base Lr: 5.63e-04 | id_global: 0.593 id_part: 3.577 tri_global: 0.066 tri_part: 0.603 lgpa_assign: 3.275
2026-07-12 23:26:50 transreid.train INFO: Epoch[44] Iter[200/227] Loss: 4.002, Acc: 0.964, Base Lr: 5.63e-04 | id_global: 0.570 id_part: 3.490 tri_global: 0.064 tri_part: 0.603 lgpa_assign: 3.277
2026-07-12 23:26:52 transreid.train INFO: Epoch 44 done. Time per epoch: 36.784[s] Speed: 367.1[samples/s] ETA: 0h46m
2026-07-12 23:26:57 transreid.train INFO: Epoch[45] Iter[20/227] Loss: 4.291, Acc: 0.941, Base Lr: 5.54e-04 | id_global: 0.743 id_part: 3.972 tri_global: 0.045 tri_part: 0.604 lgpa_assign: 3.219
2026-07-12 23:27:00 transreid.train INFO: Epoch[45] Iter[40/227] Loss: 4.242, Acc: 0.943, Base Lr: 5.54e-04 | id_global: 0.712 id_part: 3.900 tri_global: 0.048 tri_part: 0.602 lgpa_assign: 3.222
2026-07-12 23:27:04 transreid.train INFO: Epoch[45] Iter[60/227] Loss: 4.218, Acc: 0.949, Base Lr: 5.54e-04 | id_global: 0.689 id_part: 3.868 tri_global: 0.050 tri_part: 0.604 lgpa_assign: 3.224
2026-07-12 23:27:07 transreid.train INFO: Epoch[45] Iter[80/227] Loss: 4.173, Acc: 0.954, Base Lr: 5.54e-04 | id_global: 0.656 id_part: 3.807 tri_global: 0.057 tri_part: 0.604 lgpa_assign: 3.221
2026-07-12 23:27:10 transreid.train INFO: Epoch[45] Iter[100/227] Loss: 4.166, Acc: 0.956, Base Lr: 5.54e-04 | id_global: 0.644 id_part: 3.806 tri_global: 0.055 tri_part: 0.604 lgpa_assign: 3.222
2026-07-12 23:27:14 transreid.train INFO: Epoch[45] Iter[120/227] Loss: 4.127, Acc: 0.960, Base Lr: 5.54e-04 | id_global: 0.625 id_part: 3.752 tri_global: 0.055 tri_part: 0.604 lgpa_assign: 3.219
2026-07-12 23:27:17 transreid.train INFO: Epoch[45] Iter[140/227] Loss: 4.084, Acc: 0.962, Base Lr: 5.54e-04 | id_global: 0.605 id_part: 3.690 tri_global: 0.053 tri_part: 0.603 lgpa_assign: 3.218
2026-07-12 23:27:21 transreid.train INFO: Epoch[45] Iter[160/227] Loss: 4.050, Acc: 0.962, Base Lr: 5.54e-04 | id_global: 0.590 id_part: 3.631 tri_global: 0.055 tri_part: 0.602 lgpa_assign: 3.221
2026-07-12 23:27:24 transreid.train INFO: Epoch[45] Iter[180/227] Loss: 4.001, Acc: 0.964, Base Lr: 5.54e-04 | id_global: 0.566 id_part: 3.554 tri_global: 0.055 tri_part: 0.602 lgpa_assign: 3.224
2026-07-12 23:27:27 transreid.train INFO: Epoch[45] Iter[200/227] Loss: 3.938, Acc: 0.966, Base Lr: 5.54e-04 | id_global: 0.542 id_part: 3.449 tri_global: 0.054 tri_part: 0.601 lgpa_assign: 3.230
2026-07-12 23:27:29 transreid.train INFO: Epoch 45 done. Time per epoch: 37.112[s] Speed: 365.6[samples/s] ETA: 0h46m
2026-07-12 23:27:34 transreid.train INFO: Epoch[46] Iter[20/227] Loss: 4.181, Acc: 0.952, Base Lr: 5.44e-04 | id_global: 0.657 id_part: 3.836 tri_global: 0.098 tri_part: 0.606 lgpa_assign: 3.166
2026-07-12 23:27:37 transreid.train INFO: Epoch[46] Iter[40/227] Loss: 4.183, Acc: 0.955, Base Lr: 5.44e-04 | id_global: 0.651 id_part: 3.852 tri_global: 0.079 tri_part: 0.605 lgpa_assign: 3.177
2026-07-12 23:27:41 transreid.train INFO: Epoch[46] Iter[60/227] Loss: 4.170, Acc: 0.953, Base Lr: 5.44e-04 | id_global: 0.651 id_part: 3.820 tri_global: 0.070 tri_part: 0.603 lgpa_assign: 3.194
2026-07-12 23:27:44 transreid.train INFO: Epoch[46] Iter[80/227] Loss: 4.147, Acc: 0.955, Base Lr: 5.44e-04 | id_global: 0.633 id_part: 3.775 tri_global: 0.071 tri_part: 0.604 lgpa_assign: 3.213
2026-07-12 23:27:47 transreid.train INFO: Epoch[46] Iter[100/227] Loss: 4.125, Acc: 0.958, Base Lr: 5.44e-04 | id_global: 0.619 id_part: 3.749 tri_global: 0.068 tri_part: 0.604 lgpa_assign: 3.210
2026-07-12 23:27:51 transreid.train INFO: Epoch[46] Iter[120/227] Loss: 4.093, Acc: 0.961, Base Lr: 5.44e-04 | id_global: 0.598 id_part: 3.705 tri_global: 0.072 tri_part: 0.604 lgpa_assign: 3.206
2026-07-12 23:27:54 transreid.train INFO: Epoch[46] Iter[140/227] Loss: 4.046, Acc: 0.964, Base Lr: 5.44e-04 | id_global: 0.575 id_part: 3.640 tri_global: 0.070 tri_part: 0.603 lgpa_assign: 3.205
2026-07-12 23:27:58 transreid.train INFO: Epoch[46] Iter[160/227] Loss: 4.000, Acc: 0.966, Base Lr: 5.44e-04 | id_global: 0.555 id_part: 3.563 tri_global: 0.067 tri_part: 0.602 lgpa_assign: 3.213
2026-07-12 23:28:01 transreid.train INFO: Epoch[46] Iter[180/227] Loss: 3.972, Acc: 0.966, Base Lr: 5.44e-04 | id_global: 0.542 id_part: 3.512 tri_global: 0.066 tri_part: 0.602 lgpa_assign: 3.221
2026-07-12 23:28:04 transreid.train INFO: Epoch[46] Iter[200/227] Loss: 3.910, Acc: 0.968, Base Lr: 5.44e-04 | id_global: 0.520 id_part: 3.405 tri_global: 0.063 tri_part: 0.601 lgpa_assign: 3.231
2026-07-12 23:28:06 transreid.train INFO: Epoch 46 done. Time per epoch: 37.049[s] Speed: 366.2[samples/s] ETA: 0h45m
2026-07-12 23:28:11 transreid.train INFO: Epoch[47] Iter[20/227] Loss: 4.142, Acc: 0.966, Base Lr: 5.34e-04 | id_global: 0.639 id_part: 3.767 tri_global: 0.061 tri_part: 0.606 lgpa_assign: 3.211
2026-07-12 23:28:14 transreid.train INFO: Epoch[47] Iter[40/227] Loss: 4.126, Acc: 0.959, Base Lr: 5.34e-04 | id_global: 0.628 id_part: 3.753 tri_global: 0.079 tri_part: 0.606 lgpa_assign: 3.187
2026-07-12 23:28:18 transreid.train INFO: Epoch[47] Iter[60/227] Loss: 4.126, Acc: 0.957, Base Lr: 5.34e-04 | id_global: 0.622 id_part: 3.761 tri_global: 0.070 tri_part: 0.606 lgpa_assign: 3.195
2026-07-12 23:28:21 transreid.train INFO: Epoch[47] Iter[80/227] Loss: 4.089, Acc: 0.962, Base Lr: 5.34e-04 | id_global: 0.600 id_part: 3.737 tri_global: 0.061 tri_part: 0.605 lgpa_assign: 3.175
2026-07-12 23:28:24 transreid.train INFO: Epoch[47] Iter[100/227] Loss: 4.050, Acc: 0.964, Base Lr: 5.34e-04 | id_global: 0.579 id_part: 3.693 tri_global: 0.056 tri_part: 0.602 lgpa_assign: 3.170
2026-07-12 23:28:28 transreid.train INFO: Epoch[47] Iter[120/227] Loss: 4.033, Acc: 0.965, Base Lr: 5.34e-04 | id_global: 0.564 id_part: 3.657 tri_global: 0.060 tri_part: 0.603 lgpa_assign: 3.184
2026-07-12 23:28:31 transreid.train INFO: Epoch[47] Iter[140/227] Loss: 4.012, Acc: 0.965, Base Lr: 5.34e-04 | id_global: 0.557 id_part: 3.621 tri_global: 0.064 tri_part: 0.603 lgpa_assign: 3.178
2026-07-12 23:28:34 transreid.train INFO: Epoch[47] Iter[160/227] Loss: 3.965, Acc: 0.966, Base Lr: 5.34e-04 | id_global: 0.538 id_part: 3.546 tri_global: 0.063 tri_part: 0.602 lgpa_assign: 3.182
2026-07-12 23:28:38 transreid.train INFO: Epoch[47] Iter[180/227] Loss: 3.923, Acc: 0.968, Base Lr: 5.34e-04 | id_global: 0.522 id_part: 3.473 tri_global: 0.064 tri_part: 0.602 lgpa_assign: 3.185
2026-07-12 23:28:41 transreid.train INFO: Epoch[47] Iter[200/227] Loss: 3.863, Acc: 0.969, Base Lr: 5.34e-04 | id_global: 0.501 id_part: 3.363 tri_global: 0.061 tri_part: 0.601 lgpa_assign: 3.200
2026-07-12 23:28:43 transreid.train INFO: Epoch 47 done. Time per epoch: 36.870[s] Speed: 368.0[samples/s] ETA: 0h44m
2026-07-12 23:28:48 transreid.train INFO: Epoch[48] Iter[20/227] Loss: 4.136, Acc: 0.954, Base Lr: 5.24e-04 | id_global: 0.636 id_part: 3.749 tri_global: 0.061 tri_part: 0.598 lgpa_assign: 3.228
2026-07-12 23:28:51 transreid.train INFO: Epoch[48] Iter[40/227] Loss: 4.102, Acc: 0.957, Base Lr: 5.24e-04 | id_global: 0.611 id_part: 3.739 tri_global: 0.066 tri_part: 0.597 lgpa_assign: 3.191
2026-07-12 23:28:55 transreid.train INFO: Epoch[48] Iter[60/227] Loss: 4.058, Acc: 0.961, Base Lr: 5.24e-04 | id_global: 0.592 id_part: 3.689 tri_global: 0.068 tri_part: 0.599 lgpa_assign: 3.169
2026-07-12 23:28:58 transreid.train INFO: Epoch[48] Iter[80/227] Loss: 4.033, Acc: 0.963, Base Lr: 5.24e-04 | id_global: 0.577 id_part: 3.649 tri_global: 0.068 tri_part: 0.599 lgpa_assign: 3.174
2026-07-12 23:29:01 transreid.train INFO: Epoch[48] Iter[100/227] Loss: 4.011, Acc: 0.964, Base Lr: 5.24e-04 | id_global: 0.565 id_part: 3.613 tri_global: 0.071 tri_part: 0.600 lgpa_assign: 3.174
2026-07-12 23:29:05 transreid.train INFO: Epoch[48] Iter[120/227] Loss: 3.989, Acc: 0.968, Base Lr: 5.24e-04 | id_global: 0.549 id_part: 3.585 tri_global: 0.067 tri_part: 0.598 lgpa_assign: 3.179
2026-07-12 23:29:08 transreid.train INFO: Epoch[48] Iter[140/227] Loss: 3.952, Acc: 0.969, Base Lr: 5.24e-04 | id_global: 0.530 id_part: 3.531 tri_global: 0.062 tri_part: 0.598 lgpa_assign: 3.181
2026-07-12 23:29:11 transreid.train INFO: Epoch[48] Iter[160/227] Loss: 3.911, Acc: 0.970, Base Lr: 5.24e-04 | id_global: 0.513 id_part: 3.471 tri_global: 0.061 tri_part: 0.598 lgpa_assign: 3.179
2026-07-12 23:29:15 transreid.train INFO: Epoch[48] Iter[180/227] Loss: 3.862, Acc: 0.972, Base Lr: 5.24e-04 | id_global: 0.493 id_part: 3.403 tri_global: 0.058 tri_part: 0.598 lgpa_assign: 3.172
2026-07-12 23:29:18 transreid.train INFO: Epoch[48] Iter[200/227] Loss: 3.801, Acc: 0.974, Base Lr: 5.24e-04 | id_global: 0.471 id_part: 3.304 tri_global: 0.056 tri_part: 0.596 lgpa_assign: 3.175
2026-07-12 23:29:20 transreid.train INFO: Epoch 48 done. Time per epoch: 37.228[s] Speed: 366.2[samples/s] ETA: 0h44m
2026-07-12 23:29:25 transreid.train INFO: Epoch[49] Iter[20/227] Loss: 4.019, Acc: 0.965, Base Lr: 5.14e-04 | id_global: 0.587 id_part: 3.711 tri_global: 0.053 tri_part: 0.595 lgpa_assign: 3.092
2026-07-12 23:29:29 transreid.train INFO: Epoch[49] Iter[40/227] Loss: 4.010, Acc: 0.962, Base Lr: 5.14e-04 | id_global: 0.586 id_part: 3.671 tri_global: 0.048 tri_part: 0.597 lgpa_assign: 3.118
2026-07-12 23:29:32 transreid.train INFO: Epoch[49] Iter[60/227] Loss: 3.978, Acc: 0.967, Base Lr: 5.14e-04 | id_global: 0.558 id_part: 3.625 tri_global: 0.055 tri_part: 0.598 lgpa_assign: 3.121
2026-07-12 23:29:35 transreid.train INFO: Epoch[49] Iter[80/227] Loss: 3.983, Acc: 0.968, Base Lr: 5.14e-04 | id_global: 0.548 id_part: 3.636 tri_global: 0.053 tri_part: 0.598 lgpa_assign: 3.129
2026-07-12 23:29:39 transreid.train INFO: Epoch[49] Iter[100/227] Loss: 3.942, Acc: 0.969, Base Lr: 5.14e-04 | id_global: 0.528 id_part: 3.569 tri_global: 0.055 tri_part: 0.598 lgpa_assign: 3.134
2026-07-12 23:29:42 transreid.train INFO: Epoch[49] Iter[120/227] Loss: 3.929, Acc: 0.969, Base Lr: 5.14e-04 | id_global: 0.521 id_part: 3.542 tri_global: 0.061 tri_part: 0.599 lgpa_assign: 3.134
2026-07-12 23:29:45 transreid.train INFO: Epoch[49] Iter[140/227] Loss: 3.907, Acc: 0.969, Base Lr: 5.14e-04 | id_global: 0.513 id_part: 3.502 tri_global: 0.062 tri_part: 0.599 lgpa_assign: 3.138
2026-07-12 23:29:49 transreid.train INFO: Epoch[49] Iter[160/227] Loss: 3.861, Acc: 0.970, Base Lr: 5.14e-04 | id_global: 0.494 id_part: 3.431 tri_global: 0.061 tri_part: 0.598 lgpa_assign: 3.137
2026-07-12 23:29:52 transreid.train INFO: Epoch[49] Iter[180/227] Loss: 3.829, Acc: 0.971, Base Lr: 5.14e-04 | id_global: 0.480 id_part: 3.375 tri_global: 0.060 tri_part: 0.597 lgpa_assign: 3.146
2026-07-12 23:29:55 transreid.train INFO: Epoch[49] Iter[200/227] Loss: 3.774, Acc: 0.972, Base Lr: 5.14e-04 | id_global: 0.460 id_part: 3.271 tri_global: 0.059 tri_part: 0.597 lgpa_assign: 3.161
2026-07-12 23:29:57 transreid.train INFO: Epoch 49 done. Time per epoch: 36.823[s] Speed: 365.0[samples/s] ETA: 0h43m
2026-07-12 23:30:02 transreid.train INFO: Epoch[50] Iter[20/227] Loss: 4.115, Acc: 0.955, Base Lr: 5.04e-04 | id_global: 0.622 id_part: 3.787 tri_global: 0.093 tri_part: 0.607 lgpa_assign: 3.121
2026-07-12 23:30:05 transreid.train INFO: Epoch[50] Iter[40/227] Loss: 4.036, Acc: 0.957, Base Lr: 5.04e-04 | id_global: 0.589 id_part: 3.685 tri_global: 0.074 tri_part: 0.605 lgpa_assign: 3.120
2026-07-12 23:30:09 transreid.train INFO: Epoch[50] Iter[60/227] Loss: 4.027, Acc: 0.961, Base Lr: 5.04e-04 | id_global: 0.571 id_part: 3.677 tri_global: 0.065 tri_part: 0.605 lgpa_assign: 3.137
2026-07-12 23:30:12 transreid.train INFO: Epoch[50] Iter[80/227] Loss: 3.978, Acc: 0.964, Base Lr: 5.04e-04 | id_global: 0.544 id_part: 3.623 tri_global: 0.061 tri_part: 0.603 lgpa_assign: 3.125
2026-07-12 23:30:15 transreid.train INFO: Epoch[50] Iter[100/227] Loss: 3.943, Acc: 0.967, Base Lr: 5.04e-04 | id_global: 0.526 id_part: 3.581 tri_global: 0.060 tri_part: 0.603 lgpa_assign: 3.116
2026-07-12 23:30:19 transreid.train INFO: Epoch[50] Iter[120/227] Loss: 3.906, Acc: 0.969, Base Lr: 5.04e-04 | id_global: 0.508 id_part: 3.532 tri_global: 0.056 tri_part: 0.601 lgpa_assign: 3.115
2026-07-12 23:30:22 transreid.train INFO: Epoch[50] Iter[140/227] Loss: 3.882, Acc: 0.970, Base Lr: 5.04e-04 | id_global: 0.497 id_part: 3.495 tri_global: 0.056 tri_part: 0.601 lgpa_assign: 3.114
2026-07-12 23:30:26 transreid.train INFO: Epoch[50] Iter[160/227] Loss: 3.838, Acc: 0.971, Base Lr: 5.04e-04 | id_global: 0.479 id_part: 3.426 tri_global: 0.055 tri_part: 0.599 lgpa_assign: 3.116
2026-07-12 23:30:29 transreid.train INFO: Epoch[50] Iter[180/227] Loss: 3.788, Acc: 0.972, Base Lr: 5.04e-04 | id_global: 0.463 id_part: 3.350 tri_global: 0.054 tri_part: 0.599 lgpa_assign: 3.111
2026-07-12 23:30:32 transreid.train INFO: Epoch[50] Iter[200/227] Loss: 3.732, Acc: 0.974, Base Lr: 5.04e-04 | id_global: 0.443 id_part: 3.243 tri_global: 0.056 tri_part: 0.598 lgpa_assign: 3.124
2026-07-12 23:30:34 transreid.train INFO: Epoch 50 done. Time per epoch: 37.145[s] Speed: 363.5[samples/s] ETA: 0h43m
The test feature is normalized
=> Computing DistMat with euclidean_distance
2026-07-12 23:31:05 transreid.train INFO: Validation Results - Epoch: 50
2026-07-12 23:31:05 transreid.train INFO: mAP: 55.2%
2026-07-12 23:31:05 transreid.train INFO: CMC curve, Rank-1  :64.0%
2026-07-12 23:31:05 transreid.train INFO: CMC curve, Rank-5  :77.3%
2026-07-12 23:31:05 transreid.train INFO: CMC curve, Rank-10 :82.0%
2026-07-12 23:31:10 transreid.train INFO: Epoch[51] Iter[20/227] Loss: 3.954, Acc: 0.974, Base Lr: 4.94e-04 | id_global: 0.510 id_part: 3.668 tri_global: 0.052 tri_part: 0.598 lgpa_assign: 3.079
2026-07-12 23:31:13 transreid.train INFO: Epoch[51] Iter[40/227] Loss: 3.919, Acc: 0.972, Base Lr: 4.94e-04 | id_global: 0.516 id_part: 3.628 tri_global: 0.041 tri_part: 0.595 lgpa_assign: 3.059
2026-07-12 23:31:16 transreid.train INFO: Epoch[51] Iter[60/227] Loss: 3.898, Acc: 0.969, Base Lr: 4.94e-04 | id_global: 0.507 id_part: 3.583 tri_global: 0.045 tri_part: 0.596 lgpa_assign: 3.065
2026-07-12 23:31:20 transreid.train INFO: Epoch[51] Iter[80/227] Loss: 3.876, Acc: 0.971, Base Lr: 4.94e-04 | id_global: 0.496 id_part: 3.558 tri_global: 0.052 tri_part: 0.597 lgpa_assign: 3.050
2026-07-12 23:31:23 transreid.train INFO: Epoch[51] Iter[100/227] Loss: 3.869, Acc: 0.972, Base Lr: 4.94e-04 | id_global: 0.489 id_part: 3.539 tri_global: 0.048 tri_part: 0.598 lgpa_assign: 3.065
2026-07-12 23:31:27 transreid.train INFO: Epoch[51] Iter[120/227] Loss: 3.842, Acc: 0.973, Base Lr: 4.94e-04 | id_global: 0.476 id_part: 3.487 tri_global: 0.050 tri_part: 0.597 lgpa_assign: 3.075
2026-07-12 23:31:30 transreid.train INFO: Epoch[51] Iter[140/227] Loss: 3.818, Acc: 0.973, Base Lr: 4.94e-04 | id_global: 0.468 id_part: 3.443 tri_global: 0.049 tri_part: 0.597 lgpa_assign: 3.079
2026-07-12 23:31:33 transreid.train INFO: Epoch[51] Iter[160/227] Loss: 3.789, Acc: 0.974, Base Lr: 4.94e-04 | id_global: 0.457 id_part: 3.389 tri_global: 0.054 tri_part: 0.597 lgpa_assign: 3.081
2026-07-12 23:31:37 transreid.train INFO: Epoch[51] Iter[180/227] Loss: 3.745, Acc: 0.975, Base Lr: 4.94e-04 | id_global: 0.442 id_part: 3.311 tri_global: 0.053 tri_part: 0.596 lgpa_assign: 3.087
2026-07-12 23:31:40 transreid.train INFO: Epoch[51] Iter[200/227] Loss: 3.686, Acc: 0.977, Base Lr: 4.94e-04 | id_global: 0.424 id_part: 3.205 tri_global: 0.055 tri_part: 0.596 lgpa_assign: 3.093
2026-07-12 23:31:42 transreid.train INFO: Epoch 51 done. Time per epoch: 37.067[s] Speed: 362.6[samples/s] ETA: 0h42m
2026-07-12 23:31:47 transreid.train INFO: Epoch[52] Iter[20/227] Loss: 3.971, Acc: 0.969, Base Lr: 4.84e-04 | id_global: 0.518 id_part: 3.590 tri_global: 0.070 tri_part: 0.600 lgpa_assign: 3.165
2026-07-12 23:31:50 transreid.train INFO: Epoch[52] Iter[40/227] Loss: 3.882, Acc: 0.973, Base Lr: 4.84e-04 | id_global: 0.489 id_part: 3.489 tri_global: 0.068 tri_part: 0.597 lgpa_assign: 3.121
2026-07-12 23:31:53 transreid.train INFO: Epoch[52] Iter[60/227] Loss: 3.855, Acc: 0.973, Base Lr: 4.84e-04 | id_global: 0.484 id_part: 3.484 tri_global: 0.062 tri_part: 0.596 lgpa_assign: 3.083
2026-07-12 23:31:57 transreid.train INFO: Epoch[52] Iter[80/227] Loss: 3.839, Acc: 0.971, Base Lr: 4.84e-04 | id_global: 0.479 id_part: 3.492 tri_global: 0.054 tri_part: 0.595 lgpa_assign: 3.057
2026-07-12 23:32:00 transreid.train INFO: Epoch[52] Iter[100/227] Loss: 3.833, Acc: 0.972, Base Lr: 4.84e-04 | id_global: 0.475 id_part: 3.476 tri_global: 0.058 tri_part: 0.596 lgpa_assign: 3.061
2026-07-12 23:32:03 transreid.train INFO: Epoch[52] Iter[120/227] Loss: 3.807, Acc: 0.974, Base Lr: 4.84e-04 | id_global: 0.462 id_part: 3.444 tri_global: 0.055 tri_part: 0.595 lgpa_assign: 3.059
2026-07-12 23:32:07 transreid.train INFO: Epoch[52] Iter[140/227] Loss: 3.785, Acc: 0.975, Base Lr: 4.84e-04 | id_global: 0.454 id_part: 3.409 tri_global: 0.056 tri_part: 0.595 lgpa_assign: 3.057
2026-07-12 23:32:10 transreid.train INFO: Epoch[52] Iter[160/227] Loss: 3.732, Acc: 0.975, Base Lr: 4.84e-04 | id_global: 0.437 id_part: 3.327 tri_global: 0.052 tri_part: 0.594 lgpa_assign: 3.054
2026-07-12 23:32:14 transreid.train INFO: Epoch[52] Iter[180/227] Loss: 3.696, Acc: 0.976, Base Lr: 4.84e-04 | id_global: 0.422 id_part: 3.260 tri_global: 0.051 tri_part: 0.595 lgpa_assign: 3.065
2026-07-12 23:32:17 transreid.train INFO: Epoch[52] Iter[200/227] Loss: 3.640, Acc: 0.977, Base Lr: 4.84e-04 | id_global: 0.405 id_part: 3.155 tri_global: 0.050 tri_part: 0.594 lgpa_assign: 3.076
2026-07-12 23:32:19 transreid.train INFO: Epoch 52 done. Time per epoch: 37.116[s] Speed: 365.6[samples/s] ETA: 0h42m
2026-07-12 23:32:24 transreid.train INFO: Epoch[53] Iter[20/227] Loss: 3.865, Acc: 0.979, Base Lr: 4.74e-04 | id_global: 0.465 id_part: 3.552 tri_global: 0.046 tri_part: 0.593 lgpa_assign: 3.074
2026-07-12 23:32:27 transreid.train INFO: Epoch[53] Iter[40/227] Loss: 3.833, Acc: 0.973, Base Lr: 4.74e-04 | id_global: 0.469 id_part: 3.517 tri_global: 0.039 tri_part: 0.594 lgpa_assign: 3.048
2026-07-12 23:32:31 transreid.train INFO: Epoch[53] Iter[60/227] Loss: 3.823, Acc: 0.975, Base Lr: 4.74e-04 | id_global: 0.469 id_part: 3.518 tri_global: 0.036 tri_part: 0.596 lgpa_assign: 3.027
2026-07-12 23:32:34 transreid.train INFO: Epoch[53] Iter[80/227] Loss: 3.793, Acc: 0.974, Base Lr: 4.74e-04 | id_global: 0.457 id_part: 3.474 tri_global: 0.035 tri_part: 0.594 lgpa_assign: 3.026
2026-07-12 23:32:37 transreid.train INFO: Epoch[53] Iter[100/227] Loss: 3.773, Acc: 0.976, Base Lr: 4.74e-04 | id_global: 0.446 id_part: 3.439 tri_global: 0.036 tri_part: 0.593 lgpa_assign: 3.031
2026-07-12 23:32:41 transreid.train INFO: Epoch[53] Iter[120/227] Loss: 3.757, Acc: 0.977, Base Lr: 4.74e-04 | id_global: 0.437 id_part: 3.403 tri_global: 0.040 tri_part: 0.595 lgpa_assign: 3.039
2026-07-12 23:32:44 transreid.train INFO: Epoch[53] Iter[140/227] Loss: 3.713, Acc: 0.978, Base Lr: 4.74e-04 | id_global: 0.420 id_part: 3.338 tri_global: 0.040 tri_part: 0.595 lgpa_assign: 3.035
2026-07-12 23:32:48 transreid.train INFO: Epoch[53] Iter[160/227] Loss: 3.689, Acc: 0.978, Base Lr: 4.74e-04 | id_global: 0.410 id_part: 3.282 tri_global: 0.040 tri_part: 0.594 lgpa_assign: 3.053
2026-07-12 23:32:51 transreid.train INFO: Epoch[53] Iter[180/227] Loss: 3.653, Acc: 0.978, Base Lr: 4.74e-04 | id_global: 0.400 id_part: 3.214 tri_global: 0.040 tri_part: 0.593 lgpa_assign: 3.059
2026-07-12 23:32:54 transreid.train INFO: Epoch[53] Iter[200/227] Loss: 3.596, Acc: 0.980, Base Lr: 4.74e-04 | id_global: 0.383 id_part: 3.108 tri_global: 0.040 tri_part: 0.593 lgpa_assign: 3.068
2026-07-12 23:32:57 transreid.train INFO: Epoch 53 done. Time per epoch: 37.857[s] Speed: 358.4[samples/s] ETA: 0h42m
2026-07-12 23:33:02 transreid.train INFO: Epoch[54] Iter[20/227] Loss: 3.872, Acc: 0.966, Base Lr: 4.63e-04 | id_global: 0.515 id_part: 3.582 tri_global: 0.049 tri_part: 0.604 lgpa_assign: 2.995
2026-07-12 23:33:05 transreid.train INFO: Epoch[54] Iter[40/227] Loss: 3.882, Acc: 0.973, Base Lr: 4.63e-04 | id_global: 0.485 id_part: 3.589 tri_global: 0.050 tri_part: 0.603 lgpa_assign: 3.037
2026-07-12 23:33:08 transreid.train INFO: Epoch[54] Iter[60/227] Loss: 3.848, Acc: 0.975, Base Lr: 4.63e-04 | id_global: 0.467 id_part: 3.540 tri_global: 0.046 tri_part: 0.600 lgpa_assign: 3.042
2026-07-12 23:33:12 transreid.train INFO: Epoch[54] Iter[80/227] Loss: 3.804, Acc: 0.977, Base Lr: 4.63e-04 | id_global: 0.455 id_part: 3.491 tri_global: 0.044 tri_part: 0.599 lgpa_assign: 3.021
2026-07-12 23:33:15 transreid.train INFO: Epoch[54] Iter[100/227] Loss: 3.778, Acc: 0.976, Base Lr: 4.63e-04 | id_global: 0.446 id_part: 3.448 tri_global: 0.044 tri_part: 0.598 lgpa_assign: 3.020
2026-07-12 23:33:19 transreid.train INFO: Epoch[54] Iter[120/227] Loss: 3.754, Acc: 0.977, Base Lr: 4.63e-04 | id_global: 0.435 id_part: 3.409 tri_global: 0.044 tri_part: 0.597 lgpa_assign: 3.023
2026-07-12 23:33:22 transreid.train INFO: Epoch[54] Iter[140/227] Loss: 3.721, Acc: 0.978, Base Lr: 4.63e-04 | id_global: 0.421 id_part: 3.344 tri_global: 0.044 tri_part: 0.596 lgpa_assign: 3.037
2026-07-12 23:33:25 transreid.train INFO: Epoch[54] Iter[160/227] Loss: 3.681, Acc: 0.980, Base Lr: 4.63e-04 | id_global: 0.407 id_part: 3.271 tri_global: 0.044 tri_part: 0.595 lgpa_assign: 3.044
2026-07-12 23:33:29 transreid.train INFO: Epoch[54] Iter[180/227] Loss: 3.637, Acc: 0.980, Base Lr: 4.63e-04 | id_global: 0.396 id_part: 3.196 tri_global: 0.044 tri_part: 0.594 lgpa_assign: 3.044
2026-07-12 23:33:32 transreid.train INFO: Epoch[54] Iter[200/227] Loss: 3.585, Acc: 0.981, Base Lr: 4.63e-04 | id_global: 0.381 id_part: 3.091 tri_global: 0.045 tri_part: 0.594 lgpa_assign: 3.059
2026-07-12 23:33:34 transreid.train INFO: Epoch 54 done. Time per epoch: 37.419[s] Speed: 362.6[samples/s] ETA: 0h41m
2026-07-12 23:33:39 transreid.train INFO: Epoch[55] Iter[20/227] Loss: 3.809, Acc: 0.974, Base Lr: 4.53e-04 | id_global: 0.479 id_part: 3.477 tri_global: 0.049 tri_part: 0.596 lgpa_assign: 3.016
2026-07-12 23:33:42 transreid.train INFO: Epoch[55] Iter[40/227] Loss: 3.779, Acc: 0.973, Base Lr: 4.53e-04 | id_global: 0.462 id_part: 3.463 tri_global: 0.039 tri_part: 0.594 lgpa_assign: 2.999
2026-07-12 23:33:46 transreid.train INFO: Epoch[55] Iter[60/227] Loss: 3.746, Acc: 0.976, Base Lr: 4.53e-04 | id_global: 0.443 id_part: 3.417 tri_global: 0.035 tri_part: 0.593 lgpa_assign: 3.003
2026-07-12 23:33:49 transreid.train INFO: Epoch[55] Iter[80/227] Loss: 3.738, Acc: 0.977, Base Lr: 4.53e-04 | id_global: 0.433 id_part: 3.392 tri_global: 0.043 tri_part: 0.595 lgpa_assign: 3.012
2026-07-12 23:33:52 transreid.train INFO: Epoch[55] Iter[100/227] Loss: 3.713, Acc: 0.977, Base Lr: 4.53e-04 | id_global: 0.425 id_part: 3.362 tri_global: 0.044 tri_part: 0.596 lgpa_assign: 2.998
2026-07-12 23:33:56 transreid.train INFO: Epoch[55] Iter[120/227] Loss: 3.686, Acc: 0.978, Base Lr: 4.53e-04 | id_global: 0.417 id_part: 3.320 tri_global: 0.041 tri_part: 0.596 lgpa_assign: 2.999
2026-07-12 23:33:59 transreid.train INFO: Epoch[55] Iter[140/227] Loss: 3.654, Acc: 0.979, Base Lr: 4.53e-04 | id_global: 0.406 id_part: 3.269 tri_global: 0.040 tri_part: 0.595 lgpa_assign: 2.998
2026-07-12 23:34:02 transreid.train INFO: Epoch[55] Iter[160/227] Loss: 3.638, Acc: 0.979, Base Lr: 4.53e-04 | id_global: 0.400 id_part: 3.232 tri_global: 0.042 tri_part: 0.596 lgpa_assign: 3.006
2026-07-12 23:34:06 transreid.train INFO: Epoch[55] Iter[180/227] Loss: 3.597, Acc: 0.979, Base Lr: 4.53e-04 | id_global: 0.386 id_part: 3.156 tri_global: 0.043 tri_part: 0.595 lgpa_assign: 3.013
2026-07-12 23:34:09 transreid.train INFO: Epoch[55] Iter[200/227] Loss: 3.552, Acc: 0.980, Base Lr: 4.53e-04 | id_global: 0.373 id_part: 3.056 tri_global: 0.046 tri_part: 0.595 lgpa_assign: 3.035
2026-07-12 23:34:11 transreid.train INFO: Epoch 55 done. Time per epoch: 37.110[s] Speed: 367.3[samples/s] ETA: 0h40m
2026-07-12 23:34:16 transreid.train INFO: Epoch[56] Iter[20/227] Loss: 3.746, Acc: 0.978, Base Lr: 4.43e-04 | id_global: 0.443 id_part: 3.441 tri_global: 0.044 tri_part: 0.593 lgpa_assign: 2.970
2026-07-12 23:34:19 transreid.train INFO: Epoch[56] Iter[40/227] Loss: 3.746, Acc: 0.978, Base Lr: 4.43e-04 | id_global: 0.444 id_part: 3.458 tri_global: 0.048 tri_part: 0.593 lgpa_assign: 2.948
2026-07-12 23:34:23 transreid.train INFO: Epoch[56] Iter[60/227] Loss: 3.714, Acc: 0.977, Base Lr: 4.43e-04 | id_global: 0.433 id_part: 3.407 tri_global: 0.043 tri_part: 0.592 lgpa_assign: 2.954
2026-07-12 23:34:26 transreid.train INFO: Epoch[56] Iter[80/227] Loss: 3.699, Acc: 0.977, Base Lr: 4.43e-04 | id_global: 0.424 id_part: 3.369 tri_global: 0.042 tri_part: 0.592 lgpa_assign: 2.970
2026-07-12 23:34:29 transreid.train INFO: Epoch[56] Iter[100/227] Loss: 3.688, Acc: 0.977, Base Lr: 4.43e-04 | id_global: 0.415 id_part: 3.340 tri_global: 0.043 tri_part: 0.593 lgpa_assign: 2.986
2026-07-12 23:34:33 transreid.train INFO: Epoch[56] Iter[120/227] Loss: 3.667, Acc: 0.978, Base Lr: 4.43e-04 | id_global: 0.407 id_part: 3.306 tri_global: 0.043 tri_part: 0.594 lgpa_assign: 2.984
2026-07-12 23:34:36 transreid.train INFO: Epoch[56] Iter[140/227] Loss: 3.641, Acc: 0.979, Base Lr: 4.43e-04 | id_global: 0.394 id_part: 3.252 tri_global: 0.041 tri_part: 0.594 lgpa_assign: 3.001
2026-07-12 23:34:39 transreid.train INFO: Epoch[56] Iter[160/227] Loss: 3.603, Acc: 0.980, Base Lr: 4.43e-04 | id_global: 0.382 id_part: 3.192 tri_global: 0.039 tri_part: 0.594 lgpa_assign: 2.999
2026-07-12 23:34:43 transreid.train INFO: Epoch[56] Iter[180/227] Loss: 3.568, Acc: 0.981, Base Lr: 4.43e-04 | id_global: 0.370 id_part: 3.120 tri_global: 0.038 tri_part: 0.594 lgpa_assign: 3.014
2026-07-12 23:34:46 transreid.train INFO: Epoch[56] Iter[200/227] Loss: 3.517, Acc: 0.981, Base Lr: 4.43e-04 | id_global: 0.356 id_part: 3.025 tri_global: 0.038 tri_part: 0.593 lgpa_assign: 3.023
2026-07-12 23:34:48 transreid.train INFO: Epoch 56 done. Time per epoch: 36.750[s] Speed: 367.5[samples/s] ETA: 0h39m
2026-07-12 23:34:53 transreid.train INFO: Epoch[57] Iter[20/227] Loss: 3.792, Acc: 0.972, Base Lr: 4.32e-04 | id_global: 0.448 id_part: 3.460 tri_global: 0.060 tri_part: 0.592 lgpa_assign: 3.026
2026-07-12 23:34:56 transreid.train INFO: Epoch[57] Iter[40/227] Loss: 3.720, Acc: 0.977, Base Lr: 4.32e-04 | id_global: 0.416 id_part: 3.396 tri_global: 0.037 tri_part: 0.589 lgpa_assign: 3.002
2026-07-12 23:34:59 transreid.train INFO: Epoch[57] Iter[60/227] Loss: 3.688, Acc: 0.978, Base Lr: 4.32e-04 | id_global: 0.403 id_part: 3.329 tri_global: 0.041 tri_part: 0.592 lgpa_assign: 3.010
2026-07-12 23:35:03 transreid.train INFO: Epoch[57] Iter[80/227] Loss: 3.679, Acc: 0.978, Base Lr: 4.32e-04 | id_global: 0.403 id_part: 3.318 tri_global: 0.045 tri_part: 0.592 lgpa_assign: 2.999
2026-07-12 23:35:06 transreid.train INFO: Epoch[57] Iter[100/227] Loss: 3.672, Acc: 0.979, Base Lr: 4.32e-04 | id_global: 0.396 id_part: 3.312 tri_global: 0.043 tri_part: 0.592 lgpa_assign: 3.001
2026-07-12 23:35:10 transreid.train INFO: Epoch[57] Iter[120/227] Loss: 3.646, Acc: 0.979, Base Lr: 4.32e-04 | id_global: 0.385 id_part: 3.259 tri_global: 0.043 tri_part: 0.592 lgpa_assign: 3.013
2026-07-12 23:35:13 transreid.train INFO: Epoch[57] Iter[140/227] Loss: 3.624, Acc: 0.980, Base Lr: 4.32e-04 | id_global: 0.378 id_part: 3.213 tri_global: 0.046 tri_part: 0.592 lgpa_assign: 3.018
2026-07-12 23:35:16 transreid.train INFO: Epoch[57] Iter[160/227] Loss: 3.597, Acc: 0.979, Base Lr: 4.32e-04 | id_global: 0.372 id_part: 3.163 tri_global: 0.046 tri_part: 0.592 lgpa_assign: 3.021
2026-07-12 23:35:20 transreid.train INFO: Epoch[57] Iter[180/227] Loss: 3.551, Acc: 0.980, Base Lr: 4.32e-04 | id_global: 0.361 id_part: 3.089 tri_global: 0.045 tri_part: 0.592 lgpa_assign: 3.014
2026-07-12 23:35:23 transreid.train INFO: Epoch[57] Iter[200/227] Loss: 3.500, Acc: 0.981, Base Lr: 4.32e-04 | id_global: 0.349 id_part: 2.989 tri_global: 0.047 tri_part: 0.592 lgpa_assign: 3.024
2026-07-12 23:35:25 transreid.train INFO: Epoch 57 done. Time per epoch: 36.610[s] Speed: 367.1[samples/s] ETA: 0h38m
2026-07-12 23:35:29 transreid.train INFO: Epoch[58] Iter[20/227] Loss: 3.758, Acc: 0.973, Base Lr: 4.22e-04 | id_global: 0.439 id_part: 3.423 tri_global: 0.053 tri_part: 0.593 lgpa_assign: 3.008
2026-07-12 23:35:33 transreid.train INFO: Epoch[58] Iter[40/227] Loss: 3.734, Acc: 0.973, Base Lr: 4.22e-04 | id_global: 0.426 id_part: 3.384 tri_global: 0.051 tri_part: 0.594 lgpa_assign: 3.012
2026-07-12 23:35:36 transreid.train INFO: Epoch[58] Iter[60/227] Loss: 3.730, Acc: 0.976, Base Lr: 4.22e-04 | id_global: 0.423 id_part: 3.384 tri_global: 0.048 tri_part: 0.594 lgpa_assign: 3.011
2026-07-12 23:35:39 transreid.train INFO: Epoch[58] Iter[80/227] Loss: 3.691, Acc: 0.974, Base Lr: 4.22e-04 | id_global: 0.410 id_part: 3.329 tri_global: 0.044 tri_part: 0.593 lgpa_assign: 3.006
2026-07-12 23:35:43 transreid.train INFO: Epoch[58] Iter[100/227] Loss: 3.659, Acc: 0.976, Base Lr: 4.22e-04 | id_global: 0.396 id_part: 3.290 tri_global: 0.044 tri_part: 0.593 lgpa_assign: 2.996
2026-07-12 23:35:46 transreid.train INFO: Epoch[58] Iter[120/227] Loss: 3.625, Acc: 0.977, Base Lr: 4.22e-04 | id_global: 0.386 id_part: 3.238 tri_global: 0.045 tri_part: 0.592 lgpa_assign: 2.989
2026-07-12 23:35:49 transreid.train INFO: Epoch[58] Iter[140/227] Loss: 3.595, Acc: 0.977, Base Lr: 4.22e-04 | id_global: 0.373 id_part: 3.185 tri_global: 0.043 tri_part: 0.593 lgpa_assign: 2.995
2026-07-12 23:35:53 transreid.train INFO: Epoch[58] Iter[160/227] Loss: 3.567, Acc: 0.978, Base Lr: 4.22e-04 | id_global: 0.365 id_part: 3.137 tri_global: 0.043 tri_part: 0.593 lgpa_assign: 2.998
2026-07-12 23:35:56 transreid.train INFO: Epoch[58] Iter[180/227] Loss: 3.529, Acc: 0.979, Base Lr: 4.22e-04 | id_global: 0.354 id_part: 3.068 tri_global: 0.042 tri_part: 0.592 lgpa_assign: 3.002
2026-07-12 23:36:00 transreid.train INFO: Epoch[58] Iter[200/227] Loss: 3.472, Acc: 0.979, Base Lr: 4.22e-04 | id_global: 0.341 id_part: 2.960 tri_global: 0.045 tri_part: 0.591 lgpa_assign: 3.008
2026-07-12 23:36:02 transreid.train INFO: Epoch 58 done. Time per epoch: 37.127[s] Speed: 367.2[samples/s] ETA: 0h38m
2026-07-12 23:36:06 transreid.train INFO: Epoch[59] Iter[20/227] Loss: 3.792, Acc: 0.974, Base Lr: 4.11e-04 | id_global: 0.463 id_part: 3.488 tri_global: 0.061 tri_part: 0.601 lgpa_assign: 2.970
2026-07-12 23:36:10 transreid.train INFO: Epoch[59] Iter[40/227] Loss: 3.774, Acc: 0.973, Base Lr: 4.11e-04 | id_global: 0.451 id_part: 3.421 tri_global: 0.059 tri_part: 0.597 lgpa_assign: 3.021
2026-07-12 23:36:13 transreid.train INFO: Epoch[59] Iter[60/227] Loss: 3.692, Acc: 0.975, Base Lr: 4.11e-04 | id_global: 0.418 id_part: 3.327 tri_global: 0.049 tri_part: 0.594 lgpa_assign: 2.995
2026-07-12 23:36:17 transreid.train INFO: Epoch[59] Iter[80/227] Loss: 3.663, Acc: 0.977, Base Lr: 4.11e-04 | id_global: 0.410 id_part: 3.298 tri_global: 0.051 tri_part: 0.595 lgpa_assign: 2.972
2026-07-12 23:36:20 transreid.train INFO: Epoch[59] Iter[100/227] Loss: 3.640, Acc: 0.978, Base Lr: 4.11e-04 | id_global: 0.398 id_part: 3.256 tri_global: 0.050 tri_part: 0.595 lgpa_assign: 2.980
2026-07-12 23:36:23 transreid.train INFO: Epoch[59] Iter[120/227] Loss: 3.606, Acc: 0.979, Base Lr: 4.11e-04 | id_global: 0.388 id_part: 3.213 tri_global: 0.049 tri_part: 0.595 lgpa_assign: 2.969
2026-07-12 23:36:27 transreid.train INFO: Epoch[59] Iter[140/227] Loss: 3.569, Acc: 0.981, Base Lr: 4.11e-04 | id_global: 0.372 id_part: 3.153 tri_global: 0.045 tri_part: 0.593 lgpa_assign: 2.975
2026-07-12 23:36:30 transreid.train INFO: Epoch[59] Iter[160/227] Loss: 3.531, Acc: 0.981, Base Lr: 4.11e-04 | id_global: 0.361 id_part: 3.085 tri_global: 0.044 tri_part: 0.592 lgpa_assign: 2.979
2026-07-12 23:36:34 transreid.train INFO: Epoch[59] Iter[180/227] Loss: 3.494, Acc: 0.981, Base Lr: 4.11e-04 | id_global: 0.351 id_part: 3.027 tri_global: 0.044 tri_part: 0.592 lgpa_assign: 2.974
2026-07-12 23:36:37 transreid.train INFO: Epoch[59] Iter[200/227] Loss: 3.445, Acc: 0.982, Base Lr: 4.11e-04 | id_global: 0.340 id_part: 2.937 tri_global: 0.044 tri_part: 0.593 lgpa_assign: 2.978
2026-07-12 23:36:39 transreid.train INFO: Epoch 59 done. Time per epoch: 36.964[s] Speed: 365.3[samples/s] ETA: 0h37m
2026-07-12 23:36:43 transreid.train INFO: Epoch[60] Iter[20/227] Loss: 3.684, Acc: 0.970, Base Lr: 4.01e-04 | id_global: 0.424 id_part: 3.348 tri_global: 0.048 tri_part: 0.592 lgpa_assign: 2.957
2026-07-12 23:36:47 transreid.train INFO: Epoch[60] Iter[40/227] Loss: 3.620, Acc: 0.977, Base Lr: 4.01e-04 | id_global: 0.385 id_part: 3.279 tri_global: 0.039 tri_part: 0.589 lgpa_assign: 2.947
2026-07-12 23:36:50 transreid.train INFO: Epoch[60] Iter[60/227] Loss: 3.619, Acc: 0.976, Base Lr: 4.01e-04 | id_global: 0.385 id_part: 3.272 tri_global: 0.037 tri_part: 0.590 lgpa_assign: 2.955
2026-07-12 23:36:54 transreid.train INFO: Epoch[60] Iter[80/227] Loss: 3.601, Acc: 0.977, Base Lr: 4.01e-04 | id_global: 0.377 id_part: 3.241 tri_global: 0.033 tri_part: 0.591 lgpa_assign: 2.961
2026-07-12 23:36:57 transreid.train INFO: Epoch[60] Iter[100/227] Loss: 3.602, Acc: 0.977, Base Lr: 4.01e-04 | id_global: 0.375 id_part: 3.234 tri_global: 0.035 tri_part: 0.591 lgpa_assign: 2.968
2026-07-12 23:37:00 transreid.train INFO: Epoch[60] Iter[120/227] Loss: 3.571, Acc: 0.978, Base Lr: 4.01e-04 | id_global: 0.363 id_part: 3.191 tri_global: 0.035 tri_part: 0.591 lgpa_assign: 2.962
2026-07-12 23:37:04 transreid.train INFO: Epoch[60] Iter[140/227] Loss: 3.535, Acc: 0.979, Base Lr: 4.01e-04 | id_global: 0.354 id_part: 3.128 tri_global: 0.040 tri_part: 0.590 lgpa_assign: 2.957
2026-07-12 23:37:07 transreid.train INFO: Epoch[60] Iter[160/227] Loss: 3.510, Acc: 0.980, Base Lr: 4.01e-04 | id_global: 0.344 id_part: 3.076 tri_global: 0.040 tri_part: 0.590 lgpa_assign: 2.970
2026-07-12 23:37:10 transreid.train INFO: Epoch[60] Iter[180/227] Loss: 3.476, Acc: 0.980, Base Lr: 4.01e-04 | id_global: 0.335 id_part: 3.010 tri_global: 0.040 tri_part: 0.590 lgpa_assign: 2.977
2026-07-12 23:37:14 transreid.train INFO: Epoch[60] Iter[200/227] Loss: 3.420, Acc: 0.982, Base Lr: 4.01e-04 | id_global: 0.321 id_part: 2.909 tri_global: 0.039 tri_part: 0.589 lgpa_assign: 2.982
2026-07-12 23:37:16 transreid.train INFO: Epoch 60 done. Time per epoch: 37.300[s] Speed: 365.5[samples/s] ETA: 0h37m
The test feature is normalized
=> Computing DistMat with euclidean_distance
2026-07-12 23:37:46 transreid.train INFO: Validation Results - Epoch: 60
2026-07-12 23:37:46 transreid.train INFO: mAP: 57.0%
2026-07-12 23:37:46 transreid.train INFO: CMC curve, Rank-1  :67.1%
2026-07-12 23:37:46 transreid.train INFO: CMC curve, Rank-5  :79.7%
2026-07-12 23:37:46 transreid.train INFO: CMC curve, Rank-10 :83.9%
2026-07-12 23:37:51 transreid.train INFO: Epoch[61] Iter[20/227] Loss: 3.640, Acc: 0.975, Base Lr: 3.90e-04 | id_global: 0.397 id_part: 3.322 tri_global: 0.050 tri_part: 0.598 lgpa_assign: 2.913
2026-07-12 23:37:54 transreid.train INFO: Epoch[61] Iter[40/227] Loss: 3.631, Acc: 0.974, Base Lr: 3.90e-04 | id_global: 0.390 id_part: 3.315 tri_global: 0.045 tri_part: 0.593 lgpa_assign: 2.919
2026-07-12 23:37:58 transreid.train INFO: Epoch[61] Iter[60/227] Loss: 3.593, Acc: 0.980, Base Lr: 3.90e-04 | id_global: 0.371 id_part: 3.271 tri_global: 0.041 tri_part: 0.590 lgpa_assign: 2.912
2026-07-12 23:38:01 transreid.train INFO: Epoch[61] Iter[80/227] Loss: 3.569, Acc: 0.980, Base Lr: 3.90e-04 | id_global: 0.361 id_part: 3.226 tri_global: 0.039 tri_part: 0.590 lgpa_assign: 2.920
2026-07-12 23:38:04 transreid.train INFO: Epoch[61] Iter[100/227] Loss: 3.545, Acc: 0.980, Base Lr: 3.90e-04 | id_global: 0.354 id_part: 3.181 tri_global: 0.040 tri_part: 0.590 lgpa_assign: 2.926
2026-07-12 23:38:08 transreid.train INFO: Epoch[61] Iter[120/227] Loss: 3.522, Acc: 0.981, Base Lr: 3.90e-04 | id_global: 0.345 id_part: 3.144 tri_global: 0.036 tri_part: 0.589 lgpa_assign: 2.929
2026-07-12 23:38:11 transreid.train INFO: Epoch[61] Iter[140/227] Loss: 3.496, Acc: 0.982, Base Lr: 3.90e-04 | id_global: 0.336 id_part: 3.105 tri_global: 0.035 tri_part: 0.588 lgpa_assign: 2.928
2026-07-12 23:38:15 transreid.train INFO: Epoch[61] Iter[160/227] Loss: 3.468, Acc: 0.982, Base Lr: 3.90e-04 | id_global: 0.330 id_part: 3.050 tri_global: 0.036 tri_part: 0.589 lgpa_assign: 2.932
2026-07-12 23:38:18 transreid.train INFO: Epoch[61] Iter[180/227] Loss: 3.434, Acc: 0.983, Base Lr: 3.90e-04 | id_global: 0.320 id_part: 2.977 tri_global: 0.035 tri_part: 0.588 lgpa_assign: 2.948
2026-07-12 23:38:21 transreid.train INFO: Epoch[61] Iter[200/227] Loss: 3.384, Acc: 0.983, Base Lr: 3.90e-04 | id_global: 0.308 id_part: 2.877 tri_global: 0.035 tri_part: 0.588 lgpa_assign: 2.959
2026-07-12 23:38:23 transreid.train INFO: Epoch 61 done. Time per epoch: 36.952[s] Speed: 367.2[samples/s] ETA: 0h36m
2026-07-12 23:38:28 transreid.train INFO: Epoch[62] Iter[20/227] Loss: 3.566, Acc: 0.984, Base Lr: 3.80e-04 | id_global: 0.343 id_part: 3.181 tri_global: 0.039 tri_part: 0.587 lgpa_assign: 2.983
2026-07-12 23:38:31 transreid.train INFO: Epoch[62] Iter[40/227] Loss: 3.569, Acc: 0.985, Base Lr: 3.80e-04 | id_global: 0.351 id_part: 3.191 tri_global: 0.044 tri_part: 0.586 lgpa_assign: 2.965
2026-07-12 23:38:35 transreid.train INFO: Epoch[62] Iter[60/227] Loss: 3.587, Acc: 0.983, Base Lr: 3.80e-04 | id_global: 0.356 id_part: 3.207 tri_global: 0.046 tri_part: 0.591 lgpa_assign: 2.975
2026-07-12 23:38:38 transreid.train INFO: Epoch[62] Iter[80/227] Loss: 3.576, Acc: 0.982, Base Lr: 3.80e-04 | id_global: 0.354 id_part: 3.198 tri_global: 0.055 tri_part: 0.591 lgpa_assign: 2.953
2026-07-12 23:38:41 transreid.train INFO: Epoch[62] Iter[100/227] Loss: 3.572, Acc: 0.981, Base Lr: 3.80e-04 | id_global: 0.356 id_part: 3.184 tri_global: 0.050 tri_part: 0.591 lgpa_assign: 2.964
2026-07-12 23:38:45 transreid.train INFO: Epoch[62] Iter[120/227] Loss: 3.536, Acc: 0.981, Base Lr: 3.80e-04 | id_global: 0.347 id_part: 3.133 tri_global: 0.047 tri_part: 0.591 lgpa_assign: 2.953
2026-07-12 23:38:48 transreid.train INFO: Epoch[62] Iter[140/227] Loss: 3.505, Acc: 0.980, Base Lr: 3.80e-04 | id_global: 0.342 id_part: 3.081 tri_global: 0.048 tri_part: 0.591 lgpa_assign: 2.947
2026-07-12 23:38:52 transreid.train INFO: Epoch[62] Iter[160/227] Loss: 3.466, Acc: 0.982, Base Lr: 3.80e-04 | id_global: 0.332 id_part: 3.019 tri_global: 0.045 tri_part: 0.592 lgpa_assign: 2.943
2026-07-12 23:38:55 transreid.train INFO: Epoch[62] Iter[180/227] Loss: 3.429, Acc: 0.983, Base Lr: 3.80e-04 | id_global: 0.323 id_part: 2.955 tri_global: 0.044 tri_part: 0.591 lgpa_assign: 2.945
2026-07-12 23:38:58 transreid.train INFO: Epoch[62] Iter[200/227] Loss: 3.378, Acc: 0.984, Base Lr: 3.80e-04 | id_global: 0.309 id_part: 2.857 tri_global: 0.044 tri_part: 0.591 lgpa_assign: 2.955
2026-07-12 23:39:00 transreid.train INFO: Epoch 62 done. Time per epoch: 36.890[s] Speed: 366.1[samples/s] ETA: 0h35m
2026-07-12 23:39:05 transreid.train INFO: Epoch[63] Iter[20/227] Loss: 3.599, Acc: 0.977, Base Lr: 3.69e-04 | id_global: 0.365 id_part: 3.252 tri_global: 0.031 tri_part: 0.580 lgpa_assign: 2.971
2026-07-12 23:39:08 transreid.train INFO: Epoch[63] Iter[40/227] Loss: 3.580, Acc: 0.980, Base Lr: 3.69e-04 | id_global: 0.357 id_part: 3.263 tri_global: 0.028 tri_part: 0.581 lgpa_assign: 2.931
2026-07-12 23:39:12 transreid.train INFO: Epoch[63] Iter[60/227] Loss: 3.554, Acc: 0.981, Base Lr: 3.69e-04 | id_global: 0.348 id_part: 3.218 tri_global: 0.031 tri_part: 0.582 lgpa_assign: 2.928
2026-07-12 23:39:15 transreid.train INFO: Epoch[63] Iter[80/227] Loss: 3.552, Acc: 0.981, Base Lr: 3.69e-04 | id_global: 0.345 id_part: 3.195 tri_global: 0.037 tri_part: 0.586 lgpa_assign: 2.940
2026-07-12 23:39:18 transreid.train INFO: Epoch[63] Iter[100/227] Loss: 3.517, Acc: 0.981, Base Lr: 3.69e-04 | id_global: 0.340 id_part: 3.150 tri_global: 0.036 tri_part: 0.587 lgpa_assign: 2.920
2026-07-12 23:39:22 transreid.train INFO: Epoch[63] Iter[120/227] Loss: 3.485, Acc: 0.982, Base Lr: 3.69e-04 | id_global: 0.329 id_part: 3.088 tri_global: 0.034 tri_part: 0.585 lgpa_assign: 2.934
2026-07-12 23:39:25 transreid.train INFO: Epoch[63] Iter[140/227] Loss: 3.461, Acc: 0.982, Base Lr: 3.69e-04 | id_global: 0.323 id_part: 3.037 tri_global: 0.033 tri_part: 0.586 lgpa_assign: 2.942
2026-07-12 23:39:28 transreid.train INFO: Epoch[63] Iter[160/227] Loss: 3.437, Acc: 0.983, Base Lr: 3.69e-04 | id_global: 0.315 id_part: 2.994 tri_global: 0.032 tri_part: 0.587 lgpa_assign: 2.947
2026-07-12 23:39:32 transreid.train INFO: Epoch[63] Iter[180/227] Loss: 3.398, Acc: 0.984, Base Lr: 3.69e-04 | id_global: 0.304 id_part: 2.926 tri_global: 0.033 tri_part: 0.587 lgpa_assign: 2.947
2026-07-12 23:39:35 transreid.train INFO: Epoch[63] Iter[200/227] Loss: 3.343, Acc: 0.985, Base Lr: 3.69e-04 | id_global: 0.292 id_part: 2.823 tri_global: 0.032 tri_part: 0.586 lgpa_assign: 2.953
2026-07-12 23:39:37 transreid.train INFO: Epoch 63 done. Time per epoch: 36.700[s] Speed: 366.2[samples/s] ETA: 0h34m
2026-07-12 23:39:41 transreid.train INFO: Epoch[64] Iter[20/227] Loss: 3.592, Acc: 0.973, Base Lr: 3.59e-04 | id_global: 0.381 id_part: 3.277 tri_global: 0.035 tri_part: 0.588 lgpa_assign: 2.904
2026-07-12 23:39:45 transreid.train INFO: Epoch[64] Iter[40/227] Loss: 3.570, Acc: 0.981, Base Lr: 3.59e-04 | id_global: 0.357 id_part: 3.261 tri_global: 0.031 tri_part: 0.587 lgpa_assign: 2.904
2026-07-12 23:39:48 transreid.train INFO: Epoch[64] Iter[60/227] Loss: 3.536, Acc: 0.981, Base Lr: 3.59e-04 | id_global: 0.345 id_part: 3.227 tri_global: 0.026 tri_part: 0.586 lgpa_assign: 2.888
2026-07-12 23:39:52 transreid.train INFO: Epoch[64] Iter[80/227] Loss: 3.507, Acc: 0.983, Base Lr: 3.59e-04 | id_global: 0.331 id_part: 3.162 tri_global: 0.025 tri_part: 0.586 lgpa_assign: 2.910
2026-07-12 23:39:55 transreid.train INFO: Epoch[64] Iter[100/227] Loss: 3.487, Acc: 0.984, Base Lr: 3.59e-04 | id_global: 0.326 id_part: 3.129 tri_global: 0.025 tri_part: 0.585 lgpa_assign: 2.908
2026-07-12 23:39:58 transreid.train INFO: Epoch[64] Iter[120/227] Loss: 3.461, Acc: 0.984, Base Lr: 3.59e-04 | id_global: 0.317 id_part: 3.089 tri_global: 0.025 tri_part: 0.585 lgpa_assign: 2.905
2026-07-12 23:40:02 transreid.train INFO: Epoch[64] Iter[140/227] Loss: 3.442, Acc: 0.984, Base Lr: 3.59e-04 | id_global: 0.315 id_part: 3.050 tri_global: 0.026 tri_part: 0.586 lgpa_assign: 2.907
2026-07-12 23:40:05 transreid.train INFO: Epoch[64] Iter[160/227] Loss: 3.411, Acc: 0.985, Base Lr: 3.59e-04 | id_global: 0.306 id_part: 2.984 tri_global: 0.029 tri_part: 0.586 lgpa_assign: 2.917
2026-07-12 23:40:08 transreid.train INFO: Epoch[64] Iter[180/227] Loss: 3.363, Acc: 0.986, Base Lr: 3.59e-04 | id_global: 0.294 id_part: 2.899 tri_global: 0.028 tri_part: 0.585 lgpa_assign: 2.920
2026-07-12 23:40:12 transreid.train INFO: Epoch[64] Iter[200/227] Loss: 3.311, Acc: 0.986, Base Lr: 3.59e-04 | id_global: 0.282 id_part: 2.794 tri_global: 0.028 tri_part: 0.585 lgpa_assign: 2.934
2026-07-12 23:40:14 transreid.train INFO: Epoch 64 done. Time per epoch: 36.704[s] Speed: 367.9[samples/s] ETA: 0h34m
2026-07-12 23:40:18 transreid.train INFO: Epoch[65] Iter[20/227] Loss: 3.542, Acc: 0.980, Base Lr: 3.49e-04 | id_global: 0.347 id_part: 3.150 tri_global: 0.024 tri_part: 0.584 lgpa_assign: 2.979
2026-07-12 23:40:22 transreid.train INFO: Epoch[65] Iter[40/227] Loss: 3.531, Acc: 0.982, Base Lr: 3.49e-04 | id_global: 0.337 id_part: 3.174 tri_global: 0.029 tri_part: 0.583 lgpa_assign: 2.939
2026-07-12 23:40:25 transreid.train INFO: Epoch[65] Iter[60/227] Loss: 3.553, Acc: 0.980, Base Lr: 3.49e-04 | id_global: 0.346 id_part: 3.206 tri_global: 0.036 tri_part: 0.585 lgpa_assign: 2.933
2026-07-12 23:40:28 transreid.train INFO: Epoch[65] Iter[80/227] Loss: 3.530, Acc: 0.981, Base Lr: 3.49e-04 | id_global: 0.345 id_part: 3.167 tri_global: 0.041 tri_part: 0.586 lgpa_assign: 2.921
2026-07-12 23:40:32 transreid.train INFO: Epoch[65] Iter[100/227] Loss: 3.503, Acc: 0.982, Base Lr: 3.49e-04 | id_global: 0.335 id_part: 3.131 tri_global: 0.038 tri_part: 0.586 lgpa_assign: 2.917
2026-07-12 23:40:35 transreid.train INFO: Epoch[65] Iter[120/227] Loss: 3.475, Acc: 0.983, Base Lr: 3.49e-04 | id_global: 0.328 id_part: 3.081 tri_global: 0.037 tri_part: 0.587 lgpa_assign: 2.918
2026-07-12 23:40:38 transreid.train INFO: Epoch[65] Iter[140/227] Loss: 3.438, Acc: 0.984, Base Lr: 3.49e-04 | id_global: 0.317 id_part: 3.021 tri_global: 0.037 tri_part: 0.588 lgpa_assign: 2.913
2026-07-12 23:40:42 transreid.train INFO: Epoch[65] Iter[160/227] Loss: 3.401, Acc: 0.984, Base Lr: 3.49e-04 | id_global: 0.308 id_part: 2.962 tri_global: 0.037 tri_part: 0.588 lgpa_assign: 2.906
2026-07-12 23:40:45 transreid.train INFO: Epoch[65] Iter[180/227] Loss: 3.361, Acc: 0.985, Base Lr: 3.49e-04 | id_global: 0.297 id_part: 2.891 tri_global: 0.036 tri_part: 0.587 lgpa_assign: 2.910
2026-07-12 23:40:48 transreid.train INFO: Epoch[65] Iter[200/227] Loss: 3.310, Acc: 0.986, Base Lr: 3.49e-04 | id_global: 0.285 id_part: 2.782 tri_global: 0.036 tri_part: 0.586 lgpa_assign: 2.931
2026-07-12 23:40:50 transreid.train INFO: Epoch 65 done. Time per epoch: 36.589[s] Speed: 367.3[samples/s] ETA: 0h33m
2026-07-12 23:40:55 transreid.train INFO: Epoch[66] Iter[20/227] Loss: 3.549, Acc: 0.988, Base Lr: 3.38e-04 | id_global: 0.326 id_part: 3.224 tri_global: 0.018 tri_part: 0.587 lgpa_assign: 2.944
2026-07-12 23:40:58 transreid.train INFO: Epoch[66] Iter[40/227] Loss: 3.493, Acc: 0.984, Base Lr: 3.38e-04 | id_global: 0.333 id_part: 3.153 tri_global: 0.026 tri_part: 0.591 lgpa_assign: 2.884
2026-07-12 23:41:02 transreid.train INFO: Epoch[66] Iter[60/227] Loss: 3.479, Acc: 0.982, Base Lr: 3.38e-04 | id_global: 0.332 id_part: 3.122 tri_global: 0.025 tri_part: 0.587 lgpa_assign: 2.891
2026-07-12 23:41:05 transreid.train INFO: Epoch[66] Iter[80/227] Loss: 3.459, Acc: 0.982, Base Lr: 3.38e-04 | id_global: 0.324 id_part: 3.079 tri_global: 0.027 tri_part: 0.586 lgpa_assign: 2.902
2026-07-12 23:41:08 transreid.train INFO: Epoch[66] Iter[100/227] Loss: 3.447, Acc: 0.982, Base Lr: 3.38e-04 | id_global: 0.316 id_part: 3.052 tri_global: 0.027 tri_part: 0.585 lgpa_assign: 2.915
2026-07-12 23:41:12 transreid.train INFO: Epoch[66] Iter[120/227] Loss: 3.420, Acc: 0.983, Base Lr: 3.38e-04 | id_global: 0.308 id_part: 3.004 tri_global: 0.029 tri_part: 0.585 lgpa_assign: 2.914
2026-07-12 23:41:15 transreid.train INFO: Epoch[66] Iter[140/227] Loss: 3.388, Acc: 0.984, Base Lr: 3.38e-04 | id_global: 0.300 id_part: 2.953 tri_global: 0.028 tri_part: 0.585 lgpa_assign: 2.909
2026-07-12 23:41:18 transreid.train INFO: Epoch[66] Iter[160/227] Loss: 3.355, Acc: 0.985, Base Lr: 3.38e-04 | id_global: 0.292 id_part: 2.892 tri_global: 0.028 tri_part: 0.584 lgpa_assign: 2.913
2026-07-12 23:41:22 transreid.train INFO: Epoch[66] Iter[180/227] Loss: 3.317, Acc: 0.985, Base Lr: 3.38e-04 | id_global: 0.283 id_part: 2.823 tri_global: 0.027 tri_part: 0.584 lgpa_assign: 2.917
2026-07-12 23:41:25 transreid.train INFO: Epoch[66] Iter[200/227] Loss: 3.280, Acc: 0.986, Base Lr: 3.38e-04 | id_global: 0.275 id_part: 2.746 tri_global: 0.027 tri_part: 0.584 lgpa_assign: 2.927
2026-07-12 23:41:27 transreid.train INFO: Epoch 66 done. Time per epoch: 36.943[s] Speed: 367.3[samples/s] ETA: 0h33m
2026-07-12 23:41:32 transreid.train INFO: Epoch[67] Iter[20/227] Loss: 3.472, Acc: 0.980, Base Lr: 3.28e-04 | id_global: 0.325 id_part: 3.147 tri_global: 0.024 tri_part: 0.577 lgpa_assign: 2.872
2026-07-12 23:41:35 transreid.train INFO: Epoch[67] Iter[40/227] Loss: 3.465, Acc: 0.980, Base Lr: 3.28e-04 | id_global: 0.334 id_part: 3.116 tri_global: 0.029 tri_part: 0.581 lgpa_assign: 2.871
2026-07-12 23:41:38 transreid.train INFO: Epoch[67] Iter[60/227] Loss: 3.469, Acc: 0.983, Base Lr: 3.28e-04 | id_global: 0.321 id_part: 3.101 tri_global: 0.031 tri_part: 0.584 lgpa_assign: 2.900
2026-07-12 23:41:42 transreid.train INFO: Epoch[67] Iter[80/227] Loss: 3.431, Acc: 0.985, Base Lr: 3.28e-04 | id_global: 0.306 id_part: 3.060 tri_global: 0.030 tri_part: 0.584 lgpa_assign: 2.882
2026-07-12 23:41:45 transreid.train INFO: Epoch[67] Iter[100/227] Loss: 3.407, Acc: 0.985, Base Lr: 3.28e-04 | id_global: 0.300 id_part: 3.023 tri_global: 0.029 tri_part: 0.583 lgpa_assign: 2.879
2026-07-12 23:41:49 transreid.train INFO: Epoch[67] Iter[120/227] Loss: 3.377, Acc: 0.986, Base Lr: 3.28e-04 | id_global: 0.292 id_part: 2.969 tri_global: 0.028 tri_part: 0.583 lgpa_assign: 2.880
2026-07-12 23:41:52 transreid.train INFO: Epoch[67] Iter[140/227] Loss: 3.365, Acc: 0.985, Base Lr: 3.28e-04 | id_global: 0.288 id_part: 2.934 tri_global: 0.031 tri_part: 0.584 lgpa_assign: 2.893
2026-07-12 23:41:55 transreid.train INFO: Epoch[67] Iter[160/227] Loss: 3.336, Acc: 0.986, Base Lr: 3.28e-04 | id_global: 0.282 id_part: 2.887 tri_global: 0.032 tri_part: 0.585 lgpa_assign: 2.887
2026-07-12 23:41:59 transreid.train INFO: Epoch[67] Iter[180/227] Loss: 3.299, Acc: 0.986, Base Lr: 3.28e-04 | id_global: 0.275 id_part: 2.817 tri_global: 0.032 tri_part: 0.584 lgpa_assign: 2.891
2026-07-12 23:42:02 transreid.train INFO: Epoch[67] Iter[200/227] Loss: 3.254, Acc: 0.987, Base Lr: 3.28e-04 | id_global: 0.265 id_part: 2.724 tri_global: 0.031 tri_part: 0.584 lgpa_assign: 2.903
2026-07-12 23:42:04 transreid.train INFO: Epoch 67 done. Time per epoch: 37.257[s] Speed: 365.9[samples/s] ETA: 0h32m
2026-07-12 23:42:09 transreid.train INFO: Epoch[68] Iter[20/227] Loss: 3.599, Acc: 0.969, Base Lr: 3.18e-04 | id_global: 0.363 id_part: 3.235 tri_global: 0.067 tri_part: 0.592 lgpa_assign: 2.942
2026-07-12 23:42:12 transreid.train INFO: Epoch[68] Iter[40/227] Loss: 3.527, Acc: 0.975, Base Lr: 3.18e-04 | id_global: 0.341 id_part: 3.166 tri_global: 0.048 tri_part: 0.590 lgpa_assign: 2.908
2026-07-12 23:42:16 transreid.train INFO: Epoch[68] Iter[60/227] Loss: 3.477, Acc: 0.977, Base Lr: 3.18e-04 | id_global: 0.327 id_part: 3.105 tri_global: 0.044 tri_part: 0.587 lgpa_assign: 2.892
2026-07-12 23:42:19 transreid.train INFO: Epoch[68] Iter[80/227] Loss: 3.464, Acc: 0.980, Base Lr: 3.18e-04 | id_global: 0.320 id_part: 3.080 tri_global: 0.039 tri_part: 0.588 lgpa_assign: 2.901
2026-07-12 23:42:22 transreid.train INFO: Epoch[68] Iter[100/227] Loss: 3.434, Acc: 0.982, Base Lr: 3.18e-04 | id_global: 0.311 id_part: 3.032 tri_global: 0.039 tri_part: 0.588 lgpa_assign: 2.898
2026-07-12 23:42:26 transreid.train INFO: Epoch[68] Iter[120/227] Loss: 3.400, Acc: 0.982, Base Lr: 3.18e-04 | id_global: 0.304 id_part: 2.981 tri_global: 0.035 tri_part: 0.587 lgpa_assign: 2.894
2026-07-12 23:42:29 transreid.train INFO: Epoch[68] Iter[140/227] Loss: 3.369, Acc: 0.984, Base Lr: 3.18e-04 | id_global: 0.294 id_part: 2.929 tri_global: 0.034 tri_part: 0.585 lgpa_assign: 2.897
2026-07-12 23:42:33 transreid.train INFO: Epoch[68] Iter[160/227] Loss: 3.322, Acc: 0.985, Base Lr: 3.18e-04 | id_global: 0.283 id_part: 2.855 tri_global: 0.032 tri_part: 0.583 lgpa_assign: 2.890
2026-07-12 23:42:36 transreid.train INFO: Epoch[68] Iter[180/227] Loss: 3.290, Acc: 0.985, Base Lr: 3.18e-04 | id_global: 0.274 id_part: 2.778 tri_global: 0.034 tri_part: 0.583 lgpa_assign: 2.911
2026-07-12 23:42:39 transreid.train INFO: Epoch[68] Iter[200/227] Loss: 3.249, Acc: 0.985, Base Lr: 3.18e-04 | id_global: 0.265 id_part: 2.691 tri_global: 0.035 tri_part: 0.583 lgpa_assign: 2.925
2026-07-12 23:42:41 transreid.train INFO: Epoch 68 done. Time per epoch: 36.752[s] Speed: 367.4[samples/s] ETA: 0h31m
2026-07-12 23:42:46 transreid.train INFO: Epoch[69] Iter[20/227] Loss: 3.512, Acc: 0.979, Base Lr: 3.08e-04 | id_global: 0.334 id_part: 3.186 tri_global: 0.042 tri_part: 0.585 lgpa_assign: 2.877
2026-07-12 23:42:49 transreid.train INFO: Epoch[69] Iter[40/227] Loss: 3.509, Acc: 0.979, Base Lr: 3.08e-04 | id_global: 0.328 id_part: 3.159 tri_global: 0.045 tri_part: 0.586 lgpa_assign: 2.900
2026-07-12 23:42:52 transreid.train INFO: Epoch[69] Iter[60/227] Loss: 3.464, Acc: 0.982, Base Lr: 3.08e-04 | id_global: 0.314 id_part: 3.082 tri_global: 0.037 tri_part: 0.586 lgpa_assign: 2.910
2026-07-12 23:42:56 transreid.train INFO: Epoch[69] Iter[80/227] Loss: 3.440, Acc: 0.982, Base Lr: 3.08e-04 | id_global: 0.305 id_part: 3.037 tri_global: 0.036 tri_part: 0.586 lgpa_assign: 2.915
2026-07-12 23:42:59 transreid.train INFO: Epoch[69] Iter[100/227] Loss: 3.417, Acc: 0.982, Base Lr: 3.08e-04 | id_global: 0.301 id_part: 3.000 tri_global: 0.037 tri_part: 0.587 lgpa_assign: 2.909
2026-07-12 23:43:03 transreid.train INFO: Epoch[69] Iter[120/227] Loss: 3.395, Acc: 0.983, Base Lr: 3.08e-04 | id_global: 0.293 id_part: 2.954 tri_global: 0.035 tri_part: 0.587 lgpa_assign: 2.922
2026-07-12 23:43:06 transreid.train INFO: Epoch[69] Iter[140/227] Loss: 3.376, Acc: 0.984, Base Lr: 3.08e-04 | id_global: 0.286 id_part: 2.918 tri_global: 0.037 tri_part: 0.587 lgpa_assign: 2.923
2026-07-12 23:43:09 transreid.train INFO: Epoch[69] Iter[160/227] Loss: 3.335, Acc: 0.985, Base Lr: 3.08e-04 | id_global: 0.278 id_part: 2.858 tri_global: 0.036 tri_part: 0.586 lgpa_assign: 2.911
2026-07-12 23:43:13 transreid.train INFO: Epoch[69] Iter[180/227] Loss: 3.294, Acc: 0.986, Base Lr: 3.08e-04 | id_global: 0.272 id_part: 2.791 tri_global: 0.037 tri_part: 0.585 lgpa_assign: 2.903
2026-07-12 23:43:16 transreid.train INFO: Epoch[69] Iter[200/227] Loss: 3.238, Acc: 0.986, Base Lr: 3.08e-04 | id_global: 0.263 id_part: 2.685 tri_global: 0.036 tri_part: 0.585 lgpa_assign: 2.907
2026-07-12 23:43:18 transreid.train INFO: Epoch 69 done. Time per epoch: 36.902[s] Speed: 367.7[samples/s] ETA: 0h31m
2026-07-12 23:43:23 transreid.train INFO: Epoch[70] Iter[20/227] Loss: 3.436, Acc: 0.984, Base Lr: 2.97e-04 | id_global: 0.302 id_part: 3.030 tri_global: 0.024 tri_part: 0.582 lgpa_assign: 2.934
2026-07-12 23:43:26 transreid.train INFO: Epoch[70] Iter[40/227] Loss: 3.405, Acc: 0.985, Base Lr: 2.97e-04 | id_global: 0.296 id_part: 3.027 tri_global: 0.022 tri_part: 0.583 lgpa_assign: 2.883
2026-07-12 23:43:29 transreid.train INFO: Epoch[70] Iter[60/227] Loss: 3.393, Acc: 0.986, Base Lr: 2.97e-04 | id_global: 0.288 id_part: 3.008 tri_global: 0.024 tri_part: 0.583 lgpa_assign: 2.882
2026-07-12 23:43:33 transreid.train INFO: Epoch[70] Iter[80/227] Loss: 3.407, Acc: 0.986, Base Lr: 2.97e-04 | id_global: 0.293 id_part: 3.022 tri_global: 0.032 tri_part: 0.585 lgpa_assign: 2.882
2026-07-12 23:43:36 transreid.train INFO: Epoch[70] Iter[100/227] Loss: 3.379, Acc: 0.985, Base Lr: 2.97e-04 | id_global: 0.289 id_part: 2.975 tri_global: 0.030 tri_part: 0.585 lgpa_assign: 2.878
2026-07-12 23:43:39 transreid.train INFO: Epoch[70] Iter[120/227] Loss: 3.356, Acc: 0.986, Base Lr: 2.97e-04 | id_global: 0.284 id_part: 2.942 tri_global: 0.028 tri_part: 0.585 lgpa_assign: 2.873
2026-07-12 23:43:43 transreid.train INFO: Epoch[70] Iter[140/227] Loss: 3.324, Acc: 0.986, Base Lr: 2.97e-04 | id_global: 0.279 id_part: 2.893 tri_global: 0.030 tri_part: 0.585 lgpa_assign: 2.860
2026-07-12 23:43:46 transreid.train INFO: Epoch[70] Iter[160/227] Loss: 3.294, Acc: 0.986, Base Lr: 2.97e-04 | id_global: 0.273 id_part: 2.826 tri_global: 0.036 tri_part: 0.585 lgpa_assign: 2.868
2026-07-12 23:43:50 transreid.train INFO: Epoch[70] Iter[180/227] Loss: 3.262, Acc: 0.986, Base Lr: 2.97e-04 | id_global: 0.268 id_part: 2.759 tri_global: 0.037 tri_part: 0.585 lgpa_assign: 2.876
2026-07-12 23:43:53 transreid.train INFO: Epoch[70] Iter[200/227] Loss: 3.221, Acc: 0.986, Base Lr: 2.97e-04 | id_global: 0.259 id_part: 2.674 tri_global: 0.036 tri_part: 0.585 lgpa_assign: 2.889
2026-07-12 23:43:55 transreid.train INFO: Epoch 70 done. Time per epoch: 36.992[s] Speed: 366.8[samples/s] ETA: 0h30m
The test feature is normalized
=> Computing DistMat with euclidean_distance
2026-07-12 23:44:25 transreid.train INFO: Validation Results - Epoch: 70
2026-07-12 23:44:25 transreid.train INFO: mAP: 58.7%
2026-07-12 23:44:25 transreid.train INFO: CMC curve, Rank-1  :67.5%
2026-07-12 23:44:25 transreid.train INFO: CMC curve, Rank-5  :81.0%
2026-07-12 23:44:25 transreid.train INFO: CMC curve, Rank-10 :84.7%
2026-07-12 23:44:30 transreid.train INFO: Epoch[71] Iter[20/227] Loss: 3.475, Acc: 0.973, Base Lr: 2.87e-04 | id_global: 0.329 id_part: 3.087 tri_global: 0.029 tri_part: 0.577 lgpa_assign: 2.928
2026-07-12 23:44:33 transreid.train INFO: Epoch[71] Iter[40/227] Loss: 3.471, Acc: 0.978, Base Lr: 2.87e-04 | id_global: 0.316 id_part: 3.096 tri_global: 0.022 tri_part: 0.581 lgpa_assign: 2.926
2026-07-12 23:44:37 transreid.train INFO: Epoch[71] Iter[60/227] Loss: 3.443, Acc: 0.982, Base Lr: 2.87e-04 | id_global: 0.308 id_part: 3.063 tri_global: 0.032 tri_part: 0.583 lgpa_assign: 2.901
2026-07-12 23:44:40 transreid.train INFO: Epoch[71] Iter[80/227] Loss: 3.424, Acc: 0.984, Base Lr: 2.87e-04 | id_global: 0.301 id_part: 3.029 tri_global: 0.029 tri_part: 0.584 lgpa_assign: 2.905
2026-07-12 23:44:43 transreid.train INFO: Epoch[71] Iter[100/227] Loss: 3.390, Acc: 0.984, Base Lr: 2.87e-04 | id_global: 0.293 id_part: 2.990 tri_global: 0.028 tri_part: 0.585 lgpa_assign: 2.884
2026-07-12 23:44:47 transreid.train INFO: Epoch[71] Iter[120/227] Loss: 3.360, Acc: 0.984, Base Lr: 2.87e-04 | id_global: 0.287 id_part: 2.933 tri_global: 0.031 tri_part: 0.585 lgpa_assign: 2.884
2026-07-12 23:44:50 transreid.train INFO: Epoch[71] Iter[140/227] Loss: 3.331, Acc: 0.985, Base Lr: 2.87e-04 | id_global: 0.278 id_part: 2.879 tri_global: 0.030 tri_part: 0.585 lgpa_assign: 2.889
2026-07-12 23:44:53 transreid.train INFO: Epoch[71] Iter[160/227] Loss: 3.291, Acc: 0.986, Base Lr: 2.87e-04 | id_global: 0.268 id_part: 2.805 tri_global: 0.030 tri_part: 0.584 lgpa_assign: 2.895
2026-07-12 23:44:57 transreid.train INFO: Epoch[71] Iter[180/227] Loss: 3.261, Acc: 0.986, Base Lr: 2.87e-04 | id_global: 0.262 id_part: 2.747 tri_global: 0.031 tri_part: 0.584 lgpa_assign: 2.897
2026-07-12 23:45:00 transreid.train INFO: Epoch[71] Iter[200/227] Loss: 3.205, Acc: 0.987, Base Lr: 2.87e-04 | id_global: 0.250 id_part: 2.642 tri_global: 0.032 tri_part: 0.584 lgpa_assign: 2.902
2026-07-12 23:45:02 transreid.train INFO: Epoch 71 done. Time per epoch: 37.004[s] Speed: 368.4[samples/s] ETA: 0h30m
2026-07-12 23:45:07 transreid.train INFO: Epoch[72] Iter[20/227] Loss: 3.533, Acc: 0.974, Base Lr: 2.77e-04 | id_global: 0.342 id_part: 3.203 tri_global: 0.024 tri_part: 0.586 lgpa_assign: 2.911
2026-07-12 23:45:10 transreid.train INFO: Epoch[72] Iter[40/227] Loss: 3.476, Acc: 0.978, Base Lr: 2.77e-04 | id_global: 0.325 id_part: 3.122 tri_global: 0.024 tri_part: 0.588 lgpa_assign: 2.893
2026-07-12 23:45:13 transreid.train INFO: Epoch[72] Iter[60/227] Loss: 3.443, Acc: 0.981, Base Lr: 2.77e-04 | id_global: 0.315 id_part: 3.065 tri_global: 0.031 tri_part: 0.588 lgpa_assign: 2.887
2026-07-12 23:45:17 transreid.train INFO: Epoch[72] Iter[80/227] Loss: 3.401, Acc: 0.981, Base Lr: 2.77e-04 | id_global: 0.300 id_part: 2.985 tri_global: 0.031 tri_part: 0.587 lgpa_assign: 2.899
2026-07-12 23:45:20 transreid.train INFO: Epoch[72] Iter[100/227] Loss: 3.372, Acc: 0.982, Base Lr: 2.77e-04 | id_global: 0.290 id_part: 2.934 tri_global: 0.036 tri_part: 0.586 lgpa_assign: 2.898
2026-07-12 23:45:24 transreid.train INFO: Epoch[72] Iter[120/227] Loss: 3.364, Acc: 0.984, Base Lr: 2.77e-04 | id_global: 0.286 id_part: 2.918 tri_global: 0.038 tri_part: 0.587 lgpa_assign: 2.900
2026-07-12 23:45:27 transreid.train INFO: Epoch[72] Iter[140/227] Loss: 3.330, Acc: 0.985, Base Lr: 2.77e-04 | id_global: 0.278 id_part: 2.861 tri_global: 0.037 tri_part: 0.586 lgpa_assign: 2.897
2026-07-12 23:45:30 transreid.train INFO: Epoch[72] Iter[160/227] Loss: 3.302, Acc: 0.985, Base Lr: 2.77e-04 | id_global: 0.273 id_part: 2.808 tri_global: 0.039 tri_part: 0.586 lgpa_assign: 2.898
2026-07-12 23:45:34 transreid.train INFO: Epoch[72] Iter[180/227] Loss: 3.261, Acc: 0.986, Base Lr: 2.77e-04 | id_global: 0.264 id_part: 2.731 tri_global: 0.038 tri_part: 0.585 lgpa_assign: 2.904
2026-07-12 23:45:37 transreid.train INFO: Epoch[72] Iter[200/227] Loss: 3.206, Acc: 0.986, Base Lr: 2.77e-04 | id_global: 0.256 id_part: 2.635 tri_global: 0.037 tri_part: 0.584 lgpa_assign: 2.901
2026-07-12 23:45:39 transreid.train INFO: Epoch 72 done. Time per epoch: 36.860[s] Speed: 368.1[samples/s] ETA: 0h29m
2026-07-12 23:45:44 transreid.train INFO: Epoch[73] Iter[20/227] Loss: 3.397, Acc: 0.983, Base Lr: 2.68e-04 | id_global: 0.298 id_part: 2.983 tri_global: 0.045 tri_part: 0.586 lgpa_assign: 2.883
2026-07-12 23:45:47 transreid.train INFO: Epoch[73] Iter[40/227] Loss: 3.373, Acc: 0.983, Base Lr: 2.68e-04 | id_global: 0.291 id_part: 2.960 tri_global: 0.030 tri_part: 0.581 lgpa_assign: 2.883
2026-07-12 23:45:50 transreid.train INFO: Epoch[73] Iter[60/227] Loss: 3.356, Acc: 0.984, Base Lr: 2.68e-04 | id_global: 0.284 id_part: 2.935 tri_global: 0.030 tri_part: 0.579 lgpa_assign: 2.884
2026-07-12 23:45:54 transreid.train INFO: Epoch[73] Iter[80/227] Loss: 3.338, Acc: 0.982, Base Lr: 2.68e-04 | id_global: 0.282 id_part: 2.908 tri_global: 0.033 tri_part: 0.580 lgpa_assign: 2.873
2026-07-12 23:45:57 transreid.train INFO: Epoch[73] Iter[100/227] Loss: 3.323, Acc: 0.983, Base Lr: 2.68e-04 | id_global: 0.277 id_part: 2.885 tri_global: 0.031 tri_part: 0.581 lgpa_assign: 2.872
2026-07-12 23:46:01 transreid.train INFO: Epoch[73] Iter[120/227] Loss: 3.309, Acc: 0.982, Base Lr: 2.68e-04 | id_global: 0.274 id_part: 2.853 tri_global: 0.032 tri_part: 0.581 lgpa_assign: 2.878
2026-07-12 23:46:04 transreid.train INFO: Epoch[73] Iter[140/227] Loss: 3.277, Acc: 0.982, Base Lr: 2.68e-04 | id_global: 0.268 id_part: 2.803 tri_global: 0.032 tri_part: 0.581 lgpa_assign: 2.871
2026-07-12 23:46:07 transreid.train INFO: Epoch[73] Iter[160/227] Loss: 3.239, Acc: 0.984, Base Lr: 2.68e-04 | id_global: 0.260 id_part: 2.742 tri_global: 0.032 tri_part: 0.580 lgpa_assign: 2.865
2026-07-12 23:46:11 transreid.train INFO: Epoch[73] Iter[180/227] Loss: 3.205, Acc: 0.984, Base Lr: 2.68e-04 | id_global: 0.253 id_part: 2.684 tri_global: 0.032 tri_part: 0.581 lgpa_assign: 2.861
2026-07-12 23:46:14 transreid.train INFO: Epoch[73] Iter[200/227] Loss: 3.160, Acc: 0.985, Base Lr: 2.68e-04 | id_global: 0.245 id_part: 2.598 tri_global: 0.031 tri_part: 0.581 lgpa_assign: 2.866
2026-07-12 23:46:16 transreid.train INFO: Epoch 73 done. Time per epoch: 37.130[s] Speed: 367.1[samples/s] ETA: 0h29m
2026-07-12 23:46:21 transreid.train INFO: Epoch[74] Iter[20/227] Loss: 3.430, Acc: 0.976, Base Lr: 2.58e-04 | id_global: 0.313 id_part: 2.971 tri_global: 0.069 tri_part: 0.589 lgpa_assign: 2.919
2026-07-12 23:46:24 transreid.train INFO: Epoch[74] Iter[40/227] Loss: 3.449, Acc: 0.981, Base Lr: 2.58e-04 | id_global: 0.310 id_part: 3.036 tri_global: 0.067 tri_part: 0.590 lgpa_assign: 2.896
2026-07-12 23:46:28 transreid.train INFO: Epoch[74] Iter[60/227] Loss: 3.426, Acc: 0.983, Base Lr: 2.58e-04 | id_global: 0.303 id_part: 2.999 tri_global: 0.057 tri_part: 0.589 lgpa_assign: 2.904
2026-07-12 23:46:31 transreid.train INFO: Epoch[74] Iter[80/227] Loss: 3.386, Acc: 0.983, Base Lr: 2.58e-04 | id_global: 0.294 id_part: 2.957 tri_global: 0.051 tri_part: 0.586 lgpa_assign: 2.885
2026-07-12 23:46:34 transreid.train INFO: Epoch[74] Iter[100/227] Loss: 3.353, Acc: 0.984, Base Lr: 2.58e-04 | id_global: 0.286 id_part: 2.911 tri_global: 0.045 tri_part: 0.584 lgpa_assign: 2.881
2026-07-12 23:46:38 transreid.train INFO: Epoch[74] Iter[120/227] Loss: 3.321, Acc: 0.984, Base Lr: 2.58e-04 | id_global: 0.280 id_part: 2.851 tri_global: 0.045 tri_part: 0.584 lgpa_assign: 2.881
2026-07-12 23:46:41 transreid.train INFO: Epoch[74] Iter[140/227] Loss: 3.294, Acc: 0.984, Base Lr: 2.58e-04 | id_global: 0.273 id_part: 2.804 tri_global: 0.041 tri_part: 0.583 lgpa_assign: 2.886
2026-07-12 23:46:44 transreid.train INFO: Epoch[74] Iter[160/227] Loss: 3.269, Acc: 0.985, Base Lr: 2.58e-04 | id_global: 0.269 id_part: 2.760 tri_global: 0.040 tri_part: 0.584 lgpa_assign: 2.886
2026-07-12 23:46:48 transreid.train INFO: Epoch[74] Iter[180/227] Loss: 3.229, Acc: 0.985, Base Lr: 2.58e-04 | id_global: 0.261 id_part: 2.694 tri_global: 0.038 tri_part: 0.583 lgpa_assign: 2.883
2026-07-12 23:46:51 transreid.train INFO: Epoch[74] Iter[200/227] Loss: 3.182, Acc: 0.986, Base Lr: 2.58e-04 | id_global: 0.251 id_part: 2.597 tri_global: 0.038 tri_part: 0.583 lgpa_assign: 2.894
2026-07-12 23:46:53 transreid.train INFO: Epoch 74 done. Time per epoch: 37.145[s] Speed: 367.0[samples/s] ETA: 0h28m
2026-07-12 23:46:58 transreid.train INFO: Epoch[75] Iter[20/227] Loss: 3.419, Acc: 0.977, Base Lr: 2.48e-04 | id_global: 0.312 id_part: 3.070 tri_global: 0.022 tri_part: 0.577 lgpa_assign: 2.857
2026-07-12 23:47:01 transreid.train INFO: Epoch[75] Iter[40/227] Loss: 3.392, Acc: 0.982, Base Lr: 2.48e-04 | id_global: 0.289 id_part: 3.018 tri_global: 0.031 tri_part: 0.579 lgpa_assign: 2.867
2026-07-12 23:47:05 transreid.train INFO: Epoch[75] Iter[60/227] Loss: 3.369, Acc: 0.983, Base Lr: 2.48e-04 | id_global: 0.286 id_part: 2.970 tri_global: 0.029 tri_part: 0.581 lgpa_assign: 2.872
2026-07-12 23:47:08 transreid.train INFO: Epoch[75] Iter[80/227] Loss: 3.345, Acc: 0.984, Base Lr: 2.48e-04 | id_global: 0.276 id_part: 2.936 tri_global: 0.026 tri_part: 0.581 lgpa_assign: 2.870
2026-07-12 23:47:11 transreid.train INFO: Epoch[75] Iter[100/227] Loss: 3.322, Acc: 0.986, Base Lr: 2.48e-04 | id_global: 0.268 id_part: 2.893 tri_global: 0.029 tri_part: 0.580 lgpa_assign: 2.876
2026-07-12 23:47:15 transreid.train INFO: Epoch[75] Iter[120/227] Loss: 3.296, Acc: 0.987, Base Lr: 2.48e-04 | id_global: 0.263 id_part: 2.847 tri_global: 0.030 tri_part: 0.581 lgpa_assign: 2.871
2026-07-12 23:47:18 transreid.train INFO: Epoch[75] Iter[140/227] Loss: 3.270, Acc: 0.988, Base Lr: 2.48e-04 | id_global: 0.258 id_part: 2.806 tri_global: 0.029 tri_part: 0.581 lgpa_assign: 2.867
2026-07-12 23:47:21 transreid.train INFO: Epoch[75] Iter[160/227] Loss: 3.236, Acc: 0.987, Base Lr: 2.48e-04 | id_global: 0.252 id_part: 2.743 tri_global: 0.028 tri_part: 0.581 lgpa_assign: 2.868
2026-07-12 23:47:25 transreid.train INFO: Epoch[75] Iter[180/227] Loss: 3.193, Acc: 0.987, Base Lr: 2.48e-04 | id_global: 0.246 id_part: 2.666 tri_global: 0.030 tri_part: 0.581 lgpa_assign: 2.864
2026-07-12 23:47:28 transreid.train INFO: Epoch[75] Iter[200/227] Loss: 3.139, Acc: 0.988, Base Lr: 2.48e-04 | id_global: 0.236 id_part: 2.569 tri_global: 0.029 tri_part: 0.580 lgpa_assign: 2.864
2026-07-12 23:47:30 transreid.train INFO: Epoch 75 done. Time per epoch: 36.696[s] Speed: 368.0[samples/s] ETA: 0h27m
2026-07-12 23:47:35 transreid.train INFO: Epoch[76] Iter[20/227] Loss: 3.427, Acc: 0.981, Base Lr: 2.38e-04 | id_global: 0.291 id_part: 3.035 tri_global: 0.028 tri_part: 0.579 lgpa_assign: 2.919
2026-07-12 23:47:38 transreid.train INFO: Epoch[76] Iter[40/227] Loss: 3.370, Acc: 0.984, Base Lr: 2.38e-04 | id_global: 0.282 id_part: 2.973 tri_global: 0.027 tri_part: 0.580 lgpa_assign: 2.878
2026-07-12 23:47:41 transreid.train INFO: Epoch[76] Iter[60/227] Loss: 3.340, Acc: 0.985, Base Lr: 2.38e-04 | id_global: 0.272 id_part: 2.935 tri_global: 0.029 tri_part: 0.581 lgpa_assign: 2.863
2026-07-12 23:47:45 transreid.train INFO: Epoch[76] Iter[80/227] Loss: 3.311, Acc: 0.986, Base Lr: 2.38e-04 | id_global: 0.263 id_part: 2.885 tri_global: 0.027 tri_part: 0.580 lgpa_assign: 2.868
2026-07-12 23:47:48 transreid.train INFO: Epoch[76] Iter[100/227] Loss: 3.292, Acc: 0.987, Base Lr: 2.38e-04 | id_global: 0.260 id_part: 2.865 tri_global: 0.027 tri_part: 0.581 lgpa_assign: 2.851
2026-07-12 23:47:51 transreid.train INFO: Epoch[76] Iter[120/227] Loss: 3.274, Acc: 0.988, Base Lr: 2.38e-04 | id_global: 0.255 id_part: 2.814 tri_global: 0.032 tri_part: 0.581 lgpa_assign: 2.865
2026-07-12 23:47:55 transreid.train INFO: Epoch[76] Iter[140/227] Loss: 3.243, Acc: 0.987, Base Lr: 2.38e-04 | id_global: 0.251 id_part: 2.768 tri_global: 0.030 tri_part: 0.581 lgpa_assign: 2.857
2026-07-12 23:47:58 transreid.train INFO: Epoch[76] Iter[160/227] Loss: 3.218, Acc: 0.987, Base Lr: 2.38e-04 | id_global: 0.248 id_part: 2.719 tri_global: 0.034 tri_part: 0.581 lgpa_assign: 2.854
2026-07-12 23:48:02 transreid.train INFO: Epoch[76] Iter[180/227] Loss: 3.184, Acc: 0.988, Base Lr: 2.38e-04 | id_global: 0.241 id_part: 2.650 tri_global: 0.035 tri_part: 0.581 lgpa_assign: 2.860
2026-07-12 23:48:05 transreid.train INFO: Epoch[76] Iter[200/227] Loss: 3.140, Acc: 0.988, Base Lr: 2.38e-04 | id_global: 0.233 id_part: 2.554 tri_global: 0.036 tri_part: 0.581 lgpa_assign: 2.877
2026-07-12 23:48:07 transreid.train INFO: Epoch 76 done. Time per epoch: 36.729[s] Speed: 367.7[samples/s] ETA: 0h26m
2026-07-12 23:48:11 transreid.train INFO: Epoch[77] Iter[20/227] Loss: 3.429, Acc: 0.987, Base Lr: 2.29e-04 | id_global: 0.295 id_part: 3.054 tri_global: 0.028 tri_part: 0.587 lgpa_assign: 2.895
2026-07-12 23:48:15 transreid.train INFO: Epoch[77] Iter[40/227] Loss: 3.388, Acc: 0.989, Base Lr: 2.29e-04 | id_global: 0.280 id_part: 3.018 tri_global: 0.029 tri_part: 0.583 lgpa_assign: 2.865
2026-07-12 23:48:18 transreid.train INFO: Epoch[77] Iter[60/227] Loss: 3.326, Acc: 0.987, Base Lr: 2.29e-04 | id_global: 0.272 id_part: 2.907 tri_global: 0.026 tri_part: 0.582 lgpa_assign: 2.864
2026-07-12 23:48:21 transreid.train INFO: Epoch[77] Iter[80/227] Loss: 3.302, Acc: 0.988, Base Lr: 2.29e-04 | id_global: 0.268 id_part: 2.876 tri_global: 0.025 tri_part: 0.583 lgpa_assign: 2.854
2026-07-12 23:48:25 transreid.train INFO: Epoch[77] Iter[100/227] Loss: 3.275, Acc: 0.988, Base Lr: 2.29e-04 | id_global: 0.260 id_part: 2.827 tri_global: 0.030 tri_part: 0.582 lgpa_assign: 2.852
2026-07-12 23:48:28 transreid.train INFO: Epoch[77] Iter[120/227] Loss: 3.258, Acc: 0.988, Base Lr: 2.29e-04 | id_global: 0.256 id_part: 2.796 tri_global: 0.028 tri_part: 0.582 lgpa_assign: 2.854
2026-07-12 23:48:32 transreid.train INFO: Epoch[77] Iter[140/227] Loss: 3.237, Acc: 0.989, Base Lr: 2.29e-04 | id_global: 0.251 id_part: 2.757 tri_global: 0.031 tri_part: 0.581 lgpa_assign: 2.855
2026-07-12 23:48:35 transreid.train INFO: Epoch[77] Iter[160/227] Loss: 3.201, Acc: 0.989, Base Lr: 2.29e-04 | id_global: 0.243 id_part: 2.700 tri_global: 0.029 tri_part: 0.580 lgpa_assign: 2.851
2026-07-12 23:48:38 transreid.train INFO: Epoch[77] Iter[180/227] Loss: 3.173, Acc: 0.989, Base Lr: 2.29e-04 | id_global: 0.239 id_part: 2.638 tri_global: 0.028 tri_part: 0.579 lgpa_assign: 2.863
2026-07-12 23:48:42 transreid.train INFO: Epoch[77] Iter[200/227] Loss: 3.123, Acc: 0.990, Base Lr: 2.29e-04 | id_global: 0.229 id_part: 2.538 tri_global: 0.029 tri_part: 0.578 lgpa_assign: 2.872
2026-07-12 23:48:44 transreid.train INFO: Epoch 77 done. Time per epoch: 37.116[s] Speed: 367.3[samples/s] ETA: 0h26m
2026-07-12 23:48:48 transreid.train INFO: Epoch[78] Iter[20/227] Loss: 3.387, Acc: 0.988, Base Lr: 2.20e-04 | id_global: 0.280 id_part: 3.065 tri_global: 0.025 tri_part: 0.580 lgpa_assign: 2.825
2026-07-12 23:48:52 transreid.train INFO: Epoch[78] Iter[40/227] Loss: 3.356, Acc: 0.984, Base Lr: 2.20e-04 | id_global: 0.281 id_part: 2.989 tri_global: 0.026 tri_part: 0.581 lgpa_assign: 2.834
2026-07-12 23:48:55 transreid.train INFO: Epoch[78] Iter[60/227] Loss: 3.350, Acc: 0.986, Base Lr: 2.20e-04 | id_global: 0.281 id_part: 2.967 tri_global: 0.028 tri_part: 0.582 lgpa_assign: 2.843
2026-07-12 23:48:59 transreid.train INFO: Epoch[78] Iter[80/227] Loss: 3.312, Acc: 0.987, Base Lr: 2.20e-04 | id_global: 0.272 id_part: 2.908 tri_global: 0.024 tri_part: 0.582 lgpa_assign: 2.837
2026-07-12 23:49:02 transreid.train INFO: Epoch[78] Iter[100/227] Loss: 3.284, Acc: 0.987, Base Lr: 2.20e-04 | id_global: 0.263 id_part: 2.855 tri_global: 0.024 tri_part: 0.582 lgpa_assign: 2.846
2026-07-12 23:49:05 transreid.train INFO: Epoch[78] Iter[120/227] Loss: 3.262, Acc: 0.987, Base Lr: 2.20e-04 | id_global: 0.259 id_part: 2.816 tri_global: 0.028 tri_part: 0.581 lgpa_assign: 2.838
2026-07-12 23:49:09 transreid.train INFO: Epoch[78] Iter[140/227] Loss: 3.239, Acc: 0.987, Base Lr: 2.20e-04 | id_global: 0.254 id_part: 2.768 tri_global: 0.030 tri_part: 0.581 lgpa_assign: 2.845
2026-07-12 23:49:12 transreid.train INFO: Epoch[78] Iter[160/227] Loss: 3.217, Acc: 0.987, Base Lr: 2.20e-04 | id_global: 0.247 id_part: 2.719 tri_global: 0.030 tri_part: 0.581 lgpa_assign: 2.857
2026-07-12 23:49:15 transreid.train INFO: Epoch[78] Iter[180/227] Loss: 3.175, Acc: 0.987, Base Lr: 2.20e-04 | id_global: 0.239 id_part: 2.641 tri_global: 0.031 tri_part: 0.580 lgpa_assign: 2.859
2026-07-12 23:49:19 transreid.train INFO: Epoch[78] Iter[200/227] Loss: 3.129, Acc: 0.988, Base Lr: 2.20e-04 | id_global: 0.231 id_part: 2.541 tri_global: 0.032 tri_part: 0.580 lgpa_assign: 2.874
2026-07-12 23:49:20 transreid.train INFO: Epoch 78 done. Time per epoch: 36.472[s] Speed: 368.5[samples/s] ETA: 0h25m
2026-07-12 23:49:25 transreid.train INFO: Epoch[79] Iter[20/227] Loss: 3.402, Acc: 0.982, Base Lr: 2.10e-04 | id_global: 0.287 id_part: 3.051 tri_global: 0.016 tri_part: 0.578 lgpa_assign: 2.873
2026-07-12 23:49:28 transreid.train INFO: Epoch[79] Iter[40/227] Loss: 3.315, Acc: 0.985, Base Lr: 2.10e-04 | id_global: 0.260 id_part: 2.951 tri_global: 0.015 tri_part: 0.574 lgpa_assign: 2.830
2026-07-12 23:49:32 transreid.train INFO: Epoch[79] Iter[60/227] Loss: 3.306, Acc: 0.985, Base Lr: 2.10e-04 | id_global: 0.261 id_part: 2.919 tri_global: 0.020 tri_part: 0.578 lgpa_assign: 2.832
2026-07-12 23:49:35 transreid.train INFO: Epoch[79] Iter[80/227] Loss: 3.301, Acc: 0.985, Base Lr: 2.10e-04 | id_global: 0.261 id_part: 2.899 tri_global: 0.023 tri_part: 0.579 lgpa_assign: 2.841
2026-07-12 23:49:38 transreid.train INFO: Epoch[79] Iter[100/227] Loss: 3.279, Acc: 0.986, Base Lr: 2.10e-04 | id_global: 0.256 id_part: 2.852 tri_global: 0.028 tri_part: 0.579 lgpa_assign: 2.842
2026-07-12 23:49:42 transreid.train INFO: Epoch[79] Iter[120/227] Loss: 3.255, Acc: 0.986, Base Lr: 2.10e-04 | id_global: 0.254 id_part: 2.798 tri_global: 0.033 tri_part: 0.579 lgpa_assign: 2.845
2026-07-12 23:49:45 transreid.train INFO: Epoch[79] Iter[140/227] Loss: 3.229, Acc: 0.986, Base Lr: 2.10e-04 | id_global: 0.249 id_part: 2.758 tri_global: 0.032 tri_part: 0.579 lgpa_assign: 2.839
2026-07-12 23:49:49 transreid.train INFO: Epoch[79] Iter[160/227] Loss: 3.189, Acc: 0.987, Base Lr: 2.10e-04 | id_global: 0.242 id_part: 2.690 tri_global: 0.031 tri_part: 0.578 lgpa_assign: 2.839
2026-07-12 23:49:52 transreid.train INFO: Epoch[79] Iter[180/227] Loss: 3.148, Acc: 0.987, Base Lr: 2.10e-04 | id_global: 0.235 id_part: 2.611 tri_global: 0.031 tri_part: 0.578 lgpa_assign: 2.842
2026-07-12 23:49:55 transreid.train INFO: Epoch[79] Iter[200/227] Loss: 3.099, Acc: 0.988, Base Lr: 2.10e-04 | id_global: 0.226 id_part: 2.509 tri_global: 0.031 tri_part: 0.578 lgpa_assign: 2.855
2026-07-12 23:49:58 transreid.train INFO: Epoch 79 done. Time per epoch: 37.314[s] Speed: 367.1[samples/s] ETA: 0h25m
2026-07-12 23:50:02 transreid.train INFO: Epoch[80] Iter[20/227] Loss: 3.393, Acc: 0.988, Base Lr: 2.01e-04 | id_global: 0.281 id_part: 3.046 tri_global: 0.026 tri_part: 0.583 lgpa_assign: 2.851
2026-07-12 23:50:06 transreid.train INFO: Epoch[80] Iter[40/227] Loss: 3.326, Acc: 0.989, Base Lr: 2.01e-04 | id_global: 0.265 id_part: 2.935 tri_global: 0.048 tri_part: 0.584 lgpa_assign: 2.820
2026-07-12 23:50:09 transreid.train INFO: Epoch[80] Iter[60/227] Loss: 3.292, Acc: 0.989, Base Lr: 2.01e-04 | id_global: 0.253 id_part: 2.879 tri_global: 0.037 tri_part: 0.581 lgpa_assign: 2.833
2026-07-12 23:50:12 transreid.train INFO: Epoch[80] Iter[80/227] Loss: 3.299, Acc: 0.990, Base Lr: 2.01e-04 | id_global: 0.252 id_part: 2.892 tri_global: 0.033 tri_part: 0.580 lgpa_assign: 2.841
2026-07-12 23:50:16 transreid.train INFO: Epoch[80] Iter[100/227] Loss: 3.272, Acc: 0.990, Base Lr: 2.01e-04 | id_global: 0.246 id_part: 2.834 tri_global: 0.031 tri_part: 0.580 lgpa_assign: 2.853
2026-07-12 23:50:19 transreid.train INFO: Epoch[80] Iter[120/227] Loss: 3.248, Acc: 0.990, Base Lr: 2.01e-04 | id_global: 0.242 id_part: 2.791 tri_global: 0.030 tri_part: 0.580 lgpa_assign: 2.854
2026-07-12 23:50:22 transreid.train INFO: Epoch[80] Iter[140/227] Loss: 3.205, Acc: 0.990, Base Lr: 2.01e-04 | id_global: 0.235 id_part: 2.719 tri_global: 0.029 tri_part: 0.579 lgpa_assign: 2.848
2026-07-12 23:50:26 transreid.train INFO: Epoch[80] Iter[160/227] Loss: 3.178, Acc: 0.990, Base Lr: 2.01e-04 | id_global: 0.231 id_part: 2.666 tri_global: 0.031 tri_part: 0.579 lgpa_assign: 2.849
2026-07-12 23:50:29 transreid.train INFO: Epoch[80] Iter[180/227] Loss: 3.137, Acc: 0.989, Base Lr: 2.01e-04 | id_global: 0.224 id_part: 2.583 tri_global: 0.033 tri_part: 0.577 lgpa_assign: 2.857
2026-07-12 23:50:33 transreid.train INFO: Epoch[80] Iter[200/227] Loss: 3.092, Acc: 0.990, Base Lr: 2.01e-04 | id_global: 0.217 id_part: 2.493 tri_global: 0.032 tri_part: 0.577 lgpa_assign: 2.866
2026-07-12 23:50:34 transreid.train INFO: Epoch 80 done. Time per epoch: 36.799[s] Speed: 367.0[samples/s] ETA: 0h24m
The test feature is normalized
=> Computing DistMat with euclidean_distance
2026-07-12 23:51:05 transreid.train INFO: Validation Results - Epoch: 80
2026-07-12 23:51:05 transreid.train INFO: mAP: 58.8%
2026-07-12 23:51:05 transreid.train INFO: CMC curve, Rank-1  :68.1%
2026-07-12 23:51:05 transreid.train INFO: CMC curve, Rank-5  :80.7%
2026-07-12 23:51:05 transreid.train INFO: CMC curve, Rank-10 :84.8%
2026-07-12 23:51:09 transreid.train INFO: Epoch[81] Iter[20/227] Loss: 3.296, Acc: 0.986, Base Lr: 1.92e-04 | id_global: 0.276 id_part: 2.899 tri_global: 0.019 tri_part: 0.582 lgpa_assign: 2.816
2026-07-12 23:51:13 transreid.train INFO: Epoch[81] Iter[40/227] Loss: 3.317, Acc: 0.986, Base Lr: 1.92e-04 | id_global: 0.267 id_part: 2.874 tri_global: 0.023 tri_part: 0.581 lgpa_assign: 2.889
2026-07-12 23:51:16 transreid.train INFO: Epoch[81] Iter[60/227] Loss: 3.275, Acc: 0.986, Base Lr: 1.92e-04 | id_global: 0.256 id_part: 2.847 tri_global: 0.029 tri_part: 0.579 lgpa_assign: 2.840
2026-07-12 23:51:19 transreid.train INFO: Epoch[81] Iter[80/227] Loss: 3.270, Acc: 0.987, Base Lr: 1.92e-04 | id_global: 0.256 id_part: 2.832 tri_global: 0.029 tri_part: 0.580 lgpa_assign: 2.844
2026-07-12 23:51:23 transreid.train INFO: Epoch[81] Iter[100/227] Loss: 3.241, Acc: 0.988, Base Lr: 1.92e-04 | id_global: 0.248 id_part: 2.780 tri_global: 0.029 tri_part: 0.579 lgpa_assign: 2.846
2026-07-12 23:51:26 transreid.train INFO: Epoch[81] Iter[120/227] Loss: 3.218, Acc: 0.988, Base Lr: 1.92e-04 | id_global: 0.244 id_part: 2.737 tri_global: 0.026 tri_part: 0.578 lgpa_assign: 2.852
2026-07-12 23:51:30 transreid.train INFO: Epoch[81] Iter[140/227] Loss: 3.190, Acc: 0.989, Base Lr: 1.92e-04 | id_global: 0.237 id_part: 2.683 tri_global: 0.026 tri_part: 0.578 lgpa_assign: 2.854
2026-07-12 23:51:33 transreid.train INFO: Epoch[81] Iter[160/227] Loss: 3.162, Acc: 0.989, Base Lr: 1.92e-04 | id_global: 0.234 id_part: 2.628 tri_global: 0.027 tri_part: 0.579 lgpa_assign: 2.857
2026-07-12 23:51:36 transreid.train INFO: Epoch[81] Iter[180/227] Loss: 3.128, Acc: 0.989, Base Lr: 1.92e-04 | id_global: 0.228 id_part: 2.573 tri_global: 0.027 tri_part: 0.579 lgpa_assign: 2.849
2026-07-12 23:51:40 transreid.train INFO: Epoch[81] Iter[200/227] Loss: 3.088, Acc: 0.990, Base Lr: 1.92e-04 | id_global: 0.219 id_part: 2.484 tri_global: 0.026 tri_part: 0.579 lgpa_assign: 2.867
2026-07-12 23:51:42 transreid.train INFO: Epoch 81 done. Time per epoch: 36.744[s] Speed: 367.5[samples/s] ETA: 0h23m
2026-07-12 23:51:46 transreid.train INFO: Epoch[82] Iter[20/227] Loss: 3.253, Acc: 0.991, Base Lr: 1.83e-04 | id_global: 0.235 id_part: 2.821 tri_global: 0.021 tri_part: 0.580 lgpa_assign: 2.849
2026-07-12 23:51:50 transreid.train INFO: Epoch[82] Iter[40/227] Loss: 3.266, Acc: 0.989, Base Lr: 1.83e-04 | id_global: 0.244 id_part: 2.859 tri_global: 0.023 tri_part: 0.581 lgpa_assign: 2.826
2026-07-12 23:51:53 transreid.train INFO: Epoch[82] Iter[60/227] Loss: 3.259, Acc: 0.989, Base Lr: 1.83e-04 | id_global: 0.244 id_part: 2.837 tri_global: 0.020 tri_part: 0.578 lgpa_assign: 2.839
2026-07-12 23:51:56 transreid.train INFO: Epoch[82] Iter[80/227] Loss: 3.259, Acc: 0.988, Base Lr: 1.83e-04 | id_global: 0.245 id_part: 2.818 tri_global: 0.022 tri_part: 0.579 lgpa_assign: 2.854
2026-07-12 23:52:00 transreid.train INFO: Epoch[82] Iter[100/227] Loss: 3.240, Acc: 0.989, Base Lr: 1.83e-04 | id_global: 0.238 id_part: 2.795 tri_global: 0.024 tri_part: 0.578 lgpa_assign: 2.846
2026-07-12 23:52:03 transreid.train INFO: Epoch[82] Iter[120/227] Loss: 3.214, Acc: 0.989, Base Lr: 1.83e-04 | id_global: 0.233 id_part: 2.738 tri_global: 0.025 tri_part: 0.578 lgpa_assign: 2.856
2026-07-12 23:52:06 transreid.train INFO: Epoch[82] Iter[140/227] Loss: 3.187, Acc: 0.989, Base Lr: 1.83e-04 | id_global: 0.227 id_part: 2.688 tri_global: 0.030 tri_part: 0.578 lgpa_assign: 2.852
2026-07-12 23:52:10 transreid.train INFO: Epoch[82] Iter[160/227] Loss: 3.141, Acc: 0.990, Base Lr: 1.83e-04 | id_global: 0.219 id_part: 2.618 tri_global: 0.028 tri_part: 0.577 lgpa_assign: 2.841
2026-07-12 23:52:13 transreid.train INFO: Epoch[82] Iter[180/227] Loss: 3.109, Acc: 0.991, Base Lr: 1.83e-04 | id_global: 0.214 id_part: 2.551 tri_global: 0.028 tri_part: 0.576 lgpa_assign: 2.850
2026-07-12 23:52:17 transreid.train INFO: Epoch[82] Iter[200/227] Loss: 3.061, Acc: 0.991, Base Lr: 1.83e-04 | id_global: 0.206 id_part: 2.455 tri_global: 0.026 tri_part: 0.575 lgpa_assign: 2.860
2026-07-12 23:52:19 transreid.train INFO: Epoch 82 done. Time per epoch: 37.093[s] Speed: 365.8[samples/s] ETA: 0h23m
2026-07-12 23:52:23 transreid.train INFO: Epoch[83] Iter[20/227] Loss: 3.283, Acc: 0.984, Base Lr: 1.75e-04 | id_global: 0.265 id_part: 2.902 tri_global: 0.028 tri_part: 0.577 lgpa_assign: 2.795
2026-07-12 23:52:27 transreid.train INFO: Epoch[83] Iter[40/227] Loss: 3.318, Acc: 0.987, Base Lr: 1.75e-04 | id_global: 0.264 id_part: 2.907 tri_global: 0.038 tri_part: 0.581 lgpa_assign: 2.846
2026-07-12 23:52:30 transreid.train INFO: Epoch[83] Iter[60/227] Loss: 3.277, Acc: 0.986, Base Lr: 1.75e-04 | id_global: 0.256 id_part: 2.824 tri_global: 0.036 tri_part: 0.581 lgpa_assign: 2.857
2026-07-12 23:52:33 transreid.train INFO: Epoch[83] Iter[80/227] Loss: 3.254, Acc: 0.986, Base Lr: 1.75e-04 | id_global: 0.253 id_part: 2.788 tri_global: 0.034 tri_part: 0.579 lgpa_assign: 2.853
2026-07-12 23:52:37 transreid.train INFO: Epoch[83] Iter[100/227] Loss: 3.229, Acc: 0.986, Base Lr: 1.75e-04 | id_global: 0.248 id_part: 2.759 tri_global: 0.031 tri_part: 0.579 lgpa_assign: 2.842
2026-07-12 23:52:40 transreid.train INFO: Epoch[83] Iter[120/227] Loss: 3.211, Acc: 0.987, Base Lr: 1.75e-04 | id_global: 0.242 id_part: 2.722 tri_global: 0.031 tri_part: 0.578 lgpa_assign: 2.848
2026-07-12 23:52:43 transreid.train INFO: Epoch[83] Iter[140/227] Loss: 3.186, Acc: 0.987, Base Lr: 1.75e-04 | id_global: 0.238 id_part: 2.685 tri_global: 0.032 tri_part: 0.578 lgpa_assign: 2.839
2026-07-12 23:52:47 transreid.train INFO: Epoch[83] Iter[160/227] Loss: 3.165, Acc: 0.987, Base Lr: 1.75e-04 | id_global: 0.234 id_part: 2.630 tri_global: 0.038 tri_part: 0.579 lgpa_assign: 2.851
2026-07-12 23:52:50 transreid.train INFO: Epoch[83] Iter[180/227] Loss: 3.127, Acc: 0.988, Base Lr: 1.75e-04 | id_global: 0.226 id_part: 2.559 tri_global: 0.037 tri_part: 0.578 lgpa_assign: 2.854
2026-07-12 23:52:54 transreid.train INFO: Epoch[83] Iter[200/227] Loss: 3.074, Acc: 0.989, Base Lr: 1.75e-04 | id_global: 0.217 id_part: 2.459 tri_global: 0.037 tri_part: 0.577 lgpa_assign: 2.857
2026-07-12 23:52:56 transreid.train INFO: Epoch 83 done. Time per epoch: 37.090[s] Speed: 367.5[samples/s] ETA: 0h22m
2026-07-12 23:53:00 transreid.train INFO: Epoch[84] Iter[20/227] Loss: 3.297, Acc: 0.984, Base Lr: 1.66e-04 | id_global: 0.284 id_part: 2.847 tri_global: 0.044 tri_part: 0.588 lgpa_assign: 2.831
2026-07-12 23:53:04 transreid.train INFO: Epoch[84] Iter[40/227] Loss: 3.283, Acc: 0.984, Base Lr: 1.66e-04 | id_global: 0.280 id_part: 2.868 tri_global: 0.035 tri_part: 0.585 lgpa_assign: 2.796
2026-07-12 23:53:07 transreid.train INFO: Epoch[84] Iter[60/227] Loss: 3.287, Acc: 0.985, Base Lr: 1.66e-04 | id_global: 0.275 id_part: 2.856 tri_global: 0.040 tri_part: 0.586 lgpa_assign: 2.817
2026-07-12 23:53:10 transreid.train INFO: Epoch[84] Iter[80/227] Loss: 3.253, Acc: 0.986, Base Lr: 1.66e-04 | id_global: 0.264 id_part: 2.814 tri_global: 0.035 tri_part: 0.583 lgpa_assign: 2.810
2026-07-12 23:53:14 transreid.train INFO: Epoch[84] Iter[100/227] Loss: 3.233, Acc: 0.987, Base Lr: 1.66e-04 | id_global: 0.254 id_part: 2.781 tri_global: 0.037 tri_part: 0.583 lgpa_assign: 2.811
2026-07-12 23:53:17 transreid.train INFO: Epoch[84] Iter[120/227] Loss: 3.203, Acc: 0.988, Base Lr: 1.66e-04 | id_global: 0.247 id_part: 2.731 tri_global: 0.034 tri_part: 0.583 lgpa_assign: 2.811
2026-07-12 23:53:21 transreid.train INFO: Epoch[84] Iter[140/227] Loss: 3.173, Acc: 0.988, Base Lr: 1.66e-04 | id_global: 0.241 id_part: 2.675 tri_global: 0.038 tri_part: 0.582 lgpa_assign: 2.809
2026-07-12 23:53:24 transreid.train INFO: Epoch[84] Iter[160/227] Loss: 3.140, Acc: 0.988, Base Lr: 1.66e-04 | id_global: 0.233 id_part: 2.615 tri_global: 0.035 tri_part: 0.581 lgpa_assign: 2.816
2026-07-12 23:53:27 transreid.train INFO: Epoch[84] Iter[180/227] Loss: 3.111, Acc: 0.989, Base Lr: 1.66e-04 | id_global: 0.226 id_part: 2.555 tri_global: 0.034 tri_part: 0.580 lgpa_assign: 2.828
2026-07-12 23:53:31 transreid.train INFO: Epoch[84] Iter[200/227] Loss: 3.066, Acc: 0.989, Base Lr: 1.66e-04 | id_global: 0.217 id_part: 2.456 tri_global: 0.033 tri_part: 0.579 lgpa_assign: 2.847
2026-07-12 23:53:34 transreid.train INFO: Epoch 84 done. Time per epoch: 37.889[s] Speed: 356.4[samples/s] ETA: 0h22m
2026-07-12 23:53:38 transreid.train INFO: Epoch[85] Iter[20/227] Loss: 3.359, Acc: 0.980, Base Lr: 1.58e-04 | id_global: 0.274 id_part: 2.980 tri_global: 0.028 tri_part: 0.582 lgpa_assign: 2.855
2026-07-12 23:53:42 transreid.train INFO: Epoch[85] Iter[40/227] Loss: 3.295, Acc: 0.986, Base Lr: 1.58e-04 | id_global: 0.251 id_part: 2.892 tri_global: 0.019 tri_part: 0.579 lgpa_assign: 2.848
2026-07-12 23:53:45 transreid.train INFO: Epoch[85] Iter[60/227] Loss: 3.252, Acc: 0.986, Base Lr: 1.58e-04 | id_global: 0.247 id_part: 2.813 tri_global: 0.020 tri_part: 0.578 lgpa_assign: 2.846
2026-07-12 23:53:48 transreid.train INFO: Epoch[85] Iter[80/227] Loss: 3.240, Acc: 0.987, Base Lr: 1.58e-04 | id_global: 0.244 id_part: 2.793 tri_global: 0.022 tri_part: 0.578 lgpa_assign: 2.842
2026-07-12 23:53:52 transreid.train INFO: Epoch[85] Iter[100/227] Loss: 3.226, Acc: 0.988, Base Lr: 1.58e-04 | id_global: 0.241 id_part: 2.772 tri_global: 0.022 tri_part: 0.579 lgpa_assign: 2.839
2026-07-12 23:53:55 transreid.train INFO: Epoch[85] Iter[120/227] Loss: 3.199, Acc: 0.988, Base Lr: 1.58e-04 | id_global: 0.235 id_part: 2.730 tri_global: 0.021 tri_part: 0.579 lgpa_assign: 2.833
2026-07-12 23:53:59 transreid.train INFO: Epoch[85] Iter[140/227] Loss: 3.163, Acc: 0.988, Base Lr: 1.58e-04 | id_global: 0.231 id_part: 2.678 tri_global: 0.021 tri_part: 0.578 lgpa_assign: 2.817
2026-07-12 23:54:02 transreid.train INFO: Epoch[85] Iter[160/227] Loss: 3.127, Acc: 0.988, Base Lr: 1.58e-04 | id_global: 0.225 id_part: 2.621 tri_global: 0.020 tri_part: 0.577 lgpa_assign: 2.811
2026-07-12 23:54:05 transreid.train INFO: Epoch[85] Iter[180/227] Loss: 3.090, Acc: 0.989, Base Lr: 1.58e-04 | id_global: 0.217 id_part: 2.547 tri_global: 0.022 tri_part: 0.576 lgpa_assign: 2.819
2026-07-12 23:54:09 transreid.train INFO: Epoch[85] Iter[200/227] Loss: 3.040, Acc: 0.990, Base Lr: 1.58e-04 | id_global: 0.208 id_part: 2.441 tri_global: 0.021 tri_part: 0.576 lgpa_assign: 2.834
2026-07-12 23:54:11 transreid.train INFO: Epoch 85 done. Time per epoch: 37.046[s] Speed: 366.2[samples/s] ETA: 0h21m
2026-07-12 23:54:15 transreid.train INFO: Epoch[86] Iter[20/227] Loss: 3.265, Acc: 0.990, Base Lr: 1.50e-04 | id_global: 0.240 id_part: 2.883 tri_global: 0.044 tri_part: 0.578 lgpa_assign: 2.784
2026-07-12 23:54:19 transreid.train INFO: Epoch[86] Iter[40/227] Loss: 3.249, Acc: 0.990, Base Lr: 1.50e-04 | id_global: 0.243 id_part: 2.854 tri_global: 0.031 tri_part: 0.579 lgpa_assign: 2.791
2026-07-12 23:54:22 transreid.train INFO: Epoch[86] Iter[60/227] Loss: 3.233, Acc: 0.990, Base Lr: 1.50e-04 | id_global: 0.239 id_part: 2.819 tri_global: 0.030 tri_part: 0.579 lgpa_assign: 2.799
2026-07-12 23:54:25 transreid.train INFO: Epoch[86] Iter[80/227] Loss: 3.226, Acc: 0.989, Base Lr: 1.50e-04 | id_global: 0.241 id_part: 2.797 tri_global: 0.028 tri_part: 0.579 lgpa_assign: 2.806
2026-07-12 23:54:29 transreid.train INFO: Epoch[86] Iter[100/227] Loss: 3.196, Acc: 0.989, Base Lr: 1.50e-04 | id_global: 0.236 id_part: 2.745 tri_global: 0.029 tri_part: 0.578 lgpa_assign: 2.805
2026-07-12 23:54:32 transreid.train INFO: Epoch[86] Iter[120/227] Loss: 3.178, Acc: 0.989, Base Lr: 1.50e-04 | id_global: 0.230 id_part: 2.705 tri_global: 0.027 tri_part: 0.577 lgpa_assign: 2.817
2026-07-12 23:54:36 transreid.train INFO: Epoch[86] Iter[140/227] Loss: 3.150, Acc: 0.990, Base Lr: 1.50e-04 | id_global: 0.225 id_part: 2.649 tri_global: 0.028 tri_part: 0.578 lgpa_assign: 2.821
2026-07-12 23:54:39 transreid.train INFO: Epoch[86] Iter[160/227] Loss: 3.118, Acc: 0.990, Base Lr: 1.50e-04 | id_global: 0.220 id_part: 2.589 tri_global: 0.028 tri_part: 0.577 lgpa_assign: 2.823
2026-07-12 23:54:42 transreid.train INFO: Epoch[86] Iter[180/227] Loss: 3.087, Acc: 0.990, Base Lr: 1.50e-04 | id_global: 0.214 id_part: 2.526 tri_global: 0.027 tri_part: 0.577 lgpa_assign: 2.831
2026-07-12 23:54:46 transreid.train INFO: Epoch[86] Iter[200/227] Loss: 3.038, Acc: 0.991, Base Lr: 1.50e-04 | id_global: 0.205 id_part: 2.432 tri_global: 0.028 tri_part: 0.577 lgpa_assign: 2.835
2026-07-12 23:54:48 transreid.train INFO: Epoch 86 done. Time per epoch: 37.080[s] Speed: 365.9[samples/s] ETA: 0h21m
2026-07-12 23:54:52 transreid.train INFO: Epoch[87] Iter[20/227] Loss: 3.249, Acc: 0.986, Base Lr: 1.42e-04 | id_global: 0.245 id_part: 2.852 tri_global: 0.018 tri_part: 0.575 lgpa_assign: 2.807
2026-07-12 23:54:56 transreid.train INFO: Epoch[87] Iter[40/227] Loss: 3.235, Acc: 0.986, Base Lr: 1.42e-04 | id_global: 0.244 id_part: 2.818 tri_global: 0.022 tri_part: 0.576 lgpa_assign: 2.810
2026-07-12 23:54:59 transreid.train INFO: Epoch[87] Iter[60/227] Loss: 3.211, Acc: 0.988, Base Lr: 1.42e-04 | id_global: 0.236 id_part: 2.784 tri_global: 0.026 tri_part: 0.577 lgpa_assign: 2.799
2026-07-12 23:55:02 transreid.train INFO: Epoch[87] Iter[80/227] Loss: 3.198, Acc: 0.989, Base Lr: 1.42e-04 | id_global: 0.231 id_part: 2.748 tri_global: 0.028 tri_part: 0.577 lgpa_assign: 2.812
2026-07-12 23:55:06 transreid.train INFO: Epoch[87] Iter[100/227] Loss: 3.192, Acc: 0.989, Base Lr: 1.42e-04 | id_global: 0.233 id_part: 2.731 tri_global: 0.027 tri_part: 0.577 lgpa_assign: 2.816
2026-07-12 23:55:09 transreid.train INFO: Epoch[87] Iter[120/227] Loss: 3.162, Acc: 0.990, Base Lr: 1.42e-04 | id_global: 0.225 id_part: 2.683 tri_global: 0.025 tri_part: 0.575 lgpa_assign: 2.815
2026-07-12 23:55:13 transreid.train INFO: Epoch[87] Iter[140/227] Loss: 3.132, Acc: 0.990, Base Lr: 1.42e-04 | id_global: 0.218 id_part: 2.621 tri_global: 0.025 tri_part: 0.575 lgpa_assign: 2.826
2026-07-12 23:55:16 transreid.train INFO: Epoch[87] Iter[160/227] Loss: 3.105, Acc: 0.990, Base Lr: 1.42e-04 | id_global: 0.215 id_part: 2.569 tri_global: 0.025 tri_part: 0.576 lgpa_assign: 2.826
2026-07-12 23:55:19 transreid.train INFO: Epoch[87] Iter[180/227] Loss: 3.074, Acc: 0.991, Base Lr: 1.42e-04 | id_global: 0.207 id_part: 2.511 tri_global: 0.023 tri_part: 0.575 lgpa_assign: 2.831
2026-07-12 23:55:23 transreid.train INFO: Epoch[87] Iter[200/227] Loss: 3.031, Acc: 0.991, Base Lr: 1.42e-04 | id_global: 0.200 id_part: 2.421 tri_global: 0.025 tri_part: 0.575 lgpa_assign: 2.841
2026-07-12 23:55:25 transreid.train INFO: Epoch 87 done. Time per epoch: 37.096[s] Speed: 367.5[samples/s] ETA: 0h20m
2026-07-12 23:55:29 transreid.train INFO: Epoch[88] Iter[20/227] Loss: 3.185, Acc: 0.988, Base Lr: 1.34e-04 | id_global: 0.238 id_part: 2.731 tri_global: 0.025 tri_part: 0.573 lgpa_assign: 2.803
2026-07-12 23:55:33 transreid.train INFO: Epoch[88] Iter[40/227] Loss: 3.190, Acc: 0.986, Base Lr: 1.34e-04 | id_global: 0.239 id_part: 2.726 tri_global: 0.028 tri_part: 0.575 lgpa_assign: 2.811
2026-07-12 23:55:36 transreid.train INFO: Epoch[88] Iter[60/227] Loss: 3.198, Acc: 0.985, Base Lr: 1.34e-04 | id_global: 0.236 id_part: 2.725 tri_global: 0.029 tri_part: 0.575 lgpa_assign: 2.829
2026-07-12 23:55:40 transreid.train INFO: Epoch[88] Iter[80/227] Loss: 3.197, Acc: 0.988, Base Lr: 1.34e-04 | id_global: 0.233 id_part: 2.737 tri_global: 0.026 tri_part: 0.575 lgpa_assign: 2.823
2026-07-12 23:55:43 transreid.train INFO: Epoch[88] Iter[100/227] Loss: 3.187, Acc: 0.988, Base Lr: 1.34e-04 | id_global: 0.230 id_part: 2.702 tri_global: 0.026 tri_part: 0.577 lgpa_assign: 2.839
2026-07-12 23:55:46 transreid.train INFO: Epoch[88] Iter[120/227] Loss: 3.167, Acc: 0.989, Base Lr: 1.34e-04 | id_global: 0.226 id_part: 2.674 tri_global: 0.025 tri_part: 0.576 lgpa_assign: 2.833
2026-07-12 23:55:50 transreid.train INFO: Epoch[88] Iter[140/227] Loss: 3.144, Acc: 0.989, Base Lr: 1.34e-04 | id_global: 0.223 id_part: 2.627 tri_global: 0.024 tri_part: 0.576 lgpa_assign: 2.838
2026-07-12 23:55:53 transreid.train INFO: Epoch[88] Iter[160/227] Loss: 3.113, Acc: 0.989, Base Lr: 1.34e-04 | id_global: 0.218 id_part: 2.573 tri_global: 0.025 tri_part: 0.576 lgpa_assign: 2.832
2026-07-12 23:55:56 transreid.train INFO: Epoch[88] Iter[180/227] Loss: 3.070, Acc: 0.989, Base Lr: 1.34e-04 | id_global: 0.210 id_part: 2.492 tri_global: 0.025 tri_part: 0.576 lgpa_assign: 2.837
2026-07-12 23:56:00 transreid.train INFO: Epoch[88] Iter[200/227] Loss: 3.027, Acc: 0.989, Base Lr: 1.34e-04 | id_global: 0.203 id_part: 2.406 tri_global: 0.023 tri_part: 0.575 lgpa_assign: 2.847
2026-07-12 23:56:02 transreid.train INFO: Epoch 88 done. Time per epoch: 36.832[s] Speed: 366.6[samples/s] ETA: 0h19m
2026-07-12 23:56:06 transreid.train INFO: Epoch[89] Iter[20/227] Loss: 3.209, Acc: 0.987, Base Lr: 1.26e-04 | id_global: 0.229 id_part: 2.763 tri_global: 0.019 tri_part: 0.576 lgpa_assign: 2.831
2026-07-12 23:56:10 transreid.train INFO: Epoch[89] Iter[40/227] Loss: 3.218, Acc: 0.988, Base Lr: 1.26e-04 | id_global: 0.233 id_part: 2.797 tri_global: 0.021 tri_part: 0.574 lgpa_assign: 2.811
2026-07-12 23:56:13 transreid.train INFO: Epoch[89] Iter[60/227] Loss: 3.213, Acc: 0.988, Base Lr: 1.26e-04 | id_global: 0.237 id_part: 2.774 tri_global: 0.020 tri_part: 0.577 lgpa_assign: 2.817
2026-07-12 23:56:16 transreid.train INFO: Epoch[89] Iter[80/227] Loss: 3.206, Acc: 0.988, Base Lr: 1.26e-04 | id_global: 0.231 id_part: 2.774 tri_global: 0.018 tri_part: 0.577 lgpa_assign: 2.811
2026-07-12 23:56:20 transreid.train INFO: Epoch[89] Iter[100/227] Loss: 3.179, Acc: 0.987, Base Lr: 1.26e-04 | id_global: 0.227 id_part: 2.722 tri_global: 0.021 tri_part: 0.577 lgpa_assign: 2.809
2026-07-12 23:56:23 transreid.train INFO: Epoch[89] Iter[120/227] Loss: 3.149, Acc: 0.988, Base Lr: 1.26e-04 | id_global: 0.222 id_part: 2.672 tri_global: 0.024 tri_part: 0.577 lgpa_assign: 2.805
2026-07-12 23:56:26 transreid.train INFO: Epoch[89] Iter[140/227] Loss: 3.123, Acc: 0.987, Base Lr: 1.26e-04 | id_global: 0.217 id_part: 2.614 tri_global: 0.023 tri_part: 0.576 lgpa_assign: 2.814
2026-07-12 23:56:30 transreid.train INFO: Epoch[89] Iter[160/227] Loss: 3.100, Acc: 0.988, Base Lr: 1.26e-04 | id_global: 0.214 id_part: 2.557 tri_global: 0.026 tri_part: 0.576 lgpa_assign: 2.827
2026-07-12 23:56:33 transreid.train INFO: Epoch[89] Iter[180/227] Loss: 3.066, Acc: 0.988, Base Lr: 1.26e-04 | id_global: 0.210 id_part: 2.491 tri_global: 0.026 tri_part: 0.576 lgpa_assign: 2.829
2026-07-12 23:56:37 transreid.train INFO: Epoch[89] Iter[200/227] Loss: 3.021, Acc: 0.989, Base Lr: 1.26e-04 | id_global: 0.200 id_part: 2.400 tri_global: 0.024 tri_part: 0.576 lgpa_assign: 2.842
2026-07-12 23:56:39 transreid.train INFO: Epoch 89 done. Time per epoch: 36.922[s] Speed: 367.5[samples/s] ETA: 0h19m
2026-07-12 23:56:43 transreid.train INFO: Epoch[90] Iter[20/227] Loss: 3.197, Acc: 0.988, Base Lr: 1.19e-04 | id_global: 0.242 id_part: 2.810 tri_global: 0.018 tri_part: 0.577 lgpa_assign: 2.748
2026-07-12 23:56:47 transreid.train INFO: Epoch[90] Iter[40/227] Loss: 3.231, Acc: 0.986, Base Lr: 1.19e-04 | id_global: 0.246 id_part: 2.817 tri_global: 0.021 tri_part: 0.572 lgpa_assign: 2.806
2026-07-12 23:56:50 transreid.train INFO: Epoch[90] Iter[60/227] Loss: 3.227, Acc: 0.985, Base Lr: 1.19e-04 | id_global: 0.244 id_part: 2.788 tri_global: 0.035 tri_part: 0.574 lgpa_assign: 2.814
2026-07-12 23:56:53 transreid.train INFO: Epoch[90] Iter[80/227] Loss: 3.221, Acc: 0.986, Base Lr: 1.19e-04 | id_global: 0.242 id_part: 2.775 tri_global: 0.031 tri_part: 0.575 lgpa_assign: 2.819
2026-07-12 23:56:57 transreid.train INFO: Epoch[90] Iter[100/227] Loss: 3.189, Acc: 0.987, Base Lr: 1.19e-04 | id_global: 0.235 id_part: 2.724 tri_global: 0.028 tri_part: 0.574 lgpa_assign: 2.818
2026-07-12 23:57:00 transreid.train INFO: Epoch[90] Iter[120/227] Loss: 3.170, Acc: 0.987, Base Lr: 1.19e-04 | id_global: 0.231 id_part: 2.689 tri_global: 0.027 tri_part: 0.575 lgpa_assign: 2.817
2026-07-12 23:57:03 transreid.train INFO: Epoch[90] Iter[140/227] Loss: 3.135, Acc: 0.987, Base Lr: 1.19e-04 | id_global: 0.225 id_part: 2.633 tri_global: 0.032 tri_part: 0.575 lgpa_assign: 2.805
2026-07-12 23:57:07 transreid.train INFO: Epoch[90] Iter[160/227] Loss: 3.104, Acc: 0.988, Base Lr: 1.19e-04 | id_global: 0.219 id_part: 2.576 tri_global: 0.031 tri_part: 0.575 lgpa_assign: 2.806
2026-07-12 23:57:10 transreid.train INFO: Epoch[90] Iter[180/227] Loss: 3.072, Acc: 0.988, Base Lr: 1.19e-04 | id_global: 0.214 id_part: 2.506 tri_global: 0.030 tri_part: 0.576 lgpa_assign: 2.818
2026-07-12 23:57:13 transreid.train INFO: Epoch[90] Iter[200/227] Loss: 3.023, Acc: 0.989, Base Lr: 1.19e-04 | id_global: 0.205 id_part: 2.407 tri_global: 0.029 tri_part: 0.576 lgpa_assign: 2.831
2026-07-12 23:57:15 transreid.train INFO: Epoch 90 done. Time per epoch: 36.869[s] Speed: 368.0[samples/s] ETA: 0h18m
The test feature is normalized
=> Computing DistMat with euclidean_distance
2026-07-12 23:57:46 transreid.train INFO: Validation Results - Epoch: 90
2026-07-12 23:57:46 transreid.train INFO: mAP: 59.3%
2026-07-12 23:57:46 transreid.train INFO: CMC curve, Rank-1  :67.9%
2026-07-12 23:57:46 transreid.train INFO: CMC curve, Rank-5  :80.2%
2026-07-12 23:57:46 transreid.train INFO: CMC curve, Rank-10 :84.8%
2026-07-12 23:57:50 transreid.train INFO: Epoch[91] Iter[20/227] Loss: 3.221, Acc: 0.980, Base Lr: 1.11e-04 | id_global: 0.256 id_part: 2.778 tri_global: 0.016 tri_part: 0.580 lgpa_assign: 2.812
2026-07-12 23:57:54 transreid.train INFO: Epoch[91] Iter[40/227] Loss: 3.238, Acc: 0.985, Base Lr: 1.11e-04 | id_global: 0.247 id_part: 2.821 tri_global: 0.023 tri_part: 0.580 lgpa_assign: 2.805
2026-07-12 23:57:57 transreid.train INFO: Epoch[91] Iter[60/227] Loss: 3.214, Acc: 0.987, Base Lr: 1.11e-04 | id_global: 0.239 id_part: 2.777 tri_global: 0.028 tri_part: 0.580 lgpa_assign: 2.804
2026-07-12 23:58:00 transreid.train INFO: Epoch[91] Iter[80/227] Loss: 3.201, Acc: 0.988, Base Lr: 1.11e-04 | id_global: 0.235 id_part: 2.756 tri_global: 0.026 tri_part: 0.579 lgpa_assign: 2.806
2026-07-12 23:58:04 transreid.train INFO: Epoch[91] Iter[100/227] Loss: 3.182, Acc: 0.989, Base Lr: 1.11e-04 | id_global: 0.229 id_part: 2.714 tri_global: 0.024 tri_part: 0.578 lgpa_assign: 2.819
2026-07-12 23:58:07 transreid.train INFO: Epoch[91] Iter[120/227] Loss: 3.164, Acc: 0.989, Base Lr: 1.11e-04 | id_global: 0.227 id_part: 2.680 tri_global: 0.026 tri_part: 0.578 lgpa_assign: 2.818
2026-07-12 23:58:10 transreid.train INFO: Epoch[91] Iter[140/227] Loss: 3.126, Acc: 0.989, Base Lr: 1.11e-04 | id_global: 0.220 id_part: 2.626 tri_global: 0.024 tri_part: 0.577 lgpa_assign: 2.805
2026-07-12 23:58:14 transreid.train INFO: Epoch[91] Iter[160/227] Loss: 3.097, Acc: 0.990, Base Lr: 1.11e-04 | id_global: 0.213 id_part: 2.569 tri_global: 0.024 tri_part: 0.576 lgpa_assign: 2.811
2026-07-12 23:58:17 transreid.train INFO: Epoch[91] Iter[180/227] Loss: 3.060, Acc: 0.990, Base Lr: 1.11e-04 | id_global: 0.206 id_part: 2.496 tri_global: 0.023 tri_part: 0.576 lgpa_assign: 2.819
2026-07-12 23:58:21 transreid.train INFO: Epoch[91] Iter[200/227] Loss: 3.010, Acc: 0.991, Base Lr: 1.11e-04 | id_global: 0.197 id_part: 2.389 tri_global: 0.023 tri_part: 0.575 lgpa_assign: 2.837
2026-07-12 23:58:23 transreid.train INFO: Epoch 91 done. Time per epoch: 37.110[s] Speed: 367.3[samples/s] ETA: 0h17m
2026-07-12 23:58:27 transreid.train INFO: Epoch[92] Iter[20/227] Loss: 3.211, Acc: 0.994, Base Lr: 1.04e-04 | id_global: 0.221 id_part: 2.791 tri_global: 0.015 tri_part: 0.576 lgpa_assign: 2.818
2026-07-12 23:58:31 transreid.train INFO: Epoch[92] Iter[40/227] Loss: 3.259, Acc: 0.990, Base Lr: 1.04e-04 | id_global: 0.242 id_part: 2.859 tri_global: 0.019 tri_part: 0.577 lgpa_assign: 2.822
2026-07-12 23:58:34 transreid.train INFO: Epoch[92] Iter[60/227] Loss: 3.229, Acc: 0.989, Base Lr: 1.04e-04 | id_global: 0.238 id_part: 2.801 tri_global: 0.016 tri_part: 0.577 lgpa_assign: 2.826
2026-07-12 23:58:38 transreid.train INFO: Epoch[92] Iter[80/227] Loss: 3.189, Acc: 0.990, Base Lr: 1.04e-04 | id_global: 0.228 id_part: 2.739 tri_global: 0.015 tri_part: 0.576 lgpa_assign: 2.819
2026-07-12 23:58:41 transreid.train INFO: Epoch[92] Iter[100/227] Loss: 3.168, Acc: 0.989, Base Lr: 1.04e-04 | id_global: 0.225 id_part: 2.691 tri_global: 0.017 tri_part: 0.575 lgpa_assign: 2.828
2026-07-12 23:58:44 transreid.train INFO: Epoch[92] Iter[120/227] Loss: 3.142, Acc: 0.989, Base Lr: 1.04e-04 | id_global: 0.222 id_part: 2.651 tri_global: 0.018 tri_part: 0.575 lgpa_assign: 2.820
2026-07-12 23:58:48 transreid.train INFO: Epoch[92] Iter[140/227] Loss: 3.114, Acc: 0.990, Base Lr: 1.04e-04 | id_global: 0.215 id_part: 2.600 tri_global: 0.019 tri_part: 0.575 lgpa_assign: 2.819
2026-07-12 23:58:51 transreid.train INFO: Epoch[92] Iter[160/227] Loss: 3.079, Acc: 0.990, Base Lr: 1.04e-04 | id_global: 0.210 id_part: 2.537 tri_global: 0.019 tri_part: 0.574 lgpa_assign: 2.819
2026-07-12 23:58:54 transreid.train INFO: Epoch[92] Iter[180/227] Loss: 3.041, Acc: 0.991, Base Lr: 1.04e-04 | id_global: 0.202 id_part: 2.464 tri_global: 0.020 tri_part: 0.573 lgpa_assign: 2.823
2026-07-12 23:58:58 transreid.train INFO: Epoch[92] Iter[200/227] Loss: 2.996, Acc: 0.991, Base Lr: 1.04e-04 | id_global: 0.194 id_part: 2.369 tri_global: 0.021 tri_part: 0.573 lgpa_assign: 2.835
2026-07-12 23:59:00 transreid.train INFO: Epoch 92 done. Time per epoch: 37.167[s] Speed: 366.8[samples/s] ETA: 0h17m
2026-07-12 23:59:05 transreid.train INFO: Epoch[93] Iter[20/227] Loss: 3.212, Acc: 0.989, Base Lr: 9.72e-05 | id_global: 0.245 id_part: 2.785 tri_global: 0.029 tri_part: 0.570 lgpa_assign: 2.795
2026-07-12 23:59:08 transreid.train INFO: Epoch[93] Iter[40/227] Loss: 3.230, Acc: 0.988, Base Lr: 9.72e-05 | id_global: 0.246 id_part: 2.789 tri_global: 0.026 tri_part: 0.570 lgpa_assign: 2.828
2026-07-12 23:59:11 transreid.train INFO: Epoch[93] Iter[60/227] Loss: 3.225, Acc: 0.987, Base Lr: 9.72e-05 | id_global: 0.242 id_part: 2.765 tri_global: 0.029 tri_part: 0.575 lgpa_assign: 2.840
2026-07-12 23:59:15 transreid.train INFO: Epoch[93] Iter[80/227] Loss: 3.194, Acc: 0.988, Base Lr: 9.72e-05 | id_global: 0.233 id_part: 2.720 tri_global: 0.026 tri_part: 0.575 lgpa_assign: 2.833
2026-07-12 23:59:18 transreid.train INFO: Epoch[93] Iter[100/227] Loss: 3.164, Acc: 0.989, Base Lr: 9.72e-05 | id_global: 0.224 id_part: 2.675 tri_global: 0.022 tri_part: 0.575 lgpa_assign: 2.831
2026-07-12 23:59:21 transreid.train INFO: Epoch[93] Iter[120/227] Loss: 3.142, Acc: 0.989, Base Lr: 9.72e-05 | id_global: 0.219 id_part: 2.650 tri_global: 0.021 tri_part: 0.575 lgpa_assign: 2.818
2026-07-12 23:59:25 transreid.train INFO: Epoch[93] Iter[140/227] Loss: 3.112, Acc: 0.990, Base Lr: 9.72e-05 | id_global: 0.213 id_part: 2.603 tri_global: 0.023 tri_part: 0.575 lgpa_assign: 2.810
2026-07-12 23:59:28 transreid.train INFO: Epoch[93] Iter[160/227] Loss: 3.082, Acc: 0.990, Base Lr: 9.72e-05 | id_global: 0.208 id_part: 2.542 tri_global: 0.021 tri_part: 0.575 lgpa_assign: 2.817
2026-07-12 23:59:32 transreid.train INFO: Epoch[93] Iter[180/227] Loss: 3.049, Acc: 0.990, Base Lr: 9.72e-05 | id_global: 0.203 id_part: 2.480 tri_global: 0.023 tri_part: 0.575 lgpa_assign: 2.817
2026-07-12 23:59:35 transreid.train INFO: Epoch[93] Iter[200/227] Loss: 2.999, Acc: 0.990, Base Lr: 9.72e-05 | id_global: 0.194 id_part: 2.375 tri_global: 0.022 tri_part: 0.574 lgpa_assign: 2.832
2026-07-12 23:59:37 transreid.train INFO: Epoch 93 done. Time per epoch: 36.944[s] Speed: 367.3[samples/s] ETA: 0h16m
2026-07-12 23:59:42 transreid.train INFO: Epoch[94] Iter[20/227] Loss: 3.239, Acc: 0.991, Base Lr: 9.06e-05 | id_global: 0.234 id_part: 2.774 tri_global: 0.032 tri_part: 0.581 lgpa_assign: 2.858
2026-07-12 23:59:45 transreid.train INFO: Epoch[94] Iter[40/227] Loss: 3.181, Acc: 0.990, Base Lr: 9.06e-05 | id_global: 0.221 id_part: 2.730 tri_global: 0.026 tri_part: 0.577 lgpa_assign: 2.809
2026-07-12 23:59:48 transreid.train INFO: Epoch[94] Iter[60/227] Loss: 3.164, Acc: 0.990, Base Lr: 9.06e-05 | id_global: 0.225 id_part: 2.721 tri_global: 0.023 tri_part: 0.576 lgpa_assign: 2.783
2026-07-12 23:59:52 transreid.train INFO: Epoch[94] Iter[80/227] Loss: 3.149, Acc: 0.991, Base Lr: 9.06e-05 | id_global: 0.220 id_part: 2.699 tri_global: 0.022 tri_part: 0.575 lgpa_assign: 2.782
2026-07-12 23:59:55 transreid.train INFO: Epoch[94] Iter[100/227] Loss: 3.136, Acc: 0.990, Base Lr: 9.06e-05 | id_global: 0.216 id_part: 2.666 tri_global: 0.023 tri_part: 0.574 lgpa_assign: 2.792
2026-07-12 23:59:58 transreid.train INFO: Epoch[94] Iter[120/227] Loss: 3.121, Acc: 0.991, Base Lr: 9.06e-05 | id_global: 0.212 id_part: 2.624 tri_global: 0.024 tri_part: 0.574 lgpa_assign: 2.808
2026-07-13 00:00:02 transreid.train INFO: Epoch[94] Iter[140/227] Loss: 3.092, Acc: 0.991, Base Lr: 9.06e-05 | id_global: 0.207 id_part: 2.573 tri_global: 0.022 tri_part: 0.573 lgpa_assign: 2.809
2026-07-13 00:00:05 transreid.train INFO: Epoch[94] Iter[160/227] Loss: 3.067, Acc: 0.991, Base Lr: 9.06e-05 | id_global: 0.203 id_part: 2.518 tri_global: 0.022 tri_part: 0.572 lgpa_assign: 2.819
2026-07-13 00:00:09 transreid.train INFO: Epoch[94] Iter[180/227] Loss: 3.030, Acc: 0.991, Base Lr: 9.06e-05 | id_global: 0.196 id_part: 2.443 tri_global: 0.022 tri_part: 0.572 lgpa_assign: 2.828
2026-07-13 00:00:12 transreid.train INFO: Epoch[94] Iter[200/227] Loss: 2.986, Acc: 0.991, Base Lr: 9.06e-05 | id_global: 0.189 id_part: 2.354 tri_global: 0.022 tri_part: 0.572 lgpa_assign: 2.835
2026-07-13 00:00:14 transreid.train INFO: Epoch 94 done. Time per epoch: 37.083[s] Speed: 365.9[samples/s] ETA: 0h16m
2026-07-13 00:00:19 transreid.train INFO: Epoch[95] Iter[20/227] Loss: 3.230, Acc: 0.985, Base Lr: 8.41e-05 | id_global: 0.237 id_part: 2.782 tri_global: 0.039 tri_part: 0.576 lgpa_assign: 2.826
2026-07-13 00:00:22 transreid.train INFO: Epoch[95] Iter[40/227] Loss: 3.270, Acc: 0.984, Base Lr: 8.41e-05 | id_global: 0.245 id_part: 2.833 tri_global: 0.037 tri_part: 0.576 lgpa_assign: 2.848
2026-07-13 00:00:25 transreid.train INFO: Epoch[95] Iter[60/227] Loss: 3.229, Acc: 0.986, Base Lr: 8.41e-05 | id_global: 0.233 id_part: 2.781 tri_global: 0.034 tri_part: 0.576 lgpa_assign: 2.834
2026-07-13 00:00:29 transreid.train INFO: Epoch[95] Iter[80/227] Loss: 3.192, Acc: 0.987, Base Lr: 8.41e-05 | id_global: 0.228 id_part: 2.736 tri_global: 0.032 tri_part: 0.577 lgpa_assign: 2.812
2026-07-13 00:00:32 transreid.train INFO: Epoch[95] Iter[100/227] Loss: 3.151, Acc: 0.987, Base Lr: 8.41e-05 | id_global: 0.222 id_part: 2.662 tri_global: 0.033 tri_part: 0.577 lgpa_assign: 2.808
2026-07-13 00:00:35 transreid.train INFO: Epoch[95] Iter[120/227] Loss: 3.133, Acc: 0.988, Base Lr: 8.41e-05 | id_global: 0.218 id_part: 2.633 tri_global: 0.031 tri_part: 0.577 lgpa_assign: 2.806
2026-07-13 00:00:39 transreid.train INFO: Epoch[95] Iter[140/227] Loss: 3.093, Acc: 0.989, Base Lr: 8.41e-05 | id_global: 0.209 id_part: 2.560 tri_global: 0.029 tri_part: 0.576 lgpa_assign: 2.810
2026-07-13 00:00:42 transreid.train INFO: Epoch[95] Iter[160/227] Loss: 3.066, Acc: 0.990, Base Lr: 8.41e-05 | id_global: 0.205 id_part: 2.510 tri_global: 0.029 tri_part: 0.575 lgpa_assign: 2.813
2026-07-13 00:00:46 transreid.train INFO: Epoch[95] Iter[180/227] Loss: 3.036, Acc: 0.990, Base Lr: 8.41e-05 | id_global: 0.199 id_part: 2.451 tri_global: 0.028 tri_part: 0.575 lgpa_assign: 2.817
2026-07-13 00:00:49 transreid.train INFO: Epoch[95] Iter[200/227] Loss: 2.989, Acc: 0.990, Base Lr: 8.41e-05 | id_global: 0.193 id_part: 2.357 tri_global: 0.027 tri_part: 0.575 lgpa_assign: 2.826
2026-07-13 00:00:51 transreid.train INFO: Epoch 95 done. Time per epoch: 37.004[s] Speed: 366.7[samples/s] ETA: 0h15m
2026-07-13 00:00:56 transreid.train INFO: Epoch[96] Iter[20/227] Loss: 3.193, Acc: 0.988, Base Lr: 7.78e-05 | id_global: 0.223 id_part: 2.729 tri_global: 0.025 tri_part: 0.579 lgpa_assign: 2.830
2026-07-13 00:00:59 transreid.train INFO: Epoch[96] Iter[40/227] Loss: 3.178, Acc: 0.990, Base Lr: 7.78e-05 | id_global: 0.215 id_part: 2.733 tri_global: 0.019 tri_part: 0.575 lgpa_assign: 2.815
2026-07-13 00:01:02 transreid.train INFO: Epoch[96] Iter[60/227] Loss: 3.158, Acc: 0.990, Base Lr: 7.78e-05 | id_global: 0.217 id_part: 2.690 tri_global: 0.024 tri_part: 0.575 lgpa_assign: 2.810
2026-07-13 00:01:06 transreid.train INFO: Epoch[96] Iter[80/227] Loss: 3.133, Acc: 0.990, Base Lr: 7.78e-05 | id_global: 0.212 id_part: 2.645 tri_global: 0.021 tri_part: 0.574 lgpa_assign: 2.814
2026-07-13 00:01:09 transreid.train INFO: Epoch[96] Iter[100/227] Loss: 3.111, Acc: 0.990, Base Lr: 7.78e-05 | id_global: 0.209 id_part: 2.601 tri_global: 0.021 tri_part: 0.573 lgpa_assign: 2.819
2026-07-13 00:01:12 transreid.train INFO: Epoch[96] Iter[120/227] Loss: 3.093, Acc: 0.990, Base Lr: 7.78e-05 | id_global: 0.207 id_part: 2.579 tri_global: 0.020 tri_part: 0.572 lgpa_assign: 2.808
2026-07-13 00:01:16 transreid.train INFO: Epoch[96] Iter[140/227] Loss: 3.087, Acc: 0.990, Base Lr: 7.78e-05 | id_global: 0.206 id_part: 2.565 tri_global: 0.020 tri_part: 0.574 lgpa_assign: 2.809
2026-07-13 00:01:19 transreid.train INFO: Epoch[96] Iter[160/227] Loss: 3.063, Acc: 0.991, Base Lr: 7.78e-05 | id_global: 0.201 id_part: 2.518 tri_global: 0.021 tri_part: 0.574 lgpa_assign: 2.813
2026-07-13 00:01:23 transreid.train INFO: Epoch[96] Iter[180/227] Loss: 3.031, Acc: 0.990, Base Lr: 7.78e-05 | id_global: 0.197 id_part: 2.446 tri_global: 0.021 tri_part: 0.574 lgpa_assign: 2.825
2026-07-13 00:01:26 transreid.train INFO: Epoch[96] Iter[200/227] Loss: 2.990, Acc: 0.991, Base Lr: 7.78e-05 | id_global: 0.190 id_part: 2.358 tri_global: 0.021 tri_part: 0.574 lgpa_assign: 2.838
2026-07-13 00:01:28 transreid.train INFO: Epoch 96 done. Time per epoch: 37.012[s] Speed: 366.6[samples/s] ETA: 0h14m
2026-07-13 00:01:33 transreid.train INFO: Epoch[97] Iter[20/227] Loss: 3.183, Acc: 0.977, Base Lr: 7.18e-05 | id_global: 0.248 id_part: 2.713 tri_global: 0.033 tri_part: 0.575 lgpa_assign: 2.797
2026-07-13 00:01:36 transreid.train INFO: Epoch[97] Iter[40/227] Loss: 3.156, Acc: 0.984, Base Lr: 7.18e-05 | id_global: 0.233 id_part: 2.678 tri_global: 0.030 tri_part: 0.572 lgpa_assign: 2.800
2026-07-13 00:01:39 transreid.train INFO: Epoch[97] Iter[60/227] Loss: 3.181, Acc: 0.987, Base Lr: 7.18e-05 | id_global: 0.228 id_part: 2.729 tri_global: 0.035 tri_part: 0.575 lgpa_assign: 2.795
2026-07-13 00:01:43 transreid.train INFO: Epoch[97] Iter[80/227] Loss: 3.155, Acc: 0.988, Base Lr: 7.18e-05 | id_global: 0.226 id_part: 2.692 tri_global: 0.035 tri_part: 0.576 lgpa_assign: 2.782
2026-07-13 00:01:46 transreid.train INFO: Epoch[97] Iter[100/227] Loss: 3.142, Acc: 0.989, Base Lr: 7.18e-05 | id_global: 0.219 id_part: 2.653 tri_global: 0.035 tri_part: 0.576 lgpa_assign: 2.801
2026-07-13 00:01:49 transreid.train INFO: Epoch[97] Iter[120/227] Loss: 3.125, Acc: 0.989, Base Lr: 7.18e-05 | id_global: 0.217 id_part: 2.626 tri_global: 0.034 tri_part: 0.577 lgpa_assign: 2.796
2026-07-13 00:01:53 transreid.train INFO: Epoch[97] Iter[140/227] Loss: 3.101, Acc: 0.989, Base Lr: 7.18e-05 | id_global: 0.213 id_part: 2.576 tri_global: 0.033 tri_part: 0.577 lgpa_assign: 2.802
2026-07-13 00:01:56 transreid.train INFO: Epoch[97] Iter[160/227] Loss: 3.071, Acc: 0.990, Base Lr: 7.18e-05 | id_global: 0.208 id_part: 2.516 tri_global: 0.034 tri_part: 0.577 lgpa_assign: 2.807
2026-07-13 00:02:00 transreid.train INFO: Epoch[97] Iter[180/227] Loss: 3.036, Acc: 0.990, Base Lr: 7.18e-05 | id_global: 0.202 id_part: 2.454 tri_global: 0.032 tri_part: 0.576 lgpa_assign: 2.808
2026-07-13 00:02:03 transreid.train INFO: Epoch[97] Iter[200/227] Loss: 2.989, Acc: 0.990, Base Lr: 7.18e-05 | id_global: 0.193 id_part: 2.355 tri_global: 0.032 tri_part: 0.575 lgpa_assign: 2.822
2026-07-13 00:02:05 transreid.train INFO: Epoch 97 done. Time per epoch: 36.808[s] Speed: 366.9[samples/s] ETA: 0h14m
2026-07-13 00:02:09 transreid.train INFO: Epoch[98] Iter[20/227] Loss: 3.184, Acc: 0.988, Base Lr: 6.60e-05 | id_global: 0.235 id_part: 2.752 tri_global: 0.029 tri_part: 0.578 lgpa_assign: 2.774
2026-07-13 00:02:13 transreid.train INFO: Epoch[98] Iter[40/227] Loss: 3.165, Acc: 0.989, Base Lr: 6.60e-05 | id_global: 0.220 id_part: 2.762 tri_global: 0.023 tri_part: 0.574 lgpa_assign: 2.752
2026-07-13 00:02:16 transreid.train INFO: Epoch[98] Iter[60/227] Loss: 3.152, Acc: 0.990, Base Lr: 6.60e-05 | id_global: 0.219 id_part: 2.729 tri_global: 0.023 tri_part: 0.574 lgpa_assign: 2.760
2026-07-13 00:02:20 transreid.train INFO: Epoch[98] Iter[80/227] Loss: 3.134, Acc: 0.991, Base Lr: 6.60e-05 | id_global: 0.214 id_part: 2.690 tri_global: 0.020 tri_part: 0.573 lgpa_assign: 2.770
2026-07-13 00:02:23 transreid.train INFO: Epoch[98] Iter[100/227] Loss: 3.112, Acc: 0.991, Base Lr: 6.60e-05 | id_global: 0.210 id_part: 2.642 tri_global: 0.023 tri_part: 0.573 lgpa_assign: 2.777
2026-07-13 00:02:26 transreid.train INFO: Epoch[98] Iter[120/227] Loss: 3.095, Acc: 0.991, Base Lr: 6.60e-05 | id_global: 0.207 id_part: 2.601 tri_global: 0.023 tri_part: 0.573 lgpa_assign: 2.787
2026-07-13 00:02:30 transreid.train INFO: Epoch[98] Iter[140/227] Loss: 3.082, Acc: 0.991, Base Lr: 6.60e-05 | id_global: 0.203 id_part: 2.562 tri_global: 0.023 tri_part: 0.574 lgpa_assign: 2.802
2026-07-13 00:02:33 transreid.train INFO: Epoch[98] Iter[160/227] Loss: 3.054, Acc: 0.991, Base Lr: 6.60e-05 | id_global: 0.199 id_part: 2.511 tri_global: 0.023 tri_part: 0.573 lgpa_assign: 2.802
2026-07-13 00:02:37 transreid.train INFO: Epoch[98] Iter[180/227] Loss: 3.021, Acc: 0.992, Base Lr: 6.60e-05 | id_global: 0.192 id_part: 2.439 tri_global: 0.022 tri_part: 0.573 lgpa_assign: 2.815
2026-07-13 00:02:40 transreid.train INFO: Epoch[98] Iter[200/227] Loss: 2.971, Acc: 0.992, Base Lr: 6.60e-05 | id_global: 0.184 id_part: 2.340 tri_global: 0.022 tri_part: 0.572 lgpa_assign: 2.823
2026-07-13 00:02:42 transreid.train INFO: Epoch 98 done. Time per epoch: 37.021[s] Speed: 364.8[samples/s] ETA: 0h13m
2026-07-13 00:02:47 transreid.train INFO: Epoch[99] Iter[20/227] Loss: 3.254, Acc: 0.988, Base Lr: 6.04e-05 | id_global: 0.241 id_part: 2.839 tri_global: 0.033 tri_part: 0.574 lgpa_assign: 2.822
2026-07-13 00:02:50 transreid.train INFO: Epoch[99] Iter[40/227] Loss: 3.226, Acc: 0.988, Base Lr: 6.04e-05 | id_global: 0.233 id_part: 2.797 tri_global: 0.022 tri_part: 0.572 lgpa_assign: 2.828
2026-07-13 00:02:53 transreid.train INFO: Epoch[99] Iter[60/227] Loss: 3.195, Acc: 0.989, Base Lr: 6.04e-05 | id_global: 0.226 id_part: 2.738 tri_global: 0.027 tri_part: 0.575 lgpa_assign: 2.822
2026-07-13 00:02:57 transreid.train INFO: Epoch[99] Iter[80/227] Loss: 3.167, Acc: 0.988, Base Lr: 6.04e-05 | id_global: 0.221 id_part: 2.693 tri_global: 0.025 tri_part: 0.575 lgpa_assign: 2.820
2026-07-13 00:03:00 transreid.train INFO: Epoch[99] Iter[100/227] Loss: 3.142, Acc: 0.989, Base Lr: 6.04e-05 | id_global: 0.217 id_part: 2.658 tri_global: 0.025 tri_part: 0.574 lgpa_assign: 2.809
2026-07-13 00:03:03 transreid.train INFO: Epoch[99] Iter[120/227] Loss: 3.107, Acc: 0.989, Base Lr: 6.04e-05 | id_global: 0.209 id_part: 2.590 tri_global: 0.023 tri_part: 0.574 lgpa_assign: 2.817
2026-07-13 00:03:07 transreid.train INFO: Epoch[99] Iter[140/227] Loss: 3.079, Acc: 0.989, Base Lr: 6.04e-05 | id_global: 0.205 id_part: 2.540 tri_global: 0.023 tri_part: 0.573 lgpa_assign: 2.817
2026-07-13 00:03:10 transreid.train INFO: Epoch[99] Iter[160/227] Loss: 3.047, Acc: 0.989, Base Lr: 6.04e-05 | id_global: 0.200 id_part: 2.482 tri_global: 0.023 tri_part: 0.573 lgpa_assign: 2.818
2026-07-13 00:03:14 transreid.train INFO: Epoch[99] Iter[180/227] Loss: 3.018, Acc: 0.989, Base Lr: 6.04e-05 | id_global: 0.195 id_part: 2.425 tri_global: 0.022 tri_part: 0.573 lgpa_assign: 2.821
2026-07-13 00:03:17 transreid.train INFO: Epoch[99] Iter[200/227] Loss: 2.975, Acc: 0.990, Base Lr: 6.04e-05 | id_global: 0.188 id_part: 2.338 tri_global: 0.022 tri_part: 0.573 lgpa_assign: 2.829
2026-07-13 00:03:19 transreid.train INFO: Epoch 99 done. Time per epoch: 37.143[s] Speed: 365.3[samples/s] ETA: 0h13m
2026-07-13 00:03:24 transreid.train INFO: Epoch[100] Iter[20/227] Loss: 3.235, Acc: 0.989, Base Lr: 5.51e-05 | id_global: 0.226 id_part: 2.758 tri_global: 0.025 tri_part: 0.578 lgpa_assign: 2.882
2026-07-13 00:03:27 transreid.train INFO: Epoch[100] Iter[40/227] Loss: 3.150, Acc: 0.991, Base Lr: 5.51e-05 | id_global: 0.211 id_part: 2.696 tri_global: 0.020 tri_part: 0.572 lgpa_assign: 2.801
2026-07-13 00:03:30 transreid.train INFO: Epoch[100] Iter[60/227] Loss: 3.165, Acc: 0.992, Base Lr: 5.51e-05 | id_global: 0.215 id_part: 2.702 tri_global: 0.025 tri_part: 0.574 lgpa_assign: 2.813
2026-07-13 00:03:34 transreid.train INFO: Epoch[100] Iter[80/227] Loss: 3.143, Acc: 0.990, Base Lr: 5.51e-05 | id_global: 0.213 id_part: 2.676 tri_global: 0.022 tri_part: 0.573 lgpa_assign: 2.802
2026-07-13 00:03:37 transreid.train INFO: Epoch[100] Iter[100/227] Loss: 3.130, Acc: 0.990, Base Lr: 5.51e-05 | id_global: 0.210 id_part: 2.652 tri_global: 0.019 tri_part: 0.574 lgpa_assign: 2.806
2026-07-13 00:03:40 transreid.train INFO: Epoch[100] Iter[120/227] Loss: 3.096, Acc: 0.990, Base Lr: 5.51e-05 | id_global: 0.205 id_part: 2.590 tri_global: 0.019 tri_part: 0.574 lgpa_assign: 2.804
2026-07-13 00:03:44 transreid.train INFO: Epoch[100] Iter[140/227] Loss: 3.070, Acc: 0.991, Base Lr: 5.51e-05 | id_global: 0.201 id_part: 2.541 tri_global: 0.022 tri_part: 0.574 lgpa_assign: 2.802
2026-07-13 00:03:47 transreid.train INFO: Epoch[100] Iter[160/227] Loss: 3.040, Acc: 0.991, Base Lr: 5.51e-05 | id_global: 0.195 id_part: 2.488 tri_global: 0.021 tri_part: 0.573 lgpa_assign: 2.802
2026-07-13 00:03:51 transreid.train INFO: Epoch[100] Iter[180/227] Loss: 3.018, Acc: 0.991, Base Lr: 5.51e-05 | id_global: 0.193 id_part: 2.432 tri_global: 0.022 tri_part: 0.574 lgpa_assign: 2.815
2026-07-13 00:03:54 transreid.train INFO: Epoch[100] Iter[200/227] Loss: 2.975, Acc: 0.991, Base Lr: 5.51e-05 | id_global: 0.186 id_part: 2.342 tri_global: 0.021 tri_part: 0.574 lgpa_assign: 2.828
2026-07-13 00:03:56 transreid.train INFO: Epoch 100 done. Time per epoch: 36.823[s] Speed: 366.7[samples/s] ETA: 0h12m
The test feature is normalized
=> Computing DistMat with euclidean_distance
2026-07-13 00:04:26 transreid.train INFO: Validation Results - Epoch: 100
2026-07-13 00:04:26 transreid.train INFO: mAP: 59.6%
2026-07-13 00:04:26 transreid.train INFO: CMC curve, Rank-1  :68.0%
2026-07-13 00:04:26 transreid.train INFO: CMC curve, Rank-5  :80.2%
2026-07-13 00:04:26 transreid.train INFO: CMC curve, Rank-10 :85.2%
2026-07-13 00:04:31 transreid.train INFO: Epoch[101] Iter[20/227] Loss: 3.163, Acc: 0.992, Base Lr: 5.00e-05 | id_global: 0.227 id_part: 2.738 tri_global: 0.022 tri_part: 0.574 lgpa_assign: 2.764
2026-07-13 00:04:34 transreid.train INFO: Epoch[101] Iter[40/227] Loss: 3.165, Acc: 0.991, Base Lr: 5.00e-05 | id_global: 0.223 id_part: 2.735 tri_global: 0.016 tri_part: 0.570 lgpa_assign: 2.785
2026-07-13 00:04:37 transreid.train INFO: Epoch[101] Iter[60/227] Loss: 3.166, Acc: 0.990, Base Lr: 5.00e-05 | id_global: 0.224 id_part: 2.734 tri_global: 0.015 tri_part: 0.569 lgpa_assign: 2.791
2026-07-13 00:04:41 transreid.train INFO: Epoch[101] Iter[80/227] Loss: 3.150, Acc: 0.990, Base Lr: 5.00e-05 | id_global: 0.220 id_part: 2.696 tri_global: 0.019 tri_part: 0.571 lgpa_assign: 2.795
2026-07-13 00:04:44 transreid.train INFO: Epoch[101] Iter[100/227] Loss: 3.117, Acc: 0.991, Base Lr: 5.00e-05 | id_global: 0.213 id_part: 2.635 tri_global: 0.019 tri_part: 0.571 lgpa_assign: 2.795
2026-07-13 00:04:48 transreid.train INFO: Epoch[101] Iter[120/227] Loss: 3.100, Acc: 0.991, Base Lr: 5.00e-05 | id_global: 0.211 id_part: 2.599 tri_global: 0.018 tri_part: 0.573 lgpa_assign: 2.799
2026-07-13 00:04:51 transreid.train INFO: Epoch[101] Iter[140/227] Loss: 3.075, Acc: 0.991, Base Lr: 5.00e-05 | id_global: 0.205 id_part: 2.548 tri_global: 0.019 tri_part: 0.573 lgpa_assign: 2.806
2026-07-13 00:04:54 transreid.train INFO: Epoch[101] Iter[160/227] Loss: 3.054, Acc: 0.991, Base Lr: 5.00e-05 | id_global: 0.199 id_part: 2.495 tri_global: 0.023 tri_part: 0.573 lgpa_assign: 2.818
2026-07-13 00:04:58 transreid.train INFO: Epoch[101] Iter[180/227] Loss: 3.019, Acc: 0.991, Base Lr: 5.00e-05 | id_global: 0.195 id_part: 2.428 tri_global: 0.023 tri_part: 0.572 lgpa_assign: 2.820
2026-07-13 00:05:01 transreid.train INFO: Epoch[101] Iter[200/227] Loss: 2.969, Acc: 0.991, Base Lr: 5.00e-05 | id_global: 0.188 id_part: 2.333 tri_global: 0.022 tri_part: 0.572 lgpa_assign: 2.822
2026-07-13 00:05:03 transreid.train INFO: Epoch 101 done. Time per epoch: 36.887[s] Speed: 366.1[samples/s] ETA: 0h11m
2026-07-13 00:05:08 transreid.train INFO: Epoch[102] Iter[20/227] Loss: 3.207, Acc: 0.986, Base Lr: 4.51e-05 | id_global: 0.219 id_part: 2.765 tri_global: 0.031 tri_part: 0.573 lgpa_assign: 2.825
2026-07-13 00:05:11 transreid.train INFO: Epoch[102] Iter[40/227] Loss: 3.170, Acc: 0.990, Base Lr: 4.51e-05 | id_global: 0.210 id_part: 2.699 tri_global: 0.022 tri_part: 0.570 lgpa_assign: 2.838
2026-07-13 00:05:14 transreid.train INFO: Epoch[102] Iter[60/227] Loss: 3.154, Acc: 0.991, Base Lr: 4.51e-05 | id_global: 0.206 id_part: 2.666 tri_global: 0.020 tri_part: 0.570 lgpa_assign: 2.846
2026-07-13 00:05:18 transreid.train INFO: Epoch[102] Iter[80/227] Loss: 3.137, Acc: 0.990, Base Lr: 4.51e-05 | id_global: 0.212 id_part: 2.656 tri_global: 0.019 tri_part: 0.570 lgpa_assign: 2.817
2026-07-13 00:05:21 transreid.train INFO: Epoch[102] Iter[100/227] Loss: 3.112, Acc: 0.990, Base Lr: 4.51e-05 | id_global: 0.207 id_part: 2.616 tri_global: 0.022 tri_part: 0.571 lgpa_assign: 2.807
2026-07-13 00:05:24 transreid.train INFO: Epoch[102] Iter[120/227] Loss: 3.100, Acc: 0.990, Base Lr: 4.51e-05 | id_global: 0.205 id_part: 2.582 tri_global: 0.022 tri_part: 0.572 lgpa_assign: 2.819
2026-07-13 00:05:28 transreid.train INFO: Epoch[102] Iter[140/227] Loss: 3.075, Acc: 0.990, Base Lr: 4.51e-05 | id_global: 0.203 id_part: 2.544 tri_global: 0.023 tri_part: 0.572 lgpa_assign: 2.809
2026-07-13 00:05:31 transreid.train INFO: Epoch[102] Iter[160/227] Loss: 3.039, Acc: 0.990, Base Lr: 4.51e-05 | id_global: 0.197 id_part: 2.479 tri_global: 0.022 tri_part: 0.571 lgpa_assign: 2.809
2026-07-13 00:05:35 transreid.train INFO: Epoch[102] Iter[180/227] Loss: 3.007, Acc: 0.991, Base Lr: 4.51e-05 | id_global: 0.190 id_part: 2.414 tri_global: 0.021 tri_part: 0.571 lgpa_assign: 2.820
2026-07-13 00:05:38 transreid.train INFO: Epoch[102] Iter[200/227] Loss: 2.963, Acc: 0.991, Base Lr: 4.51e-05 | id_global: 0.182 id_part: 2.318 tri_global: 0.022 tri_part: 0.571 lgpa_assign: 2.831
2026-07-13 00:05:40 transreid.train INFO: Epoch 102 done. Time per epoch: 36.978[s] Speed: 365.2[samples/s] ETA: 0h11m
2026-07-13 00:05:45 transreid.train INFO: Epoch[103] Iter[20/227] Loss: 3.159, Acc: 0.988, Base Lr: 4.05e-05 | id_global: 0.213 id_part: 2.719 tri_global: 0.041 tri_part: 0.570 lgpa_assign: 2.775
2026-07-13 00:05:48 transreid.train INFO: Epoch[103] Iter[40/227] Loss: 3.161, Acc: 0.988, Base Lr: 4.05e-05 | id_global: 0.218 id_part: 2.725 tri_global: 0.035 tri_part: 0.572 lgpa_assign: 2.772
2026-07-13 00:05:51 transreid.train INFO: Epoch[103] Iter[60/227] Loss: 3.170, Acc: 0.988, Base Lr: 4.05e-05 | id_global: 0.221 id_part: 2.710 tri_global: 0.030 tri_part: 0.574 lgpa_assign: 2.807
2026-07-13 00:05:55 transreid.train INFO: Epoch[103] Iter[80/227] Loss: 3.160, Acc: 0.988, Base Lr: 4.05e-05 | id_global: 0.219 id_part: 2.685 tri_global: 0.026 tri_part: 0.574 lgpa_assign: 2.816
2026-07-13 00:05:58 transreid.train INFO: Epoch[103] Iter[100/227] Loss: 3.131, Acc: 0.988, Base Lr: 4.05e-05 | id_global: 0.216 id_part: 2.642 tri_global: 0.024 tri_part: 0.575 lgpa_assign: 2.807
2026-07-13 00:06:02 transreid.train INFO: Epoch[103] Iter[120/227] Loss: 3.102, Acc: 0.989, Base Lr: 4.05e-05 | id_global: 0.208 id_part: 2.583 tri_global: 0.021 tri_part: 0.574 lgpa_assign: 2.817
2026-07-13 00:06:05 transreid.train INFO: Epoch[103] Iter[140/227] Loss: 3.077, Acc: 0.989, Base Lr: 4.05e-05 | id_global: 0.203 id_part: 2.537 tri_global: 0.021 tri_part: 0.574 lgpa_assign: 2.818
2026-07-13 00:06:08 transreid.train INFO: Epoch[103] Iter[160/227] Loss: 3.045, Acc: 0.990, Base Lr: 4.05e-05 | id_global: 0.197 id_part: 2.477 tri_global: 0.021 tri_part: 0.574 lgpa_assign: 2.821
2026-07-13 00:06:12 transreid.train INFO: Epoch[103] Iter[180/227] Loss: 3.011, Acc: 0.991, Base Lr: 4.05e-05 | id_global: 0.192 id_part: 2.414 tri_global: 0.021 tri_part: 0.573 lgpa_assign: 2.822
2026-07-13 00:06:15 transreid.train INFO: Epoch[103] Iter[200/227] Loss: 2.964, Acc: 0.991, Base Lr: 4.05e-05 | id_global: 0.183 id_part: 2.326 tri_global: 0.020 tri_part: 0.572 lgpa_assign: 2.827
2026-07-13 00:06:17 transreid.train INFO: Epoch 103 done. Time per epoch: 37.114[s] Speed: 363.9[samples/s] ETA: 0h10m
2026-07-13 00:06:22 transreid.train INFO: Epoch[104] Iter[20/227] Loss: 3.184, Acc: 0.990, Base Lr: 3.61e-05 | id_global: 0.232 id_part: 2.755 tri_global: 0.017 tri_part: 0.575 lgpa_assign: 2.790
2026-07-13 00:06:25 transreid.train INFO: Epoch[104] Iter[40/227] Loss: 3.188, Acc: 0.991, Base Lr: 3.61e-05 | id_global: 0.221 id_part: 2.793 tri_global: 0.014 tri_part: 0.572 lgpa_assign: 2.777
2026-07-13 00:06:29 transreid.train INFO: Epoch[104] Iter[60/227] Loss: 3.167, Acc: 0.991, Base Lr: 3.61e-05 | id_global: 0.218 id_part: 2.736 tri_global: 0.012 tri_part: 0.572 lgpa_assign: 2.795
2026-07-13 00:06:32 transreid.train INFO: Epoch[104] Iter[80/227] Loss: 3.150, Acc: 0.991, Base Lr: 3.61e-05 | id_global: 0.216 id_part: 2.703 tri_global: 0.015 tri_part: 0.572 lgpa_assign: 2.793
2026-07-13 00:06:35 transreid.train INFO: Epoch[104] Iter[100/227] Loss: 3.134, Acc: 0.992, Base Lr: 3.61e-05 | id_global: 0.209 id_part: 2.675 tri_global: 0.016 tri_part: 0.572 lgpa_assign: 2.797
2026-07-13 00:06:39 transreid.train INFO: Epoch[104] Iter[120/227] Loss: 3.102, Acc: 0.991, Base Lr: 3.61e-05 | id_global: 0.204 id_part: 2.618 tri_global: 0.017 tri_part: 0.572 lgpa_assign: 2.793
2026-07-13 00:06:42 transreid.train INFO: Epoch[104] Iter[140/227] Loss: 3.083, Acc: 0.991, Base Lr: 3.61e-05 | id_global: 0.199 id_part: 2.566 tri_global: 0.017 tri_part: 0.572 lgpa_assign: 2.812
2026-07-13 00:06:45 transreid.train INFO: Epoch[104] Iter[160/227] Loss: 3.042, Acc: 0.991, Base Lr: 3.61e-05 | id_global: 0.193 id_part: 2.499 tri_global: 0.015 tri_part: 0.572 lgpa_assign: 2.806
2026-07-13 00:06:49 transreid.train INFO: Epoch[104] Iter[180/227] Loss: 2.998, Acc: 0.992, Base Lr: 3.61e-05 | id_global: 0.186 id_part: 2.417 tri_global: 0.016 tri_part: 0.571 lgpa_assign: 2.805
2026-07-13 00:06:52 transreid.train INFO: Epoch[104] Iter[200/227] Loss: 2.956, Acc: 0.991, Base Lr: 3.61e-05 | id_global: 0.181 id_part: 2.322 tri_global: 0.017 tri_part: 0.571 lgpa_assign: 2.822
2026-07-13 00:06:54 transreid.train INFO: Epoch 104 done. Time per epoch: 37.120[s] Speed: 363.8[samples/s] ETA: 0h9m
2026-07-13 00:06:59 transreid.train INFO: Epoch[105] Iter[20/227] Loss: 3.212, Acc: 0.984, Base Lr: 3.20e-05 | id_global: 0.243 id_part: 2.813 tri_global: 0.014 tri_part: 0.574 lgpa_assign: 2.779
2026-07-13 00:07:02 transreid.train INFO: Epoch[105] Iter[40/227] Loss: 3.177, Acc: 0.988, Base Lr: 3.20e-05 | id_global: 0.222 id_part: 2.724 tri_global: 0.013 tri_part: 0.572 lgpa_assign: 2.822
2026-07-13 00:07:06 transreid.train INFO: Epoch[105] Iter[60/227] Loss: 3.149, Acc: 0.989, Base Lr: 3.20e-05 | id_global: 0.216 id_part: 2.689 tri_global: 0.013 tri_part: 0.571 lgpa_assign: 2.808
2026-07-13 00:07:09 transreid.train INFO: Epoch[105] Iter[80/227] Loss: 3.142, Acc: 0.989, Base Lr: 3.20e-05 | id_global: 0.214 id_part: 2.670 tri_global: 0.014 tri_part: 0.571 lgpa_assign: 2.813
2026-07-13 00:07:12 transreid.train INFO: Epoch[105] Iter[100/227] Loss: 3.130, Acc: 0.990, Base Lr: 3.20e-05 | id_global: 0.213 id_part: 2.648 tri_global: 0.016 tri_part: 0.572 lgpa_assign: 2.812
2026-07-13 00:07:16 transreid.train INFO: Epoch[105] Iter[120/227] Loss: 3.106, Acc: 0.990, Base Lr: 3.20e-05 | id_global: 0.207 id_part: 2.606 tri_global: 0.015 tri_part: 0.572 lgpa_assign: 2.811
2026-07-13 00:07:19 transreid.train INFO: Epoch[105] Iter[140/227] Loss: 3.078, Acc: 0.991, Base Lr: 3.20e-05 | id_global: 0.203 id_part: 2.545 tri_global: 0.016 tri_part: 0.573 lgpa_assign: 2.820
2026-07-13 00:07:22 transreid.train INFO: Epoch[105] Iter[160/227] Loss: 3.037, Acc: 0.992, Base Lr: 3.20e-05 | id_global: 0.195 id_part: 2.479 tri_global: 0.016 tri_part: 0.573 lgpa_assign: 2.811
2026-07-13 00:07:26 transreid.train INFO: Epoch[105] Iter[180/227] Loss: 3.000, Acc: 0.992, Base Lr: 3.20e-05 | id_global: 0.187 id_part: 2.407 tri_global: 0.015 tri_part: 0.572 lgpa_assign: 2.819
2026-07-13 00:07:29 transreid.train INFO: Epoch[105] Iter[200/227] Loss: 2.959, Acc: 0.992, Base Lr: 3.20e-05 | id_global: 0.180 id_part: 2.321 tri_global: 0.015 tri_part: 0.572 lgpa_assign: 2.831
2026-07-13 00:07:31 transreid.train INFO: Epoch 105 done. Time per epoch: 37.182[s] Speed: 364.9[samples/s] ETA: 0h9m
2026-07-13 00:07:36 transreid.train INFO: Epoch[106] Iter[20/227] Loss: 3.155, Acc: 0.990, Base Lr: 2.81e-05 | id_global: 0.215 id_part: 2.700 tri_global: 0.017 tri_part: 0.568 lgpa_assign: 2.808
2026-07-13 00:07:39 transreid.train INFO: Epoch[106] Iter[40/227] Loss: 3.183, Acc: 0.987, Base Lr: 2.81e-05 | id_global: 0.232 id_part: 2.699 tri_global: 0.025 tri_part: 0.574 lgpa_assign: 2.837
2026-07-13 00:07:43 transreid.train INFO: Epoch[106] Iter[60/227] Loss: 3.161, Acc: 0.989, Base Lr: 2.81e-05 | id_global: 0.221 id_part: 2.683 tri_global: 0.021 tri_part: 0.573 lgpa_assign: 2.824
2026-07-13 00:07:46 transreid.train INFO: Epoch[106] Iter[80/227] Loss: 3.148, Acc: 0.989, Base Lr: 2.81e-05 | id_global: 0.220 id_part: 2.687 tri_global: 0.020 tri_part: 0.572 lgpa_assign: 2.797
2026-07-13 00:07:49 transreid.train INFO: Epoch[106] Iter[100/227] Loss: 3.118, Acc: 0.990, Base Lr: 2.81e-05 | id_global: 0.215 id_part: 2.626 tri_global: 0.022 tri_part: 0.573 lgpa_assign: 2.800
2026-07-13 00:07:53 transreid.train INFO: Epoch[106] Iter[120/227] Loss: 3.107, Acc: 0.990, Base Lr: 2.81e-05 | id_global: 0.212 id_part: 2.611 tri_global: 0.024 tri_part: 0.574 lgpa_assign: 2.793
2026-07-13 00:07:56 transreid.train INFO: Epoch[106] Iter[140/227] Loss: 3.083, Acc: 0.990, Base Lr: 2.81e-05 | id_global: 0.207 id_part: 2.558 tri_global: 0.024 tri_part: 0.574 lgpa_assign: 2.804
2026-07-13 00:08:00 transreid.train INFO: Epoch[106] Iter[160/227] Loss: 3.045, Acc: 0.990, Base Lr: 2.81e-05 | id_global: 0.202 id_part: 2.494 tri_global: 0.025 tri_part: 0.574 lgpa_assign: 2.795
2026-07-13 00:08:03 transreid.train INFO: Epoch[106] Iter[180/227] Loss: 3.010, Acc: 0.990, Base Lr: 2.81e-05 | id_global: 0.196 id_part: 2.427 tri_global: 0.026 tri_part: 0.574 lgpa_assign: 2.797
2026-07-13 00:08:06 transreid.train INFO: Epoch[106] Iter[200/227] Loss: 2.958, Acc: 0.991, Base Lr: 2.81e-05 | id_global: 0.187 id_part: 2.323 tri_global: 0.026 tri_part: 0.574 lgpa_assign: 2.806
2026-07-13 00:08:08 transreid.train INFO: Epoch 106 done. Time per epoch: 37.106[s] Speed: 365.7[samples/s] ETA: 0h8m
2026-07-13 00:08:13 transreid.train INFO: Epoch[107] Iter[20/227] Loss: 3.142, Acc: 0.989, Base Lr: 2.45e-05 | id_global: 0.212 id_part: 2.608 tri_global: 0.022 tri_part: 0.575 lgpa_assign: 2.866
2026-07-13 00:08:16 transreid.train INFO: Epoch[107] Iter[40/227] Loss: 3.118, Acc: 0.991, Base Lr: 2.45e-05 | id_global: 0.207 id_part: 2.587 tri_global: 0.024 tri_part: 0.574 lgpa_assign: 2.844
2026-07-13 00:08:20 transreid.train INFO: Epoch[107] Iter[60/227] Loss: 3.098, Acc: 0.990, Base Lr: 2.45e-05 | id_global: 0.210 id_part: 2.585 tri_global: 0.021 tri_part: 0.572 lgpa_assign: 2.810
2026-07-13 00:08:23 transreid.train INFO: Epoch[107] Iter[80/227] Loss: 3.095, Acc: 0.990, Base Lr: 2.45e-05 | id_global: 0.210 id_part: 2.572 tri_global: 0.024 tri_part: 0.573 lgpa_assign: 2.812
2026-07-13 00:08:27 transreid.train INFO: Epoch[107] Iter[100/227] Loss: 3.088, Acc: 0.990, Base Lr: 2.45e-05 | id_global: 0.206 id_part: 2.566 tri_global: 0.025 tri_part: 0.572 lgpa_assign: 2.807
2026-07-13 00:08:30 transreid.train INFO: Epoch[107] Iter[120/227] Loss: 3.080, Acc: 0.991, Base Lr: 2.45e-05 | id_global: 0.201 id_part: 2.548 tri_global: 0.026 tri_part: 0.572 lgpa_assign: 2.813
2026-07-13 00:08:33 transreid.train INFO: Epoch[107] Iter[140/227] Loss: 3.058, Acc: 0.991, Base Lr: 2.45e-05 | id_global: 0.200 id_part: 2.514 tri_global: 0.025 tri_part: 0.573 lgpa_assign: 2.804
2026-07-13 00:08:37 transreid.train INFO: Epoch[107] Iter[160/227] Loss: 3.032, Acc: 0.991, Base Lr: 2.45e-05 | id_global: 0.195 id_part: 2.470 tri_global: 0.028 tri_part: 0.573 lgpa_assign: 2.799
2026-07-13 00:08:40 transreid.train INFO: Epoch[107] Iter[180/227] Loss: 3.000, Acc: 0.991, Base Lr: 2.45e-05 | id_global: 0.190 id_part: 2.407 tri_global: 0.027 tri_part: 0.573 lgpa_assign: 2.802
2026-07-13 00:08:43 transreid.train INFO: Epoch[107] Iter[200/227] Loss: 2.957, Acc: 0.992, Base Lr: 2.45e-05 | id_global: 0.183 id_part: 2.316 tri_global: 0.029 tri_part: 0.572 lgpa_assign: 2.815
2026-07-13 00:08:45 transreid.train INFO: Epoch 107 done. Time per epoch: 36.980[s] Speed: 366.9[samples/s] ETA: 0h8m
2026-07-13 00:08:50 transreid.train INFO: Epoch[108] Iter[20/227] Loss: 3.139, Acc: 0.984, Base Lr: 2.11e-05 | id_global: 0.224 id_part: 2.655 tri_global: 0.018 tri_part: 0.569 lgpa_assign: 2.812
2026-07-13 00:08:53 transreid.train INFO: Epoch[108] Iter[40/227] Loss: 3.184, Acc: 0.987, Base Lr: 2.11e-05 | id_global: 0.226 id_part: 2.724 tri_global: 0.038 tri_part: 0.572 lgpa_assign: 2.807
2026-07-13 00:08:57 transreid.train INFO: Epoch[108] Iter[60/227] Loss: 3.148, Acc: 0.989, Base Lr: 2.11e-05 | id_global: 0.219 id_part: 2.690 tri_global: 0.028 tri_part: 0.570 lgpa_assign: 2.789
2026-07-13 00:09:00 transreid.train INFO: Epoch[108] Iter[80/227] Loss: 3.140, Acc: 0.989, Base Lr: 2.11e-05 | id_global: 0.215 id_part: 2.666 tri_global: 0.029 tri_part: 0.571 lgpa_assign: 2.797
2026-07-13 00:09:03 transreid.train INFO: Epoch[108] Iter[100/227] Loss: 3.113, Acc: 0.989, Base Lr: 2.11e-05 | id_global: 0.211 id_part: 2.615 tri_global: 0.027 tri_part: 0.572 lgpa_assign: 2.802
2026-07-13 00:09:07 transreid.train INFO: Epoch[108] Iter[120/227] Loss: 3.089, Acc: 0.989, Base Lr: 2.11e-05 | id_global: 0.207 id_part: 2.572 tri_global: 0.026 tri_part: 0.573 lgpa_assign: 2.801
2026-07-13 00:09:10 transreid.train INFO: Epoch[108] Iter[140/227] Loss: 3.064, Acc: 0.990, Base Lr: 2.11e-05 | id_global: 0.203 id_part: 2.526 tri_global: 0.025 tri_part: 0.573 lgpa_assign: 2.802
2026-07-13 00:09:14 transreid.train INFO: Epoch[108] Iter[160/227] Loss: 3.039, Acc: 0.990, Base Lr: 2.11e-05 | id_global: 0.198 id_part: 2.481 tri_global: 0.023 tri_part: 0.572 lgpa_assign: 2.803
2026-07-13 00:09:17 transreid.train INFO: Epoch[108] Iter[180/227] Loss: 2.995, Acc: 0.991, Base Lr: 2.11e-05 | id_global: 0.191 id_part: 2.406 tri_global: 0.022 tri_part: 0.572 lgpa_assign: 2.801
2026-07-13 00:09:20 transreid.train INFO: Epoch[108] Iter[200/227] Loss: 2.953, Acc: 0.991, Base Lr: 2.11e-05 | id_global: 0.184 id_part: 2.311 tri_global: 0.022 tri_part: 0.572 lgpa_assign: 2.816
2026-07-13 00:09:23 transreid.train INFO: Epoch 108 done. Time per epoch: 37.130[s] Speed: 367.1[samples/s] ETA: 0h7m
2026-07-13 00:09:27 transreid.train INFO: Epoch[109] Iter[20/227] Loss: 3.181, Acc: 0.990, Base Lr: 1.80e-05 | id_global: 0.215 id_part: 2.725 tri_global: 0.013 tri_part: 0.572 lgpa_assign: 2.837
2026-07-13 00:09:31 transreid.train INFO: Epoch[109] Iter[40/227] Loss: 3.164, Acc: 0.989, Base Lr: 1.80e-05 | id_global: 0.217 id_part: 2.736 tri_global: 0.023 tri_part: 0.573 lgpa_assign: 2.778
2026-07-13 00:09:34 transreid.train INFO: Epoch[109] Iter[60/227] Loss: 3.159, Acc: 0.991, Base Lr: 1.80e-05 | id_global: 0.215 id_part: 2.713 tri_global: 0.021 tri_part: 0.572 lgpa_assign: 2.798
2026-07-13 00:09:37 transreid.train INFO: Epoch[109] Iter[80/227] Loss: 3.147, Acc: 0.990, Base Lr: 1.80e-05 | id_global: 0.212 id_part: 2.664 tri_global: 0.024 tri_part: 0.573 lgpa_assign: 2.819
2026-07-13 00:09:41 transreid.train INFO: Epoch[109] Iter[100/227] Loss: 3.127, Acc: 0.990, Base Lr: 1.80e-05 | id_global: 0.210 id_part: 2.629 tri_global: 0.024 tri_part: 0.574 lgpa_assign: 2.817
2026-07-13 00:09:44 transreid.train INFO: Epoch[109] Iter[120/227] Loss: 3.096, Acc: 0.990, Base Lr: 1.80e-05 | id_global: 0.206 id_part: 2.576 tri_global: 0.024 tri_part: 0.573 lgpa_assign: 2.813
2026-07-13 00:09:48 transreid.train INFO: Epoch[109] Iter[140/227] Loss: 3.073, Acc: 0.991, Base Lr: 1.80e-05 | id_global: 0.203 id_part: 2.531 tri_global: 0.023 tri_part: 0.574 lgpa_assign: 2.814
2026-07-13 00:09:51 transreid.train INFO: Epoch[109] Iter[160/227] Loss: 3.045, Acc: 0.991, Base Lr: 1.80e-05 | id_global: 0.199 id_part: 2.482 tri_global: 0.023 tri_part: 0.574 lgpa_assign: 2.812
2026-07-13 00:09:54 transreid.train INFO: Epoch[109] Iter[180/227] Loss: 3.003, Acc: 0.991, Base Lr: 1.80e-05 | id_global: 0.192 id_part: 2.409 tri_global: 0.022 tri_part: 0.573 lgpa_assign: 2.810
2026-07-13 00:09:58 transreid.train INFO: Epoch[109] Iter[200/227] Loss: 2.956, Acc: 0.991, Base Lr: 1.80e-05 | id_global: 0.185 id_part: 2.315 tri_global: 0.021 tri_part: 0.572 lgpa_assign: 2.819
2026-07-13 00:09:59 transreid.train INFO: Epoch 109 done. Time per epoch: 36.930[s] Speed: 365.7[samples/s] ETA: 0h6m
2026-07-13 00:10:04 transreid.train INFO: Epoch[110] Iter[20/227] Loss: 3.110, Acc: 0.988, Base Lr: 1.52e-05 | id_global: 0.216 id_part: 2.609 tri_global: 0.016 tri_part: 0.570 lgpa_assign: 2.810
2026-07-13 00:10:07 transreid.train INFO: Epoch[110] Iter[40/227] Loss: 3.156, Acc: 0.990, Base Lr: 1.52e-05 | id_global: 0.223 id_part: 2.685 tri_global: 0.024 tri_part: 0.572 lgpa_assign: 2.808
2026-07-13 00:10:11 transreid.train INFO: Epoch[110] Iter[60/227] Loss: 3.119, Acc: 0.991, Base Lr: 1.52e-05 | id_global: 0.213 id_part: 2.660 tri_global: 0.017 tri_part: 0.571 lgpa_assign: 2.777
2026-07-13 00:10:14 transreid.train INFO: Epoch[110] Iter[80/227] Loss: 3.107, Acc: 0.991, Base Lr: 1.52e-05 | id_global: 0.208 id_part: 2.634 tri_global: 0.016 tri_part: 0.571 lgpa_assign: 2.786
2026-07-13 00:10:18 transreid.train INFO: Epoch[110] Iter[100/227] Loss: 3.101, Acc: 0.991, Base Lr: 1.52e-05 | id_global: 0.206 id_part: 2.610 tri_global: 0.018 tri_part: 0.572 lgpa_assign: 2.797
2026-07-13 00:10:21 transreid.train INFO: Epoch[110] Iter[120/227] Loss: 3.077, Acc: 0.992, Base Lr: 1.52e-05 | id_global: 0.202 id_part: 2.567 tri_global: 0.021 tri_part: 0.572 lgpa_assign: 2.792
2026-07-13 00:10:24 transreid.train INFO: Epoch[110] Iter[140/227] Loss: 3.056, Acc: 0.991, Base Lr: 1.52e-05 | id_global: 0.198 id_part: 2.527 tri_global: 0.020 tri_part: 0.572 lgpa_assign: 2.794
2026-07-13 00:10:28 transreid.train INFO: Epoch[110] Iter[160/227] Loss: 3.025, Acc: 0.992, Base Lr: 1.52e-05 | id_global: 0.192 id_part: 2.470 tri_global: 0.020 tri_part: 0.572 lgpa_assign: 2.796
2026-07-13 00:10:31 transreid.train INFO: Epoch[110] Iter[180/227] Loss: 2.986, Acc: 0.992, Base Lr: 1.52e-05 | id_global: 0.186 id_part: 2.400 tri_global: 0.019 tri_part: 0.571 lgpa_assign: 2.797
2026-07-13 00:10:34 transreid.train INFO: Epoch[110] Iter[200/227] Loss: 2.940, Acc: 0.993, Base Lr: 1.52e-05 | id_global: 0.179 id_part: 2.307 tri_global: 0.019 tri_part: 0.571 lgpa_assign: 2.804
2026-07-13 00:10:36 transreid.train INFO: Epoch 110 done. Time per epoch: 36.973[s] Speed: 367.0[samples/s] ETA: 0h6m
The test feature is normalized
=> Computing DistMat with euclidean_distance
2026-07-13 00:11:07 transreid.train INFO: Validation Results - Epoch: 110
2026-07-13 00:11:07 transreid.train INFO: mAP: 59.8%
2026-07-13 00:11:07 transreid.train INFO: CMC curve, Rank-1  :68.6%
2026-07-13 00:11:07 transreid.train INFO: CMC curve, Rank-5  :81.0%
2026-07-13 00:11:07 transreid.train INFO: CMC curve, Rank-10 :85.3%
2026-07-13 00:11:11 transreid.train INFO: Epoch[111] Iter[20/227] Loss: 3.230, Acc: 0.989, Base Lr: 1.26e-05 | id_global: 0.239 id_part: 2.780 tri_global: 0.030 tri_part: 0.577 lgpa_assign: 2.834
2026-07-13 00:11:15 transreid.train INFO: Epoch[111] Iter[40/227] Loss: 3.162, Acc: 0.988, Base Lr: 1.26e-05 | id_global: 0.224 id_part: 2.711 tri_global: 0.020 tri_part: 0.573 lgpa_assign: 2.796
2026-07-13 00:11:18 transreid.train INFO: Epoch[111] Iter[60/227] Loss: 3.124, Acc: 0.989, Base Lr: 1.26e-05 | id_global: 0.215 id_part: 2.638 tri_global: 0.021 tri_part: 0.575 lgpa_assign: 2.801
2026-07-13 00:11:21 transreid.train INFO: Epoch[111] Iter[80/227] Loss: 3.115, Acc: 0.988, Base Lr: 1.26e-05 | id_global: 0.213 id_part: 2.622 tri_global: 0.020 tri_part: 0.574 lgpa_assign: 2.800
2026-07-13 00:11:25 transreid.train INFO: Epoch[111] Iter[100/227] Loss: 3.107, Acc: 0.989, Base Lr: 1.26e-05 | id_global: 0.209 id_part: 2.603 tri_global: 0.020 tri_part: 0.573 lgpa_assign: 2.808
2026-07-13 00:11:28 transreid.train INFO: Epoch[111] Iter[120/227] Loss: 3.091, Acc: 0.990, Base Lr: 1.26e-05 | id_global: 0.206 id_part: 2.576 tri_global: 0.029 tri_part: 0.574 lgpa_assign: 2.799
2026-07-13 00:11:31 transreid.train INFO: Epoch[111] Iter[140/227] Loss: 3.062, Acc: 0.990, Base Lr: 1.26e-05 | id_global: 0.199 id_part: 2.525 tri_global: 0.028 tri_part: 0.574 lgpa_assign: 2.797
2026-07-13 00:11:35 transreid.train INFO: Epoch[111] Iter[160/227] Loss: 3.028, Acc: 0.991, Base Lr: 1.26e-05 | id_global: 0.193 id_part: 2.466 tri_global: 0.026 tri_part: 0.572 lgpa_assign: 2.799
2026-07-13 00:11:38 transreid.train INFO: Epoch[111] Iter[180/227] Loss: 2.988, Acc: 0.992, Base Lr: 1.26e-05 | id_global: 0.185 id_part: 2.391 tri_global: 0.024 tri_part: 0.572 lgpa_assign: 2.804
2026-07-13 00:11:42 transreid.train INFO: Epoch[111] Iter[200/227] Loss: 2.943, Acc: 0.992, Base Lr: 1.26e-05 | id_global: 0.177 id_part: 2.299 tri_global: 0.024 tri_part: 0.571 lgpa_assign: 2.815
2026-07-13 00:11:44 transreid.train INFO: Epoch 111 done. Time per epoch: 37.178[s] Speed: 366.7[samples/s] ETA: 0h5m
2026-07-13 00:11:48 transreid.train INFO: Epoch[112] Iter[20/227] Loss: 3.237, Acc: 0.992, Base Lr: 1.03e-05 | id_global: 0.222 id_part: 2.853 tri_global: 0.020 tri_part: 0.568 lgpa_assign: 2.811
2026-07-13 00:11:52 transreid.train INFO: Epoch[112] Iter[40/227] Loss: 3.225, Acc: 0.990, Base Lr: 1.03e-05 | id_global: 0.222 id_part: 2.805 tri_global: 0.017 tri_part: 0.571 lgpa_assign: 2.834
2026-07-13 00:11:55 transreid.train INFO: Epoch[112] Iter[60/227] Loss: 3.216, Acc: 0.990, Base Lr: 1.03e-05 | id_global: 0.224 id_part: 2.788 tri_global: 0.016 tri_part: 0.573 lgpa_assign: 2.830
2026-07-13 00:11:59 transreid.train INFO: Epoch[112] Iter[80/227] Loss: 3.161, Acc: 0.990, Base Lr: 1.03e-05 | id_global: 0.216 id_part: 2.706 tri_global: 0.020 tri_part: 0.575 lgpa_assign: 2.807
2026-07-13 00:12:02 transreid.train INFO: Epoch[112] Iter[100/227] Loss: 3.133, Acc: 0.990, Base Lr: 1.03e-05 | id_global: 0.214 id_part: 2.673 tri_global: 0.020 tri_part: 0.574 lgpa_assign: 2.785
2026-07-13 00:12:05 transreid.train INFO: Epoch[112] Iter[120/227] Loss: 3.105, Acc: 0.991, Base Lr: 1.03e-05 | id_global: 0.206 id_part: 2.602 tri_global: 0.021 tri_part: 0.574 lgpa_assign: 2.806
2026-07-13 00:12:09 transreid.train INFO: Epoch[112] Iter[140/227] Loss: 3.067, Acc: 0.991, Base Lr: 1.03e-05 | id_global: 0.199 id_part: 2.537 tri_global: 0.021 tri_part: 0.572 lgpa_assign: 2.804
2026-07-13 00:12:12 transreid.train INFO: Epoch[112] Iter[160/227] Loss: 3.029, Acc: 0.991, Base Lr: 1.03e-05 | id_global: 0.193 id_part: 2.473 tri_global: 0.022 tri_part: 0.572 lgpa_assign: 2.797
2026-07-13 00:12:15 transreid.train INFO: Epoch[112] Iter[180/227] Loss: 2.989, Acc: 0.992, Base Lr: 1.03e-05 | id_global: 0.187 id_part: 2.400 tri_global: 0.021 tri_part: 0.572 lgpa_assign: 2.799
2026-07-13 00:12:19 transreid.train INFO: Epoch[112] Iter[200/227] Loss: 2.946, Acc: 0.992, Base Lr: 1.03e-05 | id_global: 0.180 id_part: 2.307 tri_global: 0.020 tri_part: 0.571 lgpa_assign: 2.813
2026-07-13 00:12:21 transreid.train INFO: Epoch 112 done. Time per epoch: 37.187[s] Speed: 366.6[samples/s] ETA: 0h4m
2026-07-13 00:12:26 transreid.train INFO: Epoch[113] Iter[20/227] Loss: 3.227, Acc: 0.989, Base Lr: 8.28e-06 | id_global: 0.236 id_part: 2.790 tri_global: 0.029 tri_part: 0.575 lgpa_assign: 2.825
2026-07-13 00:12:29 transreid.train INFO: Epoch[113] Iter[40/227] Loss: 3.191, Acc: 0.990, Base Lr: 8.28e-06 | id_global: 0.225 id_part: 2.764 tri_global: 0.027 tri_part: 0.571 lgpa_assign: 2.794
2026-07-13 00:12:32 transreid.train INFO: Epoch[113] Iter[60/227] Loss: 3.162, Acc: 0.990, Base Lr: 8.28e-06 | id_global: 0.216 id_part: 2.691 tri_global: 0.031 tri_part: 0.572 lgpa_assign: 2.814
2026-07-13 00:12:36 transreid.train INFO: Epoch[113] Iter[80/227] Loss: 3.141, Acc: 0.991, Base Lr: 8.28e-06 | id_global: 0.210 id_part: 2.650 tri_global: 0.027 tri_part: 0.572 lgpa_assign: 2.822
2026-07-13 00:12:39 transreid.train INFO: Epoch[113] Iter[100/227] Loss: 3.123, Acc: 0.991, Base Lr: 8.28e-06 | id_global: 0.205 id_part: 2.613 tri_global: 0.028 tri_part: 0.572 lgpa_assign: 2.828
2026-07-13 00:12:42 transreid.train INFO: Epoch[113] Iter[120/227] Loss: 3.099, Acc: 0.992, Base Lr: 8.28e-06 | id_global: 0.202 id_part: 2.576 tri_global: 0.026 tri_part: 0.573 lgpa_assign: 2.821
2026-07-13 00:12:46 transreid.train INFO: Epoch[113] Iter[140/227] Loss: 3.061, Acc: 0.992, Base Lr: 8.28e-06 | id_global: 0.195 id_part: 2.517 tri_global: 0.025 tri_part: 0.572 lgpa_assign: 2.814
2026-07-13 00:12:49 transreid.train INFO: Epoch[113] Iter[160/227] Loss: 3.031, Acc: 0.992, Base Lr: 8.28e-06 | id_global: 0.190 id_part: 2.462 tri_global: 0.023 tri_part: 0.571 lgpa_assign: 2.815
2026-07-13 00:12:53 transreid.train INFO: Epoch[113] Iter[180/227] Loss: 2.985, Acc: 0.992, Base Lr: 8.28e-06 | id_global: 0.184 id_part: 2.384 tri_global: 0.022 tri_part: 0.570 lgpa_assign: 2.811
2026-07-13 00:12:56 transreid.train INFO: Epoch[113] Iter[200/227] Loss: 2.944, Acc: 0.993, Base Lr: 8.28e-06 | id_global: 0.176 id_part: 2.296 tri_global: 0.022 tri_part: 0.570 lgpa_assign: 2.823
2026-07-13 00:12:58 transreid.train INFO: Epoch 113 done. Time per epoch: 37.077[s] Speed: 365.9[samples/s] ETA: 0h4m
2026-07-13 00:13:03 transreid.train INFO: Epoch[114] Iter[20/227] Loss: 3.151, Acc: 0.992, Base Lr: 6.51e-06 | id_global: 0.201 id_part: 2.742 tri_global: 0.013 tri_part: 0.571 lgpa_assign: 2.775
2026-07-13 00:13:06 transreid.train INFO: Epoch[114] Iter[40/227] Loss: 3.137, Acc: 0.990, Base Lr: 6.51e-06 | id_global: 0.209 id_part: 2.695 tri_global: 0.022 tri_part: 0.572 lgpa_assign: 2.776
2026-07-13 00:13:09 transreid.train INFO: Epoch[114] Iter[60/227] Loss: 3.118, Acc: 0.990, Base Lr: 6.51e-06 | id_global: 0.207 id_part: 2.662 tri_global: 0.019 tri_part: 0.571 lgpa_assign: 2.777
2026-07-13 00:13:13 transreid.train INFO: Epoch[114] Iter[80/227] Loss: 3.110, Acc: 0.990, Base Lr: 6.51e-06 | id_global: 0.208 id_part: 2.647 tri_global: 0.021 tri_part: 0.572 lgpa_assign: 2.772
2026-07-13 00:13:16 transreid.train INFO: Epoch[114] Iter[100/227] Loss: 3.110, Acc: 0.990, Base Lr: 6.51e-06 | id_global: 0.207 id_part: 2.626 tri_global: 0.022 tri_part: 0.572 lgpa_assign: 2.792
2026-07-13 00:13:20 transreid.train INFO: Epoch[114] Iter[120/227] Loss: 3.084, Acc: 0.990, Base Lr: 6.51e-06 | id_global: 0.206 id_part: 2.582 tri_global: 0.021 tri_part: 0.573 lgpa_assign: 2.787
2026-07-13 00:13:23 transreid.train INFO: Epoch[114] Iter[140/227] Loss: 3.054, Acc: 0.990, Base Lr: 6.51e-06 | id_global: 0.200 id_part: 2.527 tri_global: 0.020 tri_part: 0.572 lgpa_assign: 2.789
2026-07-13 00:13:26 transreid.train INFO: Epoch[114] Iter[160/227] Loss: 3.021, Acc: 0.990, Base Lr: 6.51e-06 | id_global: 0.193 id_part: 2.465 tri_global: 0.020 tri_part: 0.571 lgpa_assign: 2.792
2026-07-13 00:13:30 transreid.train INFO: Epoch[114] Iter[180/227] Loss: 2.986, Acc: 0.991, Base Lr: 6.51e-06 | id_global: 0.187 id_part: 2.391 tri_global: 0.020 tri_part: 0.571 lgpa_assign: 2.804
2026-07-13 00:13:33 transreid.train INFO: Epoch[114] Iter[200/227] Loss: 2.941, Acc: 0.992, Base Lr: 6.51e-06 | id_global: 0.178 id_part: 2.301 tri_global: 0.019 tri_part: 0.570 lgpa_assign: 2.814
2026-07-13 00:13:35 transreid.train INFO: Epoch 114 done. Time per epoch: 37.295[s] Speed: 365.5[samples/s] ETA: 0h3m
2026-07-13 00:13:40 transreid.train INFO: Epoch[115] Iter[20/227] Loss: 3.155, Acc: 0.990, Base Lr: 5.02e-06 | id_global: 0.207 id_part: 2.738 tri_global: 0.013 tri_part: 0.569 lgpa_assign: 2.781
2026-07-13 00:13:43 transreid.train INFO: Epoch[115] Iter[40/227] Loss: 3.171, Acc: 0.987, Base Lr: 5.02e-06 | id_global: 0.219 id_part: 2.719 tri_global: 0.019 tri_part: 0.572 lgpa_assign: 2.813
2026-07-13 00:13:47 transreid.train INFO: Epoch[115] Iter[60/227] Loss: 3.170, Acc: 0.989, Base Lr: 5.02e-06 | id_global: 0.216 id_part: 2.710 tri_global: 0.015 tri_part: 0.574 lgpa_assign: 2.823
2026-07-13 00:13:50 transreid.train INFO: Epoch[115] Iter[80/227] Loss: 3.149, Acc: 0.990, Base Lr: 5.02e-06 | id_global: 0.211 id_part: 2.684 tri_global: 0.013 tri_part: 0.572 lgpa_assign: 2.818
2026-07-13 00:13:53 transreid.train INFO: Epoch[115] Iter[100/227] Loss: 3.127, Acc: 0.990, Base Lr: 5.02e-06 | id_global: 0.209 id_part: 2.649 tri_global: 0.017 tri_part: 0.573 lgpa_assign: 2.806
2026-07-13 00:13:57 transreid.train INFO: Epoch[115] Iter[120/227] Loss: 3.107, Acc: 0.989, Base Lr: 5.02e-06 | id_global: 0.207 id_part: 2.616 tri_global: 0.018 tri_part: 0.573 lgpa_assign: 2.800
2026-07-13 00:14:00 transreid.train INFO: Epoch[115] Iter[140/227] Loss: 3.075, Acc: 0.990, Base Lr: 5.02e-06 | id_global: 0.199 id_part: 2.545 tri_global: 0.018 tri_part: 0.573 lgpa_assign: 2.814
2026-07-13 00:14:04 transreid.train INFO: Epoch[115] Iter[160/227] Loss: 3.033, Acc: 0.991, Base Lr: 5.02e-06 | id_global: 0.192 id_part: 2.475 tri_global: 0.019 tri_part: 0.572 lgpa_assign: 2.808
2026-07-13 00:14:07 transreid.train INFO: Epoch[115] Iter[180/227] Loss: 2.997, Acc: 0.991, Base Lr: 5.02e-06 | id_global: 0.186 id_part: 2.410 tri_global: 0.018 tri_part: 0.572 lgpa_assign: 2.807
2026-07-13 00:14:10 transreid.train INFO: Epoch[115] Iter[200/227] Loss: 2.948, Acc: 0.992, Base Lr: 5.02e-06 | id_global: 0.178 id_part: 2.310 tri_global: 0.020 tri_part: 0.571 lgpa_assign: 2.817
2026-07-13 00:14:13 transreid.train INFO: Epoch 115 done. Time per epoch: 37.248[s] Speed: 366.0[samples/s] ETA: 0h3m
2026-07-13 00:14:17 transreid.train INFO: Epoch[116] Iter[20/227] Loss: 3.114, Acc: 0.987, Base Lr: 3.79e-06 | id_global: 0.213 id_part: 2.711 tri_global: 0.011 tri_part: 0.568 lgpa_assign: 2.725
2026-07-13 00:14:21 transreid.train INFO: Epoch[116] Iter[40/227] Loss: 3.111, Acc: 0.988, Base Lr: 3.79e-06 | id_global: 0.209 id_part: 2.691 tri_global: 0.012 tri_part: 0.569 lgpa_assign: 2.741
2026-07-13 00:14:24 transreid.train INFO: Epoch[116] Iter[60/227] Loss: 3.118, Acc: 0.989, Base Lr: 3.79e-06 | id_global: 0.210 id_part: 2.687 tri_global: 0.014 tri_part: 0.572 lgpa_assign: 2.754
2026-07-13 00:14:27 transreid.train INFO: Epoch[116] Iter[80/227] Loss: 3.097, Acc: 0.988, Base Lr: 3.79e-06 | id_global: 0.209 id_part: 2.636 tri_global: 0.019 tri_part: 0.570 lgpa_assign: 2.758
2026-07-13 00:14:31 transreid.train INFO: Epoch[116] Iter[100/227] Loss: 3.083, Acc: 0.989, Base Lr: 3.79e-06 | id_global: 0.205 id_part: 2.596 tri_global: 0.021 tri_part: 0.570 lgpa_assign: 2.775
2026-07-13 00:14:34 transreid.train INFO: Epoch[116] Iter[120/227] Loss: 3.059, Acc: 0.989, Base Lr: 3.79e-06 | id_global: 0.200 id_part: 2.549 tri_global: 0.022 tri_part: 0.570 lgpa_assign: 2.775
2026-07-13 00:14:37 transreid.train INFO: Epoch[116] Iter[140/227] Loss: 3.035, Acc: 0.990, Base Lr: 3.79e-06 | id_global: 0.196 id_part: 2.505 tri_global: 0.021 tri_part: 0.570 lgpa_assign: 2.778
2026-07-13 00:14:41 transreid.train INFO: Epoch[116] Iter[160/227] Loss: 3.007, Acc: 0.991, Base Lr: 3.79e-06 | id_global: 0.190 id_part: 2.452 tri_global: 0.021 tri_part: 0.570 lgpa_assign: 2.781
2026-07-13 00:14:44 transreid.train INFO: Epoch[116] Iter[180/227] Loss: 2.975, Acc: 0.991, Base Lr: 3.79e-06 | id_global: 0.184 id_part: 2.389 tri_global: 0.020 tri_part: 0.570 lgpa_assign: 2.787
2026-07-13 00:14:47 transreid.train INFO: Epoch[116] Iter[200/227] Loss: 2.935, Acc: 0.991, Base Lr: 3.79e-06 | id_global: 0.179 id_part: 2.300 tri_global: 0.022 tri_part: 0.570 lgpa_assign: 2.800
2026-07-13 00:14:49 transreid.train INFO: Epoch 116 done. Time per epoch: 36.810[s] Speed: 366.9[samples/s] ETA: 0h2m
2026-07-13 00:14:54 transreid.train INFO: Epoch[117] Iter[20/227] Loss: 3.094, Acc: 0.995, Base Lr: 2.83e-06 | id_global: 0.206 id_part: 2.719 tri_global: 0.014 tri_part: 0.570 lgpa_assign: 2.678
2026-07-13 00:14:57 transreid.train INFO: Epoch[117] Iter[40/227] Loss: 3.129, Acc: 0.991, Base Lr: 2.83e-06 | id_global: 0.216 id_part: 2.721 tri_global: 0.020 tri_part: 0.569 lgpa_assign: 2.731
2026-07-13 00:15:01 transreid.train INFO: Epoch[117] Iter[60/227] Loss: 3.145, Acc: 0.990, Base Lr: 2.83e-06 | id_global: 0.219 id_part: 2.704 tri_global: 0.024 tri_part: 0.572 lgpa_assign: 2.771
2026-07-13 00:15:04 transreid.train INFO: Epoch[117] Iter[80/227] Loss: 3.122, Acc: 0.991, Base Lr: 2.83e-06 | id_global: 0.211 id_part: 2.657 tri_global: 0.023 tri_part: 0.571 lgpa_assign: 2.783
2026-07-13 00:15:07 transreid.train INFO: Epoch[117] Iter[100/227] Loss: 3.099, Acc: 0.992, Base Lr: 2.83e-06 | id_global: 0.203 id_part: 2.623 tri_global: 0.021 tri_part: 0.571 lgpa_assign: 2.781
2026-07-13 00:15:11 transreid.train INFO: Epoch[117] Iter[120/227] Loss: 3.080, Acc: 0.993, Base Lr: 2.83e-06 | id_global: 0.198 id_part: 2.582 tri_global: 0.020 tri_part: 0.571 lgpa_assign: 2.788
2026-07-13 00:15:14 transreid.train INFO: Epoch[117] Iter[140/227] Loss: 3.055, Acc: 0.992, Base Lr: 2.83e-06 | id_global: 0.195 id_part: 2.530 tri_global: 0.019 tri_part: 0.572 lgpa_assign: 2.793
2026-07-13 00:15:18 transreid.train INFO: Epoch[117] Iter[160/227] Loss: 3.022, Acc: 0.992, Base Lr: 2.83e-06 | id_global: 0.190 id_part: 2.467 tri_global: 0.019 tri_part: 0.571 lgpa_assign: 2.795
2026-07-13 00:15:21 transreid.train INFO: Epoch[117] Iter[180/227] Loss: 2.982, Acc: 0.992, Base Lr: 2.83e-06 | id_global: 0.184 id_part: 2.390 tri_global: 0.018 tri_part: 0.571 lgpa_assign: 2.800
2026-07-13 00:15:24 transreid.train INFO: Epoch[117] Iter[200/227] Loss: 2.943, Acc: 0.993, Base Lr: 2.83e-06 | id_global: 0.178 id_part: 2.302 tri_global: 0.018 tri_part: 0.571 lgpa_assign: 2.817
2026-07-13 00:15:26 transreid.train INFO: Epoch 117 done. Time per epoch: 36.993[s] Speed: 366.8[samples/s] ETA: 0h1m
2026-07-13 00:15:31 transreid.train INFO: Epoch[118] Iter[20/227] Loss: 3.236, Acc: 0.990, Base Lr: 2.15e-06 | id_global: 0.240 id_part: 2.802 tri_global: 0.028 tri_part: 0.571 lgpa_assign: 2.829
2026-07-13 00:15:34 transreid.train INFO: Epoch[118] Iter[40/227] Loss: 3.216, Acc: 0.990, Base Lr: 2.15e-06 | id_global: 0.231 id_part: 2.791 tri_global: 0.020 tri_part: 0.571 lgpa_assign: 2.820
2026-07-13 00:15:38 transreid.train INFO: Epoch[118] Iter[60/227] Loss: 3.174, Acc: 0.990, Base Lr: 2.15e-06 | id_global: 0.224 id_part: 2.731 tri_global: 0.020 tri_part: 0.575 lgpa_assign: 2.799
2026-07-13 00:15:41 transreid.train INFO: Epoch[118] Iter[80/227] Loss: 3.149, Acc: 0.991, Base Lr: 2.15e-06 | id_global: 0.216 id_part: 2.689 tri_global: 0.018 tri_part: 0.575 lgpa_assign: 2.801
2026-07-13 00:15:45 transreid.train INFO: Epoch[118] Iter[100/227] Loss: 3.119, Acc: 0.990, Base Lr: 2.15e-06 | id_global: 0.209 id_part: 2.623 tri_global: 0.020 tri_part: 0.574 lgpa_assign: 2.812
2026-07-13 00:15:48 transreid.train INFO: Epoch[118] Iter[120/227] Loss: 3.100, Acc: 0.990, Base Lr: 2.15e-06 | id_global: 0.205 id_part: 2.579 tri_global: 0.018 tri_part: 0.573 lgpa_assign: 2.825
2026-07-13 00:15:51 transreid.train INFO: Epoch[118] Iter[140/227] Loss: 3.072, Acc: 0.990, Base Lr: 2.15e-06 | id_global: 0.199 id_part: 2.528 tri_global: 0.021 tri_part: 0.574 lgpa_assign: 2.822
2026-07-13 00:15:55 transreid.train INFO: Epoch[118] Iter[160/227] Loss: 3.038, Acc: 0.990, Base Lr: 2.15e-06 | id_global: 0.196 id_part: 2.471 tri_global: 0.022 tri_part: 0.574 lgpa_assign: 2.815
2026-07-13 00:15:58 transreid.train INFO: Epoch[118] Iter[180/227] Loss: 2.998, Acc: 0.991, Base Lr: 2.15e-06 | id_global: 0.191 id_part: 2.397 tri_global: 0.023 tri_part: 0.574 lgpa_assign: 2.810
2026-07-13 00:16:01 transreid.train INFO: Epoch[118] Iter[200/227] Loss: 2.952, Acc: 0.991, Base Lr: 2.15e-06 | id_global: 0.183 id_part: 2.306 tri_global: 0.023 tri_part: 0.573 lgpa_assign: 2.819
2026-07-13 00:16:03 transreid.train INFO: Epoch 118 done. Time per epoch: 37.018[s] Speed: 366.5[samples/s] ETA: 0h1m
2026-07-13 00:16:08 transreid.train INFO: Epoch[119] Iter[20/227] Loss: 3.201, Acc: 0.993, Base Lr: 1.74e-06 | id_global: 0.215 id_part: 2.749 tri_global: 0.021 tri_part: 0.577 lgpa_assign: 2.842
2026-07-13 00:16:11 transreid.train INFO: Epoch[119] Iter[40/227] Loss: 3.158, Acc: 0.988, Base Lr: 1.74e-06 | id_global: 0.211 id_part: 2.704 tri_global: 0.026 tri_part: 0.575 lgpa_assign: 2.800
2026-07-13 00:16:15 transreid.train INFO: Epoch[119] Iter[60/227] Loss: 3.145, Acc: 0.989, Base Lr: 1.74e-06 | id_global: 0.207 id_part: 2.686 tri_global: 0.023 tri_part: 0.575 lgpa_assign: 2.797
2026-07-13 00:16:18 transreid.train INFO: Epoch[119] Iter[80/227] Loss: 3.135, Acc: 0.989, Base Lr: 1.74e-06 | id_global: 0.205 id_part: 2.655 tri_global: 0.024 tri_part: 0.574 lgpa_assign: 2.812
2026-07-13 00:16:21 transreid.train INFO: Epoch[119] Iter[100/227] Loss: 3.092, Acc: 0.990, Base Lr: 1.74e-06 | id_global: 0.198 id_part: 2.596 tri_global: 0.023 tri_part: 0.573 lgpa_assign: 2.793
2026-07-13 00:16:25 transreid.train INFO: Epoch[119] Iter[120/227] Loss: 3.089, Acc: 0.989, Base Lr: 1.74e-06 | id_global: 0.201 id_part: 2.583 tri_global: 0.028 tri_part: 0.574 lgpa_assign: 2.792
2026-07-13 00:16:28 transreid.train INFO: Epoch[119] Iter[140/227] Loss: 3.060, Acc: 0.989, Base Lr: 1.74e-06 | id_global: 0.197 id_part: 2.527 tri_global: 0.028 tri_part: 0.574 lgpa_assign: 2.795
2026-07-13 00:16:32 transreid.train INFO: Epoch[119] Iter[160/227] Loss: 3.031, Acc: 0.989, Base Lr: 1.74e-06 | id_global: 0.192 id_part: 2.469 tri_global: 0.026 tri_part: 0.573 lgpa_assign: 2.803
2026-07-13 00:16:35 transreid.train INFO: Epoch[119] Iter[180/227] Loss: 2.992, Acc: 0.990, Base Lr: 1.74e-06 | id_global: 0.185 id_part: 2.405 tri_global: 0.024 tri_part: 0.572 lgpa_assign: 2.798
2026-07-13 00:16:38 transreid.train INFO: Epoch[119] Iter[200/227] Loss: 2.946, Acc: 0.991, Base Lr: 1.74e-06 | id_global: 0.178 id_part: 2.309 tri_global: 0.024 tri_part: 0.572 lgpa_assign: 2.811
2026-07-13 00:16:40 transreid.train INFO: Epoch 119 done. Time per epoch: 36.940[s] Speed: 367.3[samples/s] ETA: 0h0m
2026-07-13 00:16:45 transreid.train INFO: Epoch[120] Iter[20/227] Loss: 3.132, Acc: 0.993, Base Lr: 1.60e-06 | id_global: 0.210 id_part: 2.705 tri_global: 0.020 tri_part: 0.574 lgpa_assign: 2.756
2026-07-13 00:16:48 transreid.train INFO: Epoch[120] Iter[40/227] Loss: 3.130, Acc: 0.993, Base Lr: 1.60e-06 | id_global: 0.203 id_part: 2.689 tri_global: 0.019 tri_part: 0.573 lgpa_assign: 2.776
2026-07-13 00:16:52 transreid.train INFO: Epoch[120] Iter[60/227] Loss: 3.131, Acc: 0.990, Base Lr: 1.60e-06 | id_global: 0.209 id_part: 2.691 tri_global: 0.018 tri_part: 0.572 lgpa_assign: 2.771
2026-07-13 00:16:55 transreid.train INFO: Epoch[120] Iter[80/227] Loss: 3.113, Acc: 0.989, Base Lr: 1.60e-06 | id_global: 0.211 id_part: 2.664 tri_global: 0.027 tri_part: 0.573 lgpa_assign: 2.750
2026-07-13 00:16:58 transreid.train INFO: Epoch[120] Iter[100/227] Loss: 3.105, Acc: 0.989, Base Lr: 1.60e-06 | id_global: 0.209 id_part: 2.644 tri_global: 0.024 tri_part: 0.574 lgpa_assign: 2.760
2026-07-13 00:17:02 transreid.train INFO: Epoch[120] Iter[120/227] Loss: 3.092, Acc: 0.990, Base Lr: 1.60e-06 | id_global: 0.206 id_part: 2.596 tri_global: 0.026 tri_part: 0.574 lgpa_assign: 2.783
2026-07-13 00:17:05 transreid.train INFO: Epoch[120] Iter[140/227] Loss: 3.061, Acc: 0.990, Base Lr: 1.60e-06 | id_global: 0.201 id_part: 2.537 tri_global: 0.025 tri_part: 0.574 lgpa_assign: 2.784
2026-07-13 00:17:09 transreid.train INFO: Epoch[120] Iter[160/227] Loss: 3.035, Acc: 0.990, Base Lr: 1.60e-06 | id_global: 0.196 id_part: 2.483 tri_global: 0.026 tri_part: 0.573 lgpa_assign: 2.790
2026-07-13 00:17:12 transreid.train INFO: Epoch[120] Iter[180/227] Loss: 3.000, Acc: 0.991, Base Lr: 1.60e-06 | id_global: 0.191 id_part: 2.413 tri_global: 0.025 tri_part: 0.573 lgpa_assign: 2.797
2026-07-13 00:17:15 transreid.train INFO: Epoch[120] Iter[200/227] Loss: 2.949, Acc: 0.991, Base Lr: 1.60e-06 | id_global: 0.181 id_part: 2.308 tri_global: 0.024 tri_part: 0.572 lgpa_assign: 2.812
2026-07-13 00:17:17 transreid.train INFO: Epoch 120 done. Time per epoch: 36.931[s] Speed: 367.4[samples/s] ETA: 0h0m
The test feature is normalized
=> Computing DistMat with euclidean_distance
2026-07-13 00:17:47 transreid.train INFO: Validation Results - Epoch: 120
2026-07-13 00:17:47 transreid.train INFO: mAP: 59.8%
2026-07-13 00:17:47 transreid.train INFO: CMC curve, Rank-1  :68.8%
2026-07-13 00:17:47 transreid.train INFO: CMC curve, Rank-5  :80.8%
2026-07-13 00:17:47 transreid.train INFO: CMC curve, Rank-10 :85.1%
