8	aacfeecd500f94bea4d4e037c67e593ac03cd689d133ae35bf519819d1e8cfe3	/home/afr/SOLIDER-REID-exp370-14b2b68/log/occluded_duke/exp370_b0_global_sameenv_s1234/gate_watcher.pid	lab4090_unique/SOLIDER-REID-exp370-14b2b68/log/occluded_duke/exp370_b0_global_sameenv_s1234/gate_watcher.pid
8	e12b4f4cd3aa748f3e1b5efd33f61c62b2e181453373307806dee2e4a58107f7	/home/afr/SOLIDER-REID-exp370-14b2b68/log/occluded_duke/exp370_b0_global_sameenv_s1234/main.pid	lab4090_unique/SOLIDER-REID-exp370-14b2b68/log/occluded_duke/exp370_b0_global_sameenv_s1234/main.pid
2549	577836af716545a018645a5f1e816b24660a8be2305d42f4b2d520270160fa03	/home/afr/SOLIDER-REID-exp371-146bc44/log/exp371_gate_b_s0_correct/runner_stdout.log	lab4090_unique/SOLIDER-REID-exp371-146bc44/log/exp371_gate_b_s0_correct/runner_stdout.log
6178	fea00f28ed4afcbb65b756385ab7b28e47001ad904478d1ec098cefc16ad883a	/home/afr/SOLIDER-REID-exp371-146bc44/log/exp371_gate_b_s0_full/runner_stdout.log	lab4090_unique/SOLIDER-REID-exp371-146bc44/log/exp371_gate_b_s0_full/runner_stdout.log
8	8918db3e895683384bf40b5627c3fc4efaca3e75aab552fc721b55259aae0478	/home/afr/SOLIDER-REID-exp371-146bc44/log/exp371_gate_c_support_cache_s0/cache.pid	lab4090_unique/SOLIDER-REID-exp371-146bc44/log/exp371_gate_c_support_cache_s0/cache.pid
8	4ca6c7c154b44a012cc03fcd5c45eb720dab70ee2ed1da69fe8e77ef03878a88	/home/afr/SOLIDER-REID-exp371-146bc44/log/exp371_gate_c_support_cache_s0/canonical_runner.pid	lab4090_unique/SOLIDER-REID-exp371-146bc44/log/exp371_gate_c_support_cache_s0/canonical_runner.pid
2565	44fce586f9e7f99995c139b960614de974bb28cb039245c862d8971758b3cd0a	/home/afr/SOLIDER-REID-exp371-146bc44/log/exp371_gate_c_support_cache_s0/canonical_runner_stdout.log	lab4090_unique/SOLIDER-REID-exp371-146bc44/log/exp371_gate_c_support_cache_s0/canonical_runner_stdout.log
713	07797e6888ef005c10244e2b946cf42f0a20face0763975246288e04da73fdf3	/home/afr/SOLIDER-REID-exp371-146bc44/log/exp371_gate_c_support_cache_s0/content_backfill.log	lab4090_unique/SOLIDER-REID-exp371-146bc44/log/exp371_gate_c_support_cache_s0/content_backfill.log
8	9a41c1f477751c03b34e2e0f33f90e7255c9c956ad609b623798b3d9036ce78a	/home/afr/SOLIDER-REID-exp371-146bc44/log/exp371_gate_c_support_cache_s0/content_backfill.pid	lab4090_unique/SOLIDER-REID-exp371-146bc44/log/exp371_gate_c_support_cache_s0/content_backfill.pid
2510	8b4f2bc72de2fc4ba2fc2e5f678a6a1ee9c0dfcf9681499761386249c79d18dd	/home/afr/SOLIDER-REID-exp371-146bc44/log/exp371_gate_c_support_cache_s0/first_failed_normalization.log	lab4090_unique/SOLIDER-REID-exp371-146bc44/log/exp371_gate_c_support_cache_s0/first_failed_normalization.log
3605	2c059be5cc6e22237b9b386840c52605880503b90af300d90d19c4cfc6f82fe8	/home/afr/SOLIDER-REID-exp371-146bc44/log/exp371_gate_c_support_cache_s0/runner_stdout.log	lab4090_unique/SOLIDER-REID-exp371-146bc44/log/exp371_gate_c_support_cache_s0/runner_stdout.log
8	954f3bdcc8abf9073f497dbe2b3b329eef98e2458c18af0d2fd663e6b5407163	/home/afr/SOLIDER-REID-exp371-146bc44/log/exp371_gate_c_support_cache_s0/scene_runner.pid	lab4090_unique/SOLIDER-REID-exp371-146bc44/log/exp371_gate_c_support_cache_s0/scene_runner.pid
2418	718c47d2bc40965bc15ad6ec9538868c81a31337006f3cb1ca0b88b61b16dd20	/home/afr/SOLIDER-REID-exp371-146bc44/log/exp371_gate_c_support_cache_s0/scene_runner_stdout.log	lab4090_unique/SOLIDER-REID-exp371-146bc44/log/exp371_gate_c_support_cache_s0/scene_runner_stdout.log
8	360954bbb2546769f94fa9c7420bb82c103590a37baa3b0bc0df58ef962ca25e	/home/afr/SOLIDER-REID-exp371-146bc44/log/exp371_gate_c_v2_dryrun_paired_005ab74/runner.pid	lab4090_unique/SOLIDER-REID-exp371-146bc44/log/exp371_gate_c_v2_dryrun_paired_005ab74/runner.pid
2321	65c6a6967a863bf35dd6a3ee4bc79faf05da483b04c04a215dde08cb0020f9f6	/home/afr/SOLIDER-REID-exp371-146bc44/log/exp371_gate_c_v2_dryrun_paired_005ab74/runner_stdout.log	lab4090_unique/SOLIDER-REID-exp371-146bc44/log/exp371_gate_c_v2_dryrun_paired_005ab74/runner_stdout.log
8	2c2ce2c90468ba5c73105b551d863ef53a0c9d24c6901be599e3c1dbd306b6cd	/home/afr/SOLIDER-REID-exp371-146bc44/log/exp371_gate_c_v2_dryrun_target/runner.pid	lab4090_unique/SOLIDER-REID-exp371-146bc44/log/exp371_gate_c_v2_dryrun_target/runner.pid
2323	e8eabf0841af23522a51af29f46e6a2ac703f3a5ca0620da11860bf717030b5c	/home/afr/SOLIDER-REID-exp371-146bc44/log/exp371_gate_c_v2_dryrun_target/runner_stdout.log	lab4090_unique/SOLIDER-REID-exp371-146bc44/log/exp371_gate_c_v2_dryrun_target/runner_stdout.log
494232	443c7b0da38ac87c0c2cce5b412effbcc57e9304c7feb6c9aa53cbeca196145e	/home/afr/SOLIDER-REID-exp371-146bc44/log/exp371_gate_c_v2_dryrun_target_all_donors_archived_20260713/runner_stdout.log	lab4090_unique/SOLIDER-REID-exp371-146bc44/log/exp371_gate_c_v2_dryrun_target_all_donors_archived_20260713/runner_stdout.log
8	c680ade1d129cb48a06b2ae9c6e2e725c59653f2662c576c5b1e23a95a38ba5f	/home/afr/SOLIDER-REID-exp371-146bc44/log/exp371_gate_c_v2_dryrun_target_env_failed_20260713/runner.pid	lab4090_unique/SOLIDER-REID-exp371-146bc44/log/exp371_gate_c_v2_dryrun_target_env_failed_20260713/runner.pid
224	a95a9b9afdbfd4a7d9377feb3c926a136258fdce3913fefd9c833a3f989a6fbb	/home/afr/SOLIDER-REID-exp371-146bc44/log/exp371_gate_c_v2_dryrun_target_env_failed_20260713/runner_stdout.log	lab4090_unique/SOLIDER-REID-exp371-146bc44/log/exp371_gate_c_v2_dryrun_target_env_failed_20260713/runner_stdout.log
8	4851b4880faf5eb16d936e3c6162c9dcd853d619158de48cfd313da33afaad34	/home/afr/SOLIDER-REID-exp371-146bc44/log/exp371_gate_c_v2_oracle_005ab74/runner.pid	lab4090_unique/SOLIDER-REID-exp371-146bc44/log/exp371_gate_c_v2_oracle_005ab74/runner.pid
4331	2565890f4d9f05dd791fb0f6a0d972d4068c0ba83e0cae6cec4006d92adf1483	/home/afr/SOLIDER-REID-exp371-146bc44/log/exp371_gate_c_v2_oracle_005ab74/runner_stdout.log	lab4090_unique/SOLIDER-REID-exp371-146bc44/log/exp371_gate_c_v2_oracle_005ab74/runner_stdout.log
1081	5537dddf488a9eab58c751c9b398d08a0080eb3b9f701819516ab57012571ad6	/home/afr/SOLIDER-REID-exp371-146bc44/log/exp371_gate_d_s0/runner_stdout.log	lab4090_unique/SOLIDER-REID-exp371-146bc44/log/exp371_gate_d_s0/runner_stdout.log
654	2b9981d586495557a2242744c5eb747cf9d9799b9fa3c4407420b2e1ed8fda12	/home/afr/SOLIDER-REID-exp371-146bc44/log/exp371_gate_t_s0_target_only/runner_stdout.log	lab4090_unique/SOLIDER-REID-exp371-146bc44/log/exp371_gate_t_s0_target_only/runner_stdout.log
697	bfb4f5dab91d0c96418517c29fe4c42ef13be0ec3962e3dd963bc729b2dd524b	/home/afr/SOLIDER-REID-exp371-146bc44/log/exp371_gate_t_s0_target_only_r2/runner_stdout.log	lab4090_unique/SOLIDER-REID-exp371-146bc44/log/exp371_gate_t_s0_target_only_r2/runner_stdout.log
2715	5f76d42926d4b36cf243c05352b521ba685398baadb522ecfc76b90e7eeed063	/home/afr/SOLIDER-REID-exp371-146bc44/log/exp371_gate_t_s0_target_only_r3/runner_stdout.log	lab4090_unique/SOLIDER-REID-exp371-146bc44/log/exp371_gate_t_s0_target_only_r3/runner_stdout.log
6	a3566e2d4a9831cd2aa040a542d98b980c17ad12cf6dceb63d493c418f9199ce	/home/afr/SOLIDER-REID-exp375-f566c0b/log/occluded_duke/exp375_b0_s1234/main.pid	lab4090_unique/SOLIDER-REID-exp375-f566c0b/log/occluded_duke/exp375_b0_s1234/main.pid
99253	e17f882f22777f2dfc520f316ac4f493ed6cdca673aa4dc6d2477bcf5c2f6be0	/home/afr/SOLIDER-REID-exp375-f566c0b/log/occluded_duke/exp375_b0_s1234/runner_stdout.log	lab4090_unique/SOLIDER-REID-exp375-f566c0b/log/occluded_duke/exp375_b0_s1234/runner_stdout.log
96770	3c4c672f65bc0a1faba9deba3cae5dfac2aeffe1196af1e441ce3c32810cde9a	/home/afr/SOLIDER-REID-exp375-f566c0b/log/occluded_duke/exp375_b0_s1234/train_log.txt	lab4090_unique/SOLIDER-REID-exp375-f566c0b/log/occluded_duke/exp375_b0_s1234/train_log.txt
7	7611438cc4433464e58ff4da177120d1bd8d688109df0102242d6ee84c94ac65	/home/afr/SOLIDER-REID-exp375-f566c0b/log/occluded_duke/exp375_m0_canonical_s1234/main.pid	lab4090_unique/SOLIDER-REID-exp375-f566c0b/log/occluded_duke/exp375_m0_canonical_s1234/main.pid
99382	4bf5f87dca493a712d602911b673a106d7119903f8f2ecb381cf893da1eb27c2	/home/afr/SOLIDER-REID-exp375-f566c0b/log/occluded_duke/exp375_m0_canonical_s1234/runner_stdout.log	lab4090_unique/SOLIDER-REID-exp375-f566c0b/log/occluded_duke/exp375_m0_canonical_s1234/runner_stdout.log
96801	7c5568947cef660159528905b8da060314d0a61b9a718a3f0d8983376950902b	/home/afr/SOLIDER-REID-exp375-f566c0b/log/occluded_duke/exp375_m0_canonical_s1234/train_log.txt	lab4090_unique/SOLIDER-REID-exp375-f566c0b/log/occluded_duke/exp375_m0_canonical_s1234/train_log.txt
99358	1a932b3890d1d284e67a8efd4543fdf611102fa3cff7dd4b508648e51721ed9b	/home/afr/SOLIDER-REID-exp375-f566c0b/log/occluded_duke/exp375_p0_prsm_s1234/runner_stdout.log	lab4090_unique/SOLIDER-REID-exp375-f566c0b/log/occluded_duke/exp375_p0_prsm_s1234/runner_stdout.log
96781	2216ffd97c9a86db94629f2e7fbbb5344ee67a0f930714c25a92c72f2753557d	/home/afr/SOLIDER-REID-exp375-f566c0b/log/occluded_duke/exp375_p0_prsm_s1234/train_log.txt	lab4090_unique/SOLIDER-REID-exp375-f566c0b/log/occluded_duke/exp375_p0_prsm_s1234/train_log.txt
82281	2b8c18f0c54809a084a43d491b482c9a72068d5e60aa373744cfa12b38b2e0cc	/home/afr/SOLIDER-REID-exp375-f566c0b/log/occluded_duke/exp376_p0_hyper_lora_s1234/runner_stdout.log	lab4090_unique/SOLIDER-REID-exp375-f566c0b/log/occluded_duke/exp376_p0_hyper_lora_s1234/runner_stdout.log
80155	5f130b9b6d5f9a16bd817aa49658110c24040acb7597b558c548a35db24ddb74	/home/afr/SOLIDER-REID-exp375-f566c0b/log/occluded_duke/exp376_p0_hyper_lora_s1234/train_log.txt	lab4090_unique/SOLIDER-REID-exp375-f566c0b/log/occluded_duke/exp376_p0_hyper_lora_s1234/train_log.txt
7	1aece234f4d70576d19109774afa003e5edfa7886cdcfce3709706036dfc999c	/home/afr/SOLIDER-REID-exp375-f566c0b/log/occluded_duke/exp376_p0_hyper_lora_s1234/wrapper.pid	lab4090_unique/SOLIDER-REID-exp375-f566c0b/log/occluded_duke/exp376_p0_hyper_lora_s1234/wrapper.pid
180616	4194d669ad0c7c6fd6dcbc3ad95d9e60d6b4ee2ca9c8bc4bd2d9cce91a30c229	/home/afr/SOLIDER-REID-exp377-52c4ef6/log/occluded_duke/exp377_p0_pose_ssm_s1234/runner_stdout.log	lab4090_unique/SOLIDER-REID-exp377-52c4ef6/log/occluded_duke/exp377_p0_pose_ssm_s1234/runner_stdout.log
178019	5c4d8dee3ffe7db0885b651e46442929142411b3f451a6445961ae9599a64896	/home/afr/SOLIDER-REID-exp377-52c4ef6/log/occluded_duke/exp377_p0_pose_ssm_s1234/train_log.txt	lab4090_unique/SOLIDER-REID-exp377-52c4ef6/log/occluded_duke/exp377_p0_pose_ssm_s1234/train_log.txt
7	2bd02aa2964e80fff322fefc8a90d1197d4a1ff3d0abdbd6851bed3848b62312	/home/afr/SOLIDER-REID-exp377-52c4ef6/log/occluded_duke/exp377_p0_pose_ssm_s1234/wrapper.pid	lab4090_unique/SOLIDER-REID-exp377-52c4ef6/log/occluded_duke/exp377_p0_pose_ssm_s1234/wrapper.pid
100312	628e76a49e5bd6a719f3da1ce5fcfe75e74d9952361082bb10fcb4a9667620c1	/home/afr/SOLIDER-REID-exp378-5de3b30/log/occluded_duke/exp378_b0_clean_s1234/runner_stdout.log	lab4090_unique/SOLIDER-REID-exp378-5de3b30/log/occluded_duke/exp378_b0_clean_s1234/runner_stdout.log
97829	b377f2acc6bac5acb6bf1fc3bd1b74a97cea08262eef35e36a578ba0a451ffaf	/home/afr/SOLIDER-REID-exp378-5de3b30/log/occluded_duke/exp378_b0_clean_s1234/train_log.txt	lab4090_unique/SOLIDER-REID-exp378-5de3b30/log/occluded_duke/exp378_b0_clean_s1234/train_log.txt
7	a542f228c2b3914d60529d063d48595b31745deda052021dd0ad3429df25ebb7	/home/afr/SOLIDER-REID-exp378-5de3b30/log/occluded_duke/exp378_b0_clean_s1234/wrapper.pid	lab4090_unique/SOLIDER-REID-exp378-5de3b30/log/occluded_duke/exp378_b0_clean_s1234/wrapper.pid
526931	71b60272ef1d5832a70c8ab12da3498143734faea3f304b509f48d3f5ade7699	/home/afr/SOLIDER-REID-exp378-5de3b30/log/occluded_duke/exp378_f0_frozen_anchor_hardfreeze_s1234/runner_stdout.log	lab4090_unique/SOLIDER-REID-exp378-5de3b30/log/occluded_duke/exp378_f0_frozen_anchor_hardfreeze_s1234/runner_stdout.log
522277	6d2206e5e4bb99bc7414dd939e1dad064aa3153c1c5709830b5f4ed3c1477c95	/home/afr/SOLIDER-REID-exp378-5de3b30/log/occluded_duke/exp378_f0_frozen_anchor_hardfreeze_s1234/train_log.txt	lab4090_unique/SOLIDER-REID-exp378-5de3b30/log/occluded_duke/exp378_f0_frozen_anchor_hardfreeze_s1234/train_log.txt
7	ca9404ccb36928127412c179099afc4ec97ad607ac099b8cefec1bd3c9d0d74b	/home/afr/SOLIDER-REID-exp378-5de3b30/log/occluded_duke/exp378_f0_frozen_anchor_hardfreeze_s1234/wrapper.pid	lab4090_unique/SOLIDER-REID-exp378-5de3b30/log/occluded_duke/exp378_f0_frozen_anchor_hardfreeze_s1234/wrapper.pid
205801	9e4e5b5943b0262469ba4e0573a58f5d303389765e00b75144434b39818862a5	/home/afr/SOLIDER-REID-exp378-5de3b30/log/occluded_duke/exp378_f0_frozen_anchor_s1234/runner_stdout.log	lab4090_unique/SOLIDER-REID-exp378-5de3b30/log/occluded_duke/exp378_f0_frozen_anchor_s1234/runner_stdout.log
201755	5a6070255118d13468d47bb12738b1868fbdb8cfc04cb5da7ce5b446a62f4295	/home/afr/SOLIDER-REID-exp378-5de3b30/log/occluded_duke/exp378_f0_frozen_anchor_s1234/train_log.txt	lab4090_unique/SOLIDER-REID-exp378-5de3b30/log/occluded_duke/exp378_f0_frozen_anchor_s1234/train_log.txt
7	b23f542b38456ab6c369b10826c2c7d0aa9899a7be341cc42b347a5d9cada9de	/home/afr/SOLIDER-REID-exp378-5de3b30/log/occluded_duke/exp378_f0_frozen_anchor_s1234/wrapper.pid	lab4090_unique/SOLIDER-REID-exp378-5de3b30/log/occluded_duke/exp378_f0_frozen_anchor_s1234/wrapper.pid
526947	bde3843fda301d8145c97589d1791183948d5932184055c0741697cd43ce52bf	/home/afr/SOLIDER-REID-exp378-5de3b30/log/occluded_duke/exp378_p0_reid_only_geometry_hardfreeze_s1234/runner_stdout.log	lab4090_unique/SOLIDER-REID-exp378-5de3b30/log/occluded_duke/exp378_p0_reid_only_geometry_hardfreeze_s1234/runner_stdout.log
522293	c54ba4c15a32d7133036f3340714a4ef0892d84ce4f124e599a53d25dc2131e1	/home/afr/SOLIDER-REID-exp378-5de3b30/log/occluded_duke/exp378_p0_reid_only_geometry_hardfreeze_s1234/train_log.txt	lab4090_unique/SOLIDER-REID-exp378-5de3b30/log/occluded_duke/exp378_p0_reid_only_geometry_hardfreeze_s1234/train_log.txt
7	7dddba12dd8f9900e06196c2396c27353e5aa17e9cd5ee28ad62626d3e831230	/home/afr/SOLIDER-REID-exp378-5de3b30/log/occluded_duke/exp378_p0_reid_only_geometry_hardfreeze_s1234/wrapper.pid	lab4090_unique/SOLIDER-REID-exp378-5de3b30/log/occluded_duke/exp378_p0_reid_only_geometry_hardfreeze_s1234/wrapper.pid
526924	29af34225fdc6aec73793044319106390f36e294f858be8890e33525725a4f41	/home/afr/SOLIDER-REID-exp378-5de3b30/log/occluded_duke/exp378_p0_reid_only_geometry_s1234/runner_stdout.log	lab4090_unique/SOLIDER-REID-exp378-5de3b30/log/occluded_duke/exp378_p0_reid_only_geometry_s1234/runner_stdout.log
522270	1390097e2c4953c568e0a8499e4bdfdb3bc571307c1c1bce2be031fdcfcd451d	/home/afr/SOLIDER-REID-exp378-5de3b30/log/occluded_duke/exp378_p0_reid_only_geometry_s1234/train_log.txt	lab4090_unique/SOLIDER-REID-exp378-5de3b30/log/occluded_duke/exp378_p0_reid_only_geometry_s1234/train_log.txt
7	9a50219995d9a2f02d790aa5f9ba34768423bb52bf3e5a73f1f0a626def53504	/home/afr/SOLIDER-REID-exp378-5de3b30/log/occluded_duke/exp378_p0_reid_only_geometry_s1234/wrapper.pid	lab4090_unique/SOLIDER-REID-exp378-5de3b30/log/occluded_duke/exp378_p0_reid_only_geometry_s1234/wrapper.pid
558824	8b98cf858dd061b0c92d2d0952c8c83f87596e2064a8dcac870988b325ca881b	/home/afr/SOLIDER-REID-exp378-9620a20/log/occluded_duke/exp378_d0_continued_pose_s1234/runner_stdout.log	lab4090_unique/SOLIDER-REID-exp378-9620a20/log/occluded_duke/exp378_d0_continued_pose_s1234/runner_stdout.log
554153	c179a13aef61f1e757012a32f1250ca316e98c4a84d07c229bb144ebb694a34a	/home/afr/SOLIDER-REID-exp378-9620a20/log/occluded_duke/exp378_d0_continued_pose_s1234/train_log.txt	lab4090_unique/SOLIDER-REID-exp378-9620a20/log/occluded_duke/exp378_d0_continued_pose_s1234/train_log.txt
7	fbf784912b0b907769bfa9bd27c8b66a2b02a78eeb5f9bd9afd824698ce1c32c	/home/afr/SOLIDER-REID-exp378-9620a20/log/occluded_duke/exp378_d0_continued_pose_s1234/wrapper.pid	lab4090_unique/SOLIDER-REID-exp378-9620a20/log/occluded_duke/exp378_d0_continued_pose_s1234/wrapper.pid
558822	00012988f5e8cc8d9fd869661c3202e7e41c7bba79ab5d77a624e33f293c5ba7	/home/afr/SOLIDER-REID-exp378-9620a20/log/occluded_duke/exp378_j0_joint_control_s1234/runner_stdout.log	lab4090_unique/SOLIDER-REID-exp378-9620a20/log/occluded_duke/exp378_j0_joint_control_s1234/runner_stdout.log
554151	aabced0fcbbad87c3d20eab9665ea12bb9089f30549cc149c8f92ab4d6cef248	/home/afr/SOLIDER-REID-exp378-9620a20/log/occluded_duke/exp378_j0_joint_control_s1234/train_log.txt	lab4090_unique/SOLIDER-REID-exp378-9620a20/log/occluded_duke/exp378_j0_joint_control_s1234/train_log.txt
7	46b2bf7d747e56df2399d6afe5c349ebef2e7180a652dc19d9c6537c6c2ddfc4	/home/afr/SOLIDER-REID-exp378-9620a20/log/occluded_duke/exp378_j0_joint_control_s1234/wrapper.pid	lab4090_unique/SOLIDER-REID-exp378-9620a20/log/occluded_duke/exp378_j0_joint_control_s1234/wrapper.pid
607557	5c068ce3d76c153dce8a208b055c20fe4e58ebe2b98e1c7892b679a67d247174	/home/afr/SOLIDER-REID-exp378-9620a20/log/occluded_duke/exp378_mrf0_sgd_relax_s1234/runner_stdout.log	lab4090_unique/SOLIDER-REID-exp378-9620a20/log/occluded_duke/exp378_mrf0_sgd_relax_s1234/runner_stdout.log
602881	319e0903d341d236b0b40f69935c41ed07539b2fe891939b51900ad58485b218	/home/afr/SOLIDER-REID-exp378-9620a20/log/occluded_duke/exp378_mrf0_sgd_relax_s1234/train_log.txt	lab4090_unique/SOLIDER-REID-exp378-9620a20/log/occluded_duke/exp378_mrf0_sgd_relax_s1234/train_log.txt
7	d213124ad535cf6776b7dc1079f691d2129c4a52d501d64055c69c6e1b48178e	/home/afr/SOLIDER-REID-exp378-9620a20/log/occluded_duke/exp378_mrf0_sgd_relax_s1234/wrapper.pid	lab4090_unique/SOLIDER-REID-exp378-9620a20/log/occluded_duke/exp378_mrf0_sgd_relax_s1234/wrapper.pid
607410	5f9569f558a6afd42aa494a07b6cff7f4bcc9a729fd86aa3ed7de1330dcbd89a	/home/afr/SOLIDER-REID-exp378-9620a20/log/occluded_duke/exp378_mrp0_sgd_relax_s1234/runner_stdout.log	lab4090_unique/SOLIDER-REID-exp378-9620a20/log/occluded_duke/exp378_mrp0_sgd_relax_s1234/runner_stdout.log
602734	7e7360256a8d1e621bf96a0c1068fa52310f4b52b8f1bbbc658adca3f613d8af	/home/afr/SOLIDER-REID-exp378-9620a20/log/occluded_duke/exp378_mrp0_sgd_relax_s1234/train_log.txt	lab4090_unique/SOLIDER-REID-exp378-9620a20/log/occluded_duke/exp378_mrp0_sgd_relax_s1234/train_log.txt
7	63e0cdacf7890082a0da4efe18f40f06a117a759d9464c2d23a36b94e688d012	/home/afr/SOLIDER-REID-exp378-9620a20/log/occluded_duke/exp378_mrp0_sgd_relax_s1234/wrapper.pid	lab4090_unique/SOLIDER-REID-exp378-9620a20/log/occluded_duke/exp378_mrp0_sgd_relax_s1234/wrapper.pid
100383	73246f9189e81ce34fe1eca469aa65236fffa1349c7d6a5e07a8ec57998e6ebe	/home/afr/SOLIDER-REID-exp378-9620a20/log/occluded_duke/exp378_r0_external_teacher_s1234/runner_stdout.log	lab4090_unique/SOLIDER-REID-exp378-9620a20/log/occluded_duke/exp378_r0_external_teacher_s1234/runner_stdout.log
97900	7298b1bcf64ac50de640c429ad0599b238e53c7f2bdc512536af81d980267d1c	/home/afr/SOLIDER-REID-exp378-9620a20/log/occluded_duke/exp378_r0_external_teacher_s1234/train_log.txt	lab4090_unique/SOLIDER-REID-exp378-9620a20/log/occluded_duke/exp378_r0_external_teacher_s1234/train_log.txt
7	0544f17d78af30519930357233925cff2ddf78fab7f2ed30d8700e4ec9acda21	/home/afr/SOLIDER-REID-exp378-9620a20/log/occluded_duke/exp378_r0_external_teacher_s1234/wrapper.pid	lab4090_unique/SOLIDER-REID-exp378-9620a20/log/occluded_duke/exp378_r0_external_teacher_s1234/wrapper.pid
5465	2e1ad96f10e87d6b9f103f1d3c3db29cff6b41f6eb338b798e84d5e5478797ae	/home/afr/SOLIDER-REID-exp378-audit-7955c81/remote_artifacts/exp378_semantic_audit_7955c81/4090/formal.log	lab4090_unique/SOLIDER-REID-exp378-audit-7955c81/remote_artifacts/exp378_semantic_audit_7955c81/4090/formal.log
7	cc2dc4a409a0d88043f93a148675c6aa0ea280f6561487dfb45211a2b32aa5ae	/home/afr/SOLIDER-REID-exp378-audit-7955c81/remote_artifacts/exp378_semantic_audit_7955c81/4090/formal.pid	lab4090_unique/SOLIDER-REID-exp378-audit-7955c81/remote_artifacts/exp378_semantic_audit_7955c81/4090/formal.pid
4048	424e82ae75e8aad210fa22fdacacce69949c9b30cf174b7f802b78040d7f5e03	/home/afr/SOLIDER-REID-exp378-audit-7955c81/remote_artifacts/exp378_semantic_audit_7955c81/4090/preflight.log	lab4090_unique/SOLIDER-REID-exp378-audit-7955c81/remote_artifacts/exp378_semantic_audit_7955c81/4090/preflight.log
131	0428ab7ba4ba06a75d75883f6305280cbf491d2ec82b41848b0a94c999b7a3d5	/home/afr/SOLIDER-REID-exp378-audit-7955c81/remote_artifacts/exp378_semantic_audit_7955c81/4090/unit.log	lab4090_unique/SOLIDER-REID-exp378-audit-7955c81/remote_artifacts/exp378_semantic_audit_7955c81/4090/unit.log
567571	00af13a01b00a8738c17886cf5d99cba045472d969b06e5598c4b2cdb8d443f0	/home/afr/SOLIDER-REID-exp378-n0-1bae824/log/occluded_duke/exp378_n0_permuted_bootstrap_s1234/runner_stdout.log	lab4090_unique/SOLIDER-REID-exp378-n0-1bae824/log/occluded_duke/exp378_n0_permuted_bootstrap_s1234/runner_stdout.log
562827	864d5f9fe4d8c5733be1d00b10c32bec4e9c73706d4c68eb168a5749771f39fd	/home/afr/SOLIDER-REID-exp378-n0-1bae824/log/occluded_duke/exp378_n0_permuted_bootstrap_s1234/train_log.txt	lab4090_unique/SOLIDER-REID-exp378-n0-1bae824/log/occluded_duke/exp378_n0_permuted_bootstrap_s1234/train_log.txt
7	65ea501bdcd5877fa1300bb3db7af6ef33a8497c1b0cb678edb7b43078066d41	/home/afr/SOLIDER-REID-exp378-n0-1bae824/log/occluded_duke/exp378_n0_permuted_bootstrap_s1234/wrapper.pid	lab4090_unique/SOLIDER-REID-exp378-n0-1bae824/log/occluded_duke/exp378_n0_permuted_bootstrap_s1234/wrapper.pid
24258	24fd6bb84cf4faac2407e3754b093a7cf8095eed90647f81c82906bb5b2cb606	/home/afr/SOLIDER-REID-exp378-n0-1bae824/remote_artifacts/exp378_n0_final_1bae824/4090/model_invariants_cuda.log	lab4090_unique/SOLIDER-REID-exp378-n0-1bae824/remote_artifacts/exp378_n0_final_1bae824/4090/model_invariants_cuda.log
4151	304a6ff9059d00eb972ea81b19d0bdfc2be1d3bd67ca22fc197cfcfedd0beb4b	/home/afr/SOLIDER-REID-exp378-n0-1bae824/remote_artifacts/exp378_n0_final_1bae824/4090/n0_e11_cuda.log	lab4090_unique/SOLIDER-REID-exp378-n0-1bae824/remote_artifacts/exp378_n0_final_1bae824/4090/n0_e11_cuda.log
4212	f7359e181b6fa0d7bf08aaf6b06f5691669bba9fe3ce23a05bdc466d73927b37	/home/afr/SOLIDER-REID-exp378-n0-1bae824/remote_artifacts/exp378_n0_final_1bae824/4090/n0_e1_cuda.log	lab4090_unique/SOLIDER-REID-exp378-n0-1bae824/remote_artifacts/exp378_n0_final_1bae824/4090/n0_e1_cuda.log
1010	9918315890e27fba94ebf54eed055792e2a592eba4b790936c6b84df2c2de53d	/home/afr/SOLIDER-REID-exp378-n0-1bae824/remote_artifacts/exp378_n0_final_1bae824/4090/unit.log	lab4090_unique/SOLIDER-REID-exp378-n0-1bae824/remote_artifacts/exp378_n0_final_1bae824/4090/unit.log
24268	859e1cd9871b45d21f6b9274770b6643302858e1a76b8a1b5fb1a2e1c962e62f	/home/afr/SOLIDER-REID-exp378-n0-preflight-8aa4738/remote_artifacts/exp378_n0_preflight_8aa4738/4090/model_invariants_cuda.log	lab4090_unique/SOLIDER-REID-exp378-n0-preflight-8aa4738/remote_artifacts/exp378_n0_preflight_8aa4738/4090/model_invariants_cuda.log
4161	685a4bfe4a4015ddabc952b1793eb6c82baa32bb3aa162d360727ccb64632190	/home/afr/SOLIDER-REID-exp378-n0-preflight-8aa4738/remote_artifacts/exp378_n0_preflight_8aa4738/4090/n0_e11_cuda.log	lab4090_unique/SOLIDER-REID-exp378-n0-preflight-8aa4738/remote_artifacts/exp378_n0_preflight_8aa4738/4090/n0_e11_cuda.log
4222	c249b2601afd9b576e03925bdb57507dea487283fb6acaed53bc77059b8a40ca	/home/afr/SOLIDER-REID-exp378-n0-preflight-8aa4738/remote_artifacts/exp378_n0_preflight_8aa4738/4090/n0_e1_cuda.log	lab4090_unique/SOLIDER-REID-exp378-n0-preflight-8aa4738/remote_artifacts/exp378_n0_preflight_8aa4738/4090/n0_e1_cuda.log
1734	dd0df2fb8d48eaf6f7a0e1ea0531330bac3b6653156959da5e85ebd6c1b87b06	/home/afr/SOLIDER-REID-exp378-n0-preflight-de1ebe1/remote_artifacts/exp378_n0_preflight_de1ebe1/4090/unit.log	lab4090_unique/SOLIDER-REID-exp378-n0-preflight-de1ebe1/remote_artifacts/exp378_n0_preflight_de1ebe1/4090/unit.log
638324	f67fd50f3b314fd3bde1ac62f5c3b176910ad8214cdadcfb5413ea91e8875158	/home/afr/SOLIDER-REID-exp378-rg0-b126ef2/log/occluded_duke/exp378_rg0_external_gaussian_s1234/runner_stdout.log	lab4090_unique/SOLIDER-REID-exp378-rg0-b126ef2/log/occluded_duke/exp378_rg0_external_gaussian_s1234/runner_stdout.log
635752	85eb4a5b7fcbbdced1a62675a6a5065e20f21bc7a30760926c46bdba5e47e42a	/home/afr/SOLIDER-REID-exp378-rg0-b126ef2/log/occluded_duke/exp378_rg0_external_gaussian_s1234/train_log.txt	lab4090_unique/SOLIDER-REID-exp378-rg0-b126ef2/log/occluded_duke/exp378_rg0_external_gaussian_s1234/train_log.txt
7	a2ced5ce2a32b0ab3568afc2f7d6d67d8792feccf53eac8c0a98eabff3d3b4fc	/home/afr/SOLIDER-REID-exp378-rg0-b126ef2/log/occluded_duke/exp378_rg0_external_gaussian_s1234/wrapper.pid	lab4090_unique/SOLIDER-REID-exp378-rg0-b126ef2/log/occluded_duke/exp378_rg0_external_gaussian_s1234/wrapper.pid
19005	d43704b77aaf3b17411cabf04c0c8c4bfc722fa4159100410bc736e5d938c742	/home/afr/SOLIDER-REID-exp378-rg0-b126ef2/remote_artifacts/exp378_rg0_preflight_b126ef2/4090/model_invariants_cuda_70976d2.log	lab4090_unique/SOLIDER-REID-exp378-rg0-b126ef2/remote_artifacts/exp378_rg0_preflight_b126ef2/4090/model_invariants_cuda_70976d2.log
4098	b2e6ae570e8f3c20900dbea8e60d17ffd08c98a7fd66dd1ecd80aa36f4ea0a7e	/home/afr/SOLIDER-REID-exp378-rg0-b126ef2/remote_artifacts/exp378_rg0_preflight_b126ef2/4090/mrf0_e11_cuda_70976d2.log	lab4090_unique/SOLIDER-REID-exp378-rg0-b126ef2/remote_artifacts/exp378_rg0_preflight_b126ef2/4090/mrf0_e11_cuda_70976d2.log
4098	322525f85099e5e7955200049b9d886ac59c5ee93f3d109219d747fc7b9ad898	/home/afr/SOLIDER-REID-exp378-rg0-b126ef2/remote_artifacts/exp378_rg0_preflight_b126ef2/4090/mrp0_e11_cuda_70976d2.log	lab4090_unique/SOLIDER-REID-exp378-rg0-b126ef2/remote_artifacts/exp378_rg0_preflight_b126ef2/4090/mrp0_e11_cuda_70976d2.log
4717	3b76bde6d7d424324e1714a074121ee913b8cbff052e282bec1ad09f317b2656	/home/afr/SOLIDER-REID-exp378-rg0-b126ef2/remote_artifacts/exp378_rg0_preflight_b126ef2/4090/r0_candidate_3f789f0.log	lab4090_unique/SOLIDER-REID-exp378-rg0-b126ef2/remote_artifacts/exp378_rg0_preflight_b126ef2/4090/r0_candidate_3f789f0.log
4717	d80b5c9e006593aee0cb3b8ccb38db6e5f13047b38eac9a43bae7da9edf04199	/home/afr/SOLIDER-REID-exp378-rg0-b126ef2/remote_artifacts/exp378_rg0_preflight_b126ef2/4090/r0_final_1fe1e32.log	lab4090_unique/SOLIDER-REID-exp378-rg0-b126ef2/remote_artifacts/exp378_rg0_preflight_b126ef2/4090/r0_final_1fe1e32.log
4469	38730e3b36c3acfaeaeddb67b6d45d621bc11a1d0de8ea517573e34eeab4b2db	/home/afr/SOLIDER-REID-exp378-rg0-b126ef2/remote_artifacts/exp378_rg0_preflight_b126ef2/4090/r0_old_ca62.log	lab4090_unique/SOLIDER-REID-exp378-rg0-b126ef2/remote_artifacts/exp378_rg0_preflight_b126ef2/4090/r0_old_ca62.log
5550	4e571daa52735e80d450a7acbea60b67211188496e01c947016610dfa692b81c	/home/afr/SOLIDER-REID-exp378-rg0-b126ef2/remote_artifacts/exp378_rg0_preflight_b126ef2/4090/rg0_candidate_3f789f0.log	lab4090_unique/SOLIDER-REID-exp378-rg0-b126ef2/remote_artifacts/exp378_rg0_preflight_b126ef2/4090/rg0_candidate_3f789f0.log
6338	646b5a1b8db4eb8910cb38829deefe2837c2c7cb12f24e586f514f3e9e8feea9	/home/afr/SOLIDER-REID-exp378-rg0-b126ef2/remote_artifacts/exp378_rg0_preflight_b126ef2/4090/rg0_data_audit.log	lab4090_unique/SOLIDER-REID-exp378-rg0-b126ef2/remote_artifacts/exp378_rg0_preflight_b126ef2/4090/rg0_data_audit.log
6310	24c8908269c97127607363ec432083034a45c1676578ee7722ef0ba1d283d2fe	/home/afr/SOLIDER-REID-exp378-rg0-b126ef2/remote_artifacts/exp378_rg0_preflight_b126ef2/4090/rg0_data_audit_70976d2.log	lab4090_unique/SOLIDER-REID-exp378-rg0-b126ef2/remote_artifacts/exp378_rg0_preflight_b126ef2/4090/rg0_data_audit_70976d2.log
5550	bc82c0d73dddc547d6265701a644f5d294214bd119668e0a4c87b1770a3b2844	/home/afr/SOLIDER-REID-exp378-rg0-b126ef2/remote_artifacts/exp378_rg0_preflight_b126ef2/4090/rg0_final_1fe1e32.log	lab4090_unique/SOLIDER-REID-exp378-rg0-b126ef2/remote_artifacts/exp378_rg0_preflight_b126ef2/4090/rg0_final_1fe1e32.log
6365	ab3c615d62bc2821a9699f944694886d28083d9b10be0e73e5f294a0e361eecd	/home/afr/SOLIDER-REID-exp378-rg0-b126ef2/remote_artifacts/exp378_rg0_preflight_b126ef2/4090/tapf_regression_3f789f0.log	lab4090_unique/SOLIDER-REID-exp378-rg0-b126ef2/remote_artifacts/exp378_rg0_preflight_b126ef2/4090/tapf_regression_3f789f0.log
54	b0814e88d1f3a91d772a4c8f55ad66ccd0766b12565b9a46dca7e988aba5c8e6	/home/afr/SOLIDER-REID-exp378-rg0-b126ef2/remote_artifacts/exp378_rg0_preflight_b126ef2/4090/unit_70976d2.log	lab4090_unique/SOLIDER-REID-exp378-rg0-b126ef2/remote_artifacts/exp378_rg0_preflight_b126ef2/4090/unit_70976d2.log
1690	95c30151f837140f044b4f59f1df0b84d80000ba4eeb69627db52ae6444fc126	/home/afr/SOLIDER-REID-exp378-rg0-b126ef2/remote_artifacts/exp378_rg0_preflight_b126ef2/4090/unit_manual_70976d2.log	lab4090_unique/SOLIDER-REID-exp378-rg0-b126ef2/remote_artifacts/exp378_rg0_preflight_b126ef2/4090/unit_manual_70976d2.log
1006565	0c6adb6036c10b3c9ecf2f368b60ac1e10a8f59759c792ed294de9eb6508aa6e	/home/afr/SOLIDER-REID-exp379-2181e94/log/occluded_duke/exp379_ht0_hierarchical_tapf_s1234/runner_stdout.log	lab4090_unique/SOLIDER-REID-exp379-2181e94/log/occluded_duke/exp379_ht0_hierarchical_tapf_s1234/runner_stdout.log
1001589	2b5efad3be83fd43e740d0e517d71b5b4d8a32af8bc616e0788489fb3f2f2c01	/home/afr/SOLIDER-REID-exp379-2181e94/log/occluded_duke/exp379_ht0_hierarchical_tapf_s1234/train_log.txt	lab4090_unique/SOLIDER-REID-exp379-2181e94/log/occluded_duke/exp379_ht0_hierarchical_tapf_s1234/train_log.txt
7	caab6b3b6c1e80fccffc4495a23b040aea6f9380f1497e3d0a906187902ad4b6	/home/afr/SOLIDER-REID-exp379-2181e94/log/occluded_duke/exp379_ht0_hierarchical_tapf_s1234/wrapper.pid	lab4090_unique/SOLIDER-REID-exp379-2181e94/log/occluded_duke/exp379_ht0_hierarchical_tapf_s1234/wrapper.pid
199040	7f1fad5d25df11d108ae518c423f3f6721cf5f45aca2652dc55de91d456e9254	/home/afr/SOLIDER-REID-exp379-994e35d-gate/4090_log/multiseed/exp007_psg_seed1234/train_log.txt	lab4090_unique/SOLIDER-REID-exp379-994e35d-gate/4090_log/multiseed/exp007_psg_seed1234/train_log.txt
199039	1b959c46dfff1fa0e5c0c75b14bd19143a0749819859876646a65c65997c54c1	/home/afr/SOLIDER-REID-exp379-994e35d-gate/4090_log/multiseed/exp007_psg_seed2024/train_log.txt	lab4090_unique/SOLIDER-REID-exp379-994e35d-gate/4090_log/multiseed/exp007_psg_seed2024/train_log.txt
199033	afed4e947f1e59f59ae327dbfb0a894cf16c34d17247f984f8ab7937376db320	/home/afr/SOLIDER-REID-exp379-994e35d-gate/4090_log/multiseed/exp007_psg_seed42/train_log.txt	lab4090_unique/SOLIDER-REID-exp379-994e35d-gate/4090_log/multiseed/exp007_psg_seed42/train_log.txt
7196	36b64c01d270dd0ab215ff5cbe6f52a83b46c245bfc3ce1591f4cf8991d0b8ef	/home/afr/SOLIDER-REID-exp379-994e35d-gate/experiments/cargo_cvpb/gallery_logs/cvpb_gallery_market.log	lab4090_unique/SOLIDER-REID-exp379-994e35d-gate/experiments/cargo_cvpb/gallery_logs/cvpb_gallery_market.log
7207	f783d3d3ab1a372b66abb28f75a7781385b6a5dfe9d7a4b52000a2fd9b423c64	/home/afr/SOLIDER-REID-exp379-994e35d-gate/experiments/cargo_cvpb/gallery_logs/cvpb_gallery_oduke.log	lab4090_unique/SOLIDER-REID-exp379-994e35d-gate/experiments/cargo_cvpb/gallery_logs/cvpb_gallery_oduke.log
9374	c16e07739b831af749c8b9c856047e4f24291d8d24fde30b3afa62a34dbdec44	/home/afr/SOLIDER-REID-exp379-994e35d-gate/experiments/cargo_cvpb/litreview2/cvpb_querybag_market.log	lab4090_unique/SOLIDER-REID-exp379-994e35d-gate/experiments/cargo_cvpb/litreview2/cvpb_querybag_market.log
9889	267c30ec3d086a6e47ca9361beb0e0b4d6b99e28846f42b818a4e03e25e8f713	/home/afr/SOLIDER-REID-exp379-994e35d-gate/experiments/cargo_cvpb/litreview2/cvpb_querybag_od.log	lab4090_unique/SOLIDER-REID-exp379-994e35d-gate/experiments/cargo_cvpb/litreview2/cvpb_querybag_od.log
4963	1f7cce7dcbd6a18db716bfb0a7ae74cd0b5438ced24aa1056dd67f15901b3694	/home/afr/SOLIDER-REID-exp379-994e35d-gate/experiments/cargo_cvpb/rr_logs/cvpb_evidence_market.log	lab4090_unique/SOLIDER-REID-exp379-994e35d-gate/experiments/cargo_cvpb/rr_logs/cvpb_evidence_market.log
4970	ded1752c50c7e63e9cb3b7a1325ac1449568fac0043e2de32ed91ef4374b76c8	/home/afr/SOLIDER-REID-exp379-994e35d-gate/experiments/cargo_cvpb/rr_logs/cvpb_evidence_oduke.log	lab4090_unique/SOLIDER-REID-exp379-994e35d-gate/experiments/cargo_cvpb/rr_logs/cvpb_evidence_oduke.log
247	7793194149d878f7ce083ee525bc3f4effc8e66ac8474fbf5cd0022215e36da2	/home/afr/SOLIDER-REID-exp379-994e35d-gate/experiments/exp323/_run.log	lab4090_unique/SOLIDER-REID-exp379-994e35d-gate/experiments/exp323/_run.log
262870	80114a871b9ae51785cb9e1cf240eba803a9c95bf256550586289a36e1565ae0	/home/afr/SOLIDER-REID-exp379-994e35d-gate/experiments/exp324b/_codex_review.log	lab4090_unique/SOLIDER-REID-exp379-994e35d-gate/experiments/exp324b/_codex_review.log
237845	e07d5c34f5234f7046536e97035c0b6f5c8620f9146dda91d25b839afe57a2d2	/home/afr/SOLIDER-REID-exp379-994e35d-gate/experiments/exp324b/_codex_review2.log	lab4090_unique/SOLIDER-REID-exp379-994e35d-gate/experiments/exp324b/_codex_review2.log
57179	45fe625e3ddf1ea58a0ca83fcff8c9d0fb3beafb3ba563fd74fb7073b0e39f1d	/home/afr/SOLIDER-REID-exp379-994e35d-gate/experiments/exp370_pbsr/execution_14b2b68/b0_runner_stdout.log	lab4090_unique/SOLIDER-REID-exp379-994e35d-gate/experiments/exp370_pbsr/execution_14b2b68/b0_runner_stdout.log
55082	12a96ee8524489fc1e7122d8f70138be94b6041c04e48ce17a491c59c79110cb	/home/afr/SOLIDER-REID-exp379-994e35d-gate/experiments/exp370_pbsr/execution_14b2b68/b0_sameenv_runner_stdout.log	lab4090_unique/SOLIDER-REID-exp379-994e35d-gate/experiments/exp370_pbsr/execution_14b2b68/b0_sameenv_runner_stdout.log
52529	d11ff4cf0e61d73888495d7bbd2d74a2ad697054089a6aa62ef3211d48c68268	/home/afr/SOLIDER-REID-exp379-994e35d-gate/experiments/exp370_pbsr/execution_14b2b68/b0_sameenv_train_log.txt	lab4090_unique/SOLIDER-REID-exp379-994e35d-gate/experiments/exp370_pbsr/execution_14b2b68/b0_sameenv_train_log.txt
54607	689ff9f9441c62bb12e4b5ef02019d143298d2c5968a953a6b1618a52d85b29e	/home/afr/SOLIDER-REID-exp379-994e35d-gate/experiments/exp370_pbsr/execution_14b2b68/b0_train_log.txt	lab4090_unique/SOLIDER-REID-exp379-994e35d-gate/experiments/exp370_pbsr/execution_14b2b68/b0_train_log.txt
103600	16ad029e5aa5d22e5cd96a23cc1344834b455726f3ba59e7b558ddf4d2e8ff63	/home/afr/SOLIDER-REID-exp379-994e35d-gate/experiments/exp370_pbsr/execution_14b2b68/p0_runner_stdout.log	lab4090_unique/SOLIDER-REID-exp379-994e35d-gate/experiments/exp370_pbsr/execution_14b2b68/p0_runner_stdout.log
100786	1801cc886cd31ccee5833a8ed669d7d3598c1d58544bae4985c2efd7fed13508	/home/afr/SOLIDER-REID-exp379-994e35d-gate/experiments/exp370_pbsr/execution_14b2b68/p0_train_log.txt	lab4090_unique/SOLIDER-REID-exp379-994e35d-gate/experiments/exp370_pbsr/execution_14b2b68/p0_train_log.txt
99874	80f31290de409cfac5ca7661dadc39aa7d4a070871bea8c251e361124f8fe8f6	/home/afr/SOLIDER-REID-exp380-b0-90ed55c/log/occluded_duke/exp380_r50_b0_s1234/runner_stdout.log	lab4090_unique/SOLIDER-REID-exp380-b0-90ed55c/log/occluded_duke/exp380_r50_b0_s1234/runner_stdout.log
97981	8dbdb04a3a98baa8689857de4ec4523e55602c6e211d0af1f3b8de5458a670e0	/home/afr/SOLIDER-REID-exp380-b0-90ed55c/log/occluded_duke/exp380_r50_b0_s1234/train_log.txt	lab4090_unique/SOLIDER-REID-exp380-b0-90ed55c/log/occluded_duke/exp380_r50_b0_s1234/train_log.txt
7	d08b63c165fa6ac393ecc692b5bc44c6c10fa7ab687c97d9d7d70bfdb6206637	/home/afr/SOLIDER-REID-exp380-b0-90ed55c/log/occluded_duke/exp380_r50_b0_s1234/wrapper.pid	lab4090_unique/SOLIDER-REID-exp380-b0-90ed55c/log/occluded_duke/exp380_r50_b0_s1234/wrapper.pid
565929	fda373758e605cde22c5b273eff038f48bc727096d4808ee0ca3092678a5d60e	/home/afr/SOLIDER-REID-exp380-d0-90ed55c/log/occluded_duke/exp380_r50_d0_s1234/runner_stdout.log	lab4090_unique/SOLIDER-REID-exp380-d0-90ed55c/log/occluded_duke/exp380_r50_d0_s1234/runner_stdout.log
563704	27bf1d213ad5d8c4e5c9fdc25872a82c5984b0504aa0f619e990c008ed04ea23	/home/afr/SOLIDER-REID-exp380-d0-90ed55c/log/occluded_duke/exp380_r50_d0_s1234/train_log.txt	lab4090_unique/SOLIDER-REID-exp380-d0-90ed55c/log/occluded_duke/exp380_r50_d0_s1234/train_log.txt
7	dcf6c246555c56d2d6a41550d6721552fafe7c09c83a28d85b4ad265e6ef8543	/home/afr/SOLIDER-REID-exp380-d0-90ed55c/log/occluded_duke/exp380_r50_d0_s1234/wrapper.pid	lab4090_unique/SOLIDER-REID-exp380-d0-90ed55c/log/occluded_duke/exp380_r50_d0_s1234/wrapper.pid
1003770	a63d7dc6c979b88a874f2ccbbafc1bb536fe2bf5105e97a0b36ac9d9a20eb8a7	/home/afr/SOLIDER-REID-exp380-ht0-90ed55c/log/occluded_duke/exp380_r50_ht0_s1234/runner_stdout.log	lab4090_unique/SOLIDER-REID-exp380-ht0-90ed55c/log/occluded_duke/exp380_r50_ht0_s1234/runner_stdout.log
1001534	d5d6454b16404ca3216b0fcf8a25a499f511c8316591f390d91b2df2805957df	/home/afr/SOLIDER-REID-exp380-ht0-90ed55c/log/occluded_duke/exp380_r50_ht0_s1234/train_log.txt	lab4090_unique/SOLIDER-REID-exp380-ht0-90ed55c/log/occluded_duke/exp380_r50_ht0_s1234/train_log.txt
7	e4f311e5c39a577d8a5c45a210a28a1873c865a3f01c9d73b129a893c4bcd94b	/home/afr/SOLIDER-REID-exp380-ht0-90ed55c/log/occluded_duke/exp380_r50_ht0_s1234/wrapper.pid	lab4090_unique/SOLIDER-REID-exp380-ht0-90ed55c/log/occluded_duke/exp380_r50_ht0_s1234/wrapper.pid
100092	a781678bfb007714dc5e26759ccb50ff3fb7bd0ea8a99efd50bfe458511191c5	/home/afr/SOLIDER-REID-exp381-b0-caf9746/log/occluded_duke/exp381_vit_b0_s1234/runner_stdout.log	lab4090_unique/SOLIDER-REID-exp381-b0-caf9746/log/occluded_duke/exp381_vit_b0_s1234/runner_stdout.log
98029	5b5940da0c3cbf05c48488d102947c6f87eafcd787935540ff9728a8b96d77ef	/home/afr/SOLIDER-REID-exp381-b0-caf9746/log/occluded_duke/exp381_vit_b0_s1234/train_log.txt	lab4090_unique/SOLIDER-REID-exp381-b0-caf9746/log/occluded_duke/exp381_vit_b0_s1234/train_log.txt
7	9a46c04334c5e7094fca3f60448724f7fc750c624714ead56cc4c74f9d9b50f0	/home/afr/SOLIDER-REID-exp381-b0-caf9746/log/occluded_duke/exp381_vit_b0_s1234/wrapper.pid	lab4090_unique/SOLIDER-REID-exp381-b0-caf9746/log/occluded_duke/exp381_vit_b0_s1234/wrapper.pid
566132	6d5538591dff5f990889dbf8a48f5eaaa2f0bdf73d356361ee88d196b6b2399b	/home/afr/SOLIDER-REID-exp381-d0-caf9746/log/occluded_duke/exp381_vit_d0_s1234/runner_stdout.log	lab4090_unique/SOLIDER-REID-exp381-d0-caf9746/log/occluded_duke/exp381_vit_d0_s1234/runner_stdout.log
563755	4d038152da19eeca18d6771d3e1f6c4e534a1401a59c81122abd1fd8cd1219bf	/home/afr/SOLIDER-REID-exp381-d0-caf9746/log/occluded_duke/exp381_vit_d0_s1234/train_log.txt	lab4090_unique/SOLIDER-REID-exp381-d0-caf9746/log/occluded_duke/exp381_vit_d0_s1234/train_log.txt
7	b031719dfa0bb173dbcaa20c680eb960cedc7d7193f42ee53f9446760af90dbe	/home/afr/SOLIDER-REID-exp381-d0-caf9746/log/occluded_duke/exp381_vit_d0_s1234/wrapper.pid	lab4090_unique/SOLIDER-REID-exp381-d0-caf9746/log/occluded_duke/exp381_vit_d0_s1234/wrapper.pid
1003977	6abcb124ba3837baf464949495593524f6bd7917afd3134e739000dd2310f7f4	/home/afr/SOLIDER-REID-exp381-ht0-caf9746/log/occluded_duke/exp381_vit_ht0_s1234/runner_stdout.log	lab4090_unique/SOLIDER-REID-exp381-ht0-caf9746/log/occluded_duke/exp381_vit_ht0_s1234/runner_stdout.log
1001594	730e4831e33cc58263e5416aa25bb358b6916422a28c273639c0acfc7a617489	/home/afr/SOLIDER-REID-exp381-ht0-caf9746/log/occluded_duke/exp381_vit_ht0_s1234/train_log.txt	lab4090_unique/SOLIDER-REID-exp381-ht0-caf9746/log/occluded_duke/exp381_vit_ht0_s1234/train_log.txt
7	b2e81f6834708e7a08a183af489a0f82400217d215365e241e77132d41ddef86	/home/afr/SOLIDER-REID-exp381-ht0-caf9746/log/occluded_duke/exp381_vit_ht0_s1234/wrapper.pid	lab4090_unique/SOLIDER-REID-exp381-ht0-caf9746/log/occluded_duke/exp381_vit_ht0_s1234/wrapper.pid
232142	5d7d872113f0fe495c3ba3be2c6f6dae1d672a30b35174963aa363cb50333901	/home/afr/SOLIDER-REID-exp387-d0-0d1822a/log/occluded_duke/exp387_clean_swin_tiny_d0_s1234/train_log.txt	lab4090_unique/SOLIDER-REID-exp387-d0-0d1822a/log/occluded_duke/exp387_clean_swin_tiny_d0_s1234/train_log.txt
210862	ee3aa5c40f4359c53b78dac25d06417843c8c65879b3bb2cd98021884f810321	/home/afr/SOLIDER-REID-exp388-d0-5bbbe4e/log/market1501/exp388_clean_swin_tiny_d0_s1234/train_log.txt	lab4090_unique/SOLIDER-REID-exp388-d0-5bbbe4e/log/market1501/exp388_clean_swin_tiny_d0_s1234/train_log.txt
372568	6806702b9f740dfeb9af6ec52c39ab7ba772b393f1dd0780e0d197b02b8c6095	/home/afr/SOLIDER-REID-exp389-ht0-0d8436b/log/occluded_duke/exp389_clean_swin_tiny_ht0_s1234/train_log.txt	lab4090_unique/SOLIDER-REID-exp389-ht0-0d8436b/log/occluded_duke/exp389_clean_swin_tiny_ht0_s1234/train_log.txt
150444	7736b3d8a91ff14a879e09d9f32e5e33bee30b256a9e55bf3b76501fe390afb0	/home/afr/SOLIDER-REID-exp390-b0s2025-ec46d50/log/occluded_duke/exp390_clean_swin_tiny_b0_s2025/train_log.txt	lab4090_unique/SOLIDER-REID-exp390-b0s2025-ec46d50/log/occluded_duke/exp390_clean_swin_tiny_b0_s2025/train_log.txt
150455	2033287441ea75ee4937868f9fcaecc63d57769f971c0dd1bd4442f6c951b186	/home/afr/SOLIDER-REID-exp390-b0s4321-valid-ec46d50/log/occluded_duke/exp390_clean_swin_tiny_b0_s4321_valid/train_log.txt	lab4090_unique/SOLIDER-REID-exp390-b0s4321-valid-ec46d50/log/occluded_duke/exp390_clean_swin_tiny_b0_s4321_valid/train_log.txt
232171	c0b5fa509380fe19b9635c64262f9c1ac1ff2cdd9e05b7f1c03fe56ff1f71357	/home/afr/SOLIDER-REID-exp390-d0s2025-ec46d50/log/occluded_duke/exp390_clean_swin_tiny_d0_s2025/train_log.txt	lab4090_unique/SOLIDER-REID-exp390-d0s2025-ec46d50/log/occluded_duke/exp390_clean_swin_tiny_d0_s2025/train_log.txt
232171	6b2335c0597b5d4ac41e4bee2e1c2ce399c77558408d3dac3f32f2f230e5c2a0	/home/afr/SOLIDER-REID-exp390-d0s4321-ec46d50/log/occluded_duke/exp390_clean_swin_tiny_d0_s4321/train_log.txt	lab4090_unique/SOLIDER-REID-exp390-d0s4321-ec46d50/log/occluded_duke/exp390_clean_swin_tiny_d0_s4321/train_log.txt
372596	d41ee2c7c7280d805935a2bd8ae1ef86b9a5bbdb2d9f13d05f239ed857114252	/home/afr/SOLIDER-REID-exp391-h2m-0b976f5/log/occluded_duke/exp391_clean_swin_tiny_h2m_s1234/train_log.txt	lab4090_unique/SOLIDER-REID-exp391-h2m-0b976f5/log/occluded_duke/exp391_clean_swin_tiny_h2m_s1234/train_log.txt
163	33e29bc20546b2aa4a5781f98986b8364c69ed91e87092f6ca1201334ee0b43d	/home/afr/SOLIDER-REID-exp392-b2s-pose-a25a9d9/experiments/exp392_clip_semantic_ciam/artifacts/phase0a/._phase0a.runner.log	lab4090_unique/SOLIDER-REID-exp392-b2s-pose-a25a9d9/experiments/exp392_clip_semantic_ciam/artifacts/phase0a/._phase0a.runner.log
308807	7d2640208f86c11a256b2ea27b1b1ec17cde2fe1fcbc0a72a49c6f12e21f46bd	/home/afr/SOLIDER-REID-exp392-semantic-c0-ed57834/log/occluded_duke/exp392_clean_swin_tiny_semantic_c0_s1234/train_log.txt	lab4090_unique/SOLIDER-REID-exp392-semantic-c0-ed57834/log/occluded_duke/exp392_clean_swin_tiny_semantic_c0_s1234/train_log.txt
308839	408b56739f615ff184b15fff63c3f33dc56833f7e96405a9dc8b5f49f4304c62	/home/afr/SOLIDER-REID-exp393-rz-c0-09340f7/log/occluded_duke/exp393_clean_swin_tiny_semantic_rz_c0_s1234/train_log.txt	lab4090_unique/SOLIDER-REID-exp393-rz-c0-09340f7/log/occluded_duke/exp393_clean_swin_tiny_semantic_rz_c0_s1234/train_log.txt
384698	209ccd949841fd19ae4a50a097551e894530cf3c0ecc62c66053a4fe8bc9e0a2	/home/afr/SOLIDER-REID-exp401-rich-budget-c0-formal-11d7a35/log/occluded_duke/exp401_clean_swin_tiny_rich_budget_c0_s1234/train_log.txt	lab4090_unique/SOLIDER-REID-exp401-rich-budget-c0-formal-11d7a35/log/occluded_duke/exp401_clean_swin_tiny_rich_budget_c0_s1234/train_log.txt
664040	d6786050e30a198e51eca5000bf19aa2e9be6316a1b912da63719e69a68c4047	/home/afr/SOLIDER-REID-exp403-elo-cur-fe854ea/log/occluded_duke/exp403_elo_cur_s1234/train_log.txt	lab4090_unique/SOLIDER-REID-exp403-elo-cur-fe854ea/log/occluded_duke/exp403_elo_cur_s1234/train_log.txt
433923	78d173b77cb536a36d721311dffd529e0fd3a3c94940d433e979f34e953bc18a	/home/afr/SOLIDER-REID-exp404-spk-formal-v1/log/occluded_duke/exp404_spk_s1234/train_log.txt	lab4090_unique/SOLIDER-REID-exp404-spk-formal-v1/log/occluded_duke/exp404_spk_s1234/train_log.txt
108760	c08ccaa8f7e4ac4d95421706026018d948885aba0f855fc725cf1054219be00a	/home/afr/SOLIDER-REID-exp408-picrd-0700703/experiments/cargo_cvpb/airl_codex_bundle/logs/agreidv2_airl_4090.log	lab4090_unique/SOLIDER-REID-exp408-picrd-0700703/experiments/cargo_cvpb/airl_codex_bundle/logs/agreidv2_airl_4090.log
90527	43fc42fd5d3366dd334fde0242eea7ed711c7b4a2e07a612de97766e93961928	/home/afr/SOLIDER-REID-exp408-picrd-0700703/experiments/cargo_cvpb/airl_codex_bundle/logs/agreidv2_airl_iso.log	lab4090_unique/SOLIDER-REID-exp408-picrd-0700703/experiments/cargo_cvpb/airl_codex_bundle/logs/agreidv2_airl_iso.log
75012	5dba98dc1d079d861a2c2d27942cd04dad4f862c8eef102354f8d18cb24e2f39	/home/afr/SOLIDER-REID-exp408-picrd-0700703/experiments/cargo_cvpb/airl_codex_bundle/logs/agreidv2_baseline.log	lab4090_unique/SOLIDER-REID-exp408-picrd-0700703/experiments/cargo_cvpb/airl_codex_bundle/logs/agreidv2_baseline.log
74870	c1dc8270866149164c56c350c2e32c49035907e8220d12e196ac4d848f03e7a1	/home/afr/SOLIDER-REID-exp408-picrd-0700703/experiments/cargo_cvpb/airl_codex_bundle/logs/agreidv2_baseline_4090.log	lab4090_unique/SOLIDER-REID-exp408-picrd-0700703/experiments/cargo_cvpb/airl_codex_bundle/logs/agreidv2_baseline_4090.log
70386	00f4c81e5993613e3776bd80c5eeb8d6cc0ea74527f3864737d7dd8555d8f884	/home/afr/SOLIDER-REID-exp408-picrd-0700703/experiments/cargo_cvpb/airl_codex_bundle/logs/agreidv2_baseline_4090_s2.log	lab4090_unique/SOLIDER-REID-exp408-picrd-0700703/experiments/cargo_cvpb/airl_codex_bundle/logs/agreidv2_baseline_4090_s2.log
16987	96d67b710a14af95c92bee52543d3e1ddff41b2c98069c50e9a90837271c9480	/home/afr/SOLIDER-REID-exp408-picrd-0700703/experiments/cargo_cvpb/cvpb_osac_mk.log	lab4090_unique/SOLIDER-REID-exp408-picrd-0700703/experiments/cargo_cvpb/cvpb_osac_mk.log
17595	23490aeafa17b6be696aeb6362aa6748742bfeacc2b8a53ff132a22d2d0bd178	/home/afr/SOLIDER-REID-exp408-picrd-0700703/experiments/cargo_cvpb/cvpb_osac_od.log	lab4090_unique/SOLIDER-REID-exp408-picrd-0700703/experiments/cargo_cvpb/cvpb_osac_od.log
5994	4d8efd69ec9983605684e590cc47768dc247a0057c56da701ce6efd7060fc540	/home/afr/SOLIDER-REID-exp408-picrd-0700703/experiments/cargo_cvpb/cvpb_rma.log	lab4090_unique/SOLIDER-REID-exp408-picrd-0700703/experiments/cargo_cvpb/cvpb_rma.log
6644	74dc176b3f34a0a3dc6fdcc01f4ab9a337ba0a208ab4a82e46b65c3d8b4e5aae	/home/afr/SOLIDER-REID-exp408-picrd-0700703/experiments/cargo_cvpb/hubness_logs/hub_full_market.log	lab4090_unique/SOLIDER-REID-exp408-picrd-0700703/experiments/cargo_cvpb/hubness_logs/hub_full_market.log
6655	8eb2086b21e9712e9a0ddf18e2eacd21e8cce6cbf70891bb1edc6734dfd7f488	/home/afr/SOLIDER-REID-exp408-picrd-0700703/experiments/cargo_cvpb/hubness_logs/hub_full_occluded_duke.log	lab4090_unique/SOLIDER-REID-exp408-picrd-0700703/experiments/cargo_cvpb/hubness_logs/hub_full_occluded_duke.log
8697	d9063a1884499885463c879fe0bf017715d2eb423aa8d5738bad0af29172eaaa	/home/afr/SOLIDER-REID-exp408-picrd-0700703/experiments/cargo_cvpb/hubness_logs/hub_smoke.log	lab4090_unique/SOLIDER-REID-exp408-picrd-0700703/experiments/cargo_cvpb/hubness_logs/hub_smoke.log
15674	f8c832c43cafd098130cb4f02da7fbe239dbd19c4065987a1fbdb42156ac2345	/home/afr/SOLIDER-REID-exp408-picrd-0700703/experiments/cargo_cvpb/litreview2/cvpb_containment_full.log	lab4090_unique/SOLIDER-REID-exp408-picrd-0700703/experiments/cargo_cvpb/litreview2/cvpb_containment_full.log
1480	d9d3b83896066bd91558cbb94fa0f274c6bdc8a703924c810101a7a9b9a2e34d	/home/afr/SOLIDER-REID-exp408-picrd-0700703/experiments/cargo_cvpb/litreview2/hubness_verify_logs/hub_p0c_deep_both.log	lab4090_unique/SOLIDER-REID-exp408-picrd-0700703/experiments/cargo_cvpb/litreview2/hubness_verify_logs/hub_p0c_deep_both.log
3467	fcfd862f86c861c2b616286df8b5e8aabf1fb2e6a567a9bfffa569afa9f7d77c	/home/afr/SOLIDER-REID-exp408-picrd-0700703/experiments/cargo_cvpb/litreview2/hubness_verify_logs/hub_p0p4_market.log	lab4090_unique/SOLIDER-REID-exp408-picrd-0700703/experiments/cargo_cvpb/litreview2/hubness_verify_logs/hub_p0p4_market.log
3484	b55b5720376b1c75dd5f6d553b364ee563b72e1f7eaa1572e35fff2f11fe7395	/home/afr/SOLIDER-REID-exp408-picrd-0700703/experiments/cargo_cvpb/litreview2/hubness_verify_logs/hub_p0p4_oduke.log	lab4090_unique/SOLIDER-REID-exp408-picrd-0700703/experiments/cargo_cvpb/litreview2/hubness_verify_logs/hub_p0p4_oduke.log
2771	cc4413e6dc12011e70f91119873552d792fc9198b93fb2187e96e9d8a6d6512e	/home/afr/SOLIDER-REID-exp408-picrd-0700703/experiments/cargo_cvpb/litreview2/hubness_verify_logs/hub_p3_oduke.log	lab4090_unique/SOLIDER-REID-exp408-picrd-0700703/experiments/cargo_cvpb/litreview2/hubness_verify_logs/hub_p3_oduke.log
11789	3f1d91233f904e242143c0750c7f8be5b25a91134515a6ad8a100acadda1c34d	/home/afr/SOLIDER-REID-exp408-picrd-0700703/experiments/cargo_cvpb/litreview2/rr_logs/cvpb_rr_market_s1.log	lab4090_unique/SOLIDER-REID-exp408-picrd-0700703/experiments/cargo_cvpb/litreview2/rr_logs/cvpb_rr_market_s1.log
9889	ee5c9082751d837422003929ae030eebb6ba947051168cbf4ae621a8a4c3b1aa	/home/afr/SOLIDER-REID-exp408-picrd-0700703/experiments/cargo_cvpb/litreview2/rr_logs/cvpb_rr_market_s2.log	lab4090_unique/SOLIDER-REID-exp408-picrd-0700703/experiments/cargo_cvpb/litreview2/rr_logs/cvpb_rr_market_s2.log
9606	51745782fabe96c479aab3b21456d0948972267dc59868764edf07ce8a702dd2	/home/afr/SOLIDER-REID-exp408-picrd-0700703/experiments/cargo_cvpb/litreview2/rr_logs/cvpb_rr_od_s1.log	lab4090_unique/SOLIDER-REID-exp408-picrd-0700703/experiments/cargo_cvpb/litreview2/rr_logs/cvpb_rr_od_s1.log
9892	7e50dbe91b7d943880037b285f199337d0069e6e5d1785f982067c9ad2e887e1	/home/afr/SOLIDER-REID-exp408-picrd-0700703/experiments/cargo_cvpb/litreview2/rr_logs/cvpb_rr_od_s2.log	lab4090_unique/SOLIDER-REID-exp408-picrd-0700703/experiments/cargo_cvpb/litreview2/rr_logs/cvpb_rr_od_s2.log
4237	5c5fd5688441a1c7f395651ccf3bdd3a6fe2119f7d1691d7136068c5277066b2	/home/afr/SOLIDER-REID-exp408-picrd-0700703/experiments/cargo_cvpb/precheck_market.log	lab4090_unique/SOLIDER-REID-exp408-picrd-0700703/experiments/cargo_cvpb/precheck_market.log
4252	f6a9803af040b3fd64aefcb1911ce1b7eb21579fd5cc0e7ef6a9376541cd36f5	/home/afr/SOLIDER-REID-exp408-picrd-0700703/experiments/cargo_cvpb/precheck_oduke.log	lab4090_unique/SOLIDER-REID-exp408-picrd-0700703/experiments/cargo_cvpb/precheck_oduke.log
9605	c4107fcf49045348997b7296bab0ed4d33f865194a9c6322d0d4079a161ef221	/home/afr/SOLIDER-REID-exp408-picrd-0700703/experiments/cargo_cvpb/rr_logs/cvpb_rr_od_s0.log	lab4090_unique/SOLIDER-REID-exp408-picrd-0700703/experiments/cargo_cvpb/rr_logs/cvpb_rr_od_s0.log
11870	51286dd3758e3ecad254c8007ec24be896e8eca92dbe50489cb74ceed9d757e3	/home/afr/SOLIDER-REID-exp408-picrd-0700703/experiments/cargo_cvpb/rr_logs/cvpb_rr_od_smoke.log	lab4090_unique/SOLIDER-REID-exp408-picrd-0700703/experiments/cargo_cvpb/rr_logs/cvpb_rr_od_smoke.log
2235	0e5070db2ec733e76139d7b41bd55cba724cf4cafba9dc5e23845e7c85be5eb5	/home/afr/SOLIDER-REID-exp408-picrd-0700703/experiments/exp394_clip_owned_residual_budget/phase0p_source.runner.log	lab4090_unique/SOLIDER-REID-exp408-picrd-0700703/experiments/exp394_clip_owned_residual_budget/phase0p_source.runner.log
4937	0fe10057d84da52ee3c8735fdb2789de0462922da745a5ccbcc430a1bf6dbc6f	/home/afr/SOLIDER-REID-exp408-picrd-0700703/experiments/exp394_clip_owned_residual_budget/phase0r_s.runner.log	lab4090_unique/SOLIDER-REID-exp408-picrd-0700703/experiments/exp394_clip_owned_residual_budget/phase0r_s.runner.log
4636	1c11280aeae0070be61be4c94ff96953aa9f1a4a742c090d46f1eeddd0fd0e4c	/home/afr/SOLIDER-REID-exp408-picrd-0700703/experiments/exp394_clip_owned_residual_budget/phase0r_s_v1_failed.runner.log	lab4090_unique/SOLIDER-REID-exp408-picrd-0700703/experiments/exp394_clip_owned_residual_budget/phase0r_s_v1_failed.runner.log
4850	928c054f86d3e4115b113a029078dc180d8702993e11c5219a8de2e55faacc56	/home/afr/SOLIDER-REID-exp408-picrd-0700703/experiments/exp394_clip_owned_residual_budget/phase0r_s_v2_diagnostic_failed.runner.log	lab4090_unique/SOLIDER-REID-exp408-picrd-0700703/experiments/exp394_clip_owned_residual_budget/phase0r_s_v2_diagnostic_failed.runner.log
9469	658ac1fd261ec09db618e9d658ae00fa3f0f7d7887b87e8716c601adbc8b0636	/home/afr/SOLIDER-REID-exp408-picrd-0700703/experiments/exp394_clip_owned_residual_budget/production_static_cpu_repeat.runner.log	lab4090_unique/SOLIDER-REID-exp408-picrd-0700703/experiments/exp394_clip_owned_residual_budget/production_static_cpu_repeat.runner.log
419	7055832de3b539b5a86848b2564bd4879136a424292594828afd08e424d983b3	/home/afr/SOLIDER-REID-exp408-picrd-0700703/experiments/exp394_clip_owned_residual_budget/production_static_cpu_v1_import_failed.runner.log	lab4090_unique/SOLIDER-REID-exp408-picrd-0700703/experiments/exp394_clip_owned_residual_budget/production_static_cpu_v1_import_failed.runner.log
875	9b0ac239e89c890b362cd6e0ae3b0b4613df8c7f98e9695ff37b1c0a026f9a04	/home/afr/SOLIDER-REID-exp408-picrd-0700703/experiments/exp394_clip_owned_residual_budget/production_static_cpu_v2_cv2_import_failed.runner.log	lab4090_unique/SOLIDER-REID-exp408-picrd-0700703/experiments/exp394_clip_owned_residual_budget/production_static_cpu_v2_cv2_import_failed.runner.log
1367	33f68a11d723d4d3755fe35c0c0fb53435148eb941aa85b63d0d2c96d9ecac68	/home/afr/SOLIDER-REID-exp408-picrd-0700703/experiments/exp394_clip_owned_residual_budget/production_static_cpu_v3_relation_shape_failed.runner.log	lab4090_unique/SOLIDER-REID-exp408-picrd-0700703/experiments/exp394_clip_owned_residual_budget/production_static_cpu_v3_relation_shape_failed.runner.log
9883	15a6c2cf50cec37331ac98a9f408766ba993cf2f1758adf840dce995c107a90e	/home/afr/SOLIDER-REID-exp408-picrd-0700703/experiments/exp394_clip_owned_residual_budget/production_static_cpu_v4_contract_failed.runner.log	lab4090_unique/SOLIDER-REID-exp408-picrd-0700703/experiments/exp394_clip_owned_residual_budget/production_static_cpu_v4_contract_failed.runner.log
9885	2059a3810168ff49c8a19b0c5856a1d0895d7184681f5ea771211c22577da5ad	/home/afr/SOLIDER-REID-exp408-picrd-0700703/experiments/exp394_clip_owned_residual_budget/production_static_cpu_v5_pass_warning.runner.log	lab4090_unique/SOLIDER-REID-exp408-picrd-0700703/experiments/exp394_clip_owned_residual_budget/production_static_cpu_v5_pass_warning.runner.log
9469	09ade3e42969e239e77372c87f71e4c570fe493c575ff7140da1868d9c09ec89	/home/afr/SOLIDER-REID-exp408-picrd-0700703/experiments/exp394_clip_owned_residual_budget/production_static_cpu_v6_preguard_pass.runner.log	lab4090_unique/SOLIDER-REID-exp408-picrd-0700703/experiments/exp394_clip_owned_residual_budget/production_static_cpu_v6_preguard_pass.runner.log
3331	30b7b7ae06ff2bd3153208fe4384e11e06a097608c6ce876d6c254c079f2e314	/home/afr/SOLIDER-REID-exp408-picrd-0700703/experiments/exp395_amp_gradient_attribution/cuda_attribution_static_v1.runner.log	lab4090_unique/SOLIDER-REID-exp408-picrd-0700703/experiments/exp395_amp_gradient_attribution/cuda_attribution_static_v1.runner.log
201880	89afc893409957ee5ad356e0e2d5789683b36bcce449076d26a7dec3d3bed91c	/home/afr/SOLIDER-REID-exp408-picrd-0700703/experiments/exp395_amp_gradient_attribution/static_cpu_repeat.runner.log	lab4090_unique/SOLIDER-REID-exp408-picrd-0700703/experiments/exp395_amp_gradient_attribution/static_cpu_repeat.runner.log
13293	e9bff2b273b44fb816e86b361348831df2daabfe16df5a36b9b4bd38867d8206	/home/afr/SOLIDER-REID-psg-lgpa/log/exp322/cf2e5d2a/cross_image/both_9e4a390/stdout.log	lab4090_unique/SOLIDER-REID-psg-lgpa/log/exp322/cf2e5d2a/cross_image/both_9e4a390/stdout.log
4233	060aa4f1c647017d2f6a4bdb2e587d3bd7c5caada98509e79914b78af06a8e38	/home/afr/SOLIDER-REID-psg-lgpa/log/exp323/A/seed_3407/eval_native/stdout.log	lab4090_unique/SOLIDER-REID-psg-lgpa/log/exp323/A/seed_3407/eval_native/stdout.log
4276	189e39bffae4a3b38a37933bda5cf6c1a5caf09d8a1a60e66a825106ea392060	/home/afr/SOLIDER-REID-psg-lgpa/log/exp323/A/seed_3407/eval_uniform/stdout.log	lab4090_unique/SOLIDER-REID-psg-lgpa/log/exp323/A/seed_3407/eval_uniform/stdout.log
263303	8bc2a7b35ea1633e628812e6338051c2b2be351dd3d21e850f8da0539665425c	/home/afr/SOLIDER-REID-psg-lgpa/log/exp323/A/seed_3407/stdout.log	lab4090_unique/SOLIDER-REID-psg-lgpa/log/exp323/A/seed_3407/stdout.log
260693	68dab5c0493898f74eb2ca987f3aa76a321c4a35dbf5f1fb1d71593942d013a6	/home/afr/SOLIDER-REID-psg-lgpa/log/exp323/A/seed_3407/train_log.txt	lab4090_unique/SOLIDER-REID-psg-lgpa/log/exp323/A/seed_3407/train_log.txt
4240	09a5da10913678b31cf5dae46950e6a15809537e9f52f15cf649a20d0f75a9ae	/home/afr/SOLIDER-REID-psg-lgpa/log/exp323/A/seed_7753/eval_native/stdout.log	lab4090_unique/SOLIDER-REID-psg-lgpa/log/exp323/A/seed_7753/eval_native/stdout.log
4276	707e24accccb1c35ffde1bd2c75769f6505da6605a13f2a82a6d141647bde681	/home/afr/SOLIDER-REID-psg-lgpa/log/exp323/A/seed_7753/eval_uniform/stdout.log	lab4090_unique/SOLIDER-REID-psg-lgpa/log/exp323/A/seed_7753/eval_uniform/stdout.log
263300	42656b0dbf6097de58e3a6148746c965a0c3132671c83b3a700e7626bf2c5073	/home/afr/SOLIDER-REID-psg-lgpa/log/exp323/A/seed_7753/stdout.log	lab4090_unique/SOLIDER-REID-psg-lgpa/log/exp323/A/seed_7753/stdout.log
260690	59e3adeaa0c1d0e6e3a6ef9e52b0234d4b3d98e385205cbe9aeabf8e4ada8e1e	/home/afr/SOLIDER-REID-psg-lgpa/log/exp323/A/seed_7753/train_log.txt	lab4090_unique/SOLIDER-REID-psg-lgpa/log/exp323/A/seed_7753/train_log.txt
4235	1d36a8a391e9a5cab275e47d9eaa55a5fe93c86cdee971363de99ad5910b84a4	/home/afr/SOLIDER-REID-psg-lgpa/log/exp323/A/seed_9227/eval_native/stdout.log	lab4090_unique/SOLIDER-REID-psg-lgpa/log/exp323/A/seed_9227/eval_native/stdout.log
4276	c3cd821d11c4f2f800ef7ca6696f260bd2ee27d02862c2414a3724937c1852c1	/home/afr/SOLIDER-REID-psg-lgpa/log/exp323/A/seed_9227/eval_uniform/stdout.log	lab4090_unique/SOLIDER-REID-psg-lgpa/log/exp323/A/seed_9227/eval_uniform/stdout.log
263300	598bca5aff1c2e0b4aa2c0319c8124170b990f13b6f208685a7388a1b72dba78	/home/afr/SOLIDER-REID-psg-lgpa/log/exp323/A/seed_9227/stdout.log	lab4090_unique/SOLIDER-REID-psg-lgpa/log/exp323/A/seed_9227/stdout.log
260690	14e71447133835c67bcb4a6345c46647137198310dffc5d39baac23f3d6f8357	/home/afr/SOLIDER-REID-psg-lgpa/log/exp323/A/seed_9227/train_log.txt	lab4090_unique/SOLIDER-REID-psg-lgpa/log/exp323/A/seed_9227/train_log.txt
4239	4bd7d0df5af3018440521e47dfae90c91c789de88de9c9fda0454a67b228a32d	/home/afr/SOLIDER-REID-psg-lgpa/log/exp323/B/seed_3407/eval_native/stdout.log	lab4090_unique/SOLIDER-REID-psg-lgpa/log/exp323/B/seed_3407/eval_native/stdout.log
4280	d7fecfc2021dce6fdeef8ab0b3b56a0c4058a3a795304cbb851208061b3f4c5a	/home/afr/SOLIDER-REID-psg-lgpa/log/exp323/B/seed_3407/eval_uniform/stdout.log	lab4090_unique/SOLIDER-REID-psg-lgpa/log/exp323/B/seed_3407/eval_uniform/stdout.log
263439	7d9218971c32f2e0f94875c415d9ba59cb11ea788ed93843c019047e0bfbe7f9	/home/afr/SOLIDER-REID-psg-lgpa/log/exp323/B/seed_3407/stdout.log	lab4090_unique/SOLIDER-REID-psg-lgpa/log/exp323/B/seed_3407/stdout.log
260828	d4960b0ab76901b9ab304104d1ae68f4bb05d64468e676de1e8b44f123c7d476	/home/afr/SOLIDER-REID-psg-lgpa/log/exp323/B/seed_3407/train_log.txt	lab4090_unique/SOLIDER-REID-psg-lgpa/log/exp323/B/seed_3407/train_log.txt
4241	a05f12e69f8595210ec1856b6ab7938d1348f7910aad264dfcf40f66c2dea4e4	/home/afr/SOLIDER-REID-psg-lgpa/log/exp323/B/seed_7753/eval_native/stdout.log	lab4090_unique/SOLIDER-REID-psg-lgpa/log/exp323/B/seed_7753/eval_native/stdout.log
4281	010283faea9cbd95f974ef5997b54d9ec2dfbf96044d907c97d7d0f319bfbe62	/home/afr/SOLIDER-REID-psg-lgpa/log/exp323/B/seed_7753/eval_uniform/stdout.log	lab4090_unique/SOLIDER-REID-psg-lgpa/log/exp323/B/seed_7753/eval_uniform/stdout.log
263439	8a9d394d187f0877abb234a23dff7c11d9994405ce6bccd46386169d62bf2239	/home/afr/SOLIDER-REID-psg-lgpa/log/exp323/B/seed_7753/stdout.log	lab4090_unique/SOLIDER-REID-psg-lgpa/log/exp323/B/seed_7753/stdout.log
260828	6894df7c550ce4057c394edd80b9dca14d0ffe1a3cfce32ae0cc782ed95541b4	/home/afr/SOLIDER-REID-psg-lgpa/log/exp323/B/seed_7753/train_log.txt	lab4090_unique/SOLIDER-REID-psg-lgpa/log/exp323/B/seed_7753/train_log.txt
4238	d7141337f340babcc1e118dec7cc09d6f918eb24ab2a63321718a34a69798f18	/home/afr/SOLIDER-REID-psg-lgpa/log/exp323/B/seed_9227/eval_native/stdout.log	lab4090_unique/SOLIDER-REID-psg-lgpa/log/exp323/B/seed_9227/eval_native/stdout.log
4279	007013a1c729b17c25080a41d7e68e4e17ca91ecb099fdef4997863943ea4b8d	/home/afr/SOLIDER-REID-psg-lgpa/log/exp323/B/seed_9227/eval_uniform/stdout.log	lab4090_unique/SOLIDER-REID-psg-lgpa/log/exp323/B/seed_9227/eval_uniform/stdout.log
263438	5f0ac7c53d216b4d4aa69b157f23ee0cbfef1541be28f7878213348c434a5d3a	/home/afr/SOLIDER-REID-psg-lgpa/log/exp323/B/seed_9227/stdout.log	lab4090_unique/SOLIDER-REID-psg-lgpa/log/exp323/B/seed_9227/stdout.log
260827	9cd0a3a9a8d53c51fafd70efd429b622a5131c0f59bebfc42c14f1c2b47ccf30	/home/afr/SOLIDER-REID-psg-lgpa/log/exp323/B/seed_9227/train_log.txt	lab4090_unique/SOLIDER-REID-psg-lgpa/log/exp323/B/seed_9227/train_log.txt
4284	09fa1cf4dd87e94af8ad5880a7830ded402d287b3130b618c71d8864c295202a	/home/afr/SOLIDER-REID-psg-lgpa/log/exp323/C/seed_3407/eval_native/stdout.log	lab4090_unique/SOLIDER-REID-psg-lgpa/log/exp323/C/seed_3407/eval_native/stdout.log
263366	90bf95746a622fa11924cea7856b4f53c65eb4b25e24ddb4f1cb59195ee8db92	/home/afr/SOLIDER-REID-psg-lgpa/log/exp323/C/seed_3407/stdout.log	lab4090_unique/SOLIDER-REID-psg-lgpa/log/exp323/C/seed_3407/stdout.log
260753	8a07a81a5cc6992efde6fd16534bb57bbb165da97834fd92f76a976501cec383	/home/afr/SOLIDER-REID-psg-lgpa/log/exp323/C/seed_3407/train_log.txt	lab4090_unique/SOLIDER-REID-psg-lgpa/log/exp323/C/seed_3407/train_log.txt
4286	8f9478c38ec177cbecfc9cb8a1a8d7cc97818c43a99526fcab8b63d960e13f36	/home/afr/SOLIDER-REID-psg-lgpa/log/exp323/C/seed_7753/eval_native/stdout.log	lab4090_unique/SOLIDER-REID-psg-lgpa/log/exp323/C/seed_7753/eval_native/stdout.log
263367	1856aa3b95c3c4a4c12ce33eac23b14a509609674487fb4e2891aa79084c77a1	/home/afr/SOLIDER-REID-psg-lgpa/log/exp323/C/seed_7753/stdout.log	lab4090_unique/SOLIDER-REID-psg-lgpa/log/exp323/C/seed_7753/stdout.log
260754	043ff9ef543d4834e0cf12a0fb347f805af409c38352d5440753347e101f1c44	/home/afr/SOLIDER-REID-psg-lgpa/log/exp323/C/seed_7753/train_log.txt	lab4090_unique/SOLIDER-REID-psg-lgpa/log/exp323/C/seed_7753/train_log.txt
4283	bb8493bb89dd059332488425c1decc7c641549a9e1b25bd45177467dcc21dcff	/home/afr/SOLIDER-REID-psg-lgpa/log/exp323/C/seed_9227/eval_native/stdout.log	lab4090_unique/SOLIDER-REID-psg-lgpa/log/exp323/C/seed_9227/eval_native/stdout.log
263366	c766831dbc52bae5cce51397d070a550d56d27a846a48a4fd31a8cf574b069f2	/home/afr/SOLIDER-REID-psg-lgpa/log/exp323/C/seed_9227/stdout.log	lab4090_unique/SOLIDER-REID-psg-lgpa/log/exp323/C/seed_9227/stdout.log
260753	a6e4d5dc3882062ff246757c291c262d34f6f8e9fc63700c97db63e17758becc	/home/afr/SOLIDER-REID-psg-lgpa/log/exp323/C/seed_9227/train_log.txt	lab4090_unique/SOLIDER-REID-psg-lgpa/log/exp323/C/seed_9227/train_log.txt
4285	f34cece5d883d20bc5f5a2452f9785d4d92360b72da075c5135c5591a6b2c7ce	/home/afr/SOLIDER-REID-psg-lgpa/log/exp323/D/seed_3407/eval_native/stdout.log	lab4090_unique/SOLIDER-REID-psg-lgpa/log/exp323/D/seed_3407/eval_native/stdout.log
263369	a8e9104956d56e0fbb7498157e17e47241cb8f461a0884d0aeca3e3e69ba253b	/home/afr/SOLIDER-REID-psg-lgpa/log/exp323/D/seed_3407/stdout.log	lab4090_unique/SOLIDER-REID-psg-lgpa/log/exp323/D/seed_3407/stdout.log
260755	653e9a8100a9013eb5e7aa7e0e12ec53657fd9dbdaf7fb20d44b0aef2e291fb6	/home/afr/SOLIDER-REID-psg-lgpa/log/exp323/D/seed_3407/train_log.txt	lab4090_unique/SOLIDER-REID-psg-lgpa/log/exp323/D/seed_3407/train_log.txt
4284	b32659c55329c5d5f089930519982c63303a6b4976d7b9da416ceb0ffb8bf5a7	/home/afr/SOLIDER-REID-psg-lgpa/log/exp323/D/seed_7753/eval_native/stdout.log	lab4090_unique/SOLIDER-REID-psg-lgpa/log/exp323/D/seed_7753/eval_native/stdout.log
263369	2f48ee8d09db55900880dae02548639398966c923886a384c7bde1fca1e16367	/home/afr/SOLIDER-REID-psg-lgpa/log/exp323/D/seed_7753/stdout.log	lab4090_unique/SOLIDER-REID-psg-lgpa/log/exp323/D/seed_7753/stdout.log
260755	cc173fd71dda54d995e33347d7162a13b9b45dcde0a68b768c64ce286bec1ee6	/home/afr/SOLIDER-REID-psg-lgpa/log/exp323/D/seed_7753/train_log.txt	lab4090_unique/SOLIDER-REID-psg-lgpa/log/exp323/D/seed_7753/train_log.txt
4283	68c4c4aaa948cbec9a6b023da85c9f9746dc661ea5c84ea323a71914bbbbf466	/home/afr/SOLIDER-REID-psg-lgpa/log/exp323/D/seed_9227/eval_native/stdout.log	lab4090_unique/SOLIDER-REID-psg-lgpa/log/exp323/D/seed_9227/eval_native/stdout.log
263369	679dc92a8373aa0ffe2d9f76641de9513242f70de10f77cffdd40a6210c7517f	/home/afr/SOLIDER-REID-psg-lgpa/log/exp323/D/seed_9227/stdout.log	lab4090_unique/SOLIDER-REID-psg-lgpa/log/exp323/D/seed_9227/stdout.log
260755	b7e2c65181d9580e547e216edbcb452b20bdac2e472a5f3fbb1e273fc91e0cc8	/home/afr/SOLIDER-REID-psg-lgpa/log/exp323/D/seed_9227/train_log.txt	lab4090_unique/SOLIDER-REID-psg-lgpa/log/exp323/D/seed_9227/train_log.txt
9099	b929a6df2591cb684f23adb29cada253e0a1a3b16b9ec8826e89a7eedc1e2785	/home/afr/SOLIDER-REID-psg-lgpa/log/exp323_failed_4abd67d/A/seed_3407/stdout.log	lab4090_unique/SOLIDER-REID-psg-lgpa/log/exp323_failed_4abd67d/A/seed_3407/stdout.log
7572	f36a0e5f2b543e06b0c22e07948d5123e0b5fbe11e611ff0486ed3c003e78c42	/home/afr/SOLIDER-REID-psg-lgpa/log/exp323_failed_4abd67d/A/seed_3407/train_log.txt	lab4090_unique/SOLIDER-REID-psg-lgpa/log/exp323_failed_4abd67d/A/seed_3407/train_log.txt
10156	d613e78965f8ec8ec0f1130b14fe0ae992485f531159b74c64e9f80c13baeb02	/home/afr/SOLIDER-REID-psg-lgpa/log/exp323_failed_4abd67d/controller.log	lab4090_unique/SOLIDER-REID-psg-lgpa/log/exp323_failed_4abd67d/controller.log
17951	7cffbeea1daf8c3445d10f4b356de48661ef6e66242812fb09fb984f4b631f5b	/home/afr/SOLIDER-REID-psg-lgpa/log/exp325/controller.stdout.log	lab4090_unique/SOLIDER-REID-psg-lgpa/log/exp325/controller.stdout.log
110	80da06fb4aab3135555235f57557efd02f550754aee47b0d53b4d5bc2e633052	/home/afr/SOLIDER-REID-psg-lgpa/log/exp325/controller.wrapper.log	lab4090_unique/SOLIDER-REID-psg-lgpa/log/exp325/controller.wrapper.log
127	6efdd0b9b20fd9e3af18c08a67edb605917a215d3e746e278c12ce3f9a8d1bc8	/home/afr/SOLIDER-REID-psg-lgpa/log/exp325/seed_3407/stdout.log	lab4090_unique/SOLIDER-REID-psg-lgpa/log/exp325/seed_3407/stdout.log
127	a5a0c1180c7fccbd5243b6fbe4148efa582c78bd045b4a17a098a05c4f537fd4	/home/afr/SOLIDER-REID-psg-lgpa/log/exp325/seed_7753/stdout.log	lab4090_unique/SOLIDER-REID-psg-lgpa/log/exp325/seed_7753/stdout.log
127	d08459cbc78e9abebc251b7d18102207548c3b66127b36b2ede33995a8146eb0	/home/afr/SOLIDER-REID-psg-lgpa/log/exp325/seed_9227/stdout.log	lab4090_unique/SOLIDER-REID-psg-lgpa/log/exp325/seed_9227/stdout.log
4328	74f3a34a5dc13aafcb3556894251dd10e797ae114de90d23644ada96b51364a4	/home/afr/SOLIDER-REID-psg-lgpa/log/exp326/C0/seed_3407/eval_uniform/stdout.log	lab4090_unique/SOLIDER-REID-psg-lgpa/log/exp326/C0/seed_3407/eval_uniform/stdout.log
263322	2f0a369b082500837a5264f6df651f9a54b898ed2982d7c6575f7929801c78a4	/home/afr/SOLIDER-REID-psg-lgpa/log/exp326/C0/seed_3407/stdout.log	lab4090_unique/SOLIDER-REID-psg-lgpa/log/exp326/C0/seed_3407/stdout.log
260688	bb5a23bbde76b3e79c5fabf87731bf75f976836b8f17f2e2f5105a8e425a684a	/home/afr/SOLIDER-REID-psg-lgpa/log/exp326/C0/seed_3407/train_log.txt	lab4090_unique/SOLIDER-REID-psg-lgpa/log/exp326/C0/seed_3407/train_log.txt
4330	153732ee0300434ebd8c3948ca5e4be9d31def50ee43b0779dc4be956f41c4f4	/home/afr/SOLIDER-REID-psg-lgpa/log/exp326/C0/seed_7753/eval_uniform/stdout.log	lab4090_unique/SOLIDER-REID-psg-lgpa/log/exp326/C0/seed_7753/eval_uniform/stdout.log
263322	32229d2395c2638bf79e787bf521cbe87b6e5bccd18adeffe23cff64ba7e6544	/home/afr/SOLIDER-REID-psg-lgpa/log/exp326/C0/seed_7753/stdout.log	lab4090_unique/SOLIDER-REID-psg-lgpa/log/exp326/C0/seed_7753/stdout.log
260688	e9cf6f01df422b7ad4a3c618442e54ae510c04d5ff11cb46e7ee507313fd5ab8	/home/afr/SOLIDER-REID-psg-lgpa/log/exp326/C0/seed_7753/train_log.txt	lab4090_unique/SOLIDER-REID-psg-lgpa/log/exp326/C0/seed_7753/train_log.txt
4327	a55b2a68f74df2f8f252c029a6dcaa4a4f8387eb6edd473f60d24dbf585647b7	/home/afr/SOLIDER-REID-psg-lgpa/log/exp326/C0/seed_9227/eval_uniform/stdout.log	lab4090_unique/SOLIDER-REID-psg-lgpa/log/exp326/C0/seed_9227/eval_uniform/stdout.log
263318	da794ac5e7873f87fe43931f49434f4846995e4a51f46faa2782888cbd92f2ca	/home/afr/SOLIDER-REID-psg-lgpa/log/exp326/C0/seed_9227/stdout.log	lab4090_unique/SOLIDER-REID-psg-lgpa/log/exp326/C0/seed_9227/stdout.log
260684	8bb767072b977b79ef23fc4ce247a8b53c2a8b9e8fdfb0278bbbd51f2fe8f379	/home/afr/SOLIDER-REID-psg-lgpa/log/exp326/C0/seed_9227/train_log.txt	lab4090_unique/SOLIDER-REID-psg-lgpa/log/exp326/C0/seed_9227/train_log.txt
4320	df50b2b03fb5085d27fbe7351e7330fcbeb5e0b5d9c4d8209e0ced09a45b34ce	/home/afr/SOLIDER-REID-psg-lgpa/log/exp326/E/seed_3407/eval_uniform/stdout.log	lab4090_unique/SOLIDER-REID-psg-lgpa/log/exp326/E/seed_3407/eval_uniform/stdout.log
263570	f6b64d5e7aac1671f9fe081f4c8461a9b6342cfc8e6d0c31960bfbf75caa322a	/home/afr/SOLIDER-REID-psg-lgpa/log/exp326/E/seed_3407/stdout.log	lab4090_unique/SOLIDER-REID-psg-lgpa/log/exp326/E/seed_3407/stdout.log
260939	f00d0c675a609e88877b29eff3a922a1465eafb4cf68eab16087e166fcb7e20b	/home/afr/SOLIDER-REID-psg-lgpa/log/exp326/E/seed_3407/train_log.txt	lab4090_unique/SOLIDER-REID-psg-lgpa/log/exp326/E/seed_3407/train_log.txt
4321	a3dbb9ee7bb90a4f65c2370140a2cd1934745eaa279caa072f24d68e282ccd6f	/home/afr/SOLIDER-REID-psg-lgpa/log/exp326/E/seed_7753/eval_uniform/stdout.log	lab4090_unique/SOLIDER-REID-psg-lgpa/log/exp326/E/seed_7753/eval_uniform/stdout.log
263569	36ccb7bb7c0e2c4668c04532b509a1fd25cb949a7858e83080227811708a297d	/home/afr/SOLIDER-REID-psg-lgpa/log/exp326/E/seed_7753/stdout.log	lab4090_unique/SOLIDER-REID-psg-lgpa/log/exp326/E/seed_7753/stdout.log
260938	c0981cc72ee09ee74313f5d9e537f2c9ad21e0a5ee966d51fc3e3fb2c1ba35f3	/home/afr/SOLIDER-REID-psg-lgpa/log/exp326/E/seed_7753/train_log.txt	lab4090_unique/SOLIDER-REID-psg-lgpa/log/exp326/E/seed_7753/train_log.txt
4320	7fdf0f2a0e0e8fbae3fb5b6711580695b598ecdcbd1f933dc58df567f79d0b8b	/home/afr/SOLIDER-REID-psg-lgpa/log/exp326/E/seed_9227/eval_uniform/stdout.log	lab4090_unique/SOLIDER-REID-psg-lgpa/log/exp326/E/seed_9227/eval_uniform/stdout.log
263570	49cffffea1940ca067093d7d713c3be08ad3943cff9a737b9c490461f757baf7	/home/afr/SOLIDER-REID-psg-lgpa/log/exp326/E/seed_9227/stdout.log	lab4090_unique/SOLIDER-REID-psg-lgpa/log/exp326/E/seed_9227/stdout.log
260939	39b78ab93c08d09b33ca138fdd67a91c054f3766b84002d24451c62772a152e7	/home/afr/SOLIDER-REID-psg-lgpa/log/exp326/E/seed_9227/train_log.txt	lab4090_unique/SOLIDER-REID-psg-lgpa/log/exp326/E/seed_9227/train_log.txt
263320	c80d6d04975293841c594f04c78901681fc8934517f6e1153026d4780a1b2ec0	/home/afr/SOLIDER-REID-psg-lgpa/log/exp326/_failed/C0/seed_3407.de326b715d92.20260712T140410Z.3872627.1783865050891472457/stdout.log	lab4090_unique/SOLIDER-REID-psg-lgpa/log/exp326/_failed/C0/seed_3407.de326b715d92.20260712T140410Z.3872627.1783865050891472457/stdout.log
260686	b31dc35d87496fb1d26e48fd5aaf4c184b95ee1d694a048b58ee914a0c8740dd	/home/afr/SOLIDER-REID-psg-lgpa/log/exp326/_failed/C0/seed_3407.de326b715d92.20260712T140410Z.3872627.1783865050891472457/train_log.txt	lab4090_unique/SOLIDER-REID-psg-lgpa/log/exp326/_failed/C0/seed_3407.de326b715d92.20260712T140410Z.3872627.1783865050891472457/train_log.txt
50244	186a5444581521d4ac02c3f33debd97b65cf23a4daaaf9adbb06af21313c4236	/home/afr/SOLIDER-REID-psg-lgpa/log/exp326/controller.stdout.log	lab4090_unique/SOLIDER-REID-psg-lgpa/log/exp326/controller.stdout.log
177	9317a7f2524251f154078fac919c01f46d54527cae33808e80c690d933bb83d1	/home/afr/SOLIDER-REID-psg-lgpa/log/exp326/controller.wrapper.log	lab4090_unique/SOLIDER-REID-psg-lgpa/log/exp326/controller.wrapper.log
20551	c9db46b113de7adc9d7557b4bec405aa2349e136c87783f9dd1b4d9893d0cc62	/home/afr/Simple-CCReID/logs/exp011_nogate_prcc_clean_seed0.log	lab4090_unique/Simple-CCReID/logs/exp011_nogate_prcc_clean_seed0.log
20547	1dcfd46e05c9a712e688a7db251ba50124b31c67b91e214841a5d35859396916	/home/afr/Simple-CCReID/logs/exp011_nogate_prcc_clean_seed1.log	lab4090_unique/Simple-CCReID/logs/exp011_nogate_prcc_clean_seed1.log
20543	c892e44543098d20bd7639ca067d0400b8845b2e83da02242e8db49791486fcb	/home/afr/Simple-CCReID/logs/exp011_nogate_prcc_clean_seed2.log	lab4090_unique/Simple-CCReID/logs/exp011_nogate_prcc_clean_seed2.log
990	1b4348423ed0f8e9c3a84f67a34c81b69e9887739ecd11944d4bf947c9be3e69	/home/afr/Simple-CCReID/logs/exp011_nogate_prcc_driver.log	lab4090_unique/Simple-CCReID/logs/exp011_nogate_prcc_driver.log
20506	9a51ace8fe23de2bf83b0a90fbf47d1334dc7d1df1d7cb164c05aad584a54acd	/home/afr/Simple-CCReID/logs/exp011_nogate_prcc_occ_seed0.log	lab4090_unique/Simple-CCReID/logs/exp011_nogate_prcc_occ_seed0.log
20501	6caf6380f4d7655ca1559709b8800e7c81c17410a36eefda6d8f775e29369d13	/home/afr/Simple-CCReID/logs/exp011_nogate_prcc_occ_seed1.log	lab4090_unique/Simple-CCReID/logs/exp011_nogate_prcc_occ_seed1.log
20499	b295169a882413dc4da1426407262d6829b39ef2fb831dd8462502d7585a7de1	/home/afr/Simple-CCReID/logs/exp011_nogate_prcc_occ_seed2.log	lab4090_unique/Simple-CCReID/logs/exp011_nogate_prcc_occ_seed2.log
22969	91086ea5b2e4ba716fc365c8e4988afa58bd1c9012606574e19c633f45dc9136	/home/afr/Simple-CCReID/logs/exp013_cat_ltcc_base_seed0.log	lab4090_unique/Simple-CCReID/logs/exp013_cat_ltcc_base_seed0.log
22969	d67fa8e07d1eeb0f2de59202e9cdde921e3ebc3debbb2d1533cd88a1c0cd9f9b	/home/afr/Simple-CCReID/logs/exp013_cat_ltcc_base_seed1.log	lab4090_unique/Simple-CCReID/logs/exp013_cat_ltcc_base_seed1.log
22969	b6610641f06c2945e2de88161857f0b1d76172503e2edd22c26d67828dffaa80	/home/afr/Simple-CCReID/logs/exp013_cat_ltcc_base_seed2.log	lab4090_unique/Simple-CCReID/logs/exp013_cat_ltcc_base_seed2.log
22981	601553a91f7ef8882187b80efd5351480079d985d26c52c72fca877c5c693aa7	/home/afr/Simple-CCReID/logs/exp013_cat_ltcc_cat_seed0.log	lab4090_unique/Simple-CCReID/logs/exp013_cat_ltcc_cat_seed0.log
22981	5fd86aa8307a1dfca9d31eb18db1e57439046255dec0c661c89fdd91d9322e14	/home/afr/Simple-CCReID/logs/exp013_cat_ltcc_cat_seed1.log	lab4090_unique/Simple-CCReID/logs/exp013_cat_ltcc_cat_seed1.log
22981	cbc7f42feb5a10e783eea6cb2ae6eb704e8790329a93ae00715578e8d007ccb8	/home/afr/Simple-CCReID/logs/exp013_cat_ltcc_cat_seed2.log	lab4090_unique/Simple-CCReID/logs/exp013_cat_ltcc_cat_seed2.log
921	9182bffe47b17f60714ec6e15312d428353e5cdeab6bc7e4f4ac5916e43f5d05	/home/afr/Simple-CCReID/logs/exp013_cat_ltcc_driver.log	lab4090_unique/Simple-CCReID/logs/exp013_cat_ltcc_driver.log
190288	eab40a00b45abb58143e51237ee7e1fbc34e8112547792025a623897b5e1c8b7	/home/afr/exp015_pt_small_s0.log	lab4090_unique/exp015_pt_small_s0.log
190288	d014a207b0d58b540bb045d69619c05c03131b11a17bcbd604422eaa38f9e3d2	/home/afr/exp015_pt_small_s1_w02.log	lab4090_unique/exp015_pt_small_s1_w02.log
190288	532f4991d0e3cd3f86e476b59591b98fe75dc5b0d6e8fcb63b5b77b7f2e1d8e9	/home/afr/exp015_pt_small_s2_w02.log	lab4090_unique/exp015_pt_small_s2_w02.log
45601	55a01ed4c3a5c3a5635ae22d4990d5f7965e1f1fb702a4a041b628e164055365	/home/afr/exp016_ltcc_small_w02.log	lab4090_unique/exp016_ltcc_small_w02.log
45584	a3ac0f7b0e91e7ee663914690f2fe40677b517280259ee0d962eb2934193d75e	/home/afr/exp016_ltcc_tiny_s0.log	lab4090_unique/exp016_ltcc_tiny_s0.log
45596	19759da325784c8ec5ae6b18e03a935b60d088c10cb4d414dec4b6ffe9f661a2	/home/afr/exp016_ltcc_tiny_s1_w02.log	lab4090_unique/exp016_ltcc_tiny_s1_w02.log
45596	778aeda157fae700617a024d57fe357e0ed5c007f77baea092754ad33c39be08	/home/afr/exp016_ltcc_tiny_s2_w02.log	lab4090_unique/exp016_ltcc_tiny_s2_w02.log
45596	d8c085af9bb2d02631422c86e99e7449a67ad7896f236e4c4b1885cc87cde404	/home/afr/exp016_ltcc_tiny_w02.log	lab4090_unique/exp016_ltcc_tiny_w02.log
84950	f7c10aeda01dce92e2079c3ed75bcbe6de49ab754df6a977924be93819f2e976	/home/afr/exp016_prcc_small_s1_w02.log	lab4090_unique/exp016_prcc_small_s1_w02.log
84948	fada8e84a41c0411b45c0d0626d8e7975527425851fe395c8b6db067e7b09958	/home/afr/exp016_prcc_small_s2_w02.log	lab4090_unique/exp016_prcc_small_s2_w02.log
84948	cd4db5fc81dfad30f8579ff34292573e01aba7fce2d55e4e17e648b5fec68d50	/home/afr/exp016_prcc_small_w02.log	lab4090_unique/exp016_prcc_small_w02.log
84933	8d69cd0dd467db8986b4a3d77be953b8b65e8138305fca681d3bd46a2791eac8	/home/afr/exp016_prcc_tiny_s0.log	lab4090_unique/exp016_prcc_tiny_s0.log
84945	e91e3c758a7909e826dc76c312df98931ce7a4fecf1c009ee680a2b1c1e220b3	/home/afr/exp016_prcc_tiny_s1_w02.log	lab4090_unique/exp016_prcc_tiny_s1_w02.log
84945	5e42f11cee1cb9c69f8cc10d612cff9476bd04c9b7517acac309b5235a035de5	/home/afr/exp016_prcc_tiny_s2_w02.log	lab4090_unique/exp016_prcc_tiny_s2_w02.log
84945	5fc4c2886f0b5c6d1f596efd8bd0eeaabb48b956800b23187077890a199bfdf1	/home/afr/exp016_prcc_tiny_w02.log	lab4090_unique/exp016_prcc_tiny_w02.log
10850	82767d70e9c208c676a68893317021461a47509bc55b38469ea63b3435a31efb	/home/afr/exp323_amp_smoke/A.controller.log	lab4090_unique/exp323_amp_smoke/A.controller.log
9594	bbeeaeb64ece8f058b9cd7c545d559bbd95943095e61a9dd6f70eba63e981616	/home/afr/exp323_amp_smoke/A/train_log.txt	lab4090_unique/exp323_amp_smoke/A/train_log.txt
10936	0b91c068cd1e4612f4ce1946742e4163d506856c285f51a4b565bc8765a20f4e	/home/afr/exp323_amp_smoke/B.controller.log	lab4090_unique/exp323_amp_smoke/B.controller.log
9679	06caf4960b38b493225e1baa485d8368b9626820387da030a7be0e6513a58cd4	/home/afr/exp323_amp_smoke/B/train_log.txt	lab4090_unique/exp323_amp_smoke/B/train_log.txt
9440	b6010dc404c28d59111d0d5b854261c8fa842abb1ce2958774ab0d3beb94cda8	/home/afr/exp323_amp_smoke_scope_failure/A.controller.log	lab4090_unique/exp323_amp_smoke_scope_failure/A.controller.log
7518	ba9f5c7971236fc23272e1fef917790b7cfd6ceb3c96258527f3f5519f18e9e1	/home/afr/exp323_amp_smoke_scope_failure/A/train_log.txt	lab4090_unique/exp323_amp_smoke_scope_failure/A/train_log.txt
8	d658d0180b87aa58af3ec803caf96e7700e8e285ae907c2f5f170041c04ecdb6	/home/afr/exp323_manifests/controller_4abd67d.pid	lab4090_unique/exp323_manifests/controller_4abd67d.pid
114565	80322a8d54633b0e02005c918bf4397362705e27179efe84583a1007d0e259be	/home/afr/exp323_manifests/controller_bf685cf.log	lab4090_unique/exp323_manifests/controller_bf685cf.log
8	78a477b80593c6124b10146d3b29f9eb93b5d20e8bc00d7a94c290874f44c3d6	/home/afr/exp323_manifests/controller_bf685cf.pid	lab4090_unique/exp323_manifests/controller_bf685cf.pid
9649	7a6400281e0cc81a9f8f227d53790220a3243860c2745bdad802e384d35d12dd	/home/afr/exp323_manifests/preflight_bf685cf.log	lab4090_unique/exp323_manifests/preflight_bf685cf.log
928	5bcdc8a7c4e3b84385bf23872af5a0e1196b160c0dde94677a16caf6fb5d83c8	/home/afr/exp325_manifests/launcher.log	lab4090_unique/exp325_manifests/launcher.log
8	7f75e32967c4c2f8ec1bf1aaaa1e60f9cb84172e7085e2e43b356acfb8f2c655	/home/afr/exp325_manifests/launcher.pid	lab4090_unique/exp325_manifests/launcher.pid
609	540dcc120321659bd5ecd599ae7ea39a7032287a69f64fe0b87cf1aaf9778d20	/home/afr/exp325_manifests/parity_preflight.stdout.log	lab4090_unique/exp325_manifests/parity_preflight.stdout.log
6524	2264f71ad4566b2c5bca43984a35bc33e8ff727ee6a54d5ac493e09b6b25766c	/home/afr/exp325_manifests/source_preflight.stdout.log	lab4090_unique/exp325_manifests/source_preflight.stdout.log
6524	ae98d9a7439ffc040392fdc70b786ecac5b4bcb1ff623bcf388ce19d296a4e3f	/home/afr/exp325_manifests/source_preflight_a2853e6.log	lab4090_unique/exp325_manifests/source_preflight_a2853e6.log
102	feabb4add9e2ca3374e538560634d1ec97dc4f4ce89aab12f3d726e36ea9b2f6	/home/afr/exp325_manifests/tests_a2853e6.log	lab4090_unique/exp325_manifests/tests_a2853e6.log
8	e62e584ac10a4d9ddf21b7d7e257d1e0cd3617c2d3cda117154239be8f86ef1c	/home/afr/exp326_manifests/lock_test_holder.pid	lab4090_unique/exp326_manifests/lock_test_holder.pid
8	f15a7a4ff9ef41b3a2aa8da4ae454091dbac5c49a2e266e0d4c998303d2331df	/home/afr/exp326_manifests/preflight.pid	lab4090_unique/exp326_manifests/preflight.pid
13010	c9204f316456800c887200f6f33c787c915402c2e9c60be23ea6b561532c7223	/home/afr/exp326_manifests/preflight.stdout.log	lab4090_unique/exp326_manifests/preflight.stdout.log
4281	6348c0d0141ffe210e68debdc8d59a9e422b46a4720ecd185a5f528f740dafe5	/home/afr/exp326_manifests/scalar_fix_unit.log	lab4090_unique/exp326_manifests/scalar_fix_unit.log
9079	41e93cf7b21c28f8aa49d9bc7603dca2e81003ffccd441f1ff6f078086779469	/home/afr/exp326_manifests/wrapper.nohup.log	lab4090_unique/exp326_manifests/wrapper.nohup.log
8	4263cc16356c1f9b390139421458555d8d8698a03cb631ff5b8fdfc982421ece	/home/afr/exp326_manifests/wrapper.pid	lab4090_unique/exp326_manifests/wrapper.pid
2780	b83a36ea489ca1dac95e21b19aec2acec1060360794f772d21fbd90c0d963550	/home/afr/exp374_gate_a_2b1b17f_a03_20260715.prepare.log	lab4090_unique/exp374_gate_a_2b1b17f_a03_20260715.prepare.log
6	216b7ec673c589ab7113d964829485b2045f337b0a08e5bc1a34a2c31a4e81ea	/home/afr/exp374_gate_a_2b1b17f_a03_20260715.prepare.pid	lab4090_unique/exp374_gate_a_2b1b17f_a03_20260715.prepare.pid
278	02d509011ebcb30f34774eefcf7cff3f52678dc606351974010c33f234c5c88c	/home/afr/exp374_gate_a_6b3cf9e_a05_20260715.prepare.log	lab4090_unique/exp374_gate_a_6b3cf9e_a05_20260715.prepare.log
6	c1a4aa8a6452e61bcee4e6c0a234a9aa7c1e7417e80b40d1f894bdc1a5588fa4	/home/afr/exp374_gate_a_6b3cf9e_a05_20260715.prepare.pid	lab4090_unique/exp374_gate_a_6b3cf9e_a05_20260715.prepare.pid
1663	22bc27cf2028e5d31682641d48499685d25ead19322c437e8f73d63d47511d0f	/home/afr/exp374_gate_a_8ca57ed_a02_20260715.prepare.log	lab4090_unique/exp374_gate_a_8ca57ed_a02_20260715.prepare.log
5	a3fe40281a02fd330fdfd6fdf129ac48c6410f207f3ca3de3024e6e0286e2e39	/home/afr/exp374_gate_a_8ca57ed_a02_20260715.prepare.pid	lab4090_unique/exp374_gate_a_8ca57ed_a02_20260715.prepare.pid
1218	a49883bed3020d397c819c935eaa4664e54998df2c6555e2754ddaf5ac8c8cfb	/home/afr/exp374_gate_a_a5e9f05_a04_20260715.prepare.log	lab4090_unique/exp374_gate_a_a5e9f05_a04_20260715.prepare.log
6	dc0451ac22422cd9b780ae6779242de21f5d7a27486879426f17f34aea4aa8ac	/home/afr/exp374_gate_a_a5e9f05_a04_20260715.prepare.pid	lab4090_unique/exp374_gate_a_a5e9f05_a04_20260715.prepare.pid
1710	997f041edbe3bed46ee42eba1594d320363336e426c47703935cd1102b2a36ce	/home/afr/exp374_gate_a_bffb8be_a01_20260715.prepare.log	lab4090_unique/exp374_gate_a_bffb8be_a01_20260715.prepare.log
8	3cd9cd142d547c0864020217fba97d4cfd0cc66322c8040ddf11f161904c2f36	/home/afr/exp374_gate_a_bffb8be_a01_20260715.prepare.pid	lab4090_unique/exp374_gate_a_bffb8be_a01_20260715.prepare.pid
603	ec2bd6b7b1a72745c49586b8ea8e533f2c6aaf6ca8041a64dfc4f0dde8e5987a	/home/afr/exp374_gate_a_cce2982_a06_20260715.prepare.log	lab4090_unique/exp374_gate_a_cce2982_a06_20260715.prepare.log
6	2e00dfe4b7e5aab8e508c8610dfee1fb3f0ec09572f4a97fa06897110da69c31	/home/afr/exp374_gate_a_cce2982_a06_20260715.prepare.pid	lab4090_unique/exp374_gate_a_cce2982_a06_20260715.prepare.pid
2314	d1037cadfd37116cf59c7e9f7adba448e33622de6d97b46bbadf583cebd46045	/home/afr/exp374_gate_a_cce2982_a06_20260715.run.log	lab4090_unique/exp374_gate_a_cce2982_a06_20260715.run.log
6	d6425d446dd962f2eaaf92fa9b32ac9a02bdc5bd6e665cfe2c596ccdf76142b2	/home/afr/exp374_gate_a_cce2982_a06_20260715.run.pid	lab4090_unique/exp374_gate_a_cce2982_a06_20260715.run.pid
2135	76d25d9a56dddd42bfc4951cb86af959954f2a85fc467534973159ebf275de24	/home/afr/exp374_gate_a_cce2982_a06_20260715.run_retry1.log	lab4090_unique/exp374_gate_a_cce2982_a06_20260715.run_retry1.log
6	59cb84f3434d5a4f4669dc90931d06230f97cb04efa166c218dc62f8f25a35f5	/home/afr/exp374_gate_a_cce2982_a06_20260715.run_retry1.pid	lab4090_unique/exp374_gate_a_cce2982_a06_20260715.run_retry1.pid
1230	80d6cbaf96a1aa0eae06ebdf07dfef1fd3901f0314c61febe44d1ee16bfb1aea	/home/afr/exp374_gate_a_f053a43.prepare.log	lab4090_unique/exp374_gate_a_f053a43.prepare.log
8	75c91c3bba1b836e16e6cc4b844e99ed500f81986d3480993bbe057777a566d6	/home/afr/exp374_gate_a_f053a43.prepare.pid	lab4090_unique/exp374_gate_a_f053a43.prepare.pid
179	279bb341356b63ac1584e0150147f7fd6778d70f4791d1baa634ce516723cb11	/home/afr/exp374_remote_preflight_a02feff/protocol.log	lab4090_unique/exp374_remote_preflight_a02feff/protocol.log
189	88067305f0a8f5352d61a83c24a6b4832af2a818a754abe287db02c26d99d4ee	/home/afr/exp374_remote_preflight_a02feff/regression_protocol.log	lab4090_unique/exp374_remote_preflight_a02feff/regression_protocol.log
10074	4bfaf153bd775ed0cc5e20b09ada63ff827fefc7a058d23acfa986b0d222df45	/home/afr/exp374_remote_preflight_a02feff/regression_runner.log	lab4090_unique/exp374_remote_preflight_a02feff/regression_runner.log
185	abce525c6e6a45e106058f2b45da5b86e74144f96fabeaf89b2a2223456300ef	/home/afr/exp374_remote_preflight_a02feff/regression_seam.log	lab4090_unique/exp374_remote_preflight_a02feff/regression_seam.log
183	afca9f42259ae4445a19626eac943b26867d4d5e85dc7e8b45bcda37d117bb27	/home/afr/exp374_remote_preflight_a02feff/state_machine.log	lab4090_unique/exp374_remote_preflight_a02feff/state_machine.log
702	70ae2a000badcd9f9bea0ded41d16cd98bfc5aa2716a8b784fa8099ae71cad11	/home/afr/exp374_remote_preflight_a02feff/swin.log	lab4090_unique/exp374_remote_preflight_a02feff/swin.log
179	bb7f470e9d3f5c4ae6f74f6190b37461e987384d9dcb908824543f1ae163a1a5	/home/afr/exp374_remote_preflight_f053a43/protocol.log	lab4090_unique/exp374_remote_preflight_f053a43/protocol.log
189	a0cd660bd7590ee482adba066f4246e4181064401397a8122f7c0ecab2fc5ccf	/home/afr/exp374_remote_preflight_f053a43/regression_protocol.log	lab4090_unique/exp374_remote_preflight_f053a43/regression_protocol.log
187	79ce3da35a959386795a22f65a563a71176ec10658cbdc15834d581e2eec81da	/home/afr/exp374_remote_preflight_f053a43/regression_runner.log	lab4090_unique/exp374_remote_preflight_f053a43/regression_runner.log
185	e90b1a67e3008519d22e71a4a4cba2ecdb2456239267162647cb08daa6fba5c6	/home/afr/exp374_remote_preflight_f053a43/regression_seam.log	lab4090_unique/exp374_remote_preflight_f053a43/regression_seam.log
183	0847c9baeb4d6bdccf138fc05b39d184781e8f9096305d13bdea0ff643833bca	/home/afr/exp374_remote_preflight_f053a43/state_machine.log	lab4090_unique/exp374_remote_preflight_f053a43/state_machine.log
702	d26df94f6f696d73640d8be76ebdd19a5257c133393a1c24433f4f11e5fd9762	/home/afr/exp374_remote_preflight_f053a43/swin.log	lab4090_unique/exp374_remote_preflight_f053a43/swin.log
8	f9b9c5582106d8f34686a3f239614ab3ebc4fd27cb046e41384c76f4da4982a4	/home/afr/exp374_remote_retest_8ca57ed.pid	lab4090_unique/exp374_remote_retest_8ca57ed.pid
8	afc869991d3ac272786db4b57df5e727929cc1215c6c581c1b19538b71ea3224	/home/afr/exp374_remote_retest_8ca57ed_v2.pid	lab4090_unique/exp374_remote_retest_8ca57ed_v2.pid
8	5d13bd9055810f56ac557422e9a8792acc31b1d0943b82c6381cbc4bb0beb41e	/home/afr/exp374_remote_retest_8ca57ed_v3.pid	lab4090_unique/exp374_remote_retest_8ca57ed_v3.pid
8	2d1b222d299f1d4b44735186f7d4b3dda6b1b3418a16e0a96906182f13240c2e	/home/afr/exp374_remote_retest_8ca57ed_v4.pid	lab4090_unique/exp374_remote_retest_8ca57ed_v4.pid
2403	19056f90ebb52c8b64e37e9f08a511f75f2423a76a85c50eb664111072512777	/home/afr/exp375_cf_e120_all.log	lab4090_unique/exp375_cf_e120_all.log
1713	f6c70855d34aa6b588e48fe91fe3564ce4b054111fc1ed9f4cff5027523aaa42	/home/afr/exp375_cf_e80_matched.log	lab4090_unique/exp375_cf_e80_matched.log
2265	0902cc4683b1926931938319b5f7cd102d89ee60a8a1cd942aef8b582100330a	/home/afr/exp375_cf_e80_nonshuffle.log	lab4090_unique/exp375_cf_e80_nonshuffle.log
17968	4087200d3c79a9a314132d2721d66222319a6630071a0c2f659702f1d7dbee74	/home/afr/exp378_relax_preflight_ca62c47/model_invariants.log	lab4090_unique/exp378_relax_preflight_ca62c47/model_invariants.log
4046	68b2ef4aa32b037a6834c8786e6e15013a7d5eb1da3eaaeb8844ae399f4cc765	/home/afr/exp378_relax_preflight_ca62c47/mrf0_e11.log	lab4090_unique/exp378_relax_preflight_ca62c47/mrf0_e11.log
4046	7f1363622c94890106a5dfee906aac6ca2684005d5ac8b5cbba41f173b392187	/home/afr/exp378_relax_preflight_ca62c47/mrp0_e11.log	lab4090_unique/exp378_relax_preflight_ca62c47/mrp0_e11.log
804	d188f1d0fca2bf0cdbbfc1ad2359860c45d65b0c69d6244780609b2647c81f76	/home/afr/exp378_relax_preflight_ca62c47/unit_tests.log	lab4090_unique/exp378_relax_preflight_ca62c47/unit_tests.log
911	eed060a650d4f959c1bc092a3c86347deb63c4a005ae34017ed2c87d3b20b432	/home/afr/exp381_gate_artifacts_171f755/unit.log	lab4090_unique/exp381_gate_artifacts_171f755/unit.log
5435	3f6e9ec93367ddf2efeb4bb13c6f34a9370f547ab7bca2822ef14bf7b4658139	/home/afr/exp381_gate_artifacts_caf9746/cuda_preflight.log	lab4090_unique/exp381_gate_artifacts_caf9746/cuda_preflight.log
1539	2c85749281e99f03c4d2a902d33fd526e2a0f46fa81bd773cab987645e920622	/home/afr/exp381_gate_artifacts_caf9746/unit.log	lab4090_unique/exp381_gate_artifacts_caf9746/unit.log
1818	814916ebb2d4566a1670f50718a55c6001e276fbcf703f3fad67907df1df85dc	/home/afr/exp383-1bf9b22-b0-parity.log	lab4090_unique/exp383-1bf9b22-b0-parity.log
4150	a987427ec65aad769c12fb7e9d887d87c59c2d753c9568913fa188a695830ee0	/home/afr/exp383-1bf9b22-cuda-e1.log	lab4090_unique/exp383-1bf9b22-cuda-e1.log
4150	5dda32c4003c4cf5c355bc565b402c27cfa3876199226139d5fece835e2984bb	/home/afr/exp383-1bf9b22-cuda-e11.log	lab4090_unique/exp383-1bf9b22-cuda-e11.log
5966	cb6c8cf9639310a543519ddd6034489058320d09961ae8dd2796eab9c51086c0	/home/afr/exp383-1bf9b22-full-model.log	lab4090_unique/exp383-1bf9b22-full-model.log
108	f685ef362a461cdbdb337dffd79eed504386960b4bd5f42989dadd4295e6c9fc	/home/afr/exp410-authorize-commit-v2.log	lab4090_unique/exp410-authorize-commit-v2.log
104	ecc358a5afecf636ad20dd58db72b42c591b62108bbb0c0d302f9f1d739ac3b6	/home/afr/exp410-bank-commit-v2.log	lab4090_unique/exp410-bank-commit-v2.log
133	fb264c74fffab1ffcdb7147be6e38216a4fd35a4bc4f3888ba78ec000a6fd695	/home/afr/exp410-clone-cb3486b.log	lab4090_unique/exp410-clone-cb3486b.log
70	0e056009d8f13f12244d0cc52fa2d9c7caa1cfbe9a256caf714fa177eee01bb1	/home/afr/exp410-clone-v2.log	lab4090_unique/exp410-clone-v2.log
77	556199e441626c271805567d2f28827d5c10175bd70e7c0aeb9083d8fdc467f6	/home/afr/exp410-formal-clone.log	lab4090_unique/exp410-formal-clone.log
80	603b2022316ebbe6cc085c3ed77c96ee07f7819ae049aeee08469de1f64f6e0f	/home/afr/exp410-preflight-clone.log	lab4090_unique/exp410-preflight-clone.log
877	00069c021f2b40a592f7b0acfadab08c460b24404b0a44167482cd84436d1ec7	/home/afr/exp410-remote-commit-v2.log	lab4090_unique/exp410-remote-commit-v2.log
246	fb8720342f100bac337b0e9184bd06423606f621edadf1bb3b31eaf45d4cc0df	/home/afr/par2606/exp_result/definition_conditioned/exp082_dcpa_training_package_v0_logs/dataset_id_only_stdout.log	lab4090_unique/par2606/exp_result/definition_conditioned/exp082_dcpa_training_package_v0_logs/dataset_id_only_stdout.log
260	cc6e92cc447d51542db6d316c83adf96887c6634663a3a188f93acef35fa18c0	/home/afr/par2606/exp_result/definition_conditioned/exp082_dcpa_training_package_v0_logs/dataset_specific_heads_stdout.log	lab4090_unique/par2606/exp_result/definition_conditioned/exp082_dcpa_training_package_v0_logs/dataset_specific_heads_stdout.log
256	0a6a6d88dd1a7b3479595c2b21bd923de6c17e9fd6de8370a89f725b5bf320e5	/home/afr/par2606/exp_result/definition_conditioned/exp082_dcpa_training_package_v0_logs/definition_bias_only_stdout.log	lab4090_unique/par2606/exp_result/definition_conditioned/exp082_dcpa_training_package_v0_logs/definition_bias_only_stdout.log
250	a24208f686c66205ecbdeaed38fd590bf49c06d40902b404c77f2168fd4e5025	/home/afr/par2606/exp_result/definition_conditioned/exp082_dcpa_training_package_v0_logs/exact_anchor_only_stdout.log	lab4090_unique/par2606/exp_result/definition_conditioned/exp082_dcpa_training_package_v0_logs/exact_anchor_only_stdout.log
240	76ea3b4e9ee38699735802feeba1b7197c31d8151a84041d58ef315923c7adac	/home/afr/par2606/exp_result/definition_conditioned/exp082_dcpa_training_package_v0_logs/id_only_dcpa_stdout.log	lab4090_unique/par2606/exp_result/definition_conditioned/exp082_dcpa_training_package_v0_logs/id_only_dcpa_stdout.log
240	c67b9b55a886255d0326d384c3a0bed757a37ca93726d42f72938736ca238150	/home/afr/par2606/exp_result/definition_conditioned/exp082_dcpa_training_package_v0_logs/naive_pooled_stdout.log	lab4090_unique/par2606/exp_result/definition_conditioned/exp082_dcpa_training_package_v0_logs/naive_pooled_stdout.log
288	eb67820920163dcdfa2227c8af5311297522eba1f3b455b9949ebedcc67e11bb	/home/afr/par2606/exp_result/definition_conditioned/exp082_dcpa_training_package_v0_logs/structured_dcpa_deranged_definitions_stdout.log	lab4090_unique/par2606/exp_result/definition_conditioned/exp082_dcpa_training_package_v0_logs/structured_dcpa_deranged_definitions_stdout.log
277	4ae10bea461df0abc1308ff379d43075dc1342a48ed1b646a1fae54d8c9056e7	/home/afr/par2606/exp_result/definition_conditioned/exp082_dcpa_training_package_v0_logs/structured_dcpa_no_conflict_reg_stdout.log	lab4090_unique/par2606/exp_result/definition_conditioned/exp082_dcpa_training_package_v0_logs/structured_dcpa_no_conflict_reg_stdout.log
283	359b7167098fcfd90b1bd60d151e95efdcfb326f989076739b9f64b5a29a12f0	/home/afr/par2606/exp_result/definition_conditioned/exp082_dcpa_training_package_v0_logs/structured_dcpa_no_definition_bias_stdout.log	lab4090_unique/par2606/exp_result/definition_conditioned/exp082_dcpa_training_package_v0_logs/structured_dcpa_no_definition_bias_stdout.log
257	c495f4538dac90c400f69428a45d722d9944a1aadb5322d2e8b3286e83599a52	/home/afr/par2606/exp_result/definition_conditioned/exp082_dcpa_training_package_v0_logs/structured_dcpa_no_id_stdout.log	lab4090_unique/par2606/exp_result/definition_conditioned/exp082_dcpa_training_package_v0_logs/structured_dcpa_no_id_stdout.log
246	e5d242636ac942125e0bd6f6b5d130765a53d1b72ed82e94714ec21d36975a7a	/home/afr/par2606/exp_result/definition_conditioned/exp082_dcpa_training_package_v0_logs/structured_dcpa_stdout.log	lab4090_unique/par2606/exp_result/definition_conditioned/exp082_dcpa_training_package_v0_logs/structured_dcpa_stdout.log
3002	f4785b4b16d9629ae973f410901966e9d4180ca9efb826c2f71fdc61f4cd37fc	/home/afr/par2606/experiments/exp084_view_state_conditional_preflight_v0/training_4090_logs/pa100k_resnet50_ema_capacity_mlp.test.log	lab4090_unique/par2606/experiments/exp084_view_state_conditional_preflight_v0/training_4090_logs/pa100k_resnet50_ema_capacity_mlp.test.log
137616	a77b8da389161926b7632d2a8d020aac8619997a44afa69b331419256434efa5	/home/afr/par2606/experiments/exp084_view_state_conditional_preflight_v0/training_4090_logs/pa100k_resnet50_ema_capacity_mlp.train.outer.log	lab4090_unique/par2606/experiments/exp084_view_state_conditional_preflight_v0/training_4090_logs/pa100k_resnet50_ema_capacity_mlp.train.outer.log
2950	01c4f8a158d331ec76f71a3169d488e8e9e6793b8b1a3ee4cb8dffcfd0bd9d4e	/home/afr/par2606/experiments/exp084_view_state_conditional_preflight_v0/training_4090_logs/pa100k_resnet50_ema_linear.test.log	lab4090_unique/par2606/experiments/exp084_view_state_conditional_preflight_v0/training_4090_logs/pa100k_resnet50_ema_linear.test.log
137487	0fb19f405f4fd6e82c974174c5c855f9207e4c82b55e231655b76502f6546e7c	/home/afr/par2606/experiments/exp084_view_state_conditional_preflight_v0/training_4090_logs/pa100k_resnet50_ema_linear.train.outer.log	lab4090_unique/par2606/experiments/exp084_view_state_conditional_preflight_v0/training_4090_logs/pa100k_resnet50_ema_linear.train.outer.log
3091	51129bb6f9bbe101efad65c8f66652a7e55bf461acdbec458705c8b9f0cf1486	/home/afr/par2606/experiments/exp084_view_state_conditional_preflight_v0/training_4090_logs/pa100k_resnet50_ema_view_predicted_detached.test.log	lab4090_unique/par2606/experiments/exp084_view_state_conditional_preflight_v0/training_4090_logs/pa100k_resnet50_ema_view_predicted_detached.test.log
137721	892048d7bf952dd5914874eac08b51ca6761df6f7114c43e6f20a375b6d4aa06	/home/afr/par2606/experiments/exp084_view_state_conditional_preflight_v0/training_4090_logs/pa100k_resnet50_ema_view_predicted_detached.train.outer.log	lab4090_unique/par2606/experiments/exp084_view_state_conditional_preflight_v0/training_4090_logs/pa100k_resnet50_ema_view_predicted_detached.train.outer.log
3080	411156bfab528d00a4d6d1005d537c2f73d5af1a1a8cb84f607508ac1c4e34ea	/home/afr/par2606/experiments/exp084_view_state_conditional_preflight_v0/training_4090_logs/pa100k_resnet50_ema_view_uniform.test.log	lab4090_unique/par2606/experiments/exp084_view_state_conditional_preflight_v0/training_4090_logs/pa100k_resnet50_ema_view_uniform.test.log
137734	f8f3d1e32e0bc527a90e9d3898b2d388a6f95e8d8126355578d20ee1d196df7b	/home/afr/par2606/experiments/exp084_view_state_conditional_preflight_v0/training_4090_logs/pa100k_resnet50_ema_view_uniform.train.outer.log	lab4090_unique/par2606/experiments/exp084_view_state_conditional_preflight_v0/training_4090_logs/pa100k_resnet50_ema_view_uniform.train.outer.log
57637	d8af8d5e0210063e4dd799278053cc4537574db5201afa4e2621cd394cccf9c6	/home/afr/reid-clean/SOLIDER-REID/log/lifelong/exp029_v0_market/train_log.txt	lab4090_unique/reid-clean/SOLIDER-REID/log/lifelong/exp029_v0_market/train_log.txt
71060	aebbc1d80b899b756f72b794e7047cd1e60a15f1239341684e6731e23e371c39	/home/afr/reid-clean/SOLIDER-REID/log/lifelong/exp029_v1_msmt/train_log.txt	lab4090_unique/reid-clean/SOLIDER-REID/log/lifelong/exp029_v1_msmt/train_log.txt
38411	41b4359ac35078645e2448743b6c663cf6c90659a3a93022106d56958aaa8d46	/home/afr/reid-clean/SOLIDER-REID/log/lifelong/exp029_v2_occduke/train_log.txt	lab4090_unique/reid-clean/SOLIDER-REID/log/lifelong/exp029_v2_occduke/train_log.txt
43116	9812fb6093a2ca1420268e50554042022786ca1a7ae3510eb2d5c916f54ea0a0	/home/afr/reid-clean/SOLIDER-REID/log/ltcc/exp016_small_s0_w02/train_log.txt	lab4090_unique/reid-clean/SOLIDER-REID/log/ltcc/exp016_small_s0_w02/train_log.txt
43106	b75e8c19163d822c84e118df0a9e4aa6992a9be68ca4100b95e3901cd7bba30c	/home/afr/reid-clean/SOLIDER-REID/log/ltcc/exp016_tiny_s0/train_log.txt	lab4090_unique/reid-clean/SOLIDER-REID/log/ltcc/exp016_tiny_s0/train_log.txt
43114	d5dda71eb3f5adf09fecff09743c9841a09a70b87a0065bae1d45213ece7f785	/home/afr/reid-clean/SOLIDER-REID/log/ltcc/exp016_tiny_s0_w02/train_log.txt	lab4090_unique/reid-clean/SOLIDER-REID/log/ltcc/exp016_tiny_s0_w02/train_log.txt
43114	36e42f6ec39eef35ff559d664ccc04dec62873a3caac1462d0c8463bc8fb21a8	/home/afr/reid-clean/SOLIDER-REID/log/ltcc/exp016_tiny_s1_w02/train_log.txt	lab4090_unique/reid-clean/SOLIDER-REID/log/ltcc/exp016_tiny_s1_w02/train_log.txt
43114	3eb8cda0218c74ad11960e56c95b7f79cfc93bf69480cb66a72d92257cd4c977	/home/afr/reid-clean/SOLIDER-REID/log/ltcc/exp016_tiny_s2_w02/train_log.txt	lab4090_unique/reid-clean/SOLIDER-REID/log/ltcc/exp016_tiny_s2_w02/train_log.txt
69339	abc1228119a20b91a212e87d1bb59bdf46055947ff1aa20915aefdb3a7ff61f9	/home/afr/reid-clean/SOLIDER-REID/log/occluded_duke/exp009_sameblow_seed0/train_log.txt	lab4090_unique/reid-clean/SOLIDER-REID/log/occluded_duke/exp009_sameblow_seed0/train_log.txt
69418	6020c9ee0247c4a15e88114c6b3e896b5081e949440c0683ec7265c13b374e7b	/home/afr/reid-clean/SOLIDER-REID/log/occluded_duke/exp010_pe_seed0/train_log.txt	lab4090_unique/reid-clean/SOLIDER-REID/log/occluded_duke/exp010_pe_seed0/train_log.txt
109481	45eeb12025cb7e87f0724baa839be71705dcff403de2884615af139f2b000405	/home/afr/reid-clean/SOLIDER-REID/log/occluded_duke/exp022_occaware_s0/train_log.txt	lab4090_unique/reid-clean/SOLIDER-REID/log/occluded_duke/exp022_occaware_s0/train_log.txt
109501	c564730969fdd965b82e0dde7383e9d32bd437fa287e9d844f850536736ab6da	/home/afr/reid-clean/SOLIDER-REID/log/occluded_duke/exp022_occaware_s1/train_log.txt	lab4090_unique/reid-clean/SOLIDER-REID/log/occluded_duke/exp022_occaware_s1/train_log.txt
109474	e42a7ba8f5b499145e58fbf157cd92f60bcde13b9cf5f947530d07510763920a	/home/afr/reid-clean/SOLIDER-REID/log/occluded_duke/exp022_occaware_s2/train_log.txt	lab4090_unique/reid-clean/SOLIDER-REID/log/occluded_duke/exp022_occaware_s2/train_log.txt
6711	be49dd54f9187add955923ca0c2d1cfea9f6a766e08966940cfa01b2b4120392	/home/afr/reid-clean/SOLIDER-REID/log/occluded_duke/exp022_smoke/train_log.txt	lab4090_unique/reid-clean/SOLIDER-REID/log/occluded_duke/exp022_smoke/train_log.txt
70182	da2d8d308023c2a52080927a94a5f676b48b539d81d439dee90c88c6e4e296af	/home/afr/reid-clean/SOLIDER-REID/log/occluded_duke/exp023_aug_s0/train_log.txt	lab4090_unique/reid-clean/SOLIDER-REID/log/occluded_duke/exp023_aug_s0/train_log.txt
70182	9db11914206a806dc2fc14bf72c81d6c1bfe0040bb45fa76b0c456b1d225d8e6	/home/afr/reid-clean/SOLIDER-REID/log/occluded_duke/exp023_aug_s1/train_log.txt	lab4090_unique/reid-clean/SOLIDER-REID/log/occluded_duke/exp023_aug_s1/train_log.txt
70203	d48f5afe079727c5069322d491c158b628876a513f14d6b4a7ca148bed161370	/home/afr/reid-clean/SOLIDER-REID/log/occluded_duke/exp023_aug_s2/train_log.txt	lab4090_unique/reid-clean/SOLIDER-REID/log/occluded_duke/exp023_aug_s2/train_log.txt
109580	10aca5d6f1a998c39198a8f12949490d25abc74e5937415373743cbde9b2d035	/home/afr/reid-clean/SOLIDER-REID/log/occluded_duke/exp023_method_s0/train_log.txt	lab4090_unique/reid-clean/SOLIDER-REID/log/occluded_duke/exp023_method_s0/train_log.txt
109589	74b1f1645ccbea44aff9354075645264fd007d2049d8ce91f4b8258a04e1242b	/home/afr/reid-clean/SOLIDER-REID/log/occluded_duke/exp023_method_s1/train_log.txt	lab4090_unique/reid-clean/SOLIDER-REID/log/occluded_duke/exp023_method_s1/train_log.txt
109571	24864d5190799dfbbeabb6f75024b502cb196ff13b30042fb920634df0f8dc3e	/home/afr/reid-clean/SOLIDER-REID/log/occluded_duke/exp023_method_s2/train_log.txt	lab4090_unique/reid-clean/SOLIDER-REID/log/occluded_duke/exp023_method_s2/train_log.txt
6811	2bae2d2cc8cb3764465109b2497ae937bfe03366368d148e5cd10e8ad41edca2	/home/afr/reid-clean/SOLIDER-REID/log/occluded_duke/exp023_smoke/train_log.txt	lab4090_unique/reid-clean/SOLIDER-REID/log/occluded_duke/exp023_smoke/train_log.txt
109581	dcace1d24094e0b4947e8cae1035d82ed02ba54b0ae7f2a022b9bf7cafb61b56	/home/afr/reid-clean/SOLIDER-REID/log/occluded_duke/exp023_swinmethod_s0/train_log.txt	lab4090_unique/reid-clean/SOLIDER-REID/log/occluded_duke/exp023_swinmethod_s0/train_log.txt
33647	3ee0668abc6b320068c8efd847c46f51fb9e7d6d1f434ab5e43d2ef5343afc85	/home/afr/reid-clean/SOLIDER-REID/log/occluded_duke/exp023_swinmethod_s1/train_log.txt	lab4090_unique/reid-clean/SOLIDER-REID/log/occluded_duke/exp023_swinmethod_s1/train_log.txt
103023	c9feb0de8f269a8d3922e43a72af8dbcccc531685f6585b66feced3ca5df2f2d	/home/afr/reid-clean/SOLIDER-REID/log/occluded_duke/exp024_attr_s0/train_log.txt	lab4090_unique/reid-clean/SOLIDER-REID/log/occluded_duke/exp024_attr_s0/train_log.txt
103023	bdab05046e2935b7e7a2d9b0dab3a5dacc70276240f9c2583a470d43ae82c4a3	/home/afr/reid-clean/SOLIDER-REID/log/occluded_duke/exp024_attr_s1/train_log.txt	lab4090_unique/reid-clean/SOLIDER-REID/log/occluded_duke/exp024_attr_s1/train_log.txt
103023	d1ebf6da7f63965c82221054efc2c91f496e187b2be0e8838e96d401b01839fb	/home/afr/reid-clean/SOLIDER-REID/log/occluded_duke/exp024_attr_s2/train_log.txt	lab4090_unique/reid-clean/SOLIDER-REID/log/occluded_duke/exp024_attr_s2/train_log.txt
103031	191cab051f17d7842cc0923d9666b5f2e2e420125b5b937ec97a256b09e6ddf8	/home/afr/reid-clean/SOLIDER-REID/log/occluded_duke/exp024_mgparts_s0/train_log.txt	lab4090_unique/reid-clean/SOLIDER-REID/log/occluded_duke/exp024_mgparts_s0/train_log.txt
103031	ba9ae246b47a7dbe4f518dbfb058f959ae99a44c50a71713d35abfac74bfe5ef	/home/afr/reid-clean/SOLIDER-REID/log/occluded_duke/exp024_mgparts_s1/train_log.txt	lab4090_unique/reid-clean/SOLIDER-REID/log/occluded_duke/exp024_mgparts_s1/train_log.txt
103031	865cd50b6a1a6b71d53bf6ad853578ace54a4390182182dc266d17350c301bdd	/home/afr/reid-clean/SOLIDER-REID/log/occluded_duke/exp024_mgparts_s2/train_log.txt	lab4090_unique/reid-clean/SOLIDER-REID/log/occluded_duke/exp024_mgparts_s2/train_log.txt
6888	3bf7217962e9409c45ddaad45500e79e20783f84ac10e24b680bed5f05778e97	/home/afr/reid-clean/SOLIDER-REID/log/occluded_duke/exp024_smoke/train_log.txt	lab4090_unique/reid-clean/SOLIDER-REID/log/occluded_duke/exp024_smoke/train_log.txt
70759	e3ab4edda8c12f1e0c16544e09b50fd078250e3af58e70655060f96aa7912093	/home/afr/reid-clean/SOLIDER-REID/log/occluded_duke/exp024_struct_rand_s0/train_log.txt	lab4090_unique/reid-clean/SOLIDER-REID/log/occluded_duke/exp024_struct_rand_s0/train_log.txt
70760	27e635857a8751f40961a9dcd06445bf757b1fe9e14f7ec314af7a0f7164448d	/home/afr/reid-clean/SOLIDER-REID/log/occluded_duke/exp024_struct_real_s0/train_log.txt	lab4090_unique/reid-clean/SOLIDER-REID/log/occluded_duke/exp024_struct_real_s0/train_log.txt
103051	609fd177ba17bba0b041908a95d22ed8a5f495703a0da3079e3b93489c28feaf	/home/afr/reid-clean/SOLIDER-REID/log/occluded_duke/exp025_ospa_s0/train_log.txt	lab4090_unique/reid-clean/SOLIDER-REID/log/occluded_duke/exp025_ospa_s0/train_log.txt
103051	a03473b7b2030a37826761e26b1fd6dbf7af3ecc08d7d02a4ad61ec432d94cc6	/home/afr/reid-clean/SOLIDER-REID/log/occluded_duke/exp025_ospa_s1/train_log.txt	lab4090_unique/reid-clean/SOLIDER-REID/log/occluded_duke/exp025_ospa_s1/train_log.txt
103051	2bd147a844e5ba8a3b575538c70d7dc1a4faf7ccb043e6ac2072de2c54cf8326	/home/afr/reid-clean/SOLIDER-REID/log/occluded_duke/exp025_ospa_s2/train_log.txt	lab4090_unique/reid-clean/SOLIDER-REID/log/occluded_duke/exp025_ospa_s2/train_log.txt
6915	ed1c7f63834f3059a79ef203e182746f8deaed24bcfa4b42c9a945f184537076	/home/afr/reid-clean/SOLIDER-REID/log/occluded_duke/exp025_smoke/train_log.txt	lab4090_unique/reid-clean/SOLIDER-REID/log/occluded_duke/exp025_smoke/train_log.txt
6374	e9e9a6065d3b1130be845d3c1bfaf1e19744f0655b7a413c89570e1dbab95f49	/home/afr/reid-clean/SOLIDER-REID/log/occluded_duke/exp025_swin_smoke/train_log.txt	lab4090_unique/reid-clean/SOLIDER-REID/log/occluded_duke/exp025_swin_smoke/train_log.txt
70435	bb9ed6297d541eef5d519abb1a20f91970d40557f9e06b3d4d282ca8077a3350	/home/afr/reid-clean/SOLIDER-REID/log/occluded_duke/exp025_swindetach_s0/train_log.txt	lab4090_unique/reid-clean/SOLIDER-REID/log/occluded_duke/exp025_swindetach_s0/train_log.txt
70435	fe4465f814a6bedbe5ce6770b0efe9bb148f27394af116d432d0ca952ac300ff	/home/afr/reid-clean/SOLIDER-REID/log/occluded_duke/exp025_swindetach_s1/train_log.txt	lab4090_unique/reid-clean/SOLIDER-REID/log/occluded_duke/exp025_swindetach_s1/train_log.txt
70418	7e39c99cef3302a992aff2c419d1e7f9b8b400e40ac438e52ef5dac197489f4e	/home/afr/reid-clean/SOLIDER-REID/log/occluded_duke/exp025_swinparts_s0/train_log.txt	lab4090_unique/reid-clean/SOLIDER-REID/log/occluded_duke/exp025_swinparts_s0/train_log.txt
70417	bd75da982a802a3abf4b7e70861f0586b6213df1529cfaaf65bd3f5403f0c3d9	/home/afr/reid-clean/SOLIDER-REID/log/occluded_duke/exp025_swinparts_s1/train_log.txt	lab4090_unique/reid-clean/SOLIDER-REID/log/occluded_duke/exp025_swinparts_s1/train_log.txt
70434	41c9d2d84f0e011642ca6bb1db525ef157bd39c3295bfaeb7160df520709ceeb	/home/afr/reid-clean/SOLIDER-REID/log/occluded_duke/exp025_vitdetach_s0/train_log.txt	lab4090_unique/reid-clean/SOLIDER-REID/log/occluded_duke/exp025_vitdetach_s0/train_log.txt
70434	134476a88259e86dbaeb933e0194fd91bd9d7fab6bb2e94152b319fd5027816e	/home/afr/reid-clean/SOLIDER-REID/log/occluded_duke/exp025_vitdetach_s1/train_log.txt	lab4090_unique/reid-clean/SOLIDER-REID/log/occluded_duke/exp025_vitdetach_s1/train_log.txt
70434	4bf010488d9eb0e771f633a4a131634ad8427bff2c6d5fa582af181d108cea61	/home/afr/reid-clean/SOLIDER-REID/log/occluded_duke/exp025_vitdetach_s2/train_log.txt	lab4090_unique/reid-clean/SOLIDER-REID/log/occluded_duke/exp025_vitdetach_s2/train_log.txt
187754	5f3134c37dcee62daa03c0f81da3d0a9cc7279377421030493af91bc67037e6d	/home/afr/reid-clean/SOLIDER-REID/log/occluded_posetrack/exp001h_seed0/train_log.txt	lab4090_unique/reid-clean/SOLIDER-REID/log/occluded_posetrack/exp001h_seed0/train_log.txt
187758	6540d322fbfa56d9c80e77c424ba112c5bbd19038af8201e801a3b3532986f4f	/home/afr/reid-clean/SOLIDER-REID/log/occluded_posetrack/exp002_A2_seed0/train_log.txt	lab4090_unique/reid-clean/SOLIDER-REID/log/occluded_posetrack/exp002_A2_seed0/train_log.txt
187771	aafa00683a8dbd52147b2d98ae8d232e91d0d2cd1400966e3bee141a38e52134	/home/afr/reid-clean/SOLIDER-REID/log/occluded_posetrack/exp002_A4lite_seed0/train_log.txt	lab4090_unique/reid-clean/SOLIDER-REID/log/occluded_posetrack/exp002_A4lite_seed0/train_log.txt
187816	c6c0e4f2e77b46f03a7086b34060358abb2fa9d8f24621714d296d61c7c3228a	/home/afr/reid-clean/SOLIDER-REID/log/occluded_posetrack/exp002_detach_mix50_seed0/train_log.txt	lab4090_unique/reid-clean/SOLIDER-REID/log/occluded_posetrack/exp002_detach_mix50_seed0/train_log.txt
187799	1fa26d1799c18b2314d55c46c3f3774aa0e1b1e8b383ae55f37538e9cc4a8d7b	/home/afr/reid-clean/SOLIDER-REID/log/occluded_posetrack/exp002_detach_seed2/train_log.txt	lab4090_unique/reid-clean/SOLIDER-REID/log/occluded_posetrack/exp002_detach_seed2/train_log.txt
187803	16fc0478badbed3b216bd66c2923c7a256d4240ffa45031cecde0eee520b74f5	/home/afr/reid-clean/SOLIDER-REID/log/occluded_posetrack/exp002_lwarmup_seed0/train_log.txt	lab4090_unique/reid-clean/SOLIDER-REID/log/occluded_posetrack/exp002_lwarmup_seed0/train_log.txt
187776	aededed6fefa9481ea6b4000ada3b7ce7635fa34aebd7c2ae3e0b48ea786f835	/home/afr/reid-clean/SOLIDER-REID/log/occluded_posetrack/exp002_mix15_seed0/train_log.txt	lab4090_unique/reid-clean/SOLIDER-REID/log/occluded_posetrack/exp002_mix15_seed0/train_log.txt
187774	182023c4b709f6f1d469c374b6aae1f0e93a8c3533ba628b55981fabdbea24fe	/home/afr/reid-clean/SOLIDER-REID/log/occluded_posetrack/exp002_split01_seed0/train_log.txt	lab4090_unique/reid-clean/SOLIDER-REID/log/occluded_posetrack/exp002_split01_seed0/train_log.txt
187845	52292bd6ee51351ee630fa46174fcf198bc36854a35249b256c0a30c9077ec4a	/home/afr/reid-clean/SOLIDER-REID/log/occluded_posetrack/exp002_suppress04_seed0/train_log.txt	lab4090_unique/reid-clean/SOLIDER-REID/log/occluded_posetrack/exp002_suppress04_seed0/train_log.txt
187845	d9190cd86f2de33d75f3303bd106315c3c5c34b34811869180e2e7d83e379f04	/home/afr/reid-clean/SOLIDER-REID/log/occluded_posetrack/exp002_suppress07_seed0/train_log.txt	lab4090_unique/reid-clean/SOLIDER-REID/log/occluded_posetrack/exp002_suppress07_seed0/train_log.txt
188040	81ddf502dc59229b4d7e002ca7e53969d1483a5af960c48bb30a0aa643387e24	/home/afr/reid-clean/SOLIDER-REID/log/occluded_posetrack/exp003_K1_seed0/train_log.txt	lab4090_unique/reid-clean/SOLIDER-REID/log/occluded_posetrack/exp003_K1_seed0/train_log.txt
188043	ef952f259a627e0f7620a82b1596d370552116590398be759e89405e4aeae690	/home/afr/reid-clean/SOLIDER-REID/log/occluded_posetrack/exp003_K5_seed0/train_log.txt	lab4090_unique/reid-clean/SOLIDER-REID/log/occluded_posetrack/exp003_K5_seed0/train_log.txt
188036	524d0aea5f35bda515456401fb417c321763e4130fa53ed1c1bef5dcbf955c2e	/home/afr/reid-clean/SOLIDER-REID/log/occluded_posetrack/exp003_seed2/train_log.txt	lab4090_unique/reid-clean/SOLIDER-REID/log/occluded_posetrack/exp003_seed2/train_log.txt
188036	72604cd8e52301bf31d0191b4de93b81061c568defb59a82c84fce2db8c4145e	/home/afr/reid-clean/SOLIDER-REID/log/occluded_posetrack/exp003_seed3/train_log.txt	lab4090_unique/reid-clean/SOLIDER-REID/log/occluded_posetrack/exp003_seed3/train_log.txt
188492	e20ea7cd7b188a03a5cb4b42070fea53c2379ecd8327a22b09a56938ec9f5324	/home/afr/reid-clean/SOLIDER-REID/log/occluded_posetrack/exp015_small_pt_s0_w02/train_log.txt	lab4090_unique/reid-clean/SOLIDER-REID/log/occluded_posetrack/exp015_small_pt_s0_w02/train_log.txt
188492	ac87386ec9e9123ec1a98a5c0ee5be8757fba0ee6ea1f2138c93a84af99e3361	/home/afr/reid-clean/SOLIDER-REID/log/occluded_posetrack/exp015_small_pt_s1_w02/train_log.txt	lab4090_unique/reid-clean/SOLIDER-REID/log/occluded_posetrack/exp015_small_pt_s1_w02/train_log.txt
188492	301e95d5a9360414e22a8a5a766c2e9580db7dabcdb80ebf1091aac0f059f2b2	/home/afr/reid-clean/SOLIDER-REID/log/occluded_posetrack/exp015_small_pt_s2_w02/train_log.txt	lab4090_unique/reid-clean/SOLIDER-REID/log/occluded_posetrack/exp015_small_pt_s2_w02/train_log.txt
82392	5f18bf882cebb66dad60282d39f4e3841b896b404b80c555c82f24323e69dede	/home/afr/reid-clean/SOLIDER-REID/log/prcc/exp016_small_s0_w02/train_log.txt	lab4090_unique/reid-clean/SOLIDER-REID/log/prcc/exp016_small_s0_w02/train_log.txt
82392	3c0598f8003003b51b7955c599f60aa7a5ab1cc0034b2044dd3af673403dd704	/home/afr/reid-clean/SOLIDER-REID/log/prcc/exp016_small_s1_w02/train_log.txt	lab4090_unique/reid-clean/SOLIDER-REID/log/prcc/exp016_small_s1_w02/train_log.txt
82392	1ea53fc92ab11054a8187e10f5ec5747e429adb4969e0e7b7ef7ef9fee78b6cb	/home/afr/reid-clean/SOLIDER-REID/log/prcc/exp016_small_s2_w02/train_log.txt	lab4090_unique/reid-clean/SOLIDER-REID/log/prcc/exp016_small_s2_w02/train_log.txt
82384	ab2a4d8910a5b37220622d9bdc2007a631e79bb9cd5e899fdae04468e214bd55	/home/afr/reid-clean/SOLIDER-REID/log/prcc/exp016_tiny_s0/train_log.txt	lab4090_unique/reid-clean/SOLIDER-REID/log/prcc/exp016_tiny_s0/train_log.txt
82392	e5bd4ad5ac5a64d8a87a6b5c75cfc72a62f34f29eefd84eea820b1c41d019ff7	/home/afr/reid-clean/SOLIDER-REID/log/prcc/exp016_tiny_s0_w02/train_log.txt	lab4090_unique/reid-clean/SOLIDER-REID/log/prcc/exp016_tiny_s0_w02/train_log.txt
82392	4827c7443bd0e7e2f1736a81176df4ff8ee3ca166edd9edb5f0efe09544c8b54	/home/afr/reid-clean/SOLIDER-REID/log/prcc/exp016_tiny_s1_w02/train_log.txt	lab4090_unique/reid-clean/SOLIDER-REID/log/prcc/exp016_tiny_s1_w02/train_log.txt
82392	23b9929b4ce905b4890c292f41d4d7e9615a1969b2820797e73407a9cc14b679	/home/afr/reid-clean/SOLIDER-REID/log/prcc/exp016_tiny_s2_w02/train_log.txt	lab4090_unique/reid-clean/SOLIDER-REID/log/prcc/exp016_tiny_s2_w02/train_log.txt
83673	9346cd46fd4cb372587f16e4286649bb32919005975ec543bf5fdaae67e088bb	/home/afr/reid-clean/SOLIDER-REID/log/prcc/exp028_ccs_s0/train_log.txt	lab4090_unique/reid-clean/SOLIDER-REID/log/prcc/exp028_ccs_s0/train_log.txt
83673	2133f1cd2ff54d7735750c7e688ced808c41dcc5ce82b9c5ab3e3384b7bee282	/home/afr/reid-clean/SOLIDER-REID/log/prcc/exp028_ccs_s1/train_log.txt	lab4090_unique/reid-clean/SOLIDER-REID/log/prcc/exp028_ccs_s1/train_log.txt
83673	bf705aa56962b81438fe674125df9601d6708f7df7e458dee72c75e0be03d86c	/home/afr/reid-clean/SOLIDER-REID/log/prcc/exp028_ccs_s2/train_log.txt	lab4090_unique/reid-clean/SOLIDER-REID/log/prcc/exp028_ccs_s2/train_log.txt
83706	123dee5dcfd975eece9b5b7863d1cf3b84c4ceadfbe17a25c233798fa8b4c421	/home/afr/reid-clean/SOLIDER-REID/log/prcc/exp028_randcloth_s1/train_log.txt	lab4090_unique/reid-clean/SOLIDER-REID/log/prcc/exp028_randcloth_s1/train_log.txt
83706	aa19913c35b6fcbed08afe5ce0788e3b8ed24c528a2d3c49e4d92b60264cb39d	/home/afr/reid-clean/SOLIDER-REID/log/prcc/exp028_randcloth_s2/train_log.txt	lab4090_unique/reid-clean/SOLIDER-REID/log/prcc/exp028_randcloth_s2/train_log.txt
237	a3863a246897d025f5e8e30895392ed5538de80f3adaff2193ee9990125bd838	/home/afr/reid-clean/assets/exp408-picrd-cache-v1/build.log	lab4090_unique/reid-clean/assets/exp408-picrd-cache-v1/build.log
761	e4b77d588bee5f92b900d1df7e0514280639660b5edc1778cb10af973567fb64	/home/afr/reid-clean/assets/exp408-picrd-cache-v2/build.log	lab4090_unique/reid-clean/assets/exp408-picrd-cache-v2/build.log
189548	ab460afcf0db18bf83db5a43e7cb5d5554ebd532da6ecb99469684a416a343cb	/home/afr/reid-clean/exp001h_seed0.log	lab4090_unique/reid-clean/exp001h_seed0.log
189552	f355fd43f8394c8f4cbace3ebd70b252bc8973dc037e4d47d37b2b594f7338e0	/home/afr/reid-clean/exp002_A2_seed0.log	lab4090_unique/reid-clean/exp002_A2_seed0.log
189565	2d4229a4aeef16e21020018b5828eb4b5ec444f83e86938c22b5a057b121d13b	/home/afr/reid-clean/exp002_A4lite_seed0.log	lab4090_unique/reid-clean/exp002_A4lite_seed0.log
189610	d64ce610f8dc1787f9e221096480156881b6df5eb8b9e96ed0c7b0f6cf39c537	/home/afr/reid-clean/exp002_detach_mix50_seed0.log	lab4090_unique/reid-clean/exp002_detach_mix50_seed0.log
189593	729fdb10523efc67665f89822a80d716afd3f3d28388ab365c9e7834288a724e	/home/afr/reid-clean/exp002_detach_seed2.log	lab4090_unique/reid-clean/exp002_detach_seed2.log
189597	3bff53c24f366b21f56c1f393c2491236846ae466fd3dc9cdb357b12b2c69de7	/home/afr/reid-clean/exp002_lwarmup_seed0.log	lab4090_unique/reid-clean/exp002_lwarmup_seed0.log
189570	0d8e21a4fed390e0a01ff1d82d0b2873e116025170e3b66f5c8a19dbb36d39b2	/home/afr/reid-clean/exp002_mix15_seed0.log	lab4090_unique/reid-clean/exp002_mix15_seed0.log
189568	d6374b5b58c3aaa62f509922aa9717575111e004dc339db948bb969726351d90	/home/afr/reid-clean/exp002_split01_seed0.log	lab4090_unique/reid-clean/exp002_split01_seed0.log
189639	f21b0fc6731c6e26ddba33482736d51158db2f971c1896029b2b088671ead0d1	/home/afr/reid-clean/exp002_suppress04_seed0.log	lab4090_unique/reid-clean/exp002_suppress04_seed0.log
189639	b92db7f857a6aee219e26d586bc0017ae360bda1a6e3e8c90271e7d6e7633da4	/home/afr/reid-clean/exp002_suppress07_seed0.log	lab4090_unique/reid-clean/exp002_suppress07_seed0.log
189295	e9f613a223cef5933e83735cec07c6d7e86c65c82348161ebaea1fde05ac426e	/home/afr/reid-clean/exp003_K1_seed0.log	lab4090_unique/reid-clean/exp003_K1_seed0.log
189298	c56e58fa50b4cd319eb25987cc16a3a4ea8b052012bc5b21f650c211d4a18eae	/home/afr/reid-clean/exp003_K5_seed0.log	lab4090_unique/reid-clean/exp003_K5_seed0.log
189291	4b01c0b195356438fe3f84cac94d865ec9f96ee788b145f0b0f689d44ae6a4f2	/home/afr/reid-clean/exp003_seed2.log	lab4090_unique/reid-clean/exp003_seed2.log
189291	3ed38077bd3b1c77aee06866212cdb9d587d4973b392bea1040a2b6fdd383657	/home/afr/reid-clean/exp003_seed3.log	lab4090_unique/reid-clean/exp003_seed3.log
110811	1aca0ac7253f94c0c608a8fb2ff25aa97387d7b23adf594f078dde8f0dcf550a	/home/afr/reid-clean/exp022_occaware_s0.log	lab4090_unique/reid-clean/exp022_occaware_s0.log
110831	ddeaffcd0023284d2b5a430fb9510df9381257e88c6cad59013e02b1f2d32feb	/home/afr/reid-clean/exp022_occaware_s1.log	lab4090_unique/reid-clean/exp022_occaware_s1.log
110804	7ba9683b80a5629e9093931ae137695f11dbcf17f6186e483785c7a8e2727b72	/home/afr/reid-clean/exp022_occaware_s2.log	lab4090_unique/reid-clean/exp022_occaware_s2.log
8041	73ebd6bf074ac1b28983e1bf85bec27ca6e77ec7ee3f4f8f70af9ae9d7977cfa	/home/afr/reid-clean/exp022_smoke.log	lab4090_unique/reid-clean/exp022_smoke.log
71512	44fb2565f338a0e34397523dc80984c04f62ebb817e5415daf0665bfce0713d1	/home/afr/reid-clean/exp023_aug_s0.log	lab4090_unique/reid-clean/exp023_aug_s0.log
71512	e5f2b0be3d3318eb5234f1905b59cb10b55902a90d7f7d5ccdfd506bdae25b7e	/home/afr/reid-clean/exp023_aug_s1.log	lab4090_unique/reid-clean/exp023_aug_s1.log
71533	cba050fed3ec1d1d9c598014ca758a4eadbea1c7f1eb3ac279b882208e23e291	/home/afr/reid-clean/exp023_aug_s2.log	lab4090_unique/reid-clean/exp023_aug_s2.log
110910	06fdb22b392a86d3f9bf852e02ff686704c3f6058aea67fcb229c4259020c3cb	/home/afr/reid-clean/exp023_method_s0.log	lab4090_unique/reid-clean/exp023_method_s0.log
110919	cbe36614813c1d43f774459ee171ace544ec3cdfb97d88843819a730748b6893	/home/afr/reid-clean/exp023_method_s1.log	lab4090_unique/reid-clean/exp023_method_s1.log
110901	5ef9d931a921580a237c95c66b8f785ea845bb476bc2315358535563074182c2	/home/afr/reid-clean/exp023_method_s2.log	lab4090_unique/reid-clean/exp023_method_s2.log
8141	e0c9107e193bf601c54fdf88de3b1054ce9cd3305b1f2bb697f18614b072bf4b	/home/afr/reid-clean/exp023_smoke.log	lab4090_unique/reid-clean/exp023_smoke.log
110987	07f4fb02907cdf1290b9a65b4a381f55d92fd1def5cf1004b9c13620a47e491b	/home/afr/reid-clean/exp023_swinmethod_s0.log	lab4090_unique/reid-clean/exp023_swinmethod_s0.log
34564	9c4d9dae3f2befe6e73e1b514dcf3488aba4360d69e6d205ec81d6d48a1a1c43	/home/afr/reid-clean/exp023_swinmethod_s1.log	lab4090_unique/reid-clean/exp023_swinmethod_s1.log
104353	b1a6b5616e3f047f81f2c6aef38e7d69d4be6f79ced6602833b2330e163ba183	/home/afr/reid-clean/exp024_attr_s0.log	lab4090_unique/reid-clean/exp024_attr_s0.log
104353	91fc7078661d4572fc7fd7dbbf2e9e5ffab412d7f1b141f2724de46a868838e2	/home/afr/reid-clean/exp024_attr_s1.log	lab4090_unique/reid-clean/exp024_attr_s1.log
104353	62cb6c2eb2686c37c48cb75e7953055771a02567b568602d6f9f49a443741cf1	/home/afr/reid-clean/exp024_attr_s2.log	lab4090_unique/reid-clean/exp024_attr_s2.log
104361	1cf2c21b1a2db11963ed81331fabf15d3d0970ee2fdeb5169e17a915826616f5	/home/afr/reid-clean/exp024_mgparts_s0.log	lab4090_unique/reid-clean/exp024_mgparts_s0.log
104361	f9af6c72e1306ad75d62726bc073e9a482673ecacfdc4e72ff8f4637c942bed1	/home/afr/reid-clean/exp024_mgparts_s1.log	lab4090_unique/reid-clean/exp024_mgparts_s1.log
104361	1567ff5eee1686745d0581dc891b664852996ed3e73abbbd6bfd346deab81528	/home/afr/reid-clean/exp024_mgparts_s2.log	lab4090_unique/reid-clean/exp024_mgparts_s2.log
8218	1e8c4dfdadb7df7a4b64fda9675bb0a230b1b415b634ed7a2798ff99a952affe	/home/afr/reid-clean/exp024_smoke.log	lab4090_unique/reid-clean/exp024_smoke.log
104381	211f210949a46c4d2c86e2c12c5b26910a3b0a89414d89df2d883ebd56620edb	/home/afr/reid-clean/exp025_ospa_s0.log	lab4090_unique/reid-clean/exp025_ospa_s0.log
104381	6dda255666d4e3985a5823eb9ab3ce12cc6625a5356550dd9922c92694bf34a5	/home/afr/reid-clean/exp025_ospa_s1.log	lab4090_unique/reid-clean/exp025_ospa_s1.log
104381	75ceed67c621a13dc0b55a631ad80cfb7c0c08c443ff54ab7a080c9406dd2ffa	/home/afr/reid-clean/exp025_ospa_s2.log	lab4090_unique/reid-clean/exp025_ospa_s2.log
8245	45b2bf57ea69d31ea8e68e147870ff27f72611d691b5e8614798ab50355e11a3	/home/afr/reid-clean/exp025_smoke.log	lab4090_unique/reid-clean/exp025_smoke.log
7780	37df2d1fbe6969e39cbf529899966d67001fc5587ef8ef00a34dc5f68707a770	/home/afr/reid-clean/exp025_swin_smoke.log	lab4090_unique/reid-clean/exp025_swin_smoke.log
71841	60d1450a598141ca568747c79ce1f613cc34677e67a000908fae3b1fa703e631	/home/afr/reid-clean/exp025_swindetach_s0.log	lab4090_unique/reid-clean/exp025_swindetach_s0.log
71841	50fc26ea300d7df282227b3023c92774a7fa5489208fcc17b8a8121f02ab3924	/home/afr/reid-clean/exp025_swindetach_s1.log	lab4090_unique/reid-clean/exp025_swindetach_s1.log
71824	9aae05ca457c697ae5ad9262b1730013d217829692fdfed95eb6f533f1d7c9b5	/home/afr/reid-clean/exp025_swinparts_s0.log	lab4090_unique/reid-clean/exp025_swinparts_s0.log
71823	37769428c91a9a9ef912569f3fc4b6a1da116d59524b63916539c22b08a8b47c	/home/afr/reid-clean/exp025_swinparts_s1.log	lab4090_unique/reid-clean/exp025_swinparts_s1.log
71764	f127b9ffaf3f9cdec5e835fbd29cfeee49a8ead368663b754e5764c63fc55f60	/home/afr/reid-clean/exp025_vitdetach_s0.log	lab4090_unique/reid-clean/exp025_vitdetach_s0.log
71764	9887c993957a48b0b75f569d106326e8195d74c0ef4498c7c65ebdfd489dcac6	/home/afr/reid-clean/exp025_vitdetach_s1.log	lab4090_unique/reid-clean/exp025_vitdetach_s1.log
71764	8eaa011fcda7908711918854052faca76114f09c138d28e61ac7ebfacd82dcc1	/home/afr/reid-clean/exp025_vitdetach_s2.log	lab4090_unique/reid-clean/exp025_vitdetach_s2.log
85064	e80b631d5e7e6aaae54328209e706c676ca0a69023a5488c659806cc617d4761	/home/afr/reid-clean/exp028_ccs_s0.log	lab4090_unique/reid-clean/exp028_ccs_s0.log
85064	537850d0c8a5e39d450e1a8fcd46ee52090b195f2a9c619597ce3a23aba5cd9f	/home/afr/reid-clean/exp028_ccs_s1.log	lab4090_unique/reid-clean/exp028_ccs_s1.log
85064	05624eabbd7c7e086d044e73ad230a934aa690a72e0d1464e8366523843a0bb1	/home/afr/reid-clean/exp028_ccs_s2.log	lab4090_unique/reid-clean/exp028_ccs_s2.log
4746	87c9f3fdc0b4da2e26ca98b3b91c192b46cbf01dedd5e87be48da41fe92b57a8	/home/afr/reid-clean/exp389_d0_new_exact.log	lab4090_unique/reid-clean/exp389_d0_new_exact.log
1482	9ef2c3c0a79456d64e483315ee61c57910bd74b3adab5f273551cba90531f9dd	/home/afr/reid-clean/exp389_d0_old_10step.log	lab4090_unique/reid-clean/exp389_d0_old_10step.log
4739	31f0bf5ca7cb2677c7ef4c5dfaea9c54e846428701291a67160948d1f23bf658	/home/afr/reid-clean/exp389_d0_old_exact.log	lab4090_unique/reid-clean/exp389_d0_old_exact.log
169706	b0a0eab32e7a980cba35a57db6883751208b546825cdefeb59bf31e1621222e1	/home/afr/reid-sota/experiments/oirm/codex_run.log	lab4090_unique/reid-sota/experiments/oirm/codex_run.log
186325	5c89f0020b0e67c5c3be0df0e6597482d06178f233f673e3a489dc4356a1494c	/home/afr/reid-sota/experiments/oirm/codex_run_r2.log	lab4090_unique/reid-sota/experiments/oirm/codex_run_r2.log
187778	ee371ab4827f98ab7e32c45f363fac2078d789978c832978df9f808195e25224	/home/afr/reid-sota/experiments/oirm/codex_run_r3.log	lab4090_unique/reid-sota/experiments/oirm/codex_run_r3.log
3579	13b850a2d9f6fb026b868a465fa376a23da4a8253b7950d51d5349befd3dc717	/home/afr/remote_artifacts/exp380_resnet_gate_90ed55c/cuda_preflight.log	lab4090_unique/remote_artifacts/exp380_resnet_gate_90ed55c/cuda_preflight.log
1552	a5bd37a9dbcb93915c71f978152c3f4ad6b5442bb6b1f06f64fe39c39e02136f	/home/afr/remote_artifacts/exp380_resnet_gate_90ed55c/unit.log	lab4090_unique/remote_artifacts/exp380_resnet_gate_90ed55c/unit.log
