2026-05-29 08:58:42 transreid INFO: Saving model in the path :/home/afr/SOLIDER-REID/log/occluded_duke/psg_pure_s3
2026-05-29 08:58:42 transreid INFO: Loaded configuration file configs/occluded_duke/psg_pure_s3.yml
2026-05-29 08:58:42 transreid INFO: Running with config:
DATALOADER:
  NUM_INSTANCE: 4
  NUM_WORKERS: 8
  REMOVE_TAIL: 0
  SAMPLER: softmax_triplet
DATASETS:
  NAMES: occluded_duke
  ROOT_DIR: data
  ROOT_TRAIN_DIR: ../data
  ROOT_VAL_DIR: ../data
INPUT:
  PADDING: 10
  PIXEL_MEAN: [0.5, 0.5, 0.5]
  PIXEL_STD: [0.5, 0.5, 0.5]
  PROB: 0.5
  RE_PROB: 0.5
  SIZE_TEST: [384, 128]
  SIZE_TRAIN: [384, 128]
MODEL:
  ATT_DROP_RATE: 0.0
  COS_LAYER: False
  DEVICE: cuda
  DEVICE_ID: 0
  DEVIDE_LENGTH: 4
  DIST_TRAIN: False
  DROPOUT_RATE: 0.0
  DROP_OUT: 0.0
  DROP_PATH: 0.1
  FEAT_DIM: 512
  GEM_POOLING: False
  GLOBAL_LOSS_SCALE: 0.5
  ID_LOSS_TYPE: softmax
  ID_LOSS_WEIGHT: 1.0
  IF_LABELSMOOTH: off
  IF_WITH_CENTER: no
  JPM: False
  LAST_STRIDE: 1
  METRIC_LOSS_TYPE: triplet
  NAME: transformer
  NECK: bnneck
  NO_MARGIN: True
  POSE_ADDITIVE_ADAPTER: False
  POSE_BACKBONE_PSG: True
  POSE_BA_PKC: False
  POSE_BA_PKC_WEIGHT: 0.1
  POSE_BT_PKD: False
  POSE_BT_PKD_DECAY_EPOCH: 0
  POSE_BT_PKD_WEIGHT: 0.01
  POSE_DATA_DIR: data/occluded_duke
  POSE_DEFORMABLE_K: 4
  POSE_DEFORMABLE_SAMPLE: False
  POSE_DROPOUT_P: 0.0
  POSE_ENABLED: True
  POSE_EVIDENTIAL: False
  POSE_EVIDENTIAL_ANNEAL: 0.6
  POSE_EVIDENTIAL_KL_REG: 0.1
  POSE_FSDC: False
  POSE_FSDC_HEADS: 8
  POSE_FSDC_LAYERS: 2
  POSE_FSDC_MASK_RATIO: 0.3
  POSE_FSDC_NOISE_STD: 0.1
  POSE_FSDC_WEIGHT: 0.5
  POSE_GCN_HIDDEN: 512
  POSE_GCN_LAYERS: 2
  POSE_GCN_PER_PART: False
  POSE_HEATMAP_NORM: spatial_softmax
  POSE_HEATMAP_SIZE: [96, 32]
  POSE_KEYPOINT_POOL_ONLY: False
  POSE_KP_TRIPLET: False
  POSE_KP_TRIPLET_WEIGHT: 1.0
  POSE_KP_WEIGHT_MODE: score
  POSE_LGPA: False
  POSE_LGPA_ASSIGN_WEIGHT: 0.5
  POSE_LGPA_CLIP_DIM: 512
  POSE_LGPA_DETACH: True
  POSE_LGPA_NUM_HEADS: 8
  POSE_LGPA_POSE_TEMP: 1.0
  POSE_LOWER_BODY_OCC: False
  POSE_LOWER_BODY_OCC_MODE: lower
  POSE_LOWER_BODY_OCC_PROB: 0.7
  POSE_LOWER_BODY_OCC_RATIO: 0.5
  POSE_LPCS: False
  POSE_LPCS_CONF_WEIGHT: 0.25
  POSE_LPCS_CONTEXT_MODE: none
  POSE_LPCS_DELTA_SCALE: 0.5
  POSE_LPCS_HEAD_MODE: residual
  POSE_LPCS_HIDDEN: 32
  POSE_LPCS_PAIR_MODE: all
  POSE_LPCS_PAIR_TOP_RATIO: 1.0
  POSE_LPCS_RANK_MODE: all
  POSE_LPCS_RANK_TAU: 8.0
  POSE_LPCS_RANK_TOP_RATIO: 1.0
  POSE_LPCS_ST_LOW_THR: 0.3
  POSE_LPCS_ST_MIN_COUNT: 1
  POSE_LPCS_ST_MOM: 0.9
  POSE_LPCS_ST_UPDATE_STOP_EPOCH: -1
  POSE_LPCS_ST_UPDATE_THR: 0.7
  POSE_LPCS_WARMUP: 20
  POSE_LPCS_WEIGHT: 0.5
  POSE_LTCS: False
  POSE_LTCS_HIDDEN: 32
  POSE_LTCS_ST_LOW_THR: 0.3
  POSE_LTCS_ST_MIN_COUNT: 1
  POSE_LTCS_ST_MOM: 0.9
  POSE_LTCS_ST_UPDATE_STOP_EPOCH: -1
  POSE_LTCS_ST_UPDATE_THR: 0.7
  POSE_LTCS_WARMUP: 20
  POSE_LTCS_WEIGHT: 0.5
  POSE_MAXSIM_TRIPLET: False
  POSE_MAXSIM_TRIPLET_ADDITIVE: False
  POSE_MAXSIM_TRIPLET_TEMP: 0.05
  POSE_MAXSIM_TRIPLET_WEIGHT: 0.25
  POSE_MST: False
  POSE_MST_MARGIN: 0.3
  POSE_MST_VIS_THR: 0.3
  POSE_MST_WEIGHT: 0.5
  POSE_MULTI_SCALE_KP: False
  POSE_MULTI_SCALE_STAGES: [2, 3]
  POSE_NORMALIZE: False
  POSE_NORMALIZE_HIDDEN: 256
  POSE_OA_RD: False
  POSE_OA_RD_TEMP: 0.1
  POSE_OA_RD_WEIGHT: 1.0
  POSE_OA_SD: False
  POSE_OA_SD_EMA_DECAY: 0.999
  POSE_OA_SD_GLOBAL_ONLY: False
  POSE_OA_SD_WEIGHT: 1.0
  POSE_OERL: False
  POSE_OERL_OCC_RATIO: 0.5
  POSE_OERL_WEIGHT: 1.0
  POSE_PAA_ADAPTIVE_GATE: False
  POSE_PAA_BOTTLENECK: 32
  POSE_PAA_ROUTED: False
  POSE_PACI: False
  POSE_PACI_MARGIN: 0.3
  POSE_PACI_MOMENTUM: 0.9
  POSE_PACI_WARMUP: 5
  POSE_PACI_WEIGHT: 0.5
  POSE_PARALLEL_AUG: False
  POSE_PART_GRAD_SCALE: 0.0
  POSE_PART_STAGE: -1
  POSE_PART_TRI_WEIGHT: 1.0
  POSE_PART_WEIGHT: 1.0
  POSE_PATCH_EMBED: False
  POSE_PATCH_EMBED_KS: 1
  POSE_PFM_ENABLED: False
  POSE_PFM_HIDDEN: 64
  POSE_PKC: False
  POSE_PKC_TEMP: 0.07
  POSE_PKC_VIS_THR: 0.3
  POSE_PKC_WEIGHT: 0.5
  POSE_PPA: False
  POSE_PPA_ASSIGN_WEIGHT: 0.5
  POSE_PPA_GILT: False
  POSE_PPA_NUM_PARTS: 5
  POSE_PROMPT: False
  POSE_PROMPT_DROP: 0.0
  POSE_PROMPT_NUM_PARTS: 18
  POSE_PSG_PART: False
  POSE_PSG_SPATIAL: False
  POSE_PSG_STAGES: [-3]
  POSE_ROA: False
  POSE_ROA_PATH: data/VOCdevkit/VOC2012
  POSE_ROA_POSE_AWARE: False
  POSE_ROA_PROB: 0.5
  POSE_SKELETON_GCN: False
  POSE_SPLADE: False
  POSE_SPLADE_DIM: 2048
  POSE_SPLADE_REG: 0.01
  POSE_STM: False
  POSE_STM_NUM_SWAP: 2
  POSE_STM_PROB: 0.5
  POSE_STM_WEIGHT: 0.5
  POSE_STRUCTURAL_ROUTING: False
  POSE_STR_NUM_HEADS: 8
  POSE_STR_NUM_LAYERS: 2
  POSE_STR_NUM_PARTS: 6
  POSE_STR_PART_DROP: 0.0
  POSE_STR_PER_TOKEN: False
  POSE_STR_SELF_ATTN: False
  POSE_STR_SUPCON: False
  POSE_STR_SUPCON_ADDITIVE: False
  POSE_STR_SUPCON_GLOBAL: False
  POSE_STR_SUPCON_TEMP: 0.07
  POSE_STR_SUPCON_VIS_WEIGHT: False
  POSE_STR_SUPCON_WEIGHT: 0.5
  POSE_TEMPERATURE: 1.0
  POSE_TEST_FEAT: global
  POSE_THRESHOLD: 0.3
  POSE_UPPER_BODY_OCC: False
  POSE_UPPER_BODY_OCC_PROB: 0.3
  POSE_USE_TARGET_HEATMAP: False
  POSE_VCSR: False
  POSE_VCSR_ASSIGN_WEIGHT: 0.5
  POSE_VCSR_VIS_THR: 0.3
  PRETRAIN_CHOICE: self
  PRETRAIN_HW_RATIO: 2
  PRETRAIN_PATH: pretrained/swin_tiny.pth
  REDUCE_FEAT_DIM: False
  RE_ARRANGE: True
  SEMANTIC_WEIGHT: 0.2
  SHIFT_NUM: 5
  SHUFFLE_GROUP: 2
  SIE_CAMERA: False
  SIE_COE: 3.0
  SIE_VIEW: False
  STEM_CONV: False
  STRIDE_SIZE: [16, 16]
  TRANSFORMER_TYPE: swin_tiny_patch4_window7_224
  TRIPLET_LOSS_WEIGHT: 1.0
  WITH_CP: True
OUTPUT_DIR: /home/afr/SOLIDER-REID/log/occluded_duke/psg_pure_s3
SOLVER:
  BASE_LR: 0.0008
  BIAS_LR_FACTOR: 2
  CENTER_LOSS_WEIGHT: 0.0005
  CENTER_LR: 0.5
  CHECKPOINT_PERIOD: 20
  COSINE_MARGIN: 0.5
  COSINE_SCALE: 30
  EVAL_PERIOD: 10
  FREEZE_BACKBONE_EPOCHS: 0
  GAMMA: 0.1
  IMS_PER_BATCH: 64
  LARGE_FC_LR: False
  LOG_PERIOD: 20
  MARGIN: 0.3
  MAX_EPOCHS: 120
  MOMENTUM: 0.9
  OPTIMIZER_NAME: SGD
  SEED: 42
  STEPS: (40, 70)
  TRP_L2: False
  WARMUP_EPOCHS: 20
  WARMUP_FACTOR: 0.01
  WARMUP_METHOD: cosine
  WEIGHT_DECAY: 0.0001
  WEIGHT_DECAY_BIAS: 0.0001
TEST:
  CVK_GLOBAL_WEIGHT: 1.0
  CVK_KP_WEIGHT: 1.0
  DIST_MAT: dist_mat.npy
  EVAL: True
  FEAT_NORM: yes
  FLIP_TEST: True
  IMS_PER_BATCH: 256
  NECK_FEAT: before
  NFC: False
  NFC_K1: 2
  NFC_K2: 2
  POWER_NORM: 0.0
  RE_RANKING: False
  WEIGHT: 
=> Occluded-DukeMTMC loaded
2026-05-29 08:58:42 transreid.check INFO: Dataset statistics:
2026-05-29 08:58:42 transreid.check INFO:   ----------------------------------------
2026-05-29 08:58:42 transreid.check INFO:   subset   | # ids | # images | # cameras
2026-05-29 08:58:42 transreid.check INFO:   ----------------------------------------
2026-05-29 08:58:42 transreid.check INFO:   train    |   702 |    15618 |         8
2026-05-29 08:58:42 transreid.check INFO:   query    |   519 |     2210 |         8
2026-05-29 08:58:42 transreid.check INFO:   gallery  |  1110 |    17661 |         8
2026-05-29 08:58:42 transreid.check INFO:   ----------------------------------------
  Loaded pose index: data/occluded_duke/pose_data/train/index.json (15618 entries)
  Loaded pose index: data/occluded_duke/pose_data/train/index.json (15618 entries)
  Loaded pose index: data/occluded_duke/pose_data/_val_merged/index.json (18001 entries)
using img_triplet sampler
using Transformer_type: swin_tiny_patch4_window7_224 as a backbone
unloaded parameters: <All keys matched successfully>
===========building pose-backbone (PSG) transformer===========
using soft triplet loss for training
2026-05-29 08:58:43 transreid INFO: ===========using cosine learning rate=======
2026-05-29 08:58:43 transreid.train INFO: start training
2026-05-29 08:58:43 transreid.train INFO: Pose-guided training ENABLED
/usr/local/anaconda3/envs/mmpose-abu/lib/python3.8/site-packages/torchvision/transforms/transforms.py:329: UserWarning: Argument 'interpolation' of type int is deprecated since 0.13 and will be removed in 0.15. Please use InterpolationMode enum.
  warnings.warn(
/home/afr/SOLIDER-REID/model/backbones/swin_transformer.py:1193: UserWarning: DeprecationWarning: pretrained is deprecated, please use "init_cfg" instead
  warnings.warn('DeprecationWarning: pretrained is deprecated, '
2026-05-29 08:58:48 transreid.train INFO: Epoch[1] Iter[20/227] Loss: 10.765, Acc: 0.001, Base Lr: 4.76e-05 | id_global: 3.277 tri_global: 7.488
2026-05-29 08:58:51 transreid.train INFO: Epoch[1] Iter[40/227] Loss: 9.768, Acc: 0.002, Base Lr: 4.76e-05 | id_global: 3.277 tri_global: 6.491
2026-05-29 08:58:54 transreid.train INFO: Epoch[1] Iter[60/227] Loss: 9.080, Acc: 0.002, Base Lr: 4.76e-05 | id_global: 3.277 tri_global: 5.803
2026-05-29 08:58:58 transreid.train INFO: Epoch[1] Iter[80/227] Loss: 8.637, Acc: 0.002, Base Lr: 4.76e-05 | id_global: 3.277 tri_global: 5.360
2026-05-29 08:59:01 transreid.train INFO: Epoch[1] Iter[100/227] Loss: 8.285, Acc: 0.002, Base Lr: 4.76e-05 | id_global: 3.277 tri_global: 5.008
2026-05-29 08:59:04 transreid.train INFO: Epoch[1] Iter[120/227] Loss: 8.015, Acc: 0.002, Base Lr: 4.76e-05 | id_global: 3.277 tri_global: 4.738
2026-05-29 08:59:07 transreid.train INFO: Epoch[1] Iter[140/227] Loss: 7.803, Acc: 0.002, Base Lr: 4.76e-05 | id_global: 3.277 tri_global: 4.526
2026-05-29 08:59:10 transreid.train INFO: Epoch[1] Iter[160/227] Loss: 7.612, Acc: 0.001, Base Lr: 4.76e-05 | id_global: 3.277 tri_global: 4.335
2026-05-29 08:59:13 transreid.train INFO: Epoch[1] Iter[180/227] Loss: 7.452, Acc: 0.002, Base Lr: 4.76e-05 | id_global: 3.277 tri_global: 4.175
2026-05-29 08:59:17 transreid.train INFO: Epoch[1] Iter[200/227] Loss: 7.299, Acc: 0.002, Base Lr: 4.76e-05 | id_global: 3.277 tri_global: 4.022
2026-05-29 08:59:19 transreid.train INFO: Epoch 1 done. Time per epoch: 35.398[s] Speed: 383.3[samples/s] ETA: 1h10m
2026-05-29 08:59:23 transreid.train INFO: Epoch[2] Iter[20/227] Loss: 5.866, Acc: 0.003, Base Lr: 8.72e-05 | id_global: 3.276 tri_global: 2.590
2026-05-29 08:59:26 transreid.train INFO: Epoch[2] Iter[40/227] Loss: 5.787, Acc: 0.003, Base Lr: 8.72e-05 | id_global: 3.276 tri_global: 2.511
2026-05-29 08:59:29 transreid.train INFO: Epoch[2] Iter[60/227] Loss: 5.592, Acc: 0.003, Base Lr: 8.72e-05 | id_global: 3.276 tri_global: 2.317
2026-05-29 08:59:32 transreid.train INFO: Epoch[2] Iter[80/227] Loss: 5.419, Acc: 0.003, Base Lr: 8.72e-05 | id_global: 3.275 tri_global: 2.144
2026-05-29 08:59:36 transreid.train INFO: Epoch[2] Iter[100/227] Loss: 5.299, Acc: 0.003, Base Lr: 8.72e-05 | id_global: 3.275 tri_global: 2.024
2026-05-29 08:59:39 transreid.train INFO: Epoch[2] Iter[120/227] Loss: 5.200, Acc: 0.004, Base Lr: 8.72e-05 | id_global: 3.275 tri_global: 1.925
2026-05-29 08:59:42 transreid.train INFO: Epoch[2] Iter[140/227] Loss: 5.131, Acc: 0.004, Base Lr: 8.72e-05 | id_global: 3.274 tri_global: 1.856
2026-05-29 08:59:45 transreid.train INFO: Epoch[2] Iter[160/227] Loss: 5.052, Acc: 0.005, Base Lr: 8.72e-05 | id_global: 3.274 tri_global: 1.778
2026-05-29 08:59:48 transreid.train INFO: Epoch[2] Iter[180/227] Loss: 4.994, Acc: 0.006, Base Lr: 8.72e-05 | id_global: 3.274 tri_global: 1.720
2026-05-29 08:59:51 transreid.train INFO: Epoch[2] Iter[200/227] Loss: 4.946, Acc: 0.007, Base Lr: 8.72e-05 | id_global: 3.273 tri_global: 1.673
2026-05-29 08:59:53 transreid.train INFO: Epoch 2 done. Time per epoch: 34.656[s] Speed: 389.7[samples/s] ETA: 1h8m
2026-05-29 08:59:57 transreid.train INFO: Epoch[3] Iter[20/227] Loss: 4.301, Acc: 0.016, Base Lr: 1.27e-04 | id_global: 3.269 tri_global: 1.032
2026-05-29 09:00:01 transreid.train INFO: Epoch[3] Iter[40/227] Loss: 4.331, Acc: 0.020, Base Lr: 1.27e-04 | id_global: 3.268 tri_global: 1.063
2026-05-29 09:00:04 transreid.train INFO: Epoch[3] Iter[60/227] Loss: 4.290, Acc: 0.022, Base Lr: 1.27e-04 | id_global: 3.267 tri_global: 1.023
2026-05-29 09:00:07 transreid.train INFO: Epoch[3] Iter[80/227] Loss: 4.264, Acc: 0.024, Base Lr: 1.27e-04 | id_global: 3.267 tri_global: 0.997
2026-05-29 09:00:10 transreid.train INFO: Epoch[3] Iter[100/227] Loss: 4.234, Acc: 0.027, Base Lr: 1.27e-04 | id_global: 3.266 tri_global: 0.968
2026-05-29 09:00:13 transreid.train INFO: Epoch[3] Iter[120/227] Loss: 4.208, Acc: 0.032, Base Lr: 1.27e-04 | id_global: 3.265 tri_global: 0.943
2026-05-29 09:00:16 transreid.train INFO: Epoch[3] Iter[140/227] Loss: 4.194, Acc: 0.037, Base Lr: 1.27e-04 | id_global: 3.265 tri_global: 0.930
2026-05-29 09:00:20 transreid.train INFO: Epoch[3] Iter[160/227] Loss: 4.171, Acc: 0.040, Base Lr: 1.27e-04 | id_global: 3.264 tri_global: 0.907
2026-05-29 09:00:23 transreid.train INFO: Epoch[3] Iter[180/227] Loss: 4.153, Acc: 0.048, Base Lr: 1.27e-04 | id_global: 3.263 tri_global: 0.890
2026-05-29 09:00:26 transreid.train INFO: Epoch[3] Iter[200/227] Loss: 4.128, Acc: 0.063, Base Lr: 1.27e-04 | id_global: 3.261 tri_global: 0.867
2026-05-29 09:00:28 transreid.train INFO: Epoch 3 done. Time per epoch: 34.600[s] Speed: 390.3[samples/s] ETA: 1h7m
2026-05-29 09:00:32 transreid.train INFO: Epoch[4] Iter[20/227] Loss: 3.925, Acc: 0.078, Base Lr: 1.66e-04 | id_global: 3.254 tri_global: 0.671
2026-05-29 09:00:35 transreid.train INFO: Epoch[4] Iter[40/227] Loss: 3.897, Acc: 0.077, Base Lr: 1.66e-04 | id_global: 3.253 tri_global: 0.644
2026-05-29 09:00:38 transreid.train INFO: Epoch[4] Iter[60/227] Loss: 3.874, Acc: 0.090, Base Lr: 1.66e-04 | id_global: 3.251 tri_global: 0.623
2026-05-29 09:00:42 transreid.train INFO: Epoch[4] Iter[80/227] Loss: 3.859, Acc: 0.097, Base Lr: 1.66e-04 | id_global: 3.250 tri_global: 0.609
2026-05-29 09:00:45 transreid.train INFO: Epoch[4] Iter[100/227] Loss: 3.859, Acc: 0.105, Base Lr: 1.66e-04 | id_global: 3.249 tri_global: 0.611
2026-05-29 09:00:48 transreid.train INFO: Epoch[4] Iter[120/227] Loss: 3.847, Acc: 0.114, Base Lr: 1.66e-04 | id_global: 3.247 tri_global: 0.600
2026-05-29 09:00:51 transreid.train INFO: Epoch[4] Iter[140/227] Loss: 3.853, Acc: 0.127, Base Lr: 1.66e-04 | id_global: 3.245 tri_global: 0.608
2026-05-29 09:00:54 transreid.train INFO: Epoch[4] Iter[160/227] Loss: 3.845, Acc: 0.135, Base Lr: 1.66e-04 | id_global: 3.244 tri_global: 0.600
2026-05-29 09:00:58 transreid.train INFO: Epoch[4] Iter[180/227] Loss: 3.844, Acc: 0.146, Base Lr: 1.66e-04 | id_global: 3.242 tri_global: 0.601
2026-05-29 09:01:01 transreid.train INFO: Epoch[4] Iter[200/227] Loss: 3.838, Acc: 0.165, Base Lr: 1.66e-04 | id_global: 3.240 tri_global: 0.598
2026-05-29 09:01:03 transreid.train INFO: Epoch 4 done. Time per epoch: 34.874[s] Speed: 389.1[samples/s] ETA: 1h7m
2026-05-29 09:01:07 transreid.train INFO: Epoch[5] Iter[20/227] Loss: 3.811, Acc: 0.120, Base Lr: 2.06e-04 | id_global: 3.231 tri_global: 0.580
2026-05-29 09:01:10 transreid.train INFO: Epoch[5] Iter[40/227] Loss: 3.758, Acc: 0.135, Base Lr: 2.06e-04 | id_global: 3.227 tri_global: 0.532
2026-05-29 09:01:13 transreid.train INFO: Epoch[5] Iter[60/227] Loss: 3.734, Acc: 0.144, Base Lr: 2.06e-04 | id_global: 3.225 tri_global: 0.509
2026-05-29 09:01:16 transreid.train INFO: Epoch[5] Iter[80/227] Loss: 3.725, Acc: 0.147, Base Lr: 2.06e-04 | id_global: 3.223 tri_global: 0.503
2026-05-29 09:01:20 transreid.train INFO: Epoch[5] Iter[100/227] Loss: 3.727, Acc: 0.152, Base Lr: 2.06e-04 | id_global: 3.221 tri_global: 0.506
2026-05-29 09:01:23 transreid.train INFO: Epoch[5] Iter[120/227] Loss: 3.722, Acc: 0.157, Base Lr: 2.06e-04 | id_global: 3.219 tri_global: 0.503
2026-05-29 09:01:26 transreid.train INFO: Epoch[5] Iter[140/227] Loss: 3.719, Acc: 0.163, Base Lr: 2.06e-04 | id_global: 3.217 tri_global: 0.502
2026-05-29 09:01:29 transreid.train INFO: Epoch[5] Iter[160/227] Loss: 3.710, Acc: 0.177, Base Lr: 2.06e-04 | id_global: 3.215 tri_global: 0.495
2026-05-29 09:01:32 transreid.train INFO: Epoch[5] Iter[180/227] Loss: 3.701, Acc: 0.195, Base Lr: 2.06e-04 | id_global: 3.211 tri_global: 0.490
2026-05-29 09:01:36 transreid.train INFO: Epoch[5] Iter[200/227] Loss: 3.694, Acc: 0.222, Base Lr: 2.06e-04 | id_global: 3.205 tri_global: 0.488
2026-05-29 09:01:37 transreid.train INFO: Epoch 5 done. Time per epoch: 34.686[s] Speed: 389.3[samples/s] ETA: 1h6m
2026-05-29 09:01:42 transreid.train INFO: Epoch[6] Iter[20/227] Loss: 3.613, Acc: 0.120, Base Lr: 2.46e-04 | id_global: 3.196 tri_global: 0.417
2026-05-29 09:01:45 transreid.train INFO: Epoch[6] Iter[40/227] Loss: 3.593, Acc: 0.125, Base Lr: 2.46e-04 | id_global: 3.193 tri_global: 0.399
2026-05-29 09:01:48 transreid.train INFO: Epoch[6] Iter[60/227] Loss: 3.616, Acc: 0.135, Base Lr: 2.46e-04 | id_global: 3.190 tri_global: 0.426
2026-05-29 09:01:51 transreid.train INFO: Epoch[6] Iter[80/227] Loss: 3.609, Acc: 0.144, Base Lr: 2.46e-04 | id_global: 3.188 tri_global: 0.421
2026-05-29 09:01:54 transreid.train INFO: Epoch[6] Iter[100/227] Loss: 3.596, Acc: 0.159, Base Lr: 2.46e-04 | id_global: 3.184 tri_global: 0.413
2026-05-29 09:01:58 transreid.train INFO: Epoch[6] Iter[120/227] Loss: 3.584, Acc: 0.177, Base Lr: 2.46e-04 | id_global: 3.180 tri_global: 0.404
2026-05-29 09:02:01 transreid.train INFO: Epoch[6] Iter[140/227] Loss: 3.573, Acc: 0.187, Base Lr: 2.46e-04 | id_global: 3.176 tri_global: 0.397
2026-05-29 09:02:04 transreid.train INFO: Epoch[6] Iter[160/227] Loss: 3.577, Acc: 0.197, Base Lr: 2.46e-04 | id_global: 3.173 tri_global: 0.404
2026-05-29 09:02:07 transreid.train INFO: Epoch[6] Iter[180/227] Loss: 3.571, Acc: 0.210, Base Lr: 2.46e-04 | id_global: 3.168 tri_global: 0.403
2026-05-29 09:02:10 transreid.train INFO: Epoch[6] Iter[200/227] Loss: 3.570, Acc: 0.236, Base Lr: 2.46e-04 | id_global: 3.160 tri_global: 0.409
2026-05-29 09:02:12 transreid.train INFO: Epoch 6 done. Time per epoch: 34.984[s] Speed: 389.7[samples/s] ETA: 1h6m
2026-05-29 09:02:17 transreid.train INFO: Epoch[7] Iter[20/227] Loss: 3.484, Acc: 0.154, Base Lr: 2.85e-04 | id_global: 3.146 tri_global: 0.338
2026-05-29 09:02:20 transreid.train INFO: Epoch[7] Iter[40/227] Loss: 3.511, Acc: 0.143, Base Lr: 2.85e-04 | id_global: 3.146 tri_global: 0.365
2026-05-29 09:02:23 transreid.train INFO: Epoch[7] Iter[60/227] Loss: 3.518, Acc: 0.151, Base Lr: 2.85e-04 | id_global: 3.141 tri_global: 0.377
2026-05-29 09:02:26 transreid.train INFO: Epoch[7] Iter[80/227] Loss: 3.509, Acc: 0.157, Base Lr: 2.85e-04 | id_global: 3.136 tri_global: 0.372
2026-05-29 09:02:29 transreid.train INFO: Epoch[7] Iter[100/227] Loss: 3.508, Acc: 0.157, Base Lr: 2.85e-04 | id_global: 3.134 tri_global: 0.374
2026-05-29 09:02:33 transreid.train INFO: Epoch[7] Iter[120/227] Loss: 3.505, Acc: 0.164, Base Lr: 2.85e-04 | id_global: 3.131 tri_global: 0.374
2026-05-29 09:02:36 transreid.train INFO: Epoch[7] Iter[140/227] Loss: 3.498, Acc: 0.177, Base Lr: 2.85e-04 | id_global: 3.126 tri_global: 0.371
2026-05-29 09:02:39 transreid.train INFO: Epoch[7] Iter[160/227] Loss: 3.491, Acc: 0.190, Base Lr: 2.85e-04 | id_global: 3.120 tri_global: 0.371
2026-05-29 09:02:42 transreid.train INFO: Epoch[7] Iter[180/227] Loss: 3.476, Acc: 0.204, Base Lr: 2.85e-04 | id_global: 3.113 tri_global: 0.364
2026-05-29 09:02:45 transreid.train INFO: Epoch[7] Iter[200/227] Loss: 3.460, Acc: 0.229, Base Lr: 2.85e-04 | id_global: 3.101 tri_global: 0.359
2026-05-29 09:02:47 transreid.train INFO: Epoch 7 done. Time per epoch: 34.735[s] Speed: 388.8[samples/s] ETA: 1h5m
2026-05-29 09:02:51 transreid.train INFO: Epoch[8] Iter[20/227] Loss: 3.390, Acc: 0.161, Base Lr: 3.25e-04 | id_global: 3.083 tri_global: 0.306
2026-05-29 09:02:55 transreid.train INFO: Epoch[8] Iter[40/227] Loss: 3.402, Acc: 0.152, Base Lr: 3.25e-04 | id_global: 3.081 tri_global: 0.321
2026-05-29 09:02:58 transreid.train INFO: Epoch[8] Iter[60/227] Loss: 3.396, Acc: 0.161, Base Lr: 3.25e-04 | id_global: 3.075 tri_global: 0.320
2026-05-29 09:03:01 transreid.train INFO: Epoch[8] Iter[80/227] Loss: 3.386, Acc: 0.166, Base Lr: 3.25e-04 | id_global: 3.073 tri_global: 0.313
2026-05-29 09:03:04 transreid.train INFO: Epoch[8] Iter[100/227] Loss: 3.393, Acc: 0.170, Base Lr: 3.25e-04 | id_global: 3.069 tri_global: 0.325
2026-05-29 09:03:07 transreid.train INFO: Epoch[8] Iter[120/227] Loss: 3.384, Acc: 0.178, Base Lr: 3.25e-04 | id_global: 3.063 tri_global: 0.321
2026-05-29 09:03:10 transreid.train INFO: Epoch[8] Iter[140/227] Loss: 3.378, Acc: 0.183, Base Lr: 3.25e-04 | id_global: 3.058 tri_global: 0.320
2026-05-29 09:03:14 transreid.train INFO: Epoch[8] Iter[160/227] Loss: 3.371, Acc: 0.194, Base Lr: 3.25e-04 | id_global: 3.051 tri_global: 0.319
2026-05-29 09:03:17 transreid.train INFO: Epoch[8] Iter[180/227] Loss: 3.363, Acc: 0.206, Base Lr: 3.25e-04 | id_global: 3.042 tri_global: 0.322
2026-05-29 09:03:20 transreid.train INFO: Epoch[8] Iter[200/227] Loss: 3.342, Acc: 0.232, Base Lr: 3.25e-04 | id_global: 3.025 tri_global: 0.318
2026-05-29 09:03:22 transreid.train INFO: Epoch 8 done. Time per epoch: 34.867[s] Speed: 389.1[samples/s] ETA: 1h5m
2026-05-29 09:03:26 transreid.train INFO: Epoch[9] Iter[20/227] Loss: 3.314, Acc: 0.144, Base Lr: 3.64e-04 | id_global: 3.010 tri_global: 0.303
2026-05-29 09:03:29 transreid.train INFO: Epoch[9] Iter[40/227] Loss: 3.330, Acc: 0.142, Base Lr: 3.64e-04 | id_global: 3.009 tri_global: 0.321
2026-05-29 09:03:33 transreid.train INFO: Epoch[9] Iter[60/227] Loss: 3.318, Acc: 0.143, Base Lr: 3.64e-04 | id_global: 3.007 tri_global: 0.311
2026-05-29 09:03:36 transreid.train INFO: Epoch[9] Iter[80/227] Loss: 3.312, Acc: 0.146, Base Lr: 3.64e-04 | id_global: 3.003 tri_global: 0.309
2026-05-29 09:03:39 transreid.train INFO: Epoch[9] Iter[100/227] Loss: 3.297, Acc: 0.156, Base Lr: 3.64e-04 | id_global: 2.993 tri_global: 0.305
2026-05-29 09:03:42 transreid.train INFO: Epoch[9] Iter[120/227] Loss: 3.293, Acc: 0.165, Base Lr: 3.64e-04 | id_global: 2.986 tri_global: 0.308
2026-05-29 09:03:45 transreid.train INFO: Epoch[9] Iter[140/227] Loss: 3.288, Acc: 0.173, Base Lr: 3.64e-04 | id_global: 2.978 tri_global: 0.311
2026-05-29 09:03:49 transreid.train INFO: Epoch[9] Iter[160/227] Loss: 3.278, Acc: 0.184, Base Lr: 3.64e-04 | id_global: 2.969 tri_global: 0.309
2026-05-29 09:03:52 transreid.train INFO: Epoch[9] Iter[180/227] Loss: 3.264, Acc: 0.200, Base Lr: 3.64e-04 | id_global: 2.958 tri_global: 0.306
2026-05-29 09:03:55 transreid.train INFO: Epoch[9] Iter[200/227] Loss: 3.241, Acc: 0.225, Base Lr: 3.64e-04 | id_global: 2.936 tri_global: 0.305
2026-05-29 09:03:57 transreid.train INFO: Epoch 9 done. Time per epoch: 34.695[s] Speed: 389.2[samples/s] ETA: 1h4m
2026-05-29 09:04:01 transreid.train INFO: Epoch[10] Iter[20/227] Loss: 3.187, Acc: 0.154, Base Lr: 4.04e-04 | id_global: 2.929 tri_global: 0.258
2026-05-29 09:04:04 transreid.train INFO: Epoch[10] Iter[40/227] Loss: 3.199, Acc: 0.146, Base Lr: 4.04e-04 | id_global: 2.935 tri_global: 0.264
2026-05-29 09:04:07 transreid.train INFO: Epoch[10] Iter[60/227] Loss: 3.214, Acc: 0.144, Base Lr: 4.04e-04 | id_global: 2.933 tri_global: 0.282
2026-05-29 09:04:10 transreid.train INFO: Epoch[10] Iter[80/227] Loss: 3.204, Acc: 0.154, Base Lr: 4.04e-04 | id_global: 2.926 tri_global: 0.278
2026-05-29 09:04:14 transreid.train INFO: Epoch[10] Iter[100/227] Loss: 3.193, Acc: 0.158, Base Lr: 4.04e-04 | id_global: 2.919 tri_global: 0.274
2026-05-29 09:04:17 transreid.train INFO: Epoch[10] Iter[120/227] Loss: 3.187, Acc: 0.166, Base Lr: 4.04e-04 | id_global: 2.910 tri_global: 0.277
2026-05-29 09:04:20 transreid.train INFO: Epoch[10] Iter[140/227] Loss: 3.179, Acc: 0.177, Base Lr: 4.04e-04 | id_global: 2.899 tri_global: 0.280
2026-05-29 09:04:23 transreid.train INFO: Epoch[10] Iter[160/227] Loss: 3.169, Acc: 0.188, Base Lr: 4.04e-04 | id_global: 2.886 tri_global: 0.282
2026-05-29 09:04:26 transreid.train INFO: Epoch[10] Iter[180/227] Loss: 3.151, Acc: 0.203, Base Lr: 4.04e-04 | id_global: 2.869 tri_global: 0.282
2026-05-29 09:04:30 transreid.train INFO: Epoch[10] Iter[200/227] Loss: 3.123, Acc: 0.229, Base Lr: 4.04e-04 | id_global: 2.842 tri_global: 0.281
2026-05-29 09:04:32 transreid.train INFO: Epoch 10 done. Time per epoch: 35.040[s] Speed: 389.0[samples/s] ETA: 1h4m
2026-05-29 09:04:32 transreid.train INFO: Eval protocol: flip_test=True feat_norm=yes
The test feature is normalized
=> Computing DistMat with euclidean_distance
2026-05-29 09:05:20 transreid.train INFO: Validation Results - Epoch: 10
2026-05-29 09:05:20 transreid.train INFO: mAP: 36.3%
2026-05-29 09:05:20 transreid.train INFO: CMC curve, Rank-1  :44.3%
2026-05-29 09:05:20 transreid.train INFO: CMC curve, Rank-5  :60.6%
2026-05-29 09:05:20 transreid.train INFO: CMC curve, Rank-10 :67.3%
/home/afr/SOLIDER-REID/utils/metrics.py:66: UserWarning: This overload of addmm_ is deprecated:
	addmm_(Number beta, Number alpha, Tensor mat1, Tensor mat2)
Consider using one of the following signatures instead:
	addmm_(Tensor mat1, Tensor mat2, *, Number beta, Number alpha) (Triggered internally at /opt/conda/conda-bld/pytorch_1670525541702/work/torch/csrc/utils/python_arg_parser.cpp:1420.)
  dist_mat.addmm_(1, -2, qf, gf.t())
2026-05-29 09:05:24 transreid.train INFO: Epoch[11] Iter[20/227] Loss: 3.117, Acc: 0.155, Base Lr: 4.44e-04 | id_global: 2.839 tri_global: 0.278
2026-05-29 09:05:27 transreid.train INFO: Epoch[11] Iter[40/227] Loss: 3.100, Acc: 0.145, Base Lr: 4.44e-04 | id_global: 2.834 tri_global: 0.267
2026-05-29 09:05:30 transreid.train INFO: Epoch[11] Iter[60/227] Loss: 3.083, Acc: 0.147, Base Lr: 4.44e-04 | id_global: 2.826 tri_global: 0.257
2026-05-29 09:05:33 transreid.train INFO: Epoch[11] Iter[80/227] Loss: 3.087, Acc: 0.143, Base Lr: 4.44e-04 | id_global: 2.827 tri_global: 0.261
2026-05-29 09:05:36 transreid.train INFO: Epoch[11] Iter[100/227] Loss: 3.073, Acc: 0.152, Base Lr: 4.44e-04 | id_global: 2.814 tri_global: 0.259
2026-05-29 09:05:40 transreid.train INFO: Epoch[11] Iter[120/227] Loss: 3.062, Acc: 0.158, Base Lr: 4.44e-04 | id_global: 2.807 tri_global: 0.255
2026-05-29 09:05:43 transreid.train INFO: Epoch[11] Iter[140/227] Loss: 3.049, Acc: 0.164, Base Lr: 4.44e-04 | id_global: 2.795 tri_global: 0.254
2026-05-29 09:05:46 transreid.train INFO: Epoch[11] Iter[160/227] Loss: 3.033, Acc: 0.175, Base Lr: 4.44e-04 | id_global: 2.778 tri_global: 0.254
2026-05-29 09:05:49 transreid.train INFO: Epoch[11] Iter[180/227] Loss: 3.014, Acc: 0.190, Base Lr: 4.44e-04 | id_global: 2.759 tri_global: 0.255
2026-05-29 09:05:52 transreid.train INFO: Epoch[11] Iter[200/227] Loss: 2.977, Acc: 0.218, Base Lr: 4.44e-04 | id_global: 2.721 tri_global: 0.256
2026-05-29 09:05:54 transreid.train INFO: Epoch 11 done. Time per epoch: 34.614[s] Speed: 392.0[samples/s] ETA: 1h2m
2026-05-29 09:05:59 transreid.train INFO: Epoch[12] Iter[20/227] Loss: 3.043, Acc: 0.125, Base Lr: 4.83e-04 | id_global: 2.770 tri_global: 0.273
2026-05-29 09:06:02 transreid.train INFO: Epoch[12] Iter[40/227] Loss: 3.019, Acc: 0.123, Base Lr: 4.83e-04 | id_global: 2.762 tri_global: 0.257
2026-05-29 09:06:05 transreid.train INFO: Epoch[12] Iter[60/227] Loss: 3.004, Acc: 0.127, Base Lr: 4.83e-04 | id_global: 2.751 tri_global: 0.253
2026-05-29 09:06:08 transreid.train INFO: Epoch[12] Iter[80/227] Loss: 2.983, Acc: 0.130, Base Lr: 4.83e-04 | id_global: 2.736 tri_global: 0.248
2026-05-29 09:06:11 transreid.train INFO: Epoch[12] Iter[100/227] Loss: 2.978, Acc: 0.139, Base Lr: 4.83e-04 | id_global: 2.725 tri_global: 0.252
2026-05-29 09:06:14 transreid.train INFO: Epoch[12] Iter[120/227] Loss: 2.954, Acc: 0.146, Base Lr: 4.83e-04 | id_global: 2.710 tri_global: 0.244
2026-05-29 09:06:18 transreid.train INFO: Epoch[12] Iter[140/227] Loss: 2.935, Acc: 0.161, Base Lr: 4.83e-04 | id_global: 2.689 tri_global: 0.246
2026-05-29 09:06:21 transreid.train INFO: Epoch[12] Iter[160/227] Loss: 2.926, Acc: 0.170, Base Lr: 4.83e-04 | id_global: 2.673 tri_global: 0.253
2026-05-29 09:06:24 transreid.train INFO: Epoch[12] Iter[180/227] Loss: 2.898, Acc: 0.193, Base Lr: 4.83e-04 | id_global: 2.645 tri_global: 0.253
2026-05-29 09:06:27 transreid.train INFO: Epoch[12] Iter[200/227] Loss: 2.858, Acc: 0.224, Base Lr: 4.83e-04 | id_global: 2.603 tri_global: 0.255
2026-05-29 09:06:29 transreid.train INFO: Epoch 12 done. Time per epoch: 34.707[s] Speed: 389.1[samples/s] ETA: 1h2m
2026-05-29 09:06:33 transreid.train INFO: Epoch[13] Iter[20/227] Loss: 2.937, Acc: 0.091, Base Lr: 5.23e-04 | id_global: 2.704 tri_global: 0.232
2026-05-29 09:06:36 transreid.train INFO: Epoch[13] Iter[40/227] Loss: 2.906, Acc: 0.123, Base Lr: 5.23e-04 | id_global: 2.672 tri_global: 0.234
2026-05-29 09:06:40 transreid.train INFO: Epoch[13] Iter[60/227] Loss: 2.881, Acc: 0.132, Base Lr: 5.23e-04 | id_global: 2.651 tri_global: 0.230
2026-05-29 09:06:43 transreid.train INFO: Epoch[13] Iter[80/227] Loss: 2.858, Acc: 0.148, Base Lr: 5.23e-04 | id_global: 2.627 tri_global: 0.231
2026-05-29 09:06:46 transreid.train INFO: Epoch[13] Iter[100/227] Loss: 2.848, Acc: 0.154, Base Lr: 5.23e-04 | id_global: 2.611 tri_global: 0.237
2026-05-29 09:06:49 transreid.train INFO: Epoch[13] Iter[120/227] Loss: 2.822, Acc: 0.169, Base Lr: 5.23e-04 | id_global: 2.586 tri_global: 0.236
2026-05-29 09:06:52 transreid.train INFO: Epoch[13] Iter[140/227] Loss: 2.806, Acc: 0.184, Base Lr: 5.23e-04 | id_global: 2.567 tri_global: 0.239
2026-05-29 09:06:55 transreid.train INFO: Epoch[13] Iter[160/227] Loss: 2.788, Acc: 0.196, Base Lr: 5.23e-04 | id_global: 2.547 tri_global: 0.242
2026-05-29 09:06:59 transreid.train INFO: Epoch[13] Iter[180/227] Loss: 2.747, Acc: 0.218, Base Lr: 5.23e-04 | id_global: 2.512 tri_global: 0.235
2026-05-29 09:07:02 transreid.train INFO: Epoch[13] Iter[200/227] Loss: 2.705, Acc: 0.245, Base Lr: 5.23e-04 | id_global: 2.468 tri_global: 0.237
2026-05-29 09:07:04 transreid.train INFO: Epoch 13 done. Time per epoch: 34.676[s] Speed: 389.4[samples/s] ETA: 1h1m
2026-05-29 09:07:08 transreid.train INFO: Epoch[14] Iter[20/227] Loss: 2.742, Acc: 0.166, Base Lr: 5.62e-04 | id_global: 2.518 tri_global: 0.224
2026-05-29 09:07:11 transreid.train INFO: Epoch[14] Iter[40/227] Loss: 2.725, Acc: 0.164, Base Lr: 5.62e-04 | id_global: 2.511 tri_global: 0.214
2026-05-29 09:07:14 transreid.train INFO: Epoch[14] Iter[60/227] Loss: 2.750, Acc: 0.164, Base Lr: 5.62e-04 | id_global: 2.515 tri_global: 0.235
2026-05-29 09:07:17 transreid.train INFO: Epoch[14] Iter[80/227] Loss: 2.730, Acc: 0.179, Base Lr: 5.62e-04 | id_global: 2.497 tri_global: 0.233
2026-05-29 09:07:21 transreid.train INFO: Epoch[14] Iter[100/227] Loss: 2.718, Acc: 0.187, Base Lr: 5.62e-04 | id_global: 2.484 tri_global: 0.234
2026-05-29 09:07:24 transreid.train INFO: Epoch[14] Iter[120/227] Loss: 2.696, Acc: 0.202, Base Lr: 5.62e-04 | id_global: 2.465 tri_global: 0.231
2026-05-29 09:07:27 transreid.train INFO: Epoch[14] Iter[140/227] Loss: 2.682, Acc: 0.211, Base Lr: 5.62e-04 | id_global: 2.450 tri_global: 0.232
2026-05-29 09:07:30 transreid.train INFO: Epoch[14] Iter[160/227] Loss: 2.661, Acc: 0.227, Base Lr: 5.62e-04 | id_global: 2.429 tri_global: 0.233
2026-05-29 09:07:33 transreid.train INFO: Epoch[14] Iter[180/227] Loss: 2.633, Acc: 0.243, Base Lr: 5.62e-04 | id_global: 2.401 tri_global: 0.233
2026-05-29 09:07:36 transreid.train INFO: Epoch[14] Iter[200/227] Loss: 2.577, Acc: 0.274, Base Lr: 5.62e-04 | id_global: 2.348 tri_global: 0.229
2026-05-29 09:07:38 transreid.train INFO: Epoch 14 done. Time per epoch: 34.796[s] Speed: 389.9[samples/s] ETA: 1h1m
2026-05-29 09:07:43 transreid.train INFO: Epoch[15] Iter[20/227] Loss: 2.668, Acc: 0.179, Base Lr: 6.02e-04 | id_global: 2.432 tri_global: 0.236
2026-05-29 09:07:46 transreid.train INFO: Epoch[15] Iter[40/227] Loss: 2.618, Acc: 0.175, Base Lr: 6.02e-04 | id_global: 2.403 tri_global: 0.215
2026-05-29 09:07:49 transreid.train INFO: Epoch[15] Iter[60/227] Loss: 2.603, Acc: 0.191, Base Lr: 6.02e-04 | id_global: 2.384 tri_global: 0.219
2026-05-29 09:07:52 transreid.train INFO: Epoch[15] Iter[80/227] Loss: 2.589, Acc: 0.202, Base Lr: 6.02e-04 | id_global: 2.360 tri_global: 0.229
2026-05-29 09:07:55 transreid.train INFO: Epoch[15] Iter[100/227] Loss: 2.584, Acc: 0.206, Base Lr: 6.02e-04 | id_global: 2.357 tri_global: 0.227
2026-05-29 09:07:59 transreid.train INFO: Epoch[15] Iter[120/227] Loss: 2.568, Acc: 0.217, Base Lr: 6.02e-04 | id_global: 2.344 tri_global: 0.225
2026-05-29 09:08:02 transreid.train INFO: Epoch[15] Iter[140/227] Loss: 2.544, Acc: 0.234, Base Lr: 6.02e-04 | id_global: 2.318 tri_global: 0.226
2026-05-29 09:08:05 transreid.train INFO: Epoch[15] Iter[160/227] Loss: 2.510, Acc: 0.254, Base Lr: 6.02e-04 | id_global: 2.286 tri_global: 0.224
2026-05-29 09:08:08 transreid.train INFO: Epoch[15] Iter[180/227] Loss: 2.475, Acc: 0.277, Base Lr: 6.02e-04 | id_global: 2.252 tri_global: 0.222
2026-05-29 09:08:11 transreid.train INFO: Epoch[15] Iter[200/227] Loss: 2.415, Acc: 0.308, Base Lr: 6.02e-04 | id_global: 2.199 tri_global: 0.216
2026-05-29 09:08:13 transreid.train INFO: Epoch 15 done. Time per epoch: 34.791[s] Speed: 390.0[samples/s] ETA: 1h0m
2026-05-29 09:08:17 transreid.train INFO: Epoch[16] Iter[20/227] Loss: 2.512, Acc: 0.223, Base Lr: 6.42e-04 | id_global: 2.308 tri_global: 0.205
2026-05-29 09:08:21 transreid.train INFO: Epoch[16] Iter[40/227] Loss: 2.482, Acc: 0.232, Base Lr: 6.42e-04 | id_global: 2.272 tri_global: 0.209
2026-05-29 09:08:24 transreid.train INFO: Epoch[16] Iter[60/227] Loss: 2.465, Acc: 0.249, Base Lr: 6.42e-04 | id_global: 2.256 tri_global: 0.209
2026-05-29 09:08:27 transreid.train INFO: Epoch[16] Iter[80/227] Loss: 2.456, Acc: 0.251, Base Lr: 6.42e-04 | id_global: 2.245 tri_global: 0.211
2026-05-29 09:08:30 transreid.train INFO: Epoch[16] Iter[100/227] Loss: 2.442, Acc: 0.258, Base Lr: 6.42e-04 | id_global: 2.236 tri_global: 0.206
2026-05-29 09:08:33 transreid.train INFO: Epoch[16] Iter[120/227] Loss: 2.425, Acc: 0.270, Base Lr: 6.42e-04 | id_global: 2.215 tri_global: 0.210
2026-05-29 09:08:36 transreid.train INFO: Epoch[16] Iter[140/227] Loss: 2.400, Acc: 0.282, Base Lr: 6.42e-04 | id_global: 2.194 tri_global: 0.206
2026-05-29 09:08:40 transreid.train INFO: Epoch[16] Iter[160/227] Loss: 2.367, Acc: 0.297, Base Lr: 6.42e-04 | id_global: 2.165 tri_global: 0.202
2026-05-29 09:08:43 transreid.train INFO: Epoch[16] Iter[180/227] Loss: 2.324, Acc: 0.325, Base Lr: 6.42e-04 | id_global: 2.125 tri_global: 0.199
2026-05-29 09:08:46 transreid.train INFO: Epoch[16] Iter[200/227] Loss: 2.266, Acc: 0.356, Base Lr: 6.42e-04 | id_global: 2.066 tri_global: 0.200
2026-05-29 09:08:48 transreid.train INFO: Epoch 16 done. Time per epoch: 34.641[s] Speed: 389.8[samples/s] ETA: 1h0m
2026-05-29 09:08:52 transreid.train INFO: Epoch[17] Iter[20/227] Loss: 2.428, Acc: 0.213, Base Lr: 6.81e-04 | id_global: 2.206 tri_global: 0.221
2026-05-29 09:08:55 transreid.train INFO: Epoch[17] Iter[40/227] Loss: 2.429, Acc: 0.231, Base Lr: 6.81e-04 | id_global: 2.190 tri_global: 0.239
2026-05-29 09:08:58 transreid.train INFO: Epoch[17] Iter[60/227] Loss: 2.386, Acc: 0.254, Base Lr: 6.81e-04 | id_global: 2.166 tri_global: 0.220
2026-05-29 09:09:02 transreid.train INFO: Epoch[17] Iter[80/227] Loss: 2.354, Acc: 0.269, Base Lr: 6.81e-04 | id_global: 2.144 tri_global: 0.210
2026-05-29 09:09:05 transreid.train INFO: Epoch[17] Iter[100/227] Loss: 2.332, Acc: 0.290, Base Lr: 6.81e-04 | id_global: 2.119 tri_global: 0.213
2026-05-29 09:09:08 transreid.train INFO: Epoch[17] Iter[120/227] Loss: 2.312, Acc: 0.300, Base Lr: 6.81e-04 | id_global: 2.097 tri_global: 0.215
2026-05-29 09:09:11 transreid.train INFO: Epoch[17] Iter[140/227] Loss: 2.274, Acc: 0.319, Base Lr: 6.81e-04 | id_global: 2.065 tri_global: 0.208
2026-05-29 09:09:14 transreid.train INFO: Epoch[17] Iter[160/227] Loss: 2.242, Acc: 0.338, Base Lr: 6.81e-04 | id_global: 2.037 tri_global: 0.205
2026-05-29 09:09:18 transreid.train INFO: Epoch[17] Iter[180/227] Loss: 2.201, Acc: 0.362, Base Lr: 6.81e-04 | id_global: 1.998 tri_global: 0.203
2026-05-29 09:09:21 transreid.train INFO: Epoch[17] Iter[200/227] Loss: 2.138, Acc: 0.396, Base Lr: 6.81e-04 | id_global: 1.940 tri_global: 0.199
2026-05-29 09:09:23 transreid.train INFO: Epoch 17 done. Time per epoch: 34.800[s] Speed: 389.9[samples/s] ETA: 0h59m
2026-05-29 09:09:27 transreid.train INFO: Epoch[18] Iter[20/227] Loss: 2.196, Acc: 0.322, Base Lr: 7.21e-04 | id_global: 2.034 tri_global: 0.162
2026-05-29 09:09:30 transreid.train INFO: Epoch[18] Iter[40/227] Loss: 2.233, Acc: 0.314, Base Lr: 7.21e-04 | id_global: 2.047 tri_global: 0.186
2026-05-29 09:09:33 transreid.train INFO: Epoch[18] Iter[60/227] Loss: 2.249, Acc: 0.309, Base Lr: 7.21e-04 | id_global: 2.054 tri_global: 0.195
2026-05-29 09:09:36 transreid.train INFO: Epoch[18] Iter[80/227] Loss: 2.234, Acc: 0.324, Base Lr: 7.21e-04 | id_global: 2.033 tri_global: 0.201
2026-05-29 09:09:40 transreid.train INFO: Epoch[18] Iter[100/227] Loss: 2.215, Acc: 0.343, Base Lr: 7.21e-04 | id_global: 2.013 tri_global: 0.202
2026-05-29 09:09:43 transreid.train INFO: Epoch[18] Iter[120/227] Loss: 2.184, Acc: 0.360, Base Lr: 7.21e-04 | id_global: 1.983 tri_global: 0.202
2026-05-29 09:09:46 transreid.train INFO: Epoch[18] Iter[140/227] Loss: 2.142, Acc: 0.382, Base Lr: 7.21e-04 | id_global: 1.943 tri_global: 0.199
2026-05-29 09:09:49 transreid.train INFO: Epoch[18] Iter[160/227] Loss: 2.102, Acc: 0.402, Base Lr: 7.21e-04 | id_global: 1.908 tri_global: 0.195
2026-05-29 09:09:52 transreid.train INFO: Epoch[18] Iter[180/227] Loss: 2.067, Acc: 0.424, Base Lr: 7.21e-04 | id_global: 1.871 tri_global: 0.196
2026-05-29 09:09:55 transreid.train INFO: Epoch[18] Iter[200/227] Loss: 1.998, Acc: 0.456, Base Lr: 7.21e-04 | id_global: 1.805 tri_global: 0.193
2026-05-29 09:09:58 transreid.train INFO: Epoch 18 done. Time per epoch: 34.943[s] Speed: 390.1[samples/s] ETA: 0h59m
2026-05-29 09:10:02 transreid.train INFO: Epoch[19] Iter[20/227] Loss: 2.154, Acc: 0.314, Base Lr: 7.60e-04 | id_global: 1.938 tri_global: 0.216
2026-05-29 09:10:05 transreid.train INFO: Epoch[19] Iter[40/227] Loss: 2.109, Acc: 0.334, Base Lr: 7.60e-04 | id_global: 1.921 tri_global: 0.187
2026-05-29 09:10:08 transreid.train INFO: Epoch[19] Iter[60/227] Loss: 2.085, Acc: 0.350, Base Lr: 7.60e-04 | id_global: 1.903 tri_global: 0.182
2026-05-29 09:10:11 transreid.train INFO: Epoch[19] Iter[80/227] Loss: 2.055, Acc: 0.369, Base Lr: 7.60e-04 | id_global: 1.881 tri_global: 0.174
2026-05-29 09:10:15 transreid.train INFO: Epoch[19] Iter[100/227] Loss: 2.034, Acc: 0.390, Base Lr: 7.60e-04 | id_global: 1.852 tri_global: 0.182
2026-05-29 09:10:18 transreid.train INFO: Epoch[19] Iter[120/227] Loss: 2.008, Acc: 0.411, Base Lr: 7.60e-04 | id_global: 1.823 tri_global: 0.185
2026-05-29 09:10:21 transreid.train INFO: Epoch[19] Iter[140/227] Loss: 1.981, Acc: 0.433, Base Lr: 7.60e-04 | id_global: 1.794 tri_global: 0.187
2026-05-29 09:10:24 transreid.train INFO: Epoch[19] Iter[160/227] Loss: 1.968, Acc: 0.449, Base Lr: 7.60e-04 | id_global: 1.776 tri_global: 0.192
2026-05-29 09:10:27 transreid.train INFO: Epoch[19] Iter[180/227] Loss: 1.920, Acc: 0.474, Base Lr: 7.60e-04 | id_global: 1.733 tri_global: 0.188
2026-05-29 09:10:30 transreid.train INFO: Epoch[19] Iter[200/227] Loss: 1.868, Acc: 0.501, Base Lr: 7.60e-04 | id_global: 1.678 tri_global: 0.190
2026-05-29 09:10:32 transreid.train INFO: Epoch 19 done. Time per epoch: 34.652[s] Speed: 389.7[samples/s] ETA: 0h58m
2026-05-29 09:10:36 transreid.train INFO: Epoch[20] Iter[20/227] Loss: 1.907, Acc: 0.424, Base Lr: 7.47e-04 | id_global: 1.759 tri_global: 0.147
2026-05-29 09:10:40 transreid.train INFO: Epoch[20] Iter[40/227] Loss: 1.917, Acc: 0.429, Base Lr: 7.47e-04 | id_global: 1.768 tri_global: 0.149
2026-05-29 09:10:43 transreid.train INFO: Epoch[20] Iter[60/227] Loss: 1.882, Acc: 0.451, Base Lr: 7.47e-04 | id_global: 1.737 tri_global: 0.145
2026-05-29 09:10:46 transreid.train INFO: Epoch[20] Iter[80/227] Loss: 1.882, Acc: 0.457, Base Lr: 7.47e-04 | id_global: 1.735 tri_global: 0.147
2026-05-29 09:10:49 transreid.train INFO: Epoch[20] Iter[100/227] Loss: 1.884, Acc: 0.457, Base Lr: 7.47e-04 | id_global: 1.736 tri_global: 0.148
2026-05-29 09:10:52 transreid.train INFO: Epoch[20] Iter[120/227] Loss: 1.853, Acc: 0.476, Base Lr: 7.47e-04 | id_global: 1.705 tri_global: 0.148
2026-05-29 09:10:56 transreid.train INFO: Epoch[20] Iter[140/227] Loss: 1.834, Acc: 0.489, Base Lr: 7.47e-04 | id_global: 1.681 tri_global: 0.153
2026-05-29 09:10:59 transreid.train INFO: Epoch[20] Iter[160/227] Loss: 1.806, Acc: 0.507, Base Lr: 7.47e-04 | id_global: 1.650 tri_global: 0.156
2026-05-29 09:11:02 transreid.train INFO: Epoch[20] Iter[180/227] Loss: 1.759, Acc: 0.535, Base Lr: 7.47e-04 | id_global: 1.601 tri_global: 0.158
2026-05-29 09:11:05 transreid.train INFO: Epoch[20] Iter[200/227] Loss: 1.700, Acc: 0.561, Base Lr: 7.47e-04 | id_global: 1.546 tri_global: 0.154
2026-05-29 09:11:07 transreid.train INFO: Epoch 20 done. Time per epoch: 34.686[s] Speed: 389.3[samples/s] ETA: 0h57m
The test feature is normalized
=> Computing DistMat with euclidean_distance
2026-05-29 09:11:55 transreid.train INFO: Validation Results - Epoch: 20
2026-05-29 09:11:55 transreid.train INFO: mAP: 42.2%
2026-05-29 09:11:55 transreid.train INFO: CMC curve, Rank-1  :51.1%
2026-05-29 09:11:55 transreid.train INFO: CMC curve, Rank-5  :66.5%
2026-05-29 09:11:55 transreid.train INFO: CMC curve, Rank-10 :72.3%
2026-05-29 09:11:59 transreid.train INFO: Epoch[21] Iter[20/227] Loss: 1.849, Acc: 0.453, Base Lr: 7.41e-04 | id_global: 1.679 tri_global: 0.170
2026-05-29 09:12:02 transreid.train INFO: Epoch[21] Iter[40/227] Loss: 1.811, Acc: 0.471, Base Lr: 7.41e-04 | id_global: 1.654 tri_global: 0.157
2026-05-29 09:12:05 transreid.train INFO: Epoch[21] Iter[60/227] Loss: 1.807, Acc: 0.470, Base Lr: 7.41e-04 | id_global: 1.653 tri_global: 0.155
2026-05-29 09:12:08 transreid.train INFO: Epoch[21] Iter[80/227] Loss: 1.772, Acc: 0.491, Base Lr: 7.41e-04 | id_global: 1.624 tri_global: 0.148
2026-05-29 09:12:12 transreid.train INFO: Epoch[21] Iter[100/227] Loss: 1.763, Acc: 0.502, Base Lr: 7.41e-04 | id_global: 1.612 tri_global: 0.151
2026-05-29 09:12:15 transreid.train INFO: Epoch[21] Iter[120/227] Loss: 1.744, Acc: 0.523, Base Lr: 7.41e-04 | id_global: 1.587 tri_global: 0.157
2026-05-29 09:12:18 transreid.train INFO: Epoch[21] Iter[140/227] Loss: 1.706, Acc: 0.543, Base Lr: 7.41e-04 | id_global: 1.553 tri_global: 0.153
2026-05-29 09:12:21 transreid.train INFO: Epoch[21] Iter[160/227] Loss: 1.663, Acc: 0.566, Base Lr: 7.41e-04 | id_global: 1.513 tri_global: 0.150
2026-05-29 09:12:24 transreid.train INFO: Epoch[21] Iter[180/227] Loss: 1.609, Acc: 0.593, Base Lr: 7.41e-04 | id_global: 1.464 tri_global: 0.145
2026-05-29 09:12:27 transreid.train INFO: Epoch[21] Iter[200/227] Loss: 1.567, Acc: 0.614, Base Lr: 7.41e-04 | id_global: 1.424 tri_global: 0.144
2026-05-29 09:12:29 transreid.train INFO: Epoch 21 done. Time per epoch: 34.416[s] Speed: 394.2[samples/s] ETA: 0h56m
2026-05-29 09:12:34 transreid.train INFO: Epoch[22] Iter[20/227] Loss: 1.686, Acc: 0.526, Base Lr: 7.36e-04 | id_global: 1.536 tri_global: 0.149
2026-05-29 09:12:37 transreid.train INFO: Epoch[22] Iter[40/227] Loss: 1.682, Acc: 0.525, Base Lr: 7.36e-04 | id_global: 1.547 tri_global: 0.135
2026-05-29 09:12:40 transreid.train INFO: Epoch[22] Iter[60/227] Loss: 1.697, Acc: 0.521, Base Lr: 7.36e-04 | id_global: 1.549 tri_global: 0.148
2026-05-29 09:12:43 transreid.train INFO: Epoch[22] Iter[80/227] Loss: 1.680, Acc: 0.535, Base Lr: 7.36e-04 | id_global: 1.532 tri_global: 0.148
2026-05-29 09:12:46 transreid.train INFO: Epoch[22] Iter[100/227] Loss: 1.664, Acc: 0.552, Base Lr: 7.36e-04 | id_global: 1.507 tri_global: 0.158
2026-05-29 09:12:49 transreid.train INFO: Epoch[22] Iter[120/227] Loss: 1.641, Acc: 0.565, Base Lr: 7.36e-04 | id_global: 1.485 tri_global: 0.155
2026-05-29 09:12:52 transreid.train INFO: Epoch[22] Iter[140/227] Loss: 1.603, Acc: 0.588, Base Lr: 7.36e-04 | id_global: 1.450 tri_global: 0.153
2026-05-29 09:12:56 transreid.train INFO: Epoch[22] Iter[160/227] Loss: 1.571, Acc: 0.606, Base Lr: 7.36e-04 | id_global: 1.415 tri_global: 0.155
2026-05-29 09:12:59 transreid.train INFO: Epoch[22] Iter[180/227] Loss: 1.527, Acc: 0.628, Base Lr: 7.36e-04 | id_global: 1.375 tri_global: 0.152
2026-05-29 09:13:02 transreid.train INFO: Epoch[22] Iter[200/227] Loss: 1.465, Acc: 0.654, Base Lr: 7.36e-04 | id_global: 1.317 tri_global: 0.147
2026-05-29 09:13:04 transreid.train INFO: Epoch 22 done. Time per epoch: 34.442[s] Speed: 392.1[samples/s] ETA: 0h56m
2026-05-29 09:13:08 transreid.train INFO: Epoch[23] Iter[20/227] Loss: 1.564, Acc: 0.553, Base Lr: 7.30e-04 | id_global: 1.449 tri_global: 0.115
2026-05-29 09:13:11 transreid.train INFO: Epoch[23] Iter[40/227] Loss: 1.534, Acc: 0.578, Base Lr: 7.30e-04 | id_global: 1.416 tri_global: 0.119
2026-05-29 09:13:14 transreid.train INFO: Epoch[23] Iter[60/227] Loss: 1.526, Acc: 0.579, Base Lr: 7.30e-04 | id_global: 1.409 tri_global: 0.117
2026-05-29 09:13:17 transreid.train INFO: Epoch[23] Iter[80/227] Loss: 1.498, Acc: 0.596, Base Lr: 7.30e-04 | id_global: 1.386 tri_global: 0.112
2026-05-29 09:13:20 transreid.train INFO: Epoch[23] Iter[100/227] Loss: 1.491, Acc: 0.611, Base Lr: 7.30e-04 | id_global: 1.367 tri_global: 0.124
2026-05-29 09:13:24 transreid.train INFO: Epoch[23] Iter[120/227] Loss: 1.466, Acc: 0.627, Base Lr: 7.30e-04 | id_global: 1.345 tri_global: 0.121
2026-05-29 09:13:27 transreid.train INFO: Epoch[23] Iter[140/227] Loss: 1.441, Acc: 0.640, Base Lr: 7.30e-04 | id_global: 1.320 tri_global: 0.120
2026-05-29 09:13:30 transreid.train INFO: Epoch[23] Iter[160/227] Loss: 1.413, Acc: 0.659, Base Lr: 7.30e-04 | id_global: 1.289 tri_global: 0.124
2026-05-29 09:13:33 transreid.train INFO: Epoch[23] Iter[180/227] Loss: 1.373, Acc: 0.678, Base Lr: 7.30e-04 | id_global: 1.251 tri_global: 0.122
2026-05-29 09:13:36 transreid.train INFO: Epoch[23] Iter[200/227] Loss: 1.324, Acc: 0.699, Base Lr: 7.30e-04 | id_global: 1.203 tri_global: 0.121
2026-05-29 09:13:38 transreid.train INFO: Epoch 23 done. Time per epoch: 34.457[s] Speed: 393.8[samples/s] ETA: 0h55m
2026-05-29 09:13:42 transreid.train INFO: Epoch[24] Iter[20/227] Loss: 1.433, Acc: 0.605, Base Lr: 7.24e-04 | id_global: 1.335 tri_global: 0.098
2026-05-29 09:13:46 transreid.train INFO: Epoch[24] Iter[40/227] Loss: 1.434, Acc: 0.613, Base Lr: 7.24e-04 | id_global: 1.327 tri_global: 0.107
2026-05-29 09:13:49 transreid.train INFO: Epoch[24] Iter[60/227] Loss: 1.410, Acc: 0.635, Base Lr: 7.24e-04 | id_global: 1.301 tri_global: 0.109
2026-05-29 09:13:52 transreid.train INFO: Epoch[24] Iter[80/227] Loss: 1.388, Acc: 0.643, Base Lr: 7.24e-04 | id_global: 1.281 tri_global: 0.108
2026-05-29 09:13:55 transreid.train INFO: Epoch[24] Iter[100/227] Loss: 1.381, Acc: 0.651, Base Lr: 7.24e-04 | id_global: 1.268 tri_global: 0.113
2026-05-29 09:13:58 transreid.train INFO: Epoch[24] Iter[120/227] Loss: 1.356, Acc: 0.669, Base Lr: 7.24e-04 | id_global: 1.241 tri_global: 0.116
2026-05-29 09:14:01 transreid.train INFO: Epoch[24] Iter[140/227] Loss: 1.333, Acc: 0.679, Base Lr: 7.24e-04 | id_global: 1.219 tri_global: 0.114
2026-05-29 09:14:04 transreid.train INFO: Epoch[24] Iter[160/227] Loss: 1.297, Acc: 0.699, Base Lr: 7.24e-04 | id_global: 1.185 tri_global: 0.112
2026-05-29 09:14:08 transreid.train INFO: Epoch[24] Iter[180/227] Loss: 1.255, Acc: 0.717, Base Lr: 7.24e-04 | id_global: 1.146 tri_global: 0.109
2026-05-29 09:14:11 transreid.train INFO: Epoch[24] Iter[200/227] Loss: 1.212, Acc: 0.737, Base Lr: 7.24e-04 | id_global: 1.103 tri_global: 0.109
2026-05-29 09:14:12 transreid.train INFO: Epoch 24 done. Time per epoch: 34.356[s] Speed: 393.1[samples/s] ETA: 0h54m
2026-05-29 09:14:17 transreid.train INFO: Epoch[25] Iter[20/227] Loss: 1.327, Acc: 0.642, Base Lr: 7.18e-04 | id_global: 1.226 tri_global: 0.101
2026-05-29 09:14:20 transreid.train INFO: Epoch[25] Iter[40/227] Loss: 1.350, Acc: 0.646, Base Lr: 7.18e-04 | id_global: 1.239 tri_global: 0.111
2026-05-29 09:14:23 transreid.train INFO: Epoch[25] Iter[60/227] Loss: 1.336, Acc: 0.655, Base Lr: 7.18e-04 | id_global: 1.226 tri_global: 0.109
2026-05-29 09:14:26 transreid.train INFO: Epoch[25] Iter[80/227] Loss: 1.321, Acc: 0.669, Base Lr: 7.18e-04 | id_global: 1.213 tri_global: 0.108
2026-05-29 09:14:29 transreid.train INFO: Epoch[25] Iter[100/227] Loss: 1.297, Acc: 0.684, Base Lr: 7.18e-04 | id_global: 1.188 tri_global: 0.109
2026-05-29 09:14:32 transreid.train INFO: Epoch[25] Iter[120/227] Loss: 1.264, Acc: 0.706, Base Lr: 7.18e-04 | id_global: 1.156 tri_global: 0.108
2026-05-29 09:14:36 transreid.train INFO: Epoch[25] Iter[140/227] Loss: 1.228, Acc: 0.721, Base Lr: 7.18e-04 | id_global: 1.124 tri_global: 0.104
2026-05-29 09:14:39 transreid.train INFO: Epoch[25] Iter[160/227] Loss: 1.199, Acc: 0.737, Base Lr: 7.18e-04 | id_global: 1.094 tri_global: 0.105
2026-05-29 09:14:42 transreid.train INFO: Epoch[25] Iter[180/227] Loss: 1.174, Acc: 0.750, Base Lr: 7.18e-04 | id_global: 1.064 tri_global: 0.110
2026-05-29 09:14:45 transreid.train INFO: Epoch[25] Iter[200/227] Loss: 1.135, Acc: 0.764, Base Lr: 7.18e-04 | id_global: 1.024 tri_global: 0.111
2026-05-29 09:14:47 transreid.train INFO: Epoch 25 done. Time per epoch: 34.490[s] Speed: 393.4[samples/s] ETA: 0h54m
2026-05-29 09:14:51 transreid.train INFO: Epoch[26] Iter[20/227] Loss: 1.315, Acc: 0.649, Base Lr: 7.11e-04 | id_global: 1.205 tri_global: 0.110
2026-05-29 09:14:54 transreid.train INFO: Epoch[26] Iter[40/227] Loss: 1.266, Acc: 0.688, Base Lr: 7.11e-04 | id_global: 1.162 tri_global: 0.104
2026-05-29 09:14:57 transreid.train INFO: Epoch[26] Iter[60/227] Loss: 1.239, Acc: 0.699, Base Lr: 7.11e-04 | id_global: 1.139 tri_global: 0.100
2026-05-29 09:15:01 transreid.train INFO: Epoch[26] Iter[80/227] Loss: 1.223, Acc: 0.710, Base Lr: 7.11e-04 | id_global: 1.121 tri_global: 0.102
2026-05-29 09:15:04 transreid.train INFO: Epoch[26] Iter[100/227] Loss: 1.207, Acc: 0.718, Base Lr: 7.11e-04 | id_global: 1.105 tri_global: 0.102
2026-05-29 09:15:07 transreid.train INFO: Epoch[26] Iter[120/227] Loss: 1.185, Acc: 0.730, Base Lr: 7.11e-04 | id_global: 1.083 tri_global: 0.103
2026-05-29 09:15:10 transreid.train INFO: Epoch[26] Iter[140/227] Loss: 1.152, Acc: 0.747, Base Lr: 7.11e-04 | id_global: 1.052 tri_global: 0.100
2026-05-29 09:15:13 transreid.train INFO: Epoch[26] Iter[160/227] Loss: 1.119, Acc: 0.759, Base Lr: 7.11e-04 | id_global: 1.021 tri_global: 0.098
2026-05-29 09:15:16 transreid.train INFO: Epoch[26] Iter[180/227] Loss: 1.082, Acc: 0.775, Base Lr: 7.11e-04 | id_global: 0.986 tri_global: 0.096
2026-05-29 09:15:20 transreid.train INFO: Epoch[26] Iter[200/227] Loss: 1.037, Acc: 0.790, Base Lr: 7.11e-04 | id_global: 0.943 tri_global: 0.094
2026-05-29 09:15:22 transreid.train INFO: Epoch 26 done. Time per epoch: 34.795[s] Speed: 393.6[samples/s] ETA: 0h54m
2026-05-29 09:15:26 transreid.train INFO: Epoch[27] Iter[20/227] Loss: 1.218, Acc: 0.696, Base Lr: 7.04e-04 | id_global: 1.116 tri_global: 0.102
2026-05-29 09:15:29 transreid.train INFO: Epoch[27] Iter[40/227] Loss: 1.204, Acc: 0.693, Base Lr: 7.04e-04 | id_global: 1.110 tri_global: 0.094
2026-05-29 09:15:32 transreid.train INFO: Epoch[27] Iter[60/227] Loss: 1.176, Acc: 0.717, Base Lr: 7.04e-04 | id_global: 1.070 tri_global: 0.106
2026-05-29 09:15:36 transreid.train INFO: Epoch[27] Iter[80/227] Loss: 1.138, Acc: 0.735, Base Lr: 7.04e-04 | id_global: 1.038 tri_global: 0.100
2026-05-29 09:15:39 transreid.train INFO: Epoch[27] Iter[100/227] Loss: 1.117, Acc: 0.745, Base Lr: 7.04e-04 | id_global: 1.018 tri_global: 0.100
2026-05-29 09:15:42 transreid.train INFO: Epoch[27] Iter[120/227] Loss: 1.089, Acc: 0.758, Base Lr: 7.04e-04 | id_global: 0.992 tri_global: 0.098
2026-05-29 09:15:45 transreid.train INFO: Epoch[27] Iter[140/227] Loss: 1.068, Acc: 0.771, Base Lr: 7.04e-04 | id_global: 0.970 tri_global: 0.097
2026-05-29 09:15:48 transreid.train INFO: Epoch[27] Iter[160/227] Loss: 1.040, Acc: 0.782, Base Lr: 7.04e-04 | id_global: 0.945 tri_global: 0.095
2026-05-29 09:15:51 transreid.train INFO: Epoch[27] Iter[180/227] Loss: 1.009, Acc: 0.796, Base Lr: 7.04e-04 | id_global: 0.913 tri_global: 0.096
2026-05-29 09:15:54 transreid.train INFO: Epoch[27] Iter[200/227] Loss: 0.967, Acc: 0.812, Base Lr: 7.04e-04 | id_global: 0.874 tri_global: 0.093
2026-05-29 09:15:56 transreid.train INFO: Epoch 27 done. Time per epoch: 34.381[s] Speed: 392.8[samples/s] ETA: 0h53m
2026-05-29 09:16:00 transreid.train INFO: Epoch[28] Iter[20/227] Loss: 1.084, Acc: 0.731, Base Lr: 6.97e-04 | id_global: 1.012 tri_global: 0.071
2026-05-29 09:16:04 transreid.train INFO: Epoch[28] Iter[40/227] Loss: 1.115, Acc: 0.724, Base Lr: 6.97e-04 | id_global: 1.026 tri_global: 0.089
2026-05-29 09:16:07 transreid.train INFO: Epoch[28] Iter[60/227] Loss: 1.075, Acc: 0.746, Base Lr: 6.97e-04 | id_global: 0.994 tri_global: 0.081
2026-05-29 09:16:10 transreid.train INFO: Epoch[28] Iter[80/227] Loss: 1.028, Acc: 0.770, Base Lr: 6.97e-04 | id_global: 0.947 tri_global: 0.081
2026-05-29 09:16:13 transreid.train INFO: Epoch[28] Iter[100/227] Loss: 1.016, Acc: 0.777, Base Lr: 6.97e-04 | id_global: 0.934 tri_global: 0.082
2026-05-29 09:16:16 transreid.train INFO: Epoch[28] Iter[120/227] Loss: 0.992, Acc: 0.790, Base Lr: 6.97e-04 | id_global: 0.911 tri_global: 0.081
2026-05-29 09:16:19 transreid.train INFO: Epoch[28] Iter[140/227] Loss: 0.959, Acc: 0.802, Base Lr: 6.97e-04 | id_global: 0.881 tri_global: 0.078
2026-05-29 09:16:22 transreid.train INFO: Epoch[28] Iter[160/227] Loss: 0.941, Acc: 0.813, Base Lr: 6.97e-04 | id_global: 0.860 tri_global: 0.080
2026-05-29 09:16:26 transreid.train INFO: Epoch[28] Iter[180/227] Loss: 0.912, Acc: 0.825, Base Lr: 6.97e-04 | id_global: 0.833 tri_global: 0.079
2026-05-29 09:16:29 transreid.train INFO: Epoch[28] Iter[200/227] Loss: 0.879, Acc: 0.837, Base Lr: 6.97e-04 | id_global: 0.798 tri_global: 0.081
2026-05-29 09:16:31 transreid.train INFO: Epoch 28 done. Time per epoch: 34.648[s] Speed: 393.4[samples/s] ETA: 0h53m
2026-05-29 09:16:35 transreid.train INFO: Epoch[29] Iter[20/227] Loss: 1.114, Acc: 0.757, Base Lr: 6.90e-04 | id_global: 0.992 tri_global: 0.122
2026-05-29 09:16:38 transreid.train INFO: Epoch[29] Iter[40/227] Loss: 1.068, Acc: 0.754, Base Lr: 6.90e-04 | id_global: 0.968 tri_global: 0.099
2026-05-29 09:16:41 transreid.train INFO: Epoch[29] Iter[60/227] Loss: 1.020, Acc: 0.781, Base Lr: 6.90e-04 | id_global: 0.921 tri_global: 0.099
2026-05-29 09:16:45 transreid.train INFO: Epoch[29] Iter[80/227] Loss: 0.996, Acc: 0.784, Base Lr: 6.90e-04 | id_global: 0.902 tri_global: 0.094
2026-05-29 09:16:48 transreid.train INFO: Epoch[29] Iter[100/227] Loss: 0.976, Acc: 0.794, Base Lr: 6.90e-04 | id_global: 0.889 tri_global: 0.087
2026-05-29 09:16:51 transreid.train INFO: Epoch[29] Iter[120/227] Loss: 0.948, Acc: 0.805, Base Lr: 6.90e-04 | id_global: 0.861 tri_global: 0.086
2026-05-29 09:16:54 transreid.train INFO: Epoch[29] Iter[140/227] Loss: 0.927, Acc: 0.813, Base Lr: 6.90e-04 | id_global: 0.843 tri_global: 0.084
2026-05-29 09:16:57 transreid.train INFO: Epoch[29] Iter[160/227] Loss: 0.898, Acc: 0.826, Base Lr: 6.90e-04 | id_global: 0.815 tri_global: 0.083
2026-05-29 09:17:00 transreid.train INFO: Epoch[29] Iter[180/227] Loss: 0.868, Acc: 0.838, Base Lr: 6.90e-04 | id_global: 0.787 tri_global: 0.081
2026-05-29 09:17:03 transreid.train INFO: Epoch[29] Iter[200/227] Loss: 0.827, Acc: 0.851, Base Lr: 6.90e-04 | id_global: 0.748 tri_global: 0.079
2026-05-29 09:17:05 transreid.train INFO: Epoch 29 done. Time per epoch: 34.679[s] Speed: 393.1[samples/s] ETA: 0h52m
2026-05-29 09:17:10 transreid.train INFO: Epoch[30] Iter[20/227] Loss: 0.964, Acc: 0.780, Base Lr: 6.83e-04 | id_global: 0.897 tri_global: 0.066
2026-05-29 09:17:13 transreid.train INFO: Epoch[30] Iter[40/227] Loss: 0.942, Acc: 0.794, Base Lr: 6.83e-04 | id_global: 0.869 tri_global: 0.073
2026-05-29 09:17:16 transreid.train INFO: Epoch[30] Iter[60/227] Loss: 0.943, Acc: 0.801, Base Lr: 6.83e-04 | id_global: 0.861 tri_global: 0.082
2026-05-29 09:17:19 transreid.train INFO: Epoch[30] Iter[80/227] Loss: 0.923, Acc: 0.805, Base Lr: 6.83e-04 | id_global: 0.844 tri_global: 0.079
2026-05-29 09:17:22 transreid.train INFO: Epoch[30] Iter[100/227] Loss: 0.910, Acc: 0.810, Base Lr: 6.83e-04 | id_global: 0.829 tri_global: 0.081
2026-05-29 09:17:26 transreid.train INFO: Epoch[30] Iter[120/227] Loss: 0.887, Acc: 0.821, Base Lr: 6.83e-04 | id_global: 0.809 tri_global: 0.078
2026-05-29 09:17:29 transreid.train INFO: Epoch[30] Iter[140/227] Loss: 0.861, Acc: 0.832, Base Lr: 6.83e-04 | id_global: 0.784 tri_global: 0.077
2026-05-29 09:17:32 transreid.train INFO: Epoch[30] Iter[160/227] Loss: 0.834, Acc: 0.843, Base Lr: 6.83e-04 | id_global: 0.758 tri_global: 0.077
2026-05-29 09:17:35 transreid.train INFO: Epoch[30] Iter[180/227] Loss: 0.804, Acc: 0.854, Base Lr: 6.83e-04 | id_global: 0.728 tri_global: 0.076
2026-05-29 09:17:38 transreid.train INFO: Epoch[30] Iter[200/227] Loss: 0.771, Acc: 0.865, Base Lr: 6.83e-04 | id_global: 0.696 tri_global: 0.075
2026-05-29 09:17:40 transreid.train INFO: Epoch 30 done. Time per epoch: 34.382[s] Speed: 392.8[samples/s] ETA: 0h51m
The test feature is normalized
=> Computing DistMat with euclidean_distance
2026-05-29 09:18:28 transreid.train INFO: Validation Results - Epoch: 30
2026-05-29 09:18:28 transreid.train INFO: mAP: 48.9%
2026-05-29 09:18:28 transreid.train INFO: CMC curve, Rank-1  :58.2%
2026-05-29 09:18:28 transreid.train INFO: CMC curve, Rank-5  :72.2%
2026-05-29 09:18:28 transreid.train INFO: CMC curve, Rank-10 :76.9%
2026-05-29 09:18:32 transreid.train INFO: Epoch[31] Iter[20/227] Loss: 0.925, Acc: 0.796, Base Lr: 6.76e-04 | id_global: 0.846 tri_global: 0.079
2026-05-29 09:18:35 transreid.train INFO: Epoch[31] Iter[40/227] Loss: 0.933, Acc: 0.800, Base Lr: 6.76e-04 | id_global: 0.848 tri_global: 0.085
2026-05-29 09:18:38 transreid.train INFO: Epoch[31] Iter[60/227] Loss: 0.925, Acc: 0.805, Base Lr: 6.76e-04 | id_global: 0.837 tri_global: 0.088
2026-05-29 09:18:41 transreid.train INFO: Epoch[31] Iter[80/227] Loss: 0.894, Acc: 0.817, Base Lr: 6.76e-04 | id_global: 0.812 tri_global: 0.082
2026-05-29 09:18:44 transreid.train INFO: Epoch[31] Iter[100/227] Loss: 0.860, Acc: 0.833, Base Lr: 6.76e-04 | id_global: 0.783 tri_global: 0.077
2026-05-29 09:18:48 transreid.train INFO: Epoch[31] Iter[120/227] Loss: 0.838, Acc: 0.840, Base Lr: 6.76e-04 | id_global: 0.760 tri_global: 0.078
2026-05-29 09:18:51 transreid.train INFO: Epoch[31] Iter[140/227] Loss: 0.808, Acc: 0.851, Base Lr: 6.76e-04 | id_global: 0.734 tri_global: 0.074
2026-05-29 09:18:54 transreid.train INFO: Epoch[31] Iter[160/227] Loss: 0.781, Acc: 0.861, Base Lr: 6.76e-04 | id_global: 0.708 tri_global: 0.073
2026-05-29 09:18:57 transreid.train INFO: Epoch[31] Iter[180/227] Loss: 0.752, Acc: 0.872, Base Lr: 6.76e-04 | id_global: 0.681 tri_global: 0.072
2026-05-29 09:19:00 transreid.train INFO: Epoch[31] Iter[200/227] Loss: 0.720, Acc: 0.881, Base Lr: 6.76e-04 | id_global: 0.649 tri_global: 0.071
2026-05-29 09:19:02 transreid.train INFO: Epoch 31 done. Time per epoch: 34.390[s] Speed: 392.7[samples/s] ETA: 0h51m
2026-05-29 09:19:06 transreid.train INFO: Epoch[32] Iter[20/227] Loss: 0.830, Acc: 0.821, Base Lr: 6.68e-04 | id_global: 0.750 tri_global: 0.081
2026-05-29 09:19:09 transreid.train INFO: Epoch[32] Iter[40/227] Loss: 0.831, Acc: 0.818, Base Lr: 6.68e-04 | id_global: 0.761 tri_global: 0.070
2026-05-29 09:19:12 transreid.train INFO: Epoch[32] Iter[60/227] Loss: 0.806, Acc: 0.833, Base Lr: 6.68e-04 | id_global: 0.740 tri_global: 0.066
2026-05-29 09:19:16 transreid.train INFO: Epoch[32] Iter[80/227] Loss: 0.788, Acc: 0.842, Base Lr: 6.68e-04 | id_global: 0.725 tri_global: 0.063
2026-05-29 09:19:19 transreid.train INFO: Epoch[32] Iter[100/227] Loss: 0.776, Acc: 0.849, Base Lr: 6.68e-04 | id_global: 0.712 tri_global: 0.064
2026-05-29 09:19:22 transreid.train INFO: Epoch[32] Iter[120/227] Loss: 0.765, Acc: 0.856, Base Lr: 6.68e-04 | id_global: 0.701 tri_global: 0.065
2026-05-29 09:19:25 transreid.train INFO: Epoch[32] Iter[140/227] Loss: 0.755, Acc: 0.861, Base Lr: 6.68e-04 | id_global: 0.688 tri_global: 0.067
2026-05-29 09:19:28 transreid.train INFO: Epoch[32] Iter[160/227] Loss: 0.737, Acc: 0.868, Base Lr: 6.68e-04 | id_global: 0.666 tri_global: 0.070
2026-05-29 09:19:31 transreid.train INFO: Epoch[32] Iter[180/227] Loss: 0.710, Acc: 0.877, Base Lr: 6.68e-04 | id_global: 0.641 tri_global: 0.070
2026-05-29 09:19:35 transreid.train INFO: Epoch[32] Iter[200/227] Loss: 0.682, Acc: 0.885, Base Lr: 6.68e-04 | id_global: 0.613 tri_global: 0.069
2026-05-29 09:19:36 transreid.train INFO: Epoch 32 done. Time per epoch: 34.290[s] Speed: 393.8[samples/s] ETA: 0h50m
2026-05-29 09:19:41 transreid.train INFO: Epoch[33] Iter[20/227] Loss: 0.760, Acc: 0.861, Base Lr: 6.60e-04 | id_global: 0.692 tri_global: 0.069
2026-05-29 09:19:44 transreid.train INFO: Epoch[33] Iter[40/227] Loss: 0.736, Acc: 0.861, Base Lr: 6.60e-04 | id_global: 0.682 tri_global: 0.054
2026-05-29 09:19:47 transreid.train INFO: Epoch[33] Iter[60/227] Loss: 0.739, Acc: 0.863, Base Lr: 6.60e-04 | id_global: 0.678 tri_global: 0.060
2026-05-29 09:19:50 transreid.train INFO: Epoch[33] Iter[80/227] Loss: 0.743, Acc: 0.855, Base Lr: 6.60e-04 | id_global: 0.681 tri_global: 0.063
2026-05-29 09:19:53 transreid.train INFO: Epoch[33] Iter[100/227] Loss: 0.730, Acc: 0.861, Base Lr: 6.60e-04 | id_global: 0.666 tri_global: 0.063
2026-05-29 09:19:56 transreid.train INFO: Epoch[33] Iter[120/227] Loss: 0.721, Acc: 0.866, Base Lr: 6.60e-04 | id_global: 0.659 tri_global: 0.062
2026-05-29 09:19:59 transreid.train INFO: Epoch[33] Iter[140/227] Loss: 0.701, Acc: 0.875, Base Lr: 6.60e-04 | id_global: 0.638 tri_global: 0.063
2026-05-29 09:20:03 transreid.train INFO: Epoch[33] Iter[160/227] Loss: 0.677, Acc: 0.885, Base Lr: 6.60e-04 | id_global: 0.613 tri_global: 0.064
2026-05-29 09:20:06 transreid.train INFO: Epoch[33] Iter[180/227] Loss: 0.649, Acc: 0.893, Base Lr: 6.60e-04 | id_global: 0.589 tri_global: 0.061
2026-05-29 09:20:09 transreid.train INFO: Epoch[33] Iter[200/227] Loss: 0.625, Acc: 0.900, Base Lr: 6.60e-04 | id_global: 0.563 tri_global: 0.062
2026-05-29 09:20:11 transreid.train INFO: Epoch 33 done. Time per epoch: 34.555[s] Speed: 392.7[samples/s] ETA: 0h50m
2026-05-29 09:20:15 transreid.train INFO: Epoch[34] Iter[20/227] Loss: 0.719, Acc: 0.867, Base Lr: 6.52e-04 | id_global: 0.658 tri_global: 0.061
2026-05-29 09:20:18 transreid.train INFO: Epoch[34] Iter[40/227] Loss: 0.718, Acc: 0.860, Base Lr: 6.52e-04 | id_global: 0.660 tri_global: 0.058
2026-05-29 09:20:21 transreid.train INFO: Epoch[34] Iter[60/227] Loss: 0.716, Acc: 0.859, Base Lr: 6.52e-04 | id_global: 0.650 tri_global: 0.066
2026-05-29 09:20:24 transreid.train INFO: Epoch[34] Iter[80/227] Loss: 0.695, Acc: 0.868, Base Lr: 6.52e-04 | id_global: 0.631 tri_global: 0.064
2026-05-29 09:20:28 transreid.train INFO: Epoch[34] Iter[100/227] Loss: 0.675, Acc: 0.876, Base Lr: 6.52e-04 | id_global: 0.614 tri_global: 0.061
2026-05-29 09:20:31 transreid.train INFO: Epoch[34] Iter[120/227] Loss: 0.651, Acc: 0.885, Base Lr: 6.52e-04 | id_global: 0.594 tri_global: 0.057
2026-05-29 09:20:34 transreid.train INFO: Epoch[34] Iter[140/227] Loss: 0.638, Acc: 0.890, Base Lr: 6.52e-04 | id_global: 0.580 tri_global: 0.058
2026-05-29 09:20:37 transreid.train INFO: Epoch[34] Iter[160/227] Loss: 0.619, Acc: 0.897, Base Lr: 6.52e-04 | id_global: 0.560 tri_global: 0.059
2026-05-29 09:20:40 transreid.train INFO: Epoch[34] Iter[180/227] Loss: 0.601, Acc: 0.903, Base Lr: 6.52e-04 | id_global: 0.542 tri_global: 0.060
2026-05-29 09:20:43 transreid.train INFO: Epoch[34] Iter[200/227] Loss: 0.578, Acc: 0.909, Base Lr: 6.52e-04 | id_global: 0.520 tri_global: 0.058
2026-05-29 09:20:46 transreid.train INFO: Epoch 34 done. Time per epoch: 34.778[s] Speed: 393.8[samples/s] ETA: 0h49m
2026-05-29 09:20:50 transreid.train INFO: Epoch[35] Iter[20/227] Loss: 0.766, Acc: 0.851, Base Lr: 6.44e-04 | id_global: 0.690 tri_global: 0.076
2026-05-29 09:20:53 transreid.train INFO: Epoch[35] Iter[40/227] Loss: 0.714, Acc: 0.861, Base Lr: 6.44e-04 | id_global: 0.650 tri_global: 0.064
2026-05-29 09:20:56 transreid.train INFO: Epoch[35] Iter[60/227] Loss: 0.681, Acc: 0.873, Base Lr: 6.44e-04 | id_global: 0.617 tri_global: 0.064
2026-05-29 09:20:59 transreid.train INFO: Epoch[35] Iter[80/227] Loss: 0.669, Acc: 0.877, Base Lr: 6.44e-04 | id_global: 0.605 tri_global: 0.064
2026-05-29 09:21:02 transreid.train INFO: Epoch[35] Iter[100/227] Loss: 0.651, Acc: 0.886, Base Lr: 6.44e-04 | id_global: 0.589 tri_global: 0.063
2026-05-29 09:21:06 transreid.train INFO: Epoch[35] Iter[120/227] Loss: 0.635, Acc: 0.890, Base Lr: 6.44e-04 | id_global: 0.574 tri_global: 0.061
2026-05-29 09:21:09 transreid.train INFO: Epoch[35] Iter[140/227] Loss: 0.622, Acc: 0.895, Base Lr: 6.44e-04 | id_global: 0.561 tri_global: 0.061
2026-05-29 09:21:12 transreid.train INFO: Epoch[35] Iter[160/227] Loss: 0.601, Acc: 0.902, Base Lr: 6.44e-04 | id_global: 0.543 tri_global: 0.059
2026-05-29 09:21:15 transreid.train INFO: Epoch[35] Iter[180/227] Loss: 0.579, Acc: 0.908, Base Lr: 6.44e-04 | id_global: 0.522 tri_global: 0.056
2026-05-29 09:21:18 transreid.train INFO: Epoch[35] Iter[200/227] Loss: 0.555, Acc: 0.915, Base Lr: 6.44e-04 | id_global: 0.498 tri_global: 0.057
2026-05-29 09:21:20 transreid.train INFO: Epoch 35 done. Time per epoch: 34.707[s] Speed: 392.8[samples/s] ETA: 0h49m
2026-05-29 09:21:25 transreid.train INFO: Epoch[36] Iter[20/227] Loss: 0.637, Acc: 0.869, Base Lr: 6.35e-04 | id_global: 0.579 tri_global: 0.058
2026-05-29 09:21:28 transreid.train INFO: Epoch[36] Iter[40/227] Loss: 0.628, Acc: 0.879, Base Lr: 6.35e-04 | id_global: 0.578 tri_global: 0.050
2026-05-29 09:21:31 transreid.train INFO: Epoch[36] Iter[60/227] Loss: 0.615, Acc: 0.884, Base Lr: 6.35e-04 | id_global: 0.563 tri_global: 0.051
2026-05-29 09:21:34 transreid.train INFO: Epoch[36] Iter[80/227] Loss: 0.602, Acc: 0.892, Base Lr: 6.35e-04 | id_global: 0.552 tri_global: 0.051
2026-05-29 09:21:37 transreid.train INFO: Epoch[36] Iter[100/227] Loss: 0.593, Acc: 0.897, Base Lr: 6.35e-04 | id_global: 0.541 tri_global: 0.052
2026-05-29 09:21:40 transreid.train INFO: Epoch[36] Iter[120/227] Loss: 0.575, Acc: 0.905, Base Lr: 6.35e-04 | id_global: 0.524 tri_global: 0.051
2026-05-29 09:21:43 transreid.train INFO: Epoch[36] Iter[140/227] Loss: 0.563, Acc: 0.910, Base Lr: 6.35e-04 | id_global: 0.513 tri_global: 0.051
2026-05-29 09:21:47 transreid.train INFO: Epoch[36] Iter[160/227] Loss: 0.547, Acc: 0.915, Base Lr: 6.35e-04 | id_global: 0.498 tri_global: 0.049
2026-05-29 09:21:50 transreid.train INFO: Epoch[36] Iter[180/227] Loss: 0.533, Acc: 0.919, Base Lr: 6.35e-04 | id_global: 0.483 tri_global: 0.050
2026-05-29 09:21:53 transreid.train INFO: Epoch[36] Iter[200/227] Loss: 0.513, Acc: 0.924, Base Lr: 6.35e-04 | id_global: 0.461 tri_global: 0.052
2026-05-29 09:21:55 transreid.train INFO: Epoch 36 done. Time per epoch: 34.313[s] Speed: 393.5[samples/s] ETA: 0h48m
2026-05-29 09:21:59 transreid.train INFO: Epoch[37] Iter[20/227] Loss: 0.687, Acc: 0.852, Base Lr: 6.27e-04 | id_global: 0.619 tri_global: 0.068
2026-05-29 09:22:02 transreid.train INFO: Epoch[37] Iter[40/227] Loss: 0.640, Acc: 0.869, Base Lr: 6.27e-04 | id_global: 0.588 tri_global: 0.052
2026-05-29 09:22:05 transreid.train INFO: Epoch[37] Iter[60/227] Loss: 0.609, Acc: 0.880, Base Lr: 6.27e-04 | id_global: 0.558 tri_global: 0.051
2026-05-29 09:22:08 transreid.train INFO: Epoch[37] Iter[80/227] Loss: 0.586, Acc: 0.893, Base Lr: 6.27e-04 | id_global: 0.535 tri_global: 0.052
2026-05-29 09:22:11 transreid.train INFO: Epoch[37] Iter[100/227] Loss: 0.570, Acc: 0.902, Base Lr: 6.27e-04 | id_global: 0.519 tri_global: 0.051
2026-05-29 09:22:15 transreid.train INFO: Epoch[37] Iter[120/227] Loss: 0.550, Acc: 0.908, Base Lr: 6.27e-04 | id_global: 0.502 tri_global: 0.048
2026-05-29 09:22:18 transreid.train INFO: Epoch[37] Iter[140/227] Loss: 0.533, Acc: 0.914, Base Lr: 6.27e-04 | id_global: 0.485 tri_global: 0.049
2026-05-29 09:22:21 transreid.train INFO: Epoch[37] Iter[160/227] Loss: 0.519, Acc: 0.920, Base Lr: 6.27e-04 | id_global: 0.469 tri_global: 0.050
2026-05-29 09:22:24 transreid.train INFO: Epoch[37] Iter[180/227] Loss: 0.504, Acc: 0.924, Base Lr: 6.27e-04 | id_global: 0.455 tri_global: 0.049
2026-05-29 09:22:27 transreid.train INFO: Epoch[37] Iter[200/227] Loss: 0.485, Acc: 0.929, Base Lr: 6.27e-04 | id_global: 0.435 tri_global: 0.050
2026-05-29 09:22:29 transreid.train INFO: Epoch 37 done. Time per epoch: 34.509[s] Speed: 393.2[samples/s] ETA: 0h47m
2026-05-29 09:22:33 transreid.train INFO: Epoch[38] Iter[20/227] Loss: 0.536, Acc: 0.909, Base Lr: 6.18e-04 | id_global: 0.499 tri_global: 0.038
2026-05-29 09:22:37 transreid.train INFO: Epoch[38] Iter[40/227] Loss: 0.527, Acc: 0.909, Base Lr: 6.18e-04 | id_global: 0.495 tri_global: 0.032
2026-05-29 09:22:40 transreid.train INFO: Epoch[38] Iter[60/227] Loss: 0.514, Acc: 0.913, Base Lr: 6.18e-04 | id_global: 0.478 tri_global: 0.035
2026-05-29 09:22:43 transreid.train INFO: Epoch[38] Iter[80/227] Loss: 0.507, Acc: 0.916, Base Lr: 6.18e-04 | id_global: 0.473 tri_global: 0.034
2026-05-29 09:22:46 transreid.train INFO: Epoch[38] Iter[100/227] Loss: 0.505, Acc: 0.916, Base Lr: 6.18e-04 | id_global: 0.470 tri_global: 0.035
2026-05-29 09:22:49 transreid.train INFO: Epoch[38] Iter[120/227] Loss: 0.501, Acc: 0.919, Base Lr: 6.18e-04 | id_global: 0.463 tri_global: 0.038
2026-05-29 09:22:52 transreid.train INFO: Epoch[38] Iter[140/227] Loss: 0.498, Acc: 0.921, Base Lr: 6.18e-04 | id_global: 0.456 tri_global: 0.042
2026-05-29 09:22:55 transreid.train INFO: Epoch[38] Iter[160/227] Loss: 0.487, Acc: 0.926, Base Lr: 6.18e-04 | id_global: 0.445 tri_global: 0.042
2026-05-29 09:22:59 transreid.train INFO: Epoch[38] Iter[180/227] Loss: 0.472, Acc: 0.930, Base Lr: 6.18e-04 | id_global: 0.429 tri_global: 0.043
2026-05-29 09:23:02 transreid.train INFO: Epoch[38] Iter[200/227] Loss: 0.454, Acc: 0.934, Base Lr: 6.18e-04 | id_global: 0.411 tri_global: 0.043
2026-05-29 09:23:04 transreid.train INFO: Epoch 38 done. Time per epoch: 34.726[s] Speed: 392.6[samples/s] ETA: 0h47m
2026-05-29 09:23:08 transreid.train INFO: Epoch[39] Iter[20/227] Loss: 0.521, Acc: 0.907, Base Lr: 6.09e-04 | id_global: 0.484 tri_global: 0.037
2026-05-29 09:23:11 transreid.train INFO: Epoch[39] Iter[40/227] Loss: 0.521, Acc: 0.914, Base Lr: 6.09e-04 | id_global: 0.479 tri_global: 0.042
2026-05-29 09:23:14 transreid.train INFO: Epoch[39] Iter[60/227] Loss: 0.525, Acc: 0.911, Base Lr: 6.09e-04 | id_global: 0.483 tri_global: 0.043
2026-05-29 09:23:18 transreid.train INFO: Epoch[39] Iter[80/227] Loss: 0.528, Acc: 0.913, Base Lr: 6.09e-04 | id_global: 0.481 tri_global: 0.047
2026-05-29 09:23:21 transreid.train INFO: Epoch[39] Iter[100/227] Loss: 0.504, Acc: 0.921, Base Lr: 6.09e-04 | id_global: 0.460 tri_global: 0.044
2026-05-29 09:23:24 transreid.train INFO: Epoch[39] Iter[120/227] Loss: 0.484, Acc: 0.927, Base Lr: 6.09e-04 | id_global: 0.443 tri_global: 0.041
2026-05-29 09:23:27 transreid.train INFO: Epoch[39] Iter[140/227] Loss: 0.469, Acc: 0.930, Base Lr: 6.09e-04 | id_global: 0.429 tri_global: 0.040
2026-05-29 09:23:30 transreid.train INFO: Epoch[39] Iter[160/227] Loss: 0.459, Acc: 0.935, Base Lr: 6.09e-04 | id_global: 0.416 tri_global: 0.043
2026-05-29 09:23:33 transreid.train INFO: Epoch[39] Iter[180/227] Loss: 0.445, Acc: 0.939, Base Lr: 6.09e-04 | id_global: 0.401 tri_global: 0.043
2026-05-29 09:23:36 transreid.train INFO: Epoch[39] Iter[200/227] Loss: 0.431, Acc: 0.942, Base Lr: 6.09e-04 | id_global: 0.385 tri_global: 0.046
2026-05-29 09:23:38 transreid.train INFO: Epoch 39 done. Time per epoch: 34.300[s] Speed: 393.7[samples/s] ETA: 0h46m
2026-05-29 09:23:42 transreid.train INFO: Epoch[40] Iter[20/227] Loss: 0.560, Acc: 0.906, Base Lr: 6.00e-04 | id_global: 0.511 tri_global: 0.049
2026-05-29 09:23:46 transreid.train INFO: Epoch[40] Iter[40/227] Loss: 0.512, Acc: 0.920, Base Lr: 6.00e-04 | id_global: 0.469 tri_global: 0.043
2026-05-29 09:23:49 transreid.train INFO: Epoch[40] Iter[60/227] Loss: 0.500, Acc: 0.917, Base Lr: 6.00e-04 | id_global: 0.458 tri_global: 0.042
2026-05-29 09:23:52 transreid.train INFO: Epoch[40] Iter[80/227] Loss: 0.485, Acc: 0.921, Base Lr: 6.00e-04 | id_global: 0.443 tri_global: 0.042
2026-05-29 09:23:55 transreid.train INFO: Epoch[40] Iter[100/227] Loss: 0.471, Acc: 0.927, Base Lr: 6.00e-04 | id_global: 0.430 tri_global: 0.042
2026-05-29 09:23:58 transreid.train INFO: Epoch[40] Iter[120/227] Loss: 0.460, Acc: 0.932, Base Lr: 6.00e-04 | id_global: 0.419 tri_global: 0.042
2026-05-29 09:24:01 transreid.train INFO: Epoch[40] Iter[140/227] Loss: 0.444, Acc: 0.937, Base Lr: 6.00e-04 | id_global: 0.403 tri_global: 0.040
2026-05-29 09:24:04 transreid.train INFO: Epoch[40] Iter[160/227] Loss: 0.430, Acc: 0.940, Base Lr: 6.00e-04 | id_global: 0.389 tri_global: 0.040
2026-05-29 09:24:08 transreid.train INFO: Epoch[40] Iter[180/227] Loss: 0.418, Acc: 0.943, Base Lr: 6.00e-04 | id_global: 0.378 tri_global: 0.040
2026-05-29 09:24:11 transreid.train INFO: Epoch[40] Iter[200/227] Loss: 0.402, Acc: 0.947, Base Lr: 6.00e-04 | id_global: 0.362 tri_global: 0.040
2026-05-29 09:24:13 transreid.train INFO: Epoch 40 done. Time per epoch: 34.409[s] Speed: 394.3[samples/s] ETA: 0h45m
The test feature is normalized
=> Computing DistMat with euclidean_distance
2026-05-29 09:25:00 transreid.train INFO: Validation Results - Epoch: 40
2026-05-29 09:25:00 transreid.train INFO: mAP: 52.6%
2026-05-29 09:25:00 transreid.train INFO: CMC curve, Rank-1  :60.7%
2026-05-29 09:25:00 transreid.train INFO: CMC curve, Rank-5  :75.7%
2026-05-29 09:25:00 transreid.train INFO: CMC curve, Rank-10 :81.0%
2026-05-29 09:25:05 transreid.train INFO: Epoch[41] Iter[20/227] Loss: 0.491, Acc: 0.926, Base Lr: 5.91e-04 | id_global: 0.450 tri_global: 0.040
2026-05-29 09:25:08 transreid.train INFO: Epoch[41] Iter[40/227] Loss: 0.466, Acc: 0.928, Base Lr: 5.91e-04 | id_global: 0.430 tri_global: 0.035
2026-05-29 09:25:11 transreid.train INFO: Epoch[41] Iter[60/227] Loss: 0.463, Acc: 0.929, Base Lr: 5.91e-04 | id_global: 0.427 tri_global: 0.036
2026-05-29 09:25:14 transreid.train INFO: Epoch[41] Iter[80/227] Loss: 0.452, Acc: 0.932, Base Lr: 5.91e-04 | id_global: 0.417 tri_global: 0.035
2026-05-29 09:25:17 transreid.train INFO: Epoch[41] Iter[100/227] Loss: 0.447, Acc: 0.938, Base Lr: 5.91e-04 | id_global: 0.407 tri_global: 0.041
2026-05-29 09:25:20 transreid.train INFO: Epoch[41] Iter[120/227] Loss: 0.438, Acc: 0.939, Base Lr: 5.91e-04 | id_global: 0.396 tri_global: 0.041
2026-05-29 09:25:24 transreid.train INFO: Epoch[41] Iter[140/227] Loss: 0.425, Acc: 0.943, Base Lr: 5.91e-04 | id_global: 0.384 tri_global: 0.041
2026-05-29 09:25:27 transreid.train INFO: Epoch[41] Iter[160/227] Loss: 0.413, Acc: 0.945, Base Lr: 5.91e-04 | id_global: 0.371 tri_global: 0.041
2026-05-29 09:25:30 transreid.train INFO: Epoch[41] Iter[180/227] Loss: 0.399, Acc: 0.948, Base Lr: 5.91e-04 | id_global: 0.360 tri_global: 0.039
2026-05-29 09:25:33 transreid.train INFO: Epoch[41] Iter[200/227] Loss: 0.383, Acc: 0.951, Base Lr: 5.91e-04 | id_global: 0.345 tri_global: 0.039
2026-05-29 09:25:35 transreid.train INFO: Epoch 41 done. Time per epoch: 34.500[s] Speed: 393.3[samples/s] ETA: 0h45m
2026-05-29 09:25:39 transreid.train INFO: Epoch[42] Iter[20/227] Loss: 0.499, Acc: 0.914, Base Lr: 5.82e-04 | id_global: 0.447 tri_global: 0.052
2026-05-29 09:25:42 transreid.train INFO: Epoch[42] Iter[40/227] Loss: 0.464, Acc: 0.924, Base Lr: 5.82e-04 | id_global: 0.426 tri_global: 0.038
2026-05-29 09:25:45 transreid.train INFO: Epoch[42] Iter[60/227] Loss: 0.442, Acc: 0.934, Base Lr: 5.82e-04 | id_global: 0.406 tri_global: 0.036
2026-05-29 09:25:49 transreid.train INFO: Epoch[42] Iter[80/227] Loss: 0.451, Acc: 0.931, Base Lr: 5.82e-04 | id_global: 0.409 tri_global: 0.042
2026-05-29 09:25:52 transreid.train INFO: Epoch[42] Iter[100/227] Loss: 0.439, Acc: 0.936, Base Lr: 5.82e-04 | id_global: 0.395 tri_global: 0.043
2026-05-29 09:25:55 transreid.train INFO: Epoch[42] Iter[120/227] Loss: 0.432, Acc: 0.939, Base Lr: 5.82e-04 | id_global: 0.386 tri_global: 0.046
2026-05-29 09:25:58 transreid.train INFO: Epoch[42] Iter[140/227] Loss: 0.417, Acc: 0.941, Base Lr: 5.82e-04 | id_global: 0.373 tri_global: 0.044
2026-05-29 09:26:01 transreid.train INFO: Epoch[42] Iter[160/227] Loss: 0.401, Acc: 0.946, Base Lr: 5.82e-04 | id_global: 0.359 tri_global: 0.042
2026-05-29 09:26:04 transreid.train INFO: Epoch[42] Iter[180/227] Loss: 0.387, Acc: 0.949, Base Lr: 5.82e-04 | id_global: 0.346 tri_global: 0.041
2026-05-29 09:26:07 transreid.train INFO: Epoch[42] Iter[200/227] Loss: 0.370, Acc: 0.952, Base Lr: 5.82e-04 | id_global: 0.330 tri_global: 0.040
2026-05-29 09:26:09 transreid.train INFO: Epoch 42 done. Time per epoch: 34.285[s] Speed: 393.9[samples/s] ETA: 0h44m
2026-05-29 09:26:13 transreid.train INFO: Epoch[43] Iter[20/227] Loss: 0.454, Acc: 0.927, Base Lr: 5.73e-04 | id_global: 0.413 tri_global: 0.041
2026-05-29 09:26:17 transreid.train INFO: Epoch[43] Iter[40/227] Loss: 0.423, Acc: 0.937, Base Lr: 5.73e-04 | id_global: 0.387 tri_global: 0.036
2026-05-29 09:26:20 transreid.train INFO: Epoch[43] Iter[60/227] Loss: 0.438, Acc: 0.930, Base Lr: 5.73e-04 | id_global: 0.396 tri_global: 0.042
2026-05-29 09:26:23 transreid.train INFO: Epoch[43] Iter[80/227] Loss: 0.421, Acc: 0.937, Base Lr: 5.73e-04 | id_global: 0.382 tri_global: 0.039
2026-05-29 09:26:26 transreid.train INFO: Epoch[43] Iter[100/227] Loss: 0.409, Acc: 0.943, Base Lr: 5.73e-04 | id_global: 0.371 tri_global: 0.038
2026-05-29 09:26:29 transreid.train INFO: Epoch[43] Iter[120/227] Loss: 0.403, Acc: 0.945, Base Lr: 5.73e-04 | id_global: 0.362 tri_global: 0.041
2026-05-29 09:26:32 transreid.train INFO: Epoch[43] Iter[140/227] Loss: 0.390, Acc: 0.949, Base Lr: 5.73e-04 | id_global: 0.350 tri_global: 0.040
2026-05-29 09:26:35 transreid.train INFO: Epoch[43] Iter[160/227] Loss: 0.378, Acc: 0.953, Base Lr: 5.73e-04 | id_global: 0.338 tri_global: 0.040
2026-05-29 09:26:39 transreid.train INFO: Epoch[43] Iter[180/227] Loss: 0.366, Acc: 0.957, Base Lr: 5.73e-04 | id_global: 0.327 tri_global: 0.039
2026-05-29 09:26:42 transreid.train INFO: Epoch[43] Iter[200/227] Loss: 0.354, Acc: 0.959, Base Lr: 5.73e-04 | id_global: 0.313 tri_global: 0.041
2026-05-29 09:26:44 transreid.train INFO: Epoch 43 done. Time per epoch: 34.652[s] Speed: 393.4[samples/s] ETA: 0h44m
2026-05-29 09:26:48 transreid.train INFO: Epoch[44] Iter[20/227] Loss: 0.439, Acc: 0.930, Base Lr: 5.63e-04 | id_global: 0.406 tri_global: 0.034
2026-05-29 09:26:51 transreid.train INFO: Epoch[44] Iter[40/227] Loss: 0.419, Acc: 0.938, Base Lr: 5.63e-04 | id_global: 0.382 tri_global: 0.037
2026-05-29 09:26:54 transreid.train INFO: Epoch[44] Iter[60/227] Loss: 0.431, Acc: 0.938, Base Lr: 5.63e-04 | id_global: 0.388 tri_global: 0.043
2026-05-29 09:26:58 transreid.train INFO: Epoch[44] Iter[80/227] Loss: 0.420, Acc: 0.941, Base Lr: 5.63e-04 | id_global: 0.373 tri_global: 0.047
2026-05-29 09:27:01 transreid.train INFO: Epoch[44] Iter[100/227] Loss: 0.411, Acc: 0.944, Base Lr: 5.63e-04 | id_global: 0.367 tri_global: 0.044
2026-05-29 09:27:04 transreid.train INFO: Epoch[44] Iter[120/227] Loss: 0.401, Acc: 0.946, Base Lr: 5.63e-04 | id_global: 0.357 tri_global: 0.044
2026-05-29 09:27:07 transreid.train INFO: Epoch[44] Iter[140/227] Loss: 0.387, Acc: 0.949, Base Lr: 5.63e-04 | id_global: 0.345 tri_global: 0.042
2026-05-29 09:27:10 transreid.train INFO: Epoch[44] Iter[160/227] Loss: 0.372, Acc: 0.953, Base Lr: 5.63e-04 | id_global: 0.332 tri_global: 0.040
2026-05-29 09:27:13 transreid.train INFO: Epoch[44] Iter[180/227] Loss: 0.361, Acc: 0.955, Base Lr: 5.63e-04 | id_global: 0.320 tri_global: 0.041
2026-05-29 09:27:16 transreid.train INFO: Epoch[44] Iter[200/227] Loss: 0.347, Acc: 0.958, Base Lr: 5.63e-04 | id_global: 0.306 tri_global: 0.041
2026-05-29 09:27:18 transreid.train INFO: Epoch 44 done. Time per epoch: 34.540[s] Speed: 392.8[samples/s] ETA: 0h43m
2026-05-29 09:27:23 transreid.train INFO: Epoch[45] Iter[20/227] Loss: 0.397, Acc: 0.943, Base Lr: 5.54e-04 | id_global: 0.367 tri_global: 0.031
2026-05-29 09:27:26 transreid.train INFO: Epoch[45] Iter[40/227] Loss: 0.416, Acc: 0.934, Base Lr: 5.54e-04 | id_global: 0.381 tri_global: 0.035
2026-05-29 09:27:29 transreid.train INFO: Epoch[45] Iter[60/227] Loss: 0.389, Acc: 0.946, Base Lr: 5.54e-04 | id_global: 0.358 tri_global: 0.032
2026-05-29 09:27:32 transreid.train INFO: Epoch[45] Iter[80/227] Loss: 0.380, Acc: 0.949, Base Lr: 5.54e-04 | id_global: 0.348 tri_global: 0.032
2026-05-29 09:27:35 transreid.train INFO: Epoch[45] Iter[100/227] Loss: 0.369, Acc: 0.952, Base Lr: 5.54e-04 | id_global: 0.337 tri_global: 0.032
2026-05-29 09:27:38 transreid.train INFO: Epoch[45] Iter[120/227] Loss: 0.365, Acc: 0.954, Base Lr: 5.54e-04 | id_global: 0.329 tri_global: 0.036
2026-05-29 09:27:41 transreid.train INFO: Epoch[45] Iter[140/227] Loss: 0.353, Acc: 0.957, Base Lr: 5.54e-04 | id_global: 0.319 tri_global: 0.035
2026-05-29 09:27:45 transreid.train INFO: Epoch[45] Iter[160/227] Loss: 0.347, Acc: 0.958, Base Lr: 5.54e-04 | id_global: 0.312 tri_global: 0.035
2026-05-29 09:27:48 transreid.train INFO: Epoch[45] Iter[180/227] Loss: 0.336, Acc: 0.960, Base Lr: 5.54e-04 | id_global: 0.302 tri_global: 0.034
2026-05-29 09:27:51 transreid.train INFO: Epoch[45] Iter[200/227] Loss: 0.322, Acc: 0.962, Base Lr: 5.54e-04 | id_global: 0.288 tri_global: 0.034
2026-05-29 09:27:53 transreid.train INFO: Epoch 45 done. Time per epoch: 34.474[s] Speed: 393.6[samples/s] ETA: 0h43m
2026-05-29 09:27:57 transreid.train INFO: Epoch[46] Iter[20/227] Loss: 0.385, Acc: 0.945, Base Lr: 5.44e-04 | id_global: 0.353 tri_global: 0.032
2026-05-29 09:28:00 transreid.train INFO: Epoch[46] Iter[40/227] Loss: 0.387, Acc: 0.950, Base Lr: 5.44e-04 | id_global: 0.350 tri_global: 0.037
2026-05-29 09:28:03 transreid.train INFO: Epoch[46] Iter[60/227] Loss: 0.389, Acc: 0.948, Base Lr: 5.44e-04 | id_global: 0.347 tri_global: 0.041
2026-05-29 09:28:06 transreid.train INFO: Epoch[46] Iter[80/227] Loss: 0.378, Acc: 0.953, Base Lr: 5.44e-04 | id_global: 0.339 tri_global: 0.039
2026-05-29 09:28:10 transreid.train INFO: Epoch[46] Iter[100/227] Loss: 0.358, Acc: 0.958, Base Lr: 5.44e-04 | id_global: 0.323 tri_global: 0.035
2026-05-29 09:28:13 transreid.train INFO: Epoch[46] Iter[120/227] Loss: 0.340, Acc: 0.962, Base Lr: 5.44e-04 | id_global: 0.309 tri_global: 0.030
2026-05-29 09:28:16 transreid.train INFO: Epoch[46] Iter[140/227] Loss: 0.334, Acc: 0.962, Base Lr: 5.44e-04 | id_global: 0.304 tri_global: 0.030
2026-05-29 09:28:19 transreid.train INFO: Epoch[46] Iter[160/227] Loss: 0.325, Acc: 0.963, Base Lr: 5.44e-04 | id_global: 0.295 tri_global: 0.030
2026-05-29 09:28:22 transreid.train INFO: Epoch[46] Iter[180/227] Loss: 0.317, Acc: 0.965, Base Lr: 5.44e-04 | id_global: 0.287 tri_global: 0.030
2026-05-29 09:28:25 transreid.train INFO: Epoch[46] Iter[200/227] Loss: 0.302, Acc: 0.967, Base Lr: 5.44e-04 | id_global: 0.273 tri_global: 0.029
2026-05-29 09:28:27 transreid.train INFO: Epoch 46 done. Time per epoch: 34.251[s] Speed: 394.3[samples/s] ETA: 0h42m
2026-05-29 09:28:31 transreid.train INFO: Epoch[47] Iter[20/227] Loss: 0.364, Acc: 0.958, Base Lr: 5.34e-04 | id_global: 0.329 tri_global: 0.035
2026-05-29 09:28:34 transreid.train INFO: Epoch[47] Iter[40/227] Loss: 0.363, Acc: 0.954, Base Lr: 5.34e-04 | id_global: 0.325 tri_global: 0.038
2026-05-29 09:28:38 transreid.train INFO: Epoch[47] Iter[60/227] Loss: 0.365, Acc: 0.956, Base Lr: 5.34e-04 | id_global: 0.322 tri_global: 0.043
2026-05-29 09:28:41 transreid.train INFO: Epoch[47] Iter[80/227] Loss: 0.348, Acc: 0.960, Base Lr: 5.34e-04 | id_global: 0.310 tri_global: 0.038
2026-05-29 09:28:44 transreid.train INFO: Epoch[47] Iter[100/227] Loss: 0.335, Acc: 0.963, Base Lr: 5.34e-04 | id_global: 0.298 tri_global: 0.038
2026-05-29 09:28:47 transreid.train INFO: Epoch[47] Iter[120/227] Loss: 0.328, Acc: 0.964, Base Lr: 5.34e-04 | id_global: 0.292 tri_global: 0.036
2026-05-29 09:28:50 transreid.train INFO: Epoch[47] Iter[140/227] Loss: 0.321, Acc: 0.965, Base Lr: 5.34e-04 | id_global: 0.285 tri_global: 0.036
2026-05-29 09:28:53 transreid.train INFO: Epoch[47] Iter[160/227] Loss: 0.314, Acc: 0.967, Base Lr: 5.34e-04 | id_global: 0.278 tri_global: 0.036
2026-05-29 09:28:56 transreid.train INFO: Epoch[47] Iter[180/227] Loss: 0.307, Acc: 0.968, Base Lr: 5.34e-04 | id_global: 0.270 tri_global: 0.037
2026-05-29 09:29:00 transreid.train INFO: Epoch[47] Iter[200/227] Loss: 0.295, Acc: 0.969, Base Lr: 5.34e-04 | id_global: 0.259 tri_global: 0.036
2026-05-29 09:29:02 transreid.train INFO: Epoch 47 done. Time per epoch: 34.583[s] Speed: 394.2[samples/s] ETA: 0h42m
2026-05-29 09:29:06 transreid.train INFO: Epoch[48] Iter[20/227] Loss: 0.328, Acc: 0.957, Base Lr: 5.24e-04 | id_global: 0.300 tri_global: 0.028
2026-05-29 09:29:09 transreid.train INFO: Epoch[48] Iter[40/227] Loss: 0.347, Acc: 0.953, Base Lr: 5.24e-04 | id_global: 0.320 tri_global: 0.027
2026-05-29 09:29:12 transreid.train INFO: Epoch[48] Iter[60/227] Loss: 0.348, Acc: 0.956, Base Lr: 5.24e-04 | id_global: 0.311 tri_global: 0.036
2026-05-29 09:29:15 transreid.train INFO: Epoch[48] Iter[80/227] Loss: 0.341, Acc: 0.958, Base Lr: 5.24e-04 | id_global: 0.305 tri_global: 0.036
2026-05-29 09:29:18 transreid.train INFO: Epoch[48] Iter[100/227] Loss: 0.329, Acc: 0.961, Base Lr: 5.24e-04 | id_global: 0.295 tri_global: 0.035
2026-05-29 09:29:22 transreid.train INFO: Epoch[48] Iter[120/227] Loss: 0.323, Acc: 0.962, Base Lr: 5.24e-04 | id_global: 0.287 tri_global: 0.036
2026-05-29 09:29:25 transreid.train INFO: Epoch[48] Iter[140/227] Loss: 0.316, Acc: 0.965, Base Lr: 5.24e-04 | id_global: 0.279 tri_global: 0.037
2026-05-29 09:29:28 transreid.train INFO: Epoch[48] Iter[160/227] Loss: 0.309, Acc: 0.967, Base Lr: 5.24e-04 | id_global: 0.273 tri_global: 0.036
2026-05-29 09:29:31 transreid.train INFO: Epoch[48] Iter[180/227] Loss: 0.302, Acc: 0.968, Base Lr: 5.24e-04 | id_global: 0.266 tri_global: 0.036
2026-05-29 09:29:34 transreid.train INFO: Epoch[48] Iter[200/227] Loss: 0.293, Acc: 0.968, Base Lr: 5.24e-04 | id_global: 0.256 tri_global: 0.036
2026-05-29 09:29:36 transreid.train INFO: Epoch 48 done. Time per epoch: 34.421[s] Speed: 394.2[samples/s] ETA: 0h41m
2026-05-29 09:29:40 transreid.train INFO: Epoch[49] Iter[20/227] Loss: 0.353, Acc: 0.955, Base Lr: 5.14e-04 | id_global: 0.305 tri_global: 0.048
2026-05-29 09:29:44 transreid.train INFO: Epoch[49] Iter[40/227] Loss: 0.361, Acc: 0.955, Base Lr: 5.14e-04 | id_global: 0.317 tri_global: 0.044
2026-05-29 09:29:47 transreid.train INFO: Epoch[49] Iter[60/227] Loss: 0.343, Acc: 0.960, Base Lr: 5.14e-04 | id_global: 0.301 tri_global: 0.042
2026-05-29 09:29:50 transreid.train INFO: Epoch[49] Iter[80/227] Loss: 0.333, Acc: 0.962, Base Lr: 5.14e-04 | id_global: 0.296 tri_global: 0.038
2026-05-29 09:29:53 transreid.train INFO: Epoch[49] Iter[100/227] Loss: 0.321, Acc: 0.963, Base Lr: 5.14e-04 | id_global: 0.287 tri_global: 0.034
2026-05-29 09:29:56 transreid.train INFO: Epoch[49] Iter[120/227] Loss: 0.310, Acc: 0.964, Base Lr: 5.14e-04 | id_global: 0.279 tri_global: 0.032
2026-05-29 09:29:59 transreid.train INFO: Epoch[49] Iter[140/227] Loss: 0.303, Acc: 0.966, Base Lr: 5.14e-04 | id_global: 0.270 tri_global: 0.033
2026-05-29 09:30:02 transreid.train INFO: Epoch[49] Iter[160/227] Loss: 0.294, Acc: 0.968, Base Lr: 5.14e-04 | id_global: 0.261 tri_global: 0.033
2026-05-29 09:30:05 transreid.train INFO: Epoch[49] Iter[180/227] Loss: 0.284, Acc: 0.970, Base Lr: 5.14e-04 | id_global: 0.253 tri_global: 0.032
2026-05-29 09:30:09 transreid.train INFO: Epoch[49] Iter[200/227] Loss: 0.274, Acc: 0.971, Base Lr: 5.14e-04 | id_global: 0.242 tri_global: 0.031
2026-05-29 09:30:11 transreid.train INFO: Epoch 49 done. Time per epoch: 34.455[s] Speed: 393.8[samples/s] ETA: 0h40m
2026-05-29 09:30:15 transreid.train INFO: Epoch[50] Iter[20/227] Loss: 0.310, Acc: 0.958, Base Lr: 5.04e-04 | id_global: 0.283 tri_global: 0.026
2026-05-29 09:30:18 transreid.train INFO: Epoch[50] Iter[40/227] Loss: 0.305, Acc: 0.963, Base Lr: 5.04e-04 | id_global: 0.282 tri_global: 0.023
2026-05-29 09:30:21 transreid.train INFO: Epoch[50] Iter[60/227] Loss: 0.299, Acc: 0.964, Base Lr: 5.04e-04 | id_global: 0.275 tri_global: 0.023
2026-05-29 09:30:24 transreid.train INFO: Epoch[50] Iter[80/227] Loss: 0.293, Acc: 0.966, Base Lr: 5.04e-04 | id_global: 0.269 tri_global: 0.023
2026-05-29 09:30:27 transreid.train INFO: Epoch[50] Iter[100/227] Loss: 0.286, Acc: 0.969, Base Lr: 5.04e-04 | id_global: 0.261 tri_global: 0.025
2026-05-29 09:30:30 transreid.train INFO: Epoch[50] Iter[120/227] Loss: 0.279, Acc: 0.970, Base Lr: 5.04e-04 | id_global: 0.257 tri_global: 0.023
2026-05-29 09:30:34 transreid.train INFO: Epoch[50] Iter[140/227] Loss: 0.272, Acc: 0.970, Base Lr: 5.04e-04 | id_global: 0.249 tri_global: 0.023
2026-05-29 09:30:37 transreid.train INFO: Epoch[50] Iter[160/227] Loss: 0.266, Acc: 0.971, Base Lr: 5.04e-04 | id_global: 0.244 tri_global: 0.022
2026-05-29 09:30:40 transreid.train INFO: Epoch[50] Iter[180/227] Loss: 0.260, Acc: 0.972, Base Lr: 5.04e-04 | id_global: 0.238 tri_global: 0.022
2026-05-29 09:30:43 transreid.train INFO: Epoch[50] Iter[200/227] Loss: 0.253, Acc: 0.972, Base Lr: 5.04e-04 | id_global: 0.230 tri_global: 0.023
2026-05-29 09:30:45 transreid.train INFO: Epoch 50 done. Time per epoch: 34.404[s] Speed: 394.4[samples/s] ETA: 0h40m
The test feature is normalized
=> Computing DistMat with euclidean_distance
2026-05-29 09:31:33 transreid.train INFO: Validation Results - Epoch: 50
2026-05-29 09:31:33 transreid.train INFO: mAP: 53.6%
2026-05-29 09:31:33 transreid.train INFO: CMC curve, Rank-1  :62.5%
2026-05-29 09:31:33 transreid.train INFO: CMC curve, Rank-5  :75.7%
2026-05-29 09:31:33 transreid.train INFO: CMC curve, Rank-10 :80.6%
2026-05-29 09:31:37 transreid.train INFO: Epoch[51] Iter[20/227] Loss: 0.341, Acc: 0.960, Base Lr: 4.94e-04 | id_global: 0.293 tri_global: 0.048
2026-05-29 09:31:40 transreid.train INFO: Epoch[51] Iter[40/227] Loss: 0.353, Acc: 0.959, Base Lr: 4.94e-04 | id_global: 0.298 tri_global: 0.055
2026-05-29 09:31:43 transreid.train INFO: Epoch[51] Iter[60/227] Loss: 0.336, Acc: 0.961, Base Lr: 4.94e-04 | id_global: 0.288 tri_global: 0.049
2026-05-29 09:31:46 transreid.train INFO: Epoch[51] Iter[80/227] Loss: 0.321, Acc: 0.965, Base Lr: 4.94e-04 | id_global: 0.277 tri_global: 0.044
2026-05-29 09:31:50 transreid.train INFO: Epoch[51] Iter[100/227] Loss: 0.308, Acc: 0.965, Base Lr: 4.94e-04 | id_global: 0.268 tri_global: 0.040
2026-05-29 09:31:53 transreid.train INFO: Epoch[51] Iter[120/227] Loss: 0.295, Acc: 0.967, Base Lr: 4.94e-04 | id_global: 0.259 tri_global: 0.037
2026-05-29 09:31:56 transreid.train INFO: Epoch[51] Iter[140/227] Loss: 0.282, Acc: 0.970, Base Lr: 4.94e-04 | id_global: 0.248 tri_global: 0.034
2026-05-29 09:31:59 transreid.train INFO: Epoch[51] Iter[160/227] Loss: 0.274, Acc: 0.971, Base Lr: 4.94e-04 | id_global: 0.241 tri_global: 0.034
2026-05-29 09:32:02 transreid.train INFO: Epoch[51] Iter[180/227] Loss: 0.267, Acc: 0.972, Base Lr: 4.94e-04 | id_global: 0.234 tri_global: 0.033
2026-05-29 09:32:05 transreid.train INFO: Epoch[51] Iter[200/227] Loss: 0.259, Acc: 0.973, Base Lr: 4.94e-04 | id_global: 0.226 tri_global: 0.033
2026-05-29 09:32:07 transreid.train INFO: Epoch 51 done. Time per epoch: 34.320[s] Speed: 393.5[samples/s] ETA: 0h39m
2026-05-29 09:32:11 transreid.train INFO: Epoch[52] Iter[20/227] Loss: 0.291, Acc: 0.958, Base Lr: 4.84e-04 | id_global: 0.271 tri_global: 0.021
2026-05-29 09:32:15 transreid.train INFO: Epoch[52] Iter[40/227] Loss: 0.290, Acc: 0.964, Base Lr: 4.84e-04 | id_global: 0.265 tri_global: 0.025
2026-05-29 09:32:18 transreid.train INFO: Epoch[52] Iter[60/227] Loss: 0.283, Acc: 0.968, Base Lr: 4.84e-04 | id_global: 0.259 tri_global: 0.025
2026-05-29 09:32:21 transreid.train INFO: Epoch[52] Iter[80/227] Loss: 0.270, Acc: 0.972, Base Lr: 4.84e-04 | id_global: 0.247 tri_global: 0.023
2026-05-29 09:32:24 transreid.train INFO: Epoch[52] Iter[100/227] Loss: 0.263, Acc: 0.972, Base Lr: 4.84e-04 | id_global: 0.240 tri_global: 0.024
2026-05-29 09:32:27 transreid.train INFO: Epoch[52] Iter[120/227] Loss: 0.259, Acc: 0.974, Base Lr: 4.84e-04 | id_global: 0.234 tri_global: 0.025
2026-05-29 09:32:30 transreid.train INFO: Epoch[52] Iter[140/227] Loss: 0.255, Acc: 0.973, Base Lr: 4.84e-04 | id_global: 0.229 tri_global: 0.026
2026-05-29 09:32:33 transreid.train INFO: Epoch[52] Iter[160/227] Loss: 0.252, Acc: 0.973, Base Lr: 4.84e-04 | id_global: 0.226 tri_global: 0.026
2026-05-29 09:32:37 transreid.train INFO: Epoch[52] Iter[180/227] Loss: 0.246, Acc: 0.975, Base Lr: 4.84e-04 | id_global: 0.220 tri_global: 0.026
2026-05-29 09:32:40 transreid.train INFO: Epoch[52] Iter[200/227] Loss: 0.238, Acc: 0.976, Base Lr: 4.84e-04 | id_global: 0.212 tri_global: 0.026
2026-05-29 09:32:41 transreid.train INFO: Epoch 52 done. Time per epoch: 34.340[s] Speed: 393.2[samples/s] ETA: 0h38m
2026-05-29 09:32:46 transreid.train INFO: Epoch[53] Iter[20/227] Loss: 0.280, Acc: 0.964, Base Lr: 4.74e-04 | id_global: 0.256 tri_global: 0.024
2026-05-29 09:32:49 transreid.train INFO: Epoch[53] Iter[40/227] Loss: 0.279, Acc: 0.967, Base Lr: 4.74e-04 | id_global: 0.257 tri_global: 0.022
2026-05-29 09:32:52 transreid.train INFO: Epoch[53] Iter[60/227] Loss: 0.271, Acc: 0.968, Base Lr: 4.74e-04 | id_global: 0.250 tri_global: 0.021
2026-05-29 09:32:55 transreid.train INFO: Epoch[53] Iter[80/227] Loss: 0.261, Acc: 0.971, Base Lr: 4.74e-04 | id_global: 0.244 tri_global: 0.018
2026-05-29 09:32:58 transreid.train INFO: Epoch[53] Iter[100/227] Loss: 0.259, Acc: 0.971, Base Lr: 4.74e-04 | id_global: 0.237 tri_global: 0.023
2026-05-29 09:33:01 transreid.train INFO: Epoch[53] Iter[120/227] Loss: 0.255, Acc: 0.972, Base Lr: 4.74e-04 | id_global: 0.232 tri_global: 0.022
2026-05-29 09:33:05 transreid.train INFO: Epoch[53] Iter[140/227] Loss: 0.249, Acc: 0.973, Base Lr: 4.74e-04 | id_global: 0.227 tri_global: 0.022
2026-05-29 09:33:08 transreid.train INFO: Epoch[53] Iter[160/227] Loss: 0.246, Acc: 0.973, Base Lr: 4.74e-04 | id_global: 0.223 tri_global: 0.023
2026-05-29 09:33:11 transreid.train INFO: Epoch[53] Iter[180/227] Loss: 0.238, Acc: 0.975, Base Lr: 4.74e-04 | id_global: 0.215 tri_global: 0.023
2026-05-29 09:33:14 transreid.train INFO: Epoch[53] Iter[200/227] Loss: 0.228, Acc: 0.976, Base Lr: 4.74e-04 | id_global: 0.205 tri_global: 0.023
2026-05-29 09:33:16 transreid.train INFO: Epoch 53 done. Time per epoch: 34.361[s] Speed: 393.0[samples/s] ETA: 0h38m
2026-05-29 09:33:20 transreid.train INFO: Epoch[54] Iter[20/227] Loss: 0.285, Acc: 0.966, Base Lr: 4.63e-04 | id_global: 0.258 tri_global: 0.028
2026-05-29 09:33:23 transreid.train INFO: Epoch[54] Iter[40/227] Loss: 0.268, Acc: 0.973, Base Lr: 4.63e-04 | id_global: 0.245 tri_global: 0.024
2026-05-29 09:33:26 transreid.train INFO: Epoch[54] Iter[60/227] Loss: 0.261, Acc: 0.973, Base Lr: 4.63e-04 | id_global: 0.240 tri_global: 0.022
2026-05-29 09:33:30 transreid.train INFO: Epoch[54] Iter[80/227] Loss: 0.259, Acc: 0.975, Base Lr: 4.63e-04 | id_global: 0.235 tri_global: 0.024
2026-05-29 09:33:33 transreid.train INFO: Epoch[54] Iter[100/227] Loss: 0.255, Acc: 0.974, Base Lr: 4.63e-04 | id_global: 0.230 tri_global: 0.024
2026-05-29 09:33:36 transreid.train INFO: Epoch[54] Iter[120/227] Loss: 0.252, Acc: 0.974, Base Lr: 4.63e-04 | id_global: 0.226 tri_global: 0.025
2026-05-29 09:33:39 transreid.train INFO: Epoch[54] Iter[140/227] Loss: 0.245, Acc: 0.976, Base Lr: 4.63e-04 | id_global: 0.219 tri_global: 0.026
2026-05-29 09:33:42 transreid.train INFO: Epoch[54] Iter[160/227] Loss: 0.243, Acc: 0.976, Base Lr: 4.63e-04 | id_global: 0.214 tri_global: 0.029
2026-05-29 09:33:45 transreid.train INFO: Epoch[54] Iter[180/227] Loss: 0.237, Acc: 0.977, Base Lr: 4.63e-04 | id_global: 0.208 tri_global: 0.029
2026-05-29 09:33:48 transreid.train INFO: Epoch[54] Iter[200/227] Loss: 0.227, Acc: 0.979, Base Lr: 4.63e-04 | id_global: 0.200 tri_global: 0.028
2026-05-29 09:33:50 transreid.train INFO: Epoch 54 done. Time per epoch: 34.460[s] Speed: 393.7[samples/s] ETA: 0h37m
2026-05-29 09:33:55 transreid.train INFO: Epoch[55] Iter[20/227] Loss: 0.266, Acc: 0.973, Base Lr: 4.53e-04 | id_global: 0.242 tri_global: 0.024
2026-05-29 09:33:58 transreid.train INFO: Epoch[55] Iter[40/227] Loss: 0.265, Acc: 0.972, Base Lr: 4.53e-04 | id_global: 0.242 tri_global: 0.023
2026-05-29 09:34:01 transreid.train INFO: Epoch[55] Iter[60/227] Loss: 0.255, Acc: 0.976, Base Lr: 4.53e-04 | id_global: 0.231 tri_global: 0.024
2026-05-29 09:34:04 transreid.train INFO: Epoch[55] Iter[80/227] Loss: 0.252, Acc: 0.975, Base Lr: 4.53e-04 | id_global: 0.231 tri_global: 0.021
2026-05-29 09:34:07 transreid.train INFO: Epoch[55] Iter[100/227] Loss: 0.246, Acc: 0.975, Base Lr: 4.53e-04 | id_global: 0.225 tri_global: 0.021
2026-05-29 09:34:10 transreid.train INFO: Epoch[55] Iter[120/227] Loss: 0.239, Acc: 0.976, Base Lr: 4.53e-04 | id_global: 0.217 tri_global: 0.022
2026-05-29 09:34:13 transreid.train INFO: Epoch[55] Iter[140/227] Loss: 0.236, Acc: 0.976, Base Lr: 4.53e-04 | id_global: 0.213 tri_global: 0.023
2026-05-29 09:34:17 transreid.train INFO: Epoch[55] Iter[160/227] Loss: 0.229, Acc: 0.977, Base Lr: 4.53e-04 | id_global: 0.206 tri_global: 0.023
2026-05-29 09:34:20 transreid.train INFO: Epoch[55] Iter[180/227] Loss: 0.224, Acc: 0.977, Base Lr: 4.53e-04 | id_global: 0.201 tri_global: 0.023
2026-05-29 09:34:23 transreid.train INFO: Epoch[55] Iter[200/227] Loss: 0.217, Acc: 0.979, Base Lr: 4.53e-04 | id_global: 0.193 tri_global: 0.023
2026-05-29 09:34:25 transreid.train INFO: Epoch 55 done. Time per epoch: 34.666[s] Speed: 393.2[samples/s] ETA: 0h37m
2026-05-29 09:34:29 transreid.train INFO: Epoch[56] Iter[20/227] Loss: 0.250, Acc: 0.975, Base Lr: 4.43e-04 | id_global: 0.223 tri_global: 0.027
2026-05-29 09:34:32 transreid.train INFO: Epoch[56] Iter[40/227] Loss: 0.262, Acc: 0.973, Base Lr: 4.43e-04 | id_global: 0.236 tri_global: 0.027
2026-05-29 09:34:36 transreid.train INFO: Epoch[56] Iter[60/227] Loss: 0.268, Acc: 0.973, Base Lr: 4.43e-04 | id_global: 0.237 tri_global: 0.031
2026-05-29 09:34:39 transreid.train INFO: Epoch[56] Iter[80/227] Loss: 0.259, Acc: 0.975, Base Lr: 4.43e-04 | id_global: 0.230 tri_global: 0.029
2026-05-29 09:34:42 transreid.train INFO: Epoch[56] Iter[100/227] Loss: 0.266, Acc: 0.974, Base Lr: 4.43e-04 | id_global: 0.228 tri_global: 0.038
2026-05-29 09:34:45 transreid.train INFO: Epoch[56] Iter[120/227] Loss: 0.266, Acc: 0.973, Base Lr: 4.43e-04 | id_global: 0.226 tri_global: 0.040
2026-05-29 09:34:48 transreid.train INFO: Epoch[56] Iter[140/227] Loss: 0.257, Acc: 0.974, Base Lr: 4.43e-04 | id_global: 0.219 tri_global: 0.038
2026-05-29 09:34:51 transreid.train INFO: Epoch[56] Iter[160/227] Loss: 0.250, Acc: 0.976, Base Lr: 4.43e-04 | id_global: 0.212 tri_global: 0.037
2026-05-29 09:34:54 transreid.train INFO: Epoch[56] Iter[180/227] Loss: 0.240, Acc: 0.978, Base Lr: 4.43e-04 | id_global: 0.204 tri_global: 0.036
2026-05-29 09:34:58 transreid.train INFO: Epoch[56] Iter[200/227] Loss: 0.232, Acc: 0.978, Base Lr: 4.43e-04 | id_global: 0.197 tri_global: 0.035
2026-05-29 09:34:59 transreid.train INFO: Epoch 56 done. Time per epoch: 34.523[s] Speed: 393.0[samples/s] ETA: 0h36m
2026-05-29 09:35:04 transreid.train INFO: Epoch[57] Iter[20/227] Loss: 0.270, Acc: 0.970, Base Lr: 4.32e-04 | id_global: 0.247 tri_global: 0.024
2026-05-29 09:35:07 transreid.train INFO: Epoch[57] Iter[40/227] Loss: 0.263, Acc: 0.973, Base Lr: 4.32e-04 | id_global: 0.230 tri_global: 0.032
2026-05-29 09:35:10 transreid.train INFO: Epoch[57] Iter[60/227] Loss: 0.255, Acc: 0.973, Base Lr: 4.32e-04 | id_global: 0.227 tri_global: 0.028
2026-05-29 09:35:13 transreid.train INFO: Epoch[57] Iter[80/227] Loss: 0.248, Acc: 0.974, Base Lr: 4.32e-04 | id_global: 0.220 tri_global: 0.028
2026-05-29 09:35:16 transreid.train INFO: Epoch[57] Iter[100/227] Loss: 0.241, Acc: 0.976, Base Lr: 4.32e-04 | id_global: 0.213 tri_global: 0.028
2026-05-29 09:35:19 transreid.train INFO: Epoch[57] Iter[120/227] Loss: 0.239, Acc: 0.976, Base Lr: 4.32e-04 | id_global: 0.211 tri_global: 0.029
2026-05-29 09:35:23 transreid.train INFO: Epoch[57] Iter[140/227] Loss: 0.232, Acc: 0.978, Base Lr: 4.32e-04 | id_global: 0.205 tri_global: 0.027
2026-05-29 09:35:26 transreid.train INFO: Epoch[57] Iter[160/227] Loss: 0.226, Acc: 0.979, Base Lr: 4.32e-04 | id_global: 0.199 tri_global: 0.027
2026-05-29 09:35:29 transreid.train INFO: Epoch[57] Iter[180/227] Loss: 0.220, Acc: 0.980, Base Lr: 4.32e-04 | id_global: 0.193 tri_global: 0.027
2026-05-29 09:35:32 transreid.train INFO: Epoch[57] Iter[200/227] Loss: 0.214, Acc: 0.980, Base Lr: 4.32e-04 | id_global: 0.187 tri_global: 0.027
2026-05-29 09:35:34 transreid.train INFO: Epoch 57 done. Time per epoch: 34.349[s] Speed: 393.1[samples/s] ETA: 0h36m
2026-05-29 09:35:38 transreid.train INFO: Epoch[58] Iter[20/227] Loss: 0.233, Acc: 0.973, Base Lr: 4.22e-04 | id_global: 0.221 tri_global: 0.012
2026-05-29 09:35:41 transreid.train INFO: Epoch[58] Iter[40/227] Loss: 0.240, Acc: 0.977, Base Lr: 4.22e-04 | id_global: 0.217 tri_global: 0.022
2026-05-29 09:35:44 transreid.train INFO: Epoch[58] Iter[60/227] Loss: 0.234, Acc: 0.975, Base Lr: 4.22e-04 | id_global: 0.211 tri_global: 0.023
2026-05-29 09:35:47 transreid.train INFO: Epoch[58] Iter[80/227] Loss: 0.235, Acc: 0.974, Base Lr: 4.22e-04 | id_global: 0.211 tri_global: 0.024
2026-05-29 09:35:51 transreid.train INFO: Epoch[58] Iter[100/227] Loss: 0.231, Acc: 0.976, Base Lr: 4.22e-04 | id_global: 0.206 tri_global: 0.025
2026-05-29 09:35:54 transreid.train INFO: Epoch[58] Iter[120/227] Loss: 0.225, Acc: 0.977, Base Lr: 4.22e-04 | id_global: 0.201 tri_global: 0.023
2026-05-29 09:35:57 transreid.train INFO: Epoch[58] Iter[140/227] Loss: 0.219, Acc: 0.977, Base Lr: 4.22e-04 | id_global: 0.196 tri_global: 0.023
2026-05-29 09:36:00 transreid.train INFO: Epoch[58] Iter[160/227] Loss: 0.213, Acc: 0.978, Base Lr: 4.22e-04 | id_global: 0.190 tri_global: 0.024
2026-05-29 09:36:03 transreid.train INFO: Epoch[58] Iter[180/227] Loss: 0.205, Acc: 0.980, Base Lr: 4.22e-04 | id_global: 0.183 tri_global: 0.022
2026-05-29 09:36:06 transreid.train INFO: Epoch[58] Iter[200/227] Loss: 0.197, Acc: 0.981, Base Lr: 4.22e-04 | id_global: 0.175 tri_global: 0.021
2026-05-29 09:36:08 transreid.train INFO: Epoch 58 done. Time per epoch: 34.676[s] Speed: 393.1[samples/s] ETA: 0h35m
2026-05-29 09:36:13 transreid.train INFO: Epoch[59] Iter[20/227] Loss: 0.242, Acc: 0.968, Base Lr: 4.11e-04 | id_global: 0.220 tri_global: 0.022
2026-05-29 09:36:16 transreid.train INFO: Epoch[59] Iter[40/227] Loss: 0.240, Acc: 0.972, Base Lr: 4.11e-04 | id_global: 0.214 tri_global: 0.026
2026-05-29 09:36:19 transreid.train INFO: Epoch[59] Iter[60/227] Loss: 0.235, Acc: 0.975, Base Lr: 4.11e-04 | id_global: 0.208 tri_global: 0.028
2026-05-29 09:36:22 transreid.train INFO: Epoch[59] Iter[80/227] Loss: 0.227, Acc: 0.976, Base Lr: 4.11e-04 | id_global: 0.203 tri_global: 0.025
2026-05-29 09:36:25 transreid.train INFO: Epoch[59] Iter[100/227] Loss: 0.220, Acc: 0.978, Base Lr: 4.11e-04 | id_global: 0.197 tri_global: 0.022
2026-05-29 09:36:28 transreid.train INFO: Epoch[59] Iter[120/227] Loss: 0.215, Acc: 0.979, Base Lr: 4.11e-04 | id_global: 0.193 tri_global: 0.022
2026-05-29 09:36:32 transreid.train INFO: Epoch[59] Iter[140/227] Loss: 0.211, Acc: 0.979, Base Lr: 4.11e-04 | id_global: 0.189 tri_global: 0.022
2026-05-29 09:36:35 transreid.train INFO: Epoch[59] Iter[160/227] Loss: 0.205, Acc: 0.980, Base Lr: 4.11e-04 | id_global: 0.184 tri_global: 0.021
2026-05-29 09:36:38 transreid.train INFO: Epoch[59] Iter[180/227] Loss: 0.201, Acc: 0.981, Base Lr: 4.11e-04 | id_global: 0.179 tri_global: 0.021
2026-05-29 09:36:41 transreid.train INFO: Epoch[59] Iter[200/227] Loss: 0.193, Acc: 0.982, Base Lr: 4.11e-04 | id_global: 0.172 tri_global: 0.021
2026-05-29 09:36:43 transreid.train INFO: Epoch 59 done. Time per epoch: 34.350[s] Speed: 393.1[samples/s] ETA: 0h34m
2026-05-29 09:36:47 transreid.train INFO: Epoch[60] Iter[20/227] Loss: 0.222, Acc: 0.983, Base Lr: 4.01e-04 | id_global: 0.198 tri_global: 0.024
2026-05-29 09:36:50 transreid.train INFO: Epoch[60] Iter[40/227] Loss: 0.219, Acc: 0.982, Base Lr: 4.01e-04 | id_global: 0.198 tri_global: 0.021
2026-05-29 09:36:53 transreid.train INFO: Epoch[60] Iter[60/227] Loss: 0.214, Acc: 0.982, Base Lr: 4.01e-04 | id_global: 0.195 tri_global: 0.019
2026-05-29 09:36:57 transreid.train INFO: Epoch[60] Iter[80/227] Loss: 0.217, Acc: 0.981, Base Lr: 4.01e-04 | id_global: 0.193 tri_global: 0.024
2026-05-29 09:37:00 transreid.train INFO: Epoch[60] Iter[100/227] Loss: 0.211, Acc: 0.982, Base Lr: 4.01e-04 | id_global: 0.188 tri_global: 0.024
2026-05-29 09:37:03 transreid.train INFO: Epoch[60] Iter[120/227] Loss: 0.205, Acc: 0.983, Base Lr: 4.01e-04 | id_global: 0.183 tri_global: 0.021
2026-05-29 09:37:06 transreid.train INFO: Epoch[60] Iter[140/227] Loss: 0.202, Acc: 0.983, Base Lr: 4.01e-04 | id_global: 0.181 tri_global: 0.022
2026-05-29 09:37:09 transreid.train INFO: Epoch[60] Iter[160/227] Loss: 0.200, Acc: 0.983, Base Lr: 4.01e-04 | id_global: 0.178 tri_global: 0.023
2026-05-29 09:37:12 transreid.train INFO: Epoch[60] Iter[180/227] Loss: 0.197, Acc: 0.984, Base Lr: 4.01e-04 | id_global: 0.173 tri_global: 0.023
2026-05-29 09:37:15 transreid.train INFO: Epoch[60] Iter[200/227] Loss: 0.190, Acc: 0.984, Base Lr: 4.01e-04 | id_global: 0.167 tri_global: 0.023
2026-05-29 09:37:17 transreid.train INFO: Epoch 60 done. Time per epoch: 34.511[s] Speed: 393.1[samples/s] ETA: 0h34m
The test feature is normalized
=> Computing DistMat with euclidean_distance
2026-05-29 09:38:08 transreid.train INFO: Validation Results - Epoch: 60
2026-05-29 09:38:08 transreid.train INFO: mAP: 56.3%
2026-05-29 09:38:08 transreid.train INFO: CMC curve, Rank-1  :65.4%
2026-05-29 09:38:08 transreid.train INFO: CMC curve, Rank-5  :78.9%
2026-05-29 09:38:08 transreid.train INFO: CMC curve, Rank-10 :83.8%
2026-05-29 09:38:12 transreid.train INFO: Epoch[61] Iter[20/227] Loss: 0.214, Acc: 0.981, Base Lr: 3.90e-04 | id_global: 0.199 tri_global: 0.015
2026-05-29 09:38:16 transreid.train INFO: Epoch[61] Iter[40/227] Loss: 0.218, Acc: 0.979, Base Lr: 3.90e-04 | id_global: 0.203 tri_global: 0.015
2026-05-29 09:38:19 transreid.train INFO: Epoch[61] Iter[60/227] Loss: 0.211, Acc: 0.979, Base Lr: 3.90e-04 | id_global: 0.195 tri_global: 0.016
2026-05-29 09:38:22 transreid.train INFO: Epoch[61] Iter[80/227] Loss: 0.212, Acc: 0.979, Base Lr: 3.90e-04 | id_global: 0.193 tri_global: 0.019
2026-05-29 09:38:25 transreid.train INFO: Epoch[61] Iter[100/227] Loss: 0.209, Acc: 0.979, Base Lr: 3.90e-04 | id_global: 0.190 tri_global: 0.019
2026-05-29 09:38:28 transreid.train INFO: Epoch[61] Iter[120/227] Loss: 0.203, Acc: 0.980, Base Lr: 3.90e-04 | id_global: 0.185 tri_global: 0.017
2026-05-29 09:38:31 transreid.train INFO: Epoch[61] Iter[140/227] Loss: 0.196, Acc: 0.981, Base Lr: 3.90e-04 | id_global: 0.179 tri_global: 0.017
2026-05-29 09:38:34 transreid.train INFO: Epoch[61] Iter[160/227] Loss: 0.191, Acc: 0.981, Base Lr: 3.90e-04 | id_global: 0.174 tri_global: 0.017
2026-05-29 09:38:38 transreid.train INFO: Epoch[61] Iter[180/227] Loss: 0.186, Acc: 0.982, Base Lr: 3.90e-04 | id_global: 0.169 tri_global: 0.018
2026-05-29 09:38:41 transreid.train INFO: Epoch[61] Iter[200/227] Loss: 0.178, Acc: 0.983, Base Lr: 3.90e-04 | id_global: 0.161 tri_global: 0.017
2026-05-29 09:38:43 transreid.train INFO: Epoch 61 done. Time per epoch: 34.765[s] Speed: 392.1[samples/s] ETA: 0h34m
2026-05-29 09:38:47 transreid.train INFO: Epoch[62] Iter[20/227] Loss: 0.229, Acc: 0.977, Base Lr: 3.80e-04 | id_global: 0.204 tri_global: 0.025
2026-05-29 09:38:50 transreid.train INFO: Epoch[62] Iter[40/227] Loss: 0.240, Acc: 0.977, Base Lr: 3.80e-04 | id_global: 0.200 tri_global: 0.041
2026-05-29 09:38:53 transreid.train INFO: Epoch[62] Iter[60/227] Loss: 0.225, Acc: 0.979, Base Lr: 3.80e-04 | id_global: 0.193 tri_global: 0.032
2026-05-29 09:38:57 transreid.train INFO: Epoch[62] Iter[80/227] Loss: 0.217, Acc: 0.978, Base Lr: 3.80e-04 | id_global: 0.188 tri_global: 0.029
2026-05-29 09:39:00 transreid.train INFO: Epoch[62] Iter[100/227] Loss: 0.211, Acc: 0.979, Base Lr: 3.80e-04 | id_global: 0.184 tri_global: 0.027
2026-05-29 09:39:03 transreid.train INFO: Epoch[62] Iter[120/227] Loss: 0.204, Acc: 0.980, Base Lr: 3.80e-04 | id_global: 0.180 tri_global: 0.025
2026-05-29 09:39:06 transreid.train INFO: Epoch[62] Iter[140/227] Loss: 0.198, Acc: 0.981, Base Lr: 3.80e-04 | id_global: 0.175 tri_global: 0.023
2026-05-29 09:39:09 transreid.train INFO: Epoch[62] Iter[160/227] Loss: 0.192, Acc: 0.982, Base Lr: 3.80e-04 | id_global: 0.170 tri_global: 0.022
2026-05-29 09:39:12 transreid.train INFO: Epoch[62] Iter[180/227] Loss: 0.188, Acc: 0.982, Base Lr: 3.80e-04 | id_global: 0.165 tri_global: 0.023
2026-05-29 09:39:15 transreid.train INFO: Epoch[62] Iter[200/227] Loss: 0.180, Acc: 0.983, Base Lr: 3.80e-04 | id_global: 0.158 tri_global: 0.022
2026-05-29 09:39:17 transreid.train INFO: Epoch 62 done. Time per epoch: 34.340[s] Speed: 393.2[samples/s] ETA: 0h33m
2026-05-29 09:39:22 transreid.train INFO: Epoch[63] Iter[20/227] Loss: 0.222, Acc: 0.979, Base Lr: 3.69e-04 | id_global: 0.197 tri_global: 0.025
2026-05-29 09:39:25 transreid.train INFO: Epoch[63] Iter[40/227] Loss: 0.209, Acc: 0.976, Base Lr: 3.69e-04 | id_global: 0.191 tri_global: 0.018
2026-05-29 09:39:28 transreid.train INFO: Epoch[63] Iter[60/227] Loss: 0.208, Acc: 0.976, Base Lr: 3.69e-04 | id_global: 0.191 tri_global: 0.017
2026-05-29 09:39:31 transreid.train INFO: Epoch[63] Iter[80/227] Loss: 0.205, Acc: 0.977, Base Lr: 3.69e-04 | id_global: 0.188 tri_global: 0.018
2026-05-29 09:39:34 transreid.train INFO: Epoch[63] Iter[100/227] Loss: 0.200, Acc: 0.977, Base Lr: 3.69e-04 | id_global: 0.182 tri_global: 0.018
2026-05-29 09:39:37 transreid.train INFO: Epoch[63] Iter[120/227] Loss: 0.194, Acc: 0.978, Base Lr: 3.69e-04 | id_global: 0.176 tri_global: 0.018
2026-05-29 09:39:40 transreid.train INFO: Epoch[63] Iter[140/227] Loss: 0.190, Acc: 0.979, Base Lr: 3.69e-04 | id_global: 0.172 tri_global: 0.018
2026-05-29 09:39:44 transreid.train INFO: Epoch[63] Iter[160/227] Loss: 0.185, Acc: 0.980, Base Lr: 3.69e-04 | id_global: 0.167 tri_global: 0.018
2026-05-29 09:39:47 transreid.train INFO: Epoch[63] Iter[180/227] Loss: 0.181, Acc: 0.981, Base Lr: 3.69e-04 | id_global: 0.161 tri_global: 0.019
2026-05-29 09:39:50 transreid.train INFO: Epoch[63] Iter[200/227] Loss: 0.173, Acc: 0.982, Base Lr: 3.69e-04 | id_global: 0.155 tri_global: 0.018
2026-05-29 09:39:52 transreid.train INFO: Epoch 63 done. Time per epoch: 34.454[s] Speed: 391.9[samples/s] ETA: 0h32m
2026-05-29 09:39:56 transreid.train INFO: Epoch[64] Iter[20/227] Loss: 0.213, Acc: 0.977, Base Lr: 3.59e-04 | id_global: 0.191 tri_global: 0.023
2026-05-29 09:39:59 transreid.train INFO: Epoch[64] Iter[40/227] Loss: 0.202, Acc: 0.978, Base Lr: 3.59e-04 | id_global: 0.186 tri_global: 0.016
2026-05-29 09:40:02 transreid.train INFO: Epoch[64] Iter[60/227] Loss: 0.198, Acc: 0.981, Base Lr: 3.59e-04 | id_global: 0.179 tri_global: 0.019
2026-05-29 09:40:05 transreid.train INFO: Epoch[64] Iter[80/227] Loss: 0.193, Acc: 0.984, Base Lr: 3.59e-04 | id_global: 0.174 tri_global: 0.019
2026-05-29 09:40:08 transreid.train INFO: Epoch[64] Iter[100/227] Loss: 0.189, Acc: 0.984, Base Lr: 3.59e-04 | id_global: 0.170 tri_global: 0.018
2026-05-29 09:40:12 transreid.train INFO: Epoch[64] Iter[120/227] Loss: 0.186, Acc: 0.984, Base Lr: 3.59e-04 | id_global: 0.168 tri_global: 0.018
2026-05-29 09:40:15 transreid.train INFO: Epoch[64] Iter[140/227] Loss: 0.185, Acc: 0.983, Base Lr: 3.59e-04 | id_global: 0.166 tri_global: 0.018
2026-05-29 09:40:18 transreid.train INFO: Epoch[64] Iter[160/227] Loss: 0.181, Acc: 0.983, Base Lr: 3.59e-04 | id_global: 0.162 tri_global: 0.019
2026-05-29 09:40:21 transreid.train INFO: Epoch[64] Iter[180/227] Loss: 0.176, Acc: 0.984, Base Lr: 3.59e-04 | id_global: 0.158 tri_global: 0.018
2026-05-29 09:40:24 transreid.train INFO: Epoch[64] Iter[200/227] Loss: 0.171, Acc: 0.984, Base Lr: 3.59e-04 | id_global: 0.153 tri_global: 0.018
2026-05-29 09:40:26 transreid.train INFO: Epoch 64 done. Time per epoch: 34.438[s] Speed: 394.0[samples/s] ETA: 0h32m
2026-05-29 09:40:30 transreid.train INFO: Epoch[65] Iter[20/227] Loss: 0.182, Acc: 0.990, Base Lr: 3.49e-04 | id_global: 0.171 tri_global: 0.011
2026-05-29 09:40:34 transreid.train INFO: Epoch[65] Iter[40/227] Loss: 0.191, Acc: 0.984, Base Lr: 3.49e-04 | id_global: 0.177 tri_global: 0.013
2026-05-29 09:40:37 transreid.train INFO: Epoch[65] Iter[60/227] Loss: 0.194, Acc: 0.983, Base Lr: 3.49e-04 | id_global: 0.177 tri_global: 0.017
2026-05-29 09:40:40 transreid.train INFO: Epoch[65] Iter[80/227] Loss: 0.189, Acc: 0.983, Base Lr: 3.49e-04 | id_global: 0.174 tri_global: 0.016
2026-05-29 09:40:43 transreid.train INFO: Epoch[65] Iter[100/227] Loss: 0.186, Acc: 0.984, Base Lr: 3.49e-04 | id_global: 0.170 tri_global: 0.017
2026-05-29 09:40:46 transreid.train INFO: Epoch[65] Iter[120/227] Loss: 0.183, Acc: 0.984, Base Lr: 3.49e-04 | id_global: 0.166 tri_global: 0.017
2026-05-29 09:40:49 transreid.train INFO: Epoch[65] Iter[140/227] Loss: 0.178, Acc: 0.984, Base Lr: 3.49e-04 | id_global: 0.161 tri_global: 0.017
2026-05-29 09:40:52 transreid.train INFO: Epoch[65] Iter[160/227] Loss: 0.176, Acc: 0.985, Base Lr: 3.49e-04 | id_global: 0.157 tri_global: 0.018
2026-05-29 09:40:56 transreid.train INFO: Epoch[65] Iter[180/227] Loss: 0.172, Acc: 0.985, Base Lr: 3.49e-04 | id_global: 0.154 tri_global: 0.018
2026-05-29 09:40:59 transreid.train INFO: Epoch[65] Iter[200/227] Loss: 0.167, Acc: 0.985, Base Lr: 3.49e-04 | id_global: 0.148 tri_global: 0.018
2026-05-29 09:41:01 transreid.train INFO: Epoch 65 done. Time per epoch: 34.736[s] Speed: 392.4[samples/s] ETA: 0h31m
2026-05-29 09:41:05 transreid.train INFO: Epoch[66] Iter[20/227] Loss: 0.228, Acc: 0.970, Base Lr: 3.38e-04 | id_global: 0.196 tri_global: 0.032
2026-05-29 09:41:08 transreid.train INFO: Epoch[66] Iter[40/227] Loss: 0.219, Acc: 0.975, Base Lr: 3.38e-04 | id_global: 0.190 tri_global: 0.030
2026-05-29 09:41:11 transreid.train INFO: Epoch[66] Iter[60/227] Loss: 0.208, Acc: 0.977, Base Lr: 3.38e-04 | id_global: 0.182 tri_global: 0.026
2026-05-29 09:41:15 transreid.train INFO: Epoch[66] Iter[80/227] Loss: 0.204, Acc: 0.979, Base Lr: 3.38e-04 | id_global: 0.177 tri_global: 0.027
2026-05-29 09:41:18 transreid.train INFO: Epoch[66] Iter[100/227] Loss: 0.196, Acc: 0.981, Base Lr: 3.38e-04 | id_global: 0.171 tri_global: 0.025
2026-05-29 09:41:21 transreid.train INFO: Epoch[66] Iter[120/227] Loss: 0.190, Acc: 0.981, Base Lr: 3.38e-04 | id_global: 0.166 tri_global: 0.024
2026-05-29 09:41:24 transreid.train INFO: Epoch[66] Iter[140/227] Loss: 0.186, Acc: 0.982, Base Lr: 3.38e-04 | id_global: 0.162 tri_global: 0.024
2026-05-29 09:41:27 transreid.train INFO: Epoch[66] Iter[160/227] Loss: 0.182, Acc: 0.982, Base Lr: 3.38e-04 | id_global: 0.159 tri_global: 0.024
2026-05-29 09:41:30 transreid.train INFO: Epoch[66] Iter[180/227] Loss: 0.178, Acc: 0.983, Base Lr: 3.38e-04 | id_global: 0.154 tri_global: 0.023
2026-05-29 09:41:33 transreid.train INFO: Epoch[66] Iter[200/227] Loss: 0.171, Acc: 0.984, Base Lr: 3.38e-04 | id_global: 0.148 tri_global: 0.023
2026-05-29 09:41:35 transreid.train INFO: Epoch 66 done. Time per epoch: 34.561[s] Speed: 392.6[samples/s] ETA: 0h31m
2026-05-29 09:41:40 transreid.train INFO: Epoch[67] Iter[20/227] Loss: 0.202, Acc: 0.978, Base Lr: 3.28e-04 | id_global: 0.185 tri_global: 0.017
2026-05-29 09:41:43 transreid.train INFO: Epoch[67] Iter[40/227] Loss: 0.191, Acc: 0.984, Base Lr: 3.28e-04 | id_global: 0.176 tri_global: 0.015
2026-05-29 09:41:46 transreid.train INFO: Epoch[67] Iter[60/227] Loss: 0.187, Acc: 0.983, Base Lr: 3.28e-04 | id_global: 0.170 tri_global: 0.017
2026-05-29 09:41:49 transreid.train INFO: Epoch[67] Iter[80/227] Loss: 0.187, Acc: 0.983, Base Lr: 3.28e-04 | id_global: 0.167 tri_global: 0.020
2026-05-29 09:41:52 transreid.train INFO: Epoch[67] Iter[100/227] Loss: 0.183, Acc: 0.983, Base Lr: 3.28e-04 | id_global: 0.164 tri_global: 0.019
2026-05-29 09:41:56 transreid.train INFO: Epoch[67] Iter[120/227] Loss: 0.180, Acc: 0.983, Base Lr: 3.28e-04 | id_global: 0.160 tri_global: 0.020
2026-05-29 09:41:59 transreid.train INFO: Epoch[67] Iter[140/227] Loss: 0.174, Acc: 0.984, Base Lr: 3.28e-04 | id_global: 0.156 tri_global: 0.019
2026-05-29 09:42:02 transreid.train INFO: Epoch[67] Iter[160/227] Loss: 0.168, Acc: 0.985, Base Lr: 3.28e-04 | id_global: 0.150 tri_global: 0.018
2026-05-29 09:42:05 transreid.train INFO: Epoch[67] Iter[180/227] Loss: 0.163, Acc: 0.985, Base Lr: 3.28e-04 | id_global: 0.146 tri_global: 0.017
2026-05-29 09:42:08 transreid.train INFO: Epoch[67] Iter[200/227] Loss: 0.155, Acc: 0.986, Base Lr: 3.28e-04 | id_global: 0.139 tri_global: 0.016
2026-05-29 09:42:10 transreid.train INFO: Epoch 67 done. Time per epoch: 34.634[s] Speed: 391.8[samples/s] ETA: 0h30m
2026-05-29 09:42:14 transreid.train INFO: Epoch[68] Iter[20/227] Loss: 0.196, Acc: 0.978, Base Lr: 3.18e-04 | id_global: 0.178 tri_global: 0.018
2026-05-29 09:42:18 transreid.train INFO: Epoch[68] Iter[40/227] Loss: 0.188, Acc: 0.975, Base Lr: 3.18e-04 | id_global: 0.171 tri_global: 0.017
2026-05-29 09:42:21 transreid.train INFO: Epoch[68] Iter[60/227] Loss: 0.187, Acc: 0.976, Base Lr: 3.18e-04 | id_global: 0.169 tri_global: 0.018
2026-05-29 09:42:24 transreid.train INFO: Epoch[68] Iter[80/227] Loss: 0.180, Acc: 0.979, Base Lr: 3.18e-04 | id_global: 0.164 tri_global: 0.017
2026-05-29 09:42:27 transreid.train INFO: Epoch[68] Iter[100/227] Loss: 0.177, Acc: 0.981, Base Lr: 3.18e-04 | id_global: 0.161 tri_global: 0.016
2026-05-29 09:42:30 transreid.train INFO: Epoch[68] Iter[120/227] Loss: 0.172, Acc: 0.982, Base Lr: 3.18e-04 | id_global: 0.157 tri_global: 0.015
2026-05-29 09:42:33 transreid.train INFO: Epoch[68] Iter[140/227] Loss: 0.166, Acc: 0.983, Base Lr: 3.18e-04 | id_global: 0.151 tri_global: 0.015
2026-05-29 09:42:36 transreid.train INFO: Epoch[68] Iter[160/227] Loss: 0.161, Acc: 0.983, Base Lr: 3.18e-04 | id_global: 0.147 tri_global: 0.014
2026-05-29 09:42:40 transreid.train INFO: Epoch[68] Iter[180/227] Loss: 0.156, Acc: 0.984, Base Lr: 3.18e-04 | id_global: 0.142 tri_global: 0.014
2026-05-29 09:42:43 transreid.train INFO: Epoch[68] Iter[200/227] Loss: 0.155, Acc: 0.985, Base Lr: 3.18e-04 | id_global: 0.137 tri_global: 0.018
2026-05-29 09:42:45 transreid.train INFO: Epoch 68 done. Time per epoch: 34.637[s] Speed: 391.7[samples/s] ETA: 0h30m
2026-05-29 09:42:49 transreid.train INFO: Epoch[69] Iter[20/227] Loss: 0.199, Acc: 0.976, Base Lr: 3.08e-04 | id_global: 0.173 tri_global: 0.025
2026-05-29 09:42:52 transreid.train INFO: Epoch[69] Iter[40/227] Loss: 0.187, Acc: 0.980, Base Lr: 3.08e-04 | id_global: 0.166 tri_global: 0.021
2026-05-29 09:42:55 transreid.train INFO: Epoch[69] Iter[60/227] Loss: 0.183, Acc: 0.980, Base Lr: 3.08e-04 | id_global: 0.162 tri_global: 0.021
2026-05-29 09:42:58 transreid.train INFO: Epoch[69] Iter[80/227] Loss: 0.175, Acc: 0.982, Base Lr: 3.08e-04 | id_global: 0.157 tri_global: 0.019
2026-05-29 09:43:02 transreid.train INFO: Epoch[69] Iter[100/227] Loss: 0.172, Acc: 0.983, Base Lr: 3.08e-04 | id_global: 0.154 tri_global: 0.018
2026-05-29 09:43:05 transreid.train INFO: Epoch[69] Iter[120/227] Loss: 0.170, Acc: 0.984, Base Lr: 3.08e-04 | id_global: 0.152 tri_global: 0.018
2026-05-29 09:43:08 transreid.train INFO: Epoch[69] Iter[140/227] Loss: 0.166, Acc: 0.985, Base Lr: 3.08e-04 | id_global: 0.148 tri_global: 0.018
2026-05-29 09:43:11 transreid.train INFO: Epoch[69] Iter[160/227] Loss: 0.163, Acc: 0.985, Base Lr: 3.08e-04 | id_global: 0.145 tri_global: 0.018
2026-05-29 09:43:14 transreid.train INFO: Epoch[69] Iter[180/227] Loss: 0.161, Acc: 0.985, Base Lr: 3.08e-04 | id_global: 0.142 tri_global: 0.019
2026-05-29 09:43:17 transreid.train INFO: Epoch[69] Iter[200/227] Loss: 0.157, Acc: 0.986, Base Lr: 3.08e-04 | id_global: 0.137 tri_global: 0.019
2026-05-29 09:43:19 transreid.train INFO: Epoch 69 done. Time per epoch: 34.641[s] Speed: 391.7[samples/s] ETA: 0h29m
2026-05-29 09:43:24 transreid.train INFO: Epoch[70] Iter[20/227] Loss: 0.183, Acc: 0.982, Base Lr: 2.97e-04 | id_global: 0.164 tri_global: 0.020
2026-05-29 09:43:27 transreid.train INFO: Epoch[70] Iter[40/227] Loss: 0.191, Acc: 0.977, Base Lr: 2.97e-04 | id_global: 0.169 tri_global: 0.023
2026-05-29 09:43:30 transreid.train INFO: Epoch[70] Iter[60/227] Loss: 0.192, Acc: 0.979, Base Lr: 2.97e-04 | id_global: 0.165 tri_global: 0.027
2026-05-29 09:43:33 transreid.train INFO: Epoch[70] Iter[80/227] Loss: 0.189, Acc: 0.980, Base Lr: 2.97e-04 | id_global: 0.160 tri_global: 0.028
2026-05-29 09:43:36 transreid.train INFO: Epoch[70] Iter[100/227] Loss: 0.182, Acc: 0.982, Base Lr: 2.97e-04 | id_global: 0.154 tri_global: 0.028
2026-05-29 09:43:39 transreid.train INFO: Epoch[70] Iter[120/227] Loss: 0.178, Acc: 0.982, Base Lr: 2.97e-04 | id_global: 0.151 tri_global: 0.027
2026-05-29 09:43:43 transreid.train INFO: Epoch[70] Iter[140/227] Loss: 0.173, Acc: 0.984, Base Lr: 2.97e-04 | id_global: 0.147 tri_global: 0.026
2026-05-29 09:43:46 transreid.train INFO: Epoch[70] Iter[160/227] Loss: 0.170, Acc: 0.984, Base Lr: 2.97e-04 | id_global: 0.144 tri_global: 0.025
2026-05-29 09:43:49 transreid.train INFO: Epoch[70] Iter[180/227] Loss: 0.164, Acc: 0.985, Base Lr: 2.97e-04 | id_global: 0.140 tri_global: 0.024
2026-05-29 09:43:52 transreid.train INFO: Epoch[70] Iter[200/227] Loss: 0.158, Acc: 0.986, Base Lr: 2.97e-04 | id_global: 0.135 tri_global: 0.023
2026-05-29 09:43:54 transreid.train INFO: Epoch 70 done. Time per epoch: 34.424[s] Speed: 392.3[samples/s] ETA: 0h28m
The test feature is normalized
=> Computing DistMat with euclidean_distance
2026-05-29 09:44:48 transreid.train INFO: Validation Results - Epoch: 70
2026-05-29 09:44:48 transreid.train INFO: mAP: 57.0%
2026-05-29 09:44:48 transreid.train INFO: CMC curve, Rank-1  :66.8%
2026-05-29 09:44:48 transreid.train INFO: CMC curve, Rank-5  :79.2%
2026-05-29 09:44:48 transreid.train INFO: CMC curve, Rank-10 :84.2%
2026-05-29 09:44:52 transreid.train INFO: Epoch[71] Iter[20/227] Loss: 0.190, Acc: 0.979, Base Lr: 2.87e-04 | id_global: 0.165 tri_global: 0.025
2026-05-29 09:44:55 transreid.train INFO: Epoch[71] Iter[40/227] Loss: 0.189, Acc: 0.982, Base Lr: 2.87e-04 | id_global: 0.164 tri_global: 0.025
2026-05-29 09:44:59 transreid.train INFO: Epoch[71] Iter[60/227] Loss: 0.184, Acc: 0.981, Base Lr: 2.87e-04 | id_global: 0.161 tri_global: 0.023
2026-05-29 09:45:02 transreid.train INFO: Epoch[71] Iter[80/227] Loss: 0.182, Acc: 0.981, Base Lr: 2.87e-04 | id_global: 0.160 tri_global: 0.022
2026-05-29 09:45:05 transreid.train INFO: Epoch[71] Iter[100/227] Loss: 0.177, Acc: 0.981, Base Lr: 2.87e-04 | id_global: 0.157 tri_global: 0.020
2026-05-29 09:45:08 transreid.train INFO: Epoch[71] Iter[120/227] Loss: 0.175, Acc: 0.982, Base Lr: 2.87e-04 | id_global: 0.153 tri_global: 0.021
2026-05-29 09:45:11 transreid.train INFO: Epoch[71] Iter[140/227] Loss: 0.167, Acc: 0.983, Base Lr: 2.87e-04 | id_global: 0.147 tri_global: 0.020
2026-05-29 09:45:14 transreid.train INFO: Epoch[71] Iter[160/227] Loss: 0.160, Acc: 0.984, Base Lr: 2.87e-04 | id_global: 0.142 tri_global: 0.018
2026-05-29 09:45:17 transreid.train INFO: Epoch[71] Iter[180/227] Loss: 0.156, Acc: 0.985, Base Lr: 2.87e-04 | id_global: 0.139 tri_global: 0.017
2026-05-29 09:45:21 transreid.train INFO: Epoch[71] Iter[200/227] Loss: 0.150, Acc: 0.986, Base Lr: 2.87e-04 | id_global: 0.133 tri_global: 0.017
2026-05-29 09:45:22 transreid.train INFO: Epoch 71 done. Time per epoch: 34.363[s] Speed: 393.0[samples/s] ETA: 0h28m
2026-05-29 09:45:27 transreid.train INFO: Epoch[72] Iter[20/227] Loss: 0.181, Acc: 0.978, Base Lr: 2.77e-04 | id_global: 0.163 tri_global: 0.018
2026-05-29 09:45:30 transreid.train INFO: Epoch[72] Iter[40/227] Loss: 0.174, Acc: 0.979, Base Lr: 2.77e-04 | id_global: 0.154 tri_global: 0.020
2026-05-29 09:45:33 transreid.train INFO: Epoch[72] Iter[60/227] Loss: 0.173, Acc: 0.980, Base Lr: 2.77e-04 | id_global: 0.151 tri_global: 0.021
2026-05-29 09:45:36 transreid.train INFO: Epoch[72] Iter[80/227] Loss: 0.170, Acc: 0.982, Base Lr: 2.77e-04 | id_global: 0.150 tri_global: 0.020
2026-05-29 09:45:39 transreid.train INFO: Epoch[72] Iter[100/227] Loss: 0.170, Acc: 0.982, Base Lr: 2.77e-04 | id_global: 0.148 tri_global: 0.021
2026-05-29 09:45:42 transreid.train INFO: Epoch[72] Iter[120/227] Loss: 0.168, Acc: 0.982, Base Lr: 2.77e-04 | id_global: 0.147 tri_global: 0.021
2026-05-29 09:45:46 transreid.train INFO: Epoch[72] Iter[140/227] Loss: 0.164, Acc: 0.983, Base Lr: 2.77e-04 | id_global: 0.144 tri_global: 0.020
2026-05-29 09:45:49 transreid.train INFO: Epoch[72] Iter[160/227] Loss: 0.158, Acc: 0.984, Base Lr: 2.77e-04 | id_global: 0.140 tri_global: 0.018
2026-05-29 09:45:52 transreid.train INFO: Epoch[72] Iter[180/227] Loss: 0.153, Acc: 0.985, Base Lr: 2.77e-04 | id_global: 0.135 tri_global: 0.018
2026-05-29 09:45:55 transreid.train INFO: Epoch[72] Iter[200/227] Loss: 0.145, Acc: 0.986, Base Lr: 2.77e-04 | id_global: 0.128 tri_global: 0.017
2026-05-29 09:45:57 transreid.train INFO: Epoch 72 done. Time per epoch: 34.608[s] Speed: 392.0[samples/s] ETA: 0h27m
2026-05-29 09:46:01 transreid.train INFO: Epoch[73] Iter[20/227] Loss: 0.168, Acc: 0.983, Base Lr: 2.68e-04 | id_global: 0.153 tri_global: 0.015
2026-05-29 09:46:04 transreid.train INFO: Epoch[73] Iter[40/227] Loss: 0.171, Acc: 0.984, Base Lr: 2.68e-04 | id_global: 0.156 tri_global: 0.015
2026-05-29 09:46:08 transreid.train INFO: Epoch[73] Iter[60/227] Loss: 0.166, Acc: 0.984, Base Lr: 2.68e-04 | id_global: 0.151 tri_global: 0.014
2026-05-29 09:46:11 transreid.train INFO: Epoch[73] Iter[80/227] Loss: 0.167, Acc: 0.984, Base Lr: 2.68e-04 | id_global: 0.150 tri_global: 0.017
2026-05-29 09:46:14 transreid.train INFO: Epoch[73] Iter[100/227] Loss: 0.162, Acc: 0.984, Base Lr: 2.68e-04 | id_global: 0.146 tri_global: 0.016
2026-05-29 09:46:17 transreid.train INFO: Epoch[73] Iter[120/227] Loss: 0.156, Acc: 0.985, Base Lr: 2.68e-04 | id_global: 0.142 tri_global: 0.015
2026-05-29 09:46:20 transreid.train INFO: Epoch[73] Iter[140/227] Loss: 0.153, Acc: 0.985, Base Lr: 2.68e-04 | id_global: 0.138 tri_global: 0.015
2026-05-29 09:46:23 transreid.train INFO: Epoch[73] Iter[160/227] Loss: 0.153, Acc: 0.986, Base Lr: 2.68e-04 | id_global: 0.135 tri_global: 0.018
2026-05-29 09:46:26 transreid.train INFO: Epoch[73] Iter[180/227] Loss: 0.147, Acc: 0.987, Base Lr: 2.68e-04 | id_global: 0.129 tri_global: 0.018
2026-05-29 09:46:30 transreid.train INFO: Epoch[73] Iter[200/227] Loss: 0.141, Acc: 0.988, Base Lr: 2.68e-04 | id_global: 0.124 tri_global: 0.017
2026-05-29 09:46:31 transreid.train INFO: Epoch 73 done. Time per epoch: 34.594[s] Speed: 392.2[samples/s] ETA: 0h27m
2026-05-29 09:46:36 transreid.train INFO: Epoch[74] Iter[20/227] Loss: 0.167, Acc: 0.982, Base Lr: 2.58e-04 | id_global: 0.153 tri_global: 0.013
2026-05-29 09:46:39 transreid.train INFO: Epoch[74] Iter[40/227] Loss: 0.165, Acc: 0.980, Base Lr: 2.58e-04 | id_global: 0.153 tri_global: 0.012
2026-05-29 09:46:42 transreid.train INFO: Epoch[74] Iter[60/227] Loss: 0.161, Acc: 0.983, Base Lr: 2.58e-04 | id_global: 0.148 tri_global: 0.013
2026-05-29 09:46:45 transreid.train INFO: Epoch[74] Iter[80/227] Loss: 0.156, Acc: 0.986, Base Lr: 2.58e-04 | id_global: 0.143 tri_global: 0.013
2026-05-29 09:46:48 transreid.train INFO: Epoch[74] Iter[100/227] Loss: 0.158, Acc: 0.985, Base Lr: 2.58e-04 | id_global: 0.143 tri_global: 0.015
2026-05-29 09:46:52 transreid.train INFO: Epoch[74] Iter[120/227] Loss: 0.156, Acc: 0.985, Base Lr: 2.58e-04 | id_global: 0.140 tri_global: 0.017
2026-05-29 09:46:55 transreid.train INFO: Epoch[74] Iter[140/227] Loss: 0.150, Acc: 0.986, Base Lr: 2.58e-04 | id_global: 0.135 tri_global: 0.015
2026-05-29 09:46:58 transreid.train INFO: Epoch[74] Iter[160/227] Loss: 0.147, Acc: 0.987, Base Lr: 2.58e-04 | id_global: 0.132 tri_global: 0.015
2026-05-29 09:47:01 transreid.train INFO: Epoch[74] Iter[180/227] Loss: 0.143, Acc: 0.988, Base Lr: 2.58e-04 | id_global: 0.129 tri_global: 0.014
2026-05-29 09:47:04 transreid.train INFO: Epoch[74] Iter[200/227] Loss: 0.138, Acc: 0.988, Base Lr: 2.58e-04 | id_global: 0.124 tri_global: 0.014
2026-05-29 09:47:06 transreid.train INFO: Epoch 74 done. Time per epoch: 34.750[s] Speed: 392.3[samples/s] ETA: 0h26m
2026-05-29 09:47:11 transreid.train INFO: Epoch[75] Iter[20/227] Loss: 0.168, Acc: 0.984, Base Lr: 2.48e-04 | id_global: 0.155 tri_global: 0.013
2026-05-29 09:47:14 transreid.train INFO: Epoch[75] Iter[40/227] Loss: 0.164, Acc: 0.984, Base Lr: 2.48e-04 | id_global: 0.148 tri_global: 0.016
2026-05-29 09:47:17 transreid.train INFO: Epoch[75] Iter[60/227] Loss: 0.163, Acc: 0.984, Base Lr: 2.48e-04 | id_global: 0.148 tri_global: 0.014
2026-05-29 09:47:20 transreid.train INFO: Epoch[75] Iter[80/227] Loss: 0.157, Acc: 0.986, Base Lr: 2.48e-04 | id_global: 0.143 tri_global: 0.014
2026-05-29 09:47:23 transreid.train INFO: Epoch[75] Iter[100/227] Loss: 0.154, Acc: 0.986, Base Lr: 2.48e-04 | id_global: 0.141 tri_global: 0.013
2026-05-29 09:47:26 transreid.train INFO: Epoch[75] Iter[120/227] Loss: 0.153, Acc: 0.986, Base Lr: 2.48e-04 | id_global: 0.138 tri_global: 0.014
2026-05-29 09:47:30 transreid.train INFO: Epoch[75] Iter[140/227] Loss: 0.150, Acc: 0.986, Base Lr: 2.48e-04 | id_global: 0.135 tri_global: 0.015
2026-05-29 09:47:33 transreid.train INFO: Epoch[75] Iter[160/227] Loss: 0.148, Acc: 0.987, Base Lr: 2.48e-04 | id_global: 0.133 tri_global: 0.015
2026-05-29 09:47:36 transreid.train INFO: Epoch[75] Iter[180/227] Loss: 0.144, Acc: 0.987, Base Lr: 2.48e-04 | id_global: 0.129 tri_global: 0.015
2026-05-29 09:47:39 transreid.train INFO: Epoch[75] Iter[200/227] Loss: 0.138, Acc: 0.987, Base Lr: 2.48e-04 | id_global: 0.124 tri_global: 0.014
2026-05-29 09:47:41 transreid.train INFO: Epoch 75 done. Time per epoch: 34.784[s] Speed: 391.9[samples/s] ETA: 0h26m
2026-05-29 09:47:45 transreid.train INFO: Epoch[76] Iter[20/227] Loss: 0.157, Acc: 0.987, Base Lr: 2.38e-04 | id_global: 0.139 tri_global: 0.018
2026-05-29 09:47:49 transreid.train INFO: Epoch[76] Iter[40/227] Loss: 0.155, Acc: 0.984, Base Lr: 2.38e-04 | id_global: 0.143 tri_global: 0.012
2026-05-29 09:47:52 transreid.train INFO: Epoch[76] Iter[60/227] Loss: 0.150, Acc: 0.985, Base Lr: 2.38e-04 | id_global: 0.138 tri_global: 0.013
2026-05-29 09:47:55 transreid.train INFO: Epoch[76] Iter[80/227] Loss: 0.150, Acc: 0.986, Base Lr: 2.38e-04 | id_global: 0.135 tri_global: 0.015
2026-05-29 09:47:58 transreid.train INFO: Epoch[76] Iter[100/227] Loss: 0.149, Acc: 0.987, Base Lr: 2.38e-04 | id_global: 0.134 tri_global: 0.015
2026-05-29 09:48:01 transreid.train INFO: Epoch[76] Iter[120/227] Loss: 0.143, Acc: 0.988, Base Lr: 2.38e-04 | id_global: 0.130 tri_global: 0.013
2026-05-29 09:48:04 transreid.train INFO: Epoch[76] Iter[140/227] Loss: 0.140, Acc: 0.989, Base Lr: 2.38e-04 | id_global: 0.126 tri_global: 0.014
2026-05-29 09:48:07 transreid.train INFO: Epoch[76] Iter[160/227] Loss: 0.136, Acc: 0.989, Base Lr: 2.38e-04 | id_global: 0.123 tri_global: 0.013
2026-05-29 09:48:11 transreid.train INFO: Epoch[76] Iter[180/227] Loss: 0.135, Acc: 0.989, Base Lr: 2.38e-04 | id_global: 0.121 tri_global: 0.014
2026-05-29 09:48:14 transreid.train INFO: Epoch[76] Iter[200/227] Loss: 0.132, Acc: 0.989, Base Lr: 2.38e-04 | id_global: 0.118 tri_global: 0.014
2026-05-29 09:48:16 transreid.train INFO: Epoch 76 done. Time per epoch: 34.594[s] Speed: 392.2[samples/s] ETA: 0h25m
2026-05-29 09:48:20 transreid.train INFO: Epoch[77] Iter[20/227] Loss: 0.169, Acc: 0.980, Base Lr: 2.29e-04 | id_global: 0.154 tri_global: 0.015
2026-05-29 09:48:23 transreid.train INFO: Epoch[77] Iter[40/227] Loss: 0.166, Acc: 0.983, Base Lr: 2.29e-04 | id_global: 0.148 tri_global: 0.019
2026-05-29 09:48:26 transreid.train INFO: Epoch[77] Iter[60/227] Loss: 0.166, Acc: 0.983, Base Lr: 2.29e-04 | id_global: 0.143 tri_global: 0.023
2026-05-29 09:48:29 transreid.train INFO: Epoch[77] Iter[80/227] Loss: 0.162, Acc: 0.985, Base Lr: 2.29e-04 | id_global: 0.140 tri_global: 0.022
2026-05-29 09:48:33 transreid.train INFO: Epoch[77] Iter[100/227] Loss: 0.158, Acc: 0.985, Base Lr: 2.29e-04 | id_global: 0.138 tri_global: 0.020
2026-05-29 09:48:36 transreid.train INFO: Epoch[77] Iter[120/227] Loss: 0.153, Acc: 0.985, Base Lr: 2.29e-04 | id_global: 0.135 tri_global: 0.018
2026-05-29 09:48:39 transreid.train INFO: Epoch[77] Iter[140/227] Loss: 0.149, Acc: 0.986, Base Lr: 2.29e-04 | id_global: 0.131 tri_global: 0.018
2026-05-29 09:48:42 transreid.train INFO: Epoch[77] Iter[160/227] Loss: 0.145, Acc: 0.986, Base Lr: 2.29e-04 | id_global: 0.128 tri_global: 0.017
2026-05-29 09:48:45 transreid.train INFO: Epoch[77] Iter[180/227] Loss: 0.141, Acc: 0.987, Base Lr: 2.29e-04 | id_global: 0.125 tri_global: 0.016
2026-05-29 09:48:48 transreid.train INFO: Epoch[77] Iter[200/227] Loss: 0.135, Acc: 0.987, Base Lr: 2.29e-04 | id_global: 0.119 tri_global: 0.016
2026-05-29 09:48:50 transreid.train INFO: Epoch 77 done. Time per epoch: 34.598[s] Speed: 392.2[samples/s] ETA: 0h24m
2026-05-29 09:48:55 transreid.train INFO: Epoch[78] Iter[20/227] Loss: 0.147, Acc: 0.986, Base Lr: 2.20e-04 | id_global: 0.139 tri_global: 0.008
2026-05-29 09:48:58 transreid.train INFO: Epoch[78] Iter[40/227] Loss: 0.145, Acc: 0.986, Base Lr: 2.20e-04 | id_global: 0.135 tri_global: 0.009
2026-05-29 09:49:01 transreid.train INFO: Epoch[78] Iter[60/227] Loss: 0.144, Acc: 0.988, Base Lr: 2.20e-04 | id_global: 0.134 tri_global: 0.010
2026-05-29 09:49:04 transreid.train INFO: Epoch[78] Iter[80/227] Loss: 0.146, Acc: 0.987, Base Lr: 2.20e-04 | id_global: 0.135 tri_global: 0.011
2026-05-29 09:49:07 transreid.train INFO: Epoch[78] Iter[100/227] Loss: 0.146, Acc: 0.985, Base Lr: 2.20e-04 | id_global: 0.134 tri_global: 0.012
2026-05-29 09:49:10 transreid.train INFO: Epoch[78] Iter[120/227] Loss: 0.142, Acc: 0.986, Base Lr: 2.20e-04 | id_global: 0.130 tri_global: 0.012
2026-05-29 09:49:13 transreid.train INFO: Epoch[78] Iter[140/227] Loss: 0.143, Acc: 0.986, Base Lr: 2.20e-04 | id_global: 0.127 tri_global: 0.015
2026-05-29 09:49:17 transreid.train INFO: Epoch[78] Iter[160/227] Loss: 0.139, Acc: 0.987, Base Lr: 2.20e-04 | id_global: 0.124 tri_global: 0.015
2026-05-29 09:49:20 transreid.train INFO: Epoch[78] Iter[180/227] Loss: 0.137, Acc: 0.988, Base Lr: 2.20e-04 | id_global: 0.121 tri_global: 0.016
2026-05-29 09:49:23 transreid.train INFO: Epoch[78] Iter[200/227] Loss: 0.133, Acc: 0.988, Base Lr: 2.20e-04 | id_global: 0.117 tri_global: 0.016
2026-05-29 09:49:25 transreid.train INFO: Epoch 78 done. Time per epoch: 34.559[s] Speed: 392.6[samples/s] ETA: 0h24m
2026-05-29 09:49:29 transreid.train INFO: Epoch[79] Iter[20/227] Loss: 0.152, Acc: 0.984, Base Lr: 2.10e-04 | id_global: 0.144 tri_global: 0.008
2026-05-29 09:49:32 transreid.train INFO: Epoch[79] Iter[40/227] Loss: 0.147, Acc: 0.985, Base Lr: 2.10e-04 | id_global: 0.139 tri_global: 0.009
2026-05-29 09:49:35 transreid.train INFO: Epoch[79] Iter[60/227] Loss: 0.147, Acc: 0.985, Base Lr: 2.10e-04 | id_global: 0.138 tri_global: 0.009
2026-05-29 09:49:39 transreid.train INFO: Epoch[79] Iter[80/227] Loss: 0.144, Acc: 0.986, Base Lr: 2.10e-04 | id_global: 0.135 tri_global: 0.009
2026-05-29 09:49:42 transreid.train INFO: Epoch[79] Iter[100/227] Loss: 0.143, Acc: 0.987, Base Lr: 2.10e-04 | id_global: 0.132 tri_global: 0.012
2026-05-29 09:49:45 transreid.train INFO: Epoch[79] Iter[120/227] Loss: 0.141, Acc: 0.988, Base Lr: 2.10e-04 | id_global: 0.129 tri_global: 0.012
2026-05-29 09:49:48 transreid.train INFO: Epoch[79] Iter[140/227] Loss: 0.139, Acc: 0.988, Base Lr: 2.10e-04 | id_global: 0.126 tri_global: 0.013
2026-05-29 09:49:51 transreid.train INFO: Epoch[79] Iter[160/227] Loss: 0.139, Acc: 0.988, Base Lr: 2.10e-04 | id_global: 0.123 tri_global: 0.016
2026-05-29 09:49:54 transreid.train INFO: Epoch[79] Iter[180/227] Loss: 0.138, Acc: 0.988, Base Lr: 2.10e-04 | id_global: 0.121 tri_global: 0.017
2026-05-29 09:49:57 transreid.train INFO: Epoch[79] Iter[200/227] Loss: 0.134, Acc: 0.989, Base Lr: 2.10e-04 | id_global: 0.116 tri_global: 0.018
2026-05-29 09:49:59 transreid.train INFO: Epoch 79 done. Time per epoch: 34.453[s] Speed: 392.0[samples/s] ETA: 0h23m
2026-05-29 09:50:04 transreid.train INFO: Epoch[80] Iter[20/227] Loss: 0.158, Acc: 0.988, Base Lr: 2.01e-04 | id_global: 0.137 tri_global: 0.021
2026-05-29 09:50:07 transreid.train INFO: Epoch[80] Iter[40/227] Loss: 0.151, Acc: 0.988, Base Lr: 2.01e-04 | id_global: 0.136 tri_global: 0.015
2026-05-29 09:50:10 transreid.train INFO: Epoch[80] Iter[60/227] Loss: 0.154, Acc: 0.987, Base Lr: 2.01e-04 | id_global: 0.137 tri_global: 0.016
2026-05-29 09:50:13 transreid.train INFO: Epoch[80] Iter[80/227] Loss: 0.156, Acc: 0.986, Base Lr: 2.01e-04 | id_global: 0.137 tri_global: 0.019
2026-05-29 09:50:16 transreid.train INFO: Epoch[80] Iter[100/227] Loss: 0.148, Acc: 0.987, Base Lr: 2.01e-04 | id_global: 0.132 tri_global: 0.016
2026-05-29 09:50:19 transreid.train INFO: Epoch[80] Iter[120/227] Loss: 0.144, Acc: 0.987, Base Lr: 2.01e-04 | id_global: 0.128 tri_global: 0.016
2026-05-29 09:50:22 transreid.train INFO: Epoch[80] Iter[140/227] Loss: 0.142, Acc: 0.988, Base Lr: 2.01e-04 | id_global: 0.125 tri_global: 0.017
2026-05-29 09:50:26 transreid.train INFO: Epoch[80] Iter[160/227] Loss: 0.138, Acc: 0.989, Base Lr: 2.01e-04 | id_global: 0.121 tri_global: 0.017
2026-05-29 09:50:29 transreid.train INFO: Epoch[80] Iter[180/227] Loss: 0.133, Acc: 0.989, Base Lr: 2.01e-04 | id_global: 0.117 tri_global: 0.016
2026-05-29 09:50:32 transreid.train INFO: Epoch[80] Iter[200/227] Loss: 0.129, Acc: 0.990, Base Lr: 2.01e-04 | id_global: 0.112 tri_global: 0.016
2026-05-29 09:50:34 transreid.train INFO: Epoch 80 done. Time per epoch: 34.679[s] Speed: 393.1[samples/s] ETA: 0h23m
The test feature is normalized
=> Computing DistMat with euclidean_distance
2026-05-29 09:51:22 transreid.train INFO: Validation Results - Epoch: 80
2026-05-29 09:51:22 transreid.train INFO: mAP: 58.6%
2026-05-29 09:51:22 transreid.train INFO: CMC curve, Rank-1  :68.2%
2026-05-29 09:51:22 transreid.train INFO: CMC curve, Rank-5  :81.2%
2026-05-29 09:51:22 transreid.train INFO: CMC curve, Rank-10 :85.8%
2026-05-29 09:51:26 transreid.train INFO: Epoch[81] Iter[20/227] Loss: 0.192, Acc: 0.978, Base Lr: 1.92e-04 | id_global: 0.157 tri_global: 0.036
2026-05-29 09:51:29 transreid.train INFO: Epoch[81] Iter[40/227] Loss: 0.169, Acc: 0.980, Base Lr: 1.92e-04 | id_global: 0.147 tri_global: 0.022
2026-05-29 09:51:32 transreid.train INFO: Epoch[81] Iter[60/227] Loss: 0.160, Acc: 0.983, Base Lr: 1.92e-04 | id_global: 0.141 tri_global: 0.019
2026-05-29 09:51:36 transreid.train INFO: Epoch[81] Iter[80/227] Loss: 0.154, Acc: 0.985, Base Lr: 1.92e-04 | id_global: 0.136 tri_global: 0.018
2026-05-29 09:51:39 transreid.train INFO: Epoch[81] Iter[100/227] Loss: 0.151, Acc: 0.985, Base Lr: 1.92e-04 | id_global: 0.133 tri_global: 0.017
2026-05-29 09:51:42 transreid.train INFO: Epoch[81] Iter[120/227] Loss: 0.146, Acc: 0.986, Base Lr: 1.92e-04 | id_global: 0.130 tri_global: 0.016
2026-05-29 09:51:45 transreid.train INFO: Epoch[81] Iter[140/227] Loss: 0.141, Acc: 0.987, Base Lr: 1.92e-04 | id_global: 0.126 tri_global: 0.015
2026-05-29 09:51:48 transreid.train INFO: Epoch[81] Iter[160/227] Loss: 0.137, Acc: 0.987, Base Lr: 1.92e-04 | id_global: 0.123 tri_global: 0.014
2026-05-29 09:51:51 transreid.train INFO: Epoch[81] Iter[180/227] Loss: 0.132, Acc: 0.988, Base Lr: 1.92e-04 | id_global: 0.119 tri_global: 0.013
2026-05-29 09:51:54 transreid.train INFO: Epoch[81] Iter[200/227] Loss: 0.128, Acc: 0.988, Base Lr: 1.92e-04 | id_global: 0.114 tri_global: 0.014
2026-05-29 09:51:56 transreid.train INFO: Epoch 81 done. Time per epoch: 34.649[s] Speed: 391.6[samples/s] ETA: 0h22m
2026-05-29 09:52:01 transreid.train INFO: Epoch[82] Iter[20/227] Loss: 0.149, Acc: 0.984, Base Lr: 1.83e-04 | id_global: 0.141 tri_global: 0.008
2026-05-29 09:52:04 transreid.train INFO: Epoch[82] Iter[40/227] Loss: 0.158, Acc: 0.985, Base Lr: 1.83e-04 | id_global: 0.140 tri_global: 0.018
2026-05-29 09:52:07 transreid.train INFO: Epoch[82] Iter[60/227] Loss: 0.144, Acc: 0.987, Base Lr: 1.83e-04 | id_global: 0.130 tri_global: 0.015
2026-05-29 09:52:10 transreid.train INFO: Epoch[82] Iter[80/227] Loss: 0.142, Acc: 0.987, Base Lr: 1.83e-04 | id_global: 0.128 tri_global: 0.014
2026-05-29 09:52:13 transreid.train INFO: Epoch[82] Iter[100/227] Loss: 0.141, Acc: 0.987, Base Lr: 1.83e-04 | id_global: 0.126 tri_global: 0.014
2026-05-29 09:52:17 transreid.train INFO: Epoch[82] Iter[120/227] Loss: 0.140, Acc: 0.987, Base Lr: 1.83e-04 | id_global: 0.125 tri_global: 0.015
2026-05-29 09:52:20 transreid.train INFO: Epoch[82] Iter[140/227] Loss: 0.135, Acc: 0.988, Base Lr: 1.83e-04 | id_global: 0.121 tri_global: 0.014
2026-05-29 09:52:23 transreid.train INFO: Epoch[82] Iter[160/227] Loss: 0.132, Acc: 0.988, Base Lr: 1.83e-04 | id_global: 0.118 tri_global: 0.014
2026-05-29 09:52:26 transreid.train INFO: Epoch[82] Iter[180/227] Loss: 0.128, Acc: 0.988, Base Lr: 1.83e-04 | id_global: 0.115 tri_global: 0.014
2026-05-29 09:52:29 transreid.train INFO: Epoch[82] Iter[200/227] Loss: 0.125, Acc: 0.989, Base Lr: 1.83e-04 | id_global: 0.111 tri_global: 0.015
2026-05-29 09:52:31 transreid.train INFO: Epoch 82 done. Time per epoch: 34.808[s] Speed: 388.0[samples/s] ETA: 0h22m
2026-05-29 09:52:36 transreid.train INFO: Epoch[83] Iter[20/227] Loss: 0.145, Acc: 0.982, Base Lr: 1.75e-04 | id_global: 0.137 tri_global: 0.008
2026-05-29 09:52:39 transreid.train INFO: Epoch[83] Iter[40/227] Loss: 0.149, Acc: 0.983, Base Lr: 1.75e-04 | id_global: 0.138 tri_global: 0.011
2026-05-29 09:52:42 transreid.train INFO: Epoch[83] Iter[60/227] Loss: 0.148, Acc: 0.984, Base Lr: 1.75e-04 | id_global: 0.135 tri_global: 0.012
2026-05-29 09:52:45 transreid.train INFO: Epoch[83] Iter[80/227] Loss: 0.146, Acc: 0.985, Base Lr: 1.75e-04 | id_global: 0.134 tri_global: 0.013
2026-05-29 09:52:48 transreid.train INFO: Epoch[83] Iter[100/227] Loss: 0.142, Acc: 0.986, Base Lr: 1.75e-04 | id_global: 0.130 tri_global: 0.013
2026-05-29 09:52:52 transreid.train INFO: Epoch[83] Iter[120/227] Loss: 0.138, Acc: 0.987, Base Lr: 1.75e-04 | id_global: 0.126 tri_global: 0.012
2026-05-29 09:52:55 transreid.train INFO: Epoch[83] Iter[140/227] Loss: 0.136, Acc: 0.987, Base Lr: 1.75e-04 | id_global: 0.124 tri_global: 0.012
2026-05-29 09:52:58 transreid.train INFO: Epoch[83] Iter[160/227] Loss: 0.134, Acc: 0.987, Base Lr: 1.75e-04 | id_global: 0.120 tri_global: 0.014
2026-05-29 09:53:01 transreid.train INFO: Epoch[83] Iter[180/227] Loss: 0.129, Acc: 0.988, Base Lr: 1.75e-04 | id_global: 0.116 tri_global: 0.013
2026-05-29 09:53:04 transreid.train INFO: Epoch[83] Iter[200/227] Loss: 0.125, Acc: 0.989, Base Lr: 1.75e-04 | id_global: 0.112 tri_global: 0.014
2026-05-29 09:53:06 transreid.train INFO: Epoch 83 done. Time per epoch: 34.948[s] Speed: 386.4[samples/s] ETA: 0h21m
2026-05-29 09:53:11 transreid.train INFO: Epoch[84] Iter[20/227] Loss: 0.157, Acc: 0.984, Base Lr: 1.66e-04 | id_global: 0.131 tri_global: 0.026
2026-05-29 09:53:14 transreid.train INFO: Epoch[84] Iter[40/227] Loss: 0.157, Acc: 0.980, Base Lr: 1.66e-04 | id_global: 0.138 tri_global: 0.018
2026-05-29 09:53:17 transreid.train INFO: Epoch[84] Iter[60/227] Loss: 0.151, Acc: 0.982, Base Lr: 1.66e-04 | id_global: 0.134 tri_global: 0.017
2026-05-29 09:53:20 transreid.train INFO: Epoch[84] Iter[80/227] Loss: 0.147, Acc: 0.982, Base Lr: 1.66e-04 | id_global: 0.131 tri_global: 0.016
2026-05-29 09:53:23 transreid.train INFO: Epoch[84] Iter[100/227] Loss: 0.141, Acc: 0.985, Base Lr: 1.66e-04 | id_global: 0.127 tri_global: 0.014
2026-05-29 09:53:26 transreid.train INFO: Epoch[84] Iter[120/227] Loss: 0.137, Acc: 0.985, Base Lr: 1.66e-04 | id_global: 0.123 tri_global: 0.013
2026-05-29 09:53:30 transreid.train INFO: Epoch[84] Iter[140/227] Loss: 0.132, Acc: 0.986, Base Lr: 1.66e-04 | id_global: 0.120 tri_global: 0.012
2026-05-29 09:53:33 transreid.train INFO: Epoch[84] Iter[160/227] Loss: 0.130, Acc: 0.987, Base Lr: 1.66e-04 | id_global: 0.117 tri_global: 0.013
2026-05-29 09:53:36 transreid.train INFO: Epoch[84] Iter[180/227] Loss: 0.125, Acc: 0.988, Base Lr: 1.66e-04 | id_global: 0.113 tri_global: 0.012
2026-05-29 09:53:39 transreid.train INFO: Epoch[84] Iter[200/227] Loss: 0.123, Acc: 0.988, Base Lr: 1.66e-04 | id_global: 0.109 tri_global: 0.014
2026-05-29 09:53:41 transreid.train INFO: Epoch 84 done. Time per epoch: 35.015[s] Speed: 387.5[samples/s] ETA: 0h21m
2026-05-29 09:53:46 transreid.train INFO: Epoch[85] Iter[20/227] Loss: 0.146, Acc: 0.986, Base Lr: 1.58e-04 | id_global: 0.139 tri_global: 0.008
2026-05-29 09:53:49 transreid.train INFO: Epoch[85] Iter[40/227] Loss: 0.149, Acc: 0.985, Base Lr: 1.58e-04 | id_global: 0.137 tri_global: 0.011
2026-05-29 09:53:52 transreid.train INFO: Epoch[85] Iter[60/227] Loss: 0.138, Acc: 0.988, Base Lr: 1.58e-04 | id_global: 0.128 tri_global: 0.010
2026-05-29 09:53:55 transreid.train INFO: Epoch[85] Iter[80/227] Loss: 0.138, Acc: 0.987, Base Lr: 1.58e-04 | id_global: 0.126 tri_global: 0.012
2026-05-29 09:53:58 transreid.train INFO: Epoch[85] Iter[100/227] Loss: 0.135, Acc: 0.987, Base Lr: 1.58e-04 | id_global: 0.124 tri_global: 0.011
2026-05-29 09:54:02 transreid.train INFO: Epoch[85] Iter[120/227] Loss: 0.130, Acc: 0.988, Base Lr: 1.58e-04 | id_global: 0.120 tri_global: 0.010
2026-05-29 09:54:05 transreid.train INFO: Epoch[85] Iter[140/227] Loss: 0.128, Acc: 0.989, Base Lr: 1.58e-04 | id_global: 0.117 tri_global: 0.011
2026-05-29 09:54:08 transreid.train INFO: Epoch[85] Iter[160/227] Loss: 0.127, Acc: 0.988, Base Lr: 1.58e-04 | id_global: 0.115 tri_global: 0.012
2026-05-29 09:54:11 transreid.train INFO: Epoch[85] Iter[180/227] Loss: 0.123, Acc: 0.989, Base Lr: 1.58e-04 | id_global: 0.111 tri_global: 0.012
2026-05-29 09:54:14 transreid.train INFO: Epoch[85] Iter[200/227] Loss: 0.119, Acc: 0.990, Base Lr: 1.58e-04 | id_global: 0.107 tri_global: 0.012
2026-05-29 09:54:16 transreid.train INFO: Epoch 85 done. Time per epoch: 35.033[s] Speed: 387.3[samples/s] ETA: 0h20m
2026-05-29 09:54:21 transreid.train INFO: Epoch[86] Iter[20/227] Loss: 0.166, Acc: 0.984, Base Lr: 1.50e-04 | id_global: 0.134 tri_global: 0.032
2026-05-29 09:54:24 transreid.train INFO: Epoch[86] Iter[40/227] Loss: 0.165, Acc: 0.980, Base Lr: 1.50e-04 | id_global: 0.140 tri_global: 0.025
2026-05-29 09:54:27 transreid.train INFO: Epoch[86] Iter[60/227] Loss: 0.155, Acc: 0.982, Base Lr: 1.50e-04 | id_global: 0.134 tri_global: 0.021
2026-05-29 09:54:30 transreid.train INFO: Epoch[86] Iter[80/227] Loss: 0.150, Acc: 0.983, Base Lr: 1.50e-04 | id_global: 0.130 tri_global: 0.019
2026-05-29 09:54:33 transreid.train INFO: Epoch[86] Iter[100/227] Loss: 0.142, Acc: 0.984, Base Lr: 1.50e-04 | id_global: 0.125 tri_global: 0.017
2026-05-29 09:54:37 transreid.train INFO: Epoch[86] Iter[120/227] Loss: 0.138, Acc: 0.985, Base Lr: 1.50e-04 | id_global: 0.123 tri_global: 0.015
2026-05-29 09:54:40 transreid.train INFO: Epoch[86] Iter[140/227] Loss: 0.134, Acc: 0.986, Base Lr: 1.50e-04 | id_global: 0.119 tri_global: 0.015
2026-05-29 09:54:43 transreid.train INFO: Epoch[86] Iter[160/227] Loss: 0.131, Acc: 0.986, Base Lr: 1.50e-04 | id_global: 0.116 tri_global: 0.015
2026-05-29 09:54:46 transreid.train INFO: Epoch[86] Iter[180/227] Loss: 0.128, Acc: 0.987, Base Lr: 1.50e-04 | id_global: 0.112 tri_global: 0.015
2026-05-29 09:54:49 transreid.train INFO: Epoch[86] Iter[200/227] Loss: 0.123, Acc: 0.988, Base Lr: 1.50e-04 | id_global: 0.108 tri_global: 0.015
2026-05-29 09:54:51 transreid.train INFO: Epoch 86 done. Time per epoch: 35.000[s] Speed: 387.7[samples/s] ETA: 0h19m
2026-05-29 09:54:56 transreid.train INFO: Epoch[87] Iter[20/227] Loss: 0.139, Acc: 0.991, Base Lr: 1.42e-04 | id_global: 0.129 tri_global: 0.010
2026-05-29 09:54:59 transreid.train INFO: Epoch[87] Iter[40/227] Loss: 0.137, Acc: 0.989, Base Lr: 1.42e-04 | id_global: 0.129 tri_global: 0.009
2026-05-29 09:55:02 transreid.train INFO: Epoch[87] Iter[60/227] Loss: 0.142, Acc: 0.988, Base Lr: 1.42e-04 | id_global: 0.131 tri_global: 0.011
2026-05-29 09:55:05 transreid.train INFO: Epoch[87] Iter[80/227] Loss: 0.138, Acc: 0.989, Base Lr: 1.42e-04 | id_global: 0.127 tri_global: 0.011
2026-05-29 09:55:08 transreid.train INFO: Epoch[87] Iter[100/227] Loss: 0.138, Acc: 0.988, Base Lr: 1.42e-04 | id_global: 0.126 tri_global: 0.012
2026-05-29 09:55:12 transreid.train INFO: Epoch[87] Iter[120/227] Loss: 0.134, Acc: 0.988, Base Lr: 1.42e-04 | id_global: 0.122 tri_global: 0.012
2026-05-29 09:55:15 transreid.train INFO: Epoch[87] Iter[140/227] Loss: 0.130, Acc: 0.989, Base Lr: 1.42e-04 | id_global: 0.118 tri_global: 0.012
2026-05-29 09:55:18 transreid.train INFO: Epoch[87] Iter[160/227] Loss: 0.127, Acc: 0.989, Base Lr: 1.42e-04 | id_global: 0.115 tri_global: 0.012
2026-05-29 09:55:21 transreid.train INFO: Epoch[87] Iter[180/227] Loss: 0.123, Acc: 0.989, Base Lr: 1.42e-04 | id_global: 0.112 tri_global: 0.011
2026-05-29 09:55:24 transreid.train INFO: Epoch[87] Iter[200/227] Loss: 0.119, Acc: 0.990, Base Lr: 1.42e-04 | id_global: 0.108 tri_global: 0.012
2026-05-29 09:55:26 transreid.train INFO: Epoch 87 done. Time per epoch: 34.854[s] Speed: 387.4[samples/s] ETA: 0h19m
2026-05-29 09:55:30 transreid.train INFO: Epoch[88] Iter[20/227] Loss: 0.170, Acc: 0.979, Base Lr: 1.34e-04 | id_global: 0.142 tri_global: 0.028
2026-05-29 09:55:34 transreid.train INFO: Epoch[88] Iter[40/227] Loss: 0.154, Acc: 0.984, Base Lr: 1.34e-04 | id_global: 0.133 tri_global: 0.021
2026-05-29 09:55:37 transreid.train INFO: Epoch[88] Iter[60/227] Loss: 0.146, Acc: 0.985, Base Lr: 1.34e-04 | id_global: 0.128 tri_global: 0.018
2026-05-29 09:55:40 transreid.train INFO: Epoch[88] Iter[80/227] Loss: 0.151, Acc: 0.985, Base Lr: 1.34e-04 | id_global: 0.129 tri_global: 0.022
2026-05-29 09:55:43 transreid.train INFO: Epoch[88] Iter[100/227] Loss: 0.151, Acc: 0.985, Base Lr: 1.34e-04 | id_global: 0.127 tri_global: 0.024
2026-05-29 09:55:46 transreid.train INFO: Epoch[88] Iter[120/227] Loss: 0.145, Acc: 0.986, Base Lr: 1.34e-04 | id_global: 0.125 tri_global: 0.021
2026-05-29 09:55:50 transreid.train INFO: Epoch[88] Iter[140/227] Loss: 0.140, Acc: 0.986, Base Lr: 1.34e-04 | id_global: 0.121 tri_global: 0.019
2026-05-29 09:55:53 transreid.train INFO: Epoch[88] Iter[160/227] Loss: 0.135, Acc: 0.987, Base Lr: 1.34e-04 | id_global: 0.117 tri_global: 0.018
2026-05-29 09:55:56 transreid.train INFO: Epoch[88] Iter[180/227] Loss: 0.132, Acc: 0.987, Base Lr: 1.34e-04 | id_global: 0.114 tri_global: 0.019
2026-05-29 09:55:59 transreid.train INFO: Epoch[88] Iter[200/227] Loss: 0.127, Acc: 0.988, Base Lr: 1.34e-04 | id_global: 0.109 tri_global: 0.018
2026-05-29 09:56:01 transreid.train INFO: Epoch 88 done. Time per epoch: 35.014[s] Speed: 387.5[samples/s] ETA: 0h18m
2026-05-29 09:56:05 transreid.train INFO: Epoch[89] Iter[20/227] Loss: 0.160, Acc: 0.982, Base Lr: 1.26e-04 | id_global: 0.139 tri_global: 0.022
2026-05-29 09:56:09 transreid.train INFO: Epoch[89] Iter[40/227] Loss: 0.156, Acc: 0.983, Base Lr: 1.26e-04 | id_global: 0.136 tri_global: 0.021
2026-05-29 09:56:12 transreid.train INFO: Epoch[89] Iter[60/227] Loss: 0.147, Acc: 0.985, Base Lr: 1.26e-04 | id_global: 0.130 tri_global: 0.016
2026-05-29 09:56:15 transreid.train INFO: Epoch[89] Iter[80/227] Loss: 0.140, Acc: 0.986, Base Lr: 1.26e-04 | id_global: 0.125 tri_global: 0.015
2026-05-29 09:56:18 transreid.train INFO: Epoch[89] Iter[100/227] Loss: 0.139, Acc: 0.987, Base Lr: 1.26e-04 | id_global: 0.124 tri_global: 0.016
2026-05-29 09:56:21 transreid.train INFO: Epoch[89] Iter[120/227] Loss: 0.137, Acc: 0.988, Base Lr: 1.26e-04 | id_global: 0.121 tri_global: 0.016
2026-05-29 09:56:25 transreid.train INFO: Epoch[89] Iter[140/227] Loss: 0.131, Acc: 0.989, Base Lr: 1.26e-04 | id_global: 0.116 tri_global: 0.015
2026-05-29 09:56:28 transreid.train INFO: Epoch[89] Iter[160/227] Loss: 0.130, Acc: 0.989, Base Lr: 1.26e-04 | id_global: 0.114 tri_global: 0.015
2026-05-29 09:56:31 transreid.train INFO: Epoch[89] Iter[180/227] Loss: 0.126, Acc: 0.990, Base Lr: 1.26e-04 | id_global: 0.111 tri_global: 0.014
2026-05-29 09:56:34 transreid.train INFO: Epoch[89] Iter[200/227] Loss: 0.122, Acc: 0.990, Base Lr: 1.26e-04 | id_global: 0.107 tri_global: 0.015
2026-05-29 09:56:36 transreid.train INFO: Epoch 89 done. Time per epoch: 35.057[s] Speed: 387.0[samples/s] ETA: 0h18m
2026-05-29 09:56:40 transreid.train INFO: Epoch[90] Iter[20/227] Loss: 0.136, Acc: 0.980, Base Lr: 1.19e-04 | id_global: 0.129 tri_global: 0.007
2026-05-29 09:56:44 transreid.train INFO: Epoch[90] Iter[40/227] Loss: 0.139, Acc: 0.981, Base Lr: 1.19e-04 | id_global: 0.128 tri_global: 0.011
2026-05-29 09:56:47 transreid.train INFO: Epoch[90] Iter[60/227] Loss: 0.137, Acc: 0.985, Base Lr: 1.19e-04 | id_global: 0.126 tri_global: 0.012
2026-05-29 09:56:50 transreid.train INFO: Epoch[90] Iter[80/227] Loss: 0.132, Acc: 0.986, Base Lr: 1.19e-04 | id_global: 0.121 tri_global: 0.011
2026-05-29 09:56:53 transreid.train INFO: Epoch[90] Iter[100/227] Loss: 0.127, Acc: 0.987, Base Lr: 1.19e-04 | id_global: 0.117 tri_global: 0.010
2026-05-29 09:56:56 transreid.train INFO: Epoch[90] Iter[120/227] Loss: 0.125, Acc: 0.988, Base Lr: 1.19e-04 | id_global: 0.114 tri_global: 0.010
2026-05-29 09:57:00 transreid.train INFO: Epoch[90] Iter[140/227] Loss: 0.121, Acc: 0.989, Base Lr: 1.19e-04 | id_global: 0.112 tri_global: 0.010
2026-05-29 09:57:03 transreid.train INFO: Epoch[90] Iter[160/227] Loss: 0.121, Acc: 0.989, Base Lr: 1.19e-04 | id_global: 0.110 tri_global: 0.011
2026-05-29 09:57:06 transreid.train INFO: Epoch[90] Iter[180/227] Loss: 0.117, Acc: 0.989, Base Lr: 1.19e-04 | id_global: 0.107 tri_global: 0.010
2026-05-29 09:57:09 transreid.train INFO: Epoch[90] Iter[200/227] Loss: 0.114, Acc: 0.990, Base Lr: 1.19e-04 | id_global: 0.104 tri_global: 0.010
2026-05-29 09:57:11 transreid.train INFO: Epoch 90 done. Time per epoch: 34.998[s] Speed: 387.7[samples/s] ETA: 0h17m
The test feature is normalized
=> Computing DistMat with euclidean_distance
2026-05-29 09:58:02 transreid.train INFO: Validation Results - Epoch: 90
2026-05-29 09:58:02 transreid.train INFO: mAP: 58.0%
2026-05-29 09:58:02 transreid.train INFO: CMC curve, Rank-1  :67.2%
2026-05-29 09:58:02 transreid.train INFO: CMC curve, Rank-5  :80.3%
2026-05-29 09:58:02 transreid.train INFO: CMC curve, Rank-10 :84.6%
2026-05-29 09:58:06 transreid.train INFO: Epoch[91] Iter[20/227] Loss: 0.127, Acc: 0.988, Base Lr: 1.11e-04 | id_global: 0.118 tri_global: 0.009
2026-05-29 09:58:09 transreid.train INFO: Epoch[91] Iter[40/227] Loss: 0.138, Acc: 0.983, Base Lr: 1.11e-04 | id_global: 0.127 tri_global: 0.011
2026-05-29 09:58:12 transreid.train INFO: Epoch[91] Iter[60/227] Loss: 0.129, Acc: 0.988, Base Lr: 1.11e-04 | id_global: 0.120 tri_global: 0.010
2026-05-29 09:58:15 transreid.train INFO: Epoch[91] Iter[80/227] Loss: 0.130, Acc: 0.988, Base Lr: 1.11e-04 | id_global: 0.119 tri_global: 0.011
2026-05-29 09:58:19 transreid.train INFO: Epoch[91] Iter[100/227] Loss: 0.127, Acc: 0.988, Base Lr: 1.11e-04 | id_global: 0.117 tri_global: 0.010
2026-05-29 09:58:22 transreid.train INFO: Epoch[91] Iter[120/227] Loss: 0.125, Acc: 0.988, Base Lr: 1.11e-04 | id_global: 0.115 tri_global: 0.010
2026-05-29 09:58:25 transreid.train INFO: Epoch[91] Iter[140/227] Loss: 0.124, Acc: 0.988, Base Lr: 1.11e-04 | id_global: 0.114 tri_global: 0.010
2026-05-29 09:58:28 transreid.train INFO: Epoch[91] Iter[160/227] Loss: 0.121, Acc: 0.988, Base Lr: 1.11e-04 | id_global: 0.110 tri_global: 0.010
2026-05-29 09:58:31 transreid.train INFO: Epoch[91] Iter[180/227] Loss: 0.117, Acc: 0.989, Base Lr: 1.11e-04 | id_global: 0.107 tri_global: 0.010
2026-05-29 09:58:35 transreid.train INFO: Epoch[91] Iter[200/227] Loss: 0.112, Acc: 0.990, Base Lr: 1.11e-04 | id_global: 0.103 tri_global: 0.010
2026-05-29 09:58:36 transreid.train INFO: Epoch 91 done. Time per epoch: 34.654[s] Speed: 389.7[samples/s] ETA: 0h16m
2026-05-29 09:58:41 transreid.train INFO: Epoch[92] Iter[20/227] Loss: 0.133, Acc: 0.991, Base Lr: 1.04e-04 | id_global: 0.120 tri_global: 0.013
2026-05-29 09:58:44 transreid.train INFO: Epoch[92] Iter[40/227] Loss: 0.129, Acc: 0.992, Base Lr: 1.04e-04 | id_global: 0.119 tri_global: 0.010
2026-05-29 09:58:47 transreid.train INFO: Epoch[92] Iter[60/227] Loss: 0.127, Acc: 0.991, Base Lr: 1.04e-04 | id_global: 0.116 tri_global: 0.011
2026-05-29 09:58:50 transreid.train INFO: Epoch[92] Iter[80/227] Loss: 0.128, Acc: 0.990, Base Lr: 1.04e-04 | id_global: 0.115 tri_global: 0.013
2026-05-29 09:58:53 transreid.train INFO: Epoch[92] Iter[100/227] Loss: 0.131, Acc: 0.989, Base Lr: 1.04e-04 | id_global: 0.116 tri_global: 0.014
2026-05-29 09:58:56 transreid.train INFO: Epoch[92] Iter[120/227] Loss: 0.127, Acc: 0.990, Base Lr: 1.04e-04 | id_global: 0.113 tri_global: 0.014
2026-05-29 09:59:00 transreid.train INFO: Epoch[92] Iter[140/227] Loss: 0.123, Acc: 0.990, Base Lr: 1.04e-04 | id_global: 0.110 tri_global: 0.013
2026-05-29 09:59:03 transreid.train INFO: Epoch[92] Iter[160/227] Loss: 0.121, Acc: 0.990, Base Lr: 1.04e-04 | id_global: 0.108 tri_global: 0.013
2026-05-29 09:59:06 transreid.train INFO: Epoch[92] Iter[180/227] Loss: 0.118, Acc: 0.990, Base Lr: 1.04e-04 | id_global: 0.106 tri_global: 0.012
2026-05-29 09:59:09 transreid.train INFO: Epoch[92] Iter[200/227] Loss: 0.115, Acc: 0.991, Base Lr: 1.04e-04 | id_global: 0.102 tri_global: 0.013
2026-05-29 09:59:11 transreid.train INFO: Epoch 92 done. Time per epoch: 34.768[s] Speed: 390.2[samples/s] ETA: 0h16m
2026-05-29 09:59:15 transreid.train INFO: Epoch[93] Iter[20/227] Loss: 0.125, Acc: 0.992, Base Lr: 9.72e-05 | id_global: 0.115 tri_global: 0.009
2026-05-29 09:59:19 transreid.train INFO: Epoch[93] Iter[40/227] Loss: 0.135, Acc: 0.988, Base Lr: 9.72e-05 | id_global: 0.123 tri_global: 0.012
2026-05-29 09:59:22 transreid.train INFO: Epoch[93] Iter[60/227] Loss: 0.132, Acc: 0.989, Base Lr: 9.72e-05 | id_global: 0.121 tri_global: 0.011
2026-05-29 09:59:25 transreid.train INFO: Epoch[93] Iter[80/227] Loss: 0.130, Acc: 0.988, Base Lr: 9.72e-05 | id_global: 0.119 tri_global: 0.011
2026-05-29 09:59:28 transreid.train INFO: Epoch[93] Iter[100/227] Loss: 0.126, Acc: 0.989, Base Lr: 9.72e-05 | id_global: 0.116 tri_global: 0.010
2026-05-29 09:59:31 transreid.train INFO: Epoch[93] Iter[120/227] Loss: 0.126, Acc: 0.990, Base Lr: 9.72e-05 | id_global: 0.113 tri_global: 0.012
2026-05-29 09:59:34 transreid.train INFO: Epoch[93] Iter[140/227] Loss: 0.122, Acc: 0.990, Base Lr: 9.72e-05 | id_global: 0.109 tri_global: 0.013
2026-05-29 09:59:38 transreid.train INFO: Epoch[93] Iter[160/227] Loss: 0.120, Acc: 0.990, Base Lr: 9.72e-05 | id_global: 0.107 tri_global: 0.013
2026-05-29 09:59:41 transreid.train INFO: Epoch[93] Iter[180/227] Loss: 0.117, Acc: 0.990, Base Lr: 9.72e-05 | id_global: 0.104 tri_global: 0.012
2026-05-29 09:59:44 transreid.train INFO: Epoch[93] Iter[200/227] Loss: 0.114, Acc: 0.990, Base Lr: 9.72e-05 | id_global: 0.101 tri_global: 0.012
2026-05-29 09:59:46 transreid.train INFO: Epoch 93 done. Time per epoch: 34.771[s] Speed: 390.2[samples/s] ETA: 0h15m
2026-05-29 09:59:50 transreid.train INFO: Epoch[94] Iter[20/227] Loss: 0.135, Acc: 0.985, Base Lr: 9.06e-05 | id_global: 0.123 tri_global: 0.013
2026-05-29 09:59:53 transreid.train INFO: Epoch[94] Iter[40/227] Loss: 0.132, Acc: 0.986, Base Lr: 9.06e-05 | id_global: 0.121 tri_global: 0.011
2026-05-29 09:59:57 transreid.train INFO: Epoch[94] Iter[60/227] Loss: 0.129, Acc: 0.987, Base Lr: 9.06e-05 | id_global: 0.120 tri_global: 0.009
2026-05-29 10:00:00 transreid.train INFO: Epoch[94] Iter[80/227] Loss: 0.125, Acc: 0.988, Base Lr: 9.06e-05 | id_global: 0.116 tri_global: 0.009
2026-05-29 10:00:03 transreid.train INFO: Epoch[94] Iter[100/227] Loss: 0.121, Acc: 0.989, Base Lr: 9.06e-05 | id_global: 0.113 tri_global: 0.008
2026-05-29 10:00:06 transreid.train INFO: Epoch[94] Iter[120/227] Loss: 0.119, Acc: 0.990, Base Lr: 9.06e-05 | id_global: 0.110 tri_global: 0.009
2026-05-29 10:00:09 transreid.train INFO: Epoch[94] Iter[140/227] Loss: 0.117, Acc: 0.990, Base Lr: 9.06e-05 | id_global: 0.108 tri_global: 0.009
2026-05-29 10:00:12 transreid.train INFO: Epoch[94] Iter[160/227] Loss: 0.115, Acc: 0.990, Base Lr: 9.06e-05 | id_global: 0.105 tri_global: 0.009
2026-05-29 10:00:16 transreid.train INFO: Epoch[94] Iter[180/227] Loss: 0.112, Acc: 0.990, Base Lr: 9.06e-05 | id_global: 0.102 tri_global: 0.010
2026-05-29 10:00:19 transreid.train INFO: Epoch[94] Iter[200/227] Loss: 0.107, Acc: 0.991, Base Lr: 9.06e-05 | id_global: 0.098 tri_global: 0.010
2026-05-29 10:00:21 transreid.train INFO: Epoch 94 done. Time per epoch: 34.804[s] Speed: 389.8[samples/s] ETA: 0h15m
2026-05-29 10:00:25 transreid.train INFO: Epoch[95] Iter[20/227] Loss: 0.148, Acc: 0.982, Base Lr: 8.41e-05 | id_global: 0.134 tri_global: 0.014
2026-05-29 10:00:28 transreid.train INFO: Epoch[95] Iter[40/227] Loss: 0.130, Acc: 0.986, Base Lr: 8.41e-05 | id_global: 0.121 tri_global: 0.010
2026-05-29 10:00:31 transreid.train INFO: Epoch[95] Iter[60/227] Loss: 0.133, Acc: 0.987, Base Lr: 8.41e-05 | id_global: 0.121 tri_global: 0.012
2026-05-29 10:00:34 transreid.train INFO: Epoch[95] Iter[80/227] Loss: 0.130, Acc: 0.988, Base Lr: 8.41e-05 | id_global: 0.119 tri_global: 0.011
2026-05-29 10:00:38 transreid.train INFO: Epoch[95] Iter[100/227] Loss: 0.127, Acc: 0.989, Base Lr: 8.41e-05 | id_global: 0.116 tri_global: 0.011
2026-05-29 10:00:41 transreid.train INFO: Epoch[95] Iter[120/227] Loss: 0.125, Acc: 0.990, Base Lr: 8.41e-05 | id_global: 0.114 tri_global: 0.011
2026-05-29 10:00:44 transreid.train INFO: Epoch[95] Iter[140/227] Loss: 0.121, Acc: 0.991, Base Lr: 8.41e-05 | id_global: 0.111 tri_global: 0.010
2026-05-29 10:00:47 transreid.train INFO: Epoch[95] Iter[160/227] Loss: 0.116, Acc: 0.991, Base Lr: 8.41e-05 | id_global: 0.106 tri_global: 0.010
2026-05-29 10:00:50 transreid.train INFO: Epoch[95] Iter[180/227] Loss: 0.113, Acc: 0.991, Base Lr: 8.41e-05 | id_global: 0.104 tri_global: 0.010
2026-05-29 10:00:53 transreid.train INFO: Epoch[95] Iter[200/227] Loss: 0.109, Acc: 0.991, Base Lr: 8.41e-05 | id_global: 0.099 tri_global: 0.009
2026-05-29 10:00:55 transreid.train INFO: Epoch 95 done. Time per epoch: 34.613[s] Speed: 390.1[samples/s] ETA: 0h14m
2026-05-29 10:01:00 transreid.train INFO: Epoch[96] Iter[20/227] Loss: 0.134, Acc: 0.984, Base Lr: 7.78e-05 | id_global: 0.125 tri_global: 0.009
2026-05-29 10:01:03 transreid.train INFO: Epoch[96] Iter[40/227] Loss: 0.131, Acc: 0.986, Base Lr: 7.78e-05 | id_global: 0.118 tri_global: 0.013
2026-05-29 10:01:06 transreid.train INFO: Epoch[96] Iter[60/227] Loss: 0.128, Acc: 0.987, Base Lr: 7.78e-05 | id_global: 0.116 tri_global: 0.012
2026-05-29 10:01:09 transreid.train INFO: Epoch[96] Iter[80/227] Loss: 0.126, Acc: 0.988, Base Lr: 7.78e-05 | id_global: 0.114 tri_global: 0.012
2026-05-29 10:01:12 transreid.train INFO: Epoch[96] Iter[100/227] Loss: 0.126, Acc: 0.990, Base Lr: 7.78e-05 | id_global: 0.111 tri_global: 0.014
2026-05-29 10:01:15 transreid.train INFO: Epoch[96] Iter[120/227] Loss: 0.122, Acc: 0.990, Base Lr: 7.78e-05 | id_global: 0.108 tri_global: 0.014
2026-05-29 10:01:19 transreid.train INFO: Epoch[96] Iter[140/227] Loss: 0.120, Acc: 0.990, Base Lr: 7.78e-05 | id_global: 0.107 tri_global: 0.013
2026-05-29 10:01:22 transreid.train INFO: Epoch[96] Iter[160/227] Loss: 0.118, Acc: 0.991, Base Lr: 7.78e-05 | id_global: 0.105 tri_global: 0.014
2026-05-29 10:01:25 transreid.train INFO: Epoch[96] Iter[180/227] Loss: 0.115, Acc: 0.991, Base Lr: 7.78e-05 | id_global: 0.101 tri_global: 0.014
2026-05-29 10:01:28 transreid.train INFO: Epoch[96] Iter[200/227] Loss: 0.112, Acc: 0.991, Base Lr: 7.78e-05 | id_global: 0.098 tri_global: 0.014
2026-05-29 10:01:30 transreid.train INFO: Epoch 96 done. Time per epoch: 34.701[s] Speed: 391.0[samples/s] ETA: 0h13m
2026-05-29 10:01:34 transreid.train INFO: Epoch[97] Iter[20/227] Loss: 0.161, Acc: 0.981, Base Lr: 7.18e-05 | id_global: 0.135 tri_global: 0.026
2026-05-29 10:01:37 transreid.train INFO: Epoch[97] Iter[40/227] Loss: 0.146, Acc: 0.985, Base Lr: 7.18e-05 | id_global: 0.126 tri_global: 0.020
2026-05-29 10:01:41 transreid.train INFO: Epoch[97] Iter[60/227] Loss: 0.136, Acc: 0.988, Base Lr: 7.18e-05 | id_global: 0.120 tri_global: 0.016
2026-05-29 10:01:44 transreid.train INFO: Epoch[97] Iter[80/227] Loss: 0.131, Acc: 0.989, Base Lr: 7.18e-05 | id_global: 0.117 tri_global: 0.014
2026-05-29 10:01:47 transreid.train INFO: Epoch[97] Iter[100/227] Loss: 0.127, Acc: 0.990, Base Lr: 7.18e-05 | id_global: 0.114 tri_global: 0.013
2026-05-29 10:01:50 transreid.train INFO: Epoch[97] Iter[120/227] Loss: 0.124, Acc: 0.991, Base Lr: 7.18e-05 | id_global: 0.111 tri_global: 0.014
2026-05-29 10:01:53 transreid.train INFO: Epoch[97] Iter[140/227] Loss: 0.122, Acc: 0.990, Base Lr: 7.18e-05 | id_global: 0.109 tri_global: 0.013
2026-05-29 10:01:56 transreid.train INFO: Epoch[97] Iter[160/227] Loss: 0.119, Acc: 0.990, Base Lr: 7.18e-05 | id_global: 0.106 tri_global: 0.013
2026-05-29 10:02:00 transreid.train INFO: Epoch[97] Iter[180/227] Loss: 0.115, Acc: 0.991, Base Lr: 7.18e-05 | id_global: 0.102 tri_global: 0.012
2026-05-29 10:02:03 transreid.train INFO: Epoch[97] Iter[200/227] Loss: 0.110, Acc: 0.991, Base Lr: 7.18e-05 | id_global: 0.098 tri_global: 0.012
2026-05-29 10:02:05 transreid.train INFO: Epoch 97 done. Time per epoch: 34.737[s] Speed: 390.6[samples/s] ETA: 0h13m
2026-05-29 10:02:09 transreid.train INFO: Epoch[98] Iter[20/227] Loss: 0.131, Acc: 0.987, Base Lr: 6.60e-05 | id_global: 0.122 tri_global: 0.009
2026-05-29 10:02:12 transreid.train INFO: Epoch[98] Iter[40/227] Loss: 0.128, Acc: 0.987, Base Lr: 6.60e-05 | id_global: 0.118 tri_global: 0.010
2026-05-29 10:02:15 transreid.train INFO: Epoch[98] Iter[60/227] Loss: 0.125, Acc: 0.989, Base Lr: 6.60e-05 | id_global: 0.113 tri_global: 0.012
2026-05-29 10:02:18 transreid.train INFO: Epoch[98] Iter[80/227] Loss: 0.122, Acc: 0.990, Base Lr: 6.60e-05 | id_global: 0.111 tri_global: 0.011
2026-05-29 10:02:22 transreid.train INFO: Epoch[98] Iter[100/227] Loss: 0.120, Acc: 0.990, Base Lr: 6.60e-05 | id_global: 0.109 tri_global: 0.011
2026-05-29 10:02:25 transreid.train INFO: Epoch[98] Iter[120/227] Loss: 0.116, Acc: 0.990, Base Lr: 6.60e-05 | id_global: 0.106 tri_global: 0.010
2026-05-29 10:02:28 transreid.train INFO: Epoch[98] Iter[140/227] Loss: 0.113, Acc: 0.990, Base Lr: 6.60e-05 | id_global: 0.103 tri_global: 0.010
2026-05-29 10:02:31 transreid.train INFO: Epoch[98] Iter[160/227] Loss: 0.112, Acc: 0.991, Base Lr: 6.60e-05 | id_global: 0.101 tri_global: 0.011
2026-05-29 10:02:34 transreid.train INFO: Epoch[98] Iter[180/227] Loss: 0.110, Acc: 0.991, Base Lr: 6.60e-05 | id_global: 0.099 tri_global: 0.011
2026-05-29 10:02:37 transreid.train INFO: Epoch[98] Iter[200/227] Loss: 0.106, Acc: 0.991, Base Lr: 6.60e-05 | id_global: 0.095 tri_global: 0.010
2026-05-29 10:02:39 transreid.train INFO: Epoch 98 done. Time per epoch: 34.710[s] Speed: 390.9[samples/s] ETA: 0h12m
2026-05-29 10:02:44 transreid.train INFO: Epoch[99] Iter[20/227] Loss: 0.138, Acc: 0.986, Base Lr: 6.04e-05 | id_global: 0.130 tri_global: 0.009
2026-05-29 10:02:47 transreid.train INFO: Epoch[99] Iter[40/227] Loss: 0.128, Acc: 0.988, Base Lr: 6.04e-05 | id_global: 0.120 tri_global: 0.008
2026-05-29 10:02:50 transreid.train INFO: Epoch[99] Iter[60/227] Loss: 0.129, Acc: 0.988, Base Lr: 6.04e-05 | id_global: 0.118 tri_global: 0.011
2026-05-29 10:02:53 transreid.train INFO: Epoch[99] Iter[80/227] Loss: 0.123, Acc: 0.990, Base Lr: 6.04e-05 | id_global: 0.113 tri_global: 0.010
2026-05-29 10:02:56 transreid.train INFO: Epoch[99] Iter[100/227] Loss: 0.120, Acc: 0.990, Base Lr: 6.04e-05 | id_global: 0.110 tri_global: 0.010
2026-05-29 10:03:00 transreid.train INFO: Epoch[99] Iter[120/227] Loss: 0.119, Acc: 0.991, Base Lr: 6.04e-05 | id_global: 0.109 tri_global: 0.010
2026-05-29 10:03:03 transreid.train INFO: Epoch[99] Iter[140/227] Loss: 0.118, Acc: 0.990, Base Lr: 6.04e-05 | id_global: 0.108 tri_global: 0.010
2026-05-29 10:03:06 transreid.train INFO: Epoch[99] Iter[160/227] Loss: 0.117, Acc: 0.990, Base Lr: 6.04e-05 | id_global: 0.106 tri_global: 0.011
2026-05-29 10:03:09 transreid.train INFO: Epoch[99] Iter[180/227] Loss: 0.114, Acc: 0.991, Base Lr: 6.04e-05 | id_global: 0.102 tri_global: 0.011
2026-05-29 10:03:12 transreid.train INFO: Epoch[99] Iter[200/227] Loss: 0.111, Acc: 0.991, Base Lr: 6.04e-05 | id_global: 0.099 tri_global: 0.013
2026-05-29 10:03:14 transreid.train INFO: Epoch 99 done. Time per epoch: 34.697[s] Speed: 391.0[samples/s] ETA: 0h12m
2026-05-29 10:03:18 transreid.train INFO: Epoch[100] Iter[20/227] Loss: 0.115, Acc: 0.988, Base Lr: 5.51e-05 | id_global: 0.109 tri_global: 0.007
2026-05-29 10:03:22 transreid.train INFO: Epoch[100] Iter[40/227] Loss: 0.124, Acc: 0.986, Base Lr: 5.51e-05 | id_global: 0.114 tri_global: 0.011
2026-05-29 10:03:25 transreid.train INFO: Epoch[100] Iter[60/227] Loss: 0.123, Acc: 0.985, Base Lr: 5.51e-05 | id_global: 0.114 tri_global: 0.009
2026-05-29 10:03:28 transreid.train INFO: Epoch[100] Iter[80/227] Loss: 0.122, Acc: 0.986, Base Lr: 5.51e-05 | id_global: 0.112 tri_global: 0.010
2026-05-29 10:03:31 transreid.train INFO: Epoch[100] Iter[100/227] Loss: 0.121, Acc: 0.987, Base Lr: 5.51e-05 | id_global: 0.110 tri_global: 0.010
2026-05-29 10:03:34 transreid.train INFO: Epoch[100] Iter[120/227] Loss: 0.119, Acc: 0.988, Base Lr: 5.51e-05 | id_global: 0.108 tri_global: 0.011
2026-05-29 10:03:37 transreid.train INFO: Epoch[100] Iter[140/227] Loss: 0.117, Acc: 0.989, Base Lr: 5.51e-05 | id_global: 0.105 tri_global: 0.011
2026-05-29 10:03:41 transreid.train INFO: Epoch[100] Iter[160/227] Loss: 0.118, Acc: 0.989, Base Lr: 5.51e-05 | id_global: 0.104 tri_global: 0.014
2026-05-29 10:03:44 transreid.train INFO: Epoch[100] Iter[180/227] Loss: 0.114, Acc: 0.989, Base Lr: 5.51e-05 | id_global: 0.102 tri_global: 0.013
2026-05-29 10:03:47 transreid.train INFO: Epoch[100] Iter[200/227] Loss: 0.111, Acc: 0.990, Base Lr: 5.51e-05 | id_global: 0.098 tri_global: 0.013
2026-05-29 10:03:49 transreid.train INFO: Epoch 100 done. Time per epoch: 34.720[s] Speed: 390.8[samples/s] ETA: 0h11m
The test feature is normalized
=> Computing DistMat with euclidean_distance
2026-05-29 10:04:37 transreid.train INFO: Validation Results - Epoch: 100
2026-05-29 10:04:37 transreid.train INFO: mAP: 58.8%
2026-05-29 10:04:37 transreid.train INFO: CMC curve, Rank-1  :68.3%
2026-05-29 10:04:37 transreid.train INFO: CMC curve, Rank-5  :81.0%
2026-05-29 10:04:37 transreid.train INFO: CMC curve, Rank-10 :85.5%
2026-05-29 10:04:41 transreid.train INFO: Epoch[101] Iter[20/227] Loss: 0.132, Acc: 0.987, Base Lr: 5.00e-05 | id_global: 0.124 tri_global: 0.008
2026-05-29 10:04:44 transreid.train INFO: Epoch[101] Iter[40/227] Loss: 0.126, Acc: 0.990, Base Lr: 5.00e-05 | id_global: 0.116 tri_global: 0.010
2026-05-29 10:04:47 transreid.train INFO: Epoch[101] Iter[60/227] Loss: 0.134, Acc: 0.988, Base Lr: 5.00e-05 | id_global: 0.117 tri_global: 0.017
2026-05-29 10:04:51 transreid.train INFO: Epoch[101] Iter[80/227] Loss: 0.127, Acc: 0.989, Base Lr: 5.00e-05 | id_global: 0.112 tri_global: 0.015
2026-05-29 10:04:54 transreid.train INFO: Epoch[101] Iter[100/227] Loss: 0.122, Acc: 0.990, Base Lr: 5.00e-05 | id_global: 0.108 tri_global: 0.014
2026-05-29 10:04:57 transreid.train INFO: Epoch[101] Iter[120/227] Loss: 0.118, Acc: 0.990, Base Lr: 5.00e-05 | id_global: 0.105 tri_global: 0.014
2026-05-29 10:05:00 transreid.train INFO: Epoch[101] Iter[140/227] Loss: 0.117, Acc: 0.990, Base Lr: 5.00e-05 | id_global: 0.102 tri_global: 0.014
2026-05-29 10:05:03 transreid.train INFO: Epoch[101] Iter[160/227] Loss: 0.113, Acc: 0.991, Base Lr: 5.00e-05 | id_global: 0.099 tri_global: 0.014
2026-05-29 10:05:06 transreid.train INFO: Epoch[101] Iter[180/227] Loss: 0.111, Acc: 0.991, Base Lr: 5.00e-05 | id_global: 0.097 tri_global: 0.014
2026-05-29 10:05:10 transreid.train INFO: Epoch[101] Iter[200/227] Loss: 0.108, Acc: 0.992, Base Lr: 5.00e-05 | id_global: 0.094 tri_global: 0.014
2026-05-29 10:05:11 transreid.train INFO: Epoch 101 done. Time per epoch: 34.808[s] Speed: 389.8[samples/s] ETA: 0h11m
2026-05-29 10:05:16 transreid.train INFO: Epoch[102] Iter[20/227] Loss: 0.127, Acc: 0.990, Base Lr: 4.51e-05 | id_global: 0.119 tri_global: 0.008
2026-05-29 10:05:19 transreid.train INFO: Epoch[102] Iter[40/227] Loss: 0.131, Acc: 0.991, Base Lr: 4.51e-05 | id_global: 0.118 tri_global: 0.013
2026-05-29 10:05:22 transreid.train INFO: Epoch[102] Iter[60/227] Loss: 0.129, Acc: 0.990, Base Lr: 4.51e-05 | id_global: 0.118 tri_global: 0.011
2026-05-29 10:05:25 transreid.train INFO: Epoch[102] Iter[80/227] Loss: 0.128, Acc: 0.990, Base Lr: 4.51e-05 | id_global: 0.118 tri_global: 0.010
2026-05-29 10:05:28 transreid.train INFO: Epoch[102] Iter[100/227] Loss: 0.125, Acc: 0.989, Base Lr: 4.51e-05 | id_global: 0.115 tri_global: 0.011
2026-05-29 10:05:32 transreid.train INFO: Epoch[102] Iter[120/227] Loss: 0.123, Acc: 0.989, Base Lr: 4.51e-05 | id_global: 0.111 tri_global: 0.012
2026-05-29 10:05:35 transreid.train INFO: Epoch[102] Iter[140/227] Loss: 0.119, Acc: 0.990, Base Lr: 4.51e-05 | id_global: 0.108 tri_global: 0.011
2026-05-29 10:05:38 transreid.train INFO: Epoch[102] Iter[160/227] Loss: 0.115, Acc: 0.990, Base Lr: 4.51e-05 | id_global: 0.104 tri_global: 0.011
2026-05-29 10:05:41 transreid.train INFO: Epoch[102] Iter[180/227] Loss: 0.111, Acc: 0.991, Base Lr: 4.51e-05 | id_global: 0.100 tri_global: 0.011
2026-05-29 10:05:44 transreid.train INFO: Epoch[102] Iter[200/227] Loss: 0.107, Acc: 0.991, Base Lr: 4.51e-05 | id_global: 0.097 tri_global: 0.010
2026-05-29 10:05:46 transreid.train INFO: Epoch 102 done. Time per epoch: 34.460[s] Speed: 391.9[samples/s] ETA: 0h10m
2026-05-29 10:05:50 transreid.train INFO: Epoch[103] Iter[20/227] Loss: 0.139, Acc: 0.988, Base Lr: 4.05e-05 | id_global: 0.124 tri_global: 0.015
2026-05-29 10:05:54 transreid.train INFO: Epoch[103] Iter[40/227] Loss: 0.132, Acc: 0.988, Base Lr: 4.05e-05 | id_global: 0.120 tri_global: 0.012
2026-05-29 10:05:57 transreid.train INFO: Epoch[103] Iter[60/227] Loss: 0.130, Acc: 0.986, Base Lr: 4.05e-05 | id_global: 0.118 tri_global: 0.011
2026-05-29 10:06:00 transreid.train INFO: Epoch[103] Iter[80/227] Loss: 0.126, Acc: 0.987, Base Lr: 4.05e-05 | id_global: 0.114 tri_global: 0.011
2026-05-29 10:06:03 transreid.train INFO: Epoch[103] Iter[100/227] Loss: 0.124, Acc: 0.989, Base Lr: 4.05e-05 | id_global: 0.112 tri_global: 0.012
2026-05-29 10:06:06 transreid.train INFO: Epoch[103] Iter[120/227] Loss: 0.121, Acc: 0.989, Base Lr: 4.05e-05 | id_global: 0.109 tri_global: 0.012
2026-05-29 10:06:10 transreid.train INFO: Epoch[103] Iter[140/227] Loss: 0.116, Acc: 0.990, Base Lr: 4.05e-05 | id_global: 0.105 tri_global: 0.011
2026-05-29 10:06:13 transreid.train INFO: Epoch[103] Iter[160/227] Loss: 0.114, Acc: 0.990, Base Lr: 4.05e-05 | id_global: 0.102 tri_global: 0.012
2026-05-29 10:06:16 transreid.train INFO: Epoch[103] Iter[180/227] Loss: 0.111, Acc: 0.990, Base Lr: 4.05e-05 | id_global: 0.099 tri_global: 0.011
2026-05-29 10:06:19 transreid.train INFO: Epoch[103] Iter[200/227] Loss: 0.106, Acc: 0.991, Base Lr: 4.05e-05 | id_global: 0.096 tri_global: 0.011
2026-05-29 10:06:21 transreid.train INFO: Epoch 103 done. Time per epoch: 34.895[s] Speed: 387.0[samples/s] ETA: 0h9m
2026-05-29 10:06:25 transreid.train INFO: Epoch[104] Iter[20/227] Loss: 0.118, Acc: 0.993, Base Lr: 3.61e-05 | id_global: 0.107 tri_global: 0.011
2026-05-29 10:06:28 transreid.train INFO: Epoch[104] Iter[40/227] Loss: 0.123, Acc: 0.988, Base Lr: 3.61e-05 | id_global: 0.113 tri_global: 0.011
2026-05-29 10:06:32 transreid.train INFO: Epoch[104] Iter[60/227] Loss: 0.122, Acc: 0.990, Base Lr: 3.61e-05 | id_global: 0.111 tri_global: 0.011
2026-05-29 10:06:35 transreid.train INFO: Epoch[104] Iter[80/227] Loss: 0.121, Acc: 0.989, Base Lr: 3.61e-05 | id_global: 0.111 tri_global: 0.010
2026-05-29 10:06:38 transreid.train INFO: Epoch[104] Iter[100/227] Loss: 0.122, Acc: 0.989, Base Lr: 3.61e-05 | id_global: 0.110 tri_global: 0.012
2026-05-29 10:06:41 transreid.train INFO: Epoch[104] Iter[120/227] Loss: 0.120, Acc: 0.989, Base Lr: 3.61e-05 | id_global: 0.108 tri_global: 0.012
2026-05-29 10:06:44 transreid.train INFO: Epoch[104] Iter[140/227] Loss: 0.118, Acc: 0.989, Base Lr: 3.61e-05 | id_global: 0.106 tri_global: 0.012
2026-05-29 10:06:48 transreid.train INFO: Epoch[104] Iter[160/227] Loss: 0.114, Acc: 0.989, Base Lr: 3.61e-05 | id_global: 0.103 tri_global: 0.011
2026-05-29 10:06:51 transreid.train INFO: Epoch[104] Iter[180/227] Loss: 0.110, Acc: 0.990, Base Lr: 3.61e-05 | id_global: 0.100 tri_global: 0.010
2026-05-29 10:06:54 transreid.train INFO: Epoch[104] Iter[200/227] Loss: 0.106, Acc: 0.990, Base Lr: 3.61e-05 | id_global: 0.096 tri_global: 0.010
2026-05-29 10:06:55 transreid.train INFO: Epoch 104 done. Time per epoch: 34.619[s] Speed: 388.2[samples/s] ETA: 0h9m
2026-05-29 10:07:00 transreid.train INFO: Epoch[105] Iter[20/227] Loss: 0.127, Acc: 0.990, Base Lr: 3.20e-05 | id_global: 0.114 tri_global: 0.013
2026-05-29 10:07:03 transreid.train INFO: Epoch[105] Iter[40/227] Loss: 0.131, Acc: 0.990, Base Lr: 3.20e-05 | id_global: 0.119 tri_global: 0.012
2026-05-29 10:07:06 transreid.train INFO: Epoch[105] Iter[60/227] Loss: 0.128, Acc: 0.990, Base Lr: 3.20e-05 | id_global: 0.116 tri_global: 0.012
2026-05-29 10:07:09 transreid.train INFO: Epoch[105] Iter[80/227] Loss: 0.126, Acc: 0.991, Base Lr: 3.20e-05 | id_global: 0.113 tri_global: 0.013
2026-05-29 10:07:13 transreid.train INFO: Epoch[105] Iter[100/227] Loss: 0.123, Acc: 0.991, Base Lr: 3.20e-05 | id_global: 0.110 tri_global: 0.012
2026-05-29 10:07:16 transreid.train INFO: Epoch[105] Iter[120/227] Loss: 0.119, Acc: 0.992, Base Lr: 3.20e-05 | id_global: 0.107 tri_global: 0.013
2026-05-29 10:07:19 transreid.train INFO: Epoch[105] Iter[140/227] Loss: 0.116, Acc: 0.992, Base Lr: 3.20e-05 | id_global: 0.103 tri_global: 0.012
2026-05-29 10:07:22 transreid.train INFO: Epoch[105] Iter[160/227] Loss: 0.115, Acc: 0.992, Base Lr: 3.20e-05 | id_global: 0.102 tri_global: 0.014
2026-05-29 10:07:25 transreid.train INFO: Epoch[105] Iter[180/227] Loss: 0.111, Acc: 0.992, Base Lr: 3.20e-05 | id_global: 0.098 tri_global: 0.013
2026-05-29 10:07:29 transreid.train INFO: Epoch[105] Iter[200/227] Loss: 0.107, Acc: 0.992, Base Lr: 3.20e-05 | id_global: 0.094 tri_global: 0.012
2026-05-29 10:07:30 transreid.train INFO: Epoch 105 done. Time per epoch: 34.792[s] Speed: 388.1[samples/s] ETA: 0h8m
2026-05-29 10:07:34 transreid.train INFO: Epoch[106] Iter[20/227] Loss: 0.145, Acc: 0.987, Base Lr: 2.81e-05 | id_global: 0.129 tri_global: 0.016
2026-05-29 10:07:38 transreid.train INFO: Epoch[106] Iter[40/227] Loss: 0.126, Acc: 0.986, Base Lr: 2.81e-05 | id_global: 0.114 tri_global: 0.012
2026-05-29 10:07:41 transreid.train INFO: Epoch[106] Iter[60/227] Loss: 0.122, Acc: 0.987, Base Lr: 2.81e-05 | id_global: 0.111 tri_global: 0.011
2026-05-29 10:07:44 transreid.train INFO: Epoch[106] Iter[80/227] Loss: 0.122, Acc: 0.988, Base Lr: 2.81e-05 | id_global: 0.110 tri_global: 0.012
2026-05-29 10:07:47 transreid.train INFO: Epoch[106] Iter[100/227] Loss: 0.120, Acc: 0.989, Base Lr: 2.81e-05 | id_global: 0.108 tri_global: 0.011
2026-05-29 10:07:50 transreid.train INFO: Epoch[106] Iter[120/227] Loss: 0.115, Acc: 0.990, Base Lr: 2.81e-05 | id_global: 0.105 tri_global: 0.010
2026-05-29 10:07:54 transreid.train INFO: Epoch[106] Iter[140/227] Loss: 0.112, Acc: 0.991, Base Lr: 2.81e-05 | id_global: 0.102 tri_global: 0.010
2026-05-29 10:07:57 transreid.train INFO: Epoch[106] Iter[160/227] Loss: 0.111, Acc: 0.991, Base Lr: 2.81e-05 | id_global: 0.100 tri_global: 0.010
2026-05-29 10:08:00 transreid.train INFO: Epoch[106] Iter[180/227] Loss: 0.109, Acc: 0.991, Base Lr: 2.81e-05 | id_global: 0.098 tri_global: 0.011
2026-05-29 10:08:03 transreid.train INFO: Epoch[106] Iter[200/227] Loss: 0.106, Acc: 0.991, Base Lr: 2.81e-05 | id_global: 0.094 tri_global: 0.011
2026-05-29 10:08:05 transreid.train INFO: Epoch 106 done. Time per epoch: 34.707[s] Speed: 389.1[samples/s] ETA: 0h8m
2026-05-29 10:08:09 transreid.train INFO: Epoch[107] Iter[20/227] Loss: 0.120, Acc: 0.991, Base Lr: 2.45e-05 | id_global: 0.111 tri_global: 0.008
2026-05-29 10:08:12 transreid.train INFO: Epoch[107] Iter[40/227] Loss: 0.118, Acc: 0.991, Base Lr: 2.45e-05 | id_global: 0.110 tri_global: 0.009
2026-05-29 10:08:16 transreid.train INFO: Epoch[107] Iter[60/227] Loss: 0.115, Acc: 0.990, Base Lr: 2.45e-05 | id_global: 0.108 tri_global: 0.008
2026-05-29 10:08:19 transreid.train INFO: Epoch[107] Iter[80/227] Loss: 0.116, Acc: 0.991, Base Lr: 2.45e-05 | id_global: 0.107 tri_global: 0.009
2026-05-29 10:08:22 transreid.train INFO: Epoch[107] Iter[100/227] Loss: 0.119, Acc: 0.991, Base Lr: 2.45e-05 | id_global: 0.107 tri_global: 0.012
2026-05-29 10:08:25 transreid.train INFO: Epoch[107] Iter[120/227] Loss: 0.118, Acc: 0.990, Base Lr: 2.45e-05 | id_global: 0.106 tri_global: 0.012
2026-05-29 10:08:28 transreid.train INFO: Epoch[107] Iter[140/227] Loss: 0.118, Acc: 0.990, Base Lr: 2.45e-05 | id_global: 0.104 tri_global: 0.014
2026-05-29 10:08:32 transreid.train INFO: Epoch[107] Iter[160/227] Loss: 0.113, Acc: 0.990, Base Lr: 2.45e-05 | id_global: 0.100 tri_global: 0.013
2026-05-29 10:08:35 transreid.train INFO: Epoch[107] Iter[180/227] Loss: 0.110, Acc: 0.990, Base Lr: 2.45e-05 | id_global: 0.098 tri_global: 0.012
2026-05-29 10:08:38 transreid.train INFO: Epoch[107] Iter[200/227] Loss: 0.108, Acc: 0.990, Base Lr: 2.45e-05 | id_global: 0.095 tri_global: 0.013
2026-05-29 10:08:40 transreid.train INFO: Epoch 107 done. Time per epoch: 34.784[s] Speed: 388.2[samples/s] ETA: 0h7m
2026-05-29 10:08:44 transreid.train INFO: Epoch[108] Iter[20/227] Loss: 0.136, Acc: 0.984, Base Lr: 2.11e-05 | id_global: 0.120 tri_global: 0.016
2026-05-29 10:08:47 transreid.train INFO: Epoch[108] Iter[40/227] Loss: 0.142, Acc: 0.984, Base Lr: 2.11e-05 | id_global: 0.125 tri_global: 0.017
2026-05-29 10:08:50 transreid.train INFO: Epoch[108] Iter[60/227] Loss: 0.134, Acc: 0.985, Base Lr: 2.11e-05 | id_global: 0.118 tri_global: 0.016
2026-05-29 10:08:54 transreid.train INFO: Epoch[108] Iter[80/227] Loss: 0.128, Acc: 0.987, Base Lr: 2.11e-05 | id_global: 0.114 tri_global: 0.014
2026-05-29 10:08:57 transreid.train INFO: Epoch[108] Iter[100/227] Loss: 0.125, Acc: 0.988, Base Lr: 2.11e-05 | id_global: 0.112 tri_global: 0.013
2026-05-29 10:09:00 transreid.train INFO: Epoch[108] Iter[120/227] Loss: 0.121, Acc: 0.989, Base Lr: 2.11e-05 | id_global: 0.109 tri_global: 0.011
2026-05-29 10:09:03 transreid.train INFO: Epoch[108] Iter[140/227] Loss: 0.117, Acc: 0.989, Base Lr: 2.11e-05 | id_global: 0.106 tri_global: 0.011
2026-05-29 10:09:06 transreid.train INFO: Epoch[108] Iter[160/227] Loss: 0.115, Acc: 0.989, Base Lr: 2.11e-05 | id_global: 0.104 tri_global: 0.011
2026-05-29 10:09:10 transreid.train INFO: Epoch[108] Iter[180/227] Loss: 0.112, Acc: 0.989, Base Lr: 2.11e-05 | id_global: 0.101 tri_global: 0.011
2026-05-29 10:09:13 transreid.train INFO: Epoch[108] Iter[200/227] Loss: 0.107, Acc: 0.990, Base Lr: 2.11e-05 | id_global: 0.097 tri_global: 0.010
2026-05-29 10:09:15 transreid.train INFO: Epoch 108 done. Time per epoch: 34.850[s] Speed: 387.5[samples/s] ETA: 0h6m
2026-05-29 10:09:19 transreid.train INFO: Epoch[109] Iter[20/227] Loss: 0.121, Acc: 0.988, Base Lr: 1.80e-05 | id_global: 0.115 tri_global: 0.007
2026-05-29 10:09:22 transreid.train INFO: Epoch[109] Iter[40/227] Loss: 0.119, Acc: 0.991, Base Lr: 1.80e-05 | id_global: 0.113 tri_global: 0.006
2026-05-29 10:09:25 transreid.train INFO: Epoch[109] Iter[60/227] Loss: 0.115, Acc: 0.991, Base Lr: 1.80e-05 | id_global: 0.109 tri_global: 0.006
2026-05-29 10:09:28 transreid.train INFO: Epoch[109] Iter[80/227] Loss: 0.116, Acc: 0.992, Base Lr: 1.80e-05 | id_global: 0.108 tri_global: 0.008
2026-05-29 10:09:32 transreid.train INFO: Epoch[109] Iter[100/227] Loss: 0.119, Acc: 0.992, Base Lr: 1.80e-05 | id_global: 0.107 tri_global: 0.012
2026-05-29 10:09:35 transreid.train INFO: Epoch[109] Iter[120/227] Loss: 0.118, Acc: 0.991, Base Lr: 1.80e-05 | id_global: 0.105 tri_global: 0.013
2026-05-29 10:09:38 transreid.train INFO: Epoch[109] Iter[140/227] Loss: 0.114, Acc: 0.992, Base Lr: 1.80e-05 | id_global: 0.102 tri_global: 0.012
2026-05-29 10:09:41 transreid.train INFO: Epoch[109] Iter[160/227] Loss: 0.114, Acc: 0.992, Base Lr: 1.80e-05 | id_global: 0.099 tri_global: 0.015
2026-05-29 10:09:44 transreid.train INFO: Epoch[109] Iter[180/227] Loss: 0.113, Acc: 0.992, Base Lr: 1.80e-05 | id_global: 0.098 tri_global: 0.015
2026-05-29 10:09:48 transreid.train INFO: Epoch[109] Iter[200/227] Loss: 0.110, Acc: 0.992, Base Lr: 1.80e-05 | id_global: 0.095 tri_global: 0.016
2026-05-29 10:09:50 transreid.train INFO: Epoch 109 done. Time per epoch: 34.900[s] Speed: 388.8[samples/s] ETA: 0h6m
2026-05-29 10:09:54 transreid.train INFO: Epoch[110] Iter[20/227] Loss: 0.118, Acc: 0.992, Base Lr: 1.52e-05 | id_global: 0.113 tri_global: 0.006
2026-05-29 10:09:57 transreid.train INFO: Epoch[110] Iter[40/227] Loss: 0.118, Acc: 0.989, Base Lr: 1.52e-05 | id_global: 0.111 tri_global: 0.007
2026-05-29 10:10:00 transreid.train INFO: Epoch[110] Iter[60/227] Loss: 0.124, Acc: 0.988, Base Lr: 1.52e-05 | id_global: 0.113 tri_global: 0.011
2026-05-29 10:10:03 transreid.train INFO: Epoch[110] Iter[80/227] Loss: 0.118, Acc: 0.989, Base Lr: 1.52e-05 | id_global: 0.109 tri_global: 0.010
2026-05-29 10:10:07 transreid.train INFO: Epoch[110] Iter[100/227] Loss: 0.114, Acc: 0.990, Base Lr: 1.52e-05 | id_global: 0.105 tri_global: 0.010
2026-05-29 10:10:10 transreid.train INFO: Epoch[110] Iter[120/227] Loss: 0.113, Acc: 0.990, Base Lr: 1.52e-05 | id_global: 0.103 tri_global: 0.010
2026-05-29 10:10:13 transreid.train INFO: Epoch[110] Iter[140/227] Loss: 0.112, Acc: 0.990, Base Lr: 1.52e-05 | id_global: 0.102 tri_global: 0.010
2026-05-29 10:10:16 transreid.train INFO: Epoch[110] Iter[160/227] Loss: 0.109, Acc: 0.991, Base Lr: 1.52e-05 | id_global: 0.099 tri_global: 0.010
2026-05-29 10:10:19 transreid.train INFO: Epoch[110] Iter[180/227] Loss: 0.106, Acc: 0.991, Base Lr: 1.52e-05 | id_global: 0.097 tri_global: 0.010
2026-05-29 10:10:23 transreid.train INFO: Epoch[110] Iter[200/227] Loss: 0.103, Acc: 0.991, Base Lr: 1.52e-05 | id_global: 0.093 tri_global: 0.009
2026-05-29 10:10:24 transreid.train INFO: Epoch 110 done. Time per epoch: 34.829[s] Speed: 387.7[samples/s] ETA: 0h5m
The test feature is normalized
=> Computing DistMat with euclidean_distance
2026-05-29 10:11:12 transreid.train INFO: Validation Results - Epoch: 110
2026-05-29 10:11:12 transreid.train INFO: mAP: 59.2%
2026-05-29 10:11:12 transreid.train INFO: CMC curve, Rank-1  :68.4%
2026-05-29 10:11:12 transreid.train INFO: CMC curve, Rank-5  :81.5%
2026-05-29 10:11:12 transreid.train INFO: CMC curve, Rank-10 :85.8%
2026-05-29 10:11:17 transreid.train INFO: Epoch[111] Iter[20/227] Loss: 0.116, Acc: 0.991, Base Lr: 1.26e-05 | id_global: 0.109 tri_global: 0.006
2026-05-29 10:11:20 transreid.train INFO: Epoch[111] Iter[40/227] Loss: 0.125, Acc: 0.991, Base Lr: 1.26e-05 | id_global: 0.112 tri_global: 0.013
2026-05-29 10:11:23 transreid.train INFO: Epoch[111] Iter[60/227] Loss: 0.129, Acc: 0.992, Base Lr: 1.26e-05 | id_global: 0.112 tri_global: 0.016
2026-05-29 10:11:26 transreid.train INFO: Epoch[111] Iter[80/227] Loss: 0.124, Acc: 0.992, Base Lr: 1.26e-05 | id_global: 0.109 tri_global: 0.014
2026-05-29 10:11:29 transreid.train INFO: Epoch[111] Iter[100/227] Loss: 0.121, Acc: 0.991, Base Lr: 1.26e-05 | id_global: 0.108 tri_global: 0.014
2026-05-29 10:11:33 transreid.train INFO: Epoch[111] Iter[120/227] Loss: 0.119, Acc: 0.991, Base Lr: 1.26e-05 | id_global: 0.105 tri_global: 0.014
2026-05-29 10:11:36 transreid.train INFO: Epoch[111] Iter[140/227] Loss: 0.114, Acc: 0.991, Base Lr: 1.26e-05 | id_global: 0.101 tri_global: 0.013
2026-05-29 10:11:39 transreid.train INFO: Epoch[111] Iter[160/227] Loss: 0.110, Acc: 0.992, Base Lr: 1.26e-05 | id_global: 0.098 tri_global: 0.012
2026-05-29 10:11:42 transreid.train INFO: Epoch[111] Iter[180/227] Loss: 0.106, Acc: 0.992, Base Lr: 1.26e-05 | id_global: 0.095 tri_global: 0.011
2026-05-29 10:11:45 transreid.train INFO: Epoch[111] Iter[200/227] Loss: 0.103, Acc: 0.992, Base Lr: 1.26e-05 | id_global: 0.092 tri_global: 0.011
2026-05-29 10:11:47 transreid.train INFO: Epoch 111 done. Time per epoch: 34.879[s] Speed: 389.0[samples/s] ETA: 0h5m
2026-05-29 10:11:52 transreid.train INFO: Epoch[112] Iter[20/227] Loss: 0.115, Acc: 0.994, Base Lr: 1.03e-05 | id_global: 0.110 tri_global: 0.005
2026-05-29 10:11:55 transreid.train INFO: Epoch[112] Iter[40/227] Loss: 0.117, Acc: 0.993, Base Lr: 1.03e-05 | id_global: 0.110 tri_global: 0.008
2026-05-29 10:11:58 transreid.train INFO: Epoch[112] Iter[60/227] Loss: 0.121, Acc: 0.990, Base Lr: 1.03e-05 | id_global: 0.110 tri_global: 0.010
2026-05-29 10:12:01 transreid.train INFO: Epoch[112] Iter[80/227] Loss: 0.119, Acc: 0.990, Base Lr: 1.03e-05 | id_global: 0.107 tri_global: 0.012
2026-05-29 10:12:04 transreid.train INFO: Epoch[112] Iter[100/227] Loss: 0.121, Acc: 0.990, Base Lr: 1.03e-05 | id_global: 0.108 tri_global: 0.013
2026-05-29 10:12:08 transreid.train INFO: Epoch[112] Iter[120/227] Loss: 0.116, Acc: 0.990, Base Lr: 1.03e-05 | id_global: 0.104 tri_global: 0.012
2026-05-29 10:12:11 transreid.train INFO: Epoch[112] Iter[140/227] Loss: 0.113, Acc: 0.990, Base Lr: 1.03e-05 | id_global: 0.102 tri_global: 0.011
2026-05-29 10:12:14 transreid.train INFO: Epoch[112] Iter[160/227] Loss: 0.111, Acc: 0.990, Base Lr: 1.03e-05 | id_global: 0.100 tri_global: 0.012
2026-05-29 10:12:17 transreid.train INFO: Epoch[112] Iter[180/227] Loss: 0.108, Acc: 0.990, Base Lr: 1.03e-05 | id_global: 0.097 tri_global: 0.012
2026-05-29 10:12:20 transreid.train INFO: Epoch[112] Iter[200/227] Loss: 0.105, Acc: 0.991, Base Lr: 1.03e-05 | id_global: 0.094 tri_global: 0.011
2026-05-29 10:12:22 transreid.train INFO: Epoch 112 done. Time per epoch: 34.831[s] Speed: 389.5[samples/s] ETA: 0h4m
2026-05-29 10:12:26 transreid.train INFO: Epoch[113] Iter[20/227] Loss: 0.130, Acc: 0.984, Base Lr: 8.28e-06 | id_global: 0.116 tri_global: 0.014
2026-05-29 10:12:30 transreid.train INFO: Epoch[113] Iter[40/227] Loss: 0.129, Acc: 0.985, Base Lr: 8.28e-06 | id_global: 0.112 tri_global: 0.016
2026-05-29 10:12:33 transreid.train INFO: Epoch[113] Iter[60/227] Loss: 0.124, Acc: 0.985, Base Lr: 8.28e-06 | id_global: 0.111 tri_global: 0.013
2026-05-29 10:12:36 transreid.train INFO: Epoch[113] Iter[80/227] Loss: 0.121, Acc: 0.987, Base Lr: 8.28e-06 | id_global: 0.108 tri_global: 0.013
2026-05-29 10:12:39 transreid.train INFO: Epoch[113] Iter[100/227] Loss: 0.119, Acc: 0.987, Base Lr: 8.28e-06 | id_global: 0.107 tri_global: 0.012
2026-05-29 10:12:42 transreid.train INFO: Epoch[113] Iter[120/227] Loss: 0.116, Acc: 0.988, Base Lr: 8.28e-06 | id_global: 0.105 tri_global: 0.011
2026-05-29 10:12:46 transreid.train INFO: Epoch[113] Iter[140/227] Loss: 0.114, Acc: 0.989, Base Lr: 8.28e-06 | id_global: 0.103 tri_global: 0.011
2026-05-29 10:12:49 transreid.train INFO: Epoch[113] Iter[160/227] Loss: 0.110, Acc: 0.989, Base Lr: 8.28e-06 | id_global: 0.100 tri_global: 0.010
2026-05-29 10:12:52 transreid.train INFO: Epoch[113] Iter[180/227] Loss: 0.107, Acc: 0.989, Base Lr: 8.28e-06 | id_global: 0.097 tri_global: 0.010
2026-05-29 10:12:55 transreid.train INFO: Epoch[113] Iter[200/227] Loss: 0.105, Acc: 0.990, Base Lr: 8.28e-06 | id_global: 0.093 tri_global: 0.011
2026-05-29 10:12:57 transreid.train INFO: Epoch 113 done. Time per epoch: 34.460[s] Speed: 390.0[samples/s] ETA: 0h4m
2026-05-29 10:13:01 transreid.train INFO: Epoch[114] Iter[20/227] Loss: 0.117, Acc: 0.989, Base Lr: 6.51e-06 | id_global: 0.111 tri_global: 0.006
2026-05-29 10:13:04 transreid.train INFO: Epoch[114] Iter[40/227] Loss: 0.115, Acc: 0.991, Base Lr: 6.51e-06 | id_global: 0.106 tri_global: 0.009
2026-05-29 10:13:07 transreid.train INFO: Epoch[114] Iter[60/227] Loss: 0.114, Acc: 0.991, Base Lr: 6.51e-06 | id_global: 0.106 tri_global: 0.008
2026-05-29 10:13:10 transreid.train INFO: Epoch[114] Iter[80/227] Loss: 0.112, Acc: 0.991, Base Lr: 6.51e-06 | id_global: 0.104 tri_global: 0.008
2026-05-29 10:13:14 transreid.train INFO: Epoch[114] Iter[100/227] Loss: 0.109, Acc: 0.991, Base Lr: 6.51e-06 | id_global: 0.102 tri_global: 0.008
2026-05-29 10:13:17 transreid.train INFO: Epoch[114] Iter[120/227] Loss: 0.108, Acc: 0.992, Base Lr: 6.51e-06 | id_global: 0.101 tri_global: 0.007
2026-05-29 10:13:20 transreid.train INFO: Epoch[114] Iter[140/227] Loss: 0.109, Acc: 0.992, Base Lr: 6.51e-06 | id_global: 0.099 tri_global: 0.009
2026-05-29 10:13:23 transreid.train INFO: Epoch[114] Iter[160/227] Loss: 0.108, Acc: 0.991, Base Lr: 6.51e-06 | id_global: 0.099 tri_global: 0.009
2026-05-29 10:13:26 transreid.train INFO: Epoch[114] Iter[180/227] Loss: 0.104, Acc: 0.991, Base Lr: 6.51e-06 | id_global: 0.095 tri_global: 0.009
2026-05-29 10:13:30 transreid.train INFO: Epoch[114] Iter[200/227] Loss: 0.102, Acc: 0.992, Base Lr: 6.51e-06 | id_global: 0.092 tri_global: 0.010
2026-05-29 10:13:31 transreid.train INFO: Epoch 114 done. Time per epoch: 34.808[s] Speed: 389.8[samples/s] ETA: 0h3m
2026-05-29 10:13:36 transreid.train INFO: Epoch[115] Iter[20/227] Loss: 0.127, Acc: 0.989, Base Lr: 5.02e-06 | id_global: 0.120 tri_global: 0.007
2026-05-29 10:13:39 transreid.train INFO: Epoch[115] Iter[40/227] Loss: 0.120, Acc: 0.991, Base Lr: 5.02e-06 | id_global: 0.114 tri_global: 0.007
2026-05-29 10:13:42 transreid.train INFO: Epoch[115] Iter[60/227] Loss: 0.118, Acc: 0.992, Base Lr: 5.02e-06 | id_global: 0.111 tri_global: 0.008
2026-05-29 10:13:45 transreid.train INFO: Epoch[115] Iter[80/227] Loss: 0.114, Acc: 0.991, Base Lr: 5.02e-06 | id_global: 0.107 tri_global: 0.007
2026-05-29 10:13:48 transreid.train INFO: Epoch[115] Iter[100/227] Loss: 0.112, Acc: 0.992, Base Lr: 5.02e-06 | id_global: 0.104 tri_global: 0.007
2026-05-29 10:13:52 transreid.train INFO: Epoch[115] Iter[120/227] Loss: 0.112, Acc: 0.992, Base Lr: 5.02e-06 | id_global: 0.103 tri_global: 0.009
2026-05-29 10:13:55 transreid.train INFO: Epoch[115] Iter[140/227] Loss: 0.112, Acc: 0.991, Base Lr: 5.02e-06 | id_global: 0.102 tri_global: 0.010
2026-05-29 10:13:58 transreid.train INFO: Epoch[115] Iter[160/227] Loss: 0.111, Acc: 0.991, Base Lr: 5.02e-06 | id_global: 0.099 tri_global: 0.011
2026-05-29 10:14:01 transreid.train INFO: Epoch[115] Iter[180/227] Loss: 0.107, Acc: 0.992, Base Lr: 5.02e-06 | id_global: 0.097 tri_global: 0.011
2026-05-29 10:14:04 transreid.train INFO: Epoch[115] Iter[200/227] Loss: 0.103, Acc: 0.992, Base Lr: 5.02e-06 | id_global: 0.092 tri_global: 0.010
2026-05-29 10:14:06 transreid.train INFO: Epoch 115 done. Time per epoch: 34.827[s] Speed: 389.6[samples/s] ETA: 0h2m
2026-05-29 10:14:11 transreid.train INFO: Epoch[116] Iter[20/227] Loss: 0.120, Acc: 0.992, Base Lr: 3.79e-06 | id_global: 0.114 tri_global: 0.006
2026-05-29 10:14:14 transreid.train INFO: Epoch[116] Iter[40/227] Loss: 0.123, Acc: 0.991, Base Lr: 3.79e-06 | id_global: 0.113 tri_global: 0.010
2026-05-29 10:14:17 transreid.train INFO: Epoch[116] Iter[60/227] Loss: 0.118, Acc: 0.992, Base Lr: 3.79e-06 | id_global: 0.107 tri_global: 0.012
2026-05-29 10:14:20 transreid.train INFO: Epoch[116] Iter[80/227] Loss: 0.118, Acc: 0.992, Base Lr: 3.79e-06 | id_global: 0.106 tri_global: 0.012
2026-05-29 10:14:23 transreid.train INFO: Epoch[116] Iter[100/227] Loss: 0.115, Acc: 0.992, Base Lr: 3.79e-06 | id_global: 0.103 tri_global: 0.011
2026-05-29 10:14:26 transreid.train INFO: Epoch[116] Iter[120/227] Loss: 0.113, Acc: 0.991, Base Lr: 3.79e-06 | id_global: 0.102 tri_global: 0.012
2026-05-29 10:14:30 transreid.train INFO: Epoch[116] Iter[140/227] Loss: 0.109, Acc: 0.992, Base Lr: 3.79e-06 | id_global: 0.099 tri_global: 0.010
2026-05-29 10:14:33 transreid.train INFO: Epoch[116] Iter[160/227] Loss: 0.109, Acc: 0.992, Base Lr: 3.79e-06 | id_global: 0.098 tri_global: 0.011
2026-05-29 10:14:36 transreid.train INFO: Epoch[116] Iter[180/227] Loss: 0.107, Acc: 0.992, Base Lr: 3.79e-06 | id_global: 0.096 tri_global: 0.011
2026-05-29 10:14:39 transreid.train INFO: Epoch[116] Iter[200/227] Loss: 0.103, Acc: 0.992, Base Lr: 3.79e-06 | id_global: 0.092 tri_global: 0.011
2026-05-29 10:14:41 transreid.train INFO: Epoch 116 done. Time per epoch: 34.746[s] Speed: 390.5[samples/s] ETA: 0h2m
2026-05-29 10:14:45 transreid.train INFO: Epoch[117] Iter[20/227] Loss: 0.153, Acc: 0.988, Base Lr: 2.83e-06 | id_global: 0.121 tri_global: 0.032
2026-05-29 10:14:49 transreid.train INFO: Epoch[117] Iter[40/227] Loss: 0.137, Acc: 0.986, Base Lr: 2.83e-06 | id_global: 0.116 tri_global: 0.020
2026-05-29 10:14:52 transreid.train INFO: Epoch[117] Iter[60/227] Loss: 0.135, Acc: 0.986, Base Lr: 2.83e-06 | id_global: 0.116 tri_global: 0.019
2026-05-29 10:14:55 transreid.train INFO: Epoch[117] Iter[80/227] Loss: 0.131, Acc: 0.987, Base Lr: 2.83e-06 | id_global: 0.113 tri_global: 0.018
2026-05-29 10:14:58 transreid.train INFO: Epoch[117] Iter[100/227] Loss: 0.127, Acc: 0.987, Base Lr: 2.83e-06 | id_global: 0.110 tri_global: 0.017
2026-05-29 10:15:01 transreid.train INFO: Epoch[117] Iter[120/227] Loss: 0.123, Acc: 0.988, Base Lr: 2.83e-06 | id_global: 0.108 tri_global: 0.016
2026-05-29 10:15:04 transreid.train INFO: Epoch[117] Iter[140/227] Loss: 0.121, Acc: 0.988, Base Lr: 2.83e-06 | id_global: 0.106 tri_global: 0.015
2026-05-29 10:15:08 transreid.train INFO: Epoch[117] Iter[160/227] Loss: 0.118, Acc: 0.988, Base Lr: 2.83e-06 | id_global: 0.102 tri_global: 0.016
2026-05-29 10:15:11 transreid.train INFO: Epoch[117] Iter[180/227] Loss: 0.116, Acc: 0.989, Base Lr: 2.83e-06 | id_global: 0.099 tri_global: 0.016
2026-05-29 10:15:14 transreid.train INFO: Epoch[117] Iter[200/227] Loss: 0.111, Acc: 0.990, Base Lr: 2.83e-06 | id_global: 0.095 tri_global: 0.016
2026-05-29 10:15:16 transreid.train INFO: Epoch 117 done. Time per epoch: 34.888[s] Speed: 388.9[samples/s] ETA: 0h1m
2026-05-29 10:15:20 transreid.train INFO: Epoch[118] Iter[20/227] Loss: 0.125, Acc: 0.988, Base Lr: 2.15e-06 | id_global: 0.115 tri_global: 0.010
2026-05-29 10:15:23 transreid.train INFO: Epoch[118] Iter[40/227] Loss: 0.122, Acc: 0.989, Base Lr: 2.15e-06 | id_global: 0.115 tri_global: 0.007
2026-05-29 10:15:27 transreid.train INFO: Epoch[118] Iter[60/227] Loss: 0.126, Acc: 0.989, Base Lr: 2.15e-06 | id_global: 0.115 tri_global: 0.011
2026-05-29 10:15:30 transreid.train INFO: Epoch[118] Iter[80/227] Loss: 0.122, Acc: 0.990, Base Lr: 2.15e-06 | id_global: 0.112 tri_global: 0.010
2026-05-29 10:15:33 transreid.train INFO: Epoch[118] Iter[100/227] Loss: 0.120, Acc: 0.989, Base Lr: 2.15e-06 | id_global: 0.110 tri_global: 0.010
2026-05-29 10:15:36 transreid.train INFO: Epoch[118] Iter[120/227] Loss: 0.116, Acc: 0.989, Base Lr: 2.15e-06 | id_global: 0.106 tri_global: 0.010
2026-05-29 10:15:39 transreid.train INFO: Epoch[118] Iter[140/227] Loss: 0.114, Acc: 0.989, Base Lr: 2.15e-06 | id_global: 0.104 tri_global: 0.010
2026-05-29 10:15:42 transreid.train INFO: Epoch[118] Iter[160/227] Loss: 0.109, Acc: 0.990, Base Lr: 2.15e-06 | id_global: 0.100 tri_global: 0.009
2026-05-29 10:15:46 transreid.train INFO: Epoch[118] Iter[180/227] Loss: 0.107, Acc: 0.990, Base Lr: 2.15e-06 | id_global: 0.097 tri_global: 0.010
2026-05-29 10:15:49 transreid.train INFO: Epoch[118] Iter[200/227] Loss: 0.103, Acc: 0.991, Base Lr: 2.15e-06 | id_global: 0.093 tri_global: 0.010
2026-05-29 10:15:50 transreid.train INFO: Epoch 118 done. Time per epoch: 34.582[s] Speed: 388.6[samples/s] ETA: 0h1m
2026-05-29 10:15:55 transreid.train INFO: Epoch[119] Iter[20/227] Loss: 0.121, Acc: 0.988, Base Lr: 1.74e-06 | id_global: 0.114 tri_global: 0.007
2026-05-29 10:15:58 transreid.train INFO: Epoch[119] Iter[40/227] Loss: 0.134, Acc: 0.986, Base Lr: 1.74e-06 | id_global: 0.118 tri_global: 0.016
2026-05-29 10:16:01 transreid.train INFO: Epoch[119] Iter[60/227] Loss: 0.131, Acc: 0.988, Base Lr: 1.74e-06 | id_global: 0.116 tri_global: 0.015
2026-05-29 10:16:04 transreid.train INFO: Epoch[119] Iter[80/227] Loss: 0.126, Acc: 0.988, Base Lr: 1.74e-06 | id_global: 0.113 tri_global: 0.013
2026-05-29 10:16:08 transreid.train INFO: Epoch[119] Iter[100/227] Loss: 0.125, Acc: 0.988, Base Lr: 1.74e-06 | id_global: 0.111 tri_global: 0.014
2026-05-29 10:16:11 transreid.train INFO: Epoch[119] Iter[120/227] Loss: 0.120, Acc: 0.989, Base Lr: 1.74e-06 | id_global: 0.107 tri_global: 0.013
2026-05-29 10:16:14 transreid.train INFO: Epoch[119] Iter[140/227] Loss: 0.115, Acc: 0.990, Base Lr: 1.74e-06 | id_global: 0.104 tri_global: 0.011
2026-05-29 10:16:17 transreid.train INFO: Epoch[119] Iter[160/227] Loss: 0.113, Acc: 0.990, Base Lr: 1.74e-06 | id_global: 0.101 tri_global: 0.012
2026-05-29 10:16:20 transreid.train INFO: Epoch[119] Iter[180/227] Loss: 0.108, Acc: 0.991, Base Lr: 1.74e-06 | id_global: 0.098 tri_global: 0.011
2026-05-29 10:16:23 transreid.train INFO: Epoch[119] Iter[200/227] Loss: 0.106, Acc: 0.991, Base Lr: 1.74e-06 | id_global: 0.094 tri_global: 0.011
2026-05-29 10:16:25 transreid.train INFO: Epoch 119 done. Time per epoch: 34.875[s] Speed: 389.0[samples/s] ETA: 0h0m
2026-05-29 10:16:30 transreid.train INFO: Epoch[120] Iter[20/227] Loss: 0.128, Acc: 0.991, Base Lr: 1.60e-06 | id_global: 0.117 tri_global: 0.011
2026-05-29 10:16:33 transreid.train INFO: Epoch[120] Iter[40/227] Loss: 0.120, Acc: 0.992, Base Lr: 1.60e-06 | id_global: 0.109 tri_global: 0.011
2026-05-29 10:16:36 transreid.train INFO: Epoch[120] Iter[60/227] Loss: 0.129, Acc: 0.990, Base Lr: 1.60e-06 | id_global: 0.113 tri_global: 0.017
2026-05-29 10:16:39 transreid.train INFO: Epoch[120] Iter[80/227] Loss: 0.128, Acc: 0.990, Base Lr: 1.60e-06 | id_global: 0.111 tri_global: 0.017
2026-05-29 10:16:42 transreid.train INFO: Epoch[120] Iter[100/227] Loss: 0.124, Acc: 0.990, Base Lr: 1.60e-06 | id_global: 0.109 tri_global: 0.015
2026-05-29 10:16:46 transreid.train INFO: Epoch[120] Iter[120/227] Loss: 0.117, Acc: 0.991, Base Lr: 1.60e-06 | id_global: 0.104 tri_global: 0.013
2026-05-29 10:16:49 transreid.train INFO: Epoch[120] Iter[140/227] Loss: 0.114, Acc: 0.991, Base Lr: 1.60e-06 | id_global: 0.102 tri_global: 0.012
2026-05-29 10:16:52 transreid.train INFO: Epoch[120] Iter[160/227] Loss: 0.112, Acc: 0.992, Base Lr: 1.60e-06 | id_global: 0.100 tri_global: 0.013
2026-05-29 10:16:55 transreid.train INFO: Epoch[120] Iter[180/227] Loss: 0.110, Acc: 0.992, Base Lr: 1.60e-06 | id_global: 0.097 tri_global: 0.013
2026-05-29 10:16:58 transreid.train INFO: Epoch[120] Iter[200/227] Loss: 0.109, Acc: 0.992, Base Lr: 1.60e-06 | id_global: 0.094 tri_global: 0.015
2026-05-29 10:17:00 transreid.train INFO: Epoch 120 done. Time per epoch: 34.681[s] Speed: 389.4[samples/s] ETA: 0h0m
The test feature is normalized
=> Computing DistMat with euclidean_distance
2026-05-29 10:17:48 transreid.train INFO: Validation Results - Epoch: 120
2026-05-29 10:17:48 transreid.train INFO: mAP: 59.2%
2026-05-29 10:17:48 transreid.train INFO: CMC curve, Rank-1  :68.5%
2026-05-29 10:17:48 transreid.train INFO: CMC curve, Rank-5  :81.4%
2026-05-29 10:17:48 transreid.train INFO: CMC curve, Rank-10 :85.7%
