2026-07-17 22:00:03 transreid INFO: Saving model in the path :./log/occluded_duke/exp387_clean_swin_tiny_d0_s1234
2026-07-17 22:00:03 transreid INFO: Loaded configuration file configs/occluded_duke/swin_tiny_tapf_d0.yml
2026-07-17 22:00:03 transreid INFO: Running with config:
DATALOADER:
  NUM_INSTANCE: 4
  NUM_WORKERS: 8
  REMOVE_TAIL: 0
  SAMPLER: softmax_triplet
DATASETS:
  NAMES: occluded_duke
  ROOT_DIR: /mnt1/afrdata
  ROOT_TRAIN_DIR: ../data
  ROOT_VAL_DIR: ../data
INPUT:
  PADDING: 10
  PIXEL_MEAN: [0.5, 0.5, 0.5]
  PIXEL_STD: [0.5, 0.5, 0.5]
  PROB: 0.5
  RE_PROB: 0.5
  SIZE_TEST: [384, 128]
  SIZE_TRAIN: [384, 128]
MODEL:
  ATT_DROP_RATE: 0.0
  COS_LAYER: False
  DEVICE: cuda
  DEVICE_ID: 0
  DEVIDE_LENGTH: 4
  DIST_TRAIN: False
  DROPOUT_RATE: 0.0
  DROP_OUT: 0.0
  DROP_PATH: 0.1
  FEAT_DIM: 512
  GEM_POOLING: False
  ID_LOSS_TYPE: softmax
  ID_LOSS_WEIGHT: 1.0
  IF_LABELSMOOTH: off
  IF_WITH_CENTER: no
  JPM: False
  LAST_STRIDE: 1
  METRIC_LOSS_TYPE: triplet
  NAME: transformer
  NECK: bnneck
  NO_MARGIN: True
  PRETRAIN_CHOICE: self
  PRETRAIN_HW_RATIO: 2
  PRETRAIN_PATH: /home/afr/reid-clean/weights/solider_swin_tiny_tea.pth
  REDUCE_FEAT_DIM: False
  RE_ARRANGE: True
  SEMANTIC_WEIGHT: 0.2
  SHIFT_NUM: 5
  SHUFFLE_GROUP: 2
  SIE_CAMERA: False
  SIE_COE: 3.0
  SIE_VIEW: False
  STEM_CONV: False
  STRIDE_SIZE: [16, 16]
  TAPF:
    ANCHOR_HIDDEN: 128
    ARTIFACT_DIR: /mnt1/afrderived/exp386_occluded_duke_vitpose_huge_train
    ENABLED: True
    GATE_RELEASE: 0.5
    GAUSSIAN_SIGMA: 1.5
    HANDOFF_EPOCHS: 5
    MANIFEST_SHA256: cc09eb6b0be91d731ce0fea77b8fa9d78e5404955ec740a1fc0f1ed00e6359f8
    POSE_LOSS_WEIGHT: 0.1
    PSG_HIDDEN: 32
    TEACHER_EPOCHS: 5
    VERIFY_IMAGE_SHA: False
  TRANSFORMER_TYPE: swin_tiny_patch4_window7_224
  TRIPLET_LOSS_WEIGHT: 1.0
OUTPUT_DIR: ./log/occluded_duke/exp387_clean_swin_tiny_d0_s1234
SOLVER:
  BASE_LR: 0.0008
  BIAS_LR_FACTOR: 2
  CENTER_LOSS_WEIGHT: 0.0005
  CENTER_LR: 0.5
  CHECKPOINT_PERIOD: 120
  COSINE_MARGIN: 0.5
  COSINE_SCALE: 30
  EVAL_PERIOD: 10
  GAMMA: 0.1
  IMS_PER_BATCH: 64
  LARGE_FC_LR: False
  LOG_PERIOD: 20
  MARGIN: 0.3
  MAX_EPOCHS: 120
  MOMENTUM: 0.9
  OPTIMIZER_NAME: SGD
  SEED: 1234
  STEPS: (40, 70)
  TRP_L2: False
  WARMUP_EPOCHS: 20
  WARMUP_FACTOR: 0.01
  WARMUP_METHOD: cosine
  WEIGHT_DECAY: 0.0001
  WEIGHT_DECAY_BIAS: 0.0001
TEST:
  DIST_MAT: dist_mat.npy
  EVAL: True
  FEAT_NORM: yes
  IMS_PER_BATCH: 256
  NECK_FEAT: before
  RE_RANKING: False
  WEIGHT: 
/usr/local/anaconda3/envs/mmpose-abu/lib/python3.8/site-packages/torchvision/transforms/transforms.py:329: UserWarning: Argument 'interpolation' of type int is deprecated since 0.13 and will be removed in 0.15. Please use InterpolationMode enum.
  warnings.warn(
=> Occluded-Duke loaded
2026-07-17 22:00:03 transreid.check INFO: Dataset statistics:
2026-07-17 22:00:03 transreid.check INFO:   ----------------------------------------
2026-07-17 22:00:03 transreid.check INFO:   subset   | # ids | # images | # cameras
2026-07-17 22:00:03 transreid.check INFO:   ----------------------------------------
2026-07-17 22:00:03 transreid.check INFO:   train    |   702 |    15618 |         8
2026-07-17 22:00:03 transreid.check INFO:   query    |   519 |     2210 |         8
2026-07-17 22:00:03 transreid.check INFO:   gallery  |  1110 |    17661 |         8
2026-07-17 22:00:03 transreid.check INFO:   ----------------------------------------
using img_triplet sampler
using Transformer_type: swin_tiny_patch4_window7_224 as a backbone
/home/afr/SOLIDER-REID-exp387-d0-0d1822a/model/backbones/swin_transformer.py:1157: UserWarning: DeprecationWarning: pretrained is deprecated, please use "init_cfg" instead
  warnings.warn('DeprecationWarning: pretrained is deprecated, '
unloaded parameters: <All keys matched successfully>
===========building transformer===========
using soft triplet loss for training
2026-07-17 22:00:04 transreid INFO: ===========using cosine learning rate=======
2026-07-17 22:00:04 transreid.train INFO: start training
2026-07-17 22:00:07 transreid.train INFO: Epoch[1] Iter[20/227] Loss: 18.934, Pose: 0.915, Acc: 0.002, Student: 0.00, Reliability: 0.854, GateAbs: 1.065e-05, Base Lr: 4.76e-05
2026-07-17 22:00:09 transreid.train INFO: Epoch[1] Iter[40/227] Loss: 17.392, Pose: 0.917, Acc: 0.002, Student: 0.00, Reliability: 0.839, GateAbs: 3.081e-05, Base Lr: 4.76e-05
2026-07-17 22:00:12 transreid.train INFO: Epoch[1] Iter[60/227] Loss: 16.471, Pose: 0.918, Acc: 0.001, Student: 0.00, Reliability: 0.834, GateAbs: 4.687e-05, Base Lr: 4.76e-05
2026-07-17 22:00:14 transreid.train INFO: Epoch[1] Iter[80/227] Loss: 15.655, Pose: 0.919, Acc: 0.001, Student: 0.00, Reliability: 0.854, GateAbs: 5.969e-05, Base Lr: 4.76e-05
2026-07-17 22:00:16 transreid.train INFO: Epoch[1] Iter[100/227] Loss: 15.009, Pose: 0.919, Acc: 0.001, Student: 0.00, Reliability: 0.852, GateAbs: 6.940e-05, Base Lr: 4.76e-05
2026-07-17 22:00:18 transreid.train INFO: Epoch[1] Iter[120/227] Loss: 14.477, Pose: 0.918, Acc: 0.001, Student: 0.00, Reliability: 0.850, GateAbs: 7.895e-05, Base Lr: 4.76e-05
2026-07-17 22:00:20 transreid.train INFO: Epoch[1] Iter[140/227] Loss: 14.023, Pose: 0.918, Acc: 0.001, Student: 0.00, Reliability: 0.856, GateAbs: 8.843e-05, Base Lr: 4.76e-05
2026-07-17 22:00:23 transreid.train INFO: Epoch[1] Iter[160/227] Loss: 13.649, Pose: 0.918, Acc: 0.001, Student: 0.00, Reliability: 0.854, GateAbs: 9.542e-05, Base Lr: 4.76e-05
2026-07-17 22:00:25 transreid.train INFO: Epoch[1] Iter[180/227] Loss: 13.348, Pose: 0.918, Acc: 0.001, Student: 0.00, Reliability: 0.847, GateAbs: 1.028e-04, Base Lr: 4.76e-05
2026-07-17 22:00:27 transreid.train INFO: Epoch[1] Iter[200/227] Loss: 13.070, Pose: 0.918, Acc: 0.001, Student: 0.00, Reliability: 0.826, GateAbs: 1.091e-04, Base Lr: 4.76e-05
2026-07-17 22:00:28 transreid.train INFO: Epoch 1 done. Time per epoch: 23.975[s] Speed: 560.6[samples/s]
2026-07-17 22:00:30 transreid.train INFO: Epoch[2] Iter[20/227] Loss: 10.956, Pose: 0.921, Acc: 0.001, Student: 0.00, Reliability: 0.842, GateAbs: 1.542e-04, Base Lr: 8.72e-05
2026-07-17 22:00:33 transreid.train INFO: Epoch[2] Iter[40/227] Loss: 10.764, Pose: 0.919, Acc: 0.001, Student: 0.00, Reliability: 0.833, GateAbs: 2.004e-04, Base Lr: 8.72e-05
2026-07-17 22:00:35 transreid.train INFO: Epoch[2] Iter[60/227] Loss: 10.544, Pose: 0.920, Acc: 0.002, Student: 0.00, Reliability: 0.866, GateAbs: 2.386e-04, Base Lr: 8.72e-05
2026-07-17 22:00:37 transreid.train INFO: Epoch[2] Iter[80/227] Loss: 10.229, Pose: 0.919, Acc: 0.002, Student: 0.00, Reliability: 0.833, GateAbs: 2.679e-04, Base Lr: 8.72e-05
2026-07-17 22:00:39 transreid.train INFO: Epoch[2] Iter[100/227] Loss: 10.035, Pose: 0.920, Acc: 0.003, Student: 0.00, Reliability: 0.861, GateAbs: 2.949e-04, Base Lr: 8.72e-05
2026-07-17 22:00:41 transreid.train INFO: Epoch[2] Iter[120/227] Loss: 9.867, Pose: 0.919, Acc: 0.004, Student: 0.00, Reliability: 0.839, GateAbs: 3.187e-04, Base Lr: 8.72e-05
2026-07-17 22:00:44 transreid.train INFO: Epoch[2] Iter[140/227] Loss: 9.687, Pose: 0.919, Acc: 0.006, Student: 0.00, Reliability: 0.833, GateAbs: 3.405e-04, Base Lr: 8.72e-05
2026-07-17 22:00:46 transreid.train INFO: Epoch[2] Iter[160/227] Loss: 9.505, Pose: 0.918, Acc: 0.008, Student: 0.00, Reliability: 0.853, GateAbs: 3.608e-04, Base Lr: 8.72e-05
2026-07-17 22:00:48 transreid.train INFO: Epoch[2] Iter[180/227] Loss: 9.379, Pose: 0.918, Acc: 0.012, Student: 0.00, Reliability: 0.844, GateAbs: 3.760e-04, Base Lr: 8.72e-05
2026-07-17 22:00:50 transreid.train INFO: Epoch[2] Iter[200/227] Loss: 9.262, Pose: 0.918, Acc: 0.018, Student: 0.00, Reliability: 0.852, GateAbs: 3.914e-04, Base Lr: 8.72e-05
2026-07-17 22:00:52 transreid.train INFO: Epoch 2 done. Time per epoch: 23.621[s] Speed: 574.4[samples/s]
2026-07-17 22:00:54 transreid.train INFO: Epoch[3] Iter[20/227] Loss: 8.320, Pose: 0.916, Acc: 0.053, Student: 0.00, Reliability: 0.837, GateAbs: 4.293e-04, Base Lr: 1.27e-04
2026-07-17 22:00:56 transreid.train INFO: Epoch[3] Iter[40/227] Loss: 8.240, Pose: 0.916, Acc: 0.057, Student: 0.00, Reliability: 0.841, GateAbs: 4.540e-04, Base Lr: 1.27e-04
2026-07-17 22:00:58 transreid.train INFO: Epoch[3] Iter[60/227] Loss: 8.186, Pose: 0.916, Acc: 0.061, Student: 0.00, Reliability: 0.849, GateAbs: 4.783e-04, Base Lr: 1.27e-04
2026-07-17 22:01:01 transreid.train INFO: Epoch[3] Iter[80/227] Loss: 8.135, Pose: 0.915, Acc: 0.070, Student: 0.00, Reliability: 0.854, GateAbs: 5.051e-04, Base Lr: 1.27e-04
2026-07-17 22:01:03 transreid.train INFO: Epoch[3] Iter[100/227] Loss: 8.117, Pose: 0.915, Acc: 0.082, Student: 0.00, Reliability: 0.846, GateAbs: 5.282e-04, Base Lr: 1.27e-04
2026-07-17 22:01:05 transreid.train INFO: Epoch[3] Iter[120/227] Loss: 8.073, Pose: 0.915, Acc: 0.093, Student: 0.00, Reliability: 0.848, GateAbs: 5.516e-04, Base Lr: 1.27e-04
2026-07-17 22:01:07 transreid.train INFO: Epoch[3] Iter[140/227] Loss: 8.038, Pose: 0.915, Acc: 0.100, Student: 0.00, Reliability: 0.830, GateAbs: 5.713e-04, Base Lr: 1.27e-04
2026-07-17 22:01:10 transreid.train INFO: Epoch[3] Iter[160/227] Loss: 7.992, Pose: 0.914, Acc: 0.108, Student: 0.00, Reliability: 0.848, GateAbs: 5.904e-04, Base Lr: 1.27e-04
2026-07-17 22:01:12 transreid.train INFO: Epoch[3] Iter[180/227] Loss: 7.948, Pose: 0.913, Acc: 0.123, Student: 0.00, Reliability: 0.844, GateAbs: 6.103e-04, Base Lr: 1.27e-04
2026-07-17 22:01:14 transreid.train INFO: Epoch[3] Iter[200/227] Loss: 7.910, Pose: 0.913, Acc: 0.144, Student: 0.00, Reliability: 0.834, GateAbs: 6.265e-04, Base Lr: 1.27e-04
2026-07-17 22:01:15 transreid.train INFO: Epoch 3 done. Time per epoch: 23.619[s] Speed: 574.5[samples/s]
2026-07-17 22:01:18 transreid.train INFO: Epoch[4] Iter[20/227] Loss: 7.825, Pose: 0.910, Acc: 0.088, Student: 0.00, Reliability: 0.834, GateAbs: 6.635e-04, Base Lr: 1.66e-04
2026-07-17 22:01:20 transreid.train INFO: Epoch[4] Iter[40/227] Loss: 7.670, Pose: 0.907, Acc: 0.121, Student: 0.00, Reliability: 0.840, GateAbs: 6.859e-04, Base Lr: 1.66e-04
2026-07-17 22:01:22 transreid.train INFO: Epoch[4] Iter[60/227] Loss: 7.554, Pose: 0.906, Acc: 0.125, Student: 0.00, Reliability: 0.859, GateAbs: 7.029e-04, Base Lr: 1.66e-04
2026-07-17 22:01:24 transreid.train INFO: Epoch[4] Iter[80/227] Loss: 7.558, Pose: 0.906, Acc: 0.132, Student: 0.00, Reliability: 0.846, GateAbs: 7.180e-04, Base Lr: 1.66e-04
2026-07-17 22:01:27 transreid.train INFO: Epoch[4] Iter[100/227] Loss: 7.542, Pose: 0.906, Acc: 0.136, Student: 0.00, Reliability: 0.855, GateAbs: 7.476e-04, Base Lr: 1.66e-04
2026-07-17 22:01:29 transreid.train INFO: Epoch[4] Iter[120/227] Loss: 7.520, Pose: 0.906, Acc: 0.145, Student: 0.00, Reliability: 0.850, GateAbs: 7.739e-04, Base Lr: 1.66e-04
2026-07-17 22:01:31 transreid.train INFO: Epoch[4] Iter[140/227] Loss: 7.478, Pose: 0.905, Acc: 0.160, Student: 0.00, Reliability: 0.839, GateAbs: 7.877e-04, Base Lr: 1.66e-04
2026-07-17 22:01:33 transreid.train INFO: Epoch[4] Iter[160/227] Loss: 7.460, Pose: 0.904, Acc: 0.170, Student: 0.00, Reliability: 0.844, GateAbs: 8.057e-04, Base Lr: 1.66e-04
2026-07-17 22:01:35 transreid.train INFO: Epoch[4] Iter[180/227] Loss: 7.452, Pose: 0.904, Acc: 0.188, Student: 0.00, Reliability: 0.839, GateAbs: 8.152e-04, Base Lr: 1.66e-04
2026-07-17 22:01:38 transreid.train INFO: Epoch[4] Iter[200/227] Loss: 7.427, Pose: 0.903, Acc: 0.211, Student: 0.00, Reliability: 0.825, GateAbs: 8.311e-04, Base Lr: 1.66e-04
2026-07-17 22:01:39 transreid.train INFO: Epoch 4 done. Time per epoch: 23.505[s] Speed: 574.5[samples/s]
2026-07-17 22:01:41 transreid.train INFO: Epoch[5] Iter[20/227] Loss: 7.205, Pose: 0.896, Acc: 0.157, Student: 0.00, Reliability: 0.836, GateAbs: 8.586e-04, Base Lr: 2.06e-04
2026-07-17 22:01:43 transreid.train INFO: Epoch[5] Iter[40/227] Loss: 7.182, Pose: 0.896, Acc: 0.148, Student: 0.00, Reliability: 0.840, GateAbs: 8.867e-04, Base Lr: 2.06e-04
2026-07-17 22:01:46 transreid.train INFO: Epoch[5] Iter[60/227] Loss: 7.194, Pose: 0.895, Acc: 0.160, Student: 0.00, Reliability: 0.838, GateAbs: 9.008e-04, Base Lr: 2.06e-04
2026-07-17 22:01:48 transreid.train INFO: Epoch[5] Iter[80/227] Loss: 7.201, Pose: 0.894, Acc: 0.162, Student: 0.00, Reliability: 0.845, GateAbs: 9.215e-04, Base Lr: 2.06e-04
2026-07-17 22:01:50 transreid.train INFO: Epoch[5] Iter[100/227] Loss: 7.182, Pose: 0.892, Acc: 0.167, Student: 0.00, Reliability: 0.848, GateAbs: 9.479e-04, Base Lr: 2.06e-04
2026-07-17 22:01:52 transreid.train INFO: Epoch[5] Iter[120/227] Loss: 7.163, Pose: 0.891, Acc: 0.176, Student: 0.00, Reliability: 0.859, GateAbs: 9.696e-04, Base Lr: 2.06e-04
2026-07-17 22:01:54 transreid.train INFO: Epoch[5] Iter[140/227] Loss: 7.166, Pose: 0.890, Acc: 0.185, Student: 0.00, Reliability: 0.864, GateAbs: 9.979e-04, Base Lr: 2.06e-04
2026-07-17 22:01:57 transreid.train INFO: Epoch[5] Iter[160/227] Loss: 7.151, Pose: 0.890, Acc: 0.201, Student: 0.00, Reliability: 0.843, GateAbs: 1.012e-03, Base Lr: 2.06e-04
2026-07-17 22:01:59 transreid.train INFO: Epoch[5] Iter[180/227] Loss: 7.137, Pose: 0.889, Acc: 0.215, Student: 0.00, Reliability: 0.847, GateAbs: 1.036e-03, Base Lr: 2.06e-04
2026-07-17 22:02:01 transreid.train INFO: Epoch[5] Iter[200/227] Loss: 7.113, Pose: 0.888, Acc: 0.239, Student: 0.00, Reliability: 0.819, GateAbs: 1.053e-03, Base Lr: 2.06e-04
2026-07-17 22:02:02 transreid.train INFO: Epoch 5 done. Time per epoch: 23.625[s] Speed: 574.3[samples/s]
2026-07-17 22:02:05 transreid.train INFO: Epoch[6] Iter[20/227] Loss: 7.009, Pose: 0.878, Acc: 0.113, Student: 0.20, Reliability: 0.852, GateAbs: 1.349e-03, Base Lr: 2.46e-04
2026-07-17 22:02:07 transreid.train INFO: Epoch[6] Iter[40/227] Loss: 6.972, Pose: 0.878, Acc: 0.116, Student: 0.20, Reliability: 0.831, GateAbs: 1.386e-03, Base Lr: 2.46e-04
2026-07-17 22:02:09 transreid.train INFO: Epoch[6] Iter[60/227] Loss: 6.990, Pose: 0.878, Acc: 0.125, Student: 0.20, Reliability: 0.830, GateAbs: 1.431e-03, Base Lr: 2.46e-04
2026-07-17 22:02:11 transreid.train INFO: Epoch[6] Iter[80/227] Loss: 6.996, Pose: 0.878, Acc: 0.129, Student: 0.20, Reliability: 0.848, GateAbs: 1.469e-03, Base Lr: 2.46e-04
2026-07-17 22:02:14 transreid.train INFO: Epoch[6] Iter[100/227] Loss: 6.976, Pose: 0.877, Acc: 0.139, Student: 0.20, Reliability: 0.860, GateAbs: 1.509e-03, Base Lr: 2.46e-04
2026-07-17 22:02:16 transreid.train INFO: Epoch[6] Iter[120/227] Loss: 6.947, Pose: 0.876, Acc: 0.151, Student: 0.20, Reliability: 0.870, GateAbs: 1.536e-03, Base Lr: 2.46e-04
2026-07-17 22:02:18 transreid.train INFO: Epoch[6] Iter[140/227] Loss: 6.933, Pose: 0.875, Acc: 0.160, Student: 0.20, Reliability: 0.842, GateAbs: 1.582e-03, Base Lr: 2.46e-04
2026-07-17 22:02:20 transreid.train INFO: Epoch[6] Iter[160/227] Loss: 6.901, Pose: 0.875, Acc: 0.175, Student: 0.20, Reliability: 0.850, GateAbs: 1.608e-03, Base Lr: 2.46e-04
2026-07-17 22:02:22 transreid.train INFO: Epoch[6] Iter[180/227] Loss: 6.875, Pose: 0.874, Acc: 0.193, Student: 0.20, Reliability: 0.858, GateAbs: 1.642e-03, Base Lr: 2.46e-04
2026-07-17 22:02:25 transreid.train INFO: Epoch[6] Iter[200/227] Loss: 6.842, Pose: 0.873, Acc: 0.218, Student: 0.20, Reliability: 0.853, GateAbs: 1.669e-03, Base Lr: 2.46e-04
2026-07-17 22:02:26 transreid.train INFO: Epoch 6 done. Time per epoch: 23.768[s] Speed: 573.5[samples/s]
2026-07-17 22:02:29 transreid.train INFO: Epoch[7] Iter[20/227] Loss: 6.691, Pose: 0.861, Acc: 0.117, Student: 0.40, Reliability: 0.825, GateAbs: 2.073e-03, Base Lr: 2.85e-04
2026-07-17 22:02:31 transreid.train INFO: Epoch[7] Iter[40/227] Loss: 6.698, Pose: 0.860, Acc: 0.114, Student: 0.40, Reliability: 0.837, GateAbs: 2.135e-03, Base Lr: 2.85e-04
2026-07-17 22:02:33 transreid.train INFO: Epoch[7] Iter[60/227] Loss: 6.682, Pose: 0.860, Acc: 0.117, Student: 0.40, Reliability: 0.818, GateAbs: 2.196e-03, Base Lr: 2.85e-04
2026-07-17 22:02:35 transreid.train INFO: Epoch[7] Iter[80/227] Loss: 6.619, Pose: 0.859, Acc: 0.127, Student: 0.40, Reliability: 0.849, GateAbs: 2.226e-03, Base Lr: 2.85e-04
2026-07-17 22:02:37 transreid.train INFO: Epoch[7] Iter[100/227] Loss: 6.606, Pose: 0.858, Acc: 0.136, Student: 0.40, Reliability: 0.853, GateAbs: 2.290e-03, Base Lr: 2.85e-04
2026-07-17 22:02:40 transreid.train INFO: Epoch[7] Iter[120/227] Loss: 6.599, Pose: 0.857, Acc: 0.143, Student: 0.40, Reliability: 0.855, GateAbs: 2.353e-03, Base Lr: 2.85e-04
2026-07-17 22:02:42 transreid.train INFO: Epoch[7] Iter[140/227] Loss: 6.580, Pose: 0.856, Acc: 0.156, Student: 0.40, Reliability: 0.865, GateAbs: 2.418e-03, Base Lr: 2.85e-04
2026-07-17 22:02:44 transreid.train INFO: Epoch[7] Iter[160/227] Loss: 6.545, Pose: 0.855, Acc: 0.172, Student: 0.40, Reliability: 0.855, GateAbs: 2.467e-03, Base Lr: 2.85e-04
2026-07-17 22:02:46 transreid.train INFO: Epoch[7] Iter[180/227] Loss: 6.499, Pose: 0.854, Acc: 0.188, Student: 0.40, Reliability: 0.850, GateAbs: 2.530e-03, Base Lr: 2.85e-04
2026-07-17 22:02:48 transreid.train INFO: Epoch[7] Iter[200/227] Loss: 6.437, Pose: 0.854, Acc: 0.215, Student: 0.40, Reliability: 0.845, GateAbs: 2.556e-03, Base Lr: 2.85e-04
2026-07-17 22:02:50 transreid.train INFO: Epoch 7 done. Time per epoch: 23.536[s] Speed: 573.8[samples/s]
2026-07-17 22:02:52 transreid.train INFO: Epoch[8] Iter[20/227] Loss: 6.321, Pose: 0.841, Acc: 0.155, Student: 0.60, Reliability: 0.840, GateAbs: 2.989e-03, Base Lr: 3.25e-04
2026-07-17 22:02:54 transreid.train INFO: Epoch[8] Iter[40/227] Loss: 6.376, Pose: 0.840, Acc: 0.135, Student: 0.60, Reliability: 0.848, GateAbs: 3.078e-03, Base Lr: 3.25e-04
2026-07-17 22:02:57 transreid.train INFO: Epoch[8] Iter[60/227] Loss: 6.454, Pose: 0.839, Acc: 0.123, Student: 0.60, Reliability: 0.841, GateAbs: 3.191e-03, Base Lr: 3.25e-04
2026-07-17 22:02:59 transreid.train INFO: Epoch[8] Iter[80/227] Loss: 6.385, Pose: 0.839, Acc: 0.132, Student: 0.60, Reliability: 0.849, GateAbs: 3.274e-03, Base Lr: 3.25e-04
2026-07-17 22:03:01 transreid.train INFO: Epoch[8] Iter[100/227] Loss: 6.327, Pose: 0.838, Acc: 0.136, Student: 0.60, Reliability: 0.851, GateAbs: 3.335e-03, Base Lr: 3.25e-04
2026-07-17 22:03:03 transreid.train INFO: Epoch[8] Iter[120/227] Loss: 6.307, Pose: 0.837, Acc: 0.144, Student: 0.60, Reliability: 0.867, GateAbs: 3.414e-03, Base Lr: 3.25e-04
2026-07-17 22:03:05 transreid.train INFO: Epoch[8] Iter[140/227] Loss: 6.274, Pose: 0.836, Acc: 0.162, Student: 0.60, Reliability: 0.852, GateAbs: 3.483e-03, Base Lr: 3.25e-04
2026-07-17 22:03:08 transreid.train INFO: Epoch[8] Iter[160/227] Loss: 6.235, Pose: 0.835, Acc: 0.178, Student: 0.60, Reliability: 0.853, GateAbs: 3.568e-03, Base Lr: 3.25e-04
2026-07-17 22:03:10 transreid.train INFO: Epoch[8] Iter[180/227] Loss: 6.190, Pose: 0.834, Acc: 0.197, Student: 0.60, Reliability: 0.855, GateAbs: 3.643e-03, Base Lr: 3.25e-04
2026-07-17 22:03:12 transreid.train INFO: Epoch[8] Iter[200/227] Loss: 6.114, Pose: 0.833, Acc: 0.220, Student: 0.60, Reliability: 0.849, GateAbs: 3.719e-03, Base Lr: 3.25e-04
2026-07-17 22:03:13 transreid.train INFO: Epoch 8 done. Time per epoch: 23.584[s] Speed: 572.6[samples/s]
2026-07-17 22:03:16 transreid.train INFO: Epoch[9] Iter[20/227] Loss: 6.125, Pose: 0.822, Acc: 0.100, Student: 0.80, Reliability: 0.840, GateAbs: 4.114e-03, Base Lr: 3.64e-04
2026-07-17 22:03:18 transreid.train INFO: Epoch[9] Iter[40/227] Loss: 6.095, Pose: 0.820, Acc: 0.115, Student: 0.80, Reliability: 0.828, GateAbs: 4.217e-03, Base Lr: 3.64e-04
2026-07-17 22:03:20 transreid.train INFO: Epoch[9] Iter[60/227] Loss: 6.104, Pose: 0.817, Acc: 0.122, Student: 0.80, Reliability: 0.854, GateAbs: 4.334e-03, Base Lr: 3.64e-04
2026-07-17 22:03:22 transreid.train INFO: Epoch[9] Iter[80/227] Loss: 6.065, Pose: 0.815, Acc: 0.138, Student: 0.80, Reliability: 0.855, GateAbs: 4.472e-03, Base Lr: 3.64e-04
2026-07-17 22:03:25 transreid.train INFO: Epoch[9] Iter[100/227] Loss: 6.039, Pose: 0.814, Acc: 0.146, Student: 0.80, Reliability: 0.846, GateAbs: 4.588e-03, Base Lr: 3.64e-04
2026-07-17 22:03:27 transreid.train INFO: Epoch[9] Iter[120/227] Loss: 5.984, Pose: 0.813, Acc: 0.162, Student: 0.80, Reliability: 0.847, GateAbs: 4.656e-03, Base Lr: 3.64e-04
2026-07-17 22:03:29 transreid.train INFO: Epoch[9] Iter[140/227] Loss: 5.953, Pose: 0.812, Acc: 0.173, Student: 0.80, Reliability: 0.834, GateAbs: 4.776e-03, Base Lr: 3.64e-04
2026-07-17 22:03:31 transreid.train INFO: Epoch[9] Iter[160/227] Loss: 5.896, Pose: 0.812, Acc: 0.185, Student: 0.80, Reliability: 0.852, GateAbs: 4.883e-03, Base Lr: 3.64e-04
2026-07-17 22:03:33 transreid.train INFO: Epoch[9] Iter[180/227] Loss: 5.833, Pose: 0.811, Acc: 0.203, Student: 0.80, Reliability: 0.849, GateAbs: 4.960e-03, Base Lr: 3.64e-04
2026-07-17 22:03:36 transreid.train INFO: Epoch[9] Iter[200/227] Loss: 5.732, Pose: 0.810, Acc: 0.230, Student: 0.80, Reliability: 0.828, GateAbs: 5.037e-03, Base Lr: 3.64e-04
2026-07-17 22:03:37 transreid.train INFO: Epoch 9 done. Time per epoch: 23.534[s] Speed: 573.8[samples/s]
2026-07-17 22:03:39 transreid.train INFO: Epoch[10] Iter[20/227] Loss: 5.781, Pose: 0.795, Acc: 0.167, Student: 1.00, Reliability: 0.844, GateAbs: 5.303e-03, Base Lr: 4.04e-04
2026-07-17 22:03:41 transreid.train INFO: Epoch[10] Iter[40/227] Loss: 5.770, Pose: 0.794, Acc: 0.154, Student: 1.00, Reliability: 0.848, GateAbs: 5.392e-03, Base Lr: 4.04e-04
2026-07-17 22:03:44 transreid.train INFO: Epoch[10] Iter[60/227] Loss: 5.741, Pose: 0.794, Acc: 0.159, Student: 1.00, Reliability: 0.858, GateAbs: 5.508e-03, Base Lr: 4.04e-04
2026-07-17 22:03:46 transreid.train INFO: Epoch[10] Iter[80/227] Loss: 5.722, Pose: 0.793, Acc: 0.166, Student: 1.00, Reliability: 0.843, GateAbs: 5.648e-03, Base Lr: 4.04e-04
2026-07-17 22:03:48 transreid.train INFO: Epoch[10] Iter[100/227] Loss: 5.696, Pose: 0.792, Acc: 0.171, Student: 1.00, Reliability: 0.821, GateAbs: 5.742e-03, Base Lr: 4.04e-04
2026-07-17 22:03:50 transreid.train INFO: Epoch[10] Iter[120/227] Loss: 5.664, Pose: 0.791, Acc: 0.182, Student: 1.00, Reliability: 0.859, GateAbs: 5.865e-03, Base Lr: 4.04e-04
2026-07-17 22:03:53 transreid.train INFO: Epoch[10] Iter[140/227] Loss: 5.596, Pose: 0.790, Acc: 0.199, Student: 1.00, Reliability: 0.820, GateAbs: 5.987e-03, Base Lr: 4.04e-04
2026-07-17 22:03:55 transreid.train INFO: Epoch[10] Iter[160/227] Loss: 5.547, Pose: 0.788, Acc: 0.211, Student: 1.00, Reliability: 0.846, GateAbs: 6.102e-03, Base Lr: 4.04e-04
2026-07-17 22:03:57 transreid.train INFO: Epoch[10] Iter[180/227] Loss: 5.457, Pose: 0.787, Acc: 0.232, Student: 1.00, Reliability: 0.851, GateAbs: 6.198e-03, Base Lr: 4.04e-04
2026-07-17 22:03:59 transreid.train INFO: Epoch[10] Iter[200/227] Loss: 5.335, Pose: 0.786, Acc: 0.266, Student: 1.00, Reliability: 0.852, GateAbs: 6.288e-03, Base Lr: 4.04e-04
2026-07-17 22:04:00 transreid.train INFO: Epoch 10 done. Time per epoch: 23.647[s] Speed: 573.8[samples/s]
The test feature is normalized
=> Computing DistMat with euclidean_distance
/home/afr/SOLIDER-REID-exp387-d0-0d1822a/utils/metrics.py:12: UserWarning: This overload of addmm_ is deprecated:
	addmm_(Number beta, Number alpha, Tensor mat1, Tensor mat2)
Consider using one of the following signatures instead:
	addmm_(Tensor mat1, Tensor mat2, *, Number beta, Number alpha) (Triggered internally at /opt/conda/conda-bld/pytorch_1670525541702/work/torch/csrc/utils/python_arg_parser.cpp:1420.)
  dist_mat.addmm_(1, -2, qf, gf.t())
2026-07-17 22:04:23 transreid.train INFO: Validation Results - Epoch: 10
2026-07-17 22:04:23 transreid.train INFO: mAP: 33.4%
2026-07-17 22:04:23 transreid.train INFO: CMC curve, Rank-1  :42.7%
2026-07-17 22:04:23 transreid.train INFO: CMC curve, Rank-5  :59.8%
2026-07-17 22:04:23 transreid.train INFO: CMC curve, Rank-10 :65.2%
2026-07-17 22:04:26 transreid.train INFO: Epoch[11] Iter[20/227] Loss: 5.410, Pose: 0.772, Acc: 0.163, Student: 1.00, Reliability: 0.848, GateAbs: 6.452e-03, Base Lr: 4.44e-04
2026-07-17 22:04:28 transreid.train INFO: Epoch[11] Iter[40/227] Loss: 5.383, Pose: 0.770, Acc: 0.171, Student: 1.00, Reliability: 0.857, GateAbs: 6.578e-03, Base Lr: 4.44e-04
2026-07-17 22:04:31 transreid.train INFO: Epoch[11] Iter[60/227] Loss: 5.377, Pose: 0.769, Acc: 0.179, Student: 1.00, Reliability: 0.839, GateAbs: 6.714e-03, Base Lr: 4.44e-04
2026-07-17 22:04:33 transreid.train INFO: Epoch[11] Iter[80/227] Loss: 5.309, Pose: 0.769, Acc: 0.199, Student: 1.00, Reliability: 0.831, GateAbs: 6.827e-03, Base Lr: 4.44e-04
2026-07-17 22:04:35 transreid.train INFO: Epoch[11] Iter[100/227] Loss: 5.241, Pose: 0.768, Acc: 0.215, Student: 1.00, Reliability: 0.843, GateAbs: 6.919e-03, Base Lr: 4.44e-04
2026-07-17 22:04:37 transreid.train INFO: Epoch[11] Iter[120/227] Loss: 5.199, Pose: 0.767, Acc: 0.227, Student: 1.00, Reliability: 0.856, GateAbs: 7.022e-03, Base Lr: 4.44e-04
2026-07-17 22:04:39 transreid.train INFO: Epoch[11] Iter[140/227] Loss: 5.146, Pose: 0.766, Acc: 0.237, Student: 1.00, Reliability: 0.856, GateAbs: 7.125e-03, Base Lr: 4.44e-04
2026-07-17 22:04:42 transreid.train INFO: Epoch[11] Iter[160/227] Loss: 5.098, Pose: 0.764, Acc: 0.250, Student: 1.00, Reliability: 0.853, GateAbs: 7.238e-03, Base Lr: 4.44e-04
2026-07-17 22:04:44 transreid.train INFO: Epoch[11] Iter[180/227] Loss: 5.032, Pose: 0.763, Acc: 0.272, Student: 1.00, Reliability: 0.848, GateAbs: 7.351e-03, Base Lr: 4.44e-04
2026-07-17 22:04:46 transreid.train INFO: Epoch[11] Iter[200/227] Loss: 4.917, Pose: 0.763, Acc: 0.300, Student: 1.00, Reliability: 0.826, GateAbs: 7.446e-03, Base Lr: 4.44e-04
2026-07-17 22:04:48 transreid.train INFO: Epoch 11 done. Time per epoch: 24.275[s] Speed: 561.6[samples/s]
2026-07-17 22:04:50 transreid.train INFO: Epoch[12] Iter[20/227] Loss: 4.943, Pose: 0.751, Acc: 0.229, Student: 1.00, Reliability: 0.830, GateAbs: 7.600e-03, Base Lr: 4.83e-04
2026-07-17 22:04:52 transreid.train INFO: Epoch[12] Iter[40/227] Loss: 4.954, Pose: 0.748, Acc: 0.230, Student: 1.00, Reliability: 0.850, GateAbs: 7.713e-03, Base Lr: 4.83e-04
2026-07-17 22:04:55 transreid.train INFO: Epoch[12] Iter[60/227] Loss: 4.962, Pose: 0.747, Acc: 0.235, Student: 1.00, Reliability: 0.841, GateAbs: 7.827e-03, Base Lr: 4.83e-04
2026-07-17 22:04:57 transreid.train INFO: Epoch[12] Iter[80/227] Loss: 4.919, Pose: 0.745, Acc: 0.242, Student: 1.00, Reliability: 0.851, GateAbs: 7.971e-03, Base Lr: 4.83e-04
2026-07-17 22:04:59 transreid.train INFO: Epoch[12] Iter[100/227] Loss: 4.863, Pose: 0.744, Acc: 0.255, Student: 1.00, Reliability: 0.842, GateAbs: 8.083e-03, Base Lr: 4.83e-04
2026-07-17 22:05:01 transreid.train INFO: Epoch[12] Iter[120/227] Loss: 4.816, Pose: 0.744, Acc: 0.275, Student: 1.00, Reliability: 0.833, GateAbs: 8.230e-03, Base Lr: 4.83e-04
2026-07-17 22:05:04 transreid.train INFO: Epoch[12] Iter[140/227] Loss: 4.761, Pose: 0.742, Acc: 0.286, Student: 1.00, Reliability: 0.843, GateAbs: 8.309e-03, Base Lr: 4.83e-04
2026-07-17 22:05:06 transreid.train INFO: Epoch[12] Iter[160/227] Loss: 4.695, Pose: 0.740, Acc: 0.303, Student: 1.00, Reliability: 0.848, GateAbs: 8.406e-03, Base Lr: 4.83e-04
2026-07-17 22:05:08 transreid.train INFO: Epoch[12] Iter[180/227] Loss: 4.613, Pose: 0.740, Acc: 0.325, Student: 1.00, Reliability: 0.836, GateAbs: 8.520e-03, Base Lr: 4.83e-04
2026-07-17 22:05:10 transreid.train INFO: Epoch[12] Iter[200/227] Loss: 4.486, Pose: 0.739, Acc: 0.357, Student: 1.00, Reliability: 0.848, GateAbs: 8.638e-03, Base Lr: 4.83e-04
2026-07-17 22:05:12 transreid.train INFO: Epoch 12 done. Time per epoch: 23.958[s] Speed: 563.6[samples/s]
2026-07-17 22:05:14 transreid.train INFO: Epoch[13] Iter[20/227] Loss: 4.644, Pose: 0.724, Acc: 0.237, Student: 1.00, Reliability: 0.835, GateAbs: 8.798e-03, Base Lr: 5.23e-04
2026-07-17 22:05:16 transreid.train INFO: Epoch[13] Iter[40/227] Loss: 4.572, Pose: 0.720, Acc: 0.271, Student: 1.00, Reliability: 0.852, GateAbs: 8.903e-03, Base Lr: 5.23e-04
2026-07-17 22:05:19 transreid.train INFO: Epoch[13] Iter[60/227] Loss: 4.516, Pose: 0.719, Acc: 0.299, Student: 1.00, Reliability: 0.848, GateAbs: 8.992e-03, Base Lr: 5.23e-04
2026-07-17 22:05:21 transreid.train INFO: Epoch[13] Iter[80/227] Loss: 4.452, Pose: 0.718, Acc: 0.323, Student: 1.00, Reliability: 0.854, GateAbs: 9.123e-03, Base Lr: 5.23e-04
2026-07-17 22:05:23 transreid.train INFO: Epoch[13] Iter[100/227] Loss: 4.392, Pose: 0.717, Acc: 0.335, Student: 1.00, Reliability: 0.860, GateAbs: 9.206e-03, Base Lr: 5.23e-04
2026-07-17 22:05:25 transreid.train INFO: Epoch[13] Iter[120/227] Loss: 4.354, Pose: 0.716, Acc: 0.349, Student: 1.00, Reliability: 0.848, GateAbs: 9.306e-03, Base Lr: 5.23e-04
2026-07-17 22:05:28 transreid.train INFO: Epoch[13] Iter[140/227] Loss: 4.318, Pose: 0.716, Acc: 0.367, Student: 1.00, Reliability: 0.866, GateAbs: 9.472e-03, Base Lr: 5.23e-04
2026-07-17 22:05:30 transreid.train INFO: Epoch[13] Iter[160/227] Loss: 4.255, Pose: 0.715, Acc: 0.386, Student: 1.00, Reliability: 0.819, GateAbs: 9.542e-03, Base Lr: 5.23e-04
2026-07-17 22:05:32 transreid.train INFO: Epoch[13] Iter[180/227] Loss: 4.176, Pose: 0.714, Acc: 0.412, Student: 1.00, Reliability: 0.844, GateAbs: 9.696e-03, Base Lr: 5.23e-04
2026-07-17 22:05:34 transreid.train INFO: Epoch[13] Iter[200/227] Loss: 4.071, Pose: 0.713, Acc: 0.438, Student: 1.00, Reliability: 0.845, GateAbs: 9.795e-03, Base Lr: 5.23e-04
2026-07-17 22:05:36 transreid.train INFO: Epoch 13 done. Time per epoch: 24.182[s] Speed: 563.7[samples/s]
2026-07-17 22:05:38 transreid.train INFO: Epoch[14] Iter[20/227] Loss: 4.250, Pose: 0.698, Acc: 0.360, Student: 1.00, Reliability: 0.853, GateAbs: 1.005e-02, Base Lr: 5.62e-04
2026-07-17 22:05:41 transreid.train INFO: Epoch[14] Iter[40/227] Loss: 4.216, Pose: 0.698, Acc: 0.362, Student: 1.00, Reliability: 0.846, GateAbs: 1.017e-02, Base Lr: 5.62e-04
2026-07-17 22:05:43 transreid.train INFO: Epoch[14] Iter[60/227] Loss: 4.190, Pose: 0.698, Acc: 0.371, Student: 1.00, Reliability: 0.850, GateAbs: 1.027e-02, Base Lr: 5.62e-04
2026-07-17 22:05:45 transreid.train INFO: Epoch[14] Iter[80/227] Loss: 4.101, Pose: 0.696, Acc: 0.394, Student: 1.00, Reliability: 0.861, GateAbs: 1.040e-02, Base Lr: 5.62e-04
2026-07-17 22:05:47 transreid.train INFO: Epoch[14] Iter[100/227] Loss: 4.073, Pose: 0.694, Acc: 0.397, Student: 1.00, Reliability: 0.858, GateAbs: 1.050e-02, Base Lr: 5.62e-04
2026-07-17 22:05:50 transreid.train INFO: Epoch[14] Iter[120/227] Loss: 4.044, Pose: 0.693, Acc: 0.411, Student: 1.00, Reliability: 0.823, GateAbs: 1.066e-02, Base Lr: 5.62e-04
2026-07-17 22:05:52 transreid.train INFO: Epoch[14] Iter[140/227] Loss: 3.978, Pose: 0.692, Acc: 0.439, Student: 1.00, Reliability: 0.855, GateAbs: 1.084e-02, Base Lr: 5.62e-04
2026-07-17 22:05:54 transreid.train INFO: Epoch[14] Iter[160/227] Loss: 3.928, Pose: 0.691, Acc: 0.456, Student: 1.00, Reliability: 0.837, GateAbs: 1.091e-02, Base Lr: 5.62e-04
2026-07-17 22:05:56 transreid.train INFO: Epoch[14] Iter[180/227] Loss: 3.851, Pose: 0.689, Acc: 0.480, Student: 1.00, Reliability: 0.843, GateAbs: 1.103e-02, Base Lr: 5.62e-04
2026-07-17 22:05:59 transreid.train INFO: Epoch[14] Iter[200/227] Loss: 3.704, Pose: 0.688, Acc: 0.513, Student: 1.00, Reliability: 0.851, GateAbs: 1.112e-02, Base Lr: 5.62e-04
2026-07-17 22:06:00 transreid.train INFO: Epoch 14 done. Time per epoch: 24.094[s] Speed: 563.1[samples/s]
2026-07-17 22:06:02 transreid.train INFO: Epoch[15] Iter[20/227] Loss: 3.876, Pose: 0.673, Acc: 0.411, Student: 1.00, Reliability: 0.849, GateAbs: 1.135e-02, Base Lr: 6.02e-04
2026-07-17 22:06:05 transreid.train INFO: Epoch[15] Iter[40/227] Loss: 3.872, Pose: 0.673, Acc: 0.425, Student: 1.00, Reliability: 0.856, GateAbs: 1.151e-02, Base Lr: 6.02e-04
2026-07-17 22:06:07 transreid.train INFO: Epoch[15] Iter[60/227] Loss: 3.780, Pose: 0.672, Acc: 0.451, Student: 1.00, Reliability: 0.841, GateAbs: 1.164e-02, Base Lr: 6.02e-04
2026-07-17 22:06:09 transreid.train INFO: Epoch[15] Iter[80/227] Loss: 3.744, Pose: 0.671, Acc: 0.466, Student: 1.00, Reliability: 0.838, GateAbs: 1.172e-02, Base Lr: 6.02e-04
2026-07-17 22:06:11 transreid.train INFO: Epoch[15] Iter[100/227] Loss: 3.662, Pose: 0.670, Acc: 0.486, Student: 1.00, Reliability: 0.847, GateAbs: 1.180e-02, Base Lr: 6.02e-04
2026-07-17 22:06:14 transreid.train INFO: Epoch[15] Iter[120/227] Loss: 3.619, Pose: 0.668, Acc: 0.504, Student: 1.00, Reliability: 0.854, GateAbs: 1.191e-02, Base Lr: 6.02e-04
2026-07-17 22:06:16 transreid.train INFO: Epoch[15] Iter[140/227] Loss: 3.546, Pose: 0.667, Acc: 0.524, Student: 1.00, Reliability: 0.842, GateAbs: 1.206e-02, Base Lr: 6.02e-04
2026-07-17 22:06:18 transreid.train INFO: Epoch[15] Iter[160/227] Loss: 3.476, Pose: 0.666, Acc: 0.542, Student: 1.00, Reliability: 0.823, GateAbs: 1.213e-02, Base Lr: 6.02e-04
2026-07-17 22:06:20 transreid.train INFO: Epoch[15] Iter[180/227] Loss: 3.408, Pose: 0.666, Acc: 0.559, Student: 1.00, Reliability: 0.826, GateAbs: 1.220e-02, Base Lr: 6.02e-04
2026-07-17 22:06:23 transreid.train INFO: Epoch[15] Iter[200/227] Loss: 3.309, Pose: 0.665, Acc: 0.585, Student: 1.00, Reliability: 0.848, GateAbs: 1.231e-02, Base Lr: 6.02e-04
2026-07-17 22:06:24 transreid.train INFO: Epoch 15 done. Time per epoch: 24.078[s] Speed: 563.5[samples/s]
2026-07-17 22:06:27 transreid.train INFO: Epoch[16] Iter[20/227] Loss: 3.347, Pose: 0.652, Acc: 0.514, Student: 1.00, Reliability: 0.820, GateAbs: 1.248e-02, Base Lr: 6.42e-04
2026-07-17 22:06:29 transreid.train INFO: Epoch[16] Iter[40/227] Loss: 3.363, Pose: 0.652, Acc: 0.526, Student: 1.00, Reliability: 0.831, GateAbs: 1.257e-02, Base Lr: 6.42e-04
2026-07-17 22:06:31 transreid.train INFO: Epoch[16] Iter[60/227] Loss: 3.342, Pose: 0.650, Acc: 0.533, Student: 1.00, Reliability: 0.852, GateAbs: 1.269e-02, Base Lr: 6.42e-04
2026-07-17 22:06:33 transreid.train INFO: Epoch[16] Iter[80/227] Loss: 3.315, Pose: 0.648, Acc: 0.552, Student: 1.00, Reliability: 0.847, GateAbs: 1.285e-02, Base Lr: 6.42e-04
2026-07-17 22:06:36 transreid.train INFO: Epoch[16] Iter[100/227] Loss: 3.275, Pose: 0.647, Acc: 0.565, Student: 1.00, Reliability: 0.846, GateAbs: 1.297e-02, Base Lr: 6.42e-04
2026-07-17 22:06:38 transreid.train INFO: Epoch[16] Iter[120/227] Loss: 3.237, Pose: 0.645, Acc: 0.579, Student: 1.00, Reliability: 0.853, GateAbs: 1.313e-02, Base Lr: 6.42e-04
2026-07-17 22:06:40 transreid.train INFO: Epoch[16] Iter[140/227] Loss: 3.181, Pose: 0.644, Acc: 0.596, Student: 1.00, Reliability: 0.856, GateAbs: 1.321e-02, Base Lr: 6.42e-04
2026-07-17 22:06:42 transreid.train INFO: Epoch[16] Iter[160/227] Loss: 3.126, Pose: 0.643, Acc: 0.607, Student: 1.00, Reliability: 0.825, GateAbs: 1.328e-02, Base Lr: 6.42e-04
2026-07-17 22:06:44 transreid.train INFO: Epoch[16] Iter[180/227] Loss: 3.041, Pose: 0.642, Acc: 0.628, Student: 1.00, Reliability: 0.843, GateAbs: 1.341e-02, Base Lr: 6.42e-04
2026-07-17 22:06:47 transreid.train INFO: Epoch[16] Iter[200/227] Loss: 2.944, Pose: 0.641, Acc: 0.653, Student: 1.00, Reliability: 0.842, GateAbs: 1.354e-02, Base Lr: 6.42e-04
2026-07-17 22:06:48 transreid.train INFO: Epoch 16 done. Time per epoch: 23.868[s] Speed: 563.1[samples/s]
2026-07-17 22:06:50 transreid.train INFO: Epoch[17] Iter[20/227] Loss: 3.047, Pose: 0.626, Acc: 0.582, Student: 1.00, Reliability: 0.816, GateAbs: 1.366e-02, Base Lr: 6.81e-04
2026-07-17 22:06:53 transreid.train INFO: Epoch[17] Iter[40/227] Loss: 3.022, Pose: 0.624, Acc: 0.605, Student: 1.00, Reliability: 0.829, GateAbs: 1.377e-02, Base Lr: 6.81e-04
2026-07-17 22:06:55 transreid.train INFO: Epoch[17] Iter[60/227] Loss: 3.033, Pose: 0.625, Acc: 0.608, Student: 1.00, Reliability: 0.842, GateAbs: 1.390e-02, Base Lr: 6.81e-04
2026-07-17 22:06:57 transreid.train INFO: Epoch[17] Iter[80/227] Loss: 3.007, Pose: 0.625, Acc: 0.624, Student: 1.00, Reliability: 0.847, GateAbs: 1.405e-02, Base Lr: 6.81e-04
2026-07-17 22:06:59 transreid.train INFO: Epoch[17] Iter[100/227] Loss: 2.968, Pose: 0.624, Acc: 0.637, Student: 1.00, Reliability: 0.839, GateAbs: 1.419e-02, Base Lr: 6.81e-04
2026-07-17 22:07:02 transreid.train INFO: Epoch[17] Iter[120/227] Loss: 2.901, Pose: 0.623, Acc: 0.650, Student: 1.00, Reliability: 0.857, GateAbs: 1.427e-02, Base Lr: 6.81e-04
2026-07-17 22:07:04 transreid.train INFO: Epoch[17] Iter[140/227] Loss: 2.844, Pose: 0.621, Acc: 0.664, Student: 1.00, Reliability: 0.845, GateAbs: 1.432e-02, Base Lr: 6.81e-04
2026-07-17 22:07:06 transreid.train INFO: Epoch[17] Iter[160/227] Loss: 2.785, Pose: 0.621, Acc: 0.679, Student: 1.00, Reliability: 0.856, GateAbs: 1.447e-02, Base Lr: 6.81e-04
2026-07-17 22:07:08 transreid.train INFO: Epoch[17] Iter[180/227] Loss: 2.722, Pose: 0.621, Acc: 0.695, Student: 1.00, Reliability: 0.835, GateAbs: 1.467e-02, Base Lr: 6.81e-04
2026-07-17 22:07:11 transreid.train INFO: Epoch[17] Iter[200/227] Loss: 2.622, Pose: 0.620, Acc: 0.713, Student: 1.00, Reliability: 0.858, GateAbs: 1.466e-02, Base Lr: 6.81e-04
2026-07-17 22:07:12 transreid.train INFO: Epoch 17 done. Time per epoch: 23.955[s] Speed: 563.7[samples/s]
2026-07-17 22:07:14 transreid.train INFO: Epoch[18] Iter[20/227] Loss: 2.939, Pose: 0.606, Acc: 0.593, Student: 1.00, Reliability: 0.865, GateAbs: 1.489e-02, Base Lr: 7.21e-04
2026-07-17 22:07:17 transreid.train INFO: Epoch[18] Iter[40/227] Loss: 2.801, Pose: 0.605, Acc: 0.641, Student: 1.00, Reliability: 0.851, GateAbs: 1.499e-02, Base Lr: 7.21e-04
2026-07-17 22:07:19 transreid.train INFO: Epoch[18] Iter[60/227] Loss: 2.780, Pose: 0.604, Acc: 0.654, Student: 1.00, Reliability: 0.847, GateAbs: 1.511e-02, Base Lr: 7.21e-04
2026-07-17 22:07:21 transreid.train INFO: Epoch[18] Iter[80/227] Loss: 2.709, Pose: 0.604, Acc: 0.669, Student: 1.00, Reliability: 0.831, GateAbs: 1.517e-02, Base Lr: 7.21e-04
2026-07-17 22:07:23 transreid.train INFO: Epoch[18] Iter[100/227] Loss: 2.660, Pose: 0.603, Acc: 0.681, Student: 1.00, Reliability: 0.834, GateAbs: 1.527e-02, Base Lr: 7.21e-04
2026-07-17 22:07:26 transreid.train INFO: Epoch[18] Iter[120/227] Loss: 2.600, Pose: 0.603, Acc: 0.699, Student: 1.00, Reliability: 0.841, GateAbs: 1.543e-02, Base Lr: 7.21e-04
2026-07-17 22:07:28 transreid.train INFO: Epoch[18] Iter[140/227] Loss: 2.535, Pose: 0.603, Acc: 0.715, Student: 1.00, Reliability: 0.863, GateAbs: 1.555e-02, Base Lr: 7.21e-04
2026-07-17 22:07:30 transreid.train INFO: Epoch[18] Iter[160/227] Loss: 2.475, Pose: 0.602, Acc: 0.730, Student: 1.00, Reliability: 0.836, GateAbs: 1.566e-02, Base Lr: 7.21e-04
2026-07-17 22:07:32 transreid.train INFO: Epoch[18] Iter[180/227] Loss: 2.410, Pose: 0.600, Acc: 0.745, Student: 1.00, Reliability: 0.844, GateAbs: 1.572e-02, Base Lr: 7.21e-04
2026-07-17 22:07:35 transreid.train INFO: Epoch[18] Iter[200/227] Loss: 2.329, Pose: 0.600, Acc: 0.761, Student: 1.00, Reliability: 0.840, GateAbs: 1.583e-02, Base Lr: 7.21e-04
2026-07-17 22:07:36 transreid.train INFO: Epoch 18 done. Time per epoch: 24.215[s] Speed: 563.0[samples/s]
2026-07-17 22:07:39 transreid.train INFO: Epoch[19] Iter[20/227] Loss: 2.765, Pose: 0.586, Acc: 0.652, Student: 1.00, Reliability: 0.848, GateAbs: 1.606e-02, Base Lr: 7.60e-04
2026-07-17 22:07:41 transreid.train INFO: Epoch[19] Iter[40/227] Loss: 2.543, Pose: 0.587, Acc: 0.695, Student: 1.00, Reliability: 0.837, GateAbs: 1.616e-02, Base Lr: 7.60e-04
2026-07-17 22:07:43 transreid.train INFO: Epoch[19] Iter[60/227] Loss: 2.488, Pose: 0.588, Acc: 0.713, Student: 1.00, Reliability: 0.852, GateAbs: 1.633e-02, Base Lr: 7.60e-04
2026-07-17 22:07:45 transreid.train INFO: Epoch[19] Iter[80/227] Loss: 2.432, Pose: 0.586, Acc: 0.719, Student: 1.00, Reliability: 0.857, GateAbs: 1.640e-02, Base Lr: 7.60e-04
2026-07-17 22:07:48 transreid.train INFO: Epoch[19] Iter[100/227] Loss: 2.364, Pose: 0.585, Acc: 0.734, Student: 1.00, Reliability: 0.855, GateAbs: 1.650e-02, Base Lr: 7.60e-04
2026-07-17 22:07:50 transreid.train INFO: Epoch[19] Iter[120/227] Loss: 2.299, Pose: 0.584, Acc: 0.746, Student: 1.00, Reliability: 0.836, GateAbs: 1.657e-02, Base Lr: 7.60e-04
2026-07-17 22:07:52 transreid.train INFO: Epoch[19] Iter[140/227] Loss: 2.264, Pose: 0.582, Acc: 0.758, Student: 1.00, Reliability: 0.831, GateAbs: 1.666e-02, Base Lr: 7.60e-04
2026-07-17 22:07:54 transreid.train INFO: Epoch[19] Iter[160/227] Loss: 2.213, Pose: 0.581, Acc: 0.771, Student: 1.00, Reliability: 0.839, GateAbs: 1.678e-02, Base Lr: 7.60e-04
2026-07-17 22:07:57 transreid.train INFO: Epoch[19] Iter[180/227] Loss: 2.144, Pose: 0.581, Acc: 0.786, Student: 1.00, Reliability: 0.856, GateAbs: 1.689e-02, Base Lr: 7.60e-04
2026-07-17 22:07:59 transreid.train INFO: Epoch[19] Iter[200/227] Loss: 2.060, Pose: 0.581, Acc: 0.800, Student: 1.00, Reliability: 0.854, GateAbs: 1.700e-02, Base Lr: 7.60e-04
2026-07-17 22:08:00 transreid.train INFO: Epoch 19 done. Time per epoch: 24.131[s] Speed: 562.3[samples/s]
2026-07-17 22:08:03 transreid.train INFO: Epoch[20] Iter[20/227] Loss: 2.263, Pose: 0.568, Acc: 0.729, Student: 1.00, Reliability: 0.850, GateAbs: 1.731e-02, Base Lr: 7.47e-04
2026-07-17 22:08:05 transreid.train INFO: Epoch[20] Iter[40/227] Loss: 2.223, Pose: 0.568, Acc: 0.736, Student: 1.00, Reliability: 0.851, GateAbs: 1.730e-02, Base Lr: 7.47e-04
2026-07-17 22:08:07 transreid.train INFO: Epoch[20] Iter[60/227] Loss: 2.102, Pose: 0.568, Acc: 0.763, Student: 1.00, Reliability: 0.862, GateAbs: 1.740e-02, Base Lr: 7.47e-04
2026-07-17 22:08:09 transreid.train INFO: Epoch[20] Iter[80/227] Loss: 2.038, Pose: 0.568, Acc: 0.783, Student: 1.00, Reliability: 0.832, GateAbs: 1.744e-02, Base Lr: 7.47e-04
2026-07-17 22:08:12 transreid.train INFO: Epoch[20] Iter[100/227] Loss: 1.995, Pose: 0.566, Acc: 0.795, Student: 1.00, Reliability: 0.856, GateAbs: 1.747e-02, Base Lr: 7.47e-04
2026-07-17 22:08:14 transreid.train INFO: Epoch[20] Iter[120/227] Loss: 1.978, Pose: 0.565, Acc: 0.800, Student: 1.00, Reliability: 0.833, GateAbs: 1.760e-02, Base Lr: 7.47e-04
2026-07-17 22:08:16 transreid.train INFO: Epoch[20] Iter[140/227] Loss: 1.929, Pose: 0.565, Acc: 0.810, Student: 1.00, Reliability: 0.858, GateAbs: 1.765e-02, Base Lr: 7.47e-04
2026-07-17 22:08:18 transreid.train INFO: Epoch[20] Iter[160/227] Loss: 1.889, Pose: 0.565, Acc: 0.819, Student: 1.00, Reliability: 0.842, GateAbs: 1.780e-02, Base Lr: 7.47e-04
2026-07-17 22:08:21 transreid.train INFO: Epoch[20] Iter[180/227] Loss: 1.840, Pose: 0.564, Acc: 0.827, Student: 1.00, Reliability: 0.857, GateAbs: 1.794e-02, Base Lr: 7.47e-04
2026-07-17 22:08:23 transreid.train INFO: Epoch[20] Iter[200/227] Loss: 1.792, Pose: 0.564, Acc: 0.838, Student: 1.00, Reliability: 0.839, GateAbs: 1.809e-02, Base Lr: 7.47e-04
2026-07-17 22:08:24 transreid.train INFO: Epoch 20 done. Time per epoch: 23.909[s] Speed: 562.1[samples/s]
The test feature is normalized
=> Computing DistMat with euclidean_distance
2026-07-17 22:08:47 transreid.train INFO: Validation Results - Epoch: 20
2026-07-17 22:08:47 transreid.train INFO: mAP: 42.2%
2026-07-17 22:08:47 transreid.train INFO: CMC curve, Rank-1  :52.4%
2026-07-17 22:08:47 transreid.train INFO: CMC curve, Rank-5  :67.6%
2026-07-17 22:08:47 transreid.train INFO: CMC curve, Rank-10 :74.0%
2026-07-17 22:08:49 transreid.train INFO: Epoch[21] Iter[20/227] Loss: 1.993, Pose: 0.556, Acc: 0.794, Student: 1.00, Reliability: 0.870, GateAbs: 1.827e-02, Base Lr: 7.41e-04
2026-07-17 22:08:52 transreid.train INFO: Epoch[21] Iter[40/227] Loss: 1.997, Pose: 0.555, Acc: 0.780, Student: 1.00, Reliability: 0.846, GateAbs: 1.833e-02, Base Lr: 7.41e-04
2026-07-17 22:08:54 transreid.train INFO: Epoch[21] Iter[60/227] Loss: 1.957, Pose: 0.553, Acc: 0.793, Student: 1.00, Reliability: 0.850, GateAbs: 1.847e-02, Base Lr: 7.41e-04
2026-07-17 22:08:56 transreid.train INFO: Epoch[21] Iter[80/227] Loss: 1.915, Pose: 0.552, Acc: 0.804, Student: 1.00, Reliability: 0.849, GateAbs: 1.869e-02, Base Lr: 7.41e-04
2026-07-17 22:08:58 transreid.train INFO: Epoch[21] Iter[100/227] Loss: 1.881, Pose: 0.552, Acc: 0.815, Student: 1.00, Reliability: 0.851, GateAbs: 1.870e-02, Base Lr: 7.41e-04
2026-07-17 22:09:01 transreid.train INFO: Epoch[21] Iter[120/227] Loss: 1.829, Pose: 0.552, Acc: 0.826, Student: 1.00, Reliability: 0.836, GateAbs: 1.882e-02, Base Lr: 7.41e-04
2026-07-17 22:09:03 transreid.train INFO: Epoch[21] Iter[140/227] Loss: 1.769, Pose: 0.551, Acc: 0.840, Student: 1.00, Reliability: 0.836, GateAbs: 1.886e-02, Base Lr: 7.41e-04
2026-07-17 22:09:05 transreid.train INFO: Epoch[21] Iter[160/227] Loss: 1.712, Pose: 0.550, Acc: 0.850, Student: 1.00, Reliability: 0.832, GateAbs: 1.898e-02, Base Lr: 7.41e-04
2026-07-17 22:09:07 transreid.train INFO: Epoch[21] Iter[180/227] Loss: 1.654, Pose: 0.550, Acc: 0.860, Student: 1.00, Reliability: 0.846, GateAbs: 1.902e-02, Base Lr: 7.41e-04
2026-07-17 22:09:10 transreid.train INFO: Epoch[21] Iter[200/227] Loss: 1.599, Pose: 0.550, Acc: 0.868, Student: 1.00, Reliability: 0.829, GateAbs: 1.906e-02, Base Lr: 7.41e-04
2026-07-17 22:09:11 transreid.train INFO: Epoch 21 done. Time per epoch: 23.983[s] Speed: 563.1[samples/s]
2026-07-17 22:09:13 transreid.train INFO: Epoch[22] Iter[20/227] Loss: 1.679, Pose: 0.543, Acc: 0.836, Student: 1.00, Reliability: 0.838, GateAbs: 1.929e-02, Base Lr: 7.36e-04
2026-07-17 22:09:16 transreid.train INFO: Epoch[22] Iter[40/227] Loss: 1.682, Pose: 0.540, Acc: 0.841, Student: 1.00, Reliability: 0.835, GateAbs: 1.937e-02, Base Lr: 7.36e-04
2026-07-17 22:09:18 transreid.train INFO: Epoch[22] Iter[60/227] Loss: 1.630, Pose: 0.541, Acc: 0.845, Student: 1.00, Reliability: 0.855, GateAbs: 1.946e-02, Base Lr: 7.36e-04
2026-07-17 22:09:20 transreid.train INFO: Epoch[22] Iter[80/227] Loss: 1.625, Pose: 0.542, Acc: 0.842, Student: 1.00, Reliability: 0.838, GateAbs: 1.947e-02, Base Lr: 7.36e-04
2026-07-17 22:09:22 transreid.train INFO: Epoch[22] Iter[100/227] Loss: 1.603, Pose: 0.541, Acc: 0.848, Student: 1.00, Reliability: 0.859, GateAbs: 1.952e-02, Base Lr: 7.36e-04
2026-07-17 22:09:25 transreid.train INFO: Epoch[22] Iter[120/227] Loss: 1.545, Pose: 0.541, Acc: 0.860, Student: 1.00, Reliability: 0.842, GateAbs: 1.958e-02, Base Lr: 7.36e-04
2026-07-17 22:09:27 transreid.train INFO: Epoch[22] Iter[140/227] Loss: 1.495, Pose: 0.540, Acc: 0.869, Student: 1.00, Reliability: 0.832, GateAbs: 1.963e-02, Base Lr: 7.36e-04
2026-07-17 22:09:29 transreid.train INFO: Epoch[22] Iter[160/227] Loss: 1.458, Pose: 0.539, Acc: 0.875, Student: 1.00, Reliability: 0.847, GateAbs: 1.967e-02, Base Lr: 7.36e-04
2026-07-17 22:09:31 transreid.train INFO: Epoch[22] Iter[180/227] Loss: 1.414, Pose: 0.539, Acc: 0.882, Student: 1.00, Reliability: 0.853, GateAbs: 1.971e-02, Base Lr: 7.36e-04
2026-07-17 22:09:34 transreid.train INFO: Epoch[22] Iter[200/227] Loss: 1.363, Pose: 0.539, Acc: 0.890, Student: 1.00, Reliability: 0.844, GateAbs: 1.974e-02, Base Lr: 7.36e-04
2026-07-17 22:09:35 transreid.train INFO: Epoch 22 done. Time per epoch: 23.880[s] Speed: 562.8[samples/s]
2026-07-17 22:09:37 transreid.train INFO: Epoch[23] Iter[20/227] Loss: 1.546, Pose: 0.530, Acc: 0.864, Student: 1.00, Reliability: 0.844, GateAbs: 1.990e-02, Base Lr: 7.30e-04
2026-07-17 22:09:40 transreid.train INFO: Epoch[23] Iter[40/227] Loss: 1.459, Pose: 0.532, Acc: 0.870, Student: 1.00, Reliability: 0.857, GateAbs: 2.000e-02, Base Lr: 7.30e-04
2026-07-17 22:09:42 transreid.train INFO: Epoch[23] Iter[60/227] Loss: 1.439, Pose: 0.531, Acc: 0.876, Student: 1.00, Reliability: 0.843, GateAbs: 2.002e-02, Base Lr: 7.30e-04
2026-07-17 22:09:44 transreid.train INFO: Epoch[23] Iter[80/227] Loss: 1.425, Pose: 0.529, Acc: 0.879, Student: 1.00, Reliability: 0.874, GateAbs: 2.009e-02, Base Lr: 7.30e-04
2026-07-17 22:09:46 transreid.train INFO: Epoch[23] Iter[100/227] Loss: 1.406, Pose: 0.530, Acc: 0.882, Student: 1.00, Reliability: 0.853, GateAbs: 2.024e-02, Base Lr: 7.30e-04
2026-07-17 22:09:49 transreid.train INFO: Epoch[23] Iter[120/227] Loss: 1.360, Pose: 0.529, Acc: 0.887, Student: 1.00, Reliability: 0.845, GateAbs: 2.026e-02, Base Lr: 7.30e-04
2026-07-17 22:09:51 transreid.train INFO: Epoch[23] Iter[140/227] Loss: 1.322, Pose: 0.529, Acc: 0.891, Student: 1.00, Reliability: 0.819, GateAbs: 2.030e-02, Base Lr: 7.30e-04
2026-07-17 22:09:53 transreid.train INFO: Epoch[23] Iter[160/227] Loss: 1.295, Pose: 0.529, Acc: 0.895, Student: 1.00, Reliability: 0.843, GateAbs: 2.041e-02, Base Lr: 7.30e-04
2026-07-17 22:09:55 transreid.train INFO: Epoch[23] Iter[180/227] Loss: 1.260, Pose: 0.529, Acc: 0.901, Student: 1.00, Reliability: 0.826, GateAbs: 2.038e-02, Base Lr: 7.30e-04
2026-07-17 22:09:57 transreid.train INFO: Epoch[23] Iter[200/227] Loss: 1.216, Pose: 0.529, Acc: 0.906, Student: 1.00, Reliability: 0.867, GateAbs: 2.038e-02, Base Lr: 7.30e-04
2026-07-17 22:09:59 transreid.train INFO: Epoch 23 done. Time per epoch: 23.990[s] Speed: 562.9[samples/s]
2026-07-17 22:10:01 transreid.train INFO: Epoch[24] Iter[20/227] Loss: 1.277, Pose: 0.522, Acc: 0.889, Student: 1.00, Reliability: 0.825, GateAbs: 2.050e-02, Base Lr: 7.24e-04
2026-07-17 22:10:04 transreid.train INFO: Epoch[24] Iter[40/227] Loss: 1.248, Pose: 0.520, Acc: 0.887, Student: 1.00, Reliability: 0.861, GateAbs: 2.053e-02, Base Lr: 7.24e-04
2026-07-17 22:10:06 transreid.train INFO: Epoch[24] Iter[60/227] Loss: 1.183, Pose: 0.519, Acc: 0.894, Student: 1.00, Reliability: 0.844, GateAbs: 2.053e-02, Base Lr: 7.24e-04
2026-07-17 22:10:08 transreid.train INFO: Epoch[24] Iter[80/227] Loss: 1.178, Pose: 0.519, Acc: 0.898, Student: 1.00, Reliability: 0.833, GateAbs: 2.059e-02, Base Lr: 7.24e-04
2026-07-17 22:10:10 transreid.train INFO: Epoch[24] Iter[100/227] Loss: 1.154, Pose: 0.519, Acc: 0.902, Student: 1.00, Reliability: 0.843, GateAbs: 2.061e-02, Base Lr: 7.24e-04
2026-07-17 22:10:13 transreid.train INFO: Epoch[24] Iter[120/227] Loss: 1.127, Pose: 0.520, Acc: 0.907, Student: 1.00, Reliability: 0.846, GateAbs: 2.065e-02, Base Lr: 7.24e-04
2026-07-17 22:10:15 transreid.train INFO: Epoch[24] Iter[140/227] Loss: 1.113, Pose: 0.520, Acc: 0.911, Student: 1.00, Reliability: 0.837, GateAbs: 2.078e-02, Base Lr: 7.24e-04
2026-07-17 22:10:17 transreid.train INFO: Epoch[24] Iter[160/227] Loss: 1.090, Pose: 0.519, Acc: 0.917, Student: 1.00, Reliability: 0.848, GateAbs: 2.075e-02, Base Lr: 7.24e-04
2026-07-17 22:10:19 transreid.train INFO: Epoch[24] Iter[180/227] Loss: 1.060, Pose: 0.519, Acc: 0.923, Student: 1.00, Reliability: 0.847, GateAbs: 2.085e-02, Base Lr: 7.24e-04
2026-07-17 22:10:21 transreid.train INFO: Epoch[24] Iter[200/227] Loss: 1.022, Pose: 0.520, Acc: 0.927, Student: 1.00, Reliability: 0.824, GateAbs: 2.092e-02, Base Lr: 7.24e-04
2026-07-17 22:10:23 transreid.train INFO: Epoch 24 done. Time per epoch: 24.228[s] Speed: 562.7[samples/s]
2026-07-17 22:10:26 transreid.train INFO: Epoch[25] Iter[20/227] Loss: 1.160, Pose: 0.510, Acc: 0.900, Student: 1.00, Reliability: 0.837, GateAbs: 2.095e-02, Base Lr: 7.18e-04
2026-07-17 22:10:28 transreid.train INFO: Epoch[25] Iter[40/227] Loss: 1.190, Pose: 0.510, Acc: 0.898, Student: 1.00, Reliability: 0.847, GateAbs: 2.092e-02, Base Lr: 7.18e-04
2026-07-17 22:10:30 transreid.train INFO: Epoch[25] Iter[60/227] Loss: 1.183, Pose: 0.512, Acc: 0.907, Student: 1.00, Reliability: 0.832, GateAbs: 2.102e-02, Base Lr: 7.18e-04
2026-07-17 22:10:32 transreid.train INFO: Epoch[25] Iter[80/227] Loss: 1.155, Pose: 0.514, Acc: 0.915, Student: 1.00, Reliability: 0.837, GateAbs: 2.119e-02, Base Lr: 7.18e-04
2026-07-17 22:10:34 transreid.train INFO: Epoch[25] Iter[100/227] Loss: 1.131, Pose: 0.514, Acc: 0.916, Student: 1.00, Reliability: 0.825, GateAbs: 2.124e-02, Base Lr: 7.18e-04
2026-07-17 22:10:37 transreid.train INFO: Epoch[25] Iter[120/227] Loss: 1.091, Pose: 0.515, Acc: 0.920, Student: 1.00, Reliability: 0.858, GateAbs: 2.120e-02, Base Lr: 7.18e-04
2026-07-17 22:10:39 transreid.train INFO: Epoch[25] Iter[140/227] Loss: 1.055, Pose: 0.515, Acc: 0.923, Student: 1.00, Reliability: 0.841, GateAbs: 2.126e-02, Base Lr: 7.18e-04
2026-07-17 22:10:41 transreid.train INFO: Epoch[25] Iter[160/227] Loss: 1.026, Pose: 0.515, Acc: 0.927, Student: 1.00, Reliability: 0.840, GateAbs: 2.127e-02, Base Lr: 7.18e-04
2026-07-17 22:10:43 transreid.train INFO: Epoch[25] Iter[180/227] Loss: 0.994, Pose: 0.515, Acc: 0.932, Student: 1.00, Reliability: 0.836, GateAbs: 2.136e-02, Base Lr: 7.18e-04
2026-07-17 22:10:46 transreid.train INFO: Epoch[25] Iter[200/227] Loss: 0.957, Pose: 0.515, Acc: 0.936, Student: 1.00, Reliability: 0.844, GateAbs: 2.140e-02, Base Lr: 7.18e-04
2026-07-17 22:10:47 transreid.train INFO: Epoch 25 done. Time per epoch: 24.091[s] Speed: 563.2[samples/s]
2026-07-17 22:10:50 transreid.train INFO: Epoch[26] Iter[20/227] Loss: 1.008, Pose: 0.507, Acc: 0.904, Student: 1.00, Reliability: 0.841, GateAbs: 2.141e-02, Base Lr: 7.11e-04
2026-07-17 22:10:52 transreid.train INFO: Epoch[26] Iter[40/227] Loss: 1.006, Pose: 0.508, Acc: 0.916, Student: 1.00, Reliability: 0.849, GateAbs: 2.143e-02, Base Lr: 7.11e-04
2026-07-17 22:10:54 transreid.train INFO: Epoch[26] Iter[60/227] Loss: 0.987, Pose: 0.506, Acc: 0.926, Student: 1.00, Reliability: 0.855, GateAbs: 2.146e-02, Base Lr: 7.11e-04
2026-07-17 22:10:56 transreid.train INFO: Epoch[26] Iter[80/227] Loss: 0.985, Pose: 0.507, Acc: 0.929, Student: 1.00, Reliability: 0.851, GateAbs: 2.159e-02, Base Lr: 7.11e-04
2026-07-17 22:10:59 transreid.train INFO: Epoch[26] Iter[100/227] Loss: 0.982, Pose: 0.507, Acc: 0.933, Student: 1.00, Reliability: 0.843, GateAbs: 2.163e-02, Base Lr: 7.11e-04
2026-07-17 22:11:01 transreid.train INFO: Epoch[26] Iter[120/227] Loss: 0.961, Pose: 0.508, Acc: 0.935, Student: 1.00, Reliability: 0.851, GateAbs: 2.166e-02, Base Lr: 7.11e-04
2026-07-17 22:11:03 transreid.train INFO: Epoch[26] Iter[140/227] Loss: 0.938, Pose: 0.508, Acc: 0.939, Student: 1.00, Reliability: 0.827, GateAbs: 2.166e-02, Base Lr: 7.11e-04
2026-07-17 22:11:05 transreid.train INFO: Epoch[26] Iter[160/227] Loss: 0.915, Pose: 0.508, Acc: 0.943, Student: 1.00, Reliability: 0.841, GateAbs: 2.181e-02, Base Lr: 7.11e-04
2026-07-17 22:11:08 transreid.train INFO: Epoch[26] Iter[180/227] Loss: 0.886, Pose: 0.508, Acc: 0.946, Student: 1.00, Reliability: 0.837, GateAbs: 2.180e-02, Base Lr: 7.11e-04
2026-07-17 22:11:10 transreid.train INFO: Epoch[26] Iter[200/227] Loss: 0.854, Pose: 0.508, Acc: 0.949, Student: 1.00, Reliability: 0.827, GateAbs: 2.176e-02, Base Lr: 7.11e-04
2026-07-17 22:11:11 transreid.train INFO: Epoch 26 done. Time per epoch: 24.111[s] Speed: 562.7[samples/s]
2026-07-17 22:11:14 transreid.train INFO: Epoch[27] Iter[20/227] Loss: 0.926, Pose: 0.504, Acc: 0.929, Student: 1.00, Reliability: 0.850, GateAbs: 2.188e-02, Base Lr: 7.04e-04
2026-07-17 22:11:16 transreid.train INFO: Epoch[27] Iter[40/227] Loss: 0.949, Pose: 0.504, Acc: 0.933, Student: 1.00, Reliability: 0.857, GateAbs: 2.185e-02, Base Lr: 7.04e-04
2026-07-17 22:11:18 transreid.train INFO: Epoch[27] Iter[60/227] Loss: 0.916, Pose: 0.504, Acc: 0.938, Student: 1.00, Reliability: 0.829, GateAbs: 2.195e-02, Base Lr: 7.04e-04
2026-07-17 22:11:20 transreid.train INFO: Epoch[27] Iter[80/227] Loss: 0.891, Pose: 0.504, Acc: 0.938, Student: 1.00, Reliability: 0.857, GateAbs: 2.194e-02, Base Lr: 7.04e-04
2026-07-17 22:11:23 transreid.train INFO: Epoch[27] Iter[100/227] Loss: 0.867, Pose: 0.505, Acc: 0.944, Student: 1.00, Reliability: 0.853, GateAbs: 2.200e-02, Base Lr: 7.04e-04
2026-07-17 22:11:25 transreid.train INFO: Epoch[27] Iter[120/227] Loss: 0.843, Pose: 0.505, Acc: 0.949, Student: 1.00, Reliability: 0.839, GateAbs: 2.198e-02, Base Lr: 7.04e-04
2026-07-17 22:11:27 transreid.train INFO: Epoch[27] Iter[140/227] Loss: 0.818, Pose: 0.504, Acc: 0.951, Student: 1.00, Reliability: 0.851, GateAbs: 2.203e-02, Base Lr: 7.04e-04
2026-07-17 22:11:29 transreid.train INFO: Epoch[27] Iter[160/227] Loss: 0.804, Pose: 0.504, Acc: 0.953, Student: 1.00, Reliability: 0.832, GateAbs: 2.213e-02, Base Lr: 7.04e-04
2026-07-17 22:11:32 transreid.train INFO: Epoch[27] Iter[180/227] Loss: 0.789, Pose: 0.504, Acc: 0.953, Student: 1.00, Reliability: 0.827, GateAbs: 2.205e-02, Base Lr: 7.04e-04
2026-07-17 22:11:34 transreid.train INFO: Epoch[27] Iter[200/227] Loss: 0.758, Pose: 0.504, Acc: 0.956, Student: 1.00, Reliability: 0.839, GateAbs: 2.206e-02, Base Lr: 7.04e-04
2026-07-17 22:11:35 transreid.train INFO: Epoch 27 done. Time per epoch: 24.098[s] Speed: 563.0[samples/s]
2026-07-17 22:11:38 transreid.train INFO: Epoch[28] Iter[20/227] Loss: 0.813, Pose: 0.497, Acc: 0.938, Student: 1.00, Reliability: 0.831, GateAbs: 2.210e-02, Base Lr: 6.97e-04
2026-07-17 22:11:40 transreid.train INFO: Epoch[28] Iter[40/227] Loss: 0.788, Pose: 0.499, Acc: 0.950, Student: 1.00, Reliability: 0.847, GateAbs: 2.218e-02, Base Lr: 6.97e-04
2026-07-17 22:11:42 transreid.train INFO: Epoch[28] Iter[60/227] Loss: 0.775, Pose: 0.498, Acc: 0.952, Student: 1.00, Reliability: 0.822, GateAbs: 2.212e-02, Base Lr: 6.97e-04
2026-07-17 22:11:45 transreid.train INFO: Epoch[28] Iter[80/227] Loss: 0.780, Pose: 0.498, Acc: 0.952, Student: 1.00, Reliability: 0.848, GateAbs: 2.222e-02, Base Lr: 6.97e-04
2026-07-17 22:11:47 transreid.train INFO: Epoch[28] Iter[100/227] Loss: 0.773, Pose: 0.497, Acc: 0.953, Student: 1.00, Reliability: 0.838, GateAbs: 2.216e-02, Base Lr: 6.97e-04
2026-07-17 22:11:49 transreid.train INFO: Epoch[28] Iter[120/227] Loss: 0.761, Pose: 0.497, Acc: 0.954, Student: 1.00, Reliability: 0.843, GateAbs: 2.223e-02, Base Lr: 6.97e-04
2026-07-17 22:11:51 transreid.train INFO: Epoch[28] Iter[140/227] Loss: 0.737, Pose: 0.497, Acc: 0.957, Student: 1.00, Reliability: 0.828, GateAbs: 2.230e-02, Base Lr: 6.97e-04
2026-07-17 22:11:54 transreid.train INFO: Epoch[28] Iter[160/227] Loss: 0.720, Pose: 0.498, Acc: 0.958, Student: 1.00, Reliability: 0.867, GateAbs: 2.228e-02, Base Lr: 6.97e-04
2026-07-17 22:11:56 transreid.train INFO: Epoch[28] Iter[180/227] Loss: 0.705, Pose: 0.498, Acc: 0.959, Student: 1.00, Reliability: 0.820, GateAbs: 2.229e-02, Base Lr: 6.97e-04
2026-07-17 22:11:58 transreid.train INFO: Epoch[28] Iter[200/227] Loss: 0.680, Pose: 0.498, Acc: 0.961, Student: 1.00, Reliability: 0.845, GateAbs: 2.235e-02, Base Lr: 6.97e-04
2026-07-17 22:11:59 transreid.train INFO: Epoch 28 done. Time per epoch: 23.994[s] Speed: 562.8[samples/s]
2026-07-17 22:12:02 transreid.train INFO: Epoch[29] Iter[20/227] Loss: 0.830, Pose: 0.496, Acc: 0.949, Student: 1.00, Reliability: 0.842, GateAbs: 2.238e-02, Base Lr: 6.90e-04
2026-07-17 22:12:04 transreid.train INFO: Epoch[29] Iter[40/227] Loss: 0.773, Pose: 0.495, Acc: 0.952, Student: 1.00, Reliability: 0.842, GateAbs: 2.238e-02, Base Lr: 6.90e-04
2026-07-17 22:12:06 transreid.train INFO: Epoch[29] Iter[60/227] Loss: 0.764, Pose: 0.496, Acc: 0.953, Student: 1.00, Reliability: 0.845, GateAbs: 2.246e-02, Base Lr: 6.90e-04
2026-07-17 22:12:09 transreid.train INFO: Epoch[29] Iter[80/227] Loss: 0.742, Pose: 0.495, Acc: 0.955, Student: 1.00, Reliability: 0.848, GateAbs: 2.242e-02, Base Lr: 6.90e-04
2026-07-17 22:12:11 transreid.train INFO: Epoch[29] Iter[100/227] Loss: 0.711, Pose: 0.496, Acc: 0.960, Student: 1.00, Reliability: 0.852, GateAbs: 2.254e-02, Base Lr: 6.90e-04
2026-07-17 22:12:13 transreid.train INFO: Epoch[29] Iter[120/227] Loss: 0.693, Pose: 0.495, Acc: 0.961, Student: 1.00, Reliability: 0.864, GateAbs: 2.250e-02, Base Lr: 6.90e-04
2026-07-17 22:12:15 transreid.train INFO: Epoch[29] Iter[140/227] Loss: 0.678, Pose: 0.495, Acc: 0.961, Student: 1.00, Reliability: 0.839, GateAbs: 2.260e-02, Base Lr: 6.90e-04
2026-07-17 22:12:18 transreid.train INFO: Epoch[29] Iter[160/227] Loss: 0.663, Pose: 0.495, Acc: 0.963, Student: 1.00, Reliability: 0.843, GateAbs: 2.264e-02, Base Lr: 6.90e-04
2026-07-17 22:12:20 transreid.train INFO: Epoch[29] Iter[180/227] Loss: 0.639, Pose: 0.495, Acc: 0.965, Student: 1.00, Reliability: 0.831, GateAbs: 2.261e-02, Base Lr: 6.90e-04
2026-07-17 22:12:22 transreid.train INFO: Epoch[29] Iter[200/227] Loss: 0.619, Pose: 0.495, Acc: 0.967, Student: 1.00, Reliability: 0.847, GateAbs: 2.261e-02, Base Lr: 6.90e-04
2026-07-17 22:12:23 transreid.train INFO: Epoch 29 done. Time per epoch: 24.113[s] Speed: 562.7[samples/s]
2026-07-17 22:12:26 transreid.train INFO: Epoch[30] Iter[20/227] Loss: 0.703, Pose: 0.488, Acc: 0.952, Student: 1.00, Reliability: 0.861, GateAbs: 2.263e-02, Base Lr: 6.83e-04
2026-07-17 22:12:28 transreid.train INFO: Epoch[30] Iter[40/227] Loss: 0.658, Pose: 0.485, Acc: 0.958, Student: 1.00, Reliability: 0.836, GateAbs: 2.256e-02, Base Lr: 6.83e-04
2026-07-17 22:12:30 transreid.train INFO: Epoch[30] Iter[60/227] Loss: 0.634, Pose: 0.486, Acc: 0.961, Student: 1.00, Reliability: 0.853, GateAbs: 2.263e-02, Base Lr: 6.83e-04
2026-07-17 22:12:33 transreid.train INFO: Epoch[30] Iter[80/227] Loss: 0.617, Pose: 0.488, Acc: 0.964, Student: 1.00, Reliability: 0.848, GateAbs: 2.263e-02, Base Lr: 6.83e-04
2026-07-17 22:12:35 transreid.train INFO: Epoch[30] Iter[100/227] Loss: 0.619, Pose: 0.489, Acc: 0.965, Student: 1.00, Reliability: 0.859, GateAbs: 2.261e-02, Base Lr: 6.83e-04
2026-07-17 22:12:37 transreid.train INFO: Epoch[30] Iter[120/227] Loss: 0.607, Pose: 0.489, Acc: 0.967, Student: 1.00, Reliability: 0.846, GateAbs: 2.272e-02, Base Lr: 6.83e-04
2026-07-17 22:12:39 transreid.train INFO: Epoch[30] Iter[140/227] Loss: 0.599, Pose: 0.488, Acc: 0.968, Student: 1.00, Reliability: 0.860, GateAbs: 2.274e-02, Base Lr: 6.83e-04
2026-07-17 22:12:42 transreid.train INFO: Epoch[30] Iter[160/227] Loss: 0.584, Pose: 0.489, Acc: 0.971, Student: 1.00, Reliability: 0.853, GateAbs: 2.281e-02, Base Lr: 6.83e-04
2026-07-17 22:12:44 transreid.train INFO: Epoch[30] Iter[180/227] Loss: 0.575, Pose: 0.490, Acc: 0.971, Student: 1.00, Reliability: 0.851, GateAbs: 2.276e-02, Base Lr: 6.83e-04
2026-07-17 22:12:46 transreid.train INFO: Epoch[30] Iter[200/227] Loss: 0.556, Pose: 0.491, Acc: 0.972, Student: 1.00, Reliability: 0.836, GateAbs: 2.275e-02, Base Lr: 6.83e-04
2026-07-17 22:12:47 transreid.train INFO: Epoch 30 done. Time per epoch: 24.094[s] Speed: 563.1[samples/s]
The test feature is normalized
=> Computing DistMat with euclidean_distance
2026-07-17 22:13:10 transreid.train INFO: Validation Results - Epoch: 30
2026-07-17 22:13:10 transreid.train INFO: mAP: 46.6%
2026-07-17 22:13:10 transreid.train INFO: CMC curve, Rank-1  :56.2%
2026-07-17 22:13:10 transreid.train INFO: CMC curve, Rank-5  :71.3%
2026-07-17 22:13:10 transreid.train INFO: CMC curve, Rank-10 :76.4%
2026-07-17 22:13:13 transreid.train INFO: Epoch[31] Iter[20/227] Loss: 0.640, Pose: 0.486, Acc: 0.964, Student: 1.00, Reliability: 0.837, GateAbs: 2.281e-02, Base Lr: 6.76e-04
2026-07-17 22:13:15 transreid.train INFO: Epoch[31] Iter[40/227] Loss: 0.604, Pose: 0.487, Acc: 0.967, Student: 1.00, Reliability: 0.846, GateAbs: 2.271e-02, Base Lr: 6.76e-04
2026-07-17 22:13:17 transreid.train INFO: Epoch[31] Iter[60/227] Loss: 0.593, Pose: 0.486, Acc: 0.970, Student: 1.00, Reliability: 0.838, GateAbs: 2.292e-02, Base Lr: 6.76e-04
2026-07-17 22:13:20 transreid.train INFO: Epoch[31] Iter[80/227] Loss: 0.600, Pose: 0.488, Acc: 0.970, Student: 1.00, Reliability: 0.830, GateAbs: 2.287e-02, Base Lr: 6.76e-04
2026-07-17 22:13:22 transreid.train INFO: Epoch[31] Iter[100/227] Loss: 0.582, Pose: 0.487, Acc: 0.971, Student: 1.00, Reliability: 0.842, GateAbs: 2.294e-02, Base Lr: 6.76e-04
2026-07-17 22:13:24 transreid.train INFO: Epoch[31] Iter[120/227] Loss: 0.565, Pose: 0.487, Acc: 0.973, Student: 1.00, Reliability: 0.860, GateAbs: 2.294e-02, Base Lr: 6.76e-04
2026-07-17 22:13:26 transreid.train INFO: Epoch[31] Iter[140/227] Loss: 0.548, Pose: 0.488, Acc: 0.974, Student: 1.00, Reliability: 0.823, GateAbs: 2.295e-02, Base Lr: 6.76e-04
2026-07-17 22:13:29 transreid.train INFO: Epoch[31] Iter[160/227] Loss: 0.533, Pose: 0.488, Acc: 0.975, Student: 1.00, Reliability: 0.837, GateAbs: 2.281e-02, Base Lr: 6.76e-04
2026-07-17 22:13:31 transreid.train INFO: Epoch[31] Iter[180/227] Loss: 0.521, Pose: 0.488, Acc: 0.975, Student: 1.00, Reliability: 0.847, GateAbs: 2.286e-02, Base Lr: 6.76e-04
2026-07-17 22:13:33 transreid.train INFO: Epoch[31] Iter[200/227] Loss: 0.502, Pose: 0.488, Acc: 0.976, Student: 1.00, Reliability: 0.841, GateAbs: 2.297e-02, Base Lr: 6.76e-04
2026-07-17 22:13:34 transreid.train INFO: Epoch 31 done. Time per epoch: 24.116[s] Speed: 562.6[samples/s]
2026-07-17 22:13:37 transreid.train INFO: Epoch[32] Iter[20/227] Loss: 0.576, Pose: 0.485, Acc: 0.961, Student: 1.00, Reliability: 0.835, GateAbs: 2.285e-02, Base Lr: 6.68e-04
2026-07-17 22:13:39 transreid.train INFO: Epoch[32] Iter[40/227] Loss: 0.562, Pose: 0.487, Acc: 0.963, Student: 1.00, Reliability: 0.841, GateAbs: 2.284e-02, Base Lr: 6.68e-04
2026-07-17 22:13:41 transreid.train INFO: Epoch[32] Iter[60/227] Loss: 0.540, Pose: 0.487, Acc: 0.970, Student: 1.00, Reliability: 0.840, GateAbs: 2.282e-02, Base Lr: 6.68e-04
2026-07-17 22:13:44 transreid.train INFO: Epoch[32] Iter[80/227] Loss: 0.535, Pose: 0.487, Acc: 0.970, Student: 1.00, Reliability: 0.841, GateAbs: 2.296e-02, Base Lr: 6.68e-04
2026-07-17 22:13:46 transreid.train INFO: Epoch[32] Iter[100/227] Loss: 0.521, Pose: 0.486, Acc: 0.973, Student: 1.00, Reliability: 0.856, GateAbs: 2.287e-02, Base Lr: 6.68e-04
2026-07-17 22:13:48 transreid.train INFO: Epoch[32] Iter[120/227] Loss: 0.516, Pose: 0.485, Acc: 0.973, Student: 1.00, Reliability: 0.839, GateAbs: 2.288e-02, Base Lr: 6.68e-04
2026-07-17 22:13:50 transreid.train INFO: Epoch[32] Iter[140/227] Loss: 0.502, Pose: 0.485, Acc: 0.974, Student: 1.00, Reliability: 0.826, GateAbs: 2.292e-02, Base Lr: 6.68e-04
2026-07-17 22:13:53 transreid.train INFO: Epoch[32] Iter[160/227] Loss: 0.485, Pose: 0.485, Acc: 0.976, Student: 1.00, Reliability: 0.838, GateAbs: 2.293e-02, Base Lr: 6.68e-04
2026-07-17 22:13:55 transreid.train INFO: Epoch[32] Iter[180/227] Loss: 0.478, Pose: 0.485, Acc: 0.976, Student: 1.00, Reliability: 0.838, GateAbs: 2.289e-02, Base Lr: 6.68e-04
2026-07-17 22:13:57 transreid.train INFO: Epoch[32] Iter[200/227] Loss: 0.465, Pose: 0.485, Acc: 0.978, Student: 1.00, Reliability: 0.846, GateAbs: 2.302e-02, Base Lr: 6.68e-04
2026-07-17 22:13:59 transreid.train INFO: Epoch 32 done. Time per epoch: 24.116[s] Speed: 562.6[samples/s]
2026-07-17 22:14:01 transreid.train INFO: Epoch[33] Iter[20/227] Loss: 0.557, Pose: 0.486, Acc: 0.976, Student: 1.00, Reliability: 0.854, GateAbs: 2.314e-02, Base Lr: 6.60e-04
2026-07-17 22:14:03 transreid.train INFO: Epoch[33] Iter[40/227] Loss: 0.568, Pose: 0.485, Acc: 0.973, Student: 1.00, Reliability: 0.845, GateAbs: 2.318e-02, Base Lr: 6.60e-04
2026-07-17 22:14:06 transreid.train INFO: Epoch[33] Iter[60/227] Loss: 0.538, Pose: 0.482, Acc: 0.976, Student: 1.00, Reliability: 0.849, GateAbs: 2.313e-02, Base Lr: 6.60e-04
2026-07-17 22:14:08 transreid.train INFO: Epoch[33] Iter[80/227] Loss: 0.523, Pose: 0.481, Acc: 0.977, Student: 1.00, Reliability: 0.845, GateAbs: 2.309e-02, Base Lr: 6.60e-04
2026-07-17 22:14:10 transreid.train INFO: Epoch[33] Iter[100/227] Loss: 0.513, Pose: 0.484, Acc: 0.976, Student: 1.00, Reliability: 0.834, GateAbs: 2.302e-02, Base Lr: 6.60e-04
2026-07-17 22:14:12 transreid.train INFO: Epoch[33] Iter[120/227] Loss: 0.510, Pose: 0.483, Acc: 0.976, Student: 1.00, Reliability: 0.845, GateAbs: 2.314e-02, Base Lr: 6.60e-04
2026-07-17 22:14:15 transreid.train INFO: Epoch[33] Iter[140/227] Loss: 0.501, Pose: 0.483, Acc: 0.977, Student: 1.00, Reliability: 0.857, GateAbs: 2.312e-02, Base Lr: 6.60e-04
2026-07-17 22:14:17 transreid.train INFO: Epoch[33] Iter[160/227] Loss: 0.491, Pose: 0.483, Acc: 0.977, Student: 1.00, Reliability: 0.856, GateAbs: 2.310e-02, Base Lr: 6.60e-04
2026-07-17 22:14:19 transreid.train INFO: Epoch[33] Iter[180/227] Loss: 0.477, Pose: 0.483, Acc: 0.979, Student: 1.00, Reliability: 0.849, GateAbs: 2.314e-02, Base Lr: 6.60e-04
2026-07-17 22:14:21 transreid.train INFO: Epoch[33] Iter[200/227] Loss: 0.462, Pose: 0.483, Acc: 0.980, Student: 1.00, Reliability: 0.852, GateAbs: 2.310e-02, Base Lr: 6.60e-04
2026-07-17 22:14:23 transreid.train INFO: Epoch 33 done. Time per epoch: 24.121[s] Speed: 562.5[samples/s]
2026-07-17 22:14:25 transreid.train INFO: Epoch[34] Iter[20/227] Loss: 0.473, Pose: 0.476, Acc: 0.979, Student: 1.00, Reliability: 0.833, GateAbs: 2.296e-02, Base Lr: 6.52e-04
2026-07-17 22:14:27 transreid.train INFO: Epoch[34] Iter[40/227] Loss: 0.446, Pose: 0.479, Acc: 0.979, Student: 1.00, Reliability: 0.835, GateAbs: 2.294e-02, Base Lr: 6.52e-04
2026-07-17 22:14:30 transreid.train INFO: Epoch[34] Iter[60/227] Loss: 0.433, Pose: 0.480, Acc: 0.982, Student: 1.00, Reliability: 0.854, GateAbs: 2.307e-02, Base Lr: 6.52e-04
2026-07-17 22:14:32 transreid.train INFO: Epoch[34] Iter[80/227] Loss: 0.437, Pose: 0.481, Acc: 0.979, Student: 1.00, Reliability: 0.834, GateAbs: 2.301e-02, Base Lr: 6.52e-04
2026-07-17 22:14:34 transreid.train INFO: Epoch[34] Iter[100/227] Loss: 0.429, Pose: 0.481, Acc: 0.979, Student: 1.00, Reliability: 0.850, GateAbs: 2.300e-02, Base Lr: 6.52e-04
2026-07-17 22:14:36 transreid.train INFO: Epoch[34] Iter[120/227] Loss: 0.418, Pose: 0.481, Acc: 0.980, Student: 1.00, Reliability: 0.839, GateAbs: 2.294e-02, Base Lr: 6.52e-04
2026-07-17 22:14:39 transreid.train INFO: Epoch[34] Iter[140/227] Loss: 0.411, Pose: 0.481, Acc: 0.981, Student: 1.00, Reliability: 0.827, GateAbs: 2.301e-02, Base Lr: 6.52e-04
2026-07-17 22:14:41 transreid.train INFO: Epoch[34] Iter[160/227] Loss: 0.407, Pose: 0.480, Acc: 0.982, Student: 1.00, Reliability: 0.853, GateAbs: 2.312e-02, Base Lr: 6.52e-04
2026-07-17 22:14:43 transreid.train INFO: Epoch[34] Iter[180/227] Loss: 0.400, Pose: 0.481, Acc: 0.982, Student: 1.00, Reliability: 0.847, GateAbs: 2.308e-02, Base Lr: 6.52e-04
2026-07-17 22:14:45 transreid.train INFO: Epoch[34] Iter[200/227] Loss: 0.390, Pose: 0.481, Acc: 0.983, Student: 1.00, Reliability: 0.825, GateAbs: 2.313e-02, Base Lr: 6.52e-04
2026-07-17 22:14:47 transreid.train INFO: Epoch 34 done. Time per epoch: 24.117[s] Speed: 562.6[samples/s]
2026-07-17 22:14:49 transreid.train INFO: Epoch[35] Iter[20/227] Loss: 0.438, Pose: 0.477, Acc: 0.987, Student: 1.00, Reliability: 0.856, GateAbs: 2.306e-02, Base Lr: 6.44e-04
2026-07-17 22:14:52 transreid.train INFO: Epoch[35] Iter[40/227] Loss: 0.448, Pose: 0.479, Acc: 0.982, Student: 1.00, Reliability: 0.840, GateAbs: 2.304e-02, Base Lr: 6.44e-04
2026-07-17 22:14:54 transreid.train INFO: Epoch[35] Iter[60/227] Loss: 0.440, Pose: 0.480, Acc: 0.984, Student: 1.00, Reliability: 0.826, GateAbs: 2.309e-02, Base Lr: 6.44e-04
2026-07-17 22:14:56 transreid.train INFO: Epoch[35] Iter[80/227] Loss: 0.450, Pose: 0.481, Acc: 0.983, Student: 1.00, Reliability: 0.842, GateAbs: 2.319e-02, Base Lr: 6.44e-04
2026-07-17 22:14:58 transreid.train INFO: Epoch[35] Iter[100/227] Loss: 0.442, Pose: 0.480, Acc: 0.983, Student: 1.00, Reliability: 0.859, GateAbs: 2.309e-02, Base Lr: 6.44e-04
2026-07-17 22:15:01 transreid.train INFO: Epoch[35] Iter[120/227] Loss: 0.441, Pose: 0.479, Acc: 0.982, Student: 1.00, Reliability: 0.859, GateAbs: 2.302e-02, Base Lr: 6.44e-04
2026-07-17 22:15:03 transreid.train INFO: Epoch[35] Iter[140/227] Loss: 0.430, Pose: 0.480, Acc: 0.982, Student: 1.00, Reliability: 0.822, GateAbs: 2.325e-02, Base Lr: 6.44e-04
2026-07-17 22:15:05 transreid.train INFO: Epoch[35] Iter[160/227] Loss: 0.413, Pose: 0.479, Acc: 0.983, Student: 1.00, Reliability: 0.857, GateAbs: 2.313e-02, Base Lr: 6.44e-04
2026-07-17 22:15:07 transreid.train INFO: Epoch[35] Iter[180/227] Loss: 0.408, Pose: 0.479, Acc: 0.984, Student: 1.00, Reliability: 0.850, GateAbs: 2.304e-02, Base Lr: 6.44e-04
2026-07-17 22:15:10 transreid.train INFO: Epoch[35] Iter[200/227] Loss: 0.396, Pose: 0.480, Acc: 0.985, Student: 1.00, Reliability: 0.823, GateAbs: 2.328e-02, Base Lr: 6.44e-04
2026-07-17 22:15:11 transreid.train INFO: Epoch 35 done. Time per epoch: 23.873[s] Speed: 563.0[samples/s]
2026-07-17 22:15:13 transreid.train INFO: Epoch[36] Iter[20/227] Loss: 0.410, Pose: 0.473, Acc: 0.983, Student: 1.00, Reliability: 0.833, GateAbs: 2.319e-02, Base Lr: 6.35e-04
2026-07-17 22:15:15 transreid.train INFO: Epoch[36] Iter[40/227] Loss: 0.408, Pose: 0.477, Acc: 0.980, Student: 1.00, Reliability: 0.846, GateAbs: 2.324e-02, Base Lr: 6.35e-04
2026-07-17 22:15:18 transreid.train INFO: Epoch[36] Iter[60/227] Loss: 0.419, Pose: 0.475, Acc: 0.980, Student: 1.00, Reliability: 0.861, GateAbs: 2.321e-02, Base Lr: 6.35e-04
2026-07-17 22:15:20 transreid.train INFO: Epoch[36] Iter[80/227] Loss: 0.406, Pose: 0.476, Acc: 0.983, Student: 1.00, Reliability: 0.833, GateAbs: 2.314e-02, Base Lr: 6.35e-04
2026-07-17 22:15:22 transreid.train INFO: Epoch[36] Iter[100/227] Loss: 0.406, Pose: 0.476, Acc: 0.984, Student: 1.00, Reliability: 0.842, GateAbs: 2.320e-02, Base Lr: 6.35e-04
2026-07-17 22:15:24 transreid.train INFO: Epoch[36] Iter[120/227] Loss: 0.401, Pose: 0.477, Acc: 0.984, Student: 1.00, Reliability: 0.833, GateAbs: 2.315e-02, Base Lr: 6.35e-04
2026-07-17 22:15:27 transreid.train INFO: Epoch[36] Iter[140/227] Loss: 0.399, Pose: 0.477, Acc: 0.984, Student: 1.00, Reliability: 0.834, GateAbs: 2.301e-02, Base Lr: 6.35e-04
2026-07-17 22:15:29 transreid.train INFO: Epoch[36] Iter[160/227] Loss: 0.393, Pose: 0.477, Acc: 0.984, Student: 1.00, Reliability: 0.851, GateAbs: 2.313e-02, Base Lr: 6.35e-04
2026-07-17 22:15:31 transreid.train INFO: Epoch[36] Iter[180/227] Loss: 0.386, Pose: 0.477, Acc: 0.984, Student: 1.00, Reliability: 0.829, GateAbs: 2.322e-02, Base Lr: 6.35e-04
2026-07-17 22:15:33 transreid.train INFO: Epoch[36] Iter[200/227] Loss: 0.377, Pose: 0.478, Acc: 0.985, Student: 1.00, Reliability: 0.831, GateAbs: 2.322e-02, Base Lr: 6.35e-04
2026-07-17 22:15:35 transreid.train INFO: Epoch 36 done. Time per epoch: 24.196[s] Speed: 563.4[samples/s]
2026-07-17 22:15:37 transreid.train INFO: Epoch[37] Iter[20/227] Loss: 0.417, Pose: 0.476, Acc: 0.977, Student: 1.00, Reliability: 0.859, GateAbs: 2.318e-02, Base Lr: 6.27e-04
2026-07-17 22:15:40 transreid.train INFO: Epoch[37] Iter[40/227] Loss: 0.408, Pose: 0.473, Acc: 0.977, Student: 1.00, Reliability: 0.849, GateAbs: 2.320e-02, Base Lr: 6.27e-04
2026-07-17 22:15:42 transreid.train INFO: Epoch[37] Iter[60/227] Loss: 0.414, Pose: 0.473, Acc: 0.979, Student: 1.00, Reliability: 0.853, GateAbs: 2.338e-02, Base Lr: 6.27e-04
2026-07-17 22:15:44 transreid.train INFO: Epoch[37] Iter[80/227] Loss: 0.420, Pose: 0.475, Acc: 0.977, Student: 1.00, Reliability: 0.860, GateAbs: 2.324e-02, Base Lr: 6.27e-04
2026-07-17 22:15:46 transreid.train INFO: Epoch[37] Iter[100/227] Loss: 0.413, Pose: 0.476, Acc: 0.979, Student: 1.00, Reliability: 0.852, GateAbs: 2.326e-02, Base Lr: 6.27e-04
2026-07-17 22:15:49 transreid.train INFO: Epoch[37] Iter[120/227] Loss: 0.416, Pose: 0.475, Acc: 0.979, Student: 1.00, Reliability: 0.855, GateAbs: 2.329e-02, Base Lr: 6.27e-04
2026-07-17 22:15:51 transreid.train INFO: Epoch[37] Iter[140/227] Loss: 0.411, Pose: 0.476, Acc: 0.980, Student: 1.00, Reliability: 0.838, GateAbs: 2.327e-02, Base Lr: 6.27e-04
2026-07-17 22:15:53 transreid.train INFO: Epoch[37] Iter[160/227] Loss: 0.404, Pose: 0.476, Acc: 0.981, Student: 1.00, Reliability: 0.861, GateAbs: 2.328e-02, Base Lr: 6.27e-04
2026-07-17 22:15:55 transreid.train INFO: Epoch[37] Iter[180/227] Loss: 0.391, Pose: 0.477, Acc: 0.981, Student: 1.00, Reliability: 0.840, GateAbs: 2.342e-02, Base Lr: 6.27e-04
2026-07-17 22:15:58 transreid.train INFO: Epoch[37] Iter[200/227] Loss: 0.381, Pose: 0.477, Acc: 0.982, Student: 1.00, Reliability: 0.848, GateAbs: 2.349e-02, Base Lr: 6.27e-04
2026-07-17 22:15:59 transreid.train INFO: Epoch 37 done. Time per epoch: 24.015[s] Speed: 562.3[samples/s]
2026-07-17 22:16:01 transreid.train INFO: Epoch[38] Iter[20/227] Loss: 0.371, Pose: 0.470, Acc: 0.979, Student: 1.00, Reliability: 0.850, GateAbs: 2.335e-02, Base Lr: 6.18e-04
2026-07-17 22:16:04 transreid.train INFO: Epoch[38] Iter[40/227] Loss: 0.372, Pose: 0.474, Acc: 0.982, Student: 1.00, Reliability: 0.840, GateAbs: 2.317e-02, Base Lr: 6.18e-04
2026-07-17 22:16:06 transreid.train INFO: Epoch[38] Iter[60/227] Loss: 0.379, Pose: 0.474, Acc: 0.984, Student: 1.00, Reliability: 0.850, GateAbs: 2.319e-02, Base Lr: 6.18e-04
2026-07-17 22:16:08 transreid.train INFO: Epoch[38] Iter[80/227] Loss: 0.366, Pose: 0.474, Acc: 0.986, Student: 1.00, Reliability: 0.838, GateAbs: 2.329e-02, Base Lr: 6.18e-04
2026-07-17 22:16:10 transreid.train INFO: Epoch[38] Iter[100/227] Loss: 0.369, Pose: 0.474, Acc: 0.986, Student: 1.00, Reliability: 0.850, GateAbs: 2.326e-02, Base Lr: 6.18e-04
2026-07-17 22:16:13 transreid.train INFO: Epoch[38] Iter[120/227] Loss: 0.362, Pose: 0.474, Acc: 0.986, Student: 1.00, Reliability: 0.836, GateAbs: 2.335e-02, Base Lr: 6.18e-04
2026-07-17 22:16:15 transreid.train INFO: Epoch[38] Iter[140/227] Loss: 0.357, Pose: 0.475, Acc: 0.985, Student: 1.00, Reliability: 0.836, GateAbs: 2.333e-02, Base Lr: 6.18e-04
2026-07-17 22:16:17 transreid.train INFO: Epoch[38] Iter[160/227] Loss: 0.351, Pose: 0.475, Acc: 0.986, Student: 1.00, Reliability: 0.844, GateAbs: 2.335e-02, Base Lr: 6.18e-04
2026-07-17 22:16:19 transreid.train INFO: Epoch[38] Iter[180/227] Loss: 0.346, Pose: 0.475, Acc: 0.986, Student: 1.00, Reliability: 0.837, GateAbs: 2.336e-02, Base Lr: 6.18e-04
2026-07-17 22:16:22 transreid.train INFO: Epoch[38] Iter[200/227] Loss: 0.337, Pose: 0.476, Acc: 0.986, Student: 1.00, Reliability: 0.848, GateAbs: 2.332e-02, Base Lr: 6.18e-04
2026-07-17 22:16:23 transreid.train INFO: Epoch 38 done. Time per epoch: 24.107[s] Speed: 562.8[samples/s]
2026-07-17 22:16:26 transreid.train INFO: Epoch[39] Iter[20/227] Loss: 0.443, Pose: 0.470, Acc: 0.982, Student: 1.00, Reliability: 0.857, GateAbs: 2.331e-02, Base Lr: 6.09e-04
2026-07-17 22:16:28 transreid.train INFO: Epoch[39] Iter[40/227] Loss: 0.429, Pose: 0.472, Acc: 0.979, Student: 1.00, Reliability: 0.860, GateAbs: 2.341e-02, Base Lr: 6.09e-04
2026-07-17 22:16:30 transreid.train INFO: Epoch[39] Iter[60/227] Loss: 0.402, Pose: 0.472, Acc: 0.982, Student: 1.00, Reliability: 0.850, GateAbs: 2.337e-02, Base Lr: 6.09e-04
2026-07-17 22:16:32 transreid.train INFO: Epoch[39] Iter[80/227] Loss: 0.386, Pose: 0.474, Acc: 0.983, Student: 1.00, Reliability: 0.862, GateAbs: 2.346e-02, Base Lr: 6.09e-04
2026-07-17 22:16:35 transreid.train INFO: Epoch[39] Iter[100/227] Loss: 0.378, Pose: 0.473, Acc: 0.983, Student: 1.00, Reliability: 0.859, GateAbs: 2.352e-02, Base Lr: 6.09e-04
2026-07-17 22:16:37 transreid.train INFO: Epoch[39] Iter[120/227] Loss: 0.364, Pose: 0.472, Acc: 0.985, Student: 1.00, Reliability: 0.834, GateAbs: 2.347e-02, Base Lr: 6.09e-04
2026-07-17 22:16:39 transreid.train INFO: Epoch[39] Iter[140/227] Loss: 0.353, Pose: 0.473, Acc: 0.986, Student: 1.00, Reliability: 0.839, GateAbs: 2.333e-02, Base Lr: 6.09e-04
2026-07-17 22:16:41 transreid.train INFO: Epoch[39] Iter[160/227] Loss: 0.341, Pose: 0.473, Acc: 0.986, Student: 1.00, Reliability: 0.838, GateAbs: 2.343e-02, Base Lr: 6.09e-04
2026-07-17 22:16:43 transreid.train INFO: Epoch[39] Iter[180/227] Loss: 0.335, Pose: 0.473, Acc: 0.987, Student: 1.00, Reliability: 0.865, GateAbs: 2.346e-02, Base Lr: 6.09e-04
2026-07-17 22:16:46 transreid.train INFO: Epoch[39] Iter[200/227] Loss: 0.325, Pose: 0.474, Acc: 0.987, Student: 1.00, Reliability: 0.846, GateAbs: 2.339e-02, Base Lr: 6.09e-04
2026-07-17 22:16:47 transreid.train INFO: Epoch 39 done. Time per epoch: 23.992[s] Speed: 562.9[samples/s]
2026-07-17 22:16:50 transreid.train INFO: Epoch[40] Iter[20/227] Loss: 0.399, Pose: 0.475, Acc: 0.980, Student: 1.00, Reliability: 0.838, GateAbs: 2.318e-02, Base Lr: 6.00e-04
2026-07-17 22:16:52 transreid.train INFO: Epoch[40] Iter[40/227] Loss: 0.354, Pose: 0.473, Acc: 0.986, Student: 1.00, Reliability: 0.857, GateAbs: 2.335e-02, Base Lr: 6.00e-04
2026-07-17 22:16:54 transreid.train INFO: Epoch[40] Iter[60/227] Loss: 0.350, Pose: 0.473, Acc: 0.985, Student: 1.00, Reliability: 0.857, GateAbs: 2.349e-02, Base Lr: 6.00e-04
2026-07-17 22:16:56 transreid.train INFO: Epoch[40] Iter[80/227] Loss: 0.341, Pose: 0.473, Acc: 0.984, Student: 1.00, Reliability: 0.843, GateAbs: 2.350e-02, Base Lr: 6.00e-04
2026-07-17 22:16:59 transreid.train INFO: Epoch[40] Iter[100/227] Loss: 0.340, Pose: 0.474, Acc: 0.984, Student: 1.00, Reliability: 0.852, GateAbs: 2.354e-02, Base Lr: 6.00e-04
2026-07-17 22:17:01 transreid.train INFO: Epoch[40] Iter[120/227] Loss: 0.337, Pose: 0.474, Acc: 0.984, Student: 1.00, Reliability: 0.849, GateAbs: 2.341e-02, Base Lr: 6.00e-04
2026-07-17 22:17:03 transreid.train INFO: Epoch[40] Iter[140/227] Loss: 0.329, Pose: 0.473, Acc: 0.984, Student: 1.00, Reliability: 0.854, GateAbs: 2.335e-02, Base Lr: 6.00e-04
2026-07-17 22:17:05 transreid.train INFO: Epoch[40] Iter[160/227] Loss: 0.324, Pose: 0.473, Acc: 0.985, Student: 1.00, Reliability: 0.847, GateAbs: 2.353e-02, Base Lr: 6.00e-04
2026-07-17 22:17:07 transreid.train INFO: Epoch[40] Iter[180/227] Loss: 0.319, Pose: 0.473, Acc: 0.986, Student: 1.00, Reliability: 0.878, GateAbs: 2.340e-02, Base Lr: 6.00e-04
2026-07-17 22:17:10 transreid.train INFO: Epoch[40] Iter[200/227] Loss: 0.314, Pose: 0.474, Acc: 0.986, Student: 1.00, Reliability: 0.833, GateAbs: 2.346e-02, Base Lr: 6.00e-04
2026-07-17 22:17:11 transreid.train INFO: Epoch 40 done. Time per epoch: 23.875[s] Speed: 562.9[samples/s]
The test feature is normalized
=> Computing DistMat with euclidean_distance
2026-07-17 22:17:34 transreid.train INFO: Validation Results - Epoch: 40
2026-07-17 22:17:34 transreid.train INFO: mAP: 50.0%
2026-07-17 22:17:34 transreid.train INFO: CMC curve, Rank-1  :60.7%
2026-07-17 22:17:34 transreid.train INFO: CMC curve, Rank-5  :76.2%
2026-07-17 22:17:34 transreid.train INFO: CMC curve, Rank-10 :81.0%
2026-07-17 22:17:36 transreid.train INFO: Epoch[41] Iter[20/227] Loss: 0.403, Pose: 0.473, Acc: 0.978, Student: 1.00, Reliability: 0.841, GateAbs: 2.341e-02, Base Lr: 5.91e-04
2026-07-17 22:17:39 transreid.train INFO: Epoch[41] Iter[40/227] Loss: 0.392, Pose: 0.475, Acc: 0.979, Student: 1.00, Reliability: 0.846, GateAbs: 2.349e-02, Base Lr: 5.91e-04
2026-07-17 22:17:41 transreid.train INFO: Epoch[41] Iter[60/227] Loss: 0.372, Pose: 0.474, Acc: 0.982, Student: 1.00, Reliability: 0.849, GateAbs: 2.336e-02, Base Lr: 5.91e-04
2026-07-17 22:17:43 transreid.train INFO: Epoch[41] Iter[80/227] Loss: 0.363, Pose: 0.473, Acc: 0.983, Student: 1.00, Reliability: 0.853, GateAbs: 2.346e-02, Base Lr: 5.91e-04
2026-07-17 22:17:45 transreid.train INFO: Epoch[41] Iter[100/227] Loss: 0.357, Pose: 0.473, Acc: 0.983, Student: 1.00, Reliability: 0.826, GateAbs: 2.342e-02, Base Lr: 5.91e-04
2026-07-17 22:17:47 transreid.train INFO: Epoch[41] Iter[120/227] Loss: 0.347, Pose: 0.473, Acc: 0.985, Student: 1.00, Reliability: 0.841, GateAbs: 2.344e-02, Base Lr: 5.91e-04
2026-07-17 22:17:50 transreid.train INFO: Epoch[41] Iter[140/227] Loss: 0.337, Pose: 0.473, Acc: 0.985, Student: 1.00, Reliability: 0.869, GateAbs: 2.349e-02, Base Lr: 5.91e-04
2026-07-17 22:17:52 transreid.train INFO: Epoch[41] Iter[160/227] Loss: 0.327, Pose: 0.473, Acc: 0.986, Student: 1.00, Reliability: 0.825, GateAbs: 2.335e-02, Base Lr: 5.91e-04
2026-07-17 22:17:54 transreid.train INFO: Epoch[41] Iter[180/227] Loss: 0.324, Pose: 0.473, Acc: 0.986, Student: 1.00, Reliability: 0.843, GateAbs: 2.339e-02, Base Lr: 5.91e-04
2026-07-17 22:17:56 transreid.train INFO: Epoch[41] Iter[200/227] Loss: 0.313, Pose: 0.474, Acc: 0.987, Student: 1.00, Reliability: 0.833, GateAbs: 2.328e-02, Base Lr: 5.91e-04
2026-07-17 22:17:58 transreid.train INFO: Epoch 41 done. Time per epoch: 24.089[s] Speed: 563.2[samples/s]
2026-07-17 22:18:00 transreid.train INFO: Epoch[42] Iter[20/227] Loss: 0.357, Pose: 0.473, Acc: 0.982, Student: 1.00, Reliability: 0.834, GateAbs: 2.346e-02, Base Lr: 5.82e-04
2026-07-17 22:18:03 transreid.train INFO: Epoch[42] Iter[40/227] Loss: 0.319, Pose: 0.471, Acc: 0.984, Student: 1.00, Reliability: 0.857, GateAbs: 2.338e-02, Base Lr: 5.82e-04
2026-07-17 22:18:05 transreid.train INFO: Epoch[42] Iter[60/227] Loss: 0.327, Pose: 0.471, Acc: 0.986, Student: 1.00, Reliability: 0.833, GateAbs: 2.350e-02, Base Lr: 5.82e-04
2026-07-17 22:18:07 transreid.train INFO: Epoch[42] Iter[80/227] Loss: 0.327, Pose: 0.471, Acc: 0.986, Student: 1.00, Reliability: 0.853, GateAbs: 2.363e-02, Base Lr: 5.82e-04
2026-07-17 22:18:09 transreid.train INFO: Epoch[42] Iter[100/227] Loss: 0.321, Pose: 0.471, Acc: 0.986, Student: 1.00, Reliability: 0.852, GateAbs: 2.353e-02, Base Lr: 5.82e-04
2026-07-17 22:18:12 transreid.train INFO: Epoch[42] Iter[120/227] Loss: 0.321, Pose: 0.471, Acc: 0.986, Student: 1.00, Reliability: 0.846, GateAbs: 2.358e-02, Base Lr: 5.82e-04
2026-07-17 22:18:14 transreid.train INFO: Epoch[42] Iter[140/227] Loss: 0.313, Pose: 0.471, Acc: 0.987, Student: 1.00, Reliability: 0.839, GateAbs: 2.344e-02, Base Lr: 5.82e-04
2026-07-17 22:18:16 transreid.train INFO: Epoch[42] Iter[160/227] Loss: 0.306, Pose: 0.471, Acc: 0.988, Student: 1.00, Reliability: 0.850, GateAbs: 2.361e-02, Base Lr: 5.82e-04
2026-07-17 22:18:18 transreid.train INFO: Epoch[42] Iter[180/227] Loss: 0.299, Pose: 0.471, Acc: 0.988, Student: 1.00, Reliability: 0.855, GateAbs: 2.357e-02, Base Lr: 5.82e-04
2026-07-17 22:18:21 transreid.train INFO: Epoch[42] Iter[200/227] Loss: 0.298, Pose: 0.473, Acc: 0.988, Student: 1.00, Reliability: 0.840, GateAbs: 2.361e-02, Base Lr: 5.82e-04
2026-07-17 22:18:22 transreid.train INFO: Epoch 42 done. Time per epoch: 24.000[s] Speed: 562.7[samples/s]
2026-07-17 22:18:24 transreid.train INFO: Epoch[43] Iter[20/227] Loss: 0.411, Pose: 0.472, Acc: 0.976, Student: 1.00, Reliability: 0.846, GateAbs: 2.351e-02, Base Lr: 5.73e-04
2026-07-17 22:18:27 transreid.train INFO: Epoch[43] Iter[40/227] Loss: 0.372, Pose: 0.470, Acc: 0.979, Student: 1.00, Reliability: 0.856, GateAbs: 2.338e-02, Base Lr: 5.73e-04
2026-07-17 22:18:29 transreid.train INFO: Epoch[43] Iter[60/227] Loss: 0.358, Pose: 0.471, Acc: 0.982, Student: 1.00, Reliability: 0.850, GateAbs: 2.341e-02, Base Lr: 5.73e-04
2026-07-17 22:18:31 transreid.train INFO: Epoch[43] Iter[80/227] Loss: 0.347, Pose: 0.470, Acc: 0.983, Student: 1.00, Reliability: 0.857, GateAbs: 2.333e-02, Base Lr: 5.73e-04
2026-07-17 22:18:33 transreid.train INFO: Epoch[43] Iter[100/227] Loss: 0.335, Pose: 0.470, Acc: 0.983, Student: 1.00, Reliability: 0.854, GateAbs: 2.335e-02, Base Lr: 5.73e-04
2026-07-17 22:18:36 transreid.train INFO: Epoch[43] Iter[120/227] Loss: 0.327, Pose: 0.470, Acc: 0.984, Student: 1.00, Reliability: 0.860, GateAbs: 2.350e-02, Base Lr: 5.73e-04
2026-07-17 22:18:38 transreid.train INFO: Epoch[43] Iter[140/227] Loss: 0.322, Pose: 0.471, Acc: 0.985, Student: 1.00, Reliability: 0.834, GateAbs: 2.344e-02, Base Lr: 5.73e-04
2026-07-17 22:18:40 transreid.train INFO: Epoch[43] Iter[160/227] Loss: 0.313, Pose: 0.472, Acc: 0.986, Student: 1.00, Reliability: 0.844, GateAbs: 2.344e-02, Base Lr: 5.73e-04
2026-07-17 22:18:42 transreid.train INFO: Epoch[43] Iter[180/227] Loss: 0.304, Pose: 0.472, Acc: 0.986, Student: 1.00, Reliability: 0.850, GateAbs: 2.343e-02, Base Lr: 5.73e-04
2026-07-17 22:18:45 transreid.train INFO: Epoch[43] Iter[200/227] Loss: 0.299, Pose: 0.472, Acc: 0.986, Student: 1.00, Reliability: 0.843, GateAbs: 2.346e-02, Base Lr: 5.73e-04
2026-07-17 22:18:46 transreid.train INFO: Epoch 43 done. Time per epoch: 23.993[s] Speed: 562.8[samples/s]
2026-07-17 22:18:48 transreid.train INFO: Epoch[44] Iter[20/227] Loss: 0.341, Pose: 0.462, Acc: 0.978, Student: 1.00, Reliability: 0.856, GateAbs: 2.348e-02, Base Lr: 5.63e-04
2026-07-17 22:18:51 transreid.train INFO: Epoch[44] Iter[40/227] Loss: 0.334, Pose: 0.468, Acc: 0.981, Student: 1.00, Reliability: 0.854, GateAbs: 2.345e-02, Base Lr: 5.63e-04
2026-07-17 22:18:53 transreid.train INFO: Epoch[44] Iter[60/227] Loss: 0.335, Pose: 0.467, Acc: 0.982, Student: 1.00, Reliability: 0.845, GateAbs: 2.362e-02, Base Lr: 5.63e-04
2026-07-17 22:18:55 transreid.train INFO: Epoch[44] Iter[80/227] Loss: 0.336, Pose: 0.468, Acc: 0.984, Student: 1.00, Reliability: 0.818, GateAbs: 2.370e-02, Base Lr: 5.63e-04
2026-07-17 22:18:57 transreid.train INFO: Epoch[44] Iter[100/227] Loss: 0.325, Pose: 0.470, Acc: 0.985, Student: 1.00, Reliability: 0.829, GateAbs: 2.345e-02, Base Lr: 5.63e-04
2026-07-17 22:19:00 transreid.train INFO: Epoch[44] Iter[120/227] Loss: 0.325, Pose: 0.469, Acc: 0.986, Student: 1.00, Reliability: 0.835, GateAbs: 2.343e-02, Base Lr: 5.63e-04
2026-07-17 22:19:02 transreid.train INFO: Epoch[44] Iter[140/227] Loss: 0.314, Pose: 0.469, Acc: 0.987, Student: 1.00, Reliability: 0.829, GateAbs: 2.358e-02, Base Lr: 5.63e-04
2026-07-17 22:19:04 transreid.train INFO: Epoch[44] Iter[160/227] Loss: 0.308, Pose: 0.469, Acc: 0.987, Student: 1.00, Reliability: 0.841, GateAbs: 2.367e-02, Base Lr: 5.63e-04
2026-07-17 22:19:06 transreid.train INFO: Epoch[44] Iter[180/227] Loss: 0.302, Pose: 0.470, Acc: 0.987, Student: 1.00, Reliability: 0.824, GateAbs: 2.353e-02, Base Lr: 5.63e-04
2026-07-17 22:19:09 transreid.train INFO: Epoch[44] Iter[200/227] Loss: 0.292, Pose: 0.471, Acc: 0.987, Student: 1.00, Reliability: 0.838, GateAbs: 2.360e-02, Base Lr: 5.63e-04
2026-07-17 22:19:10 transreid.train INFO: Epoch 44 done. Time per epoch: 24.100[s] Speed: 563.0[samples/s]
2026-07-17 22:19:12 transreid.train INFO: Epoch[45] Iter[20/227] Loss: 0.310, Pose: 0.466, Acc: 0.982, Student: 1.00, Reliability: 0.836, GateAbs: 2.361e-02, Base Lr: 5.54e-04
2026-07-17 22:19:15 transreid.train INFO: Epoch[45] Iter[40/227] Loss: 0.306, Pose: 0.467, Acc: 0.987, Student: 1.00, Reliability: 0.852, GateAbs: 2.345e-02, Base Lr: 5.54e-04
2026-07-17 22:19:17 transreid.train INFO: Epoch[45] Iter[60/227] Loss: 0.299, Pose: 0.469, Acc: 0.987, Student: 1.00, Reliability: 0.848, GateAbs: 2.349e-02, Base Lr: 5.54e-04
2026-07-17 22:19:19 transreid.train INFO: Epoch[45] Iter[80/227] Loss: 0.299, Pose: 0.468, Acc: 0.989, Student: 1.00, Reliability: 0.840, GateAbs: 2.342e-02, Base Lr: 5.54e-04
2026-07-17 22:19:21 transreid.train INFO: Epoch[45] Iter[100/227] Loss: 0.296, Pose: 0.469, Acc: 0.989, Student: 1.00, Reliability: 0.840, GateAbs: 2.357e-02, Base Lr: 5.54e-04
2026-07-17 22:19:24 transreid.train INFO: Epoch[45] Iter[120/227] Loss: 0.289, Pose: 0.469, Acc: 0.990, Student: 1.00, Reliability: 0.853, GateAbs: 2.370e-02, Base Lr: 5.54e-04
2026-07-17 22:19:26 transreid.train INFO: Epoch[45] Iter[140/227] Loss: 0.285, Pose: 0.469, Acc: 0.990, Student: 1.00, Reliability: 0.837, GateAbs: 2.363e-02, Base Lr: 5.54e-04
2026-07-17 22:19:28 transreid.train INFO: Epoch[45] Iter[160/227] Loss: 0.280, Pose: 0.469, Acc: 0.990, Student: 1.00, Reliability: 0.851, GateAbs: 2.344e-02, Base Lr: 5.54e-04
2026-07-17 22:19:30 transreid.train INFO: Epoch[45] Iter[180/227] Loss: 0.272, Pose: 0.470, Acc: 0.990, Student: 1.00, Reliability: 0.836, GateAbs: 2.348e-02, Base Lr: 5.54e-04
2026-07-17 22:19:33 transreid.train INFO: Epoch[45] Iter[200/227] Loss: 0.265, Pose: 0.471, Acc: 0.990, Student: 1.00, Reliability: 0.863, GateAbs: 2.366e-02, Base Lr: 5.54e-04
2026-07-17 22:19:34 transreid.train INFO: Epoch 45 done. Time per epoch: 23.996[s] Speed: 562.8[samples/s]
2026-07-17 22:19:36 transreid.train INFO: Epoch[46] Iter[20/227] Loss: 0.327, Pose: 0.465, Acc: 0.987, Student: 1.00, Reliability: 0.860, GateAbs: 2.356e-02, Base Lr: 5.44e-04
2026-07-17 22:19:39 transreid.train INFO: Epoch[46] Iter[40/227] Loss: 0.317, Pose: 0.465, Acc: 0.989, Student: 1.00, Reliability: 0.859, GateAbs: 2.369e-02, Base Lr: 5.44e-04
2026-07-17 22:19:41 transreid.train INFO: Epoch[46] Iter[60/227] Loss: 0.293, Pose: 0.469, Acc: 0.991, Student: 1.00, Reliability: 0.823, GateAbs: 2.347e-02, Base Lr: 5.44e-04
2026-07-17 22:19:43 transreid.train INFO: Epoch[46] Iter[80/227] Loss: 0.288, Pose: 0.470, Acc: 0.989, Student: 1.00, Reliability: 0.853, GateAbs: 2.352e-02, Base Lr: 5.44e-04
2026-07-17 22:19:45 transreid.train INFO: Epoch[46] Iter[100/227] Loss: 0.279, Pose: 0.470, Acc: 0.990, Student: 1.00, Reliability: 0.849, GateAbs: 2.370e-02, Base Lr: 5.44e-04
2026-07-17 22:19:48 transreid.train INFO: Epoch[46] Iter[120/227] Loss: 0.272, Pose: 0.470, Acc: 0.991, Student: 1.00, Reliability: 0.838, GateAbs: 2.362e-02, Base Lr: 5.44e-04
2026-07-17 22:19:50 transreid.train INFO: Epoch[46] Iter[140/227] Loss: 0.261, Pose: 0.469, Acc: 0.991, Student: 1.00, Reliability: 0.868, GateAbs: 2.362e-02, Base Lr: 5.44e-04
2026-07-17 22:19:52 transreid.train INFO: Epoch[46] Iter[160/227] Loss: 0.262, Pose: 0.470, Acc: 0.991, Student: 1.00, Reliability: 0.844, GateAbs: 2.364e-02, Base Lr: 5.44e-04
2026-07-17 22:19:54 transreid.train INFO: Epoch[46] Iter[180/227] Loss: 0.256, Pose: 0.470, Acc: 0.991, Student: 1.00, Reliability: 0.857, GateAbs: 2.362e-02, Base Lr: 5.44e-04
2026-07-17 22:19:57 transreid.train INFO: Epoch[46] Iter[200/227] Loss: 0.252, Pose: 0.470, Acc: 0.991, Student: 1.00, Reliability: 0.857, GateAbs: 2.364e-02, Base Lr: 5.44e-04
2026-07-17 22:19:58 transreid.train INFO: Epoch 46 done. Time per epoch: 24.032[s] Speed: 561.9[samples/s]
2026-07-17 22:20:00 transreid.train INFO: Epoch[47] Iter[20/227] Loss: 0.255, Pose: 0.463, Acc: 0.989, Student: 1.00, Reliability: 0.838, GateAbs: 2.372e-02, Base Lr: 5.34e-04
2026-07-17 22:20:03 transreid.train INFO: Epoch[47] Iter[40/227] Loss: 0.254, Pose: 0.462, Acc: 0.992, Student: 1.00, Reliability: 0.854, GateAbs: 2.381e-02, Base Lr: 5.34e-04
2026-07-17 22:20:05 transreid.train INFO: Epoch[47] Iter[60/227] Loss: 0.255, Pose: 0.463, Acc: 0.991, Student: 1.00, Reliability: 0.844, GateAbs: 2.379e-02, Base Lr: 5.34e-04
2026-07-17 22:20:07 transreid.train INFO: Epoch[47] Iter[80/227] Loss: 0.248, Pose: 0.465, Acc: 0.992, Student: 1.00, Reliability: 0.843, GateAbs: 2.378e-02, Base Lr: 5.34e-04
2026-07-17 22:20:09 transreid.train INFO: Epoch[47] Iter[100/227] Loss: 0.245, Pose: 0.465, Acc: 0.991, Student: 1.00, Reliability: 0.860, GateAbs: 2.370e-02, Base Lr: 5.34e-04
2026-07-17 22:20:12 transreid.train INFO: Epoch[47] Iter[120/227] Loss: 0.242, Pose: 0.466, Acc: 0.991, Student: 1.00, Reliability: 0.843, GateAbs: 2.369e-02, Base Lr: 5.34e-04
2026-07-17 22:20:14 transreid.train INFO: Epoch[47] Iter[140/227] Loss: 0.240, Pose: 0.467, Acc: 0.991, Student: 1.00, Reliability: 0.834, GateAbs: 2.367e-02, Base Lr: 5.34e-04
2026-07-17 22:20:16 transreid.train INFO: Epoch[47] Iter[160/227] Loss: 0.237, Pose: 0.467, Acc: 0.991, Student: 1.00, Reliability: 0.838, GateAbs: 2.364e-02, Base Lr: 5.34e-04
2026-07-17 22:20:18 transreid.train INFO: Epoch[47] Iter[180/227] Loss: 0.235, Pose: 0.469, Acc: 0.991, Student: 1.00, Reliability: 0.837, GateAbs: 2.378e-02, Base Lr: 5.34e-04
2026-07-17 22:20:21 transreid.train INFO: Epoch[47] Iter[200/227] Loss: 0.230, Pose: 0.469, Acc: 0.991, Student: 1.00, Reliability: 0.849, GateAbs: 2.373e-02, Base Lr: 5.34e-04
2026-07-17 22:20:22 transreid.train INFO: Epoch 47 done. Time per epoch: 24.101[s] Speed: 563.0[samples/s]
2026-07-17 22:20:25 transreid.train INFO: Epoch[48] Iter[20/227] Loss: 0.254, Pose: 0.466, Acc: 0.993, Student: 1.00, Reliability: 0.859, GateAbs: 2.378e-02, Base Lr: 5.24e-04
2026-07-17 22:20:27 transreid.train INFO: Epoch[48] Iter[40/227] Loss: 0.259, Pose: 0.466, Acc: 0.989, Student: 1.00, Reliability: 0.864, GateAbs: 2.373e-02, Base Lr: 5.24e-04
2026-07-17 22:20:29 transreid.train INFO: Epoch[48] Iter[60/227] Loss: 0.253, Pose: 0.466, Acc: 0.990, Student: 1.00, Reliability: 0.841, GateAbs: 2.375e-02, Base Lr: 5.24e-04
2026-07-17 22:20:31 transreid.train INFO: Epoch[48] Iter[80/227] Loss: 0.253, Pose: 0.468, Acc: 0.991, Student: 1.00, Reliability: 0.841, GateAbs: 2.366e-02, Base Lr: 5.24e-04
2026-07-17 22:20:34 transreid.train INFO: Epoch[48] Iter[100/227] Loss: 0.247, Pose: 0.468, Acc: 0.991, Student: 1.00, Reliability: 0.828, GateAbs: 2.360e-02, Base Lr: 5.24e-04
2026-07-17 22:20:36 transreid.train INFO: Epoch[48] Iter[120/227] Loss: 0.253, Pose: 0.469, Acc: 0.991, Student: 1.00, Reliability: 0.839, GateAbs: 2.374e-02, Base Lr: 5.24e-04
2026-07-17 22:20:38 transreid.train INFO: Epoch[48] Iter[140/227] Loss: 0.247, Pose: 0.469, Acc: 0.991, Student: 1.00, Reliability: 0.857, GateAbs: 2.389e-02, Base Lr: 5.24e-04
2026-07-17 22:20:40 transreid.train INFO: Epoch[48] Iter[160/227] Loss: 0.240, Pose: 0.470, Acc: 0.992, Student: 1.00, Reliability: 0.850, GateAbs: 2.354e-02, Base Lr: 5.24e-04
2026-07-17 22:20:43 transreid.train INFO: Epoch[48] Iter[180/227] Loss: 0.239, Pose: 0.469, Acc: 0.991, Student: 1.00, Reliability: 0.844, GateAbs: 2.374e-02, Base Lr: 5.24e-04
2026-07-17 22:20:45 transreid.train INFO: Epoch[48] Iter[200/227] Loss: 0.234, Pose: 0.469, Acc: 0.992, Student: 1.00, Reliability: 0.823, GateAbs: 2.374e-02, Base Lr: 5.24e-04
2026-07-17 22:20:46 transreid.train INFO: Epoch 48 done. Time per epoch: 24.004[s] Speed: 562.6[samples/s]
2026-07-17 22:20:49 transreid.train INFO: Epoch[49] Iter[20/227] Loss: 0.231, Pose: 0.468, Acc: 0.996, Student: 1.00, Reliability: 0.844, GateAbs: 2.378e-02, Base Lr: 5.14e-04
2026-07-17 22:20:51 transreid.train INFO: Epoch[49] Iter[40/227] Loss: 0.225, Pose: 0.468, Acc: 0.994, Student: 1.00, Reliability: 0.838, GateAbs: 2.375e-02, Base Lr: 5.14e-04
2026-07-17 22:20:53 transreid.train INFO: Epoch[49] Iter[60/227] Loss: 0.228, Pose: 0.466, Acc: 0.993, Student: 1.00, Reliability: 0.860, GateAbs: 2.360e-02, Base Lr: 5.14e-04
2026-07-17 22:20:55 transreid.train INFO: Epoch[49] Iter[80/227] Loss: 0.233, Pose: 0.467, Acc: 0.991, Student: 1.00, Reliability: 0.857, GateAbs: 2.372e-02, Base Lr: 5.14e-04
2026-07-17 22:20:58 transreid.train INFO: Epoch[49] Iter[100/227] Loss: 0.234, Pose: 0.467, Acc: 0.991, Student: 1.00, Reliability: 0.853, GateAbs: 2.368e-02, Base Lr: 5.14e-04
2026-07-17 22:21:00 transreid.train INFO: Epoch[49] Iter[120/227] Loss: 0.233, Pose: 0.467, Acc: 0.991, Student: 1.00, Reliability: 0.858, GateAbs: 2.380e-02, Base Lr: 5.14e-04
2026-07-17 22:21:02 transreid.train INFO: Epoch[49] Iter[140/227] Loss: 0.227, Pose: 0.466, Acc: 0.992, Student: 1.00, Reliability: 0.851, GateAbs: 2.376e-02, Base Lr: 5.14e-04
2026-07-17 22:21:04 transreid.train INFO: Epoch[49] Iter[160/227] Loss: 0.220, Pose: 0.467, Acc: 0.992, Student: 1.00, Reliability: 0.832, GateAbs: 2.369e-02, Base Lr: 5.14e-04
2026-07-17 22:21:07 transreid.train INFO: Epoch[49] Iter[180/227] Loss: 0.217, Pose: 0.468, Acc: 0.992, Student: 1.00, Reliability: 0.849, GateAbs: 2.361e-02, Base Lr: 5.14e-04
2026-07-17 22:21:09 transreid.train INFO: Epoch[49] Iter[200/227] Loss: 0.211, Pose: 0.469, Acc: 0.993, Student: 1.00, Reliability: 0.843, GateAbs: 2.364e-02, Base Lr: 5.14e-04
2026-07-17 22:21:10 transreid.train INFO: Epoch 49 done. Time per epoch: 24.110[s] Speed: 562.8[samples/s]
2026-07-17 22:21:13 transreid.train INFO: Epoch[50] Iter[20/227] Loss: 0.273, Pose: 0.465, Acc: 0.987, Student: 1.00, Reliability: 0.854, GateAbs: 2.364e-02, Base Lr: 5.04e-04
2026-07-17 22:21:15 transreid.train INFO: Epoch[50] Iter[40/227] Loss: 0.248, Pose: 0.464, Acc: 0.991, Student: 1.00, Reliability: 0.839, GateAbs: 2.380e-02, Base Lr: 5.04e-04
2026-07-17 22:21:17 transreid.train INFO: Epoch[50] Iter[60/227] Loss: 0.232, Pose: 0.465, Acc: 0.992, Student: 1.00, Reliability: 0.852, GateAbs: 2.378e-02, Base Lr: 5.04e-04
2026-07-17 22:21:19 transreid.train INFO: Epoch[50] Iter[80/227] Loss: 0.237, Pose: 0.465, Acc: 0.992, Student: 1.00, Reliability: 0.841, GateAbs: 2.365e-02, Base Lr: 5.04e-04
2026-07-17 22:21:22 transreid.train INFO: Epoch[50] Iter[100/227] Loss: 0.242, Pose: 0.465, Acc: 0.991, Student: 1.00, Reliability: 0.855, GateAbs: 2.361e-02, Base Lr: 5.04e-04
2026-07-17 22:21:24 transreid.train INFO: Epoch[50] Iter[120/227] Loss: 0.237, Pose: 0.466, Acc: 0.990, Student: 1.00, Reliability: 0.857, GateAbs: 2.379e-02, Base Lr: 5.04e-04
2026-07-17 22:21:26 transreid.train INFO: Epoch[50] Iter[140/227] Loss: 0.236, Pose: 0.467, Acc: 0.991, Student: 1.00, Reliability: 0.833, GateAbs: 2.377e-02, Base Lr: 5.04e-04
2026-07-17 22:21:28 transreid.train INFO: Epoch[50] Iter[160/227] Loss: 0.232, Pose: 0.466, Acc: 0.991, Student: 1.00, Reliability: 0.850, GateAbs: 2.369e-02, Base Lr: 5.04e-04
2026-07-17 22:21:31 transreid.train INFO: Epoch[50] Iter[180/227] Loss: 0.229, Pose: 0.467, Acc: 0.991, Student: 1.00, Reliability: 0.836, GateAbs: 2.376e-02, Base Lr: 5.04e-04
2026-07-17 22:21:33 transreid.train INFO: Epoch[50] Iter[200/227] Loss: 0.223, Pose: 0.468, Acc: 0.992, Student: 1.00, Reliability: 0.830, GateAbs: 2.371e-02, Base Lr: 5.04e-04
2026-07-17 22:21:34 transreid.train INFO: Epoch 50 done. Time per epoch: 24.113[s] Speed: 562.7[samples/s]
The test feature is normalized
=> Computing DistMat with euclidean_distance
2026-07-17 22:21:57 transreid.train INFO: Validation Results - Epoch: 50
2026-07-17 22:21:57 transreid.train INFO: mAP: 52.1%
2026-07-17 22:21:57 transreid.train INFO: CMC curve, Rank-1  :62.8%
2026-07-17 22:21:57 transreid.train INFO: CMC curve, Rank-5  :77.0%
2026-07-17 22:21:57 transreid.train INFO: CMC curve, Rank-10 :81.9%
2026-07-17 22:22:00 transreid.train INFO: Epoch[51] Iter[20/227] Loss: 0.222, Pose: 0.471, Acc: 0.996, Student: 1.00, Reliability: 0.846, GateAbs: 2.372e-02, Base Lr: 4.94e-04
2026-07-17 22:22:02 transreid.train INFO: Epoch[51] Iter[40/227] Loss: 0.229, Pose: 0.468, Acc: 0.992, Student: 1.00, Reliability: 0.841, GateAbs: 2.371e-02, Base Lr: 4.94e-04
2026-07-17 22:22:04 transreid.train INFO: Epoch[51] Iter[60/227] Loss: 0.234, Pose: 0.469, Acc: 0.992, Student: 1.00, Reliability: 0.854, GateAbs: 2.369e-02, Base Lr: 4.94e-04
2026-07-17 22:22:06 transreid.train INFO: Epoch[51] Iter[80/227] Loss: 0.233, Pose: 0.467, Acc: 0.991, Student: 1.00, Reliability: 0.854, GateAbs: 2.373e-02, Base Lr: 4.94e-04
2026-07-17 22:22:09 transreid.train INFO: Epoch[51] Iter[100/227] Loss: 0.228, Pose: 0.466, Acc: 0.991, Student: 1.00, Reliability: 0.849, GateAbs: 2.390e-02, Base Lr: 4.94e-04
2026-07-17 22:22:11 transreid.train INFO: Epoch[51] Iter[120/227] Loss: 0.228, Pose: 0.466, Acc: 0.991, Student: 1.00, Reliability: 0.832, GateAbs: 2.367e-02, Base Lr: 4.94e-04
2026-07-17 22:22:13 transreid.train INFO: Epoch[51] Iter[140/227] Loss: 0.225, Pose: 0.465, Acc: 0.991, Student: 1.00, Reliability: 0.852, GateAbs: 2.377e-02, Base Lr: 4.94e-04
2026-07-17 22:22:15 transreid.train INFO: Epoch[51] Iter[160/227] Loss: 0.224, Pose: 0.466, Acc: 0.991, Student: 1.00, Reliability: 0.831, GateAbs: 2.386e-02, Base Lr: 4.94e-04
2026-07-17 22:22:18 transreid.train INFO: Epoch[51] Iter[180/227] Loss: 0.222, Pose: 0.467, Acc: 0.991, Student: 1.00, Reliability: 0.847, GateAbs: 2.364e-02, Base Lr: 4.94e-04
2026-07-17 22:22:20 transreid.train INFO: Epoch[51] Iter[200/227] Loss: 0.215, Pose: 0.468, Acc: 0.992, Student: 1.00, Reliability: 0.839, GateAbs: 2.382e-02, Base Lr: 4.94e-04
2026-07-17 22:22:21 transreid.train INFO: Epoch 51 done. Time per epoch: 24.130[s] Speed: 562.3[samples/s]
2026-07-17 22:22:24 transreid.train INFO: Epoch[52] Iter[20/227] Loss: 0.253, Pose: 0.467, Acc: 0.989, Student: 1.00, Reliability: 0.860, GateAbs: 2.375e-02, Base Lr: 4.84e-04
2026-07-17 22:22:26 transreid.train INFO: Epoch[52] Iter[40/227] Loss: 0.250, Pose: 0.465, Acc: 0.992, Student: 1.00, Reliability: 0.856, GateAbs: 2.379e-02, Base Lr: 4.84e-04
2026-07-17 22:22:28 transreid.train INFO: Epoch[52] Iter[60/227] Loss: 0.243, Pose: 0.466, Acc: 0.992, Student: 1.00, Reliability: 0.849, GateAbs: 2.362e-02, Base Lr: 4.84e-04
2026-07-17 22:22:30 transreid.train INFO: Epoch[52] Iter[80/227] Loss: 0.232, Pose: 0.465, Acc: 0.992, Student: 1.00, Reliability: 0.834, GateAbs: 2.373e-02, Base Lr: 4.84e-04
2026-07-17 22:22:33 transreid.train INFO: Epoch[52] Iter[100/227] Loss: 0.227, Pose: 0.466, Acc: 0.993, Student: 1.00, Reliability: 0.843, GateAbs: 2.353e-02, Base Lr: 4.84e-04
2026-07-17 22:22:35 transreid.train INFO: Epoch[52] Iter[120/227] Loss: 0.224, Pose: 0.465, Acc: 0.993, Student: 1.00, Reliability: 0.855, GateAbs: 2.371e-02, Base Lr: 4.84e-04
2026-07-17 22:22:37 transreid.train INFO: Epoch[52] Iter[140/227] Loss: 0.217, Pose: 0.465, Acc: 0.993, Student: 1.00, Reliability: 0.833, GateAbs: 2.360e-02, Base Lr: 4.84e-04
2026-07-17 22:22:39 transreid.train INFO: Epoch[52] Iter[160/227] Loss: 0.211, Pose: 0.466, Acc: 0.994, Student: 1.00, Reliability: 0.852, GateAbs: 2.374e-02, Base Lr: 4.84e-04
2026-07-17 22:22:42 transreid.train INFO: Epoch[52] Iter[180/227] Loss: 0.208, Pose: 0.466, Acc: 0.994, Student: 1.00, Reliability: 0.854, GateAbs: 2.378e-02, Base Lr: 4.84e-04
2026-07-17 22:22:44 transreid.train INFO: Epoch[52] Iter[200/227] Loss: 0.204, Pose: 0.467, Acc: 0.994, Student: 1.00, Reliability: 0.833, GateAbs: 2.383e-02, Base Lr: 4.84e-04
2026-07-17 22:22:45 transreid.train INFO: Epoch 52 done. Time per epoch: 24.074[s] Speed: 563.6[samples/s]
2026-07-17 22:22:48 transreid.train INFO: Epoch[53] Iter[20/227] Loss: 0.223, Pose: 0.467, Acc: 0.991, Student: 1.00, Reliability: 0.858, GateAbs: 2.375e-02, Base Lr: 4.74e-04
2026-07-17 22:22:50 transreid.train INFO: Epoch[53] Iter[40/227] Loss: 0.228, Pose: 0.469, Acc: 0.992, Student: 1.00, Reliability: 0.834, GateAbs: 2.370e-02, Base Lr: 4.74e-04
2026-07-17 22:22:52 transreid.train INFO: Epoch[53] Iter[60/227] Loss: 0.232, Pose: 0.468, Acc: 0.991, Student: 1.00, Reliability: 0.845, GateAbs: 2.384e-02, Base Lr: 4.74e-04
2026-07-17 22:22:55 transreid.train INFO: Epoch[53] Iter[80/227] Loss: 0.225, Pose: 0.466, Acc: 0.991, Student: 1.00, Reliability: 0.850, GateAbs: 2.372e-02, Base Lr: 4.74e-04
2026-07-17 22:22:57 transreid.train INFO: Epoch[53] Iter[100/227] Loss: 0.219, Pose: 0.465, Acc: 0.992, Student: 1.00, Reliability: 0.838, GateAbs: 2.373e-02, Base Lr: 4.74e-04
2026-07-17 22:22:59 transreid.train INFO: Epoch[53] Iter[120/227] Loss: 0.214, Pose: 0.466, Acc: 0.992, Student: 1.00, Reliability: 0.835, GateAbs: 2.367e-02, Base Lr: 4.74e-04
2026-07-17 22:23:01 transreid.train INFO: Epoch[53] Iter[140/227] Loss: 0.211, Pose: 0.467, Acc: 0.992, Student: 1.00, Reliability: 0.851, GateAbs: 2.382e-02, Base Lr: 4.74e-04
2026-07-17 22:23:04 transreid.train INFO: Epoch[53] Iter[160/227] Loss: 0.212, Pose: 0.466, Acc: 0.992, Student: 1.00, Reliability: 0.850, GateAbs: 2.382e-02, Base Lr: 4.74e-04
2026-07-17 22:23:06 transreid.train INFO: Epoch[53] Iter[180/227] Loss: 0.210, Pose: 0.467, Acc: 0.992, Student: 1.00, Reliability: 0.836, GateAbs: 2.377e-02, Base Lr: 4.74e-04
2026-07-17 22:23:08 transreid.train INFO: Epoch[53] Iter[200/227] Loss: 0.205, Pose: 0.467, Acc: 0.992, Student: 1.00, Reliability: 0.828, GateAbs: 2.388e-02, Base Lr: 4.74e-04
2026-07-17 22:23:09 transreid.train INFO: Epoch 53 done. Time per epoch: 24.095[s] Speed: 563.1[samples/s]
2026-07-17 22:23:12 transreid.train INFO: Epoch[54] Iter[20/227] Loss: 0.292, Pose: 0.462, Acc: 0.990, Student: 1.00, Reliability: 0.836, GateAbs: 2.376e-02, Base Lr: 4.63e-04
2026-07-17 22:23:14 transreid.train INFO: Epoch[54] Iter[40/227] Loss: 0.262, Pose: 0.465, Acc: 0.993, Student: 1.00, Reliability: 0.847, GateAbs: 2.372e-02, Base Lr: 4.63e-04
2026-07-17 22:23:16 transreid.train INFO: Epoch[54] Iter[60/227] Loss: 0.241, Pose: 0.464, Acc: 0.993, Student: 1.00, Reliability: 0.843, GateAbs: 2.384e-02, Base Lr: 4.63e-04
2026-07-17 22:23:19 transreid.train INFO: Epoch[54] Iter[80/227] Loss: 0.228, Pose: 0.465, Acc: 0.994, Student: 1.00, Reliability: 0.847, GateAbs: 2.379e-02, Base Lr: 4.63e-04
2026-07-17 22:23:21 transreid.train INFO: Epoch[54] Iter[100/227] Loss: 0.224, Pose: 0.466, Acc: 0.993, Student: 1.00, Reliability: 0.821, GateAbs: 2.383e-02, Base Lr: 4.63e-04
2026-07-17 22:23:23 transreid.train INFO: Epoch[54] Iter[120/227] Loss: 0.221, Pose: 0.466, Acc: 0.993, Student: 1.00, Reliability: 0.855, GateAbs: 2.399e-02, Base Lr: 4.63e-04
2026-07-17 22:23:25 transreid.train INFO: Epoch[54] Iter[140/227] Loss: 0.217, Pose: 0.466, Acc: 0.993, Student: 1.00, Reliability: 0.838, GateAbs: 2.384e-02, Base Lr: 4.63e-04
2026-07-17 22:23:28 transreid.train INFO: Epoch[54] Iter[160/227] Loss: 0.211, Pose: 0.466, Acc: 0.994, Student: 1.00, Reliability: 0.858, GateAbs: 2.384e-02, Base Lr: 4.63e-04
2026-07-17 22:23:30 transreid.train INFO: Epoch[54] Iter[180/227] Loss: 0.209, Pose: 0.466, Acc: 0.993, Student: 1.00, Reliability: 0.841, GateAbs: 2.386e-02, Base Lr: 4.63e-04
2026-07-17 22:23:32 transreid.train INFO: Epoch[54] Iter[200/227] Loss: 0.205, Pose: 0.467, Acc: 0.994, Student: 1.00, Reliability: 0.835, GateAbs: 2.391e-02, Base Lr: 4.63e-04
2026-07-17 22:23:33 transreid.train INFO: Epoch 54 done. Time per epoch: 23.973[s] Speed: 563.3[samples/s]
2026-07-17 22:23:36 transreid.train INFO: Epoch[55] Iter[20/227] Loss: 0.220, Pose: 0.467, Acc: 0.991, Student: 1.00, Reliability: 0.856, GateAbs: 2.393e-02, Base Lr: 4.53e-04
2026-07-17 22:23:38 transreid.train INFO: Epoch[55] Iter[40/227] Loss: 0.208, Pose: 0.464, Acc: 0.993, Student: 1.00, Reliability: 0.844, GateAbs: 2.396e-02, Base Lr: 4.53e-04
2026-07-17 22:23:40 transreid.train INFO: Epoch[55] Iter[60/227] Loss: 0.206, Pose: 0.466, Acc: 0.993, Student: 1.00, Reliability: 0.853, GateAbs: 2.390e-02, Base Lr: 4.53e-04
2026-07-17 22:23:43 transreid.train INFO: Epoch[55] Iter[80/227] Loss: 0.207, Pose: 0.466, Acc: 0.994, Student: 1.00, Reliability: 0.843, GateAbs: 2.396e-02, Base Lr: 4.53e-04
2026-07-17 22:23:45 transreid.train INFO: Epoch[55] Iter[100/227] Loss: 0.203, Pose: 0.465, Acc: 0.994, Student: 1.00, Reliability: 0.850, GateAbs: 2.379e-02, Base Lr: 4.53e-04
2026-07-17 22:23:47 transreid.train INFO: Epoch[55] Iter[120/227] Loss: 0.202, Pose: 0.466, Acc: 0.994, Student: 1.00, Reliability: 0.847, GateAbs: 2.372e-02, Base Lr: 4.53e-04
2026-07-17 22:23:49 transreid.train INFO: Epoch[55] Iter[140/227] Loss: 0.198, Pose: 0.466, Acc: 0.994, Student: 1.00, Reliability: 0.836, GateAbs: 2.383e-02, Base Lr: 4.53e-04
2026-07-17 22:23:52 transreid.train INFO: Epoch[55] Iter[160/227] Loss: 0.196, Pose: 0.466, Acc: 0.994, Student: 1.00, Reliability: 0.839, GateAbs: 2.390e-02, Base Lr: 4.53e-04
2026-07-17 22:23:54 transreid.train INFO: Epoch[55] Iter[180/227] Loss: 0.191, Pose: 0.466, Acc: 0.994, Student: 1.00, Reliability: 0.840, GateAbs: 2.384e-02, Base Lr: 4.53e-04
2026-07-17 22:23:56 transreid.train INFO: Epoch[55] Iter[200/227] Loss: 0.186, Pose: 0.467, Acc: 0.994, Student: 1.00, Reliability: 0.829, GateAbs: 2.395e-02, Base Lr: 4.53e-04
2026-07-17 22:23:57 transreid.train INFO: Epoch 55 done. Time per epoch: 24.088[s] Speed: 563.3[samples/s]
2026-07-17 22:24:00 transreid.train INFO: Epoch[56] Iter[20/227] Loss: 0.205, Pose: 0.463, Acc: 0.991, Student: 1.00, Reliability: 0.854, GateAbs: 2.385e-02, Base Lr: 4.43e-04
2026-07-17 22:24:02 transreid.train INFO: Epoch[56] Iter[40/227] Loss: 0.209, Pose: 0.464, Acc: 0.993, Student: 1.00, Reliability: 0.843, GateAbs: 2.397e-02, Base Lr: 4.43e-04
2026-07-17 22:24:04 transreid.train INFO: Epoch[56] Iter[60/227] Loss: 0.215, Pose: 0.466, Acc: 0.993, Student: 1.00, Reliability: 0.844, GateAbs: 2.402e-02, Base Lr: 4.43e-04
2026-07-17 22:24:07 transreid.train INFO: Epoch[56] Iter[80/227] Loss: 0.212, Pose: 0.466, Acc: 0.993, Student: 1.00, Reliability: 0.827, GateAbs: 2.379e-02, Base Lr: 4.43e-04
2026-07-17 22:24:09 transreid.train INFO: Epoch[56] Iter[100/227] Loss: 0.210, Pose: 0.468, Acc: 0.993, Student: 1.00, Reliability: 0.840, GateAbs: 2.382e-02, Base Lr: 4.43e-04
2026-07-17 22:24:11 transreid.train INFO: Epoch[56] Iter[120/227] Loss: 0.202, Pose: 0.467, Acc: 0.993, Student: 1.00, Reliability: 0.850, GateAbs: 2.389e-02, Base Lr: 4.43e-04
2026-07-17 22:24:13 transreid.train INFO: Epoch[56] Iter[140/227] Loss: 0.195, Pose: 0.467, Acc: 0.993, Student: 1.00, Reliability: 0.838, GateAbs: 2.377e-02, Base Lr: 4.43e-04
2026-07-17 22:24:16 transreid.train INFO: Epoch[56] Iter[160/227] Loss: 0.190, Pose: 0.466, Acc: 0.993, Student: 1.00, Reliability: 0.845, GateAbs: 2.378e-02, Base Lr: 4.43e-04
2026-07-17 22:24:18 transreid.train INFO: Epoch[56] Iter[180/227] Loss: 0.184, Pose: 0.466, Acc: 0.994, Student: 1.00, Reliability: 0.853, GateAbs: 2.381e-02, Base Lr: 4.43e-04
2026-07-17 22:24:20 transreid.train INFO: Epoch[56] Iter[200/227] Loss: 0.179, Pose: 0.466, Acc: 0.994, Student: 1.00, Reliability: 0.832, GateAbs: 2.383e-02, Base Lr: 4.43e-04
2026-07-17 22:24:21 transreid.train INFO: Epoch 56 done. Time per epoch: 23.991[s] Speed: 562.9[samples/s]
2026-07-17 22:24:24 transreid.train INFO: Epoch[57] Iter[20/227] Loss: 0.216, Pose: 0.466, Acc: 0.992, Student: 1.00, Reliability: 0.855, GateAbs: 2.392e-02, Base Lr: 4.32e-04
2026-07-17 22:24:26 transreid.train INFO: Epoch[57] Iter[40/227] Loss: 0.207, Pose: 0.469, Acc: 0.994, Student: 1.00, Reliability: 0.851, GateAbs: 2.391e-02, Base Lr: 4.32e-04
2026-07-17 22:24:28 transreid.train INFO: Epoch[57] Iter[60/227] Loss: 0.204, Pose: 0.467, Acc: 0.993, Student: 1.00, Reliability: 0.867, GateAbs: 2.390e-02, Base Lr: 4.32e-04
2026-07-17 22:24:31 transreid.train INFO: Epoch[57] Iter[80/227] Loss: 0.194, Pose: 0.465, Acc: 0.994, Student: 1.00, Reliability: 0.844, GateAbs: 2.381e-02, Base Lr: 4.32e-04
2026-07-17 22:24:33 transreid.train INFO: Epoch[57] Iter[100/227] Loss: 0.191, Pose: 0.465, Acc: 0.993, Student: 1.00, Reliability: 0.846, GateAbs: 2.385e-02, Base Lr: 4.32e-04
2026-07-17 22:24:35 transreid.train INFO: Epoch[57] Iter[120/227] Loss: 0.191, Pose: 0.465, Acc: 0.993, Student: 1.00, Reliability: 0.848, GateAbs: 2.385e-02, Base Lr: 4.32e-04
2026-07-17 22:24:37 transreid.train INFO: Epoch[57] Iter[140/227] Loss: 0.187, Pose: 0.465, Acc: 0.994, Student: 1.00, Reliability: 0.853, GateAbs: 2.392e-02, Base Lr: 4.32e-04
2026-07-17 22:24:40 transreid.train INFO: Epoch[57] Iter[160/227] Loss: 0.183, Pose: 0.465, Acc: 0.995, Student: 1.00, Reliability: 0.845, GateAbs: 2.389e-02, Base Lr: 4.32e-04
2026-07-17 22:24:42 transreid.train INFO: Epoch[57] Iter[180/227] Loss: 0.180, Pose: 0.465, Acc: 0.995, Student: 1.00, Reliability: 0.852, GateAbs: 2.400e-02, Base Lr: 4.32e-04
2026-07-17 22:24:44 transreid.train INFO: Epoch[57] Iter[200/227] Loss: 0.176, Pose: 0.465, Acc: 0.995, Student: 1.00, Reliability: 0.835, GateAbs: 2.406e-02, Base Lr: 4.32e-04
2026-07-17 22:24:46 transreid.train INFO: Epoch 57 done. Time per epoch: 24.206[s] Speed: 563.2[samples/s]
2026-07-17 22:24:48 transreid.train INFO: Epoch[58] Iter[20/227] Loss: 0.207, Pose: 0.469, Acc: 0.994, Student: 1.00, Reliability: 0.847, GateAbs: 2.401e-02, Base Lr: 4.22e-04
2026-07-17 22:24:50 transreid.train INFO: Epoch[58] Iter[40/227] Loss: 0.212, Pose: 0.468, Acc: 0.995, Student: 1.00, Reliability: 0.862, GateAbs: 2.385e-02, Base Lr: 4.22e-04
2026-07-17 22:24:53 transreid.train INFO: Epoch[58] Iter[60/227] Loss: 0.199, Pose: 0.470, Acc: 0.996, Student: 1.00, Reliability: 0.835, GateAbs: 2.402e-02, Base Lr: 4.22e-04
2026-07-17 22:24:55 transreid.train INFO: Epoch[58] Iter[80/227] Loss: 0.198, Pose: 0.469, Acc: 0.995, Student: 1.00, Reliability: 0.848, GateAbs: 2.380e-02, Base Lr: 4.22e-04
2026-07-17 22:24:57 transreid.train INFO: Epoch[58] Iter[100/227] Loss: 0.198, Pose: 0.467, Acc: 0.995, Student: 1.00, Reliability: 0.843, GateAbs: 2.378e-02, Base Lr: 4.22e-04
2026-07-17 22:24:59 transreid.train INFO: Epoch[58] Iter[120/227] Loss: 0.193, Pose: 0.466, Acc: 0.995, Student: 1.00, Reliability: 0.844, GateAbs: 2.411e-02, Base Lr: 4.22e-04
2026-07-17 22:25:02 transreid.train INFO: Epoch[58] Iter[140/227] Loss: 0.191, Pose: 0.465, Acc: 0.995, Student: 1.00, Reliability: 0.860, GateAbs: 2.389e-02, Base Lr: 4.22e-04
2026-07-17 22:25:04 transreid.train INFO: Epoch[58] Iter[160/227] Loss: 0.188, Pose: 0.466, Acc: 0.995, Student: 1.00, Reliability: 0.827, GateAbs: 2.398e-02, Base Lr: 4.22e-04
2026-07-17 22:25:06 transreid.train INFO: Epoch[58] Iter[180/227] Loss: 0.185, Pose: 0.465, Acc: 0.995, Student: 1.00, Reliability: 0.851, GateAbs: 2.399e-02, Base Lr: 4.22e-04
2026-07-17 22:25:08 transreid.train INFO: Epoch[58] Iter[200/227] Loss: 0.181, Pose: 0.466, Acc: 0.995, Student: 1.00, Reliability: 0.844, GateAbs: 2.412e-02, Base Lr: 4.22e-04
2026-07-17 22:25:10 transreid.train INFO: Epoch 58 done. Time per epoch: 24.217[s] Speed: 562.9[samples/s]
2026-07-17 22:25:12 transreid.train INFO: Epoch[59] Iter[20/227] Loss: 0.194, Pose: 0.465, Acc: 0.995, Student: 1.00, Reliability: 0.854, GateAbs: 2.396e-02, Base Lr: 4.11e-04
2026-07-17 22:25:15 transreid.train INFO: Epoch[59] Iter[40/227] Loss: 0.192, Pose: 0.461, Acc: 0.994, Student: 1.00, Reliability: 0.853, GateAbs: 2.382e-02, Base Lr: 4.11e-04
2026-07-17 22:25:17 transreid.train INFO: Epoch[59] Iter[60/227] Loss: 0.193, Pose: 0.462, Acc: 0.993, Student: 1.00, Reliability: 0.851, GateAbs: 2.390e-02, Base Lr: 4.11e-04
2026-07-17 22:25:19 transreid.train INFO: Epoch[59] Iter[80/227] Loss: 0.188, Pose: 0.462, Acc: 0.994, Student: 1.00, Reliability: 0.865, GateAbs: 2.392e-02, Base Lr: 4.11e-04
2026-07-17 22:25:21 transreid.train INFO: Epoch[59] Iter[100/227] Loss: 0.187, Pose: 0.462, Acc: 0.993, Student: 1.00, Reliability: 0.841, GateAbs: 2.388e-02, Base Lr: 4.11e-04
2026-07-17 22:25:24 transreid.train INFO: Epoch[59] Iter[120/227] Loss: 0.185, Pose: 0.462, Acc: 0.993, Student: 1.00, Reliability: 0.849, GateAbs: 2.397e-02, Base Lr: 4.11e-04
2026-07-17 22:25:26 transreid.train INFO: Epoch[59] Iter[140/227] Loss: 0.182, Pose: 0.462, Acc: 0.993, Student: 1.00, Reliability: 0.845, GateAbs: 2.395e-02, Base Lr: 4.11e-04
2026-07-17 22:25:28 transreid.train INFO: Epoch[59] Iter[160/227] Loss: 0.183, Pose: 0.463, Acc: 0.993, Student: 1.00, Reliability: 0.854, GateAbs: 2.394e-02, Base Lr: 4.11e-04
2026-07-17 22:25:30 transreid.train INFO: Epoch[59] Iter[180/227] Loss: 0.182, Pose: 0.464, Acc: 0.993, Student: 1.00, Reliability: 0.855, GateAbs: 2.405e-02, Base Lr: 4.11e-04
2026-07-17 22:25:33 transreid.train INFO: Epoch[59] Iter[200/227] Loss: 0.179, Pose: 0.465, Acc: 0.993, Student: 1.00, Reliability: 0.844, GateAbs: 2.394e-02, Base Lr: 4.11e-04
2026-07-17 22:25:34 transreid.train INFO: Epoch 59 done. Time per epoch: 23.975[s] Speed: 563.3[samples/s]
2026-07-17 22:25:36 transreid.train INFO: Epoch[60] Iter[20/227] Loss: 0.182, Pose: 0.461, Acc: 0.995, Student: 1.00, Reliability: 0.865, GateAbs: 2.392e-02, Base Lr: 4.01e-04
2026-07-17 22:25:39 transreid.train INFO: Epoch[60] Iter[40/227] Loss: 0.189, Pose: 0.464, Acc: 0.993, Student: 1.00, Reliability: 0.857, GateAbs: 2.373e-02, Base Lr: 4.01e-04
2026-07-17 22:25:41 transreid.train INFO: Epoch[60] Iter[60/227] Loss: 0.185, Pose: 0.462, Acc: 0.993, Student: 1.00, Reliability: 0.846, GateAbs: 2.380e-02, Base Lr: 4.01e-04
2026-07-17 22:25:43 transreid.train INFO: Epoch[60] Iter[80/227] Loss: 0.181, Pose: 0.464, Acc: 0.994, Student: 1.00, Reliability: 0.846, GateAbs: 2.388e-02, Base Lr: 4.01e-04
2026-07-17 22:25:45 transreid.train INFO: Epoch[60] Iter[100/227] Loss: 0.184, Pose: 0.464, Acc: 0.994, Student: 1.00, Reliability: 0.823, GateAbs: 2.401e-02, Base Lr: 4.01e-04
2026-07-17 22:25:48 transreid.train INFO: Epoch[60] Iter[120/227] Loss: 0.182, Pose: 0.465, Acc: 0.994, Student: 1.00, Reliability: 0.827, GateAbs: 2.400e-02, Base Lr: 4.01e-04
2026-07-17 22:25:50 transreid.train INFO: Epoch[60] Iter[140/227] Loss: 0.176, Pose: 0.466, Acc: 0.995, Student: 1.00, Reliability: 0.819, GateAbs: 2.384e-02, Base Lr: 4.01e-04
2026-07-17 22:25:52 transreid.train INFO: Epoch[60] Iter[160/227] Loss: 0.173, Pose: 0.466, Acc: 0.995, Student: 1.00, Reliability: 0.841, GateAbs: 2.393e-02, Base Lr: 4.01e-04
2026-07-17 22:25:54 transreid.train INFO: Epoch[60] Iter[180/227] Loss: 0.170, Pose: 0.466, Acc: 0.995, Student: 1.00, Reliability: 0.863, GateAbs: 2.379e-02, Base Lr: 4.01e-04
2026-07-17 22:25:57 transreid.train INFO: Epoch[60] Iter[200/227] Loss: 0.165, Pose: 0.467, Acc: 0.995, Student: 1.00, Reliability: 0.847, GateAbs: 2.404e-02, Base Lr: 4.01e-04
2026-07-17 22:25:58 transreid.train INFO: Epoch 60 done. Time per epoch: 24.102[s] Speed: 562.9[samples/s]
The test feature is normalized
=> Computing DistMat with euclidean_distance
2026-07-17 22:26:21 transreid.train INFO: Validation Results - Epoch: 60
2026-07-17 22:26:21 transreid.train INFO: mAP: 55.1%
2026-07-17 22:26:21 transreid.train INFO: CMC curve, Rank-1  :66.1%
2026-07-17 22:26:21 transreid.train INFO: CMC curve, Rank-5  :79.0%
2026-07-17 22:26:21 transreid.train INFO: CMC curve, Rank-10 :83.3%
2026-07-17 22:26:23 transreid.train INFO: Epoch[61] Iter[20/227] Loss: 0.178, Pose: 0.460, Acc: 0.995, Student: 1.00, Reliability: 0.841, GateAbs: 2.392e-02, Base Lr: 3.90e-04
2026-07-17 22:26:26 transreid.train INFO: Epoch[61] Iter[40/227] Loss: 0.169, Pose: 0.461, Acc: 0.996, Student: 1.00, Reliability: 0.819, GateAbs: 2.366e-02, Base Lr: 3.90e-04
2026-07-17 22:26:28 transreid.train INFO: Epoch[61] Iter[60/227] Loss: 0.170, Pose: 0.461, Acc: 0.996, Student: 1.00, Reliability: 0.862, GateAbs: 2.375e-02, Base Lr: 3.90e-04
2026-07-17 22:26:30 transreid.train INFO: Epoch[61] Iter[80/227] Loss: 0.167, Pose: 0.462, Acc: 0.997, Student: 1.00, Reliability: 0.836, GateAbs: 2.384e-02, Base Lr: 3.90e-04
2026-07-17 22:26:32 transreid.train INFO: Epoch[61] Iter[100/227] Loss: 0.171, Pose: 0.462, Acc: 0.996, Student: 1.00, Reliability: 0.827, GateAbs: 2.386e-02, Base Lr: 3.90e-04
2026-07-17 22:26:35 transreid.train INFO: Epoch[61] Iter[120/227] Loss: 0.171, Pose: 0.464, Acc: 0.996, Student: 1.00, Reliability: 0.854, GateAbs: 2.401e-02, Base Lr: 3.90e-04
2026-07-17 22:26:37 transreid.train INFO: Epoch[61] Iter[140/227] Loss: 0.169, Pose: 0.464, Acc: 0.996, Student: 1.00, Reliability: 0.836, GateAbs: 2.389e-02, Base Lr: 3.90e-04
2026-07-17 22:26:39 transreid.train INFO: Epoch[61] Iter[160/227] Loss: 0.167, Pose: 0.464, Acc: 0.996, Student: 1.00, Reliability: 0.852, GateAbs: 2.376e-02, Base Lr: 3.90e-04
2026-07-17 22:26:41 transreid.train INFO: Epoch[61] Iter[180/227] Loss: 0.166, Pose: 0.464, Acc: 0.996, Student: 1.00, Reliability: 0.801, GateAbs: 2.380e-02, Base Lr: 3.90e-04
2026-07-17 22:26:44 transreid.train INFO: Epoch[61] Iter[200/227] Loss: 0.163, Pose: 0.465, Acc: 0.996, Student: 1.00, Reliability: 0.859, GateAbs: 2.387e-02, Base Lr: 3.90e-04
2026-07-17 22:26:45 transreid.train INFO: Epoch 61 done. Time per epoch: 23.988[s] Speed: 563.0[samples/s]
2026-07-17 22:26:47 transreid.train INFO: Epoch[62] Iter[20/227] Loss: 0.160, Pose: 0.469, Acc: 0.998, Student: 1.00, Reliability: 0.812, GateAbs: 2.404e-02, Base Lr: 3.80e-04
2026-07-17 22:26:50 transreid.train INFO: Epoch[62] Iter[40/227] Loss: 0.175, Pose: 0.466, Acc: 0.996, Student: 1.00, Reliability: 0.804, GateAbs: 2.385e-02, Base Lr: 3.80e-04
2026-07-17 22:26:52 transreid.train INFO: Epoch[62] Iter[60/227] Loss: 0.178, Pose: 0.465, Acc: 0.996, Student: 1.00, Reliability: 0.839, GateAbs: 2.379e-02, Base Lr: 3.80e-04
2026-07-17 22:26:54 transreid.train INFO: Epoch[62] Iter[80/227] Loss: 0.178, Pose: 0.465, Acc: 0.996, Student: 1.00, Reliability: 0.833, GateAbs: 2.387e-02, Base Lr: 3.80e-04
2026-07-17 22:26:56 transreid.train INFO: Epoch[62] Iter[100/227] Loss: 0.177, Pose: 0.466, Acc: 0.996, Student: 1.00, Reliability: 0.845, GateAbs: 2.362e-02, Base Lr: 3.80e-04
2026-07-17 22:26:59 transreid.train INFO: Epoch[62] Iter[120/227] Loss: 0.175, Pose: 0.466, Acc: 0.995, Student: 1.00, Reliability: 0.849, GateAbs: 2.392e-02, Base Lr: 3.80e-04
2026-07-17 22:27:01 transreid.train INFO: Epoch[62] Iter[140/227] Loss: 0.172, Pose: 0.466, Acc: 0.996, Student: 1.00, Reliability: 0.849, GateAbs: 2.399e-02, Base Lr: 3.80e-04
2026-07-17 22:27:03 transreid.train INFO: Epoch[62] Iter[160/227] Loss: 0.169, Pose: 0.465, Acc: 0.996, Student: 1.00, Reliability: 0.844, GateAbs: 2.389e-02, Base Lr: 3.80e-04
2026-07-17 22:27:05 transreid.train INFO: Epoch[62] Iter[180/227] Loss: 0.168, Pose: 0.466, Acc: 0.995, Student: 1.00, Reliability: 0.833, GateAbs: 2.369e-02, Base Lr: 3.80e-04
2026-07-17 22:27:08 transreid.train INFO: Epoch[62] Iter[200/227] Loss: 0.165, Pose: 0.466, Acc: 0.995, Student: 1.00, Reliability: 0.842, GateAbs: 2.383e-02, Base Lr: 3.80e-04
2026-07-17 22:27:09 transreid.train INFO: Epoch 62 done. Time per epoch: 24.099[s] Speed: 563.0[samples/s]
2026-07-17 22:27:11 transreid.train INFO: Epoch[63] Iter[20/227] Loss: 0.173, Pose: 0.464, Acc: 0.995, Student: 1.00, Reliability: 0.845, GateAbs: 2.394e-02, Base Lr: 3.69e-04
2026-07-17 22:27:14 transreid.train INFO: Epoch[63] Iter[40/227] Loss: 0.178, Pose: 0.460, Acc: 0.992, Student: 1.00, Reliability: 0.846, GateAbs: 2.397e-02, Base Lr: 3.69e-04
2026-07-17 22:27:16 transreid.train INFO: Epoch[63] Iter[60/227] Loss: 0.169, Pose: 0.462, Acc: 0.994, Student: 1.00, Reliability: 0.852, GateAbs: 2.391e-02, Base Lr: 3.69e-04
2026-07-17 22:27:18 transreid.train INFO: Epoch[63] Iter[80/227] Loss: 0.176, Pose: 0.462, Acc: 0.993, Student: 1.00, Reliability: 0.843, GateAbs: 2.389e-02, Base Lr: 3.69e-04
2026-07-17 22:27:20 transreid.train INFO: Epoch[63] Iter[100/227] Loss: 0.171, Pose: 0.462, Acc: 0.994, Student: 1.00, Reliability: 0.858, GateAbs: 2.399e-02, Base Lr: 3.69e-04
2026-07-17 22:27:23 transreid.train INFO: Epoch[63] Iter[120/227] Loss: 0.171, Pose: 0.462, Acc: 0.994, Student: 1.00, Reliability: 0.839, GateAbs: 2.401e-02, Base Lr: 3.69e-04
2026-07-17 22:27:25 transreid.train INFO: Epoch[63] Iter[140/227] Loss: 0.170, Pose: 0.463, Acc: 0.994, Student: 1.00, Reliability: 0.846, GateAbs: 2.384e-02, Base Lr: 3.69e-04
2026-07-17 22:27:27 transreid.train INFO: Epoch[63] Iter[160/227] Loss: 0.168, Pose: 0.463, Acc: 0.995, Student: 1.00, Reliability: 0.834, GateAbs: 2.396e-02, Base Lr: 3.69e-04
2026-07-17 22:27:29 transreid.train INFO: Epoch[63] Iter[180/227] Loss: 0.165, Pose: 0.463, Acc: 0.995, Student: 1.00, Reliability: 0.854, GateAbs: 2.398e-02, Base Lr: 3.69e-04
2026-07-17 22:27:32 transreid.train INFO: Epoch[63] Iter[200/227] Loss: 0.163, Pose: 0.465, Acc: 0.995, Student: 1.00, Reliability: 0.834, GateAbs: 2.407e-02, Base Lr: 3.69e-04
2026-07-17 22:27:33 transreid.train INFO: Epoch 63 done. Time per epoch: 23.969[s] Speed: 563.4[samples/s]
2026-07-17 22:27:35 transreid.train INFO: Epoch[64] Iter[20/227] Loss: 0.189, Pose: 0.467, Acc: 0.994, Student: 1.00, Reliability: 0.836, GateAbs: 2.402e-02, Base Lr: 3.59e-04
2026-07-17 22:27:38 transreid.train INFO: Epoch[64] Iter[40/227] Loss: 0.191, Pose: 0.464, Acc: 0.994, Student: 1.00, Reliability: 0.851, GateAbs: 2.388e-02, Base Lr: 3.59e-04
2026-07-17 22:27:40 transreid.train INFO: Epoch[64] Iter[60/227] Loss: 0.191, Pose: 0.463, Acc: 0.993, Student: 1.00, Reliability: 0.847, GateAbs: 2.403e-02, Base Lr: 3.59e-04
2026-07-17 22:27:42 transreid.train INFO: Epoch[64] Iter[80/227] Loss: 0.188, Pose: 0.465, Acc: 0.994, Student: 1.00, Reliability: 0.837, GateAbs: 2.402e-02, Base Lr: 3.59e-04
2026-07-17 22:27:44 transreid.train INFO: Epoch[64] Iter[100/227] Loss: 0.186, Pose: 0.464, Acc: 0.993, Student: 1.00, Reliability: 0.851, GateAbs: 2.393e-02, Base Lr: 3.59e-04
2026-07-17 22:27:47 transreid.train INFO: Epoch[64] Iter[120/227] Loss: 0.182, Pose: 0.465, Acc: 0.994, Student: 1.00, Reliability: 0.854, GateAbs: 2.395e-02, Base Lr: 3.59e-04
2026-07-17 22:27:49 transreid.train INFO: Epoch[64] Iter[140/227] Loss: 0.178, Pose: 0.464, Acc: 0.994, Student: 1.00, Reliability: 0.859, GateAbs: 2.408e-02, Base Lr: 3.59e-04
2026-07-17 22:27:51 transreid.train INFO: Epoch[64] Iter[160/227] Loss: 0.175, Pose: 0.464, Acc: 0.994, Student: 1.00, Reliability: 0.834, GateAbs: 2.395e-02, Base Lr: 3.59e-04
2026-07-17 22:27:53 transreid.train INFO: Epoch[64] Iter[180/227] Loss: 0.171, Pose: 0.464, Acc: 0.995, Student: 1.00, Reliability: 0.835, GateAbs: 2.390e-02, Base Lr: 3.59e-04
2026-07-17 22:27:56 transreid.train INFO: Epoch[64] Iter[200/227] Loss: 0.165, Pose: 0.465, Acc: 0.995, Student: 1.00, Reliability: 0.852, GateAbs: 2.394e-02, Base Lr: 3.59e-04
2026-07-17 22:27:57 transreid.train INFO: Epoch 64 done. Time per epoch: 24.082[s] Speed: 563.4[samples/s]
2026-07-17 22:28:00 transreid.train INFO: Epoch[65] Iter[20/227] Loss: 0.166, Pose: 0.460, Acc: 0.997, Student: 1.00, Reliability: 0.871, GateAbs: 2.401e-02, Base Lr: 3.49e-04
2026-07-17 22:28:02 transreid.train INFO: Epoch[65] Iter[40/227] Loss: 0.166, Pose: 0.464, Acc: 0.995, Student: 1.00, Reliability: 0.854, GateAbs: 2.403e-02, Base Lr: 3.49e-04
2026-07-17 22:28:04 transreid.train INFO: Epoch[65] Iter[60/227] Loss: 0.158, Pose: 0.462, Acc: 0.996, Student: 1.00, Reliability: 0.836, GateAbs: 2.401e-02, Base Lr: 3.49e-04
2026-07-17 22:28:06 transreid.train INFO: Epoch[65] Iter[80/227] Loss: 0.167, Pose: 0.462, Acc: 0.995, Student: 1.00, Reliability: 0.862, GateAbs: 2.396e-02, Base Lr: 3.49e-04
2026-07-17 22:28:09 transreid.train INFO: Epoch[65] Iter[100/227] Loss: 0.166, Pose: 0.461, Acc: 0.995, Student: 1.00, Reliability: 0.843, GateAbs: 2.384e-02, Base Lr: 3.49e-04
2026-07-17 22:28:11 transreid.train INFO: Epoch[65] Iter[120/227] Loss: 0.164, Pose: 0.461, Acc: 0.995, Student: 1.00, Reliability: 0.840, GateAbs: 2.396e-02, Base Lr: 3.49e-04
2026-07-17 22:28:13 transreid.train INFO: Epoch[65] Iter[140/227] Loss: 0.161, Pose: 0.462, Acc: 0.995, Student: 1.00, Reliability: 0.838, GateAbs: 2.395e-02, Base Lr: 3.49e-04
2026-07-17 22:28:15 transreid.train INFO: Epoch[65] Iter[160/227] Loss: 0.156, Pose: 0.462, Acc: 0.996, Student: 1.00, Reliability: 0.844, GateAbs: 2.377e-02, Base Lr: 3.49e-04
2026-07-17 22:28:17 transreid.train INFO: Epoch[65] Iter[180/227] Loss: 0.153, Pose: 0.463, Acc: 0.996, Student: 1.00, Reliability: 0.845, GateAbs: 2.408e-02, Base Lr: 3.49e-04
2026-07-17 22:28:20 transreid.train INFO: Epoch[65] Iter[200/227] Loss: 0.150, Pose: 0.464, Acc: 0.997, Student: 1.00, Reliability: 0.839, GateAbs: 2.397e-02, Base Lr: 3.49e-04
2026-07-17 22:28:21 transreid.train INFO: Epoch 65 done. Time per epoch: 24.095[s] Speed: 563.1[samples/s]
2026-07-17 22:28:24 transreid.train INFO: Epoch[66] Iter[20/227] Loss: 0.163, Pose: 0.454, Acc: 0.999, Student: 1.00, Reliability: 0.839, GateAbs: 2.388e-02, Base Lr: 3.38e-04
2026-07-17 22:28:26 transreid.train INFO: Epoch[66] Iter[40/227] Loss: 0.168, Pose: 0.459, Acc: 0.996, Student: 1.00, Reliability: 0.845, GateAbs: 2.379e-02, Base Lr: 3.38e-04
2026-07-17 22:28:28 transreid.train INFO: Epoch[66] Iter[60/227] Loss: 0.164, Pose: 0.460, Acc: 0.996, Student: 1.00, Reliability: 0.816, GateAbs: 2.374e-02, Base Lr: 3.38e-04
2026-07-17 22:28:30 transreid.train INFO: Epoch[66] Iter[80/227] Loss: 0.163, Pose: 0.461, Acc: 0.996, Student: 1.00, Reliability: 0.835, GateAbs: 2.391e-02, Base Lr: 3.38e-04
2026-07-17 22:28:33 transreid.train INFO: Epoch[66] Iter[100/227] Loss: 0.159, Pose: 0.461, Acc: 0.996, Student: 1.00, Reliability: 0.857, GateAbs: 2.371e-02, Base Lr: 3.38e-04
2026-07-17 22:28:35 transreid.train INFO: Epoch[66] Iter[120/227] Loss: 0.156, Pose: 0.461, Acc: 0.995, Student: 1.00, Reliability: 0.829, GateAbs: 2.384e-02, Base Lr: 3.38e-04
2026-07-17 22:28:37 transreid.train INFO: Epoch[66] Iter[140/227] Loss: 0.154, Pose: 0.461, Acc: 0.995, Student: 1.00, Reliability: 0.850, GateAbs: 2.390e-02, Base Lr: 3.38e-04
2026-07-17 22:28:39 transreid.train INFO: Epoch[66] Iter[160/227] Loss: 0.152, Pose: 0.462, Acc: 0.995, Student: 1.00, Reliability: 0.843, GateAbs: 2.389e-02, Base Lr: 3.38e-04
2026-07-17 22:28:42 transreid.train INFO: Epoch[66] Iter[180/227] Loss: 0.152, Pose: 0.463, Acc: 0.995, Student: 1.00, Reliability: 0.852, GateAbs: 2.392e-02, Base Lr: 3.38e-04
2026-07-17 22:28:44 transreid.train INFO: Epoch[66] Iter[200/227] Loss: 0.149, Pose: 0.464, Acc: 0.996, Student: 1.00, Reliability: 0.840, GateAbs: 2.400e-02, Base Lr: 3.38e-04
2026-07-17 22:28:45 transreid.train INFO: Epoch 66 done. Time per epoch: 24.206[s] Speed: 563.2[samples/s]
2026-07-17 22:28:48 transreid.train INFO: Epoch[67] Iter[20/227] Loss: 0.176, Pose: 0.462, Acc: 0.996, Student: 1.00, Reliability: 0.844, GateAbs: 2.383e-02, Base Lr: 3.28e-04
2026-07-17 22:28:50 transreid.train INFO: Epoch[67] Iter[40/227] Loss: 0.176, Pose: 0.462, Acc: 0.996, Student: 1.00, Reliability: 0.861, GateAbs: 2.400e-02, Base Lr: 3.28e-04
2026-07-17 22:28:52 transreid.train INFO: Epoch[67] Iter[60/227] Loss: 0.165, Pose: 0.464, Acc: 0.997, Student: 1.00, Reliability: 0.845, GateAbs: 2.397e-02, Base Lr: 3.28e-04
2026-07-17 22:28:55 transreid.train INFO: Epoch[67] Iter[80/227] Loss: 0.166, Pose: 0.464, Acc: 0.996, Student: 1.00, Reliability: 0.837, GateAbs: 2.387e-02, Base Lr: 3.28e-04
2026-07-17 22:28:57 transreid.train INFO: Epoch[67] Iter[100/227] Loss: 0.162, Pose: 0.464, Acc: 0.996, Student: 1.00, Reliability: 0.846, GateAbs: 2.384e-02, Base Lr: 3.28e-04
2026-07-17 22:28:59 transreid.train INFO: Epoch[67] Iter[120/227] Loss: 0.158, Pose: 0.464, Acc: 0.996, Student: 1.00, Reliability: 0.841, GateAbs: 2.384e-02, Base Lr: 3.28e-04
2026-07-17 22:29:01 transreid.train INFO: Epoch[67] Iter[140/227] Loss: 0.158, Pose: 0.463, Acc: 0.996, Student: 1.00, Reliability: 0.856, GateAbs: 2.387e-02, Base Lr: 3.28e-04
2026-07-17 22:29:04 transreid.train INFO: Epoch[67] Iter[160/227] Loss: 0.154, Pose: 0.463, Acc: 0.996, Student: 1.00, Reliability: 0.845, GateAbs: 2.399e-02, Base Lr: 3.28e-04
2026-07-17 22:29:06 transreid.train INFO: Epoch[67] Iter[180/227] Loss: 0.154, Pose: 0.463, Acc: 0.996, Student: 1.00, Reliability: 0.855, GateAbs: 2.425e-02, Base Lr: 3.28e-04
2026-07-17 22:29:08 transreid.train INFO: Epoch[67] Iter[200/227] Loss: 0.151, Pose: 0.463, Acc: 0.996, Student: 1.00, Reliability: 0.857, GateAbs: 2.410e-02, Base Lr: 3.28e-04
2026-07-17 22:29:09 transreid.train INFO: Epoch 67 done. Time per epoch: 23.986[s] Speed: 563.0[samples/s]
2026-07-17 22:29:12 transreid.train INFO: Epoch[68] Iter[20/227] Loss: 0.159, Pose: 0.458, Acc: 0.996, Student: 1.00, Reliability: 0.848, GateAbs: 2.380e-02, Base Lr: 3.18e-04
2026-07-17 22:29:14 transreid.train INFO: Epoch[68] Iter[40/227] Loss: 0.153, Pose: 0.458, Acc: 0.996, Student: 1.00, Reliability: 0.825, GateAbs: 2.402e-02, Base Lr: 3.18e-04
2026-07-17 22:29:16 transreid.train INFO: Epoch[68] Iter[60/227] Loss: 0.154, Pose: 0.459, Acc: 0.997, Student: 1.00, Reliability: 0.848, GateAbs: 2.388e-02, Base Lr: 3.18e-04
2026-07-17 22:29:19 transreid.train INFO: Epoch[68] Iter[80/227] Loss: 0.163, Pose: 0.461, Acc: 0.997, Student: 1.00, Reliability: 0.836, GateAbs: 2.398e-02, Base Lr: 3.18e-04
2026-07-17 22:29:21 transreid.train INFO: Epoch[68] Iter[100/227] Loss: 0.168, Pose: 0.462, Acc: 0.996, Student: 1.00, Reliability: 0.840, GateAbs: 2.404e-02, Base Lr: 3.18e-04
2026-07-17 22:29:23 transreid.train INFO: Epoch[68] Iter[120/227] Loss: 0.163, Pose: 0.463, Acc: 0.996, Student: 1.00, Reliability: 0.851, GateAbs: 2.408e-02, Base Lr: 3.18e-04
2026-07-17 22:29:25 transreid.train INFO: Epoch[68] Iter[140/227] Loss: 0.163, Pose: 0.463, Acc: 0.996, Student: 1.00, Reliability: 0.828, GateAbs: 2.399e-02, Base Lr: 3.18e-04
2026-07-17 22:29:28 transreid.train INFO: Epoch[68] Iter[160/227] Loss: 0.158, Pose: 0.464, Acc: 0.996, Student: 1.00, Reliability: 0.840, GateAbs: 2.400e-02, Base Lr: 3.18e-04
2026-07-17 22:29:30 transreid.train INFO: Epoch[68] Iter[180/227] Loss: 0.156, Pose: 0.464, Acc: 0.996, Student: 1.00, Reliability: 0.867, GateAbs: 2.403e-02, Base Lr: 3.18e-04
2026-07-17 22:29:32 transreid.train INFO: Epoch[68] Iter[200/227] Loss: 0.154, Pose: 0.465, Acc: 0.996, Student: 1.00, Reliability: 0.849, GateAbs: 2.409e-02, Base Lr: 3.18e-04
2026-07-17 22:29:33 transreid.train INFO: Epoch 68 done. Time per epoch: 24.108[s] Speed: 562.8[samples/s]
2026-07-17 22:29:36 transreid.train INFO: Epoch[69] Iter[20/227] Loss: 0.157, Pose: 0.454, Acc: 0.996, Student: 1.00, Reliability: 0.825, GateAbs: 2.408e-02, Base Lr: 3.08e-04
2026-07-17 22:29:38 transreid.train INFO: Epoch[69] Iter[40/227] Loss: 0.152, Pose: 0.459, Acc: 0.996, Student: 1.00, Reliability: 0.847, GateAbs: 2.400e-02, Base Lr: 3.08e-04
2026-07-17 22:29:40 transreid.train INFO: Epoch[69] Iter[60/227] Loss: 0.158, Pose: 0.462, Acc: 0.996, Student: 1.00, Reliability: 0.837, GateAbs: 2.407e-02, Base Lr: 3.08e-04
2026-07-17 22:29:43 transreid.train INFO: Epoch[69] Iter[80/227] Loss: 0.159, Pose: 0.461, Acc: 0.996, Student: 1.00, Reliability: 0.862, GateAbs: 2.418e-02, Base Lr: 3.08e-04
2026-07-17 22:29:45 transreid.train INFO: Epoch[69] Iter[100/227] Loss: 0.159, Pose: 0.463, Acc: 0.996, Student: 1.00, Reliability: 0.837, GateAbs: 2.395e-02, Base Lr: 3.08e-04
2026-07-17 22:29:47 transreid.train INFO: Epoch[69] Iter[120/227] Loss: 0.154, Pose: 0.462, Acc: 0.996, Student: 1.00, Reliability: 0.857, GateAbs: 2.397e-02, Base Lr: 3.08e-04
2026-07-17 22:29:49 transreid.train INFO: Epoch[69] Iter[140/227] Loss: 0.152, Pose: 0.462, Acc: 0.996, Student: 1.00, Reliability: 0.832, GateAbs: 2.391e-02, Base Lr: 3.08e-04
2026-07-17 22:29:52 transreid.train INFO: Epoch[69] Iter[160/227] Loss: 0.149, Pose: 0.462, Acc: 0.996, Student: 1.00, Reliability: 0.862, GateAbs: 2.408e-02, Base Lr: 3.08e-04
2026-07-17 22:29:54 transreid.train INFO: Epoch[69] Iter[180/227] Loss: 0.146, Pose: 0.463, Acc: 0.997, Student: 1.00, Reliability: 0.832, GateAbs: 2.390e-02, Base Lr: 3.08e-04
2026-07-17 22:29:56 transreid.train INFO: Epoch[69] Iter[200/227] Loss: 0.143, Pose: 0.463, Acc: 0.996, Student: 1.00, Reliability: 0.837, GateAbs: 2.386e-02, Base Lr: 3.08e-04
2026-07-17 22:29:57 transreid.train INFO: Epoch 69 done. Time per epoch: 23.979[s] Speed: 563.2[samples/s]
2026-07-17 22:30:00 transreid.train INFO: Epoch[70] Iter[20/227] Loss: 0.151, Pose: 0.463, Acc: 0.996, Student: 1.00, Reliability: 0.847, GateAbs: 2.381e-02, Base Lr: 2.97e-04
2026-07-17 22:30:02 transreid.train INFO: Epoch[70] Iter[40/227] Loss: 0.161, Pose: 0.461, Acc: 0.996, Student: 1.00, Reliability: 0.848, GateAbs: 2.390e-02, Base Lr: 2.97e-04
2026-07-17 22:30:04 transreid.train INFO: Epoch[70] Iter[60/227] Loss: 0.161, Pose: 0.460, Acc: 0.996, Student: 1.00, Reliability: 0.823, GateAbs: 2.390e-02, Base Lr: 2.97e-04
2026-07-17 22:30:07 transreid.train INFO: Epoch[70] Iter[80/227] Loss: 0.162, Pose: 0.462, Acc: 0.996, Student: 1.00, Reliability: 0.846, GateAbs: 2.395e-02, Base Lr: 2.97e-04
2026-07-17 22:30:09 transreid.train INFO: Epoch[70] Iter[100/227] Loss: 0.158, Pose: 0.463, Acc: 0.996, Student: 1.00, Reliability: 0.850, GateAbs: 2.414e-02, Base Lr: 2.97e-04
2026-07-17 22:30:11 transreid.train INFO: Epoch[70] Iter[120/227] Loss: 0.155, Pose: 0.462, Acc: 0.996, Student: 1.00, Reliability: 0.837, GateAbs: 2.401e-02, Base Lr: 2.97e-04
2026-07-17 22:30:13 transreid.train INFO: Epoch[70] Iter[140/227] Loss: 0.151, Pose: 0.463, Acc: 0.996, Student: 1.00, Reliability: 0.854, GateAbs: 2.396e-02, Base Lr: 2.97e-04
2026-07-17 22:30:16 transreid.train INFO: Epoch[70] Iter[160/227] Loss: 0.153, Pose: 0.463, Acc: 0.996, Student: 1.00, Reliability: 0.836, GateAbs: 2.404e-02, Base Lr: 2.97e-04
2026-07-17 22:30:18 transreid.train INFO: Epoch[70] Iter[180/227] Loss: 0.148, Pose: 0.463, Acc: 0.996, Student: 1.00, Reliability: 0.857, GateAbs: 2.412e-02, Base Lr: 2.97e-04
2026-07-17 22:30:20 transreid.train INFO: Epoch[70] Iter[200/227] Loss: 0.146, Pose: 0.464, Acc: 0.996, Student: 1.00, Reliability: 0.855, GateAbs: 2.379e-02, Base Lr: 2.97e-04
2026-07-17 22:30:21 transreid.train INFO: Epoch 70 done. Time per epoch: 24.110[s] Speed: 562.8[samples/s]
The test feature is normalized
=> Computing DistMat with euclidean_distance
2026-07-17 22:30:44 transreid.train INFO: Validation Results - Epoch: 70
2026-07-17 22:30:44 transreid.train INFO: mAP: 55.4%
2026-07-17 22:30:44 transreid.train INFO: CMC curve, Rank-1  :65.2%
2026-07-17 22:30:44 transreid.train INFO: CMC curve, Rank-5  :79.5%
2026-07-17 22:30:44 transreid.train INFO: CMC curve, Rank-10 :83.6%
2026-07-17 22:30:47 transreid.train INFO: Epoch[71] Iter[20/227] Loss: 0.143, Pose: 0.459, Acc: 0.997, Student: 1.00, Reliability: 0.848, GateAbs: 2.411e-02, Base Lr: 2.87e-04
2026-07-17 22:30:49 transreid.train INFO: Epoch[71] Iter[40/227] Loss: 0.149, Pose: 0.457, Acc: 0.998, Student: 1.00, Reliability: 0.859, GateAbs: 2.415e-02, Base Lr: 2.87e-04
2026-07-17 22:30:51 transreid.train INFO: Epoch[71] Iter[60/227] Loss: 0.151, Pose: 0.459, Acc: 0.997, Student: 1.00, Reliability: 0.830, GateAbs: 2.384e-02, Base Lr: 2.87e-04
2026-07-17 22:30:54 transreid.train INFO: Epoch[71] Iter[80/227] Loss: 0.150, Pose: 0.460, Acc: 0.997, Student: 1.00, Reliability: 0.831, GateAbs: 2.406e-02, Base Lr: 2.87e-04
2026-07-17 22:30:56 transreid.train INFO: Epoch[71] Iter[100/227] Loss: 0.152, Pose: 0.462, Acc: 0.997, Student: 1.00, Reliability: 0.837, GateAbs: 2.401e-02, Base Lr: 2.87e-04
2026-07-17 22:30:58 transreid.train INFO: Epoch[71] Iter[120/227] Loss: 0.149, Pose: 0.462, Acc: 0.996, Student: 1.00, Reliability: 0.847, GateAbs: 2.408e-02, Base Lr: 2.87e-04
2026-07-17 22:31:00 transreid.train INFO: Epoch[71] Iter[140/227] Loss: 0.148, Pose: 0.463, Acc: 0.996, Student: 1.00, Reliability: 0.819, GateAbs: 2.402e-02, Base Lr: 2.87e-04
2026-07-17 22:31:03 transreid.train INFO: Epoch[71] Iter[160/227] Loss: 0.146, Pose: 0.463, Acc: 0.996, Student: 1.00, Reliability: 0.836, GateAbs: 2.402e-02, Base Lr: 2.87e-04
2026-07-17 22:31:05 transreid.train INFO: Epoch[71] Iter[180/227] Loss: 0.145, Pose: 0.463, Acc: 0.996, Student: 1.00, Reliability: 0.856, GateAbs: 2.402e-02, Base Lr: 2.87e-04
2026-07-17 22:31:07 transreid.train INFO: Epoch[71] Iter[200/227] Loss: 0.141, Pose: 0.464, Acc: 0.996, Student: 1.00, Reliability: 0.842, GateAbs: 2.399e-02, Base Lr: 2.87e-04
2026-07-17 22:31:09 transreid.train INFO: Epoch 71 done. Time per epoch: 24.093[s] Speed: 563.2[samples/s]
2026-07-17 22:31:11 transreid.train INFO: Epoch[72] Iter[20/227] Loss: 0.186, Pose: 0.457, Acc: 0.989, Student: 1.00, Reliability: 0.839, GateAbs: 2.401e-02, Base Lr: 2.77e-04
2026-07-17 22:31:13 transreid.train INFO: Epoch[72] Iter[40/227] Loss: 0.183, Pose: 0.460, Acc: 0.993, Student: 1.00, Reliability: 0.856, GateAbs: 2.412e-02, Base Lr: 2.77e-04
2026-07-17 22:31:16 transreid.train INFO: Epoch[72] Iter[60/227] Loss: 0.173, Pose: 0.460, Acc: 0.992, Student: 1.00, Reliability: 0.856, GateAbs: 2.402e-02, Base Lr: 2.77e-04
2026-07-17 22:31:18 transreid.train INFO: Epoch[72] Iter[80/227] Loss: 0.164, Pose: 0.460, Acc: 0.993, Student: 1.00, Reliability: 0.836, GateAbs: 2.406e-02, Base Lr: 2.77e-04
2026-07-17 22:31:20 transreid.train INFO: Epoch[72] Iter[100/227] Loss: 0.160, Pose: 0.461, Acc: 0.994, Student: 1.00, Reliability: 0.846, GateAbs: 2.394e-02, Base Lr: 2.77e-04
2026-07-17 22:31:22 transreid.train INFO: Epoch[72] Iter[120/227] Loss: 0.158, Pose: 0.461, Acc: 0.994, Student: 1.00, Reliability: 0.863, GateAbs: 2.392e-02, Base Lr: 2.77e-04
2026-07-17 22:31:25 transreid.train INFO: Epoch[72] Iter[140/227] Loss: 0.155, Pose: 0.462, Acc: 0.994, Student: 1.00, Reliability: 0.848, GateAbs: 2.408e-02, Base Lr: 2.77e-04
2026-07-17 22:31:27 transreid.train INFO: Epoch[72] Iter[160/227] Loss: 0.152, Pose: 0.462, Acc: 0.994, Student: 1.00, Reliability: 0.833, GateAbs: 2.402e-02, Base Lr: 2.77e-04
2026-07-17 22:31:29 transreid.train INFO: Epoch[72] Iter[180/227] Loss: 0.147, Pose: 0.462, Acc: 0.995, Student: 1.00, Reliability: 0.851, GateAbs: 2.405e-02, Base Lr: 2.77e-04
2026-07-17 22:31:31 transreid.train INFO: Epoch[72] Iter[200/227] Loss: 0.143, Pose: 0.463, Acc: 0.995, Student: 1.00, Reliability: 0.849, GateAbs: 2.397e-02, Base Lr: 2.77e-04
2026-07-17 22:31:33 transreid.train INFO: Epoch 72 done. Time per epoch: 24.017[s] Speed: 562.3[samples/s]
2026-07-17 22:31:35 transreid.train INFO: Epoch[73] Iter[20/227] Loss: 0.150, Pose: 0.466, Acc: 0.995, Student: 1.00, Reliability: 0.845, GateAbs: 2.367e-02, Base Lr: 2.68e-04
2026-07-17 22:31:37 transreid.train INFO: Epoch[73] Iter[40/227] Loss: 0.150, Pose: 0.467, Acc: 0.996, Student: 1.00, Reliability: 0.835, GateAbs: 2.390e-02, Base Lr: 2.68e-04
2026-07-17 22:31:40 transreid.train INFO: Epoch[73] Iter[60/227] Loss: 0.157, Pose: 0.465, Acc: 0.995, Student: 1.00, Reliability: 0.839, GateAbs: 2.390e-02, Base Lr: 2.68e-04
2026-07-17 22:31:42 transreid.train INFO: Epoch[73] Iter[80/227] Loss: 0.153, Pose: 0.463, Acc: 0.996, Student: 1.00, Reliability: 0.845, GateAbs: 2.405e-02, Base Lr: 2.68e-04
2026-07-17 22:31:44 transreid.train INFO: Epoch[73] Iter[100/227] Loss: 0.147, Pose: 0.461, Acc: 0.996, Student: 1.00, Reliability: 0.859, GateAbs: 2.394e-02, Base Lr: 2.68e-04
2026-07-17 22:31:46 transreid.train INFO: Epoch[73] Iter[120/227] Loss: 0.144, Pose: 0.462, Acc: 0.996, Student: 1.00, Reliability: 0.840, GateAbs: 2.400e-02, Base Lr: 2.68e-04
2026-07-17 22:31:49 transreid.train INFO: Epoch[73] Iter[140/227] Loss: 0.143, Pose: 0.462, Acc: 0.996, Student: 1.00, Reliability: 0.865, GateAbs: 2.399e-02, Base Lr: 2.68e-04
2026-07-17 22:31:51 transreid.train INFO: Epoch[73] Iter[160/227] Loss: 0.142, Pose: 0.462, Acc: 0.996, Student: 1.00, Reliability: 0.841, GateAbs: 2.402e-02, Base Lr: 2.68e-04
2026-07-17 22:31:53 transreid.train INFO: Epoch[73] Iter[180/227] Loss: 0.138, Pose: 0.463, Acc: 0.996, Student: 1.00, Reliability: 0.837, GateAbs: 2.404e-02, Base Lr: 2.68e-04
2026-07-17 22:31:55 transreid.train INFO: Epoch[73] Iter[200/227] Loss: 0.135, Pose: 0.463, Acc: 0.997, Student: 1.00, Reliability: 0.834, GateAbs: 2.399e-02, Base Lr: 2.68e-04
2026-07-17 22:31:57 transreid.train INFO: Epoch 73 done. Time per epoch: 24.010[s] Speed: 562.4[samples/s]
2026-07-17 22:31:59 transreid.train INFO: Epoch[74] Iter[20/227] Loss: 0.159, Pose: 0.461, Acc: 0.998, Student: 1.00, Reliability: 0.842, GateAbs: 2.409e-02, Base Lr: 2.58e-04
2026-07-17 22:32:01 transreid.train INFO: Epoch[74] Iter[40/227] Loss: 0.157, Pose: 0.463, Acc: 0.997, Student: 1.00, Reliability: 0.834, GateAbs: 2.389e-02, Base Lr: 2.58e-04
2026-07-17 22:32:04 transreid.train INFO: Epoch[74] Iter[60/227] Loss: 0.160, Pose: 0.465, Acc: 0.996, Student: 1.00, Reliability: 0.842, GateAbs: 2.399e-02, Base Lr: 2.58e-04
2026-07-17 22:32:06 transreid.train INFO: Epoch[74] Iter[80/227] Loss: 0.152, Pose: 0.464, Acc: 0.996, Student: 1.00, Reliability: 0.854, GateAbs: 2.395e-02, Base Lr: 2.58e-04
2026-07-17 22:32:08 transreid.train INFO: Epoch[74] Iter[100/227] Loss: 0.148, Pose: 0.464, Acc: 0.997, Student: 1.00, Reliability: 0.868, GateAbs: 2.397e-02, Base Lr: 2.58e-04
2026-07-17 22:32:10 transreid.train INFO: Epoch[74] Iter[120/227] Loss: 0.144, Pose: 0.465, Acc: 0.997, Student: 1.00, Reliability: 0.861, GateAbs: 2.391e-02, Base Lr: 2.58e-04
2026-07-17 22:32:13 transreid.train INFO: Epoch[74] Iter[140/227] Loss: 0.144, Pose: 0.464, Acc: 0.996, Student: 1.00, Reliability: 0.852, GateAbs: 2.376e-02, Base Lr: 2.58e-04
2026-07-17 22:32:15 transreid.train INFO: Epoch[74] Iter[160/227] Loss: 0.144, Pose: 0.463, Acc: 0.996, Student: 1.00, Reliability: 0.858, GateAbs: 2.410e-02, Base Lr: 2.58e-04
2026-07-17 22:32:17 transreid.train INFO: Epoch[74] Iter[180/227] Loss: 0.141, Pose: 0.464, Acc: 0.997, Student: 1.00, Reliability: 0.844, GateAbs: 2.398e-02, Base Lr: 2.58e-04
2026-07-17 22:32:19 transreid.train INFO: Epoch[74] Iter[200/227] Loss: 0.139, Pose: 0.464, Acc: 0.997, Student: 1.00, Reliability: 0.847, GateAbs: 2.411e-02, Base Lr: 2.58e-04
2026-07-17 22:32:21 transreid.train INFO: Epoch 74 done. Time per epoch: 24.219[s] Speed: 562.9[samples/s]
2026-07-17 22:32:23 transreid.train INFO: Epoch[75] Iter[20/227] Loss: 0.142, Pose: 0.466, Acc: 0.997, Student: 1.00, Reliability: 0.838, GateAbs: 2.408e-02, Base Lr: 2.48e-04
2026-07-17 22:32:26 transreid.train INFO: Epoch[75] Iter[40/227] Loss: 0.149, Pose: 0.462, Acc: 0.997, Student: 1.00, Reliability: 0.846, GateAbs: 2.388e-02, Base Lr: 2.48e-04
2026-07-17 22:32:28 transreid.train INFO: Epoch[75] Iter[60/227] Loss: 0.149, Pose: 0.462, Acc: 0.996, Student: 1.00, Reliability: 0.852, GateAbs: 2.397e-02, Base Lr: 2.48e-04
2026-07-17 22:32:30 transreid.train INFO: Epoch[75] Iter[80/227] Loss: 0.146, Pose: 0.460, Acc: 0.996, Student: 1.00, Reliability: 0.850, GateAbs: 2.387e-02, Base Lr: 2.48e-04
2026-07-17 22:32:32 transreid.train INFO: Epoch[75] Iter[100/227] Loss: 0.145, Pose: 0.461, Acc: 0.996, Student: 1.00, Reliability: 0.846, GateAbs: 2.400e-02, Base Lr: 2.48e-04
2026-07-17 22:32:35 transreid.train INFO: Epoch[75] Iter[120/227] Loss: 0.148, Pose: 0.461, Acc: 0.996, Student: 1.00, Reliability: 0.843, GateAbs: 2.416e-02, Base Lr: 2.48e-04
2026-07-17 22:32:37 transreid.train INFO: Epoch[75] Iter[140/227] Loss: 0.146, Pose: 0.461, Acc: 0.996, Student: 1.00, Reliability: 0.813, GateAbs: 2.389e-02, Base Lr: 2.48e-04
2026-07-17 22:32:39 transreid.train INFO: Epoch[75] Iter[160/227] Loss: 0.144, Pose: 0.462, Acc: 0.996, Student: 1.00, Reliability: 0.841, GateAbs: 2.389e-02, Base Lr: 2.48e-04
2026-07-17 22:32:41 transreid.train INFO: Epoch[75] Iter[180/227] Loss: 0.144, Pose: 0.462, Acc: 0.996, Student: 1.00, Reliability: 0.844, GateAbs: 2.405e-02, Base Lr: 2.48e-04
2026-07-17 22:32:43 transreid.train INFO: Epoch[75] Iter[200/227] Loss: 0.141, Pose: 0.464, Acc: 0.996, Student: 1.00, Reliability: 0.836, GateAbs: 2.412e-02, Base Lr: 2.48e-04
2026-07-17 22:32:45 transreid.train INFO: Epoch 75 done. Time per epoch: 24.095[s] Speed: 563.1[samples/s]
2026-07-17 22:32:47 transreid.train INFO: Epoch[76] Iter[20/227] Loss: 0.147, Pose: 0.458, Acc: 0.995, Student: 1.00, Reliability: 0.834, GateAbs: 2.397e-02, Base Lr: 2.38e-04
2026-07-17 22:32:50 transreid.train INFO: Epoch[76] Iter[40/227] Loss: 0.146, Pose: 0.458, Acc: 0.995, Student: 1.00, Reliability: 0.858, GateAbs: 2.407e-02, Base Lr: 2.38e-04
2026-07-17 22:32:52 transreid.train INFO: Epoch[76] Iter[60/227] Loss: 0.147, Pose: 0.459, Acc: 0.995, Student: 1.00, Reliability: 0.860, GateAbs: 2.400e-02, Base Lr: 2.38e-04
2026-07-17 22:32:54 transreid.train INFO: Epoch[76] Iter[80/227] Loss: 0.148, Pose: 0.460, Acc: 0.996, Student: 1.00, Reliability: 0.841, GateAbs: 2.383e-02, Base Lr: 2.38e-04
2026-07-17 22:32:56 transreid.train INFO: Epoch[76] Iter[100/227] Loss: 0.145, Pose: 0.461, Acc: 0.996, Student: 1.00, Reliability: 0.847, GateAbs: 2.393e-02, Base Lr: 2.38e-04
2026-07-17 22:32:59 transreid.train INFO: Epoch[76] Iter[120/227] Loss: 0.141, Pose: 0.461, Acc: 0.996, Student: 1.00, Reliability: 0.838, GateAbs: 2.374e-02, Base Lr: 2.38e-04
2026-07-17 22:33:01 transreid.train INFO: Epoch[76] Iter[140/227] Loss: 0.141, Pose: 0.460, Acc: 0.996, Student: 1.00, Reliability: 0.829, GateAbs: 2.408e-02, Base Lr: 2.38e-04
2026-07-17 22:33:03 transreid.train INFO: Epoch[76] Iter[160/227] Loss: 0.139, Pose: 0.461, Acc: 0.996, Student: 1.00, Reliability: 0.849, GateAbs: 2.387e-02, Base Lr: 2.38e-04
2026-07-17 22:33:05 transreid.train INFO: Epoch[76] Iter[180/227] Loss: 0.138, Pose: 0.462, Acc: 0.996, Student: 1.00, Reliability: 0.855, GateAbs: 2.384e-02, Base Lr: 2.38e-04
2026-07-17 22:33:08 transreid.train INFO: Epoch[76] Iter[200/227] Loss: 0.135, Pose: 0.463, Acc: 0.996, Student: 1.00, Reliability: 0.846, GateAbs: 2.403e-02, Base Lr: 2.38e-04
2026-07-17 22:33:09 transreid.train INFO: Epoch 76 done. Time per epoch: 24.090[s] Speed: 563.2[samples/s]
2026-07-17 22:33:11 transreid.train INFO: Epoch[77] Iter[20/227] Loss: 0.170, Pose: 0.460, Acc: 0.995, Student: 1.00, Reliability: 0.854, GateAbs: 2.406e-02, Base Lr: 2.29e-04
2026-07-17 22:33:14 transreid.train INFO: Epoch[77] Iter[40/227] Loss: 0.153, Pose: 0.460, Acc: 0.996, Student: 1.00, Reliability: 0.837, GateAbs: 2.395e-02, Base Lr: 2.29e-04
2026-07-17 22:33:16 transreid.train INFO: Epoch[77] Iter[60/227] Loss: 0.152, Pose: 0.462, Acc: 0.996, Student: 1.00, Reliability: 0.852, GateAbs: 2.397e-02, Base Lr: 2.29e-04
2026-07-17 22:33:18 transreid.train INFO: Epoch[77] Iter[80/227] Loss: 0.154, Pose: 0.461, Acc: 0.996, Student: 1.00, Reliability: 0.835, GateAbs: 2.385e-02, Base Lr: 2.29e-04
2026-07-17 22:33:20 transreid.train INFO: Epoch[77] Iter[100/227] Loss: 0.154, Pose: 0.461, Acc: 0.996, Student: 1.00, Reliability: 0.844, GateAbs: 2.412e-02, Base Lr: 2.29e-04
2026-07-17 22:33:23 transreid.train INFO: Epoch[77] Iter[120/227] Loss: 0.150, Pose: 0.461, Acc: 0.996, Student: 1.00, Reliability: 0.850, GateAbs: 2.401e-02, Base Lr: 2.29e-04
2026-07-17 22:33:25 transreid.train INFO: Epoch[77] Iter[140/227] Loss: 0.147, Pose: 0.462, Acc: 0.996, Student: 1.00, Reliability: 0.832, GateAbs: 2.399e-02, Base Lr: 2.29e-04
2026-07-17 22:33:27 transreid.train INFO: Epoch[77] Iter[160/227] Loss: 0.143, Pose: 0.461, Acc: 0.996, Student: 1.00, Reliability: 0.861, GateAbs: 2.385e-02, Base Lr: 2.29e-04
2026-07-17 22:33:29 transreid.train INFO: Epoch[77] Iter[180/227] Loss: 0.139, Pose: 0.462, Acc: 0.996, Student: 1.00, Reliability: 0.835, GateAbs: 2.389e-02, Base Lr: 2.29e-04
2026-07-17 22:33:32 transreid.train INFO: Epoch[77] Iter[200/227] Loss: 0.136, Pose: 0.463, Acc: 0.996, Student: 1.00, Reliability: 0.832, GateAbs: 2.403e-02, Base Lr: 2.29e-04
2026-07-17 22:33:33 transreid.train INFO: Epoch 77 done. Time per epoch: 24.100[s] Speed: 563.0[samples/s]
2026-07-17 22:33:36 transreid.train INFO: Epoch[78] Iter[20/227] Loss: 0.154, Pose: 0.464, Acc: 0.995, Student: 1.00, Reliability: 0.846, GateAbs: 2.391e-02, Base Lr: 2.20e-04
2026-07-17 22:33:38 transreid.train INFO: Epoch[78] Iter[40/227] Loss: 0.149, Pose: 0.462, Acc: 0.995, Student: 1.00, Reliability: 0.849, GateAbs: 2.389e-02, Base Lr: 2.20e-04
2026-07-17 22:33:40 transreid.train INFO: Epoch[78] Iter[60/227] Loss: 0.149, Pose: 0.464, Acc: 0.995, Student: 1.00, Reliability: 0.838, GateAbs: 2.400e-02, Base Lr: 2.20e-04
2026-07-17 22:33:42 transreid.train INFO: Epoch[78] Iter[80/227] Loss: 0.144, Pose: 0.464, Acc: 0.995, Student: 1.00, Reliability: 0.868, GateAbs: 2.394e-02, Base Lr: 2.20e-04
2026-07-17 22:33:45 transreid.train INFO: Epoch[78] Iter[100/227] Loss: 0.141, Pose: 0.464, Acc: 0.996, Student: 1.00, Reliability: 0.858, GateAbs: 2.389e-02, Base Lr: 2.20e-04
2026-07-17 22:33:47 transreid.train INFO: Epoch[78] Iter[120/227] Loss: 0.144, Pose: 0.464, Acc: 0.996, Student: 1.00, Reliability: 0.829, GateAbs: 2.383e-02, Base Lr: 2.20e-04
2026-07-17 22:33:49 transreid.train INFO: Epoch[78] Iter[140/227] Loss: 0.140, Pose: 0.463, Acc: 0.996, Student: 1.00, Reliability: 0.842, GateAbs: 2.394e-02, Base Lr: 2.20e-04
2026-07-17 22:33:51 transreid.train INFO: Epoch[78] Iter[160/227] Loss: 0.139, Pose: 0.463, Acc: 0.996, Student: 1.00, Reliability: 0.853, GateAbs: 2.392e-02, Base Lr: 2.20e-04
2026-07-17 22:33:54 transreid.train INFO: Epoch[78] Iter[180/227] Loss: 0.140, Pose: 0.463, Acc: 0.996, Student: 1.00, Reliability: 0.830, GateAbs: 2.381e-02, Base Lr: 2.20e-04
2026-07-17 22:33:56 transreid.train INFO: Epoch[78] Iter[200/227] Loss: 0.136, Pose: 0.464, Acc: 0.996, Student: 1.00, Reliability: 0.836, GateAbs: 2.402e-02, Base Lr: 2.20e-04
2026-07-17 22:33:57 transreid.train INFO: Epoch 78 done. Time per epoch: 24.075[s] Speed: 563.6[samples/s]
2026-07-17 22:34:00 transreid.train INFO: Epoch[79] Iter[20/227] Loss: 0.172, Pose: 0.463, Acc: 0.995, Student: 1.00, Reliability: 0.841, GateAbs: 2.392e-02, Base Lr: 2.10e-04
2026-07-17 22:34:02 transreid.train INFO: Epoch[79] Iter[40/227] Loss: 0.163, Pose: 0.464, Acc: 0.995, Student: 1.00, Reliability: 0.847, GateAbs: 2.395e-02, Base Lr: 2.10e-04
2026-07-17 22:34:04 transreid.train INFO: Epoch[79] Iter[60/227] Loss: 0.154, Pose: 0.465, Acc: 0.996, Student: 1.00, Reliability: 0.860, GateAbs: 2.395e-02, Base Lr: 2.10e-04
2026-07-17 22:34:06 transreid.train INFO: Epoch[79] Iter[80/227] Loss: 0.149, Pose: 0.464, Acc: 0.996, Student: 1.00, Reliability: 0.843, GateAbs: 2.407e-02, Base Lr: 2.10e-04
2026-07-17 22:34:09 transreid.train INFO: Epoch[79] Iter[100/227] Loss: 0.150, Pose: 0.463, Acc: 0.996, Student: 1.00, Reliability: 0.848, GateAbs: 2.404e-02, Base Lr: 2.10e-04
2026-07-17 22:34:11 transreid.train INFO: Epoch[79] Iter[120/227] Loss: 0.147, Pose: 0.462, Acc: 0.996, Student: 1.00, Reliability: 0.843, GateAbs: 2.391e-02, Base Lr: 2.10e-04
2026-07-17 22:34:13 transreid.train INFO: Epoch[79] Iter[140/227] Loss: 0.143, Pose: 0.462, Acc: 0.997, Student: 1.00, Reliability: 0.841, GateAbs: 2.390e-02, Base Lr: 2.10e-04
2026-07-17 22:34:15 transreid.train INFO: Epoch[79] Iter[160/227] Loss: 0.142, Pose: 0.463, Acc: 0.997, Student: 1.00, Reliability: 0.858, GateAbs: 2.410e-02, Base Lr: 2.10e-04
2026-07-17 22:34:18 transreid.train INFO: Epoch[79] Iter[180/227] Loss: 0.139, Pose: 0.462, Acc: 0.997, Student: 1.00, Reliability: 0.842, GateAbs: 2.390e-02, Base Lr: 2.10e-04
2026-07-17 22:34:20 transreid.train INFO: Epoch[79] Iter[200/227] Loss: 0.135, Pose: 0.463, Acc: 0.997, Student: 1.00, Reliability: 0.835, GateAbs: 2.409e-02, Base Lr: 2.10e-04
2026-07-17 22:34:21 transreid.train INFO: Epoch 79 done. Time per epoch: 23.987[s] Speed: 563.0[samples/s]
2026-07-17 22:34:24 transreid.train INFO: Epoch[80] Iter[20/227] Loss: 0.128, Pose: 0.459, Acc: 0.999, Student: 1.00, Reliability: 0.840, GateAbs: 2.394e-02, Base Lr: 2.01e-04
2026-07-17 22:34:26 transreid.train INFO: Epoch[80] Iter[40/227] Loss: 0.141, Pose: 0.461, Acc: 0.998, Student: 1.00, Reliability: 0.870, GateAbs: 2.396e-02, Base Lr: 2.01e-04
2026-07-17 22:34:28 transreid.train INFO: Epoch[80] Iter[60/227] Loss: 0.140, Pose: 0.461, Acc: 0.997, Student: 1.00, Reliability: 0.847, GateAbs: 2.384e-02, Base Lr: 2.01e-04
2026-07-17 22:34:30 transreid.train INFO: Epoch[80] Iter[80/227] Loss: 0.142, Pose: 0.459, Acc: 0.996, Student: 1.00, Reliability: 0.858, GateAbs: 2.398e-02, Base Lr: 2.01e-04
2026-07-17 22:34:33 transreid.train INFO: Epoch[80] Iter[100/227] Loss: 0.140, Pose: 0.459, Acc: 0.997, Student: 1.00, Reliability: 0.838, GateAbs: 2.409e-02, Base Lr: 2.01e-04
2026-07-17 22:34:35 transreid.train INFO: Epoch[80] Iter[120/227] Loss: 0.139, Pose: 0.460, Acc: 0.997, Student: 1.00, Reliability: 0.838, GateAbs: 2.397e-02, Base Lr: 2.01e-04
2026-07-17 22:34:37 transreid.train INFO: Epoch[80] Iter[140/227] Loss: 0.137, Pose: 0.462, Acc: 0.997, Student: 1.00, Reliability: 0.844, GateAbs: 2.417e-02, Base Lr: 2.01e-04
2026-07-17 22:34:39 transreid.train INFO: Epoch[80] Iter[160/227] Loss: 0.136, Pose: 0.461, Acc: 0.996, Student: 1.00, Reliability: 0.840, GateAbs: 2.398e-02, Base Lr: 2.01e-04
2026-07-17 22:34:42 transreid.train INFO: Epoch[80] Iter[180/227] Loss: 0.135, Pose: 0.462, Acc: 0.996, Student: 1.00, Reliability: 0.820, GateAbs: 2.394e-02, Base Lr: 2.01e-04
2026-07-17 22:34:44 transreid.train INFO: Epoch[80] Iter[200/227] Loss: 0.131, Pose: 0.462, Acc: 0.997, Student: 1.00, Reliability: 0.833, GateAbs: 2.379e-02, Base Lr: 2.01e-04
2026-07-17 22:34:45 transreid.train INFO: Epoch 80 done. Time per epoch: 24.031[s] Speed: 561.9[samples/s]
The test feature is normalized
=> Computing DistMat with euclidean_distance
2026-07-17 22:35:08 transreid.train INFO: Validation Results - Epoch: 80
2026-07-17 22:35:08 transreid.train INFO: mAP: 56.1%
2026-07-17 22:35:08 transreid.train INFO: CMC curve, Rank-1  :66.3%
2026-07-17 22:35:08 transreid.train INFO: CMC curve, Rank-5  :79.5%
2026-07-17 22:35:08 transreid.train INFO: CMC curve, Rank-10 :84.0%
2026-07-17 22:35:11 transreid.train INFO: Epoch[81] Iter[20/227] Loss: 0.134, Pose: 0.469, Acc: 0.997, Student: 1.00, Reliability: 0.851, GateAbs: 2.394e-02, Base Lr: 1.92e-04
2026-07-17 22:35:13 transreid.train INFO: Epoch[81] Iter[40/227] Loss: 0.139, Pose: 0.468, Acc: 0.996, Student: 1.00, Reliability: 0.855, GateAbs: 2.399e-02, Base Lr: 1.92e-04
2026-07-17 22:35:15 transreid.train INFO: Epoch[81] Iter[60/227] Loss: 0.141, Pose: 0.463, Acc: 0.997, Student: 1.00, Reliability: 0.844, GateAbs: 2.370e-02, Base Lr: 1.92e-04
2026-07-17 22:35:17 transreid.train INFO: Epoch[81] Iter[80/227] Loss: 0.137, Pose: 0.462, Acc: 0.997, Student: 1.00, Reliability: 0.846, GateAbs: 2.386e-02, Base Lr: 1.92e-04
2026-07-17 22:35:20 transreid.train INFO: Epoch[81] Iter[100/227] Loss: 0.133, Pose: 0.461, Acc: 0.997, Student: 1.00, Reliability: 0.846, GateAbs: 2.398e-02, Base Lr: 1.92e-04
2026-07-17 22:35:22 transreid.train INFO: Epoch[81] Iter[120/227] Loss: 0.130, Pose: 0.462, Acc: 0.998, Student: 1.00, Reliability: 0.819, GateAbs: 2.385e-02, Base Lr: 1.92e-04
2026-07-17 22:35:24 transreid.train INFO: Epoch[81] Iter[140/227] Loss: 0.131, Pose: 0.463, Acc: 0.997, Student: 1.00, Reliability: 0.830, GateAbs: 2.408e-02, Base Lr: 1.92e-04
2026-07-17 22:35:26 transreid.train INFO: Epoch[81] Iter[160/227] Loss: 0.132, Pose: 0.463, Acc: 0.997, Student: 1.00, Reliability: 0.860, GateAbs: 2.404e-02, Base Lr: 1.92e-04
2026-07-17 22:35:29 transreid.train INFO: Epoch[81] Iter[180/227] Loss: 0.129, Pose: 0.463, Acc: 0.997, Student: 1.00, Reliability: 0.827, GateAbs: 2.419e-02, Base Lr: 1.92e-04
2026-07-17 22:35:31 transreid.train INFO: Epoch[81] Iter[200/227] Loss: 0.128, Pose: 0.463, Acc: 0.997, Student: 1.00, Reliability: 0.843, GateAbs: 2.409e-02, Base Lr: 1.92e-04
2026-07-17 22:35:32 transreid.train INFO: Epoch 81 done. Time per epoch: 24.124[s] Speed: 562.4[samples/s]
2026-07-17 22:35:35 transreid.train INFO: Epoch[82] Iter[20/227] Loss: 0.132, Pose: 0.454, Acc: 0.997, Student: 1.00, Reliability: 0.858, GateAbs: 2.392e-02, Base Lr: 1.83e-04
2026-07-17 22:35:37 transreid.train INFO: Epoch[82] Iter[40/227] Loss: 0.134, Pose: 0.456, Acc: 0.998, Student: 1.00, Reliability: 0.854, GateAbs: 2.401e-02, Base Lr: 1.83e-04
2026-07-17 22:35:39 transreid.train INFO: Epoch[82] Iter[60/227] Loss: 0.133, Pose: 0.459, Acc: 0.998, Student: 1.00, Reliability: 0.840, GateAbs: 2.387e-02, Base Lr: 1.83e-04
2026-07-17 22:35:41 transreid.train INFO: Epoch[82] Iter[80/227] Loss: 0.133, Pose: 0.461, Acc: 0.997, Student: 1.00, Reliability: 0.853, GateAbs: 2.404e-02, Base Lr: 1.83e-04
2026-07-17 22:35:44 transreid.train INFO: Epoch[82] Iter[100/227] Loss: 0.132, Pose: 0.461, Acc: 0.997, Student: 1.00, Reliability: 0.843, GateAbs: 2.374e-02, Base Lr: 1.83e-04
2026-07-17 22:35:46 transreid.train INFO: Epoch[82] Iter[120/227] Loss: 0.129, Pose: 0.460, Acc: 0.997, Student: 1.00, Reliability: 0.864, GateAbs: 2.392e-02, Base Lr: 1.83e-04
2026-07-17 22:35:48 transreid.train INFO: Epoch[82] Iter[140/227] Loss: 0.129, Pose: 0.461, Acc: 0.997, Student: 1.00, Reliability: 0.845, GateAbs: 2.393e-02, Base Lr: 1.83e-04
2026-07-17 22:35:50 transreid.train INFO: Epoch[82] Iter[160/227] Loss: 0.128, Pose: 0.461, Acc: 0.997, Student: 1.00, Reliability: 0.840, GateAbs: 2.411e-02, Base Lr: 1.83e-04
2026-07-17 22:35:53 transreid.train INFO: Epoch[82] Iter[180/227] Loss: 0.127, Pose: 0.461, Acc: 0.997, Student: 1.00, Reliability: 0.841, GateAbs: 2.397e-02, Base Lr: 1.83e-04
2026-07-17 22:35:55 transreid.train INFO: Epoch[82] Iter[200/227] Loss: 0.124, Pose: 0.462, Acc: 0.997, Student: 1.00, Reliability: 0.844, GateAbs: 2.402e-02, Base Lr: 1.83e-04
2026-07-17 22:35:56 transreid.train INFO: Epoch 82 done. Time per epoch: 24.219[s] Speed: 562.9[samples/s]
2026-07-17 22:35:59 transreid.train INFO: Epoch[83] Iter[20/227] Loss: 0.134, Pose: 0.454, Acc: 0.996, Student: 1.00, Reliability: 0.851, GateAbs: 2.395e-02, Base Lr: 1.75e-04
2026-07-17 22:36:01 transreid.train INFO: Epoch[83] Iter[40/227] Loss: 0.129, Pose: 0.458, Acc: 0.997, Student: 1.00, Reliability: 0.855, GateAbs: 2.371e-02, Base Lr: 1.75e-04
2026-07-17 22:36:03 transreid.train INFO: Epoch[83] Iter[60/227] Loss: 0.128, Pose: 0.459, Acc: 0.998, Student: 1.00, Reliability: 0.843, GateAbs: 2.382e-02, Base Lr: 1.75e-04
2026-07-17 22:36:06 transreid.train INFO: Epoch[83] Iter[80/227] Loss: 0.129, Pose: 0.461, Acc: 0.998, Student: 1.00, Reliability: 0.853, GateAbs: 2.405e-02, Base Lr: 1.75e-04
2026-07-17 22:36:08 transreid.train INFO: Epoch[83] Iter[100/227] Loss: 0.130, Pose: 0.461, Acc: 0.998, Student: 1.00, Reliability: 0.832, GateAbs: 2.406e-02, Base Lr: 1.75e-04
2026-07-17 22:36:10 transreid.train INFO: Epoch[83] Iter[120/227] Loss: 0.126, Pose: 0.461, Acc: 0.998, Student: 1.00, Reliability: 0.855, GateAbs: 2.383e-02, Base Lr: 1.75e-04
2026-07-17 22:36:12 transreid.train INFO: Epoch[83] Iter[140/227] Loss: 0.126, Pose: 0.462, Acc: 0.998, Student: 1.00, Reliability: 0.851, GateAbs: 2.408e-02, Base Lr: 1.75e-04
2026-07-17 22:36:15 transreid.train INFO: Epoch[83] Iter[160/227] Loss: 0.125, Pose: 0.462, Acc: 0.998, Student: 1.00, Reliability: 0.849, GateAbs: 2.393e-02, Base Lr: 1.75e-04
2026-07-17 22:36:17 transreid.train INFO: Epoch[83] Iter[180/227] Loss: 0.123, Pose: 0.463, Acc: 0.998, Student: 1.00, Reliability: 0.840, GateAbs: 2.399e-02, Base Lr: 1.75e-04
2026-07-17 22:36:19 transreid.train INFO: Epoch[83] Iter[200/227] Loss: 0.121, Pose: 0.463, Acc: 0.998, Student: 1.00, Reliability: 0.847, GateAbs: 2.386e-02, Base Lr: 1.75e-04
2026-07-17 22:36:21 transreid.train INFO: Epoch 83 done. Time per epoch: 24.317[s] Speed: 563.2[samples/s]
2026-07-17 22:36:23 transreid.train INFO: Epoch[84] Iter[20/227] Loss: 0.143, Pose: 0.466, Acc: 0.994, Student: 1.00, Reliability: 0.821, GateAbs: 2.375e-02, Base Lr: 1.66e-04
2026-07-17 22:36:25 transreid.train INFO: Epoch[84] Iter[40/227] Loss: 0.136, Pose: 0.462, Acc: 0.996, Student: 1.00, Reliability: 0.867, GateAbs: 2.381e-02, Base Lr: 1.66e-04
2026-07-17 22:36:28 transreid.train INFO: Epoch[84] Iter[60/227] Loss: 0.135, Pose: 0.461, Acc: 0.996, Student: 1.00, Reliability: 0.853, GateAbs: 2.384e-02, Base Lr: 1.66e-04
2026-07-17 22:36:30 transreid.train INFO: Epoch[84] Iter[80/227] Loss: 0.134, Pose: 0.462, Acc: 0.996, Student: 1.00, Reliability: 0.833, GateAbs: 2.392e-02, Base Lr: 1.66e-04
2026-07-17 22:36:32 transreid.train INFO: Epoch[84] Iter[100/227] Loss: 0.133, Pose: 0.461, Acc: 0.997, Student: 1.00, Reliability: 0.848, GateAbs: 2.399e-02, Base Lr: 1.66e-04
2026-07-17 22:36:34 transreid.train INFO: Epoch[84] Iter[120/227] Loss: 0.130, Pose: 0.461, Acc: 0.997, Student: 1.00, Reliability: 0.846, GateAbs: 2.391e-02, Base Lr: 1.66e-04
2026-07-17 22:36:37 transreid.train INFO: Epoch[84] Iter[140/227] Loss: 0.130, Pose: 0.462, Acc: 0.997, Student: 1.00, Reliability: 0.838, GateAbs: 2.409e-02, Base Lr: 1.66e-04
2026-07-17 22:36:39 transreid.train INFO: Epoch[84] Iter[160/227] Loss: 0.128, Pose: 0.462, Acc: 0.997, Student: 1.00, Reliability: 0.845, GateAbs: 2.412e-02, Base Lr: 1.66e-04
2026-07-17 22:36:41 transreid.train INFO: Epoch[84] Iter[180/227] Loss: 0.127, Pose: 0.462, Acc: 0.997, Student: 1.00, Reliability: 0.826, GateAbs: 2.394e-02, Base Lr: 1.66e-04
2026-07-17 22:36:43 transreid.train INFO: Epoch[84] Iter[200/227] Loss: 0.124, Pose: 0.463, Acc: 0.997, Student: 1.00, Reliability: 0.833, GateAbs: 2.386e-02, Base Lr: 1.66e-04
2026-07-17 22:36:45 transreid.train INFO: Epoch 84 done. Time per epoch: 24.082[s] Speed: 563.4[samples/s]
2026-07-17 22:36:47 transreid.train INFO: Epoch[85] Iter[20/227] Loss: 0.128, Pose: 0.459, Acc: 0.997, Student: 1.00, Reliability: 0.840, GateAbs: 2.408e-02, Base Lr: 1.58e-04
2026-07-17 22:36:50 transreid.train INFO: Epoch[85] Iter[40/227] Loss: 0.132, Pose: 0.466, Acc: 0.997, Student: 1.00, Reliability: 0.834, GateAbs: 2.398e-02, Base Lr: 1.58e-04
2026-07-17 22:36:52 transreid.train INFO: Epoch[85] Iter[60/227] Loss: 0.137, Pose: 0.464, Acc: 0.997, Student: 1.00, Reliability: 0.862, GateAbs: 2.395e-02, Base Lr: 1.58e-04
2026-07-17 22:36:54 transreid.train INFO: Epoch[85] Iter[80/227] Loss: 0.136, Pose: 0.463, Acc: 0.997, Student: 1.00, Reliability: 0.844, GateAbs: 2.397e-02, Base Lr: 1.58e-04
2026-07-17 22:36:56 transreid.train INFO: Epoch[85] Iter[100/227] Loss: 0.133, Pose: 0.463, Acc: 0.997, Student: 1.00, Reliability: 0.832, GateAbs: 2.391e-02, Base Lr: 1.58e-04
2026-07-17 22:36:59 transreid.train INFO: Epoch[85] Iter[120/227] Loss: 0.133, Pose: 0.463, Acc: 0.996, Student: 1.00, Reliability: 0.857, GateAbs: 2.394e-02, Base Lr: 1.58e-04
2026-07-17 22:37:01 transreid.train INFO: Epoch[85] Iter[140/227] Loss: 0.131, Pose: 0.463, Acc: 0.996, Student: 1.00, Reliability: 0.819, GateAbs: 2.386e-02, Base Lr: 1.58e-04
2026-07-17 22:37:03 transreid.train INFO: Epoch[85] Iter[160/227] Loss: 0.128, Pose: 0.463, Acc: 0.997, Student: 1.00, Reliability: 0.839, GateAbs: 2.395e-02, Base Lr: 1.58e-04
2026-07-17 22:37:05 transreid.train INFO: Epoch[85] Iter[180/227] Loss: 0.126, Pose: 0.463, Acc: 0.997, Student: 1.00, Reliability: 0.852, GateAbs: 2.400e-02, Base Lr: 1.58e-04
2026-07-17 22:37:07 transreid.train INFO: Epoch[85] Iter[200/227] Loss: 0.123, Pose: 0.463, Acc: 0.997, Student: 1.00, Reliability: 0.843, GateAbs: 2.399e-02, Base Lr: 1.58e-04
2026-07-17 22:37:09 transreid.train INFO: Epoch 85 done. Time per epoch: 24.007[s] Speed: 562.5[samples/s]
2026-07-17 22:37:11 transreid.train INFO: Epoch[86] Iter[20/227] Loss: 0.133, Pose: 0.465, Acc: 0.999, Student: 1.00, Reliability: 0.842, GateAbs: 2.382e-02, Base Lr: 1.50e-04
2026-07-17 22:37:14 transreid.train INFO: Epoch[86] Iter[40/227] Loss: 0.129, Pose: 0.464, Acc: 0.999, Student: 1.00, Reliability: 0.845, GateAbs: 2.395e-02, Base Lr: 1.50e-04
2026-07-17 22:37:16 transreid.train INFO: Epoch[86] Iter[60/227] Loss: 0.122, Pose: 0.463, Acc: 0.999, Student: 1.00, Reliability: 0.848, GateAbs: 2.390e-02, Base Lr: 1.50e-04
2026-07-17 22:37:18 transreid.train INFO: Epoch[86] Iter[80/227] Loss: 0.122, Pose: 0.463, Acc: 0.999, Student: 1.00, Reliability: 0.837, GateAbs: 2.396e-02, Base Lr: 1.50e-04
2026-07-17 22:37:20 transreid.train INFO: Epoch[86] Iter[100/227] Loss: 0.123, Pose: 0.462, Acc: 0.998, Student: 1.00, Reliability: 0.864, GateAbs: 2.395e-02, Base Lr: 1.50e-04
2026-07-17 22:37:23 transreid.train INFO: Epoch[86] Iter[120/227] Loss: 0.126, Pose: 0.462, Acc: 0.998, Student: 1.00, Reliability: 0.839, GateAbs: 2.393e-02, Base Lr: 1.50e-04
2026-07-17 22:37:25 transreid.train INFO: Epoch[86] Iter[140/227] Loss: 0.125, Pose: 0.462, Acc: 0.998, Student: 1.00, Reliability: 0.847, GateAbs: 2.397e-02, Base Lr: 1.50e-04
2026-07-17 22:37:27 transreid.train INFO: Epoch[86] Iter[160/227] Loss: 0.126, Pose: 0.463, Acc: 0.998, Student: 1.00, Reliability: 0.838, GateAbs: 2.388e-02, Base Lr: 1.50e-04
2026-07-17 22:37:29 transreid.train INFO: Epoch[86] Iter[180/227] Loss: 0.124, Pose: 0.462, Acc: 0.998, Student: 1.00, Reliability: 0.838, GateAbs: 2.412e-02, Base Lr: 1.50e-04
2026-07-17 22:37:32 transreid.train INFO: Epoch[86] Iter[200/227] Loss: 0.123, Pose: 0.463, Acc: 0.997, Student: 1.00, Reliability: 0.835, GateAbs: 2.413e-02, Base Lr: 1.50e-04
2026-07-17 22:37:33 transreid.train INFO: Epoch 86 done. Time per epoch: 24.120[s] Speed: 562.5[samples/s]
2026-07-17 22:37:35 transreid.train INFO: Epoch[87] Iter[20/227] Loss: 0.141, Pose: 0.462, Acc: 0.995, Student: 1.00, Reliability: 0.857, GateAbs: 2.404e-02, Base Lr: 1.42e-04
2026-07-17 22:37:38 transreid.train INFO: Epoch[87] Iter[40/227] Loss: 0.139, Pose: 0.464, Acc: 0.995, Student: 1.00, Reliability: 0.843, GateAbs: 2.406e-02, Base Lr: 1.42e-04
2026-07-17 22:37:40 transreid.train INFO: Epoch[87] Iter[60/227] Loss: 0.135, Pose: 0.463, Acc: 0.995, Student: 1.00, Reliability: 0.846, GateAbs: 2.410e-02, Base Lr: 1.42e-04
2026-07-17 22:37:42 transreid.train INFO: Epoch[87] Iter[80/227] Loss: 0.133, Pose: 0.463, Acc: 0.996, Student: 1.00, Reliability: 0.854, GateAbs: 2.410e-02, Base Lr: 1.42e-04
2026-07-17 22:37:44 transreid.train INFO: Epoch[87] Iter[100/227] Loss: 0.132, Pose: 0.464, Acc: 0.996, Student: 1.00, Reliability: 0.847, GateAbs: 2.378e-02, Base Lr: 1.42e-04
2026-07-17 22:37:47 transreid.train INFO: Epoch[87] Iter[120/227] Loss: 0.132, Pose: 0.464, Acc: 0.996, Student: 1.00, Reliability: 0.853, GateAbs: 2.412e-02, Base Lr: 1.42e-04
2026-07-17 22:37:49 transreid.train INFO: Epoch[87] Iter[140/227] Loss: 0.131, Pose: 0.463, Acc: 0.996, Student: 1.00, Reliability: 0.842, GateAbs: 2.403e-02, Base Lr: 1.42e-04
2026-07-17 22:37:51 transreid.train INFO: Epoch[87] Iter[160/227] Loss: 0.132, Pose: 0.463, Acc: 0.996, Student: 1.00, Reliability: 0.859, GateAbs: 2.428e-02, Base Lr: 1.42e-04
2026-07-17 22:37:53 transreid.train INFO: Epoch[87] Iter[180/227] Loss: 0.130, Pose: 0.463, Acc: 0.997, Student: 1.00, Reliability: 0.837, GateAbs: 2.415e-02, Base Lr: 1.42e-04
2026-07-17 22:37:56 transreid.train INFO: Epoch[87] Iter[200/227] Loss: 0.127, Pose: 0.463, Acc: 0.997, Student: 1.00, Reliability: 0.847, GateAbs: 2.402e-02, Base Lr: 1.42e-04
2026-07-17 22:37:57 transreid.train INFO: Epoch 87 done. Time per epoch: 24.080[s] Speed: 563.5[samples/s]
2026-07-17 22:38:00 transreid.train INFO: Epoch[88] Iter[20/227] Loss: 0.129, Pose: 0.460, Acc: 0.997, Student: 1.00, Reliability: 0.855, GateAbs: 2.421e-02, Base Lr: 1.34e-04
2026-07-17 22:38:02 transreid.train INFO: Epoch[88] Iter[40/227] Loss: 0.136, Pose: 0.461, Acc: 0.996, Student: 1.00, Reliability: 0.854, GateAbs: 2.410e-02, Base Lr: 1.34e-04
2026-07-17 22:38:04 transreid.train INFO: Epoch[88] Iter[60/227] Loss: 0.133, Pose: 0.461, Acc: 0.997, Student: 1.00, Reliability: 0.861, GateAbs: 2.414e-02, Base Lr: 1.34e-04
2026-07-17 22:38:06 transreid.train INFO: Epoch[88] Iter[80/227] Loss: 0.131, Pose: 0.462, Acc: 0.997, Student: 1.00, Reliability: 0.845, GateAbs: 2.406e-02, Base Lr: 1.34e-04
2026-07-17 22:38:08 transreid.train INFO: Epoch[88] Iter[100/227] Loss: 0.127, Pose: 0.461, Acc: 0.998, Student: 1.00, Reliability: 0.844, GateAbs: 2.390e-02, Base Lr: 1.34e-04
2026-07-17 22:38:11 transreid.train INFO: Epoch[88] Iter[120/227] Loss: 0.127, Pose: 0.462, Acc: 0.998, Student: 1.00, Reliability: 0.834, GateAbs: 2.407e-02, Base Lr: 1.34e-04
2026-07-17 22:38:13 transreid.train INFO: Epoch[88] Iter[140/227] Loss: 0.126, Pose: 0.462, Acc: 0.998, Student: 1.00, Reliability: 0.839, GateAbs: 2.396e-02, Base Lr: 1.34e-04
2026-07-17 22:38:15 transreid.train INFO: Epoch[88] Iter[160/227] Loss: 0.125, Pose: 0.462, Acc: 0.998, Student: 1.00, Reliability: 0.849, GateAbs: 2.410e-02, Base Lr: 1.34e-04
2026-07-17 22:38:17 transreid.train INFO: Epoch[88] Iter[180/227] Loss: 0.125, Pose: 0.463, Acc: 0.997, Student: 1.00, Reliability: 0.861, GateAbs: 2.388e-02, Base Lr: 1.34e-04
2026-07-17 22:38:20 transreid.train INFO: Epoch[88] Iter[200/227] Loss: 0.121, Pose: 0.463, Acc: 0.998, Student: 1.00, Reliability: 0.826, GateAbs: 2.401e-02, Base Lr: 1.34e-04
2026-07-17 22:38:21 transreid.train INFO: Epoch 88 done. Time per epoch: 23.984[s] Speed: 563.0[samples/s]
2026-07-17 22:38:24 transreid.train INFO: Epoch[89] Iter[20/227] Loss: 0.142, Pose: 0.457, Acc: 0.997, Student: 1.00, Reliability: 0.855, GateAbs: 2.412e-02, Base Lr: 1.26e-04
2026-07-17 22:38:26 transreid.train INFO: Epoch[89] Iter[40/227] Loss: 0.135, Pose: 0.459, Acc: 0.997, Student: 1.00, Reliability: 0.835, GateAbs: 2.387e-02, Base Lr: 1.26e-04
2026-07-17 22:38:28 transreid.train INFO: Epoch[89] Iter[60/227] Loss: 0.134, Pose: 0.460, Acc: 0.997, Student: 1.00, Reliability: 0.848, GateAbs: 2.393e-02, Base Lr: 1.26e-04
2026-07-17 22:38:30 transreid.train INFO: Epoch[89] Iter[80/227] Loss: 0.133, Pose: 0.460, Acc: 0.997, Student: 1.00, Reliability: 0.848, GateAbs: 2.408e-02, Base Lr: 1.26e-04
2026-07-17 22:38:32 transreid.train INFO: Epoch[89] Iter[100/227] Loss: 0.131, Pose: 0.460, Acc: 0.997, Student: 1.00, Reliability: 0.843, GateAbs: 2.404e-02, Base Lr: 1.26e-04
2026-07-17 22:38:35 transreid.train INFO: Epoch[89] Iter[120/227] Loss: 0.128, Pose: 0.460, Acc: 0.997, Student: 1.00, Reliability: 0.838, GateAbs: 2.395e-02, Base Lr: 1.26e-04
2026-07-17 22:38:37 transreid.train INFO: Epoch[89] Iter[140/227] Loss: 0.126, Pose: 0.460, Acc: 0.997, Student: 1.00, Reliability: 0.838, GateAbs: 2.390e-02, Base Lr: 1.26e-04
2026-07-17 22:38:39 transreid.train INFO: Epoch[89] Iter[160/227] Loss: 0.125, Pose: 0.461, Acc: 0.997, Student: 1.00, Reliability: 0.845, GateAbs: 2.404e-02, Base Lr: 1.26e-04
2026-07-17 22:38:41 transreid.train INFO: Epoch[89] Iter[180/227] Loss: 0.123, Pose: 0.462, Acc: 0.997, Student: 1.00, Reliability: 0.835, GateAbs: 2.380e-02, Base Lr: 1.26e-04
2026-07-17 22:38:44 transreid.train INFO: Epoch[89] Iter[200/227] Loss: 0.122, Pose: 0.462, Acc: 0.997, Student: 1.00, Reliability: 0.835, GateAbs: 2.388e-02, Base Lr: 1.26e-04
2026-07-17 22:38:45 transreid.train INFO: Epoch 89 done. Time per epoch: 23.997[s] Speed: 562.7[samples/s]
2026-07-17 22:38:47 transreid.train INFO: Epoch[90] Iter[20/227] Loss: 0.131, Pose: 0.466, Acc: 0.996, Student: 1.00, Reliability: 0.847, GateAbs: 2.408e-02, Base Lr: 1.19e-04
2026-07-17 22:38:50 transreid.train INFO: Epoch[90] Iter[40/227] Loss: 0.133, Pose: 0.463, Acc: 0.996, Student: 1.00, Reliability: 0.833, GateAbs: 2.387e-02, Base Lr: 1.19e-04
2026-07-17 22:38:52 transreid.train INFO: Epoch[90] Iter[60/227] Loss: 0.127, Pose: 0.462, Acc: 0.996, Student: 1.00, Reliability: 0.845, GateAbs: 2.400e-02, Base Lr: 1.19e-04
2026-07-17 22:38:54 transreid.train INFO: Epoch[90] Iter[80/227] Loss: 0.133, Pose: 0.461, Acc: 0.996, Student: 1.00, Reliability: 0.849, GateAbs: 2.384e-02, Base Lr: 1.19e-04
2026-07-17 22:38:56 transreid.train INFO: Epoch[90] Iter[100/227] Loss: 0.132, Pose: 0.460, Acc: 0.996, Student: 1.00, Reliability: 0.842, GateAbs: 2.389e-02, Base Lr: 1.19e-04
2026-07-17 22:38:59 transreid.train INFO: Epoch[90] Iter[120/227] Loss: 0.130, Pose: 0.462, Acc: 0.996, Student: 1.00, Reliability: 0.852, GateAbs: 2.395e-02, Base Lr: 1.19e-04
2026-07-17 22:39:01 transreid.train INFO: Epoch[90] Iter[140/227] Loss: 0.127, Pose: 0.462, Acc: 0.997, Student: 1.00, Reliability: 0.837, GateAbs: 2.381e-02, Base Lr: 1.19e-04
2026-07-17 22:39:03 transreid.train INFO: Epoch[90] Iter[160/227] Loss: 0.124, Pose: 0.462, Acc: 0.997, Student: 1.00, Reliability: 0.829, GateAbs: 2.397e-02, Base Lr: 1.19e-04
2026-07-17 22:39:05 transreid.train INFO: Epoch[90] Iter[180/227] Loss: 0.123, Pose: 0.462, Acc: 0.997, Student: 1.00, Reliability: 0.848, GateAbs: 2.402e-02, Base Lr: 1.19e-04
2026-07-17 22:39:08 transreid.train INFO: Epoch[90] Iter[200/227] Loss: 0.122, Pose: 0.463, Acc: 0.997, Student: 1.00, Reliability: 0.831, GateAbs: 2.410e-02, Base Lr: 1.19e-04
2026-07-17 22:39:09 transreid.train INFO: Epoch 90 done. Time per epoch: 24.226[s] Speed: 562.7[samples/s]
The test feature is normalized
=> Computing DistMat with euclidean_distance
2026-07-17 22:39:32 transreid.train INFO: Validation Results - Epoch: 90
2026-07-17 22:39:32 transreid.train INFO: mAP: 57.5%
2026-07-17 22:39:32 transreid.train INFO: CMC curve, Rank-1  :67.9%
2026-07-17 22:39:32 transreid.train INFO: CMC curve, Rank-5  :81.2%
2026-07-17 22:39:32 transreid.train INFO: CMC curve, Rank-10 :85.3%
2026-07-17 22:39:35 transreid.train INFO: Epoch[91] Iter[20/227] Loss: 0.130, Pose: 0.462, Acc: 0.995, Student: 1.00, Reliability: 0.855, GateAbs: 2.396e-02, Base Lr: 1.11e-04
2026-07-17 22:39:37 transreid.train INFO: Epoch[91] Iter[40/227] Loss: 0.130, Pose: 0.461, Acc: 0.996, Student: 1.00, Reliability: 0.839, GateAbs: 2.393e-02, Base Lr: 1.11e-04
2026-07-17 22:39:39 transreid.train INFO: Epoch[91] Iter[60/227] Loss: 0.137, Pose: 0.460, Acc: 0.997, Student: 1.00, Reliability: 0.850, GateAbs: 2.390e-02, Base Lr: 1.11e-04
2026-07-17 22:39:41 transreid.train INFO: Epoch[91] Iter[80/227] Loss: 0.132, Pose: 0.460, Acc: 0.997, Student: 1.00, Reliability: 0.843, GateAbs: 2.408e-02, Base Lr: 1.11e-04
2026-07-17 22:39:44 transreid.train INFO: Epoch[91] Iter[100/227] Loss: 0.134, Pose: 0.461, Acc: 0.997, Student: 1.00, Reliability: 0.832, GateAbs: 2.387e-02, Base Lr: 1.11e-04
2026-07-17 22:39:46 transreid.train INFO: Epoch[91] Iter[120/227] Loss: 0.130, Pose: 0.461, Acc: 0.997, Student: 1.00, Reliability: 0.845, GateAbs: 2.408e-02, Base Lr: 1.11e-04
2026-07-17 22:39:48 transreid.train INFO: Epoch[91] Iter[140/227] Loss: 0.128, Pose: 0.462, Acc: 0.997, Student: 1.00, Reliability: 0.849, GateAbs: 2.385e-02, Base Lr: 1.11e-04
2026-07-17 22:39:50 transreid.train INFO: Epoch[91] Iter[160/227] Loss: 0.127, Pose: 0.462, Acc: 0.997, Student: 1.00, Reliability: 0.852, GateAbs: 2.405e-02, Base Lr: 1.11e-04
2026-07-17 22:39:53 transreid.train INFO: Epoch[91] Iter[180/227] Loss: 0.125, Pose: 0.462, Acc: 0.997, Student: 1.00, Reliability: 0.835, GateAbs: 2.411e-02, Base Lr: 1.11e-04
2026-07-17 22:39:55 transreid.train INFO: Epoch[91] Iter[200/227] Loss: 0.122, Pose: 0.462, Acc: 0.997, Student: 1.00, Reliability: 0.838, GateAbs: 2.413e-02, Base Lr: 1.11e-04
2026-07-17 22:39:56 transreid.train INFO: Epoch 91 done. Time per epoch: 24.033[s] Speed: 561.9[samples/s]
2026-07-17 22:39:59 transreid.train INFO: Epoch[92] Iter[20/227] Loss: 0.127, Pose: 0.460, Acc: 0.998, Student: 1.00, Reliability: 0.829, GateAbs: 2.388e-02, Base Lr: 1.04e-04
2026-07-17 22:40:01 transreid.train INFO: Epoch[92] Iter[40/227] Loss: 0.130, Pose: 0.462, Acc: 0.998, Student: 1.00, Reliability: 0.850, GateAbs: 2.381e-02, Base Lr: 1.04e-04
2026-07-17 22:40:03 transreid.train INFO: Epoch[92] Iter[60/227] Loss: 0.131, Pose: 0.462, Acc: 0.997, Student: 1.00, Reliability: 0.835, GateAbs: 2.390e-02, Base Lr: 1.04e-04
2026-07-17 22:40:05 transreid.train INFO: Epoch[92] Iter[80/227] Loss: 0.129, Pose: 0.463, Acc: 0.997, Student: 1.00, Reliability: 0.846, GateAbs: 2.397e-02, Base Lr: 1.04e-04
2026-07-17 22:40:08 transreid.train INFO: Epoch[92] Iter[100/227] Loss: 0.129, Pose: 0.463, Acc: 0.997, Student: 1.00, Reliability: 0.847, GateAbs: 2.398e-02, Base Lr: 1.04e-04
2026-07-17 22:40:10 transreid.train INFO: Epoch[92] Iter[120/227] Loss: 0.128, Pose: 0.463, Acc: 0.997, Student: 1.00, Reliability: 0.848, GateAbs: 2.385e-02, Base Lr: 1.04e-04
2026-07-17 22:40:12 transreid.train INFO: Epoch[92] Iter[140/227] Loss: 0.127, Pose: 0.463, Acc: 0.997, Student: 1.00, Reliability: 0.848, GateAbs: 2.397e-02, Base Lr: 1.04e-04
2026-07-17 22:40:14 transreid.train INFO: Epoch[92] Iter[160/227] Loss: 0.125, Pose: 0.463, Acc: 0.997, Student: 1.00, Reliability: 0.873, GateAbs: 2.404e-02, Base Lr: 1.04e-04
2026-07-17 22:40:17 transreid.train INFO: Epoch[92] Iter[180/227] Loss: 0.123, Pose: 0.463, Acc: 0.997, Student: 1.00, Reliability: 0.834, GateAbs: 2.388e-02, Base Lr: 1.04e-04
2026-07-17 22:40:19 transreid.train INFO: Epoch[92] Iter[200/227] Loss: 0.121, Pose: 0.463, Acc: 0.998, Student: 1.00, Reliability: 0.834, GateAbs: 2.413e-02, Base Lr: 1.04e-04
2026-07-17 22:40:20 transreid.train INFO: Epoch 92 done. Time per epoch: 24.134[s] Speed: 562.2[samples/s]
2026-07-17 22:40:23 transreid.train INFO: Epoch[93] Iter[20/227] Loss: 0.156, Pose: 0.457, Acc: 0.995, Student: 1.00, Reliability: 0.840, GateAbs: 2.403e-02, Base Lr: 9.72e-05
2026-07-17 22:40:25 transreid.train INFO: Epoch[93] Iter[40/227] Loss: 0.144, Pose: 0.460, Acc: 0.996, Student: 1.00, Reliability: 0.821, GateAbs: 2.375e-02, Base Lr: 9.72e-05
2026-07-17 22:40:27 transreid.train INFO: Epoch[93] Iter[60/227] Loss: 0.140, Pose: 0.460, Acc: 0.997, Student: 1.00, Reliability: 0.851, GateAbs: 2.389e-02, Base Lr: 9.72e-05
2026-07-17 22:40:29 transreid.train INFO: Epoch[93] Iter[80/227] Loss: 0.139, Pose: 0.460, Acc: 0.997, Student: 1.00, Reliability: 0.822, GateAbs: 2.392e-02, Base Lr: 9.72e-05
2026-07-17 22:40:32 transreid.train INFO: Epoch[93] Iter[100/227] Loss: 0.136, Pose: 0.461, Acc: 0.997, Student: 1.00, Reliability: 0.862, GateAbs: 2.417e-02, Base Lr: 9.72e-05
2026-07-17 22:40:34 transreid.train INFO: Epoch[93] Iter[120/227] Loss: 0.134, Pose: 0.461, Acc: 0.997, Student: 1.00, Reliability: 0.841, GateAbs: 2.394e-02, Base Lr: 9.72e-05
2026-07-17 22:40:36 transreid.train INFO: Epoch[93] Iter[140/227] Loss: 0.131, Pose: 0.462, Acc: 0.997, Student: 1.00, Reliability: 0.851, GateAbs: 2.402e-02, Base Lr: 9.72e-05
2026-07-17 22:40:38 transreid.train INFO: Epoch[93] Iter[160/227] Loss: 0.128, Pose: 0.462, Acc: 0.998, Student: 1.00, Reliability: 0.849, GateAbs: 2.368e-02, Base Lr: 9.72e-05
2026-07-17 22:40:41 transreid.train INFO: Epoch[93] Iter[180/227] Loss: 0.127, Pose: 0.463, Acc: 0.998, Student: 1.00, Reliability: 0.850, GateAbs: 2.393e-02, Base Lr: 9.72e-05
2026-07-17 22:40:43 transreid.train INFO: Epoch[93] Iter[200/227] Loss: 0.125, Pose: 0.463, Acc: 0.997, Student: 1.00, Reliability: 0.851, GateAbs: 2.389e-02, Base Lr: 9.72e-05
2026-07-17 22:40:44 transreid.train INFO: Epoch 93 done. Time per epoch: 24.250[s] Speed: 562.1[samples/s]
2026-07-17 22:40:47 transreid.train INFO: Epoch[94] Iter[20/227] Loss: 0.128, Pose: 0.463, Acc: 0.996, Student: 1.00, Reliability: 0.852, GateAbs: 2.409e-02, Base Lr: 9.06e-05
2026-07-17 22:40:49 transreid.train INFO: Epoch[94] Iter[40/227] Loss: 0.137, Pose: 0.464, Acc: 0.996, Student: 1.00, Reliability: 0.838, GateAbs: 2.401e-02, Base Lr: 9.06e-05
2026-07-17 22:40:51 transreid.train INFO: Epoch[94] Iter[60/227] Loss: 0.130, Pose: 0.464, Acc: 0.997, Student: 1.00, Reliability: 0.821, GateAbs: 2.387e-02, Base Lr: 9.06e-05
2026-07-17 22:40:54 transreid.train INFO: Epoch[94] Iter[80/227] Loss: 0.131, Pose: 0.463, Acc: 0.997, Student: 1.00, Reliability: 0.849, GateAbs: 2.383e-02, Base Lr: 9.06e-05
2026-07-17 22:40:56 transreid.train INFO: Epoch[94] Iter[100/227] Loss: 0.129, Pose: 0.463, Acc: 0.998, Student: 1.00, Reliability: 0.853, GateAbs: 2.397e-02, Base Lr: 9.06e-05
2026-07-17 22:40:58 transreid.train INFO: Epoch[94] Iter[120/227] Loss: 0.127, Pose: 0.462, Acc: 0.997, Student: 1.00, Reliability: 0.830, GateAbs: 2.398e-02, Base Lr: 9.06e-05
2026-07-17 22:41:00 transreid.train INFO: Epoch[94] Iter[140/227] Loss: 0.124, Pose: 0.462, Acc: 0.998, Student: 1.00, Reliability: 0.836, GateAbs: 2.411e-02, Base Lr: 9.06e-05
2026-07-17 22:41:03 transreid.train INFO: Epoch[94] Iter[160/227] Loss: 0.124, Pose: 0.463, Acc: 0.997, Student: 1.00, Reliability: 0.845, GateAbs: 2.392e-02, Base Lr: 9.06e-05
2026-07-17 22:41:05 transreid.train INFO: Epoch[94] Iter[180/227] Loss: 0.124, Pose: 0.462, Acc: 0.997, Student: 1.00, Reliability: 0.843, GateAbs: 2.389e-02, Base Lr: 9.06e-05
2026-07-17 22:41:07 transreid.train INFO: Epoch[94] Iter[200/227] Loss: 0.120, Pose: 0.462, Acc: 0.998, Student: 1.00, Reliability: 0.819, GateAbs: 2.398e-02, Base Lr: 9.06e-05
2026-07-17 22:41:08 transreid.train INFO: Epoch 94 done. Time per epoch: 24.028[s] Speed: 562.0[samples/s]
2026-07-17 22:41:11 transreid.train INFO: Epoch[95] Iter[20/227] Loss: 0.143, Pose: 0.464, Acc: 0.998, Student: 1.00, Reliability: 0.832, GateAbs: 2.379e-02, Base Lr: 8.41e-05
2026-07-17 22:41:13 transreid.train INFO: Epoch[95] Iter[40/227] Loss: 0.135, Pose: 0.461, Acc: 0.998, Student: 1.00, Reliability: 0.841, GateAbs: 2.403e-02, Base Lr: 8.41e-05
2026-07-17 22:41:15 transreid.train INFO: Epoch[95] Iter[60/227] Loss: 0.136, Pose: 0.462, Acc: 0.998, Student: 1.00, Reliability: 0.842, GateAbs: 2.397e-02, Base Lr: 8.41e-05
2026-07-17 22:41:18 transreid.train INFO: Epoch[95] Iter[80/227] Loss: 0.134, Pose: 0.463, Acc: 0.997, Student: 1.00, Reliability: 0.822, GateAbs: 2.415e-02, Base Lr: 8.41e-05
2026-07-17 22:41:20 transreid.train INFO: Epoch[95] Iter[100/227] Loss: 0.130, Pose: 0.463, Acc: 0.998, Student: 1.00, Reliability: 0.842, GateAbs: 2.406e-02, Base Lr: 8.41e-05
2026-07-17 22:41:22 transreid.train INFO: Epoch[95] Iter[120/227] Loss: 0.127, Pose: 0.463, Acc: 0.998, Student: 1.00, Reliability: 0.852, GateAbs: 2.390e-02, Base Lr: 8.41e-05
2026-07-17 22:41:24 transreid.train INFO: Epoch[95] Iter[140/227] Loss: 0.124, Pose: 0.464, Acc: 0.998, Student: 1.00, Reliability: 0.847, GateAbs: 2.395e-02, Base Lr: 8.41e-05
2026-07-17 22:41:27 transreid.train INFO: Epoch[95] Iter[160/227] Loss: 0.123, Pose: 0.463, Acc: 0.998, Student: 1.00, Reliability: 0.867, GateAbs: 2.394e-02, Base Lr: 8.41e-05
2026-07-17 22:41:29 transreid.train INFO: Epoch[95] Iter[180/227] Loss: 0.119, Pose: 0.462, Acc: 0.998, Student: 1.00, Reliability: 0.843, GateAbs: 2.408e-02, Base Lr: 8.41e-05
2026-07-17 22:41:31 transreid.train INFO: Epoch[95] Iter[200/227] Loss: 0.117, Pose: 0.462, Acc: 0.998, Student: 1.00, Reliability: 0.855, GateAbs: 2.420e-02, Base Lr: 8.41e-05
2026-07-17 22:41:32 transreid.train INFO: Epoch 95 done. Time per epoch: 23.974[s] Speed: 563.3[samples/s]
2026-07-17 22:41:35 transreid.train INFO: Epoch[96] Iter[20/227] Loss: 0.139, Pose: 0.454, Acc: 0.997, Student: 1.00, Reliability: 0.851, GateAbs: 2.416e-02, Base Lr: 7.78e-05
2026-07-17 22:41:37 transreid.train INFO: Epoch[96] Iter[40/227] Loss: 0.132, Pose: 0.458, Acc: 0.996, Student: 1.00, Reliability: 0.842, GateAbs: 2.399e-02, Base Lr: 7.78e-05
2026-07-17 22:41:39 transreid.train INFO: Epoch[96] Iter[60/227] Loss: 0.128, Pose: 0.458, Acc: 0.997, Student: 1.00, Reliability: 0.853, GateAbs: 2.389e-02, Base Lr: 7.78e-05
2026-07-17 22:41:42 transreid.train INFO: Epoch[96] Iter[80/227] Loss: 0.126, Pose: 0.459, Acc: 0.998, Student: 1.00, Reliability: 0.855, GateAbs: 2.399e-02, Base Lr: 7.78e-05
2026-07-17 22:41:44 transreid.train INFO: Epoch[96] Iter[100/227] Loss: 0.125, Pose: 0.460, Acc: 0.998, Student: 1.00, Reliability: 0.849, GateAbs: 2.415e-02, Base Lr: 7.78e-05
2026-07-17 22:41:46 transreid.train INFO: Epoch[96] Iter[120/227] Loss: 0.122, Pose: 0.460, Acc: 0.998, Student: 1.00, Reliability: 0.855, GateAbs: 2.404e-02, Base Lr: 7.78e-05
2026-07-17 22:41:48 transreid.train INFO: Epoch[96] Iter[140/227] Loss: 0.120, Pose: 0.461, Acc: 0.998, Student: 1.00, Reliability: 0.842, GateAbs: 2.389e-02, Base Lr: 7.78e-05
2026-07-17 22:41:51 transreid.train INFO: Epoch[96] Iter[160/227] Loss: 0.118, Pose: 0.461, Acc: 0.998, Student: 1.00, Reliability: 0.851, GateAbs: 2.394e-02, Base Lr: 7.78e-05
2026-07-17 22:41:53 transreid.train INFO: Epoch[96] Iter[180/227] Loss: 0.116, Pose: 0.462, Acc: 0.998, Student: 1.00, Reliability: 0.814, GateAbs: 2.403e-02, Base Lr: 7.78e-05
2026-07-17 22:41:55 transreid.train INFO: Epoch[96] Iter[200/227] Loss: 0.115, Pose: 0.463, Acc: 0.998, Student: 1.00, Reliability: 0.836, GateAbs: 2.407e-02, Base Lr: 7.78e-05
2026-07-17 22:41:57 transreid.train INFO: Epoch 96 done. Time per epoch: 24.103[s] Speed: 562.9[samples/s]
2026-07-17 22:41:59 transreid.train INFO: Epoch[97] Iter[20/227] Loss: 0.133, Pose: 0.462, Acc: 0.994, Student: 1.00, Reliability: 0.863, GateAbs: 2.402e-02, Base Lr: 7.18e-05
2026-07-17 22:42:01 transreid.train INFO: Epoch[97] Iter[40/227] Loss: 0.131, Pose: 0.459, Acc: 0.995, Student: 1.00, Reliability: 0.856, GateAbs: 2.403e-02, Base Lr: 7.18e-05
2026-07-17 22:42:04 transreid.train INFO: Epoch[97] Iter[60/227] Loss: 0.134, Pose: 0.459, Acc: 0.995, Student: 1.00, Reliability: 0.844, GateAbs: 2.394e-02, Base Lr: 7.18e-05
2026-07-17 22:42:06 transreid.train INFO: Epoch[97] Iter[80/227] Loss: 0.129, Pose: 0.459, Acc: 0.996, Student: 1.00, Reliability: 0.852, GateAbs: 2.401e-02, Base Lr: 7.18e-05
2026-07-17 22:42:08 transreid.train INFO: Epoch[97] Iter[100/227] Loss: 0.127, Pose: 0.460, Acc: 0.996, Student: 1.00, Reliability: 0.852, GateAbs: 2.392e-02, Base Lr: 7.18e-05
2026-07-17 22:42:10 transreid.train INFO: Epoch[97] Iter[120/227] Loss: 0.126, Pose: 0.461, Acc: 0.996, Student: 1.00, Reliability: 0.850, GateAbs: 2.399e-02, Base Lr: 7.18e-05
2026-07-17 22:42:13 transreid.train INFO: Epoch[97] Iter[140/227] Loss: 0.123, Pose: 0.460, Acc: 0.997, Student: 1.00, Reliability: 0.864, GateAbs: 2.400e-02, Base Lr: 7.18e-05
2026-07-17 22:42:15 transreid.train INFO: Epoch[97] Iter[160/227] Loss: 0.120, Pose: 0.460, Acc: 0.997, Student: 1.00, Reliability: 0.814, GateAbs: 2.401e-02, Base Lr: 7.18e-05
2026-07-17 22:42:17 transreid.train INFO: Epoch[97] Iter[180/227] Loss: 0.119, Pose: 0.461, Acc: 0.997, Student: 1.00, Reliability: 0.845, GateAbs: 2.410e-02, Base Lr: 7.18e-05
2026-07-17 22:42:19 transreid.train INFO: Epoch[97] Iter[200/227] Loss: 0.116, Pose: 0.462, Acc: 0.997, Student: 1.00, Reliability: 0.845, GateAbs: 2.396e-02, Base Lr: 7.18e-05
2026-07-17 22:42:21 transreid.train INFO: Epoch 97 done. Time per epoch: 24.215[s] Speed: 563.0[samples/s]
2026-07-17 22:42:23 transreid.train INFO: Epoch[98] Iter[20/227] Loss: 0.148, Pose: 0.458, Acc: 0.997, Student: 1.00, Reliability: 0.841, GateAbs: 2.397e-02, Base Lr: 6.60e-05
2026-07-17 22:42:26 transreid.train INFO: Epoch[98] Iter[40/227] Loss: 0.143, Pose: 0.458, Acc: 0.996, Student: 1.00, Reliability: 0.859, GateAbs: 2.402e-02, Base Lr: 6.60e-05
2026-07-17 22:42:28 transreid.train INFO: Epoch[98] Iter[60/227] Loss: 0.139, Pose: 0.460, Acc: 0.997, Student: 1.00, Reliability: 0.860, GateAbs: 2.412e-02, Base Lr: 6.60e-05
2026-07-17 22:42:30 transreid.train INFO: Epoch[98] Iter[80/227] Loss: 0.133, Pose: 0.459, Acc: 0.998, Student: 1.00, Reliability: 0.838, GateAbs: 2.400e-02, Base Lr: 6.60e-05
2026-07-17 22:42:32 transreid.train INFO: Epoch[98] Iter[100/227] Loss: 0.127, Pose: 0.458, Acc: 0.998, Student: 1.00, Reliability: 0.854, GateAbs: 2.395e-02, Base Lr: 6.60e-05
2026-07-17 22:42:35 transreid.train INFO: Epoch[98] Iter[120/227] Loss: 0.124, Pose: 0.459, Acc: 0.998, Student: 1.00, Reliability: 0.842, GateAbs: 2.393e-02, Base Lr: 6.60e-05
2026-07-17 22:42:37 transreid.train INFO: Epoch[98] Iter[140/227] Loss: 0.123, Pose: 0.460, Acc: 0.998, Student: 1.00, Reliability: 0.848, GateAbs: 2.398e-02, Base Lr: 6.60e-05
2026-07-17 22:42:39 transreid.train INFO: Epoch[98] Iter[160/227] Loss: 0.122, Pose: 0.461, Acc: 0.998, Student: 1.00, Reliability: 0.841, GateAbs: 2.413e-02, Base Lr: 6.60e-05
2026-07-17 22:42:41 transreid.train INFO: Epoch[98] Iter[180/227] Loss: 0.121, Pose: 0.461, Acc: 0.998, Student: 1.00, Reliability: 0.839, GateAbs: 2.413e-02, Base Lr: 6.60e-05
2026-07-17 22:42:44 transreid.train INFO: Epoch[98] Iter[200/227] Loss: 0.119, Pose: 0.462, Acc: 0.998, Student: 1.00, Reliability: 0.819, GateAbs: 2.397e-02, Base Lr: 6.60e-05
2026-07-17 22:42:45 transreid.train INFO: Epoch 98 done. Time per epoch: 24.037[s] Speed: 561.8[samples/s]
2026-07-17 22:42:47 transreid.train INFO: Epoch[99] Iter[20/227] Loss: 0.125, Pose: 0.456, Acc: 0.996, Student: 1.00, Reliability: 0.848, GateAbs: 2.404e-02, Base Lr: 6.04e-05
2026-07-17 22:42:50 transreid.train INFO: Epoch[99] Iter[40/227] Loss: 0.120, Pose: 0.459, Acc: 0.998, Student: 1.00, Reliability: 0.846, GateAbs: 2.395e-02, Base Lr: 6.04e-05
2026-07-17 22:42:52 transreid.train INFO: Epoch[99] Iter[60/227] Loss: 0.122, Pose: 0.458, Acc: 0.997, Student: 1.00, Reliability: 0.861, GateAbs: 2.402e-02, Base Lr: 6.04e-05
2026-07-17 22:42:54 transreid.train INFO: Epoch[99] Iter[80/227] Loss: 0.125, Pose: 0.459, Acc: 0.997, Student: 1.00, Reliability: 0.851, GateAbs: 2.389e-02, Base Lr: 6.04e-05
2026-07-17 22:42:56 transreid.train INFO: Epoch[99] Iter[100/227] Loss: 0.122, Pose: 0.460, Acc: 0.997, Student: 1.00, Reliability: 0.847, GateAbs: 2.407e-02, Base Lr: 6.04e-05
2026-07-17 22:42:59 transreid.train INFO: Epoch[99] Iter[120/227] Loss: 0.119, Pose: 0.459, Acc: 0.998, Student: 1.00, Reliability: 0.838, GateAbs: 2.396e-02, Base Lr: 6.04e-05
2026-07-17 22:43:01 transreid.train INFO: Epoch[99] Iter[140/227] Loss: 0.119, Pose: 0.460, Acc: 0.998, Student: 1.00, Reliability: 0.853, GateAbs: 2.415e-02, Base Lr: 6.04e-05
2026-07-17 22:43:03 transreid.train INFO: Epoch[99] Iter[160/227] Loss: 0.118, Pose: 0.460, Acc: 0.998, Student: 1.00, Reliability: 0.838, GateAbs: 2.409e-02, Base Lr: 6.04e-05
2026-07-17 22:43:05 transreid.train INFO: Epoch[99] Iter[180/227] Loss: 0.117, Pose: 0.460, Acc: 0.997, Student: 1.00, Reliability: 0.847, GateAbs: 2.390e-02, Base Lr: 6.04e-05
2026-07-17 22:43:08 transreid.train INFO: Epoch[99] Iter[200/227] Loss: 0.115, Pose: 0.462, Acc: 0.998, Student: 1.00, Reliability: 0.844, GateAbs: 2.409e-02, Base Lr: 6.04e-05
2026-07-17 22:43:09 transreid.train INFO: Epoch 99 done. Time per epoch: 24.239[s] Speed: 562.4[samples/s]
2026-07-17 22:43:12 transreid.train INFO: Epoch[100] Iter[20/227] Loss: 0.131, Pose: 0.457, Acc: 0.997, Student: 1.00, Reliability: 0.852, GateAbs: 2.397e-02, Base Lr: 5.51e-05
2026-07-17 22:43:14 transreid.train INFO: Epoch[100] Iter[40/227] Loss: 0.128, Pose: 0.460, Acc: 0.997, Student: 1.00, Reliability: 0.841, GateAbs: 2.405e-02, Base Lr: 5.51e-05
2026-07-17 22:43:16 transreid.train INFO: Epoch[100] Iter[60/227] Loss: 0.130, Pose: 0.461, Acc: 0.997, Student: 1.00, Reliability: 0.840, GateAbs: 2.400e-02, Base Lr: 5.51e-05
2026-07-17 22:43:18 transreid.train INFO: Epoch[100] Iter[80/227] Loss: 0.130, Pose: 0.462, Acc: 0.997, Student: 1.00, Reliability: 0.863, GateAbs: 2.384e-02, Base Lr: 5.51e-05
2026-07-17 22:43:21 transreid.train INFO: Epoch[100] Iter[100/227] Loss: 0.127, Pose: 0.462, Acc: 0.997, Student: 1.00, Reliability: 0.827, GateAbs: 2.394e-02, Base Lr: 5.51e-05
2026-07-17 22:43:23 transreid.train INFO: Epoch[100] Iter[120/227] Loss: 0.128, Pose: 0.462, Acc: 0.997, Student: 1.00, Reliability: 0.852, GateAbs: 2.411e-02, Base Lr: 5.51e-05
2026-07-17 22:43:25 transreid.train INFO: Epoch[100] Iter[140/227] Loss: 0.126, Pose: 0.462, Acc: 0.997, Student: 1.00, Reliability: 0.855, GateAbs: 2.412e-02, Base Lr: 5.51e-05
2026-07-17 22:43:27 transreid.train INFO: Epoch[100] Iter[160/227] Loss: 0.122, Pose: 0.462, Acc: 0.997, Student: 1.00, Reliability: 0.857, GateAbs: 2.386e-02, Base Lr: 5.51e-05
2026-07-17 22:43:30 transreid.train INFO: Epoch[100] Iter[180/227] Loss: 0.121, Pose: 0.462, Acc: 0.997, Student: 1.00, Reliability: 0.863, GateAbs: 2.403e-02, Base Lr: 5.51e-05
2026-07-17 22:43:32 transreid.train INFO: Epoch[100] Iter[200/227] Loss: 0.120, Pose: 0.462, Acc: 0.997, Student: 1.00, Reliability: 0.851, GateAbs: 2.412e-02, Base Lr: 5.51e-05
2026-07-17 22:43:33 transreid.train INFO: Epoch 100 done. Time per epoch: 24.028[s] Speed: 562.0[samples/s]
The test feature is normalized
=> Computing DistMat with euclidean_distance
2026-07-17 22:43:56 transreid.train INFO: Validation Results - Epoch: 100
2026-07-17 22:43:56 transreid.train INFO: mAP: 56.9%
2026-07-17 22:43:56 transreid.train INFO: CMC curve, Rank-1  :67.1%
2026-07-17 22:43:56 transreid.train INFO: CMC curve, Rank-5  :79.6%
2026-07-17 22:43:56 transreid.train INFO: CMC curve, Rank-10 :83.8%
2026-07-17 22:43:59 transreid.train INFO: Epoch[101] Iter[20/227] Loss: 0.136, Pose: 0.466, Acc: 0.996, Student: 1.00, Reliability: 0.860, GateAbs: 2.392e-02, Base Lr: 5.00e-05
2026-07-17 22:44:01 transreid.train INFO: Epoch[101] Iter[40/227] Loss: 0.129, Pose: 0.461, Acc: 0.996, Student: 1.00, Reliability: 0.845, GateAbs: 2.394e-02, Base Lr: 5.00e-05
2026-07-17 22:44:03 transreid.train INFO: Epoch[101] Iter[60/227] Loss: 0.125, Pose: 0.465, Acc: 0.997, Student: 1.00, Reliability: 0.841, GateAbs: 2.405e-02, Base Lr: 5.00e-05
2026-07-17 22:44:05 transreid.train INFO: Epoch[101] Iter[80/227] Loss: 0.123, Pose: 0.466, Acc: 0.997, Student: 1.00, Reliability: 0.818, GateAbs: 2.380e-02, Base Lr: 5.00e-05
2026-07-17 22:44:07 transreid.train INFO: Epoch[101] Iter[100/227] Loss: 0.124, Pose: 0.464, Acc: 0.998, Student: 1.00, Reliability: 0.840, GateAbs: 2.394e-02, Base Lr: 5.00e-05
2026-07-17 22:44:10 transreid.train INFO: Epoch[101] Iter[120/227] Loss: 0.124, Pose: 0.464, Acc: 0.998, Student: 1.00, Reliability: 0.837, GateAbs: 2.412e-02, Base Lr: 5.00e-05
2026-07-17 22:44:12 transreid.train INFO: Epoch[101] Iter[140/227] Loss: 0.121, Pose: 0.463, Acc: 0.998, Student: 1.00, Reliability: 0.850, GateAbs: 2.391e-02, Base Lr: 5.00e-05
2026-07-17 22:44:14 transreid.train INFO: Epoch[101] Iter[160/227] Loss: 0.119, Pose: 0.463, Acc: 0.998, Student: 1.00, Reliability: 0.839, GateAbs: 2.412e-02, Base Lr: 5.00e-05
2026-07-17 22:44:16 transreid.train INFO: Epoch[101] Iter[180/227] Loss: 0.117, Pose: 0.463, Acc: 0.998, Student: 1.00, Reliability: 0.863, GateAbs: 2.405e-02, Base Lr: 5.00e-05
2026-07-17 22:44:19 transreid.train INFO: Epoch[101] Iter[200/227] Loss: 0.113, Pose: 0.463, Acc: 0.998, Student: 1.00, Reliability: 0.843, GateAbs: 2.417e-02, Base Lr: 5.00e-05
2026-07-17 22:44:20 transreid.train INFO: Epoch 101 done. Time per epoch: 24.228[s] Speed: 562.7[samples/s]
2026-07-17 22:44:23 transreid.train INFO: Epoch[102] Iter[20/227] Loss: 0.126, Pose: 0.461, Acc: 0.998, Student: 1.00, Reliability: 0.838, GateAbs: 2.401e-02, Base Lr: 4.51e-05
2026-07-17 22:44:25 transreid.train INFO: Epoch[102] Iter[40/227] Loss: 0.127, Pose: 0.462, Acc: 0.998, Student: 1.00, Reliability: 0.826, GateAbs: 2.395e-02, Base Lr: 4.51e-05
2026-07-17 22:44:27 transreid.train INFO: Epoch[102] Iter[60/227] Loss: 0.122, Pose: 0.461, Acc: 0.999, Student: 1.00, Reliability: 0.856, GateAbs: 2.397e-02, Base Lr: 4.51e-05
2026-07-17 22:44:29 transreid.train INFO: Epoch[102] Iter[80/227] Loss: 0.121, Pose: 0.461, Acc: 0.998, Student: 1.00, Reliability: 0.857, GateAbs: 2.423e-02, Base Lr: 4.51e-05
2026-07-17 22:44:32 transreid.train INFO: Epoch[102] Iter[100/227] Loss: 0.123, Pose: 0.461, Acc: 0.998, Student: 1.00, Reliability: 0.837, GateAbs: 2.397e-02, Base Lr: 4.51e-05
2026-07-17 22:44:34 transreid.train INFO: Epoch[102] Iter[120/227] Loss: 0.122, Pose: 0.461, Acc: 0.998, Student: 1.00, Reliability: 0.842, GateAbs: 2.390e-02, Base Lr: 4.51e-05
2026-07-17 22:44:36 transreid.train INFO: Epoch[102] Iter[140/227] Loss: 0.119, Pose: 0.461, Acc: 0.998, Student: 1.00, Reliability: 0.845, GateAbs: 2.394e-02, Base Lr: 4.51e-05
2026-07-17 22:44:38 transreid.train INFO: Epoch[102] Iter[160/227] Loss: 0.117, Pose: 0.460, Acc: 0.999, Student: 1.00, Reliability: 0.844, GateAbs: 2.384e-02, Base Lr: 4.51e-05
2026-07-17 22:44:41 transreid.train INFO: Epoch[102] Iter[180/227] Loss: 0.117, Pose: 0.461, Acc: 0.998, Student: 1.00, Reliability: 0.853, GateAbs: 2.395e-02, Base Lr: 4.51e-05
2026-07-17 22:44:43 transreid.train INFO: Epoch[102] Iter[200/227] Loss: 0.115, Pose: 0.462, Acc: 0.998, Student: 1.00, Reliability: 0.841, GateAbs: 2.401e-02, Base Lr: 4.51e-05
2026-07-17 22:44:44 transreid.train INFO: Epoch 102 done. Time per epoch: 24.119[s] Speed: 562.5[samples/s]
2026-07-17 22:44:47 transreid.train INFO: Epoch[103] Iter[20/227] Loss: 0.117, Pose: 0.460, Acc: 0.998, Student: 1.00, Reliability: 0.833, GateAbs: 2.384e-02, Base Lr: 4.05e-05
2026-07-17 22:44:49 transreid.train INFO: Epoch[103] Iter[40/227] Loss: 0.124, Pose: 0.459, Acc: 0.999, Student: 1.00, Reliability: 0.851, GateAbs: 2.399e-02, Base Lr: 4.05e-05
2026-07-17 22:44:51 transreid.train INFO: Epoch[103] Iter[60/227] Loss: 0.125, Pose: 0.459, Acc: 0.998, Student: 1.00, Reliability: 0.845, GateAbs: 2.404e-02, Base Lr: 4.05e-05
2026-07-17 22:44:54 transreid.train INFO: Epoch[103] Iter[80/227] Loss: 0.122, Pose: 0.459, Acc: 0.998, Student: 1.00, Reliability: 0.837, GateAbs: 2.414e-02, Base Lr: 4.05e-05
2026-07-17 22:44:56 transreid.train INFO: Epoch[103] Iter[100/227] Loss: 0.121, Pose: 0.459, Acc: 0.998, Student: 1.00, Reliability: 0.855, GateAbs: 2.409e-02, Base Lr: 4.05e-05
2026-07-17 22:44:58 transreid.train INFO: Epoch[103] Iter[120/227] Loss: 0.121, Pose: 0.459, Acc: 0.998, Student: 1.00, Reliability: 0.852, GateAbs: 2.411e-02, Base Lr: 4.05e-05
2026-07-17 22:45:00 transreid.train INFO: Epoch[103] Iter[140/227] Loss: 0.119, Pose: 0.460, Acc: 0.998, Student: 1.00, Reliability: 0.836, GateAbs: 2.392e-02, Base Lr: 4.05e-05
2026-07-17 22:45:03 transreid.train INFO: Epoch[103] Iter[160/227] Loss: 0.117, Pose: 0.461, Acc: 0.998, Student: 1.00, Reliability: 0.840, GateAbs: 2.407e-02, Base Lr: 4.05e-05
2026-07-17 22:45:05 transreid.train INFO: Epoch[103] Iter[180/227] Loss: 0.115, Pose: 0.462, Acc: 0.998, Student: 1.00, Reliability: 0.842, GateAbs: 2.400e-02, Base Lr: 4.05e-05
2026-07-17 22:45:07 transreid.train INFO: Epoch[103] Iter[200/227] Loss: 0.113, Pose: 0.462, Acc: 0.998, Student: 1.00, Reliability: 0.833, GateAbs: 2.399e-02, Base Lr: 4.05e-05
2026-07-17 22:45:08 transreid.train INFO: Epoch 103 done. Time per epoch: 24.001[s] Speed: 562.6[samples/s]
2026-07-17 22:45:11 transreid.train INFO: Epoch[104] Iter[20/227] Loss: 0.133, Pose: 0.459, Acc: 0.998, Student: 1.00, Reliability: 0.844, GateAbs: 2.403e-02, Base Lr: 3.61e-05
2026-07-17 22:45:13 transreid.train INFO: Epoch[104] Iter[40/227] Loss: 0.129, Pose: 0.460, Acc: 0.997, Student: 1.00, Reliability: 0.831, GateAbs: 2.380e-02, Base Lr: 3.61e-05
2026-07-17 22:45:15 transreid.train INFO: Epoch[104] Iter[60/227] Loss: 0.128, Pose: 0.457, Acc: 0.996, Student: 1.00, Reliability: 0.856, GateAbs: 2.408e-02, Base Lr: 3.61e-05
2026-07-17 22:45:18 transreid.train INFO: Epoch[104] Iter[80/227] Loss: 0.127, Pose: 0.459, Acc: 0.996, Student: 1.00, Reliability: 0.825, GateAbs: 2.398e-02, Base Lr: 3.61e-05
2026-07-17 22:45:20 transreid.train INFO: Epoch[104] Iter[100/227] Loss: 0.126, Pose: 0.460, Acc: 0.996, Student: 1.00, Reliability: 0.851, GateAbs: 2.397e-02, Base Lr: 3.61e-05
2026-07-17 22:45:22 transreid.train INFO: Epoch[104] Iter[120/227] Loss: 0.124, Pose: 0.460, Acc: 0.996, Student: 1.00, Reliability: 0.848, GateAbs: 2.395e-02, Base Lr: 3.61e-05
2026-07-17 22:45:24 transreid.train INFO: Epoch[104] Iter[140/227] Loss: 0.124, Pose: 0.460, Acc: 0.997, Student: 1.00, Reliability: 0.843, GateAbs: 2.394e-02, Base Lr: 3.61e-05
2026-07-17 22:45:27 transreid.train INFO: Epoch[104] Iter[160/227] Loss: 0.122, Pose: 0.460, Acc: 0.997, Student: 1.00, Reliability: 0.835, GateAbs: 2.395e-02, Base Lr: 3.61e-05
2026-07-17 22:45:29 transreid.train INFO: Epoch[104] Iter[180/227] Loss: 0.120, Pose: 0.461, Acc: 0.997, Student: 1.00, Reliability: 0.822, GateAbs: 2.416e-02, Base Lr: 3.61e-05
2026-07-17 22:45:31 transreid.train INFO: Epoch[104] Iter[200/227] Loss: 0.119, Pose: 0.462, Acc: 0.997, Student: 1.00, Reliability: 0.819, GateAbs: 2.421e-02, Base Lr: 3.61e-05
2026-07-17 22:45:32 transreid.train INFO: Epoch 104 done. Time per epoch: 23.996[s] Speed: 562.8[samples/s]
2026-07-17 22:45:35 transreid.train INFO: Epoch[105] Iter[20/227] Loss: 0.120, Pose: 0.465, Acc: 0.998, Student: 1.00, Reliability: 0.847, GateAbs: 2.394e-02, Base Lr: 3.20e-05
2026-07-17 22:45:37 transreid.train INFO: Epoch[105] Iter[40/227] Loss: 0.122, Pose: 0.464, Acc: 0.997, Student: 1.00, Reliability: 0.854, GateAbs: 2.408e-02, Base Lr: 3.20e-05
2026-07-17 22:45:39 transreid.train INFO: Epoch[105] Iter[60/227] Loss: 0.125, Pose: 0.464, Acc: 0.996, Student: 1.00, Reliability: 0.845, GateAbs: 2.390e-02, Base Lr: 3.20e-05
2026-07-17 22:45:42 transreid.train INFO: Epoch[105] Iter[80/227] Loss: 0.131, Pose: 0.462, Acc: 0.996, Student: 1.00, Reliability: 0.853, GateAbs: 2.386e-02, Base Lr: 3.20e-05
2026-07-17 22:45:44 transreid.train INFO: Epoch[105] Iter[100/227] Loss: 0.130, Pose: 0.462, Acc: 0.996, Student: 1.00, Reliability: 0.844, GateAbs: 2.390e-02, Base Lr: 3.20e-05
2026-07-17 22:45:46 transreid.train INFO: Epoch[105] Iter[120/227] Loss: 0.127, Pose: 0.461, Acc: 0.996, Student: 1.00, Reliability: 0.839, GateAbs: 2.401e-02, Base Lr: 3.20e-05
2026-07-17 22:45:48 transreid.train INFO: Epoch[105] Iter[140/227] Loss: 0.124, Pose: 0.461, Acc: 0.997, Student: 1.00, Reliability: 0.841, GateAbs: 2.399e-02, Base Lr: 3.20e-05
2026-07-17 22:45:51 transreid.train INFO: Epoch[105] Iter[160/227] Loss: 0.120, Pose: 0.461, Acc: 0.997, Student: 1.00, Reliability: 0.834, GateAbs: 2.403e-02, Base Lr: 3.20e-05
2026-07-17 22:45:53 transreid.train INFO: Epoch[105] Iter[180/227] Loss: 0.118, Pose: 0.461, Acc: 0.997, Student: 1.00, Reliability: 0.858, GateAbs: 2.398e-02, Base Lr: 3.20e-05
2026-07-17 22:45:55 transreid.train INFO: Epoch[105] Iter[200/227] Loss: 0.116, Pose: 0.463, Acc: 0.997, Student: 1.00, Reliability: 0.844, GateAbs: 2.415e-02, Base Lr: 3.20e-05
2026-07-17 22:45:56 transreid.train INFO: Epoch 105 done. Time per epoch: 24.105[s] Speed: 562.9[samples/s]
2026-07-17 22:45:59 transreid.train INFO: Epoch[106] Iter[20/227] Loss: 0.129, Pose: 0.460, Acc: 0.998, Student: 1.00, Reliability: 0.855, GateAbs: 2.388e-02, Base Lr: 2.81e-05
2026-07-17 22:46:01 transreid.train INFO: Epoch[106] Iter[40/227] Loss: 0.128, Pose: 0.457, Acc: 0.998, Student: 1.00, Reliability: 0.846, GateAbs: 2.413e-02, Base Lr: 2.81e-05
2026-07-17 22:46:03 transreid.train INFO: Epoch[106] Iter[60/227] Loss: 0.127, Pose: 0.459, Acc: 0.998, Student: 1.00, Reliability: 0.855, GateAbs: 2.387e-02, Base Lr: 2.81e-05
2026-07-17 22:46:06 transreid.train INFO: Epoch[106] Iter[80/227] Loss: 0.125, Pose: 0.459, Acc: 0.998, Student: 1.00, Reliability: 0.849, GateAbs: 2.385e-02, Base Lr: 2.81e-05
2026-07-17 22:46:08 transreid.train INFO: Epoch[106] Iter[100/227] Loss: 0.122, Pose: 0.460, Acc: 0.998, Student: 1.00, Reliability: 0.843, GateAbs: 2.387e-02, Base Lr: 2.81e-05
2026-07-17 22:46:10 transreid.train INFO: Epoch[106] Iter[120/227] Loss: 0.121, Pose: 0.459, Acc: 0.998, Student: 1.00, Reliability: 0.861, GateAbs: 2.407e-02, Base Lr: 2.81e-05
2026-07-17 22:46:12 transreid.train INFO: Epoch[106] Iter[140/227] Loss: 0.118, Pose: 0.460, Acc: 0.998, Student: 1.00, Reliability: 0.845, GateAbs: 2.399e-02, Base Lr: 2.81e-05
2026-07-17 22:46:15 transreid.train INFO: Epoch[106] Iter[160/227] Loss: 0.117, Pose: 0.460, Acc: 0.998, Student: 1.00, Reliability: 0.856, GateAbs: 2.402e-02, Base Lr: 2.81e-05
2026-07-17 22:46:17 transreid.train INFO: Epoch[106] Iter[180/227] Loss: 0.115, Pose: 0.461, Acc: 0.998, Student: 1.00, Reliability: 0.836, GateAbs: 2.411e-02, Base Lr: 2.81e-05
2026-07-17 22:46:19 transreid.train INFO: Epoch[106] Iter[200/227] Loss: 0.113, Pose: 0.461, Acc: 0.998, Student: 1.00, Reliability: 0.837, GateAbs: 2.399e-02, Base Lr: 2.81e-05
2026-07-17 22:46:20 transreid.train INFO: Epoch 106 done. Time per epoch: 24.111[s] Speed: 562.7[samples/s]
2026-07-17 22:46:23 transreid.train INFO: Epoch[107] Iter[20/227] Loss: 0.127, Pose: 0.462, Acc: 0.998, Student: 1.00, Reliability: 0.867, GateAbs: 2.388e-02, Base Lr: 2.45e-05
2026-07-17 22:46:25 transreid.train INFO: Epoch[107] Iter[40/227] Loss: 0.122, Pose: 0.459, Acc: 0.998, Student: 1.00, Reliability: 0.860, GateAbs: 2.399e-02, Base Lr: 2.45e-05
2026-07-17 22:46:28 transreid.train INFO: Epoch[107] Iter[60/227] Loss: 0.123, Pose: 0.457, Acc: 0.998, Student: 1.00, Reliability: 0.854, GateAbs: 2.406e-02, Base Lr: 2.45e-05
2026-07-17 22:46:30 transreid.train INFO: Epoch[107] Iter[80/227] Loss: 0.121, Pose: 0.460, Acc: 0.998, Student: 1.00, Reliability: 0.830, GateAbs: 2.412e-02, Base Lr: 2.45e-05
2026-07-17 22:46:32 transreid.train INFO: Epoch[107] Iter[100/227] Loss: 0.122, Pose: 0.461, Acc: 0.998, Student: 1.00, Reliability: 0.856, GateAbs: 2.409e-02, Base Lr: 2.45e-05
2026-07-17 22:46:34 transreid.train INFO: Epoch[107] Iter[120/227] Loss: 0.122, Pose: 0.461, Acc: 0.998, Student: 1.00, Reliability: 0.840, GateAbs: 2.394e-02, Base Lr: 2.45e-05
2026-07-17 22:46:36 transreid.train INFO: Epoch[107] Iter[140/227] Loss: 0.122, Pose: 0.461, Acc: 0.997, Student: 1.00, Reliability: 0.846, GateAbs: 2.407e-02, Base Lr: 2.45e-05
2026-07-17 22:46:39 transreid.train INFO: Epoch[107] Iter[160/227] Loss: 0.119, Pose: 0.461, Acc: 0.997, Student: 1.00, Reliability: 0.852, GateAbs: 2.415e-02, Base Lr: 2.45e-05
2026-07-17 22:46:41 transreid.train INFO: Epoch[107] Iter[180/227] Loss: 0.117, Pose: 0.462, Acc: 0.997, Student: 1.00, Reliability: 0.863, GateAbs: 2.405e-02, Base Lr: 2.45e-05
2026-07-17 22:46:43 transreid.train INFO: Epoch[107] Iter[200/227] Loss: 0.115, Pose: 0.462, Acc: 0.997, Student: 1.00, Reliability: 0.823, GateAbs: 2.405e-02, Base Lr: 2.45e-05
2026-07-17 22:46:45 transreid.train INFO: Epoch 107 done. Time per epoch: 24.097[s] Speed: 563.0[samples/s]
2026-07-17 22:46:47 transreid.train INFO: Epoch[108] Iter[20/227] Loss: 0.120, Pose: 0.464, Acc: 0.998, Student: 1.00, Reliability: 0.847, GateAbs: 2.392e-02, Base Lr: 2.11e-05
2026-07-17 22:46:49 transreid.train INFO: Epoch[108] Iter[40/227] Loss: 0.118, Pose: 0.461, Acc: 0.998, Student: 1.00, Reliability: 0.837, GateAbs: 2.396e-02, Base Lr: 2.11e-05
2026-07-17 22:46:52 transreid.train INFO: Epoch[108] Iter[60/227] Loss: 0.117, Pose: 0.461, Acc: 0.998, Student: 1.00, Reliability: 0.851, GateAbs: 2.391e-02, Base Lr: 2.11e-05
2026-07-17 22:46:54 transreid.train INFO: Epoch[108] Iter[80/227] Loss: 0.115, Pose: 0.461, Acc: 0.998, Student: 1.00, Reliability: 0.850, GateAbs: 2.403e-02, Base Lr: 2.11e-05
2026-07-17 22:46:56 transreid.train INFO: Epoch[108] Iter[100/227] Loss: 0.116, Pose: 0.460, Acc: 0.998, Student: 1.00, Reliability: 0.847, GateAbs: 2.407e-02, Base Lr: 2.11e-05
2026-07-17 22:46:58 transreid.train INFO: Epoch[108] Iter[120/227] Loss: 0.115, Pose: 0.461, Acc: 0.998, Student: 1.00, Reliability: 0.834, GateAbs: 2.405e-02, Base Lr: 2.11e-05
2026-07-17 22:47:01 transreid.train INFO: Epoch[108] Iter[140/227] Loss: 0.115, Pose: 0.462, Acc: 0.998, Student: 1.00, Reliability: 0.830, GateAbs: 2.398e-02, Base Lr: 2.11e-05
2026-07-17 22:47:03 transreid.train INFO: Epoch[108] Iter[160/227] Loss: 0.113, Pose: 0.462, Acc: 0.998, Student: 1.00, Reliability: 0.857, GateAbs: 2.425e-02, Base Lr: 2.11e-05
2026-07-17 22:47:05 transreid.train INFO: Epoch[108] Iter[180/227] Loss: 0.111, Pose: 0.462, Acc: 0.998, Student: 1.00, Reliability: 0.828, GateAbs: 2.408e-02, Base Lr: 2.11e-05
2026-07-17 22:47:07 transreid.train INFO: Epoch[108] Iter[200/227] Loss: 0.109, Pose: 0.462, Acc: 0.998, Student: 1.00, Reliability: 0.844, GateAbs: 2.393e-02, Base Lr: 2.11e-05
2026-07-17 22:47:09 transreid.train INFO: Epoch 108 done. Time per epoch: 24.111[s] Speed: 562.7[samples/s]
2026-07-17 22:47:11 transreid.train INFO: Epoch[109] Iter[20/227] Loss: 0.124, Pose: 0.460, Acc: 0.998, Student: 1.00, Reliability: 0.848, GateAbs: 2.407e-02, Base Lr: 1.80e-05
2026-07-17 22:47:14 transreid.train INFO: Epoch[109] Iter[40/227] Loss: 0.123, Pose: 0.457, Acc: 0.998, Student: 1.00, Reliability: 0.850, GateAbs: 2.385e-02, Base Lr: 1.80e-05
2026-07-17 22:47:16 transreid.train INFO: Epoch[109] Iter[60/227] Loss: 0.123, Pose: 0.457, Acc: 0.999, Student: 1.00, Reliability: 0.860, GateAbs: 2.417e-02, Base Lr: 1.80e-05
2026-07-17 22:47:18 transreid.train INFO: Epoch[109] Iter[80/227] Loss: 0.122, Pose: 0.458, Acc: 0.998, Student: 1.00, Reliability: 0.846, GateAbs: 2.400e-02, Base Lr: 1.80e-05
2026-07-17 22:47:20 transreid.train INFO: Epoch[109] Iter[100/227] Loss: 0.124, Pose: 0.459, Acc: 0.997, Student: 1.00, Reliability: 0.859, GateAbs: 2.416e-02, Base Lr: 1.80e-05
2026-07-17 22:47:22 transreid.train INFO: Epoch[109] Iter[120/227] Loss: 0.121, Pose: 0.459, Acc: 0.998, Student: 1.00, Reliability: 0.834, GateAbs: 2.404e-02, Base Lr: 1.80e-05
2026-07-17 22:47:25 transreid.train INFO: Epoch[109] Iter[140/227] Loss: 0.119, Pose: 0.460, Acc: 0.997, Student: 1.00, Reliability: 0.831, GateAbs: 2.401e-02, Base Lr: 1.80e-05
2026-07-17 22:47:27 transreid.train INFO: Epoch[109] Iter[160/227] Loss: 0.118, Pose: 0.460, Acc: 0.997, Student: 1.00, Reliability: 0.861, GateAbs: 2.395e-02, Base Lr: 1.80e-05
2026-07-17 22:47:29 transreid.train INFO: Epoch[109] Iter[180/227] Loss: 0.117, Pose: 0.462, Acc: 0.998, Student: 1.00, Reliability: 0.836, GateAbs: 2.412e-02, Base Lr: 1.80e-05
2026-07-17 22:47:31 transreid.train INFO: Epoch[109] Iter[200/227] Loss: 0.114, Pose: 0.462, Acc: 0.998, Student: 1.00, Reliability: 0.853, GateAbs: 2.389e-02, Base Lr: 1.80e-05
2026-07-17 22:47:33 transreid.train INFO: Epoch 109 done. Time per epoch: 23.983[s] Speed: 563.1[samples/s]
2026-07-17 22:47:35 transreid.train INFO: Epoch[110] Iter[20/227] Loss: 0.127, Pose: 0.458, Acc: 0.995, Student: 1.00, Reliability: 0.825, GateAbs: 2.418e-02, Base Lr: 1.52e-05
2026-07-17 22:47:37 transreid.train INFO: Epoch[110] Iter[40/227] Loss: 0.130, Pose: 0.461, Acc: 0.995, Student: 1.00, Reliability: 0.815, GateAbs: 2.395e-02, Base Lr: 1.52e-05
2026-07-17 22:47:40 transreid.train INFO: Epoch[110] Iter[60/227] Loss: 0.124, Pose: 0.459, Acc: 0.996, Student: 1.00, Reliability: 0.853, GateAbs: 2.402e-02, Base Lr: 1.52e-05
2026-07-17 22:47:42 transreid.train INFO: Epoch[110] Iter[80/227] Loss: 0.123, Pose: 0.459, Acc: 0.997, Student: 1.00, Reliability: 0.865, GateAbs: 2.396e-02, Base Lr: 1.52e-05
2026-07-17 22:47:44 transreid.train INFO: Epoch[110] Iter[100/227] Loss: 0.119, Pose: 0.459, Acc: 0.997, Student: 1.00, Reliability: 0.855, GateAbs: 2.376e-02, Base Lr: 1.52e-05
2026-07-17 22:47:46 transreid.train INFO: Epoch[110] Iter[120/227] Loss: 0.117, Pose: 0.459, Acc: 0.997, Student: 1.00, Reliability: 0.850, GateAbs: 2.416e-02, Base Lr: 1.52e-05
2026-07-17 22:47:49 transreid.train INFO: Epoch[110] Iter[140/227] Loss: 0.115, Pose: 0.459, Acc: 0.998, Student: 1.00, Reliability: 0.836, GateAbs: 2.377e-02, Base Lr: 1.52e-05
2026-07-17 22:47:51 transreid.train INFO: Epoch[110] Iter[160/227] Loss: 0.115, Pose: 0.460, Acc: 0.997, Student: 1.00, Reliability: 0.835, GateAbs: 2.385e-02, Base Lr: 1.52e-05
2026-07-17 22:47:53 transreid.train INFO: Epoch[110] Iter[180/227] Loss: 0.113, Pose: 0.460, Acc: 0.997, Student: 1.00, Reliability: 0.852, GateAbs: 2.393e-02, Base Lr: 1.52e-05
2026-07-17 22:47:55 transreid.train INFO: Epoch[110] Iter[200/227] Loss: 0.112, Pose: 0.461, Acc: 0.998, Student: 1.00, Reliability: 0.857, GateAbs: 2.427e-02, Base Lr: 1.52e-05
2026-07-17 22:47:57 transreid.train INFO: Epoch 110 done. Time per epoch: 24.085[s] Speed: 563.3[samples/s]
The test feature is normalized
=> Computing DistMat with euclidean_distance
2026-07-17 22:48:20 transreid.train INFO: Validation Results - Epoch: 110
2026-07-17 22:48:20 transreid.train INFO: mAP: 57.4%
2026-07-17 22:48:20 transreid.train INFO: CMC curve, Rank-1  :67.4%
2026-07-17 22:48:20 transreid.train INFO: CMC curve, Rank-5  :80.5%
2026-07-17 22:48:20 transreid.train INFO: CMC curve, Rank-10 :84.6%
2026-07-17 22:48:22 transreid.train INFO: Epoch[111] Iter[20/227] Loss: 0.135, Pose: 0.464, Acc: 0.997, Student: 1.00, Reliability: 0.835, GateAbs: 2.392e-02, Base Lr: 1.26e-05
2026-07-17 22:48:24 transreid.train INFO: Epoch[111] Iter[40/227] Loss: 0.128, Pose: 0.463, Acc: 0.997, Student: 1.00, Reliability: 0.862, GateAbs: 2.413e-02, Base Lr: 1.26e-05
2026-07-17 22:48:27 transreid.train INFO: Epoch[111] Iter[60/227] Loss: 0.125, Pose: 0.460, Acc: 0.998, Student: 1.00, Reliability: 0.833, GateAbs: 2.407e-02, Base Lr: 1.26e-05
2026-07-17 22:48:29 transreid.train INFO: Epoch[111] Iter[80/227] Loss: 0.122, Pose: 0.459, Acc: 0.998, Student: 1.00, Reliability: 0.858, GateAbs: 2.381e-02, Base Lr: 1.26e-05
2026-07-17 22:48:31 transreid.train INFO: Epoch[111] Iter[100/227] Loss: 0.119, Pose: 0.460, Acc: 0.998, Student: 1.00, Reliability: 0.829, GateAbs: 2.394e-02, Base Lr: 1.26e-05
2026-07-17 22:48:33 transreid.train INFO: Epoch[111] Iter[120/227] Loss: 0.119, Pose: 0.460, Acc: 0.998, Student: 1.00, Reliability: 0.860, GateAbs: 2.420e-02, Base Lr: 1.26e-05
2026-07-17 22:48:36 transreid.train INFO: Epoch[111] Iter[140/227] Loss: 0.118, Pose: 0.460, Acc: 0.998, Student: 1.00, Reliability: 0.840, GateAbs: 2.400e-02, Base Lr: 1.26e-05
2026-07-17 22:48:38 transreid.train INFO: Epoch[111] Iter[160/227] Loss: 0.116, Pose: 0.460, Acc: 0.998, Student: 1.00, Reliability: 0.845, GateAbs: 2.378e-02, Base Lr: 1.26e-05
2026-07-17 22:48:40 transreid.train INFO: Epoch[111] Iter[180/227] Loss: 0.114, Pose: 0.461, Acc: 0.998, Student: 1.00, Reliability: 0.840, GateAbs: 2.415e-02, Base Lr: 1.26e-05
2026-07-17 22:48:42 transreid.train INFO: Epoch[111] Iter[200/227] Loss: 0.113, Pose: 0.462, Acc: 0.998, Student: 1.00, Reliability: 0.832, GateAbs: 2.393e-02, Base Lr: 1.26e-05
2026-07-17 22:48:44 transreid.train INFO: Epoch 111 done. Time per epoch: 24.096[s] Speed: 563.1[samples/s]
2026-07-17 22:48:46 transreid.train INFO: Epoch[112] Iter[20/227] Loss: 0.127, Pose: 0.456, Acc: 0.997, Student: 1.00, Reliability: 0.825, GateAbs: 2.380e-02, Base Lr: 1.03e-05
2026-07-17 22:48:49 transreid.train INFO: Epoch[112] Iter[40/227] Loss: 0.134, Pose: 0.461, Acc: 0.997, Student: 1.00, Reliability: 0.835, GateAbs: 2.392e-02, Base Lr: 1.03e-05
2026-07-17 22:48:51 transreid.train INFO: Epoch[112] Iter[60/227] Loss: 0.132, Pose: 0.460, Acc: 0.997, Student: 1.00, Reliability: 0.861, GateAbs: 2.381e-02, Base Lr: 1.03e-05
2026-07-17 22:48:53 transreid.train INFO: Epoch[112] Iter[80/227] Loss: 0.135, Pose: 0.460, Acc: 0.997, Student: 1.00, Reliability: 0.846, GateAbs: 2.395e-02, Base Lr: 1.03e-05
2026-07-17 22:48:55 transreid.train INFO: Epoch[112] Iter[100/227] Loss: 0.132, Pose: 0.461, Acc: 0.997, Student: 1.00, Reliability: 0.847, GateAbs: 2.390e-02, Base Lr: 1.03e-05
2026-07-17 22:48:57 transreid.train INFO: Epoch[112] Iter[120/227] Loss: 0.126, Pose: 0.460, Acc: 0.997, Student: 1.00, Reliability: 0.854, GateAbs: 2.407e-02, Base Lr: 1.03e-05
2026-07-17 22:49:00 transreid.train INFO: Epoch[112] Iter[140/227] Loss: 0.125, Pose: 0.460, Acc: 0.997, Student: 1.00, Reliability: 0.822, GateAbs: 2.379e-02, Base Lr: 1.03e-05
2026-07-17 22:49:02 transreid.train INFO: Epoch[112] Iter[160/227] Loss: 0.122, Pose: 0.460, Acc: 0.997, Student: 1.00, Reliability: 0.832, GateAbs: 2.402e-02, Base Lr: 1.03e-05
2026-07-17 22:49:04 transreid.train INFO: Epoch[112] Iter[180/227] Loss: 0.120, Pose: 0.460, Acc: 0.997, Student: 1.00, Reliability: 0.853, GateAbs: 2.404e-02, Base Lr: 1.03e-05
2026-07-17 22:49:06 transreid.train INFO: Epoch[112] Iter[200/227] Loss: 0.119, Pose: 0.461, Acc: 0.997, Student: 1.00, Reliability: 0.848, GateAbs: 2.398e-02, Base Lr: 1.03e-05
2026-07-17 22:49:08 transreid.train INFO: Epoch 112 done. Time per epoch: 24.086[s] Speed: 563.3[samples/s]
2026-07-17 22:49:10 transreid.train INFO: Epoch[113] Iter[20/227] Loss: 0.123, Pose: 0.461, Acc: 0.995, Student: 1.00, Reliability: 0.849, GateAbs: 2.397e-02, Base Lr: 8.28e-06
2026-07-17 22:49:13 transreid.train INFO: Epoch[113] Iter[40/227] Loss: 0.122, Pose: 0.463, Acc: 0.996, Student: 1.00, Reliability: 0.836, GateAbs: 2.391e-02, Base Lr: 8.28e-06
2026-07-17 22:49:15 transreid.train INFO: Epoch[113] Iter[60/227] Loss: 0.135, Pose: 0.464, Acc: 0.996, Student: 1.00, Reliability: 0.833, GateAbs: 2.396e-02, Base Lr: 8.28e-06
2026-07-17 22:49:17 transreid.train INFO: Epoch[113] Iter[80/227] Loss: 0.131, Pose: 0.462, Acc: 0.996, Student: 1.00, Reliability: 0.867, GateAbs: 2.406e-02, Base Lr: 8.28e-06
2026-07-17 22:49:19 transreid.train INFO: Epoch[113] Iter[100/227] Loss: 0.127, Pose: 0.462, Acc: 0.997, Student: 1.00, Reliability: 0.837, GateAbs: 2.393e-02, Base Lr: 8.28e-06
2026-07-17 22:49:22 transreid.train INFO: Epoch[113] Iter[120/227] Loss: 0.124, Pose: 0.462, Acc: 0.997, Student: 1.00, Reliability: 0.840, GateAbs: 2.400e-02, Base Lr: 8.28e-06
2026-07-17 22:49:24 transreid.train INFO: Epoch[113] Iter[140/227] Loss: 0.123, Pose: 0.461, Acc: 0.997, Student: 1.00, Reliability: 0.869, GateAbs: 2.403e-02, Base Lr: 8.28e-06
2026-07-17 22:49:26 transreid.train INFO: Epoch[113] Iter[160/227] Loss: 0.120, Pose: 0.461, Acc: 0.997, Student: 1.00, Reliability: 0.858, GateAbs: 2.406e-02, Base Lr: 8.28e-06
2026-07-17 22:49:28 transreid.train INFO: Epoch[113] Iter[180/227] Loss: 0.118, Pose: 0.461, Acc: 0.997, Student: 1.00, Reliability: 0.845, GateAbs: 2.394e-02, Base Lr: 8.28e-06
2026-07-17 22:49:31 transreid.train INFO: Epoch[113] Iter[200/227] Loss: 0.116, Pose: 0.462, Acc: 0.997, Student: 1.00, Reliability: 0.842, GateAbs: 2.414e-02, Base Lr: 8.28e-06
2026-07-17 22:49:32 transreid.train INFO: Epoch 113 done. Time per epoch: 24.113[s] Speed: 562.7[samples/s]
2026-07-17 22:49:35 transreid.train INFO: Epoch[114] Iter[20/227] Loss: 0.124, Pose: 0.458, Acc: 0.998, Student: 1.00, Reliability: 0.840, GateAbs: 2.408e-02, Base Lr: 6.51e-06
2026-07-17 22:49:37 transreid.train INFO: Epoch[114] Iter[40/227] Loss: 0.123, Pose: 0.460, Acc: 0.998, Student: 1.00, Reliability: 0.827, GateAbs: 2.403e-02, Base Lr: 6.51e-06
2026-07-17 22:49:39 transreid.train INFO: Epoch[114] Iter[60/227] Loss: 0.118, Pose: 0.460, Acc: 0.998, Student: 1.00, Reliability: 0.840, GateAbs: 2.397e-02, Base Lr: 6.51e-06
2026-07-17 22:49:41 transreid.train INFO: Epoch[114] Iter[80/227] Loss: 0.117, Pose: 0.460, Acc: 0.997, Student: 1.00, Reliability: 0.859, GateAbs: 2.398e-02, Base Lr: 6.51e-06
2026-07-17 22:49:44 transreid.train INFO: Epoch[114] Iter[100/227] Loss: 0.117, Pose: 0.460, Acc: 0.998, Student: 1.00, Reliability: 0.863, GateAbs: 2.392e-02, Base Lr: 6.51e-06
2026-07-17 22:49:46 transreid.train INFO: Epoch[114] Iter[120/227] Loss: 0.117, Pose: 0.461, Acc: 0.997, Student: 1.00, Reliability: 0.851, GateAbs: 2.414e-02, Base Lr: 6.51e-06
2026-07-17 22:49:48 transreid.train INFO: Epoch[114] Iter[140/227] Loss: 0.117, Pose: 0.461, Acc: 0.997, Student: 1.00, Reliability: 0.840, GateAbs: 2.399e-02, Base Lr: 6.51e-06
2026-07-17 22:49:50 transreid.train INFO: Epoch[114] Iter[160/227] Loss: 0.116, Pose: 0.461, Acc: 0.997, Student: 1.00, Reliability: 0.837, GateAbs: 2.389e-02, Base Lr: 6.51e-06
2026-07-17 22:49:52 transreid.train INFO: Epoch[114] Iter[180/227] Loss: 0.115, Pose: 0.461, Acc: 0.997, Student: 1.00, Reliability: 0.833, GateAbs: 2.405e-02, Base Lr: 6.51e-06
2026-07-17 22:49:55 transreid.train INFO: Epoch[114] Iter[200/227] Loss: 0.112, Pose: 0.462, Acc: 0.998, Student: 1.00, Reliability: 0.826, GateAbs: 2.409e-02, Base Lr: 6.51e-06
2026-07-17 22:49:56 transreid.train INFO: Epoch 114 done. Time per epoch: 24.265[s] Speed: 561.8[samples/s]
2026-07-17 22:49:59 transreid.train INFO: Epoch[115] Iter[20/227] Loss: 0.126, Pose: 0.453, Acc: 0.998, Student: 1.00, Reliability: 0.851, GateAbs: 2.403e-02, Base Lr: 5.02e-06
2026-07-17 22:50:01 transreid.train INFO: Epoch[115] Iter[40/227] Loss: 0.122, Pose: 0.456, Acc: 0.997, Student: 1.00, Reliability: 0.852, GateAbs: 2.416e-02, Base Lr: 5.02e-06
2026-07-17 22:50:03 transreid.train INFO: Epoch[115] Iter[60/227] Loss: 0.119, Pose: 0.456, Acc: 0.997, Student: 1.00, Reliability: 0.841, GateAbs: 2.372e-02, Base Lr: 5.02e-06
2026-07-17 22:50:05 transreid.train INFO: Epoch[115] Iter[80/227] Loss: 0.116, Pose: 0.457, Acc: 0.998, Student: 1.00, Reliability: 0.844, GateAbs: 2.401e-02, Base Lr: 5.02e-06
2026-07-17 22:50:08 transreid.train INFO: Epoch[115] Iter[100/227] Loss: 0.117, Pose: 0.459, Acc: 0.998, Student: 1.00, Reliability: 0.840, GateAbs: 2.406e-02, Base Lr: 5.02e-06
2026-07-17 22:50:10 transreid.train INFO: Epoch[115] Iter[120/227] Loss: 0.116, Pose: 0.459, Acc: 0.998, Student: 1.00, Reliability: 0.836, GateAbs: 2.399e-02, Base Lr: 5.02e-06
2026-07-17 22:50:12 transreid.train INFO: Epoch[115] Iter[140/227] Loss: 0.115, Pose: 0.460, Acc: 0.998, Student: 1.00, Reliability: 0.844, GateAbs: 2.412e-02, Base Lr: 5.02e-06
2026-07-17 22:50:14 transreid.train INFO: Epoch[115] Iter[160/227] Loss: 0.112, Pose: 0.461, Acc: 0.998, Student: 1.00, Reliability: 0.865, GateAbs: 2.393e-02, Base Lr: 5.02e-06
2026-07-17 22:50:17 transreid.train INFO: Epoch[115] Iter[180/227] Loss: 0.110, Pose: 0.462, Acc: 0.998, Student: 1.00, Reliability: 0.840, GateAbs: 2.394e-02, Base Lr: 5.02e-06
2026-07-17 22:50:19 transreid.train INFO: Epoch[115] Iter[200/227] Loss: 0.108, Pose: 0.463, Acc: 0.998, Student: 1.00, Reliability: 0.833, GateAbs: 2.388e-02, Base Lr: 5.02e-06
2026-07-17 22:50:20 transreid.train INFO: Epoch 115 done. Time per epoch: 24.225[s] Speed: 562.7[samples/s]
2026-07-17 22:50:23 transreid.train INFO: Epoch[116] Iter[20/227] Loss: 0.138, Pose: 0.459, Acc: 0.997, Student: 1.00, Reliability: 0.851, GateAbs: 2.415e-02, Base Lr: 3.79e-06
2026-07-17 22:50:25 transreid.train INFO: Epoch[116] Iter[40/227] Loss: 0.133, Pose: 0.460, Acc: 0.997, Student: 1.00, Reliability: 0.855, GateAbs: 2.419e-02, Base Lr: 3.79e-06
2026-07-17 22:50:27 transreid.train INFO: Epoch[116] Iter[60/227] Loss: 0.128, Pose: 0.459, Acc: 0.997, Student: 1.00, Reliability: 0.862, GateAbs: 2.410e-02, Base Lr: 3.79e-06
2026-07-17 22:50:30 transreid.train INFO: Epoch[116] Iter[80/227] Loss: 0.123, Pose: 0.459, Acc: 0.998, Student: 1.00, Reliability: 0.846, GateAbs: 2.408e-02, Base Lr: 3.79e-06
2026-07-17 22:50:32 transreid.train INFO: Epoch[116] Iter[100/227] Loss: 0.122, Pose: 0.459, Acc: 0.998, Student: 1.00, Reliability: 0.848, GateAbs: 2.407e-02, Base Lr: 3.79e-06
2026-07-17 22:50:34 transreid.train INFO: Epoch[116] Iter[120/227] Loss: 0.120, Pose: 0.459, Acc: 0.998, Student: 1.00, Reliability: 0.860, GateAbs: 2.390e-02, Base Lr: 3.79e-06
2026-07-17 22:50:36 transreid.train INFO: Epoch[116] Iter[140/227] Loss: 0.119, Pose: 0.459, Acc: 0.998, Student: 1.00, Reliability: 0.851, GateAbs: 2.412e-02, Base Lr: 3.79e-06
2026-07-17 22:50:39 transreid.train INFO: Epoch[116] Iter[160/227] Loss: 0.118, Pose: 0.460, Acc: 0.998, Student: 1.00, Reliability: 0.831, GateAbs: 2.395e-02, Base Lr: 3.79e-06
2026-07-17 22:50:41 transreid.train INFO: Epoch[116] Iter[180/227] Loss: 0.118, Pose: 0.461, Acc: 0.998, Student: 1.00, Reliability: 0.839, GateAbs: 2.399e-02, Base Lr: 3.79e-06
2026-07-17 22:50:43 transreid.train INFO: Epoch[116] Iter[200/227] Loss: 0.115, Pose: 0.462, Acc: 0.998, Student: 1.00, Reliability: 0.840, GateAbs: 2.405e-02, Base Lr: 3.79e-06
2026-07-17 22:50:44 transreid.train INFO: Epoch 116 done. Time per epoch: 23.993[s] Speed: 562.8[samples/s]
2026-07-17 22:50:47 transreid.train INFO: Epoch[117] Iter[20/227] Loss: 0.114, Pose: 0.461, Acc: 0.998, Student: 1.00, Reliability: 0.851, GateAbs: 2.395e-02, Base Lr: 2.83e-06
2026-07-17 22:50:49 transreid.train INFO: Epoch[117] Iter[40/227] Loss: 0.113, Pose: 0.462, Acc: 0.998, Student: 1.00, Reliability: 0.817, GateAbs: 2.402e-02, Base Lr: 2.83e-06
2026-07-17 22:50:51 transreid.train INFO: Epoch[117] Iter[60/227] Loss: 0.118, Pose: 0.463, Acc: 0.998, Student: 1.00, Reliability: 0.861, GateAbs: 2.397e-02, Base Lr: 2.83e-06
2026-07-17 22:50:54 transreid.train INFO: Epoch[117] Iter[80/227] Loss: 0.118, Pose: 0.463, Acc: 0.998, Student: 1.00, Reliability: 0.845, GateAbs: 2.391e-02, Base Lr: 2.83e-06
2026-07-17 22:50:56 transreid.train INFO: Epoch[117] Iter[100/227] Loss: 0.118, Pose: 0.462, Acc: 0.998, Student: 1.00, Reliability: 0.851, GateAbs: 2.398e-02, Base Lr: 2.83e-06
2026-07-17 22:50:58 transreid.train INFO: Epoch[117] Iter[120/227] Loss: 0.116, Pose: 0.461, Acc: 0.998, Student: 1.00, Reliability: 0.857, GateAbs: 2.408e-02, Base Lr: 2.83e-06
2026-07-17 22:51:00 transreid.train INFO: Epoch[117] Iter[140/227] Loss: 0.115, Pose: 0.462, Acc: 0.998, Student: 1.00, Reliability: 0.840, GateAbs: 2.404e-02, Base Lr: 2.83e-06
2026-07-17 22:51:03 transreid.train INFO: Epoch[117] Iter[160/227] Loss: 0.113, Pose: 0.461, Acc: 0.998, Student: 1.00, Reliability: 0.848, GateAbs: 2.388e-02, Base Lr: 2.83e-06
2026-07-17 22:51:05 transreid.train INFO: Epoch[117] Iter[180/227] Loss: 0.111, Pose: 0.462, Acc: 0.998, Student: 1.00, Reliability: 0.839, GateAbs: 2.395e-02, Base Lr: 2.83e-06
2026-07-17 22:51:07 transreid.train INFO: Epoch[117] Iter[200/227] Loss: 0.109, Pose: 0.463, Acc: 0.998, Student: 1.00, Reliability: 0.841, GateAbs: 2.390e-02, Base Lr: 2.83e-06
2026-07-17 22:51:09 transreid.train INFO: Epoch 117 done. Time per epoch: 24.216[s] Speed: 562.9[samples/s]
2026-07-17 22:51:11 transreid.train INFO: Epoch[118] Iter[20/227] Loss: 0.115, Pose: 0.460, Acc: 0.998, Student: 1.00, Reliability: 0.865, GateAbs: 2.410e-02, Base Lr: 2.15e-06
2026-07-17 22:51:13 transreid.train INFO: Epoch[118] Iter[40/227] Loss: 0.122, Pose: 0.458, Acc: 0.998, Student: 1.00, Reliability: 0.850, GateAbs: 2.411e-02, Base Lr: 2.15e-06
2026-07-17 22:51:16 transreid.train INFO: Epoch[118] Iter[60/227] Loss: 0.124, Pose: 0.459, Acc: 0.997, Student: 1.00, Reliability: 0.840, GateAbs: 2.410e-02, Base Lr: 2.15e-06
2026-07-17 22:51:18 transreid.train INFO: Epoch[118] Iter[80/227] Loss: 0.121, Pose: 0.458, Acc: 0.998, Student: 1.00, Reliability: 0.856, GateAbs: 2.397e-02, Base Lr: 2.15e-06
2026-07-17 22:51:20 transreid.train INFO: Epoch[118] Iter[100/227] Loss: 0.120, Pose: 0.459, Acc: 0.998, Student: 1.00, Reliability: 0.846, GateAbs: 2.385e-02, Base Lr: 2.15e-06
2026-07-17 22:51:22 transreid.train INFO: Epoch[118] Iter[120/227] Loss: 0.117, Pose: 0.459, Acc: 0.998, Student: 1.00, Reliability: 0.854, GateAbs: 2.403e-02, Base Lr: 2.15e-06
2026-07-17 22:51:25 transreid.train INFO: Epoch[118] Iter[140/227] Loss: 0.115, Pose: 0.459, Acc: 0.998, Student: 1.00, Reliability: 0.845, GateAbs: 2.397e-02, Base Lr: 2.15e-06
2026-07-17 22:51:27 transreid.train INFO: Epoch[118] Iter[160/227] Loss: 0.114, Pose: 0.460, Acc: 0.998, Student: 1.00, Reliability: 0.859, GateAbs: 2.422e-02, Base Lr: 2.15e-06
2026-07-17 22:51:29 transreid.train INFO: Epoch[118] Iter[180/227] Loss: 0.112, Pose: 0.460, Acc: 0.998, Student: 1.00, Reliability: 0.817, GateAbs: 2.400e-02, Base Lr: 2.15e-06
2026-07-17 22:51:31 transreid.train INFO: Epoch[118] Iter[200/227] Loss: 0.111, Pose: 0.462, Acc: 0.998, Student: 1.00, Reliability: 0.808, GateAbs: 2.402e-02, Base Lr: 2.15e-06
2026-07-17 22:51:33 transreid.train INFO: Epoch 118 done. Time per epoch: 24.111[s] Speed: 562.7[samples/s]
2026-07-17 22:51:35 transreid.train INFO: Epoch[119] Iter[20/227] Loss: 0.119, Pose: 0.456, Acc: 0.995, Student: 1.00, Reliability: 0.846, GateAbs: 2.397e-02, Base Lr: 1.74e-06
2026-07-17 22:51:38 transreid.train INFO: Epoch[119] Iter[40/227] Loss: 0.122, Pose: 0.460, Acc: 0.997, Student: 1.00, Reliability: 0.832, GateAbs: 2.389e-02, Base Lr: 1.74e-06
2026-07-17 22:51:40 transreid.train INFO: Epoch[119] Iter[60/227] Loss: 0.118, Pose: 0.460, Acc: 0.997, Student: 1.00, Reliability: 0.837, GateAbs: 2.408e-02, Base Lr: 1.74e-06
2026-07-17 22:51:42 transreid.train INFO: Epoch[119] Iter[80/227] Loss: 0.117, Pose: 0.460, Acc: 0.997, Student: 1.00, Reliability: 0.836, GateAbs: 2.401e-02, Base Lr: 1.74e-06
2026-07-17 22:51:44 transreid.train INFO: Epoch[119] Iter[100/227] Loss: 0.116, Pose: 0.461, Acc: 0.998, Student: 1.00, Reliability: 0.840, GateAbs: 2.406e-02, Base Lr: 1.74e-06
2026-07-17 22:51:47 transreid.train INFO: Epoch[119] Iter[120/227] Loss: 0.113, Pose: 0.460, Acc: 0.998, Student: 1.00, Reliability: 0.832, GateAbs: 2.394e-02, Base Lr: 1.74e-06
2026-07-17 22:51:49 transreid.train INFO: Epoch[119] Iter[140/227] Loss: 0.111, Pose: 0.460, Acc: 0.998, Student: 1.00, Reliability: 0.868, GateAbs: 2.404e-02, Base Lr: 1.74e-06
2026-07-17 22:51:51 transreid.train INFO: Epoch[119] Iter[160/227] Loss: 0.109, Pose: 0.460, Acc: 0.998, Student: 1.00, Reliability: 0.852, GateAbs: 2.397e-02, Base Lr: 1.74e-06
2026-07-17 22:51:53 transreid.train INFO: Epoch[119] Iter[180/227] Loss: 0.108, Pose: 0.462, Acc: 0.998, Student: 1.00, Reliability: 0.859, GateAbs: 2.406e-02, Base Lr: 1.74e-06
2026-07-17 22:51:55 transreid.train INFO: Epoch[119] Iter[200/227] Loss: 0.107, Pose: 0.462, Acc: 0.998, Student: 1.00, Reliability: 0.842, GateAbs: 2.417e-02, Base Lr: 1.74e-06
2026-07-17 22:51:57 transreid.train INFO: Epoch 119 done. Time per epoch: 24.096[s] Speed: 563.1[samples/s]
2026-07-17 22:51:59 transreid.train INFO: Epoch[120] Iter[20/227] Loss: 0.112, Pose: 0.464, Acc: 0.998, Student: 1.00, Reliability: 0.839, GateAbs: 2.414e-02, Base Lr: 1.60e-06
2026-07-17 22:52:02 transreid.train INFO: Epoch[120] Iter[40/227] Loss: 0.110, Pose: 0.462, Acc: 0.997, Student: 1.00, Reliability: 0.852, GateAbs: 2.403e-02, Base Lr: 1.60e-06
2026-07-17 22:52:04 transreid.train INFO: Epoch[120] Iter[60/227] Loss: 0.109, Pose: 0.460, Acc: 0.998, Student: 1.00, Reliability: 0.863, GateAbs: 2.413e-02, Base Lr: 1.60e-06
2026-07-17 22:52:06 transreid.train INFO: Epoch[120] Iter[80/227] Loss: 0.114, Pose: 0.459, Acc: 0.998, Student: 1.00, Reliability: 0.830, GateAbs: 2.388e-02, Base Lr: 1.60e-06
2026-07-17 22:52:08 transreid.train INFO: Epoch[120] Iter[100/227] Loss: 0.113, Pose: 0.460, Acc: 0.998, Student: 1.00, Reliability: 0.856, GateAbs: 2.407e-02, Base Lr: 1.60e-06
2026-07-17 22:52:11 transreid.train INFO: Epoch[120] Iter[120/227] Loss: 0.112, Pose: 0.460, Acc: 0.998, Student: 1.00, Reliability: 0.854, GateAbs: 2.412e-02, Base Lr: 1.60e-06
2026-07-17 22:52:13 transreid.train INFO: Epoch[120] Iter[140/227] Loss: 0.112, Pose: 0.461, Acc: 0.998, Student: 1.00, Reliability: 0.846, GateAbs: 2.403e-02, Base Lr: 1.60e-06
2026-07-17 22:52:15 transreid.train INFO: Epoch[120] Iter[160/227] Loss: 0.111, Pose: 0.461, Acc: 0.998, Student: 1.00, Reliability: 0.860, GateAbs: 2.413e-02, Base Lr: 1.60e-06
2026-07-17 22:52:17 transreid.train INFO: Epoch[120] Iter[180/227] Loss: 0.109, Pose: 0.461, Acc: 0.998, Student: 1.00, Reliability: 0.821, GateAbs: 2.372e-02, Base Lr: 1.60e-06
2026-07-17 22:52:20 transreid.train INFO: Epoch[120] Iter[200/227] Loss: 0.107, Pose: 0.462, Acc: 0.998, Student: 1.00, Reliability: 0.828, GateAbs: 2.396e-02, Base Lr: 1.60e-06
2026-07-17 22:52:21 transreid.train INFO: Epoch 120 done. Time per epoch: 24.224[s] Speed: 562.7[samples/s]
The test feature is normalized
=> Computing DistMat with euclidean_distance
2026-07-17 22:52:44 transreid.train INFO: Validation Results - Epoch: 120
2026-07-17 22:52:44 transreid.train INFO: mAP: 57.6%
2026-07-17 22:52:44 transreid.train INFO: CMC curve, Rank-1  :67.7%
2026-07-17 22:52:44 transreid.train INFO: CMC curve, Rank-5  :80.8%
2026-07-17 22:52:44 transreid.train INFO: CMC curve, Rank-10 :84.6%
