2026-07-18 05:08:49 transreid INFO: Saving model in the path :./log/occluded_duke/exp390_clean_swin_tiny_b0_s2025
2026-07-18 05:08:49 transreid INFO: Loaded configuration file configs/occluded_duke/swin_tiny_s2025.yml
2026-07-18 05:08:49 transreid INFO: Running with config:
DATALOADER:
  NUM_INSTANCE: 4
  NUM_WORKERS: 8
  REMOVE_TAIL: 0
  SAMPLER: softmax_triplet
DATASETS:
  NAMES: occluded_duke
  ROOT_DIR: /mnt1/afrdata
  ROOT_TRAIN_DIR: ../data
  ROOT_VAL_DIR: ../data
INPUT:
  PADDING: 10
  PIXEL_MEAN: [0.5, 0.5, 0.5]
  PIXEL_STD: [0.5, 0.5, 0.5]
  PROB: 0.5
  RE_PROB: 0.5
  SIZE_TEST: [384, 128]
  SIZE_TRAIN: [384, 128]
MODEL:
  ATT_DROP_RATE: 0.0
  COS_LAYER: False
  DEVICE: cuda
  DEVICE_ID: 0
  DEVIDE_LENGTH: 4
  DIST_TRAIN: False
  DROPOUT_RATE: 0.0
  DROP_OUT: 0.0
  DROP_PATH: 0.1
  FEAT_DIM: 512
  GEM_POOLING: False
  ID_LOSS_TYPE: softmax
  ID_LOSS_WEIGHT: 1.0
  IF_LABELSMOOTH: off
  IF_WITH_CENTER: no
  JPM: False
  LAST_STRIDE: 1
  METRIC_LOSS_TYPE: triplet
  NAME: transformer
  NECK: bnneck
  NO_MARGIN: True
  PRETRAIN_CHOICE: self
  PRETRAIN_HW_RATIO: 2
  PRETRAIN_PATH: /home/afr/reid-clean/weights/solider_swin_tiny_tea.pth
  REDUCE_FEAT_DIM: False
  RE_ARRANGE: True
  SEMANTIC_WEIGHT: 0.2
  SHIFT_NUM: 5
  SHUFFLE_GROUP: 2
  SIE_CAMERA: False
  SIE_COE: 3.0
  SIE_VIEW: False
  STEM_CONV: False
  STRIDE_SIZE: [16, 16]
  TAPF:
    ANCHOR_HIDDEN: 128
    ARTIFACT_DIR: 
    ENABLED: False
    GATE_RELEASE: 0.5
    GAUSSIAN_SIGMA: 1.5
    HANDOFF_EPOCHS: 5
    HIERARCHICAL: False
    MANIFEST_SHA256: 
    POSE_LOSS_WEIGHT: 0.1
    PSG_HIDDEN: 32
    TEACHER_EPOCHS: 5
    VERIFY_IMAGE_SHA: False
  TRANSFORMER_TYPE: swin_tiny_patch4_window7_224
  TRIPLET_LOSS_WEIGHT: 1.0
OUTPUT_DIR: ./log/occluded_duke/exp390_clean_swin_tiny_b0_s2025
SOLVER:
  BASE_LR: 0.0008
  BIAS_LR_FACTOR: 2
  CENTER_LOSS_WEIGHT: 0.0005
  CENTER_LR: 0.5
  CHECKPOINT_PERIOD: 120
  COSINE_MARGIN: 0.5
  COSINE_SCALE: 30
  EVAL_PERIOD: 10
  GAMMA: 0.1
  IMS_PER_BATCH: 64
  LARGE_FC_LR: False
  LOG_PERIOD: 20
  MARGIN: 0.3
  MAX_EPOCHS: 120
  MOMENTUM: 0.9
  OPTIMIZER_NAME: SGD
  SEED: 2025
  STEPS: (40, 70)
  TRP_L2: False
  WARMUP_EPOCHS: 20
  WARMUP_FACTOR: 0.01
  WARMUP_METHOD: cosine
  WEIGHT_DECAY: 0.0001
  WEIGHT_DECAY_BIAS: 0.0001
TEST:
  DIST_MAT: dist_mat.npy
  EVAL: True
  FEAT_NORM: yes
  IMS_PER_BATCH: 256
  NECK_FEAT: before
  RE_RANKING: False
  WEIGHT: 
=> Occluded-Duke loaded
2026-07-18 05:08:49 transreid.check INFO: Dataset statistics:
2026-07-18 05:08:49 transreid.check INFO:   ----------------------------------------
2026-07-18 05:08:49 transreid.check INFO:   subset   | # ids | # images | # cameras
2026-07-18 05:08:49 transreid.check INFO:   ----------------------------------------
2026-07-18 05:08:49 transreid.check INFO:   train    |   702 |    15618 |         8
2026-07-18 05:08:49 transreid.check INFO:   query    |   519 |     2210 |         8
2026-07-18 05:08:49 transreid.check INFO:   gallery  |  1110 |    17661 |         8
2026-07-18 05:08:49 transreid.check INFO:   ----------------------------------------
using img_triplet sampler
using Transformer_type: swin_tiny_patch4_window7_224 as a backbone
unloaded parameters: <All keys matched successfully>
===========building transformer===========
using soft triplet loss for training
2026-07-18 05:08:49 transreid INFO: ===========using cosine learning rate=======
2026-07-18 05:08:49 transreid.train INFO: start training
/usr/local/anaconda3/envs/mmpose-abu/lib/python3.8/site-packages/torchvision/transforms/transforms.py:329: UserWarning: Argument 'interpolation' of type int is deprecated since 0.13 and will be removed in 0.15. Please use InterpolationMode enum.
  warnings.warn(
/home/afr/SOLIDER-REID-exp390-b0s2025-ec46d50/model/backbones/swin_transformer.py:1157: UserWarning: DeprecationWarning: pretrained is deprecated, please use "init_cfg" instead
  warnings.warn('DeprecationWarning: pretrained is deprecated, '
2026-07-18 05:08:52 transreid.train INFO: Epoch[1] Iter[20/227] Loss: 19.460, Acc: 0.002, Base Lr: 4.76e-05
2026-07-18 05:08:55 transreid.train INFO: Epoch[1] Iter[40/227] Loss: 17.622, Acc: 0.002, Base Lr: 4.76e-05
2026-07-18 05:08:57 transreid.train INFO: Epoch[1] Iter[60/227] Loss: 16.520, Acc: 0.002, Base Lr: 4.76e-05
2026-07-18 05:08:59 transreid.train INFO: Epoch[1] Iter[80/227] Loss: 15.609, Acc: 0.002, Base Lr: 4.76e-05
2026-07-18 05:09:01 transreid.train INFO: Epoch[1] Iter[100/227] Loss: 15.016, Acc: 0.002, Base Lr: 4.76e-05
2026-07-18 05:09:03 transreid.train INFO: Epoch[1] Iter[120/227] Loss: 14.418, Acc: 0.002, Base Lr: 4.76e-05
2026-07-18 05:09:05 transreid.train INFO: Epoch[1] Iter[140/227] Loss: 13.996, Acc: 0.002, Base Lr: 4.76e-05
2026-07-18 05:09:08 transreid.train INFO: Epoch[1] Iter[160/227] Loss: 13.552, Acc: 0.002, Base Lr: 4.76e-05
2026-07-18 05:09:10 transreid.train INFO: Epoch[1] Iter[180/227] Loss: 13.228, Acc: 0.002, Base Lr: 4.76e-05
2026-07-18 05:09:12 transreid.train INFO: Epoch[1] Iter[200/227] Loss: 12.972, Acc: 0.002, Base Lr: 4.76e-05
2026-07-18 05:09:14 transreid.train INFO: Epoch 1 done. Time per epoch: 24.356[s] Speed: 562.3[samples/s]
2026-07-18 05:09:16 transreid.train INFO: Epoch[2] Iter[20/227] Loss: 11.065, Acc: 0.001, Base Lr: 8.72e-05
2026-07-18 05:09:18 transreid.train INFO: Epoch[2] Iter[40/227] Loss: 10.677, Acc: 0.001, Base Lr: 8.72e-05
2026-07-18 05:09:21 transreid.train INFO: Epoch[2] Iter[60/227] Loss: 10.369, Acc: 0.003, Base Lr: 8.72e-05
2026-07-18 05:09:23 transreid.train INFO: Epoch[2] Iter[80/227] Loss: 10.036, Acc: 0.004, Base Lr: 8.72e-05
2026-07-18 05:09:25 transreid.train INFO: Epoch[2] Iter[100/227] Loss: 9.772, Acc: 0.004, Base Lr: 8.72e-05
2026-07-18 05:09:27 transreid.train INFO: Epoch[2] Iter[120/227] Loss: 9.579, Acc: 0.005, Base Lr: 8.72e-05
2026-07-18 05:09:29 transreid.train INFO: Epoch[2] Iter[140/227] Loss: 9.439, Acc: 0.007, Base Lr: 8.72e-05
2026-07-18 05:09:32 transreid.train INFO: Epoch[2] Iter[160/227] Loss: 9.322, Acc: 0.008, Base Lr: 8.72e-05
2026-07-18 05:09:34 transreid.train INFO: Epoch[2] Iter[180/227] Loss: 9.185, Acc: 0.013, Base Lr: 8.72e-05
2026-07-18 05:09:36 transreid.train INFO: Epoch[2] Iter[200/227] Loss: 9.071, Acc: 0.024, Base Lr: 8.72e-05
2026-07-18 05:09:37 transreid.train INFO: Epoch 2 done. Time per epoch: 23.641[s] Speed: 573.9[samples/s]
2026-07-18 05:09:40 transreid.train INFO: Epoch[3] Iter[20/227] Loss: 8.157, Acc: 0.037, Base Lr: 1.27e-04
2026-07-18 05:09:42 transreid.train INFO: Epoch[3] Iter[40/227] Loss: 8.033, Acc: 0.061, Base Lr: 1.27e-04
2026-07-18 05:09:44 transreid.train INFO: Epoch[3] Iter[60/227] Loss: 8.053, Acc: 0.059, Base Lr: 1.27e-04
2026-07-18 05:09:46 transreid.train INFO: Epoch[3] Iter[80/227] Loss: 8.024, Acc: 0.066, Base Lr: 1.27e-04
2026-07-18 05:09:49 transreid.train INFO: Epoch[3] Iter[100/227] Loss: 7.976, Acc: 0.074, Base Lr: 1.27e-04
2026-07-18 05:09:51 transreid.train INFO: Epoch[3] Iter[120/227] Loss: 7.930, Acc: 0.087, Base Lr: 1.27e-04
2026-07-18 05:09:53 transreid.train INFO: Epoch[3] Iter[140/227] Loss: 7.900, Acc: 0.095, Base Lr: 1.27e-04
2026-07-18 05:09:55 transreid.train INFO: Epoch[3] Iter[160/227] Loss: 7.873, Acc: 0.109, Base Lr: 1.27e-04
2026-07-18 05:09:57 transreid.train INFO: Epoch[3] Iter[180/227] Loss: 7.855, Acc: 0.119, Base Lr: 1.27e-04
2026-07-18 05:10:00 transreid.train INFO: Epoch[3] Iter[200/227] Loss: 7.821, Acc: 0.141, Base Lr: 1.27e-04
2026-07-18 05:10:01 transreid.train INFO: Epoch 3 done. Time per epoch: 23.645[s] Speed: 573.8[samples/s]
2026-07-18 05:10:03 transreid.train INFO: Epoch[4] Iter[20/227] Loss: 7.516, Acc: 0.115, Base Lr: 1.66e-04
2026-07-18 05:10:06 transreid.train INFO: Epoch[4] Iter[40/227] Loss: 7.485, Acc: 0.111, Base Lr: 1.66e-04
2026-07-18 05:10:08 transreid.train INFO: Epoch[4] Iter[60/227] Loss: 7.454, Acc: 0.115, Base Lr: 1.66e-04
2026-07-18 05:10:10 transreid.train INFO: Epoch[4] Iter[80/227] Loss: 7.435, Acc: 0.124, Base Lr: 1.66e-04
2026-07-18 05:10:12 transreid.train INFO: Epoch[4] Iter[100/227] Loss: 7.396, Acc: 0.136, Base Lr: 1.66e-04
2026-07-18 05:10:14 transreid.train INFO: Epoch[4] Iter[120/227] Loss: 7.370, Acc: 0.146, Base Lr: 1.66e-04
2026-07-18 05:10:17 transreid.train INFO: Epoch[4] Iter[140/227] Loss: 7.337, Acc: 0.156, Base Lr: 1.66e-04
2026-07-18 05:10:19 transreid.train INFO: Epoch[4] Iter[160/227] Loss: 7.334, Acc: 0.162, Base Lr: 1.66e-04
2026-07-18 05:10:21 transreid.train INFO: Epoch[4] Iter[180/227] Loss: 7.329, Acc: 0.177, Base Lr: 1.66e-04
2026-07-18 05:10:23 transreid.train INFO: Epoch[4] Iter[200/227] Loss: 7.307, Acc: 0.199, Base Lr: 1.66e-04
2026-07-18 05:10:25 transreid.train INFO: Epoch 4 done. Time per epoch: 23.651[s] Speed: 573.7[samples/s]
2026-07-18 05:10:27 transreid.train INFO: Epoch[5] Iter[20/227] Loss: 7.078, Acc: 0.147, Base Lr: 2.06e-04
2026-07-18 05:10:29 transreid.train INFO: Epoch[5] Iter[40/227] Loss: 7.118, Acc: 0.135, Base Lr: 2.06e-04
2026-07-18 05:10:31 transreid.train INFO: Epoch[5] Iter[60/227] Loss: 7.109, Acc: 0.136, Base Lr: 2.06e-04
2026-07-18 05:10:34 transreid.train INFO: Epoch[5] Iter[80/227] Loss: 7.093, Acc: 0.142, Base Lr: 2.06e-04
2026-07-18 05:10:36 transreid.train INFO: Epoch[5] Iter[100/227] Loss: 7.070, Acc: 0.150, Base Lr: 2.06e-04
2026-07-18 05:10:38 transreid.train INFO: Epoch[5] Iter[120/227] Loss: 7.067, Acc: 0.157, Base Lr: 2.06e-04
2026-07-18 05:10:40 transreid.train INFO: Epoch[5] Iter[140/227] Loss: 7.050, Acc: 0.166, Base Lr: 2.06e-04
2026-07-18 05:10:42 transreid.train INFO: Epoch[5] Iter[160/227] Loss: 7.033, Acc: 0.175, Base Lr: 2.06e-04
2026-07-18 05:10:45 transreid.train INFO: Epoch[5] Iter[180/227] Loss: 7.013, Acc: 0.189, Base Lr: 2.06e-04
2026-07-18 05:10:47 transreid.train INFO: Epoch[5] Iter[200/227] Loss: 6.968, Acc: 0.214, Base Lr: 2.06e-04
2026-07-18 05:10:48 transreid.train INFO: Epoch 5 done. Time per epoch: 23.635[s] Speed: 574.1[samples/s]
2026-07-18 05:10:51 transreid.train INFO: Epoch[6] Iter[20/227] Loss: 6.871, Acc: 0.113, Base Lr: 2.46e-04
2026-07-18 05:10:53 transreid.train INFO: Epoch[6] Iter[40/227] Loss: 6.920, Acc: 0.105, Base Lr: 2.46e-04
2026-07-18 05:10:55 transreid.train INFO: Epoch[6] Iter[60/227] Loss: 6.894, Acc: 0.103, Base Lr: 2.46e-04
2026-07-18 05:10:57 transreid.train INFO: Epoch[6] Iter[80/227] Loss: 6.863, Acc: 0.115, Base Lr: 2.46e-04
2026-07-18 05:10:59 transreid.train INFO: Epoch[6] Iter[100/227] Loss: 6.827, Acc: 0.126, Base Lr: 2.46e-04
2026-07-18 05:11:02 transreid.train INFO: Epoch[6] Iter[120/227] Loss: 6.807, Acc: 0.142, Base Lr: 2.46e-04
2026-07-18 05:11:04 transreid.train INFO: Epoch[6] Iter[140/227] Loss: 6.781, Acc: 0.156, Base Lr: 2.46e-04
2026-07-18 05:11:06 transreid.train INFO: Epoch[6] Iter[160/227] Loss: 6.753, Acc: 0.168, Base Lr: 2.46e-04
2026-07-18 05:11:08 transreid.train INFO: Epoch[6] Iter[180/227] Loss: 6.726, Acc: 0.185, Base Lr: 2.46e-04
2026-07-18 05:11:10 transreid.train INFO: Epoch[6] Iter[200/227] Loss: 6.688, Acc: 0.217, Base Lr: 2.46e-04
2026-07-18 05:11:12 transreid.train INFO: Epoch 6 done. Time per epoch: 23.516[s] Speed: 574.3[samples/s]
2026-07-18 05:11:14 transreid.train INFO: Epoch[7] Iter[20/227] Loss: 6.650, Acc: 0.116, Base Lr: 2.85e-04
2026-07-18 05:11:16 transreid.train INFO: Epoch[7] Iter[40/227] Loss: 6.656, Acc: 0.120, Base Lr: 2.85e-04
2026-07-18 05:11:19 transreid.train INFO: Epoch[7] Iter[60/227] Loss: 6.598, Acc: 0.136, Base Lr: 2.85e-04
2026-07-18 05:11:21 transreid.train INFO: Epoch[7] Iter[80/227] Loss: 6.577, Acc: 0.138, Base Lr: 2.85e-04
2026-07-18 05:11:23 transreid.train INFO: Epoch[7] Iter[100/227] Loss: 6.559, Acc: 0.144, Base Lr: 2.85e-04
2026-07-18 05:11:25 transreid.train INFO: Epoch[7] Iter[120/227] Loss: 6.550, Acc: 0.155, Base Lr: 2.85e-04
2026-07-18 05:11:27 transreid.train INFO: Epoch[7] Iter[140/227] Loss: 6.518, Acc: 0.163, Base Lr: 2.85e-04
2026-07-18 05:11:30 transreid.train INFO: Epoch[7] Iter[160/227] Loss: 6.492, Acc: 0.177, Base Lr: 2.85e-04
2026-07-18 05:11:32 transreid.train INFO: Epoch[7] Iter[180/227] Loss: 6.464, Acc: 0.190, Base Lr: 2.85e-04
2026-07-18 05:11:34 transreid.train INFO: Epoch[7] Iter[200/227] Loss: 6.394, Acc: 0.215, Base Lr: 2.85e-04
2026-07-18 05:11:35 transreid.train INFO: Epoch 7 done. Time per epoch: 23.560[s] Speed: 573.2[samples/s]
2026-07-18 05:11:38 transreid.train INFO: Epoch[8] Iter[20/227] Loss: 6.313, Acc: 0.122, Base Lr: 3.25e-04
2026-07-18 05:11:40 transreid.train INFO: Epoch[8] Iter[40/227] Loss: 6.284, Acc: 0.125, Base Lr: 3.25e-04
2026-07-18 05:11:42 transreid.train INFO: Epoch[8] Iter[60/227] Loss: 6.276, Acc: 0.126, Base Lr: 3.25e-04
2026-07-18 05:11:44 transreid.train INFO: Epoch[8] Iter[80/227] Loss: 6.295, Acc: 0.129, Base Lr: 3.25e-04
2026-07-18 05:11:47 transreid.train INFO: Epoch[8] Iter[100/227] Loss: 6.271, Acc: 0.141, Base Lr: 3.25e-04
2026-07-18 05:11:49 transreid.train INFO: Epoch[8] Iter[120/227] Loss: 6.240, Acc: 0.150, Base Lr: 3.25e-04
2026-07-18 05:11:51 transreid.train INFO: Epoch[8] Iter[140/227] Loss: 6.220, Acc: 0.156, Base Lr: 3.25e-04
2026-07-18 05:11:53 transreid.train INFO: Epoch[8] Iter[160/227] Loss: 6.175, Acc: 0.168, Base Lr: 3.25e-04
2026-07-18 05:11:55 transreid.train INFO: Epoch[8] Iter[180/227] Loss: 6.134, Acc: 0.181, Base Lr: 3.25e-04
2026-07-18 05:11:58 transreid.train INFO: Epoch[8] Iter[200/227] Loss: 6.052, Acc: 0.212, Base Lr: 3.25e-04
2026-07-18 05:11:59 transreid.train INFO: Epoch 8 done. Time per epoch: 23.632[s] Speed: 574.1[samples/s]
2026-07-18 05:12:01 transreid.train INFO: Epoch[9] Iter[20/227] Loss: 5.968, Acc: 0.136, Base Lr: 3.64e-04
2026-07-18 05:12:04 transreid.train INFO: Epoch[9] Iter[40/227] Loss: 5.989, Acc: 0.133, Base Lr: 3.64e-04
2026-07-18 05:12:06 transreid.train INFO: Epoch[9] Iter[60/227] Loss: 5.923, Acc: 0.135, Base Lr: 3.64e-04
2026-07-18 05:12:08 transreid.train INFO: Epoch[9] Iter[80/227] Loss: 5.895, Acc: 0.137, Base Lr: 3.64e-04
2026-07-18 05:12:10 transreid.train INFO: Epoch[9] Iter[100/227] Loss: 5.882, Acc: 0.145, Base Lr: 3.64e-04
2026-07-18 05:12:12 transreid.train INFO: Epoch[9] Iter[120/227] Loss: 5.856, Acc: 0.155, Base Lr: 3.64e-04
2026-07-18 05:12:15 transreid.train INFO: Epoch[9] Iter[140/227] Loss: 5.821, Acc: 0.164, Base Lr: 3.64e-04
2026-07-18 05:12:17 transreid.train INFO: Epoch[9] Iter[160/227] Loss: 5.787, Acc: 0.178, Base Lr: 3.64e-04
2026-07-18 05:12:19 transreid.train INFO: Epoch[9] Iter[180/227] Loss: 5.722, Acc: 0.199, Base Lr: 3.64e-04
2026-07-18 05:12:21 transreid.train INFO: Epoch[9] Iter[200/227] Loss: 5.620, Acc: 0.223, Base Lr: 3.64e-04
2026-07-18 05:12:23 transreid.train INFO: Epoch 9 done. Time per epoch: 23.644[s] Speed: 573.8[samples/s]
2026-07-18 05:12:25 transreid.train INFO: Epoch[10] Iter[20/227] Loss: 5.726, Acc: 0.153, Base Lr: 4.04e-04
2026-07-18 05:12:27 transreid.train INFO: Epoch[10] Iter[40/227] Loss: 5.591, Acc: 0.142, Base Lr: 4.04e-04
2026-07-18 05:12:29 transreid.train INFO: Epoch[10] Iter[60/227] Loss: 5.550, Acc: 0.149, Base Lr: 4.04e-04
2026-07-18 05:12:32 transreid.train INFO: Epoch[10] Iter[80/227] Loss: 5.523, Acc: 0.159, Base Lr: 4.04e-04
2026-07-18 05:12:34 transreid.train INFO: Epoch[10] Iter[100/227] Loss: 5.502, Acc: 0.173, Base Lr: 4.04e-04
2026-07-18 05:12:36 transreid.train INFO: Epoch[10] Iter[120/227] Loss: 5.467, Acc: 0.183, Base Lr: 4.04e-04
2026-07-18 05:12:38 transreid.train INFO: Epoch[10] Iter[140/227] Loss: 5.420, Acc: 0.194, Base Lr: 4.04e-04
2026-07-18 05:12:40 transreid.train INFO: Epoch[10] Iter[160/227] Loss: 5.370, Acc: 0.210, Base Lr: 4.04e-04
2026-07-18 05:12:43 transreid.train INFO: Epoch[10] Iter[180/227] Loss: 5.318, Acc: 0.224, Base Lr: 4.04e-04
2026-07-18 05:12:45 transreid.train INFO: Epoch[10] Iter[200/227] Loss: 5.215, Acc: 0.254, Base Lr: 4.04e-04
2026-07-18 05:12:46 transreid.train INFO: Epoch 10 done. Time per epoch: 23.554[s] Speed: 573.3[samples/s]
The test feature is normalized
=> Computing DistMat with euclidean_distance
2026-07-18 05:13:09 transreid.train INFO: Validation Results - Epoch: 10
2026-07-18 05:13:09 transreid.train INFO: mAP: 34.7%
2026-07-18 05:13:09 transreid.train INFO: CMC curve, Rank-1  :44.6%
2026-07-18 05:13:09 transreid.train INFO: CMC curve, Rank-5  :59.6%
2026-07-18 05:13:09 transreid.train INFO: CMC curve, Rank-10 :65.8%
/home/afr/SOLIDER-REID-exp390-b0s2025-ec46d50/utils/metrics.py:12: UserWarning: This overload of addmm_ is deprecated:
	addmm_(Number beta, Number alpha, Tensor mat1, Tensor mat2)
Consider using one of the following signatures instead:
	addmm_(Tensor mat1, Tensor mat2, *, Number beta, Number alpha) (Triggered internally at /opt/conda/conda-bld/pytorch_1670525541702/work/torch/csrc/utils/python_arg_parser.cpp:1420.)
  dist_mat.addmm_(1, -2, qf, gf.t())
2026-07-18 05:13:11 transreid.train INFO: Epoch[11] Iter[20/227] Loss: 5.377, Acc: 0.162, Base Lr: 4.44e-04
2026-07-18 05:13:14 transreid.train INFO: Epoch[11] Iter[40/227] Loss: 5.304, Acc: 0.182, Base Lr: 4.44e-04
2026-07-18 05:13:16 transreid.train INFO: Epoch[11] Iter[60/227] Loss: 5.256, Acc: 0.191, Base Lr: 4.44e-04
2026-07-18 05:13:18 transreid.train INFO: Epoch[11] Iter[80/227] Loss: 5.214, Acc: 0.198, Base Lr: 4.44e-04
2026-07-18 05:13:20 transreid.train INFO: Epoch[11] Iter[100/227] Loss: 5.157, Acc: 0.204, Base Lr: 4.44e-04
2026-07-18 05:13:22 transreid.train INFO: Epoch[11] Iter[120/227] Loss: 5.115, Acc: 0.218, Base Lr: 4.44e-04
2026-07-18 05:13:25 transreid.train INFO: Epoch[11] Iter[140/227] Loss: 5.082, Acc: 0.229, Base Lr: 4.44e-04
2026-07-18 05:13:27 transreid.train INFO: Epoch[11] Iter[160/227] Loss: 5.014, Acc: 0.251, Base Lr: 4.44e-04
2026-07-18 05:13:29 transreid.train INFO: Epoch[11] Iter[180/227] Loss: 4.935, Acc: 0.276, Base Lr: 4.44e-04
2026-07-18 05:13:31 transreid.train INFO: Epoch[11] Iter[200/227] Loss: 4.819, Acc: 0.306, Base Lr: 4.44e-04
2026-07-18 05:13:32 transreid.train INFO: Epoch 11 done. Time per epoch: 23.639[s] Speed: 571.3[samples/s]
2026-07-18 05:13:35 transreid.train INFO: Epoch[12] Iter[20/227] Loss: 4.902, Acc: 0.238, Base Lr: 4.83e-04
2026-07-18 05:13:37 transreid.train INFO: Epoch[12] Iter[40/227] Loss: 4.924, Acc: 0.230, Base Lr: 4.83e-04
2026-07-18 05:13:39 transreid.train INFO: Epoch[12] Iter[60/227] Loss: 4.848, Acc: 0.241, Base Lr: 4.83e-04
2026-07-18 05:13:42 transreid.train INFO: Epoch[12] Iter[80/227] Loss: 4.814, Acc: 0.259, Base Lr: 4.83e-04
2026-07-18 05:13:44 transreid.train INFO: Epoch[12] Iter[100/227] Loss: 4.792, Acc: 0.264, Base Lr: 4.83e-04
2026-07-18 05:13:46 transreid.train INFO: Epoch[12] Iter[120/227] Loss: 4.770, Acc: 0.274, Base Lr: 4.83e-04
2026-07-18 05:13:48 transreid.train INFO: Epoch[12] Iter[140/227] Loss: 4.696, Acc: 0.295, Base Lr: 4.83e-04
2026-07-18 05:13:50 transreid.train INFO: Epoch[12] Iter[160/227] Loss: 4.631, Acc: 0.309, Base Lr: 4.83e-04
2026-07-18 05:13:53 transreid.train INFO: Epoch[12] Iter[180/227] Loss: 4.562, Acc: 0.333, Base Lr: 4.83e-04
2026-07-18 05:13:55 transreid.train INFO: Epoch[12] Iter[200/227] Loss: 4.429, Acc: 0.367, Base Lr: 4.83e-04
2026-07-18 05:13:56 transreid.train INFO: Epoch 12 done. Time per epoch: 23.694[s] Speed: 572.6[samples/s]
2026-07-18 05:13:59 transreid.train INFO: Epoch[13] Iter[20/227] Loss: 4.756, Acc: 0.262, Base Lr: 5.23e-04
2026-07-18 05:14:01 transreid.train INFO: Epoch[13] Iter[40/227] Loss: 4.668, Acc: 0.279, Base Lr: 5.23e-04
2026-07-18 05:14:03 transreid.train INFO: Epoch[13] Iter[60/227] Loss: 4.547, Acc: 0.307, Base Lr: 5.23e-04
2026-07-18 05:14:05 transreid.train INFO: Epoch[13] Iter[80/227] Loss: 4.527, Acc: 0.318, Base Lr: 5.23e-04
2026-07-18 05:14:07 transreid.train INFO: Epoch[13] Iter[100/227] Loss: 4.500, Acc: 0.334, Base Lr: 5.23e-04
2026-07-18 05:14:10 transreid.train INFO: Epoch[13] Iter[120/227] Loss: 4.412, Acc: 0.357, Base Lr: 5.23e-04
2026-07-18 05:14:12 transreid.train INFO: Epoch[13] Iter[140/227] Loss: 4.366, Acc: 0.372, Base Lr: 5.23e-04
2026-07-18 05:14:14 transreid.train INFO: Epoch[13] Iter[160/227] Loss: 4.282, Acc: 0.392, Base Lr: 5.23e-04
2026-07-18 05:14:16 transreid.train INFO: Epoch[13] Iter[180/227] Loss: 4.185, Acc: 0.416, Base Lr: 5.23e-04
2026-07-18 05:14:18 transreid.train INFO: Epoch[13] Iter[200/227] Loss: 4.051, Acc: 0.446, Base Lr: 5.23e-04
2026-07-18 05:14:20 transreid.train INFO: Epoch 13 done. Time per epoch: 23.719[s] Speed: 572.0[samples/s]
2026-07-18 05:14:22 transreid.train INFO: Epoch[14] Iter[20/227] Loss: 4.302, Acc: 0.342, Base Lr: 5.62e-04
2026-07-18 05:14:25 transreid.train INFO: Epoch[14] Iter[40/227] Loss: 4.267, Acc: 0.334, Base Lr: 5.62e-04
2026-07-18 05:14:27 transreid.train INFO: Epoch[14] Iter[60/227] Loss: 4.162, Acc: 0.358, Base Lr: 5.62e-04
2026-07-18 05:14:29 transreid.train INFO: Epoch[14] Iter[80/227] Loss: 4.089, Acc: 0.389, Base Lr: 5.62e-04
2026-07-18 05:14:31 transreid.train INFO: Epoch[14] Iter[100/227] Loss: 4.026, Acc: 0.408, Base Lr: 5.62e-04
2026-07-18 05:14:33 transreid.train INFO: Epoch[14] Iter[120/227] Loss: 3.953, Acc: 0.432, Base Lr: 5.62e-04
2026-07-18 05:14:36 transreid.train INFO: Epoch[14] Iter[140/227] Loss: 3.896, Acc: 0.449, Base Lr: 5.62e-04
2026-07-18 05:14:38 transreid.train INFO: Epoch[14] Iter[160/227] Loss: 3.863, Acc: 0.466, Base Lr: 5.62e-04
2026-07-18 05:14:40 transreid.train INFO: Epoch[14] Iter[180/227] Loss: 3.799, Acc: 0.488, Base Lr: 5.62e-04
2026-07-18 05:14:42 transreid.train INFO: Epoch[14] Iter[200/227] Loss: 3.691, Acc: 0.513, Base Lr: 5.62e-04
2026-07-18 05:14:44 transreid.train INFO: Epoch 14 done. Time per epoch: 23.723[s] Speed: 571.9[samples/s]
2026-07-18 05:14:46 transreid.train INFO: Epoch[15] Iter[20/227] Loss: 3.870, Acc: 0.412, Base Lr: 6.02e-04
2026-07-18 05:14:48 transreid.train INFO: Epoch[15] Iter[40/227] Loss: 3.886, Acc: 0.416, Base Lr: 6.02e-04
2026-07-18 05:14:51 transreid.train INFO: Epoch[15] Iter[60/227] Loss: 3.767, Acc: 0.445, Base Lr: 6.02e-04
2026-07-18 05:14:53 transreid.train INFO: Epoch[15] Iter[80/227] Loss: 3.694, Acc: 0.458, Base Lr: 6.02e-04
2026-07-18 05:14:55 transreid.train INFO: Epoch[15] Iter[100/227] Loss: 3.642, Acc: 0.482, Base Lr: 6.02e-04
2026-07-18 05:14:57 transreid.train INFO: Epoch[15] Iter[120/227] Loss: 3.568, Acc: 0.505, Base Lr: 6.02e-04
2026-07-18 05:14:59 transreid.train INFO: Epoch[15] Iter[140/227] Loss: 3.525, Acc: 0.521, Base Lr: 6.02e-04
2026-07-18 05:15:02 transreid.train INFO: Epoch[15] Iter[160/227] Loss: 3.446, Acc: 0.543, Base Lr: 6.02e-04
2026-07-18 05:15:04 transreid.train INFO: Epoch[15] Iter[180/227] Loss: 3.368, Acc: 0.560, Base Lr: 6.02e-04
2026-07-18 05:15:06 transreid.train INFO: Epoch[15] Iter[200/227] Loss: 3.266, Acc: 0.587, Base Lr: 6.02e-04
2026-07-18 05:15:07 transreid.train INFO: Epoch 15 done. Time per epoch: 23.813[s] Speed: 569.8[samples/s]
2026-07-18 05:15:10 transreid.train INFO: Epoch[16] Iter[20/227] Loss: 3.423, Acc: 0.494, Base Lr: 6.42e-04
2026-07-18 05:15:12 transreid.train INFO: Epoch[16] Iter[40/227] Loss: 3.477, Acc: 0.494, Base Lr: 6.42e-04
2026-07-18 05:15:14 transreid.train INFO: Epoch[16] Iter[60/227] Loss: 3.421, Acc: 0.515, Base Lr: 6.42e-04
2026-07-18 05:15:17 transreid.train INFO: Epoch[16] Iter[80/227] Loss: 3.388, Acc: 0.526, Base Lr: 6.42e-04
2026-07-18 05:15:19 transreid.train INFO: Epoch[16] Iter[100/227] Loss: 3.315, Acc: 0.544, Base Lr: 6.42e-04
2026-07-18 05:15:21 transreid.train INFO: Epoch[16] Iter[120/227] Loss: 3.250, Acc: 0.565, Base Lr: 6.42e-04
2026-07-18 05:15:23 transreid.train INFO: Epoch[16] Iter[140/227] Loss: 3.191, Acc: 0.583, Base Lr: 6.42e-04
2026-07-18 05:15:25 transreid.train INFO: Epoch[16] Iter[160/227] Loss: 3.120, Acc: 0.599, Base Lr: 6.42e-04
2026-07-18 05:15:28 transreid.train INFO: Epoch[16] Iter[180/227] Loss: 3.044, Acc: 0.621, Base Lr: 6.42e-04
2026-07-18 05:15:30 transreid.train INFO: Epoch[16] Iter[200/227] Loss: 2.939, Acc: 0.644, Base Lr: 6.42e-04
2026-07-18 05:15:31 transreid.train INFO: Epoch 16 done. Time per epoch: 23.631[s] Speed: 571.4[samples/s]
2026-07-18 05:15:34 transreid.train INFO: Epoch[17] Iter[20/227] Loss: 3.211, Acc: 0.548, Base Lr: 6.81e-04
2026-07-18 05:15:36 transreid.train INFO: Epoch[17] Iter[40/227] Loss: 3.084, Acc: 0.577, Base Lr: 6.81e-04
2026-07-18 05:15:38 transreid.train INFO: Epoch[17] Iter[60/227] Loss: 3.061, Acc: 0.585, Base Lr: 6.81e-04
2026-07-18 05:15:40 transreid.train INFO: Epoch[17] Iter[80/227] Loss: 3.011, Acc: 0.595, Base Lr: 6.81e-04
2026-07-18 05:15:42 transreid.train INFO: Epoch[17] Iter[100/227] Loss: 2.953, Acc: 0.616, Base Lr: 6.81e-04
2026-07-18 05:15:45 transreid.train INFO: Epoch[17] Iter[120/227] Loss: 2.894, Acc: 0.637, Base Lr: 6.81e-04
2026-07-18 05:15:47 transreid.train INFO: Epoch[17] Iter[140/227] Loss: 2.834, Acc: 0.658, Base Lr: 6.81e-04
2026-07-18 05:15:49 transreid.train INFO: Epoch[17] Iter[160/227] Loss: 2.777, Acc: 0.669, Base Lr: 6.81e-04
2026-07-18 05:15:51 transreid.train INFO: Epoch[17] Iter[180/227] Loss: 2.696, Acc: 0.687, Base Lr: 6.81e-04
2026-07-18 05:15:53 transreid.train INFO: Epoch[17] Iter[200/227] Loss: 2.580, Acc: 0.708, Base Lr: 6.81e-04
2026-07-18 05:15:55 transreid.train INFO: Epoch 17 done. Time per epoch: 23.710[s] Speed: 572.2[samples/s]
2026-07-18 05:15:57 transreid.train INFO: Epoch[18] Iter[20/227] Loss: 2.933, Acc: 0.605, Base Lr: 7.21e-04
2026-07-18 05:15:59 transreid.train INFO: Epoch[18] Iter[40/227] Loss: 2.824, Acc: 0.619, Base Lr: 7.21e-04
2026-07-18 05:16:02 transreid.train INFO: Epoch[18] Iter[60/227] Loss: 2.831, Acc: 0.629, Base Lr: 7.21e-04
2026-07-18 05:16:04 transreid.train INFO: Epoch[18] Iter[80/227] Loss: 2.774, Acc: 0.647, Base Lr: 7.21e-04
2026-07-18 05:16:06 transreid.train INFO: Epoch[18] Iter[100/227] Loss: 2.702, Acc: 0.660, Base Lr: 7.21e-04
2026-07-18 05:16:08 transreid.train INFO: Epoch[18] Iter[120/227] Loss: 2.622, Acc: 0.684, Base Lr: 7.21e-04
2026-07-18 05:16:10 transreid.train INFO: Epoch[18] Iter[140/227] Loss: 2.563, Acc: 0.701, Base Lr: 7.21e-04
2026-07-18 05:16:13 transreid.train INFO: Epoch[18] Iter[160/227] Loss: 2.517, Acc: 0.714, Base Lr: 7.21e-04
2026-07-18 05:16:15 transreid.train INFO: Epoch[18] Iter[180/227] Loss: 2.445, Acc: 0.733, Base Lr: 7.21e-04
2026-07-18 05:16:17 transreid.train INFO: Epoch[18] Iter[200/227] Loss: 2.357, Acc: 0.750, Base Lr: 7.21e-04
2026-07-18 05:16:18 transreid.train INFO: Epoch 18 done. Time per epoch: 23.587[s] Speed: 572.5[samples/s]
2026-07-18 05:16:21 transreid.train INFO: Epoch[19] Iter[20/227] Loss: 2.603, Acc: 0.674, Base Lr: 7.60e-04
2026-07-18 05:16:23 transreid.train INFO: Epoch[19] Iter[40/227] Loss: 2.520, Acc: 0.689, Base Lr: 7.60e-04
2026-07-18 05:16:25 transreid.train INFO: Epoch[19] Iter[60/227] Loss: 2.407, Acc: 0.719, Base Lr: 7.60e-04
2026-07-18 05:16:27 transreid.train INFO: Epoch[19] Iter[80/227] Loss: 2.367, Acc: 0.723, Base Lr: 7.60e-04
2026-07-18 05:16:30 transreid.train INFO: Epoch[19] Iter[100/227] Loss: 2.328, Acc: 0.730, Base Lr: 7.60e-04
2026-07-18 05:16:32 transreid.train INFO: Epoch[19] Iter[120/227] Loss: 2.279, Acc: 0.743, Base Lr: 7.60e-04
2026-07-18 05:16:34 transreid.train INFO: Epoch[19] Iter[140/227] Loss: 2.235, Acc: 0.755, Base Lr: 7.60e-04
2026-07-18 05:16:36 transreid.train INFO: Epoch[19] Iter[160/227] Loss: 2.175, Acc: 0.771, Base Lr: 7.60e-04
2026-07-18 05:16:38 transreid.train INFO: Epoch[19] Iter[180/227] Loss: 2.115, Acc: 0.787, Base Lr: 7.60e-04
2026-07-18 05:16:41 transreid.train INFO: Epoch[19] Iter[200/227] Loss: 2.039, Acc: 0.801, Base Lr: 7.60e-04
2026-07-18 05:16:42 transreid.train INFO: Epoch 19 done. Time per epoch: 23.722[s] Speed: 572.0[samples/s]
2026-07-18 05:16:45 transreid.train INFO: Epoch[20] Iter[20/227] Loss: 2.246, Acc: 0.710, Base Lr: 7.47e-04
2026-07-18 05:16:47 transreid.train INFO: Epoch[20] Iter[40/227] Loss: 2.303, Acc: 0.722, Base Lr: 7.47e-04
2026-07-18 05:16:49 transreid.train INFO: Epoch[20] Iter[60/227] Loss: 2.270, Acc: 0.741, Base Lr: 7.47e-04
2026-07-18 05:16:51 transreid.train INFO: Epoch[20] Iter[80/227] Loss: 2.273, Acc: 0.744, Base Lr: 7.47e-04
2026-07-18 05:16:53 transreid.train INFO: Epoch[20] Iter[100/227] Loss: 2.190, Acc: 0.764, Base Lr: 7.47e-04
2026-07-18 05:16:56 transreid.train INFO: Epoch[20] Iter[120/227] Loss: 2.112, Acc: 0.781, Base Lr: 7.47e-04
2026-07-18 05:16:58 transreid.train INFO: Epoch[20] Iter[140/227] Loss: 2.056, Acc: 0.792, Base Lr: 7.47e-04
2026-07-18 05:17:00 transreid.train INFO: Epoch[20] Iter[160/227] Loss: 2.000, Acc: 0.803, Base Lr: 7.47e-04
2026-07-18 05:17:02 transreid.train INFO: Epoch[20] Iter[180/227] Loss: 1.930, Acc: 0.814, Base Lr: 7.47e-04
2026-07-18 05:17:04 transreid.train INFO: Epoch[20] Iter[200/227] Loss: 1.860, Acc: 0.825, Base Lr: 7.47e-04
2026-07-18 05:17:06 transreid.train INFO: Epoch 20 done. Time per epoch: 23.605[s] Speed: 572.1[samples/s]
The test feature is normalized
=> Computing DistMat with euclidean_distance
2026-07-18 05:17:28 transreid.train INFO: Validation Results - Epoch: 20
2026-07-18 05:17:28 transreid.train INFO: mAP: 38.8%
2026-07-18 05:17:28 transreid.train INFO: CMC curve, Rank-1  :50.0%
2026-07-18 05:17:28 transreid.train INFO: CMC curve, Rank-5  :63.4%
2026-07-18 05:17:28 transreid.train INFO: CMC curve, Rank-10 :69.3%
2026-07-18 05:17:31 transreid.train INFO: Epoch[21] Iter[20/227] Loss: 1.892, Acc: 0.789, Base Lr: 7.41e-04
2026-07-18 05:17:33 transreid.train INFO: Epoch[21] Iter[40/227] Loss: 1.937, Acc: 0.784, Base Lr: 7.41e-04
2026-07-18 05:17:35 transreid.train INFO: Epoch[21] Iter[60/227] Loss: 1.886, Acc: 0.791, Base Lr: 7.41e-04
2026-07-18 05:17:37 transreid.train INFO: Epoch[21] Iter[80/227] Loss: 1.804, Acc: 0.806, Base Lr: 7.41e-04
2026-07-18 05:17:40 transreid.train INFO: Epoch[21] Iter[100/227] Loss: 1.748, Acc: 0.821, Base Lr: 7.41e-04
2026-07-18 05:17:42 transreid.train INFO: Epoch[21] Iter[120/227] Loss: 1.711, Acc: 0.829, Base Lr: 7.41e-04
2026-07-18 05:17:44 transreid.train INFO: Epoch[21] Iter[140/227] Loss: 1.682, Acc: 0.838, Base Lr: 7.41e-04
2026-07-18 05:17:46 transreid.train INFO: Epoch[21] Iter[160/227] Loss: 1.637, Acc: 0.847, Base Lr: 7.41e-04
2026-07-18 05:17:48 transreid.train INFO: Epoch[21] Iter[180/227] Loss: 1.587, Acc: 0.855, Base Lr: 7.41e-04
2026-07-18 05:17:51 transreid.train INFO: Epoch[21] Iter[200/227] Loss: 1.543, Acc: 0.863, Base Lr: 7.41e-04
2026-07-18 05:17:52 transreid.train INFO: Epoch 21 done. Time per epoch: 23.719[s] Speed: 572.0[samples/s]
2026-07-18 05:17:55 transreid.train INFO: Epoch[22] Iter[20/227] Loss: 1.804, Acc: 0.799, Base Lr: 7.36e-04
2026-07-18 05:17:57 transreid.train INFO: Epoch[22] Iter[40/227] Loss: 1.684, Acc: 0.825, Base Lr: 7.36e-04
2026-07-18 05:17:59 transreid.train INFO: Epoch[22] Iter[60/227] Loss: 1.647, Acc: 0.831, Base Lr: 7.36e-04
2026-07-18 05:18:01 transreid.train INFO: Epoch[22] Iter[80/227] Loss: 1.617, Acc: 0.837, Base Lr: 7.36e-04
2026-07-18 05:18:03 transreid.train INFO: Epoch[22] Iter[100/227] Loss: 1.565, Acc: 0.849, Base Lr: 7.36e-04
2026-07-18 05:18:06 transreid.train INFO: Epoch[22] Iter[120/227] Loss: 1.518, Acc: 0.857, Base Lr: 7.36e-04
2026-07-18 05:18:08 transreid.train INFO: Epoch[22] Iter[140/227] Loss: 1.462, Acc: 0.866, Base Lr: 7.36e-04
2026-07-18 05:18:10 transreid.train INFO: Epoch[22] Iter[160/227] Loss: 1.434, Acc: 0.872, Base Lr: 7.36e-04
2026-07-18 05:18:12 transreid.train INFO: Epoch[22] Iter[180/227] Loss: 1.391, Acc: 0.881, Base Lr: 7.36e-04
2026-07-18 05:18:14 transreid.train INFO: Epoch[22] Iter[200/227] Loss: 1.340, Acc: 0.888, Base Lr: 7.36e-04
2026-07-18 05:18:16 transreid.train INFO: Epoch 22 done. Time per epoch: 23.738[s] Speed: 571.6[samples/s]
2026-07-18 05:18:18 transreid.train INFO: Epoch[23] Iter[20/227] Loss: 1.574, Acc: 0.815, Base Lr: 7.30e-04
2026-07-18 05:18:21 transreid.train INFO: Epoch[23] Iter[40/227] Loss: 1.478, Acc: 0.846, Base Lr: 7.30e-04
2026-07-18 05:18:23 transreid.train INFO: Epoch[23] Iter[60/227] Loss: 1.436, Acc: 0.856, Base Lr: 7.30e-04
2026-07-18 05:18:25 transreid.train INFO: Epoch[23] Iter[80/227] Loss: 1.405, Acc: 0.865, Base Lr: 7.30e-04
2026-07-18 05:18:27 transreid.train INFO: Epoch[23] Iter[100/227] Loss: 1.379, Acc: 0.870, Base Lr: 7.30e-04
2026-07-18 05:18:29 transreid.train INFO: Epoch[23] Iter[120/227] Loss: 1.326, Acc: 0.878, Base Lr: 7.30e-04
2026-07-18 05:18:31 transreid.train INFO: Epoch[23] Iter[140/227] Loss: 1.290, Acc: 0.886, Base Lr: 7.30e-04
2026-07-18 05:18:34 transreid.train INFO: Epoch[23] Iter[160/227] Loss: 1.256, Acc: 0.893, Base Lr: 7.30e-04
2026-07-18 05:18:36 transreid.train INFO: Epoch[23] Iter[180/227] Loss: 1.212, Acc: 0.901, Base Lr: 7.30e-04
2026-07-18 05:18:38 transreid.train INFO: Epoch[23] Iter[200/227] Loss: 1.172, Acc: 0.906, Base Lr: 7.30e-04
2026-07-18 05:18:39 transreid.train INFO: Epoch 23 done. Time per epoch: 23.711[s] Speed: 572.2[samples/s]
2026-07-18 05:18:42 transreid.train INFO: Epoch[24] Iter[20/227] Loss: 1.284, Acc: 0.859, Base Lr: 7.24e-04
2026-07-18 05:18:44 transreid.train INFO: Epoch[24] Iter[40/227] Loss: 1.265, Acc: 0.870, Base Lr: 7.24e-04
2026-07-18 05:18:46 transreid.train INFO: Epoch[24] Iter[60/227] Loss: 1.262, Acc: 0.874, Base Lr: 7.24e-04
2026-07-18 05:18:49 transreid.train INFO: Epoch[24] Iter[80/227] Loss: 1.228, Acc: 0.883, Base Lr: 7.24e-04
2026-07-18 05:18:51 transreid.train INFO: Epoch[24] Iter[100/227] Loss: 1.198, Acc: 0.891, Base Lr: 7.24e-04
2026-07-18 05:18:53 transreid.train INFO: Epoch[24] Iter[120/227] Loss: 1.169, Acc: 0.898, Base Lr: 7.24e-04
2026-07-18 05:18:55 transreid.train INFO: Epoch[24] Iter[140/227] Loss: 1.136, Acc: 0.904, Base Lr: 7.24e-04
2026-07-18 05:18:57 transreid.train INFO: Epoch[24] Iter[160/227] Loss: 1.101, Acc: 0.907, Base Lr: 7.24e-04
2026-07-18 05:19:00 transreid.train INFO: Epoch[24] Iter[180/227] Loss: 1.061, Acc: 0.913, Base Lr: 7.24e-04
2026-07-18 05:19:02 transreid.train INFO: Epoch[24] Iter[200/227] Loss: 1.018, Acc: 0.919, Base Lr: 7.24e-04
2026-07-18 05:19:03 transreid.train INFO: Epoch 24 done. Time per epoch: 23.627[s] Speed: 571.5[samples/s]
2026-07-18 05:19:06 transreid.train INFO: Epoch[25] Iter[20/227] Loss: 1.209, Acc: 0.872, Base Lr: 7.18e-04
2026-07-18 05:19:08 transreid.train INFO: Epoch[25] Iter[40/227] Loss: 1.132, Acc: 0.891, Base Lr: 7.18e-04
2026-07-18 05:19:10 transreid.train INFO: Epoch[25] Iter[60/227] Loss: 1.102, Acc: 0.900, Base Lr: 7.18e-04
2026-07-18 05:19:12 transreid.train INFO: Epoch[25] Iter[80/227] Loss: 1.083, Acc: 0.905, Base Lr: 7.18e-04
2026-07-18 05:19:14 transreid.train INFO: Epoch[25] Iter[100/227] Loss: 1.071, Acc: 0.910, Base Lr: 7.18e-04
2026-07-18 05:19:17 transreid.train INFO: Epoch[25] Iter[120/227] Loss: 1.055, Acc: 0.914, Base Lr: 7.18e-04
2026-07-18 05:19:19 transreid.train INFO: Epoch[25] Iter[140/227] Loss: 1.022, Acc: 0.919, Base Lr: 7.18e-04
2026-07-18 05:19:21 transreid.train INFO: Epoch[25] Iter[160/227] Loss: 0.999, Acc: 0.923, Base Lr: 7.18e-04
2026-07-18 05:19:23 transreid.train INFO: Epoch[25] Iter[180/227] Loss: 0.973, Acc: 0.927, Base Lr: 7.18e-04
2026-07-18 05:19:25 transreid.train INFO: Epoch[25] Iter[200/227] Loss: 0.939, Acc: 0.932, Base Lr: 7.18e-04
2026-07-18 05:19:27 transreid.train INFO: Epoch 25 done. Time per epoch: 23.620[s] Speed: 571.7[samples/s]
2026-07-18 05:19:29 transreid.train INFO: Epoch[26] Iter[20/227] Loss: 1.013, Acc: 0.902, Base Lr: 7.11e-04
2026-07-18 05:19:31 transreid.train INFO: Epoch[26] Iter[40/227] Loss: 1.032, Acc: 0.908, Base Lr: 7.11e-04
2026-07-18 05:19:34 transreid.train INFO: Epoch[26] Iter[60/227] Loss: 0.996, Acc: 0.916, Base Lr: 7.11e-04
2026-07-18 05:19:36 transreid.train INFO: Epoch[26] Iter[80/227] Loss: 0.959, Acc: 0.922, Base Lr: 7.11e-04
2026-07-18 05:19:38 transreid.train INFO: Epoch[26] Iter[100/227] Loss: 0.920, Acc: 0.927, Base Lr: 7.11e-04
2026-07-18 05:19:40 transreid.train INFO: Epoch[26] Iter[120/227] Loss: 0.896, Acc: 0.933, Base Lr: 7.11e-04
2026-07-18 05:19:42 transreid.train INFO: Epoch[26] Iter[140/227] Loss: 0.874, Acc: 0.936, Base Lr: 7.11e-04
2026-07-18 05:19:45 transreid.train INFO: Epoch[26] Iter[160/227] Loss: 0.857, Acc: 0.939, Base Lr: 7.11e-04
2026-07-18 05:19:47 transreid.train INFO: Epoch[26] Iter[180/227] Loss: 0.836, Acc: 0.942, Base Lr: 7.11e-04
2026-07-18 05:19:49 transreid.train INFO: Epoch[26] Iter[200/227] Loss: 0.814, Acc: 0.945, Base Lr: 7.11e-04
2026-07-18 05:19:50 transreid.train INFO: Epoch 26 done. Time per epoch: 23.720[s] Speed: 572.0[samples/s]
2026-07-18 05:19:53 transreid.train INFO: Epoch[27] Iter[20/227] Loss: 1.010, Acc: 0.916, Base Lr: 7.04e-04
2026-07-18 05:19:55 transreid.train INFO: Epoch[27] Iter[40/227] Loss: 0.965, Acc: 0.921, Base Lr: 7.04e-04
2026-07-18 05:19:57 transreid.train INFO: Epoch[27] Iter[60/227] Loss: 0.898, Acc: 0.931, Base Lr: 7.04e-04
2026-07-18 05:20:00 transreid.train INFO: Epoch[27] Iter[80/227] Loss: 0.883, Acc: 0.935, Base Lr: 7.04e-04
2026-07-18 05:20:02 transreid.train INFO: Epoch[27] Iter[100/227] Loss: 0.854, Acc: 0.939, Base Lr: 7.04e-04
2026-07-18 05:20:04 transreid.train INFO: Epoch[27] Iter[120/227] Loss: 0.830, Acc: 0.943, Base Lr: 7.04e-04
2026-07-18 05:20:06 transreid.train INFO: Epoch[27] Iter[140/227] Loss: 0.801, Acc: 0.946, Base Lr: 7.04e-04
2026-07-18 05:20:08 transreid.train INFO: Epoch[27] Iter[160/227] Loss: 0.793, Acc: 0.949, Base Lr: 7.04e-04
2026-07-18 05:20:11 transreid.train INFO: Epoch[27] Iter[180/227] Loss: 0.774, Acc: 0.950, Base Lr: 7.04e-04
2026-07-18 05:20:13 transreid.train INFO: Epoch[27] Iter[200/227] Loss: 0.752, Acc: 0.952, Base Lr: 7.04e-04
2026-07-18 05:20:14 transreid.train INFO: Epoch 27 done. Time per epoch: 23.925[s] Speed: 572.5[samples/s]
2026-07-18 05:20:17 transreid.train INFO: Epoch[28] Iter[20/227] Loss: 0.850, Acc: 0.935, Base Lr: 6.97e-04
2026-07-18 05:20:19 transreid.train INFO: Epoch[28] Iter[40/227] Loss: 0.858, Acc: 0.938, Base Lr: 6.97e-04
2026-07-18 05:20:21 transreid.train INFO: Epoch[28] Iter[60/227] Loss: 0.839, Acc: 0.938, Base Lr: 6.97e-04
2026-07-18 05:20:24 transreid.train INFO: Epoch[28] Iter[80/227] Loss: 0.813, Acc: 0.941, Base Lr: 6.97e-04
2026-07-18 05:20:26 transreid.train INFO: Epoch[28] Iter[100/227] Loss: 0.790, Acc: 0.945, Base Lr: 6.97e-04
2026-07-18 05:20:28 transreid.train INFO: Epoch[28] Iter[120/227] Loss: 0.756, Acc: 0.948, Base Lr: 6.97e-04
2026-07-18 05:20:30 transreid.train INFO: Epoch[28] Iter[140/227] Loss: 0.745, Acc: 0.951, Base Lr: 6.97e-04
2026-07-18 05:20:32 transreid.train INFO: Epoch[28] Iter[160/227] Loss: 0.738, Acc: 0.953, Base Lr: 6.97e-04
2026-07-18 05:20:34 transreid.train INFO: Epoch[28] Iter[180/227] Loss: 0.723, Acc: 0.954, Base Lr: 6.97e-04
2026-07-18 05:20:37 transreid.train INFO: Epoch[28] Iter[200/227] Loss: 0.692, Acc: 0.957, Base Lr: 6.97e-04
2026-07-18 05:20:38 transreid.train INFO: Epoch 28 done. Time per epoch: 23.813[s] Speed: 572.5[samples/s]
2026-07-18 05:20:41 transreid.train INFO: Epoch[29] Iter[20/227] Loss: 0.736, Acc: 0.943, Base Lr: 6.90e-04
2026-07-18 05:20:43 transreid.train INFO: Epoch[29] Iter[40/227] Loss: 0.733, Acc: 0.949, Base Lr: 6.90e-04
2026-07-18 05:20:45 transreid.train INFO: Epoch[29] Iter[60/227] Loss: 0.738, Acc: 0.954, Base Lr: 6.90e-04
2026-07-18 05:20:47 transreid.train INFO: Epoch[29] Iter[80/227] Loss: 0.722, Acc: 0.954, Base Lr: 6.90e-04
2026-07-18 05:20:50 transreid.train INFO: Epoch[29] Iter[100/227] Loss: 0.727, Acc: 0.953, Base Lr: 6.90e-04
2026-07-18 05:20:52 transreid.train INFO: Epoch[29] Iter[120/227] Loss: 0.711, Acc: 0.956, Base Lr: 6.90e-04
2026-07-18 05:20:54 transreid.train INFO: Epoch[29] Iter[140/227] Loss: 0.694, Acc: 0.958, Base Lr: 6.90e-04
2026-07-18 05:20:56 transreid.train INFO: Epoch[29] Iter[160/227] Loss: 0.673, Acc: 0.960, Base Lr: 6.90e-04
2026-07-18 05:20:58 transreid.train INFO: Epoch[29] Iter[180/227] Loss: 0.667, Acc: 0.962, Base Lr: 6.90e-04
2026-07-18 05:21:01 transreid.train INFO: Epoch[29] Iter[200/227] Loss: 0.649, Acc: 0.964, Base Lr: 6.90e-04
2026-07-18 05:21:02 transreid.train INFO: Epoch 29 done. Time per epoch: 23.620[s] Speed: 571.7[samples/s]
2026-07-18 05:21:04 transreid.train INFO: Epoch[30] Iter[20/227] Loss: 0.732, Acc: 0.952, Base Lr: 6.83e-04
2026-07-18 05:21:07 transreid.train INFO: Epoch[30] Iter[40/227] Loss: 0.696, Acc: 0.957, Base Lr: 6.83e-04
2026-07-18 05:21:09 transreid.train INFO: Epoch[30] Iter[60/227] Loss: 0.687, Acc: 0.957, Base Lr: 6.83e-04
2026-07-18 05:21:11 transreid.train INFO: Epoch[30] Iter[80/227] Loss: 0.677, Acc: 0.959, Base Lr: 6.83e-04
2026-07-18 05:21:13 transreid.train INFO: Epoch[30] Iter[100/227] Loss: 0.686, Acc: 0.961, Base Lr: 6.83e-04
2026-07-18 05:21:15 transreid.train INFO: Epoch[30] Iter[120/227] Loss: 0.664, Acc: 0.963, Base Lr: 6.83e-04
2026-07-18 05:21:18 transreid.train INFO: Epoch[30] Iter[140/227] Loss: 0.650, Acc: 0.965, Base Lr: 6.83e-04
2026-07-18 05:21:20 transreid.train INFO: Epoch[30] Iter[160/227] Loss: 0.630, Acc: 0.967, Base Lr: 6.83e-04
2026-07-18 05:21:22 transreid.train INFO: Epoch[30] Iter[180/227] Loss: 0.617, Acc: 0.967, Base Lr: 6.83e-04
2026-07-18 05:21:24 transreid.train INFO: Epoch[30] Iter[200/227] Loss: 0.595, Acc: 0.969, Base Lr: 6.83e-04
2026-07-18 05:21:25 transreid.train INFO: Epoch 30 done. Time per epoch: 23.490[s] Speed: 572.1[samples/s]
The test feature is normalized
=> Computing DistMat with euclidean_distance
2026-07-18 05:21:48 transreid.train INFO: Validation Results - Epoch: 30
2026-07-18 05:21:48 transreid.train INFO: mAP: 48.0%
2026-07-18 05:21:48 transreid.train INFO: CMC curve, Rank-1  :58.8%
2026-07-18 05:21:48 transreid.train INFO: CMC curve, Rank-5  :74.0%
2026-07-18 05:21:48 transreid.train INFO: CMC curve, Rank-10 :79.2%
2026-07-18 05:21:50 transreid.train INFO: Epoch[31] Iter[20/227] Loss: 0.708, Acc: 0.959, Base Lr: 6.76e-04
2026-07-18 05:21:53 transreid.train INFO: Epoch[31] Iter[40/227] Loss: 0.684, Acc: 0.963, Base Lr: 6.76e-04
2026-07-18 05:21:55 transreid.train INFO: Epoch[31] Iter[60/227] Loss: 0.638, Acc: 0.965, Base Lr: 6.76e-04
2026-07-18 05:21:57 transreid.train INFO: Epoch[31] Iter[80/227] Loss: 0.607, Acc: 0.967, Base Lr: 6.76e-04
2026-07-18 05:21:59 transreid.train INFO: Epoch[31] Iter[100/227] Loss: 0.588, Acc: 0.967, Base Lr: 6.76e-04
2026-07-18 05:22:01 transreid.train INFO: Epoch[31] Iter[120/227] Loss: 0.578, Acc: 0.968, Base Lr: 6.76e-04
2026-07-18 05:22:04 transreid.train INFO: Epoch[31] Iter[140/227] Loss: 0.566, Acc: 0.969, Base Lr: 6.76e-04
2026-07-18 05:22:06 transreid.train INFO: Epoch[31] Iter[160/227] Loss: 0.552, Acc: 0.970, Base Lr: 6.76e-04
2026-07-18 05:22:08 transreid.train INFO: Epoch[31] Iter[180/227] Loss: 0.536, Acc: 0.971, Base Lr: 6.76e-04
2026-07-18 05:22:10 transreid.train INFO: Epoch[31] Iter[200/227] Loss: 0.515, Acc: 0.973, Base Lr: 6.76e-04
2026-07-18 05:22:12 transreid.train INFO: Epoch 31 done. Time per epoch: 23.835[s] Speed: 571.9[samples/s]
2026-07-18 05:22:14 transreid.train INFO: Epoch[32] Iter[20/227] Loss: 0.653, Acc: 0.955, Base Lr: 6.68e-04
2026-07-18 05:22:16 transreid.train INFO: Epoch[32] Iter[40/227] Loss: 0.605, Acc: 0.959, Base Lr: 6.68e-04
2026-07-18 05:22:19 transreid.train INFO: Epoch[32] Iter[60/227] Loss: 0.570, Acc: 0.965, Base Lr: 6.68e-04
2026-07-18 05:22:21 transreid.train INFO: Epoch[32] Iter[80/227] Loss: 0.547, Acc: 0.966, Base Lr: 6.68e-04
2026-07-18 05:22:23 transreid.train INFO: Epoch[32] Iter[100/227] Loss: 0.532, Acc: 0.968, Base Lr: 6.68e-04
2026-07-18 05:22:25 transreid.train INFO: Epoch[32] Iter[120/227] Loss: 0.514, Acc: 0.970, Base Lr: 6.68e-04
2026-07-18 05:22:27 transreid.train INFO: Epoch[32] Iter[140/227] Loss: 0.508, Acc: 0.971, Base Lr: 6.68e-04
2026-07-18 05:22:30 transreid.train INFO: Epoch[32] Iter[160/227] Loss: 0.497, Acc: 0.972, Base Lr: 6.68e-04
2026-07-18 05:22:32 transreid.train INFO: Epoch[32] Iter[180/227] Loss: 0.489, Acc: 0.973, Base Lr: 6.68e-04
2026-07-18 05:22:34 transreid.train INFO: Epoch[32] Iter[200/227] Loss: 0.479, Acc: 0.973, Base Lr: 6.68e-04
2026-07-18 05:22:36 transreid.train INFO: Epoch 32 done. Time per epoch: 23.821[s] Speed: 572.3[samples/s]
2026-07-18 05:22:38 transreid.train INFO: Epoch[33] Iter[20/227] Loss: 0.554, Acc: 0.977, Base Lr: 6.60e-04
2026-07-18 05:22:40 transreid.train INFO: Epoch[33] Iter[40/227] Loss: 0.537, Acc: 0.976, Base Lr: 6.60e-04
2026-07-18 05:22:43 transreid.train INFO: Epoch[33] Iter[60/227] Loss: 0.542, Acc: 0.974, Base Lr: 6.60e-04
2026-07-18 05:22:45 transreid.train INFO: Epoch[33] Iter[80/227] Loss: 0.533, Acc: 0.974, Base Lr: 6.60e-04
2026-07-18 05:22:47 transreid.train INFO: Epoch[33] Iter[100/227] Loss: 0.514, Acc: 0.975, Base Lr: 6.60e-04
2026-07-18 05:22:49 transreid.train INFO: Epoch[33] Iter[120/227] Loss: 0.504, Acc: 0.975, Base Lr: 6.60e-04
2026-07-18 05:22:51 transreid.train INFO: Epoch[33] Iter[140/227] Loss: 0.485, Acc: 0.976, Base Lr: 6.60e-04
2026-07-18 05:22:54 transreid.train INFO: Epoch[33] Iter[160/227] Loss: 0.476, Acc: 0.977, Base Lr: 6.60e-04
2026-07-18 05:22:56 transreid.train INFO: Epoch[33] Iter[180/227] Loss: 0.467, Acc: 0.976, Base Lr: 6.60e-04
2026-07-18 05:22:58 transreid.train INFO: Epoch[33] Iter[200/227] Loss: 0.449, Acc: 0.977, Base Lr: 6.60e-04
2026-07-18 05:22:59 transreid.train INFO: Epoch 33 done. Time per epoch: 23.643[s] Speed: 571.2[samples/s]
2026-07-18 05:23:02 transreid.train INFO: Epoch[34] Iter[20/227] Loss: 0.465, Acc: 0.978, Base Lr: 6.52e-04
2026-07-18 05:23:04 transreid.train INFO: Epoch[34] Iter[40/227] Loss: 0.445, Acc: 0.973, Base Lr: 6.52e-04
2026-07-18 05:23:06 transreid.train INFO: Epoch[34] Iter[60/227] Loss: 0.464, Acc: 0.972, Base Lr: 6.52e-04
2026-07-18 05:23:08 transreid.train INFO: Epoch[34] Iter[80/227] Loss: 0.458, Acc: 0.975, Base Lr: 6.52e-04
2026-07-18 05:23:11 transreid.train INFO: Epoch[34] Iter[100/227] Loss: 0.450, Acc: 0.976, Base Lr: 6.52e-04
2026-07-18 05:23:13 transreid.train INFO: Epoch[34] Iter[120/227] Loss: 0.435, Acc: 0.976, Base Lr: 6.52e-04
2026-07-18 05:23:15 transreid.train INFO: Epoch[34] Iter[140/227] Loss: 0.420, Acc: 0.978, Base Lr: 6.52e-04
2026-07-18 05:23:17 transreid.train INFO: Epoch[34] Iter[160/227] Loss: 0.408, Acc: 0.979, Base Lr: 6.52e-04
2026-07-18 05:23:19 transreid.train INFO: Epoch[34] Iter[180/227] Loss: 0.397, Acc: 0.980, Base Lr: 6.52e-04
2026-07-18 05:23:22 transreid.train INFO: Epoch[34] Iter[200/227] Loss: 0.384, Acc: 0.981, Base Lr: 6.52e-04
2026-07-18 05:23:23 transreid.train INFO: Epoch 34 done. Time per epoch: 23.732[s] Speed: 571.7[samples/s]
2026-07-18 05:23:25 transreid.train INFO: Epoch[35] Iter[20/227] Loss: 0.461, Acc: 0.977, Base Lr: 6.44e-04
2026-07-18 05:23:28 transreid.train INFO: Epoch[35] Iter[40/227] Loss: 0.437, Acc: 0.975, Base Lr: 6.44e-04
2026-07-18 05:23:30 transreid.train INFO: Epoch[35] Iter[60/227] Loss: 0.441, Acc: 0.976, Base Lr: 6.44e-04
2026-07-18 05:23:32 transreid.train INFO: Epoch[35] Iter[80/227] Loss: 0.430, Acc: 0.977, Base Lr: 6.44e-04
2026-07-18 05:23:34 transreid.train INFO: Epoch[35] Iter[100/227] Loss: 0.424, Acc: 0.979, Base Lr: 6.44e-04
2026-07-18 05:23:36 transreid.train INFO: Epoch[35] Iter[120/227] Loss: 0.419, Acc: 0.979, Base Lr: 6.44e-04
2026-07-18 05:23:39 transreid.train INFO: Epoch[35] Iter[140/227] Loss: 0.405, Acc: 0.981, Base Lr: 6.44e-04
2026-07-18 05:23:41 transreid.train INFO: Epoch[35] Iter[160/227] Loss: 0.396, Acc: 0.980, Base Lr: 6.44e-04
2026-07-18 05:23:43 transreid.train INFO: Epoch[35] Iter[180/227] Loss: 0.387, Acc: 0.980, Base Lr: 6.44e-04
2026-07-18 05:23:45 transreid.train INFO: Epoch[35] Iter[200/227] Loss: 0.375, Acc: 0.982, Base Lr: 6.44e-04
2026-07-18 05:23:47 transreid.train INFO: Epoch 35 done. Time per epoch: 23.716[s] Speed: 572.1[samples/s]
2026-07-18 05:23:49 transreid.train INFO: Epoch[36] Iter[20/227] Loss: 0.389, Acc: 0.980, Base Lr: 6.35e-04
2026-07-18 05:23:51 transreid.train INFO: Epoch[36] Iter[40/227] Loss: 0.400, Acc: 0.979, Base Lr: 6.35e-04
2026-07-18 05:23:54 transreid.train INFO: Epoch[36] Iter[60/227] Loss: 0.391, Acc: 0.982, Base Lr: 6.35e-04
2026-07-18 05:23:56 transreid.train INFO: Epoch[36] Iter[80/227] Loss: 0.400, Acc: 0.978, Base Lr: 6.35e-04
2026-07-18 05:23:58 transreid.train INFO: Epoch[36] Iter[100/227] Loss: 0.395, Acc: 0.979, Base Lr: 6.35e-04
2026-07-18 05:24:00 transreid.train INFO: Epoch[36] Iter[120/227] Loss: 0.382, Acc: 0.979, Base Lr: 6.35e-04
2026-07-18 05:24:02 transreid.train INFO: Epoch[36] Iter[140/227] Loss: 0.371, Acc: 0.979, Base Lr: 6.35e-04
2026-07-18 05:24:05 transreid.train INFO: Epoch[36] Iter[160/227] Loss: 0.365, Acc: 0.980, Base Lr: 6.35e-04
2026-07-18 05:24:07 transreid.train INFO: Epoch[36] Iter[180/227] Loss: 0.352, Acc: 0.981, Base Lr: 6.35e-04
2026-07-18 05:24:09 transreid.train INFO: Epoch[36] Iter[200/227] Loss: 0.338, Acc: 0.982, Base Lr: 6.35e-04
2026-07-18 05:24:10 transreid.train INFO: Epoch 36 done. Time per epoch: 23.794[s] Speed: 570.2[samples/s]
2026-07-18 05:24:13 transreid.train INFO: Epoch[37] Iter[20/227] Loss: 0.375, Acc: 0.969, Base Lr: 6.27e-04
2026-07-18 05:24:15 transreid.train INFO: Epoch[37] Iter[40/227] Loss: 0.354, Acc: 0.977, Base Lr: 6.27e-04
2026-07-18 05:24:17 transreid.train INFO: Epoch[37] Iter[60/227] Loss: 0.350, Acc: 0.979, Base Lr: 6.27e-04
2026-07-18 05:24:20 transreid.train INFO: Epoch[37] Iter[80/227] Loss: 0.356, Acc: 0.979, Base Lr: 6.27e-04
2026-07-18 05:24:22 transreid.train INFO: Epoch[37] Iter[100/227] Loss: 0.355, Acc: 0.981, Base Lr: 6.27e-04
2026-07-18 05:24:24 transreid.train INFO: Epoch[37] Iter[120/227] Loss: 0.345, Acc: 0.981, Base Lr: 6.27e-04
2026-07-18 05:24:26 transreid.train INFO: Epoch[37] Iter[140/227] Loss: 0.345, Acc: 0.981, Base Lr: 6.27e-04
2026-07-18 05:24:28 transreid.train INFO: Epoch[37] Iter[160/227] Loss: 0.342, Acc: 0.981, Base Lr: 6.27e-04
2026-07-18 05:24:31 transreid.train INFO: Epoch[37] Iter[180/227] Loss: 0.340, Acc: 0.981, Base Lr: 6.27e-04
2026-07-18 05:24:33 transreid.train INFO: Epoch[37] Iter[200/227] Loss: 0.335, Acc: 0.982, Base Lr: 6.27e-04
2026-07-18 05:24:34 transreid.train INFO: Epoch 37 done. Time per epoch: 23.732[s] Speed: 571.7[samples/s]
2026-07-18 05:24:37 transreid.train INFO: Epoch[38] Iter[20/227] Loss: 0.379, Acc: 0.981, Base Lr: 6.18e-04
2026-07-18 05:24:39 transreid.train INFO: Epoch[38] Iter[40/227] Loss: 0.373, Acc: 0.977, Base Lr: 6.18e-04
2026-07-18 05:24:41 transreid.train INFO: Epoch[38] Iter[60/227] Loss: 0.364, Acc: 0.980, Base Lr: 6.18e-04
2026-07-18 05:24:43 transreid.train INFO: Epoch[38] Iter[80/227] Loss: 0.350, Acc: 0.981, Base Lr: 6.18e-04
2026-07-18 05:24:46 transreid.train INFO: Epoch[38] Iter[100/227] Loss: 0.335, Acc: 0.983, Base Lr: 6.18e-04
2026-07-18 05:24:48 transreid.train INFO: Epoch[38] Iter[120/227] Loss: 0.325, Acc: 0.984, Base Lr: 6.18e-04
2026-07-18 05:24:50 transreid.train INFO: Epoch[38] Iter[140/227] Loss: 0.313, Acc: 0.985, Base Lr: 6.18e-04
2026-07-18 05:24:52 transreid.train INFO: Epoch[38] Iter[160/227] Loss: 0.305, Acc: 0.985, Base Lr: 6.18e-04
2026-07-18 05:24:54 transreid.train INFO: Epoch[38] Iter[180/227] Loss: 0.305, Acc: 0.984, Base Lr: 6.18e-04
2026-07-18 05:24:57 transreid.train INFO: Epoch[38] Iter[200/227] Loss: 0.300, Acc: 0.985, Base Lr: 6.18e-04
2026-07-18 05:24:58 transreid.train INFO: Epoch 38 done. Time per epoch: 23.716[s] Speed: 572.1[samples/s]
2026-07-18 05:25:00 transreid.train INFO: Epoch[39] Iter[20/227] Loss: 0.360, Acc: 0.977, Base Lr: 6.09e-04
2026-07-18 05:25:03 transreid.train INFO: Epoch[39] Iter[40/227] Loss: 0.351, Acc: 0.977, Base Lr: 6.09e-04
2026-07-18 05:25:05 transreid.train INFO: Epoch[39] Iter[60/227] Loss: 0.333, Acc: 0.979, Base Lr: 6.09e-04
2026-07-18 05:25:07 transreid.train INFO: Epoch[39] Iter[80/227] Loss: 0.325, Acc: 0.981, Base Lr: 6.09e-04
2026-07-18 05:25:09 transreid.train INFO: Epoch[39] Iter[100/227] Loss: 0.324, Acc: 0.981, Base Lr: 6.09e-04
2026-07-18 05:25:11 transreid.train INFO: Epoch[39] Iter[120/227] Loss: 0.330, Acc: 0.982, Base Lr: 6.09e-04
2026-07-18 05:25:14 transreid.train INFO: Epoch[39] Iter[140/227] Loss: 0.325, Acc: 0.982, Base Lr: 6.09e-04
2026-07-18 05:25:16 transreid.train INFO: Epoch[39] Iter[160/227] Loss: 0.317, Acc: 0.983, Base Lr: 6.09e-04
2026-07-18 05:25:18 transreid.train INFO: Epoch[39] Iter[180/227] Loss: 0.306, Acc: 0.984, Base Lr: 6.09e-04
2026-07-18 05:25:20 transreid.train INFO: Epoch[39] Iter[200/227] Loss: 0.293, Acc: 0.984, Base Lr: 6.09e-04
2026-07-18 05:25:22 transreid.train INFO: Epoch 39 done. Time per epoch: 23.617[s] Speed: 571.8[samples/s]
2026-07-18 05:25:24 transreid.train INFO: Epoch[40] Iter[20/227] Loss: 0.311, Acc: 0.984, Base Lr: 6.00e-04
2026-07-18 05:25:26 transreid.train INFO: Epoch[40] Iter[40/227] Loss: 0.327, Acc: 0.981, Base Lr: 6.00e-04
2026-07-18 05:25:29 transreid.train INFO: Epoch[40] Iter[60/227] Loss: 0.319, Acc: 0.982, Base Lr: 6.00e-04
2026-07-18 05:25:31 transreid.train INFO: Epoch[40] Iter[80/227] Loss: 0.315, Acc: 0.983, Base Lr: 6.00e-04
2026-07-18 05:25:33 transreid.train INFO: Epoch[40] Iter[100/227] Loss: 0.318, Acc: 0.984, Base Lr: 6.00e-04
2026-07-18 05:25:35 transreid.train INFO: Epoch[40] Iter[120/227] Loss: 0.311, Acc: 0.984, Base Lr: 6.00e-04
2026-07-18 05:25:37 transreid.train INFO: Epoch[40] Iter[140/227] Loss: 0.311, Acc: 0.984, Base Lr: 6.00e-04
2026-07-18 05:25:40 transreid.train INFO: Epoch[40] Iter[160/227] Loss: 0.313, Acc: 0.984, Base Lr: 6.00e-04
2026-07-18 05:25:42 transreid.train INFO: Epoch[40] Iter[180/227] Loss: 0.303, Acc: 0.984, Base Lr: 6.00e-04
2026-07-18 05:25:44 transreid.train INFO: Epoch[40] Iter[200/227] Loss: 0.292, Acc: 0.985, Base Lr: 6.00e-04
2026-07-18 05:25:45 transreid.train INFO: Epoch 40 done. Time per epoch: 23.870[s] Speed: 571.1[samples/s]
The test feature is normalized
=> Computing DistMat with euclidean_distance
2026-07-18 05:26:08 transreid.train INFO: Validation Results - Epoch: 40
2026-07-18 05:26:08 transreid.train INFO: mAP: 48.5%
2026-07-18 05:26:08 transreid.train INFO: CMC curve, Rank-1  :59.8%
2026-07-18 05:26:08 transreid.train INFO: CMC curve, Rank-5  :73.4%
2026-07-18 05:26:08 transreid.train INFO: CMC curve, Rank-10 :78.8%
2026-07-18 05:26:11 transreid.train INFO: Epoch[41] Iter[20/227] Loss: 0.345, Acc: 0.980, Base Lr: 5.91e-04
2026-07-18 05:26:13 transreid.train INFO: Epoch[41] Iter[40/227] Loss: 0.330, Acc: 0.980, Base Lr: 5.91e-04
2026-07-18 05:26:15 transreid.train INFO: Epoch[41] Iter[60/227] Loss: 0.312, Acc: 0.984, Base Lr: 5.91e-04
2026-07-18 05:26:17 transreid.train INFO: Epoch[41] Iter[80/227] Loss: 0.304, Acc: 0.984, Base Lr: 5.91e-04
2026-07-18 05:26:19 transreid.train INFO: Epoch[41] Iter[100/227] Loss: 0.301, Acc: 0.986, Base Lr: 5.91e-04
2026-07-18 05:26:22 transreid.train INFO: Epoch[41] Iter[120/227] Loss: 0.301, Acc: 0.985, Base Lr: 5.91e-04
2026-07-18 05:26:24 transreid.train INFO: Epoch[41] Iter[140/227] Loss: 0.292, Acc: 0.986, Base Lr: 5.91e-04
2026-07-18 05:26:26 transreid.train INFO: Epoch[41] Iter[160/227] Loss: 0.292, Acc: 0.986, Base Lr: 5.91e-04
2026-07-18 05:26:28 transreid.train INFO: Epoch[41] Iter[180/227] Loss: 0.286, Acc: 0.987, Base Lr: 5.91e-04
2026-07-18 05:26:30 transreid.train INFO: Epoch[41] Iter[200/227] Loss: 0.276, Acc: 0.987, Base Lr: 5.91e-04
2026-07-18 05:26:32 transreid.train INFO: Epoch 41 done. Time per epoch: 23.860[s] Speed: 571.3[samples/s]
2026-07-18 05:26:35 transreid.train INFO: Epoch[42] Iter[20/227] Loss: 0.308, Acc: 0.987, Base Lr: 5.82e-04
2026-07-18 05:26:37 transreid.train INFO: Epoch[42] Iter[40/227] Loss: 0.298, Acc: 0.988, Base Lr: 5.82e-04
2026-07-18 05:26:39 transreid.train INFO: Epoch[42] Iter[60/227] Loss: 0.294, Acc: 0.985, Base Lr: 5.82e-04
2026-07-18 05:26:41 transreid.train INFO: Epoch[42] Iter[80/227] Loss: 0.284, Acc: 0.986, Base Lr: 5.82e-04
2026-07-18 05:26:43 transreid.train INFO: Epoch[42] Iter[100/227] Loss: 0.284, Acc: 0.986, Base Lr: 5.82e-04
2026-07-18 05:26:46 transreid.train INFO: Epoch[42] Iter[120/227] Loss: 0.277, Acc: 0.986, Base Lr: 5.82e-04
2026-07-18 05:26:48 transreid.train INFO: Epoch[42] Iter[140/227] Loss: 0.268, Acc: 0.986, Base Lr: 5.82e-04
2026-07-18 05:26:50 transreid.train INFO: Epoch[42] Iter[160/227] Loss: 0.266, Acc: 0.987, Base Lr: 5.82e-04
2026-07-18 05:26:52 transreid.train INFO: Epoch[42] Iter[180/227] Loss: 0.260, Acc: 0.987, Base Lr: 5.82e-04
2026-07-18 05:26:54 transreid.train INFO: Epoch[42] Iter[200/227] Loss: 0.253, Acc: 0.987, Base Lr: 5.82e-04
2026-07-18 05:26:56 transreid.train INFO: Epoch 42 done. Time per epoch: 23.749[s] Speed: 571.3[samples/s]
2026-07-18 05:26:58 transreid.train INFO: Epoch[43] Iter[20/227] Loss: 0.278, Acc: 0.984, Base Lr: 5.73e-04
2026-07-18 05:27:00 transreid.train INFO: Epoch[43] Iter[40/227] Loss: 0.266, Acc: 0.985, Base Lr: 5.73e-04
2026-07-18 05:27:03 transreid.train INFO: Epoch[43] Iter[60/227] Loss: 0.261, Acc: 0.986, Base Lr: 5.73e-04
2026-07-18 05:27:05 transreid.train INFO: Epoch[43] Iter[80/227] Loss: 0.253, Acc: 0.987, Base Lr: 5.73e-04
2026-07-18 05:27:07 transreid.train INFO: Epoch[43] Iter[100/227] Loss: 0.250, Acc: 0.988, Base Lr: 5.73e-04
2026-07-18 05:27:09 transreid.train INFO: Epoch[43] Iter[120/227] Loss: 0.245, Acc: 0.988, Base Lr: 5.73e-04
2026-07-18 05:27:11 transreid.train INFO: Epoch[43] Iter[140/227] Loss: 0.244, Acc: 0.988, Base Lr: 5.73e-04
2026-07-18 05:27:14 transreid.train INFO: Epoch[43] Iter[160/227] Loss: 0.245, Acc: 0.988, Base Lr: 5.73e-04
2026-07-18 05:27:16 transreid.train INFO: Epoch[43] Iter[180/227] Loss: 0.241, Acc: 0.987, Base Lr: 5.73e-04
2026-07-18 05:27:18 transreid.train INFO: Epoch[43] Iter[200/227] Loss: 0.237, Acc: 0.988, Base Lr: 5.73e-04
2026-07-18 05:27:20 transreid.train INFO: Epoch 43 done. Time per epoch: 23.841[s] Speed: 571.8[samples/s]
2026-07-18 05:27:22 transreid.train INFO: Epoch[44] Iter[20/227] Loss: 0.344, Acc: 0.978, Base Lr: 5.63e-04
2026-07-18 05:27:24 transreid.train INFO: Epoch[44] Iter[40/227] Loss: 0.320, Acc: 0.983, Base Lr: 5.63e-04
2026-07-18 05:27:26 transreid.train INFO: Epoch[44] Iter[60/227] Loss: 0.298, Acc: 0.984, Base Lr: 5.63e-04
2026-07-18 05:27:29 transreid.train INFO: Epoch[44] Iter[80/227] Loss: 0.286, Acc: 0.985, Base Lr: 5.63e-04
2026-07-18 05:27:31 transreid.train INFO: Epoch[44] Iter[100/227] Loss: 0.272, Acc: 0.986, Base Lr: 5.63e-04
2026-07-18 05:27:33 transreid.train INFO: Epoch[44] Iter[120/227] Loss: 0.260, Acc: 0.987, Base Lr: 5.63e-04
2026-07-18 05:27:35 transreid.train INFO: Epoch[44] Iter[140/227] Loss: 0.250, Acc: 0.987, Base Lr: 5.63e-04
2026-07-18 05:27:37 transreid.train INFO: Epoch[44] Iter[160/227] Loss: 0.244, Acc: 0.987, Base Lr: 5.63e-04
2026-07-18 05:27:40 transreid.train INFO: Epoch[44] Iter[180/227] Loss: 0.241, Acc: 0.988, Base Lr: 5.63e-04
2026-07-18 05:27:42 transreid.train INFO: Epoch[44] Iter[200/227] Loss: 0.236, Acc: 0.988, Base Lr: 5.63e-04
2026-07-18 05:27:43 transreid.train INFO: Epoch 44 done. Time per epoch: 23.511[s] Speed: 571.7[samples/s]
2026-07-18 05:27:46 transreid.train INFO: Epoch[45] Iter[20/227] Loss: 0.244, Acc: 0.991, Base Lr: 5.54e-04
2026-07-18 05:27:48 transreid.train INFO: Epoch[45] Iter[40/227] Loss: 0.274, Acc: 0.989, Base Lr: 5.54e-04
2026-07-18 05:27:50 transreid.train INFO: Epoch[45] Iter[60/227] Loss: 0.260, Acc: 0.990, Base Lr: 5.54e-04
2026-07-18 05:27:52 transreid.train INFO: Epoch[45] Iter[80/227] Loss: 0.249, Acc: 0.990, Base Lr: 5.54e-04
2026-07-18 05:27:54 transreid.train INFO: Epoch[45] Iter[100/227] Loss: 0.243, Acc: 0.990, Base Lr: 5.54e-04
2026-07-18 05:27:57 transreid.train INFO: Epoch[45] Iter[120/227] Loss: 0.238, Acc: 0.990, Base Lr: 5.54e-04
2026-07-18 05:27:59 transreid.train INFO: Epoch[45] Iter[140/227] Loss: 0.233, Acc: 0.990, Base Lr: 5.54e-04
2026-07-18 05:28:01 transreid.train INFO: Epoch[45] Iter[160/227] Loss: 0.232, Acc: 0.989, Base Lr: 5.54e-04
2026-07-18 05:28:03 transreid.train INFO: Epoch[45] Iter[180/227] Loss: 0.225, Acc: 0.990, Base Lr: 5.54e-04
2026-07-18 05:28:05 transreid.train INFO: Epoch[45] Iter[200/227] Loss: 0.219, Acc: 0.990, Base Lr: 5.54e-04
2026-07-18 05:28:07 transreid.train INFO: Epoch 45 done. Time per epoch: 23.738[s] Speed: 571.6[samples/s]
2026-07-18 05:28:09 transreid.train INFO: Epoch[46] Iter[20/227] Loss: 0.221, Acc: 0.989, Base Lr: 5.44e-04
2026-07-18 05:28:12 transreid.train INFO: Epoch[46] Iter[40/227] Loss: 0.245, Acc: 0.987, Base Lr: 5.44e-04
2026-07-18 05:28:14 transreid.train INFO: Epoch[46] Iter[60/227] Loss: 0.239, Acc: 0.988, Base Lr: 5.44e-04
2026-07-18 05:28:16 transreid.train INFO: Epoch[46] Iter[80/227] Loss: 0.228, Acc: 0.988, Base Lr: 5.44e-04
2026-07-18 05:28:18 transreid.train INFO: Epoch[46] Iter[100/227] Loss: 0.230, Acc: 0.988, Base Lr: 5.44e-04
2026-07-18 05:28:20 transreid.train INFO: Epoch[46] Iter[120/227] Loss: 0.228, Acc: 0.988, Base Lr: 5.44e-04
2026-07-18 05:28:23 transreid.train INFO: Epoch[46] Iter[140/227] Loss: 0.225, Acc: 0.988, Base Lr: 5.44e-04
2026-07-18 05:28:25 transreid.train INFO: Epoch[46] Iter[160/227] Loss: 0.219, Acc: 0.989, Base Lr: 5.44e-04
2026-07-18 05:28:27 transreid.train INFO: Epoch[46] Iter[180/227] Loss: 0.214, Acc: 0.989, Base Lr: 5.44e-04
2026-07-18 05:28:29 transreid.train INFO: Epoch[46] Iter[200/227] Loss: 0.207, Acc: 0.990, Base Lr: 5.44e-04
2026-07-18 05:28:30 transreid.train INFO: Epoch 46 done. Time per epoch: 23.730[s] Speed: 571.8[samples/s]
2026-07-18 05:28:33 transreid.train INFO: Epoch[47] Iter[20/227] Loss: 0.236, Acc: 0.988, Base Lr: 5.34e-04
2026-07-18 05:28:35 transreid.train INFO: Epoch[47] Iter[40/227] Loss: 0.235, Acc: 0.986, Base Lr: 5.34e-04
2026-07-18 05:28:37 transreid.train INFO: Epoch[47] Iter[60/227] Loss: 0.238, Acc: 0.985, Base Lr: 5.34e-04
2026-07-18 05:28:40 transreid.train INFO: Epoch[47] Iter[80/227] Loss: 0.231, Acc: 0.986, Base Lr: 5.34e-04
2026-07-18 05:28:42 transreid.train INFO: Epoch[47] Iter[100/227] Loss: 0.222, Acc: 0.988, Base Lr: 5.34e-04
2026-07-18 05:28:44 transreid.train INFO: Epoch[47] Iter[120/227] Loss: 0.212, Acc: 0.989, Base Lr: 5.34e-04
2026-07-18 05:28:46 transreid.train INFO: Epoch[47] Iter[140/227] Loss: 0.206, Acc: 0.989, Base Lr: 5.34e-04
2026-07-18 05:28:48 transreid.train INFO: Epoch[47] Iter[160/227] Loss: 0.208, Acc: 0.990, Base Lr: 5.34e-04
2026-07-18 05:28:51 transreid.train INFO: Epoch[47] Iter[180/227] Loss: 0.205, Acc: 0.989, Base Lr: 5.34e-04
2026-07-18 05:28:53 transreid.train INFO: Epoch[47] Iter[200/227] Loss: 0.198, Acc: 0.990, Base Lr: 5.34e-04
2026-07-18 05:28:54 transreid.train INFO: Epoch 47 done. Time per epoch: 23.732[s] Speed: 571.7[samples/s]
2026-07-18 05:28:57 transreid.train INFO: Epoch[48] Iter[20/227] Loss: 0.221, Acc: 0.992, Base Lr: 5.24e-04
2026-07-18 05:28:59 transreid.train INFO: Epoch[48] Iter[40/227] Loss: 0.237, Acc: 0.992, Base Lr: 5.24e-04
2026-07-18 05:29:01 transreid.train INFO: Epoch[48] Iter[60/227] Loss: 0.237, Acc: 0.992, Base Lr: 5.24e-04
2026-07-18 05:29:03 transreid.train INFO: Epoch[48] Iter[80/227] Loss: 0.226, Acc: 0.992, Base Lr: 5.24e-04
2026-07-18 05:29:06 transreid.train INFO: Epoch[48] Iter[100/227] Loss: 0.220, Acc: 0.991, Base Lr: 5.24e-04
2026-07-18 05:29:08 transreid.train INFO: Epoch[48] Iter[120/227] Loss: 0.221, Acc: 0.991, Base Lr: 5.24e-04
2026-07-18 05:29:10 transreid.train INFO: Epoch[48] Iter[140/227] Loss: 0.218, Acc: 0.991, Base Lr: 5.24e-04
2026-07-18 05:29:12 transreid.train INFO: Epoch[48] Iter[160/227] Loss: 0.214, Acc: 0.991, Base Lr: 5.24e-04
2026-07-18 05:29:14 transreid.train INFO: Epoch[48] Iter[180/227] Loss: 0.212, Acc: 0.990, Base Lr: 5.24e-04
2026-07-18 05:29:17 transreid.train INFO: Epoch[48] Iter[200/227] Loss: 0.202, Acc: 0.991, Base Lr: 5.24e-04
2026-07-18 05:29:18 transreid.train INFO: Epoch 48 done. Time per epoch: 23.753[s] Speed: 571.2[samples/s]
2026-07-18 05:29:21 transreid.train INFO: Epoch[49] Iter[20/227] Loss: 0.188, Acc: 0.991, Base Lr: 5.14e-04
2026-07-18 05:29:23 transreid.train INFO: Epoch[49] Iter[40/227] Loss: 0.205, Acc: 0.989, Base Lr: 5.14e-04
2026-07-18 05:29:25 transreid.train INFO: Epoch[49] Iter[60/227] Loss: 0.204, Acc: 0.989, Base Lr: 5.14e-04
2026-07-18 05:29:27 transreid.train INFO: Epoch[49] Iter[80/227] Loss: 0.204, Acc: 0.990, Base Lr: 5.14e-04
2026-07-18 05:29:29 transreid.train INFO: Epoch[49] Iter[100/227] Loss: 0.203, Acc: 0.990, Base Lr: 5.14e-04
2026-07-18 05:29:32 transreid.train INFO: Epoch[49] Iter[120/227] Loss: 0.197, Acc: 0.990, Base Lr: 5.14e-04
2026-07-18 05:29:34 transreid.train INFO: Epoch[49] Iter[140/227] Loss: 0.191, Acc: 0.991, Base Lr: 5.14e-04
2026-07-18 05:29:36 transreid.train INFO: Epoch[49] Iter[160/227] Loss: 0.191, Acc: 0.990, Base Lr: 5.14e-04
2026-07-18 05:29:38 transreid.train INFO: Epoch[49] Iter[180/227] Loss: 0.190, Acc: 0.991, Base Lr: 5.14e-04
2026-07-18 05:29:40 transreid.train INFO: Epoch[49] Iter[200/227] Loss: 0.187, Acc: 0.991, Base Lr: 5.14e-04
2026-07-18 05:29:42 transreid.train INFO: Epoch 49 done. Time per epoch: 23.823[s] Speed: 572.2[samples/s]
2026-07-18 05:29:44 transreid.train INFO: Epoch[50] Iter[20/227] Loss: 0.251, Acc: 0.989, Base Lr: 5.04e-04
2026-07-18 05:29:47 transreid.train INFO: Epoch[50] Iter[40/227] Loss: 0.220, Acc: 0.991, Base Lr: 5.04e-04
2026-07-18 05:29:49 transreid.train INFO: Epoch[50] Iter[60/227] Loss: 0.216, Acc: 0.990, Base Lr: 5.04e-04
2026-07-18 05:29:51 transreid.train INFO: Epoch[50] Iter[80/227] Loss: 0.227, Acc: 0.988, Base Lr: 5.04e-04
2026-07-18 05:29:53 transreid.train INFO: Epoch[50] Iter[100/227] Loss: 0.226, Acc: 0.988, Base Lr: 5.04e-04
2026-07-18 05:29:55 transreid.train INFO: Epoch[50] Iter[120/227] Loss: 0.219, Acc: 0.988, Base Lr: 5.04e-04
2026-07-18 05:29:58 transreid.train INFO: Epoch[50] Iter[140/227] Loss: 0.215, Acc: 0.989, Base Lr: 5.04e-04
2026-07-18 05:30:00 transreid.train INFO: Epoch[50] Iter[160/227] Loss: 0.214, Acc: 0.990, Base Lr: 5.04e-04
2026-07-18 05:30:02 transreid.train INFO: Epoch[50] Iter[180/227] Loss: 0.207, Acc: 0.990, Base Lr: 5.04e-04
2026-07-18 05:30:04 transreid.train INFO: Epoch[50] Iter[200/227] Loss: 0.199, Acc: 0.991, Base Lr: 5.04e-04
2026-07-18 05:30:06 transreid.train INFO: Epoch 50 done. Time per epoch: 23.729[s] Speed: 571.8[samples/s]
The test feature is normalized
=> Computing DistMat with euclidean_distance
2026-07-18 05:30:28 transreid.train INFO: Validation Results - Epoch: 50
2026-07-18 05:30:28 transreid.train INFO: mAP: 52.9%
2026-07-18 05:30:28 transreid.train INFO: CMC curve, Rank-1  :63.1%
2026-07-18 05:30:28 transreid.train INFO: CMC curve, Rank-5  :77.8%
2026-07-18 05:30:28 transreid.train INFO: CMC curve, Rank-10 :82.9%
2026-07-18 05:30:31 transreid.train INFO: Epoch[51] Iter[20/227] Loss: 0.224, Acc: 0.989, Base Lr: 4.94e-04
2026-07-18 05:30:33 transreid.train INFO: Epoch[51] Iter[40/227] Loss: 0.221, Acc: 0.988, Base Lr: 4.94e-04
2026-07-18 05:30:35 transreid.train INFO: Epoch[51] Iter[60/227] Loss: 0.207, Acc: 0.989, Base Lr: 4.94e-04
2026-07-18 05:30:37 transreid.train INFO: Epoch[51] Iter[80/227] Loss: 0.201, Acc: 0.990, Base Lr: 4.94e-04
2026-07-18 05:30:40 transreid.train INFO: Epoch[51] Iter[100/227] Loss: 0.196, Acc: 0.990, Base Lr: 4.94e-04
2026-07-18 05:30:42 transreid.train INFO: Epoch[51] Iter[120/227] Loss: 0.192, Acc: 0.991, Base Lr: 4.94e-04
2026-07-18 05:30:44 transreid.train INFO: Epoch[51] Iter[140/227] Loss: 0.188, Acc: 0.991, Base Lr: 4.94e-04
2026-07-18 05:30:46 transreid.train INFO: Epoch[51] Iter[160/227] Loss: 0.184, Acc: 0.991, Base Lr: 4.94e-04
2026-07-18 05:30:48 transreid.train INFO: Epoch[51] Iter[180/227] Loss: 0.178, Acc: 0.991, Base Lr: 4.94e-04
2026-07-18 05:30:51 transreid.train INFO: Epoch[51] Iter[200/227] Loss: 0.172, Acc: 0.992, Base Lr: 4.94e-04
2026-07-18 05:30:52 transreid.train INFO: Epoch 51 done. Time per epoch: 23.672[s] Speed: 570.5[samples/s]
2026-07-18 05:30:54 transreid.train INFO: Epoch[52] Iter[20/227] Loss: 0.252, Acc: 0.991, Base Lr: 4.84e-04
2026-07-18 05:30:57 transreid.train INFO: Epoch[52] Iter[40/227] Loss: 0.238, Acc: 0.990, Base Lr: 4.84e-04
2026-07-18 05:30:59 transreid.train INFO: Epoch[52] Iter[60/227] Loss: 0.226, Acc: 0.989, Base Lr: 4.84e-04
2026-07-18 05:31:01 transreid.train INFO: Epoch[52] Iter[80/227] Loss: 0.211, Acc: 0.989, Base Lr: 4.84e-04
2026-07-18 05:31:03 transreid.train INFO: Epoch[52] Iter[100/227] Loss: 0.201, Acc: 0.990, Base Lr: 4.84e-04
2026-07-18 05:31:05 transreid.train INFO: Epoch[52] Iter[120/227] Loss: 0.192, Acc: 0.990, Base Lr: 4.84e-04
2026-07-18 05:31:08 transreid.train INFO: Epoch[52] Iter[140/227] Loss: 0.187, Acc: 0.991, Base Lr: 4.84e-04
2026-07-18 05:31:10 transreid.train INFO: Epoch[52] Iter[160/227] Loss: 0.179, Acc: 0.991, Base Lr: 4.84e-04
2026-07-18 05:31:12 transreid.train INFO: Epoch[52] Iter[180/227] Loss: 0.175, Acc: 0.991, Base Lr: 4.84e-04
2026-07-18 05:31:14 transreid.train INFO: Epoch[52] Iter[200/227] Loss: 0.169, Acc: 0.991, Base Lr: 4.84e-04
2026-07-18 05:31:16 transreid.train INFO: Epoch 52 done. Time per epoch: 23.728[s] Speed: 571.8[samples/s]
2026-07-18 05:31:18 transreid.train INFO: Epoch[53] Iter[20/227] Loss: 0.211, Acc: 0.987, Base Lr: 4.74e-04
2026-07-18 05:31:20 transreid.train INFO: Epoch[53] Iter[40/227] Loss: 0.203, Acc: 0.989, Base Lr: 4.74e-04
2026-07-18 05:31:23 transreid.train INFO: Epoch[53] Iter[60/227] Loss: 0.194, Acc: 0.990, Base Lr: 4.74e-04
2026-07-18 05:31:25 transreid.train INFO: Epoch[53] Iter[80/227] Loss: 0.204, Acc: 0.990, Base Lr: 4.74e-04
2026-07-18 05:31:27 transreid.train INFO: Epoch[53] Iter[100/227] Loss: 0.206, Acc: 0.991, Base Lr: 4.74e-04
2026-07-18 05:31:29 transreid.train INFO: Epoch[53] Iter[120/227] Loss: 0.200, Acc: 0.992, Base Lr: 4.74e-04
2026-07-18 05:31:31 transreid.train INFO: Epoch[53] Iter[140/227] Loss: 0.193, Acc: 0.992, Base Lr: 4.74e-04
2026-07-18 05:31:34 transreid.train INFO: Epoch[53] Iter[160/227] Loss: 0.188, Acc: 0.992, Base Lr: 4.74e-04
2026-07-18 05:31:36 transreid.train INFO: Epoch[53] Iter[180/227] Loss: 0.182, Acc: 0.992, Base Lr: 4.74e-04
2026-07-18 05:31:38 transreid.train INFO: Epoch[53] Iter[200/227] Loss: 0.179, Acc: 0.992, Base Lr: 4.74e-04
2026-07-18 05:31:39 transreid.train INFO: Epoch 53 done. Time per epoch: 23.622[s] Speed: 571.7[samples/s]
2026-07-18 05:31:42 transreid.train INFO: Epoch[54] Iter[20/227] Loss: 0.188, Acc: 0.991, Base Lr: 4.63e-04
2026-07-18 05:31:44 transreid.train INFO: Epoch[54] Iter[40/227] Loss: 0.201, Acc: 0.992, Base Lr: 4.63e-04
2026-07-18 05:31:46 transreid.train INFO: Epoch[54] Iter[60/227] Loss: 0.191, Acc: 0.992, Base Lr: 4.63e-04
2026-07-18 05:31:48 transreid.train INFO: Epoch[54] Iter[80/227] Loss: 0.182, Acc: 0.992, Base Lr: 4.63e-04
2026-07-18 05:31:51 transreid.train INFO: Epoch[54] Iter[100/227] Loss: 0.172, Acc: 0.993, Base Lr: 4.63e-04
2026-07-18 05:31:53 transreid.train INFO: Epoch[54] Iter[120/227] Loss: 0.166, Acc: 0.993, Base Lr: 4.63e-04
2026-07-18 05:31:55 transreid.train INFO: Epoch[54] Iter[140/227] Loss: 0.161, Acc: 0.993, Base Lr: 4.63e-04
2026-07-18 05:31:57 transreid.train INFO: Epoch[54] Iter[160/227] Loss: 0.157, Acc: 0.993, Base Lr: 4.63e-04
2026-07-18 05:31:59 transreid.train INFO: Epoch[54] Iter[180/227] Loss: 0.152, Acc: 0.994, Base Lr: 4.63e-04
2026-07-18 05:32:02 transreid.train INFO: Epoch[54] Iter[200/227] Loss: 0.149, Acc: 0.994, Base Lr: 4.63e-04
2026-07-18 05:32:03 transreid.train INFO: Epoch 54 done. Time per epoch: 23.601[s] Speed: 572.2[samples/s]
2026-07-18 05:32:05 transreid.train INFO: Epoch[55] Iter[20/227] Loss: 0.190, Acc: 0.987, Base Lr: 4.53e-04
2026-07-18 05:32:08 transreid.train INFO: Epoch[55] Iter[40/227] Loss: 0.185, Acc: 0.988, Base Lr: 4.53e-04
2026-07-18 05:32:10 transreid.train INFO: Epoch[55] Iter[60/227] Loss: 0.172, Acc: 0.990, Base Lr: 4.53e-04
2026-07-18 05:32:12 transreid.train INFO: Epoch[55] Iter[80/227] Loss: 0.169, Acc: 0.991, Base Lr: 4.53e-04
2026-07-18 05:32:14 transreid.train INFO: Epoch[55] Iter[100/227] Loss: 0.165, Acc: 0.991, Base Lr: 4.53e-04
2026-07-18 05:32:16 transreid.train INFO: Epoch[55] Iter[120/227] Loss: 0.159, Acc: 0.992, Base Lr: 4.53e-04
2026-07-18 05:32:19 transreid.train INFO: Epoch[55] Iter[140/227] Loss: 0.155, Acc: 0.992, Base Lr: 4.53e-04
2026-07-18 05:32:21 transreid.train INFO: Epoch[55] Iter[160/227] Loss: 0.153, Acc: 0.992, Base Lr: 4.53e-04
2026-07-18 05:32:23 transreid.train INFO: Epoch[55] Iter[180/227] Loss: 0.149, Acc: 0.992, Base Lr: 4.53e-04
2026-07-18 05:32:25 transreid.train INFO: Epoch[55] Iter[200/227] Loss: 0.148, Acc: 0.992, Base Lr: 4.53e-04
2026-07-18 05:32:27 transreid.train INFO: Epoch 55 done. Time per epoch: 23.721[s] Speed: 572.0[samples/s]
2026-07-18 05:32:29 transreid.train INFO: Epoch[56] Iter[20/227] Loss: 0.178, Acc: 0.992, Base Lr: 4.43e-04
2026-07-18 05:32:31 transreid.train INFO: Epoch[56] Iter[40/227] Loss: 0.173, Acc: 0.993, Base Lr: 4.43e-04
2026-07-18 05:32:34 transreid.train INFO: Epoch[56] Iter[60/227] Loss: 0.176, Acc: 0.994, Base Lr: 4.43e-04
2026-07-18 05:32:36 transreid.train INFO: Epoch[56] Iter[80/227] Loss: 0.169, Acc: 0.995, Base Lr: 4.43e-04
2026-07-18 05:32:38 transreid.train INFO: Epoch[56] Iter[100/227] Loss: 0.168, Acc: 0.995, Base Lr: 4.43e-04
2026-07-18 05:32:40 transreid.train INFO: Epoch[56] Iter[120/227] Loss: 0.163, Acc: 0.995, Base Lr: 4.43e-04
2026-07-18 05:32:42 transreid.train INFO: Epoch[56] Iter[140/227] Loss: 0.160, Acc: 0.994, Base Lr: 4.43e-04
2026-07-18 05:32:44 transreid.train INFO: Epoch[56] Iter[160/227] Loss: 0.156, Acc: 0.994, Base Lr: 4.43e-04
2026-07-18 05:32:47 transreid.train INFO: Epoch[56] Iter[180/227] Loss: 0.152, Acc: 0.994, Base Lr: 4.43e-04
2026-07-18 05:32:49 transreid.train INFO: Epoch[56] Iter[200/227] Loss: 0.152, Acc: 0.994, Base Lr: 4.43e-04
2026-07-18 05:32:50 transreid.train INFO: Epoch 56 done. Time per epoch: 23.694[s] Speed: 572.6[samples/s]
2026-07-18 05:32:53 transreid.train INFO: Epoch[57] Iter[20/227] Loss: 0.185, Acc: 0.991, Base Lr: 4.32e-04
2026-07-18 05:32:55 transreid.train INFO: Epoch[57] Iter[40/227] Loss: 0.168, Acc: 0.991, Base Lr: 4.32e-04
2026-07-18 05:32:57 transreid.train INFO: Epoch[57] Iter[60/227] Loss: 0.158, Acc: 0.993, Base Lr: 4.32e-04
2026-07-18 05:32:59 transreid.train INFO: Epoch[57] Iter[80/227] Loss: 0.161, Acc: 0.993, Base Lr: 4.32e-04
2026-07-18 05:33:02 transreid.train INFO: Epoch[57] Iter[100/227] Loss: 0.162, Acc: 0.993, Base Lr: 4.32e-04
2026-07-18 05:33:04 transreid.train INFO: Epoch[57] Iter[120/227] Loss: 0.153, Acc: 0.993, Base Lr: 4.32e-04
2026-07-18 05:33:06 transreid.train INFO: Epoch[57] Iter[140/227] Loss: 0.148, Acc: 0.994, Base Lr: 4.32e-04
2026-07-18 05:33:08 transreid.train INFO: Epoch[57] Iter[160/227] Loss: 0.146, Acc: 0.993, Base Lr: 4.32e-04
2026-07-18 05:33:10 transreid.train INFO: Epoch[57] Iter[180/227] Loss: 0.141, Acc: 0.994, Base Lr: 4.32e-04
2026-07-18 05:33:13 transreid.train INFO: Epoch[57] Iter[200/227] Loss: 0.136, Acc: 0.994, Base Lr: 4.32e-04
2026-07-18 05:33:14 transreid.train INFO: Epoch 57 done. Time per epoch: 23.815[s] Speed: 572.4[samples/s]
2026-07-18 05:33:17 transreid.train INFO: Epoch[58] Iter[20/227] Loss: 0.140, Acc: 0.996, Base Lr: 4.22e-04
2026-07-18 05:33:19 transreid.train INFO: Epoch[58] Iter[40/227] Loss: 0.138, Acc: 0.994, Base Lr: 4.22e-04
2026-07-18 05:33:21 transreid.train INFO: Epoch[58] Iter[60/227] Loss: 0.151, Acc: 0.993, Base Lr: 4.22e-04
2026-07-18 05:33:23 transreid.train INFO: Epoch[58] Iter[80/227] Loss: 0.150, Acc: 0.993, Base Lr: 4.22e-04
2026-07-18 05:33:25 transreid.train INFO: Epoch[58] Iter[100/227] Loss: 0.148, Acc: 0.993, Base Lr: 4.22e-04
2026-07-18 05:33:28 transreid.train INFO: Epoch[58] Iter[120/227] Loss: 0.148, Acc: 0.993, Base Lr: 4.22e-04
2026-07-18 05:33:30 transreid.train INFO: Epoch[58] Iter[140/227] Loss: 0.144, Acc: 0.993, Base Lr: 4.22e-04
2026-07-18 05:33:32 transreid.train INFO: Epoch[58] Iter[160/227] Loss: 0.144, Acc: 0.993, Base Lr: 4.22e-04
2026-07-18 05:33:34 transreid.train INFO: Epoch[58] Iter[180/227] Loss: 0.140, Acc: 0.994, Base Lr: 4.22e-04
2026-07-18 05:33:36 transreid.train INFO: Epoch[58] Iter[200/227] Loss: 0.137, Acc: 0.994, Base Lr: 4.22e-04
2026-07-18 05:33:38 transreid.train INFO: Epoch 58 done. Time per epoch: 23.832[s] Speed: 572.0[samples/s]
2026-07-18 05:33:40 transreid.train INFO: Epoch[59] Iter[20/227] Loss: 0.163, Acc: 0.995, Base Lr: 4.11e-04
2026-07-18 05:33:43 transreid.train INFO: Epoch[59] Iter[40/227] Loss: 0.151, Acc: 0.994, Base Lr: 4.11e-04
2026-07-18 05:33:45 transreid.train INFO: Epoch[59] Iter[60/227] Loss: 0.144, Acc: 0.995, Base Lr: 4.11e-04
2026-07-18 05:33:47 transreid.train INFO: Epoch[59] Iter[80/227] Loss: 0.146, Acc: 0.995, Base Lr: 4.11e-04
2026-07-18 05:33:49 transreid.train INFO: Epoch[59] Iter[100/227] Loss: 0.158, Acc: 0.994, Base Lr: 4.11e-04
2026-07-18 05:33:51 transreid.train INFO: Epoch[59] Iter[120/227] Loss: 0.155, Acc: 0.994, Base Lr: 4.11e-04
2026-07-18 05:33:54 transreid.train INFO: Epoch[59] Iter[140/227] Loss: 0.152, Acc: 0.994, Base Lr: 4.11e-04
2026-07-18 05:33:56 transreid.train INFO: Epoch[59] Iter[160/227] Loss: 0.150, Acc: 0.994, Base Lr: 4.11e-04
2026-07-18 05:33:58 transreid.train INFO: Epoch[59] Iter[180/227] Loss: 0.146, Acc: 0.994, Base Lr: 4.11e-04
2026-07-18 05:34:00 transreid.train INFO: Epoch[59] Iter[200/227] Loss: 0.145, Acc: 0.994, Base Lr: 4.11e-04
2026-07-18 05:34:02 transreid.train INFO: Epoch 59 done. Time per epoch: 23.863[s] Speed: 571.3[samples/s]
2026-07-18 05:34:04 transreid.train INFO: Epoch[60] Iter[20/227] Loss: 0.174, Acc: 0.992, Base Lr: 4.01e-04
2026-07-18 05:34:07 transreid.train INFO: Epoch[60] Iter[40/227] Loss: 0.175, Acc: 0.992, Base Lr: 4.01e-04
2026-07-18 05:34:09 transreid.train INFO: Epoch[60] Iter[60/227] Loss: 0.161, Acc: 0.993, Base Lr: 4.01e-04
2026-07-18 05:34:11 transreid.train INFO: Epoch[60] Iter[80/227] Loss: 0.154, Acc: 0.994, Base Lr: 4.01e-04
2026-07-18 05:34:13 transreid.train INFO: Epoch[60] Iter[100/227] Loss: 0.150, Acc: 0.994, Base Lr: 4.01e-04
2026-07-18 05:34:15 transreid.train INFO: Epoch[60] Iter[120/227] Loss: 0.150, Acc: 0.994, Base Lr: 4.01e-04
2026-07-18 05:34:18 transreid.train INFO: Epoch[60] Iter[140/227] Loss: 0.147, Acc: 0.994, Base Lr: 4.01e-04
2026-07-18 05:34:20 transreid.train INFO: Epoch[60] Iter[160/227] Loss: 0.144, Acc: 0.994, Base Lr: 4.01e-04
2026-07-18 05:34:22 transreid.train INFO: Epoch[60] Iter[180/227] Loss: 0.147, Acc: 0.994, Base Lr: 4.01e-04
2026-07-18 05:34:24 transreid.train INFO: Epoch[60] Iter[200/227] Loss: 0.143, Acc: 0.994, Base Lr: 4.01e-04
2026-07-18 05:34:26 transreid.train INFO: Epoch 60 done. Time per epoch: 23.853[s] Speed: 571.5[samples/s]
The test feature is normalized
=> Computing DistMat with euclidean_distance
2026-07-18 05:34:48 transreid.train INFO: Validation Results - Epoch: 60
2026-07-18 05:34:48 transreid.train INFO: mAP: 53.4%
2026-07-18 05:34:48 transreid.train INFO: CMC curve, Rank-1  :64.5%
2026-07-18 05:34:48 transreid.train INFO: CMC curve, Rank-5  :78.8%
2026-07-18 05:34:48 transreid.train INFO: CMC curve, Rank-10 :83.3%
2026-07-18 05:34:51 transreid.train INFO: Epoch[61] Iter[20/227] Loss: 0.167, Acc: 0.991, Base Lr: 3.90e-04
2026-07-18 05:34:53 transreid.train INFO: Epoch[61] Iter[40/227] Loss: 0.149, Acc: 0.994, Base Lr: 3.90e-04
2026-07-18 05:34:55 transreid.train INFO: Epoch[61] Iter[60/227] Loss: 0.149, Acc: 0.994, Base Lr: 3.90e-04
2026-07-18 05:34:57 transreid.train INFO: Epoch[61] Iter[80/227] Loss: 0.150, Acc: 0.994, Base Lr: 3.90e-04
2026-07-18 05:35:00 transreid.train INFO: Epoch[61] Iter[100/227] Loss: 0.147, Acc: 0.993, Base Lr: 3.90e-04
2026-07-18 05:35:02 transreid.train INFO: Epoch[61] Iter[120/227] Loss: 0.142, Acc: 0.994, Base Lr: 3.90e-04
2026-07-18 05:35:04 transreid.train INFO: Epoch[61] Iter[140/227] Loss: 0.139, Acc: 0.994, Base Lr: 3.90e-04
2026-07-18 05:35:06 transreid.train INFO: Epoch[61] Iter[160/227] Loss: 0.133, Acc: 0.995, Base Lr: 3.90e-04
2026-07-18 05:35:08 transreid.train INFO: Epoch[61] Iter[180/227] Loss: 0.130, Acc: 0.994, Base Lr: 3.90e-04
2026-07-18 05:35:11 transreid.train INFO: Epoch[61] Iter[200/227] Loss: 0.128, Acc: 0.994, Base Lr: 3.90e-04
2026-07-18 05:35:12 transreid.train INFO: Epoch 61 done. Time per epoch: 23.644[s] Speed: 571.1[samples/s]
2026-07-18 05:35:15 transreid.train INFO: Epoch[62] Iter[20/227] Loss: 0.137, Acc: 0.995, Base Lr: 3.80e-04
2026-07-18 05:35:17 transreid.train INFO: Epoch[62] Iter[40/227] Loss: 0.141, Acc: 0.995, Base Lr: 3.80e-04
2026-07-18 05:35:19 transreid.train INFO: Epoch[62] Iter[60/227] Loss: 0.140, Acc: 0.995, Base Lr: 3.80e-04
2026-07-18 05:35:21 transreid.train INFO: Epoch[62] Iter[80/227] Loss: 0.141, Acc: 0.995, Base Lr: 3.80e-04
2026-07-18 05:35:23 transreid.train INFO: Epoch[62] Iter[100/227] Loss: 0.136, Acc: 0.995, Base Lr: 3.80e-04
2026-07-18 05:35:26 transreid.train INFO: Epoch[62] Iter[120/227] Loss: 0.131, Acc: 0.995, Base Lr: 3.80e-04
2026-07-18 05:35:28 transreid.train INFO: Epoch[62] Iter[140/227] Loss: 0.126, Acc: 0.995, Base Lr: 3.80e-04
2026-07-18 05:35:30 transreid.train INFO: Epoch[62] Iter[160/227] Loss: 0.126, Acc: 0.995, Base Lr: 3.80e-04
2026-07-18 05:35:32 transreid.train INFO: Epoch[62] Iter[180/227] Loss: 0.123, Acc: 0.995, Base Lr: 3.80e-04
2026-07-18 05:35:34 transreid.train INFO: Epoch[62] Iter[200/227] Loss: 0.121, Acc: 0.995, Base Lr: 3.80e-04
2026-07-18 05:35:36 transreid.train INFO: Epoch 62 done. Time per epoch: 23.880[s] Speed: 570.9[samples/s]
2026-07-18 05:35:38 transreid.train INFO: Epoch[63] Iter[20/227] Loss: 0.161, Acc: 0.993, Base Lr: 3.69e-04
2026-07-18 05:35:41 transreid.train INFO: Epoch[63] Iter[40/227] Loss: 0.165, Acc: 0.994, Base Lr: 3.69e-04
2026-07-18 05:35:43 transreid.train INFO: Epoch[63] Iter[60/227] Loss: 0.159, Acc: 0.993, Base Lr: 3.69e-04
2026-07-18 05:35:45 transreid.train INFO: Epoch[63] Iter[80/227] Loss: 0.152, Acc: 0.993, Base Lr: 3.69e-04
2026-07-18 05:35:47 transreid.train INFO: Epoch[63] Iter[100/227] Loss: 0.150, Acc: 0.993, Base Lr: 3.69e-04
2026-07-18 05:35:49 transreid.train INFO: Epoch[63] Iter[120/227] Loss: 0.144, Acc: 0.993, Base Lr: 3.69e-04
2026-07-18 05:35:52 transreid.train INFO: Epoch[63] Iter[140/227] Loss: 0.142, Acc: 0.993, Base Lr: 3.69e-04
2026-07-18 05:35:54 transreid.train INFO: Epoch[63] Iter[160/227] Loss: 0.137, Acc: 0.993, Base Lr: 3.69e-04
2026-07-18 05:35:56 transreid.train INFO: Epoch[63] Iter[180/227] Loss: 0.134, Acc: 0.993, Base Lr: 3.69e-04
2026-07-18 05:35:58 transreid.train INFO: Epoch[63] Iter[200/227] Loss: 0.132, Acc: 0.994, Base Lr: 3.69e-04
2026-07-18 05:35:59 transreid.train INFO: Epoch 63 done. Time per epoch: 23.625[s] Speed: 571.6[samples/s]
2026-07-18 05:36:02 transreid.train INFO: Epoch[64] Iter[20/227] Loss: 0.115, Acc: 0.989, Base Lr: 3.59e-04
2026-07-18 05:36:04 transreid.train INFO: Epoch[64] Iter[40/227] Loss: 0.120, Acc: 0.993, Base Lr: 3.59e-04
2026-07-18 05:36:06 transreid.train INFO: Epoch[64] Iter[60/227] Loss: 0.119, Acc: 0.994, Base Lr: 3.59e-04
2026-07-18 05:36:09 transreid.train INFO: Epoch[64] Iter[80/227] Loss: 0.119, Acc: 0.995, Base Lr: 3.59e-04
2026-07-18 05:36:11 transreid.train INFO: Epoch[64] Iter[100/227] Loss: 0.119, Acc: 0.995, Base Lr: 3.59e-04
2026-07-18 05:36:13 transreid.train INFO: Epoch[64] Iter[120/227] Loss: 0.120, Acc: 0.994, Base Lr: 3.59e-04
2026-07-18 05:36:15 transreid.train INFO: Epoch[64] Iter[140/227] Loss: 0.119, Acc: 0.994, Base Lr: 3.59e-04
2026-07-18 05:36:17 transreid.train INFO: Epoch[64] Iter[160/227] Loss: 0.122, Acc: 0.994, Base Lr: 3.59e-04
2026-07-18 05:36:20 transreid.train INFO: Epoch[64] Iter[180/227] Loss: 0.119, Acc: 0.994, Base Lr: 3.59e-04
2026-07-18 05:36:22 transreid.train INFO: Epoch[64] Iter[200/227] Loss: 0.116, Acc: 0.995, Base Lr: 3.59e-04
2026-07-18 05:36:23 transreid.train INFO: Epoch 64 done. Time per epoch: 23.620[s] Speed: 571.7[samples/s]
2026-07-18 05:36:26 transreid.train INFO: Epoch[65] Iter[20/227] Loss: 0.123, Acc: 0.995, Base Lr: 3.49e-04
2026-07-18 05:36:28 transreid.train INFO: Epoch[65] Iter[40/227] Loss: 0.133, Acc: 0.995, Base Lr: 3.49e-04
2026-07-18 05:36:30 transreid.train INFO: Epoch[65] Iter[60/227] Loss: 0.138, Acc: 0.995, Base Lr: 3.49e-04
2026-07-18 05:36:32 transreid.train INFO: Epoch[65] Iter[80/227] Loss: 0.136, Acc: 0.995, Base Lr: 3.49e-04
2026-07-18 05:36:34 transreid.train INFO: Epoch[65] Iter[100/227] Loss: 0.134, Acc: 0.995, Base Lr: 3.49e-04
2026-07-18 05:36:37 transreid.train INFO: Epoch[65] Iter[120/227] Loss: 0.134, Acc: 0.995, Base Lr: 3.49e-04
2026-07-18 05:36:39 transreid.train INFO: Epoch[65] Iter[140/227] Loss: 0.134, Acc: 0.995, Base Lr: 3.49e-04
2026-07-18 05:36:41 transreid.train INFO: Epoch[65] Iter[160/227] Loss: 0.128, Acc: 0.995, Base Lr: 3.49e-04
2026-07-18 05:36:43 transreid.train INFO: Epoch[65] Iter[180/227] Loss: 0.125, Acc: 0.995, Base Lr: 3.49e-04
2026-07-18 05:36:45 transreid.train INFO: Epoch[65] Iter[200/227] Loss: 0.122, Acc: 0.995, Base Lr: 3.49e-04
2026-07-18 05:36:47 transreid.train INFO: Epoch 65 done. Time per epoch: 23.866[s] Speed: 571.2[samples/s]
2026-07-18 05:36:49 transreid.train INFO: Epoch[66] Iter[20/227] Loss: 0.132, Acc: 0.994, Base Lr: 3.38e-04
2026-07-18 05:36:52 transreid.train INFO: Epoch[66] Iter[40/227] Loss: 0.129, Acc: 0.993, Base Lr: 3.38e-04
2026-07-18 05:36:54 transreid.train INFO: Epoch[66] Iter[60/227] Loss: 0.125, Acc: 0.994, Base Lr: 3.38e-04
2026-07-18 05:36:56 transreid.train INFO: Epoch[66] Iter[80/227] Loss: 0.121, Acc: 0.995, Base Lr: 3.38e-04
2026-07-18 05:36:58 transreid.train INFO: Epoch[66] Iter[100/227] Loss: 0.123, Acc: 0.995, Base Lr: 3.38e-04
2026-07-18 05:37:00 transreid.train INFO: Epoch[66] Iter[120/227] Loss: 0.119, Acc: 0.995, Base Lr: 3.38e-04
2026-07-18 05:37:03 transreid.train INFO: Epoch[66] Iter[140/227] Loss: 0.116, Acc: 0.995, Base Lr: 3.38e-04
2026-07-18 05:37:05 transreid.train INFO: Epoch[66] Iter[160/227] Loss: 0.116, Acc: 0.995, Base Lr: 3.38e-04
2026-07-18 05:37:07 transreid.train INFO: Epoch[66] Iter[180/227] Loss: 0.112, Acc: 0.996, Base Lr: 3.38e-04
2026-07-18 05:37:09 transreid.train INFO: Epoch[66] Iter[200/227] Loss: 0.109, Acc: 0.996, Base Lr: 3.38e-04
2026-07-18 05:37:11 transreid.train INFO: Epoch 66 done. Time per epoch: 23.632[s] Speed: 571.4[samples/s]
2026-07-18 05:37:13 transreid.train INFO: Epoch[67] Iter[20/227] Loss: 0.115, Acc: 0.995, Base Lr: 3.28e-04
2026-07-18 05:37:15 transreid.train INFO: Epoch[67] Iter[40/227] Loss: 0.116, Acc: 0.995, Base Lr: 3.28e-04
2026-07-18 05:37:18 transreid.train INFO: Epoch[67] Iter[60/227] Loss: 0.120, Acc: 0.995, Base Lr: 3.28e-04
2026-07-18 05:37:20 transreid.train INFO: Epoch[67] Iter[80/227] Loss: 0.118, Acc: 0.994, Base Lr: 3.28e-04
2026-07-18 05:37:22 transreid.train INFO: Epoch[67] Iter[100/227] Loss: 0.117, Acc: 0.994, Base Lr: 3.28e-04
2026-07-18 05:37:24 transreid.train INFO: Epoch[67] Iter[120/227] Loss: 0.116, Acc: 0.994, Base Lr: 3.28e-04
2026-07-18 05:37:26 transreid.train INFO: Epoch[67] Iter[140/227] Loss: 0.118, Acc: 0.994, Base Lr: 3.28e-04
2026-07-18 05:37:29 transreid.train INFO: Epoch[67] Iter[160/227] Loss: 0.116, Acc: 0.994, Base Lr: 3.28e-04
2026-07-18 05:37:31 transreid.train INFO: Epoch[67] Iter[180/227] Loss: 0.114, Acc: 0.995, Base Lr: 3.28e-04
2026-07-18 05:37:33 transreid.train INFO: Epoch[67] Iter[200/227] Loss: 0.111, Acc: 0.995, Base Lr: 3.28e-04
2026-07-18 05:37:34 transreid.train INFO: Epoch 67 done. Time per epoch: 23.741[s] Speed: 571.5[samples/s]
2026-07-18 05:37:37 transreid.train INFO: Epoch[68] Iter[20/227] Loss: 0.139, Acc: 0.992, Base Lr: 3.18e-04
2026-07-18 05:37:39 transreid.train INFO: Epoch[68] Iter[40/227] Loss: 0.127, Acc: 0.995, Base Lr: 3.18e-04
2026-07-18 05:37:41 transreid.train INFO: Epoch[68] Iter[60/227] Loss: 0.123, Acc: 0.996, Base Lr: 3.18e-04
2026-07-18 05:37:43 transreid.train INFO: Epoch[68] Iter[80/227] Loss: 0.121, Acc: 0.996, Base Lr: 3.18e-04
2026-07-18 05:37:46 transreid.train INFO: Epoch[68] Iter[100/227] Loss: 0.120, Acc: 0.996, Base Lr: 3.18e-04
2026-07-18 05:37:48 transreid.train INFO: Epoch[68] Iter[120/227] Loss: 0.114, Acc: 0.997, Base Lr: 3.18e-04
2026-07-18 05:37:50 transreid.train INFO: Epoch[68] Iter[140/227] Loss: 0.113, Acc: 0.996, Base Lr: 3.18e-04
2026-07-18 05:37:52 transreid.train INFO: Epoch[68] Iter[160/227] Loss: 0.112, Acc: 0.996, Base Lr: 3.18e-04
2026-07-18 05:37:54 transreid.train INFO: Epoch[68] Iter[180/227] Loss: 0.110, Acc: 0.996, Base Lr: 3.18e-04
2026-07-18 05:37:57 transreid.train INFO: Epoch[68] Iter[200/227] Loss: 0.107, Acc: 0.996, Base Lr: 3.18e-04
2026-07-18 05:37:58 transreid.train INFO: Epoch 68 done. Time per epoch: 23.727[s] Speed: 571.8[samples/s]
2026-07-18 05:38:01 transreid.train INFO: Epoch[69] Iter[20/227] Loss: 0.120, Acc: 0.993, Base Lr: 3.08e-04
2026-07-18 05:38:03 transreid.train INFO: Epoch[69] Iter[40/227] Loss: 0.110, Acc: 0.994, Base Lr: 3.08e-04
2026-07-18 05:38:05 transreid.train INFO: Epoch[69] Iter[60/227] Loss: 0.111, Acc: 0.993, Base Lr: 3.08e-04
2026-07-18 05:38:07 transreid.train INFO: Epoch[69] Iter[80/227] Loss: 0.115, Acc: 0.994, Base Lr: 3.08e-04
2026-07-18 05:38:09 transreid.train INFO: Epoch[69] Iter[100/227] Loss: 0.114, Acc: 0.994, Base Lr: 3.08e-04
2026-07-18 05:38:12 transreid.train INFO: Epoch[69] Iter[120/227] Loss: 0.113, Acc: 0.994, Base Lr: 3.08e-04
2026-07-18 05:38:14 transreid.train INFO: Epoch[69] Iter[140/227] Loss: 0.109, Acc: 0.994, Base Lr: 3.08e-04
2026-07-18 05:38:16 transreid.train INFO: Epoch[69] Iter[160/227] Loss: 0.107, Acc: 0.995, Base Lr: 3.08e-04
2026-07-18 05:38:18 transreid.train INFO: Epoch[69] Iter[180/227] Loss: 0.104, Acc: 0.995, Base Lr: 3.08e-04
2026-07-18 05:38:20 transreid.train INFO: Epoch[69] Iter[200/227] Loss: 0.100, Acc: 0.995, Base Lr: 3.08e-04
2026-07-18 05:38:22 transreid.train INFO: Epoch 69 done. Time per epoch: 23.750[s] Speed: 571.3[samples/s]
2026-07-18 05:38:24 transreid.train INFO: Epoch[70] Iter[20/227] Loss: 0.148, Acc: 0.994, Base Lr: 2.97e-04
2026-07-18 05:38:27 transreid.train INFO: Epoch[70] Iter[40/227] Loss: 0.129, Acc: 0.996, Base Lr: 2.97e-04
2026-07-18 05:38:29 transreid.train INFO: Epoch[70] Iter[60/227] Loss: 0.126, Acc: 0.996, Base Lr: 2.97e-04
2026-07-18 05:38:31 transreid.train INFO: Epoch[70] Iter[80/227] Loss: 0.129, Acc: 0.995, Base Lr: 2.97e-04
2026-07-18 05:38:33 transreid.train INFO: Epoch[70] Iter[100/227] Loss: 0.125, Acc: 0.995, Base Lr: 2.97e-04
2026-07-18 05:38:35 transreid.train INFO: Epoch[70] Iter[120/227] Loss: 0.120, Acc: 0.995, Base Lr: 2.97e-04
2026-07-18 05:38:38 transreid.train INFO: Epoch[70] Iter[140/227] Loss: 0.116, Acc: 0.996, Base Lr: 2.97e-04
2026-07-18 05:38:40 transreid.train INFO: Epoch[70] Iter[160/227] Loss: 0.111, Acc: 0.996, Base Lr: 2.97e-04
2026-07-18 05:38:42 transreid.train INFO: Epoch[70] Iter[180/227] Loss: 0.107, Acc: 0.996, Base Lr: 2.97e-04
2026-07-18 05:38:44 transreid.train INFO: Epoch[70] Iter[200/227] Loss: 0.104, Acc: 0.996, Base Lr: 2.97e-04
2026-07-18 05:38:45 transreid.train INFO: Epoch 70 done. Time per epoch: 23.725[s] Speed: 571.9[samples/s]
The test feature is normalized
=> Computing DistMat with euclidean_distance
2026-07-18 05:39:08 transreid.train INFO: Validation Results - Epoch: 70
2026-07-18 05:39:08 transreid.train INFO: mAP: 55.6%
2026-07-18 05:39:08 transreid.train INFO: CMC curve, Rank-1  :66.3%
2026-07-18 05:39:08 transreid.train INFO: CMC curve, Rank-5  :79.8%
2026-07-18 05:39:08 transreid.train INFO: CMC curve, Rank-10 :84.8%
2026-07-18 05:39:11 transreid.train INFO: Epoch[71] Iter[20/227] Loss: 0.130, Acc: 0.995, Base Lr: 2.87e-04
2026-07-18 05:39:13 transreid.train INFO: Epoch[71] Iter[40/227] Loss: 0.124, Acc: 0.996, Base Lr: 2.87e-04
2026-07-18 05:39:15 transreid.train INFO: Epoch[71] Iter[60/227] Loss: 0.121, Acc: 0.996, Base Lr: 2.87e-04
2026-07-18 05:39:17 transreid.train INFO: Epoch[71] Iter[80/227] Loss: 0.114, Acc: 0.996, Base Lr: 2.87e-04
2026-07-18 05:39:20 transreid.train INFO: Epoch[71] Iter[100/227] Loss: 0.113, Acc: 0.996, Base Lr: 2.87e-04
2026-07-18 05:39:22 transreid.train INFO: Epoch[71] Iter[120/227] Loss: 0.113, Acc: 0.995, Base Lr: 2.87e-04
2026-07-18 05:39:24 transreid.train INFO: Epoch[71] Iter[140/227] Loss: 0.111, Acc: 0.996, Base Lr: 2.87e-04
2026-07-18 05:39:26 transreid.train INFO: Epoch[71] Iter[160/227] Loss: 0.110, Acc: 0.996, Base Lr: 2.87e-04
2026-07-18 05:39:28 transreid.train INFO: Epoch[71] Iter[180/227] Loss: 0.107, Acc: 0.996, Base Lr: 2.87e-04
2026-07-18 05:39:31 transreid.train INFO: Epoch[71] Iter[200/227] Loss: 0.105, Acc: 0.996, Base Lr: 2.87e-04
2026-07-18 05:39:32 transreid.train INFO: Epoch 71 done. Time per epoch: 23.536[s] Speed: 571.0[samples/s]
2026-07-18 05:39:34 transreid.train INFO: Epoch[72] Iter[20/227] Loss: 0.123, Acc: 0.997, Base Lr: 2.77e-04
2026-07-18 05:39:36 transreid.train INFO: Epoch[72] Iter[40/227] Loss: 0.128, Acc: 0.997, Base Lr: 2.77e-04
2026-07-18 05:39:39 transreid.train INFO: Epoch[72] Iter[60/227] Loss: 0.121, Acc: 0.997, Base Lr: 2.77e-04
2026-07-18 05:39:41 transreid.train INFO: Epoch[72] Iter[80/227] Loss: 0.117, Acc: 0.996, Base Lr: 2.77e-04
2026-07-18 05:39:43 transreid.train INFO: Epoch[72] Iter[100/227] Loss: 0.116, Acc: 0.996, Base Lr: 2.77e-04
2026-07-18 05:39:45 transreid.train INFO: Epoch[72] Iter[120/227] Loss: 0.115, Acc: 0.996, Base Lr: 2.77e-04
2026-07-18 05:39:47 transreid.train INFO: Epoch[72] Iter[140/227] Loss: 0.112, Acc: 0.997, Base Lr: 2.77e-04
2026-07-18 05:39:50 transreid.train INFO: Epoch[72] Iter[160/227] Loss: 0.107, Acc: 0.997, Base Lr: 2.77e-04
2026-07-18 05:39:52 transreid.train INFO: Epoch[72] Iter[180/227] Loss: 0.103, Acc: 0.997, Base Lr: 2.77e-04
2026-07-18 05:39:54 transreid.train INFO: Epoch[72] Iter[200/227] Loss: 0.099, Acc: 0.997, Base Lr: 2.77e-04
2026-07-18 05:39:55 transreid.train INFO: Epoch 72 done. Time per epoch: 23.662[s] Speed: 570.7[samples/s]
2026-07-18 05:39:58 transreid.train INFO: Epoch[73] Iter[20/227] Loss: 0.114, Acc: 0.996, Base Lr: 2.68e-04
2026-07-18 05:40:00 transreid.train INFO: Epoch[73] Iter[40/227] Loss: 0.100, Acc: 0.996, Base Lr: 2.68e-04
2026-07-18 05:40:02 transreid.train INFO: Epoch[73] Iter[60/227] Loss: 0.106, Acc: 0.996, Base Lr: 2.68e-04
2026-07-18 05:40:05 transreid.train INFO: Epoch[73] Iter[80/227] Loss: 0.108, Acc: 0.996, Base Lr: 2.68e-04
2026-07-18 05:40:07 transreid.train INFO: Epoch[73] Iter[100/227] Loss: 0.103, Acc: 0.996, Base Lr: 2.68e-04
2026-07-18 05:40:09 transreid.train INFO: Epoch[73] Iter[120/227] Loss: 0.107, Acc: 0.996, Base Lr: 2.68e-04
2026-07-18 05:40:11 transreid.train INFO: Epoch[73] Iter[140/227] Loss: 0.104, Acc: 0.996, Base Lr: 2.68e-04
2026-07-18 05:40:13 transreid.train INFO: Epoch[73] Iter[160/227] Loss: 0.100, Acc: 0.996, Base Lr: 2.68e-04
2026-07-18 05:40:16 transreid.train INFO: Epoch[73] Iter[180/227] Loss: 0.099, Acc: 0.996, Base Lr: 2.68e-04
2026-07-18 05:40:18 transreid.train INFO: Epoch[73] Iter[200/227] Loss: 0.096, Acc: 0.996, Base Lr: 2.68e-04
2026-07-18 05:40:19 transreid.train INFO: Epoch 73 done. Time per epoch: 23.846[s] Speed: 571.7[samples/s]
2026-07-18 05:40:22 transreid.train INFO: Epoch[74] Iter[20/227] Loss: 0.113, Acc: 0.996, Base Lr: 2.58e-04
2026-07-18 05:40:24 transreid.train INFO: Epoch[74] Iter[40/227] Loss: 0.109, Acc: 0.997, Base Lr: 2.58e-04
2026-07-18 05:40:26 transreid.train INFO: Epoch[74] Iter[60/227] Loss: 0.107, Acc: 0.996, Base Lr: 2.58e-04
2026-07-18 05:40:28 transreid.train INFO: Epoch[74] Iter[80/227] Loss: 0.106, Acc: 0.996, Base Lr: 2.58e-04
2026-07-18 05:40:31 transreid.train INFO: Epoch[74] Iter[100/227] Loss: 0.104, Acc: 0.996, Base Lr: 2.58e-04
2026-07-18 05:40:33 transreid.train INFO: Epoch[74] Iter[120/227] Loss: 0.100, Acc: 0.996, Base Lr: 2.58e-04
2026-07-18 05:40:35 transreid.train INFO: Epoch[74] Iter[140/227] Loss: 0.100, Acc: 0.996, Base Lr: 2.58e-04
2026-07-18 05:40:37 transreid.train INFO: Epoch[74] Iter[160/227] Loss: 0.098, Acc: 0.996, Base Lr: 2.58e-04
2026-07-18 05:40:39 transreid.train INFO: Epoch[74] Iter[180/227] Loss: 0.096, Acc: 0.996, Base Lr: 2.58e-04
2026-07-18 05:40:42 transreid.train INFO: Epoch[74] Iter[200/227] Loss: 0.093, Acc: 0.996, Base Lr: 2.58e-04
2026-07-18 05:40:43 transreid.train INFO: Epoch 74 done. Time per epoch: 23.637[s] Speed: 571.3[samples/s]
2026-07-18 05:40:45 transreid.train INFO: Epoch[75] Iter[20/227] Loss: 0.102, Acc: 0.995, Base Lr: 2.48e-04
2026-07-18 05:40:48 transreid.train INFO: Epoch[75] Iter[40/227] Loss: 0.102, Acc: 0.995, Base Lr: 2.48e-04
2026-07-18 05:40:50 transreid.train INFO: Epoch[75] Iter[60/227] Loss: 0.101, Acc: 0.995, Base Lr: 2.48e-04
2026-07-18 05:40:52 transreid.train INFO: Epoch[75] Iter[80/227] Loss: 0.097, Acc: 0.996, Base Lr: 2.48e-04
2026-07-18 05:40:54 transreid.train INFO: Epoch[75] Iter[100/227] Loss: 0.096, Acc: 0.996, Base Lr: 2.48e-04
2026-07-18 05:40:56 transreid.train INFO: Epoch[75] Iter[120/227] Loss: 0.100, Acc: 0.995, Base Lr: 2.48e-04
2026-07-18 05:40:59 transreid.train INFO: Epoch[75] Iter[140/227] Loss: 0.098, Acc: 0.995, Base Lr: 2.48e-04
2026-07-18 05:41:01 transreid.train INFO: Epoch[75] Iter[160/227] Loss: 0.095, Acc: 0.996, Base Lr: 2.48e-04
2026-07-18 05:41:03 transreid.train INFO: Epoch[75] Iter[180/227] Loss: 0.095, Acc: 0.996, Base Lr: 2.48e-04
2026-07-18 05:41:05 transreid.train INFO: Epoch[75] Iter[200/227] Loss: 0.092, Acc: 0.996, Base Lr: 2.48e-04
2026-07-18 05:41:06 transreid.train INFO: Epoch 75 done. Time per epoch: 23.613[s] Speed: 571.9[samples/s]
2026-07-18 05:41:09 transreid.train INFO: Epoch[76] Iter[20/227] Loss: 0.093, Acc: 0.996, Base Lr: 2.38e-04
2026-07-18 05:41:11 transreid.train INFO: Epoch[76] Iter[40/227] Loss: 0.099, Acc: 0.995, Base Lr: 2.38e-04
2026-07-18 05:41:13 transreid.train INFO: Epoch[76] Iter[60/227] Loss: 0.100, Acc: 0.996, Base Lr: 2.38e-04
2026-07-18 05:41:16 transreid.train INFO: Epoch[76] Iter[80/227] Loss: 0.103, Acc: 0.996, Base Lr: 2.38e-04
2026-07-18 05:41:18 transreid.train INFO: Epoch[76] Iter[100/227] Loss: 0.101, Acc: 0.996, Base Lr: 2.38e-04
2026-07-18 05:41:20 transreid.train INFO: Epoch[76] Iter[120/227] Loss: 0.098, Acc: 0.996, Base Lr: 2.38e-04
2026-07-18 05:41:22 transreid.train INFO: Epoch[76] Iter[140/227] Loss: 0.100, Acc: 0.996, Base Lr: 2.38e-04
2026-07-18 05:41:24 transreid.train INFO: Epoch[76] Iter[160/227] Loss: 0.100, Acc: 0.996, Base Lr: 2.38e-04
2026-07-18 05:41:27 transreid.train INFO: Epoch[76] Iter[180/227] Loss: 0.100, Acc: 0.995, Base Lr: 2.38e-04
2026-07-18 05:41:29 transreid.train INFO: Epoch[76] Iter[200/227] Loss: 0.096, Acc: 0.996, Base Lr: 2.38e-04
2026-07-18 05:41:30 transreid.train INFO: Epoch 76 done. Time per epoch: 23.852[s] Speed: 571.5[samples/s]
2026-07-18 05:41:33 transreid.train INFO: Epoch[77] Iter[20/227] Loss: 0.100, Acc: 0.997, Base Lr: 2.29e-04
2026-07-18 05:41:35 transreid.train INFO: Epoch[77] Iter[40/227] Loss: 0.105, Acc: 0.997, Base Lr: 2.29e-04
2026-07-18 05:41:37 transreid.train INFO: Epoch[77] Iter[60/227] Loss: 0.104, Acc: 0.996, Base Lr: 2.29e-04
2026-07-18 05:41:39 transreid.train INFO: Epoch[77] Iter[80/227] Loss: 0.104, Acc: 0.996, Base Lr: 2.29e-04
2026-07-18 05:41:42 transreid.train INFO: Epoch[77] Iter[100/227] Loss: 0.104, Acc: 0.996, Base Lr: 2.29e-04
2026-07-18 05:41:44 transreid.train INFO: Epoch[77] Iter[120/227] Loss: 0.101, Acc: 0.997, Base Lr: 2.29e-04
2026-07-18 05:41:46 transreid.train INFO: Epoch[77] Iter[140/227] Loss: 0.102, Acc: 0.997, Base Lr: 2.29e-04
2026-07-18 05:41:48 transreid.train INFO: Epoch[77] Iter[160/227] Loss: 0.099, Acc: 0.997, Base Lr: 2.29e-04
2026-07-18 05:41:50 transreid.train INFO: Epoch[77] Iter[180/227] Loss: 0.099, Acc: 0.997, Base Lr: 2.29e-04
2026-07-18 05:41:53 transreid.train INFO: Epoch[77] Iter[200/227] Loss: 0.095, Acc: 0.997, Base Lr: 2.29e-04
2026-07-18 05:41:54 transreid.train INFO: Epoch 77 done. Time per epoch: 23.842[s] Speed: 571.8[samples/s]
2026-07-18 05:41:57 transreid.train INFO: Epoch[78] Iter[20/227] Loss: 0.131, Acc: 0.997, Base Lr: 2.20e-04
2026-07-18 05:41:59 transreid.train INFO: Epoch[78] Iter[40/227] Loss: 0.112, Acc: 0.996, Base Lr: 2.20e-04
2026-07-18 05:42:01 transreid.train INFO: Epoch[78] Iter[60/227] Loss: 0.104, Acc: 0.997, Base Lr: 2.20e-04
2026-07-18 05:42:03 transreid.train INFO: Epoch[78] Iter[80/227] Loss: 0.104, Acc: 0.997, Base Lr: 2.20e-04
2026-07-18 05:42:05 transreid.train INFO: Epoch[78] Iter[100/227] Loss: 0.103, Acc: 0.997, Base Lr: 2.20e-04
2026-07-18 05:42:08 transreid.train INFO: Epoch[78] Iter[120/227] Loss: 0.105, Acc: 0.996, Base Lr: 2.20e-04
2026-07-18 05:42:10 transreid.train INFO: Epoch[78] Iter[140/227] Loss: 0.102, Acc: 0.996, Base Lr: 2.20e-04
2026-07-18 05:42:12 transreid.train INFO: Epoch[78] Iter[160/227] Loss: 0.099, Acc: 0.996, Base Lr: 2.20e-04
2026-07-18 05:42:14 transreid.train INFO: Epoch[78] Iter[180/227] Loss: 0.096, Acc: 0.997, Base Lr: 2.20e-04
2026-07-18 05:42:16 transreid.train INFO: Epoch[78] Iter[200/227] Loss: 0.092, Acc: 0.997, Base Lr: 2.20e-04
2026-07-18 05:42:18 transreid.train INFO: Epoch 78 done. Time per epoch: 23.736[s] Speed: 571.6[samples/s]
2026-07-18 05:42:20 transreid.train INFO: Epoch[79] Iter[20/227] Loss: 0.102, Acc: 0.997, Base Lr: 2.10e-04
2026-07-18 05:42:23 transreid.train INFO: Epoch[79] Iter[40/227] Loss: 0.093, Acc: 0.996, Base Lr: 2.10e-04
2026-07-18 05:42:25 transreid.train INFO: Epoch[79] Iter[60/227] Loss: 0.097, Acc: 0.996, Base Lr: 2.10e-04
2026-07-18 05:42:27 transreid.train INFO: Epoch[79] Iter[80/227] Loss: 0.100, Acc: 0.995, Base Lr: 2.10e-04
2026-07-18 05:42:29 transreid.train INFO: Epoch[79] Iter[100/227] Loss: 0.098, Acc: 0.996, Base Lr: 2.10e-04
2026-07-18 05:42:31 transreid.train INFO: Epoch[79] Iter[120/227] Loss: 0.104, Acc: 0.996, Base Lr: 2.10e-04
2026-07-18 05:42:34 transreid.train INFO: Epoch[79] Iter[140/227] Loss: 0.102, Acc: 0.996, Base Lr: 2.10e-04
2026-07-18 05:42:36 transreid.train INFO: Epoch[79] Iter[160/227] Loss: 0.099, Acc: 0.996, Base Lr: 2.10e-04
2026-07-18 05:42:38 transreid.train INFO: Epoch[79] Iter[180/227] Loss: 0.095, Acc: 0.996, Base Lr: 2.10e-04
2026-07-18 05:42:40 transreid.train INFO: Epoch[79] Iter[200/227] Loss: 0.092, Acc: 0.997, Base Lr: 2.10e-04
2026-07-18 05:42:42 transreid.train INFO: Epoch 79 done. Time per epoch: 23.735[s] Speed: 571.6[samples/s]
2026-07-18 05:42:44 transreid.train INFO: Epoch[80] Iter[20/227] Loss: 0.117, Acc: 0.994, Base Lr: 2.01e-04
2026-07-18 05:42:46 transreid.train INFO: Epoch[80] Iter[40/227] Loss: 0.124, Acc: 0.995, Base Lr: 2.01e-04
2026-07-18 05:42:49 transreid.train INFO: Epoch[80] Iter[60/227] Loss: 0.115, Acc: 0.996, Base Lr: 2.01e-04
2026-07-18 05:42:51 transreid.train INFO: Epoch[80] Iter[80/227] Loss: 0.109, Acc: 0.996, Base Lr: 2.01e-04
2026-07-18 05:42:53 transreid.train INFO: Epoch[80] Iter[100/227] Loss: 0.103, Acc: 0.997, Base Lr: 2.01e-04
2026-07-18 05:42:55 transreid.train INFO: Epoch[80] Iter[120/227] Loss: 0.101, Acc: 0.997, Base Lr: 2.01e-04
2026-07-18 05:42:57 transreid.train INFO: Epoch[80] Iter[140/227] Loss: 0.099, Acc: 0.997, Base Lr: 2.01e-04
2026-07-18 05:43:00 transreid.train INFO: Epoch[80] Iter[160/227] Loss: 0.095, Acc: 0.997, Base Lr: 2.01e-04
2026-07-18 05:43:02 transreid.train INFO: Epoch[80] Iter[180/227] Loss: 0.092, Acc: 0.997, Base Lr: 2.01e-04
2026-07-18 05:43:04 transreid.train INFO: Epoch[80] Iter[200/227] Loss: 0.089, Acc: 0.997, Base Lr: 2.01e-04
2026-07-18 05:43:05 transreid.train INFO: Epoch 80 done. Time per epoch: 23.739[s] Speed: 571.6[samples/s]
The test feature is normalized
=> Computing DistMat with euclidean_distance
2026-07-18 05:43:28 transreid.train INFO: Validation Results - Epoch: 80
2026-07-18 05:43:28 transreid.train INFO: mAP: 55.9%
2026-07-18 05:43:28 transreid.train INFO: CMC curve, Rank-1  :66.4%
2026-07-18 05:43:28 transreid.train INFO: CMC curve, Rank-5  :79.1%
2026-07-18 05:43:28 transreid.train INFO: CMC curve, Rank-10 :83.9%
2026-07-18 05:43:31 transreid.train INFO: Epoch[81] Iter[20/227] Loss: 0.105, Acc: 0.998, Base Lr: 1.92e-04
2026-07-18 05:43:33 transreid.train INFO: Epoch[81] Iter[40/227] Loss: 0.103, Acc: 0.998, Base Lr: 1.92e-04
2026-07-18 05:43:35 transreid.train INFO: Epoch[81] Iter[60/227] Loss: 0.100, Acc: 0.997, Base Lr: 1.92e-04
2026-07-18 05:43:37 transreid.train INFO: Epoch[81] Iter[80/227] Loss: 0.099, Acc: 0.996, Base Lr: 1.92e-04
2026-07-18 05:43:39 transreid.train INFO: Epoch[81] Iter[100/227] Loss: 0.097, Acc: 0.997, Base Lr: 1.92e-04
2026-07-18 05:43:42 transreid.train INFO: Epoch[81] Iter[120/227] Loss: 0.095, Acc: 0.997, Base Lr: 1.92e-04
2026-07-18 05:43:44 transreid.train INFO: Epoch[81] Iter[140/227] Loss: 0.091, Acc: 0.997, Base Lr: 1.92e-04
2026-07-18 05:43:46 transreid.train INFO: Epoch[81] Iter[160/227] Loss: 0.089, Acc: 0.997, Base Lr: 1.92e-04
2026-07-18 05:43:48 transreid.train INFO: Epoch[81] Iter[180/227] Loss: 0.087, Acc: 0.997, Base Lr: 1.92e-04
2026-07-18 05:43:50 transreid.train INFO: Epoch[81] Iter[200/227] Loss: 0.084, Acc: 0.997, Base Lr: 1.92e-04
2026-07-18 05:43:52 transreid.train INFO: Epoch 81 done. Time per epoch: 23.731[s] Speed: 571.7[samples/s]
2026-07-18 05:43:54 transreid.train INFO: Epoch[82] Iter[20/227] Loss: 0.089, Acc: 0.998, Base Lr: 1.83e-04
2026-07-18 05:43:57 transreid.train INFO: Epoch[82] Iter[40/227] Loss: 0.093, Acc: 0.996, Base Lr: 1.83e-04
2026-07-18 05:43:59 transreid.train INFO: Epoch[82] Iter[60/227] Loss: 0.094, Acc: 0.997, Base Lr: 1.83e-04
2026-07-18 05:44:01 transreid.train INFO: Epoch[82] Iter[80/227] Loss: 0.093, Acc: 0.997, Base Lr: 1.83e-04
2026-07-18 05:44:03 transreid.train INFO: Epoch[82] Iter[100/227] Loss: 0.096, Acc: 0.996, Base Lr: 1.83e-04
2026-07-18 05:44:05 transreid.train INFO: Epoch[82] Iter[120/227] Loss: 0.095, Acc: 0.996, Base Lr: 1.83e-04
2026-07-18 05:44:08 transreid.train INFO: Epoch[82] Iter[140/227] Loss: 0.091, Acc: 0.996, Base Lr: 1.83e-04
2026-07-18 05:44:10 transreid.train INFO: Epoch[82] Iter[160/227] Loss: 0.088, Acc: 0.996, Base Lr: 1.83e-04
2026-07-18 05:44:12 transreid.train INFO: Epoch[82] Iter[180/227] Loss: 0.086, Acc: 0.997, Base Lr: 1.83e-04
2026-07-18 05:44:14 transreid.train INFO: Epoch[82] Iter[200/227] Loss: 0.084, Acc: 0.996, Base Lr: 1.83e-04
2026-07-18 05:44:15 transreid.train INFO: Epoch 82 done. Time per epoch: 23.728[s] Speed: 571.8[samples/s]
2026-07-18 05:44:18 transreid.train INFO: Epoch[83] Iter[20/227] Loss: 0.100, Acc: 0.996, Base Lr: 1.75e-04
2026-07-18 05:44:20 transreid.train INFO: Epoch[83] Iter[40/227] Loss: 0.104, Acc: 0.995, Base Lr: 1.75e-04
2026-07-18 05:44:22 transreid.train INFO: Epoch[83] Iter[60/227] Loss: 0.099, Acc: 0.995, Base Lr: 1.75e-04
2026-07-18 05:44:25 transreid.train INFO: Epoch[83] Iter[80/227] Loss: 0.101, Acc: 0.996, Base Lr: 1.75e-04
2026-07-18 05:44:27 transreid.train INFO: Epoch[83] Iter[100/227] Loss: 0.099, Acc: 0.996, Base Lr: 1.75e-04
2026-07-18 05:44:29 transreid.train INFO: Epoch[83] Iter[120/227] Loss: 0.094, Acc: 0.996, Base Lr: 1.75e-04
2026-07-18 05:44:31 transreid.train INFO: Epoch[83] Iter[140/227] Loss: 0.092, Acc: 0.996, Base Lr: 1.75e-04
2026-07-18 05:44:33 transreid.train INFO: Epoch[83] Iter[160/227] Loss: 0.091, Acc: 0.996, Base Lr: 1.75e-04
2026-07-18 05:44:36 transreid.train INFO: Epoch[83] Iter[180/227] Loss: 0.088, Acc: 0.996, Base Lr: 1.75e-04
2026-07-18 05:44:38 transreid.train INFO: Epoch[83] Iter[200/227] Loss: 0.084, Acc: 0.997, Base Lr: 1.75e-04
2026-07-18 05:44:39 transreid.train INFO: Epoch 83 done. Time per epoch: 23.617[s] Speed: 571.8[samples/s]
2026-07-18 05:44:42 transreid.train INFO: Epoch[84] Iter[20/227] Loss: 0.081, Acc: 0.995, Base Lr: 1.66e-04
2026-07-18 05:44:44 transreid.train INFO: Epoch[84] Iter[40/227] Loss: 0.086, Acc: 0.994, Base Lr: 1.66e-04
2026-07-18 05:44:46 transreid.train INFO: Epoch[84] Iter[60/227] Loss: 0.090, Acc: 0.995, Base Lr: 1.66e-04
2026-07-18 05:44:48 transreid.train INFO: Epoch[84] Iter[80/227] Loss: 0.087, Acc: 0.996, Base Lr: 1.66e-04
2026-07-18 05:44:50 transreid.train INFO: Epoch[84] Iter[100/227] Loss: 0.089, Acc: 0.996, Base Lr: 1.66e-04
2026-07-18 05:44:53 transreid.train INFO: Epoch[84] Iter[120/227] Loss: 0.090, Acc: 0.996, Base Lr: 1.66e-04
2026-07-18 05:44:55 transreid.train INFO: Epoch[84] Iter[140/227] Loss: 0.090, Acc: 0.996, Base Lr: 1.66e-04
2026-07-18 05:44:57 transreid.train INFO: Epoch[84] Iter[160/227] Loss: 0.088, Acc: 0.996, Base Lr: 1.66e-04
2026-07-18 05:44:59 transreid.train INFO: Epoch[84] Iter[180/227] Loss: 0.086, Acc: 0.996, Base Lr: 1.66e-04
2026-07-18 05:45:01 transreid.train INFO: Epoch[84] Iter[200/227] Loss: 0.082, Acc: 0.996, Base Lr: 1.66e-04
2026-07-18 05:45:03 transreid.train INFO: Epoch 84 done. Time per epoch: 23.596[s] Speed: 572.3[samples/s]
2026-07-18 05:45:05 transreid.train INFO: Epoch[85] Iter[20/227] Loss: 0.080, Acc: 0.998, Base Lr: 1.58e-04
2026-07-18 05:45:07 transreid.train INFO: Epoch[85] Iter[40/227] Loss: 0.078, Acc: 0.998, Base Lr: 1.58e-04
2026-07-18 05:45:10 transreid.train INFO: Epoch[85] Iter[60/227] Loss: 0.078, Acc: 0.998, Base Lr: 1.58e-04
2026-07-18 05:45:12 transreid.train INFO: Epoch[85] Iter[80/227] Loss: 0.079, Acc: 0.998, Base Lr: 1.58e-04
2026-07-18 05:45:14 transreid.train INFO: Epoch[85] Iter[100/227] Loss: 0.079, Acc: 0.998, Base Lr: 1.58e-04
2026-07-18 05:45:16 transreid.train INFO: Epoch[85] Iter[120/227] Loss: 0.079, Acc: 0.997, Base Lr: 1.58e-04
2026-07-18 05:45:18 transreid.train INFO: Epoch[85] Iter[140/227] Loss: 0.080, Acc: 0.997, Base Lr: 1.58e-04
2026-07-18 05:45:21 transreid.train INFO: Epoch[85] Iter[160/227] Loss: 0.080, Acc: 0.997, Base Lr: 1.58e-04
2026-07-18 05:45:23 transreid.train INFO: Epoch[85] Iter[180/227] Loss: 0.080, Acc: 0.997, Base Lr: 1.58e-04
2026-07-18 05:45:25 transreid.train INFO: Epoch[85] Iter[200/227] Loss: 0.078, Acc: 0.997, Base Lr: 1.58e-04
2026-07-18 05:45:26 transreid.train INFO: Epoch 85 done. Time per epoch: 23.728[s] Speed: 571.8[samples/s]
2026-07-18 05:45:29 transreid.train INFO: Epoch[86] Iter[20/227] Loss: 0.105, Acc: 0.997, Base Lr: 1.50e-04
2026-07-18 05:45:31 transreid.train INFO: Epoch[86] Iter[40/227] Loss: 0.093, Acc: 0.998, Base Lr: 1.50e-04
2026-07-18 05:45:33 transreid.train INFO: Epoch[86] Iter[60/227] Loss: 0.094, Acc: 0.997, Base Lr: 1.50e-04
2026-07-18 05:45:36 transreid.train INFO: Epoch[86] Iter[80/227] Loss: 0.094, Acc: 0.996, Base Lr: 1.50e-04
2026-07-18 05:45:38 transreid.train INFO: Epoch[86] Iter[100/227] Loss: 0.094, Acc: 0.997, Base Lr: 1.50e-04
2026-07-18 05:45:40 transreid.train INFO: Epoch[86] Iter[120/227] Loss: 0.091, Acc: 0.997, Base Lr: 1.50e-04
2026-07-18 05:45:42 transreid.train INFO: Epoch[86] Iter[140/227] Loss: 0.091, Acc: 0.997, Base Lr: 1.50e-04
2026-07-18 05:45:44 transreid.train INFO: Epoch[86] Iter[160/227] Loss: 0.092, Acc: 0.997, Base Lr: 1.50e-04
2026-07-18 05:45:47 transreid.train INFO: Epoch[86] Iter[180/227] Loss: 0.090, Acc: 0.997, Base Lr: 1.50e-04
2026-07-18 05:45:49 transreid.train INFO: Epoch[86] Iter[200/227] Loss: 0.087, Acc: 0.997, Base Lr: 1.50e-04
2026-07-18 05:45:50 transreid.train INFO: Epoch 86 done. Time per epoch: 23.728[s] Speed: 571.8[samples/s]
2026-07-18 05:45:53 transreid.train INFO: Epoch[87] Iter[20/227] Loss: 0.102, Acc: 0.998, Base Lr: 1.42e-04
2026-07-18 05:45:55 transreid.train INFO: Epoch[87] Iter[40/227] Loss: 0.087, Acc: 0.998, Base Lr: 1.42e-04
2026-07-18 05:45:57 transreid.train INFO: Epoch[87] Iter[60/227] Loss: 0.087, Acc: 0.998, Base Lr: 1.42e-04
2026-07-18 05:45:59 transreid.train INFO: Epoch[87] Iter[80/227] Loss: 0.088, Acc: 0.997, Base Lr: 1.42e-04
2026-07-18 05:46:02 transreid.train INFO: Epoch[87] Iter[100/227] Loss: 0.085, Acc: 0.997, Base Lr: 1.42e-04
2026-07-18 05:46:04 transreid.train INFO: Epoch[87] Iter[120/227] Loss: 0.082, Acc: 0.998, Base Lr: 1.42e-04
2026-07-18 05:46:06 transreid.train INFO: Epoch[87] Iter[140/227] Loss: 0.079, Acc: 0.998, Base Lr: 1.42e-04
2026-07-18 05:46:08 transreid.train INFO: Epoch[87] Iter[160/227] Loss: 0.078, Acc: 0.998, Base Lr: 1.42e-04
2026-07-18 05:46:10 transreid.train INFO: Epoch[87] Iter[180/227] Loss: 0.076, Acc: 0.998, Base Lr: 1.42e-04
2026-07-18 05:46:13 transreid.train INFO: Epoch[87] Iter[200/227] Loss: 0.074, Acc: 0.998, Base Lr: 1.42e-04
2026-07-18 05:46:14 transreid.train INFO: Epoch 87 done. Time per epoch: 23.633[s] Speed: 571.4[samples/s]
2026-07-18 05:46:16 transreid.train INFO: Epoch[88] Iter[20/227] Loss: 0.090, Acc: 0.997, Base Lr: 1.34e-04
2026-07-18 05:46:19 transreid.train INFO: Epoch[88] Iter[40/227] Loss: 0.086, Acc: 0.998, Base Lr: 1.34e-04
2026-07-18 05:46:21 transreid.train INFO: Epoch[88] Iter[60/227] Loss: 0.092, Acc: 0.997, Base Lr: 1.34e-04
2026-07-18 05:46:23 transreid.train INFO: Epoch[88] Iter[80/227] Loss: 0.090, Acc: 0.997, Base Lr: 1.34e-04
2026-07-18 05:46:25 transreid.train INFO: Epoch[88] Iter[100/227] Loss: 0.088, Acc: 0.997, Base Lr: 1.34e-04
2026-07-18 05:46:27 transreid.train INFO: Epoch[88] Iter[120/227] Loss: 0.088, Acc: 0.997, Base Lr: 1.34e-04
2026-07-18 05:46:30 transreid.train INFO: Epoch[88] Iter[140/227] Loss: 0.088, Acc: 0.997, Base Lr: 1.34e-04
2026-07-18 05:46:32 transreid.train INFO: Epoch[88] Iter[160/227] Loss: 0.087, Acc: 0.997, Base Lr: 1.34e-04
2026-07-18 05:46:34 transreid.train INFO: Epoch[88] Iter[180/227] Loss: 0.084, Acc: 0.997, Base Lr: 1.34e-04
2026-07-18 05:46:36 transreid.train INFO: Epoch[88] Iter[200/227] Loss: 0.081, Acc: 0.997, Base Lr: 1.34e-04
2026-07-18 05:46:38 transreid.train INFO: Epoch 88 done. Time per epoch: 23.882[s] Speed: 570.8[samples/s]
2026-07-18 05:46:40 transreid.train INFO: Epoch[89] Iter[20/227] Loss: 0.099, Acc: 0.995, Base Lr: 1.26e-04
2026-07-18 05:46:42 transreid.train INFO: Epoch[89] Iter[40/227] Loss: 0.087, Acc: 0.996, Base Lr: 1.26e-04
2026-07-18 05:46:45 transreid.train INFO: Epoch[89] Iter[60/227] Loss: 0.084, Acc: 0.996, Base Lr: 1.26e-04
2026-07-18 05:46:47 transreid.train INFO: Epoch[89] Iter[80/227] Loss: 0.088, Acc: 0.996, Base Lr: 1.26e-04
2026-07-18 05:46:49 transreid.train INFO: Epoch[89] Iter[100/227] Loss: 0.086, Acc: 0.996, Base Lr: 1.26e-04
2026-07-18 05:46:51 transreid.train INFO: Epoch[89] Iter[120/227] Loss: 0.083, Acc: 0.997, Base Lr: 1.26e-04
2026-07-18 05:46:53 transreid.train INFO: Epoch[89] Iter[140/227] Loss: 0.081, Acc: 0.997, Base Lr: 1.26e-04
2026-07-18 05:46:56 transreid.train INFO: Epoch[89] Iter[160/227] Loss: 0.079, Acc: 0.997, Base Lr: 1.26e-04
2026-07-18 05:46:58 transreid.train INFO: Epoch[89] Iter[180/227] Loss: 0.078, Acc: 0.997, Base Lr: 1.26e-04
2026-07-18 05:47:00 transreid.train INFO: Epoch[89] Iter[200/227] Loss: 0.075, Acc: 0.997, Base Lr: 1.26e-04
2026-07-18 05:47:01 transreid.train INFO: Epoch 89 done. Time per epoch: 23.625[s] Speed: 571.6[samples/s]
2026-07-18 05:47:04 transreid.train INFO: Epoch[90] Iter[20/227] Loss: 0.080, Acc: 0.998, Base Lr: 1.19e-04
2026-07-18 05:47:06 transreid.train INFO: Epoch[90] Iter[40/227] Loss: 0.081, Acc: 0.996, Base Lr: 1.19e-04
2026-07-18 05:47:08 transreid.train INFO: Epoch[90] Iter[60/227] Loss: 0.089, Acc: 0.997, Base Lr: 1.19e-04
2026-07-18 05:47:10 transreid.train INFO: Epoch[90] Iter[80/227] Loss: 0.085, Acc: 0.997, Base Lr: 1.19e-04
2026-07-18 05:47:13 transreid.train INFO: Epoch[90] Iter[100/227] Loss: 0.085, Acc: 0.997, Base Lr: 1.19e-04
2026-07-18 05:47:15 transreid.train INFO: Epoch[90] Iter[120/227] Loss: 0.084, Acc: 0.997, Base Lr: 1.19e-04
2026-07-18 05:47:17 transreid.train INFO: Epoch[90] Iter[140/227] Loss: 0.081, Acc: 0.997, Base Lr: 1.19e-04
2026-07-18 05:47:19 transreid.train INFO: Epoch[90] Iter[160/227] Loss: 0.081, Acc: 0.997, Base Lr: 1.19e-04
2026-07-18 05:47:21 transreid.train INFO: Epoch[90] Iter[180/227] Loss: 0.079, Acc: 0.997, Base Lr: 1.19e-04
2026-07-18 05:47:24 transreid.train INFO: Epoch[90] Iter[200/227] Loss: 0.076, Acc: 0.997, Base Lr: 1.19e-04
2026-07-18 05:47:25 transreid.train INFO: Epoch 90 done. Time per epoch: 23.730[s] Speed: 571.8[samples/s]
The test feature is normalized
=> Computing DistMat with euclidean_distance
2026-07-18 05:47:48 transreid.train INFO: Validation Results - Epoch: 90
2026-07-18 05:47:48 transreid.train INFO: mAP: 57.0%
2026-07-18 05:47:48 transreid.train INFO: CMC curve, Rank-1  :67.3%
2026-07-18 05:47:48 transreid.train INFO: CMC curve, Rank-5  :80.5%
2026-07-18 05:47:48 transreid.train INFO: CMC curve, Rank-10 :85.2%
2026-07-18 05:47:50 transreid.train INFO: Epoch[91] Iter[20/227] Loss: 0.097, Acc: 0.996, Base Lr: 1.11e-04
2026-07-18 05:47:52 transreid.train INFO: Epoch[91] Iter[40/227] Loss: 0.093, Acc: 0.996, Base Lr: 1.11e-04
2026-07-18 05:47:55 transreid.train INFO: Epoch[91] Iter[60/227] Loss: 0.096, Acc: 0.996, Base Lr: 1.11e-04
2026-07-18 05:47:57 transreid.train INFO: Epoch[91] Iter[80/227] Loss: 0.096, Acc: 0.996, Base Lr: 1.11e-04
2026-07-18 05:47:59 transreid.train INFO: Epoch[91] Iter[100/227] Loss: 0.093, Acc: 0.996, Base Lr: 1.11e-04
2026-07-18 05:48:01 transreid.train INFO: Epoch[91] Iter[120/227] Loss: 0.090, Acc: 0.997, Base Lr: 1.11e-04
2026-07-18 05:48:03 transreid.train INFO: Epoch[91] Iter[140/227] Loss: 0.095, Acc: 0.997, Base Lr: 1.11e-04
2026-07-18 05:48:06 transreid.train INFO: Epoch[91] Iter[160/227] Loss: 0.094, Acc: 0.996, Base Lr: 1.11e-04
2026-07-18 05:48:08 transreid.train INFO: Epoch[91] Iter[180/227] Loss: 0.089, Acc: 0.997, Base Lr: 1.11e-04
2026-07-18 05:48:10 transreid.train INFO: Epoch[91] Iter[200/227] Loss: 0.085, Acc: 0.997, Base Lr: 1.11e-04
2026-07-18 05:48:11 transreid.train INFO: Epoch 91 done. Time per epoch: 23.853[s] Speed: 571.5[samples/s]
2026-07-18 05:48:14 transreid.train INFO: Epoch[92] Iter[20/227] Loss: 0.074, Acc: 0.999, Base Lr: 1.04e-04
2026-07-18 05:48:16 transreid.train INFO: Epoch[92] Iter[40/227] Loss: 0.077, Acc: 0.998, Base Lr: 1.04e-04
2026-07-18 05:48:18 transreid.train INFO: Epoch[92] Iter[60/227] Loss: 0.075, Acc: 0.998, Base Lr: 1.04e-04
2026-07-18 05:48:21 transreid.train INFO: Epoch[92] Iter[80/227] Loss: 0.078, Acc: 0.998, Base Lr: 1.04e-04
2026-07-18 05:48:23 transreid.train INFO: Epoch[92] Iter[100/227] Loss: 0.076, Acc: 0.999, Base Lr: 1.04e-04
2026-07-18 05:48:25 transreid.train INFO: Epoch[92] Iter[120/227] Loss: 0.073, Acc: 0.999, Base Lr: 1.04e-04
2026-07-18 05:48:27 transreid.train INFO: Epoch[92] Iter[140/227] Loss: 0.073, Acc: 0.998, Base Lr: 1.04e-04
2026-07-18 05:48:29 transreid.train INFO: Epoch[92] Iter[160/227] Loss: 0.073, Acc: 0.998, Base Lr: 1.04e-04
2026-07-18 05:48:32 transreid.train INFO: Epoch[92] Iter[180/227] Loss: 0.074, Acc: 0.998, Base Lr: 1.04e-04
2026-07-18 05:48:34 transreid.train INFO: Epoch[92] Iter[200/227] Loss: 0.073, Acc: 0.998, Base Lr: 1.04e-04
2026-07-18 05:48:35 transreid.train INFO: Epoch 92 done. Time per epoch: 23.738[s] Speed: 571.6[samples/s]
2026-07-18 05:48:38 transreid.train INFO: Epoch[93] Iter[20/227] Loss: 0.102, Acc: 0.995, Base Lr: 9.72e-05
2026-07-18 05:48:40 transreid.train INFO: Epoch[93] Iter[40/227] Loss: 0.094, Acc: 0.995, Base Lr: 9.72e-05
2026-07-18 05:48:42 transreid.train INFO: Epoch[93] Iter[60/227] Loss: 0.085, Acc: 0.996, Base Lr: 9.72e-05
2026-07-18 05:48:44 transreid.train INFO: Epoch[93] Iter[80/227] Loss: 0.081, Acc: 0.996, Base Lr: 9.72e-05
2026-07-18 05:48:47 transreid.train INFO: Epoch[93] Iter[100/227] Loss: 0.080, Acc: 0.996, Base Lr: 9.72e-05
2026-07-18 05:48:49 transreid.train INFO: Epoch[93] Iter[120/227] Loss: 0.080, Acc: 0.996, Base Lr: 9.72e-05
2026-07-18 05:48:51 transreid.train INFO: Epoch[93] Iter[140/227] Loss: 0.080, Acc: 0.997, Base Lr: 9.72e-05
2026-07-18 05:48:53 transreid.train INFO: Epoch[93] Iter[160/227] Loss: 0.077, Acc: 0.997, Base Lr: 9.72e-05
2026-07-18 05:48:55 transreid.train INFO: Epoch[93] Iter[180/227] Loss: 0.075, Acc: 0.997, Base Lr: 9.72e-05
2026-07-18 05:48:58 transreid.train INFO: Epoch[93] Iter[200/227] Loss: 0.074, Acc: 0.997, Base Lr: 9.72e-05
2026-07-18 05:48:59 transreid.train INFO: Epoch 93 done. Time per epoch: 23.518[s] Speed: 571.5[samples/s]
2026-07-18 05:49:01 transreid.train INFO: Epoch[94] Iter[20/227] Loss: 0.075, Acc: 0.998, Base Lr: 9.06e-05
2026-07-18 05:49:04 transreid.train INFO: Epoch[94] Iter[40/227] Loss: 0.084, Acc: 0.998, Base Lr: 9.06e-05
2026-07-18 05:49:06 transreid.train INFO: Epoch[94] Iter[60/227] Loss: 0.078, Acc: 0.998, Base Lr: 9.06e-05
2026-07-18 05:49:08 transreid.train INFO: Epoch[94] Iter[80/227] Loss: 0.078, Acc: 0.998, Base Lr: 9.06e-05
2026-07-18 05:49:10 transreid.train INFO: Epoch[94] Iter[100/227] Loss: 0.079, Acc: 0.998, Base Lr: 9.06e-05
2026-07-18 05:49:12 transreid.train INFO: Epoch[94] Iter[120/227] Loss: 0.076, Acc: 0.998, Base Lr: 9.06e-05
2026-07-18 05:49:15 transreid.train INFO: Epoch[94] Iter[140/227] Loss: 0.076, Acc: 0.997, Base Lr: 9.06e-05
2026-07-18 05:49:17 transreid.train INFO: Epoch[94] Iter[160/227] Loss: 0.074, Acc: 0.997, Base Lr: 9.06e-05
2026-07-18 05:49:19 transreid.train INFO: Epoch[94] Iter[180/227] Loss: 0.074, Acc: 0.997, Base Lr: 9.06e-05
2026-07-18 05:49:21 transreid.train INFO: Epoch[94] Iter[200/227] Loss: 0.072, Acc: 0.998, Base Lr: 9.06e-05
2026-07-18 05:49:22 transreid.train INFO: Epoch 94 done. Time per epoch: 23.753[s] Speed: 571.2[samples/s]
2026-07-18 05:49:25 transreid.train INFO: Epoch[95] Iter[20/227] Loss: 0.094, Acc: 0.995, Base Lr: 8.41e-05
2026-07-18 05:49:27 transreid.train INFO: Epoch[95] Iter[40/227] Loss: 0.090, Acc: 0.996, Base Lr: 8.41e-05
2026-07-18 05:49:29 transreid.train INFO: Epoch[95] Iter[60/227] Loss: 0.083, Acc: 0.997, Base Lr: 8.41e-05
2026-07-18 05:49:32 transreid.train INFO: Epoch[95] Iter[80/227] Loss: 0.080, Acc: 0.997, Base Lr: 8.41e-05
2026-07-18 05:49:34 transreid.train INFO: Epoch[95] Iter[100/227] Loss: 0.081, Acc: 0.997, Base Lr: 8.41e-05
2026-07-18 05:49:36 transreid.train INFO: Epoch[95] Iter[120/227] Loss: 0.082, Acc: 0.997, Base Lr: 8.41e-05
2026-07-18 05:49:38 transreid.train INFO: Epoch[95] Iter[140/227] Loss: 0.081, Acc: 0.997, Base Lr: 8.41e-05
2026-07-18 05:49:40 transreid.train INFO: Epoch[95] Iter[160/227] Loss: 0.081, Acc: 0.997, Base Lr: 8.41e-05
2026-07-18 05:49:43 transreid.train INFO: Epoch[95] Iter[180/227] Loss: 0.078, Acc: 0.997, Base Lr: 8.41e-05
2026-07-18 05:49:45 transreid.train INFO: Epoch[95] Iter[200/227] Loss: 0.075, Acc: 0.997, Base Lr: 8.41e-05
2026-07-18 05:49:46 transreid.train INFO: Epoch 95 done. Time per epoch: 23.759[s] Speed: 571.1[samples/s]
2026-07-18 05:49:49 transreid.train INFO: Epoch[96] Iter[20/227] Loss: 0.088, Acc: 0.998, Base Lr: 7.78e-05
2026-07-18 05:49:51 transreid.train INFO: Epoch[96] Iter[40/227] Loss: 0.084, Acc: 0.998, Base Lr: 7.78e-05
2026-07-18 05:49:53 transreid.train INFO: Epoch[96] Iter[60/227] Loss: 0.088, Acc: 0.997, Base Lr: 7.78e-05
2026-07-18 05:49:55 transreid.train INFO: Epoch[96] Iter[80/227] Loss: 0.087, Acc: 0.997, Base Lr: 7.78e-05
2026-07-18 05:49:58 transreid.train INFO: Epoch[96] Iter[100/227] Loss: 0.083, Acc: 0.998, Base Lr: 7.78e-05
2026-07-18 05:50:00 transreid.train INFO: Epoch[96] Iter[120/227] Loss: 0.085, Acc: 0.998, Base Lr: 7.78e-05
2026-07-18 05:50:02 transreid.train INFO: Epoch[96] Iter[140/227] Loss: 0.083, Acc: 0.997, Base Lr: 7.78e-05
2026-07-18 05:50:04 transreid.train INFO: Epoch[96] Iter[160/227] Loss: 0.083, Acc: 0.997, Base Lr: 7.78e-05
2026-07-18 05:50:06 transreid.train INFO: Epoch[96] Iter[180/227] Loss: 0.079, Acc: 0.997, Base Lr: 7.78e-05
2026-07-18 05:50:09 transreid.train INFO: Epoch[96] Iter[200/227] Loss: 0.077, Acc: 0.997, Base Lr: 7.78e-05
2026-07-18 05:50:10 transreid.train INFO: Epoch 96 done. Time per epoch: 23.734[s] Speed: 571.7[samples/s]
2026-07-18 05:50:13 transreid.train INFO: Epoch[97] Iter[20/227] Loss: 0.079, Acc: 0.998, Base Lr: 7.18e-05
2026-07-18 05:50:15 transreid.train INFO: Epoch[97] Iter[40/227] Loss: 0.082, Acc: 0.998, Base Lr: 7.18e-05
2026-07-18 05:50:17 transreid.train INFO: Epoch[97] Iter[60/227] Loss: 0.087, Acc: 0.998, Base Lr: 7.18e-05
2026-07-18 05:50:19 transreid.train INFO: Epoch[97] Iter[80/227] Loss: 0.081, Acc: 0.998, Base Lr: 7.18e-05
2026-07-18 05:50:21 transreid.train INFO: Epoch[97] Iter[100/227] Loss: 0.082, Acc: 0.998, Base Lr: 7.18e-05
2026-07-18 05:50:24 transreid.train INFO: Epoch[97] Iter[120/227] Loss: 0.079, Acc: 0.998, Base Lr: 7.18e-05
2026-07-18 05:50:26 transreid.train INFO: Epoch[97] Iter[140/227] Loss: 0.076, Acc: 0.998, Base Lr: 7.18e-05
2026-07-18 05:50:28 transreid.train INFO: Epoch[97] Iter[160/227] Loss: 0.074, Acc: 0.998, Base Lr: 7.18e-05
2026-07-18 05:50:30 transreid.train INFO: Epoch[97] Iter[180/227] Loss: 0.073, Acc: 0.998, Base Lr: 7.18e-05
2026-07-18 05:50:32 transreid.train INFO: Epoch[97] Iter[200/227] Loss: 0.072, Acc: 0.998, Base Lr: 7.18e-05
2026-07-18 05:50:34 transreid.train INFO: Epoch 97 done. Time per epoch: 23.674[s] Speed: 570.4[samples/s]
2026-07-18 05:50:36 transreid.train INFO: Epoch[98] Iter[20/227] Loss: 0.079, Acc: 0.998, Base Lr: 6.60e-05
2026-07-18 05:50:38 transreid.train INFO: Epoch[98] Iter[40/227] Loss: 0.081, Acc: 0.998, Base Lr: 6.60e-05
2026-07-18 05:50:41 transreid.train INFO: Epoch[98] Iter[60/227] Loss: 0.082, Acc: 0.998, Base Lr: 6.60e-05
2026-07-18 05:50:43 transreid.train INFO: Epoch[98] Iter[80/227] Loss: 0.082, Acc: 0.998, Base Lr: 6.60e-05
2026-07-18 05:50:45 transreid.train INFO: Epoch[98] Iter[100/227] Loss: 0.079, Acc: 0.998, Base Lr: 6.60e-05
2026-07-18 05:50:47 transreid.train INFO: Epoch[98] Iter[120/227] Loss: 0.077, Acc: 0.998, Base Lr: 6.60e-05
2026-07-18 05:50:49 transreid.train INFO: Epoch[98] Iter[140/227] Loss: 0.076, Acc: 0.998, Base Lr: 6.60e-05
2026-07-18 05:50:52 transreid.train INFO: Epoch[98] Iter[160/227] Loss: 0.075, Acc: 0.997, Base Lr: 6.60e-05
2026-07-18 05:50:54 transreid.train INFO: Epoch[98] Iter[180/227] Loss: 0.074, Acc: 0.997, Base Lr: 6.60e-05
2026-07-18 05:50:56 transreid.train INFO: Epoch[98] Iter[200/227] Loss: 0.072, Acc: 0.997, Base Lr: 6.60e-05
2026-07-18 05:50:58 transreid.train INFO: Epoch 98 done. Time per epoch: 23.856[s] Speed: 571.4[samples/s]
2026-07-18 05:51:00 transreid.train INFO: Epoch[99] Iter[20/227] Loss: 0.086, Acc: 0.997, Base Lr: 6.04e-05
2026-07-18 05:51:02 transreid.train INFO: Epoch[99] Iter[40/227] Loss: 0.083, Acc: 0.996, Base Lr: 6.04e-05
2026-07-18 05:51:04 transreid.train INFO: Epoch[99] Iter[60/227] Loss: 0.080, Acc: 0.996, Base Lr: 6.04e-05
2026-07-18 05:51:07 transreid.train INFO: Epoch[99] Iter[80/227] Loss: 0.077, Acc: 0.997, Base Lr: 6.04e-05
2026-07-18 05:51:09 transreid.train INFO: Epoch[99] Iter[100/227] Loss: 0.078, Acc: 0.997, Base Lr: 6.04e-05
2026-07-18 05:51:11 transreid.train INFO: Epoch[99] Iter[120/227] Loss: 0.077, Acc: 0.997, Base Lr: 6.04e-05
2026-07-18 05:51:13 transreid.train INFO: Epoch[99] Iter[140/227] Loss: 0.081, Acc: 0.997, Base Lr: 6.04e-05
2026-07-18 05:51:16 transreid.train INFO: Epoch[99] Iter[160/227] Loss: 0.078, Acc: 0.997, Base Lr: 6.04e-05
2026-07-18 05:51:18 transreid.train INFO: Epoch[99] Iter[180/227] Loss: 0.075, Acc: 0.997, Base Lr: 6.04e-05
2026-07-18 05:51:20 transreid.train INFO: Epoch[99] Iter[200/227] Loss: 0.073, Acc: 0.997, Base Lr: 6.04e-05
2026-07-18 05:51:21 transreid.train INFO: Epoch 99 done. Time per epoch: 23.694[s] Speed: 569.9[samples/s]
2026-07-18 05:51:24 transreid.train INFO: Epoch[100] Iter[20/227] Loss: 0.081, Acc: 0.998, Base Lr: 5.51e-05
2026-07-18 05:51:26 transreid.train INFO: Epoch[100] Iter[40/227] Loss: 0.093, Acc: 0.997, Base Lr: 5.51e-05
2026-07-18 05:51:28 transreid.train INFO: Epoch[100] Iter[60/227] Loss: 0.087, Acc: 0.997, Base Lr: 5.51e-05
2026-07-18 05:51:30 transreid.train INFO: Epoch[100] Iter[80/227] Loss: 0.084, Acc: 0.997, Base Lr: 5.51e-05
2026-07-18 05:51:33 transreid.train INFO: Epoch[100] Iter[100/227] Loss: 0.082, Acc: 0.998, Base Lr: 5.51e-05
2026-07-18 05:51:35 transreid.train INFO: Epoch[100] Iter[120/227] Loss: 0.078, Acc: 0.998, Base Lr: 5.51e-05
2026-07-18 05:51:37 transreid.train INFO: Epoch[100] Iter[140/227] Loss: 0.076, Acc: 0.998, Base Lr: 5.51e-05
2026-07-18 05:51:39 transreid.train INFO: Epoch[100] Iter[160/227] Loss: 0.075, Acc: 0.998, Base Lr: 5.51e-05
2026-07-18 05:51:41 transreid.train INFO: Epoch[100] Iter[180/227] Loss: 0.073, Acc: 0.998, Base Lr: 5.51e-05
2026-07-18 05:51:44 transreid.train INFO: Epoch[100] Iter[200/227] Loss: 0.070, Acc: 0.998, Base Lr: 5.51e-05
2026-07-18 05:51:45 transreid.train INFO: Epoch 100 done. Time per epoch: 23.507[s] Speed: 571.7[samples/s]
The test feature is normalized
=> Computing DistMat with euclidean_distance
2026-07-18 05:52:07 transreid.train INFO: Validation Results - Epoch: 100
2026-07-18 05:52:07 transreid.train INFO: mAP: 57.2%
2026-07-18 05:52:07 transreid.train INFO: CMC curve, Rank-1  :67.5%
2026-07-18 05:52:07 transreid.train INFO: CMC curve, Rank-5  :80.8%
2026-07-18 05:52:07 transreid.train INFO: CMC curve, Rank-10 :85.6%
2026-07-18 05:52:10 transreid.train INFO: Epoch[101] Iter[20/227] Loss: 0.080, Acc: 1.000, Base Lr: 5.00e-05
2026-07-18 05:52:12 transreid.train INFO: Epoch[101] Iter[40/227] Loss: 0.089, Acc: 0.998, Base Lr: 5.00e-05
2026-07-18 05:52:14 transreid.train INFO: Epoch[101] Iter[60/227] Loss: 0.083, Acc: 0.998, Base Lr: 5.00e-05
2026-07-18 05:52:17 transreid.train INFO: Epoch[101] Iter[80/227] Loss: 0.080, Acc: 0.998, Base Lr: 5.00e-05
2026-07-18 05:52:19 transreid.train INFO: Epoch[101] Iter[100/227] Loss: 0.078, Acc: 0.998, Base Lr: 5.00e-05
2026-07-18 05:52:21 transreid.train INFO: Epoch[101] Iter[120/227] Loss: 0.076, Acc: 0.998, Base Lr: 5.00e-05
2026-07-18 05:52:23 transreid.train INFO: Epoch[101] Iter[140/227] Loss: 0.074, Acc: 0.998, Base Lr: 5.00e-05
2026-07-18 05:52:25 transreid.train INFO: Epoch[101] Iter[160/227] Loss: 0.072, Acc: 0.998, Base Lr: 5.00e-05
2026-07-18 05:52:28 transreid.train INFO: Epoch[101] Iter[180/227] Loss: 0.070, Acc: 0.998, Base Lr: 5.00e-05
2026-07-18 05:52:30 transreid.train INFO: Epoch[101] Iter[200/227] Loss: 0.068, Acc: 0.998, Base Lr: 5.00e-05
2026-07-18 05:52:31 transreid.train INFO: Epoch 101 done. Time per epoch: 23.619[s] Speed: 571.7[samples/s]
2026-07-18 05:52:34 transreid.train INFO: Epoch[102] Iter[20/227] Loss: 0.074, Acc: 0.999, Base Lr: 4.51e-05
2026-07-18 05:52:36 transreid.train INFO: Epoch[102] Iter[40/227] Loss: 0.081, Acc: 0.998, Base Lr: 4.51e-05
2026-07-18 05:52:38 transreid.train INFO: Epoch[102] Iter[60/227] Loss: 0.079, Acc: 0.998, Base Lr: 4.51e-05
2026-07-18 05:52:40 transreid.train INFO: Epoch[102] Iter[80/227] Loss: 0.078, Acc: 0.998, Base Lr: 4.51e-05
2026-07-18 05:52:42 transreid.train INFO: Epoch[102] Iter[100/227] Loss: 0.079, Acc: 0.998, Base Lr: 4.51e-05
2026-07-18 05:52:45 transreid.train INFO: Epoch[102] Iter[120/227] Loss: 0.077, Acc: 0.998, Base Lr: 4.51e-05
2026-07-18 05:52:47 transreid.train INFO: Epoch[102] Iter[140/227] Loss: 0.075, Acc: 0.998, Base Lr: 4.51e-05
2026-07-18 05:52:49 transreid.train INFO: Epoch[102] Iter[160/227] Loss: 0.074, Acc: 0.998, Base Lr: 4.51e-05
2026-07-18 05:52:51 transreid.train INFO: Epoch[102] Iter[180/227] Loss: 0.071, Acc: 0.998, Base Lr: 4.51e-05
2026-07-18 05:52:53 transreid.train INFO: Epoch[102] Iter[200/227] Loss: 0.068, Acc: 0.998, Base Lr: 4.51e-05
2026-07-18 05:52:55 transreid.train INFO: Epoch 102 done. Time per epoch: 23.519[s] Speed: 571.5[samples/s]
2026-07-18 05:52:57 transreid.train INFO: Epoch[103] Iter[20/227] Loss: 0.095, Acc: 0.998, Base Lr: 4.05e-05
2026-07-18 05:52:59 transreid.train INFO: Epoch[103] Iter[40/227] Loss: 0.089, Acc: 0.997, Base Lr: 4.05e-05
2026-07-18 05:53:02 transreid.train INFO: Epoch[103] Iter[60/227] Loss: 0.086, Acc: 0.997, Base Lr: 4.05e-05
2026-07-18 05:53:04 transreid.train INFO: Epoch[103] Iter[80/227] Loss: 0.086, Acc: 0.997, Base Lr: 4.05e-05
2026-07-18 05:53:06 transreid.train INFO: Epoch[103] Iter[100/227] Loss: 0.083, Acc: 0.997, Base Lr: 4.05e-05
2026-07-18 05:53:08 transreid.train INFO: Epoch[103] Iter[120/227] Loss: 0.084, Acc: 0.997, Base Lr: 4.05e-05
2026-07-18 05:53:10 transreid.train INFO: Epoch[103] Iter[140/227] Loss: 0.084, Acc: 0.996, Base Lr: 4.05e-05
2026-07-18 05:53:13 transreid.train INFO: Epoch[103] Iter[160/227] Loss: 0.081, Acc: 0.996, Base Lr: 4.05e-05
2026-07-18 05:53:15 transreid.train INFO: Epoch[103] Iter[180/227] Loss: 0.079, Acc: 0.997, Base Lr: 4.05e-05
2026-07-18 05:53:17 transreid.train INFO: Epoch[103] Iter[200/227] Loss: 0.079, Acc: 0.997, Base Lr: 4.05e-05
2026-07-18 05:53:18 transreid.train INFO: Epoch 103 done. Time per epoch: 23.849[s] Speed: 571.6[samples/s]
2026-07-18 05:53:21 transreid.train INFO: Epoch[104] Iter[20/227] Loss: 0.089, Acc: 0.995, Base Lr: 3.61e-05
2026-07-18 05:53:23 transreid.train INFO: Epoch[104] Iter[40/227] Loss: 0.087, Acc: 0.995, Base Lr: 3.61e-05
2026-07-18 05:53:25 transreid.train INFO: Epoch[104] Iter[60/227] Loss: 0.088, Acc: 0.995, Base Lr: 3.61e-05
2026-07-18 05:53:28 transreid.train INFO: Epoch[104] Iter[80/227] Loss: 0.085, Acc: 0.996, Base Lr: 3.61e-05
2026-07-18 05:53:30 transreid.train INFO: Epoch[104] Iter[100/227] Loss: 0.083, Acc: 0.996, Base Lr: 3.61e-05
2026-07-18 05:53:32 transreid.train INFO: Epoch[104] Iter[120/227] Loss: 0.079, Acc: 0.997, Base Lr: 3.61e-05
2026-07-18 05:53:34 transreid.train INFO: Epoch[104] Iter[140/227] Loss: 0.077, Acc: 0.997, Base Lr: 3.61e-05
2026-07-18 05:53:36 transreid.train INFO: Epoch[104] Iter[160/227] Loss: 0.076, Acc: 0.997, Base Lr: 3.61e-05
2026-07-18 05:53:39 transreid.train INFO: Epoch[104] Iter[180/227] Loss: 0.073, Acc: 0.997, Base Lr: 3.61e-05
2026-07-18 05:53:41 transreid.train INFO: Epoch[104] Iter[200/227] Loss: 0.071, Acc: 0.998, Base Lr: 3.61e-05
2026-07-18 05:53:42 transreid.train INFO: Epoch 104 done. Time per epoch: 23.635[s] Speed: 571.3[samples/s]
2026-07-18 05:53:45 transreid.train INFO: Epoch[105] Iter[20/227] Loss: 0.071, Acc: 0.998, Base Lr: 3.20e-05
2026-07-18 05:53:47 transreid.train INFO: Epoch[105] Iter[40/227] Loss: 0.092, Acc: 0.997, Base Lr: 3.20e-05
2026-07-18 05:53:49 transreid.train INFO: Epoch[105] Iter[60/227] Loss: 0.086, Acc: 0.997, Base Lr: 3.20e-05
2026-07-18 05:53:51 transreid.train INFO: Epoch[105] Iter[80/227] Loss: 0.083, Acc: 0.997, Base Lr: 3.20e-05
2026-07-18 05:53:53 transreid.train INFO: Epoch[105] Iter[100/227] Loss: 0.084, Acc: 0.997, Base Lr: 3.20e-05
2026-07-18 05:53:56 transreid.train INFO: Epoch[105] Iter[120/227] Loss: 0.085, Acc: 0.997, Base Lr: 3.20e-05
2026-07-18 05:53:58 transreid.train INFO: Epoch[105] Iter[140/227] Loss: 0.082, Acc: 0.998, Base Lr: 3.20e-05
2026-07-18 05:54:00 transreid.train INFO: Epoch[105] Iter[160/227] Loss: 0.078, Acc: 0.998, Base Lr: 3.20e-05
2026-07-18 05:54:02 transreid.train INFO: Epoch[105] Iter[180/227] Loss: 0.076, Acc: 0.998, Base Lr: 3.20e-05
2026-07-18 05:54:04 transreid.train INFO: Epoch[105] Iter[200/227] Loss: 0.074, Acc: 0.997, Base Lr: 3.20e-05
2026-07-18 05:54:06 transreid.train INFO: Epoch 105 done. Time per epoch: 23.514[s] Speed: 571.6[samples/s]
2026-07-18 05:54:08 transreid.train INFO: Epoch[106] Iter[20/227] Loss: 0.092, Acc: 0.995, Base Lr: 2.81e-05
2026-07-18 05:54:10 transreid.train INFO: Epoch[106] Iter[40/227] Loss: 0.095, Acc: 0.996, Base Lr: 2.81e-05
2026-07-18 05:54:12 transreid.train INFO: Epoch[106] Iter[60/227] Loss: 0.091, Acc: 0.997, Base Lr: 2.81e-05
2026-07-18 05:54:15 transreid.train INFO: Epoch[106] Iter[80/227] Loss: 0.086, Acc: 0.997, Base Lr: 2.81e-05
2026-07-18 05:54:17 transreid.train INFO: Epoch[106] Iter[100/227] Loss: 0.082, Acc: 0.998, Base Lr: 2.81e-05
2026-07-18 05:54:19 transreid.train INFO: Epoch[106] Iter[120/227] Loss: 0.079, Acc: 0.998, Base Lr: 2.81e-05
2026-07-18 05:54:21 transreid.train INFO: Epoch[106] Iter[140/227] Loss: 0.077, Acc: 0.997, Base Lr: 2.81e-05
2026-07-18 05:54:23 transreid.train INFO: Epoch[106] Iter[160/227] Loss: 0.077, Acc: 0.997, Base Lr: 2.81e-05
2026-07-18 05:54:26 transreid.train INFO: Epoch[106] Iter[180/227] Loss: 0.074, Acc: 0.997, Base Lr: 2.81e-05
2026-07-18 05:54:28 transreid.train INFO: Epoch[106] Iter[200/227] Loss: 0.073, Acc: 0.997, Base Lr: 2.81e-05
2026-07-18 05:54:29 transreid.train INFO: Epoch 106 done. Time per epoch: 23.601[s] Speed: 572.2[samples/s]
2026-07-18 05:54:32 transreid.train INFO: Epoch[107] Iter[20/227] Loss: 0.090, Acc: 1.000, Base Lr: 2.45e-05
2026-07-18 05:54:34 transreid.train INFO: Epoch[107] Iter[40/227] Loss: 0.082, Acc: 0.998, Base Lr: 2.45e-05
2026-07-18 05:54:36 transreid.train INFO: Epoch[107] Iter[60/227] Loss: 0.087, Acc: 0.998, Base Lr: 2.45e-05
2026-07-18 05:54:38 transreid.train INFO: Epoch[107] Iter[80/227] Loss: 0.081, Acc: 0.998, Base Lr: 2.45e-05
2026-07-18 05:54:40 transreid.train INFO: Epoch[107] Iter[100/227] Loss: 0.078, Acc: 0.998, Base Lr: 2.45e-05
2026-07-18 05:54:43 transreid.train INFO: Epoch[107] Iter[120/227] Loss: 0.076, Acc: 0.998, Base Lr: 2.45e-05
2026-07-18 05:54:45 transreid.train INFO: Epoch[107] Iter[140/227] Loss: 0.073, Acc: 0.998, Base Lr: 2.45e-05
2026-07-18 05:54:47 transreid.train INFO: Epoch[107] Iter[160/227] Loss: 0.071, Acc: 0.998, Base Lr: 2.45e-05
2026-07-18 05:54:49 transreid.train INFO: Epoch[107] Iter[180/227] Loss: 0.070, Acc: 0.998, Base Lr: 2.45e-05
2026-07-18 05:54:51 transreid.train INFO: Epoch[107] Iter[200/227] Loss: 0.070, Acc: 0.998, Base Lr: 2.45e-05
2026-07-18 05:54:53 transreid.train INFO: Epoch 107 done. Time per epoch: 23.724[s] Speed: 571.9[samples/s]
2026-07-18 05:54:55 transreid.train INFO: Epoch[108] Iter[20/227] Loss: 0.071, Acc: 1.000, Base Lr: 2.11e-05
2026-07-18 05:54:58 transreid.train INFO: Epoch[108] Iter[40/227] Loss: 0.072, Acc: 0.999, Base Lr: 2.11e-05
2026-07-18 05:55:00 transreid.train INFO: Epoch[108] Iter[60/227] Loss: 0.072, Acc: 0.999, Base Lr: 2.11e-05
2026-07-18 05:55:02 transreid.train INFO: Epoch[108] Iter[80/227] Loss: 0.072, Acc: 0.999, Base Lr: 2.11e-05
2026-07-18 05:55:04 transreid.train INFO: Epoch[108] Iter[100/227] Loss: 0.075, Acc: 0.999, Base Lr: 2.11e-05
2026-07-18 05:55:06 transreid.train INFO: Epoch[108] Iter[120/227] Loss: 0.073, Acc: 0.999, Base Lr: 2.11e-05
2026-07-18 05:55:09 transreid.train INFO: Epoch[108] Iter[140/227] Loss: 0.072, Acc: 0.999, Base Lr: 2.11e-05
2026-07-18 05:55:11 transreid.train INFO: Epoch[108] Iter[160/227] Loss: 0.071, Acc: 0.999, Base Lr: 2.11e-05
2026-07-18 05:55:13 transreid.train INFO: Epoch[108] Iter[180/227] Loss: 0.069, Acc: 0.999, Base Lr: 2.11e-05
2026-07-18 05:55:15 transreid.train INFO: Epoch[108] Iter[200/227] Loss: 0.067, Acc: 0.999, Base Lr: 2.11e-05
2026-07-18 05:55:16 transreid.train INFO: Epoch 108 done. Time per epoch: 23.635[s] Speed: 571.3[samples/s]
2026-07-18 05:55:19 transreid.train INFO: Epoch[109] Iter[20/227] Loss: 0.081, Acc: 0.998, Base Lr: 1.80e-05
2026-07-18 05:55:21 transreid.train INFO: Epoch[109] Iter[40/227] Loss: 0.084, Acc: 0.997, Base Lr: 1.80e-05
2026-07-18 05:55:23 transreid.train INFO: Epoch[109] Iter[60/227] Loss: 0.079, Acc: 0.997, Base Lr: 1.80e-05
2026-07-18 05:55:26 transreid.train INFO: Epoch[109] Iter[80/227] Loss: 0.081, Acc: 0.997, Base Lr: 1.80e-05
2026-07-18 05:55:28 transreid.train INFO: Epoch[109] Iter[100/227] Loss: 0.080, Acc: 0.997, Base Lr: 1.80e-05
2026-07-18 05:55:30 transreid.train INFO: Epoch[109] Iter[120/227] Loss: 0.080, Acc: 0.998, Base Lr: 1.80e-05
2026-07-18 05:55:32 transreid.train INFO: Epoch[109] Iter[140/227] Loss: 0.078, Acc: 0.998, Base Lr: 1.80e-05
2026-07-18 05:55:34 transreid.train INFO: Epoch[109] Iter[160/227] Loss: 0.076, Acc: 0.998, Base Lr: 1.80e-05
2026-07-18 05:55:37 transreid.train INFO: Epoch[109] Iter[180/227] Loss: 0.074, Acc: 0.998, Base Lr: 1.80e-05
2026-07-18 05:55:39 transreid.train INFO: Epoch[109] Iter[200/227] Loss: 0.070, Acc: 0.998, Base Lr: 1.80e-05
2026-07-18 05:55:40 transreid.train INFO: Epoch 109 done. Time per epoch: 23.761[s] Speed: 571.0[samples/s]
2026-07-18 05:55:43 transreid.train INFO: Epoch[110] Iter[20/227] Loss: 0.082, Acc: 0.998, Base Lr: 1.52e-05
2026-07-18 05:55:45 transreid.train INFO: Epoch[110] Iter[40/227] Loss: 0.084, Acc: 0.998, Base Lr: 1.52e-05
2026-07-18 05:55:47 transreid.train INFO: Epoch[110] Iter[60/227] Loss: 0.079, Acc: 0.998, Base Lr: 1.52e-05
2026-07-18 05:55:49 transreid.train INFO: Epoch[110] Iter[80/227] Loss: 0.081, Acc: 0.998, Base Lr: 1.52e-05
2026-07-18 05:55:52 transreid.train INFO: Epoch[110] Iter[100/227] Loss: 0.077, Acc: 0.998, Base Lr: 1.52e-05
2026-07-18 05:55:54 transreid.train INFO: Epoch[110] Iter[120/227] Loss: 0.076, Acc: 0.997, Base Lr: 1.52e-05
2026-07-18 05:55:56 transreid.train INFO: Epoch[110] Iter[140/227] Loss: 0.073, Acc: 0.997, Base Lr: 1.52e-05
2026-07-18 05:55:58 transreid.train INFO: Epoch[110] Iter[160/227] Loss: 0.075, Acc: 0.997, Base Lr: 1.52e-05
2026-07-18 05:56:00 transreid.train INFO: Epoch[110] Iter[180/227] Loss: 0.071, Acc: 0.997, Base Lr: 1.52e-05
2026-07-18 05:56:03 transreid.train INFO: Epoch[110] Iter[200/227] Loss: 0.069, Acc: 0.997, Base Lr: 1.52e-05
2026-07-18 05:56:04 transreid.train INFO: Epoch 110 done. Time per epoch: 23.760[s] Speed: 571.0[samples/s]
The test feature is normalized
=> Computing DistMat with euclidean_distance
2026-07-18 05:56:27 transreid.train INFO: Validation Results - Epoch: 110
2026-07-18 05:56:27 transreid.train INFO: mAP: 57.4%
2026-07-18 05:56:27 transreid.train INFO: CMC curve, Rank-1  :67.8%
2026-07-18 05:56:27 transreid.train INFO: CMC curve, Rank-5  :80.8%
2026-07-18 05:56:27 transreid.train INFO: CMC curve, Rank-10 :85.5%
2026-07-18 05:56:29 transreid.train INFO: Epoch[111] Iter[20/227] Loss: 0.077, Acc: 0.998, Base Lr: 1.26e-05
2026-07-18 05:56:31 transreid.train INFO: Epoch[111] Iter[40/227] Loss: 0.077, Acc: 0.998, Base Lr: 1.26e-05
2026-07-18 05:56:34 transreid.train INFO: Epoch[111] Iter[60/227] Loss: 0.081, Acc: 0.998, Base Lr: 1.26e-05
2026-07-18 05:56:36 transreid.train INFO: Epoch[111] Iter[80/227] Loss: 0.082, Acc: 0.998, Base Lr: 1.26e-05
2026-07-18 05:56:38 transreid.train INFO: Epoch[111] Iter[100/227] Loss: 0.081, Acc: 0.998, Base Lr: 1.26e-05
2026-07-18 05:56:40 transreid.train INFO: Epoch[111] Iter[120/227] Loss: 0.078, Acc: 0.998, Base Lr: 1.26e-05
2026-07-18 05:56:42 transreid.train INFO: Epoch[111] Iter[140/227] Loss: 0.086, Acc: 0.997, Base Lr: 1.26e-05
2026-07-18 05:56:45 transreid.train INFO: Epoch[111] Iter[160/227] Loss: 0.081, Acc: 0.998, Base Lr: 1.26e-05
2026-07-18 05:56:47 transreid.train INFO: Epoch[111] Iter[180/227] Loss: 0.078, Acc: 0.998, Base Lr: 1.26e-05
2026-07-18 05:56:49 transreid.train INFO: Epoch[111] Iter[200/227] Loss: 0.075, Acc: 0.998, Base Lr: 1.26e-05
2026-07-18 05:56:50 transreid.train INFO: Epoch 111 done. Time per epoch: 23.728[s] Speed: 571.8[samples/s]
2026-07-18 05:56:53 transreid.train INFO: Epoch[112] Iter[20/227] Loss: 0.096, Acc: 0.994, Base Lr: 1.03e-05
2026-07-18 05:56:55 transreid.train INFO: Epoch[112] Iter[40/227] Loss: 0.082, Acc: 0.995, Base Lr: 1.03e-05
2026-07-18 05:56:57 transreid.train INFO: Epoch[112] Iter[60/227] Loss: 0.081, Acc: 0.996, Base Lr: 1.03e-05
2026-07-18 05:57:00 transreid.train INFO: Epoch[112] Iter[80/227] Loss: 0.078, Acc: 0.996, Base Lr: 1.03e-05
2026-07-18 05:57:02 transreid.train INFO: Epoch[112] Iter[100/227] Loss: 0.076, Acc: 0.997, Base Lr: 1.03e-05
2026-07-18 05:57:04 transreid.train INFO: Epoch[112] Iter[120/227] Loss: 0.075, Acc: 0.997, Base Lr: 1.03e-05
2026-07-18 05:57:06 transreid.train INFO: Epoch[112] Iter[140/227] Loss: 0.075, Acc: 0.997, Base Lr: 1.03e-05
2026-07-18 05:57:08 transreid.train INFO: Epoch[112] Iter[160/227] Loss: 0.073, Acc: 0.997, Base Lr: 1.03e-05
2026-07-18 05:57:11 transreid.train INFO: Epoch[112] Iter[180/227] Loss: 0.070, Acc: 0.998, Base Lr: 1.03e-05
2026-07-18 05:57:13 transreid.train INFO: Epoch[112] Iter[200/227] Loss: 0.068, Acc: 0.998, Base Lr: 1.03e-05
2026-07-18 05:57:14 transreid.train INFO: Epoch 112 done. Time per epoch: 23.733[s] Speed: 571.7[samples/s]
2026-07-18 05:57:17 transreid.train INFO: Epoch[113] Iter[20/227] Loss: 0.084, Acc: 0.995, Base Lr: 8.28e-06
2026-07-18 05:57:19 transreid.train INFO: Epoch[113] Iter[40/227] Loss: 0.093, Acc: 0.996, Base Lr: 8.28e-06
2026-07-18 05:57:21 transreid.train INFO: Epoch[113] Iter[60/227] Loss: 0.083, Acc: 0.997, Base Lr: 8.28e-06
2026-07-18 05:57:23 transreid.train INFO: Epoch[113] Iter[80/227] Loss: 0.086, Acc: 0.997, Base Lr: 8.28e-06
2026-07-18 05:57:25 transreid.train INFO: Epoch[113] Iter[100/227] Loss: 0.081, Acc: 0.997, Base Lr: 8.28e-06
2026-07-18 05:57:28 transreid.train INFO: Epoch[113] Iter[120/227] Loss: 0.077, Acc: 0.997, Base Lr: 8.28e-06
2026-07-18 05:57:30 transreid.train INFO: Epoch[113] Iter[140/227] Loss: 0.076, Acc: 0.997, Base Lr: 8.28e-06
2026-07-18 05:57:32 transreid.train INFO: Epoch[113] Iter[160/227] Loss: 0.076, Acc: 0.997, Base Lr: 8.28e-06
2026-07-18 05:57:34 transreid.train INFO: Epoch[113] Iter[180/227] Loss: 0.073, Acc: 0.997, Base Lr: 8.28e-06
2026-07-18 05:57:36 transreid.train INFO: Epoch[113] Iter[200/227] Loss: 0.071, Acc: 0.997, Base Lr: 8.28e-06
2026-07-18 05:57:38 transreid.train INFO: Epoch 113 done. Time per epoch: 23.739[s] Speed: 571.5[samples/s]
2026-07-18 05:57:40 transreid.train INFO: Epoch[114] Iter[20/227] Loss: 0.072, Acc: 0.998, Base Lr: 6.51e-06
2026-07-18 05:57:43 transreid.train INFO: Epoch[114] Iter[40/227] Loss: 0.086, Acc: 0.997, Base Lr: 6.51e-06
2026-07-18 05:57:45 transreid.train INFO: Epoch[114] Iter[60/227] Loss: 0.081, Acc: 0.997, Base Lr: 6.51e-06
2026-07-18 05:57:47 transreid.train INFO: Epoch[114] Iter[80/227] Loss: 0.081, Acc: 0.997, Base Lr: 6.51e-06
2026-07-18 05:57:49 transreid.train INFO: Epoch[114] Iter[100/227] Loss: 0.080, Acc: 0.997, Base Lr: 6.51e-06
2026-07-18 05:57:51 transreid.train INFO: Epoch[114] Iter[120/227] Loss: 0.080, Acc: 0.997, Base Lr: 6.51e-06
2026-07-18 05:57:54 transreid.train INFO: Epoch[114] Iter[140/227] Loss: 0.080, Acc: 0.997, Base Lr: 6.51e-06
2026-07-18 05:57:56 transreid.train INFO: Epoch[114] Iter[160/227] Loss: 0.077, Acc: 0.997, Base Lr: 6.51e-06
2026-07-18 05:57:58 transreid.train INFO: Epoch[114] Iter[180/227] Loss: 0.078, Acc: 0.997, Base Lr: 6.51e-06
2026-07-18 05:58:00 transreid.train INFO: Epoch[114] Iter[200/227] Loss: 0.075, Acc: 0.997, Base Lr: 6.51e-06
2026-07-18 05:58:02 transreid.train INFO: Epoch 114 done. Time per epoch: 23.756[s] Speed: 571.1[samples/s]
2026-07-18 05:58:04 transreid.train INFO: Epoch[115] Iter[20/227] Loss: 0.075, Acc: 0.997, Base Lr: 5.02e-06
2026-07-18 05:58:06 transreid.train INFO: Epoch[115] Iter[40/227] Loss: 0.079, Acc: 0.997, Base Lr: 5.02e-06
2026-07-18 05:58:09 transreid.train INFO: Epoch[115] Iter[60/227] Loss: 0.074, Acc: 0.997, Base Lr: 5.02e-06
2026-07-18 05:58:11 transreid.train INFO: Epoch[115] Iter[80/227] Loss: 0.074, Acc: 0.997, Base Lr: 5.02e-06
2026-07-18 05:58:13 transreid.train INFO: Epoch[115] Iter[100/227] Loss: 0.072, Acc: 0.997, Base Lr: 5.02e-06
2026-07-18 05:58:15 transreid.train INFO: Epoch[115] Iter[120/227] Loss: 0.073, Acc: 0.997, Base Lr: 5.02e-06
2026-07-18 05:58:17 transreid.train INFO: Epoch[115] Iter[140/227] Loss: 0.072, Acc: 0.997, Base Lr: 5.02e-06
2026-07-18 05:58:20 transreid.train INFO: Epoch[115] Iter[160/227] Loss: 0.072, Acc: 0.997, Base Lr: 5.02e-06
2026-07-18 05:58:22 transreid.train INFO: Epoch[115] Iter[180/227] Loss: 0.069, Acc: 0.997, Base Lr: 5.02e-06
2026-07-18 05:58:24 transreid.train INFO: Epoch[115] Iter[200/227] Loss: 0.068, Acc: 0.997, Base Lr: 5.02e-06
2026-07-18 05:58:25 transreid.train INFO: Epoch 115 done. Time per epoch: 23.714[s] Speed: 572.1[samples/s]
2026-07-18 05:58:28 transreid.train INFO: Epoch[116] Iter[20/227] Loss: 0.075, Acc: 0.997, Base Lr: 3.79e-06
2026-07-18 05:58:30 transreid.train INFO: Epoch[116] Iter[40/227] Loss: 0.075, Acc: 0.998, Base Lr: 3.79e-06
2026-07-18 05:58:32 transreid.train INFO: Epoch[116] Iter[60/227] Loss: 0.075, Acc: 0.998, Base Lr: 3.79e-06
2026-07-18 05:58:34 transreid.train INFO: Epoch[116] Iter[80/227] Loss: 0.080, Acc: 0.998, Base Lr: 3.79e-06
2026-07-18 05:58:37 transreid.train INFO: Epoch[116] Iter[100/227] Loss: 0.078, Acc: 0.998, Base Lr: 3.79e-06
2026-07-18 05:58:39 transreid.train INFO: Epoch[116] Iter[120/227] Loss: 0.077, Acc: 0.998, Base Lr: 3.79e-06
2026-07-18 05:58:41 transreid.train INFO: Epoch[116] Iter[140/227] Loss: 0.076, Acc: 0.998, Base Lr: 3.79e-06
2026-07-18 05:58:43 transreid.train INFO: Epoch[116] Iter[160/227] Loss: 0.073, Acc: 0.998, Base Lr: 3.79e-06
2026-07-18 05:58:45 transreid.train INFO: Epoch[116] Iter[180/227] Loss: 0.071, Acc: 0.998, Base Lr: 3.79e-06
2026-07-18 05:58:48 transreid.train INFO: Epoch[116] Iter[200/227] Loss: 0.068, Acc: 0.998, Base Lr: 3.79e-06
2026-07-18 05:58:49 transreid.train INFO: Epoch 116 done. Time per epoch: 23.831[s] Speed: 572.0[samples/s]
2026-07-18 05:58:52 transreid.train INFO: Epoch[117] Iter[20/227] Loss: 0.074, Acc: 0.999, Base Lr: 2.83e-06
2026-07-18 05:58:54 transreid.train INFO: Epoch[117] Iter[40/227] Loss: 0.077, Acc: 0.999, Base Lr: 2.83e-06
2026-07-18 05:58:56 transreid.train INFO: Epoch[117] Iter[60/227] Loss: 0.078, Acc: 0.997, Base Lr: 2.83e-06
2026-07-18 05:58:58 transreid.train INFO: Epoch[117] Iter[80/227] Loss: 0.078, Acc: 0.997, Base Lr: 2.83e-06
2026-07-18 05:59:01 transreid.train INFO: Epoch[117] Iter[100/227] Loss: 0.079, Acc: 0.997, Base Lr: 2.83e-06
2026-07-18 05:59:03 transreid.train INFO: Epoch[117] Iter[120/227] Loss: 0.079, Acc: 0.997, Base Lr: 2.83e-06
2026-07-18 05:59:05 transreid.train INFO: Epoch[117] Iter[140/227] Loss: 0.077, Acc: 0.997, Base Lr: 2.83e-06
2026-07-18 05:59:07 transreid.train INFO: Epoch[117] Iter[160/227] Loss: 0.075, Acc: 0.997, Base Lr: 2.83e-06
2026-07-18 05:59:09 transreid.train INFO: Epoch[117] Iter[180/227] Loss: 0.072, Acc: 0.997, Base Lr: 2.83e-06
2026-07-18 05:59:12 transreid.train INFO: Epoch[117] Iter[200/227] Loss: 0.070, Acc: 0.997, Base Lr: 2.83e-06
2026-07-18 05:59:13 transreid.train INFO: Epoch 117 done. Time per epoch: 23.721[s] Speed: 572.0[samples/s]
2026-07-18 05:59:15 transreid.train INFO: Epoch[118] Iter[20/227] Loss: 0.078, Acc: 0.998, Base Lr: 2.15e-06
2026-07-18 05:59:18 transreid.train INFO: Epoch[118] Iter[40/227] Loss: 0.080, Acc: 0.998, Base Lr: 2.15e-06
2026-07-18 05:59:20 transreid.train INFO: Epoch[118] Iter[60/227] Loss: 0.074, Acc: 0.998, Base Lr: 2.15e-06
2026-07-18 05:59:22 transreid.train INFO: Epoch[118] Iter[80/227] Loss: 0.073, Acc: 0.998, Base Lr: 2.15e-06
2026-07-18 05:59:24 transreid.train INFO: Epoch[118] Iter[100/227] Loss: 0.072, Acc: 0.998, Base Lr: 2.15e-06
2026-07-18 05:59:26 transreid.train INFO: Epoch[118] Iter[120/227] Loss: 0.073, Acc: 0.998, Base Lr: 2.15e-06
2026-07-18 05:59:29 transreid.train INFO: Epoch[118] Iter[140/227] Loss: 0.072, Acc: 0.998, Base Lr: 2.15e-06
2026-07-18 05:59:31 transreid.train INFO: Epoch[118] Iter[160/227] Loss: 0.070, Acc: 0.998, Base Lr: 2.15e-06
2026-07-18 05:59:33 transreid.train INFO: Epoch[118] Iter[180/227] Loss: 0.068, Acc: 0.998, Base Lr: 2.15e-06
2026-07-18 05:59:35 transreid.train INFO: Epoch[118] Iter[200/227] Loss: 0.066, Acc: 0.998, Base Lr: 2.15e-06
2026-07-18 05:59:36 transreid.train INFO: Epoch 118 done. Time per epoch: 23.625[s] Speed: 571.6[samples/s]
2026-07-18 05:59:39 transreid.train INFO: Epoch[119] Iter[20/227] Loss: 0.088, Acc: 0.998, Base Lr: 1.74e-06
2026-07-18 05:59:41 transreid.train INFO: Epoch[119] Iter[40/227] Loss: 0.084, Acc: 0.998, Base Lr: 1.74e-06
2026-07-18 05:59:43 transreid.train INFO: Epoch[119] Iter[60/227] Loss: 0.085, Acc: 0.998, Base Lr: 1.74e-06
2026-07-18 05:59:46 transreid.train INFO: Epoch[119] Iter[80/227] Loss: 0.087, Acc: 0.997, Base Lr: 1.74e-06
2026-07-18 05:59:48 transreid.train INFO: Epoch[119] Iter[100/227] Loss: 0.082, Acc: 0.997, Base Lr: 1.74e-06
2026-07-18 05:59:50 transreid.train INFO: Epoch[119] Iter[120/227] Loss: 0.080, Acc: 0.998, Base Lr: 1.74e-06
2026-07-18 05:59:52 transreid.train INFO: Epoch[119] Iter[140/227] Loss: 0.077, Acc: 0.998, Base Lr: 1.74e-06
2026-07-18 05:59:54 transreid.train INFO: Epoch[119] Iter[160/227] Loss: 0.076, Acc: 0.997, Base Lr: 1.74e-06
2026-07-18 05:59:57 transreid.train INFO: Epoch[119] Iter[180/227] Loss: 0.073, Acc: 0.998, Base Lr: 1.74e-06
2026-07-18 05:59:59 transreid.train INFO: Epoch[119] Iter[200/227] Loss: 0.072, Acc: 0.998, Base Lr: 1.74e-06
2026-07-18 06:00:00 transreid.train INFO: Epoch 119 done. Time per epoch: 23.839[s] Speed: 571.8[samples/s]
2026-07-18 06:00:03 transreid.train INFO: Epoch[120] Iter[20/227] Loss: 0.086, Acc: 0.999, Base Lr: 1.60e-06
2026-07-18 06:00:05 transreid.train INFO: Epoch[120] Iter[40/227] Loss: 0.080, Acc: 0.999, Base Lr: 1.60e-06
2026-07-18 06:00:07 transreid.train INFO: Epoch[120] Iter[60/227] Loss: 0.080, Acc: 0.998, Base Lr: 1.60e-06
2026-07-18 06:00:10 transreid.train INFO: Epoch[120] Iter[80/227] Loss: 0.081, Acc: 0.998, Base Lr: 1.60e-06
2026-07-18 06:00:12 transreid.train INFO: Epoch[120] Iter[100/227] Loss: 0.081, Acc: 0.997, Base Lr: 1.60e-06
2026-07-18 06:00:14 transreid.train INFO: Epoch[120] Iter[120/227] Loss: 0.079, Acc: 0.998, Base Lr: 1.60e-06
2026-07-18 06:00:16 transreid.train INFO: Epoch[120] Iter[140/227] Loss: 0.079, Acc: 0.997, Base Lr: 1.60e-06
2026-07-18 06:00:18 transreid.train INFO: Epoch[120] Iter[160/227] Loss: 0.077, Acc: 0.997, Base Lr: 1.60e-06
2026-07-18 06:00:21 transreid.train INFO: Epoch[120] Iter[180/227] Loss: 0.074, Acc: 0.997, Base Lr: 1.60e-06
2026-07-18 06:00:23 transreid.train INFO: Epoch[120] Iter[200/227] Loss: 0.071, Acc: 0.998, Base Lr: 1.60e-06
2026-07-18 06:00:24 transreid.train INFO: Epoch 120 done. Time per epoch: 23.801[s] Speed: 570.1[samples/s]
The test feature is normalized
=> Computing DistMat with euclidean_distance
2026-07-18 06:00:47 transreid.train INFO: Validation Results - Epoch: 120
2026-07-18 06:00:47 transreid.train INFO: mAP: 57.5%
2026-07-18 06:00:47 transreid.train INFO: CMC curve, Rank-1  :67.9%
2026-07-18 06:00:47 transreid.train INFO: CMC curve, Rank-5  :81.1%
2026-07-18 06:00:47 transreid.train INFO: CMC curve, Rank-10 :85.7%
