2026-07-11 13:45:00 transreid INFO: Saving model in the path :/home/afr/SOLIDER-REID-psg-lgpa/log/exp323/A/seed_7753
2026-07-11 13:45:00 transreid INFO: Loaded configuration file configs/occluded_duke/exp323_lgpa_tiny.yml
2026-07-11 13:45:00 transreid INFO: Running with config:
DATALOADER:
  NUM_INSTANCE: 4
  NUM_WORKERS: 8
  REMOVE_TAIL: 0
  SAMPLER: softmax_triplet
DATASETS:
  NAMES: occluded_duke
  ROOT_DIR: data
  ROOT_TRAIN_DIR: ../data
  ROOT_VAL_DIR: ../data
INPUT:
  PADDING: 10
  PIXEL_MEAN: [0.5, 0.5, 0.5]
  PIXEL_STD: [0.5, 0.5, 0.5]
  PROB: 0.5
  RE_PROB: 0.5
  SIZE_TEST: [384, 128]
  SIZE_TRAIN: [384, 128]
MODEL:
  ATT_DROP_RATE: 0.0
  COS_LAYER: False
  DEVICE: cuda
  DEVICE_ID: 0
  DEVIDE_LENGTH: 4
  DIST_TRAIN: False
  DROPOUT_RATE: 0.0
  DROP_OUT: 0.0
  DROP_PATH: 0.1
  FEAT_DIM: 512
  GEM_POOLING: False
  GLOBAL_LOSS_SCALE: 1.0
  ID_LOSS_TYPE: softmax
  ID_LOSS_WEIGHT: 1.0
  IF_LABELSMOOTH: off
  IF_WITH_CENTER: no
  JPM: False
  LAST_STRIDE: 1
  METRIC_LOSS_TYPE: triplet
  NAME: transformer
  NECK: bnneck
  NO_MARGIN: True
  POSE_ADDITIVE_ADAPTER: False
  POSE_BACKBONE_PSG: True
  POSE_BA_PKC: False
  POSE_BA_PKC_WEIGHT: 0.1
  POSE_BT_PKD: False
  POSE_BT_PKD_DECAY_EPOCH: 0
  POSE_BT_PKD_WEIGHT: 0.01
  POSE_DATA_DIR: data/occluded_duke
  POSE_DEFORMABLE_K: 4
  POSE_DEFORMABLE_SAMPLE: False
  POSE_DROPOUT_P: 0.0
  POSE_ENABLED: True
  POSE_EVIDENTIAL: False
  POSE_EVIDENTIAL_ANNEAL: 0.6
  POSE_EVIDENTIAL_KL_REG: 0.1
  POSE_FSDC: False
  POSE_FSDC_HEADS: 8
  POSE_FSDC_LAYERS: 2
  POSE_FSDC_MASK_RATIO: 0.3
  POSE_FSDC_NOISE_STD: 0.1
  POSE_FSDC_WEIGHT: 0.5
  POSE_GCN_HIDDEN: 256
  POSE_GCN_LAYERS: 2
  POSE_GCN_PER_PART: False
  POSE_HEATMAP_NORM: spatial_softmax
  POSE_HEATMAP_SIZE: [96, 32]
  POSE_KEYPOINT_POOL_ONLY: False
  POSE_KP_TRIPLET: False
  POSE_KP_TRIPLET_WEIGHT: 1.0
  POSE_KP_WEIGHT_MODE: score
  POSE_LGPA: True
  POSE_LGPA_ASSIGN_WEIGHT: 0.5
  POSE_LGPA_CLIP_CACHE_SHA256: b0c35e943fb382b825a18ebc387eff8d9918f40928b0000daa08c7cf05eb960d
  POSE_LGPA_CLIP_DIM: 512
  POSE_LGPA_DETACH: True
  POSE_LGPA_NUM_HEADS: 8
  POSE_LGPA_POSE_MODE: true
  POSE_LGPA_POSE_TEMP: 1.0
  POSE_LGPA_REQUIRE_CLIP_CACHE: True
  POSE_LGPA_TEXT_MODE: aligned
  POSE_LOWER_BODY_OCC: False
  POSE_LOWER_BODY_OCC_MODE: lower
  POSE_LOWER_BODY_OCC_PROB: 0.5
  POSE_LOWER_BODY_OCC_RATIO: 0.5
  POSE_LPCS: False
  POSE_LPCS_CONF_WEIGHT: 0.25
  POSE_LPCS_CONTEXT_MODE: none
  POSE_LPCS_DELTA_SCALE: 0.5
  POSE_LPCS_HEAD_MODE: residual
  POSE_LPCS_HIDDEN: 32
  POSE_LPCS_PAIR_MODE: all
  POSE_LPCS_PAIR_TOP_RATIO: 1.0
  POSE_LPCS_RANK_MODE: all
  POSE_LPCS_RANK_TAU: 8.0
  POSE_LPCS_RANK_TOP_RATIO: 1.0
  POSE_LPCS_ST_LOW_THR: 0.3
  POSE_LPCS_ST_MIN_COUNT: 1
  POSE_LPCS_ST_MOM: 0.9
  POSE_LPCS_ST_UPDATE_STOP_EPOCH: -1
  POSE_LPCS_ST_UPDATE_THR: 0.7
  POSE_LPCS_WARMUP: 20
  POSE_LPCS_WEIGHT: 0.5
  POSE_LTCS: False
  POSE_LTCS_HIDDEN: 32
  POSE_LTCS_ST_LOW_THR: 0.3
  POSE_LTCS_ST_MIN_COUNT: 1
  POSE_LTCS_ST_MOM: 0.9
  POSE_LTCS_ST_UPDATE_STOP_EPOCH: -1
  POSE_LTCS_ST_UPDATE_THR: 0.7
  POSE_LTCS_WARMUP: 20
  POSE_LTCS_WEIGHT: 0.5
  POSE_MAXSIM_TRIPLET: False
  POSE_MAXSIM_TRIPLET_ADDITIVE: False
  POSE_MAXSIM_TRIPLET_TEMP: 0.05
  POSE_MAXSIM_TRIPLET_WEIGHT: 0.25
  POSE_MST: False
  POSE_MST_MARGIN: 0.3
  POSE_MST_VIS_THR: 0.3
  POSE_MST_WEIGHT: 0.5
  POSE_MULTI_SCALE_KP: False
  POSE_MULTI_SCALE_STAGES: [2, 3]
  POSE_NORMALIZE: False
  POSE_NORMALIZE_HIDDEN: 256
  POSE_OA_RD: False
  POSE_OA_RD_TEMP: 0.1
  POSE_OA_RD_WEIGHT: 1.0
  POSE_OA_SD: False
  POSE_OA_SD_EMA_DECAY: 0.999
  POSE_OA_SD_GLOBAL_ONLY: False
  POSE_OA_SD_WEIGHT: 1.0
  POSE_OERL: False
  POSE_OERL_OCC_RATIO: 0.5
  POSE_OERL_WEIGHT: 1.0
  POSE_PAA_ADAPTIVE_GATE: False
  POSE_PAA_BOTTLENECK: 32
  POSE_PAA_ROUTED: False
  POSE_PACI: False
  POSE_PACI_MARGIN: 0.3
  POSE_PACI_MOMENTUM: 0.9
  POSE_PACI_WARMUP: 5
  POSE_PACI_WEIGHT: 0.5
  POSE_PARALLEL_AUG: False
  POSE_PART_GRAD_SCALE: 0.0
  POSE_PART_STAGE: -1
  POSE_PART_TRI_WEIGHT: 1.0
  POSE_PART_WEIGHT: 1.0
  POSE_PATCH_EMBED: False
  POSE_PATCH_EMBED_KS: 1
  POSE_PFM_ENABLED: False
  POSE_PFM_HIDDEN: 64
  POSE_PKC: False
  POSE_PKC_TEMP: 0.07
  POSE_PKC_VIS_THR: 0.3
  POSE_PKC_WEIGHT: 0.5
  POSE_PPA: False
  POSE_PPA_ASSIGN_WEIGHT: 0.5
  POSE_PPA_GILT: False
  POSE_PPA_NUM_PARTS: 5
  POSE_PROMPT: False
  POSE_PROMPT_DROP: 0.0
  POSE_PROMPT_NUM_PARTS: 18
  POSE_PSG_PART: False
  POSE_PSG_SPATIAL: False
  POSE_PSG_STAGES: [-2, -1]
  POSE_ROA: False
  POSE_ROA_PATH: data/VOCdevkit/VOC2012
  POSE_ROA_POSE_AWARE: False
  POSE_ROA_PROB: 0.5
  POSE_SKELETON_GCN: False
  POSE_SPLADE: False
  POSE_SPLADE_DIM: 2048
  POSE_SPLADE_REG: 0.01
  POSE_STM: False
  POSE_STM_NUM_SWAP: 2
  POSE_STM_PROB: 0.5
  POSE_STM_WEIGHT: 0.5
  POSE_STRUCTURAL_ROUTING: False
  POSE_STR_NUM_HEADS: 8
  POSE_STR_NUM_LAYERS: 2
  POSE_STR_NUM_PARTS: 6
  POSE_STR_PART_DROP: 0.0
  POSE_STR_PER_TOKEN: False
  POSE_STR_SELF_ATTN: False
  POSE_STR_SUPCON: False
  POSE_STR_SUPCON_ADDITIVE: False
  POSE_STR_SUPCON_GLOBAL: False
  POSE_STR_SUPCON_TEMP: 0.07
  POSE_STR_SUPCON_VIS_WEIGHT: False
  POSE_STR_SUPCON_WEIGHT: 0.5
  POSE_TEMPERATURE: 1.0
  POSE_TEST_FEAT: equal_concat
  POSE_THRESHOLD: 0.3
  POSE_UPPER_BODY_OCC: False
  POSE_UPPER_BODY_OCC_PROB: 0.3
  POSE_USE_TARGET_HEATMAP: False
  POSE_VCSR: False
  POSE_VCSR_ASSIGN_WEIGHT: 0.5
  POSE_VCSR_VIS_THR: 0.3
  PRETRAIN_CHOICE: self
  PRETRAIN_HW_RATIO: 2
  PRETRAIN_PATH: pretrained/swin_tiny.pth
  REDUCE_FEAT_DIM: False
  RE_ARRANGE: True
  SEMANTIC_WEIGHT: 0.2
  SHIFT_NUM: 5
  SHUFFLE_GROUP: 2
  SIE_CAMERA: False
  SIE_COE: 3.0
  SIE_VIEW: False
  STEM_CONV: False
  STRIDE_SIZE: [16, 16]
  TRANSFORMER_TYPE: swin_tiny_patch4_window7_224
  TRIPLET_LOSS_WEIGHT: 1.0
  WITH_CP: True
OUTPUT_DIR: /home/afr/SOLIDER-REID-psg-lgpa/log/exp323/A/seed_7753
SOLVER:
  BASE_LR: 0.0008
  BIAS_LR_FACTOR: 2
  CENTER_LOSS_WEIGHT: 0.0005
  CENTER_LR: 0.5
  CHECKPOINT_PERIOD: 20
  COSINE_MARGIN: 0.5
  COSINE_SCALE: 30
  EVAL_PERIOD: 10
  FREEZE_BACKBONE_EPOCHS: 0
  GAMMA: 0.1
  IMS_PER_BATCH: 64
  LARGE_FC_LR: False
  LOG_PERIOD: 20
  MARGIN: 0.3
  MAX_EPOCHS: 120
  MOMENTUM: 0.9
  OPTIMIZER_NAME: SGD
  REPRO_AUDIT: True
  REPRO_REFERENCE: 
  SEED: 7753
  STEPS: (40, 70)
  TRP_L2: False
  WARMUP_EPOCHS: 20
  WARMUP_FACTOR: 0.01
  WARMUP_METHOD: cosine
  WEIGHT_DECAY: 0.0001
  WEIGHT_DECAY_BIAS: 0.0001
TEST:
  CVK_GLOBAL_WEIGHT: 1.0
  CVK_KP_WEIGHT: 1.0
  DIST_MAT: dist_mat.npy
  EVAL: True
  FEAT_NORM: yes
  FLIP_TEST: False
  IMS_PER_BATCH: 64
  NECK_FEAT: before
  NFC: False
  NFC_K1: 2
  NFC_K2: 2
  POWER_NORM: 0.0
  RE_RANKING: False
  WEIGHT: 
=> Occluded-DukeMTMC loaded
2026-07-11 13:45:00 transreid.check INFO: Dataset statistics:
2026-07-11 13:45:00 transreid.check INFO:   ----------------------------------------
2026-07-11 13:45:00 transreid.check INFO:   subset   | # ids | # images | # cameras
2026-07-11 13:45:00 transreid.check INFO:   ----------------------------------------
2026-07-11 13:45:00 transreid.check INFO:   train    |   702 |    15618 |         8
2026-07-11 13:45:00 transreid.check INFO:   query    |   519 |     2210 |         8
2026-07-11 13:45:00 transreid.check INFO:   gallery  |  1110 |    17661 |         8
2026-07-11 13:45:00 transreid.check INFO:   ----------------------------------------
  Loaded pose index: data/occluded_duke/pose_data/train/index.json (15618 entries)
  Loaded pose index: data/occluded_duke/pose_data/train/index.json (15618 entries)
  Loaded pose index: data/occluded_duke/pose_data/_val_merged/index.json (18001 entries)
using img_triplet sampler
using Transformer_type: swin_tiny_patch4_window7_224 as a backbone
unloaded parameters: <All keys matched successfully>
[LGPA] CLIP text features loaded from cache: torch.Size([6, 512])
[LGPA] CLIP Part Head: 5 parts, clip_dim=512, num_heads=8, pose_temp=1.0, pose_mode=true, text_mode=aligned
[LGPA] Running on DETACHED features (no gradient to backbone)
===========building pose-backbone (PSG) transformer===========
using soft triplet loss for training
2026-07-11 13:45:01 transreid INFO: [REPRO_AUDIT] arm=A parameter_sha=c8274c15b4f72fce1d6d4dc9fe09a6529c6ad918a642b4eb62735fd0fe804098 reference=self
2026-07-11 13:45:01 transreid INFO: ===========using cosine learning rate=======
2026-07-11 13:45:01 transreid.train INFO: start training
2026-07-11 13:45:01 transreid.train INFO: Pose-guided training ENABLED
/usr/local/anaconda3/envs/mmpose-abu/lib/python3.8/site-packages/torchvision/transforms/transforms.py:329: UserWarning: Argument 'interpolation' of type int is deprecated since 0.13 and will be removed in 0.15. Please use InterpolationMode enum.
  warnings.warn(
/home/afr/SOLIDER-REID-psg-lgpa/model/backbones/swin_transformer.py:1193: UserWarning: DeprecationWarning: pretrained is deprecated, please use "init_cfg" instead
  warnings.warn('DeprecationWarning: pretrained is deprecated, '
2026-07-11 13:45:06 transreid.train INFO: Epoch[1] Iter[20/227] Loss: 17.681, Acc: 0.001, Base Lr: 4.76e-05 | id_global: 6.554 id_part: 6.720 tri_global: 14.286 tri_part: 0.807 lgpa_assign: 6.996
2026-07-11 13:45:09 transreid.train INFO: Epoch[1] Iter[40/227] Loss: 16.837, Acc: 0.001, Base Lr: 4.76e-05 | id_global: 6.554 id_part: 6.718 tri_global: 12.633 tri_part: 0.793 lgpa_assign: 6.975
2026-07-11 13:45:13 transreid.train INFO: Epoch[1] Iter[60/227] Loss: 16.236, Acc: 0.002, Base Lr: 4.76e-05 | id_global: 6.554 id_part: 6.714 tri_global: 11.461 tri_part: 0.785 lgpa_assign: 6.958
2026-07-11 13:45:16 transreid.train INFO: Epoch[1] Iter[80/227] Loss: 15.776, Acc: 0.002, Base Lr: 4.76e-05 | id_global: 6.554 id_part: 6.716 tri_global: 10.539 tri_part: 0.777 lgpa_assign: 6.966
2026-07-11 13:45:19 transreid.train INFO: Epoch[1] Iter[100/227] Loss: 15.419, Acc: 0.002, Base Lr: 4.76e-05 | id_global: 6.554 id_part: 6.714 tri_global: 9.838 tri_part: 0.772 lgpa_assign: 6.960
2026-07-11 13:45:23 transreid.train INFO: Epoch[1] Iter[120/227] Loss: 15.148, Acc: 0.002, Base Lr: 4.76e-05 | id_global: 6.554 id_part: 6.713 tri_global: 9.305 tri_part: 0.768 lgpa_assign: 6.955
2026-07-11 13:45:26 transreid.train INFO: Epoch[1] Iter[140/227] Loss: 14.911, Acc: 0.002, Base Lr: 4.76e-05 | id_global: 6.554 id_part: 6.713 tri_global: 8.843 tri_part: 0.765 lgpa_assign: 6.949
2026-07-11 13:45:29 transreid.train INFO: Epoch[1] Iter[160/227] Loss: 14.740, Acc: 0.002, Base Lr: 4.76e-05 | id_global: 6.554 id_part: 6.712 tri_global: 8.510 tri_part: 0.762 lgpa_assign: 6.941
2026-07-11 13:45:33 transreid.train INFO: Epoch[1] Iter[180/227] Loss: 14.566, Acc: 0.002, Base Lr: 4.76e-05 | id_global: 6.554 id_part: 6.712 tri_global: 8.164 tri_part: 0.760 lgpa_assign: 6.942
2026-07-11 13:45:36 transreid.train INFO: Epoch[1] Iter[200/227] Loss: 14.410, Acc: 0.001, Base Lr: 4.76e-05 | id_global: 6.554 id_part: 6.714 tri_global: 7.860 tri_part: 0.757 lgpa_assign: 6.936
2026-07-11 13:45:38 transreid.train INFO: Epoch 1 done. Time per epoch: 37.083[s] Speed: 367.6[samples/s] ETA: 1h13m
2026-07-11 13:45:42 transreid.train INFO: Epoch[2] Iter[20/227] Loss: 13.110, Acc: 0.001, Base Lr: 8.72e-05 | id_global: 6.553 id_part: 6.717 tri_global: 5.266 tri_part: 0.737 lgpa_assign: 6.948
2026-07-11 13:45:46 transreid.train INFO: Epoch[2] Iter[40/227] Loss: 12.869, Acc: 0.001, Base Lr: 8.72e-05 | id_global: 6.552 id_part: 6.716 tri_global: 4.809 tri_part: 0.732 lgpa_assign: 6.930
2026-07-11 13:45:49 transreid.train INFO: Epoch[2] Iter[60/227] Loss: 12.737, Acc: 0.001, Base Lr: 8.72e-05 | id_global: 6.552 id_part: 6.715 tri_global: 4.553 tri_part: 0.730 lgpa_assign: 6.925
2026-07-11 13:45:52 transreid.train INFO: Epoch[2] Iter[80/227] Loss: 12.621, Acc: 0.001, Base Lr: 8.72e-05 | id_global: 6.552 id_part: 6.715 tri_global: 4.327 tri_part: 0.728 lgpa_assign: 6.920
2026-07-11 13:45:56 transreid.train INFO: Epoch[2] Iter[100/227] Loss: 12.516, Acc: 0.002, Base Lr: 8.72e-05 | id_global: 6.551 id_part: 6.713 tri_global: 4.123 tri_part: 0.726 lgpa_assign: 6.919
2026-07-11 13:45:59 transreid.train INFO: Epoch[2] Iter[120/227] Loss: 12.409, Acc: 0.002, Base Lr: 8.72e-05 | id_global: 6.551 id_part: 6.713 tri_global: 3.918 tri_part: 0.724 lgpa_assign: 6.913
2026-07-11 13:46:02 transreid.train INFO: Epoch[2] Iter[140/227] Loss: 12.324, Acc: 0.002, Base Lr: 8.72e-05 | id_global: 6.550 id_part: 6.712 tri_global: 3.752 tri_part: 0.722 lgpa_assign: 6.912
2026-07-11 13:46:06 transreid.train INFO: Epoch[2] Iter[160/227] Loss: 12.256, Acc: 0.003, Base Lr: 8.72e-05 | id_global: 6.549 id_part: 6.714 tri_global: 3.614 tri_part: 0.721 lgpa_assign: 6.914
2026-07-11 13:46:09 transreid.train INFO: Epoch[2] Iter[180/227] Loss: 12.191, Acc: 0.003, Base Lr: 8.72e-05 | id_global: 6.548 id_part: 6.713 tri_global: 3.486 tri_part: 0.720 lgpa_assign: 6.914
2026-07-11 13:46:13 transreid.train INFO: Epoch[2] Iter[200/227] Loss: 12.126, Acc: 0.004, Base Lr: 8.72e-05 | id_global: 6.547 id_part: 6.714 tri_global: 3.364 tri_part: 0.718 lgpa_assign: 6.907
2026-07-11 13:46:14 transreid.train INFO: Epoch 2 done. Time per epoch: 36.238[s] Speed: 372.6[samples/s] ETA: 1h11m
2026-07-11 13:46:19 transreid.train INFO: Epoch[3] Iter[20/227] Loss: 11.339, Acc: 0.016, Base Lr: 1.27e-04 | id_global: 6.535 id_part: 6.708 tri_global: 1.824 tri_part: 0.701 lgpa_assign: 6.910
2026-07-11 13:46:22 transreid.train INFO: Epoch[3] Iter[40/227] Loss: 11.350, Acc: 0.015, Base Lr: 1.27e-04 | id_global: 6.536 id_part: 6.714 tri_global: 1.839 tri_part: 0.701 lgpa_assign: 6.910
2026-07-11 13:46:25 transreid.train INFO: Epoch[3] Iter[60/227] Loss: 11.386, Acc: 0.019, Base Lr: 1.27e-04 | id_global: 6.535 id_part: 6.708 tri_global: 1.925 tri_part: 0.702 lgpa_assign: 6.902
2026-07-11 13:46:29 transreid.train INFO: Epoch[3] Iter[80/227] Loss: 11.367, Acc: 0.022, Base Lr: 1.27e-04 | id_global: 6.534 id_part: 6.707 tri_global: 1.890 tri_part: 0.702 lgpa_assign: 6.902
2026-07-11 13:46:32 transreid.train INFO: Epoch[3] Iter[100/227] Loss: 11.351, Acc: 0.022, Base Lr: 1.27e-04 | id_global: 6.533 id_part: 6.704 tri_global: 1.861 tri_part: 0.702 lgpa_assign: 6.903
2026-07-11 13:46:35 transreid.train INFO: Epoch[3] Iter[120/227] Loss: 11.323, Acc: 0.028, Base Lr: 1.27e-04 | id_global: 6.531 id_part: 6.703 tri_global: 1.822 tri_part: 0.701 lgpa_assign: 6.887
2026-07-11 13:46:39 transreid.train INFO: Epoch[3] Iter[140/227] Loss: 11.290, Acc: 0.032, Base Lr: 1.27e-04 | id_global: 6.530 id_part: 6.702 tri_global: 1.769 tri_part: 0.701 lgpa_assign: 6.879
2026-07-11 13:46:42 transreid.train INFO: Epoch[3] Iter[160/227] Loss: 11.271, Acc: 0.040, Base Lr: 1.27e-04 | id_global: 6.528 id_part: 6.700 tri_global: 1.731 tri_part: 0.700 lgpa_assign: 6.881
2026-07-11 13:46:45 transreid.train INFO: Epoch[3] Iter[180/227] Loss: 11.255, Acc: 0.049, Base Lr: 1.27e-04 | id_global: 6.526 id_part: 6.699 tri_global: 1.710 tri_part: 0.700 lgpa_assign: 6.874
2026-07-11 13:46:49 transreid.train INFO: Epoch[3] Iter[200/227] Loss: 11.246, Acc: 0.064, Base Lr: 1.27e-04 | id_global: 6.523 id_part: 6.698 tri_global: 1.706 tri_part: 0.700 lgpa_assign: 6.865
2026-07-11 13:46:51 transreid.train INFO: Epoch 3 done. Time per epoch: 36.393[s] Speed: 372.8[samples/s] ETA: 1h10m
2026-07-11 13:46:55 transreid.train INFO: Epoch[4] Iter[20/227] Loss: 11.126, Acc: 0.088, Base Lr: 1.66e-04 | id_global: 6.509 id_part: 6.698 tri_global: 1.438 tri_part: 0.699 lgpa_assign: 6.909
2026-07-11 13:46:58 transreid.train INFO: Epoch[4] Iter[40/227] Loss: 11.119, Acc: 0.073, Base Lr: 1.66e-04 | id_global: 6.508 id_part: 6.690 tri_global: 1.469 tri_part: 0.698 lgpa_assign: 6.873
2026-07-11 13:47:02 transreid.train INFO: Epoch[4] Iter[60/227] Loss: 11.090, Acc: 0.081, Base Lr: 1.66e-04 | id_global: 6.504 id_part: 6.692 tri_global: 1.423 tri_part: 0.698 lgpa_assign: 6.863
2026-07-11 13:47:05 transreid.train INFO: Epoch[4] Iter[80/227] Loss: 11.079, Acc: 0.089, Base Lr: 1.66e-04 | id_global: 6.502 id_part: 6.689 tri_global: 1.410 tri_part: 0.698 lgpa_assign: 6.858
2026-07-11 13:47:08 transreid.train INFO: Epoch[4] Iter[100/227] Loss: 11.046, Acc: 0.094, Base Lr: 1.66e-04 | id_global: 6.500 id_part: 6.685 tri_global: 1.356 tri_part: 0.697 lgpa_assign: 6.854
2026-07-11 13:47:12 transreid.train INFO: Epoch[4] Iter[120/227] Loss: 11.020, Acc: 0.106, Base Lr: 1.66e-04 | id_global: 6.496 id_part: 6.684 tri_global: 1.316 tri_part: 0.696 lgpa_assign: 6.848
2026-07-11 13:47:15 transreid.train INFO: Epoch[4] Iter[140/227] Loss: 11.011, Acc: 0.112, Base Lr: 1.66e-04 | id_global: 6.494 id_part: 6.685 tri_global: 1.309 tri_part: 0.696 lgpa_assign: 6.837
2026-07-11 13:47:19 transreid.train INFO: Epoch[4] Iter[160/227] Loss: 10.988, Acc: 0.125, Base Lr: 1.66e-04 | id_global: 6.490 id_part: 6.684 tri_global: 1.285 tri_part: 0.696 lgpa_assign: 6.822
2026-07-11 13:47:22 transreid.train INFO: Epoch[4] Iter[180/227] Loss: 10.972, Acc: 0.138, Base Lr: 1.66e-04 | id_global: 6.486 id_part: 6.682 tri_global: 1.269 tri_part: 0.696 lgpa_assign: 6.812
2026-07-11 13:47:25 transreid.train INFO: Epoch[4] Iter[200/227] Loss: 10.953, Acc: 0.160, Base Lr: 1.66e-04 | id_global: 6.480 id_part: 6.678 tri_global: 1.251 tri_part: 0.696 lgpa_assign: 6.803
2026-07-11 13:47:27 transreid.train INFO: Epoch 4 done. Time per epoch: 36.566[s] Speed: 372.8[samples/s] ETA: 1h10m
2026-07-11 13:47:32 transreid.train INFO: Epoch[5] Iter[20/227] Loss: 10.763, Acc: 0.118, Base Lr: 2.06e-04 | id_global: 6.461 id_part: 6.678 tri_global: 0.897 tri_part: 0.692 lgpa_assign: 6.797
2026-07-11 13:47:35 transreid.train INFO: Epoch[5] Iter[40/227] Loss: 10.772, Acc: 0.125, Base Lr: 2.06e-04 | id_global: 6.457 id_part: 6.671 tri_global: 0.946 tri_part: 0.692 lgpa_assign: 6.779
2026-07-11 13:47:38 transreid.train INFO: Epoch[5] Iter[60/227] Loss: 10.772, Acc: 0.126, Base Lr: 2.06e-04 | id_global: 6.454 id_part: 6.667 tri_global: 0.943 tri_part: 0.692 lgpa_assign: 6.788
2026-07-11 13:47:42 transreid.train INFO: Epoch[5] Iter[80/227] Loss: 10.769, Acc: 0.129, Base Lr: 2.06e-04 | id_global: 6.450 id_part: 6.663 tri_global: 0.951 tri_part: 0.692 lgpa_assign: 6.783
2026-07-11 13:47:45 transreid.train INFO: Epoch[5] Iter[100/227] Loss: 10.759, Acc: 0.138, Base Lr: 2.06e-04 | id_global: 6.446 id_part: 6.663 tri_global: 0.944 tri_part: 0.692 lgpa_assign: 6.774
2026-07-11 13:47:48 transreid.train INFO: Epoch[5] Iter[120/227] Loss: 10.746, Acc: 0.150, Base Lr: 2.06e-04 | id_global: 6.440 id_part: 6.657 tri_global: 0.942 tri_part: 0.692 lgpa_assign: 6.761
2026-07-11 13:47:52 transreid.train INFO: Epoch[5] Iter[140/227] Loss: 10.747, Acc: 0.156, Base Lr: 2.06e-04 | id_global: 6.436 id_part: 6.653 tri_global: 0.957 tri_part: 0.692 lgpa_assign: 6.757
2026-07-11 13:47:55 transreid.train INFO: Epoch[5] Iter[160/227] Loss: 10.732, Acc: 0.166, Base Lr: 2.06e-04 | id_global: 6.431 id_part: 6.650 tri_global: 0.950 tri_part: 0.692 lgpa_assign: 6.742
2026-07-11 13:47:58 transreid.train INFO: Epoch[5] Iter[180/227] Loss: 10.715, Acc: 0.181, Base Lr: 2.06e-04 | id_global: 6.424 id_part: 6.646 tri_global: 0.938 tri_part: 0.692 lgpa_assign: 6.731
2026-07-11 13:48:02 transreid.train INFO: Epoch[5] Iter[200/227] Loss: 10.695, Acc: 0.206, Base Lr: 2.06e-04 | id_global: 6.411 id_part: 6.641 tri_global: 0.924 tri_part: 0.691 lgpa_assign: 6.722
2026-07-11 13:48:04 transreid.train INFO: Epoch 5 done. Time per epoch: 36.264[s] Speed: 372.4[samples/s] ETA: 1h9m
2026-07-11 13:48:08 transreid.train INFO: Epoch[6] Iter[20/227] Loss: 10.630, Acc: 0.120, Base Lr: 2.46e-04 | id_global: 6.394 id_part: 6.627 tri_global: 0.838 tri_part: 0.691 lgpa_assign: 6.711
2026-07-11 13:48:11 transreid.train INFO: Epoch[6] Iter[40/227] Loss: 10.627, Acc: 0.116, Base Lr: 2.46e-04 | id_global: 6.390 id_part: 6.627 tri_global: 0.827 tri_part: 0.690 lgpa_assign: 6.719
2026-07-11 13:48:15 transreid.train INFO: Epoch[6] Iter[60/227] Loss: 10.604, Acc: 0.124, Base Lr: 2.46e-04 | id_global: 6.382 id_part: 6.627 tri_global: 0.813 tri_part: 0.690 lgpa_assign: 6.698
2026-07-11 13:48:18 transreid.train INFO: Epoch[6] Iter[80/227] Loss: 10.595, Acc: 0.142, Base Lr: 2.46e-04 | id_global: 6.373 id_part: 6.622 tri_global: 0.819 tri_part: 0.690 lgpa_assign: 6.688
2026-07-11 13:48:21 transreid.train INFO: Epoch[6] Iter[100/227] Loss: 10.587, Acc: 0.144, Base Lr: 2.46e-04 | id_global: 6.368 id_part: 6.619 tri_global: 0.820 tri_part: 0.690 lgpa_assign: 6.676
2026-07-11 13:48:25 transreid.train INFO: Epoch[6] Iter[120/227] Loss: 10.579, Acc: 0.153, Base Lr: 2.46e-04 | id_global: 6.364 id_part: 6.614 tri_global: 0.818 tri_part: 0.690 lgpa_assign: 6.671
2026-07-11 13:48:28 transreid.train INFO: Epoch[6] Iter[140/227] Loss: 10.570, Acc: 0.163, Base Lr: 2.46e-04 | id_global: 6.358 id_part: 6.611 tri_global: 0.812 tri_part: 0.690 lgpa_assign: 6.669
2026-07-11 13:48:31 transreid.train INFO: Epoch[6] Iter[160/227] Loss: 10.549, Acc: 0.175, Base Lr: 2.46e-04 | id_global: 6.348 id_part: 6.604 tri_global: 0.802 tri_part: 0.690 lgpa_assign: 6.654
2026-07-11 13:48:35 transreid.train INFO: Epoch[6] Iter[180/227] Loss: 10.531, Acc: 0.190, Base Lr: 2.46e-04 | id_global: 6.337 id_part: 6.596 tri_global: 0.790 tri_part: 0.690 lgpa_assign: 6.650
2026-07-11 13:48:38 transreid.train INFO: Epoch[6] Iter[200/227] Loss: 10.507, Acc: 0.220, Base Lr: 2.46e-04 | id_global: 6.318 id_part: 6.585 tri_global: 0.784 tri_part: 0.690 lgpa_assign: 6.638
2026-07-11 13:48:40 transreid.train INFO: Epoch 6 done. Time per epoch: 36.262[s] Speed: 372.4[samples/s] ETA: 1h8m
2026-07-11 13:48:44 transreid.train INFO: Epoch[7] Iter[20/227] Loss: 10.465, Acc: 0.136, Base Lr: 2.85e-04 | id_global: 6.307 id_part: 6.607 tri_global: 0.722 tri_part: 0.689 lgpa_assign: 6.606
2026-07-11 13:48:48 transreid.train INFO: Epoch[7] Iter[40/227] Loss: 10.457, Acc: 0.136, Base Lr: 2.85e-04 | id_global: 6.297 id_part: 6.587 tri_global: 0.739 tri_part: 0.689 lgpa_assign: 6.601
2026-07-11 13:48:51 transreid.train INFO: Epoch[7] Iter[60/227] Loss: 10.432, Acc: 0.152, Base Lr: 2.85e-04 | id_global: 6.286 id_part: 6.570 tri_global: 0.726 tri_part: 0.689 lgpa_assign: 6.593
2026-07-11 13:48:54 transreid.train INFO: Epoch[7] Iter[80/227] Loss: 10.429, Acc: 0.148, Base Lr: 2.85e-04 | id_global: 6.278 id_part: 6.566 tri_global: 0.736 tri_part: 0.689 lgpa_assign: 6.589
2026-07-11 13:48:58 transreid.train INFO: Epoch[7] Iter[100/227] Loss: 10.406, Acc: 0.156, Base Lr: 2.85e-04 | id_global: 6.270 id_part: 6.563 tri_global: 0.712 tri_part: 0.688 lgpa_assign: 6.579
2026-07-11 13:49:01 transreid.train INFO: Epoch[7] Iter[120/227] Loss: 10.397, Acc: 0.165, Base Lr: 2.85e-04 | id_global: 6.261 id_part: 6.558 tri_global: 0.721 tri_part: 0.688 lgpa_assign: 6.566
2026-07-11 13:49:04 transreid.train INFO: Epoch[7] Iter[140/227] Loss: 10.381, Acc: 0.174, Base Lr: 2.85e-04 | id_global: 6.252 id_part: 6.553 tri_global: 0.709 tri_part: 0.688 lgpa_assign: 6.560
2026-07-11 13:49:08 transreid.train INFO: Epoch[7] Iter[160/227] Loss: 10.362, Acc: 0.189, Base Lr: 2.85e-04 | id_global: 6.237 id_part: 6.541 tri_global: 0.703 tri_part: 0.688 lgpa_assign: 6.555
2026-07-11 13:49:11 transreid.train INFO: Epoch[7] Iter[180/227] Loss: 10.338, Acc: 0.211, Base Lr: 2.85e-04 | id_global: 6.218 id_part: 6.529 tri_global: 0.699 tri_part: 0.688 lgpa_assign: 6.542
2026-07-11 13:49:14 transreid.train INFO: Epoch[7] Iter[200/227] Loss: 10.319, Acc: 0.231, Base Lr: 2.85e-04 | id_global: 6.197 id_part: 6.518 tri_global: 0.703 tri_part: 0.688 lgpa_assign: 6.532
2026-07-11 13:49:17 transreid.train INFO: Epoch 7 done. Time per epoch: 36.714[s] Speed: 373.0[samples/s] ETA: 1h9m
2026-07-11 13:49:21 transreid.train INFO: Epoch[8] Iter[20/227] Loss: 10.218, Acc: 0.139, Base Lr: 3.25e-04 | id_global: 6.158 id_part: 6.485 tri_global: 0.611 tri_part: 0.686 lgpa_assign: 6.496
2026-07-11 13:49:24 transreid.train INFO: Epoch[8] Iter[40/227] Loss: 10.205, Acc: 0.132, Base Lr: 3.25e-04 | id_global: 6.157 id_part: 6.480 tri_global: 0.602 tri_part: 0.686 lgpa_assign: 6.484
2026-07-11 13:49:28 transreid.train INFO: Epoch[8] Iter[60/227] Loss: 10.202, Acc: 0.128, Base Lr: 3.25e-04 | id_global: 6.154 id_part: 6.483 tri_global: 0.609 tri_part: 0.686 lgpa_assign: 6.471
2026-07-11 13:49:31 transreid.train INFO: Epoch[8] Iter[80/227] Loss: 10.226, Acc: 0.128, Base Lr: 3.25e-04 | id_global: 6.154 id_part: 6.490 tri_global: 0.656 tri_part: 0.687 lgpa_assign: 6.463
2026-07-11 13:49:34 transreid.train INFO: Epoch[8] Iter[100/227] Loss: 10.205, Acc: 0.147, Base Lr: 3.25e-04 | id_global: 6.140 id_part: 6.481 tri_global: 0.638 tri_part: 0.687 lgpa_assign: 6.464
2026-07-11 13:49:38 transreid.train INFO: Epoch[8] Iter[120/227] Loss: 10.200, Acc: 0.154, Base Lr: 3.25e-04 | id_global: 6.130 id_part: 6.478 tri_global: 0.641 tri_part: 0.687 lgpa_assign: 6.464
2026-07-11 13:49:41 transreid.train INFO: Epoch[8] Iter[140/227] Loss: 10.180, Acc: 0.162, Base Lr: 3.25e-04 | id_global: 6.117 id_part: 6.470 tri_global: 0.626 tri_part: 0.687 lgpa_assign: 6.460
2026-07-11 13:49:44 transreid.train INFO: Epoch[8] Iter[160/227] Loss: 10.164, Acc: 0.172, Base Lr: 3.25e-04 | id_global: 6.103 id_part: 6.464 tri_global: 0.621 tri_part: 0.686 lgpa_assign: 6.454
2026-07-11 13:49:48 transreid.train INFO: Epoch[8] Iter[180/227] Loss: 10.151, Acc: 0.191, Base Lr: 3.25e-04 | id_global: 6.082 id_part: 6.457 tri_global: 0.624 tri_part: 0.686 lgpa_assign: 6.453
2026-07-11 13:49:51 transreid.train INFO: Epoch[8] Iter[200/227] Loss: 10.118, Acc: 0.220, Base Lr: 3.25e-04 | id_global: 6.047 id_part: 6.440 tri_global: 0.622 tri_part: 0.686 lgpa_assign: 6.442
2026-07-11 13:49:53 transreid.train INFO: Epoch 8 done. Time per epoch: 36.501[s] Speed: 373.5[samples/s] ETA: 1h8m
2026-07-11 13:49:57 transreid.train INFO: Epoch[9] Iter[20/227] Loss: 10.114, Acc: 0.137, Base Lr: 3.64e-04 | id_global: 6.027 id_part: 6.429 tri_global: 0.689 tri_part: 0.687 lgpa_assign: 6.396
2026-07-11 13:50:01 transreid.train INFO: Epoch[9] Iter[40/227] Loss: 10.100, Acc: 0.142, Base Lr: 3.64e-04 | id_global: 6.013 id_part: 6.425 tri_global: 0.687 tri_part: 0.687 lgpa_assign: 6.388
2026-07-11 13:50:04 transreid.train INFO: Epoch[9] Iter[60/227] Loss: 10.077, Acc: 0.135, Base Lr: 3.64e-04 | id_global: 6.006 id_part: 6.420 tri_global: 0.645 tri_part: 0.686 lgpa_assign: 6.396
2026-07-11 13:50:08 transreid.train INFO: Epoch[9] Iter[80/227] Loss: 10.042, Acc: 0.140, Base Lr: 3.64e-04 | id_global: 5.994 id_part: 6.417 tri_global: 0.606 tri_part: 0.686 lgpa_assign: 6.380
2026-07-11 13:50:11 transreid.train INFO: Epoch[9] Iter[100/227] Loss: 10.022, Acc: 0.144, Base Lr: 3.64e-04 | id_global: 5.981 id_part: 6.411 tri_global: 0.594 tri_part: 0.685 lgpa_assign: 6.374
2026-07-11 13:50:14 transreid.train INFO: Epoch[9] Iter[120/227] Loss: 10.019, Acc: 0.149, Base Lr: 3.64e-04 | id_global: 5.973 id_part: 6.410 tri_global: 0.601 tri_part: 0.685 lgpa_assign: 6.370
2026-07-11 13:50:18 transreid.train INFO: Epoch[9] Iter[140/227] Loss: 10.014, Acc: 0.157, Base Lr: 3.64e-04 | id_global: 5.959 id_part: 6.403 tri_global: 0.608 tri_part: 0.686 lgpa_assign: 6.371
2026-07-11 13:50:21 transreid.train INFO: Epoch[9] Iter[160/227] Loss: 9.994, Acc: 0.170, Base Lr: 3.64e-04 | id_global: 5.940 id_part: 6.393 tri_global: 0.602 tri_part: 0.686 lgpa_assign: 6.368
2026-07-11 13:50:24 transreid.train INFO: Epoch[9] Iter[180/227] Loss: 9.967, Acc: 0.188, Base Lr: 3.64e-04 | id_global: 5.912 id_part: 6.375 tri_global: 0.602 tri_part: 0.685 lgpa_assign: 6.360
2026-07-11 13:50:28 transreid.train INFO: Epoch[9] Iter[200/227] Loss: 9.926, Acc: 0.218, Base Lr: 3.64e-04 | id_global: 5.863 id_part: 6.349 tri_global: 0.604 tri_part: 0.685 lgpa_assign: 6.349
2026-07-11 13:50:30 transreid.train INFO: Epoch 9 done. Time per epoch: 36.505[s] Speed: 371.7[samples/s] ETA: 1h7m
2026-07-11 13:50:34 transreid.train INFO: Epoch[10] Iter[20/227] Loss: 9.864, Acc: 0.155, Base Lr: 4.04e-04 | id_global: 5.856 id_part: 6.349 tri_global: 0.536 tri_part: 0.684 lgpa_assign: 6.303
2026-07-11 13:50:37 transreid.train INFO: Epoch[10] Iter[40/227] Loss: 9.851, Acc: 0.139, Base Lr: 4.04e-04 | id_global: 5.859 id_part: 6.351 tri_global: 0.511 tri_part: 0.682 lgpa_assign: 6.298
2026-07-11 13:50:41 transreid.train INFO: Epoch[10] Iter[60/227] Loss: 9.862, Acc: 0.136, Base Lr: 4.04e-04 | id_global: 5.853 id_part: 6.345 tri_global: 0.551 tri_part: 0.684 lgpa_assign: 6.290
2026-07-11 13:50:44 transreid.train INFO: Epoch[10] Iter[80/227] Loss: 9.841, Acc: 0.141, Base Lr: 4.04e-04 | id_global: 5.830 id_part: 6.331 tri_global: 0.550 tri_part: 0.684 lgpa_assign: 6.288
2026-07-11 13:50:47 transreid.train INFO: Epoch[10] Iter[100/227] Loss: 9.844, Acc: 0.142, Base Lr: 4.04e-04 | id_global: 5.816 id_part: 6.326 tri_global: 0.569 tri_part: 0.684 lgpa_assign: 6.293
2026-07-11 13:50:51 transreid.train INFO: Epoch[10] Iter[120/227] Loss: 9.815, Acc: 0.151, Base Lr: 4.04e-04 | id_global: 5.790 id_part: 6.315 tri_global: 0.556 tri_part: 0.684 lgpa_assign: 6.285
2026-07-11 13:50:54 transreid.train INFO: Epoch[10] Iter[140/227] Loss: 9.806, Acc: 0.160, Base Lr: 4.04e-04 | id_global: 5.769 id_part: 6.305 tri_global: 0.561 tri_part: 0.684 lgpa_assign: 6.293
2026-07-11 13:50:57 transreid.train INFO: Epoch[10] Iter[160/227] Loss: 9.782, Acc: 0.172, Base Lr: 4.04e-04 | id_global: 5.745 id_part: 6.293 tri_global: 0.558 tri_part: 0.684 lgpa_assign: 6.284
2026-07-11 13:51:01 transreid.train INFO: Epoch[10] Iter[180/227] Loss: 9.755, Acc: 0.187, Base Lr: 4.04e-04 | id_global: 5.716 id_part: 6.279 tri_global: 0.557 tri_part: 0.684 lgpa_assign: 6.275
2026-07-11 13:51:04 transreid.train INFO: Epoch[10] Iter[200/227] Loss: 9.716, Acc: 0.213, Base Lr: 4.04e-04 | id_global: 5.662 id_part: 6.254 tri_global: 0.569 tri_part: 0.684 lgpa_assign: 6.264
2026-07-11 13:51:06 transreid.train INFO: Epoch 10 done. Time per epoch: 36.220[s] Speed: 372.8[samples/s] ETA: 1h6m
2026-07-11 13:51:06 transreid.train INFO: Eval protocol: flip_test=False feat_norm=yes
The test feature is normalized
=> Computing DistMat with euclidean_distance
2026-07-11 13:51:36 transreid.train INFO: Validation Results - Epoch: 10
2026-07-11 13:51:36 transreid.train INFO: mAP: 34.0%
2026-07-11 13:51:36 transreid.train INFO: CMC curve, Rank-1  :46.5%
2026-07-11 13:51:36 transreid.train INFO: CMC curve, Rank-5  :63.2%
2026-07-11 13:51:36 transreid.train INFO: CMC curve, Rank-10 :70.3%
/home/afr/SOLIDER-REID-psg-lgpa/utils/metrics.py:66: UserWarning: This overload of addmm_ is deprecated:
	addmm_(Number beta, Number alpha, Tensor mat1, Tensor mat2)
Consider using one of the following signatures instead:
	addmm_(Tensor mat1, Tensor mat2, *, Number beta, Number alpha) (Triggered internally at /opt/conda/conda-bld/pytorch_1670525541702/work/torch/csrc/utils/python_arg_parser.cpp:1420.)
  dist_mat.addmm_(1, -2, qf, gf.t())
2026-07-11 13:51:40 transreid.train INFO: Epoch[11] Iter[20/227] Loss: 9.690, Acc: 0.145, Base Lr: 4.44e-04 | id_global: 5.655 id_part: 6.267 tri_global: 0.520 tri_part: 0.683 lgpa_assign: 6.255
2026-07-11 13:51:43 transreid.train INFO: Epoch[11] Iter[40/227] Loss: 9.701, Acc: 0.129, Base Lr: 4.44e-04 | id_global: 5.673 id_part: 6.270 tri_global: 0.526 tri_part: 0.683 lgpa_assign: 6.250
2026-07-11 13:51:47 transreid.train INFO: Epoch[11] Iter[60/227] Loss: 9.703, Acc: 0.125, Base Lr: 4.44e-04 | id_global: 5.667 id_part: 6.264 tri_global: 0.544 tri_part: 0.683 lgpa_assign: 6.248
2026-07-11 13:51:50 transreid.train INFO: Epoch[11] Iter[80/227] Loss: 9.676, Acc: 0.127, Base Lr: 4.44e-04 | id_global: 5.649 id_part: 6.261 tri_global: 0.525 tri_part: 0.682 lgpa_assign: 6.235
2026-07-11 13:51:53 transreid.train INFO: Epoch[11] Iter[100/227] Loss: 9.652, Acc: 0.132, Base Lr: 4.44e-04 | id_global: 5.632 id_part: 6.252 tri_global: 0.517 tri_part: 0.682 lgpa_assign: 6.221
2026-07-11 13:51:57 transreid.train INFO: Epoch[11] Iter[120/227] Loss: 9.628, Acc: 0.140, Base Lr: 4.44e-04 | id_global: 5.609 id_part: 6.239 tri_global: 0.515 tri_part: 0.681 lgpa_assign: 6.213
2026-07-11 13:52:00 transreid.train INFO: Epoch[11] Iter[140/227] Loss: 9.603, Acc: 0.149, Base Lr: 4.44e-04 | id_global: 5.580 id_part: 6.222 tri_global: 0.515 tri_part: 0.681 lgpa_assign: 6.208
2026-07-11 13:52:03 transreid.train INFO: Epoch[11] Iter[160/227] Loss: 9.581, Acc: 0.166, Base Lr: 4.44e-04 | id_global: 5.553 id_part: 6.209 tri_global: 0.520 tri_part: 0.681 lgpa_assign: 6.200
2026-07-11 13:52:07 transreid.train INFO: Epoch[11] Iter[180/227] Loss: 9.532, Acc: 0.190, Base Lr: 4.44e-04 | id_global: 5.497 id_part: 6.184 tri_global: 0.513 tri_part: 0.681 lgpa_assign: 6.190
2026-07-11 13:52:10 transreid.train INFO: Epoch[11] Iter[200/227] Loss: 9.474, Acc: 0.220, Base Lr: 4.44e-04 | id_global: 5.426 id_part: 6.150 tri_global: 0.510 tri_part: 0.681 lgpa_assign: 6.180
2026-07-11 13:52:12 transreid.train INFO: Epoch 11 done. Time per epoch: 36.034[s] Speed: 373.0[samples/s] ETA: 1h5m
2026-07-11 13:52:16 transreid.train INFO: Epoch[12] Iter[20/227] Loss: 9.534, Acc: 0.147, Base Lr: 4.83e-04 | id_global: 5.512 id_part: 6.191 tri_global: 0.516 tri_part: 0.682 lgpa_assign: 6.168
2026-07-11 13:52:19 transreid.train INFO: Epoch[12] Iter[40/227] Loss: 9.489, Acc: 0.145, Base Lr: 4.83e-04 | id_global: 5.481 id_part: 6.178 tri_global: 0.497 tri_part: 0.680 lgpa_assign: 6.143
2026-07-11 13:52:23 transreid.train INFO: Epoch[12] Iter[60/227] Loss: 9.466, Acc: 0.152, Base Lr: 4.83e-04 | id_global: 5.451 id_part: 6.169 tri_global: 0.493 tri_part: 0.679 lgpa_assign: 6.139
2026-07-11 13:52:26 transreid.train INFO: Epoch[12] Iter[80/227] Loss: 9.455, Acc: 0.154, Base Lr: 4.83e-04 | id_global: 5.435 id_part: 6.159 tri_global: 0.500 tri_part: 0.679 lgpa_assign: 6.135
2026-07-11 13:52:29 transreid.train INFO: Epoch[12] Iter[100/227] Loss: 9.429, Acc: 0.158, Base Lr: 4.83e-04 | id_global: 5.410 id_part: 6.146 tri_global: 0.492 tri_part: 0.679 lgpa_assign: 6.132
2026-07-11 13:52:33 transreid.train INFO: Epoch[12] Iter[120/227] Loss: 9.417, Acc: 0.163, Base Lr: 4.83e-04 | id_global: 5.390 id_part: 6.137 tri_global: 0.505 tri_part: 0.679 lgpa_assign: 6.122
2026-07-11 13:52:36 transreid.train INFO: Epoch[12] Iter[140/227] Loss: 9.391, Acc: 0.175, Base Lr: 4.83e-04 | id_global: 5.362 id_part: 6.123 tri_global: 0.498 tri_part: 0.679 lgpa_assign: 6.121
2026-07-11 13:52:39 transreid.train INFO: Epoch[12] Iter[160/227] Loss: 9.356, Acc: 0.186, Base Lr: 4.83e-04 | id_global: 5.321 id_part: 6.105 tri_global: 0.495 tri_part: 0.678 lgpa_assign: 6.114
2026-07-11 13:52:43 transreid.train INFO: Epoch[12] Iter[180/227] Loss: 9.318, Acc: 0.201, Base Lr: 4.83e-04 | id_global: 5.273 id_part: 6.083 tri_global: 0.495 tri_part: 0.678 lgpa_assign: 6.107
2026-07-11 13:52:46 transreid.train INFO: Epoch[12] Iter[200/227] Loss: 9.247, Acc: 0.229, Base Lr: 4.83e-04 | id_global: 5.186 id_part: 6.040 tri_global: 0.490 tri_part: 0.677 lgpa_assign: 6.100
2026-07-11 13:52:48 transreid.train INFO: Epoch 12 done. Time per epoch: 36.578[s] Speed: 372.7[samples/s] ETA: 1h5m
2026-07-11 13:52:53 transreid.train INFO: Epoch[13] Iter[20/227] Loss: 9.320, Acc: 0.114, Base Lr: 5.23e-04 | id_global: 5.283 id_part: 6.096 tri_global: 0.487 tri_part: 0.677 lgpa_assign: 6.096
2026-07-11 13:52:56 transreid.train INFO: Epoch[13] Iter[40/227] Loss: 9.322, Acc: 0.123, Base Lr: 5.23e-04 | id_global: 5.291 id_part: 6.104 tri_global: 0.495 tri_part: 0.676 lgpa_assign: 6.078
2026-07-11 13:52:59 transreid.train INFO: Epoch[13] Iter[60/227] Loss: 9.291, Acc: 0.140, Base Lr: 5.23e-04 | id_global: 5.253 id_part: 6.087 tri_global: 0.486 tri_part: 0.676 lgpa_assign: 6.080
2026-07-11 13:53:03 transreid.train INFO: Epoch[13] Iter[80/227] Loss: 9.258, Acc: 0.153, Base Lr: 5.23e-04 | id_global: 5.221 id_part: 6.074 tri_global: 0.483 tri_part: 0.675 lgpa_assign: 6.063
2026-07-11 13:53:06 transreid.train INFO: Epoch[13] Iter[100/227] Loss: 9.225, Acc: 0.163, Base Lr: 5.23e-04 | id_global: 5.186 id_part: 6.058 tri_global: 0.475 tri_part: 0.675 lgpa_assign: 6.056
2026-07-11 13:53:09 transreid.train INFO: Epoch[13] Iter[120/227] Loss: 9.199, Acc: 0.171, Base Lr: 5.23e-04 | id_global: 5.153 id_part: 6.042 tri_global: 0.477 tri_part: 0.674 lgpa_assign: 6.051
2026-07-11 13:53:13 transreid.train INFO: Epoch[13] Iter[140/227] Loss: 9.171, Acc: 0.179, Base Lr: 5.23e-04 | id_global: 5.122 id_part: 6.028 tri_global: 0.477 tri_part: 0.674 lgpa_assign: 6.041
2026-07-11 13:53:16 transreid.train INFO: Epoch[13] Iter[160/227] Loss: 9.119, Acc: 0.195, Base Lr: 5.23e-04 | id_global: 5.070 id_part: 6.002 tri_global: 0.463 tri_part: 0.673 lgpa_assign: 6.030
2026-07-11 13:53:19 transreid.train INFO: Epoch[13] Iter[180/227] Loss: 9.063, Acc: 0.215, Base Lr: 5.23e-04 | id_global: 5.003 id_part: 5.969 tri_global: 0.459 tri_part: 0.672 lgpa_assign: 6.023
2026-07-11 13:53:23 transreid.train INFO: Epoch[13] Iter[200/227] Loss: 8.990, Acc: 0.239, Base Lr: 5.23e-04 | id_global: 4.914 id_part: 5.924 tri_global: 0.454 tri_part: 0.671 lgpa_assign: 6.017
2026-07-11 13:53:24 transreid.train INFO: Epoch 13 done. Time per epoch: 36.358[s] Speed: 373.2[samples/s] ETA: 1h4m
2026-07-11 13:53:29 transreid.train INFO: Epoch[14] Iter[20/227] Loss: 9.103, Acc: 0.142, Base Lr: 5.62e-04 | id_global: 5.050 id_part: 6.006 tri_global: 0.459 tri_part: 0.674 lgpa_assign: 6.016
2026-07-11 13:53:32 transreid.train INFO: Epoch[14] Iter[40/227] Loss: 9.064, Acc: 0.158, Base Lr: 5.62e-04 | id_global: 5.016 id_part: 5.982 tri_global: 0.461 tri_part: 0.672 lgpa_assign: 5.997
2026-07-11 13:53:36 transreid.train INFO: Epoch[14] Iter[60/227] Loss: 9.031, Acc: 0.170, Base Lr: 5.62e-04 | id_global: 4.991 id_part: 5.979 tri_global: 0.433 tri_part: 0.671 lgpa_assign: 5.988
2026-07-11 13:53:39 transreid.train INFO: Epoch[14] Iter[80/227] Loss: 9.009, Acc: 0.179, Base Lr: 5.62e-04 | id_global: 4.969 id_part: 5.969 tri_global: 0.434 tri_part: 0.670 lgpa_assign: 5.978
2026-07-11 13:53:42 transreid.train INFO: Epoch[14] Iter[100/227] Loss: 8.953, Acc: 0.195, Base Lr: 5.62e-04 | id_global: 4.916 id_part: 5.947 tri_global: 0.410 tri_part: 0.667 lgpa_assign: 5.966
2026-07-11 13:53:46 transreid.train INFO: Epoch[14] Iter[120/227] Loss: 8.945, Acc: 0.200, Base Lr: 5.62e-04 | id_global: 4.897 id_part: 5.935 tri_global: 0.427 tri_part: 0.667 lgpa_assign: 5.964
2026-07-11 13:53:49 transreid.train INFO: Epoch[14] Iter[140/227] Loss: 8.912, Acc: 0.208, Base Lr: 5.62e-04 | id_global: 4.862 id_part: 5.918 tri_global: 0.423 tri_part: 0.667 lgpa_assign: 5.954
2026-07-11 13:53:52 transreid.train INFO: Epoch[14] Iter[160/227] Loss: 8.869, Acc: 0.223, Base Lr: 5.62e-04 | id_global: 4.809 id_part: 5.893 tri_global: 0.421 tri_part: 0.666 lgpa_assign: 5.950
2026-07-11 13:53:56 transreid.train INFO: Epoch[14] Iter[180/227] Loss: 8.813, Acc: 0.242, Base Lr: 5.62e-04 | id_global: 4.743 id_part: 5.860 tri_global: 0.417 tri_part: 0.665 lgpa_assign: 5.941
2026-07-11 13:53:59 transreid.train INFO: Epoch[14] Iter[200/227] Loss: 8.743, Acc: 0.265, Base Lr: 5.62e-04 | id_global: 4.651 id_part: 5.813 tri_global: 0.425 tri_part: 0.665 lgpa_assign: 5.932
2026-07-11 13:54:01 transreid.train INFO: Epoch 14 done. Time per epoch: 36.241[s] Speed: 372.6[samples/s] ETA: 1h4m
2026-07-11 13:54:05 transreid.train INFO: Epoch[15] Iter[20/227] Loss: 8.875, Acc: 0.177, Base Lr: 6.02e-04 | id_global: 4.804 id_part: 5.919 tri_global: 0.469 tri_part: 0.669 lgpa_assign: 5.889
2026-07-11 13:54:09 transreid.train INFO: Epoch[15] Iter[40/227] Loss: 8.855, Acc: 0.180, Base Lr: 6.02e-04 | id_global: 4.790 id_part: 5.915 tri_global: 0.436 tri_part: 0.665 lgpa_assign: 5.902
2026-07-11 13:54:12 transreid.train INFO: Epoch[15] Iter[60/227] Loss: 8.776, Acc: 0.192, Base Lr: 6.02e-04 | id_global: 4.738 id_part: 5.880 tri_global: 0.385 tri_part: 0.659 lgpa_assign: 5.890
2026-07-11 13:54:15 transreid.train INFO: Epoch[15] Iter[80/227] Loss: 8.753, Acc: 0.201, Base Lr: 6.02e-04 | id_global: 4.712 id_part: 5.864 tri_global: 0.382 tri_part: 0.657 lgpa_assign: 5.891
2026-07-11 13:54:18 transreid.train INFO: Epoch[15] Iter[100/227] Loss: 8.708, Acc: 0.212, Base Lr: 6.02e-04 | id_global: 4.669 id_part: 5.839 tri_global: 0.378 tri_part: 0.657 lgpa_assign: 5.872
2026-07-11 13:54:22 transreid.train INFO: Epoch[15] Iter[120/227] Loss: 8.677, Acc: 0.228, Base Lr: 6.02e-04 | id_global: 4.625 id_part: 5.823 tri_global: 0.385 tri_part: 0.657 lgpa_assign: 5.865
2026-07-11 13:54:25 transreid.train INFO: Epoch[15] Iter[140/227] Loss: 8.657, Acc: 0.237, Base Lr: 6.02e-04 | id_global: 4.603 id_part: 5.813 tri_global: 0.387 tri_part: 0.657 lgpa_assign: 5.855
2026-07-11 13:54:28 transreid.train INFO: Epoch[15] Iter[160/227] Loss: 8.636, Acc: 0.248, Base Lr: 6.02e-04 | id_global: 4.566 id_part: 5.797 tri_global: 0.400 tri_part: 0.658 lgpa_assign: 5.852
2026-07-11 13:54:32 transreid.train INFO: Epoch[15] Iter[180/227] Loss: 8.577, Acc: 0.272, Base Lr: 6.02e-04 | id_global: 4.493 id_part: 5.763 tri_global: 0.398 tri_part: 0.657 lgpa_assign: 5.842
2026-07-11 13:54:35 transreid.train INFO: Epoch[15] Iter[200/227] Loss: 8.491, Acc: 0.302, Base Lr: 6.02e-04 | id_global: 4.385 id_part: 5.706 tri_global: 0.404 tri_part: 0.656 lgpa_assign: 5.831
2026-07-11 13:54:37 transreid.train INFO: Epoch 15 done. Time per epoch: 36.376[s] Speed: 373.0[samples/s] ETA: 1h3m
2026-07-11 13:54:42 transreid.train INFO: Epoch[16] Iter[20/227] Loss: 8.507, Acc: 0.232, Base Lr: 6.42e-04 | id_global: 4.472 id_part: 5.752 tri_global: 0.340 tri_part: 0.648 lgpa_assign: 5.803
2026-07-11 13:54:45 transreid.train INFO: Epoch[16] Iter[40/227] Loss: 8.560, Acc: 0.219, Base Lr: 6.42e-04 | id_global: 4.518 id_part: 5.777 tri_global: 0.379 tri_part: 0.651 lgpa_assign: 5.796
2026-07-11 13:54:48 transreid.train INFO: Epoch[16] Iter[60/227] Loss: 8.552, Acc: 0.226, Base Lr: 6.42e-04 | id_global: 4.500 id_part: 5.776 tri_global: 0.385 tri_part: 0.652 lgpa_assign: 5.792
2026-07-11 13:54:52 transreid.train INFO: Epoch[16] Iter[80/227] Loss: 8.528, Acc: 0.232, Base Lr: 6.42e-04 | id_global: 4.472 id_part: 5.764 tri_global: 0.388 tri_part: 0.653 lgpa_assign: 5.778
2026-07-11 13:54:55 transreid.train INFO: Epoch[16] Iter[100/227] Loss: 8.501, Acc: 0.244, Base Lr: 6.42e-04 | id_global: 4.433 id_part: 5.748 tri_global: 0.394 tri_part: 0.653 lgpa_assign: 5.773
2026-07-11 13:54:58 transreid.train INFO: Epoch[16] Iter[120/227] Loss: 8.467, Acc: 0.255, Base Lr: 6.42e-04 | id_global: 4.397 id_part: 5.732 tri_global: 0.391 tri_part: 0.652 lgpa_assign: 5.760
2026-07-11 13:55:02 transreid.train INFO: Epoch[16] Iter[140/227] Loss: 8.438, Acc: 0.268, Base Lr: 6.42e-04 | id_global: 4.365 id_part: 5.720 tri_global: 0.389 tri_part: 0.652 lgpa_assign: 5.750
2026-07-11 13:55:05 transreid.train INFO: Epoch[16] Iter[160/227] Loss: 8.380, Acc: 0.291, Base Lr: 6.42e-04 | id_global: 4.300 id_part: 5.693 tri_global: 0.376 tri_part: 0.650 lgpa_assign: 5.740
2026-07-11 13:55:08 transreid.train INFO: Epoch[16] Iter[180/227] Loss: 8.309, Acc: 0.316, Base Lr: 6.42e-04 | id_global: 4.214 id_part: 5.648 tri_global: 0.373 tri_part: 0.649 lgpa_assign: 5.735
2026-07-11 13:55:11 transreid.train INFO: Epoch[16] Iter[200/227] Loss: 8.212, Acc: 0.349, Base Lr: 6.42e-04 | id_global: 4.097 id_part: 5.583 tri_global: 0.368 tri_part: 0.647 lgpa_assign: 5.729
2026-07-11 13:55:13 transreid.train INFO: Epoch 16 done. Time per epoch: 36.166[s] Speed: 373.4[samples/s] ETA: 1h2m
2026-07-11 13:55:18 transreid.train INFO: Epoch[17] Iter[20/227] Loss: 8.356, Acc: 0.256, Base Lr: 6.81e-04 | id_global: 4.339 id_part: 5.736 tri_global: 0.330 tri_part: 0.643 lgpa_assign: 5.665
2026-07-11 13:55:21 transreid.train INFO: Epoch[17] Iter[40/227] Loss: 8.348, Acc: 0.271, Base Lr: 6.81e-04 | id_global: 4.301 id_part: 5.717 tri_global: 0.360 tri_part: 0.645 lgpa_assign: 5.671
2026-07-11 13:55:24 transreid.train INFO: Epoch[17] Iter[60/227] Loss: 8.322, Acc: 0.277, Base Lr: 6.81e-04 | id_global: 4.267 id_part: 5.703 tri_global: 0.364 tri_part: 0.644 lgpa_assign: 5.666
2026-07-11 13:55:28 transreid.train INFO: Epoch[17] Iter[80/227] Loss: 8.283, Acc: 0.288, Base Lr: 6.81e-04 | id_global: 4.226 id_part: 5.679 tri_global: 0.358 tri_part: 0.642 lgpa_assign: 5.659
2026-07-11 13:55:31 transreid.train INFO: Epoch[17] Iter[100/227] Loss: 8.236, Acc: 0.304, Base Lr: 6.81e-04 | id_global: 4.170 id_part: 5.648 tri_global: 0.361 tri_part: 0.642 lgpa_assign: 5.651
2026-07-11 13:55:34 transreid.train INFO: Epoch[17] Iter[120/227] Loss: 8.193, Acc: 0.321, Base Lr: 6.81e-04 | id_global: 4.119 id_part: 5.627 tri_global: 0.357 tri_part: 0.641 lgpa_assign: 5.643
2026-07-11 13:55:38 transreid.train INFO: Epoch[17] Iter[140/227] Loss: 8.171, Acc: 0.329, Base Lr: 6.81e-04 | id_global: 4.091 id_part: 5.616 tri_global: 0.361 tri_part: 0.642 lgpa_assign: 5.633
2026-07-11 13:55:41 transreid.train INFO: Epoch[17] Iter[160/227] Loss: 8.130, Acc: 0.344, Base Lr: 6.81e-04 | id_global: 4.041 id_part: 5.592 tri_global: 0.360 tri_part: 0.641 lgpa_assign: 5.625
2026-07-11 13:55:44 transreid.train INFO: Epoch[17] Iter[180/227] Loss: 8.059, Acc: 0.372, Base Lr: 6.81e-04 | id_global: 3.952 id_part: 5.544 tri_global: 0.357 tri_part: 0.640 lgpa_assign: 5.626
2026-07-11 13:55:48 transreid.train INFO: Epoch[17] Iter[200/227] Loss: 7.960, Acc: 0.400, Base Lr: 6.81e-04 | id_global: 3.839 id_part: 5.475 tri_global: 0.349 tri_part: 0.638 lgpa_assign: 5.620
2026-07-11 13:55:50 transreid.train INFO: Epoch 17 done. Time per epoch: 36.242[s] Speed: 372.6[samples/s] ETA: 1h2m
2026-07-11 13:55:54 transreid.train INFO: Epoch[18] Iter[20/227] Loss: 8.159, Acc: 0.303, Base Lr: 7.21e-04 | id_global: 4.091 id_part: 5.638 tri_global: 0.353 tri_part: 0.644 lgpa_assign: 5.591
2026-07-11 13:55:57 transreid.train INFO: Epoch[18] Iter[40/227] Loss: 8.133, Acc: 0.303, Base Lr: 7.21e-04 | id_global: 4.084 id_part: 5.621 tri_global: 0.365 tri_part: 0.647 lgpa_assign: 5.549
2026-07-11 13:56:01 transreid.train INFO: Epoch[18] Iter[60/227] Loss: 8.084, Acc: 0.318, Base Lr: 7.21e-04 | id_global: 4.031 id_part: 5.600 tri_global: 0.351 tri_part: 0.645 lgpa_assign: 5.541
2026-07-11 13:56:04 transreid.train INFO: Epoch[18] Iter[80/227] Loss: 8.040, Acc: 0.334, Base Lr: 7.21e-04 | id_global: 3.988 id_part: 5.583 tri_global: 0.344 tri_part: 0.643 lgpa_assign: 5.523
2026-07-11 13:56:07 transreid.train INFO: Epoch[18] Iter[100/227] Loss: 8.003, Acc: 0.346, Base Lr: 7.21e-04 | id_global: 3.946 id_part: 5.560 tri_global: 0.343 tri_part: 0.640 lgpa_assign: 5.515
2026-07-11 13:56:11 transreid.train INFO: Epoch[18] Iter[120/227] Loss: 7.956, Acc: 0.363, Base Lr: 7.21e-04 | id_global: 3.903 id_part: 5.545 tri_global: 0.330 tri_part: 0.639 lgpa_assign: 5.496
2026-07-11 13:56:14 transreid.train INFO: Epoch[18] Iter[140/227] Loss: 7.928, Acc: 0.378, Base Lr: 7.21e-04 | id_global: 3.866 id_part: 5.529 tri_global: 0.337 tri_part: 0.639 lgpa_assign: 5.486
2026-07-11 13:56:17 transreid.train INFO: Epoch[18] Iter[160/227] Loss: 7.861, Acc: 0.404, Base Lr: 7.21e-04 | id_global: 3.785 id_part: 5.491 tri_global: 0.337 tri_part: 0.638 lgpa_assign: 5.471
2026-07-11 13:56:21 transreid.train INFO: Epoch[18] Iter[180/227] Loss: 7.783, Acc: 0.429, Base Lr: 7.21e-04 | id_global: 3.694 id_part: 5.443 tri_global: 0.332 tri_part: 0.637 lgpa_assign: 5.459
2026-07-11 13:56:24 transreid.train INFO: Epoch[18] Iter[200/227] Loss: 7.675, Acc: 0.462, Base Lr: 7.21e-04 | id_global: 3.568 id_part: 5.364 tri_global: 0.331 tri_part: 0.635 lgpa_assign: 5.452
2026-07-11 13:56:26 transreid.train INFO: Epoch 18 done. Time per epoch: 36.319[s] Speed: 371.8[samples/s] ETA: 1h1m
2026-07-11 13:56:30 transreid.train INFO: Epoch[19] Iter[20/227] Loss: 7.857, Acc: 0.348, Base Lr: 7.60e-04 | id_global: 3.831 id_part: 5.518 tri_global: 0.351 tri_part: 0.641 lgpa_assign: 5.374
2026-07-11 13:56:34 transreid.train INFO: Epoch[19] Iter[40/227] Loss: 7.815, Acc: 0.361, Base Lr: 7.60e-04 | id_global: 3.801 id_part: 5.502 tri_global: 0.337 tri_part: 0.638 lgpa_assign: 5.353
2026-07-11 13:56:37 transreid.train INFO: Epoch[19] Iter[60/227] Loss: 7.752, Acc: 0.378, Base Lr: 7.60e-04 | id_global: 3.736 id_part: 5.472 tri_global: 0.320 tri_part: 0.635 lgpa_assign: 5.342
2026-07-11 13:56:40 transreid.train INFO: Epoch[19] Iter[80/227] Loss: 7.733, Acc: 0.390, Base Lr: 7.60e-04 | id_global: 3.710 id_part: 5.472 tri_global: 0.316 tri_part: 0.634 lgpa_assign: 5.333
2026-07-11 13:56:44 transreid.train INFO: Epoch[19] Iter[100/227] Loss: 7.682, Acc: 0.406, Base Lr: 7.60e-04 | id_global: 3.653 id_part: 5.453 tri_global: 0.307 tri_part: 0.633 lgpa_assign: 5.318
2026-07-11 13:56:47 transreid.train INFO: Epoch[19] Iter[120/227] Loss: 7.637, Acc: 0.430, Base Lr: 7.60e-04 | id_global: 3.594 id_part: 5.423 tri_global: 0.310 tri_part: 0.633 lgpa_assign: 5.313
2026-07-11 13:56:50 transreid.train INFO: Epoch[19] Iter[140/227] Loss: 7.586, Acc: 0.449, Base Lr: 7.60e-04 | id_global: 3.529 id_part: 5.387 tri_global: 0.313 tri_part: 0.633 lgpa_assign: 5.310
2026-07-11 13:56:54 transreid.train INFO: Epoch[19] Iter[160/227] Loss: 7.523, Acc: 0.471, Base Lr: 7.60e-04 | id_global: 3.459 id_part: 5.346 tri_global: 0.314 tri_part: 0.632 lgpa_assign: 5.296
2026-07-11 13:56:57 transreid.train INFO: Epoch[19] Iter[180/227] Loss: 7.455, Acc: 0.490, Base Lr: 7.60e-04 | id_global: 3.386 id_part: 5.301 tri_global: 0.310 tri_part: 0.632 lgpa_assign: 5.281
2026-07-11 13:57:00 transreid.train INFO: Epoch[19] Iter[200/227] Loss: 7.368, Acc: 0.514, Base Lr: 7.60e-04 | id_global: 3.291 id_part: 5.235 tri_global: 0.308 tri_part: 0.631 lgpa_assign: 5.272
2026-07-11 13:57:03 transreid.train INFO: Epoch 19 done. Time per epoch: 36.687[s] Speed: 371.6[samples/s] ETA: 1h1m
2026-07-11 13:57:07 transreid.train INFO: Epoch[20] Iter[20/227] Loss: 7.604, Acc: 0.386, Base Lr: 7.47e-04 | id_global: 3.625 id_part: 5.488 tri_global: 0.296 tri_part: 0.632 lgpa_assign: 5.167
2026-07-11 13:57:10 transreid.train INFO: Epoch[20] Iter[40/227] Loss: 7.499, Acc: 0.426, Base Lr: 7.47e-04 | id_global: 3.521 id_part: 5.418 tri_global: 0.283 tri_part: 0.628 lgpa_assign: 5.148
2026-07-11 13:57:14 transreid.train INFO: Epoch[20] Iter[60/227] Loss: 7.487, Acc: 0.435, Base Lr: 7.47e-04 | id_global: 3.497 id_part: 5.414 tri_global: 0.289 tri_part: 0.630 lgpa_assign: 5.145
2026-07-11 13:57:17 transreid.train INFO: Epoch[20] Iter[80/227] Loss: 7.454, Acc: 0.448, Base Lr: 7.47e-04 | id_global: 3.463 id_part: 5.397 tri_global: 0.279 tri_part: 0.629 lgpa_assign: 5.139
2026-07-11 13:57:20 transreid.train INFO: Epoch[20] Iter[100/227] Loss: 7.393, Acc: 0.466, Base Lr: 7.47e-04 | id_global: 3.397 id_part: 5.364 tri_global: 0.273 tri_part: 0.627 lgpa_assign: 5.123
2026-07-11 13:57:24 transreid.train INFO: Epoch[20] Iter[120/227] Loss: 7.345, Acc: 0.479, Base Lr: 7.47e-04 | id_global: 3.350 id_part: 5.337 tri_global: 0.269 tri_part: 0.628 lgpa_assign: 5.107
2026-07-11 13:57:27 transreid.train INFO: Epoch[20] Iter[140/227] Loss: 7.291, Acc: 0.498, Base Lr: 7.47e-04 | id_global: 3.293 id_part: 5.306 tri_global: 0.268 tri_part: 0.628 lgpa_assign: 5.086
2026-07-11 13:57:30 transreid.train INFO: Epoch[20] Iter[160/227] Loss: 7.222, Acc: 0.518, Base Lr: 7.47e-04 | id_global: 3.224 id_part: 5.264 tri_global: 0.267 tri_part: 0.628 lgpa_assign: 5.061
2026-07-11 13:57:34 transreid.train INFO: Epoch[20] Iter[180/227] Loss: 7.158, Acc: 0.540, Base Lr: 7.47e-04 | id_global: 3.152 id_part: 5.222 tri_global: 0.269 tri_part: 0.628 lgpa_assign: 5.044
2026-07-11 13:57:37 transreid.train INFO: Epoch[20] Iter[200/227] Loss: 7.036, Acc: 0.569, Base Lr: 7.47e-04 | id_global: 3.027 id_part: 5.125 tri_global: 0.265 tri_part: 0.627 lgpa_assign: 5.029
2026-07-11 13:57:39 transreid.train INFO: Epoch 20 done. Time per epoch: 36.478[s] Speed: 373.7[samples/s] ETA: 1h0m
The test feature is normalized
=> Computing DistMat with euclidean_distance
2026-07-11 13:58:09 transreid.train INFO: Validation Results - Epoch: 20
2026-07-11 13:58:09 transreid.train INFO: mAP: 43.4%
2026-07-11 13:58:09 transreid.train INFO: CMC curve, Rank-1  :54.7%
2026-07-11 13:58:09 transreid.train INFO: CMC curve, Rank-5  :70.4%
2026-07-11 13:58:09 transreid.train INFO: CMC curve, Rank-10 :76.2%
2026-07-11 13:58:14 transreid.train INFO: Epoch[21] Iter[20/227] Loss: 7.325, Acc: 0.411, Base Lr: 7.41e-04 | id_global: 3.447 id_part: 5.370 tri_global: 0.318 tri_part: 0.632 lgpa_assign: 4.882
2026-07-11 13:58:17 transreid.train INFO: Epoch[21] Iter[40/227] Loss: 7.217, Acc: 0.463, Base Lr: 7.41e-04 | id_global: 3.310 id_part: 5.320 tri_global: 0.289 tri_part: 0.631 lgpa_assign: 4.885
2026-07-11 13:58:20 transreid.train INFO: Epoch[21] Iter[60/227] Loss: 7.184, Acc: 0.478, Base Lr: 7.41e-04 | id_global: 3.270 id_part: 5.302 tri_global: 0.298 tri_part: 0.633 lgpa_assign: 4.865
2026-07-11 13:58:24 transreid.train INFO: Epoch[21] Iter[80/227] Loss: 7.146, Acc: 0.496, Base Lr: 7.41e-04 | id_global: 3.225 id_part: 5.289 tri_global: 0.293 tri_part: 0.633 lgpa_assign: 4.852
2026-07-11 13:58:27 transreid.train INFO: Epoch[21] Iter[100/227] Loss: 7.071, Acc: 0.517, Base Lr: 7.41e-04 | id_global: 3.149 id_part: 5.251 tri_global: 0.283 tri_part: 0.632 lgpa_assign: 4.828
2026-07-11 13:58:31 transreid.train INFO: Epoch[21] Iter[120/227] Loss: 7.004, Acc: 0.543, Base Lr: 7.41e-04 | id_global: 3.066 id_part: 5.212 tri_global: 0.289 tri_part: 0.632 lgpa_assign: 4.809
2026-07-11 13:58:34 transreid.train INFO: Epoch[21] Iter[140/227] Loss: 6.949, Acc: 0.558, Base Lr: 7.41e-04 | id_global: 3.009 id_part: 5.178 tri_global: 0.286 tri_part: 0.632 lgpa_assign: 4.794
2026-07-11 13:58:37 transreid.train INFO: Epoch[21] Iter[160/227] Loss: 6.884, Acc: 0.578, Base Lr: 7.41e-04 | id_global: 2.947 id_part: 5.137 tri_global: 0.283 tri_part: 0.631 lgpa_assign: 4.770
2026-07-11 13:58:41 transreid.train INFO: Epoch[21] Iter[180/227] Loss: 6.817, Acc: 0.598, Base Lr: 7.41e-04 | id_global: 2.876 id_part: 5.087 tri_global: 0.283 tri_part: 0.630 lgpa_assign: 4.758
2026-07-11 13:58:44 transreid.train INFO: Epoch[21] Iter[200/227] Loss: 6.727, Acc: 0.620, Base Lr: 7.41e-04 | id_global: 2.786 id_part: 5.016 tri_global: 0.271 tri_part: 0.628 lgpa_assign: 4.752
2026-07-11 13:58:46 transreid.train INFO: Epoch 21 done. Time per epoch: 37.007[s] Speed: 366.6[samples/s] ETA: 1h1m
2026-07-11 13:58:51 transreid.train INFO: Epoch[22] Iter[20/227] Loss: 6.864, Acc: 0.510, Base Lr: 7.36e-04 | id_global: 3.073 id_part: 5.229 tri_global: 0.244 tri_part: 0.633 lgpa_assign: 4.549
2026-07-11 13:58:54 transreid.train INFO: Epoch[22] Iter[40/227] Loss: 6.858, Acc: 0.526, Base Lr: 7.36e-04 | id_global: 3.042 id_part: 5.230 tri_global: 0.250 tri_part: 0.635 lgpa_assign: 4.560
2026-07-11 13:58:57 transreid.train INFO: Epoch[22] Iter[60/227] Loss: 6.823, Acc: 0.543, Base Lr: 7.36e-04 | id_global: 2.994 id_part: 5.213 tri_global: 0.249 tri_part: 0.635 lgpa_assign: 4.555
2026-07-11 13:59:01 transreid.train INFO: Epoch[22] Iter[80/227] Loss: 6.780, Acc: 0.564, Base Lr: 7.36e-04 | id_global: 2.952 id_part: 5.192 tri_global: 0.251 tri_part: 0.634 lgpa_assign: 4.532
2026-07-11 13:59:04 transreid.train INFO: Epoch[22] Iter[100/227] Loss: 6.749, Acc: 0.573, Base Lr: 7.36e-04 | id_global: 2.911 id_part: 5.170 tri_global: 0.254 tri_part: 0.633 lgpa_assign: 4.530
2026-07-11 13:59:08 transreid.train INFO: Epoch[22] Iter[120/227] Loss: 6.706, Acc: 0.591, Base Lr: 7.36e-04 | id_global: 2.868 id_part: 5.151 tri_global: 0.244 tri_part: 0.632 lgpa_assign: 4.517
2026-07-11 13:59:11 transreid.train INFO: Epoch[22] Iter[140/227] Loss: 6.658, Acc: 0.609, Base Lr: 7.36e-04 | id_global: 2.817 id_part: 5.124 tri_global: 0.239 tri_part: 0.632 lgpa_assign: 4.504
2026-07-11 13:59:14 transreid.train INFO: Epoch[22] Iter[160/227] Loss: 6.589, Acc: 0.627, Base Lr: 7.36e-04 | id_global: 2.749 id_part: 5.082 tri_global: 0.232 tri_part: 0.631 lgpa_assign: 4.484
2026-07-11 13:59:18 transreid.train INFO: Epoch[22] Iter[180/227] Loss: 6.516, Acc: 0.647, Base Lr: 7.36e-04 | id_global: 2.669 id_part: 5.030 tri_global: 0.232 tri_part: 0.630 lgpa_assign: 4.470
2026-07-11 13:59:21 transreid.train INFO: Epoch[22] Iter[200/227] Loss: 6.404, Acc: 0.670, Base Lr: 7.36e-04 | id_global: 2.560 id_part: 4.935 tri_global: 0.228 tri_part: 0.629 lgpa_assign: 4.455
2026-07-11 13:59:23 transreid.train INFO: Epoch 22 done. Time per epoch: 37.111[s] Speed: 367.3[samples/s] ETA: 1h0m
2026-07-11 13:59:28 transreid.train INFO: Epoch[23] Iter[20/227] Loss: 6.501, Acc: 0.592, Base Lr: 7.30e-04 | id_global: 2.736 id_part: 5.056 tri_global: 0.237 tri_part: 0.630 lgpa_assign: 4.344
2026-07-11 13:59:31 transreid.train INFO: Epoch[23] Iter[40/227] Loss: 6.475, Acc: 0.609, Base Lr: 7.30e-04 | id_global: 2.701 id_part: 5.067 tri_global: 0.233 tri_part: 0.631 lgpa_assign: 4.318
2026-07-11 13:59:34 transreid.train INFO: Epoch[23] Iter[60/227] Loss: 6.478, Acc: 0.608, Base Lr: 7.30e-04 | id_global: 2.713 id_part: 5.074 tri_global: 0.229 tri_part: 0.633 lgpa_assign: 4.306
2026-07-11 13:59:38 transreid.train INFO: Epoch[23] Iter[80/227] Loss: 6.453, Acc: 0.622, Base Lr: 7.30e-04 | id_global: 2.684 id_part: 5.068 tri_global: 0.230 tri_part: 0.632 lgpa_assign: 4.293
2026-07-11 13:59:41 transreid.train INFO: Epoch[23] Iter[100/227] Loss: 6.414, Acc: 0.632, Base Lr: 7.30e-04 | id_global: 2.640 id_part: 5.044 tri_global: 0.229 tri_part: 0.632 lgpa_assign: 4.282
2026-07-11 13:59:45 transreid.train INFO: Epoch[23] Iter[120/227] Loss: 6.366, Acc: 0.644, Base Lr: 7.30e-04 | id_global: 2.594 id_part: 5.020 tri_global: 0.220 tri_part: 0.631 lgpa_assign: 4.266
2026-07-11 13:59:48 transreid.train INFO: Epoch[23] Iter[140/227] Loss: 6.335, Acc: 0.654, Base Lr: 7.30e-04 | id_global: 2.559 id_part: 5.006 tri_global: 0.227 tri_part: 0.632 lgpa_assign: 4.246
2026-07-11 13:59:51 transreid.train INFO: Epoch[23] Iter[160/227] Loss: 6.281, Acc: 0.669, Base Lr: 7.30e-04 | id_global: 2.505 id_part: 4.963 tri_global: 0.222 tri_part: 0.631 lgpa_assign: 4.242
2026-07-11 13:59:55 transreid.train INFO: Epoch[23] Iter[180/227] Loss: 6.212, Acc: 0.686, Base Lr: 7.30e-04 | id_global: 2.434 id_part: 4.916 tri_global: 0.216 tri_part: 0.630 lgpa_assign: 4.227
2026-07-11 13:59:58 transreid.train INFO: Epoch[23] Iter[200/227] Loss: 6.112, Acc: 0.708, Base Lr: 7.30e-04 | id_global: 2.340 id_part: 4.826 tri_global: 0.215 tri_part: 0.629 lgpa_assign: 4.214
2026-07-11 14:00:00 transreid.train INFO: Epoch 23 done. Time per epoch: 36.881[s] Speed: 367.9[samples/s] ETA: 0h59m
2026-07-11 14:00:05 transreid.train INFO: Epoch[24] Iter[20/227] Loss: 6.341, Acc: 0.603, Base Lr: 7.24e-04 | id_global: 2.647 id_part: 5.081 tri_global: 0.210 tri_part: 0.631 lgpa_assign: 4.111
2026-07-11 14:00:08 transreid.train INFO: Epoch[24] Iter[40/227] Loss: 6.277, Acc: 0.637, Base Lr: 7.24e-04 | id_global: 2.567 id_part: 5.039 tri_global: 0.200 tri_part: 0.631 lgpa_assign: 4.118
2026-07-11 14:00:11 transreid.train INFO: Epoch[24] Iter[60/227] Loss: 6.199, Acc: 0.654, Base Lr: 7.24e-04 | id_global: 2.496 id_part: 4.990 tri_global: 0.195 tri_part: 0.627 lgpa_assign: 4.090
2026-07-11 14:00:15 transreid.train INFO: Epoch[24] Iter[80/227] Loss: 6.193, Acc: 0.662, Base Lr: 7.24e-04 | id_global: 2.473 id_part: 4.999 tri_global: 0.193 tri_part: 0.628 lgpa_assign: 4.093
2026-07-11 14:00:18 transreid.train INFO: Epoch[24] Iter[100/227] Loss: 6.167, Acc: 0.670, Base Lr: 7.24e-04 | id_global: 2.441 id_part: 4.985 tri_global: 0.204 tri_part: 0.628 lgpa_assign: 4.077
2026-07-11 14:00:21 transreid.train INFO: Epoch[24] Iter[120/227] Loss: 6.130, Acc: 0.682, Base Lr: 7.24e-04 | id_global: 2.397 id_part: 4.956 tri_global: 0.204 tri_part: 0.628 lgpa_assign: 4.074
2026-07-11 14:00:25 transreid.train INFO: Epoch[24] Iter[140/227] Loss: 6.087, Acc: 0.697, Base Lr: 7.24e-04 | id_global: 2.350 id_part: 4.927 tri_global: 0.200 tri_part: 0.627 lgpa_assign: 4.070
2026-07-11 14:00:28 transreid.train INFO: Epoch[24] Iter[160/227] Loss: 6.028, Acc: 0.713, Base Lr: 7.24e-04 | id_global: 2.288 id_part: 4.880 tri_global: 0.199 tri_part: 0.627 lgpa_assign: 4.062
2026-07-11 14:00:32 transreid.train INFO: Epoch[24] Iter[180/227] Loss: 5.971, Acc: 0.727, Base Lr: 7.24e-04 | id_global: 2.226 id_part: 4.830 tri_global: 0.204 tri_part: 0.627 lgpa_assign: 4.056
2026-07-11 14:00:35 transreid.train INFO: Epoch[24] Iter[200/227] Loss: 5.881, Acc: 0.745, Base Lr: 7.24e-04 | id_global: 2.140 id_part: 4.747 tri_global: 0.201 tri_part: 0.626 lgpa_assign: 4.048
2026-07-11 14:00:37 transreid.train INFO: Epoch 24 done. Time per epoch: 36.879[s] Speed: 367.9[samples/s] ETA: 0h59m
2026-07-11 14:00:41 transreid.train INFO: Epoch[25] Iter[20/227] Loss: 6.102, Acc: 0.677, Base Lr: 7.18e-04 | id_global: 2.416 id_part: 4.995 tri_global: 0.168 tri_part: 0.623 lgpa_assign: 4.001
2026-07-11 14:00:45 transreid.train INFO: Epoch[25] Iter[40/227] Loss: 6.066, Acc: 0.663, Base Lr: 7.18e-04 | id_global: 2.409 id_part: 4.959 tri_global: 0.181 tri_part: 0.626 lgpa_assign: 3.958
2026-07-11 14:00:48 transreid.train INFO: Epoch[25] Iter[60/227] Loss: 6.010, Acc: 0.678, Base Lr: 7.18e-04 | id_global: 2.340 id_part: 4.919 tri_global: 0.189 tri_part: 0.628 lgpa_assign: 3.943
2026-07-11 14:00:52 transreid.train INFO: Epoch[25] Iter[80/227] Loss: 5.981, Acc: 0.690, Base Lr: 7.18e-04 | id_global: 2.310 id_part: 4.918 tri_global: 0.187 tri_part: 0.628 lgpa_assign: 3.920
2026-07-11 14:00:55 transreid.train INFO: Epoch[25] Iter[100/227] Loss: 5.945, Acc: 0.703, Base Lr: 7.18e-04 | id_global: 2.267 id_part: 4.893 tri_global: 0.188 tri_part: 0.628 lgpa_assign: 3.914
2026-07-11 14:00:58 transreid.train INFO: Epoch[25] Iter[120/227] Loss: 5.904, Acc: 0.713, Base Lr: 7.18e-04 | id_global: 2.226 id_part: 4.870 tri_global: 0.183 tri_part: 0.628 lgpa_assign: 3.902
2026-07-11 14:01:02 transreid.train INFO: Epoch[25] Iter[140/227] Loss: 5.848, Acc: 0.728, Base Lr: 7.18e-04 | id_global: 2.163 id_part: 4.826 tri_global: 0.181 tri_part: 0.628 lgpa_assign: 3.898
2026-07-11 14:01:05 transreid.train INFO: Epoch[25] Iter[160/227] Loss: 5.791, Acc: 0.742, Base Lr: 7.18e-04 | id_global: 2.108 id_part: 4.786 tri_global: 0.178 tri_part: 0.627 lgpa_assign: 3.883
2026-07-11 14:01:08 transreid.train INFO: Epoch[25] Iter[180/227] Loss: 5.739, Acc: 0.754, Base Lr: 7.18e-04 | id_global: 2.056 id_part: 4.744 tri_global: 0.175 tri_part: 0.626 lgpa_assign: 3.877
2026-07-11 14:01:12 transreid.train INFO: Epoch[25] Iter[200/227] Loss: 5.653, Acc: 0.770, Base Lr: 7.18e-04 | id_global: 1.978 id_part: 4.655 tri_global: 0.172 tri_part: 0.625 lgpa_assign: 3.876
2026-07-11 14:01:14 transreid.train INFO: Epoch 25 done. Time per epoch: 36.877[s] Speed: 367.9[samples/s] ETA: 0h58m
2026-07-11 14:01:18 transreid.train INFO: Epoch[26] Iter[20/227] Loss: 5.967, Acc: 0.652, Base Lr: 7.11e-04 | id_global: 2.403 id_part: 4.974 tri_global: 0.182 tri_part: 0.622 lgpa_assign: 3.754
2026-07-11 14:01:22 transreid.train INFO: Epoch[26] Iter[40/227] Loss: 5.941, Acc: 0.680, Base Lr: 7.11e-04 | id_global: 2.331 id_part: 4.969 tri_global: 0.203 tri_part: 0.628 lgpa_assign: 3.751
2026-07-11 14:01:25 transreid.train INFO: Epoch[26] Iter[60/227] Loss: 5.856, Acc: 0.707, Base Lr: 7.11e-04 | id_global: 2.237 id_part: 4.923 tri_global: 0.184 tri_part: 0.626 lgpa_assign: 3.742
2026-07-11 14:01:29 transreid.train INFO: Epoch[26] Iter[80/227] Loss: 5.837, Acc: 0.715, Base Lr: 7.11e-04 | id_global: 2.200 id_part: 4.903 tri_global: 0.208 tri_part: 0.628 lgpa_assign: 3.735
2026-07-11 14:01:32 transreid.train INFO: Epoch[26] Iter[100/227] Loss: 5.806, Acc: 0.723, Base Lr: 7.11e-04 | id_global: 2.168 id_part: 4.878 tri_global: 0.206 tri_part: 0.630 lgpa_assign: 3.730
2026-07-11 14:01:35 transreid.train INFO: Epoch[26] Iter[120/227] Loss: 5.767, Acc: 0.733, Base Lr: 7.11e-04 | id_global: 2.125 id_part: 4.850 tri_global: 0.202 tri_part: 0.630 lgpa_assign: 3.727
2026-07-11 14:01:39 transreid.train INFO: Epoch[26] Iter[140/227] Loss: 5.715, Acc: 0.749, Base Lr: 7.11e-04 | id_global: 2.067 id_part: 4.813 tri_global: 0.194 tri_part: 0.629 lgpa_assign: 3.727
2026-07-11 14:01:42 transreid.train INFO: Epoch[26] Iter[160/227] Loss: 5.648, Acc: 0.767, Base Lr: 7.11e-04 | id_global: 1.996 id_part: 4.764 tri_global: 0.186 tri_part: 0.628 lgpa_assign: 3.721
2026-07-11 14:01:45 transreid.train INFO: Epoch[26] Iter[180/227] Loss: 5.563, Acc: 0.786, Base Lr: 7.11e-04 | id_global: 1.916 id_part: 4.691 tri_global: 0.183 tri_part: 0.627 lgpa_assign: 3.710
2026-07-11 14:01:49 transreid.train INFO: Epoch[26] Iter[200/227] Loss: 5.465, Acc: 0.801, Base Lr: 7.11e-04 | id_global: 1.827 id_part: 4.576 tri_global: 0.183 tri_part: 0.626 lgpa_assign: 3.716
2026-07-11 14:01:51 transreid.train INFO: Epoch 26 done. Time per epoch: 36.939[s] Speed: 367.3[samples/s] ETA: 0h57m
2026-07-11 14:01:55 transreid.train INFO: Epoch[27] Iter[20/227] Loss: 5.759, Acc: 0.684, Base Lr: 7.04e-04 | id_global: 2.160 id_part: 4.845 tri_global: 0.202 tri_part: 0.635 lgpa_assign: 3.674
2026-07-11 14:01:59 transreid.train INFO: Epoch[27] Iter[40/227] Loss: 5.695, Acc: 0.713, Base Lr: 7.04e-04 | id_global: 2.084 id_part: 4.835 tri_global: 0.181 tri_part: 0.633 lgpa_assign: 3.656
2026-07-11 14:02:02 transreid.train INFO: Epoch[27] Iter[60/227] Loss: 5.674, Acc: 0.722, Base Lr: 7.04e-04 | id_global: 2.063 id_part: 4.820 tri_global: 0.172 tri_part: 0.631 lgpa_assign: 3.662
2026-07-11 14:02:05 transreid.train INFO: Epoch[27] Iter[80/227] Loss: 5.590, Acc: 0.747, Base Lr: 7.04e-04 | id_global: 1.986 id_part: 4.776 tri_global: 0.161 tri_part: 0.628 lgpa_assign: 3.629
2026-07-11 14:02:09 transreid.train INFO: Epoch[27] Iter[100/227] Loss: 5.579, Acc: 0.754, Base Lr: 7.04e-04 | id_global: 1.970 id_part: 4.769 tri_global: 0.161 tri_part: 0.628 lgpa_assign: 3.630
2026-07-11 14:02:12 transreid.train INFO: Epoch[27] Iter[120/227] Loss: 5.531, Acc: 0.765, Base Lr: 7.04e-04 | id_global: 1.921 id_part: 4.725 tri_global: 0.164 tri_part: 0.627 lgpa_assign: 3.624
2026-07-11 14:02:16 transreid.train INFO: Epoch[27] Iter[140/227] Loss: 5.481, Acc: 0.779, Base Lr: 7.04e-04 | id_global: 1.872 id_part: 4.690 tri_global: 0.160 tri_part: 0.626 lgpa_assign: 3.615
2026-07-11 14:02:19 transreid.train INFO: Epoch[27] Iter[160/227] Loss: 5.431, Acc: 0.792, Base Lr: 7.04e-04 | id_global: 1.816 id_part: 4.645 tri_global: 0.168 tri_part: 0.627 lgpa_assign: 3.606
2026-07-11 14:02:22 transreid.train INFO: Epoch[27] Iter[180/227] Loss: 5.370, Acc: 0.804, Base Lr: 7.04e-04 | id_global: 1.758 id_part: 4.580 tri_global: 0.171 tri_part: 0.626 lgpa_assign: 3.605
2026-07-11 14:02:26 transreid.train INFO: Epoch[27] Iter[200/227] Loss: 5.295, Acc: 0.817, Base Lr: 7.04e-04 | id_global: 1.688 id_part: 4.497 tri_global: 0.171 tri_part: 0.625 lgpa_assign: 3.608
2026-07-11 14:02:28 transreid.train INFO: Epoch 27 done. Time per epoch: 37.343[s] Speed: 363.3[samples/s] ETA: 0h57m
2026-07-11 14:02:33 transreid.train INFO: Epoch[28] Iter[20/227] Loss: 5.566, Acc: 0.729, Base Lr: 6.97e-04 | id_global: 1.978 id_part: 4.781 tri_global: 0.162 tri_part: 0.629 lgpa_assign: 3.582
2026-07-11 14:02:36 transreid.train INFO: Epoch[28] Iter[40/227] Loss: 5.525, Acc: 0.741, Base Lr: 6.97e-04 | id_global: 1.961 id_part: 4.805 tri_global: 0.135 tri_part: 0.628 lgpa_assign: 3.521
2026-07-11 14:02:39 transreid.train INFO: Epoch[28] Iter[60/227] Loss: 5.461, Acc: 0.764, Base Lr: 6.97e-04 | id_global: 1.882 id_part: 4.749 tri_global: 0.144 tri_part: 0.629 lgpa_assign: 3.519
2026-07-11 14:02:43 transreid.train INFO: Epoch[28] Iter[80/227] Loss: 5.427, Acc: 0.778, Base Lr: 6.97e-04 | id_global: 1.842 id_part: 4.727 tri_global: 0.141 tri_part: 0.628 lgpa_assign: 3.516
2026-07-11 14:02:46 transreid.train INFO: Epoch[28] Iter[100/227] Loss: 5.402, Acc: 0.785, Base Lr: 6.97e-04 | id_global: 1.815 id_part: 4.702 tri_global: 0.150 tri_part: 0.627 lgpa_assign: 3.510
2026-07-11 14:02:49 transreid.train INFO: Epoch[28] Iter[120/227] Loss: 5.356, Acc: 0.796, Base Lr: 6.97e-04 | id_global: 1.772 id_part: 4.667 tri_global: 0.145 tri_part: 0.626 lgpa_assign: 3.501
2026-07-11 14:02:53 transreid.train INFO: Epoch[28] Iter[140/227] Loss: 5.301, Acc: 0.810, Base Lr: 6.97e-04 | id_global: 1.716 id_part: 4.621 tri_global: 0.142 tri_part: 0.625 lgpa_assign: 3.498
2026-07-11 14:02:56 transreid.train INFO: Epoch[28] Iter[160/227] Loss: 5.268, Acc: 0.816, Base Lr: 6.97e-04 | id_global: 1.683 id_part: 4.590 tri_global: 0.140 tri_part: 0.624 lgpa_assign: 3.498
2026-07-11 14:03:00 transreid.train INFO: Epoch[28] Iter[180/227] Loss: 5.201, Acc: 0.829, Base Lr: 6.97e-04 | id_global: 1.626 id_part: 4.519 tri_global: 0.144 tri_part: 0.624 lgpa_assign: 3.490
2026-07-11 14:03:03 transreid.train INFO: Epoch[28] Iter[200/227] Loss: 5.108, Acc: 0.842, Base Lr: 6.97e-04 | id_global: 1.549 id_part: 4.416 tri_global: 0.141 tri_part: 0.622 lgpa_assign: 3.487
2026-07-11 14:03:05 transreid.train INFO: Epoch 28 done. Time per epoch: 36.945[s] Speed: 369.0[samples/s] ETA: 0h56m
2026-07-11 14:03:10 transreid.train INFO: Epoch[29] Iter[20/227] Loss: 5.397, Acc: 0.766, Base Lr: 6.90e-04 | id_global: 1.875 id_part: 4.773 tri_global: 0.137 tri_part: 0.626 lgpa_assign: 3.383
2026-07-11 14:03:13 transreid.train INFO: Epoch[29] Iter[40/227] Loss: 5.297, Acc: 0.786, Base Lr: 6.90e-04 | id_global: 1.769 id_part: 4.686 tri_global: 0.122 tri_part: 0.620 lgpa_assign: 3.397
2026-07-11 14:03:16 transreid.train INFO: Epoch[29] Iter[60/227] Loss: 5.292, Acc: 0.799, Base Lr: 6.90e-04 | id_global: 1.737 id_part: 4.690 tri_global: 0.130 tri_part: 0.619 lgpa_assign: 3.408
2026-07-11 14:03:20 transreid.train INFO: Epoch[29] Iter[80/227] Loss: 5.245, Acc: 0.806, Base Lr: 6.90e-04 | id_global: 1.689 id_part: 4.652 tri_global: 0.135 tri_part: 0.620 lgpa_assign: 3.394
2026-07-11 14:03:23 transreid.train INFO: Epoch[29] Iter[100/227] Loss: 5.217, Acc: 0.812, Base Lr: 6.90e-04 | id_global: 1.660 id_part: 4.622 tri_global: 0.134 tri_part: 0.621 lgpa_assign: 3.397
2026-07-11 14:03:26 transreid.train INFO: Epoch[29] Iter[120/227] Loss: 5.173, Acc: 0.822, Base Lr: 6.90e-04 | id_global: 1.622 id_part: 4.586 tri_global: 0.129 tri_part: 0.621 lgpa_assign: 3.388
2026-07-11 14:03:30 transreid.train INFO: Epoch[29] Iter[140/227] Loss: 5.146, Acc: 0.829, Base Lr: 6.90e-04 | id_global: 1.592 id_part: 4.567 tri_global: 0.127 tri_part: 0.622 lgpa_assign: 3.385
2026-07-11 14:03:33 transreid.train INFO: Epoch[29] Iter[160/227] Loss: 5.112, Acc: 0.836, Base Lr: 6.90e-04 | id_global: 1.557 id_part: 4.533 tri_global: 0.130 tri_part: 0.621 lgpa_assign: 3.384
2026-07-11 14:03:36 transreid.train INFO: Epoch[29] Iter[180/227] Loss: 5.053, Acc: 0.845, Base Lr: 6.90e-04 | id_global: 1.504 id_part: 4.459 tri_global: 0.131 tri_part: 0.621 lgpa_assign: 3.392
2026-07-11 14:03:40 transreid.train INFO: Epoch[29] Iter[200/227] Loss: 4.970, Acc: 0.855, Base Lr: 6.90e-04 | id_global: 1.443 id_part: 4.356 tri_global: 0.136 tri_part: 0.620 lgpa_assign: 3.385
2026-07-11 14:03:42 transreid.train INFO: Epoch 29 done. Time per epoch: 36.569[s] Speed: 369.3[samples/s] ETA: 0h55m
2026-07-11 14:03:46 transreid.train INFO: Epoch[30] Iter[20/227] Loss: 5.229, Acc: 0.793, Base Lr: 6.83e-04 | id_global: 1.717 id_part: 4.633 tri_global: 0.132 tri_part: 0.631 lgpa_assign: 3.346
2026-07-11 14:03:49 transreid.train INFO: Epoch[30] Iter[40/227] Loss: 5.204, Acc: 0.800, Base Lr: 6.83e-04 | id_global: 1.697 id_part: 4.649 tri_global: 0.141 tri_part: 0.627 lgpa_assign: 3.295
2026-07-11 14:03:53 transreid.train INFO: Epoch[30] Iter[60/227] Loss: 5.192, Acc: 0.805, Base Lr: 6.83e-04 | id_global: 1.677 id_part: 4.648 tri_global: 0.140 tri_part: 0.626 lgpa_assign: 3.294
2026-07-11 14:03:56 transreid.train INFO: Epoch[30] Iter[80/227] Loss: 5.129, Acc: 0.825, Base Lr: 6.83e-04 | id_global: 1.600 id_part: 4.598 tri_global: 0.131 tri_part: 0.624 lgpa_assign: 3.305
2026-07-11 14:04:00 transreid.train INFO: Epoch[30] Iter[100/227] Loss: 5.109, Acc: 0.831, Base Lr: 6.83e-04 | id_global: 1.579 id_part: 4.590 tri_global: 0.127 tri_part: 0.623 lgpa_assign: 3.299
2026-07-11 14:04:03 transreid.train INFO: Epoch[30] Iter[120/227] Loss: 5.064, Acc: 0.838, Base Lr: 6.83e-04 | id_global: 1.536 id_part: 4.545 tri_global: 0.131 tri_part: 0.623 lgpa_assign: 3.292
2026-07-11 14:04:06 transreid.train INFO: Epoch[30] Iter[140/227] Loss: 5.009, Acc: 0.845, Base Lr: 6.83e-04 | id_global: 1.488 id_part: 4.491 tri_global: 0.128 tri_part: 0.622 lgpa_assign: 3.289
2026-07-11 14:04:10 transreid.train INFO: Epoch[30] Iter[160/227] Loss: 4.954, Acc: 0.855, Base Lr: 6.83e-04 | id_global: 1.442 id_part: 4.448 tri_global: 0.123 tri_part: 0.621 lgpa_assign: 3.273
2026-07-11 14:04:13 transreid.train INFO: Epoch[30] Iter[180/227] Loss: 4.884, Acc: 0.865, Base Lr: 6.83e-04 | id_global: 1.382 id_part: 4.372 tri_global: 0.120 tri_part: 0.620 lgpa_assign: 3.275
2026-07-11 14:04:17 transreid.train INFO: Epoch[30] Iter[200/227] Loss: 4.805, Acc: 0.873, Base Lr: 6.83e-04 | id_global: 1.325 id_part: 4.272 tri_global: 0.120 tri_part: 0.619 lgpa_assign: 3.274
2026-07-11 14:04:18 transreid.train INFO: Epoch 30 done. Time per epoch: 36.792[s] Speed: 367.0[samples/s] ETA: 0h55m
The test feature is normalized
=> Computing DistMat with euclidean_distance
2026-07-11 14:04:48 transreid.train INFO: Validation Results - Epoch: 30
2026-07-11 14:04:48 transreid.train INFO: mAP: 50.9%
2026-07-11 14:04:48 transreid.train INFO: CMC curve, Rank-1  :60.5%
2026-07-11 14:04:48 transreid.train INFO: CMC curve, Rank-5  :75.2%
2026-07-11 14:04:48 transreid.train INFO: CMC curve, Rank-10 :80.1%
2026-07-11 14:04:53 transreid.train INFO: Epoch[31] Iter[20/227] Loss: 5.031, Acc: 0.813, Base Lr: 6.76e-04 | id_global: 1.537 id_part: 4.568 tri_global: 0.101 tri_part: 0.616 lgpa_assign: 3.242
2026-07-11 14:04:56 transreid.train INFO: Epoch[31] Iter[40/227] Loss: 5.006, Acc: 0.831, Base Lr: 6.76e-04 | id_global: 1.508 id_part: 4.566 tri_global: 0.110 tri_part: 0.620 lgpa_assign: 3.209
2026-07-11 14:05:00 transreid.train INFO: Epoch[31] Iter[60/227] Loss: 4.966, Acc: 0.832, Base Lr: 6.76e-04 | id_global: 1.485 id_part: 4.526 tri_global: 0.111 tri_part: 0.621 lgpa_assign: 3.189
2026-07-11 14:05:03 transreid.train INFO: Epoch[31] Iter[80/227] Loss: 4.962, Acc: 0.836, Base Lr: 6.76e-04 | id_global: 1.478 id_part: 4.517 tri_global: 0.111 tri_part: 0.620 lgpa_assign: 3.197
2026-07-11 14:05:06 transreid.train INFO: Epoch[31] Iter[100/227] Loss: 4.940, Acc: 0.842, Base Lr: 6.76e-04 | id_global: 1.457 id_part: 4.498 tri_global: 0.108 tri_part: 0.618 lgpa_assign: 3.199
2026-07-11 14:05:10 transreid.train INFO: Epoch[31] Iter[120/227] Loss: 4.917, Acc: 0.848, Base Lr: 6.76e-04 | id_global: 1.426 id_part: 4.476 tri_global: 0.111 tri_part: 0.619 lgpa_assign: 3.202
2026-07-11 14:05:13 transreid.train INFO: Epoch[31] Iter[140/227] Loss: 4.881, Acc: 0.857, Base Lr: 6.76e-04 | id_global: 1.390 id_part: 4.441 tri_global: 0.110 tri_part: 0.619 lgpa_assign: 3.202
2026-07-11 14:05:17 transreid.train INFO: Epoch[31] Iter[160/227] Loss: 4.826, Acc: 0.868, Base Lr: 6.76e-04 | id_global: 1.341 id_part: 4.390 tri_global: 0.109 tri_part: 0.618 lgpa_assign: 3.194
2026-07-11 14:05:20 transreid.train INFO: Epoch[31] Iter[180/227] Loss: 4.764, Acc: 0.876, Base Lr: 6.76e-04 | id_global: 1.293 id_part: 4.319 tri_global: 0.109 tri_part: 0.617 lgpa_assign: 3.191
2026-07-11 14:05:23 transreid.train INFO: Epoch[31] Iter[200/227] Loss: 4.667, Acc: 0.884, Base Lr: 6.76e-04 | id_global: 1.230 id_part: 4.190 tri_global: 0.107 tri_part: 0.615 lgpa_assign: 3.193
2026-07-11 14:05:25 transreid.train INFO: Epoch 31 done. Time per epoch: 36.731[s] Speed: 367.6[samples/s] ETA: 0h54m
2026-07-11 14:05:30 transreid.train INFO: Epoch[32] Iter[20/227] Loss: 4.854, Acc: 0.846, Base Lr: 6.68e-04 | id_global: 1.404 id_part: 4.456 tri_global: 0.106 tri_part: 0.620 lgpa_assign: 3.123
2026-07-11 14:05:33 transreid.train INFO: Epoch[32] Iter[40/227] Loss: 4.850, Acc: 0.847, Base Lr: 6.68e-04 | id_global: 1.394 id_part: 4.454 tri_global: 0.095 tri_part: 0.616 lgpa_assign: 3.142
2026-07-11 14:05:36 transreid.train INFO: Epoch[32] Iter[60/227] Loss: 4.863, Acc: 0.852, Base Lr: 6.68e-04 | id_global: 1.394 id_part: 4.469 tri_global: 0.103 tri_part: 0.615 lgpa_assign: 3.145
2026-07-11 14:05:40 transreid.train INFO: Epoch[32] Iter[80/227] Loss: 4.845, Acc: 0.854, Base Lr: 6.68e-04 | id_global: 1.380 id_part: 4.445 tri_global: 0.111 tri_part: 0.617 lgpa_assign: 3.138
2026-07-11 14:05:43 transreid.train INFO: Epoch[32] Iter[100/227] Loss: 4.794, Acc: 0.865, Base Lr: 6.68e-04 | id_global: 1.331 id_part: 4.405 tri_global: 0.111 tri_part: 0.616 lgpa_assign: 3.125
2026-07-11 14:05:47 transreid.train INFO: Epoch[32] Iter[120/227] Loss: 4.753, Acc: 0.873, Base Lr: 6.68e-04 | id_global: 1.292 id_part: 4.365 tri_global: 0.110 tri_part: 0.614 lgpa_assign: 3.126
2026-07-11 14:05:50 transreid.train INFO: Epoch[32] Iter[140/227] Loss: 4.724, Acc: 0.879, Base Lr: 6.68e-04 | id_global: 1.267 id_part: 4.332 tri_global: 0.108 tri_part: 0.614 lgpa_assign: 3.128
2026-07-11 14:05:53 transreid.train INFO: Epoch[32] Iter[160/227] Loss: 4.677, Acc: 0.886, Base Lr: 6.68e-04 | id_global: 1.227 id_part: 4.283 tri_global: 0.107 tri_part: 0.614 lgpa_assign: 3.124
2026-07-11 14:05:57 transreid.train INFO: Epoch[32] Iter[180/227] Loss: 4.625, Acc: 0.892, Base Lr: 6.68e-04 | id_global: 1.185 id_part: 4.221 tri_global: 0.106 tri_part: 0.614 lgpa_assign: 3.124
2026-07-11 14:06:00 transreid.train INFO: Epoch[32] Iter[200/227] Loss: 4.554, Acc: 0.897, Base Lr: 6.68e-04 | id_global: 1.140 id_part: 4.120 tri_global: 0.109 tri_part: 0.613 lgpa_assign: 3.127
2026-07-11 14:06:02 transreid.train INFO: Epoch 32 done. Time per epoch: 36.888[s] Speed: 367.8[samples/s] ETA: 0h54m
2026-07-11 14:06:07 transreid.train INFO: Epoch[33] Iter[20/227] Loss: 4.704, Acc: 0.861, Base Lr: 6.60e-04 | id_global: 1.275 id_part: 4.369 tri_global: 0.100 tri_part: 0.612 lgpa_assign: 3.052
2026-07-11 14:06:10 transreid.train INFO: Epoch[33] Iter[40/227] Loss: 4.774, Acc: 0.837, Base Lr: 6.60e-04 | id_global: 1.359 id_part: 4.438 tri_global: 0.099 tri_part: 0.614 lgpa_assign: 3.038
2026-07-11 14:06:13 transreid.train INFO: Epoch[33] Iter[60/227] Loss: 4.764, Acc: 0.842, Base Lr: 6.60e-04 | id_global: 1.353 id_part: 4.429 tri_global: 0.101 tri_part: 0.614 lgpa_assign: 3.032
2026-07-11 14:06:17 transreid.train INFO: Epoch[33] Iter[80/227] Loss: 4.729, Acc: 0.856, Base Lr: 6.60e-04 | id_global: 1.306 id_part: 4.376 tri_global: 0.107 tri_part: 0.616 lgpa_assign: 3.052
2026-07-11 14:06:20 transreid.train INFO: Epoch[33] Iter[100/227] Loss: 4.680, Acc: 0.868, Base Lr: 6.60e-04 | id_global: 1.260 id_part: 4.330 tri_global: 0.106 tri_part: 0.616 lgpa_assign: 3.049
2026-07-11 14:06:23 transreid.train INFO: Epoch[33] Iter[120/227] Loss: 4.636, Acc: 0.878, Base Lr: 6.60e-04 | id_global: 1.214 id_part: 4.289 tri_global: 0.106 tri_part: 0.615 lgpa_assign: 3.048
2026-07-11 14:06:27 transreid.train INFO: Epoch[33] Iter[140/227] Loss: 4.607, Acc: 0.885, Base Lr: 6.60e-04 | id_global: 1.188 id_part: 4.254 tri_global: 0.106 tri_part: 0.615 lgpa_assign: 3.051
2026-07-11 14:06:30 transreid.train INFO: Epoch[33] Iter[160/227] Loss: 4.568, Acc: 0.892, Base Lr: 6.60e-04 | id_global: 1.155 id_part: 4.210 tri_global: 0.102 tri_part: 0.616 lgpa_assign: 3.054
2026-07-11 14:06:34 transreid.train INFO: Epoch[33] Iter[180/227] Loss: 4.518, Acc: 0.899, Base Lr: 6.60e-04 | id_global: 1.115 id_part: 4.155 tri_global: 0.101 tri_part: 0.615 lgpa_assign: 3.050
2026-07-11 14:06:37 transreid.train INFO: Epoch[33] Iter[200/227] Loss: 4.443, Acc: 0.906, Base Lr: 6.60e-04 | id_global: 1.064 id_part: 4.052 tri_global: 0.103 tri_part: 0.614 lgpa_assign: 3.051
2026-07-11 14:06:39 transreid.train INFO: Epoch 33 done. Time per epoch: 36.874[s] Speed: 368.0[samples/s] ETA: 0h53m
2026-07-11 14:06:43 transreid.train INFO: Epoch[34] Iter[20/227] Loss: 4.736, Acc: 0.836, Base Lr: 6.52e-04 | id_global: 1.333 id_part: 4.426 tri_global: 0.112 tri_part: 0.620 lgpa_assign: 2.980
2026-07-11 14:06:47 transreid.train INFO: Epoch[34] Iter[40/227] Loss: 4.680, Acc: 0.851, Base Lr: 6.52e-04 | id_global: 1.269 id_part: 4.391 tri_global: 0.102 tri_part: 0.613 lgpa_assign: 2.985
2026-07-11 14:06:50 transreid.train INFO: Epoch[34] Iter[60/227] Loss: 4.630, Acc: 0.861, Base Lr: 6.52e-04 | id_global: 1.222 id_part: 4.350 tri_global: 0.090 tri_part: 0.612 lgpa_assign: 2.988
2026-07-11 14:06:54 transreid.train INFO: Epoch[34] Iter[80/227] Loss: 4.653, Acc: 0.863, Base Lr: 6.52e-04 | id_global: 1.226 id_part: 4.362 tri_global: 0.100 tri_part: 0.615 lgpa_assign: 3.003
2026-07-11 14:06:57 transreid.train INFO: Epoch[34] Iter[100/227] Loss: 4.629, Acc: 0.876, Base Lr: 6.52e-04 | id_global: 1.195 id_part: 4.339 tri_global: 0.104 tri_part: 0.617 lgpa_assign: 3.003
2026-07-11 14:07:00 transreid.train INFO: Epoch[34] Iter[120/227] Loss: 4.595, Acc: 0.885, Base Lr: 6.52e-04 | id_global: 1.164 id_part: 4.306 tri_global: 0.103 tri_part: 0.616 lgpa_assign: 3.000
2026-07-11 14:07:04 transreid.train INFO: Epoch[34] Iter[140/227] Loss: 4.545, Acc: 0.891, Base Lr: 6.52e-04 | id_global: 1.122 id_part: 4.242 tri_global: 0.105 tri_part: 0.615 lgpa_assign: 3.005
2026-07-11 14:07:07 transreid.train INFO: Epoch[34] Iter[160/227] Loss: 4.511, Acc: 0.896, Base Lr: 6.52e-04 | id_global: 1.093 id_part: 4.196 tri_global: 0.102 tri_part: 0.615 lgpa_assign: 3.016
2026-07-11 14:07:10 transreid.train INFO: Epoch[34] Iter[180/227] Loss: 4.457, Acc: 0.903, Base Lr: 6.52e-04 | id_global: 1.057 id_part: 4.130 tri_global: 0.099 tri_part: 0.614 lgpa_assign: 3.013
2026-07-11 14:07:14 transreid.train INFO: Epoch[34] Iter[200/227] Loss: 4.374, Acc: 0.909, Base Lr: 6.52e-04 | id_global: 1.006 id_part: 4.017 tri_global: 0.099 tri_part: 0.613 lgpa_assign: 3.012
2026-07-11 14:07:16 transreid.train INFO: Epoch 34 done. Time per epoch: 36.722[s] Speed: 367.7[samples/s] ETA: 0h52m
2026-07-11 14:07:20 transreid.train INFO: Epoch[35] Iter[20/227] Loss: 4.765, Acc: 0.843, Base Lr: 6.44e-04 | id_global: 1.330 id_part: 4.491 tri_global: 0.142 tri_part: 0.623 lgpa_assign: 2.944
2026-07-11 14:07:24 transreid.train INFO: Epoch[35] Iter[40/227] Loss: 4.677, Acc: 0.844, Base Lr: 6.44e-04 | id_global: 1.285 id_part: 4.384 tri_global: 0.112 tri_part: 0.618 lgpa_assign: 2.954
2026-07-11 14:07:27 transreid.train INFO: Epoch[35] Iter[60/227] Loss: 4.624, Acc: 0.862, Base Lr: 6.44e-04 | id_global: 1.229 id_part: 4.346 tri_global: 0.109 tri_part: 0.618 lgpa_assign: 2.946
2026-07-11 14:07:30 transreid.train INFO: Epoch[35] Iter[80/227] Loss: 4.563, Acc: 0.877, Base Lr: 6.44e-04 | id_global: 1.167 id_part: 4.285 tri_global: 0.105 tri_part: 0.617 lgpa_assign: 2.951
2026-07-11 14:07:34 transreid.train INFO: Epoch[35] Iter[100/227] Loss: 4.509, Acc: 0.888, Base Lr: 6.44e-04 | id_global: 1.119 id_part: 4.243 tri_global: 0.095 tri_part: 0.614 lgpa_assign: 2.946
2026-07-11 14:07:37 transreid.train INFO: Epoch[35] Iter[120/227] Loss: 4.465, Acc: 0.896, Base Lr: 6.44e-04 | id_global: 1.078 id_part: 4.197 tri_global: 0.094 tri_part: 0.613 lgpa_assign: 2.949
2026-07-11 14:07:40 transreid.train INFO: Epoch[35] Iter[140/227] Loss: 4.421, Acc: 0.904, Base Lr: 6.44e-04 | id_global: 1.043 id_part: 4.158 tri_global: 0.091 tri_part: 0.613 lgpa_assign: 2.937
2026-07-11 14:07:44 transreid.train INFO: Epoch[35] Iter[160/227] Loss: 4.376, Acc: 0.911, Base Lr: 6.44e-04 | id_global: 1.009 id_part: 4.112 tri_global: 0.089 tri_part: 0.612 lgpa_assign: 2.928
2026-07-11 14:07:47 transreid.train INFO: Epoch[35] Iter[180/227] Loss: 4.325, Acc: 0.916, Base Lr: 6.44e-04 | id_global: 0.973 id_part: 4.045 tri_global: 0.092 tri_part: 0.612 lgpa_assign: 2.929
2026-07-11 14:07:50 transreid.train INFO: Epoch[35] Iter[200/227] Loss: 4.258, Acc: 0.922, Base Lr: 6.44e-04 | id_global: 0.932 id_part: 3.938 tri_global: 0.096 tri_part: 0.612 lgpa_assign: 2.939
2026-07-11 14:07:52 transreid.train INFO: Epoch 35 done. Time per epoch: 36.849[s] Speed: 368.2[samples/s] ETA: 0h52m
2026-07-11 14:07:57 transreid.train INFO: Epoch[36] Iter[20/227] Loss: 4.667, Acc: 0.868, Base Lr: 6.35e-04 | id_global: 1.223 id_part: 4.446 tri_global: 0.107 tri_part: 0.619 lgpa_assign: 2.938
2026-07-11 14:08:00 transreid.train INFO: Epoch[36] Iter[40/227] Loss: 4.571, Acc: 0.885, Base Lr: 6.35e-04 | id_global: 1.157 id_part: 4.371 tri_global: 0.106 tri_part: 0.614 lgpa_assign: 2.895
2026-07-11 14:08:04 transreid.train INFO: Epoch[36] Iter[60/227] Loss: 4.497, Acc: 0.891, Base Lr: 6.35e-04 | id_global: 1.107 id_part: 4.303 tri_global: 0.100 tri_part: 0.615 lgpa_assign: 2.869
2026-07-11 14:08:07 transreid.train INFO: Epoch[36] Iter[80/227] Loss: 4.481, Acc: 0.896, Base Lr: 6.35e-04 | id_global: 1.083 id_part: 4.271 tri_global: 0.114 tri_part: 0.617 lgpa_assign: 2.878
2026-07-11 14:08:10 transreid.train INFO: Epoch[36] Iter[100/227] Loss: 4.435, Acc: 0.901, Base Lr: 6.35e-04 | id_global: 1.054 id_part: 4.220 tri_global: 0.115 tri_part: 0.617 lgpa_assign: 2.863
2026-07-11 14:08:14 transreid.train INFO: Epoch[36] Iter[120/227] Loss: 4.405, Acc: 0.906, Base Lr: 6.35e-04 | id_global: 1.031 id_part: 4.189 tri_global: 0.111 tri_part: 0.616 lgpa_assign: 2.861
2026-07-11 14:08:17 transreid.train INFO: Epoch[36] Iter[140/227] Loss: 4.368, Acc: 0.910, Base Lr: 6.35e-04 | id_global: 1.007 id_part: 4.144 tri_global: 0.112 tri_part: 0.616 lgpa_assign: 2.857
2026-07-11 14:08:21 transreid.train INFO: Epoch[36] Iter[160/227] Loss: 4.315, Acc: 0.916, Base Lr: 6.35e-04 | id_global: 0.969 id_part: 4.083 tri_global: 0.106 tri_part: 0.616 lgpa_assign: 2.858
2026-07-11 14:08:24 transreid.train INFO: Epoch[36] Iter[180/227] Loss: 4.268, Acc: 0.921, Base Lr: 6.35e-04 | id_global: 0.935 id_part: 4.006 tri_global: 0.108 tri_part: 0.615 lgpa_assign: 2.872
2026-07-11 14:08:27 transreid.train INFO: Epoch[36] Iter[200/227] Loss: 4.198, Acc: 0.926, Base Lr: 6.35e-04 | id_global: 0.894 id_part: 3.905 tri_global: 0.104 tri_part: 0.614 lgpa_assign: 2.881
2026-07-11 14:08:30 transreid.train INFO: Epoch 36 done. Time per epoch: 37.178[s] Speed: 366.7[samples/s] ETA: 0h52m
2026-07-11 14:08:34 transreid.train INFO: Epoch[37] Iter[20/227] Loss: 4.440, Acc: 0.894, Base Lr: 6.27e-04 | id_global: 1.080 id_part: 4.257 tri_global: 0.091 tri_part: 0.616 lgpa_assign: 2.836
2026-07-11 14:08:38 transreid.train INFO: Epoch[37] Iter[40/227] Loss: 4.411, Acc: 0.896, Base Lr: 6.27e-04 | id_global: 1.052 id_part: 4.220 tri_global: 0.099 tri_part: 0.617 lgpa_assign: 2.835
2026-07-11 14:08:41 transreid.train INFO: Epoch[37] Iter[60/227] Loss: 4.392, Acc: 0.903, Base Lr: 6.27e-04 | id_global: 1.029 id_part: 4.200 tri_global: 0.087 tri_part: 0.615 lgpa_assign: 2.854
2026-07-11 14:08:44 transreid.train INFO: Epoch[37] Iter[80/227] Loss: 4.347, Acc: 0.911, Base Lr: 6.27e-04 | id_global: 0.992 id_part: 4.154 tri_global: 0.094 tri_part: 0.614 lgpa_assign: 2.841
2026-07-11 14:08:48 transreid.train INFO: Epoch[37] Iter[100/227] Loss: 4.323, Acc: 0.912, Base Lr: 6.27e-04 | id_global: 0.973 id_part: 4.129 tri_global: 0.089 tri_part: 0.612 lgpa_assign: 2.843
2026-07-11 14:08:51 transreid.train INFO: Epoch[37] Iter[120/227] Loss: 4.278, Acc: 0.919, Base Lr: 6.27e-04 | id_global: 0.939 id_part: 4.074 tri_global: 0.086 tri_part: 0.611 lgpa_assign: 2.846
2026-07-11 14:08:54 transreid.train INFO: Epoch[37] Iter[140/227] Loss: 4.251, Acc: 0.923, Base Lr: 6.27e-04 | id_global: 0.919 id_part: 4.037 tri_global: 0.090 tri_part: 0.611 lgpa_assign: 2.845
2026-07-11 14:08:58 transreid.train INFO: Epoch[37] Iter[160/227] Loss: 4.224, Acc: 0.927, Base Lr: 6.27e-04 | id_global: 0.897 id_part: 4.002 tri_global: 0.090 tri_part: 0.612 lgpa_assign: 2.847
2026-07-11 14:09:01 transreid.train INFO: Epoch[37] Iter[180/227] Loss: 4.179, Acc: 0.932, Base Lr: 6.27e-04 | id_global: 0.870 id_part: 3.941 tri_global: 0.090 tri_part: 0.612 lgpa_assign: 2.845
2026-07-11 14:09:05 transreid.train INFO: Epoch[37] Iter[200/227] Loss: 4.111, Acc: 0.936, Base Lr: 6.27e-04 | id_global: 0.835 id_part: 3.838 tri_global: 0.091 tri_part: 0.612 lgpa_assign: 2.847
2026-07-11 14:09:07 transreid.train INFO: Epoch 37 done. Time per epoch: 36.933[s] Speed: 365.6[samples/s] ETA: 0h51m
2026-07-11 14:09:11 transreid.train INFO: Epoch[38] Iter[20/227] Loss: 4.350, Acc: 0.898, Base Lr: 6.18e-04 | id_global: 1.016 id_part: 4.188 tri_global: 0.079 tri_part: 0.613 lgpa_assign: 2.805
2026-07-11 14:09:15 transreid.train INFO: Epoch[38] Iter[40/227] Loss: 4.378, Acc: 0.902, Base Lr: 6.18e-04 | id_global: 1.025 id_part: 4.230 tri_global: 0.079 tri_part: 0.616 lgpa_assign: 2.806
2026-07-11 14:09:18 transreid.train INFO: Epoch[38] Iter[60/227] Loss: 4.345, Acc: 0.909, Base Lr: 6.18e-04 | id_global: 1.002 id_part: 4.212 tri_global: 0.070 tri_part: 0.615 lgpa_assign: 2.792
2026-07-11 14:09:22 transreid.train INFO: Epoch[38] Iter[80/227] Loss: 4.319, Acc: 0.910, Base Lr: 6.18e-04 | id_global: 0.982 id_part: 4.184 tri_global: 0.074 tri_part: 0.614 lgpa_assign: 2.785
2026-07-11 14:09:25 transreid.train INFO: Epoch[38] Iter[100/227] Loss: 4.283, Acc: 0.913, Base Lr: 6.18e-04 | id_global: 0.954 id_part: 4.129 tri_global: 0.073 tri_part: 0.613 lgpa_assign: 2.797
2026-07-11 14:09:28 transreid.train INFO: Epoch[38] Iter[120/227] Loss: 4.232, Acc: 0.920, Base Lr: 6.18e-04 | id_global: 0.918 id_part: 4.069 tri_global: 0.075 tri_part: 0.612 lgpa_assign: 2.789
2026-07-11 14:09:32 transreid.train INFO: Epoch[38] Iter[140/227] Loss: 4.201, Acc: 0.925, Base Lr: 6.18e-04 | id_global: 0.889 id_part: 4.027 tri_global: 0.075 tri_part: 0.613 lgpa_assign: 2.798
2026-07-11 14:09:35 transreid.train INFO: Epoch[38] Iter[160/227] Loss: 4.154, Acc: 0.930, Base Lr: 6.18e-04 | id_global: 0.859 id_part: 3.968 tri_global: 0.076 tri_part: 0.612 lgpa_assign: 2.793
2026-07-11 14:09:38 transreid.train INFO: Epoch[38] Iter[180/227] Loss: 4.105, Acc: 0.934, Base Lr: 6.18e-04 | id_global: 0.832 id_part: 3.905 tri_global: 0.077 tri_part: 0.612 lgpa_assign: 2.784
2026-07-11 14:09:42 transreid.train INFO: Epoch[38] Iter[200/227] Loss: 4.027, Acc: 0.939, Base Lr: 6.18e-04 | id_global: 0.792 id_part: 3.785 tri_global: 0.075 tri_part: 0.612 lgpa_assign: 2.790
2026-07-11 14:09:44 transreid.train INFO: Epoch 38 done. Time per epoch: 37.251[s] Speed: 364.2[samples/s] ETA: 0h50m
2026-07-11 14:09:48 transreid.train INFO: Epoch[39] Iter[20/227] Loss: 4.290, Acc: 0.921, Base Lr: 6.09e-04 | id_global: 0.965 id_part: 4.178 tri_global: 0.072 tri_part: 0.614 lgpa_assign: 2.751
2026-07-11 14:09:52 transreid.train INFO: Epoch[39] Iter[40/227] Loss: 4.286, Acc: 0.919, Base Lr: 6.09e-04 | id_global: 0.951 id_part: 4.153 tri_global: 0.082 tri_part: 0.615 lgpa_assign: 2.770
2026-07-11 14:09:55 transreid.train INFO: Epoch[39] Iter[60/227] Loss: 4.236, Acc: 0.917, Base Lr: 6.09e-04 | id_global: 0.925 id_part: 4.102 tri_global: 0.080 tri_part: 0.612 lgpa_assign: 2.751
2026-07-11 14:09:59 transreid.train INFO: Epoch[39] Iter[80/227] Loss: 4.210, Acc: 0.923, Base Lr: 6.09e-04 | id_global: 0.899 id_part: 4.083 tri_global: 0.080 tri_part: 0.611 lgpa_assign: 2.748
2026-07-11 14:10:02 transreid.train INFO: Epoch[39] Iter[100/227] Loss: 4.176, Acc: 0.925, Base Lr: 6.09e-04 | id_global: 0.877 id_part: 4.047 tri_global: 0.078 tri_part: 0.610 lgpa_assign: 2.740
2026-07-11 14:10:05 transreid.train INFO: Epoch[39] Iter[120/227] Loss: 4.134, Acc: 0.930, Base Lr: 6.09e-04 | id_global: 0.850 id_part: 3.996 tri_global: 0.079 tri_part: 0.610 lgpa_assign: 2.732
2026-07-11 14:10:09 transreid.train INFO: Epoch[39] Iter[140/227] Loss: 4.109, Acc: 0.933, Base Lr: 6.09e-04 | id_global: 0.833 id_part: 3.959 tri_global: 0.081 tri_part: 0.611 lgpa_assign: 2.734
2026-07-11 14:10:12 transreid.train INFO: Epoch[39] Iter[160/227] Loss: 4.069, Acc: 0.936, Base Lr: 6.09e-04 | id_global: 0.806 id_part: 3.909 tri_global: 0.082 tri_part: 0.611 lgpa_assign: 2.731
2026-07-11 14:10:15 transreid.train INFO: Epoch[39] Iter[180/227] Loss: 4.022, Acc: 0.941, Base Lr: 6.09e-04 | id_global: 0.779 id_part: 3.845 tri_global: 0.080 tri_part: 0.610 lgpa_assign: 2.730
2026-07-11 14:10:19 transreid.train INFO: Epoch[39] Iter[200/227] Loss: 3.955, Acc: 0.944, Base Lr: 6.09e-04 | id_global: 0.745 id_part: 3.733 tri_global: 0.080 tri_part: 0.610 lgpa_assign: 2.742
2026-07-11 14:10:21 transreid.train INFO: Epoch 39 done. Time per epoch: 36.949[s] Speed: 363.7[samples/s] ETA: 0h49m
2026-07-11 14:10:25 transreid.train INFO: Epoch[40] Iter[20/227] Loss: 4.155, Acc: 0.935, Base Lr: 6.00e-04 | id_global: 0.888 id_part: 4.065 tri_global: 0.067 tri_part: 0.609 lgpa_assign: 2.681
2026-07-11 14:10:29 transreid.train INFO: Epoch[40] Iter[40/227] Loss: 4.173, Acc: 0.934, Base Lr: 6.00e-04 | id_global: 0.877 id_part: 4.095 tri_global: 0.073 tri_part: 0.610 lgpa_assign: 2.692
2026-07-11 14:10:32 transreid.train INFO: Epoch[40] Iter[60/227] Loss: 4.176, Acc: 0.931, Base Lr: 6.00e-04 | id_global: 0.871 id_part: 4.089 tri_global: 0.073 tri_part: 0.609 lgpa_assign: 2.709
2026-07-11 14:10:36 transreid.train INFO: Epoch[40] Iter[80/227] Loss: 4.140, Acc: 0.933, Base Lr: 6.00e-04 | id_global: 0.842 id_part: 4.057 tri_global: 0.076 tri_part: 0.610 lgpa_assign: 2.694
2026-07-11 14:10:39 transreid.train INFO: Epoch[40] Iter[100/227] Loss: 4.119, Acc: 0.936, Base Lr: 6.00e-04 | id_global: 0.830 id_part: 4.020 tri_global: 0.077 tri_part: 0.610 lgpa_assign: 2.700
2026-07-11 14:10:42 transreid.train INFO: Epoch[40] Iter[120/227] Loss: 4.074, Acc: 0.938, Base Lr: 6.00e-04 | id_global: 0.803 id_part: 3.959 tri_global: 0.076 tri_part: 0.609 lgpa_assign: 2.701
2026-07-11 14:10:46 transreid.train INFO: Epoch[40] Iter[140/227] Loss: 4.039, Acc: 0.941, Base Lr: 6.00e-04 | id_global: 0.782 id_part: 3.919 tri_global: 0.072 tri_part: 0.609 lgpa_assign: 2.696
2026-07-11 14:10:49 transreid.train INFO: Epoch[40] Iter[160/227] Loss: 4.004, Acc: 0.944, Base Lr: 6.00e-04 | id_global: 0.756 id_part: 3.862 tri_global: 0.079 tri_part: 0.609 lgpa_assign: 2.702
2026-07-11 14:10:52 transreid.train INFO: Epoch[40] Iter[180/227] Loss: 3.957, Acc: 0.947, Base Lr: 6.00e-04 | id_global: 0.734 id_part: 3.782 tri_global: 0.079 tri_part: 0.609 lgpa_assign: 2.709
2026-07-11 14:10:56 transreid.train INFO: Epoch[40] Iter[200/227] Loss: 3.885, Acc: 0.951, Base Lr: 6.00e-04 | id_global: 0.700 id_part: 3.669 tri_global: 0.080 tri_part: 0.608 lgpa_assign: 2.712
2026-07-11 14:10:58 transreid.train INFO: Epoch 40 done. Time per epoch: 36.975[s] Speed: 367.0[samples/s] ETA: 0h49m
The test feature is normalized
=> Computing DistMat with euclidean_distance
2026-07-11 14:11:28 transreid.train INFO: Validation Results - Epoch: 40
2026-07-11 14:11:28 transreid.train INFO: mAP: 53.8%
2026-07-11 14:11:28 transreid.train INFO: CMC curve, Rank-1  :62.2%
2026-07-11 14:11:28 transreid.train INFO: CMC curve, Rank-5  :76.0%
2026-07-11 14:11:28 transreid.train INFO: CMC curve, Rank-10 :81.4%
2026-07-11 14:11:32 transreid.train INFO: Epoch[41] Iter[20/227] Loss: 4.095, Acc: 0.937, Base Lr: 5.91e-04 | id_global: 0.821 id_part: 4.038 tri_global: 0.053 tri_part: 0.601 lgpa_assign: 2.676
2026-07-11 14:11:36 transreid.train INFO: Epoch[41] Iter[40/227] Loss: 4.072, Acc: 0.939, Base Lr: 5.91e-04 | id_global: 0.803 id_part: 4.009 tri_global: 0.062 tri_part: 0.602 lgpa_assign: 2.668
2026-07-11 14:11:39 transreid.train INFO: Epoch[41] Iter[60/227] Loss: 4.036, Acc: 0.937, Base Lr: 5.91e-04 | id_global: 0.793 id_part: 3.962 tri_global: 0.063 tri_part: 0.604 lgpa_assign: 2.650
2026-07-11 14:11:42 transreid.train INFO: Epoch[41] Iter[80/227] Loss: 4.020, Acc: 0.940, Base Lr: 5.91e-04 | id_global: 0.773 id_part: 3.949 tri_global: 0.065 tri_part: 0.603 lgpa_assign: 2.651
2026-07-11 14:11:46 transreid.train INFO: Epoch[41] Iter[100/227] Loss: 4.012, Acc: 0.942, Base Lr: 5.91e-04 | id_global: 0.758 id_part: 3.938 tri_global: 0.063 tri_part: 0.603 lgpa_assign: 2.663
2026-07-11 14:11:49 transreid.train INFO: Epoch[41] Iter[120/227] Loss: 3.998, Acc: 0.945, Base Lr: 5.91e-04 | id_global: 0.744 id_part: 3.907 tri_global: 0.068 tri_part: 0.605 lgpa_assign: 2.671
2026-07-11 14:11:53 transreid.train INFO: Epoch[41] Iter[140/227] Loss: 3.958, Acc: 0.949, Base Lr: 5.91e-04 | id_global: 0.722 id_part: 3.862 tri_global: 0.065 tri_part: 0.604 lgpa_assign: 2.663
2026-07-11 14:11:56 transreid.train INFO: Epoch[41] Iter[160/227] Loss: 3.913, Acc: 0.951, Base Lr: 5.91e-04 | id_global: 0.701 id_part: 3.800 tri_global: 0.063 tri_part: 0.604 lgpa_assign: 2.659
2026-07-11 14:11:59 transreid.train INFO: Epoch[41] Iter[180/227] Loss: 3.860, Acc: 0.954, Base Lr: 5.91e-04 | id_global: 0.674 id_part: 3.723 tri_global: 0.060 tri_part: 0.603 lgpa_assign: 2.659
2026-07-11 14:12:03 transreid.train INFO: Epoch[41] Iter[200/227] Loss: 3.792, Acc: 0.956, Base Lr: 5.91e-04 | id_global: 0.645 id_part: 3.615 tri_global: 0.059 tri_part: 0.602 lgpa_assign: 2.664
2026-07-11 14:12:05 transreid.train INFO: Epoch 41 done. Time per epoch: 37.430[s] Speed: 359.1[samples/s] ETA: 0h49m
2026-07-11 14:12:10 transreid.train INFO: Epoch[42] Iter[20/227] Loss: 4.067, Acc: 0.930, Base Lr: 5.82e-04 | id_global: 0.855 id_part: 3.985 tri_global: 0.078 tri_part: 0.613 lgpa_assign: 2.603
2026-07-11 14:12:13 transreid.train INFO: Epoch[42] Iter[40/227] Loss: 4.010, Acc: 0.937, Base Lr: 5.82e-04 | id_global: 0.781 id_part: 3.933 tri_global: 0.070 tri_part: 0.609 lgpa_assign: 2.627
2026-07-11 14:12:17 transreid.train INFO: Epoch[42] Iter[60/227] Loss: 4.012, Acc: 0.938, Base Lr: 5.82e-04 | id_global: 0.764 id_part: 3.928 tri_global: 0.066 tri_part: 0.607 lgpa_assign: 2.660
2026-07-11 14:12:20 transreid.train INFO: Epoch[42] Iter[80/227] Loss: 4.006, Acc: 0.941, Base Lr: 5.82e-04 | id_global: 0.752 id_part: 3.907 tri_global: 0.078 tri_part: 0.608 lgpa_assign: 2.665
2026-07-11 14:12:23 transreid.train INFO: Epoch[42] Iter[100/227] Loss: 3.974, Acc: 0.944, Base Lr: 5.82e-04 | id_global: 0.733 id_part: 3.865 tri_global: 0.080 tri_part: 0.608 lgpa_assign: 2.662
2026-07-11 14:12:27 transreid.train INFO: Epoch[42] Iter[120/227] Loss: 3.952, Acc: 0.944, Base Lr: 5.82e-04 | id_global: 0.726 id_part: 3.831 tri_global: 0.077 tri_part: 0.609 lgpa_assign: 2.661
2026-07-11 14:12:30 transreid.train INFO: Epoch[42] Iter[140/227] Loss: 3.921, Acc: 0.948, Base Lr: 5.82e-04 | id_global: 0.703 id_part: 3.793 tri_global: 0.074 tri_part: 0.608 lgpa_assign: 2.664
2026-07-11 14:12:33 transreid.train INFO: Epoch[42] Iter[160/227] Loss: 3.888, Acc: 0.950, Base Lr: 5.82e-04 | id_global: 0.684 id_part: 3.748 tri_global: 0.075 tri_part: 0.608 lgpa_assign: 2.660
2026-07-11 14:12:37 transreid.train INFO: Epoch[42] Iter[180/227] Loss: 3.838, Acc: 0.953, Base Lr: 5.82e-04 | id_global: 0.661 id_part: 3.678 tri_global: 0.074 tri_part: 0.607 lgpa_assign: 2.656
2026-07-11 14:12:40 transreid.train INFO: Epoch[42] Iter[200/227] Loss: 3.779, Acc: 0.956, Base Lr: 5.82e-04 | id_global: 0.635 id_part: 3.571 tri_global: 0.078 tri_part: 0.607 lgpa_assign: 2.667
2026-07-11 14:12:43 transreid.train INFO: Epoch 42 done. Time per epoch: 37.461[s] Speed: 363.9[samples/s] ETA: 0h48m
2026-07-11 14:12:47 transreid.train INFO: Epoch[43] Iter[20/227] Loss: 4.075, Acc: 0.909, Base Lr: 5.73e-04 | id_global: 0.828 id_part: 3.981 tri_global: 0.074 tri_part: 0.609 lgpa_assign: 2.658
2026-07-11 14:12:51 transreid.train INFO: Epoch[43] Iter[40/227] Loss: 4.062, Acc: 0.932, Base Lr: 5.73e-04 | id_global: 0.795 id_part: 3.996 tri_global: 0.064 tri_part: 0.610 lgpa_assign: 2.658
2026-07-11 14:12:54 transreid.train INFO: Epoch[43] Iter[60/227] Loss: 3.996, Acc: 0.941, Base Lr: 5.73e-04 | id_global: 0.760 id_part: 3.919 tri_global: 0.070 tri_part: 0.610 lgpa_assign: 2.634
2026-07-11 14:12:57 transreid.train INFO: Epoch[43] Iter[80/227] Loss: 3.962, Acc: 0.944, Base Lr: 5.73e-04 | id_global: 0.729 id_part: 3.885 tri_global: 0.065 tri_part: 0.608 lgpa_assign: 2.638
2026-07-11 14:13:01 transreid.train INFO: Epoch[43] Iter[100/227] Loss: 3.925, Acc: 0.947, Base Lr: 5.73e-04 | id_global: 0.706 id_part: 3.842 tri_global: 0.068 tri_part: 0.609 lgpa_assign: 2.625
2026-07-11 14:13:04 transreid.train INFO: Epoch[43] Iter[120/227] Loss: 3.885, Acc: 0.951, Base Lr: 5.73e-04 | id_global: 0.682 id_part: 3.784 tri_global: 0.069 tri_part: 0.608 lgpa_assign: 2.625
2026-07-11 14:13:07 transreid.train INFO: Epoch[43] Iter[140/227] Loss: 3.863, Acc: 0.954, Base Lr: 5.73e-04 | id_global: 0.670 id_part: 3.761 tri_global: 0.067 tri_part: 0.608 lgpa_assign: 2.621
2026-07-11 14:13:11 transreid.train INFO: Epoch[43] Iter[160/227] Loss: 3.815, Acc: 0.958, Base Lr: 5.73e-04 | id_global: 0.643 id_part: 3.702 tri_global: 0.067 tri_part: 0.607 lgpa_assign: 2.610
2026-07-11 14:13:14 transreid.train INFO: Epoch[43] Iter[180/227] Loss: 3.767, Acc: 0.960, Base Lr: 5.73e-04 | id_global: 0.621 id_part: 3.625 tri_global: 0.068 tri_part: 0.606 lgpa_assign: 2.613
2026-07-11 14:13:17 transreid.train INFO: Epoch[43] Iter[200/227] Loss: 3.711, Acc: 0.963, Base Lr: 5.73e-04 | id_global: 0.596 id_part: 3.519 tri_global: 0.067 tri_part: 0.606 lgpa_assign: 2.635
2026-07-11 14:13:19 transreid.train INFO: Epoch 43 done. Time per epoch: 36.902[s] Speed: 367.7[samples/s] ETA: 0h47m
2026-07-11 14:13:24 transreid.train INFO: Epoch[44] Iter[20/227] Loss: 3.990, Acc: 0.939, Base Lr: 5.63e-04 | id_global: 0.752 id_part: 3.992 tri_global: 0.054 tri_part: 0.609 lgpa_assign: 2.572
2026-07-11 14:13:27 transreid.train INFO: Epoch[44] Iter[40/227] Loss: 3.949, Acc: 0.940, Base Lr: 5.63e-04 | id_global: 0.733 id_part: 3.910 tri_global: 0.060 tri_part: 0.608 lgpa_assign: 2.587
2026-07-11 14:13:31 transreid.train INFO: Epoch[44] Iter[60/227] Loss: 3.920, Acc: 0.943, Base Lr: 5.63e-04 | id_global: 0.711 id_part: 3.865 tri_global: 0.054 tri_part: 0.607 lgpa_assign: 2.601
2026-07-11 14:13:34 transreid.train INFO: Epoch[44] Iter[80/227] Loss: 3.882, Acc: 0.947, Base Lr: 5.63e-04 | id_global: 0.690 id_part: 3.820 tri_global: 0.056 tri_part: 0.606 lgpa_assign: 2.592
2026-07-11 14:13:37 transreid.train INFO: Epoch[44] Iter[100/227] Loss: 3.855, Acc: 0.949, Base Lr: 5.63e-04 | id_global: 0.674 id_part: 3.794 tri_global: 0.056 tri_part: 0.605 lgpa_assign: 2.583
2026-07-11 14:13:41 transreid.train INFO: Epoch[44] Iter[120/227] Loss: 3.829, Acc: 0.952, Base Lr: 5.63e-04 | id_global: 0.656 id_part: 3.756 tri_global: 0.058 tri_part: 0.604 lgpa_assign: 2.584
2026-07-11 14:13:44 transreid.train INFO: Epoch[44] Iter[140/227] Loss: 3.797, Acc: 0.955, Base Lr: 5.63e-04 | id_global: 0.636 id_part: 3.705 tri_global: 0.062 tri_part: 0.605 lgpa_assign: 2.586
2026-07-11 14:13:48 transreid.train INFO: Epoch[44] Iter[160/227] Loss: 3.770, Acc: 0.958, Base Lr: 5.63e-04 | id_global: 0.621 id_part: 3.663 tri_global: 0.062 tri_part: 0.605 lgpa_assign: 2.589
2026-07-11 14:13:51 transreid.train INFO: Epoch[44] Iter[180/227] Loss: 3.730, Acc: 0.960, Base Lr: 5.63e-04 | id_global: 0.602 id_part: 3.594 tri_global: 0.065 tri_part: 0.605 lgpa_assign: 2.594
2026-07-11 14:13:54 transreid.train INFO: Epoch[44] Iter[200/227] Loss: 3.666, Acc: 0.962, Base Lr: 5.63e-04 | id_global: 0.577 id_part: 3.487 tri_global: 0.066 tri_part: 0.605 lgpa_assign: 2.597
2026-07-11 14:13:56 transreid.train INFO: Epoch 44 done. Time per epoch: 36.564[s] Speed: 369.3[samples/s] ETA: 0h46m
2026-07-11 14:14:01 transreid.train INFO: Epoch[45] Iter[20/227] Loss: 3.940, Acc: 0.933, Base Lr: 5.54e-04 | id_global: 0.732 id_part: 3.897 tri_global: 0.075 tri_part: 0.604 lgpa_assign: 2.573
2026-07-11 14:14:04 transreid.train INFO: Epoch[45] Iter[40/227] Loss: 3.915, Acc: 0.945, Base Lr: 5.54e-04 | id_global: 0.696 id_part: 3.850 tri_global: 0.061 tri_part: 0.603 lgpa_assign: 2.620
2026-07-11 14:14:07 transreid.train INFO: Epoch[45] Iter[60/227] Loss: 3.854, Acc: 0.954, Base Lr: 5.54e-04 | id_global: 0.652 id_part: 3.796 tri_global: 0.056 tri_part: 0.603 lgpa_assign: 2.602
2026-07-11 14:14:11 transreid.train INFO: Epoch[45] Iter[80/227] Loss: 3.846, Acc: 0.953, Base Lr: 5.54e-04 | id_global: 0.655 id_part: 3.770 tri_global: 0.069 tri_part: 0.605 lgpa_assign: 2.593
2026-07-11 14:14:14 transreid.train INFO: Epoch[45] Iter[100/227] Loss: 3.803, Acc: 0.955, Base Lr: 5.54e-04 | id_global: 0.634 id_part: 3.729 tri_global: 0.064 tri_part: 0.604 lgpa_assign: 2.576
2026-07-11 14:14:17 transreid.train INFO: Epoch[45] Iter[120/227] Loss: 3.777, Acc: 0.958, Base Lr: 5.54e-04 | id_global: 0.618 id_part: 3.686 tri_global: 0.067 tri_part: 0.606 lgpa_assign: 2.578
2026-07-11 14:14:21 transreid.train INFO: Epoch[45] Iter[140/227] Loss: 3.740, Acc: 0.960, Base Lr: 5.54e-04 | id_global: 0.602 id_part: 3.637 tri_global: 0.065 tri_part: 0.605 lgpa_assign: 2.571
2026-07-11 14:14:24 transreid.train INFO: Epoch[45] Iter[160/227] Loss: 3.706, Acc: 0.962, Base Lr: 5.54e-04 | id_global: 0.585 id_part: 3.582 tri_global: 0.064 tri_part: 0.605 lgpa_assign: 2.576
2026-07-11 14:14:27 transreid.train INFO: Epoch[45] Iter[180/227] Loss: 3.667, Acc: 0.964, Base Lr: 5.54e-04 | id_global: 0.568 id_part: 3.523 tri_global: 0.062 tri_part: 0.604 lgpa_assign: 2.577
2026-07-11 14:14:31 transreid.train INFO: Epoch[45] Iter[200/227] Loss: 3.608, Acc: 0.965, Base Lr: 5.54e-04 | id_global: 0.544 id_part: 3.424 tri_global: 0.062 tri_part: 0.603 lgpa_assign: 2.583
2026-07-11 14:14:33 transreid.train INFO: Epoch 45 done. Time per epoch: 36.809[s] Speed: 368.6[samples/s] ETA: 0h46m
2026-07-11 14:14:37 transreid.train INFO: Epoch[46] Iter[20/227] Loss: 3.843, Acc: 0.938, Base Lr: 5.44e-04 | id_global: 0.671 id_part: 3.763 tri_global: 0.072 tri_part: 0.605 lgpa_assign: 2.575
2026-07-11 14:14:41 transreid.train INFO: Epoch[46] Iter[40/227] Loss: 3.829, Acc: 0.943, Base Lr: 5.44e-04 | id_global: 0.668 id_part: 3.787 tri_global: 0.060 tri_part: 0.607 lgpa_assign: 2.536
2026-07-11 14:14:44 transreid.train INFO: Epoch[46] Iter[60/227] Loss: 3.809, Acc: 0.951, Base Lr: 5.44e-04 | id_global: 0.637 id_part: 3.764 tri_global: 0.066 tri_part: 0.607 lgpa_assign: 2.543
2026-07-11 14:14:48 transreid.train INFO: Epoch[46] Iter[80/227] Loss: 3.796, Acc: 0.952, Base Lr: 5.44e-04 | id_global: 0.635 id_part: 3.740 tri_global: 0.065 tri_part: 0.607 lgpa_assign: 2.544
2026-07-11 14:14:51 transreid.train INFO: Epoch[46] Iter[100/227] Loss: 3.758, Acc: 0.956, Base Lr: 5.44e-04 | id_global: 0.609 id_part: 3.701 tri_global: 0.058 tri_part: 0.606 lgpa_assign: 2.542
2026-07-11 14:14:54 transreid.train INFO: Epoch[46] Iter[120/227] Loss: 3.731, Acc: 0.958, Base Lr: 5.44e-04 | id_global: 0.593 id_part: 3.660 tri_global: 0.058 tri_part: 0.607 lgpa_assign: 2.544
2026-07-11 14:14:58 transreid.train INFO: Epoch[46] Iter[140/227] Loss: 3.691, Acc: 0.960, Base Lr: 5.44e-04 | id_global: 0.576 id_part: 3.601 tri_global: 0.056 tri_part: 0.606 lgpa_assign: 2.542
2026-07-11 14:15:01 transreid.train INFO: Epoch[46] Iter[160/227] Loss: 3.654, Acc: 0.962, Base Lr: 5.44e-04 | id_global: 0.561 id_part: 3.543 tri_global: 0.057 tri_part: 0.605 lgpa_assign: 2.541
2026-07-11 14:15:04 transreid.train INFO: Epoch[46] Iter[180/227] Loss: 3.607, Acc: 0.965, Base Lr: 5.44e-04 | id_global: 0.539 id_part: 3.469 tri_global: 0.059 tri_part: 0.604 lgpa_assign: 2.544
2026-07-11 14:15:08 transreid.train INFO: Epoch[46] Iter[200/227] Loss: 3.554, Acc: 0.967, Base Lr: 5.44e-04 | id_global: 0.520 id_part: 3.381 tri_global: 0.057 tri_part: 0.603 lgpa_assign: 2.547
2026-07-11 14:15:10 transreid.train INFO: Epoch 46 done. Time per epoch: 36.817[s] Speed: 368.5[samples/s] ETA: 0h45m
2026-07-11 14:15:14 transreid.train INFO: Epoch[47] Iter[20/227] Loss: 3.770, Acc: 0.952, Base Lr: 5.34e-04 | id_global: 0.618 id_part: 3.724 tri_global: 0.040 tri_part: 0.601 lgpa_assign: 2.559
2026-07-11 14:15:18 transreid.train INFO: Epoch[47] Iter[40/227] Loss: 3.787, Acc: 0.955, Base Lr: 5.34e-04 | id_global: 0.620 id_part: 3.747 tri_global: 0.054 tri_part: 0.600 lgpa_assign: 2.554
2026-07-11 14:15:21 transreid.train INFO: Epoch[47] Iter[60/227] Loss: 3.785, Acc: 0.959, Base Lr: 5.34e-04 | id_global: 0.615 id_part: 3.747 tri_global: 0.057 tri_part: 0.603 lgpa_assign: 2.548
2026-07-11 14:15:24 transreid.train INFO: Epoch[47] Iter[80/227] Loss: 3.763, Acc: 0.959, Base Lr: 5.34e-04 | id_global: 0.609 id_part: 3.726 tri_global: 0.057 tri_part: 0.605 lgpa_assign: 2.531
2026-07-11 14:15:28 transreid.train INFO: Epoch[47] Iter[100/227] Loss: 3.727, Acc: 0.961, Base Lr: 5.34e-04 | id_global: 0.592 id_part: 3.676 tri_global: 0.055 tri_part: 0.604 lgpa_assign: 2.527
2026-07-11 14:15:31 transreid.train INFO: Epoch[47] Iter[120/227] Loss: 3.693, Acc: 0.963, Base Lr: 5.34e-04 | id_global: 0.573 id_part: 3.637 tri_global: 0.053 tri_part: 0.603 lgpa_assign: 2.520
2026-07-11 14:15:34 transreid.train INFO: Epoch[47] Iter[140/227] Loss: 3.655, Acc: 0.964, Base Lr: 5.34e-04 | id_global: 0.556 id_part: 3.578 tri_global: 0.055 tri_part: 0.603 lgpa_assign: 2.519
2026-07-11 14:15:38 transreid.train INFO: Epoch[47] Iter[160/227] Loss: 3.623, Acc: 0.966, Base Lr: 5.34e-04 | id_global: 0.540 id_part: 3.528 tri_global: 0.055 tri_part: 0.603 lgpa_assign: 2.521
2026-07-11 14:15:41 transreid.train INFO: Epoch[47] Iter[180/227] Loss: 3.577, Acc: 0.968, Base Lr: 5.34e-04 | id_global: 0.520 id_part: 3.458 tri_global: 0.052 tri_part: 0.602 lgpa_assign: 2.522
2026-07-11 14:15:44 transreid.train INFO: Epoch[47] Iter[200/227] Loss: 3.511, Acc: 0.970, Base Lr: 5.34e-04 | id_global: 0.495 id_part: 3.347 tri_global: 0.051 tri_part: 0.602 lgpa_assign: 2.526
2026-07-11 14:15:46 transreid.train INFO: Epoch 47 done. Time per epoch: 36.691[s] Speed: 368.0[samples/s] ETA: 0h44m
2026-07-11 14:15:51 transreid.train INFO: Epoch[48] Iter[20/227] Loss: 3.793, Acc: 0.946, Base Lr: 5.24e-04 | id_global: 0.643 id_part: 3.792 tri_global: 0.083 tri_part: 0.609 lgpa_assign: 2.460
2026-07-11 14:15:54 transreid.train INFO: Epoch[48] Iter[40/227] Loss: 3.757, Acc: 0.953, Base Lr: 5.24e-04 | id_global: 0.617 id_part: 3.758 tri_global: 0.076 tri_part: 0.608 lgpa_assign: 2.456
2026-07-11 14:15:58 transreid.train INFO: Epoch[48] Iter[60/227] Loss: 3.717, Acc: 0.955, Base Lr: 5.24e-04 | id_global: 0.593 id_part: 3.725 tri_global: 0.064 tri_part: 0.604 lgpa_assign: 2.447
2026-07-11 14:16:01 transreid.train INFO: Epoch[48] Iter[80/227] Loss: 3.703, Acc: 0.957, Base Lr: 5.24e-04 | id_global: 0.584 id_part: 3.710 tri_global: 0.058 tri_part: 0.603 lgpa_assign: 2.452
2026-07-11 14:16:04 transreid.train INFO: Epoch[48] Iter[100/227] Loss: 3.678, Acc: 0.960, Base Lr: 5.24e-04 | id_global: 0.565 id_part: 3.666 tri_global: 0.058 tri_part: 0.602 lgpa_assign: 2.465
2026-07-11 14:16:08 transreid.train INFO: Epoch[48] Iter[120/227] Loss: 3.640, Acc: 0.964, Base Lr: 5.24e-04 | id_global: 0.543 id_part: 3.607 tri_global: 0.055 tri_part: 0.601 lgpa_assign: 2.472
2026-07-11 14:16:11 transreid.train INFO: Epoch[48] Iter[140/227] Loss: 3.591, Acc: 0.967, Base Lr: 5.24e-04 | id_global: 0.523 id_part: 3.529 tri_global: 0.054 tri_part: 0.600 lgpa_assign: 2.475
2026-07-11 14:16:14 transreid.train INFO: Epoch[48] Iter[160/227] Loss: 3.554, Acc: 0.967, Base Lr: 5.24e-04 | id_global: 0.508 id_part: 3.464 tri_global: 0.053 tri_part: 0.599 lgpa_assign: 2.484
2026-07-11 14:16:18 transreid.train INFO: Epoch[48] Iter[180/227] Loss: 3.512, Acc: 0.969, Base Lr: 5.24e-04 | id_global: 0.490 id_part: 3.397 tri_global: 0.051 tri_part: 0.599 lgpa_assign: 2.487
2026-07-11 14:16:21 transreid.train INFO: Epoch[48] Iter[200/227] Loss: 3.450, Acc: 0.971, Base Lr: 5.24e-04 | id_global: 0.469 id_part: 3.287 tri_global: 0.052 tri_part: 0.599 lgpa_assign: 2.493
2026-07-11 14:16:23 transreid.train INFO: Epoch 48 done. Time per epoch: 37.050[s] Speed: 369.7[samples/s] ETA: 0h44m
2026-07-11 14:16:28 transreid.train INFO: Epoch[49] Iter[20/227] Loss: 3.673, Acc: 0.957, Base Lr: 5.14e-04 | id_global: 0.574 id_part: 3.615 tri_global: 0.059 tri_part: 0.603 lgpa_assign: 2.495
2026-07-11 14:16:31 transreid.train INFO: Epoch[49] Iter[40/227] Loss: 3.672, Acc: 0.955, Base Lr: 5.14e-04 | id_global: 0.583 id_part: 3.623 tri_global: 0.059 tri_part: 0.603 lgpa_assign: 2.476
2026-07-11 14:16:35 transreid.train INFO: Epoch[49] Iter[60/227] Loss: 3.672, Acc: 0.960, Base Lr: 5.14e-04 | id_global: 0.565 id_part: 3.651 tri_global: 0.048 tri_part: 0.601 lgpa_assign: 2.477
2026-07-11 14:16:38 transreid.train INFO: Epoch[49] Iter[80/227] Loss: 3.654, Acc: 0.962, Base Lr: 5.14e-04 | id_global: 0.554 id_part: 3.629 tri_global: 0.047 tri_part: 0.603 lgpa_assign: 2.475
2026-07-11 14:16:41 transreid.train INFO: Epoch[49] Iter[100/227] Loss: 3.623, Acc: 0.965, Base Lr: 5.14e-04 | id_global: 0.538 id_part: 3.585 tri_global: 0.052 tri_part: 0.603 lgpa_assign: 2.468
2026-07-11 14:16:45 transreid.train INFO: Epoch[49] Iter[120/227] Loss: 3.586, Acc: 0.967, Base Lr: 5.14e-04 | id_global: 0.523 id_part: 3.524 tri_global: 0.051 tri_part: 0.603 lgpa_assign: 2.471
2026-07-11 14:16:48 transreid.train INFO: Epoch[49] Iter[140/227] Loss: 3.560, Acc: 0.969, Base Lr: 5.14e-04 | id_global: 0.509 id_part: 3.483 tri_global: 0.049 tri_part: 0.601 lgpa_assign: 2.476
2026-07-11 14:16:51 transreid.train INFO: Epoch[49] Iter[160/227] Loss: 3.527, Acc: 0.971, Base Lr: 5.14e-04 | id_global: 0.494 id_part: 3.438 tri_global: 0.048 tri_part: 0.600 lgpa_assign: 2.473
2026-07-11 14:16:55 transreid.train INFO: Epoch[49] Iter[180/227] Loss: 3.485, Acc: 0.972, Base Lr: 5.14e-04 | id_global: 0.477 id_part: 3.372 tri_global: 0.048 tri_part: 0.600 lgpa_assign: 2.472
2026-07-11 14:16:58 transreid.train INFO: Epoch[49] Iter[200/227] Loss: 3.428, Acc: 0.974, Base Lr: 5.14e-04 | id_global: 0.458 id_part: 3.267 tri_global: 0.047 tri_part: 0.600 lgpa_assign: 2.483
2026-07-11 14:17:00 transreid.train INFO: Epoch 49 done. Time per epoch: 36.466[s] Speed: 370.3[samples/s] ETA: 0h43m
2026-07-11 14:17:04 transreid.train INFO: Epoch[50] Iter[20/227] Loss: 3.725, Acc: 0.958, Base Lr: 5.04e-04 | id_global: 0.591 id_part: 3.711 tri_global: 0.052 tri_part: 0.607 lgpa_assign: 2.491
2026-07-11 14:17:08 transreid.train INFO: Epoch[50] Iter[40/227] Loss: 3.693, Acc: 0.962, Base Lr: 5.04e-04 | id_global: 0.568 id_part: 3.660 tri_global: 0.066 tri_part: 0.608 lgpa_assign: 2.485
2026-07-11 14:17:11 transreid.train INFO: Epoch[50] Iter[60/227] Loss: 3.657, Acc: 0.965, Base Lr: 5.04e-04 | id_global: 0.549 id_part: 3.631 tri_global: 0.064 tri_part: 0.604 lgpa_assign: 2.465
2026-07-11 14:17:14 transreid.train INFO: Epoch[50] Iter[80/227] Loss: 3.639, Acc: 0.969, Base Lr: 5.04e-04 | id_global: 0.536 id_part: 3.614 tri_global: 0.057 tri_part: 0.602 lgpa_assign: 2.470
2026-07-11 14:17:18 transreid.train INFO: Epoch[50] Iter[100/227] Loss: 3.592, Acc: 0.970, Base Lr: 5.04e-04 | id_global: 0.516 id_part: 3.542 tri_global: 0.052 tri_part: 0.600 lgpa_assign: 2.474
2026-07-11 14:17:21 transreid.train INFO: Epoch[50] Iter[120/227] Loss: 3.563, Acc: 0.971, Base Lr: 5.04e-04 | id_global: 0.505 id_part: 3.497 tri_global: 0.051 tri_part: 0.600 lgpa_assign: 2.473
2026-07-11 14:17:24 transreid.train INFO: Epoch[50] Iter[140/227] Loss: 3.536, Acc: 0.973, Base Lr: 5.04e-04 | id_global: 0.490 id_part: 3.454 tri_global: 0.055 tri_part: 0.600 lgpa_assign: 2.474
2026-07-11 14:17:28 transreid.train INFO: Epoch[50] Iter[160/227] Loss: 3.506, Acc: 0.974, Base Lr: 5.04e-04 | id_global: 0.477 id_part: 3.401 tri_global: 0.055 tri_part: 0.600 lgpa_assign: 2.479
2026-07-11 14:17:31 transreid.train INFO: Epoch[50] Iter[180/227] Loss: 3.463, Acc: 0.974, Base Lr: 5.04e-04 | id_global: 0.463 id_part: 3.323 tri_global: 0.058 tri_part: 0.600 lgpa_assign: 2.481
2026-07-11 14:17:34 transreid.train INFO: Epoch[50] Iter[200/227] Loss: 3.412, Acc: 0.975, Base Lr: 5.04e-04 | id_global: 0.447 id_part: 3.223 tri_global: 0.060 tri_part: 0.600 lgpa_assign: 2.494
2026-07-11 14:17:36 transreid.train INFO: Epoch 50 done. Time per epoch: 36.474[s] Speed: 370.2[samples/s] ETA: 0h42m
The test feature is normalized
=> Computing DistMat with euclidean_distance
2026-07-11 14:18:06 transreid.train INFO: Validation Results - Epoch: 50
2026-07-11 14:18:06 transreid.train INFO: mAP: 54.7%
2026-07-11 14:18:06 transreid.train INFO: CMC curve, Rank-1  :64.1%
2026-07-11 14:18:06 transreid.train INFO: CMC curve, Rank-5  :77.2%
2026-07-11 14:18:06 transreid.train INFO: CMC curve, Rank-10 :82.4%
2026-07-11 14:18:11 transreid.train INFO: Epoch[51] Iter[20/227] Loss: 3.630, Acc: 0.969, Base Lr: 4.94e-04 | id_global: 0.521 id_part: 3.600 tri_global: 0.054 tri_part: 0.596 lgpa_assign: 2.489
2026-07-11 14:18:14 transreid.train INFO: Epoch[51] Iter[40/227] Loss: 3.636, Acc: 0.965, Base Lr: 4.94e-04 | id_global: 0.542 id_part: 3.631 tri_global: 0.049 tri_part: 0.601 lgpa_assign: 2.450
2026-07-11 14:18:18 transreid.train INFO: Epoch[51] Iter[60/227] Loss: 3.638, Acc: 0.964, Base Lr: 4.94e-04 | id_global: 0.539 id_part: 3.646 tri_global: 0.051 tri_part: 0.599 lgpa_assign: 2.440
2026-07-11 14:18:21 transreid.train INFO: Epoch[51] Iter[80/227] Loss: 3.615, Acc: 0.968, Base Lr: 4.94e-04 | id_global: 0.528 id_part: 3.609 tri_global: 0.050 tri_part: 0.601 lgpa_assign: 2.441
2026-07-11 14:18:24 transreid.train INFO: Epoch[51] Iter[100/227] Loss: 3.580, Acc: 0.970, Base Lr: 4.94e-04 | id_global: 0.513 id_part: 3.562 tri_global: 0.049 tri_part: 0.601 lgpa_assign: 2.435
2026-07-11 14:18:28 transreid.train INFO: Epoch[51] Iter[120/227] Loss: 3.557, Acc: 0.970, Base Lr: 4.94e-04 | id_global: 0.502 id_part: 3.516 tri_global: 0.053 tri_part: 0.600 lgpa_assign: 2.443
2026-07-11 14:18:31 transreid.train INFO: Epoch[51] Iter[140/227] Loss: 3.514, Acc: 0.973, Base Lr: 4.94e-04 | id_global: 0.482 id_part: 3.454 tri_global: 0.050 tri_part: 0.599 lgpa_assign: 2.442
2026-07-11 14:18:34 transreid.train INFO: Epoch[51] Iter[160/227] Loss: 3.472, Acc: 0.973, Base Lr: 4.94e-04 | id_global: 0.468 id_part: 3.382 tri_global: 0.053 tri_part: 0.599 lgpa_assign: 2.442
2026-07-11 14:18:38 transreid.train INFO: Epoch[51] Iter[180/227] Loss: 3.422, Acc: 0.975, Base Lr: 4.94e-04 | id_global: 0.449 id_part: 3.299 tri_global: 0.050 tri_part: 0.598 lgpa_assign: 2.447
2026-07-11 14:18:41 transreid.train INFO: Epoch[51] Iter[200/227] Loss: 3.367, Acc: 0.976, Base Lr: 4.94e-04 | id_global: 0.432 id_part: 3.195 tri_global: 0.054 tri_part: 0.599 lgpa_assign: 2.454
2026-07-11 14:18:43 transreid.train INFO: Epoch 51 done. Time per epoch: 36.798[s] Speed: 367.0[samples/s] ETA: 0h42m
2026-07-11 14:18:48 transreid.train INFO: Epoch[52] Iter[20/227] Loss: 3.713, Acc: 0.956, Base Lr: 4.84e-04 | id_global: 0.570 id_part: 3.705 tri_global: 0.072 tri_part: 0.602 lgpa_assign: 2.475
2026-07-11 14:18:51 transreid.train INFO: Epoch[52] Iter[40/227] Loss: 3.661, Acc: 0.962, Base Lr: 4.84e-04 | id_global: 0.540 id_part: 3.650 tri_global: 0.057 tri_part: 0.601 lgpa_assign: 2.475
2026-07-11 14:18:54 transreid.train INFO: Epoch[52] Iter[60/227] Loss: 3.591, Acc: 0.967, Base Lr: 4.84e-04 | id_global: 0.513 id_part: 3.560 tri_global: 0.067 tri_part: 0.599 lgpa_assign: 2.443
2026-07-11 14:18:58 transreid.train INFO: Epoch[52] Iter[80/227] Loss: 3.565, Acc: 0.970, Base Lr: 4.84e-04 | id_global: 0.494 id_part: 3.521 tri_global: 0.061 tri_part: 0.599 lgpa_assign: 2.455
2026-07-11 14:19:01 transreid.train INFO: Epoch[52] Iter[100/227] Loss: 3.528, Acc: 0.972, Base Lr: 4.84e-04 | id_global: 0.475 id_part: 3.480 tri_global: 0.060 tri_part: 0.599 lgpa_assign: 2.442
2026-07-11 14:19:04 transreid.train INFO: Epoch[52] Iter[120/227] Loss: 3.513, Acc: 0.974, Base Lr: 4.84e-04 | id_global: 0.470 id_part: 3.460 tri_global: 0.057 tri_part: 0.599 lgpa_assign: 2.439
2026-07-11 14:19:08 transreid.train INFO: Epoch[52] Iter[140/227] Loss: 3.476, Acc: 0.975, Base Lr: 4.84e-04 | id_global: 0.456 id_part: 3.411 tri_global: 0.057 tri_part: 0.599 lgpa_assign: 2.430
2026-07-11 14:19:11 transreid.train INFO: Epoch[52] Iter[160/227] Loss: 3.436, Acc: 0.976, Base Lr: 4.84e-04 | id_global: 0.446 id_part: 3.344 tri_global: 0.056 tri_part: 0.600 lgpa_assign: 2.425
2026-07-11 14:19:14 transreid.train INFO: Epoch[52] Iter[180/227] Loss: 3.391, Acc: 0.977, Base Lr: 4.84e-04 | id_global: 0.431 id_part: 3.267 tri_global: 0.056 tri_part: 0.598 lgpa_assign: 2.429
2026-07-11 14:19:18 transreid.train INFO: Epoch[52] Iter[200/227] Loss: 3.334, Acc: 0.978, Base Lr: 4.84e-04 | id_global: 0.414 id_part: 3.160 tri_global: 0.057 tri_part: 0.598 lgpa_assign: 2.440
2026-07-11 14:19:20 transreid.train INFO: Epoch 52 done. Time per epoch: 36.733[s] Speed: 367.6[samples/s] ETA: 0h41m
2026-07-11 14:19:24 transreid.train INFO: Epoch[53] Iter[20/227] Loss: 3.620, Acc: 0.972, Base Lr: 4.74e-04 | id_global: 0.490 id_part: 3.612 tri_global: 0.033 tri_part: 0.596 lgpa_assign: 2.507
2026-07-11 14:19:28 transreid.train INFO: Epoch[53] Iter[40/227] Loss: 3.582, Acc: 0.971, Base Lr: 4.74e-04 | id_global: 0.487 id_part: 3.542 tri_global: 0.045 tri_part: 0.596 lgpa_assign: 2.494
2026-07-11 14:19:31 transreid.train INFO: Epoch[53] Iter[60/227] Loss: 3.555, Acc: 0.970, Base Lr: 4.74e-04 | id_global: 0.488 id_part: 3.521 tri_global: 0.047 tri_part: 0.595 lgpa_assign: 2.460
2026-07-11 14:19:34 transreid.train INFO: Epoch[53] Iter[80/227] Loss: 3.516, Acc: 0.971, Base Lr: 4.74e-04 | id_global: 0.471 id_part: 3.468 tri_global: 0.044 tri_part: 0.595 lgpa_assign: 2.454
2026-07-11 14:19:38 transreid.train INFO: Epoch[53] Iter[100/227] Loss: 3.500, Acc: 0.970, Base Lr: 4.74e-04 | id_global: 0.465 id_part: 3.438 tri_global: 0.050 tri_part: 0.596 lgpa_assign: 2.451
2026-07-11 14:19:41 transreid.train INFO: Epoch[53] Iter[120/227] Loss: 3.466, Acc: 0.972, Base Lr: 4.74e-04 | id_global: 0.452 id_part: 3.396 tri_global: 0.049 tri_part: 0.596 lgpa_assign: 2.439
2026-07-11 14:19:44 transreid.train INFO: Epoch[53] Iter[140/227] Loss: 3.432, Acc: 0.973, Base Lr: 4.74e-04 | id_global: 0.441 id_part: 3.341 tri_global: 0.048 tri_part: 0.597 lgpa_assign: 2.437
2026-07-11 14:19:48 transreid.train INFO: Epoch[53] Iter[160/227] Loss: 3.399, Acc: 0.974, Base Lr: 4.74e-04 | id_global: 0.430 id_part: 3.276 tri_global: 0.053 tri_part: 0.597 lgpa_assign: 2.442
2026-07-11 14:19:51 transreid.train INFO: Epoch[53] Iter[180/227] Loss: 3.355, Acc: 0.976, Base Lr: 4.74e-04 | id_global: 0.415 id_part: 3.205 tri_global: 0.051 tri_part: 0.596 lgpa_assign: 2.444
2026-07-11 14:19:54 transreid.train INFO: Epoch[53] Iter[200/227] Loss: 3.297, Acc: 0.977, Base Lr: 4.74e-04 | id_global: 0.397 id_part: 3.107 tri_global: 0.050 tri_part: 0.596 lgpa_assign: 2.444
2026-07-11 14:19:58 transreid.train INFO: Epoch 53 done. Time per epoch: 37.904[s] Speed: 358.0[samples/s] ETA: 0h42m
2026-07-11 14:20:02 transreid.train INFO: Epoch[54] Iter[20/227] Loss: 3.683, Acc: 0.964, Base Lr: 4.63e-04 | id_global: 0.543 id_part: 3.646 tri_global: 0.078 tri_part: 0.610 lgpa_assign: 2.488
2026-07-11 14:20:05 transreid.train INFO: Epoch[54] Iter[40/227] Loss: 3.612, Acc: 0.968, Base Lr: 4.63e-04 | id_global: 0.515 id_part: 3.598 tri_global: 0.068 tri_part: 0.605 lgpa_assign: 2.437
2026-07-11 14:20:09 transreid.train INFO: Epoch[54] Iter[60/227] Loss: 3.568, Acc: 0.970, Base Lr: 4.63e-04 | id_global: 0.496 id_part: 3.566 tri_global: 0.059 tri_part: 0.603 lgpa_assign: 2.412
2026-07-11 14:20:12 transreid.train INFO: Epoch[54] Iter[80/227] Loss: 3.522, Acc: 0.972, Base Lr: 4.63e-04 | id_global: 0.478 id_part: 3.505 tri_global: 0.054 tri_part: 0.602 lgpa_assign: 2.404
2026-07-11 14:20:16 transreid.train INFO: Epoch[54] Iter[100/227] Loss: 3.478, Acc: 0.972, Base Lr: 4.63e-04 | id_global: 0.460 id_part: 3.446 tri_global: 0.049 tri_part: 0.601 lgpa_assign: 2.400
2026-07-11 14:20:19 transreid.train INFO: Epoch[54] Iter[120/227] Loss: 3.460, Acc: 0.973, Base Lr: 4.63e-04 | id_global: 0.449 id_part: 3.421 tri_global: 0.049 tri_part: 0.600 lgpa_assign: 2.400
2026-07-11 14:20:22 transreid.train INFO: Epoch[54] Iter[140/227] Loss: 3.416, Acc: 0.975, Base Lr: 4.63e-04 | id_global: 0.432 id_part: 3.345 tri_global: 0.046 tri_part: 0.599 lgpa_assign: 2.409
2026-07-11 14:20:26 transreid.train INFO: Epoch[54] Iter[160/227] Loss: 3.374, Acc: 0.977, Base Lr: 4.63e-04 | id_global: 0.415 id_part: 3.279 tri_global: 0.045 tri_part: 0.597 lgpa_assign: 2.413
2026-07-11 14:20:29 transreid.train INFO: Epoch[54] Iter[180/227] Loss: 3.328, Acc: 0.977, Base Lr: 4.63e-04 | id_global: 0.403 id_part: 3.197 tri_global: 0.045 tri_part: 0.597 lgpa_assign: 2.414
2026-07-11 14:20:32 transreid.train INFO: Epoch[54] Iter[200/227] Loss: 3.274, Acc: 0.978, Base Lr: 4.63e-04 | id_global: 0.387 id_part: 3.095 tri_global: 0.045 tri_part: 0.597 lgpa_assign: 2.423
2026-07-11 14:20:34 transreid.train INFO: Epoch 54 done. Time per epoch: 36.870[s] Speed: 368.0[samples/s] ETA: 0h40m
2026-07-11 14:20:39 transreid.train INFO: Epoch[55] Iter[20/227] Loss: 3.492, Acc: 0.967, Base Lr: 4.53e-04 | id_global: 0.472 id_part: 3.439 tri_global: 0.041 tri_part: 0.599 lgpa_assign: 2.433
2026-07-11 14:20:42 transreid.train INFO: Epoch[55] Iter[40/227] Loss: 3.483, Acc: 0.969, Base Lr: 4.53e-04 | id_global: 0.466 id_part: 3.436 tri_global: 0.045 tri_part: 0.597 lgpa_assign: 2.422
2026-07-11 14:20:46 transreid.train INFO: Epoch[55] Iter[60/227] Loss: 3.487, Acc: 0.972, Base Lr: 4.53e-04 | id_global: 0.458 id_part: 3.454 tri_global: 0.043 tri_part: 0.596 lgpa_assign: 2.423
2026-07-11 14:20:49 transreid.train INFO: Epoch[55] Iter[80/227] Loss: 3.464, Acc: 0.974, Base Lr: 4.53e-04 | id_global: 0.443 id_part: 3.413 tri_global: 0.044 tri_part: 0.597 lgpa_assign: 2.431
2026-07-11 14:20:52 transreid.train INFO: Epoch[55] Iter[100/227] Loss: 3.434, Acc: 0.976, Base Lr: 4.53e-04 | id_global: 0.432 id_part: 3.375 tri_global: 0.041 tri_part: 0.597 lgpa_assign: 2.423
2026-07-11 14:20:56 transreid.train INFO: Epoch[55] Iter[120/227] Loss: 3.409, Acc: 0.977, Base Lr: 4.53e-04 | id_global: 0.422 id_part: 3.338 tri_global: 0.047 tri_part: 0.598 lgpa_assign: 2.413
2026-07-11 14:20:59 transreid.train INFO: Epoch[55] Iter[140/227] Loss: 3.384, Acc: 0.978, Base Lr: 4.53e-04 | id_global: 0.414 id_part: 3.297 tri_global: 0.048 tri_part: 0.597 lgpa_assign: 2.411
2026-07-11 14:21:02 transreid.train INFO: Epoch[55] Iter[160/227] Loss: 3.351, Acc: 0.980, Base Lr: 4.53e-04 | id_global: 0.400 id_part: 3.236 tri_global: 0.048 tri_part: 0.597 lgpa_assign: 2.421
2026-07-11 14:21:06 transreid.train INFO: Epoch[55] Iter[180/227] Loss: 3.304, Acc: 0.981, Base Lr: 4.53e-04 | id_global: 0.385 id_part: 3.157 tri_global: 0.046 tri_part: 0.596 lgpa_assign: 2.423
2026-07-11 14:21:09 transreid.train INFO: Epoch[55] Iter[200/227] Loss: 3.244, Acc: 0.981, Base Lr: 4.53e-04 | id_global: 0.370 id_part: 3.059 tri_global: 0.045 tri_part: 0.596 lgpa_assign: 2.418
2026-07-11 14:21:11 transreid.train INFO: Epoch 55 done. Time per epoch: 36.954[s] Speed: 368.9[samples/s] ETA: 0h40m
2026-07-11 14:21:16 transreid.train INFO: Epoch[56] Iter[20/227] Loss: 3.504, Acc: 0.975, Base Lr: 4.43e-04 | id_global: 0.444 id_part: 3.493 tri_global: 0.040 tri_part: 0.592 lgpa_assign: 2.439
2026-07-11 14:21:19 transreid.train INFO: Epoch[56] Iter[40/227] Loss: 3.457, Acc: 0.977, Base Lr: 4.43e-04 | id_global: 0.439 id_part: 3.422 tri_global: 0.043 tri_part: 0.594 lgpa_assign: 2.416
2026-07-11 14:21:23 transreid.train INFO: Epoch[56] Iter[60/227] Loss: 3.427, Acc: 0.978, Base Lr: 4.43e-04 | id_global: 0.425 id_part: 3.376 tri_global: 0.046 tri_part: 0.594 lgpa_assign: 2.415
2026-07-11 14:21:26 transreid.train INFO: Epoch[56] Iter[80/227] Loss: 3.420, Acc: 0.978, Base Lr: 4.43e-04 | id_global: 0.418 id_part: 3.346 tri_global: 0.046 tri_part: 0.593 lgpa_assign: 2.437
2026-07-11 14:21:29 transreid.train INFO: Epoch[56] Iter[100/227] Loss: 3.406, Acc: 0.979, Base Lr: 4.43e-04 | id_global: 0.412 id_part: 3.334 tri_global: 0.045 tri_part: 0.594 lgpa_assign: 2.426
2026-07-11 14:21:33 transreid.train INFO: Epoch[56] Iter[120/227] Loss: 3.385, Acc: 0.979, Base Lr: 4.43e-04 | id_global: 0.409 id_part: 3.304 tri_global: 0.048 tri_part: 0.595 lgpa_assign: 2.414
2026-07-11 14:21:36 transreid.train INFO: Epoch[56] Iter[140/227] Loss: 3.355, Acc: 0.980, Base Lr: 4.43e-04 | id_global: 0.397 id_part: 3.249 tri_global: 0.048 tri_part: 0.595 lgpa_assign: 2.421
2026-07-11 14:21:39 transreid.train INFO: Epoch[56] Iter[160/227] Loss: 3.316, Acc: 0.981, Base Lr: 4.43e-04 | id_global: 0.385 id_part: 3.193 tri_global: 0.046 tri_part: 0.595 lgpa_assign: 2.413
2026-07-11 14:21:43 transreid.train INFO: Epoch[56] Iter[180/227] Loss: 3.276, Acc: 0.981, Base Lr: 4.43e-04 | id_global: 0.376 id_part: 3.133 tri_global: 0.047 tri_part: 0.594 lgpa_assign: 2.403
2026-07-11 14:21:46 transreid.train INFO: Epoch[56] Iter[200/227] Loss: 3.216, Acc: 0.981, Base Lr: 4.43e-04 | id_global: 0.360 id_part: 3.029 tri_global: 0.045 tri_part: 0.593 lgpa_assign: 2.406
2026-07-11 14:21:48 transreid.train INFO: Epoch 56 done. Time per epoch: 36.839[s] Speed: 368.3[samples/s] ETA: 0h39m
2026-07-11 14:21:53 transreid.train INFO: Epoch[57] Iter[20/227] Loss: 3.379, Acc: 0.973, Base Lr: 4.32e-04 | id_global: 0.421 id_part: 3.329 tri_global: 0.035 tri_part: 0.592 lgpa_assign: 2.381
2026-07-11 14:21:56 transreid.train INFO: Epoch[57] Iter[40/227] Loss: 3.353, Acc: 0.975, Base Lr: 4.32e-04 | id_global: 0.410 id_part: 3.306 tri_global: 0.045 tri_part: 0.594 lgpa_assign: 2.352
2026-07-11 14:21:59 transreid.train INFO: Epoch[57] Iter[60/227] Loss: 3.341, Acc: 0.976, Base Lr: 4.32e-04 | id_global: 0.404 id_part: 3.302 tri_global: 0.045 tri_part: 0.596 lgpa_assign: 2.336
2026-07-11 14:22:03 transreid.train INFO: Epoch[57] Iter[80/227] Loss: 3.326, Acc: 0.977, Base Lr: 4.32e-04 | id_global: 0.395 id_part: 3.268 tri_global: 0.045 tri_part: 0.594 lgpa_assign: 2.349
2026-07-11 14:22:06 transreid.train INFO: Epoch[57] Iter[100/227] Loss: 3.327, Acc: 0.977, Base Lr: 4.32e-04 | id_global: 0.396 id_part: 3.260 tri_global: 0.047 tri_part: 0.596 lgpa_assign: 2.356
2026-07-11 14:22:10 transreid.train INFO: Epoch[57] Iter[120/227] Loss: 3.311, Acc: 0.979, Base Lr: 4.32e-04 | id_global: 0.389 id_part: 3.237 tri_global: 0.049 tri_part: 0.596 lgpa_assign: 2.350
2026-07-11 14:22:13 transreid.train INFO: Epoch[57] Iter[140/227] Loss: 3.280, Acc: 0.980, Base Lr: 4.32e-04 | id_global: 0.377 id_part: 3.184 tri_global: 0.048 tri_part: 0.595 lgpa_assign: 2.355
2026-07-11 14:22:16 transreid.train INFO: Epoch[57] Iter[160/227] Loss: 3.257, Acc: 0.980, Base Lr: 4.32e-04 | id_global: 0.369 id_part: 3.143 tri_global: 0.048 tri_part: 0.595 lgpa_assign: 2.360
2026-07-11 14:22:20 transreid.train INFO: Epoch[57] Iter[180/227] Loss: 3.231, Acc: 0.981, Base Lr: 4.32e-04 | id_global: 0.362 id_part: 3.079 tri_global: 0.050 tri_part: 0.595 lgpa_assign: 2.376
2026-07-11 14:22:23 transreid.train INFO: Epoch[57] Iter[200/227] Loss: 3.184, Acc: 0.981, Base Lr: 4.32e-04 | id_global: 0.351 id_part: 2.988 tri_global: 0.048 tri_part: 0.594 lgpa_assign: 2.387
2026-07-11 14:22:25 transreid.train INFO: Epoch 57 done. Time per epoch: 36.661[s] Speed: 368.4[samples/s] ETA: 0h38m
2026-07-11 14:22:29 transreid.train INFO: Epoch[58] Iter[20/227] Loss: 3.372, Acc: 0.971, Base Lr: 4.22e-04 | id_global: 0.415 id_part: 3.330 tri_global: 0.043 tri_part: 0.591 lgpa_assign: 2.365
2026-07-11 14:22:33 transreid.train INFO: Epoch[58] Iter[40/227] Loss: 3.364, Acc: 0.975, Base Lr: 4.22e-04 | id_global: 0.416 id_part: 3.333 tri_global: 0.044 tri_part: 0.593 lgpa_assign: 2.341
2026-07-11 14:22:36 transreid.train INFO: Epoch[58] Iter[60/227] Loss: 3.381, Acc: 0.977, Base Lr: 4.22e-04 | id_global: 0.416 id_part: 3.357 tri_global: 0.045 tri_part: 0.595 lgpa_assign: 2.349
2026-07-11 14:22:40 transreid.train INFO: Epoch[58] Iter[80/227] Loss: 3.347, Acc: 0.977, Base Lr: 4.22e-04 | id_global: 0.406 id_part: 3.304 tri_global: 0.047 tri_part: 0.596 lgpa_assign: 2.340
2026-07-11 14:22:43 transreid.train INFO: Epoch[58] Iter[100/227] Loss: 3.348, Acc: 0.977, Base Lr: 4.22e-04 | id_global: 0.402 id_part: 3.302 tri_global: 0.046 tri_part: 0.595 lgpa_assign: 2.352
2026-07-11 14:22:46 transreid.train INFO: Epoch[58] Iter[120/227] Loss: 3.308, Acc: 0.978, Base Lr: 4.22e-04 | id_global: 0.390 id_part: 3.245 tri_global: 0.042 tri_part: 0.595 lgpa_assign: 2.344
2026-07-11 14:22:50 transreid.train INFO: Epoch[58] Iter[140/227] Loss: 3.287, Acc: 0.980, Base Lr: 4.22e-04 | id_global: 0.379 id_part: 3.200 tri_global: 0.041 tri_part: 0.596 lgpa_assign: 2.358
2026-07-11 14:22:53 transreid.train INFO: Epoch[58] Iter[160/227] Loss: 3.254, Acc: 0.981, Base Lr: 4.22e-04 | id_global: 0.367 id_part: 3.138 tri_global: 0.041 tri_part: 0.595 lgpa_assign: 2.367
2026-07-11 14:22:56 transreid.train INFO: Epoch[58] Iter[180/227] Loss: 3.219, Acc: 0.982, Base Lr: 4.22e-04 | id_global: 0.356 id_part: 3.068 tri_global: 0.041 tri_part: 0.595 lgpa_assign: 2.378
2026-07-11 14:23:00 transreid.train INFO: Epoch[58] Iter[200/227] Loss: 3.162, Acc: 0.982, Base Lr: 4.22e-04 | id_global: 0.343 id_part: 2.964 tri_global: 0.040 tri_part: 0.594 lgpa_assign: 2.385
2026-07-11 14:23:02 transreid.train INFO: Epoch 58 done. Time per epoch: 37.275[s] Speed: 364.0[samples/s] ETA: 0h38m
2026-07-11 14:23:07 transreid.train INFO: Epoch[59] Iter[20/227] Loss: 3.380, Acc: 0.984, Base Lr: 4.11e-04 | id_global: 0.373 id_part: 3.400 tri_global: 0.060 tri_part: 0.584 lgpa_assign: 2.342
2026-07-11 14:23:10 transreid.train INFO: Epoch[59] Iter[40/227] Loss: 3.404, Acc: 0.983, Base Lr: 4.11e-04 | id_global: 0.391 id_part: 3.400 tri_global: 0.057 tri_part: 0.587 lgpa_assign: 2.372
2026-07-11 14:23:13 transreid.train INFO: Epoch[59] Iter[60/227] Loss: 3.362, Acc: 0.981, Base Lr: 4.11e-04 | id_global: 0.384 id_part: 3.332 tri_global: 0.048 tri_part: 0.588 lgpa_assign: 2.371
2026-07-11 14:23:17 transreid.train INFO: Epoch[59] Iter[80/227] Loss: 3.341, Acc: 0.981, Base Lr: 4.11e-04 | id_global: 0.375 id_part: 3.302 tri_global: 0.046 tri_part: 0.589 lgpa_assign: 2.370
2026-07-11 14:23:20 transreid.train INFO: Epoch[59] Iter[100/227] Loss: 3.332, Acc: 0.980, Base Lr: 4.11e-04 | id_global: 0.374 id_part: 3.279 tri_global: 0.048 tri_part: 0.591 lgpa_assign: 2.373
2026-07-11 14:23:23 transreid.train INFO: Epoch[59] Iter[120/227] Loss: 3.298, Acc: 0.981, Base Lr: 4.11e-04 | id_global: 0.365 id_part: 3.223 tri_global: 0.046 tri_part: 0.591 lgpa_assign: 2.370
2026-07-11 14:23:27 transreid.train INFO: Epoch[59] Iter[140/227] Loss: 3.254, Acc: 0.982, Base Lr: 4.11e-04 | id_global: 0.353 id_part: 3.154 tri_global: 0.044 tri_part: 0.591 lgpa_assign: 2.368
2026-07-11 14:23:30 transreid.train INFO: Epoch[59] Iter[160/227] Loss: 3.222, Acc: 0.983, Base Lr: 4.11e-04 | id_global: 0.343 id_part: 3.091 tri_global: 0.045 tri_part: 0.591 lgpa_assign: 2.373
2026-07-11 14:23:34 transreid.train INFO: Epoch[59] Iter[180/227] Loss: 3.189, Acc: 0.983, Base Lr: 4.11e-04 | id_global: 0.336 id_part: 3.032 tri_global: 0.044 tri_part: 0.591 lgpa_assign: 2.374
2026-07-11 14:23:37 transreid.train INFO: Epoch[59] Iter[200/227] Loss: 3.130, Acc: 0.984, Base Lr: 4.11e-04 | id_global: 0.322 id_part: 2.925 tri_global: 0.043 tri_part: 0.591 lgpa_assign: 2.380
2026-07-11 14:23:39 transreid.train INFO: Epoch 59 done. Time per epoch: 36.939[s] Speed: 369.0[samples/s] ETA: 0h37m
2026-07-11 14:23:44 transreid.train INFO: Epoch[60] Iter[20/227] Loss: 3.405, Acc: 0.974, Base Lr: 4.01e-04 | id_global: 0.410 id_part: 3.372 tri_global: 0.047 tri_part: 0.594 lgpa_assign: 2.388
2026-07-11 14:23:47 transreid.train INFO: Epoch[60] Iter[40/227] Loss: 3.406, Acc: 0.975, Base Lr: 4.01e-04 | id_global: 0.409 id_part: 3.362 tri_global: 0.061 tri_part: 0.591 lgpa_assign: 2.389
2026-07-11 14:23:50 transreid.train INFO: Epoch[60] Iter[60/227] Loss: 3.361, Acc: 0.979, Base Lr: 4.01e-04 | id_global: 0.386 id_part: 3.305 tri_global: 0.055 tri_part: 0.592 lgpa_assign: 2.384
2026-07-11 14:23:54 transreid.train INFO: Epoch[60] Iter[80/227] Loss: 3.335, Acc: 0.980, Base Lr: 4.01e-04 | id_global: 0.376 id_part: 3.273 tri_global: 0.051 tri_part: 0.592 lgpa_assign: 2.377
2026-07-11 14:23:57 transreid.train INFO: Epoch[60] Iter[100/227] Loss: 3.295, Acc: 0.981, Base Lr: 4.01e-04 | id_global: 0.367 id_part: 3.216 tri_global: 0.050 tri_part: 0.592 lgpa_assign: 2.365
2026-07-11 14:24:00 transreid.train INFO: Epoch[60] Iter[120/227] Loss: 3.263, Acc: 0.982, Base Lr: 4.01e-04 | id_global: 0.356 id_part: 3.168 tri_global: 0.047 tri_part: 0.592 lgpa_assign: 2.363
2026-07-11 14:24:04 transreid.train INFO: Epoch[60] Iter[140/227] Loss: 3.233, Acc: 0.982, Base Lr: 4.01e-04 | id_global: 0.348 id_part: 3.123 tri_global: 0.046 tri_part: 0.592 lgpa_assign: 2.357
2026-07-11 14:24:07 transreid.train INFO: Epoch[60] Iter[160/227] Loss: 3.192, Acc: 0.982, Base Lr: 4.01e-04 | id_global: 0.339 id_part: 3.063 tri_global: 0.044 tri_part: 0.591 lgpa_assign: 2.346
2026-07-11 14:24:10 transreid.train INFO: Epoch[60] Iter[180/227] Loss: 3.155, Acc: 0.983, Base Lr: 4.01e-04 | id_global: 0.330 id_part: 2.993 tri_global: 0.045 tri_part: 0.591 lgpa_assign: 2.350
2026-07-11 14:24:14 transreid.train INFO: Epoch[60] Iter[200/227] Loss: 3.106, Acc: 0.984, Base Lr: 4.01e-04 | id_global: 0.318 id_part: 2.903 tri_global: 0.047 tri_part: 0.591 lgpa_assign: 2.353
2026-07-11 14:24:16 transreid.train INFO: Epoch 60 done. Time per epoch: 36.635[s] Speed: 368.6[samples/s] ETA: 0h36m
The test feature is normalized
=> Computing DistMat with euclidean_distance
2026-07-11 14:24:46 transreid.train INFO: Validation Results - Epoch: 60
2026-07-11 14:24:46 transreid.train INFO: mAP: 56.9%
2026-07-11 14:24:46 transreid.train INFO: CMC curve, Rank-1  :66.3%
2026-07-11 14:24:46 transreid.train INFO: CMC curve, Rank-5  :79.8%
2026-07-11 14:24:46 transreid.train INFO: CMC curve, Rank-10 :84.4%
2026-07-11 14:24:50 transreid.train INFO: Epoch[61] Iter[20/227] Loss: 3.380, Acc: 0.973, Base Lr: 3.90e-04 | id_global: 0.411 id_part: 3.377 tri_global: 0.038 tri_part: 0.598 lgpa_assign: 2.336
2026-07-11 14:24:54 transreid.train INFO: Epoch[61] Iter[40/227] Loss: 3.321, Acc: 0.979, Base Lr: 3.90e-04 | id_global: 0.378 id_part: 3.309 tri_global: 0.030 tri_part: 0.591 lgpa_assign: 2.334
2026-07-11 14:24:57 transreid.train INFO: Epoch[61] Iter[60/227] Loss: 3.283, Acc: 0.979, Base Lr: 3.90e-04 | id_global: 0.371 id_part: 3.254 tri_global: 0.037 tri_part: 0.591 lgpa_assign: 2.313
2026-07-11 14:25:00 transreid.train INFO: Epoch[61] Iter[80/227] Loss: 3.257, Acc: 0.980, Base Lr: 3.90e-04 | id_global: 0.356 id_part: 3.206 tri_global: 0.034 tri_part: 0.589 lgpa_assign: 2.329
2026-07-11 14:25:04 transreid.train INFO: Epoch[61] Iter[100/227] Loss: 3.248, Acc: 0.981, Base Lr: 3.90e-04 | id_global: 0.352 id_part: 3.190 tri_global: 0.039 tri_part: 0.589 lgpa_assign: 2.326
2026-07-11 14:25:07 transreid.train INFO: Epoch[61] Iter[120/227] Loss: 3.211, Acc: 0.980, Base Lr: 3.90e-04 | id_global: 0.345 id_part: 3.123 tri_global: 0.037 tri_part: 0.588 lgpa_assign: 2.329
2026-07-11 14:25:10 transreid.train INFO: Epoch[61] Iter[140/227] Loss: 3.194, Acc: 0.981, Base Lr: 3.90e-04 | id_global: 0.340 id_part: 3.097 tri_global: 0.039 tri_part: 0.589 lgpa_assign: 2.322
2026-07-11 14:25:14 transreid.train INFO: Epoch[61] Iter[160/227] Loss: 3.162, Acc: 0.982, Base Lr: 3.90e-04 | id_global: 0.332 id_part: 3.043 tri_global: 0.037 tri_part: 0.589 lgpa_assign: 2.324
2026-07-11 14:25:17 transreid.train INFO: Epoch[61] Iter[180/227] Loss: 3.122, Acc: 0.983, Base Lr: 3.90e-04 | id_global: 0.320 id_part: 2.971 tri_global: 0.035 tri_part: 0.589 lgpa_assign: 2.329
2026-07-11 14:25:20 transreid.train INFO: Epoch[61] Iter[200/227] Loss: 3.071, Acc: 0.983, Base Lr: 3.90e-04 | id_global: 0.306 id_part: 2.869 tri_global: 0.034 tri_part: 0.588 lgpa_assign: 2.345
2026-07-11 14:25:22 transreid.train INFO: Epoch 61 done. Time per epoch: 36.489[s] Speed: 370.1[samples/s] ETA: 0h35m
2026-07-11 14:25:27 transreid.train INFO: Epoch[62] Iter[20/227] Loss: 3.286, Acc: 0.977, Base Lr: 3.80e-04 | id_global: 0.363 id_part: 3.234 tri_global: 0.026 tri_part: 0.583 lgpa_assign: 2.368
2026-07-11 14:25:30 transreid.train INFO: Epoch[62] Iter[40/227] Loss: 3.314, Acc: 0.978, Base Lr: 3.80e-04 | id_global: 0.372 id_part: 3.268 tri_global: 0.049 tri_part: 0.592 lgpa_assign: 2.346
2026-07-11 14:25:33 transreid.train INFO: Epoch[62] Iter[60/227] Loss: 3.302, Acc: 0.974, Base Lr: 3.80e-04 | id_global: 0.377 id_part: 3.255 tri_global: 0.045 tri_part: 0.594 lgpa_assign: 2.331
2026-07-11 14:25:37 transreid.train INFO: Epoch[62] Iter[80/227] Loss: 3.295, Acc: 0.974, Base Lr: 3.80e-04 | id_global: 0.375 id_part: 3.236 tri_global: 0.048 tri_part: 0.595 lgpa_assign: 2.336
2026-07-11 14:25:40 transreid.train INFO: Epoch[62] Iter[100/227] Loss: 3.250, Acc: 0.976, Base Lr: 3.80e-04 | id_global: 0.360 id_part: 3.172 tri_global: 0.046 tri_part: 0.594 lgpa_assign: 2.329
2026-07-11 14:25:43 transreid.train INFO: Epoch[62] Iter[120/227] Loss: 3.222, Acc: 0.979, Base Lr: 3.80e-04 | id_global: 0.348 id_part: 3.123 tri_global: 0.044 tri_part: 0.593 lgpa_assign: 2.335
2026-07-11 14:25:47 transreid.train INFO: Epoch[62] Iter[140/227] Loss: 3.184, Acc: 0.981, Base Lr: 3.80e-04 | id_global: 0.336 id_part: 3.065 tri_global: 0.040 tri_part: 0.592 lgpa_assign: 2.334
2026-07-11 14:25:50 transreid.train INFO: Epoch[62] Iter[160/227] Loss: 3.153, Acc: 0.982, Base Lr: 3.80e-04 | id_global: 0.327 id_part: 3.009 tri_global: 0.042 tri_part: 0.592 lgpa_assign: 2.335
2026-07-11 14:25:54 transreid.train INFO: Epoch[62] Iter[180/227] Loss: 3.117, Acc: 0.982, Base Lr: 3.80e-04 | id_global: 0.318 id_part: 2.940 tri_global: 0.040 tri_part: 0.591 lgpa_assign: 2.344
2026-07-11 14:25:57 transreid.train INFO: Epoch[62] Iter[200/227] Loss: 3.061, Acc: 0.982, Base Lr: 3.80e-04 | id_global: 0.305 id_part: 2.846 tri_global: 0.039 tri_part: 0.590 lgpa_assign: 2.341
2026-07-11 14:25:59 transreid.train INFO: Epoch 62 done. Time per epoch: 36.836[s] Speed: 370.1[samples/s] ETA: 0h35m
2026-07-11 14:26:04 transreid.train INFO: Epoch[63] Iter[20/227] Loss: 3.284, Acc: 0.974, Base Lr: 3.69e-04 | id_global: 0.387 id_part: 3.265 tri_global: 0.031 tri_part: 0.590 lgpa_assign: 2.296
2026-07-11 14:26:07 transreid.train INFO: Epoch[63] Iter[40/227] Loss: 3.259, Acc: 0.974, Base Lr: 3.69e-04 | id_global: 0.379 id_part: 3.239 tri_global: 0.038 tri_part: 0.590 lgpa_assign: 2.272
2026-07-11 14:26:10 transreid.train INFO: Epoch[63] Iter[60/227] Loss: 3.274, Acc: 0.977, Base Lr: 3.69e-04 | id_global: 0.374 id_part: 3.239 tri_global: 0.051 tri_part: 0.594 lgpa_assign: 2.292
2026-07-11 14:26:14 transreid.train INFO: Epoch[63] Iter[80/227] Loss: 3.248, Acc: 0.976, Base Lr: 3.69e-04 | id_global: 0.362 id_part: 3.187 tri_global: 0.049 tri_part: 0.593 lgpa_assign: 2.304
2026-07-11 14:26:17 transreid.train INFO: Epoch[63] Iter[100/227] Loss: 3.225, Acc: 0.978, Base Lr: 3.69e-04 | id_global: 0.349 id_part: 3.145 tri_global: 0.049 tri_part: 0.592 lgpa_assign: 2.315
2026-07-11 14:26:20 transreid.train INFO: Epoch[63] Iter[120/227] Loss: 3.202, Acc: 0.978, Base Lr: 3.69e-04 | id_global: 0.339 id_part: 3.094 tri_global: 0.045 tri_part: 0.592 lgpa_assign: 2.334
2026-07-11 14:26:24 transreid.train INFO: Epoch[63] Iter[140/227] Loss: 3.177, Acc: 0.979, Base Lr: 3.69e-04 | id_global: 0.332 id_part: 3.057 tri_global: 0.043 tri_part: 0.591 lgpa_assign: 2.331
2026-07-11 14:26:27 transreid.train INFO: Epoch[63] Iter[160/227] Loss: 3.139, Acc: 0.980, Base Lr: 3.69e-04 | id_global: 0.323 id_part: 2.989 tri_global: 0.041 tri_part: 0.590 lgpa_assign: 2.334
2026-07-11 14:26:30 transreid.train INFO: Epoch[63] Iter[180/227] Loss: 3.098, Acc: 0.981, Base Lr: 3.69e-04 | id_global: 0.314 id_part: 2.921 tri_global: 0.040 tri_part: 0.590 lgpa_assign: 2.331
2026-07-11 14:26:34 transreid.train INFO: Epoch[63] Iter[200/227] Loss: 3.042, Acc: 0.982, Base Lr: 3.69e-04 | id_global: 0.300 id_part: 2.823 tri_global: 0.038 tri_part: 0.588 lgpa_assign: 2.334
2026-07-11 14:26:36 transreid.train INFO: Epoch 63 done. Time per epoch: 36.649[s] Speed: 370.2[samples/s] ETA: 0h34m
2026-07-11 14:26:40 transreid.train INFO: Epoch[64] Iter[20/227] Loss: 3.259, Acc: 0.977, Base Lr: 3.59e-04 | id_global: 0.367 id_part: 3.232 tri_global: 0.042 tri_part: 0.592 lgpa_assign: 2.286
2026-07-11 14:26:44 transreid.train INFO: Epoch[64] Iter[40/227] Loss: 3.266, Acc: 0.982, Base Lr: 3.59e-04 | id_global: 0.355 id_part: 3.239 tri_global: 0.044 tri_part: 0.593 lgpa_assign: 2.300
2026-07-11 14:26:47 transreid.train INFO: Epoch[64] Iter[60/227] Loss: 3.249, Acc: 0.984, Base Lr: 3.59e-04 | id_global: 0.347 id_part: 3.200 tri_global: 0.048 tri_part: 0.593 lgpa_assign: 2.310
2026-07-11 14:26:50 transreid.train INFO: Epoch[64] Iter[80/227] Loss: 3.219, Acc: 0.984, Base Lr: 3.59e-04 | id_global: 0.335 id_part: 3.151 tri_global: 0.044 tri_part: 0.591 lgpa_assign: 2.317
2026-07-11 14:26:54 transreid.train INFO: Epoch[64] Iter[100/227] Loss: 3.186, Acc: 0.985, Base Lr: 3.59e-04 | id_global: 0.327 id_part: 3.099 tri_global: 0.041 tri_part: 0.591 lgpa_assign: 2.315
2026-07-11 14:26:57 transreid.train INFO: Epoch[64] Iter[120/227] Loss: 3.166, Acc: 0.985, Base Lr: 3.59e-04 | id_global: 0.322 id_part: 3.068 tri_global: 0.038 tri_part: 0.591 lgpa_assign: 2.314
2026-07-11 14:27:00 transreid.train INFO: Epoch[64] Iter[140/227] Loss: 3.137, Acc: 0.985, Base Lr: 3.59e-04 | id_global: 0.315 id_part: 3.019 tri_global: 0.039 tri_part: 0.590 lgpa_assign: 2.311
2026-07-11 14:27:04 transreid.train INFO: Epoch[64] Iter[160/227] Loss: 3.106, Acc: 0.985, Base Lr: 3.59e-04 | id_global: 0.308 id_part: 2.965 tri_global: 0.038 tri_part: 0.590 lgpa_assign: 2.311
2026-07-11 14:27:07 transreid.train INFO: Epoch[64] Iter[180/227] Loss: 3.074, Acc: 0.985, Base Lr: 3.59e-04 | id_global: 0.301 id_part: 2.901 tri_global: 0.040 tri_part: 0.590 lgpa_assign: 2.314
2026-07-11 14:27:10 transreid.train INFO: Epoch[64] Iter[200/227] Loss: 3.028, Acc: 0.985, Base Lr: 3.59e-04 | id_global: 0.291 id_part: 2.804 tri_global: 0.042 tri_part: 0.590 lgpa_assign: 2.329
2026-07-11 14:27:13 transreid.train INFO: Epoch 64 done. Time per epoch: 36.918[s] Speed: 369.3[samples/s] ETA: 0h34m
2026-07-11 14:27:17 transreid.train INFO: Epoch[65] Iter[20/227] Loss: 3.251, Acc: 0.970, Base Lr: 3.49e-04 | id_global: 0.360 id_part: 3.192 tri_global: 0.024 tri_part: 0.585 lgpa_assign: 2.341
2026-07-11 14:27:20 transreid.train INFO: Epoch[65] Iter[40/227] Loss: 3.217, Acc: 0.977, Base Lr: 3.49e-04 | id_global: 0.339 id_part: 3.162 tri_global: 0.028 tri_part: 0.585 lgpa_assign: 2.321
2026-07-11 14:27:24 transreid.train INFO: Epoch[65] Iter[60/227] Loss: 3.184, Acc: 0.979, Base Lr: 3.49e-04 | id_global: 0.328 id_part: 3.112 tri_global: 0.037 tri_part: 0.586 lgpa_assign: 2.306
2026-07-11 14:27:27 transreid.train INFO: Epoch[65] Iter[80/227] Loss: 3.179, Acc: 0.980, Base Lr: 3.49e-04 | id_global: 0.326 id_part: 3.094 tri_global: 0.037 tri_part: 0.587 lgpa_assign: 2.315
2026-07-11 14:27:31 transreid.train INFO: Epoch[65] Iter[100/227] Loss: 3.159, Acc: 0.981, Base Lr: 3.49e-04 | id_global: 0.322 id_part: 3.071 tri_global: 0.032 tri_part: 0.587 lgpa_assign: 2.307
2026-07-11 14:27:34 transreid.train INFO: Epoch[65] Iter[120/227] Loss: 3.138, Acc: 0.982, Base Lr: 3.49e-04 | id_global: 0.316 id_part: 3.035 tri_global: 0.033 tri_part: 0.587 lgpa_assign: 2.305
2026-07-11 14:27:37 transreid.train INFO: Epoch[65] Iter[140/227] Loss: 3.122, Acc: 0.982, Base Lr: 3.49e-04 | id_global: 0.310 id_part: 3.007 tri_global: 0.031 tri_part: 0.588 lgpa_assign: 2.307
2026-07-11 14:27:41 transreid.train INFO: Epoch[65] Iter[160/227] Loss: 3.080, Acc: 0.983, Base Lr: 3.49e-04 | id_global: 0.298 id_part: 2.942 tri_global: 0.031 tri_part: 0.587 lgpa_assign: 2.302
2026-07-11 14:27:44 transreid.train INFO: Epoch[65] Iter[180/227] Loss: 3.030, Acc: 0.983, Base Lr: 3.49e-04 | id_global: 0.286 id_part: 2.857 tri_global: 0.030 tri_part: 0.585 lgpa_assign: 2.301
2026-07-11 14:27:47 transreid.train INFO: Epoch[65] Iter[200/227] Loss: 2.982, Acc: 0.985, Base Lr: 3.49e-04 | id_global: 0.277 id_part: 2.763 tri_global: 0.030 tri_part: 0.585 lgpa_assign: 2.308
2026-07-11 14:27:49 transreid.train INFO: Epoch 65 done. Time per epoch: 36.658[s] Speed: 370.1[samples/s] ETA: 0h33m
2026-07-11 14:27:54 transreid.train INFO: Epoch[66] Iter[20/227] Loss: 3.208, Acc: 0.988, Base Lr: 3.38e-04 | id_global: 0.324 id_part: 3.172 tri_global: 0.044 tri_part: 0.591 lgpa_assign: 2.287
2026-07-11 14:27:57 transreid.train INFO: Epoch[66] Iter[40/227] Loss: 3.195, Acc: 0.981, Base Lr: 3.38e-04 | id_global: 0.328 id_part: 3.145 tri_global: 0.040 tri_part: 0.591 lgpa_assign: 2.286
2026-07-11 14:28:01 transreid.train INFO: Epoch[66] Iter[60/227] Loss: 3.188, Acc: 0.983, Base Lr: 3.38e-04 | id_global: 0.322 id_part: 3.143 tri_global: 0.034 tri_part: 0.588 lgpa_assign: 2.289
2026-07-11 14:28:04 transreid.train INFO: Epoch[66] Iter[80/227] Loss: 3.168, Acc: 0.983, Base Lr: 3.38e-04 | id_global: 0.316 id_part: 3.113 tri_global: 0.033 tri_part: 0.587 lgpa_assign: 2.287
2026-07-11 14:28:07 transreid.train INFO: Epoch[66] Iter[100/227] Loss: 3.147, Acc: 0.984, Base Lr: 3.38e-04 | id_global: 0.310 id_part: 3.081 tri_global: 0.032 tri_part: 0.586 lgpa_assign: 2.283
2026-07-11 14:28:11 transreid.train INFO: Epoch[66] Iter[120/227] Loss: 3.121, Acc: 0.985, Base Lr: 3.38e-04 | id_global: 0.302 id_part: 3.031 tri_global: 0.032 tri_part: 0.586 lgpa_assign: 2.289
2026-07-11 14:28:14 transreid.train INFO: Epoch[66] Iter[140/227] Loss: 3.089, Acc: 0.984, Base Lr: 3.38e-04 | id_global: 0.297 id_part: 2.968 tri_global: 0.032 tri_part: 0.586 lgpa_assign: 2.294
2026-07-11 14:28:17 transreid.train INFO: Epoch[66] Iter[160/227] Loss: 3.067, Acc: 0.985, Base Lr: 3.38e-04 | id_global: 0.290 id_part: 2.919 tri_global: 0.033 tri_part: 0.587 lgpa_assign: 2.306
2026-07-11 14:28:21 transreid.train INFO: Epoch[66] Iter[180/227] Loss: 3.027, Acc: 0.985, Base Lr: 3.38e-04 | id_global: 0.281 id_part: 2.846 tri_global: 0.033 tri_part: 0.586 lgpa_assign: 2.309
2026-07-11 14:28:24 transreid.train INFO: Epoch[66] Iter[200/227] Loss: 2.975, Acc: 0.986, Base Lr: 3.38e-04 | id_global: 0.270 id_part: 2.746 tri_global: 0.031 tri_part: 0.585 lgpa_assign: 2.317
2026-07-11 14:28:26 transreid.train INFO: Epoch 66 done. Time per epoch: 36.536[s] Speed: 369.6[samples/s] ETA: 0h32m
2026-07-11 14:28:30 transreid.train INFO: Epoch[67] Iter[20/227] Loss: 3.273, Acc: 0.985, Base Lr: 3.28e-04 | id_global: 0.328 id_part: 3.253 tri_global: 0.046 tri_part: 0.590 lgpa_assign: 2.330
2026-07-11 14:28:34 transreid.train INFO: Epoch[67] Iter[40/227] Loss: 3.208, Acc: 0.984, Base Lr: 3.28e-04 | id_global: 0.325 id_part: 3.168 tri_global: 0.036 tri_part: 0.590 lgpa_assign: 2.297
2026-07-11 14:28:37 transreid.train INFO: Epoch[67] Iter[60/227] Loss: 3.188, Acc: 0.982, Base Lr: 3.28e-04 | id_global: 0.323 id_part: 3.136 tri_global: 0.032 tri_part: 0.587 lgpa_assign: 2.300
2026-07-11 14:28:41 transreid.train INFO: Epoch[67] Iter[80/227] Loss: 3.158, Acc: 0.983, Base Lr: 3.28e-04 | id_global: 0.314 id_part: 3.089 tri_global: 0.029 tri_part: 0.586 lgpa_assign: 2.299
2026-07-11 14:28:44 transreid.train INFO: Epoch[67] Iter[100/227] Loss: 3.144, Acc: 0.984, Base Lr: 3.28e-04 | id_global: 0.309 id_part: 3.058 tri_global: 0.030 tri_part: 0.587 lgpa_assign: 2.304
2026-07-11 14:28:47 transreid.train INFO: Epoch[67] Iter[120/227] Loss: 3.109, Acc: 0.983, Base Lr: 3.28e-04 | id_global: 0.302 id_part: 2.998 tri_global: 0.031 tri_part: 0.587 lgpa_assign: 2.300
2026-07-11 14:28:51 transreid.train INFO: Epoch[67] Iter[140/227] Loss: 3.077, Acc: 0.984, Base Lr: 3.28e-04 | id_global: 0.296 id_part: 2.950 tri_global: 0.031 tri_part: 0.586 lgpa_assign: 2.291
2026-07-11 14:28:54 transreid.train INFO: Epoch[67] Iter[160/227] Loss: 3.052, Acc: 0.984, Base Lr: 3.28e-04 | id_global: 0.288 id_part: 2.898 tri_global: 0.031 tri_part: 0.586 lgpa_assign: 2.301
2026-07-11 14:28:57 transreid.train INFO: Epoch[67] Iter[180/227] Loss: 3.014, Acc: 0.985, Base Lr: 3.28e-04 | id_global: 0.281 id_part: 2.834 tri_global: 0.029 tri_part: 0.586 lgpa_assign: 2.298
2026-07-11 14:29:01 transreid.train INFO: Epoch[67] Iter[200/227] Loss: 2.960, Acc: 0.985, Base Lr: 3.28e-04 | id_global: 0.270 id_part: 2.728 tri_global: 0.030 tri_part: 0.586 lgpa_assign: 2.307
2026-07-11 14:29:03 transreid.train INFO: Epoch 67 done. Time per epoch: 37.067[s] Speed: 367.8[samples/s] ETA: 0h32m
2026-07-11 14:29:07 transreid.train INFO: Epoch[68] Iter[20/227] Loss: 3.198, Acc: 0.982, Base Lr: 3.18e-04 | id_global: 0.326 id_part: 3.214 tri_global: 0.028 tri_part: 0.595 lgpa_assign: 2.233
2026-07-11 14:29:11 transreid.train INFO: Epoch[68] Iter[40/227] Loss: 3.145, Acc: 0.984, Base Lr: 3.18e-04 | id_global: 0.311 id_part: 3.110 tri_global: 0.029 tri_part: 0.592 lgpa_assign: 2.249
2026-07-11 14:29:14 transreid.train INFO: Epoch[68] Iter[60/227] Loss: 3.160, Acc: 0.982, Base Lr: 3.18e-04 | id_global: 0.315 id_part: 3.109 tri_global: 0.039 tri_part: 0.591 lgpa_assign: 2.266
2026-07-11 14:29:18 transreid.train INFO: Epoch[68] Iter[80/227] Loss: 3.152, Acc: 0.983, Base Lr: 3.18e-04 | id_global: 0.314 id_part: 3.088 tri_global: 0.037 tri_part: 0.590 lgpa_assign: 2.275
2026-07-11 14:29:21 transreid.train INFO: Epoch[68] Iter[100/227] Loss: 3.121, Acc: 0.985, Base Lr: 3.18e-04 | id_global: 0.303 id_part: 3.025 tri_global: 0.035 tri_part: 0.589 lgpa_assign: 2.290
2026-07-11 14:29:24 transreid.train INFO: Epoch[68] Iter[120/227] Loss: 3.088, Acc: 0.985, Base Lr: 3.18e-04 | id_global: 0.293 id_part: 2.968 tri_global: 0.034 tri_part: 0.588 lgpa_assign: 2.293
2026-07-11 14:29:28 transreid.train INFO: Epoch[68] Iter[140/227] Loss: 3.065, Acc: 0.985, Base Lr: 3.18e-04 | id_global: 0.288 id_part: 2.929 tri_global: 0.034 tri_part: 0.588 lgpa_assign: 2.291
2026-07-11 14:29:31 transreid.train INFO: Epoch[68] Iter[160/227] Loss: 3.029, Acc: 0.985, Base Lr: 3.18e-04 | id_global: 0.281 id_part: 2.866 tri_global: 0.034 tri_part: 0.587 lgpa_assign: 2.291
2026-07-11 14:29:34 transreid.train INFO: Epoch[68] Iter[180/227] Loss: 2.992, Acc: 0.985, Base Lr: 3.18e-04 | id_global: 0.274 id_part: 2.799 tri_global: 0.033 tri_part: 0.587 lgpa_assign: 2.290
2026-07-11 14:29:38 transreid.train INFO: Epoch[68] Iter[200/227] Loss: 2.947, Acc: 0.986, Base Lr: 3.18e-04 | id_global: 0.265 id_part: 2.708 tri_global: 0.035 tri_part: 0.587 lgpa_assign: 2.299
2026-07-11 14:29:40 transreid.train INFO: Epoch 68 done. Time per epoch: 37.059[s] Speed: 367.8[samples/s] ETA: 0h32m
2026-07-11 14:29:44 transreid.train INFO: Epoch[69] Iter[20/227] Loss: 3.200, Acc: 0.982, Base Lr: 3.08e-04 | id_global: 0.331 id_part: 3.207 tri_global: 0.020 tri_part: 0.588 lgpa_assign: 2.255
2026-07-11 14:29:48 transreid.train INFO: Epoch[69] Iter[40/227] Loss: 3.194, Acc: 0.982, Base Lr: 3.08e-04 | id_global: 0.335 id_part: 3.199 tri_global: 0.035 tri_part: 0.592 lgpa_assign: 2.227
2026-07-11 14:29:51 transreid.train INFO: Epoch[69] Iter[60/227] Loss: 3.141, Acc: 0.983, Base Lr: 3.08e-04 | id_global: 0.313 id_part: 3.101 tri_global: 0.029 tri_part: 0.589 lgpa_assign: 2.251
2026-07-11 14:29:55 transreid.train INFO: Epoch[69] Iter[80/227] Loss: 3.108, Acc: 0.984, Base Lr: 3.08e-04 | id_global: 0.306 id_part: 3.045 tri_global: 0.026 tri_part: 0.588 lgpa_assign: 2.250
2026-07-11 14:29:58 transreid.train INFO: Epoch[69] Iter[100/227] Loss: 3.092, Acc: 0.984, Base Lr: 3.08e-04 | id_global: 0.299 id_part: 3.005 tri_global: 0.028 tri_part: 0.588 lgpa_assign: 2.263
2026-07-11 14:30:01 transreid.train INFO: Epoch[69] Iter[120/227] Loss: 3.066, Acc: 0.983, Base Lr: 3.08e-04 | id_global: 0.291 id_part: 2.959 tri_global: 0.027 tri_part: 0.587 lgpa_assign: 2.268
2026-07-11 14:30:05 transreid.train INFO: Epoch[69] Iter[140/227] Loss: 3.036, Acc: 0.984, Base Lr: 3.08e-04 | id_global: 0.282 id_part: 2.902 tri_global: 0.028 tri_part: 0.587 lgpa_assign: 2.272
2026-07-11 14:30:08 transreid.train INFO: Epoch[69] Iter[160/227] Loss: 3.014, Acc: 0.985, Base Lr: 3.08e-04 | id_global: 0.279 id_part: 2.858 tri_global: 0.031 tri_part: 0.587 lgpa_assign: 2.273
2026-07-11 14:30:11 transreid.train INFO: Epoch[69] Iter[180/227] Loss: 2.977, Acc: 0.985, Base Lr: 3.08e-04 | id_global: 0.271 id_part: 2.784 tri_global: 0.033 tri_part: 0.587 lgpa_assign: 2.278
2026-07-11 14:30:15 transreid.train INFO: Epoch[69] Iter[200/227] Loss: 2.926, Acc: 0.986, Base Lr: 3.08e-04 | id_global: 0.261 id_part: 2.689 tri_global: 0.033 tri_part: 0.587 lgpa_assign: 2.281
2026-07-11 14:30:16 transreid.train INFO: Epoch 69 done. Time per epoch: 36.530[s] Speed: 369.7[samples/s] ETA: 0h31m
2026-07-11 14:30:21 transreid.train INFO: Epoch[70] Iter[20/227] Loss: 3.184, Acc: 0.977, Base Lr: 2.97e-04 | id_global: 0.329 id_part: 3.122 tri_global: 0.028 tri_part: 0.589 lgpa_assign: 2.300
2026-07-11 14:30:24 transreid.train INFO: Epoch[70] Iter[40/227] Loss: 3.160, Acc: 0.982, Base Lr: 2.97e-04 | id_global: 0.317 id_part: 3.113 tri_global: 0.031 tri_part: 0.585 lgpa_assign: 2.273
2026-07-11 14:30:28 transreid.train INFO: Epoch[70] Iter[60/227] Loss: 3.144, Acc: 0.984, Base Lr: 2.97e-04 | id_global: 0.309 id_part: 3.088 tri_global: 0.032 tri_part: 0.587 lgpa_assign: 2.273
2026-07-11 14:30:31 transreid.train INFO: Epoch[70] Iter[80/227] Loss: 3.131, Acc: 0.983, Base Lr: 2.97e-04 | id_global: 0.307 id_part: 3.057 tri_global: 0.032 tri_part: 0.588 lgpa_assign: 2.279
2026-07-11 14:30:34 transreid.train INFO: Epoch[70] Iter[100/227] Loss: 3.109, Acc: 0.983, Base Lr: 2.97e-04 | id_global: 0.301 id_part: 3.020 tri_global: 0.037 tri_part: 0.587 lgpa_assign: 2.272
2026-07-11 14:30:38 transreid.train INFO: Epoch[70] Iter[120/227] Loss: 3.067, Acc: 0.984, Base Lr: 2.97e-04 | id_global: 0.291 id_part: 2.950 tri_global: 0.036 tri_part: 0.586 lgpa_assign: 2.271
2026-07-11 14:30:41 transreid.train INFO: Epoch[70] Iter[140/227] Loss: 3.032, Acc: 0.984, Base Lr: 2.97e-04 | id_global: 0.283 id_part: 2.885 tri_global: 0.036 tri_part: 0.586 lgpa_assign: 2.274
2026-07-11 14:30:44 transreid.train INFO: Epoch[70] Iter[160/227] Loss: 3.001, Acc: 0.985, Base Lr: 2.97e-04 | id_global: 0.277 id_part: 2.829 tri_global: 0.038 tri_part: 0.585 lgpa_assign: 2.274
2026-07-11 14:30:48 transreid.train INFO: Epoch[70] Iter[180/227] Loss: 2.961, Acc: 0.986, Base Lr: 2.97e-04 | id_global: 0.269 id_part: 2.758 tri_global: 0.035 tri_part: 0.585 lgpa_assign: 2.275
2026-07-11 14:30:51 transreid.train INFO: Epoch[70] Iter[200/227] Loss: 2.916, Acc: 0.986, Base Lr: 2.97e-04 | id_global: 0.258 id_part: 2.665 tri_global: 0.035 tri_part: 0.585 lgpa_assign: 2.288
2026-07-11 14:30:53 transreid.train INFO: Epoch 70 done. Time per epoch: 36.703[s] Speed: 369.7[samples/s] ETA: 0h30m
The test feature is normalized
=> Computing DistMat with euclidean_distance
2026-07-11 14:31:23 transreid.train INFO: Validation Results - Epoch: 70
2026-07-11 14:31:23 transreid.train INFO: mAP: 58.1%
2026-07-11 14:31:23 transreid.train INFO: CMC curve, Rank-1  :66.9%
2026-07-11 14:31:23 transreid.train INFO: CMC curve, Rank-5  :80.5%
2026-07-11 14:31:23 transreid.train INFO: CMC curve, Rank-10 :84.8%
2026-07-11 14:31:28 transreid.train INFO: Epoch[71] Iter[20/227] Loss: 3.203, Acc: 0.980, Base Lr: 2.87e-04 | id_global: 0.328 id_part: 3.195 tri_global: 0.031 tri_part: 0.586 lgpa_assign: 2.266
2026-07-11 14:31:31 transreid.train INFO: Epoch[71] Iter[40/227] Loss: 3.161, Acc: 0.982, Base Lr: 2.87e-04 | id_global: 0.318 id_part: 3.123 tri_global: 0.029 tri_part: 0.586 lgpa_assign: 2.266
2026-07-11 14:31:34 transreid.train INFO: Epoch[71] Iter[60/227] Loss: 3.148, Acc: 0.982, Base Lr: 2.87e-04 | id_global: 0.314 id_part: 3.108 tri_global: 0.031 tri_part: 0.586 lgpa_assign: 2.257
2026-07-11 14:31:38 transreid.train INFO: Epoch[71] Iter[80/227] Loss: 3.136, Acc: 0.983, Base Lr: 2.87e-04 | id_global: 0.309 id_part: 3.092 tri_global: 0.031 tri_part: 0.588 lgpa_assign: 2.252
2026-07-11 14:31:41 transreid.train INFO: Epoch[71] Iter[100/227] Loss: 3.107, Acc: 0.984, Base Lr: 2.87e-04 | id_global: 0.301 id_part: 3.042 tri_global: 0.034 tri_part: 0.588 lgpa_assign: 2.249
2026-07-11 14:31:44 transreid.train INFO: Epoch[71] Iter[120/227] Loss: 3.070, Acc: 0.985, Base Lr: 2.87e-04 | id_global: 0.290 id_part: 2.979 tri_global: 0.030 tri_part: 0.587 lgpa_assign: 2.253
2026-07-11 14:31:48 transreid.train INFO: Epoch[71] Iter[140/227] Loss: 3.032, Acc: 0.986, Base Lr: 2.87e-04 | id_global: 0.280 id_part: 2.906 tri_global: 0.032 tri_part: 0.586 lgpa_assign: 2.260
2026-07-11 14:31:51 transreid.train INFO: Epoch[71] Iter[160/227] Loss: 2.997, Acc: 0.986, Base Lr: 2.87e-04 | id_global: 0.273 id_part: 2.836 tri_global: 0.033 tri_part: 0.586 lgpa_assign: 2.265
2026-07-11 14:31:54 transreid.train INFO: Epoch[71] Iter[180/227] Loss: 2.957, Acc: 0.986, Base Lr: 2.87e-04 | id_global: 0.266 id_part: 2.759 tri_global: 0.032 tri_part: 0.585 lgpa_assign: 2.273
2026-07-11 14:31:58 transreid.train INFO: Epoch[71] Iter[200/227] Loss: 2.899, Acc: 0.987, Base Lr: 2.87e-04 | id_global: 0.254 id_part: 2.653 tri_global: 0.033 tri_part: 0.585 lgpa_assign: 2.273
2026-07-11 14:31:59 transreid.train INFO: Epoch 71 done. Time per epoch: 36.534[s] Speed: 369.6[samples/s] ETA: 0h29m
2026-07-11 14:32:04 transreid.train INFO: Epoch[72] Iter[20/227] Loss: 3.102, Acc: 0.981, Base Lr: 2.77e-04 | id_global: 0.308 id_part: 2.978 tri_global: 0.030 tri_part: 0.583 lgpa_assign: 2.303
2026-07-11 14:32:07 transreid.train INFO: Epoch[72] Iter[40/227] Loss: 3.078, Acc: 0.984, Base Lr: 2.77e-04 | id_global: 0.292 id_part: 2.973 tri_global: 0.029 tri_part: 0.582 lgpa_assign: 2.279
2026-07-11 14:32:11 transreid.train INFO: Epoch[72] Iter[60/227] Loss: 3.092, Acc: 0.982, Base Lr: 2.77e-04 | id_global: 0.301 id_part: 2.986 tri_global: 0.029 tri_part: 0.582 lgpa_assign: 2.286
2026-07-11 14:32:14 transreid.train INFO: Epoch[72] Iter[80/227] Loss: 3.069, Acc: 0.982, Base Lr: 2.77e-04 | id_global: 0.296 id_part: 2.952 tri_global: 0.029 tri_part: 0.583 lgpa_assign: 2.278
2026-07-11 14:32:17 transreid.train INFO: Epoch[72] Iter[100/227] Loss: 3.054, Acc: 0.984, Base Lr: 2.77e-04 | id_global: 0.288 id_part: 2.919 tri_global: 0.028 tri_part: 0.583 lgpa_assign: 2.290
2026-07-11 14:32:21 transreid.train INFO: Epoch[72] Iter[120/227] Loss: 3.023, Acc: 0.985, Base Lr: 2.77e-04 | id_global: 0.277 id_part: 2.874 tri_global: 0.028 tri_part: 0.582 lgpa_assign: 2.285
2026-07-11 14:32:24 transreid.train INFO: Epoch[72] Iter[140/227] Loss: 2.997, Acc: 0.985, Base Lr: 2.77e-04 | id_global: 0.272 id_part: 2.834 tri_global: 0.028 tri_part: 0.583 lgpa_assign: 2.279
2026-07-11 14:32:28 transreid.train INFO: Epoch[72] Iter[160/227] Loss: 2.965, Acc: 0.986, Base Lr: 2.77e-04 | id_global: 0.264 id_part: 2.784 tri_global: 0.027 tri_part: 0.582 lgpa_assign: 2.274
2026-07-11 14:32:31 transreid.train INFO: Epoch[72] Iter[180/227] Loss: 2.926, Acc: 0.987, Base Lr: 2.77e-04 | id_global: 0.256 id_part: 2.710 tri_global: 0.028 tri_part: 0.582 lgpa_assign: 2.275
2026-07-11 14:32:34 transreid.train INFO: Epoch[72] Iter[200/227] Loss: 2.878, Acc: 0.987, Base Lr: 2.77e-04 | id_global: 0.246 id_part: 2.618 tri_global: 0.030 tri_part: 0.582 lgpa_assign: 2.281
2026-07-11 14:32:36 transreid.train INFO: Epoch 72 done. Time per epoch: 36.652[s] Speed: 368.4[samples/s] ETA: 0h29m
2026-07-11 14:32:41 transreid.train INFO: Epoch[73] Iter[20/227] Loss: 3.084, Acc: 0.986, Base Lr: 2.68e-04 | id_global: 0.294 id_part: 3.011 tri_global: 0.022 tri_part: 0.577 lgpa_assign: 2.264
2026-07-11 14:32:44 transreid.train INFO: Epoch[73] Iter[40/227] Loss: 3.090, Acc: 0.984, Base Lr: 2.68e-04 | id_global: 0.296 id_part: 2.974 tri_global: 0.031 tri_part: 0.580 lgpa_assign: 2.298
2026-07-11 14:32:47 transreid.train INFO: Epoch[73] Iter[60/227] Loss: 3.095, Acc: 0.986, Base Lr: 2.68e-04 | id_global: 0.289 id_part: 3.004 tri_global: 0.029 tri_part: 0.582 lgpa_assign: 2.287
2026-07-11 14:32:51 transreid.train INFO: Epoch[73] Iter[80/227] Loss: 3.078, Acc: 0.987, Base Lr: 2.68e-04 | id_global: 0.283 id_part: 2.982 tri_global: 0.032 tri_part: 0.581 lgpa_assign: 2.278
2026-07-11 14:32:54 transreid.train INFO: Epoch[73] Iter[100/227] Loss: 3.049, Acc: 0.987, Base Lr: 2.68e-04 | id_global: 0.278 id_part: 2.942 tri_global: 0.030 tri_part: 0.582 lgpa_assign: 2.266
2026-07-11 14:32:57 transreid.train INFO: Epoch[73] Iter[120/227] Loss: 3.019, Acc: 0.988, Base Lr: 2.68e-04 | id_global: 0.271 id_part: 2.892 tri_global: 0.029 tri_part: 0.581 lgpa_assign: 2.265
2026-07-11 14:33:01 transreid.train INFO: Epoch[73] Iter[140/227] Loss: 2.993, Acc: 0.988, Base Lr: 2.68e-04 | id_global: 0.265 id_part: 2.849 tri_global: 0.030 tri_part: 0.582 lgpa_assign: 2.260
2026-07-11 14:33:04 transreid.train INFO: Epoch[73] Iter[160/227] Loss: 2.959, Acc: 0.988, Base Lr: 2.68e-04 | id_global: 0.259 id_part: 2.790 tri_global: 0.029 tri_part: 0.582 lgpa_assign: 2.259
2026-07-11 14:33:07 transreid.train INFO: Epoch[73] Iter[180/227] Loss: 2.918, Acc: 0.988, Base Lr: 2.68e-04 | id_global: 0.251 id_part: 2.711 tri_global: 0.027 tri_part: 0.582 lgpa_assign: 2.264
2026-07-11 14:33:11 transreid.train INFO: Epoch[73] Iter[200/227] Loss: 2.868, Acc: 0.988, Base Lr: 2.68e-04 | id_global: 0.241 id_part: 2.610 tri_global: 0.027 tri_part: 0.582 lgpa_assign: 2.276
2026-07-11 14:33:13 transreid.train INFO: Epoch 73 done. Time per epoch: 36.589[s] Speed: 369.1[samples/s] ETA: 0h28m
2026-07-11 14:33:17 transreid.train INFO: Epoch[74] Iter[20/227] Loss: 3.131, Acc: 0.976, Base Lr: 2.58e-04 | id_global: 0.313 id_part: 3.113 tri_global: 0.025 tri_part: 0.584 lgpa_assign: 2.227
2026-07-11 14:33:21 transreid.train INFO: Epoch[74] Iter[40/227] Loss: 3.090, Acc: 0.980, Base Lr: 2.58e-04 | id_global: 0.295 id_part: 3.032 tri_global: 0.048 tri_part: 0.586 lgpa_assign: 2.219
2026-07-11 14:33:24 transreid.train INFO: Epoch[74] Iter[60/227] Loss: 3.077, Acc: 0.981, Base Lr: 2.58e-04 | id_global: 0.288 id_part: 2.993 tri_global: 0.045 tri_part: 0.584 lgpa_assign: 2.244
2026-07-11 14:33:27 transreid.train INFO: Epoch[74] Iter[80/227] Loss: 3.055, Acc: 0.980, Base Lr: 2.58e-04 | id_global: 0.287 id_part: 2.962 tri_global: 0.041 tri_part: 0.585 lgpa_assign: 2.236
2026-07-11 14:33:31 transreid.train INFO: Epoch[74] Iter[100/227] Loss: 3.030, Acc: 0.981, Base Lr: 2.58e-04 | id_global: 0.280 id_part: 2.907 tri_global: 0.042 tri_part: 0.584 lgpa_assign: 2.247
2026-07-11 14:33:34 transreid.train INFO: Epoch[74] Iter[120/227] Loss: 3.011, Acc: 0.983, Base Lr: 2.58e-04 | id_global: 0.274 id_part: 2.876 tri_global: 0.040 tri_part: 0.585 lgpa_assign: 2.248
2026-07-11 14:33:37 transreid.train INFO: Epoch[74] Iter[140/227] Loss: 2.982, Acc: 0.984, Base Lr: 2.58e-04 | id_global: 0.266 id_part: 2.828 tri_global: 0.038 tri_part: 0.584 lgpa_assign: 2.248
2026-07-11 14:33:41 transreid.train INFO: Epoch[74] Iter[160/227] Loss: 2.944, Acc: 0.985, Base Lr: 2.58e-04 | id_global: 0.258 id_part: 2.764 tri_global: 0.037 tri_part: 0.583 lgpa_assign: 2.247
2026-07-11 14:33:44 transreid.train INFO: Epoch[74] Iter[180/227] Loss: 2.908, Acc: 0.986, Base Lr: 2.58e-04 | id_global: 0.249 id_part: 2.700 tri_global: 0.034 tri_part: 0.582 lgpa_assign: 2.251
2026-07-11 14:33:47 transreid.train INFO: Epoch[74] Iter[200/227] Loss: 2.854, Acc: 0.987, Base Lr: 2.58e-04 | id_global: 0.238 id_part: 2.588 tri_global: 0.032 tri_part: 0.582 lgpa_assign: 2.268
2026-07-11 14:33:49 transreid.train INFO: Epoch 74 done. Time per epoch: 36.786[s] Speed: 368.8[samples/s] ETA: 0h28m
2026-07-11 14:33:54 transreid.train INFO: Epoch[75] Iter[20/227] Loss: 3.186, Acc: 0.977, Base Lr: 2.48e-04 | id_global: 0.333 id_part: 3.103 tri_global: 0.049 tri_part: 0.592 lgpa_assign: 2.295
2026-07-11 14:33:57 transreid.train INFO: Epoch[75] Iter[40/227] Loss: 3.127, Acc: 0.983, Base Lr: 2.48e-04 | id_global: 0.312 id_part: 3.042 tri_global: 0.048 tri_part: 0.592 lgpa_assign: 2.261
2026-07-11 14:34:01 transreid.train INFO: Epoch[75] Iter[60/227] Loss: 3.067, Acc: 0.984, Base Lr: 2.48e-04 | id_global: 0.293 id_part: 2.958 tri_global: 0.037 tri_part: 0.588 lgpa_assign: 2.259
2026-07-11 14:34:04 transreid.train INFO: Epoch[75] Iter[80/227] Loss: 3.053, Acc: 0.983, Base Lr: 2.48e-04 | id_global: 0.285 id_part: 2.927 tri_global: 0.037 tri_part: 0.588 lgpa_assign: 2.268
2026-07-11 14:34:07 transreid.train INFO: Epoch[75] Iter[100/227] Loss: 3.038, Acc: 0.984, Base Lr: 2.48e-04 | id_global: 0.279 id_part: 2.899 tri_global: 0.037 tri_part: 0.587 lgpa_assign: 2.275
2026-07-11 14:34:11 transreid.train INFO: Epoch[75] Iter[120/227] Loss: 3.002, Acc: 0.986, Base Lr: 2.48e-04 | id_global: 0.270 id_part: 2.849 tri_global: 0.034 tri_part: 0.587 lgpa_assign: 2.263
2026-07-11 14:34:14 transreid.train INFO: Epoch[75] Iter[140/227] Loss: 2.978, Acc: 0.986, Base Lr: 2.48e-04 | id_global: 0.266 id_part: 2.809 tri_global: 0.034 tri_part: 0.586 lgpa_assign: 2.260
2026-07-11 14:34:18 transreid.train INFO: Epoch[75] Iter[160/227] Loss: 2.947, Acc: 0.987, Base Lr: 2.48e-04 | id_global: 0.258 id_part: 2.759 tri_global: 0.032 tri_part: 0.586 lgpa_assign: 2.259
2026-07-11 14:34:21 transreid.train INFO: Epoch[75] Iter[180/227] Loss: 2.903, Acc: 0.987, Base Lr: 2.48e-04 | id_global: 0.248 id_part: 2.684 tri_global: 0.031 tri_part: 0.584 lgpa_assign: 2.260
2026-07-11 14:34:24 transreid.train INFO: Epoch[75] Iter[200/227] Loss: 2.849, Acc: 0.988, Base Lr: 2.48e-04 | id_global: 0.236 id_part: 2.580 tri_global: 0.030 tri_part: 0.583 lgpa_assign: 2.270
2026-07-11 14:34:26 transreid.train INFO: Epoch 75 done. Time per epoch: 36.772[s] Speed: 369.0[samples/s] ETA: 0h27m
2026-07-11 14:34:31 transreid.train INFO: Epoch[76] Iter[20/227] Loss: 3.085, Acc: 0.984, Base Lr: 2.38e-04 | id_global: 0.284 id_part: 2.994 tri_global: 0.031 tri_part: 0.581 lgpa_assign: 2.279
2026-07-11 14:34:34 transreid.train INFO: Epoch[76] Iter[40/227] Loss: 3.060, Acc: 0.984, Base Lr: 2.38e-04 | id_global: 0.275 id_part: 2.938 tri_global: 0.042 tri_part: 0.580 lgpa_assign: 2.285
2026-07-11 14:34:38 transreid.train INFO: Epoch[76] Iter[60/227] Loss: 3.053, Acc: 0.984, Base Lr: 2.38e-04 | id_global: 0.276 id_part: 2.926 tri_global: 0.042 tri_part: 0.582 lgpa_assign: 2.281
2026-07-11 14:34:41 transreid.train INFO: Epoch[76] Iter[80/227] Loss: 3.040, Acc: 0.985, Base Lr: 2.38e-04 | id_global: 0.271 id_part: 2.898 tri_global: 0.038 tri_part: 0.583 lgpa_assign: 2.290
2026-07-11 14:34:44 transreid.train INFO: Epoch[76] Iter[100/227] Loss: 3.018, Acc: 0.985, Base Lr: 2.38e-04 | id_global: 0.265 id_part: 2.880 tri_global: 0.034 tri_part: 0.582 lgpa_assign: 2.275
2026-07-11 14:34:48 transreid.train INFO: Epoch[76] Iter[120/227] Loss: 2.992, Acc: 0.986, Base Lr: 2.38e-04 | id_global: 0.260 id_part: 2.838 tri_global: 0.032 tri_part: 0.581 lgpa_assign: 2.275
2026-07-11 14:34:51 transreid.train INFO: Epoch[76] Iter[140/227] Loss: 2.967, Acc: 0.987, Base Lr: 2.38e-04 | id_global: 0.255 id_part: 2.789 tri_global: 0.033 tri_part: 0.581 lgpa_assign: 2.274
2026-07-11 14:34:54 transreid.train INFO: Epoch[76] Iter[160/227] Loss: 2.936, Acc: 0.988, Base Lr: 2.38e-04 | id_global: 0.250 id_part: 2.736 tri_global: 0.034 tri_part: 0.582 lgpa_assign: 2.270
2026-07-11 14:34:58 transreid.train INFO: Epoch[76] Iter[180/227] Loss: 2.894, Acc: 0.989, Base Lr: 2.38e-04 | id_global: 0.240 id_part: 2.662 tri_global: 0.033 tri_part: 0.581 lgpa_assign: 2.270
2026-07-11 14:35:01 transreid.train INFO: Epoch[76] Iter[200/227] Loss: 2.845, Acc: 0.989, Base Lr: 2.38e-04 | id_global: 0.232 id_part: 2.566 tri_global: 0.032 tri_part: 0.581 lgpa_assign: 2.279
2026-07-11 14:35:03 transreid.train INFO: Epoch 76 done. Time per epoch: 36.643[s] Speed: 368.5[samples/s] ETA: 0h26m
2026-07-11 14:35:07 transreid.train INFO: Epoch[77] Iter[20/227] Loss: 3.018, Acc: 0.987, Base Lr: 2.29e-04 | id_global: 0.267 id_part: 2.889 tri_global: 0.022 tri_part: 0.577 lgpa_assign: 2.281
2026-07-11 14:35:11 transreid.train INFO: Epoch[77] Iter[40/227] Loss: 3.022, Acc: 0.988, Base Lr: 2.29e-04 | id_global: 0.268 id_part: 2.894 tri_global: 0.025 tri_part: 0.578 lgpa_assign: 2.279
2026-07-11 14:35:14 transreid.train INFO: Epoch[77] Iter[60/227] Loss: 3.034, Acc: 0.986, Base Lr: 2.29e-04 | id_global: 0.274 id_part: 2.908 tri_global: 0.029 tri_part: 0.581 lgpa_assign: 2.276
2026-07-11 14:35:17 transreid.train INFO: Epoch[77] Iter[80/227] Loss: 3.015, Acc: 0.987, Base Lr: 2.29e-04 | id_global: 0.268 id_part: 2.894 tri_global: 0.030 tri_part: 0.581 lgpa_assign: 2.258
2026-07-11 14:35:21 transreid.train INFO: Epoch[77] Iter[100/227] Loss: 2.995, Acc: 0.987, Base Lr: 2.29e-04 | id_global: 0.262 id_part: 2.853 tri_global: 0.031 tri_part: 0.580 lgpa_assign: 2.265
2026-07-11 14:35:24 transreid.train INFO: Epoch[77] Iter[120/227] Loss: 2.970, Acc: 0.988, Base Lr: 2.29e-04 | id_global: 0.256 id_part: 2.801 tri_global: 0.030 tri_part: 0.581 lgpa_assign: 2.274
2026-07-11 14:35:28 transreid.train INFO: Epoch[77] Iter[140/227] Loss: 2.938, Acc: 0.988, Base Lr: 2.29e-04 | id_global: 0.250 id_part: 2.747 tri_global: 0.028 tri_part: 0.581 lgpa_assign: 2.268
2026-07-11 14:35:31 transreid.train INFO: Epoch[77] Iter[160/227] Loss: 2.911, Acc: 0.988, Base Lr: 2.29e-04 | id_global: 0.245 id_part: 2.696 tri_global: 0.029 tri_part: 0.581 lgpa_assign: 2.272
2026-07-11 14:35:34 transreid.train INFO: Epoch[77] Iter[180/227] Loss: 2.873, Acc: 0.989, Base Lr: 2.29e-04 | id_global: 0.236 id_part: 2.623 tri_global: 0.028 tri_part: 0.581 lgpa_assign: 2.278
2026-07-11 14:35:38 transreid.train INFO: Epoch[77] Iter[200/227] Loss: 2.820, Acc: 0.989, Base Lr: 2.29e-04 | id_global: 0.226 id_part: 2.533 tri_global: 0.027 tri_part: 0.579 lgpa_assign: 2.275
2026-07-11 14:35:39 transreid.train INFO: Epoch 77 done. Time per epoch: 36.359[s] Speed: 369.6[samples/s] ETA: 0h26m
2026-07-11 14:35:44 transreid.train INFO: Epoch[78] Iter[20/227] Loss: 3.095, Acc: 0.982, Base Lr: 2.20e-04 | id_global: 0.279 id_part: 2.978 tri_global: 0.041 tri_part: 0.581 lgpa_assign: 2.311
2026-07-11 14:35:47 transreid.train INFO: Epoch[78] Iter[40/227] Loss: 3.054, Acc: 0.984, Base Lr: 2.20e-04 | id_global: 0.278 id_part: 2.946 tri_global: 0.038 tri_part: 0.583 lgpa_assign: 2.262
2026-07-11 14:35:50 transreid.train INFO: Epoch[78] Iter[60/227] Loss: 3.067, Acc: 0.984, Base Lr: 2.20e-04 | id_global: 0.278 id_part: 2.949 tri_global: 0.034 tri_part: 0.583 lgpa_assign: 2.290
2026-07-11 14:35:54 transreid.train INFO: Epoch[78] Iter[80/227] Loss: 3.029, Acc: 0.985, Base Lr: 2.20e-04 | id_global: 0.268 id_part: 2.897 tri_global: 0.032 tri_part: 0.582 lgpa_assign: 2.279
2026-07-11 14:35:57 transreid.train INFO: Epoch[78] Iter[100/227] Loss: 3.002, Acc: 0.986, Base Lr: 2.20e-04 | id_global: 0.262 id_part: 2.862 tri_global: 0.031 tri_part: 0.583 lgpa_assign: 2.265
2026-07-11 14:36:01 transreid.train INFO: Epoch[78] Iter[120/227] Loss: 2.971, Acc: 0.986, Base Lr: 2.20e-04 | id_global: 0.257 id_part: 2.811 tri_global: 0.031 tri_part: 0.583 lgpa_assign: 2.260
2026-07-11 14:36:04 transreid.train INFO: Epoch[78] Iter[140/227] Loss: 2.931, Acc: 0.987, Base Lr: 2.20e-04 | id_global: 0.248 id_part: 2.752 tri_global: 0.029 tri_part: 0.582 lgpa_assign: 2.251
2026-07-11 14:36:07 transreid.train INFO: Epoch[78] Iter[160/227] Loss: 2.901, Acc: 0.988, Base Lr: 2.20e-04 | id_global: 0.241 id_part: 2.693 tri_global: 0.028 tri_part: 0.581 lgpa_assign: 2.259
2026-07-11 14:36:11 transreid.train INFO: Epoch[78] Iter[180/227] Loss: 2.865, Acc: 0.988, Base Lr: 2.20e-04 | id_global: 0.234 id_part: 2.623 tri_global: 0.028 tri_part: 0.580 lgpa_assign: 2.265
2026-07-11 14:36:14 transreid.train INFO: Epoch[78] Iter[200/227] Loss: 2.818, Acc: 0.989, Base Lr: 2.20e-04 | id_global: 0.224 id_part: 2.526 tri_global: 0.027 tri_part: 0.580 lgpa_assign: 2.280
2026-07-11 14:36:16 transreid.train INFO: Epoch 78 done. Time per epoch: 36.985[s] Speed: 368.6[samples/s] ETA: 0h25m
2026-07-11 14:36:21 transreid.train INFO: Epoch[79] Iter[20/227] Loss: 3.163, Acc: 0.988, Base Lr: 2.10e-04 | id_global: 0.292 id_part: 3.004 tri_global: 0.048 tri_part: 0.587 lgpa_assign: 2.395
2026-07-11 14:36:24 transreid.train INFO: Epoch[79] Iter[40/227] Loss: 3.101, Acc: 0.991, Base Lr: 2.10e-04 | id_global: 0.276 id_part: 2.994 tri_global: 0.034 tri_part: 0.583 lgpa_assign: 2.316
2026-07-11 14:36:28 transreid.train INFO: Epoch[79] Iter[60/227] Loss: 3.060, Acc: 0.990, Base Lr: 2.10e-04 | id_global: 0.261 id_part: 2.954 tri_global: 0.035 tri_part: 0.582 lgpa_assign: 2.288
2026-07-11 14:36:31 transreid.train INFO: Epoch[79] Iter[80/227] Loss: 3.035, Acc: 0.989, Base Lr: 2.10e-04 | id_global: 0.260 id_part: 2.916 tri_global: 0.032 tri_part: 0.580 lgpa_assign: 2.281
2026-07-11 14:36:34 transreid.train INFO: Epoch[79] Iter[100/227] Loss: 2.990, Acc: 0.988, Base Lr: 2.10e-04 | id_global: 0.255 id_part: 2.843 tri_global: 0.033 tri_part: 0.581 lgpa_assign: 2.268
2026-07-11 14:36:38 transreid.train INFO: Epoch[79] Iter[120/227] Loss: 2.960, Acc: 0.989, Base Lr: 2.10e-04 | id_global: 0.248 id_part: 2.788 tri_global: 0.037 tri_part: 0.582 lgpa_assign: 2.265
2026-07-11 14:36:41 transreid.train INFO: Epoch[79] Iter[140/227] Loss: 2.933, Acc: 0.989, Base Lr: 2.10e-04 | id_global: 0.244 id_part: 2.747 tri_global: 0.034 tri_part: 0.581 lgpa_assign: 2.260
2026-07-11 14:36:44 transreid.train INFO: Epoch[79] Iter[160/227] Loss: 2.892, Acc: 0.989, Base Lr: 2.10e-04 | id_global: 0.237 id_part: 2.691 tri_global: 0.031 tri_part: 0.580 lgpa_assign: 2.244
2026-07-11 14:36:48 transreid.train INFO: Epoch[79] Iter[180/227] Loss: 2.857, Acc: 0.989, Base Lr: 2.10e-04 | id_global: 0.229 id_part: 2.623 tri_global: 0.029 tri_part: 0.580 lgpa_assign: 2.252
2026-07-11 14:36:51 transreid.train INFO: Epoch[79] Iter[200/227] Loss: 2.803, Acc: 0.990, Base Lr: 2.10e-04 | id_global: 0.220 id_part: 2.519 tri_global: 0.030 tri_part: 0.580 lgpa_assign: 2.258
2026-07-11 14:36:53 transreid.train INFO: Epoch 79 done. Time per epoch: 36.734[s] Speed: 369.4[samples/s] ETA: 0h25m
2026-07-11 14:36:58 transreid.train INFO: Epoch[80] Iter[20/227] Loss: 2.997, Acc: 0.988, Base Lr: 2.01e-04 | id_global: 0.251 id_part: 2.878 tri_global: 0.033 tri_part: 0.580 lgpa_assign: 2.252
2026-07-11 14:37:01 transreid.train INFO: Epoch[80] Iter[40/227] Loss: 3.007, Acc: 0.986, Base Lr: 2.01e-04 | id_global: 0.260 id_part: 2.892 tri_global: 0.035 tri_part: 0.583 lgpa_assign: 2.246
2026-07-11 14:37:04 transreid.train INFO: Epoch[80] Iter[60/227] Loss: 2.992, Acc: 0.988, Base Lr: 2.01e-04 | id_global: 0.252 id_part: 2.876 tri_global: 0.031 tri_part: 0.581 lgpa_assign: 2.243
2026-07-11 14:37:08 transreid.train INFO: Epoch[80] Iter[80/227] Loss: 2.968, Acc: 0.988, Base Lr: 2.01e-04 | id_global: 0.247 id_part: 2.825 tri_global: 0.031 tri_part: 0.579 lgpa_assign: 2.254
2026-07-11 14:37:11 transreid.train INFO: Epoch[80] Iter[100/227] Loss: 2.948, Acc: 0.988, Base Lr: 2.01e-04 | id_global: 0.242 id_part: 2.777 tri_global: 0.032 tri_part: 0.580 lgpa_assign: 2.265
2026-07-11 14:37:14 transreid.train INFO: Epoch[80] Iter[120/227] Loss: 2.932, Acc: 0.988, Base Lr: 2.01e-04 | id_global: 0.241 id_part: 2.742 tri_global: 0.033 tri_part: 0.579 lgpa_assign: 2.267
2026-07-11 14:37:18 transreid.train INFO: Epoch[80] Iter[140/227] Loss: 2.913, Acc: 0.988, Base Lr: 2.01e-04 | id_global: 0.238 id_part: 2.715 tri_global: 0.030 tri_part: 0.580 lgpa_assign: 2.264
2026-07-11 14:37:21 transreid.train INFO: Epoch[80] Iter[160/227] Loss: 2.879, Acc: 0.988, Base Lr: 2.01e-04 | id_global: 0.233 id_part: 2.662 tri_global: 0.029 tri_part: 0.580 lgpa_assign: 2.255
2026-07-11 14:37:24 transreid.train INFO: Epoch[80] Iter[180/227] Loss: 2.842, Acc: 0.989, Base Lr: 2.01e-04 | id_global: 0.226 id_part: 2.595 tri_global: 0.027 tri_part: 0.579 lgpa_assign: 2.257
2026-07-11 14:37:28 transreid.train INFO: Epoch[80] Iter[200/227] Loss: 2.791, Acc: 0.990, Base Lr: 2.01e-04 | id_global: 0.216 id_part: 2.498 tri_global: 0.026 tri_part: 0.578 lgpa_assign: 2.262
2026-07-11 14:37:30 transreid.train INFO: Epoch 80 done. Time per epoch: 36.679[s] Speed: 369.9[samples/s] ETA: 0h24m
The test feature is normalized
=> Computing DistMat with euclidean_distance
2026-07-11 14:38:00 transreid.train INFO: Validation Results - Epoch: 80
2026-07-11 14:38:00 transreid.train INFO: mAP: 58.6%
2026-07-11 14:38:00 transreid.train INFO: CMC curve, Rank-1  :67.8%
2026-07-11 14:38:00 transreid.train INFO: CMC curve, Rank-5  :80.5%
2026-07-11 14:38:00 transreid.train INFO: CMC curve, Rank-10 :84.7%
2026-07-11 14:38:04 transreid.train INFO: Epoch[81] Iter[20/227] Loss: 3.019, Acc: 0.980, Base Lr: 1.92e-04 | id_global: 0.278 id_part: 2.885 tri_global: 0.033 tri_part: 0.587 lgpa_assign: 2.255
2026-07-11 14:38:08 transreid.train INFO: Epoch[81] Iter[40/227] Loss: 3.006, Acc: 0.984, Base Lr: 1.92e-04 | id_global: 0.264 id_part: 2.888 tri_global: 0.027 tri_part: 0.582 lgpa_assign: 2.252
2026-07-11 14:38:11 transreid.train INFO: Epoch[81] Iter[60/227] Loss: 2.994, Acc: 0.985, Base Lr: 1.92e-04 | id_global: 0.258 id_part: 2.867 tri_global: 0.024 tri_part: 0.583 lgpa_assign: 2.256
2026-07-11 14:38:14 transreid.train INFO: Epoch[81] Iter[80/227] Loss: 2.995, Acc: 0.985, Base Lr: 1.92e-04 | id_global: 0.255 id_part: 2.861 tri_global: 0.026 tri_part: 0.584 lgpa_assign: 2.264
2026-07-11 14:38:18 transreid.train INFO: Epoch[81] Iter[100/227] Loss: 2.970, Acc: 0.985, Base Lr: 1.92e-04 | id_global: 0.253 id_part: 2.828 tri_global: 0.030 tri_part: 0.584 lgpa_assign: 2.245
2026-07-11 14:38:21 transreid.train INFO: Epoch[81] Iter[120/227] Loss: 2.942, Acc: 0.985, Base Lr: 1.92e-04 | id_global: 0.247 id_part: 2.774 tri_global: 0.030 tri_part: 0.584 lgpa_assign: 2.250
2026-07-11 14:38:24 transreid.train INFO: Epoch[81] Iter[140/227] Loss: 2.903, Acc: 0.986, Base Lr: 1.92e-04 | id_global: 0.238 id_part: 2.711 tri_global: 0.028 tri_part: 0.582 lgpa_assign: 2.246
2026-07-11 14:38:28 transreid.train INFO: Epoch[81] Iter[160/227] Loss: 2.873, Acc: 0.987, Base Lr: 1.92e-04 | id_global: 0.234 id_part: 2.659 tri_global: 0.029 tri_part: 0.582 lgpa_assign: 2.241
2026-07-11 14:38:31 transreid.train INFO: Epoch[81] Iter[180/227] Loss: 2.837, Acc: 0.987, Base Lr: 1.92e-04 | id_global: 0.227 id_part: 2.598 tri_global: 0.028 tri_part: 0.581 lgpa_assign: 2.239
2026-07-11 14:38:34 transreid.train INFO: Epoch[81] Iter[200/227] Loss: 2.782, Acc: 0.988, Base Lr: 1.92e-04 | id_global: 0.218 id_part: 2.490 tri_global: 0.027 tri_part: 0.580 lgpa_assign: 2.249
2026-07-11 14:38:36 transreid.train INFO: Epoch 81 done. Time per epoch: 36.363[s] Speed: 369.6[samples/s] ETA: 0h23m
2026-07-11 14:38:41 transreid.train INFO: Epoch[82] Iter[20/227] Loss: 3.039, Acc: 0.988, Base Lr: 1.83e-04 | id_global: 0.267 id_part: 2.967 tri_global: 0.013 tri_part: 0.580 lgpa_assign: 2.252
2026-07-11 14:38:44 transreid.train INFO: Epoch[82] Iter[40/227] Loss: 2.987, Acc: 0.989, Base Lr: 1.83e-04 | id_global: 0.254 id_part: 2.902 tri_global: 0.024 tri_part: 0.578 lgpa_assign: 2.215
2026-07-11 14:38:47 transreid.train INFO: Epoch[82] Iter[60/227] Loss: 2.984, Acc: 0.988, Base Lr: 1.83e-04 | id_global: 0.250 id_part: 2.872 tri_global: 0.024 tri_part: 0.578 lgpa_assign: 2.243
2026-07-11 14:38:51 transreid.train INFO: Epoch[82] Iter[80/227] Loss: 2.976, Acc: 0.988, Base Lr: 1.83e-04 | id_global: 0.251 id_part: 2.849 tri_global: 0.023 tri_part: 0.579 lgpa_assign: 2.249
2026-07-11 14:38:54 transreid.train INFO: Epoch[82] Iter[100/227] Loss: 2.945, Acc: 0.989, Base Lr: 1.83e-04 | id_global: 0.244 id_part: 2.808 tri_global: 0.022 tri_part: 0.580 lgpa_assign: 2.235
2026-07-11 14:38:57 transreid.train INFO: Epoch[82] Iter[120/227] Loss: 2.910, Acc: 0.989, Base Lr: 1.83e-04 | id_global: 0.238 id_part: 2.756 tri_global: 0.021 tri_part: 0.580 lgpa_assign: 2.226
2026-07-11 14:39:01 transreid.train INFO: Epoch[82] Iter[140/227] Loss: 2.880, Acc: 0.989, Base Lr: 1.83e-04 | id_global: 0.232 id_part: 2.698 tri_global: 0.024 tri_part: 0.580 lgpa_assign: 2.227
2026-07-11 14:39:04 transreid.train INFO: Epoch[82] Iter[160/227] Loss: 2.854, Acc: 0.988, Base Lr: 1.83e-04 | id_global: 0.228 id_part: 2.643 tri_global: 0.025 tri_part: 0.580 lgpa_assign: 2.232
2026-07-11 14:39:08 transreid.train INFO: Epoch[82] Iter[180/227] Loss: 2.820, Acc: 0.989, Base Lr: 1.83e-04 | id_global: 0.220 id_part: 2.572 tri_global: 0.024 tri_part: 0.580 lgpa_assign: 2.245
2026-07-11 14:39:11 transreid.train INFO: Epoch[82] Iter[200/227] Loss: 2.774, Acc: 0.989, Base Lr: 1.83e-04 | id_global: 0.212 id_part: 2.480 tri_global: 0.026 tri_part: 0.579 lgpa_assign: 2.252
2026-07-11 14:39:13 transreid.train INFO: Epoch 82 done. Time per epoch: 36.648[s] Speed: 368.5[samples/s] ETA: 0h23m
2026-07-11 14:39:17 transreid.train INFO: Epoch[83] Iter[20/227] Loss: 3.049, Acc: 0.981, Base Lr: 1.75e-04 | id_global: 0.266 id_part: 2.926 tri_global: 0.020 tri_part: 0.580 lgpa_assign: 2.306
2026-07-11 14:39:21 transreid.train INFO: Epoch[83] Iter[40/227] Loss: 2.999, Acc: 0.984, Base Lr: 1.75e-04 | id_global: 0.257 id_part: 2.865 tri_global: 0.024 tri_part: 0.579 lgpa_assign: 2.272
2026-07-11 14:39:24 transreid.train INFO: Epoch[83] Iter[60/227] Loss: 2.985, Acc: 0.986, Base Lr: 1.75e-04 | id_global: 0.253 id_part: 2.859 tri_global: 0.022 tri_part: 0.579 lgpa_assign: 2.256
2026-07-11 14:39:27 transreid.train INFO: Epoch[83] Iter[80/227] Loss: 2.962, Acc: 0.987, Base Lr: 1.75e-04 | id_global: 0.244 id_part: 2.825 tri_global: 0.018 tri_part: 0.579 lgpa_assign: 2.258
2026-07-11 14:39:31 transreid.train INFO: Epoch[83] Iter[100/227] Loss: 2.943, Acc: 0.987, Base Lr: 1.75e-04 | id_global: 0.244 id_part: 2.797 tri_global: 0.019 tri_part: 0.579 lgpa_assign: 2.247
2026-07-11 14:39:34 transreid.train INFO: Epoch[83] Iter[120/227] Loss: 2.913, Acc: 0.988, Base Lr: 1.75e-04 | id_global: 0.236 id_part: 2.743 tri_global: 0.021 tri_part: 0.578 lgpa_assign: 2.247
2026-07-11 14:39:37 transreid.train INFO: Epoch[83] Iter[140/227] Loss: 2.886, Acc: 0.988, Base Lr: 1.75e-04 | id_global: 0.230 id_part: 2.691 tri_global: 0.020 tri_part: 0.579 lgpa_assign: 2.251
2026-07-11 14:39:41 transreid.train INFO: Epoch[83] Iter[160/227] Loss: 2.851, Acc: 0.989, Base Lr: 1.75e-04 | id_global: 0.223 id_part: 2.634 tri_global: 0.020 tri_part: 0.578 lgpa_assign: 2.247
2026-07-11 14:39:44 transreid.train INFO: Epoch[83] Iter[180/227] Loss: 2.808, Acc: 0.990, Base Lr: 1.75e-04 | id_global: 0.214 id_part: 2.554 tri_global: 0.020 tri_part: 0.577 lgpa_assign: 2.251
2026-07-11 14:39:47 transreid.train INFO: Epoch[83] Iter[200/227] Loss: 2.761, Acc: 0.990, Base Lr: 1.75e-04 | id_global: 0.207 id_part: 2.461 tri_global: 0.021 tri_part: 0.577 lgpa_assign: 2.255
2026-07-11 14:39:49 transreid.train INFO: Epoch 83 done. Time per epoch: 36.810[s] Speed: 370.3[samples/s] ETA: 0h22m
2026-07-11 14:39:54 transreid.train INFO: Epoch[84] Iter[20/227] Loss: 3.076, Acc: 0.986, Base Lr: 1.66e-04 | id_global: 0.273 id_part: 2.916 tri_global: 0.076 tri_part: 0.589 lgpa_assign: 2.300
2026-07-11 14:39:57 transreid.train INFO: Epoch[84] Iter[40/227] Loss: 3.031, Acc: 0.988, Base Lr: 1.66e-04 | id_global: 0.264 id_part: 2.898 tri_global: 0.050 tri_part: 0.584 lgpa_assign: 2.266
2026-07-11 14:40:01 transreid.train INFO: Epoch[84] Iter[60/227] Loss: 2.999, Acc: 0.986, Base Lr: 1.66e-04 | id_global: 0.258 id_part: 2.849 tri_global: 0.045 tri_part: 0.583 lgpa_assign: 2.261
2026-07-11 14:40:04 transreid.train INFO: Epoch[84] Iter[80/227] Loss: 2.993, Acc: 0.987, Base Lr: 1.66e-04 | id_global: 0.256 id_part: 2.834 tri_global: 0.043 tri_part: 0.583 lgpa_assign: 2.270
2026-07-11 14:40:07 transreid.train INFO: Epoch[84] Iter[100/227] Loss: 2.961, Acc: 0.987, Base Lr: 1.66e-04 | id_global: 0.249 id_part: 2.793 tri_global: 0.039 tri_part: 0.582 lgpa_assign: 2.257
2026-07-11 14:40:11 transreid.train INFO: Epoch[84] Iter[120/227] Loss: 2.934, Acc: 0.987, Base Lr: 1.66e-04 | id_global: 0.244 id_part: 2.741 tri_global: 0.036 tri_part: 0.582 lgpa_assign: 2.264
2026-07-11 14:40:14 transreid.train INFO: Epoch[84] Iter[140/227] Loss: 2.899, Acc: 0.988, Base Lr: 1.66e-04 | id_global: 0.237 id_part: 2.691 tri_global: 0.034 tri_part: 0.580 lgpa_assign: 2.256
2026-07-11 14:40:17 transreid.train INFO: Epoch[84] Iter[160/227] Loss: 2.866, Acc: 0.988, Base Lr: 1.66e-04 | id_global: 0.229 id_part: 2.630 tri_global: 0.035 tri_part: 0.580 lgpa_assign: 2.258
2026-07-11 14:40:21 transreid.train INFO: Epoch[84] Iter[180/227] Loss: 2.824, Acc: 0.989, Base Lr: 1.66e-04 | id_global: 0.221 id_part: 2.557 tri_global: 0.033 tri_part: 0.580 lgpa_assign: 2.259
2026-07-11 14:40:24 transreid.train INFO: Epoch[84] Iter[200/227] Loss: 2.777, Acc: 0.989, Base Lr: 1.66e-04 | id_global: 0.212 id_part: 2.460 tri_global: 0.033 tri_part: 0.580 lgpa_assign: 2.270
2026-07-11 14:40:26 transreid.train INFO: Epoch 84 done. Time per epoch: 36.703[s] Speed: 369.7[samples/s] ETA: 0h22m
2026-07-11 14:40:31 transreid.train INFO: Epoch[85] Iter[20/227] Loss: 3.052, Acc: 0.983, Base Lr: 1.58e-04 | id_global: 0.283 id_part: 2.988 tri_global: 0.028 tri_part: 0.589 lgpa_assign: 2.216
2026-07-11 14:40:34 transreid.train INFO: Epoch[85] Iter[40/227] Loss: 2.968, Acc: 0.988, Base Lr: 1.58e-04 | id_global: 0.250 id_part: 2.834 tri_global: 0.020 tri_part: 0.582 lgpa_assign: 2.248
2026-07-11 14:40:37 transreid.train INFO: Epoch[85] Iter[60/227] Loss: 2.951, Acc: 0.987, Base Lr: 1.58e-04 | id_global: 0.248 id_part: 2.796 tri_global: 0.030 tri_part: 0.582 lgpa_assign: 2.247
2026-07-11 14:40:41 transreid.train INFO: Epoch[85] Iter[80/227] Loss: 2.927, Acc: 0.987, Base Lr: 1.58e-04 | id_global: 0.243 id_part: 2.757 tri_global: 0.028 tri_part: 0.579 lgpa_assign: 2.246
2026-07-11 14:40:44 transreid.train INFO: Epoch[85] Iter[100/227] Loss: 2.908, Acc: 0.987, Base Lr: 1.58e-04 | id_global: 0.239 id_part: 2.737 tri_global: 0.028 tri_part: 0.579 lgpa_assign: 2.232
2026-07-11 14:40:48 transreid.train INFO: Epoch[85] Iter[120/227] Loss: 2.892, Acc: 0.988, Base Lr: 1.58e-04 | id_global: 0.235 id_part: 2.707 tri_global: 0.027 tri_part: 0.579 lgpa_assign: 2.236
2026-07-11 14:40:51 transreid.train INFO: Epoch[85] Iter[140/227] Loss: 2.863, Acc: 0.988, Base Lr: 1.58e-04 | id_global: 0.229 id_part: 2.659 tri_global: 0.026 tri_part: 0.577 lgpa_assign: 2.234
2026-07-11 14:40:54 transreid.train INFO: Epoch[85] Iter[160/227] Loss: 2.836, Acc: 0.988, Base Lr: 1.58e-04 | id_global: 0.224 id_part: 2.603 tri_global: 0.026 tri_part: 0.577 lgpa_assign: 2.241
2026-07-11 14:40:58 transreid.train INFO: Epoch[85] Iter[180/227] Loss: 2.807, Acc: 0.989, Base Lr: 1.58e-04 | id_global: 0.218 id_part: 2.543 tri_global: 0.026 tri_part: 0.577 lgpa_assign: 2.249
2026-07-11 14:41:01 transreid.train INFO: Epoch[85] Iter[200/227] Loss: 2.757, Acc: 0.989, Base Lr: 1.58e-04 | id_global: 0.208 id_part: 2.447 tri_global: 0.025 tri_part: 0.577 lgpa_assign: 2.256
2026-07-11 14:41:03 transreid.train INFO: Epoch 85 done. Time per epoch: 36.781[s] Speed: 368.9[samples/s] ETA: 0h21m
2026-07-11 14:41:08 transreid.train INFO: Epoch[86] Iter[20/227] Loss: 3.054, Acc: 0.988, Base Lr: 1.50e-04 | id_global: 0.260 id_part: 2.932 tri_global: 0.052 tri_part: 0.583 lgpa_assign: 2.282
2026-07-11 14:41:11 transreid.train INFO: Epoch[86] Iter[40/227] Loss: 3.013, Acc: 0.988, Base Lr: 1.50e-04 | id_global: 0.249 id_part: 2.862 tri_global: 0.035 tri_part: 0.581 lgpa_assign: 2.298
2026-07-11 14:41:14 transreid.train INFO: Epoch[86] Iter[60/227] Loss: 2.979, Acc: 0.988, Base Lr: 1.50e-04 | id_global: 0.246 id_part: 2.833 tri_global: 0.030 tri_part: 0.580 lgpa_assign: 2.270
2026-07-11 14:41:18 transreid.train INFO: Epoch[86] Iter[80/227] Loss: 2.949, Acc: 0.989, Base Lr: 1.50e-04 | id_global: 0.236 id_part: 2.785 tri_global: 0.026 tri_part: 0.578 lgpa_assign: 2.272
2026-07-11 14:41:21 transreid.train INFO: Epoch[86] Iter[100/227] Loss: 2.912, Acc: 0.990, Base Lr: 1.50e-04 | id_global: 0.231 id_part: 2.731 tri_global: 0.025 tri_part: 0.580 lgpa_assign: 2.256
2026-07-11 14:41:24 transreid.train INFO: Epoch[86] Iter[120/227] Loss: 2.894, Acc: 0.990, Base Lr: 1.50e-04 | id_global: 0.228 id_part: 2.704 tri_global: 0.030 tri_part: 0.580 lgpa_assign: 2.247
2026-07-11 14:41:28 transreid.train INFO: Epoch[86] Iter[140/227] Loss: 2.862, Acc: 0.990, Base Lr: 1.50e-04 | id_global: 0.224 id_part: 2.660 tri_global: 0.029 tri_part: 0.580 lgpa_assign: 2.229
2026-07-11 14:41:31 transreid.train INFO: Epoch[86] Iter[160/227] Loss: 2.825, Acc: 0.990, Base Lr: 1.50e-04 | id_global: 0.218 id_part: 2.590 tri_global: 0.030 tri_part: 0.579 lgpa_assign: 2.233
2026-07-11 14:41:34 transreid.train INFO: Epoch[86] Iter[180/227] Loss: 2.790, Acc: 0.991, Base Lr: 1.50e-04 | id_global: 0.211 id_part: 2.520 tri_global: 0.031 tri_part: 0.579 lgpa_assign: 2.239
2026-07-11 14:41:38 transreid.train INFO: Epoch[86] Iter[200/227] Loss: 2.750, Acc: 0.991, Base Lr: 1.50e-04 | id_global: 0.206 id_part: 2.435 tri_global: 0.032 tri_part: 0.579 lgpa_assign: 2.248
2026-07-11 14:41:40 transreid.train INFO: Epoch 86 done. Time per epoch: 36.649[s] Speed: 368.5[samples/s] ETA: 0h20m
2026-07-11 14:41:44 transreid.train INFO: Epoch[87] Iter[20/227] Loss: 2.932, Acc: 0.986, Base Lr: 1.42e-04 | id_global: 0.256 id_part: 2.808 tri_global: 0.030 tri_part: 0.579 lgpa_assign: 2.190
2026-07-11 14:41:48 transreid.train INFO: Epoch[87] Iter[40/227] Loss: 2.922, Acc: 0.987, Base Lr: 1.42e-04 | id_global: 0.245 id_part: 2.780 tri_global: 0.029 tri_part: 0.577 lgpa_assign: 2.213
2026-07-11 14:41:51 transreid.train INFO: Epoch[87] Iter[60/227] Loss: 2.935, Acc: 0.986, Base Lr: 1.42e-04 | id_global: 0.248 id_part: 2.785 tri_global: 0.032 tri_part: 0.577 lgpa_assign: 2.228
2026-07-11 14:41:54 transreid.train INFO: Epoch[87] Iter[80/227] Loss: 2.903, Acc: 0.986, Base Lr: 1.42e-04 | id_global: 0.241 id_part: 2.724 tri_global: 0.031 tri_part: 0.577 lgpa_assign: 2.233
2026-07-11 14:41:58 transreid.train INFO: Epoch[87] Iter[100/227] Loss: 2.881, Acc: 0.987, Base Lr: 1.42e-04 | id_global: 0.237 id_part: 2.698 tri_global: 0.028 tri_part: 0.578 lgpa_assign: 2.222
2026-07-11 14:42:01 transreid.train INFO: Epoch[87] Iter[120/227] Loss: 2.866, Acc: 0.987, Base Lr: 1.42e-04 | id_global: 0.233 id_part: 2.677 tri_global: 0.028 tri_part: 0.577 lgpa_assign: 2.217
2026-07-11 14:42:04 transreid.train INFO: Epoch[87] Iter[140/227] Loss: 2.843, Acc: 0.987, Base Lr: 1.42e-04 | id_global: 0.228 id_part: 2.635 tri_global: 0.027 tri_part: 0.578 lgpa_assign: 2.219
2026-07-11 14:42:08 transreid.train INFO: Epoch[87] Iter[160/227] Loss: 2.814, Acc: 0.988, Base Lr: 1.42e-04 | id_global: 0.221 id_part: 2.579 tri_global: 0.026 tri_part: 0.578 lgpa_assign: 2.224
2026-07-11 14:42:11 transreid.train INFO: Epoch[87] Iter[180/227] Loss: 2.780, Acc: 0.988, Base Lr: 1.42e-04 | id_global: 0.214 id_part: 2.512 tri_global: 0.025 tri_part: 0.578 lgpa_assign: 2.231
2026-07-11 14:42:14 transreid.train INFO: Epoch[87] Iter[200/227] Loss: 2.737, Acc: 0.989, Base Lr: 1.42e-04 | id_global: 0.206 id_part: 2.423 tri_global: 0.024 tri_part: 0.578 lgpa_assign: 2.242
2026-07-11 14:42:16 transreid.train INFO: Epoch 87 done. Time per epoch: 36.757[s] Speed: 369.1[samples/s] ETA: 0h20m
2026-07-11 14:42:21 transreid.train INFO: Epoch[88] Iter[20/227] Loss: 2.989, Acc: 0.992, Base Lr: 1.34e-04 | id_global: 0.242 id_part: 2.888 tri_global: 0.018 tri_part: 0.576 lgpa_assign: 2.254
2026-07-11 14:42:24 transreid.train INFO: Epoch[88] Iter[40/227] Loss: 2.985, Acc: 0.993, Base Lr: 1.34e-04 | id_global: 0.237 id_part: 2.898 tri_global: 0.023 tri_part: 0.576 lgpa_assign: 2.237
2026-07-11 14:42:28 transreid.train INFO: Epoch[88] Iter[60/227] Loss: 2.955, Acc: 0.992, Base Lr: 1.34e-04 | id_global: 0.231 id_part: 2.839 tri_global: 0.024 tri_part: 0.577 lgpa_assign: 2.238
2026-07-11 14:42:31 transreid.train INFO: Epoch[88] Iter[80/227] Loss: 2.933, Acc: 0.991, Base Lr: 1.34e-04 | id_global: 0.232 id_part: 2.793 tri_global: 0.023 tri_part: 0.578 lgpa_assign: 2.238
2026-07-11 14:42:34 transreid.train INFO: Epoch[88] Iter[100/227] Loss: 2.908, Acc: 0.991, Base Lr: 1.34e-04 | id_global: 0.227 id_part: 2.755 tri_global: 0.025 tri_part: 0.578 lgpa_assign: 2.231
2026-07-11 14:42:38 transreid.train INFO: Epoch[88] Iter[120/227] Loss: 2.884, Acc: 0.990, Base Lr: 1.34e-04 | id_global: 0.226 id_part: 2.708 tri_global: 0.026 tri_part: 0.578 lgpa_assign: 2.230
2026-07-11 14:42:41 transreid.train INFO: Epoch[88] Iter[140/227] Loss: 2.850, Acc: 0.990, Base Lr: 1.34e-04 | id_global: 0.222 id_part: 2.651 tri_global: 0.025 tri_part: 0.578 lgpa_assign: 2.225
2026-07-11 14:42:44 transreid.train INFO: Epoch[88] Iter[160/227] Loss: 2.817, Acc: 0.990, Base Lr: 1.34e-04 | id_global: 0.215 id_part: 2.587 tri_global: 0.025 tri_part: 0.578 lgpa_assign: 2.230
2026-07-11 14:42:48 transreid.train INFO: Epoch[88] Iter[180/227] Loss: 2.778, Acc: 0.990, Base Lr: 1.34e-04 | id_global: 0.208 id_part: 2.517 tri_global: 0.026 tri_part: 0.578 lgpa_assign: 2.226
2026-07-11 14:42:51 transreid.train INFO: Epoch[88] Iter[200/227] Loss: 2.735, Acc: 0.991, Base Lr: 1.34e-04 | id_global: 0.200 id_part: 2.421 tri_global: 0.027 tri_part: 0.577 lgpa_assign: 2.243
2026-07-11 14:42:53 transreid.train INFO: Epoch 88 done. Time per epoch: 36.710[s] Speed: 369.6[samples/s] ETA: 0h19m
2026-07-11 14:42:58 transreid.train INFO: Epoch[89] Iter[20/227] Loss: 3.023, Acc: 0.991, Base Lr: 1.26e-04 | id_global: 0.245 id_part: 2.911 tri_global: 0.030 tri_part: 0.579 lgpa_assign: 2.282
2026-07-11 14:43:01 transreid.train INFO: Epoch[89] Iter[40/227] Loss: 2.965, Acc: 0.989, Base Lr: 1.26e-04 | id_global: 0.243 id_part: 2.816 tri_global: 0.025 tri_part: 0.577 lgpa_assign: 2.269
2026-07-11 14:43:04 transreid.train INFO: Epoch[89] Iter[60/227] Loss: 2.918, Acc: 0.991, Base Lr: 1.26e-04 | id_global: 0.229 id_part: 2.780 tri_global: 0.022 tri_part: 0.576 lgpa_assign: 2.230
2026-07-11 14:43:08 transreid.train INFO: Epoch[89] Iter[80/227] Loss: 2.894, Acc: 0.990, Base Lr: 1.26e-04 | id_global: 0.226 id_part: 2.738 tri_global: 0.022 tri_part: 0.577 lgpa_assign: 2.225
2026-07-11 14:43:11 transreid.train INFO: Epoch[89] Iter[100/227] Loss: 2.882, Acc: 0.991, Base Lr: 1.26e-04 | id_global: 0.227 id_part: 2.717 tri_global: 0.023 tri_part: 0.579 lgpa_assign: 2.220
2026-07-11 14:43:14 transreid.train INFO: Epoch[89] Iter[120/227] Loss: 2.863, Acc: 0.990, Base Lr: 1.26e-04 | id_global: 0.223 id_part: 2.675 tri_global: 0.025 tri_part: 0.579 lgpa_assign: 2.223
2026-07-11 14:43:18 transreid.train INFO: Epoch[89] Iter[140/227] Loss: 2.828, Acc: 0.990, Base Lr: 1.26e-04 | id_global: 0.218 id_part: 2.617 tri_global: 0.025 tri_part: 0.579 lgpa_assign: 2.216
2026-07-11 14:43:21 transreid.train INFO: Epoch[89] Iter[160/227] Loss: 2.798, Acc: 0.990, Base Lr: 1.26e-04 | id_global: 0.212 id_part: 2.563 tri_global: 0.023 tri_part: 0.578 lgpa_assign: 2.220
2026-07-11 14:43:24 transreid.train INFO: Epoch[89] Iter[180/227] Loss: 2.765, Acc: 0.991, Base Lr: 1.26e-04 | id_global: 0.204 id_part: 2.498 tri_global: 0.022 tri_part: 0.577 lgpa_assign: 2.228
2026-07-11 14:43:28 transreid.train INFO: Epoch[89] Iter[200/227] Loss: 2.713, Acc: 0.991, Base Lr: 1.26e-04 | id_global: 0.196 id_part: 2.399 tri_global: 0.021 tri_part: 0.577 lgpa_assign: 2.233
2026-07-11 14:43:30 transreid.train INFO: Epoch 89 done. Time per epoch: 36.575[s] Speed: 369.2[samples/s] ETA: 0h18m
2026-07-11 14:43:34 transreid.train INFO: Epoch[90] Iter[20/227] Loss: 2.935, Acc: 0.989, Base Lr: 1.19e-04 | id_global: 0.239 id_part: 2.809 tri_global: 0.019 tri_part: 0.581 lgpa_assign: 2.222
2026-07-11 14:43:38 transreid.train INFO: Epoch[90] Iter[40/227] Loss: 2.909, Acc: 0.989, Base Lr: 1.19e-04 | id_global: 0.235 id_part: 2.770 tri_global: 0.017 tri_part: 0.582 lgpa_assign: 2.213
2026-07-11 14:43:41 transreid.train INFO: Epoch[90] Iter[60/227] Loss: 2.918, Acc: 0.987, Base Lr: 1.19e-04 | id_global: 0.235 id_part: 2.774 tri_global: 0.019 tri_part: 0.581 lgpa_assign: 2.227
2026-07-11 14:43:44 transreid.train INFO: Epoch[90] Iter[80/227] Loss: 2.896, Acc: 0.988, Base Lr: 1.19e-04 | id_global: 0.229 id_part: 2.741 tri_global: 0.024 tri_part: 0.580 lgpa_assign: 2.216
2026-07-11 14:43:48 transreid.train INFO: Epoch[90] Iter[100/227] Loss: 2.886, Acc: 0.987, Base Lr: 1.19e-04 | id_global: 0.227 id_part: 2.717 tri_global: 0.025 tri_part: 0.582 lgpa_assign: 2.221
2026-07-11 14:43:51 transreid.train INFO: Epoch[90] Iter[120/227] Loss: 2.870, Acc: 0.988, Base Lr: 1.19e-04 | id_global: 0.224 id_part: 2.682 tri_global: 0.026 tri_part: 0.582 lgpa_assign: 2.226
2026-07-11 14:43:54 transreid.train INFO: Epoch[90] Iter[140/227] Loss: 2.846, Acc: 0.988, Base Lr: 1.19e-04 | id_global: 0.220 id_part: 2.641 tri_global: 0.024 tri_part: 0.581 lgpa_assign: 2.225
2026-07-11 14:43:58 transreid.train INFO: Epoch[90] Iter[160/227] Loss: 2.814, Acc: 0.988, Base Lr: 1.19e-04 | id_global: 0.215 id_part: 2.578 tri_global: 0.024 tri_part: 0.581 lgpa_assign: 2.229
2026-07-11 14:44:01 transreid.train INFO: Epoch[90] Iter[180/227] Loss: 2.781, Acc: 0.988, Base Lr: 1.19e-04 | id_global: 0.211 id_part: 2.502 tri_global: 0.027 tri_part: 0.581 lgpa_assign: 2.241
2026-07-11 14:44:04 transreid.train INFO: Epoch[90] Iter[200/227] Loss: 2.733, Acc: 0.988, Base Lr: 1.19e-04 | id_global: 0.204 id_part: 2.411 tri_global: 0.027 tri_part: 0.580 lgpa_assign: 2.245
2026-07-11 14:44:06 transreid.train INFO: Epoch 90 done. Time per epoch: 36.780[s] Speed: 368.9[samples/s] ETA: 0h18m
The test feature is normalized
=> Computing DistMat with euclidean_distance
2026-07-11 14:44:36 transreid.train INFO: Validation Results - Epoch: 90
2026-07-11 14:44:36 transreid.train INFO: mAP: 59.3%
2026-07-11 14:44:36 transreid.train INFO: CMC curve, Rank-1  :68.6%
2026-07-11 14:44:36 transreid.train INFO: CMC curve, Rank-5  :81.2%
2026-07-11 14:44:36 transreid.train INFO: CMC curve, Rank-10 :85.4%
2026-07-11 14:44:41 transreid.train INFO: Epoch[91] Iter[20/227] Loss: 2.840, Acc: 0.995, Base Lr: 1.11e-04 | id_global: 0.210 id_part: 2.727 tri_global: 0.015 tri_part: 0.576 lgpa_assign: 2.153
2026-07-11 14:44:44 transreid.train INFO: Epoch[91] Iter[40/227] Loss: 2.865, Acc: 0.991, Base Lr: 1.11e-04 | id_global: 0.219 id_part: 2.725 tri_global: 0.015 tri_part: 0.576 lgpa_assign: 2.195
2026-07-11 14:44:48 transreid.train INFO: Epoch[91] Iter[60/227] Loss: 2.879, Acc: 0.991, Base Lr: 1.11e-04 | id_global: 0.219 id_part: 2.760 tri_global: 0.013 tri_part: 0.574 lgpa_assign: 2.190
2026-07-11 14:44:51 transreid.train INFO: Epoch[91] Iter[80/227] Loss: 2.873, Acc: 0.991, Base Lr: 1.11e-04 | id_global: 0.216 id_part: 2.737 tri_global: 0.012 tri_part: 0.573 lgpa_assign: 2.208
2026-07-11 14:44:54 transreid.train INFO: Epoch[91] Iter[100/227] Loss: 2.856, Acc: 0.992, Base Lr: 1.11e-04 | id_global: 0.211 id_part: 2.695 tri_global: 0.020 tri_part: 0.574 lgpa_assign: 2.211
2026-07-11 14:44:58 transreid.train INFO: Epoch[91] Iter[120/227] Loss: 2.828, Acc: 0.991, Base Lr: 1.11e-04 | id_global: 0.207 id_part: 2.641 tri_global: 0.020 tri_part: 0.573 lgpa_assign: 2.215
2026-07-11 14:45:01 transreid.train INFO: Epoch[91] Iter[140/227] Loss: 2.804, Acc: 0.991, Base Lr: 1.11e-04 | id_global: 0.206 id_part: 2.592 tri_global: 0.022 tri_part: 0.575 lgpa_assign: 2.212
2026-07-11 14:45:04 transreid.train INFO: Epoch[91] Iter[160/227] Loss: 2.782, Acc: 0.991, Base Lr: 1.11e-04 | id_global: 0.204 id_part: 2.543 tri_global: 0.023 tri_part: 0.575 lgpa_assign: 2.218
2026-07-11 14:45:08 transreid.train INFO: Epoch[91] Iter[180/227] Loss: 2.750, Acc: 0.991, Base Lr: 1.11e-04 | id_global: 0.198 id_part: 2.471 tri_global: 0.023 tri_part: 0.575 lgpa_assign: 2.234
2026-07-11 14:45:11 transreid.train INFO: Epoch[91] Iter[200/227] Loss: 2.703, Acc: 0.991, Base Lr: 1.11e-04 | id_global: 0.190 id_part: 2.380 tri_global: 0.022 tri_part: 0.574 lgpa_assign: 2.240
2026-07-11 14:45:13 transreid.train INFO: Epoch 91 done. Time per epoch: 37.234[s] Speed: 364.4[samples/s] ETA: 0h17m
2026-07-11 14:45:18 transreid.train INFO: Epoch[92] Iter[20/227] Loss: 3.003, Acc: 0.992, Base Lr: 1.04e-04 | id_global: 0.250 id_part: 2.883 tri_global: 0.028 tri_part: 0.582 lgpa_assign: 2.263
2026-07-11 14:45:21 transreid.train INFO: Epoch[92] Iter[40/227] Loss: 2.979, Acc: 0.991, Base Lr: 1.04e-04 | id_global: 0.242 id_part: 2.839 tri_global: 0.030 tri_part: 0.580 lgpa_assign: 2.268
2026-07-11 14:45:25 transreid.train INFO: Epoch[92] Iter[60/227] Loss: 2.938, Acc: 0.990, Base Lr: 1.04e-04 | id_global: 0.233 id_part: 2.799 tri_global: 0.024 tri_part: 0.578 lgpa_assign: 2.243
2026-07-11 14:45:28 transreid.train INFO: Epoch[92] Iter[80/227] Loss: 2.928, Acc: 0.990, Base Lr: 1.04e-04 | id_global: 0.235 id_part: 2.793 tri_global: 0.028 tri_part: 0.580 lgpa_assign: 2.220
2026-07-11 14:45:32 transreid.train INFO: Epoch[92] Iter[100/227] Loss: 2.908, Acc: 0.990, Base Lr: 1.04e-04 | id_global: 0.232 id_part: 2.753 tri_global: 0.029 tri_part: 0.580 lgpa_assign: 2.221
2026-07-11 14:45:35 transreid.train INFO: Epoch[92] Iter[120/227] Loss: 2.874, Acc: 0.990, Base Lr: 1.04e-04 | id_global: 0.227 id_part: 2.693 tri_global: 0.029 tri_part: 0.580 lgpa_assign: 2.218
2026-07-11 14:45:38 transreid.train INFO: Epoch[92] Iter[140/227] Loss: 2.833, Acc: 0.990, Base Lr: 1.04e-04 | id_global: 0.219 id_part: 2.625 tri_global: 0.027 tri_part: 0.579 lgpa_assign: 2.217
2026-07-11 14:45:42 transreid.train INFO: Epoch[92] Iter[160/227] Loss: 2.796, Acc: 0.990, Base Lr: 1.04e-04 | id_global: 0.212 id_part: 2.556 tri_global: 0.024 tri_part: 0.577 lgpa_assign: 2.223
2026-07-11 14:45:45 transreid.train INFO: Epoch[92] Iter[180/227] Loss: 2.752, Acc: 0.991, Base Lr: 1.04e-04 | id_global: 0.204 id_part: 2.478 tri_global: 0.025 tri_part: 0.577 lgpa_assign: 2.222
2026-07-11 14:45:48 transreid.train INFO: Epoch[92] Iter[200/227] Loss: 2.702, Acc: 0.991, Base Lr: 1.04e-04 | id_global: 0.195 id_part: 2.383 tri_global: 0.024 tri_part: 0.576 lgpa_assign: 2.226
2026-07-11 14:45:50 transreid.train INFO: Epoch 92 done. Time per epoch: 36.729[s] Speed: 367.7[samples/s] ETA: 0h17m
2026-07-11 14:45:55 transreid.train INFO: Epoch[93] Iter[20/227] Loss: 2.897, Acc: 0.987, Base Lr: 9.72e-05 | id_global: 0.231 id_part: 2.730 tri_global: 0.032 tri_part: 0.578 lgpa_assign: 2.223
2026-07-11 14:45:58 transreid.train INFO: Epoch[93] Iter[40/227] Loss: 2.891, Acc: 0.986, Base Lr: 9.72e-05 | id_global: 0.233 id_part: 2.748 tri_global: 0.038 tri_part: 0.574 lgpa_assign: 2.189
2026-07-11 14:46:02 transreid.train INFO: Epoch[93] Iter[60/227] Loss: 2.901, Acc: 0.988, Base Lr: 9.72e-05 | id_global: 0.232 id_part: 2.761 tri_global: 0.032 tri_part: 0.577 lgpa_assign: 2.200
2026-07-11 14:46:05 transreid.train INFO: Epoch[93] Iter[80/227] Loss: 2.876, Acc: 0.988, Base Lr: 9.72e-05 | id_global: 0.227 id_part: 2.712 tri_global: 0.027 tri_part: 0.576 lgpa_assign: 2.212
2026-07-11 14:46:08 transreid.train INFO: Epoch[93] Iter[100/227] Loss: 2.858, Acc: 0.989, Base Lr: 9.72e-05 | id_global: 0.223 id_part: 2.683 tri_global: 0.028 tri_part: 0.577 lgpa_assign: 2.205
2026-07-11 14:46:12 transreid.train INFO: Epoch[93] Iter[120/227] Loss: 2.828, Acc: 0.989, Base Lr: 9.72e-05 | id_global: 0.218 id_part: 2.635 tri_global: 0.027 tri_part: 0.577 lgpa_assign: 2.199
2026-07-11 14:46:15 transreid.train INFO: Epoch[93] Iter[140/227] Loss: 2.807, Acc: 0.990, Base Lr: 9.72e-05 | id_global: 0.214 id_part: 2.596 tri_global: 0.027 tri_part: 0.576 lgpa_assign: 2.202
2026-07-11 14:46:18 transreid.train INFO: Epoch[93] Iter[160/227] Loss: 2.775, Acc: 0.990, Base Lr: 9.72e-05 | id_global: 0.206 id_part: 2.530 tri_global: 0.028 tri_part: 0.576 lgpa_assign: 2.209
2026-07-11 14:46:22 transreid.train INFO: Epoch[93] Iter[180/227] Loss: 2.749, Acc: 0.990, Base Lr: 9.72e-05 | id_global: 0.202 id_part: 2.474 tri_global: 0.027 tri_part: 0.576 lgpa_assign: 2.219
2026-07-11 14:46:25 transreid.train INFO: Epoch[93] Iter[200/227] Loss: 2.702, Acc: 0.991, Base Lr: 9.72e-05 | id_global: 0.195 id_part: 2.381 tri_global: 0.027 tri_part: 0.575 lgpa_assign: 2.227
2026-07-11 14:46:27 transreid.train INFO: Epoch 93 done. Time per epoch: 36.992[s] Speed: 366.8[samples/s] ETA: 0h16m
2026-07-11 14:46:32 transreid.train INFO: Epoch[94] Iter[20/227] Loss: 3.009, Acc: 0.991, Base Lr: 9.06e-05 | id_global: 0.236 id_part: 2.986 tri_global: 0.006 tri_part: 0.574 lgpa_assign: 2.215
2026-07-11 14:46:35 transreid.train INFO: Epoch[94] Iter[40/227] Loss: 2.976, Acc: 0.990, Base Lr: 9.06e-05 | id_global: 0.231 id_part: 2.908 tri_global: 0.012 tri_part: 0.578 lgpa_assign: 2.223
2026-07-11 14:46:39 transreid.train INFO: Epoch[94] Iter[60/227] Loss: 2.958, Acc: 0.990, Base Lr: 9.06e-05 | id_global: 0.229 id_part: 2.880 tri_global: 0.019 tri_part: 0.578 lgpa_assign: 2.210
2026-07-11 14:46:42 transreid.train INFO: Epoch[94] Iter[80/227] Loss: 2.931, Acc: 0.991, Base Lr: 9.06e-05 | id_global: 0.223 id_part: 2.816 tri_global: 0.020 tri_part: 0.578 lgpa_assign: 2.225
2026-07-11 14:46:45 transreid.train INFO: Epoch[94] Iter[100/227] Loss: 2.894, Acc: 0.989, Base Lr: 9.06e-05 | id_global: 0.223 id_part: 2.735 tri_global: 0.023 tri_part: 0.580 lgpa_assign: 2.228
2026-07-11 14:46:49 transreid.train INFO: Epoch[94] Iter[120/227] Loss: 2.875, Acc: 0.988, Base Lr: 9.06e-05 | id_global: 0.223 id_part: 2.694 tri_global: 0.030 tri_part: 0.581 lgpa_assign: 2.221
2026-07-11 14:46:52 transreid.train INFO: Epoch[94] Iter[140/227] Loss: 2.831, Acc: 0.989, Base Lr: 9.06e-05 | id_global: 0.216 id_part: 2.621 tri_global: 0.026 tri_part: 0.579 lgpa_assign: 2.221
2026-07-11 14:46:55 transreid.train INFO: Epoch[94] Iter[160/227] Loss: 2.793, Acc: 0.990, Base Lr: 9.06e-05 | id_global: 0.208 id_part: 2.555 tri_global: 0.024 tri_part: 0.578 lgpa_assign: 2.220
2026-07-11 14:46:59 transreid.train INFO: Epoch[94] Iter[180/227] Loss: 2.750, Acc: 0.990, Base Lr: 9.06e-05 | id_global: 0.201 id_part: 2.478 tri_global: 0.023 tri_part: 0.578 lgpa_assign: 2.221
2026-07-11 14:47:02 transreid.train INFO: Epoch[94] Iter[200/227] Loss: 2.697, Acc: 0.991, Base Lr: 9.06e-05 | id_global: 0.192 id_part: 2.376 tri_global: 0.022 tri_part: 0.577 lgpa_assign: 2.227
2026-07-11 14:47:04 transreid.train INFO: Epoch 94 done. Time per epoch: 37.086[s] Speed: 365.9[samples/s] ETA: 0h16m
2026-07-11 14:47:09 transreid.train INFO: Epoch[95] Iter[20/227] Loss: 2.871, Acc: 0.992, Base Lr: 8.41e-05 | id_global: 0.218 id_part: 2.784 tri_global: 0.014 tri_part: 0.574 lgpa_assign: 2.154
2026-07-11 14:47:12 transreid.train INFO: Epoch[95] Iter[40/227] Loss: 2.879, Acc: 0.991, Base Lr: 8.41e-05 | id_global: 0.213 id_part: 2.723 tri_global: 0.017 tri_part: 0.577 lgpa_assign: 2.226
2026-07-11 14:47:16 transreid.train INFO: Epoch[95] Iter[60/227] Loss: 2.866, Acc: 0.989, Base Lr: 8.41e-05 | id_global: 0.214 id_part: 2.698 tri_global: 0.017 tri_part: 0.575 lgpa_assign: 2.228
2026-07-11 14:47:19 transreid.train INFO: Epoch[95] Iter[80/227] Loss: 2.859, Acc: 0.989, Base Lr: 8.41e-05 | id_global: 0.213 id_part: 2.685 tri_global: 0.015 tri_part: 0.574 lgpa_assign: 2.231
2026-07-11 14:47:22 transreid.train INFO: Epoch[95] Iter[100/227] Loss: 2.861, Acc: 0.990, Base Lr: 8.41e-05 | id_global: 0.215 id_part: 2.692 tri_global: 0.015 tri_part: 0.576 lgpa_assign: 2.224
2026-07-11 14:47:26 transreid.train INFO: Epoch[95] Iter[120/227] Loss: 2.838, Acc: 0.990, Base Lr: 8.41e-05 | id_global: 0.212 id_part: 2.652 tri_global: 0.017 tri_part: 0.576 lgpa_assign: 2.220
2026-07-11 14:47:29 transreid.train INFO: Epoch[95] Iter[140/227] Loss: 2.804, Acc: 0.990, Base Lr: 8.41e-05 | id_global: 0.207 id_part: 2.586 tri_global: 0.020 tri_part: 0.576 lgpa_assign: 2.218
2026-07-11 14:47:32 transreid.train INFO: Epoch[95] Iter[160/227] Loss: 2.769, Acc: 0.990, Base Lr: 8.41e-05 | id_global: 0.201 id_part: 2.520 tri_global: 0.020 tri_part: 0.576 lgpa_assign: 2.220
2026-07-11 14:47:36 transreid.train INFO: Epoch[95] Iter[180/227] Loss: 2.730, Acc: 0.990, Base Lr: 8.41e-05 | id_global: 0.196 id_part: 2.450 tri_global: 0.022 tri_part: 0.576 lgpa_assign: 2.215
2026-07-11 14:47:39 transreid.train INFO: Epoch[95] Iter[200/227] Loss: 2.682, Acc: 0.991, Base Lr: 8.41e-05 | id_global: 0.188 id_part: 2.357 tri_global: 0.021 tri_part: 0.575 lgpa_assign: 2.222
2026-07-11 14:47:41 transreid.train INFO: Epoch 95 done. Time per epoch: 36.710[s] Speed: 367.9[samples/s] ETA: 0h15m
2026-07-11 14:47:46 transreid.train INFO: Epoch[96] Iter[20/227] Loss: 2.950, Acc: 0.985, Base Lr: 7.78e-05 | id_global: 0.252 id_part: 2.851 tri_global: 0.026 tri_part: 0.574 lgpa_assign: 2.198
2026-07-11 14:47:49 transreid.train INFO: Epoch[96] Iter[40/227] Loss: 2.938, Acc: 0.986, Base Lr: 7.78e-05 | id_global: 0.244 id_part: 2.773 tri_global: 0.026 tri_part: 0.578 lgpa_assign: 2.255
2026-07-11 14:47:52 transreid.train INFO: Epoch[96] Iter[60/227] Loss: 2.923, Acc: 0.988, Base Lr: 7.78e-05 | id_global: 0.238 id_part: 2.754 tri_global: 0.024 tri_part: 0.577 lgpa_assign: 2.254
2026-07-11 14:47:56 transreid.train INFO: Epoch[96] Iter[80/227] Loss: 2.910, Acc: 0.987, Base Lr: 7.78e-05 | id_global: 0.236 id_part: 2.723 tri_global: 0.025 tri_part: 0.578 lgpa_assign: 2.258
2026-07-11 14:47:59 transreid.train INFO: Epoch[96] Iter[100/227] Loss: 2.888, Acc: 0.988, Base Lr: 7.78e-05 | id_global: 0.230 id_part: 2.692 tri_global: 0.024 tri_part: 0.577 lgpa_assign: 2.253
2026-07-11 14:48:02 transreid.train INFO: Epoch[96] Iter[120/227] Loss: 2.855, Acc: 0.988, Base Lr: 7.78e-05 | id_global: 0.223 id_part: 2.641 tri_global: 0.022 tri_part: 0.576 lgpa_assign: 2.248
2026-07-11 14:48:06 transreid.train INFO: Epoch[96] Iter[140/227] Loss: 2.816, Acc: 0.989, Base Lr: 7.78e-05 | id_global: 0.216 id_part: 2.583 tri_global: 0.023 tri_part: 0.576 lgpa_assign: 2.234
2026-07-11 14:48:09 transreid.train INFO: Epoch[96] Iter[160/227] Loss: 2.785, Acc: 0.989, Base Lr: 7.78e-05 | id_global: 0.210 id_part: 2.527 tri_global: 0.022 tri_part: 0.576 lgpa_assign: 2.234
2026-07-11 14:48:13 transreid.train INFO: Epoch[96] Iter[180/227] Loss: 2.744, Acc: 0.989, Base Lr: 7.78e-05 | id_global: 0.203 id_part: 2.454 tri_global: 0.024 tri_part: 0.576 lgpa_assign: 2.230
2026-07-11 14:48:16 transreid.train INFO: Epoch[96] Iter[200/227] Loss: 2.695, Acc: 0.990, Base Lr: 7.78e-05 | id_global: 0.195 id_part: 2.361 tri_global: 0.025 tri_part: 0.576 lgpa_assign: 2.233
2026-07-11 14:48:18 transreid.train INFO: Epoch 96 done. Time per epoch: 37.115[s] Speed: 367.3[samples/s] ETA: 0h14m
2026-07-11 14:48:23 transreid.train INFO: Epoch[97] Iter[20/227] Loss: 3.005, Acc: 0.988, Base Lr: 7.18e-05 | id_global: 0.235 id_part: 2.866 tri_global: 0.025 tri_part: 0.578 lgpa_assign: 2.305
2026-07-11 14:48:26 transreid.train INFO: Epoch[97] Iter[40/227] Loss: 2.912, Acc: 0.991, Base Lr: 7.18e-05 | id_global: 0.222 id_part: 2.741 tri_global: 0.025 tri_part: 0.578 lgpa_assign: 2.258
2026-07-11 14:48:29 transreid.train INFO: Epoch[97] Iter[60/227] Loss: 2.911, Acc: 0.991, Base Lr: 7.18e-05 | id_global: 0.227 id_part: 2.758 tri_global: 0.026 tri_part: 0.579 lgpa_assign: 2.233
2026-07-11 14:48:33 transreid.train INFO: Epoch[97] Iter[80/227] Loss: 2.887, Acc: 0.991, Base Lr: 7.18e-05 | id_global: 0.222 id_part: 2.724 tri_global: 0.024 tri_part: 0.578 lgpa_assign: 2.227
2026-07-11 14:48:36 transreid.train INFO: Epoch[97] Iter[100/227] Loss: 2.856, Acc: 0.991, Base Lr: 7.18e-05 | id_global: 0.219 id_part: 2.668 tri_global: 0.024 tri_part: 0.578 lgpa_assign: 2.224
2026-07-11 14:48:39 transreid.train INFO: Epoch[97] Iter[120/227] Loss: 2.833, Acc: 0.991, Base Lr: 7.18e-05 | id_global: 0.215 id_part: 2.616 tri_global: 0.026 tri_part: 0.578 lgpa_assign: 2.231
2026-07-11 14:48:43 transreid.train INFO: Epoch[97] Iter[140/227] Loss: 2.802, Acc: 0.991, Base Lr: 7.18e-05 | id_global: 0.208 id_part: 2.558 tri_global: 0.026 tri_part: 0.577 lgpa_assign: 2.235
2026-07-11 14:48:46 transreid.train INFO: Epoch[97] Iter[160/227] Loss: 2.776, Acc: 0.991, Base Lr: 7.18e-05 | id_global: 0.205 id_part: 2.508 tri_global: 0.026 tri_part: 0.577 lgpa_assign: 2.236
2026-07-11 14:48:49 transreid.train INFO: Epoch[97] Iter[180/227] Loss: 2.742, Acc: 0.991, Base Lr: 7.18e-05 | id_global: 0.200 id_part: 2.451 tri_global: 0.027 tri_part: 0.577 lgpa_assign: 2.229
2026-07-11 14:48:53 transreid.train INFO: Epoch[97] Iter[200/227] Loss: 2.696, Acc: 0.991, Base Lr: 7.18e-05 | id_global: 0.193 id_part: 2.361 tri_global: 0.026 tri_part: 0.576 lgpa_assign: 2.235
2026-07-11 14:48:55 transreid.train INFO: Epoch 97 done. Time per epoch: 36.724[s] Speed: 369.5[samples/s] ETA: 0h14m
2026-07-11 14:48:59 transreid.train INFO: Epoch[98] Iter[20/227] Loss: 2.851, Acc: 0.990, Base Lr: 6.60e-05 | id_global: 0.213 id_part: 2.606 tri_global: 0.011 tri_part: 0.571 lgpa_assign: 2.300
2026-07-11 14:49:03 transreid.train INFO: Epoch[98] Iter[40/227] Loss: 2.876, Acc: 0.989, Base Lr: 6.60e-05 | id_global: 0.223 id_part: 2.676 tri_global: 0.014 tri_part: 0.573 lgpa_assign: 2.266
2026-07-11 14:49:06 transreid.train INFO: Epoch[98] Iter[60/227] Loss: 2.873, Acc: 0.991, Base Lr: 6.60e-05 | id_global: 0.220 id_part: 2.685 tri_global: 0.026 tri_part: 0.575 lgpa_assign: 2.239
2026-07-11 14:49:10 transreid.train INFO: Epoch[98] Iter[80/227] Loss: 2.868, Acc: 0.991, Base Lr: 6.60e-05 | id_global: 0.216 id_part: 2.671 tri_global: 0.025 tri_part: 0.575 lgpa_assign: 2.250
2026-07-11 14:49:13 transreid.train INFO: Epoch[98] Iter[100/227] Loss: 2.843, Acc: 0.992, Base Lr: 6.60e-05 | id_global: 0.210 id_part: 2.625 tri_global: 0.027 tri_part: 0.576 lgpa_assign: 2.249
2026-07-11 14:49:16 transreid.train INFO: Epoch[98] Iter[120/227] Loss: 2.820, Acc: 0.992, Base Lr: 6.60e-05 | id_global: 0.206 id_part: 2.593 tri_global: 0.025 tri_part: 0.576 lgpa_assign: 2.240
2026-07-11 14:49:20 transreid.train INFO: Epoch[98] Iter[140/227] Loss: 2.789, Acc: 0.992, Base Lr: 6.60e-05 | id_global: 0.202 id_part: 2.549 tri_global: 0.026 tri_part: 0.575 lgpa_assign: 2.226
2026-07-11 14:49:23 transreid.train INFO: Epoch[98] Iter[160/227] Loss: 2.759, Acc: 0.993, Base Lr: 6.60e-05 | id_global: 0.197 id_part: 2.496 tri_global: 0.025 tri_part: 0.576 lgpa_assign: 2.226
2026-07-11 14:49:26 transreid.train INFO: Epoch[98] Iter[180/227] Loss: 2.727, Acc: 0.993, Base Lr: 6.60e-05 | id_global: 0.192 id_part: 2.437 tri_global: 0.024 tri_part: 0.576 lgpa_assign: 2.224
2026-07-11 14:49:30 transreid.train INFO: Epoch[98] Iter[200/227] Loss: 2.679, Acc: 0.993, Base Lr: 6.60e-05 | id_global: 0.184 id_part: 2.344 tri_global: 0.023 tri_part: 0.576 lgpa_assign: 2.231
2026-07-11 14:49:32 transreid.train INFO: Epoch 98 done. Time per epoch: 36.839[s] Speed: 368.3[samples/s] ETA: 0h13m
2026-07-11 14:49:36 transreid.train INFO: Epoch[99] Iter[20/227] Loss: 2.884, Acc: 0.986, Base Lr: 6.04e-05 | id_global: 0.229 id_part: 2.715 tri_global: 0.035 tri_part: 0.580 lgpa_assign: 2.210
2026-07-11 14:49:40 transreid.train INFO: Epoch[99] Iter[40/227] Loss: 2.879, Acc: 0.989, Base Lr: 6.04e-05 | id_global: 0.224 id_part: 2.732 tri_global: 0.042 tri_part: 0.579 lgpa_assign: 2.181
2026-07-11 14:49:43 transreid.train INFO: Epoch[99] Iter[60/227] Loss: 2.868, Acc: 0.990, Base Lr: 6.04e-05 | id_global: 0.221 id_part: 2.713 tri_global: 0.035 tri_part: 0.578 lgpa_assign: 2.188
2026-07-11 14:49:46 transreid.train INFO: Epoch[99] Iter[80/227] Loss: 2.867, Acc: 0.989, Base Lr: 6.04e-05 | id_global: 0.221 id_part: 2.712 tri_global: 0.034 tri_part: 0.577 lgpa_assign: 2.190
2026-07-11 14:49:50 transreid.train INFO: Epoch[99] Iter[100/227] Loss: 2.851, Acc: 0.989, Base Lr: 6.04e-05 | id_global: 0.220 id_part: 2.676 tri_global: 0.031 tri_part: 0.576 lgpa_assign: 2.199
2026-07-11 14:49:53 transreid.train INFO: Epoch[99] Iter[120/227] Loss: 2.828, Acc: 0.990, Base Lr: 6.04e-05 | id_global: 0.215 id_part: 2.624 tri_global: 0.031 tri_part: 0.576 lgpa_assign: 2.210
2026-07-11 14:49:56 transreid.train INFO: Epoch[99] Iter[140/227] Loss: 2.797, Acc: 0.990, Base Lr: 6.04e-05 | id_global: 0.209 id_part: 2.565 tri_global: 0.028 tri_part: 0.576 lgpa_assign: 2.216
2026-07-11 14:50:00 transreid.train INFO: Epoch[99] Iter[160/227] Loss: 2.755, Acc: 0.991, Base Lr: 6.04e-05 | id_global: 0.201 id_part: 2.496 tri_global: 0.026 tri_part: 0.575 lgpa_assign: 2.213
2026-07-11 14:50:03 transreid.train INFO: Epoch[99] Iter[180/227] Loss: 2.723, Acc: 0.991, Base Lr: 6.04e-05 | id_global: 0.196 id_part: 2.434 tri_global: 0.025 tri_part: 0.576 lgpa_assign: 2.216
2026-07-11 14:50:06 transreid.train INFO: Epoch[99] Iter[200/227] Loss: 2.676, Acc: 0.991, Base Lr: 6.04e-05 | id_global: 0.188 id_part: 2.347 tri_global: 0.025 tri_part: 0.575 lgpa_assign: 2.217
2026-07-11 14:50:08 transreid.train INFO: Epoch 99 done. Time per epoch: 36.645[s] Speed: 368.5[samples/s] ETA: 0h12m
2026-07-11 14:50:13 transreid.train INFO: Epoch[100] Iter[20/227] Loss: 2.845, Acc: 0.987, Base Lr: 5.51e-05 | id_global: 0.221 id_part: 2.692 tri_global: 0.025 tri_part: 0.578 lgpa_assign: 2.174
2026-07-11 14:50:16 transreid.train INFO: Epoch[100] Iter[40/227] Loss: 2.870, Acc: 0.988, Base Lr: 5.51e-05 | id_global: 0.225 id_part: 2.715 tri_global: 0.021 tri_part: 0.577 lgpa_assign: 2.202
2026-07-11 14:50:20 transreid.train INFO: Epoch[100] Iter[60/227] Loss: 2.876, Acc: 0.989, Base Lr: 5.51e-05 | id_global: 0.221 id_part: 2.706 tri_global: 0.025 tri_part: 0.578 lgpa_assign: 2.222
2026-07-11 14:50:23 transreid.train INFO: Epoch[100] Iter[80/227] Loss: 2.851, Acc: 0.988, Base Lr: 5.51e-05 | id_global: 0.219 id_part: 2.676 tri_global: 0.022 tri_part: 0.577 lgpa_assign: 2.209
2026-07-11 14:50:26 transreid.train INFO: Epoch[100] Iter[100/227] Loss: 2.830, Acc: 0.988, Base Lr: 5.51e-05 | id_global: 0.218 id_part: 2.648 tri_global: 0.020 tri_part: 0.578 lgpa_assign: 2.197
2026-07-11 14:50:30 transreid.train INFO: Epoch[100] Iter[120/227] Loss: 2.815, Acc: 0.988, Base Lr: 5.51e-05 | id_global: 0.215 id_part: 2.622 tri_global: 0.021 tri_part: 0.577 lgpa_assign: 2.195
2026-07-11 14:50:33 transreid.train INFO: Epoch[100] Iter[140/227] Loss: 2.775, Acc: 0.989, Base Lr: 5.51e-05 | id_global: 0.206 id_part: 2.548 tri_global: 0.019 tri_part: 0.576 lgpa_assign: 2.202
2026-07-11 14:50:36 transreid.train INFO: Epoch[100] Iter[160/227] Loss: 2.745, Acc: 0.990, Base Lr: 5.51e-05 | id_global: 0.199 id_part: 2.492 tri_global: 0.019 tri_part: 0.575 lgpa_assign: 2.206
2026-07-11 14:50:40 transreid.train INFO: Epoch[100] Iter[180/227] Loss: 2.707, Acc: 0.990, Base Lr: 5.51e-05 | id_global: 0.190 id_part: 2.415 tri_global: 0.018 tri_part: 0.574 lgpa_assign: 2.216
2026-07-11 14:50:43 transreid.train INFO: Epoch[100] Iter[200/227] Loss: 2.665, Acc: 0.991, Base Lr: 5.51e-05 | id_global: 0.184 id_part: 2.334 tri_global: 0.017 tri_part: 0.574 lgpa_assign: 2.220
2026-07-11 14:50:45 transreid.train INFO: Epoch 100 done. Time per epoch: 36.917[s] Speed: 367.5[samples/s] ETA: 0h12m
The test feature is normalized
=> Computing DistMat with euclidean_distance
2026-07-11 14:51:15 transreid.train INFO: Validation Results - Epoch: 100
2026-07-11 14:51:15 transreid.train INFO: mAP: 59.8%
2026-07-11 14:51:15 transreid.train INFO: CMC curve, Rank-1  :69.0%
2026-07-11 14:51:15 transreid.train INFO: CMC curve, Rank-5  :81.9%
2026-07-11 14:51:15 transreid.train INFO: CMC curve, Rank-10 :85.8%
2026-07-11 14:51:20 transreid.train INFO: Epoch[101] Iter[20/227] Loss: 2.979, Acc: 0.989, Base Lr: 5.00e-05 | id_global: 0.255 id_part: 2.829 tri_global: 0.036 tri_part: 0.579 lgpa_assign: 2.259
2026-07-11 14:51:23 transreid.train INFO: Epoch[101] Iter[40/227] Loss: 2.929, Acc: 0.988, Base Lr: 5.00e-05 | id_global: 0.236 id_part: 2.774 tri_global: 0.025 tri_part: 0.577 lgpa_assign: 2.247
2026-07-11 14:51:26 transreid.train INFO: Epoch[101] Iter[60/227] Loss: 2.894, Acc: 0.989, Base Lr: 5.00e-05 | id_global: 0.225 id_part: 2.726 tri_global: 0.022 tri_part: 0.573 lgpa_assign: 2.242
2026-07-11 14:51:30 transreid.train INFO: Epoch[101] Iter[80/227] Loss: 2.863, Acc: 0.990, Base Lr: 5.00e-05 | id_global: 0.218 id_part: 2.665 tri_global: 0.021 tri_part: 0.573 lgpa_assign: 2.248
2026-07-11 14:51:33 transreid.train INFO: Epoch[101] Iter[100/227] Loss: 2.829, Acc: 0.991, Base Lr: 5.00e-05 | id_global: 0.211 id_part: 2.616 tri_global: 0.023 tri_part: 0.574 lgpa_assign: 2.234
2026-07-11 14:51:36 transreid.train INFO: Epoch[101] Iter[120/227] Loss: 2.810, Acc: 0.990, Base Lr: 5.00e-05 | id_global: 0.210 id_part: 2.588 tri_global: 0.024 tri_part: 0.574 lgpa_assign: 2.224
2026-07-11 14:51:40 transreid.train INFO: Epoch[101] Iter[140/227] Loss: 2.778, Acc: 0.991, Base Lr: 5.00e-05 | id_global: 0.203 id_part: 2.533 tri_global: 0.023 tri_part: 0.574 lgpa_assign: 2.223
2026-07-11 14:51:43 transreid.train INFO: Epoch[101] Iter[160/227] Loss: 2.753, Acc: 0.991, Base Lr: 5.00e-05 | id_global: 0.200 id_part: 2.483 tri_global: 0.024 tri_part: 0.574 lgpa_assign: 2.225
2026-07-11 14:51:46 transreid.train INFO: Epoch[101] Iter[180/227] Loss: 2.715, Acc: 0.991, Base Lr: 5.00e-05 | id_global: 0.193 id_part: 2.414 tri_global: 0.025 tri_part: 0.573 lgpa_assign: 2.225
2026-07-11 14:51:50 transreid.train INFO: Epoch[101] Iter[200/227] Loss: 2.671, Acc: 0.991, Base Lr: 5.00e-05 | id_global: 0.186 id_part: 2.329 tri_global: 0.024 tri_part: 0.573 lgpa_assign: 2.231
2026-07-11 14:51:51 transreid.train INFO: Epoch 101 done. Time per epoch: 36.249[s] Speed: 370.8[samples/s] ETA: 0h11m
2026-07-11 14:51:56 transreid.train INFO: Epoch[102] Iter[20/227] Loss: 2.888, Acc: 0.986, Base Lr: 4.51e-05 | id_global: 0.230 id_part: 2.754 tri_global: 0.022 tri_part: 0.576 lgpa_assign: 2.194
2026-07-11 14:51:59 transreid.train INFO: Epoch[102] Iter[40/227] Loss: 2.883, Acc: 0.990, Base Lr: 4.51e-05 | id_global: 0.220 id_part: 2.751 tri_global: 0.020 tri_part: 0.573 lgpa_assign: 2.201
2026-07-11 14:52:03 transreid.train INFO: Epoch[102] Iter[60/227] Loss: 2.875, Acc: 0.990, Base Lr: 4.51e-05 | id_global: 0.219 id_part: 2.715 tri_global: 0.024 tri_part: 0.574 lgpa_assign: 2.217
2026-07-11 14:52:06 transreid.train INFO: Epoch[102] Iter[80/227] Loss: 2.854, Acc: 0.990, Base Lr: 4.51e-05 | id_global: 0.217 id_part: 2.692 tri_global: 0.024 tri_part: 0.575 lgpa_assign: 2.201
2026-07-11 14:52:10 transreid.train INFO: Epoch[102] Iter[100/227] Loss: 2.826, Acc: 0.990, Base Lr: 4.51e-05 | id_global: 0.211 id_part: 2.637 tri_global: 0.021 tri_part: 0.575 lgpa_assign: 2.208
2026-07-11 14:52:13 transreid.train INFO: Epoch[102] Iter[120/227] Loss: 2.804, Acc: 0.991, Base Lr: 4.51e-05 | id_global: 0.207 id_part: 2.600 tri_global: 0.024 tri_part: 0.576 lgpa_assign: 2.202
2026-07-11 14:52:16 transreid.train INFO: Epoch[102] Iter[140/227] Loss: 2.787, Acc: 0.991, Base Lr: 4.51e-05 | id_global: 0.204 id_part: 2.556 tri_global: 0.025 tri_part: 0.576 lgpa_assign: 2.214
2026-07-11 14:52:20 transreid.train INFO: Epoch[102] Iter[160/227] Loss: 2.749, Acc: 0.991, Base Lr: 4.51e-05 | id_global: 0.198 id_part: 2.495 tri_global: 0.024 tri_part: 0.575 lgpa_assign: 2.208
2026-07-11 14:52:23 transreid.train INFO: Epoch[102] Iter[180/227] Loss: 2.716, Acc: 0.991, Base Lr: 4.51e-05 | id_global: 0.193 id_part: 2.427 tri_global: 0.026 tri_part: 0.575 lgpa_assign: 2.211
2026-07-11 14:52:26 transreid.train INFO: Epoch[102] Iter[200/227] Loss: 2.674, Acc: 0.992, Base Lr: 4.51e-05 | id_global: 0.186 id_part: 2.343 tri_global: 0.024 tri_part: 0.575 lgpa_assign: 2.220
2026-07-11 14:52:28 transreid.train INFO: Epoch 102 done. Time per epoch: 36.900[s] Speed: 369.4[samples/s] ETA: 0h11m
2026-07-11 14:52:33 transreid.train INFO: Epoch[103] Iter[20/227] Loss: 3.010, Acc: 0.982, Base Lr: 4.05e-05 | id_global: 0.271 id_part: 2.930 tri_global: 0.022 tri_part: 0.580 lgpa_assign: 2.216
2026-07-11 14:52:36 transreid.train INFO: Epoch[103] Iter[40/227] Loss: 2.939, Acc: 0.986, Base Lr: 4.05e-05 | id_global: 0.246 id_part: 2.838 tri_global: 0.026 tri_part: 0.577 lgpa_assign: 2.193
2026-07-11 14:52:40 transreid.train INFO: Epoch[103] Iter[60/227] Loss: 2.926, Acc: 0.988, Base Lr: 4.05e-05 | id_global: 0.241 id_part: 2.804 tri_global: 0.028 tri_part: 0.578 lgpa_assign: 2.201
2026-07-11 14:52:43 transreid.train INFO: Epoch[103] Iter[80/227] Loss: 2.897, Acc: 0.989, Base Lr: 4.05e-05 | id_global: 0.230 id_part: 2.744 tri_global: 0.028 tri_part: 0.576 lgpa_assign: 2.216
2026-07-11 14:52:46 transreid.train INFO: Epoch[103] Iter[100/227] Loss: 2.856, Acc: 0.990, Base Lr: 4.05e-05 | id_global: 0.220 id_part: 2.674 tri_global: 0.028 tri_part: 0.576 lgpa_assign: 2.213
2026-07-11 14:52:50 transreid.train INFO: Epoch[103] Iter[120/227] Loss: 2.828, Acc: 0.991, Base Lr: 4.05e-05 | id_global: 0.216 id_part: 2.627 tri_global: 0.026 tri_part: 0.576 lgpa_assign: 2.211
2026-07-11 14:52:53 transreid.train INFO: Epoch[103] Iter[140/227] Loss: 2.802, Acc: 0.991, Base Lr: 4.05e-05 | id_global: 0.212 id_part: 2.577 tri_global: 0.025 tri_part: 0.577 lgpa_assign: 2.213
2026-07-11 14:52:56 transreid.train INFO: Epoch[103] Iter[160/227] Loss: 2.763, Acc: 0.991, Base Lr: 4.05e-05 | id_global: 0.204 id_part: 2.507 tri_global: 0.024 tri_part: 0.576 lgpa_assign: 2.215
2026-07-11 14:53:00 transreid.train INFO: Epoch[103] Iter[180/227] Loss: 2.722, Acc: 0.991, Base Lr: 4.05e-05 | id_global: 0.196 id_part: 2.428 tri_global: 0.022 tri_part: 0.575 lgpa_assign: 2.221
2026-07-11 14:53:03 transreid.train INFO: Epoch[103] Iter[200/227] Loss: 2.673, Acc: 0.991, Base Lr: 4.05e-05 | id_global: 0.188 id_part: 2.334 tri_global: 0.022 tri_part: 0.574 lgpa_assign: 2.227
2026-07-11 14:53:05 transreid.train INFO: Epoch 103 done. Time per epoch: 36.588[s] Speed: 369.1[samples/s] ETA: 0h10m
2026-07-11 14:53:10 transreid.train INFO: Epoch[104] Iter[20/227] Loss: 2.928, Acc: 0.987, Base Lr: 3.61e-05 | id_global: 0.233 id_part: 2.777 tri_global: 0.016 tri_part: 0.570 lgpa_assign: 2.259
2026-07-11 14:53:13 transreid.train INFO: Epoch[104] Iter[40/227] Loss: 2.923, Acc: 0.989, Base Lr: 3.61e-05 | id_global: 0.227 id_part: 2.761 tri_global: 0.025 tri_part: 0.576 lgpa_assign: 2.256
2026-07-11 14:53:16 transreid.train INFO: Epoch[104] Iter[60/227] Loss: 2.876, Acc: 0.991, Base Lr: 3.61e-05 | id_global: 0.216 id_part: 2.717 tri_global: 0.023 tri_part: 0.575 lgpa_assign: 2.222
2026-07-11 14:53:20 transreid.train INFO: Epoch[104] Iter[80/227] Loss: 2.866, Acc: 0.991, Base Lr: 3.61e-05 | id_global: 0.216 id_part: 2.695 tri_global: 0.024 tri_part: 0.576 lgpa_assign: 2.221
2026-07-11 14:53:23 transreid.train INFO: Epoch[104] Iter[100/227] Loss: 2.846, Acc: 0.991, Base Lr: 3.61e-05 | id_global: 0.212 id_part: 2.656 tri_global: 0.027 tri_part: 0.576 lgpa_assign: 2.221
2026-07-11 14:53:26 transreid.train INFO: Epoch[104] Iter[120/227] Loss: 2.822, Acc: 0.991, Base Lr: 3.61e-05 | id_global: 0.209 id_part: 2.612 tri_global: 0.026 tri_part: 0.576 lgpa_assign: 2.221
2026-07-11 14:53:30 transreid.train INFO: Epoch[104] Iter[140/227] Loss: 2.789, Acc: 0.991, Base Lr: 3.61e-05 | id_global: 0.204 id_part: 2.552 tri_global: 0.027 tri_part: 0.575 lgpa_assign: 2.221
2026-07-11 14:53:33 transreid.train INFO: Epoch[104] Iter[160/227] Loss: 2.761, Acc: 0.991, Base Lr: 3.61e-05 | id_global: 0.199 id_part: 2.494 tri_global: 0.028 tri_part: 0.575 lgpa_assign: 2.226
2026-07-11 14:53:36 transreid.train INFO: Epoch[104] Iter[180/227] Loss: 2.726, Acc: 0.991, Base Lr: 3.61e-05 | id_global: 0.193 id_part: 2.429 tri_global: 0.028 tri_part: 0.575 lgpa_assign: 2.226
2026-07-11 14:53:40 transreid.train INFO: Epoch[104] Iter[200/227] Loss: 2.674, Acc: 0.992, Base Lr: 3.61e-05 | id_global: 0.185 id_part: 2.336 tri_global: 0.028 tri_part: 0.575 lgpa_assign: 2.225
2026-07-11 14:53:42 transreid.train INFO: Epoch 104 done. Time per epoch: 36.632[s] Speed: 370.4[samples/s] ETA: 0h9m
2026-07-11 14:53:46 transreid.train INFO: Epoch[105] Iter[20/227] Loss: 2.958, Acc: 0.993, Base Lr: 3.20e-05 | id_global: 0.227 id_part: 2.836 tri_global: 0.017 tri_part: 0.578 lgpa_assign: 2.258
2026-07-11 14:53:50 transreid.train INFO: Epoch[105] Iter[40/227] Loss: 2.905, Acc: 0.991, Base Lr: 3.20e-05 | id_global: 0.225 id_part: 2.750 tri_global: 0.019 tri_part: 0.578 lgpa_assign: 2.238
2026-07-11 14:53:53 transreid.train INFO: Epoch[105] Iter[60/227] Loss: 2.894, Acc: 0.991, Base Lr: 3.20e-05 | id_global: 0.220 id_part: 2.751 tri_global: 0.021 tri_part: 0.577 lgpa_assign: 2.220
2026-07-11 14:53:56 transreid.train INFO: Epoch[105] Iter[80/227] Loss: 2.880, Acc: 0.990, Base Lr: 3.20e-05 | id_global: 0.220 id_part: 2.713 tri_global: 0.024 tri_part: 0.578 lgpa_assign: 2.226
2026-07-11 14:54:00 transreid.train INFO: Epoch[105] Iter[100/227] Loss: 2.846, Acc: 0.991, Base Lr: 3.20e-05 | id_global: 0.213 id_part: 2.648 tri_global: 0.023 tri_part: 0.578 lgpa_assign: 2.229
2026-07-11 14:54:03 transreid.train INFO: Epoch[105] Iter[120/227] Loss: 2.815, Acc: 0.991, Base Lr: 3.20e-05 | id_global: 0.209 id_part: 2.595 tri_global: 0.027 tri_part: 0.578 lgpa_assign: 2.220
2026-07-11 14:54:06 transreid.train INFO: Epoch[105] Iter[140/227] Loss: 2.790, Acc: 0.991, Base Lr: 3.20e-05 | id_global: 0.204 id_part: 2.552 tri_global: 0.026 tri_part: 0.577 lgpa_assign: 2.223
2026-07-11 14:54:10 transreid.train INFO: Epoch[105] Iter[160/227] Loss: 2.753, Acc: 0.991, Base Lr: 3.20e-05 | id_global: 0.198 id_part: 2.490 tri_global: 0.024 tri_part: 0.577 lgpa_assign: 2.216
2026-07-11 14:54:13 transreid.train INFO: Epoch[105] Iter[180/227] Loss: 2.719, Acc: 0.991, Base Lr: 3.20e-05 | id_global: 0.191 id_part: 2.423 tri_global: 0.024 tri_part: 0.576 lgpa_assign: 2.223
2026-07-11 14:54:16 transreid.train INFO: Epoch[105] Iter[200/227] Loss: 2.671, Acc: 0.992, Base Lr: 3.20e-05 | id_global: 0.184 id_part: 2.336 tri_global: 0.024 tri_part: 0.575 lgpa_assign: 2.222
2026-07-11 14:54:18 transreid.train INFO: Epoch 105 done. Time per epoch: 36.764[s] Speed: 369.1[samples/s] ETA: 0h9m
2026-07-11 14:54:23 transreid.train INFO: Epoch[106] Iter[20/227] Loss: 2.902, Acc: 0.982, Base Lr: 2.81e-05 | id_global: 0.237 id_part: 2.731 tri_global: 0.018 tri_part: 0.577 lgpa_assign: 2.240
2026-07-11 14:54:27 transreid.train INFO: Epoch[106] Iter[40/227] Loss: 2.897, Acc: 0.985, Base Lr: 2.81e-05 | id_global: 0.229 id_part: 2.732 tri_global: 0.015 tri_part: 0.575 lgpa_assign: 2.244
2026-07-11 14:54:30 transreid.train INFO: Epoch[106] Iter[60/227] Loss: 2.852, Acc: 0.989, Base Lr: 2.81e-05 | id_global: 0.218 id_part: 2.691 tri_global: 0.015 tri_part: 0.574 lgpa_assign: 2.207
2026-07-11 14:54:33 transreid.train INFO: Epoch[106] Iter[80/227] Loss: 2.841, Acc: 0.990, Base Lr: 2.81e-05 | id_global: 0.215 id_part: 2.657 tri_global: 0.016 tri_part: 0.576 lgpa_assign: 2.219
2026-07-11 14:54:37 transreid.train INFO: Epoch[106] Iter[100/227] Loss: 2.816, Acc: 0.990, Base Lr: 2.81e-05 | id_global: 0.209 id_part: 2.615 tri_global: 0.020 tri_part: 0.575 lgpa_assign: 2.212
2026-07-11 14:54:40 transreid.train INFO: Epoch[106] Iter[120/227] Loss: 2.789, Acc: 0.991, Base Lr: 2.81e-05 | id_global: 0.204 id_part: 2.577 tri_global: 0.018 tri_part: 0.575 lgpa_assign: 2.204
2026-07-11 14:54:43 transreid.train INFO: Epoch[106] Iter[140/227] Loss: 2.764, Acc: 0.991, Base Lr: 2.81e-05 | id_global: 0.200 id_part: 2.525 tri_global: 0.027 tri_part: 0.575 lgpa_assign: 2.201
2026-07-11 14:54:47 transreid.train INFO: Epoch[106] Iter[160/227] Loss: 2.735, Acc: 0.992, Base Lr: 2.81e-05 | id_global: 0.194 id_part: 2.480 tri_global: 0.025 tri_part: 0.574 lgpa_assign: 2.198
2026-07-11 14:54:50 transreid.train INFO: Epoch[106] Iter[180/227] Loss: 2.699, Acc: 0.992, Base Lr: 2.81e-05 | id_global: 0.187 id_part: 2.403 tri_global: 0.025 tri_part: 0.574 lgpa_assign: 2.210
2026-07-11 14:54:53 transreid.train INFO: Epoch[106] Iter[200/227] Loss: 2.659, Acc: 0.992, Base Lr: 2.81e-05 | id_global: 0.181 id_part: 2.317 tri_global: 0.025 tri_part: 0.574 lgpa_assign: 2.221
2026-07-11 14:54:55 transreid.train INFO: Epoch 106 done. Time per epoch: 36.796[s] Speed: 368.7[samples/s] ETA: 0h8m
2026-07-11 14:55:00 transreid.train INFO: Epoch[107] Iter[20/227] Loss: 2.841, Acc: 0.987, Base Lr: 2.45e-05 | id_global: 0.215 id_part: 2.698 tri_global: 0.024 tri_part: 0.565 lgpa_assign: 2.182
2026-07-11 14:55:03 transreid.train INFO: Epoch[107] Iter[40/227] Loss: 2.855, Acc: 0.986, Base Lr: 2.45e-05 | id_global: 0.224 id_part: 2.718 tri_global: 0.032 tri_part: 0.571 lgpa_assign: 2.165
2026-07-11 14:55:06 transreid.train INFO: Epoch[107] Iter[60/227] Loss: 2.828, Acc: 0.988, Base Lr: 2.45e-05 | id_global: 0.215 id_part: 2.662 tri_global: 0.027 tri_part: 0.572 lgpa_assign: 2.179
2026-07-11 14:55:10 transreid.train INFO: Epoch[107] Iter[80/227] Loss: 2.834, Acc: 0.988, Base Lr: 2.45e-05 | id_global: 0.219 id_part: 2.665 tri_global: 0.026 tri_part: 0.573 lgpa_assign: 2.184
2026-07-11 14:55:13 transreid.train INFO: Epoch[107] Iter[100/227] Loss: 2.813, Acc: 0.989, Base Lr: 2.45e-05 | id_global: 0.213 id_part: 2.630 tri_global: 0.026 tri_part: 0.573 lgpa_assign: 2.184
2026-07-11 14:55:16 transreid.train INFO: Epoch[107] Iter[120/227] Loss: 2.792, Acc: 0.990, Base Lr: 2.45e-05 | id_global: 0.207 id_part: 2.595 tri_global: 0.025 tri_part: 0.572 lgpa_assign: 2.185
2026-07-11 14:55:20 transreid.train INFO: Epoch[107] Iter[140/227] Loss: 2.766, Acc: 0.991, Base Lr: 2.45e-05 | id_global: 0.201 id_part: 2.536 tri_global: 0.023 tri_part: 0.572 lgpa_assign: 2.199
2026-07-11 14:55:23 transreid.train INFO: Epoch[107] Iter[160/227] Loss: 2.732, Acc: 0.991, Base Lr: 2.45e-05 | id_global: 0.193 id_part: 2.474 tri_global: 0.025 tri_part: 0.572 lgpa_assign: 2.202
2026-07-11 14:55:26 transreid.train INFO: Epoch[107] Iter[180/227] Loss: 2.700, Acc: 0.991, Base Lr: 2.45e-05 | id_global: 0.189 id_part: 2.407 tri_global: 0.024 tri_part: 0.572 lgpa_assign: 2.208
2026-07-11 14:55:30 transreid.train INFO: Epoch[107] Iter[200/227] Loss: 2.653, Acc: 0.991, Base Lr: 2.45e-05 | id_global: 0.181 id_part: 2.312 tri_global: 0.023 tri_part: 0.572 lgpa_assign: 2.217
2026-07-11 14:55:32 transreid.train INFO: Epoch 107 done. Time per epoch: 36.467[s] Speed: 370.3[samples/s] ETA: 0h7m
2026-07-11 14:55:36 transreid.train INFO: Epoch[108] Iter[20/227] Loss: 2.942, Acc: 0.991, Base Lr: 2.11e-05 | id_global: 0.233 id_part: 2.809 tri_global: 0.045 tri_part: 0.576 lgpa_assign: 2.220
2026-07-11 14:55:40 transreid.train INFO: Epoch[108] Iter[40/227] Loss: 2.903, Acc: 0.988, Base Lr: 2.11e-05 | id_global: 0.235 id_part: 2.744 tri_global: 0.035 tri_part: 0.576 lgpa_assign: 2.216
2026-07-11 14:55:43 transreid.train INFO: Epoch[108] Iter[60/227] Loss: 2.870, Acc: 0.988, Base Lr: 2.11e-05 | id_global: 0.230 id_part: 2.691 tri_global: 0.030 tri_part: 0.577 lgpa_assign: 2.212
2026-07-11 14:55:46 transreid.train INFO: Epoch[108] Iter[80/227] Loss: 2.839, Acc: 0.988, Base Lr: 2.11e-05 | id_global: 0.220 id_part: 2.649 tri_global: 0.032 tri_part: 0.575 lgpa_assign: 2.202
2026-07-11 14:55:50 transreid.train INFO: Epoch[108] Iter[100/227] Loss: 2.819, Acc: 0.988, Base Lr: 2.11e-05 | id_global: 0.213 id_part: 2.620 tri_global: 0.031 tri_part: 0.574 lgpa_assign: 2.199
2026-07-11 14:55:53 transreid.train INFO: Epoch[108] Iter[120/227] Loss: 2.792, Acc: 0.988, Base Lr: 2.11e-05 | id_global: 0.209 id_part: 2.577 tri_global: 0.029 tri_part: 0.574 lgpa_assign: 2.194
2026-07-11 14:55:56 transreid.train INFO: Epoch[108] Iter[140/227] Loss: 2.775, Acc: 0.989, Base Lr: 2.11e-05 | id_global: 0.204 id_part: 2.542 tri_global: 0.031 tri_part: 0.574 lgpa_assign: 2.199
2026-07-11 14:56:00 transreid.train INFO: Epoch[108] Iter[160/227] Loss: 2.742, Acc: 0.989, Base Lr: 2.11e-05 | id_global: 0.199 id_part: 2.476 tri_global: 0.029 tri_part: 0.574 lgpa_assign: 2.208
2026-07-11 14:56:03 transreid.train INFO: Epoch[108] Iter[180/227] Loss: 2.711, Acc: 0.990, Base Lr: 2.11e-05 | id_global: 0.193 id_part: 2.416 tri_global: 0.026 tri_part: 0.574 lgpa_assign: 2.213
2026-07-11 14:56:06 transreid.train INFO: Epoch[108] Iter[200/227] Loss: 2.666, Acc: 0.990, Base Lr: 2.11e-05 | id_global: 0.185 id_part: 2.324 tri_global: 0.026 tri_part: 0.573 lgpa_assign: 2.224
2026-07-11 14:56:08 transreid.train INFO: Epoch 108 done. Time per epoch: 36.483[s] Speed: 370.1[samples/s] ETA: 0h7m
2026-07-11 14:56:13 transreid.train INFO: Epoch[109] Iter[20/227] Loss: 2.921, Acc: 0.985, Base Lr: 1.80e-05 | id_global: 0.224 id_part: 2.843 tri_global: 0.011 tri_part: 0.572 lgpa_assign: 2.192
2026-07-11 14:56:16 transreid.train INFO: Epoch[109] Iter[40/227] Loss: 2.929, Acc: 0.987, Base Lr: 1.80e-05 | id_global: 0.230 id_part: 2.795 tri_global: 0.029 tri_part: 0.575 lgpa_assign: 2.230
2026-07-11 14:56:19 transreid.train INFO: Epoch[109] Iter[60/227] Loss: 2.900, Acc: 0.989, Base Lr: 1.80e-05 | id_global: 0.222 id_part: 2.742 tri_global: 0.028 tri_part: 0.576 lgpa_assign: 2.232
2026-07-11 14:56:23 transreid.train INFO: Epoch[109] Iter[80/227] Loss: 2.862, Acc: 0.990, Base Lr: 1.80e-05 | id_global: 0.215 id_part: 2.682 tri_global: 0.029 tri_part: 0.576 lgpa_assign: 2.222
2026-07-11 14:56:26 transreid.train INFO: Epoch[109] Iter[100/227] Loss: 2.822, Acc: 0.990, Base Lr: 1.80e-05 | id_global: 0.208 id_part: 2.624 tri_global: 0.027 tri_part: 0.576 lgpa_assign: 2.208
2026-07-11 14:56:29 transreid.train INFO: Epoch[109] Iter[120/227] Loss: 2.797, Acc: 0.989, Base Lr: 1.80e-05 | id_global: 0.205 id_part: 2.583 tri_global: 0.026 tri_part: 0.575 lgpa_assign: 2.206
2026-07-11 14:56:33 transreid.train INFO: Epoch[109] Iter[140/227] Loss: 2.773, Acc: 0.991, Base Lr: 1.80e-05 | id_global: 0.198 id_part: 2.539 tri_global: 0.024 tri_part: 0.574 lgpa_assign: 2.210
2026-07-11 14:56:36 transreid.train INFO: Epoch[109] Iter[160/227] Loss: 2.741, Acc: 0.991, Base Lr: 1.80e-05 | id_global: 0.192 id_part: 2.478 tri_global: 0.023 tri_part: 0.573 lgpa_assign: 2.215
2026-07-11 14:56:39 transreid.train INFO: Epoch[109] Iter[180/227] Loss: 2.707, Acc: 0.991, Base Lr: 1.80e-05 | id_global: 0.188 id_part: 2.414 tri_global: 0.024 tri_part: 0.574 lgpa_assign: 2.214
2026-07-11 14:56:43 transreid.train INFO: Epoch[109] Iter[200/227] Loss: 2.661, Acc: 0.992, Base Lr: 1.80e-05 | id_global: 0.182 id_part: 2.321 tri_global: 0.024 tri_part: 0.574 lgpa_assign: 2.221
2026-07-11 14:56:45 transreid.train INFO: Epoch 109 done. Time per epoch: 36.661[s] Speed: 370.1[samples/s] ETA: 0h6m
2026-07-11 14:56:49 transreid.train INFO: Epoch[110] Iter[20/227] Loss: 2.885, Acc: 0.986, Base Lr: 1.52e-05 | id_global: 0.231 id_part: 2.643 tri_global: 0.038 tri_part: 0.577 lgpa_assign: 2.280
2026-07-11 14:56:53 transreid.train INFO: Epoch[110] Iter[40/227] Loss: 2.891, Acc: 0.989, Base Lr: 1.52e-05 | id_global: 0.223 id_part: 2.696 tri_global: 0.034 tri_part: 0.576 lgpa_assign: 2.253
2026-07-11 14:56:56 transreid.train INFO: Epoch[110] Iter[60/227] Loss: 2.849, Acc: 0.990, Base Lr: 1.52e-05 | id_global: 0.219 id_part: 2.655 tri_global: 0.027 tri_part: 0.575 lgpa_assign: 2.222
2026-07-11 14:56:59 transreid.train INFO: Epoch[110] Iter[80/227] Loss: 2.840, Acc: 0.991, Base Lr: 1.52e-05 | id_global: 0.211 id_part: 2.649 tri_global: 0.024 tri_part: 0.575 lgpa_assign: 2.220
2026-07-11 14:57:03 transreid.train INFO: Epoch[110] Iter[100/227] Loss: 2.824, Acc: 0.991, Base Lr: 1.52e-05 | id_global: 0.209 id_part: 2.624 tri_global: 0.022 tri_part: 0.575 lgpa_assign: 2.219
2026-07-11 14:57:06 transreid.train INFO: Epoch[110] Iter[120/227] Loss: 2.790, Acc: 0.992, Base Lr: 1.52e-05 | id_global: 0.202 id_part: 2.568 tri_global: 0.022 tri_part: 0.575 lgpa_assign: 2.212
2026-07-11 14:57:09 transreid.train INFO: Epoch[110] Iter[140/227] Loss: 2.765, Acc: 0.992, Base Lr: 1.52e-05 | id_global: 0.197 id_part: 2.524 tri_global: 0.023 tri_part: 0.574 lgpa_assign: 2.210
2026-07-11 14:57:13 transreid.train INFO: Epoch[110] Iter[160/227] Loss: 2.737, Acc: 0.992, Base Lr: 1.52e-05 | id_global: 0.192 id_part: 2.474 tri_global: 0.022 tri_part: 0.574 lgpa_assign: 2.211
2026-07-11 14:57:16 transreid.train INFO: Epoch[110] Iter[180/227] Loss: 2.705, Acc: 0.993, Base Lr: 1.52e-05 | id_global: 0.187 id_part: 2.416 tri_global: 0.022 tri_part: 0.574 lgpa_assign: 2.211
2026-07-11 14:57:19 transreid.train INFO: Epoch[110] Iter[200/227] Loss: 2.651, Acc: 0.993, Base Lr: 1.52e-05 | id_global: 0.179 id_part: 2.312 tri_global: 0.021 tri_part: 0.573 lgpa_assign: 2.218
2026-07-11 14:57:22 transreid.train INFO: Epoch 110 done. Time per epoch: 36.871[s] Speed: 369.7[samples/s] ETA: 0h6m
The test feature is normalized
=> Computing DistMat with euclidean_distance
2026-07-11 14:57:52 transreid.train INFO: Validation Results - Epoch: 110
2026-07-11 14:57:52 transreid.train INFO: mAP: 60.0%
2026-07-11 14:57:52 transreid.train INFO: CMC curve, Rank-1  :69.5%
2026-07-11 14:57:52 transreid.train INFO: CMC curve, Rank-5  :82.0%
2026-07-11 14:57:52 transreid.train INFO: CMC curve, Rank-10 :86.0%
2026-07-11 14:57:56 transreid.train INFO: Epoch[111] Iter[20/227] Loss: 2.894, Acc: 0.983, Base Lr: 1.26e-05 | id_global: 0.238 id_part: 2.752 tri_global: 0.035 tri_part: 0.575 lgpa_assign: 2.187
2026-07-11 14:58:00 transreid.train INFO: Epoch[111] Iter[40/227] Loss: 2.877, Acc: 0.985, Base Lr: 1.26e-05 | id_global: 0.231 id_part: 2.723 tri_global: 0.039 tri_part: 0.573 lgpa_assign: 2.188
2026-07-11 14:58:03 transreid.train INFO: Epoch[111] Iter[60/227] Loss: 2.872, Acc: 0.987, Base Lr: 1.26e-05 | id_global: 0.228 id_part: 2.706 tri_global: 0.038 tri_part: 0.574 lgpa_assign: 2.198
2026-07-11 14:58:06 transreid.train INFO: Epoch[111] Iter[80/227] Loss: 2.850, Acc: 0.988, Base Lr: 1.26e-05 | id_global: 0.220 id_part: 2.658 tri_global: 0.030 tri_part: 0.574 lgpa_assign: 2.218
2026-07-11 14:58:10 transreid.train INFO: Epoch[111] Iter[100/227] Loss: 2.841, Acc: 0.989, Base Lr: 1.26e-05 | id_global: 0.218 id_part: 2.635 tri_global: 0.033 tri_part: 0.575 lgpa_assign: 2.221
2026-07-11 14:58:13 transreid.train INFO: Epoch[111] Iter[120/227] Loss: 2.818, Acc: 0.989, Base Lr: 1.26e-05 | id_global: 0.212 id_part: 2.603 tri_global: 0.029 tri_part: 0.574 lgpa_assign: 2.217
2026-07-11 14:58:16 transreid.train INFO: Epoch[111] Iter[140/227] Loss: 2.781, Acc: 0.989, Base Lr: 1.26e-05 | id_global: 0.206 id_part: 2.538 tri_global: 0.027 tri_part: 0.575 lgpa_assign: 2.216
2026-07-11 14:58:20 transreid.train INFO: Epoch[111] Iter[160/227] Loss: 2.746, Acc: 0.990, Base Lr: 1.26e-05 | id_global: 0.198 id_part: 2.484 tri_global: 0.026 tri_part: 0.574 lgpa_assign: 2.210
2026-07-11 14:58:23 transreid.train INFO: Epoch[111] Iter[180/227] Loss: 2.711, Acc: 0.991, Base Lr: 1.26e-05 | id_global: 0.192 id_part: 2.410 tri_global: 0.025 tri_part: 0.574 lgpa_assign: 2.220
2026-07-11 14:58:26 transreid.train INFO: Epoch[111] Iter[200/227] Loss: 2.660, Acc: 0.991, Base Lr: 1.26e-05 | id_global: 0.184 id_part: 2.319 tri_global: 0.024 tri_part: 0.574 lgpa_assign: 2.219
2026-07-11 14:58:28 transreid.train INFO: Epoch 111 done. Time per epoch: 36.762[s] Speed: 367.3[samples/s] ETA: 0h5m
2026-07-11 14:58:33 transreid.train INFO: Epoch[112] Iter[20/227] Loss: 2.865, Acc: 0.987, Base Lr: 1.03e-05 | id_global: 0.226 id_part: 2.682 tri_global: 0.028 tri_part: 0.576 lgpa_assign: 2.218
2026-07-11 14:58:36 transreid.train INFO: Epoch[112] Iter[40/227] Loss: 2.852, Acc: 0.988, Base Lr: 1.03e-05 | id_global: 0.228 id_part: 2.681 tri_global: 0.030 tri_part: 0.578 lgpa_assign: 2.186
2026-07-11 14:58:40 transreid.train INFO: Epoch[112] Iter[60/227] Loss: 2.864, Acc: 0.988, Base Lr: 1.03e-05 | id_global: 0.226 id_part: 2.696 tri_global: 0.028 tri_part: 0.578 lgpa_assign: 2.201
2026-07-11 14:58:43 transreid.train INFO: Epoch[112] Iter[80/227] Loss: 2.844, Acc: 0.989, Base Lr: 1.03e-05 | id_global: 0.219 id_part: 2.660 tri_global: 0.026 tri_part: 0.577 lgpa_assign: 2.204
2026-07-11 14:58:46 transreid.train INFO: Epoch[112] Iter[100/227] Loss: 2.820, Acc: 0.989, Base Lr: 1.03e-05 | id_global: 0.212 id_part: 2.621 tri_global: 0.027 tri_part: 0.577 lgpa_assign: 2.205
2026-07-11 14:58:50 transreid.train INFO: Epoch[112] Iter[120/227] Loss: 2.795, Acc: 0.990, Base Lr: 1.03e-05 | id_global: 0.205 id_part: 2.579 tri_global: 0.026 tri_part: 0.575 lgpa_assign: 2.204
2026-07-11 14:58:53 transreid.train INFO: Epoch[112] Iter[140/227] Loss: 2.774, Acc: 0.989, Base Lr: 1.03e-05 | id_global: 0.202 id_part: 2.534 tri_global: 0.025 tri_part: 0.576 lgpa_assign: 2.211
2026-07-11 14:58:56 transreid.train INFO: Epoch[112] Iter[160/227] Loss: 2.739, Acc: 0.990, Base Lr: 1.03e-05 | id_global: 0.196 id_part: 2.474 tri_global: 0.024 tri_part: 0.575 lgpa_assign: 2.208
2026-07-11 14:59:00 transreid.train INFO: Epoch[112] Iter[180/227] Loss: 2.706, Acc: 0.991, Base Lr: 1.03e-05 | id_global: 0.190 id_part: 2.409 tri_global: 0.023 tri_part: 0.575 lgpa_assign: 2.216
2026-07-11 14:59:03 transreid.train INFO: Epoch[112] Iter[200/227] Loss: 2.660, Acc: 0.991, Base Lr: 1.03e-05 | id_global: 0.183 id_part: 2.321 tri_global: 0.022 tri_part: 0.574 lgpa_assign: 2.221
2026-07-11 14:59:05 transreid.train INFO: Epoch 112 done. Time per epoch: 36.796[s] Speed: 368.7[samples/s] ETA: 0h4m
2026-07-11 14:59:10 transreid.train INFO: Epoch[113] Iter[20/227] Loss: 2.914, Acc: 0.988, Base Lr: 8.28e-06 | id_global: 0.238 id_part: 2.764 tri_global: 0.027 tri_part: 0.577 lgpa_assign: 2.222
2026-07-11 14:59:13 transreid.train INFO: Epoch[113] Iter[40/227] Loss: 2.857, Acc: 0.991, Base Lr: 8.28e-06 | id_global: 0.215 id_part: 2.708 tri_global: 0.026 tri_part: 0.574 lgpa_assign: 2.190
2026-07-11 14:59:16 transreid.train INFO: Epoch[113] Iter[60/227] Loss: 2.873, Acc: 0.991, Base Lr: 8.28e-06 | id_global: 0.217 id_part: 2.717 tri_global: 0.029 tri_part: 0.574 lgpa_assign: 2.208
2026-07-11 14:59:20 transreid.train INFO: Epoch[113] Iter[80/227] Loss: 2.834, Acc: 0.990, Base Lr: 8.28e-06 | id_global: 0.211 id_part: 2.662 tri_global: 0.025 tri_part: 0.573 lgpa_assign: 2.198
2026-07-11 14:59:23 transreid.train INFO: Epoch[113] Iter[100/227] Loss: 2.823, Acc: 0.990, Base Lr: 8.28e-06 | id_global: 0.209 id_part: 2.628 tri_global: 0.026 tri_part: 0.574 lgpa_assign: 2.208
2026-07-11 14:59:26 transreid.train INFO: Epoch[113] Iter[120/227] Loss: 2.791, Acc: 0.991, Base Lr: 8.28e-06 | id_global: 0.202 id_part: 2.575 tri_global: 0.026 tri_part: 0.573 lgpa_assign: 2.206
2026-07-11 14:59:30 transreid.train INFO: Epoch[113] Iter[140/227] Loss: 2.766, Acc: 0.992, Base Lr: 8.28e-06 | id_global: 0.197 id_part: 2.528 tri_global: 0.024 tri_part: 0.574 lgpa_assign: 2.209
2026-07-11 14:59:33 transreid.train INFO: Epoch[113] Iter[160/227] Loss: 2.736, Acc: 0.992, Base Lr: 8.28e-06 | id_global: 0.192 id_part: 2.475 tri_global: 0.023 tri_part: 0.574 lgpa_assign: 2.208
2026-07-11 14:59:37 transreid.train INFO: Epoch[113] Iter[180/227] Loss: 2.708, Acc: 0.992, Base Lr: 8.28e-06 | id_global: 0.187 id_part: 2.417 tri_global: 0.022 tri_part: 0.574 lgpa_assign: 2.216
2026-07-11 14:59:40 transreid.train INFO: Epoch[113] Iter[200/227] Loss: 2.655, Acc: 0.992, Base Lr: 8.28e-06 | id_global: 0.179 id_part: 2.314 tri_global: 0.022 tri_part: 0.573 lgpa_assign: 2.222
2026-07-11 14:59:42 transreid.train INFO: Epoch 113 done. Time per epoch: 36.592[s] Speed: 369.0[samples/s] ETA: 0h4m
2026-07-11 14:59:46 transreid.train INFO: Epoch[114] Iter[20/227] Loss: 2.865, Acc: 0.988, Base Lr: 6.51e-06 | id_global: 0.217 id_part: 2.692 tri_global: 0.015 tri_part: 0.576 lgpa_assign: 2.230
2026-07-11 14:59:50 transreid.train INFO: Epoch[114] Iter[40/227] Loss: 2.822, Acc: 0.990, Base Lr: 6.51e-06 | id_global: 0.203 id_part: 2.637 tri_global: 0.016 tri_part: 0.572 lgpa_assign: 2.216
2026-07-11 14:59:53 transreid.train INFO: Epoch[114] Iter[60/227] Loss: 2.822, Acc: 0.991, Base Lr: 6.51e-06 | id_global: 0.204 id_part: 2.639 tri_global: 0.016 tri_part: 0.573 lgpa_assign: 2.211
2026-07-11 14:59:56 transreid.train INFO: Epoch[114] Iter[80/227] Loss: 2.825, Acc: 0.989, Base Lr: 6.51e-06 | id_global: 0.210 id_part: 2.635 tri_global: 0.020 tri_part: 0.576 lgpa_assign: 2.209
2026-07-11 15:00:00 transreid.train INFO: Epoch[114] Iter[100/227] Loss: 2.817, Acc: 0.990, Base Lr: 6.51e-06 | id_global: 0.207 id_part: 2.612 tri_global: 0.022 tri_part: 0.576 lgpa_assign: 2.218
2026-07-11 15:00:03 transreid.train INFO: Epoch[114] Iter[120/227] Loss: 2.803, Acc: 0.990, Base Lr: 6.51e-06 | id_global: 0.205 id_part: 2.572 tri_global: 0.021 tri_part: 0.576 lgpa_assign: 2.232
2026-07-11 15:00:06 transreid.train INFO: Epoch[114] Iter[140/227] Loss: 2.770, Acc: 0.991, Base Lr: 6.51e-06 | id_global: 0.198 id_part: 2.523 tri_global: 0.021 tri_part: 0.575 lgpa_assign: 2.224
2026-07-11 15:00:10 transreid.train INFO: Epoch[114] Iter[160/227] Loss: 2.742, Acc: 0.991, Base Lr: 6.51e-06 | id_global: 0.194 id_part: 2.473 tri_global: 0.022 tri_part: 0.575 lgpa_assign: 2.221
2026-07-11 15:00:13 transreid.train INFO: Epoch[114] Iter[180/227] Loss: 2.706, Acc: 0.991, Base Lr: 6.51e-06 | id_global: 0.188 id_part: 2.410 tri_global: 0.022 tri_part: 0.574 lgpa_assign: 2.218
2026-07-11 15:00:17 transreid.train INFO: Epoch[114] Iter[200/227] Loss: 2.658, Acc: 0.992, Base Lr: 6.51e-06 | id_global: 0.181 id_part: 2.317 tri_global: 0.021 tri_part: 0.573 lgpa_assign: 2.225
2026-07-11 15:00:19 transreid.train INFO: Epoch 114 done. Time per epoch: 37.024[s] Speed: 368.2[samples/s] ETA: 0h3m
2026-07-11 15:00:23 transreid.train INFO: Epoch[115] Iter[20/227] Loss: 2.826, Acc: 0.995, Base Lr: 5.02e-06 | id_global: 0.211 id_part: 2.722 tri_global: 0.017 tri_part: 0.574 lgpa_assign: 2.128
2026-07-11 15:00:27 transreid.train INFO: Epoch[115] Iter[40/227] Loss: 2.870, Acc: 0.991, Base Lr: 5.02e-06 | id_global: 0.222 id_part: 2.743 tri_global: 0.017 tri_part: 0.574 lgpa_assign: 2.184
2026-07-11 15:00:30 transreid.train INFO: Epoch[115] Iter[60/227] Loss: 2.865, Acc: 0.990, Base Lr: 5.02e-06 | id_global: 0.219 id_part: 2.713 tri_global: 0.017 tri_part: 0.574 lgpa_assign: 2.207
2026-07-11 15:00:33 transreid.train INFO: Epoch[115] Iter[80/227] Loss: 2.842, Acc: 0.991, Base Lr: 5.02e-06 | id_global: 0.212 id_part: 2.667 tri_global: 0.018 tri_part: 0.574 lgpa_assign: 2.214
2026-07-11 15:00:37 transreid.train INFO: Epoch[115] Iter[100/227] Loss: 2.826, Acc: 0.991, Base Lr: 5.02e-06 | id_global: 0.209 id_part: 2.630 tri_global: 0.019 tri_part: 0.575 lgpa_assign: 2.218
2026-07-11 15:00:40 transreid.train INFO: Epoch[115] Iter[120/227] Loss: 2.795, Acc: 0.991, Base Lr: 5.02e-06 | id_global: 0.203 id_part: 2.583 tri_global: 0.021 tri_part: 0.575 lgpa_assign: 2.208
2026-07-11 15:00:43 transreid.train INFO: Epoch[115] Iter[140/227] Loss: 2.757, Acc: 0.992, Base Lr: 5.02e-06 | id_global: 0.196 id_part: 2.519 tri_global: 0.020 tri_part: 0.574 lgpa_assign: 2.205
2026-07-11 15:00:47 transreid.train INFO: Epoch[115] Iter[160/227] Loss: 2.726, Acc: 0.992, Base Lr: 5.02e-06 | id_global: 0.192 id_part: 2.462 tri_global: 0.020 tri_part: 0.574 lgpa_assign: 2.205
2026-07-11 15:00:50 transreid.train INFO: Epoch[115] Iter[180/227] Loss: 2.690, Acc: 0.992, Base Lr: 5.02e-06 | id_global: 0.186 id_part: 2.392 tri_global: 0.020 tri_part: 0.573 lgpa_assign: 2.209
2026-07-11 15:00:54 transreid.train INFO: Epoch[115] Iter[200/227] Loss: 2.646, Acc: 0.993, Base Lr: 5.02e-06 | id_global: 0.179 id_part: 2.307 tri_global: 0.020 tri_part: 0.573 lgpa_assign: 2.214
2026-07-11 15:00:55 transreid.train INFO: Epoch 115 done. Time per epoch: 36.679[s] Speed: 368.2[samples/s] ETA: 0h3m
2026-07-11 15:01:00 transreid.train INFO: Epoch[116] Iter[20/227] Loss: 2.997, Acc: 0.988, Base Lr: 3.79e-06 | id_global: 0.230 id_part: 2.824 tri_global: 0.011 tri_part: 0.577 lgpa_assign: 2.353
2026-07-11 15:01:03 transreid.train INFO: Epoch[116] Iter[40/227] Loss: 2.936, Acc: 0.989, Base Lr: 3.79e-06 | id_global: 0.227 id_part: 2.770 tri_global: 0.024 tri_part: 0.577 lgpa_assign: 2.275
2026-07-11 15:01:07 transreid.train INFO: Epoch[116] Iter[60/227] Loss: 2.880, Acc: 0.992, Base Lr: 3.79e-06 | id_global: 0.216 id_part: 2.679 tri_global: 0.028 tri_part: 0.577 lgpa_assign: 2.259
2026-07-11 15:01:10 transreid.train INFO: Epoch[116] Iter[80/227] Loss: 2.860, Acc: 0.992, Base Lr: 3.79e-06 | id_global: 0.213 id_part: 2.651 tri_global: 0.025 tri_part: 0.576 lgpa_assign: 2.256
2026-07-11 15:01:14 transreid.train INFO: Epoch[116] Iter[100/227] Loss: 2.846, Acc: 0.992, Base Lr: 3.79e-06 | id_global: 0.210 id_part: 2.627 tri_global: 0.028 tri_part: 0.576 lgpa_assign: 2.249
2026-07-11 15:01:17 transreid.train INFO: Epoch[116] Iter[120/227] Loss: 2.815, Acc: 0.993, Base Lr: 3.79e-06 | id_global: 0.204 id_part: 2.585 tri_global: 0.027 tri_part: 0.576 lgpa_assign: 2.239
2026-07-11 15:01:20 transreid.train INFO: Epoch[116] Iter[140/227] Loss: 2.777, Acc: 0.993, Base Lr: 3.79e-06 | id_global: 0.198 id_part: 2.532 tri_global: 0.025 tri_part: 0.575 lgpa_assign: 2.225
2026-07-11 15:01:24 transreid.train INFO: Epoch[116] Iter[160/227] Loss: 2.734, Acc: 0.993, Base Lr: 3.79e-06 | id_global: 0.192 id_part: 2.464 tri_global: 0.023 tri_part: 0.574 lgpa_assign: 2.214
2026-07-11 15:01:27 transreid.train INFO: Epoch[116] Iter[180/227] Loss: 2.705, Acc: 0.993, Base Lr: 3.79e-06 | id_global: 0.187 id_part: 2.404 tri_global: 0.024 tri_part: 0.574 lgpa_assign: 2.219
2026-07-11 15:01:30 transreid.train INFO: Epoch[116] Iter[200/227] Loss: 2.660, Acc: 0.993, Base Lr: 3.79e-06 | id_global: 0.182 id_part: 2.318 tri_global: 0.024 tri_part: 0.575 lgpa_assign: 2.221
2026-07-11 15:01:32 transreid.train INFO: Epoch 116 done. Time per epoch: 36.577[s] Speed: 367.4[samples/s] ETA: 0h2m
2026-07-11 15:01:37 transreid.train INFO: Epoch[117] Iter[20/227] Loss: 2.846, Acc: 0.990, Base Lr: 2.83e-06 | id_global: 0.226 id_part: 2.727 tri_global: 0.010 tri_part: 0.579 lgpa_assign: 2.151
2026-07-11 15:01:40 transreid.train INFO: Epoch[117] Iter[40/227] Loss: 2.859, Acc: 0.992, Base Lr: 2.83e-06 | id_global: 0.220 id_part: 2.761 tri_global: 0.010 tri_part: 0.574 lgpa_assign: 2.154
2026-07-11 15:01:43 transreid.train INFO: Epoch[117] Iter[60/227] Loss: 2.848, Acc: 0.993, Base Lr: 2.83e-06 | id_global: 0.213 id_part: 2.726 tri_global: 0.015 tri_part: 0.571 lgpa_assign: 2.171
2026-07-11 15:01:47 transreid.train INFO: Epoch[117] Iter[80/227] Loss: 2.836, Acc: 0.994, Base Lr: 2.83e-06 | id_global: 0.209 id_part: 2.685 tri_global: 0.018 tri_part: 0.572 lgpa_assign: 2.189
2026-07-11 15:01:50 transreid.train INFO: Epoch[117] Iter[100/227] Loss: 2.814, Acc: 0.994, Base Lr: 2.83e-06 | id_global: 0.202 id_part: 2.639 tri_global: 0.017 tri_part: 0.572 lgpa_assign: 2.197
2026-07-11 15:01:53 transreid.train INFO: Epoch[117] Iter[120/227] Loss: 2.794, Acc: 0.993, Base Lr: 2.83e-06 | id_global: 0.198 id_part: 2.596 tri_global: 0.016 tri_part: 0.573 lgpa_assign: 2.204
2026-07-11 15:01:57 transreid.train INFO: Epoch[117] Iter[140/227] Loss: 2.768, Acc: 0.993, Base Lr: 2.83e-06 | id_global: 0.194 id_part: 2.549 tri_global: 0.019 tri_part: 0.573 lgpa_assign: 2.200
2026-07-11 15:02:00 transreid.train INFO: Epoch[117] Iter[160/227] Loss: 2.735, Acc: 0.993, Base Lr: 2.83e-06 | id_global: 0.190 id_part: 2.489 tri_global: 0.018 tri_part: 0.573 lgpa_assign: 2.200
2026-07-11 15:02:03 transreid.train INFO: Epoch[117] Iter[180/227] Loss: 2.697, Acc: 0.993, Base Lr: 2.83e-06 | id_global: 0.184 id_part: 2.413 tri_global: 0.018 tri_part: 0.573 lgpa_assign: 2.205
2026-07-11 15:02:07 transreid.train INFO: Epoch[117] Iter[200/227] Loss: 2.648, Acc: 0.993, Base Lr: 2.83e-06 | id_global: 0.177 id_part: 2.315 tri_global: 0.018 tri_part: 0.573 lgpa_assign: 2.215
2026-07-11 15:02:08 transreid.train INFO: Epoch 117 done. Time per epoch: 36.508[s] Speed: 368.1[samples/s] ETA: 0h1m
2026-07-11 15:02:13 transreid.train INFO: Epoch[118] Iter[20/227] Loss: 2.884, Acc: 0.988, Base Lr: 2.15e-06 | id_global: 0.230 id_part: 2.742 tri_global: 0.044 tri_part: 0.576 lgpa_assign: 2.174
2026-07-11 15:02:16 transreid.train INFO: Epoch[118] Iter[40/227] Loss: 2.840, Acc: 0.991, Base Lr: 2.15e-06 | id_global: 0.206 id_part: 2.708 tri_global: 0.030 tri_part: 0.570 lgpa_assign: 2.166
2026-07-11 15:02:20 transreid.train INFO: Epoch[118] Iter[60/227] Loss: 2.854, Acc: 0.992, Base Lr: 2.15e-06 | id_global: 0.205 id_part: 2.709 tri_global: 0.030 tri_part: 0.574 lgpa_assign: 2.190
2026-07-11 15:02:23 transreid.train INFO: Epoch[118] Iter[80/227] Loss: 2.825, Acc: 0.992, Base Lr: 2.15e-06 | id_global: 0.200 id_part: 2.650 tri_global: 0.026 tri_part: 0.573 lgpa_assign: 2.201
2026-07-11 15:02:26 transreid.train INFO: Epoch[118] Iter[100/227] Loss: 2.796, Acc: 0.991, Base Lr: 2.15e-06 | id_global: 0.200 id_part: 2.600 tri_global: 0.025 tri_part: 0.572 lgpa_assign: 2.196
2026-07-11 15:02:30 transreid.train INFO: Epoch[118] Iter[120/227] Loss: 2.775, Acc: 0.992, Base Lr: 2.15e-06 | id_global: 0.196 id_part: 2.558 tri_global: 0.022 tri_part: 0.573 lgpa_assign: 2.202
2026-07-11 15:02:33 transreid.train INFO: Epoch[118] Iter[140/227] Loss: 2.753, Acc: 0.992, Base Lr: 2.15e-06 | id_global: 0.192 id_part: 2.515 tri_global: 0.021 tri_part: 0.573 lgpa_assign: 2.205
2026-07-11 15:02:36 transreid.train INFO: Epoch[118] Iter[160/227] Loss: 2.733, Acc: 0.992, Base Lr: 2.15e-06 | id_global: 0.189 id_part: 2.477 tri_global: 0.019 tri_part: 0.573 lgpa_assign: 2.208
2026-07-11 15:02:40 transreid.train INFO: Epoch[118] Iter[180/227] Loss: 2.695, Acc: 0.992, Base Lr: 2.15e-06 | id_global: 0.184 id_part: 2.407 tri_global: 0.019 tri_part: 0.572 lgpa_assign: 2.209
2026-07-11 15:02:43 transreid.train INFO: Epoch[118] Iter[200/227] Loss: 2.652, Acc: 0.992, Base Lr: 2.15e-06 | id_global: 0.177 id_part: 2.313 tri_global: 0.018 tri_part: 0.572 lgpa_assign: 2.223
2026-07-11 15:02:45 transreid.train INFO: Epoch 118 done. Time per epoch: 36.681[s] Speed: 369.9[samples/s] ETA: 0h1m
2026-07-11 15:02:50 transreid.train INFO: Epoch[119] Iter[20/227] Loss: 2.868, Acc: 0.991, Base Lr: 1.74e-06 | id_global: 0.222 id_part: 2.751 tri_global: 0.021 tri_part: 0.571 lgpa_assign: 2.170
2026-07-11 15:02:53 transreid.train INFO: Epoch[119] Iter[40/227] Loss: 2.866, Acc: 0.992, Base Lr: 1.74e-06 | id_global: 0.219 id_part: 2.723 tri_global: 0.027 tri_part: 0.571 lgpa_assign: 2.192
2026-07-11 15:02:56 transreid.train INFO: Epoch[119] Iter[60/227] Loss: 2.849, Acc: 0.992, Base Lr: 1.74e-06 | id_global: 0.209 id_part: 2.679 tri_global: 0.020 tri_part: 0.570 lgpa_assign: 2.220
2026-07-11 15:03:00 transreid.train INFO: Epoch[119] Iter[80/227] Loss: 2.828, Acc: 0.993, Base Lr: 1.74e-06 | id_global: 0.205 id_part: 2.640 tri_global: 0.019 tri_part: 0.570 lgpa_assign: 2.223
2026-07-11 15:03:03 transreid.train INFO: Epoch[119] Iter[100/227] Loss: 2.813, Acc: 0.993, Base Lr: 1.74e-06 | id_global: 0.204 id_part: 2.604 tri_global: 0.019 tri_part: 0.571 lgpa_assign: 2.228
2026-07-11 15:03:07 transreid.train INFO: Epoch[119] Iter[120/227] Loss: 2.798, Acc: 0.992, Base Lr: 1.74e-06 | id_global: 0.204 id_part: 2.574 tri_global: 0.020 tri_part: 0.572 lgpa_assign: 2.226
2026-07-11 15:03:10 transreid.train INFO: Epoch[119] Iter[140/227] Loss: 2.764, Acc: 0.992, Base Lr: 1.74e-06 | id_global: 0.199 id_part: 2.520 tri_global: 0.020 tri_part: 0.571 lgpa_assign: 2.219
2026-07-11 15:03:13 transreid.train INFO: Epoch[119] Iter[160/227] Loss: 2.731, Acc: 0.992, Base Lr: 1.74e-06 | id_global: 0.193 id_part: 2.456 tri_global: 0.018 tri_part: 0.571 lgpa_assign: 2.223
2026-07-11 15:03:17 transreid.train INFO: Epoch[119] Iter[180/227] Loss: 2.695, Acc: 0.992, Base Lr: 1.74e-06 | id_global: 0.187 id_part: 2.386 tri_global: 0.019 tri_part: 0.571 lgpa_assign: 2.226
2026-07-11 15:03:20 transreid.train INFO: Epoch[119] Iter[200/227] Loss: 2.657, Acc: 0.993, Base Lr: 1.74e-06 | id_global: 0.181 id_part: 2.312 tri_global: 0.019 tri_part: 0.572 lgpa_assign: 2.231
2026-07-11 15:03:22 transreid.train INFO: Epoch 119 done. Time per epoch: 36.871[s] Speed: 368.0[samples/s] ETA: 0h0m
2026-07-11 15:03:27 transreid.train INFO: Epoch[120] Iter[20/227] Loss: 2.899, Acc: 0.990, Base Lr: 1.60e-06 | id_global: 0.218 id_part: 2.755 tri_global: 0.015 tri_part: 0.575 lgpa_assign: 2.235
2026-07-11 15:03:30 transreid.train INFO: Epoch[120] Iter[40/227] Loss: 2.901, Acc: 0.988, Base Lr: 1.60e-06 | id_global: 0.230 id_part: 2.779 tri_global: 0.013 tri_part: 0.574 lgpa_assign: 2.207
2026-07-11 15:03:33 transreid.train INFO: Epoch[120] Iter[60/227] Loss: 2.891, Acc: 0.989, Base Lr: 1.60e-06 | id_global: 0.224 id_part: 2.748 tri_global: 0.031 tri_part: 0.578 lgpa_assign: 2.200
2026-07-11 15:03:37 transreid.train INFO: Epoch[120] Iter[80/227] Loss: 2.868, Acc: 0.989, Base Lr: 1.60e-06 | id_global: 0.219 id_part: 2.706 tri_global: 0.030 tri_part: 0.577 lgpa_assign: 2.203
2026-07-11 15:03:40 transreid.train INFO: Epoch[120] Iter[100/227] Loss: 2.850, Acc: 0.989, Base Lr: 1.60e-06 | id_global: 0.217 id_part: 2.671 tri_global: 0.029 tri_part: 0.577 lgpa_assign: 2.207
2026-07-11 15:03:43 transreid.train INFO: Epoch[120] Iter[120/227] Loss: 2.816, Acc: 0.990, Base Lr: 1.60e-06 | id_global: 0.209 id_part: 2.616 tri_global: 0.026 tri_part: 0.576 lgpa_assign: 2.205
2026-07-11 15:03:47 transreid.train INFO: Epoch[120] Iter[140/227] Loss: 2.788, Acc: 0.990, Base Lr: 1.60e-06 | id_global: 0.205 id_part: 2.562 tri_global: 0.025 tri_part: 0.577 lgpa_assign: 2.207
2026-07-11 15:03:50 transreid.train INFO: Epoch[120] Iter[160/227] Loss: 2.755, Acc: 0.989, Base Lr: 1.60e-06 | id_global: 0.201 id_part: 2.509 tri_global: 0.024 tri_part: 0.576 lgpa_assign: 2.200
2026-07-11 15:03:54 transreid.train INFO: Epoch[120] Iter[180/227] Loss: 2.713, Acc: 0.990, Base Lr: 1.60e-06 | id_global: 0.194 id_part: 2.423 tri_global: 0.024 tri_part: 0.576 lgpa_assign: 2.210
2026-07-11 15:03:57 transreid.train INFO: Epoch[120] Iter[200/227] Loss: 2.660, Acc: 0.990, Base Lr: 1.60e-06 | id_global: 0.185 id_part: 2.318 tri_global: 0.024 tri_part: 0.575 lgpa_assign: 2.218
2026-07-11 15:03:59 transreid.train INFO: Epoch 120 done. Time per epoch: 36.930[s] Speed: 367.4[samples/s] ETA: 0h0m
The test feature is normalized
=> Computing DistMat with euclidean_distance
2026-07-11 15:04:29 transreid.train INFO: Validation Results - Epoch: 120
2026-07-11 15:04:29 transreid.train INFO: mAP: 60.1%
2026-07-11 15:04:29 transreid.train INFO: CMC curve, Rank-1  :69.7%
2026-07-11 15:04:29 transreid.train INFO: CMC curve, Rank-5  :81.9%
2026-07-11 15:04:29 transreid.train INFO: CMC curve, Rank-10 :85.8%
