2026-07-23 17:41:06 transreid INFO: Saving model in the path :/home/afr/reid-clean/logs/exp414-pscir-pose-only-s1234-v1
2026-07-23 17:41:06 transreid INFO: Loaded configuration file configs/occluded_duke/swin_tiny_tapf_pscir_exp414.yml
2026-07-23 17:41:06 transreid INFO: Running with config:
DATALOADER:
  NUM_INSTANCE: 4
  NUM_WORKERS: 8
  REMOVE_TAIL: 0
  SAMPLER: softmax_triplet
DATASETS:
  NAMES: occluded_duke
  ROOT_DIR: /mnt1/afrdata
  ROOT_TRAIN_DIR: ../data
  ROOT_VAL_DIR: ../data
INPUT:
  PADDING: 10
  PIXEL_MEAN: [0.5, 0.5, 0.5]
  PIXEL_STD: [0.5, 0.5, 0.5]
  PROB: 0.5
  RE_PROB: 0.5
  SIZE_TEST: [384, 128]
  SIZE_TRAIN: [384, 128]
MODEL:
  ATT_DROP_RATE: 0.0
  COS_LAYER: False
  DEVICE: cuda
  DEVICE_ID: 0
  DEVIDE_LENGTH: 4
  DIST_TRAIN: False
  DROPOUT_RATE: 0.0
  DROP_OUT: 0.0
  DROP_PATH: 0.1
  FEAT_DIM: 512
  GEM_POOLING: False
  ID_LOSS_TYPE: softmax
  ID_LOSS_WEIGHT: 1.0
  IF_LABELSMOOTH: off
  IF_WITH_CENTER: no
  JPM: False
  LAST_STRIDE: 1
  METRIC_LOSS_TYPE: triplet
  NAME: transformer
  NECK: bnneck
  NO_MARGIN: True
  PRETRAIN_CHOICE: self
  PRETRAIN_HW_RATIO: 2
  PRETRAIN_PATH: /home/afr/reid-clean/weights/solider_swin_tiny_tea.pth
  REDUCE_FEAT_DIM: False
  RE_ARRANGE: True
  SEMANTIC_WEIGHT: 0.2
  SHIFT_NUM: 5
  SHUFFLE_GROUP: 2
  SIE_CAMERA: False
  SIE_COE: 3.0
  SIE_VIEW: False
  STEM_CONV: False
  STRIDE_SIZE: [16, 16]
  TAPF:
    ANCHOR_HIDDEN: 128
    ARTIFACT_DIR: /mnt1/afrderived/exp386_occluded_duke_vitpose_huge_train
    CLIP_CHECKPOINT: 
    CLIP_CHECKPOINT_SHA256: 
    CLIP_MICROBATCH: 4
    ELO_CUR_ENABLED: False
    ELO_GENERIC_EVIDENCE: 
    ELO_GENERIC_EVIDENCE_SHA256: 
    ENABLED: True
    GATE_RELEASE: 0.5
    GAUSSIAN_SIGMA: 1.5
    HANDOFF_EPOCHS: 5
    HIERARCHICAL: False
    MANIFEST_SHA256: cc09eb6b0be91d731ce0fea77b8fa9d78e5404955ec740a1fc0f1ed00e6359f8
    PC2P_BANK: 
    PC2P_BANK_SHA256: 
    PC2P_ENABLED: False
    PCHM_CACHE: 
    PCHM_CACHE_SHA256: 
    PCHM_CLIP_CHECKPOINT_SHA256: 
    PCHM_ENABLED: False
    PCMPSR_CACHE: /home/afr/reid-clean/assets/exp411-pcmpsr-cache-v1/pcmpsr_cache.npz
    PCMPSR_CACHE_SHA256: b07576130a0c50b89194f2c59467defcf39293d96ca886616865eb198e7965d1
    PCMPSR_CLIP_CHECKPOINT_SHA256: 9ce2e8a8ebfff3793d7d375ad6d3c35cb9aebf3de7ace0fc7308accab7cd207e
    PCMPSR_CONTROL_MODE: zero_owner
    PCMPSR_ENABLED: True
    PICRD_CACHE: 
    PICRD_CACHE_SHA256: 
    PICRD_ENABLED: False
    POSE_LOSS_REDUCTION: sum
    POSE_LOSS_WEIGHT: 0.1
    PSCCR_CONTROL_MODE: correct
    PSCCR_ENABLED: False
    PSCCR_TEXT_AXES: 
    PSCCR_TEXT_AXES_SHA256: 
    PSCIR_CONTROL_MODE: pose_only
    PSCIR_ENABLED: True
    PSCIR_TEXT_AXES: /home/afr/reid-clean/assets/exp412-psgc-text-v1/text_axes.npz
    PSCIR_TEXT_AXES_SHA256: 3b5fd399350a522459cef090bff72d76c97ff483921d84aae4990eda16727bf3
    PSGC_CONTROL_MODE: correct
    PSGC_ENABLED: False
    PSGC_TEXT_AXES: 
    PSGC_TEXT_AXES_SHA256: 
    PSG_HIDDEN: 32
    RESIDUAL_RHO: 0.08075544983148575
    RICH_CODEBOOK: 
    RICH_CODEBOOK_SHA256: 
    RICH_EVIDENCE_ENABLED: False
    SEMANTIC_ENABLED: False
    SEMANTIC_REZERO: False
    SEMANTIC_ROUTER_RANK: 16
    SPK_ENABLED: False
    SPK_GROUPS: 16
    TEACHER_EPOCHS: 5
    VERIFY_IMAGE_SHA: False
  TRANSFORMER_TYPE: swin_tiny_patch4_window7_224
  TRIPLET_LOSS_WEIGHT: 1.0
OUTPUT_DIR: /home/afr/reid-clean/logs/exp414-pscir-pose-only-s1234-v1
SOLVER:
  BASE_LR: 0.0008
  BIAS_LR_FACTOR: 2
  CENTER_LOSS_WEIGHT: 0.0005
  CENTER_LR: 0.5
  CHECKPOINT_PERIOD: 120
  COSINE_MARGIN: 0.5
  COSINE_SCALE: 30
  EVAL_PERIOD: 10
  GAMMA: 0.1
  IMS_PER_BATCH: 64
  LARGE_FC_LR: False
  LOG_PERIOD: 20
  MARGIN: 0.3
  MAX_EPOCHS: 120
  MOMENTUM: 0.9
  OPTIMIZER_NAME: SGD
  SEED: 1234
  STEPS: (40, 70)
  TRP_L2: False
  WARMUP_EPOCHS: 20
  WARMUP_FACTOR: 0.01
  WARMUP_METHOD: cosine
  WEIGHT_DECAY: 0.0001
  WEIGHT_DECAY_BIAS: 0.0001
TEST:
  DIST_MAT: dist_mat.npy
  EVAL: True
  FEAT_NORM: yes
  IMS_PER_BATCH: 256
  NECK_FEAT: before
  RE_RANKING: False
  WEIGHT: 
=> Occluded-Duke loaded
2026-07-23 17:41:06 transreid.check INFO: Dataset statistics:
2026-07-23 17:41:06 transreid.check INFO:   ----------------------------------------
2026-07-23 17:41:06 transreid.check INFO:   subset   | # ids | # images | # cameras
2026-07-23 17:41:06 transreid.check INFO:   ----------------------------------------
2026-07-23 17:41:06 transreid.check INFO:   train    |   702 |    15618 |         8
2026-07-23 17:41:06 transreid.check INFO:   query    |   519 |     2210 |         8
2026-07-23 17:41:06 transreid.check INFO:   gallery  |  1110 |    17661 |         8
2026-07-23 17:41:06 transreid.check INFO:   ----------------------------------------
using img_triplet sampler
using Transformer_type: swin_tiny_patch4_window7_224 as a backbone
unloaded parameters: <All keys matched successfully>
===========building transformer===========
using soft triplet loss for training
2026-07-23 17:41:07 transreid INFO: ===========using cosine learning rate=======
2026-07-23 17:41:07 transreid.train INFO: start training
2026-07-23 17:41:08 transreid.train INFO: PCMPSR cache loaded: samples=15618 SHA=b07576130a0c50b89194f2c59467defcf39293d96ca886616865eb198e7965d1 source=ebf60f2b4a5c943958f7077779d8500c2855874a control=zero_owner
2026-07-23 17:41:08 transreid.train INFO: PSCIR frozen text axes loaded outside model/state: SHA=3b5fd399350a522459cef090bff72d76c97ff483921d84aae4990eda16727bf3 prompt=2958675be9a258ab098363588bf90dce752bc39d51efdf10a947a07d92ba3c2c source=a205599a1389aa08852a291fab1ae5aa05722263 control=pose_only
/usr/local/anaconda3/envs/mmpose-abu/lib/python3.8/site-packages/torchvision/transforms/transforms.py:329: UserWarning: Argument 'interpolation' of type int is deprecated since 0.13 and will be removed in 0.15. Please use InterpolationMode enum.
  warnings.warn(
/home/afr/SOLIDER-REID-exp414-pscir-formal-v1/model/backbones/swin_transformer.py:1179: UserWarning: DeprecationWarning: pretrained is deprecated, please use "init_cfg" instead
  warnings.warn('DeprecationWarning: pretrained is deprecated, '
2026-07-23 17:41:11 transreid.train INFO: PCMPSR epoch=1 control=zero_owner first-batch loss/positive/negative/owner-terms/owner-unique/fallback=1.970790/58.300308/66.560944/0/2.2969/0.000000 controls={'wrong_rgb': 0.28437501192092896, 'generic': 0.171875, 'pose_only': 0.20624999701976776, 'formal_vs_correct': 0.0}
2026-07-23 17:41:11 transreid.train INFO: PSCIR epoch=1 control=pose_only first-batch loss/zero/region/positive/negative/segment=2.269678/1.970790/2.568565/47.240055/57.413406/58.243492 edge-weight=[6.546875, 6.765625, 6.6875] controls={'pose_only': 0.390625, 'q_only': 0.375, 'text_shuffle': 0.328125, 'all_edges': 1.0}
2026-07-23 17:41:27 transreid.train INFO: Epoch[1] Iter[20/227] Loss: 8.173, Pose: 0.916, Acc: 0.002, Student: 0.00, Reliability: 0.854, GateAbs: 3.413e-06, Base Lr: 4.76e-05
2026-07-23 17:41:43 transreid.train INFO: Epoch[1] Iter[40/227] Loss: 8.074, Pose: 0.916, Acc: 0.002, Student: 0.00, Reliability: 0.839, GateAbs: 8.172e-06, Base Lr: 4.76e-05
2026-07-23 17:41:59 transreid.train INFO: Epoch[1] Iter[60/227] Loss: 7.940, Pose: 0.915, Acc: 0.002, Student: 0.00, Reliability: 0.834, GateAbs: 1.233e-05, Base Lr: 4.76e-05
2026-07-23 17:42:15 transreid.train INFO: Epoch[1] Iter[80/227] Loss: 7.815, Pose: 0.915, Acc: 0.002, Student: 0.00, Reliability: 0.854, GateAbs: 1.567e-05, Base Lr: 4.76e-05
2026-07-23 17:42:32 transreid.train INFO: Epoch[1] Iter[100/227] Loss: 7.716, Pose: 0.915, Acc: 0.002, Student: 0.00, Reliability: 0.852, GateAbs: 1.823e-05, Base Lr: 4.76e-05
2026-07-23 17:42:48 transreid.train INFO: Epoch[1] Iter[120/227] Loss: 7.636, Pose: 0.915, Acc: 0.002, Student: 0.00, Reliability: 0.850, GateAbs: 2.080e-05, Base Lr: 4.76e-05
2026-07-23 17:43:04 transreid.train INFO: Epoch[1] Iter[140/227] Loss: 7.581, Pose: 0.915, Acc: 0.002, Student: 0.00, Reliability: 0.856, GateAbs: 2.299e-05, Base Lr: 4.76e-05
2026-07-23 17:43:20 transreid.train INFO: Epoch[1] Iter[160/227] Loss: 7.535, Pose: 0.915, Acc: 0.002, Student: 0.00, Reliability: 0.854, GateAbs: 2.478e-05, Base Lr: 4.76e-05
2026-07-23 17:43:36 transreid.train INFO: Epoch[1] Iter[180/227] Loss: 7.497, Pose: 0.915, Acc: 0.002, Student: 0.00, Reliability: 0.847, GateAbs: 2.673e-05, Base Lr: 4.76e-05
2026-07-23 17:43:53 transreid.train INFO: Epoch[1] Iter[200/227] Loss: 7.469, Pose: 0.915, Acc: 0.002, Student: 0.00, Reliability: 0.826, GateAbs: 2.836e-05, Base Lr: 4.76e-05
2026-07-23 17:44:01 transreid.train INFO: Epoch 1 done. Time per epoch: 173.192[s] Speed: 77.6[samples/s]
2026-07-23 17:44:02 transreid.train INFO: PCMPSR epoch=2 control=zero_owner first-batch loss/positive/negative/owner-terms/owner-unique/fallback=0.784035/51.354160/62.027336/0/2.5000/0.000000 controls=None
2026-07-23 17:44:02 transreid.train INFO: PSCIR epoch=2 control=pose_only first-batch loss/zero/region/positive/negative/segment=0.625724/0.784035/0.467413/42.485794/55.104145/55.120773 edge-weight=[6.625, 6.859375, 6.515625] controls=None
2026-07-23 17:44:17 transreid.train INFO: Epoch[2] Iter[20/227] Loss: 7.175, Pose: 0.917, Acc: 0.003, Student: 0.00, Reliability: 0.842, GateAbs: 4.061e-05, Base Lr: 8.72e-05
2026-07-23 17:44:34 transreid.train INFO: Epoch[2] Iter[40/227] Loss: 7.114, Pose: 0.916, Acc: 0.004, Student: 0.00, Reliability: 0.833, GateAbs: 5.020e-05, Base Lr: 8.72e-05
2026-07-23 17:44:50 transreid.train INFO: Epoch[2] Iter[60/227] Loss: 7.111, Pose: 0.916, Acc: 0.003, Student: 0.00, Reliability: 0.866, GateAbs: 5.817e-05, Base Lr: 8.72e-05
2026-07-23 17:45:06 transreid.train INFO: Epoch[2] Iter[80/227] Loss: 7.075, Pose: 0.915, Acc: 0.004, Student: 0.00, Reliability: 0.833, GateAbs: 6.526e-05, Base Lr: 8.72e-05
2026-07-23 17:45:22 transreid.train INFO: Epoch[2] Iter[100/227] Loss: 7.041, Pose: 0.915, Acc: 0.004, Student: 0.00, Reliability: 0.861, GateAbs: 7.085e-05, Base Lr: 8.72e-05
2026-07-23 17:45:39 transreid.train INFO: Epoch[2] Iter[120/227] Loss: 7.027, Pose: 0.915, Acc: 0.005, Student: 0.00, Reliability: 0.839, GateAbs: 7.608e-05, Base Lr: 8.72e-05
2026-07-23 17:45:55 transreid.train INFO: Epoch[2] Iter[140/227] Loss: 7.009, Pose: 0.915, Acc: 0.006, Student: 0.00, Reliability: 0.833, GateAbs: 8.061e-05, Base Lr: 8.72e-05
2026-07-23 17:46:11 transreid.train INFO: Epoch[2] Iter[160/227] Loss: 6.984, Pose: 0.915, Acc: 0.008, Student: 0.00, Reliability: 0.853, GateAbs: 8.508e-05, Base Lr: 8.72e-05
2026-07-23 17:46:28 transreid.train INFO: Epoch[2] Iter[180/227] Loss: 6.970, Pose: 0.915, Acc: 0.010, Student: 0.00, Reliability: 0.844, GateAbs: 8.891e-05, Base Lr: 8.72e-05
2026-07-23 17:46:44 transreid.train INFO: Epoch[2] Iter[200/227] Loss: 6.954, Pose: 0.914, Acc: 0.015, Student: 0.00, Reliability: 0.852, GateAbs: 9.248e-05, Base Lr: 8.72e-05
2026-07-23 17:46:54 transreid.train INFO: Epoch 2 done. Time per epoch: 172.899[s] Speed: 78.5[samples/s]
2026-07-23 17:46:55 transreid.train INFO: PCMPSR epoch=3 control=zero_owner first-batch loss/positive/negative/owner-terms/owner-unique/fallback=0.148959/45.542484/54.800858/0/2.3906/0.000000 controls=None
2026-07-23 17:46:55 transreid.train INFO: PSCIR epoch=3 control=pose_only first-batch loss/zero/region/positive/negative/segment=0.141393/0.148959/0.133827/38.089226/49.015675/48.787086 edge-weight=[6.609375, 6.5625, 6.828125] controls=None
2026-07-23 17:47:10 transreid.train INFO: Epoch[3] Iter[20/227] Loss: 6.831, Pose: 0.911, Acc: 0.039, Student: 0.00, Reliability: 0.837, GateAbs: 1.021e-04, Base Lr: 1.27e-04
2026-07-23 17:47:26 transreid.train INFO: Epoch[3] Iter[40/227] Loss: 6.809, Pose: 0.912, Acc: 0.044, Student: 0.00, Reliability: 0.841, GateAbs: 1.087e-04, Base Lr: 1.27e-04
2026-07-23 17:47:43 transreid.train INFO: Epoch[3] Iter[60/227] Loss: 6.805, Pose: 0.911, Acc: 0.048, Student: 0.00, Reliability: 0.849, GateAbs: 1.154e-04, Base Lr: 1.27e-04
2026-07-23 17:47:59 transreid.train INFO: Epoch[3] Iter[80/227] Loss: 6.797, Pose: 0.910, Acc: 0.055, Student: 0.00, Reliability: 0.854, GateAbs: 1.217e-04, Base Lr: 1.27e-04
2026-07-23 17:48:15 transreid.train INFO: Epoch[3] Iter[100/227] Loss: 6.788, Pose: 0.910, Acc: 0.064, Student: 0.00, Reliability: 0.846, GateAbs: 1.263e-04, Base Lr: 1.27e-04
2026-07-23 17:48:31 transreid.train INFO: Epoch[3] Iter[120/227] Loss: 6.777, Pose: 0.910, Acc: 0.074, Student: 0.00, Reliability: 0.848, GateAbs: 1.311e-04, Base Lr: 1.27e-04
2026-07-23 17:48:48 transreid.train INFO: Epoch[3] Iter[140/227] Loss: 6.769, Pose: 0.910, Acc: 0.079, Student: 0.00, Reliability: 0.830, GateAbs: 1.354e-04, Base Lr: 1.27e-04
2026-07-23 17:49:04 transreid.train INFO: Epoch[3] Iter[160/227] Loss: 6.763, Pose: 0.910, Acc: 0.086, Student: 0.00, Reliability: 0.848, GateAbs: 1.393e-04, Base Lr: 1.27e-04
2026-07-23 17:49:20 transreid.train INFO: Epoch[3] Iter[180/227] Loss: 6.754, Pose: 0.910, Acc: 0.099, Student: 0.00, Reliability: 0.844, GateAbs: 1.432e-04, Base Lr: 1.27e-04
2026-07-23 17:49:36 transreid.train INFO: Epoch[3] Iter[200/227] Loss: 6.746, Pose: 0.910, Acc: 0.117, Student: 0.00, Reliability: 0.834, GateAbs: 1.469e-04, Base Lr: 1.27e-04
2026-07-23 17:49:46 transreid.train INFO: Epoch 3 done. Time per epoch: 172.416[s] Speed: 78.7[samples/s]
2026-07-23 17:49:47 transreid.train INFO: PCMPSR epoch=4 control=zero_owner first-batch loss/positive/negative/owner-terms/owner-unique/fallback=0.146454/41.585468/50.076473/0/2.2812/0.000000 controls=None
2026-07-23 17:49:47 transreid.train INFO: PSCIR epoch=4 control=pose_only first-batch loss/zero/region/positive/negative/segment=0.101798/0.146454/0.057143/34.462292/44.720936/44.451355 edge-weight=[6.78125, 6.734375, 6.484375] controls=None
2026-07-23 17:50:03 transreid.train INFO: Epoch[4] Iter[20/227] Loss: 6.715, Pose: 0.907, Acc: 0.093, Student: 0.00, Reliability: 0.834, GateAbs: 1.566e-04, Base Lr: 1.66e-04
2026-07-23 17:50:19 transreid.train INFO: Epoch[4] Iter[40/227] Loss: 6.684, Pose: 0.905, Acc: 0.124, Student: 0.00, Reliability: 0.840, GateAbs: 1.623e-04, Base Lr: 1.66e-04
2026-07-23 17:50:35 transreid.train INFO: Epoch[4] Iter[60/227] Loss: 6.659, Pose: 0.905, Acc: 0.130, Student: 0.00, Reliability: 0.859, GateAbs: 1.655e-04, Base Lr: 1.66e-04
2026-07-23 17:50:51 transreid.train INFO: Epoch[4] Iter[80/227] Loss: 6.657, Pose: 0.905, Acc: 0.133, Student: 0.00, Reliability: 0.846, GateAbs: 1.684e-04, Base Lr: 1.66e-04
2026-07-23 17:51:08 transreid.train INFO: Epoch[4] Iter[100/227] Loss: 6.650, Pose: 0.903, Acc: 0.140, Student: 0.00, Reliability: 0.855, GateAbs: 1.748e-04, Base Lr: 1.66e-04
2026-07-23 17:51:24 transreid.train INFO: Epoch[4] Iter[120/227] Loss: 6.643, Pose: 0.902, Acc: 0.149, Student: 0.00, Reliability: 0.850, GateAbs: 1.804e-04, Base Lr: 1.66e-04
2026-07-23 17:51:40 transreid.train INFO: Epoch[4] Iter[140/227] Loss: 6.632, Pose: 0.901, Acc: 0.162, Student: 0.00, Reliability: 0.839, GateAbs: 1.832e-04, Base Lr: 1.66e-04
2026-07-23 17:51:56 transreid.train INFO: Epoch[4] Iter[160/227] Loss: 6.626, Pose: 0.901, Acc: 0.171, Student: 0.00, Reliability: 0.844, GateAbs: 1.871e-04, Base Lr: 1.66e-04
2026-07-23 17:52:13 transreid.train INFO: Epoch[4] Iter[180/227] Loss: 6.619, Pose: 0.900, Acc: 0.189, Student: 0.00, Reliability: 0.839, GateAbs: 1.900e-04, Base Lr: 1.66e-04
2026-07-23 17:52:29 transreid.train INFO: Epoch[4] Iter[200/227] Loss: 6.608, Pose: 0.899, Acc: 0.213, Student: 0.00, Reliability: 0.825, GateAbs: 1.939e-04, Base Lr: 1.66e-04
2026-07-23 17:52:38 transreid.train INFO: Epoch 4 done. Time per epoch: 171.731[s] Speed: 78.6[samples/s]
2026-07-23 17:52:39 transreid.train INFO: PCMPSR epoch=5 control=zero_owner first-batch loss/positive/negative/owner-terms/owner-unique/fallback=0.078275/37.410404/47.327698/0/2.2656/0.000000 controls=None
2026-07-23 17:52:39 transreid.train INFO: PSCIR epoch=5 control=pose_only first-batch loss/zero/region/positive/negative/segment=0.068044/0.078275/0.057812/31.144867/42.701511/42.448452 edge-weight=[6.75, 6.6875, 6.5625] controls=None
2026-07-23 17:52:54 transreid.train INFO: Epoch[5] Iter[20/227] Loss: 6.541, Pose: 0.891, Acc: 0.155, Student: 0.00, Reliability: 0.836, GateAbs: 2.013e-04, Base Lr: 2.06e-04
2026-07-23 17:53:11 transreid.train INFO: Epoch[5] Iter[40/227] Loss: 6.534, Pose: 0.888, Acc: 0.149, Student: 0.00, Reliability: 0.840, GateAbs: 2.078e-04, Base Lr: 2.06e-04
2026-07-23 17:53:27 transreid.train INFO: Epoch[5] Iter[60/227] Loss: 6.530, Pose: 0.887, Acc: 0.155, Student: 0.00, Reliability: 0.838, GateAbs: 2.108e-04, Base Lr: 2.06e-04
2026-07-23 17:53:43 transreid.train INFO: Epoch[5] Iter[80/227] Loss: 6.528, Pose: 0.886, Acc: 0.154, Student: 0.00, Reliability: 0.845, GateAbs: 2.147e-04, Base Lr: 2.06e-04
2026-07-23 17:53:59 transreid.train INFO: Epoch[5] Iter[100/227] Loss: 6.521, Pose: 0.886, Acc: 0.162, Student: 0.00, Reliability: 0.848, GateAbs: 2.205e-04, Base Lr: 2.06e-04
2026-07-23 17:54:16 transreid.train INFO: Epoch[5] Iter[120/227] Loss: 6.511, Pose: 0.885, Acc: 0.171, Student: 0.00, Reliability: 0.859, GateAbs: 2.249e-04, Base Lr: 2.06e-04
2026-07-23 17:54:32 transreid.train INFO: Epoch[5] Iter[140/227] Loss: 6.505, Pose: 0.885, Acc: 0.178, Student: 0.00, Reliability: 0.864, GateAbs: 2.296e-04, Base Lr: 2.06e-04
2026-07-23 17:54:48 transreid.train INFO: Epoch[5] Iter[160/227] Loss: 6.497, Pose: 0.884, Acc: 0.194, Student: 0.00, Reliability: 0.843, GateAbs: 2.335e-04, Base Lr: 2.06e-04
2026-07-23 17:55:05 transreid.train INFO: Epoch[5] Iter[180/227] Loss: 6.484, Pose: 0.884, Acc: 0.205, Student: 0.00, Reliability: 0.847, GateAbs: 2.372e-04, Base Lr: 2.06e-04
2026-07-23 17:55:21 transreid.train INFO: Epoch[5] Iter[200/227] Loss: 6.465, Pose: 0.883, Acc: 0.228, Student: 0.00, Reliability: 0.819, GateAbs: 2.409e-04, Base Lr: 2.06e-04
2026-07-23 17:55:30 transreid.train INFO: Epoch 5 done. Time per epoch: 172.650[s] Speed: 78.6[samples/s]
2026-07-23 17:55:32 transreid.train INFO: PCMPSR epoch=6 control=zero_owner first-batch loss/positive/negative/owner-terms/owner-unique/fallback=0.053435/34.602951/47.512325/0/2.4062/0.000000 controls=None
2026-07-23 17:55:32 transreid.train INFO: PSCIR epoch=6 control=pose_only first-batch loss/zero/region/positive/negative/segment=0.065780/0.053435/0.078126/28.883503/43.543957/43.055691 edge-weight=[6.546875, 6.828125, 6.625] controls=None
2026-07-23 17:55:47 transreid.train INFO: Epoch[6] Iter[20/227] Loss: 6.418, Pose: 0.869, Acc: 0.116, Student: 0.20, Reliability: 0.852, GateAbs: 3.065e-04, Base Lr: 2.46e-04
2026-07-23 17:56:04 transreid.train INFO: Epoch[6] Iter[40/227] Loss: 6.407, Pose: 0.869, Acc: 0.113, Student: 0.20, Reliability: 0.831, GateAbs: 3.131e-04, Base Lr: 2.46e-04
2026-07-23 17:56:20 transreid.train INFO: Epoch[6] Iter[60/227] Loss: 6.399, Pose: 0.868, Acc: 0.123, Student: 0.20, Reliability: 0.830, GateAbs: 3.208e-04, Base Lr: 2.46e-04
2026-07-23 17:56:36 transreid.train INFO: Epoch[6] Iter[80/227] Loss: 6.389, Pose: 0.867, Acc: 0.123, Student: 0.20, Reliability: 0.848, GateAbs: 3.286e-04, Base Lr: 2.46e-04
2026-07-23 17:56:53 transreid.train INFO: Epoch[6] Iter[100/227] Loss: 6.378, Pose: 0.867, Acc: 0.132, Student: 0.20, Reliability: 0.860, GateAbs: 3.373e-04, Base Lr: 2.46e-04
2026-07-23 17:57:09 transreid.train INFO: Epoch[6] Iter[120/227] Loss: 6.361, Pose: 0.866, Acc: 0.144, Student: 0.20, Reliability: 0.870, GateAbs: 3.448e-04, Base Lr: 2.46e-04
2026-07-23 17:57:25 transreid.train INFO: Epoch[6] Iter[140/227] Loss: 6.343, Pose: 0.865, Acc: 0.151, Student: 0.20, Reliability: 0.842, GateAbs: 3.531e-04, Base Lr: 2.46e-04
2026-07-23 17:57:42 transreid.train INFO: Epoch[6] Iter[160/227] Loss: 6.324, Pose: 0.865, Acc: 0.164, Student: 0.20, Reliability: 0.850, GateAbs: 3.609e-04, Base Lr: 2.46e-04
2026-07-23 17:57:58 transreid.train INFO: Epoch[6] Iter[180/227] Loss: 6.307, Pose: 0.864, Acc: 0.179, Student: 0.20, Reliability: 0.858, GateAbs: 3.709e-04, Base Lr: 2.46e-04
2026-07-23 17:58:14 transreid.train INFO: Epoch[6] Iter[200/227] Loss: 6.277, Pose: 0.863, Acc: 0.199, Student: 0.20, Reliability: 0.853, GateAbs: 3.801e-04, Base Lr: 2.46e-04
2026-07-23 17:58:25 transreid.train INFO: Epoch 6 done. Time per epoch: 174.399[s] Speed: 78.2[samples/s]
2026-07-23 17:58:26 transreid.train INFO: PCMPSR epoch=7 control=zero_owner first-batch loss/positive/negative/owner-terms/owner-unique/fallback=0.009544/32.215752/45.949089/0/2.0469/0.000000 controls=None
2026-07-23 17:58:26 transreid.train INFO: PSCIR epoch=7 control=pose_only first-batch loss/zero/region/positive/negative/segment=0.007248/0.009544/0.004953/26.436127/42.345570/41.684753 edge-weight=[6.8125, 6.703125, 6.484375] controls=None
2026-07-23 17:58:41 transreid.train INFO: Epoch[7] Iter[20/227] Loss: 6.209, Pose: 0.852, Acc: 0.094, Student: 0.40, Reliability: 0.825, GateAbs: 4.729e-04, Base Lr: 2.85e-04
2026-07-23 17:58:58 transreid.train INFO: Epoch[7] Iter[40/227] Loss: 6.213, Pose: 0.852, Acc: 0.088, Student: 0.40, Reliability: 0.837, GateAbs: 4.886e-04, Base Lr: 2.85e-04
2026-07-23 17:59:14 transreid.train INFO: Epoch[7] Iter[60/227] Loss: 6.195, Pose: 0.851, Acc: 0.095, Student: 0.40, Reliability: 0.818, GateAbs: 5.040e-04, Base Lr: 2.85e-04
2026-07-23 17:59:30 transreid.train INFO: Epoch[7] Iter[80/227] Loss: 6.159, Pose: 0.849, Acc: 0.105, Student: 0.40, Reliability: 0.849, GateAbs: 5.100e-04, Base Lr: 2.85e-04
2026-07-23 17:59:46 transreid.train INFO: Epoch[7] Iter[100/227] Loss: 6.142, Pose: 0.848, Acc: 0.114, Student: 0.40, Reliability: 0.853, GateAbs: 5.213e-04, Base Lr: 2.85e-04
2026-07-23 18:00:03 transreid.train INFO: Epoch[7] Iter[120/227] Loss: 6.124, Pose: 0.847, Acc: 0.120, Student: 0.40, Reliability: 0.855, GateAbs: 5.327e-04, Base Lr: 2.85e-04
2026-07-23 18:00:19 transreid.train INFO: Epoch[7] Iter[140/227] Loss: 6.105, Pose: 0.846, Acc: 0.129, Student: 0.40, Reliability: 0.865, GateAbs: 5.460e-04, Base Lr: 2.85e-04
2026-07-23 18:00:35 transreid.train INFO: Epoch[7] Iter[160/227] Loss: 6.078, Pose: 0.844, Acc: 0.139, Student: 0.40, Reliability: 0.855, GateAbs: 5.655e-04, Base Lr: 2.85e-04
2026-07-23 18:00:52 transreid.train INFO: Epoch[7] Iter[180/227] Loss: 6.044, Pose: 0.843, Acc: 0.152, Student: 0.40, Reliability: 0.850, GateAbs: 5.828e-04, Base Lr: 2.85e-04
2026-07-23 18:01:08 transreid.train INFO: Epoch[7] Iter[200/227] Loss: 5.989, Pose: 0.842, Acc: 0.175, Student: 0.40, Reliability: 0.845, GateAbs: 5.948e-04, Base Lr: 2.85e-04
2026-07-23 18:01:17 transreid.train INFO: Epoch 7 done. Time per epoch: 171.816[s] Speed: 78.6[samples/s]
2026-07-23 18:01:18 transreid.train INFO: PCMPSR epoch=8 control=zero_owner first-batch loss/positive/negative/owner-terms/owner-unique/fallback=0.075249/28.586712/46.329788/0/2.2656/0.000000 controls=None
2026-07-23 18:01:18 transreid.train INFO: PSCIR epoch=8 control=pose_only first-batch loss/zero/region/positive/negative/segment=0.099210/0.075249/0.123171/23.568817/43.183964/42.251602 edge-weight=[6.703125, 6.515625, 6.78125] controls=None
2026-07-23 18:01:33 transreid.train INFO: Epoch[8] Iter[20/227] Loss: 5.875, Pose: 0.826, Acc: 0.116, Student: 0.60, Reliability: 0.840, GateAbs: 6.968e-04, Base Lr: 3.25e-04
2026-07-23 18:01:50 transreid.train INFO: Epoch[8] Iter[40/227] Loss: 5.909, Pose: 0.827, Acc: 0.100, Student: 0.60, Reliability: 0.848, GateAbs: 7.182e-04, Base Lr: 3.25e-04
2026-07-23 18:02:06 transreid.train INFO: Epoch[8] Iter[60/227] Loss: 5.945, Pose: 0.826, Acc: 0.091, Student: 0.60, Reliability: 0.841, GateAbs: 7.495e-04, Base Lr: 3.25e-04
2026-07-23 18:02:22 transreid.train INFO: Epoch[8] Iter[80/227] Loss: 5.904, Pose: 0.825, Acc: 0.100, Student: 0.60, Reliability: 0.849, GateAbs: 7.745e-04, Base Lr: 3.25e-04
2026-07-23 18:02:38 transreid.train INFO: Epoch[8] Iter[100/227] Loss: 5.885, Pose: 0.823, Acc: 0.105, Student: 0.60, Reliability: 0.851, GateAbs: 7.951e-04, Base Lr: 3.25e-04
2026-07-23 18:02:55 transreid.train INFO: Epoch[8] Iter[120/227] Loss: 5.868, Pose: 0.822, Acc: 0.112, Student: 0.60, Reliability: 0.867, GateAbs: 8.174e-04, Base Lr: 3.25e-04
2026-07-23 18:03:11 transreid.train INFO: Epoch[8] Iter[140/227] Loss: 5.834, Pose: 0.821, Acc: 0.122, Student: 0.60, Reliability: 0.852, GateAbs: 8.376e-04, Base Lr: 3.25e-04
2026-07-23 18:03:27 transreid.train INFO: Epoch[8] Iter[160/227] Loss: 5.798, Pose: 0.820, Acc: 0.134, Student: 0.60, Reliability: 0.853, GateAbs: 8.581e-04, Base Lr: 3.25e-04
2026-07-23 18:03:43 transreid.train INFO: Epoch[8] Iter[180/227] Loss: 5.753, Pose: 0.818, Acc: 0.149, Student: 0.60, Reliability: 0.855, GateAbs: 8.909e-04, Base Lr: 3.25e-04
2026-07-23 18:04:00 transreid.train INFO: Epoch[8] Iter[200/227] Loss: 5.684, Pose: 0.817, Acc: 0.170, Student: 0.60, Reliability: 0.849, GateAbs: 9.212e-04, Base Lr: 3.25e-04
2026-07-23 18:04:09 transreid.train INFO: Epoch 8 done. Time per epoch: 171.935[s] Speed: 78.5[samples/s]
2026-07-23 18:04:10 transreid.train INFO: PCMPSR epoch=9 control=zero_owner first-batch loss/positive/negative/owner-terms/owner-unique/fallback=0.004742/28.766880/44.583256/0/2.2031/0.000000 controls=None
2026-07-23 18:04:10 transreid.train INFO: PSCIR epoch=9 control=pose_only first-batch loss/zero/region/positive/negative/segment=0.006998/0.004742/0.009254/23.764517/41.248894/40.552727 edge-weight=[6.71875, 6.65625, 6.625] controls=None
2026-07-23 18:04:25 transreid.train INFO: Epoch[9] Iter[20/227] Loss: 5.707, Pose: 0.803, Acc: 0.075, Student: 0.80, Reliability: 0.840, GateAbs: 1.024e-03, Base Lr: 3.64e-04
2026-07-23 18:04:41 transreid.train INFO: Epoch[9] Iter[40/227] Loss: 5.674, Pose: 0.802, Acc: 0.088, Student: 0.80, Reliability: 0.828, GateAbs: 1.055e-03, Base Lr: 3.64e-04
2026-07-23 18:04:58 transreid.train INFO: Epoch[9] Iter[60/227] Loss: 5.664, Pose: 0.799, Acc: 0.088, Student: 0.80, Reliability: 0.854, GateAbs: 1.079e-03, Base Lr: 3.64e-04
2026-07-23 18:05:14 transreid.train INFO: Epoch[9] Iter[80/227] Loss: 5.617, Pose: 0.798, Acc: 0.105, Student: 0.80, Reliability: 0.855, GateAbs: 1.107e-03, Base Lr: 3.64e-04
2026-07-23 18:05:30 transreid.train INFO: Epoch[9] Iter[100/227] Loss: 5.593, Pose: 0.796, Acc: 0.113, Student: 0.80, Reliability: 0.846, GateAbs: 1.136e-03, Base Lr: 3.64e-04
2026-07-23 18:05:47 transreid.train INFO: Epoch[9] Iter[120/227] Loss: 5.548, Pose: 0.795, Acc: 0.123, Student: 0.80, Reliability: 0.847, GateAbs: 1.152e-03, Base Lr: 3.64e-04
2026-07-23 18:06:03 transreid.train INFO: Epoch[9] Iter[140/227] Loss: 5.512, Pose: 0.793, Acc: 0.134, Student: 0.80, Reliability: 0.834, GateAbs: 1.179e-03, Base Lr: 3.64e-04
2026-07-23 18:06:19 transreid.train INFO: Epoch[9] Iter[160/227] Loss: 5.462, Pose: 0.792, Acc: 0.144, Student: 0.80, Reliability: 0.852, GateAbs: 1.208e-03, Base Lr: 3.64e-04
2026-07-23 18:06:35 transreid.train INFO: Epoch[9] Iter[180/227] Loss: 5.407, Pose: 0.790, Acc: 0.158, Student: 0.80, Reliability: 0.849, GateAbs: 1.230e-03, Base Lr: 3.64e-04
2026-07-23 18:06:52 transreid.train INFO: Epoch[9] Iter[200/227] Loss: 5.311, Pose: 0.789, Acc: 0.184, Student: 0.80, Reliability: 0.828, GateAbs: 1.261e-03, Base Lr: 3.64e-04
2026-07-23 18:07:00 transreid.train INFO: Epoch 9 done. Time per epoch: 171.836[s] Speed: 78.6[samples/s]
2026-07-23 18:07:02 transreid.train INFO: PCMPSR epoch=10 control=zero_owner first-batch loss/positive/negative/owner-terms/owner-unique/fallback=0.087198/26.990492/41.738422/0/2.1719/0.000000 controls=None
2026-07-23 18:07:02 transreid.train INFO: PSCIR epoch=10 control=pose_only first-batch loss/zero/region/positive/negative/segment=0.092984/0.087198/0.098769/22.239304/38.340256/37.840450 edge-weight=[6.65625, 6.65625, 6.6875] controls=None
2026-07-23 18:07:17 transreid.train INFO: Epoch[10] Iter[20/227] Loss: 5.340, Pose: 0.770, Acc: 0.128, Student: 1.00, Reliability: 0.844, GateAbs: 1.336e-03, Base Lr: 4.04e-04
2026-07-23 18:07:33 transreid.train INFO: Epoch[10] Iter[40/227] Loss: 5.369, Pose: 0.769, Acc: 0.110, Student: 1.00, Reliability: 0.848, GateAbs: 1.376e-03, Base Lr: 4.04e-04
2026-07-23 18:07:50 transreid.train INFO: Epoch[10] Iter[60/227] Loss: 5.331, Pose: 0.768, Acc: 0.115, Student: 1.00, Reliability: 0.858, GateAbs: 1.402e-03, Base Lr: 4.04e-04
2026-07-23 18:08:06 transreid.train INFO: Epoch[10] Iter[80/227] Loss: 5.303, Pose: 0.767, Acc: 0.122, Student: 1.00, Reliability: 0.843, GateAbs: 1.430e-03, Base Lr: 4.04e-04
2026-07-23 18:08:22 transreid.train INFO: Epoch[10] Iter[100/227] Loss: 5.263, Pose: 0.766, Acc: 0.127, Student: 1.00, Reliability: 0.821, GateAbs: 1.447e-03, Base Lr: 4.04e-04
2026-07-23 18:08:38 transreid.train INFO: Epoch[10] Iter[120/227] Loss: 5.231, Pose: 0.765, Acc: 0.135, Student: 1.00, Reliability: 0.859, GateAbs: 1.469e-03, Base Lr: 4.04e-04
2026-07-23 18:08:55 transreid.train INFO: Epoch[10] Iter[140/227] Loss: 5.173, Pose: 0.764, Acc: 0.150, Student: 1.00, Reliability: 0.820, GateAbs: 1.502e-03, Base Lr: 4.04e-04
2026-07-23 18:09:11 transreid.train INFO: Epoch[10] Iter[160/227] Loss: 5.129, Pose: 0.763, Acc: 0.164, Student: 1.00, Reliability: 0.846, GateAbs: 1.521e-03, Base Lr: 4.04e-04
2026-07-23 18:09:27 transreid.train INFO: Epoch[10] Iter[180/227] Loss: 5.049, Pose: 0.761, Acc: 0.186, Student: 1.00, Reliability: 0.851, GateAbs: 1.546e-03, Base Lr: 4.04e-04
2026-07-23 18:09:43 transreid.train INFO: Epoch[10] Iter[200/227] Loss: 4.932, Pose: 0.760, Acc: 0.219, Student: 1.00, Reliability: 0.852, GateAbs: 1.570e-03, Base Lr: 4.04e-04
2026-07-23 18:09:53 transreid.train INFO: Epoch 10 done. Time per epoch: 172.663[s] Speed: 78.6[samples/s]
The test feature is normalized
=> Computing DistMat with euclidean_distance
2026-07-23 18:10:16 transreid.train INFO: Validation Results - Epoch: 10
2026-07-23 18:10:16 transreid.train INFO: mAP: 28.2%
2026-07-23 18:10:16 transreid.train INFO: CMC curve, Rank-1  :38.1%
2026-07-23 18:10:16 transreid.train INFO: CMC curve, Rank-5  :52.5%
2026-07-23 18:10:16 transreid.train INFO: CMC curve, Rank-10 :59.0%
/home/afr/SOLIDER-REID-exp414-pscir-formal-v1/utils/metrics.py:12: UserWarning: This overload of addmm_ is deprecated:
	addmm_(Number beta, Number alpha, Tensor mat1, Tensor mat2)
Consider using one of the following signatures instead:
	addmm_(Tensor mat1, Tensor mat2, *, Number beta, Number alpha) (Triggered internally at /opt/conda/conda-bld/pytorch_1670525541702/work/torch/csrc/utils/python_arg_parser.cpp:1420.)
  dist_mat.addmm_(1, -2, qf, gf.t())
2026-07-23 18:10:17 transreid.train INFO: PCMPSR epoch=11 control=zero_owner first-batch loss/positive/negative/owner-terms/owner-unique/fallback=0.007690/24.342316/41.982117/0/2.2344/0.000000 controls=None
2026-07-23 18:10:17 transreid.train INFO: PSCIR epoch=11 control=pose_only first-batch loss/zero/region/positive/negative/segment=0.004909/0.007690/0.002127/19.995432/39.219830/38.359520 edge-weight=[6.84375, 6.640625, 6.515625] controls=None
2026-07-23 18:10:32 transreid.train INFO: Epoch[11] Iter[20/227] Loss: 5.050, Pose: 0.737, Acc: 0.130, Student: 1.00, Reliability: 0.848, GateAbs: 1.647e-03, Base Lr: 4.44e-04
2026-07-23 18:10:48 transreid.train INFO: Epoch[11] Iter[40/227] Loss: 5.002, Pose: 0.738, Acc: 0.139, Student: 1.00, Reliability: 0.857, GateAbs: 1.672e-03, Base Lr: 4.44e-04
2026-07-23 18:11:05 transreid.train INFO: Epoch[11] Iter[60/227] Loss: 4.969, Pose: 0.739, Acc: 0.151, Student: 1.00, Reliability: 0.839, GateAbs: 1.705e-03, Base Lr: 4.44e-04
2026-07-23 18:11:21 transreid.train INFO: Epoch[11] Iter[80/227] Loss: 4.920, Pose: 0.737, Acc: 0.167, Student: 1.00, Reliability: 0.831, GateAbs: 1.727e-03, Base Lr: 4.44e-04
2026-07-23 18:11:37 transreid.train INFO: Epoch[11] Iter[100/227] Loss: 4.858, Pose: 0.736, Acc: 0.185, Student: 1.00, Reliability: 0.843, GateAbs: 1.751e-03, Base Lr: 4.44e-04
2026-07-23 18:11:53 transreid.train INFO: Epoch[11] Iter[120/227] Loss: 4.811, Pose: 0.735, Acc: 0.193, Student: 1.00, Reliability: 0.856, GateAbs: 1.777e-03, Base Lr: 4.44e-04
2026-07-23 18:12:10 transreid.train INFO: Epoch[11] Iter[140/227] Loss: 4.768, Pose: 0.733, Acc: 0.203, Student: 1.00, Reliability: 0.856, GateAbs: 1.810e-03, Base Lr: 4.44e-04
2026-07-23 18:12:26 transreid.train INFO: Epoch[11] Iter[160/227] Loss: 4.725, Pose: 0.732, Acc: 0.213, Student: 1.00, Reliability: 0.853, GateAbs: 1.832e-03, Base Lr: 4.44e-04
2026-07-23 18:12:42 transreid.train INFO: Epoch[11] Iter[180/227] Loss: 4.649, Pose: 0.731, Acc: 0.232, Student: 1.00, Reliability: 0.848, GateAbs: 1.869e-03, Base Lr: 4.44e-04
2026-07-23 18:12:58 transreid.train INFO: Epoch[11] Iter[200/227] Loss: 4.544, Pose: 0.730, Acc: 0.259, Student: 1.00, Reliability: 0.826, GateAbs: 1.899e-03, Base Lr: 4.44e-04
2026-07-23 18:13:09 transreid.train INFO: Epoch 11 done. Time per epoch: 173.448[s] Speed: 78.6[samples/s]
2026-07-23 18:13:10 transreid.train INFO: PCMPSR epoch=12 control=zero_owner first-batch loss/positive/negative/owner-terms/owner-unique/fallback=0.001332/23.575859/41.881676/0/2.1094/0.000000 controls=None
2026-07-23 18:13:10 transreid.train INFO: PSCIR epoch=12 control=pose_only first-batch loss/zero/region/positive/negative/segment=0.004622/0.001332/0.007913/19.180000/39.300472/38.418076 edge-weight=[6.390625, 7.03125, 6.578125] controls=None
2026-07-23 18:13:25 transreid.train INFO: Epoch[12] Iter[20/227] Loss: 4.640, Pose: 0.713, Acc: 0.190, Student: 1.00, Reliability: 0.830, GateAbs: 1.954e-03, Base Lr: 4.83e-04
2026-07-23 18:13:42 transreid.train INFO: Epoch[12] Iter[40/227] Loss: 4.628, Pose: 0.711, Acc: 0.193, Student: 1.00, Reliability: 0.850, GateAbs: 1.990e-03, Base Lr: 4.83e-04
2026-07-23 18:13:58 transreid.train INFO: Epoch[12] Iter[60/227] Loss: 4.618, Pose: 0.711, Acc: 0.207, Student: 1.00, Reliability: 0.841, GateAbs: 2.030e-03, Base Lr: 4.83e-04
2026-07-23 18:14:14 transreid.train INFO: Epoch[12] Iter[80/227] Loss: 4.579, Pose: 0.710, Acc: 0.217, Student: 1.00, Reliability: 0.851, GateAbs: 2.052e-03, Base Lr: 4.83e-04
2026-07-23 18:14:30 transreid.train INFO: Epoch[12] Iter[100/227] Loss: 4.530, Pose: 0.709, Acc: 0.228, Student: 1.00, Reliability: 0.842, GateAbs: 2.084e-03, Base Lr: 4.83e-04
2026-07-23 18:14:47 transreid.train INFO: Epoch[12] Iter[120/227] Loss: 4.470, Pose: 0.708, Acc: 0.248, Student: 1.00, Reliability: 0.833, GateAbs: 2.107e-03, Base Lr: 4.83e-04
2026-07-23 18:15:03 transreid.train INFO: Epoch[12] Iter[140/227] Loss: 4.422, Pose: 0.706, Acc: 0.259, Student: 1.00, Reliability: 0.843, GateAbs: 2.134e-03, Base Lr: 4.83e-04
2026-07-23 18:15:19 transreid.train INFO: Epoch[12] Iter[160/227] Loss: 4.358, Pose: 0.705, Acc: 0.277, Student: 1.00, Reliability: 0.848, GateAbs: 2.161e-03, Base Lr: 4.83e-04
2026-07-23 18:15:35 transreid.train INFO: Epoch[12] Iter[180/227] Loss: 4.278, Pose: 0.704, Acc: 0.296, Student: 1.00, Reliability: 0.836, GateAbs: 2.180e-03, Base Lr: 4.83e-04
2026-07-23 18:15:52 transreid.train INFO: Epoch[12] Iter[200/227] Loss: 4.154, Pose: 0.702, Acc: 0.327, Student: 1.00, Reliability: 0.848, GateAbs: 2.204e-03, Base Lr: 4.83e-04
2026-07-23 18:16:00 transreid.train INFO: Epoch 12 done. Time per epoch: 171.492[s] Speed: 78.7[samples/s]
2026-07-23 18:16:02 transreid.train INFO: PCMPSR epoch=13 control=zero_owner first-batch loss/positive/negative/owner-terms/owner-unique/fallback=0.012587/24.848007/46.643990/0/2.4844/0.000000 controls=None
2026-07-23 18:16:02 transreid.train INFO: PSCIR epoch=13 control=pose_only first-batch loss/zero/region/positive/negative/segment=0.012970/0.012587/0.013353/20.109980/44.031132/42.972061 edge-weight=[6.84375, 6.65625, 6.5] controls=None
2026-07-23 18:16:17 transreid.train INFO: Epoch[13] Iter[20/227] Loss: 4.400, Pose: 0.688, Acc: 0.221, Student: 1.00, Reliability: 0.835, GateAbs: 2.248e-03, Base Lr: 5.23e-04
2026-07-23 18:16:33 transreid.train INFO: Epoch[13] Iter[40/227] Loss: 4.308, Pose: 0.684, Acc: 0.253, Student: 1.00, Reliability: 0.852, GateAbs: 2.281e-03, Base Lr: 5.23e-04
2026-07-23 18:16:50 transreid.train INFO: Epoch[13] Iter[60/227] Loss: 4.242, Pose: 0.683, Acc: 0.275, Student: 1.00, Reliability: 0.848, GateAbs: 2.295e-03, Base Lr: 5.23e-04
2026-07-23 18:17:06 transreid.train INFO: Epoch[13] Iter[80/227] Loss: 4.160, Pose: 0.682, Acc: 0.302, Student: 1.00, Reliability: 0.854, GateAbs: 2.330e-03, Base Lr: 5.23e-04
2026-07-23 18:17:22 transreid.train INFO: Epoch[13] Iter[100/227] Loss: 4.107, Pose: 0.680, Acc: 0.310, Student: 1.00, Reliability: 0.860, GateAbs: 2.353e-03, Base Lr: 5.23e-04
2026-07-23 18:17:39 transreid.train INFO: Epoch[13] Iter[120/227] Loss: 4.061, Pose: 0.680, Acc: 0.323, Student: 1.00, Reliability: 0.848, GateAbs: 2.373e-03, Base Lr: 5.23e-04
2026-07-23 18:17:55 transreid.train INFO: Epoch[13] Iter[140/227] Loss: 4.015, Pose: 0.679, Acc: 0.340, Student: 1.00, Reliability: 0.866, GateAbs: 2.387e-03, Base Lr: 5.23e-04
2026-07-23 18:18:11 transreid.train INFO: Epoch[13] Iter[160/227] Loss: 3.948, Pose: 0.678, Acc: 0.360, Student: 1.00, Reliability: 0.819, GateAbs: 2.428e-03, Base Lr: 5.23e-04
2026-07-23 18:18:28 transreid.train INFO: Epoch[13] Iter[180/227] Loss: 3.868, Pose: 0.677, Acc: 0.383, Student: 1.00, Reliability: 0.844, GateAbs: 2.457e-03, Base Lr: 5.23e-04
2026-07-23 18:18:44 transreid.train INFO: Epoch[13] Iter[200/227] Loss: 3.769, Pose: 0.676, Acc: 0.407, Student: 1.00, Reliability: 0.845, GateAbs: 2.488e-03, Base Lr: 5.23e-04
2026-07-23 18:18:55 transreid.train INFO: Epoch 13 done. Time per epoch: 174.218[s] Speed: 78.2[samples/s]
2026-07-23 18:18:56 transreid.train INFO: PCMPSR epoch=14 control=zero_owner first-batch loss/positive/negative/owner-terms/owner-unique/fallback=0.000263/23.647167/44.579624/0/2.2969/0.000000 controls=None
2026-07-23 18:18:56 transreid.train INFO: PSCIR epoch=14 control=pose_only first-batch loss/zero/region/positive/negative/segment=0.000157/0.000263/0.000051/19.250069/42.140610/41.078754 edge-weight=[6.515625, 6.609375, 6.875] controls=None
2026-07-23 18:19:11 transreid.train INFO: Epoch[14] Iter[20/227] Loss: 3.970, Pose: 0.661, Acc: 0.326, Student: 1.00, Reliability: 0.853, GateAbs: 2.555e-03, Base Lr: 5.62e-04
2026-07-23 18:19:27 transreid.train INFO: Epoch[14] Iter[40/227] Loss: 3.900, Pose: 0.661, Acc: 0.332, Student: 1.00, Reliability: 0.846, GateAbs: 2.580e-03, Base Lr: 5.62e-04
2026-07-23 18:19:44 transreid.train INFO: Epoch[14] Iter[60/227] Loss: 3.871, Pose: 0.660, Acc: 0.342, Student: 1.00, Reliability: 0.850, GateAbs: 2.606e-03, Base Lr: 5.62e-04
2026-07-23 18:20:00 transreid.train INFO: Epoch[14] Iter[80/227] Loss: 3.788, Pose: 0.659, Acc: 0.369, Student: 1.00, Reliability: 0.861, GateAbs: 2.636e-03, Base Lr: 5.62e-04
2026-07-23 18:20:16 transreid.train INFO: Epoch[14] Iter[100/227] Loss: 3.765, Pose: 0.657, Acc: 0.373, Student: 1.00, Reliability: 0.858, GateAbs: 2.648e-03, Base Lr: 5.62e-04
2026-07-23 18:20:32 transreid.train INFO: Epoch[14] Iter[120/227] Loss: 3.726, Pose: 0.655, Acc: 0.388, Student: 1.00, Reliability: 0.823, GateAbs: 2.676e-03, Base Lr: 5.62e-04
2026-07-23 18:20:49 transreid.train INFO: Epoch[14] Iter[140/227] Loss: 3.655, Pose: 0.654, Acc: 0.412, Student: 1.00, Reliability: 0.855, GateAbs: 2.707e-03, Base Lr: 5.62e-04
2026-07-23 18:21:05 transreid.train INFO: Epoch[14] Iter[160/227] Loss: 3.602, Pose: 0.653, Acc: 0.429, Student: 1.00, Reliability: 0.837, GateAbs: 2.726e-03, Base Lr: 5.62e-04
2026-07-23 18:21:21 transreid.train INFO: Epoch[14] Iter[180/227] Loss: 3.524, Pose: 0.652, Acc: 0.454, Student: 1.00, Reliability: 0.843, GateAbs: 2.744e-03, Base Lr: 5.62e-04
2026-07-23 18:21:38 transreid.train INFO: Epoch[14] Iter[200/227] Loss: 3.393, Pose: 0.651, Acc: 0.488, Student: 1.00, Reliability: 0.851, GateAbs: 2.777e-03, Base Lr: 5.62e-04
2026-07-23 18:21:47 transreid.train INFO: Epoch 14 done. Time per epoch: 172.762[s] Speed: 78.5[samples/s]
2026-07-23 18:21:48 transreid.train INFO: PCMPSR epoch=15 control=zero_owner first-batch loss/positive/negative/owner-terms/owner-unique/fallback=0.000338/23.701019/47.700638/0/2.2656/0.000000 controls=None
2026-07-23 18:21:48 transreid.train INFO: PSCIR epoch=15 control=pose_only first-batch loss/zero/region/positive/negative/segment=0.000213/0.000338/0.000088/19.269411/45.373638/44.092461 edge-weight=[6.5, 6.859375, 6.640625] controls=None
2026-07-23 18:22:04 transreid.train INFO: Epoch[15] Iter[20/227] Loss: 3.573, Pose: 0.639, Acc: 0.394, Student: 1.00, Reliability: 0.849, GateAbs: 2.828e-03, Base Lr: 6.02e-04
2026-07-23 18:22:20 transreid.train INFO: Epoch[15] Iter[40/227] Loss: 3.548, Pose: 0.637, Acc: 0.408, Student: 1.00, Reliability: 0.856, GateAbs: 2.863e-03, Base Lr: 6.02e-04
2026-07-23 18:22:36 transreid.train INFO: Epoch[15] Iter[60/227] Loss: 3.494, Pose: 0.635, Acc: 0.426, Student: 1.00, Reliability: 0.841, GateAbs: 2.888e-03, Base Lr: 6.02e-04
2026-07-23 18:22:53 transreid.train INFO: Epoch[15] Iter[80/227] Loss: 3.457, Pose: 0.635, Acc: 0.438, Student: 1.00, Reliability: 0.838, GateAbs: 2.909e-03, Base Lr: 6.02e-04
2026-07-23 18:23:09 transreid.train INFO: Epoch[15] Iter[100/227] Loss: 3.384, Pose: 0.634, Acc: 0.464, Student: 1.00, Reliability: 0.847, GateAbs: 2.927e-03, Base Lr: 6.02e-04
2026-07-23 18:23:25 transreid.train INFO: Epoch[15] Iter[120/227] Loss: 3.342, Pose: 0.633, Acc: 0.481, Student: 1.00, Reliability: 0.854, GateAbs: 2.957e-03, Base Lr: 6.02e-04
2026-07-23 18:23:41 transreid.train INFO: Epoch[15] Iter[140/227] Loss: 3.277, Pose: 0.632, Acc: 0.497, Student: 1.00, Reliability: 0.842, GateAbs: 2.996e-03, Base Lr: 6.02e-04
2026-07-23 18:23:58 transreid.train INFO: Epoch[15] Iter[160/227] Loss: 3.221, Pose: 0.631, Acc: 0.515, Student: 1.00, Reliability: 0.823, GateAbs: 3.015e-03, Base Lr: 6.02e-04
2026-07-23 18:24:14 transreid.train INFO: Epoch[15] Iter[180/227] Loss: 3.150, Pose: 0.630, Acc: 0.531, Student: 1.00, Reliability: 0.826, GateAbs: 3.035e-03, Base Lr: 6.02e-04
2026-07-23 18:24:30 transreid.train INFO: Epoch[15] Iter[200/227] Loss: 3.041, Pose: 0.629, Acc: 0.558, Student: 1.00, Reliability: 0.848, GateAbs: 3.055e-03, Base Lr: 6.02e-04
2026-07-23 18:24:40 transreid.train INFO: Epoch 15 done. Time per epoch: 172.449[s] Speed: 78.7[samples/s]
2026-07-23 18:24:41 transreid.train INFO: PCMPSR epoch=16 control=zero_owner first-batch loss/positive/negative/owner-terms/owner-unique/fallback=0.001271/26.295597/47.131893/0/2.5312/0.000000 controls=None
2026-07-23 18:24:41 transreid.train INFO: PSCIR epoch=16 control=pose_only first-batch loss/zero/region/positive/negative/segment=0.002085/0.001271/0.002898/21.516712/44.295788/43.235809 edge-weight=[6.296875, 6.84375, 6.859375] controls=None
2026-07-23 18:24:57 transreid.train INFO: Epoch[16] Iter[20/227] Loss: 3.165, Pose: 0.618, Acc: 0.475, Student: 1.00, Reliability: 0.820, GateAbs: 3.117e-03, Base Lr: 6.42e-04
2026-07-23 18:25:13 transreid.train INFO: Epoch[16] Iter[40/227] Loss: 3.178, Pose: 0.616, Acc: 0.487, Student: 1.00, Reliability: 0.831, GateAbs: 3.155e-03, Base Lr: 6.42e-04
2026-07-23 18:25:29 transreid.train INFO: Epoch[16] Iter[60/227] Loss: 3.141, Pose: 0.614, Acc: 0.497, Student: 1.00, Reliability: 0.852, GateAbs: 3.180e-03, Base Lr: 6.42e-04
2026-07-23 18:25:45 transreid.train INFO: Epoch[16] Iter[80/227] Loss: 3.079, Pose: 0.613, Acc: 0.517, Student: 1.00, Reliability: 0.847, GateAbs: 3.216e-03, Base Lr: 6.42e-04
2026-07-23 18:26:02 transreid.train INFO: Epoch[16] Iter[100/227] Loss: 3.034, Pose: 0.612, Acc: 0.535, Student: 1.00, Reliability: 0.846, GateAbs: 3.233e-03, Base Lr: 6.42e-04
2026-07-23 18:26:18 transreid.train INFO: Epoch[16] Iter[120/227] Loss: 2.989, Pose: 0.611, Acc: 0.549, Student: 1.00, Reliability: 0.853, GateAbs: 3.260e-03, Base Lr: 6.42e-04
2026-07-23 18:26:34 transreid.train INFO: Epoch[16] Iter[140/227] Loss: 2.935, Pose: 0.610, Acc: 0.567, Student: 1.00, Reliability: 0.856, GateAbs: 3.278e-03, Base Lr: 6.42e-04
2026-07-23 18:26:51 transreid.train INFO: Epoch[16] Iter[160/227] Loss: 2.888, Pose: 0.609, Acc: 0.576, Student: 1.00, Reliability: 0.825, GateAbs: 3.299e-03, Base Lr: 6.42e-04
2026-07-23 18:27:07 transreid.train INFO: Epoch[16] Iter[180/227] Loss: 2.806, Pose: 0.608, Acc: 0.599, Student: 1.00, Reliability: 0.843, GateAbs: 3.317e-03, Base Lr: 6.42e-04
2026-07-23 18:27:23 transreid.train INFO: Epoch[16] Iter[200/227] Loss: 2.704, Pose: 0.607, Acc: 0.624, Student: 1.00, Reliability: 0.842, GateAbs: 3.344e-03, Base Lr: 6.42e-04
2026-07-23 18:27:31 transreid.train INFO: Epoch 16 done. Time per epoch: 171.525[s] Speed: 78.4[samples/s]
2026-07-23 18:27:32 transreid.train INFO: PCMPSR epoch=17 control=zero_owner first-batch loss/positive/negative/owner-terms/owner-unique/fallback=0.056718/28.677910/49.589943/0/2.2656/0.000000 controls=None
2026-07-23 18:27:32 transreid.train INFO: PSCIR epoch=17 control=pose_only first-batch loss/zero/region/positive/negative/segment=0.076087/0.056718/0.095456/23.225637/46.194901/45.271057 edge-weight=[6.546875, 6.578125, 6.875] controls=None
2026-07-23 18:27:48 transreid.train INFO: Epoch[17] Iter[20/227] Loss: 2.873, Pose: 0.597, Acc: 0.554, Student: 1.00, Reliability: 0.816, GateAbs: 3.369e-03, Base Lr: 6.81e-04
2026-07-23 18:28:04 transreid.train INFO: Epoch[17] Iter[40/227] Loss: 2.792, Pose: 0.595, Acc: 0.584, Student: 1.00, Reliability: 0.829, GateAbs: 3.414e-03, Base Lr: 6.81e-04
2026-07-23 18:28:21 transreid.train INFO: Epoch[17] Iter[60/227] Loss: 2.807, Pose: 0.595, Acc: 0.576, Student: 1.00, Reliability: 0.842, GateAbs: 3.438e-03, Base Lr: 6.81e-04
2026-07-23 18:28:37 transreid.train INFO: Epoch[17] Iter[80/227] Loss: 2.776, Pose: 0.595, Acc: 0.589, Student: 1.00, Reliability: 0.847, GateAbs: 3.464e-03, Base Lr: 6.81e-04
2026-07-23 18:28:53 transreid.train INFO: Epoch[17] Iter[100/227] Loss: 2.734, Pose: 0.593, Acc: 0.601, Student: 1.00, Reliability: 0.839, GateAbs: 3.509e-03, Base Lr: 6.81e-04
2026-07-23 18:29:10 transreid.train INFO: Epoch[17] Iter[120/227] Loss: 2.683, Pose: 0.592, Acc: 0.615, Student: 1.00, Reliability: 0.857, GateAbs: 3.527e-03, Base Lr: 6.81e-04
2026-07-23 18:29:26 transreid.train INFO: Epoch[17] Iter[140/227] Loss: 2.635, Pose: 0.591, Acc: 0.630, Student: 1.00, Reliability: 0.845, GateAbs: 3.563e-03, Base Lr: 6.81e-04
2026-07-23 18:29:42 transreid.train INFO: Epoch[17] Iter[160/227] Loss: 2.571, Pose: 0.591, Acc: 0.645, Student: 1.00, Reliability: 0.856, GateAbs: 3.609e-03, Base Lr: 6.81e-04
2026-07-23 18:29:58 transreid.train INFO: Epoch[17] Iter[180/227] Loss: 2.502, Pose: 0.590, Acc: 0.663, Student: 1.00, Reliability: 0.835, GateAbs: 3.622e-03, Base Lr: 6.81e-04
2026-07-23 18:30:15 transreid.train INFO: Epoch[17] Iter[200/227] Loss: 2.401, Pose: 0.589, Acc: 0.684, Student: 1.00, Reliability: 0.858, GateAbs: 3.633e-03, Base Lr: 6.81e-04
2026-07-23 18:30:24 transreid.train INFO: Epoch 17 done. Time per epoch: 172.345[s] Speed: 78.4[samples/s]
2026-07-23 18:30:25 transreid.train INFO: PCMPSR epoch=18 control=zero_owner first-batch loss/positive/negative/owner-terms/owner-unique/fallback=0.006565/25.137774/49.825581/0/2.4531/0.000000 controls=None
2026-07-23 18:30:25 transreid.train INFO: PSCIR epoch=18 control=pose_only first-batch loss/zero/region/positive/negative/segment=0.005937/0.006565/0.005309/19.992138/47.227257/45.902000 edge-weight=[6.6875, 6.5625, 6.75] controls=None
2026-07-23 18:30:40 transreid.train INFO: Epoch[18] Iter[20/227] Loss: 2.688, Pose: 0.576, Acc: 0.583, Student: 1.00, Reliability: 0.865, GateAbs: 3.671e-03, Base Lr: 7.21e-04
2026-07-23 18:30:57 transreid.train INFO: Epoch[18] Iter[40/227] Loss: 2.577, Pose: 0.577, Acc: 0.625, Student: 1.00, Reliability: 0.851, GateAbs: 3.694e-03, Base Lr: 7.21e-04
2026-07-23 18:31:13 transreid.train INFO: Epoch[18] Iter[60/227] Loss: 2.541, Pose: 0.576, Acc: 0.636, Student: 1.00, Reliability: 0.847, GateAbs: 3.724e-03, Base Lr: 7.21e-04
2026-07-23 18:31:29 transreid.train INFO: Epoch[18] Iter[80/227] Loss: 2.464, Pose: 0.575, Acc: 0.655, Student: 1.00, Reliability: 0.831, GateAbs: 3.728e-03, Base Lr: 7.21e-04
2026-07-23 18:31:45 transreid.train INFO: Epoch[18] Iter[100/227] Loss: 2.408, Pose: 0.574, Acc: 0.667, Student: 1.00, Reliability: 0.834, GateAbs: 3.746e-03, Base Lr: 7.21e-04
2026-07-23 18:32:02 transreid.train INFO: Epoch[18] Iter[120/227] Loss: 2.339, Pose: 0.573, Acc: 0.686, Student: 1.00, Reliability: 0.841, GateAbs: 3.770e-03, Base Lr: 7.21e-04
2026-07-23 18:32:18 transreid.train INFO: Epoch[18] Iter[140/227] Loss: 2.276, Pose: 0.573, Acc: 0.701, Student: 1.00, Reliability: 0.863, GateAbs: 3.795e-03, Base Lr: 7.21e-04
2026-07-23 18:32:34 transreid.train INFO: Epoch[18] Iter[160/227] Loss: 2.220, Pose: 0.572, Acc: 0.717, Student: 1.00, Reliability: 0.836, GateAbs: 3.829e-03, Base Lr: 7.21e-04
2026-07-23 18:32:50 transreid.train INFO: Epoch[18] Iter[180/227] Loss: 2.158, Pose: 0.571, Acc: 0.731, Student: 1.00, Reliability: 0.844, GateAbs: 3.857e-03, Base Lr: 7.21e-04
2026-07-23 18:33:07 transreid.train INFO: Epoch[18] Iter[200/227] Loss: 2.079, Pose: 0.571, Acc: 0.747, Student: 1.00, Reliability: 0.840, GateAbs: 3.870e-03, Base Lr: 7.21e-04
2026-07-23 18:33:17 transreid.train INFO: Epoch 18 done. Time per epoch: 173.488[s] Speed: 78.6[samples/s]
2026-07-23 18:33:18 transreid.train INFO: PCMPSR epoch=19 control=zero_owner first-batch loss/positive/negative/owner-terms/owner-unique/fallback=0.031304/29.571651/53.279701/0/2.3750/0.000000 controls=None
2026-07-23 18:33:18 transreid.train INFO: PSCIR epoch=19 control=pose_only first-batch loss/zero/region/positive/negative/segment=0.015857/0.031304/0.000410/23.742577/50.075684/48.876625 edge-weight=[7.125, 6.5, 6.375] controls=None
2026-07-23 18:33:34 transreid.train INFO: Epoch[19] Iter[20/227] Loss: 2.410, Pose: 0.558, Acc: 0.627, Student: 1.00, Reliability: 0.848, GateAbs: 3.923e-03, Base Lr: 7.60e-04
2026-07-23 18:33:50 transreid.train INFO: Epoch[19] Iter[40/227] Loss: 2.228, Pose: 0.559, Acc: 0.688, Student: 1.00, Reliability: 0.837, GateAbs: 3.933e-03, Base Lr: 7.60e-04
2026-07-23 18:34:06 transreid.train INFO: Epoch[19] Iter[60/227] Loss: 2.188, Pose: 0.560, Acc: 0.709, Student: 1.00, Reliability: 0.852, GateAbs: 3.953e-03, Base Lr: 7.60e-04
2026-07-23 18:34:23 transreid.train INFO: Epoch[19] Iter[80/227] Loss: 2.159, Pose: 0.558, Acc: 0.717, Student: 1.00, Reliability: 0.857, GateAbs: 3.983e-03, Base Lr: 7.60e-04
2026-07-23 18:34:39 transreid.train INFO: Epoch[19] Iter[100/227] Loss: 2.109, Pose: 0.557, Acc: 0.729, Student: 1.00, Reliability: 0.855, GateAbs: 4.011e-03, Base Lr: 7.60e-04
2026-07-23 18:34:55 transreid.train INFO: Epoch[19] Iter[120/227] Loss: 2.053, Pose: 0.556, Acc: 0.742, Student: 1.00, Reliability: 0.836, GateAbs: 4.044e-03, Base Lr: 7.60e-04
2026-07-23 18:35:12 transreid.train INFO: Epoch[19] Iter[140/227] Loss: 2.014, Pose: 0.555, Acc: 0.753, Student: 1.00, Reliability: 0.831, GateAbs: 4.070e-03, Base Lr: 7.60e-04
2026-07-23 18:35:28 transreid.train INFO: Epoch[19] Iter[160/227] Loss: 1.966, Pose: 0.554, Acc: 0.766, Student: 1.00, Reliability: 0.839, GateAbs: 4.101e-03, Base Lr: 7.60e-04
2026-07-23 18:35:44 transreid.train INFO: Epoch[19] Iter[180/227] Loss: 1.896, Pose: 0.554, Acc: 0.782, Student: 1.00, Reliability: 0.856, GateAbs: 4.122e-03, Base Lr: 7.60e-04
2026-07-23 18:36:00 transreid.train INFO: Epoch[19] Iter[200/227] Loss: 1.814, Pose: 0.555, Acc: 0.796, Student: 1.00, Reliability: 0.854, GateAbs: 4.137e-03, Base Lr: 7.60e-04
2026-07-23 18:36:10 transreid.train INFO: Epoch 19 done. Time per epoch: 172.959[s] Speed: 78.4[samples/s]
2026-07-23 18:36:11 transreid.train INFO: PCMPSR epoch=20 control=zero_owner first-batch loss/positive/negative/owner-terms/owner-unique/fallback=0.000172/26.122986/48.751598/0/2.4531/0.000000 controls=None
2026-07-23 18:36:11 transreid.train INFO: PSCIR epoch=20 control=pose_only first-batch loss/zero/region/positive/negative/segment=0.000132/0.000172/0.000093/21.053335/46.109558/44.881310 edge-weight=[6.875, 6.40625, 6.71875] controls=None
2026-07-23 18:36:27 transreid.train INFO: Epoch[20] Iter[20/227] Loss: 1.995, Pose: 0.544, Acc: 0.731, Student: 1.00, Reliability: 0.850, GateAbs: 4.195e-03, Base Lr: 7.47e-04
2026-07-23 18:36:43 transreid.train INFO: Epoch[20] Iter[40/227] Loss: 1.997, Pose: 0.544, Acc: 0.730, Student: 1.00, Reliability: 0.851, GateAbs: 4.218e-03, Base Lr: 7.47e-04
2026-07-23 18:36:59 transreid.train INFO: Epoch[20] Iter[60/227] Loss: 1.902, Pose: 0.543, Acc: 0.755, Student: 1.00, Reliability: 0.862, GateAbs: 4.233e-03, Base Lr: 7.47e-04
2026-07-23 18:37:16 transreid.train INFO: Epoch[20] Iter[80/227] Loss: 1.841, Pose: 0.543, Acc: 0.774, Student: 1.00, Reliability: 0.832, GateAbs: 4.229e-03, Base Lr: 7.47e-04
2026-07-23 18:37:32 transreid.train INFO: Epoch[20] Iter[100/227] Loss: 1.795, Pose: 0.542, Acc: 0.785, Student: 1.00, Reliability: 0.856, GateAbs: 4.253e-03, Base Lr: 7.47e-04
2026-07-23 18:37:48 transreid.train INFO: Epoch[20] Iter[120/227] Loss: 1.764, Pose: 0.541, Acc: 0.792, Student: 1.00, Reliability: 0.833, GateAbs: 4.272e-03, Base Lr: 7.47e-04
2026-07-23 18:38:04 transreid.train INFO: Epoch[20] Iter[140/227] Loss: 1.714, Pose: 0.541, Acc: 0.803, Student: 1.00, Reliability: 0.858, GateAbs: 4.289e-03, Base Lr: 7.47e-04
2026-07-23 18:38:21 transreid.train INFO: Epoch[20] Iter[160/227] Loss: 1.666, Pose: 0.541, Acc: 0.812, Student: 1.00, Reliability: 0.842, GateAbs: 4.298e-03, Base Lr: 7.47e-04
2026-07-23 18:38:37 transreid.train INFO: Epoch[20] Iter[180/227] Loss: 1.618, Pose: 0.540, Acc: 0.821, Student: 1.00, Reliability: 0.857, GateAbs: 4.324e-03, Base Lr: 7.47e-04
2026-07-23 18:38:53 transreid.train INFO: Epoch[20] Iter[200/227] Loss: 1.552, Pose: 0.540, Acc: 0.832, Student: 1.00, Reliability: 0.839, GateAbs: 4.341e-03, Base Lr: 7.47e-04
2026-07-23 18:39:01 transreid.train INFO: Epoch 20 done. Time per epoch: 171.283[s] Speed: 78.5[samples/s]
The test feature is normalized
=> Computing DistMat with euclidean_distance
2026-07-23 18:39:24 transreid.train INFO: Validation Results - Epoch: 20
2026-07-23 18:39:24 transreid.train INFO: mAP: 46.9%
2026-07-23 18:39:24 transreid.train INFO: CMC curve, Rank-1  :57.0%
2026-07-23 18:39:24 transreid.train INFO: CMC curve, Rank-5  :71.4%
2026-07-23 18:39:24 transreid.train INFO: CMC curve, Rank-10 :77.2%
2026-07-23 18:39:25 transreid.train INFO: PCMPSR epoch=21 control=zero_owner first-batch loss/positive/negative/owner-terms/owner-unique/fallback=0.000442/28.024603/52.115654/0/2.3594/0.000000 controls=None
2026-07-23 18:39:25 transreid.train INFO: PSCIR epoch=21 control=pose_only first-batch loss/zero/region/positive/negative/segment=0.001071/0.000442/0.001701/22.641384/49.318024/47.958771 edge-weight=[6.78125, 6.65625, 6.5625] controls=None
2026-07-23 18:39:40 transreid.train INFO: Epoch[21] Iter[20/227] Loss: 1.683, Pose: 0.534, Acc: 0.798, Student: 1.00, Reliability: 0.870, GateAbs: 4.374e-03, Base Lr: 7.41e-04
2026-07-23 18:39:57 transreid.train INFO: Epoch[21] Iter[40/227] Loss: 1.719, Pose: 0.532, Acc: 0.786, Student: 1.00, Reliability: 0.846, GateAbs: 4.405e-03, Base Lr: 7.41e-04
2026-07-23 18:40:13 transreid.train INFO: Epoch[21] Iter[60/227] Loss: 1.650, Pose: 0.530, Acc: 0.799, Student: 1.00, Reliability: 0.850, GateAbs: 4.413e-03, Base Lr: 7.41e-04
2026-07-23 18:40:29 transreid.train INFO: Epoch[21] Iter[80/227] Loss: 1.610, Pose: 0.530, Acc: 0.810, Student: 1.00, Reliability: 0.849, GateAbs: 4.435e-03, Base Lr: 7.41e-04
2026-07-23 18:40:45 transreid.train INFO: Epoch[21] Iter[100/227] Loss: 1.580, Pose: 0.530, Acc: 0.819, Student: 1.00, Reliability: 0.851, GateAbs: 4.448e-03, Base Lr: 7.41e-04
2026-07-23 18:41:02 transreid.train INFO: Epoch[21] Iter[120/227] Loss: 1.540, Pose: 0.530, Acc: 0.831, Student: 1.00, Reliability: 0.836, GateAbs: 4.474e-03, Base Lr: 7.41e-04
2026-07-23 18:41:18 transreid.train INFO: Epoch[21] Iter[140/227] Loss: 1.487, Pose: 0.529, Acc: 0.843, Student: 1.00, Reliability: 0.836, GateAbs: 4.488e-03, Base Lr: 7.41e-04
2026-07-23 18:41:34 transreid.train INFO: Epoch[21] Iter[160/227] Loss: 1.439, Pose: 0.528, Acc: 0.853, Student: 1.00, Reliability: 0.832, GateAbs: 4.510e-03, Base Lr: 7.41e-04
2026-07-23 18:41:51 transreid.train INFO: Epoch[21] Iter[180/227] Loss: 1.389, Pose: 0.529, Acc: 0.863, Student: 1.00, Reliability: 0.846, GateAbs: 4.520e-03, Base Lr: 7.41e-04
2026-07-23 18:42:07 transreid.train INFO: Epoch[21] Iter[200/227] Loss: 1.340, Pose: 0.528, Acc: 0.869, Student: 1.00, Reliability: 0.829, GateAbs: 4.568e-03, Base Lr: 7.41e-04
2026-07-23 18:42:16 transreid.train INFO: Epoch 21 done. Time per epoch: 172.118[s] Speed: 78.5[samples/s]
2026-07-23 18:42:17 transreid.train INFO: PCMPSR epoch=22 control=zero_owner first-batch loss/positive/negative/owner-terms/owner-unique/fallback=0.019344/27.191570/49.758068/0/2.0781/0.000000 controls=None
2026-07-23 18:42:17 transreid.train INFO: PSCIR epoch=22 control=pose_only first-batch loss/zero/region/positive/negative/segment=0.011016/0.019344/0.002688/21.911507/46.989651/45.754074 edge-weight=[6.28125, 6.71875, 7.0] controls=None
2026-07-23 18:42:32 transreid.train INFO: Epoch[22] Iter[20/227] Loss: 1.456, Pose: 0.525, Acc: 0.844, Student: 1.00, Reliability: 0.838, GateAbs: 4.575e-03, Base Lr: 7.36e-04
2026-07-23 18:42:49 transreid.train INFO: Epoch[22] Iter[40/227] Loss: 1.456, Pose: 0.522, Acc: 0.846, Student: 1.00, Reliability: 0.835, GateAbs: 4.604e-03, Base Lr: 7.36e-04
2026-07-23 18:43:05 transreid.train INFO: Epoch[22] Iter[60/227] Loss: 1.420, Pose: 0.523, Acc: 0.847, Student: 1.00, Reliability: 0.855, GateAbs: 4.603e-03, Base Lr: 7.36e-04
2026-07-23 18:43:21 transreid.train INFO: Epoch[22] Iter[80/227] Loss: 1.421, Pose: 0.523, Acc: 0.846, Student: 1.00, Reliability: 0.838, GateAbs: 4.615e-03, Base Lr: 7.36e-04
2026-07-23 18:43:38 transreid.train INFO: Epoch[22] Iter[100/227] Loss: 1.402, Pose: 0.523, Acc: 0.849, Student: 1.00, Reliability: 0.859, GateAbs: 4.655e-03, Base Lr: 7.36e-04
2026-07-23 18:43:54 transreid.train INFO: Epoch[22] Iter[120/227] Loss: 1.359, Pose: 0.522, Acc: 0.860, Student: 1.00, Reliability: 0.842, GateAbs: 4.661e-03, Base Lr: 7.36e-04
2026-07-23 18:44:10 transreid.train INFO: Epoch[22] Iter[140/227] Loss: 1.316, Pose: 0.522, Acc: 0.868, Student: 1.00, Reliability: 0.832, GateAbs: 4.679e-03, Base Lr: 7.36e-04
2026-07-23 18:44:27 transreid.train INFO: Epoch[22] Iter[160/227] Loss: 1.284, Pose: 0.521, Acc: 0.874, Student: 1.00, Reliability: 0.847, GateAbs: 4.692e-03, Base Lr: 7.36e-04
2026-07-23 18:44:43 transreid.train INFO: Epoch[22] Iter[180/227] Loss: 1.242, Pose: 0.521, Acc: 0.880, Student: 1.00, Reliability: 0.853, GateAbs: 4.713e-03, Base Lr: 7.36e-04
2026-07-23 18:44:59 transreid.train INFO: Epoch[22] Iter[200/227] Loss: 1.190, Pose: 0.521, Acc: 0.887, Student: 1.00, Reliability: 0.844, GateAbs: 4.749e-03, Base Lr: 7.36e-04
2026-07-23 18:45:07 transreid.train INFO: Epoch 22 done. Time per epoch: 171.532[s] Speed: 78.4[samples/s]
2026-07-23 18:45:08 transreid.train INFO: PCMPSR epoch=23 control=zero_owner first-batch loss/positive/negative/owner-terms/owner-unique/fallback=0.015278/27.067089/51.570282/0/2.3438/0.000000 controls=None
2026-07-23 18:45:08 transreid.train INFO: PSCIR epoch=23 control=pose_only first-batch loss/zero/region/positive/negative/segment=0.029500/0.015278/0.043722/21.515333/48.807392/47.450089 edge-weight=[6.53125, 6.78125, 6.6875] controls=None
2026-07-23 18:45:24 transreid.train INFO: Epoch[23] Iter[20/227] Loss: 1.315, Pose: 0.515, Acc: 0.863, Student: 1.00, Reliability: 0.844, GateAbs: 4.778e-03, Base Lr: 7.30e-04
2026-07-23 18:45:40 transreid.train INFO: Epoch[23] Iter[40/227] Loss: 1.248, Pose: 0.516, Acc: 0.875, Student: 1.00, Reliability: 0.857, GateAbs: 4.799e-03, Base Lr: 7.30e-04
2026-07-23 18:45:56 transreid.train INFO: Epoch[23] Iter[60/227] Loss: 1.234, Pose: 0.514, Acc: 0.879, Student: 1.00, Reliability: 0.843, GateAbs: 4.810e-03, Base Lr: 7.30e-04
2026-07-23 18:46:13 transreid.train INFO: Epoch[23] Iter[80/227] Loss: 1.209, Pose: 0.513, Acc: 0.884, Student: 1.00, Reliability: 0.874, GateAbs: 4.839e-03, Base Lr: 7.30e-04
2026-07-23 18:46:29 transreid.train INFO: Epoch[23] Iter[100/227] Loss: 1.190, Pose: 0.513, Acc: 0.885, Student: 1.00, Reliability: 0.853, GateAbs: 4.860e-03, Base Lr: 7.30e-04
2026-07-23 18:46:45 transreid.train INFO: Epoch[23] Iter[120/227] Loss: 1.163, Pose: 0.512, Acc: 0.890, Student: 1.00, Reliability: 0.845, GateAbs: 4.871e-03, Base Lr: 7.30e-04
2026-07-23 18:47:02 transreid.train INFO: Epoch[23] Iter[140/227] Loss: 1.131, Pose: 0.513, Acc: 0.894, Student: 1.00, Reliability: 0.819, GateAbs: 4.897e-03, Base Lr: 7.30e-04
2026-07-23 18:47:18 transreid.train INFO: Epoch[23] Iter[160/227] Loss: 1.105, Pose: 0.512, Acc: 0.898, Student: 1.00, Reliability: 0.843, GateAbs: 4.917e-03, Base Lr: 7.30e-04
2026-07-23 18:47:34 transreid.train INFO: Epoch[23] Iter[180/227] Loss: 1.073, Pose: 0.513, Acc: 0.903, Student: 1.00, Reliability: 0.826, GateAbs: 4.911e-03, Base Lr: 7.30e-04
2026-07-23 18:47:50 transreid.train INFO: Epoch[23] Iter[200/227] Loss: 1.032, Pose: 0.512, Acc: 0.908, Student: 1.00, Reliability: 0.867, GateAbs: 4.939e-03, Base Lr: 7.30e-04
2026-07-23 18:47:59 transreid.train INFO: Epoch 23 done. Time per epoch: 172.144[s] Speed: 78.4[samples/s]
2026-07-23 18:48:01 transreid.train INFO: PCMPSR epoch=24 control=zero_owner first-batch loss/positive/negative/owner-terms/owner-unique/fallback=0.000007/29.030880/55.446449/0/2.4375/0.000000 controls=None
2026-07-23 18:48:01 transreid.train INFO: PSCIR epoch=24 control=pose_only first-batch loss/zero/region/positive/negative/segment=0.000007/0.000007/0.000007/23.667530/52.690617/51.220078 edge-weight=[6.46875, 6.53125, 7.0] controls=None
2026-07-23 18:48:16 transreid.train INFO: Epoch[24] Iter[20/227] Loss: 1.174, Pose: 0.506, Acc: 0.887, Student: 1.00, Reliability: 0.825, GateAbs: 4.962e-03, Base Lr: 7.24e-04
2026-07-23 18:48:32 transreid.train INFO: Epoch[24] Iter[40/227] Loss: 1.140, Pose: 0.505, Acc: 0.887, Student: 1.00, Reliability: 0.861, GateAbs: 4.969e-03, Base Lr: 7.24e-04
2026-07-23 18:48:49 transreid.train INFO: Epoch[24] Iter[60/227] Loss: 1.085, Pose: 0.504, Acc: 0.893, Student: 1.00, Reliability: 0.844, GateAbs: 4.978e-03, Base Lr: 7.24e-04
2026-07-23 18:49:05 transreid.train INFO: Epoch[24] Iter[80/227] Loss: 1.066, Pose: 0.504, Acc: 0.899, Student: 1.00, Reliability: 0.833, GateAbs: 4.992e-03, Base Lr: 7.24e-04
2026-07-23 18:49:21 transreid.train INFO: Epoch[24] Iter[100/227] Loss: 1.043, Pose: 0.504, Acc: 0.902, Student: 1.00, Reliability: 0.843, GateAbs: 4.987e-03, Base Lr: 7.24e-04
2026-07-23 18:49:38 transreid.train INFO: Epoch[24] Iter[120/227] Loss: 1.016, Pose: 0.505, Acc: 0.905, Student: 1.00, Reliability: 0.846, GateAbs: 5.007e-03, Base Lr: 7.24e-04
2026-07-23 18:49:54 transreid.train INFO: Epoch[24] Iter[140/227] Loss: 0.996, Pose: 0.505, Acc: 0.910, Student: 1.00, Reliability: 0.837, GateAbs: 5.044e-03, Base Lr: 7.24e-04
2026-07-23 18:50:10 transreid.train INFO: Epoch[24] Iter[160/227] Loss: 0.965, Pose: 0.505, Acc: 0.917, Student: 1.00, Reliability: 0.848, GateAbs: 5.064e-03, Base Lr: 7.24e-04
2026-07-23 18:50:26 transreid.train INFO: Epoch[24] Iter[180/227] Loss: 0.929, Pose: 0.504, Acc: 0.923, Student: 1.00, Reliability: 0.847, GateAbs: 5.052e-03, Base Lr: 7.24e-04
2026-07-23 18:50:43 transreid.train INFO: Epoch[24] Iter[200/227] Loss: 0.891, Pose: 0.505, Acc: 0.927, Student: 1.00, Reliability: 0.824, GateAbs: 5.083e-03, Base Lr: 7.24e-04
2026-07-23 18:50:53 transreid.train INFO: Epoch 24 done. Time per epoch: 173.932[s] Speed: 78.4[samples/s]
2026-07-23 18:50:54 transreid.train INFO: PCMPSR epoch=25 control=zero_owner first-batch loss/positive/negative/owner-terms/owner-unique/fallback=0.000018/27.078072/51.446556/0/2.2344/0.000000 controls=None
2026-07-23 18:50:54 transreid.train INFO: PSCIR epoch=25 control=pose_only first-batch loss/zero/region/positive/negative/segment=0.000014/0.000018/0.000009/21.466311/48.748123/47.403290 edge-weight=[6.703125, 6.671875, 6.625] controls=None
2026-07-23 18:51:10 transreid.train INFO: Epoch[25] Iter[20/227] Loss: 0.987, Pose: 0.496, Acc: 0.912, Student: 1.00, Reliability: 0.837, GateAbs: 5.107e-03, Base Lr: 7.18e-04
2026-07-23 18:51:26 transreid.train INFO: Epoch[25] Iter[40/227] Loss: 0.987, Pose: 0.496, Acc: 0.906, Student: 1.00, Reliability: 0.847, GateAbs: 5.114e-03, Base Lr: 7.18e-04
2026-07-23 18:51:42 transreid.train INFO: Epoch[25] Iter[60/227] Loss: 0.965, Pose: 0.499, Acc: 0.914, Student: 1.00, Reliability: 0.832, GateAbs: 5.133e-03, Base Lr: 7.18e-04
2026-07-23 18:51:59 transreid.train INFO: Epoch[25] Iter[80/227] Loss: 0.943, Pose: 0.501, Acc: 0.920, Student: 1.00, Reliability: 0.837, GateAbs: 5.144e-03, Base Lr: 7.18e-04
2026-07-23 18:52:15 transreid.train INFO: Epoch[25] Iter[100/227] Loss: 0.931, Pose: 0.501, Acc: 0.920, Student: 1.00, Reliability: 0.825, GateAbs: 5.176e-03, Base Lr: 7.18e-04
2026-07-23 18:52:31 transreid.train INFO: Epoch[25] Iter[120/227] Loss: 0.907, Pose: 0.501, Acc: 0.923, Student: 1.00, Reliability: 0.858, GateAbs: 5.181e-03, Base Lr: 7.18e-04
2026-07-23 18:52:47 transreid.train INFO: Epoch[25] Iter[140/227] Loss: 0.882, Pose: 0.502, Acc: 0.925, Student: 1.00, Reliability: 0.841, GateAbs: 5.205e-03, Base Lr: 7.18e-04
2026-07-23 18:53:04 transreid.train INFO: Epoch[25] Iter[160/227] Loss: 0.860, Pose: 0.502, Acc: 0.929, Student: 1.00, Reliability: 0.840, GateAbs: 5.216e-03, Base Lr: 7.18e-04
2026-07-23 18:53:20 transreid.train INFO: Epoch[25] Iter[180/227] Loss: 0.832, Pose: 0.502, Acc: 0.933, Student: 1.00, Reliability: 0.836, GateAbs: 5.227e-03, Base Lr: 7.18e-04
2026-07-23 18:53:36 transreid.train INFO: Epoch[25] Iter[200/227] Loss: 0.799, Pose: 0.502, Acc: 0.936, Student: 1.00, Reliability: 0.844, GateAbs: 5.238e-03, Base Lr: 7.18e-04
2026-07-23 18:53:46 transreid.train INFO: Epoch 25 done. Time per epoch: 172.522[s] Speed: 78.6[samples/s]
2026-07-23 18:53:47 transreid.train INFO: PCMPSR epoch=26 control=zero_owner first-batch loss/positive/negative/owner-terms/owner-unique/fallback=0.000008/25.035065/48.443298/0/2.2188/0.000000 controls=None
2026-07-23 18:53:47 transreid.train INFO: PSCIR epoch=26 control=pose_only first-batch loss/zero/region/positive/negative/segment=0.000011/0.000008/0.000013/20.379112/46.142994/44.857445 edge-weight=[6.484375, 6.890625, 6.625] controls=None
2026-07-23 18:54:03 transreid.train INFO: Epoch[26] Iter[20/227] Loss: 0.897, Pose: 0.495, Acc: 0.924, Student: 1.00, Reliability: 0.841, GateAbs: 5.260e-03, Base Lr: 7.11e-04
2026-07-23 18:54:19 transreid.train INFO: Epoch[26] Iter[40/227] Loss: 0.878, Pose: 0.496, Acc: 0.926, Student: 1.00, Reliability: 0.849, GateAbs: 5.270e-03, Base Lr: 7.11e-04
2026-07-23 18:54:35 transreid.train INFO: Epoch[26] Iter[60/227] Loss: 0.859, Pose: 0.494, Acc: 0.930, Student: 1.00, Reliability: 0.855, GateAbs: 5.303e-03, Base Lr: 7.11e-04
2026-07-23 18:54:52 transreid.train INFO: Epoch[26] Iter[80/227] Loss: 0.847, Pose: 0.495, Acc: 0.933, Student: 1.00, Reliability: 0.851, GateAbs: 5.322e-03, Base Lr: 7.11e-04
2026-07-23 18:55:08 transreid.train INFO: Epoch[26] Iter[100/227] Loss: 0.839, Pose: 0.495, Acc: 0.933, Student: 1.00, Reliability: 0.843, GateAbs: 5.335e-03, Base Lr: 7.11e-04
2026-07-23 18:55:24 transreid.train INFO: Epoch[26] Iter[120/227] Loss: 0.820, Pose: 0.496, Acc: 0.935, Student: 1.00, Reliability: 0.851, GateAbs: 5.358e-03, Base Lr: 7.11e-04
2026-07-23 18:55:41 transreid.train INFO: Epoch[26] Iter[140/227] Loss: 0.792, Pose: 0.496, Acc: 0.939, Student: 1.00, Reliability: 0.827, GateAbs: 5.350e-03, Base Lr: 7.11e-04
2026-07-23 18:55:57 transreid.train INFO: Epoch[26] Iter[160/227] Loss: 0.770, Pose: 0.496, Acc: 0.942, Student: 1.00, Reliability: 0.841, GateAbs: 5.379e-03, Base Lr: 7.11e-04
2026-07-23 18:56:13 transreid.train INFO: Epoch[26] Iter[180/227] Loss: 0.741, Pose: 0.496, Acc: 0.945, Student: 1.00, Reliability: 0.837, GateAbs: 5.377e-03, Base Lr: 7.11e-04
2026-07-23 18:56:29 transreid.train INFO: Epoch[26] Iter[200/227] Loss: 0.707, Pose: 0.496, Acc: 0.948, Student: 1.00, Reliability: 0.827, GateAbs: 5.391e-03, Base Lr: 7.11e-04
2026-07-23 18:56:39 transreid.train INFO: Epoch 26 done. Time per epoch: 173.302[s] Speed: 78.3[samples/s]
2026-07-23 18:56:40 transreid.train INFO: PCMPSR epoch=27 control=zero_owner first-batch loss/positive/negative/owner-terms/owner-unique/fallback=0.001599/26.874664/50.201321/0/2.1875/0.000000 controls=None
2026-07-23 18:56:40 transreid.train INFO: PSCIR epoch=27 control=pose_only first-batch loss/zero/region/positive/negative/segment=0.002319/0.001599/0.003040/21.452335/47.505512/46.201897 edge-weight=[7.015625, 6.234375, 6.75] controls=None
2026-07-23 18:56:56 transreid.train INFO: Epoch[27] Iter[20/227] Loss: 0.793, Pose: 0.491, Acc: 0.930, Student: 1.00, Reliability: 0.850, GateAbs: 5.412e-03, Base Lr: 7.04e-04
2026-07-23 18:57:12 transreid.train INFO: Epoch[27] Iter[40/227] Loss: 0.804, Pose: 0.492, Acc: 0.933, Student: 1.00, Reliability: 0.857, GateAbs: 5.425e-03, Base Lr: 7.04e-04
2026-07-23 18:57:28 transreid.train INFO: Epoch[27] Iter[60/227] Loss: 0.778, Pose: 0.492, Acc: 0.938, Student: 1.00, Reliability: 0.829, GateAbs: 5.436e-03, Base Lr: 7.04e-04
2026-07-23 18:57:45 transreid.train INFO: Epoch[27] Iter[80/227] Loss: 0.764, Pose: 0.493, Acc: 0.942, Student: 1.00, Reliability: 0.857, GateAbs: 5.435e-03, Base Lr: 7.04e-04
2026-07-23 18:58:01 transreid.train INFO: Epoch[27] Iter[100/227] Loss: 0.738, Pose: 0.493, Acc: 0.945, Student: 1.00, Reliability: 0.853, GateAbs: 5.453e-03, Base Lr: 7.04e-04
2026-07-23 18:58:17 transreid.train INFO: Epoch[27] Iter[120/227] Loss: 0.719, Pose: 0.494, Acc: 0.949, Student: 1.00, Reliability: 0.839, GateAbs: 5.463e-03, Base Lr: 7.04e-04
2026-07-23 18:58:33 transreid.train INFO: Epoch[27] Iter[140/227] Loss: 0.694, Pose: 0.493, Acc: 0.952, Student: 1.00, Reliability: 0.851, GateAbs: 5.478e-03, Base Lr: 7.04e-04
2026-07-23 18:58:50 transreid.train INFO: Epoch[27] Iter[160/227] Loss: 0.679, Pose: 0.493, Acc: 0.954, Student: 1.00, Reliability: 0.832, GateAbs: 5.505e-03, Base Lr: 7.04e-04
2026-07-23 18:59:06 transreid.train INFO: Epoch[27] Iter[180/227] Loss: 0.661, Pose: 0.493, Acc: 0.954, Student: 1.00, Reliability: 0.827, GateAbs: 5.505e-03, Base Lr: 7.04e-04
2026-07-23 18:59:22 transreid.train INFO: Epoch[27] Iter[200/227] Loss: 0.633, Pose: 0.493, Acc: 0.957, Student: 1.00, Reliability: 0.839, GateAbs: 5.511e-03, Base Lr: 7.04e-04
2026-07-23 18:59:32 transreid.train INFO: Epoch 27 done. Time per epoch: 172.641[s] Speed: 78.6[samples/s]
2026-07-23 18:59:33 transreid.train INFO: PCMPSR epoch=28 control=zero_owner first-batch loss/positive/negative/owner-terms/owner-unique/fallback=0.000003/26.820652/51.458031/0/2.2188/0.000000 controls=None
2026-07-23 18:59:33 transreid.train INFO: PSCIR epoch=28 control=pose_only first-batch loss/zero/region/positive/negative/segment=0.000006/0.000003/0.000009/21.707695/48.877079/47.482971 edge-weight=[6.453125, 6.671875, 6.875] controls=None
2026-07-23 18:59:48 transreid.train INFO: Epoch[28] Iter[20/227] Loss: 0.716, Pose: 0.489, Acc: 0.934, Student: 1.00, Reliability: 0.831, GateAbs: 5.520e-03, Base Lr: 6.97e-04
2026-07-23 19:00:05 transreid.train INFO: Epoch[28] Iter[40/227] Loss: 0.683, Pose: 0.490, Acc: 0.949, Student: 1.00, Reliability: 0.847, GateAbs: 5.528e-03, Base Lr: 6.97e-04
2026-07-23 19:00:21 transreid.train INFO: Epoch[28] Iter[60/227] Loss: 0.667, Pose: 0.489, Acc: 0.953, Student: 1.00, Reliability: 0.822, GateAbs: 5.532e-03, Base Lr: 6.97e-04
2026-07-23 19:00:37 transreid.train INFO: Epoch[28] Iter[80/227] Loss: 0.664, Pose: 0.489, Acc: 0.956, Student: 1.00, Reliability: 0.848, GateAbs: 5.551e-03, Base Lr: 6.97e-04
2026-07-23 19:00:54 transreid.train INFO: Epoch[28] Iter[100/227] Loss: 0.655, Pose: 0.488, Acc: 0.957, Student: 1.00, Reliability: 0.838, GateAbs: 5.553e-03, Base Lr: 6.97e-04
2026-07-23 19:01:10 transreid.train INFO: Epoch[28] Iter[120/227] Loss: 0.641, Pose: 0.489, Acc: 0.957, Student: 1.00, Reliability: 0.843, GateAbs: 5.576e-03, Base Lr: 6.97e-04
2026-07-23 19:01:26 transreid.train INFO: Epoch[28] Iter[140/227] Loss: 0.622, Pose: 0.489, Acc: 0.960, Student: 1.00, Reliability: 0.828, GateAbs: 5.580e-03, Base Lr: 6.97e-04
2026-07-23 19:01:43 transreid.train INFO: Epoch[28] Iter[160/227] Loss: 0.604, Pose: 0.489, Acc: 0.961, Student: 1.00, Reliability: 0.867, GateAbs: 5.597e-03, Base Lr: 6.97e-04
2026-07-23 19:01:59 transreid.train INFO: Epoch[28] Iter[180/227] Loss: 0.587, Pose: 0.488, Acc: 0.962, Student: 1.00, Reliability: 0.820, GateAbs: 5.605e-03, Base Lr: 6.97e-04
2026-07-23 19:02:15 transreid.train INFO: Epoch[28] Iter[200/227] Loss: 0.561, Pose: 0.489, Acc: 0.964, Student: 1.00, Reliability: 0.845, GateAbs: 5.619e-03, Base Lr: 6.97e-04
2026-07-23 19:02:24 transreid.train INFO: Epoch 28 done. Time per epoch: 172.437[s] Speed: 78.3[samples/s]
2026-07-23 19:02:25 transreid.train INFO: PCMPSR epoch=29 control=zero_owner first-batch loss/positive/negative/owner-terms/owner-unique/fallback=0.060508/32.338097/57.619038/0/2.3438/0.000000 controls=None
2026-07-23 19:02:25 transreid.train INFO: PSCIR epoch=29 control=pose_only first-batch loss/zero/region/positive/negative/segment=0.031187/0.060508/0.001867/25.811934/54.244518/52.903614 edge-weight=[6.765625, 6.296875, 6.9375] controls=None
2026-07-23 19:02:41 transreid.train INFO: Epoch[29] Iter[20/227] Loss: 0.645, Pose: 0.488, Acc: 0.955, Student: 1.00, Reliability: 0.842, GateAbs: 5.628e-03, Base Lr: 6.90e-04
2026-07-23 19:02:57 transreid.train INFO: Epoch[29] Iter[40/227] Loss: 0.630, Pose: 0.487, Acc: 0.958, Student: 1.00, Reliability: 0.842, GateAbs: 5.631e-03, Base Lr: 6.90e-04
2026-07-23 19:03:13 transreid.train INFO: Epoch[29] Iter[60/227] Loss: 0.621, Pose: 0.488, Acc: 0.960, Student: 1.00, Reliability: 0.845, GateAbs: 5.664e-03, Base Lr: 6.90e-04
2026-07-23 19:03:30 transreid.train INFO: Epoch[29] Iter[80/227] Loss: 0.604, Pose: 0.487, Acc: 0.959, Student: 1.00, Reliability: 0.848, GateAbs: 5.660e-03, Base Lr: 6.90e-04
2026-07-23 19:03:46 transreid.train INFO: Epoch[29] Iter[100/227] Loss: 0.582, Pose: 0.487, Acc: 0.961, Student: 1.00, Reliability: 0.852, GateAbs: 5.693e-03, Base Lr: 6.90e-04
2026-07-23 19:04:02 transreid.train INFO: Epoch[29] Iter[120/227] Loss: 0.572, Pose: 0.487, Acc: 0.962, Student: 1.00, Reliability: 0.864, GateAbs: 5.674e-03, Base Lr: 6.90e-04
2026-07-23 19:04:19 transreid.train INFO: Epoch[29] Iter[140/227] Loss: 0.563, Pose: 0.487, Acc: 0.962, Student: 1.00, Reliability: 0.839, GateAbs: 5.699e-03, Base Lr: 6.90e-04
2026-07-23 19:04:35 transreid.train INFO: Epoch[29] Iter[160/227] Loss: 0.550, Pose: 0.487, Acc: 0.964, Student: 1.00, Reliability: 0.843, GateAbs: 5.716e-03, Base Lr: 6.90e-04
2026-07-23 19:04:51 transreid.train INFO: Epoch[29] Iter[180/227] Loss: 0.531, Pose: 0.487, Acc: 0.965, Student: 1.00, Reliability: 0.831, GateAbs: 5.723e-03, Base Lr: 6.90e-04
2026-07-23 19:05:07 transreid.train INFO: Epoch[29] Iter[200/227] Loss: 0.513, Pose: 0.487, Acc: 0.967, Student: 1.00, Reliability: 0.847, GateAbs: 5.724e-03, Base Lr: 6.90e-04
2026-07-23 19:05:17 transreid.train INFO: Epoch 29 done. Time per epoch: 172.927[s] Speed: 78.5[samples/s]
2026-07-23 19:05:18 transreid.train INFO: PCMPSR epoch=30 control=zero_owner first-batch loss/positive/negative/owner-terms/owner-unique/fallback=0.000000/29.576231/56.038811/0/2.3594/0.000000 controls=None
2026-07-23 19:05:18 transreid.train INFO: PSCIR epoch=30 control=pose_only first-batch loss/zero/region/positive/negative/segment=0.000001/0.000000/0.000001/23.790054/53.267159/51.738312 edge-weight=[6.609375, 6.5, 6.890625] controls=None
2026-07-23 19:05:34 transreid.train INFO: Epoch[30] Iter[20/227] Loss: 0.612, Pose: 0.480, Acc: 0.948, Student: 1.00, Reliability: 0.861, GateAbs: 5.743e-03, Base Lr: 6.83e-04
2026-07-23 19:05:50 transreid.train INFO: Epoch[30] Iter[40/227] Loss: 0.581, Pose: 0.477, Acc: 0.956, Student: 1.00, Reliability: 0.836, GateAbs: 5.746e-03, Base Lr: 6.83e-04
2026-07-23 19:06:06 transreid.train INFO: Epoch[30] Iter[60/227] Loss: 0.563, Pose: 0.478, Acc: 0.960, Student: 1.00, Reliability: 0.853, GateAbs: 5.761e-03, Base Lr: 6.83e-04
2026-07-23 19:06:23 transreid.train INFO: Epoch[30] Iter[80/227] Loss: 0.542, Pose: 0.480, Acc: 0.962, Student: 1.00, Reliability: 0.848, GateAbs: 5.792e-03, Base Lr: 6.83e-04
2026-07-23 19:06:39 transreid.train INFO: Epoch[30] Iter[100/227] Loss: 0.534, Pose: 0.481, Acc: 0.962, Student: 1.00, Reliability: 0.859, GateAbs: 5.786e-03, Base Lr: 6.83e-04
2026-07-23 19:06:55 transreid.train INFO: Epoch[30] Iter[120/227] Loss: 0.522, Pose: 0.481, Acc: 0.964, Student: 1.00, Reliability: 0.846, GateAbs: 5.799e-03, Base Lr: 6.83e-04
2026-07-23 19:07:11 transreid.train INFO: Epoch[30] Iter[140/227] Loss: 0.512, Pose: 0.480, Acc: 0.966, Student: 1.00, Reliability: 0.860, GateAbs: 5.810e-03, Base Lr: 6.83e-04
2026-07-23 19:07:28 transreid.train INFO: Epoch[30] Iter[160/227] Loss: 0.498, Pose: 0.481, Acc: 0.968, Student: 1.00, Reliability: 0.853, GateAbs: 5.843e-03, Base Lr: 6.83e-04
2026-07-23 19:07:44 transreid.train INFO: Epoch[30] Iter[180/227] Loss: 0.490, Pose: 0.482, Acc: 0.968, Student: 1.00, Reliability: 0.851, GateAbs: 5.834e-03, Base Lr: 6.83e-04
2026-07-23 19:08:00 transreid.train INFO: Epoch[30] Iter[200/227] Loss: 0.475, Pose: 0.484, Acc: 0.970, Student: 1.00, Reliability: 0.836, GateAbs: 5.847e-03, Base Lr: 6.83e-04
2026-07-23 19:08:10 transreid.train INFO: Epoch 30 done. Time per epoch: 172.694[s] Speed: 78.6[samples/s]
The test feature is normalized
=> Computing DistMat with euclidean_distance
2026-07-23 19:08:32 transreid.train INFO: Validation Results - Epoch: 30
2026-07-23 19:08:32 transreid.train INFO: mAP: 51.0%
2026-07-23 19:08:32 transreid.train INFO: CMC curve, Rank-1  :61.9%
2026-07-23 19:08:32 transreid.train INFO: CMC curve, Rank-5  :75.6%
2026-07-23 19:08:32 transreid.train INFO: CMC curve, Rank-10 :80.6%
2026-07-23 19:08:33 transreid.train INFO: PCMPSR epoch=31 control=zero_owner first-batch loss/positive/negative/owner-terms/owner-unique/fallback=0.000004/27.683426/55.336754/0/2.4688/0.000000 controls=None
2026-07-23 19:08:33 transreid.train INFO: PSCIR epoch=31 control=pose_only first-batch loss/zero/region/positive/negative/segment=0.000003/0.000004/0.000001/22.657824/52.760868/51.210766 edge-weight=[6.6875, 6.734375, 6.578125] controls=None
2026-07-23 19:08:49 transreid.train INFO: Epoch[31] Iter[20/227] Loss: 0.570, Pose: 0.480, Acc: 0.963, Student: 1.00, Reliability: 0.837, GateAbs: 5.860e-03, Base Lr: 6.76e-04
2026-07-23 19:09:05 transreid.train INFO: Epoch[31] Iter[40/227] Loss: 0.525, Pose: 0.480, Acc: 0.967, Student: 1.00, Reliability: 0.846, GateAbs: 5.848e-03, Base Lr: 6.76e-04
2026-07-23 19:09:21 transreid.train INFO: Epoch[31] Iter[60/227] Loss: 0.509, Pose: 0.479, Acc: 0.967, Student: 1.00, Reliability: 0.838, GateAbs: 5.893e-03, Base Lr: 6.76e-04
2026-07-23 19:09:37 transreid.train INFO: Epoch[31] Iter[80/227] Loss: 0.505, Pose: 0.481, Acc: 0.967, Student: 1.00, Reliability: 0.830, GateAbs: 5.866e-03, Base Lr: 6.76e-04
2026-07-23 19:09:54 transreid.train INFO: Epoch[31] Iter[100/227] Loss: 0.493, Pose: 0.481, Acc: 0.970, Student: 1.00, Reliability: 0.842, GateAbs: 5.895e-03, Base Lr: 6.76e-04
2026-07-23 19:10:10 transreid.train INFO: Epoch[31] Iter[120/227] Loss: 0.481, Pose: 0.481, Acc: 0.970, Student: 1.00, Reliability: 0.860, GateAbs: 5.902e-03, Base Lr: 6.76e-04
2026-07-23 19:10:26 transreid.train INFO: Epoch[31] Iter[140/227] Loss: 0.468, Pose: 0.482, Acc: 0.971, Student: 1.00, Reliability: 0.823, GateAbs: 5.908e-03, Base Lr: 6.76e-04
2026-07-23 19:10:43 transreid.train INFO: Epoch[31] Iter[160/227] Loss: 0.456, Pose: 0.482, Acc: 0.973, Student: 1.00, Reliability: 0.837, GateAbs: 5.913e-03, Base Lr: 6.76e-04
2026-07-23 19:10:59 transreid.train INFO: Epoch[31] Iter[180/227] Loss: 0.444, Pose: 0.482, Acc: 0.973, Student: 1.00, Reliability: 0.847, GateAbs: 5.918e-03, Base Lr: 6.76e-04
2026-07-23 19:11:15 transreid.train INFO: Epoch[31] Iter[200/227] Loss: 0.429, Pose: 0.482, Acc: 0.974, Student: 1.00, Reliability: 0.841, GateAbs: 5.963e-03, Base Lr: 6.76e-04
2026-07-23 19:11:25 transreid.train INFO: Epoch 31 done. Time per epoch: 172.668[s] Speed: 78.6[samples/s]
2026-07-23 19:11:26 transreid.train INFO: PCMPSR epoch=32 control=zero_owner first-batch loss/positive/negative/owner-terms/owner-unique/fallback=0.000091/28.783173/54.664429/0/2.4688/0.000000 controls=None
2026-07-23 19:11:26 transreid.train INFO: PSCIR epoch=32 control=pose_only first-batch loss/zero/region/positive/negative/segment=0.000103/0.000091/0.000115/22.998516/51.908180/50.429878 edge-weight=[6.8125, 6.703125, 6.484375] controls=None
2026-07-23 19:11:41 transreid.train INFO: Epoch[32] Iter[20/227] Loss: 0.519, Pose: 0.478, Acc: 0.961, Student: 1.00, Reliability: 0.835, GateAbs: 5.953e-03, Base Lr: 6.68e-04
2026-07-23 19:11:58 transreid.train INFO: Epoch[32] Iter[40/227] Loss: 0.499, Pose: 0.481, Acc: 0.963, Student: 1.00, Reliability: 0.841, GateAbs: 5.962e-03, Base Lr: 6.68e-04
2026-07-23 19:12:14 transreid.train INFO: Epoch[32] Iter[60/227] Loss: 0.471, Pose: 0.481, Acc: 0.970, Student: 1.00, Reliability: 0.840, GateAbs: 5.959e-03, Base Lr: 6.68e-04
2026-07-23 19:12:30 transreid.train INFO: Epoch[32] Iter[80/227] Loss: 0.463, Pose: 0.481, Acc: 0.970, Student: 1.00, Reliability: 0.841, GateAbs: 5.982e-03, Base Lr: 6.68e-04
2026-07-23 19:12:47 transreid.train INFO: Epoch[32] Iter[100/227] Loss: 0.456, Pose: 0.480, Acc: 0.971, Student: 1.00, Reliability: 0.856, GateAbs: 5.988e-03, Base Lr: 6.68e-04
2026-07-23 19:13:03 transreid.train INFO: Epoch[32] Iter[120/227] Loss: 0.449, Pose: 0.479, Acc: 0.972, Student: 1.00, Reliability: 0.839, GateAbs: 6.013e-03, Base Lr: 6.68e-04
2026-07-23 19:13:19 transreid.train INFO: Epoch[32] Iter[140/227] Loss: 0.438, Pose: 0.479, Acc: 0.973, Student: 1.00, Reliability: 0.826, GateAbs: 6.011e-03, Base Lr: 6.68e-04
2026-07-23 19:13:36 transreid.train INFO: Epoch[32] Iter[160/227] Loss: 0.422, Pose: 0.478, Acc: 0.975, Student: 1.00, Reliability: 0.838, GateAbs: 6.029e-03, Base Lr: 6.68e-04
2026-07-23 19:13:52 transreid.train INFO: Epoch[32] Iter[180/227] Loss: 0.411, Pose: 0.479, Acc: 0.975, Student: 1.00, Reliability: 0.838, GateAbs: 6.046e-03, Base Lr: 6.68e-04
2026-07-23 19:14:08 transreid.train INFO: Epoch[32] Iter[200/227] Loss: 0.397, Pose: 0.479, Acc: 0.976, Student: 1.00, Reliability: 0.846, GateAbs: 6.050e-03, Base Lr: 6.68e-04
2026-07-23 19:14:18 transreid.train INFO: Epoch 32 done. Time per epoch: 173.436[s] Speed: 78.2[samples/s]
2026-07-23 19:14:19 transreid.train INFO: PCMPSR epoch=33 control=zero_owner first-batch loss/positive/negative/owner-terms/owner-unique/fallback=0.000505/24.622791/51.795860/0/2.4062/0.000000 controls=None
2026-07-23 19:14:19 transreid.train INFO: PSCIR epoch=33 control=pose_only first-batch loss/zero/region/positive/negative/segment=0.000297/0.000505/0.000090/20.140968/49.618214/48.055996 edge-weight=[6.875, 6.515625, 6.609375] controls=None
2026-07-23 19:14:35 transreid.train INFO: Epoch[33] Iter[20/227] Loss: 0.446, Pose: 0.480, Acc: 0.978, Student: 1.00, Reliability: 0.854, GateAbs: 6.084e-03, Base Lr: 6.60e-04
2026-07-23 19:14:51 transreid.train INFO: Epoch[33] Iter[40/227] Loss: 0.453, Pose: 0.479, Acc: 0.972, Student: 1.00, Reliability: 0.845, GateAbs: 6.063e-03, Base Lr: 6.60e-04
2026-07-23 19:15:07 transreid.train INFO: Epoch[33] Iter[60/227] Loss: 0.436, Pose: 0.477, Acc: 0.977, Student: 1.00, Reliability: 0.849, GateAbs: 6.107e-03, Base Lr: 6.60e-04
2026-07-23 19:15:24 transreid.train INFO: Epoch[33] Iter[80/227] Loss: 0.421, Pose: 0.476, Acc: 0.978, Student: 1.00, Reliability: 0.845, GateAbs: 6.097e-03, Base Lr: 6.60e-04
2026-07-23 19:15:40 transreid.train INFO: Epoch[33] Iter[100/227] Loss: 0.416, Pose: 0.478, Acc: 0.977, Student: 1.00, Reliability: 0.834, GateAbs: 6.084e-03, Base Lr: 6.60e-04
2026-07-23 19:15:56 transreid.train INFO: Epoch[33] Iter[120/227] Loss: 0.413, Pose: 0.478, Acc: 0.977, Student: 1.00, Reliability: 0.845, GateAbs: 6.124e-03, Base Lr: 6.60e-04
2026-07-23 19:16:12 transreid.train INFO: Epoch[33] Iter[140/227] Loss: 0.402, Pose: 0.478, Acc: 0.978, Student: 1.00, Reliability: 0.857, GateAbs: 6.101e-03, Base Lr: 6.60e-04
2026-07-23 19:16:29 transreid.train INFO: Epoch[33] Iter[160/227] Loss: 0.392, Pose: 0.477, Acc: 0.978, Student: 1.00, Reliability: 0.856, GateAbs: 6.119e-03, Base Lr: 6.60e-04
2026-07-23 19:16:45 transreid.train INFO: Epoch[33] Iter[180/227] Loss: 0.383, Pose: 0.477, Acc: 0.980, Student: 1.00, Reliability: 0.849, GateAbs: 6.139e-03, Base Lr: 6.60e-04
2026-07-23 19:17:01 transreid.train INFO: Epoch[33] Iter[200/227] Loss: 0.370, Pose: 0.477, Acc: 0.980, Student: 1.00, Reliability: 0.852, GateAbs: 6.138e-03, Base Lr: 6.60e-04
2026-07-23 19:17:11 transreid.train INFO: Epoch 33 done. Time per epoch: 172.720[s] Speed: 78.6[samples/s]
2026-07-23 19:17:12 transreid.train INFO: PCMPSR epoch=34 control=zero_owner first-batch loss/positive/negative/owner-terms/owner-unique/fallback=0.000018/27.142368/53.385117/0/2.2188/0.000000 controls=None
2026-07-23 19:17:12 transreid.train INFO: PSCIR epoch=34 control=pose_only first-batch loss/zero/region/positive/negative/segment=0.000018/0.000018/0.000018/21.554272/50.735523/49.143600 edge-weight=[6.828125, 6.5, 6.671875] controls=None
2026-07-23 19:17:28 transreid.train INFO: Epoch[34] Iter[20/227] Loss: 0.389, Pose: 0.471, Acc: 0.980, Student: 1.00, Reliability: 0.833, GateAbs: 6.130e-03, Base Lr: 6.52e-04
2026-07-23 19:17:44 transreid.train INFO: Epoch[34] Iter[40/227] Loss: 0.387, Pose: 0.474, Acc: 0.979, Student: 1.00, Reliability: 0.835, GateAbs: 6.110e-03, Base Lr: 6.52e-04
2026-07-23 19:18:00 transreid.train INFO: Epoch[34] Iter[60/227] Loss: 0.373, Pose: 0.475, Acc: 0.981, Student: 1.00, Reliability: 0.854, GateAbs: 6.162e-03, Base Lr: 6.52e-04
2026-07-23 19:18:16 transreid.train INFO: Epoch[34] Iter[80/227] Loss: 0.373, Pose: 0.476, Acc: 0.980, Student: 1.00, Reliability: 0.834, GateAbs: 6.140e-03, Base Lr: 6.52e-04
2026-07-23 19:18:33 transreid.train INFO: Epoch[34] Iter[100/227] Loss: 0.369, Pose: 0.477, Acc: 0.980, Student: 1.00, Reliability: 0.850, GateAbs: 6.157e-03, Base Lr: 6.52e-04
2026-07-23 19:18:49 transreid.train INFO: Epoch[34] Iter[120/227] Loss: 0.362, Pose: 0.476, Acc: 0.982, Student: 1.00, Reliability: 0.839, GateAbs: 6.152e-03, Base Lr: 6.52e-04
2026-07-23 19:19:05 transreid.train INFO: Epoch[34] Iter[140/227] Loss: 0.355, Pose: 0.476, Acc: 0.981, Student: 1.00, Reliability: 0.827, GateAbs: 6.158e-03, Base Lr: 6.52e-04
2026-07-23 19:19:21 transreid.train INFO: Epoch[34] Iter[160/227] Loss: 0.349, Pose: 0.475, Acc: 0.982, Student: 1.00, Reliability: 0.853, GateAbs: 6.198e-03, Base Lr: 6.52e-04
2026-07-23 19:19:38 transreid.train INFO: Epoch[34] Iter[180/227] Loss: 0.343, Pose: 0.476, Acc: 0.982, Student: 1.00, Reliability: 0.847, GateAbs: 6.178e-03, Base Lr: 6.52e-04
2026-07-23 19:19:54 transreid.train INFO: Epoch[34] Iter[200/227] Loss: 0.332, Pose: 0.476, Acc: 0.983, Student: 1.00, Reliability: 0.825, GateAbs: 6.204e-03, Base Lr: 6.52e-04
2026-07-23 19:20:04 transreid.train INFO: Epoch 34 done. Time per epoch: 172.681[s] Speed: 78.6[samples/s]
2026-07-23 19:20:05 transreid.train INFO: PCMPSR epoch=35 control=zero_owner first-batch loss/positive/negative/owner-terms/owner-unique/fallback=0.000147/24.678949/50.386738/0/2.2969/0.000000 controls=None
2026-07-23 19:20:05 transreid.train INFO: PSCIR epoch=35 control=pose_only first-batch loss/zero/region/positive/negative/segment=0.000082/0.000147/0.000016/19.963476/47.897511/46.421692 edge-weight=[6.609375, 6.8125, 6.578125] controls=None
2026-07-23 19:20:20 transreid.train INFO: Epoch[35] Iter[20/227] Loss: 0.372, Pose: 0.472, Acc: 0.985, Student: 1.00, Reliability: 0.856, GateAbs: 6.203e-03, Base Lr: 6.44e-04
2026-07-23 19:20:36 transreid.train INFO: Epoch[35] Iter[40/227] Loss: 0.381, Pose: 0.474, Acc: 0.983, Student: 1.00, Reliability: 0.840, GateAbs: 6.211e-03, Base Lr: 6.44e-04
2026-07-23 19:20:53 transreid.train INFO: Epoch[35] Iter[60/227] Loss: 0.375, Pose: 0.475, Acc: 0.984, Student: 1.00, Reliability: 0.826, GateAbs: 6.228e-03, Base Lr: 6.44e-04
2026-07-23 19:21:09 transreid.train INFO: Epoch[35] Iter[80/227] Loss: 0.372, Pose: 0.476, Acc: 0.983, Student: 1.00, Reliability: 0.842, GateAbs: 6.241e-03, Base Lr: 6.44e-04
2026-07-23 19:21:25 transreid.train INFO: Epoch[35] Iter[100/227] Loss: 0.366, Pose: 0.475, Acc: 0.981, Student: 1.00, Reliability: 0.859, GateAbs: 6.248e-03, Base Lr: 6.44e-04
2026-07-23 19:21:42 transreid.train INFO: Epoch[35] Iter[120/227] Loss: 0.365, Pose: 0.474, Acc: 0.980, Student: 1.00, Reliability: 0.859, GateAbs: 6.225e-03, Base Lr: 6.44e-04
2026-07-23 19:21:58 transreid.train INFO: Epoch[35] Iter[140/227] Loss: 0.356, Pose: 0.475, Acc: 0.981, Student: 1.00, Reliability: 0.822, GateAbs: 6.282e-03, Base Lr: 6.44e-04
2026-07-23 19:22:14 transreid.train INFO: Epoch[35] Iter[160/227] Loss: 0.344, Pose: 0.474, Acc: 0.982, Student: 1.00, Reliability: 0.857, GateAbs: 6.274e-03, Base Lr: 6.44e-04
2026-07-23 19:22:30 transreid.train INFO: Epoch[35] Iter[180/227] Loss: 0.335, Pose: 0.474, Acc: 0.983, Student: 1.00, Reliability: 0.850, GateAbs: 6.258e-03, Base Lr: 6.44e-04
2026-07-23 19:22:47 transreid.train INFO: Epoch[35] Iter[200/227] Loss: 0.324, Pose: 0.476, Acc: 0.983, Student: 1.00, Reliability: 0.823, GateAbs: 6.313e-03, Base Lr: 6.44e-04
2026-07-23 19:22:55 transreid.train INFO: Epoch 35 done. Time per epoch: 171.107[s] Speed: 78.5[samples/s]
2026-07-23 19:22:56 transreid.train INFO: PCMPSR epoch=36 control=zero_owner first-batch loss/positive/negative/owner-terms/owner-unique/fallback=0.000002/27.297731/52.885101/0/2.4531/0.000000 controls=None
2026-07-23 19:22:56 transreid.train INFO: PSCIR epoch=36 control=pose_only first-batch loss/zero/region/positive/negative/segment=0.000001/0.000002/0.000000/21.704609/50.166809/48.674889 edge-weight=[6.5625, 6.578125, 6.859375] controls=None
2026-07-23 19:23:11 transreid.train INFO: Epoch[36] Iter[20/227] Loss: 0.379, Pose: 0.468, Acc: 0.980, Student: 1.00, Reliability: 0.833, GateAbs: 6.289e-03, Base Lr: 6.35e-04
2026-07-23 19:23:28 transreid.train INFO: Epoch[36] Iter[40/227] Loss: 0.369, Pose: 0.473, Acc: 0.979, Student: 1.00, Reliability: 0.846, GateAbs: 6.322e-03, Base Lr: 6.35e-04
2026-07-23 19:23:44 transreid.train INFO: Epoch[36] Iter[60/227] Loss: 0.368, Pose: 0.471, Acc: 0.980, Student: 1.00, Reliability: 0.861, GateAbs: 6.316e-03, Base Lr: 6.35e-04
2026-07-23 19:24:00 transreid.train INFO: Epoch[36] Iter[80/227] Loss: 0.352, Pose: 0.471, Acc: 0.982, Student: 1.00, Reliability: 0.833, GateAbs: 6.302e-03, Base Lr: 6.35e-04
2026-07-23 19:24:17 transreid.train INFO: Epoch[36] Iter[100/227] Loss: 0.344, Pose: 0.472, Acc: 0.983, Student: 1.00, Reliability: 0.842, GateAbs: 6.337e-03, Base Lr: 6.35e-04
2026-07-23 19:24:33 transreid.train INFO: Epoch[36] Iter[120/227] Loss: 0.335, Pose: 0.472, Acc: 0.983, Student: 1.00, Reliability: 0.833, GateAbs: 6.346e-03, Base Lr: 6.35e-04
2026-07-23 19:24:49 transreid.train INFO: Epoch[36] Iter[140/227] Loss: 0.329, Pose: 0.473, Acc: 0.983, Student: 1.00, Reliability: 0.834, GateAbs: 6.309e-03, Base Lr: 6.35e-04
2026-07-23 19:25:05 transreid.train INFO: Epoch[36] Iter[160/227] Loss: 0.322, Pose: 0.472, Acc: 0.984, Student: 1.00, Reliability: 0.851, GateAbs: 6.344e-03, Base Lr: 6.35e-04
2026-07-23 19:25:22 transreid.train INFO: Epoch[36] Iter[180/227] Loss: 0.315, Pose: 0.473, Acc: 0.984, Student: 1.00, Reliability: 0.829, GateAbs: 6.361e-03, Base Lr: 6.35e-04
2026-07-23 19:25:38 transreid.train INFO: Epoch[36] Iter[200/227] Loss: 0.304, Pose: 0.473, Acc: 0.984, Student: 1.00, Reliability: 0.831, GateAbs: 6.384e-03, Base Lr: 6.35e-04
2026-07-23 19:25:49 transreid.train INFO: Epoch 36 done. Time per epoch: 173.946[s] Speed: 78.4[samples/s]
2026-07-23 19:25:50 transreid.train INFO: PCMPSR epoch=37 control=zero_owner first-batch loss/positive/negative/owner-terms/owner-unique/fallback=0.000438/26.772734/52.338051/0/2.2969/0.000000 controls=None
2026-07-23 19:25:50 transreid.train INFO: PSCIR epoch=37 control=pose_only first-batch loss/zero/region/positive/negative/segment=0.000619/0.000438/0.000799/21.667761/49.690708/48.259155 edge-weight=[6.546875, 6.484375, 6.96875] controls=None
2026-07-23 19:26:05 transreid.train INFO: Epoch[37] Iter[20/227] Loss: 0.332, Pose: 0.472, Acc: 0.981, Student: 1.00, Reliability: 0.859, GateAbs: 6.381e-03, Base Lr: 6.27e-04
2026-07-23 19:26:21 transreid.train INFO: Epoch[37] Iter[40/227] Loss: 0.330, Pose: 0.469, Acc: 0.980, Student: 1.00, Reliability: 0.849, GateAbs: 6.382e-03, Base Lr: 6.27e-04
2026-07-23 19:26:38 transreid.train INFO: Epoch[37] Iter[60/227] Loss: 0.324, Pose: 0.469, Acc: 0.981, Student: 1.00, Reliability: 0.853, GateAbs: 6.392e-03, Base Lr: 6.27e-04
2026-07-23 19:26:54 transreid.train INFO: Epoch[37] Iter[80/227] Loss: 0.323, Pose: 0.471, Acc: 0.981, Student: 1.00, Reliability: 0.860, GateAbs: 6.366e-03, Base Lr: 6.27e-04
2026-07-23 19:27:10 transreid.train INFO: Epoch[37] Iter[100/227] Loss: 0.314, Pose: 0.472, Acc: 0.982, Student: 1.00, Reliability: 0.852, GateAbs: 6.387e-03, Base Lr: 6.27e-04
2026-07-23 19:27:26 transreid.train INFO: Epoch[37] Iter[120/227] Loss: 0.309, Pose: 0.471, Acc: 0.984, Student: 1.00, Reliability: 0.855, GateAbs: 6.378e-03, Base Lr: 6.27e-04
2026-07-23 19:27:43 transreid.train INFO: Epoch[37] Iter[140/227] Loss: 0.308, Pose: 0.472, Acc: 0.983, Student: 1.00, Reliability: 0.838, GateAbs: 6.370e-03, Base Lr: 6.27e-04
2026-07-23 19:27:59 transreid.train INFO: Epoch[37] Iter[160/227] Loss: 0.302, Pose: 0.472, Acc: 0.983, Student: 1.00, Reliability: 0.861, GateAbs: 6.395e-03, Base Lr: 6.27e-04
2026-07-23 19:28:15 transreid.train INFO: Epoch[37] Iter[180/227] Loss: 0.293, Pose: 0.473, Acc: 0.984, Student: 1.00, Reliability: 0.840, GateAbs: 6.415e-03, Base Lr: 6.27e-04
2026-07-23 19:28:32 transreid.train INFO: Epoch[37] Iter[200/227] Loss: 0.283, Pose: 0.473, Acc: 0.984, Student: 1.00, Reliability: 0.848, GateAbs: 6.434e-03, Base Lr: 6.27e-04
2026-07-23 19:28:40 transreid.train INFO: Epoch 37 done. Time per epoch: 171.779[s] Speed: 78.6[samples/s]
2026-07-23 19:28:42 transreid.train INFO: PCMPSR epoch=38 control=zero_owner first-batch loss/positive/negative/owner-terms/owner-unique/fallback=0.000004/26.432953/52.390099/0/2.2969/0.000000 controls=None
2026-07-23 19:28:42 transreid.train INFO: PSCIR epoch=38 control=pose_only first-batch loss/zero/region/positive/negative/segment=0.000003/0.000004/0.000001/21.281952/49.831383/48.372803 edge-weight=[6.46875, 7.171875, 6.359375] controls=None
2026-07-23 19:28:57 transreid.train INFO: Epoch[38] Iter[20/227] Loss: 0.309, Pose: 0.466, Acc: 0.988, Student: 1.00, Reliability: 0.850, GateAbs: 6.411e-03, Base Lr: 6.18e-04
2026-07-23 19:29:13 transreid.train INFO: Epoch[38] Iter[40/227] Loss: 0.308, Pose: 0.471, Acc: 0.989, Student: 1.00, Reliability: 0.840, GateAbs: 6.401e-03, Base Lr: 6.18e-04
2026-07-23 19:29:30 transreid.train INFO: Epoch[38] Iter[60/227] Loss: 0.311, Pose: 0.471, Acc: 0.987, Student: 1.00, Reliability: 0.850, GateAbs: 6.416e-03, Base Lr: 6.18e-04
2026-07-23 19:29:46 transreid.train INFO: Epoch[38] Iter[80/227] Loss: 0.303, Pose: 0.470, Acc: 0.987, Student: 1.00, Reliability: 0.838, GateAbs: 6.432e-03, Base Lr: 6.18e-04
2026-07-23 19:30:02 transreid.train INFO: Epoch[38] Iter[100/227] Loss: 0.305, Pose: 0.470, Acc: 0.987, Student: 1.00, Reliability: 0.850, GateAbs: 6.414e-03, Base Lr: 6.18e-04
2026-07-23 19:30:18 transreid.train INFO: Epoch[38] Iter[120/227] Loss: 0.296, Pose: 0.470, Acc: 0.987, Student: 1.00, Reliability: 0.836, GateAbs: 6.454e-03, Base Lr: 6.18e-04
2026-07-23 19:30:35 transreid.train INFO: Epoch[38] Iter[140/227] Loss: 0.291, Pose: 0.472, Acc: 0.987, Student: 1.00, Reliability: 0.836, GateAbs: 6.454e-03, Base Lr: 6.18e-04
2026-07-23 19:30:51 transreid.train INFO: Epoch[38] Iter[160/227] Loss: 0.284, Pose: 0.472, Acc: 0.987, Student: 1.00, Reliability: 0.844, GateAbs: 6.463e-03, Base Lr: 6.18e-04
2026-07-23 19:31:07 transreid.train INFO: Epoch[38] Iter[180/227] Loss: 0.279, Pose: 0.472, Acc: 0.987, Student: 1.00, Reliability: 0.837, GateAbs: 6.472e-03, Base Lr: 6.18e-04
2026-07-23 19:31:24 transreid.train INFO: Epoch[38] Iter[200/227] Loss: 0.271, Pose: 0.472, Acc: 0.987, Student: 1.00, Reliability: 0.848, GateAbs: 6.463e-03, Base Lr: 6.18e-04
2026-07-23 19:31:33 transreid.train INFO: Epoch 38 done. Time per epoch: 172.814[s] Speed: 78.5[samples/s]
2026-07-23 19:31:34 transreid.train INFO: PCMPSR epoch=39 control=zero_owner first-batch loss/positive/negative/owner-terms/owner-unique/fallback=0.000005/25.159267/50.674664/0/2.2031/0.000000 controls=None
2026-07-23 19:31:34 transreid.train INFO: PSCIR epoch=39 control=pose_only first-batch loss/zero/region/positive/negative/segment=0.000003/0.000005/0.000001/20.270681/48.347740/46.878326 edge-weight=[6.5625, 6.875, 6.5625] controls=None
2026-07-23 19:31:50 transreid.train INFO: Epoch[39] Iter[20/227] Loss: 0.300, Pose: 0.467, Acc: 0.987, Student: 1.00, Reliability: 0.857, GateAbs: 6.450e-03, Base Lr: 6.09e-04
2026-07-23 19:32:06 transreid.train INFO: Epoch[39] Iter[40/227] Loss: 0.307, Pose: 0.469, Acc: 0.985, Student: 1.00, Reliability: 0.860, GateAbs: 6.485e-03, Base Lr: 6.09e-04
2026-07-23 19:32:22 transreid.train INFO: Epoch[39] Iter[60/227] Loss: 0.301, Pose: 0.469, Acc: 0.987, Student: 1.00, Reliability: 0.850, GateAbs: 6.473e-03, Base Lr: 6.09e-04
2026-07-23 19:32:39 transreid.train INFO: Epoch[39] Iter[80/227] Loss: 0.291, Pose: 0.471, Acc: 0.987, Student: 1.00, Reliability: 0.862, GateAbs: 6.485e-03, Base Lr: 6.09e-04
2026-07-23 19:32:55 transreid.train INFO: Epoch[39] Iter[100/227] Loss: 0.285, Pose: 0.470, Acc: 0.988, Student: 1.00, Reliability: 0.859, GateAbs: 6.492e-03, Base Lr: 6.09e-04
2026-07-23 19:33:11 transreid.train INFO: Epoch[39] Iter[120/227] Loss: 0.276, Pose: 0.470, Acc: 0.988, Student: 1.00, Reliability: 0.834, GateAbs: 6.480e-03, Base Lr: 6.09e-04
2026-07-23 19:33:27 transreid.train INFO: Epoch[39] Iter[140/227] Loss: 0.272, Pose: 0.470, Acc: 0.989, Student: 1.00, Reliability: 0.839, GateAbs: 6.489e-03, Base Lr: 6.09e-04
2026-07-23 19:33:44 transreid.train INFO: Epoch[39] Iter[160/227] Loss: 0.265, Pose: 0.470, Acc: 0.989, Student: 1.00, Reliability: 0.838, GateAbs: 6.511e-03, Base Lr: 6.09e-04
2026-07-23 19:34:00 transreid.train INFO: Epoch[39] Iter[180/227] Loss: 0.259, Pose: 0.471, Acc: 0.989, Student: 1.00, Reliability: 0.865, GateAbs: 6.522e-03, Base Lr: 6.09e-04
2026-07-23 19:34:16 transreid.train INFO: Epoch[39] Iter[200/227] Loss: 0.252, Pose: 0.471, Acc: 0.989, Student: 1.00, Reliability: 0.846, GateAbs: 6.497e-03, Base Lr: 6.09e-04
2026-07-23 19:34:25 transreid.train INFO: Epoch 39 done. Time per epoch: 171.779[s] Speed: 78.6[samples/s]
2026-07-23 19:34:26 transreid.train INFO: PCMPSR epoch=40 control=zero_owner first-batch loss/positive/negative/owner-terms/owner-unique/fallback=0.001951/26.226227/52.083138/0/2.2656/0.000000 controls=None
2026-07-23 19:34:26 transreid.train INFO: PSCIR epoch=40 control=pose_only first-batch loss/zero/region/positive/negative/segment=0.006671/0.001951/0.011390/21.454033/49.741013/48.223915 edge-weight=[6.796875, 6.515625, 6.6875] controls=None
2026-07-23 19:34:42 transreid.train INFO: Epoch[40] Iter[20/227] Loss: 0.317, Pose: 0.472, Acc: 0.984, Student: 1.00, Reliability: 0.838, GateAbs: 6.471e-03, Base Lr: 6.00e-04
2026-07-23 19:34:58 transreid.train INFO: Epoch[40] Iter[40/227] Loss: 0.287, Pose: 0.470, Acc: 0.986, Student: 1.00, Reliability: 0.857, GateAbs: 6.501e-03, Base Lr: 6.00e-04
2026-07-23 19:35:14 transreid.train INFO: Epoch[40] Iter[60/227] Loss: 0.283, Pose: 0.471, Acc: 0.986, Student: 1.00, Reliability: 0.857, GateAbs: 6.539e-03, Base Lr: 6.00e-04
2026-07-23 19:35:30 transreid.train INFO: Epoch[40] Iter[80/227] Loss: 0.279, Pose: 0.471, Acc: 0.986, Student: 1.00, Reliability: 0.843, GateAbs: 6.537e-03, Base Lr: 6.00e-04
2026-07-23 19:35:47 transreid.train INFO: Epoch[40] Iter[100/227] Loss: 0.275, Pose: 0.472, Acc: 0.985, Student: 1.00, Reliability: 0.852, GateAbs: 6.553e-03, Base Lr: 6.00e-04
2026-07-23 19:36:03 transreid.train INFO: Epoch[40] Iter[120/227] Loss: 0.273, Pose: 0.471, Acc: 0.985, Student: 1.00, Reliability: 0.849, GateAbs: 6.555e-03, Base Lr: 6.00e-04
2026-07-23 19:36:19 transreid.train INFO: Epoch[40] Iter[140/227] Loss: 0.267, Pose: 0.470, Acc: 0.986, Student: 1.00, Reliability: 0.854, GateAbs: 6.529e-03, Base Lr: 6.00e-04
2026-07-23 19:36:36 transreid.train INFO: Epoch[40] Iter[160/227] Loss: 0.263, Pose: 0.471, Acc: 0.987, Student: 1.00, Reliability: 0.847, GateAbs: 6.584e-03, Base Lr: 6.00e-04
2026-07-23 19:36:52 transreid.train INFO: Epoch[40] Iter[180/227] Loss: 0.258, Pose: 0.470, Acc: 0.987, Student: 1.00, Reliability: 0.878, GateAbs: 6.556e-03, Base Lr: 6.00e-04
2026-07-23 19:37:08 transreid.train INFO: Epoch[40] Iter[200/227] Loss: 0.251, Pose: 0.471, Acc: 0.987, Student: 1.00, Reliability: 0.833, GateAbs: 6.551e-03, Base Lr: 6.00e-04
2026-07-23 19:37:16 transreid.train INFO: Epoch 40 done. Time per epoch: 171.258[s] Speed: 78.5[samples/s]
The test feature is normalized
=> Computing DistMat with euclidean_distance
2026-07-23 19:37:38 transreid.train INFO: Validation Results - Epoch: 40
2026-07-23 19:37:38 transreid.train INFO: mAP: 55.9%
2026-07-23 19:37:38 transreid.train INFO: CMC curve, Rank-1  :68.3%
2026-07-23 19:37:38 transreid.train INFO: CMC curve, Rank-5  :80.7%
2026-07-23 19:37:38 transreid.train INFO: CMC curve, Rank-10 :85.0%
2026-07-23 19:37:40 transreid.train INFO: PCMPSR epoch=41 control=zero_owner first-batch loss/positive/negative/owner-terms/owner-unique/fallback=0.000245/26.005203/51.695591/0/2.2344/0.000000 controls=None
2026-07-23 19:37:40 transreid.train INFO: PSCIR epoch=41 control=pose_only first-batch loss/zero/region/positive/negative/segment=0.000360/0.000245/0.000475/21.051811/49.256275/47.801567 edge-weight=[6.671875, 6.59375, 6.734375] controls=None
2026-07-23 19:37:55 transreid.train INFO: Epoch[41] Iter[20/227] Loss: 0.287, Pose: 0.470, Acc: 0.987, Student: 1.00, Reliability: 0.841, GateAbs: 6.545e-03, Base Lr: 5.91e-04
2026-07-23 19:38:11 transreid.train INFO: Epoch[41] Iter[40/227] Loss: 0.293, Pose: 0.472, Acc: 0.984, Student: 1.00, Reliability: 0.846, GateAbs: 6.553e-03, Base Lr: 5.91e-04
2026-07-23 19:38:28 transreid.train INFO: Epoch[41] Iter[60/227] Loss: 0.280, Pose: 0.471, Acc: 0.985, Student: 1.00, Reliability: 0.849, GateAbs: 6.552e-03, Base Lr: 5.91e-04
2026-07-23 19:38:44 transreid.train INFO: Epoch[41] Iter[80/227] Loss: 0.272, Pose: 0.471, Acc: 0.986, Student: 1.00, Reliability: 0.853, GateAbs: 6.588e-03, Base Lr: 5.91e-04
2026-07-23 19:39:00 transreid.train INFO: Epoch[41] Iter[100/227] Loss: 0.266, Pose: 0.470, Acc: 0.987, Student: 1.00, Reliability: 0.826, GateAbs: 6.576e-03, Base Lr: 5.91e-04
2026-07-23 19:39:16 transreid.train INFO: Epoch[41] Iter[120/227] Loss: 0.259, Pose: 0.470, Acc: 0.988, Student: 1.00, Reliability: 0.841, GateAbs: 6.578e-03, Base Lr: 5.91e-04
2026-07-23 19:39:32 transreid.train INFO: Epoch[41] Iter[140/227] Loss: 0.253, Pose: 0.470, Acc: 0.988, Student: 1.00, Reliability: 0.869, GateAbs: 6.563e-03, Base Lr: 5.91e-04
2026-07-23 19:39:49 transreid.train INFO: Epoch[41] Iter[160/227] Loss: 0.246, Pose: 0.470, Acc: 0.989, Student: 1.00, Reliability: 0.825, GateAbs: 6.545e-03, Base Lr: 5.91e-04
2026-07-23 19:40:05 transreid.train INFO: Epoch[41] Iter[180/227] Loss: 0.243, Pose: 0.470, Acc: 0.989, Student: 1.00, Reliability: 0.843, GateAbs: 6.586e-03, Base Lr: 5.91e-04
2026-07-23 19:40:21 transreid.train INFO: Epoch[41] Iter[200/227] Loss: 0.234, Pose: 0.471, Acc: 0.989, Student: 1.00, Reliability: 0.833, GateAbs: 6.536e-03, Base Lr: 5.91e-04
2026-07-23 19:40:31 transreid.train INFO: Epoch 41 done. Time per epoch: 172.444[s] Speed: 78.7[samples/s]
2026-07-23 19:40:32 transreid.train INFO: PCMPSR epoch=42 control=zero_owner first-batch loss/positive/negative/owner-terms/owner-unique/fallback=0.007126/27.630114/52.533108/0/2.2969/0.000000 controls=None
2026-07-23 19:40:32 transreid.train INFO: PSCIR epoch=42 control=pose_only first-batch loss/zero/region/positive/negative/segment=0.006450/0.007126/0.005774/21.884140/49.873383/48.442093 edge-weight=[6.5625, 6.65625, 6.78125] controls=None
2026-07-23 19:40:47 transreid.train INFO: Epoch[42] Iter[20/227] Loss: 0.276, Pose: 0.469, Acc: 0.983, Student: 1.00, Reliability: 0.834, GateAbs: 6.632e-03, Base Lr: 5.82e-04
2026-07-23 19:41:04 transreid.train INFO: Epoch[42] Iter[40/227] Loss: 0.263, Pose: 0.468, Acc: 0.984, Student: 1.00, Reliability: 0.857, GateAbs: 6.608e-03, Base Lr: 5.82e-04
2026-07-23 19:41:20 transreid.train INFO: Epoch[42] Iter[60/227] Loss: 0.259, Pose: 0.468, Acc: 0.986, Student: 1.00, Reliability: 0.833, GateAbs: 6.625e-03, Base Lr: 5.82e-04
2026-07-23 19:41:36 transreid.train INFO: Epoch[42] Iter[80/227] Loss: 0.258, Pose: 0.468, Acc: 0.987, Student: 1.00, Reliability: 0.853, GateAbs: 6.637e-03, Base Lr: 5.82e-04
2026-07-23 19:41:52 transreid.train INFO: Epoch[42] Iter[100/227] Loss: 0.253, Pose: 0.468, Acc: 0.987, Student: 1.00, Reliability: 0.852, GateAbs: 6.617e-03, Base Lr: 5.82e-04
2026-07-23 19:42:09 transreid.train INFO: Epoch[42] Iter[120/227] Loss: 0.249, Pose: 0.468, Acc: 0.987, Student: 1.00, Reliability: 0.846, GateAbs: 6.628e-03, Base Lr: 5.82e-04
2026-07-23 19:42:25 transreid.train INFO: Epoch[42] Iter[140/227] Loss: 0.244, Pose: 0.469, Acc: 0.988, Student: 1.00, Reliability: 0.839, GateAbs: 6.609e-03, Base Lr: 5.82e-04
2026-07-23 19:42:41 transreid.train INFO: Epoch[42] Iter[160/227] Loss: 0.238, Pose: 0.468, Acc: 0.989, Student: 1.00, Reliability: 0.850, GateAbs: 6.672e-03, Base Lr: 5.82e-04
2026-07-23 19:42:57 transreid.train INFO: Epoch[42] Iter[180/227] Loss: 0.232, Pose: 0.469, Acc: 0.989, Student: 1.00, Reliability: 0.855, GateAbs: 6.626e-03, Base Lr: 5.82e-04
2026-07-23 19:43:14 transreid.train INFO: Epoch[42] Iter[200/227] Loss: 0.227, Pose: 0.470, Acc: 0.989, Student: 1.00, Reliability: 0.840, GateAbs: 6.648e-03, Base Lr: 5.82e-04
2026-07-23 19:43:23 transreid.train INFO: Epoch 42 done. Time per epoch: 171.715[s] Speed: 78.6[samples/s]
2026-07-23 19:43:24 transreid.train INFO: PCMPSR epoch=43 control=zero_owner first-batch loss/positive/negative/owner-terms/owner-unique/fallback=0.153641/25.447880/51.186886/0/2.3906/0.000000 controls=None
2026-07-23 19:43:24 transreid.train INFO: PSCIR epoch=43 control=pose_only first-batch loss/zero/region/positive/negative/segment=0.088082/0.153641/0.022524/20.382763/48.704147/47.206818 edge-weight=[6.78125, 6.703125, 6.515625] controls=None
2026-07-23 19:43:39 transreid.train INFO: Epoch[43] Iter[20/227] Loss: 0.282, Pose: 0.470, Acc: 0.986, Student: 1.00, Reliability: 0.846, GateAbs: 6.627e-03, Base Lr: 5.73e-04
2026-07-23 19:43:56 transreid.train INFO: Epoch[43] Iter[40/227] Loss: 0.266, Pose: 0.468, Acc: 0.988, Student: 1.00, Reliability: 0.856, GateAbs: 6.617e-03, Base Lr: 5.73e-04
2026-07-23 19:44:12 transreid.train INFO: Epoch[43] Iter[60/227] Loss: 0.259, Pose: 0.469, Acc: 0.987, Student: 1.00, Reliability: 0.850, GateAbs: 6.658e-03, Base Lr: 5.73e-04
2026-07-23 19:44:28 transreid.train INFO: Epoch[43] Iter[80/227] Loss: 0.248, Pose: 0.468, Acc: 0.989, Student: 1.00, Reliability: 0.857, GateAbs: 6.653e-03, Base Lr: 5.73e-04
2026-07-23 19:44:44 transreid.train INFO: Epoch[43] Iter[100/227] Loss: 0.243, Pose: 0.467, Acc: 0.989, Student: 1.00, Reliability: 0.854, GateAbs: 6.667e-03, Base Lr: 5.73e-04
2026-07-23 19:45:01 transreid.train INFO: Epoch[43] Iter[120/227] Loss: 0.240, Pose: 0.468, Acc: 0.989, Student: 1.00, Reliability: 0.860, GateAbs: 6.651e-03, Base Lr: 5.73e-04
2026-07-23 19:45:17 transreid.train INFO: Epoch[43] Iter[140/227] Loss: 0.237, Pose: 0.469, Acc: 0.989, Student: 1.00, Reliability: 0.834, GateAbs: 6.662e-03, Base Lr: 5.73e-04
2026-07-23 19:45:33 transreid.train INFO: Epoch[43] Iter[160/227] Loss: 0.232, Pose: 0.469, Acc: 0.990, Student: 1.00, Reliability: 0.844, GateAbs: 6.676e-03, Base Lr: 5.73e-04
2026-07-23 19:45:50 transreid.train INFO: Epoch[43] Iter[180/227] Loss: 0.226, Pose: 0.469, Acc: 0.990, Student: 1.00, Reliability: 0.850, GateAbs: 6.673e-03, Base Lr: 5.73e-04
2026-07-23 19:46:06 transreid.train INFO: Epoch[43] Iter[200/227] Loss: 0.221, Pose: 0.469, Acc: 0.990, Student: 1.00, Reliability: 0.843, GateAbs: 6.691e-03, Base Lr: 5.73e-04
2026-07-23 19:46:15 transreid.train INFO: Epoch 43 done. Time per epoch: 172.269[s] Speed: 78.4[samples/s]
2026-07-23 19:46:16 transreid.train INFO: PCMPSR epoch=44 control=zero_owner first-batch loss/positive/negative/owner-terms/owner-unique/fallback=0.000000/26.741138/51.989452/0/2.0312/0.000000 controls=None
2026-07-23 19:46:16 transreid.train INFO: PSCIR epoch=44 control=pose_only first-batch loss/zero/region/positive/negative/segment=0.000000/0.000000/0.000000/21.582603/49.422653/47.943432 edge-weight=[6.71875, 6.890625, 6.390625] controls=None
2026-07-23 19:46:31 transreid.train INFO: Epoch[44] Iter[20/227] Loss: 0.238, Pose: 0.460, Acc: 0.988, Student: 1.00, Reliability: 0.856, GateAbs: 6.674e-03, Base Lr: 5.63e-04
2026-07-23 19:46:48 transreid.train INFO: Epoch[44] Iter[40/227] Loss: 0.253, Pose: 0.465, Acc: 0.987, Student: 1.00, Reliability: 0.854, GateAbs: 6.680e-03, Base Lr: 5.63e-04
2026-07-23 19:47:04 transreid.train INFO: Epoch[44] Iter[60/227] Loss: 0.253, Pose: 0.465, Acc: 0.986, Student: 1.00, Reliability: 0.845, GateAbs: 6.696e-03, Base Lr: 5.63e-04
2026-07-23 19:47:20 transreid.train INFO: Epoch[44] Iter[80/227] Loss: 0.254, Pose: 0.466, Acc: 0.987, Student: 1.00, Reliability: 0.818, GateAbs: 6.748e-03, Base Lr: 5.63e-04
2026-07-23 19:47:36 transreid.train INFO: Epoch[44] Iter[100/227] Loss: 0.247, Pose: 0.467, Acc: 0.988, Student: 1.00, Reliability: 0.829, GateAbs: 6.672e-03, Base Lr: 5.63e-04
2026-07-23 19:47:53 transreid.train INFO: Epoch[44] Iter[120/227] Loss: 0.241, Pose: 0.466, Acc: 0.989, Student: 1.00, Reliability: 0.835, GateAbs: 6.668e-03, Base Lr: 5.63e-04
2026-07-23 19:48:09 transreid.train INFO: Epoch[44] Iter[140/227] Loss: 0.236, Pose: 0.467, Acc: 0.989, Student: 1.00, Reliability: 0.829, GateAbs: 6.710e-03, Base Lr: 5.63e-04
2026-07-23 19:48:25 transreid.train INFO: Epoch[44] Iter[160/227] Loss: 0.232, Pose: 0.467, Acc: 0.989, Student: 1.00, Reliability: 0.841, GateAbs: 6.756e-03, Base Lr: 5.63e-04
2026-07-23 19:48:41 transreid.train INFO: Epoch[44] Iter[180/227] Loss: 0.229, Pose: 0.468, Acc: 0.988, Student: 1.00, Reliability: 0.824, GateAbs: 6.726e-03, Base Lr: 5.63e-04
2026-07-23 19:48:58 transreid.train INFO: Epoch[44] Iter[200/227] Loss: 0.221, Pose: 0.469, Acc: 0.989, Student: 1.00, Reliability: 0.838, GateAbs: 6.751e-03, Base Lr: 5.63e-04
2026-07-23 19:49:07 transreid.train INFO: Epoch 44 done. Time per epoch: 172.374[s] Speed: 78.7[samples/s]
2026-07-23 19:49:08 transreid.train INFO: PCMPSR epoch=45 control=zero_owner first-batch loss/positive/negative/owner-terms/owner-unique/fallback=0.000000/25.430157/51.875580/0/2.1875/0.000000 controls=None
2026-07-23 19:49:08 transreid.train INFO: PSCIR epoch=45 control=pose_only first-batch loss/zero/region/positive/negative/segment=0.000000/0.000000/0.000000/20.609188/49.430634/47.936600 edge-weight=[6.828125, 6.59375, 6.578125] controls=None
2026-07-23 19:49:24 transreid.train INFO: Epoch[45] Iter[20/227] Loss: 0.241, Pose: 0.464, Acc: 0.991, Student: 1.00, Reliability: 0.836, GateAbs: 6.765e-03, Base Lr: 5.54e-04
2026-07-23 19:49:40 transreid.train INFO: Epoch[45] Iter[40/227] Loss: 0.242, Pose: 0.465, Acc: 0.992, Student: 1.00, Reliability: 0.852, GateAbs: 6.738e-03, Base Lr: 5.54e-04
2026-07-23 19:49:57 transreid.train INFO: Epoch[45] Iter[60/227] Loss: 0.235, Pose: 0.467, Acc: 0.992, Student: 1.00, Reliability: 0.848, GateAbs: 6.750e-03, Base Lr: 5.54e-04
2026-07-23 19:50:13 transreid.train INFO: Epoch[45] Iter[80/227] Loss: 0.230, Pose: 0.466, Acc: 0.992, Student: 1.00, Reliability: 0.840, GateAbs: 6.751e-03, Base Lr: 5.54e-04
2026-07-23 19:50:29 transreid.train INFO: Epoch[45] Iter[100/227] Loss: 0.228, Pose: 0.467, Acc: 0.992, Student: 1.00, Reliability: 0.840, GateAbs: 6.771e-03, Base Lr: 5.54e-04
2026-07-23 19:50:46 transreid.train INFO: Epoch[45] Iter[120/227] Loss: 0.223, Pose: 0.467, Acc: 0.992, Student: 1.00, Reliability: 0.853, GateAbs: 6.798e-03, Base Lr: 5.54e-04
2026-07-23 19:51:02 transreid.train INFO: Epoch[45] Iter[140/227] Loss: 0.221, Pose: 0.467, Acc: 0.992, Student: 1.00, Reliability: 0.837, GateAbs: 6.796e-03, Base Lr: 5.54e-04
2026-07-23 19:51:18 transreid.train INFO: Epoch[45] Iter[160/227] Loss: 0.216, Pose: 0.466, Acc: 0.992, Student: 1.00, Reliability: 0.851, GateAbs: 6.766e-03, Base Lr: 5.54e-04
2026-07-23 19:51:35 transreid.train INFO: Epoch[45] Iter[180/227] Loss: 0.211, Pose: 0.467, Acc: 0.992, Student: 1.00, Reliability: 0.836, GateAbs: 6.795e-03, Base Lr: 5.54e-04
2026-07-23 19:51:51 transreid.train INFO: Epoch[45] Iter[200/227] Loss: 0.204, Pose: 0.468, Acc: 0.993, Student: 1.00, Reliability: 0.863, GateAbs: 6.814e-03, Base Lr: 5.54e-04
2026-07-23 19:52:00 transreid.train INFO: Epoch 45 done. Time per epoch: 172.557[s] Speed: 78.3[samples/s]
2026-07-23 19:52:01 transreid.train INFO: PCMPSR epoch=46 control=zero_owner first-batch loss/positive/negative/owner-terms/owner-unique/fallback=0.000001/25.099161/49.029480/0/2.3438/0.000000 controls=None
2026-07-23 19:52:01 transreid.train INFO: PSCIR epoch=46 control=pose_only first-batch loss/zero/region/positive/negative/segment=0.000000/0.000001/0.000000/20.062542/46.462978/45.077942 edge-weight=[6.703125, 6.734375, 6.5625] controls=None
2026-07-23 19:52:16 transreid.train INFO: Epoch[46] Iter[20/227] Loss: 0.237, Pose: 0.463, Acc: 0.990, Student: 1.00, Reliability: 0.860, GateAbs: 6.788e-03, Base Lr: 5.44e-04
2026-07-23 19:52:33 transreid.train INFO: Epoch[46] Iter[40/227] Loss: 0.230, Pose: 0.463, Acc: 0.991, Student: 1.00, Reliability: 0.859, GateAbs: 6.829e-03, Base Lr: 5.44e-04
2026-07-23 19:52:49 transreid.train INFO: Epoch[46] Iter[60/227] Loss: 0.222, Pose: 0.467, Acc: 0.991, Student: 1.00, Reliability: 0.823, GateAbs: 6.784e-03, Base Lr: 5.44e-04
2026-07-23 19:53:05 transreid.train INFO: Epoch[46] Iter[80/227] Loss: 0.225, Pose: 0.468, Acc: 0.989, Student: 1.00, Reliability: 0.853, GateAbs: 6.808e-03, Base Lr: 5.44e-04
2026-07-23 19:53:21 transreid.train INFO: Epoch[46] Iter[100/227] Loss: 0.222, Pose: 0.468, Acc: 0.989, Student: 1.00, Reliability: 0.849, GateAbs: 6.818e-03, Base Lr: 5.44e-04
2026-07-23 19:53:38 transreid.train INFO: Epoch[46] Iter[120/227] Loss: 0.215, Pose: 0.468, Acc: 0.991, Student: 1.00, Reliability: 0.838, GateAbs: 6.798e-03, Base Lr: 5.44e-04
2026-07-23 19:53:54 transreid.train INFO: Epoch[46] Iter[140/227] Loss: 0.209, Pose: 0.467, Acc: 0.991, Student: 1.00, Reliability: 0.868, GateAbs: 6.808e-03, Base Lr: 5.44e-04
2026-07-23 19:54:10 transreid.train INFO: Epoch[46] Iter[160/227] Loss: 0.207, Pose: 0.468, Acc: 0.992, Student: 1.00, Reliability: 0.844, GateAbs: 6.841e-03, Base Lr: 5.44e-04
2026-07-23 19:54:26 transreid.train INFO: Epoch[46] Iter[180/227] Loss: 0.202, Pose: 0.468, Acc: 0.992, Student: 1.00, Reliability: 0.857, GateAbs: 6.838e-03, Base Lr: 5.44e-04
2026-07-23 19:54:43 transreid.train INFO: Epoch[46] Iter[200/227] Loss: 0.198, Pose: 0.468, Acc: 0.991, Student: 1.00, Reliability: 0.857, GateAbs: 6.805e-03, Base Lr: 5.44e-04
2026-07-23 19:54:52 transreid.train INFO: Epoch 46 done. Time per epoch: 171.689[s] Speed: 78.7[samples/s]
2026-07-23 19:54:53 transreid.train INFO: PCMPSR epoch=47 control=zero_owner first-batch loss/positive/negative/owner-terms/owner-unique/fallback=0.000004/23.650513/49.049545/0/2.5000/0.000000 controls=None
2026-07-23 19:54:53 transreid.train INFO: PSCIR epoch=47 control=pose_only first-batch loss/zero/region/positive/negative/segment=0.000003/0.000004/0.000001/19.201424/46.880245/45.360222 edge-weight=[6.765625, 6.6875, 6.546875] controls=None
2026-07-23 19:55:08 transreid.train INFO: Epoch[47] Iter[20/227] Loss: 0.211, Pose: 0.461, Acc: 0.991, Student: 1.00, Reliability: 0.838, GateAbs: 6.819e-03, Base Lr: 5.34e-04
2026-07-23 19:55:24 transreid.train INFO: Epoch[47] Iter[40/227] Loss: 0.206, Pose: 0.460, Acc: 0.992, Student: 1.00, Reliability: 0.854, GateAbs: 6.856e-03, Base Lr: 5.34e-04
2026-07-23 19:55:41 transreid.train INFO: Epoch[47] Iter[60/227] Loss: 0.205, Pose: 0.461, Acc: 0.992, Student: 1.00, Reliability: 0.844, GateAbs: 6.870e-03, Base Lr: 5.34e-04
2026-07-23 19:55:57 transreid.train INFO: Epoch[47] Iter[80/227] Loss: 0.201, Pose: 0.463, Acc: 0.992, Student: 1.00, Reliability: 0.843, GateAbs: 6.881e-03, Base Lr: 5.34e-04
2026-07-23 19:56:13 transreid.train INFO: Epoch[47] Iter[100/227] Loss: 0.201, Pose: 0.464, Acc: 0.992, Student: 1.00, Reliability: 0.860, GateAbs: 6.857e-03, Base Lr: 5.34e-04
2026-07-23 19:56:29 transreid.train INFO: Epoch[47] Iter[120/227] Loss: 0.200, Pose: 0.465, Acc: 0.991, Student: 1.00, Reliability: 0.843, GateAbs: 6.860e-03, Base Lr: 5.34e-04
2026-07-23 19:56:46 transreid.train INFO: Epoch[47] Iter[140/227] Loss: 0.198, Pose: 0.465, Acc: 0.991, Student: 1.00, Reliability: 0.834, GateAbs: 6.842e-03, Base Lr: 5.34e-04
2026-07-23 19:57:02 transreid.train INFO: Epoch[47] Iter[160/227] Loss: 0.195, Pose: 0.466, Acc: 0.991, Student: 1.00, Reliability: 0.838, GateAbs: 6.856e-03, Base Lr: 5.34e-04
2026-07-23 19:57:18 transreid.train INFO: Epoch[47] Iter[180/227] Loss: 0.192, Pose: 0.467, Acc: 0.991, Student: 1.00, Reliability: 0.837, GateAbs: 6.882e-03, Base Lr: 5.34e-04
2026-07-23 19:57:34 transreid.train INFO: Epoch[47] Iter[200/227] Loss: 0.187, Pose: 0.468, Acc: 0.992, Student: 1.00, Reliability: 0.849, GateAbs: 6.876e-03, Base Lr: 5.34e-04
2026-07-23 19:57:44 transreid.train INFO: Epoch 47 done. Time per epoch: 172.674[s] Speed: 78.6[samples/s]
2026-07-23 19:57:45 transreid.train INFO: PCMPSR epoch=48 control=zero_owner first-batch loss/positive/negative/owner-terms/owner-unique/fallback=0.000029/25.805923/50.507656/0/2.1719/0.000000 controls=None
2026-07-23 19:57:45 transreid.train INFO: PSCIR epoch=48 control=pose_only first-batch loss/zero/region/positive/negative/segment=0.000015/0.000029/0.000001/20.821774/47.840580/46.516369 edge-weight=[6.9375, 6.40625, 6.65625] controls=None
2026-07-23 19:58:01 transreid.train INFO: Epoch[48] Iter[20/227] Loss: 0.215, Pose: 0.464, Acc: 0.992, Student: 1.00, Reliability: 0.859, GateAbs: 6.888e-03, Base Lr: 5.24e-04
2026-07-23 19:58:17 transreid.train INFO: Epoch[48] Iter[40/227] Loss: 0.220, Pose: 0.464, Acc: 0.992, Student: 1.00, Reliability: 0.864, GateAbs: 6.891e-03, Base Lr: 5.24e-04
2026-07-23 19:58:33 transreid.train INFO: Epoch[48] Iter[60/227] Loss: 0.213, Pose: 0.464, Acc: 0.993, Student: 1.00, Reliability: 0.841, GateAbs: 6.879e-03, Base Lr: 5.24e-04
2026-07-23 19:58:50 transreid.train INFO: Epoch[48] Iter[80/227] Loss: 0.210, Pose: 0.466, Acc: 0.994, Student: 1.00, Reliability: 0.841, GateAbs: 6.868e-03, Base Lr: 5.24e-04
2026-07-23 19:59:06 transreid.train INFO: Epoch[48] Iter[100/227] Loss: 0.206, Pose: 0.466, Acc: 0.993, Student: 1.00, Reliability: 0.828, GateAbs: 6.854e-03, Base Lr: 5.24e-04
2026-07-23 19:59:22 transreid.train INFO: Epoch[48] Iter[120/227] Loss: 0.204, Pose: 0.467, Acc: 0.993, Student: 1.00, Reliability: 0.839, GateAbs: 6.899e-03, Base Lr: 5.24e-04
2026-07-23 19:59:39 transreid.train INFO: Epoch[48] Iter[140/227] Loss: 0.200, Pose: 0.467, Acc: 0.994, Student: 1.00, Reliability: 0.857, GateAbs: 6.924e-03, Base Lr: 5.24e-04
2026-07-23 19:59:55 transreid.train INFO: Epoch[48] Iter[160/227] Loss: 0.195, Pose: 0.468, Acc: 0.994, Student: 1.00, Reliability: 0.850, GateAbs: 6.864e-03, Base Lr: 5.24e-04
2026-07-23 20:00:11 transreid.train INFO: Epoch[48] Iter[180/227] Loss: 0.191, Pose: 0.467, Acc: 0.994, Student: 1.00, Reliability: 0.844, GateAbs: 6.917e-03, Base Lr: 5.24e-04
2026-07-23 20:00:27 transreid.train INFO: Epoch[48] Iter[200/227] Loss: 0.185, Pose: 0.467, Acc: 0.994, Student: 1.00, Reliability: 0.823, GateAbs: 6.905e-03, Base Lr: 5.24e-04
2026-07-23 20:00:36 transreid.train INFO: Epoch 48 done. Time per epoch: 172.051[s] Speed: 78.5[samples/s]
2026-07-23 20:00:37 transreid.train INFO: PCMPSR epoch=49 control=zero_owner first-batch loss/positive/negative/owner-terms/owner-unique/fallback=0.000005/27.527893/51.107708/0/2.3125/0.000000 controls=None
2026-07-23 20:00:37 transreid.train INFO: PSCIR epoch=49 control=pose_only first-batch loss/zero/region/positive/negative/segment=0.000003/0.000005/0.000001/22.000175/48.387394/47.009579 edge-weight=[6.5, 6.65625, 6.84375] controls=None
2026-07-23 20:00:53 transreid.train INFO: Epoch[49] Iter[20/227] Loss: 0.189, Pose: 0.466, Acc: 0.998, Student: 1.00, Reliability: 0.844, GateAbs: 6.922e-03, Base Lr: 5.14e-04
2026-07-23 20:01:09 transreid.train INFO: Epoch[49] Iter[40/227] Loss: 0.191, Pose: 0.467, Acc: 0.996, Student: 1.00, Reliability: 0.838, GateAbs: 6.925e-03, Base Lr: 5.14e-04
2026-07-23 20:01:26 transreid.train INFO: Epoch[49] Iter[60/227] Loss: 0.194, Pose: 0.464, Acc: 0.995, Student: 1.00, Reliability: 0.860, GateAbs: 6.916e-03, Base Lr: 5.14e-04
2026-07-23 20:01:42 transreid.train INFO: Epoch[49] Iter[80/227] Loss: 0.197, Pose: 0.465, Acc: 0.993, Student: 1.00, Reliability: 0.857, GateAbs: 6.928e-03, Base Lr: 5.14e-04
2026-07-23 20:01:58 transreid.train INFO: Epoch[49] Iter[100/227] Loss: 0.194, Pose: 0.466, Acc: 0.993, Student: 1.00, Reliability: 0.853, GateAbs: 6.936e-03, Base Lr: 5.14e-04
2026-07-23 20:02:14 transreid.train INFO: Epoch[49] Iter[120/227] Loss: 0.191, Pose: 0.465, Acc: 0.993, Student: 1.00, Reliability: 0.858, GateAbs: 6.951e-03, Base Lr: 5.14e-04
2026-07-23 20:02:31 transreid.train INFO: Epoch[49] Iter[140/227] Loss: 0.187, Pose: 0.464, Acc: 0.993, Student: 1.00, Reliability: 0.851, GateAbs: 6.914e-03, Base Lr: 5.14e-04
2026-07-23 20:02:47 transreid.train INFO: Epoch[49] Iter[160/227] Loss: 0.182, Pose: 0.465, Acc: 0.994, Student: 1.00, Reliability: 0.832, GateAbs: 6.944e-03, Base Lr: 5.14e-04
2026-07-23 20:03:03 transreid.train INFO: Epoch[49] Iter[180/227] Loss: 0.179, Pose: 0.466, Acc: 0.994, Student: 1.00, Reliability: 0.849, GateAbs: 6.944e-03, Base Lr: 5.14e-04
2026-07-23 20:03:20 transreid.train INFO: Epoch[49] Iter[200/227] Loss: 0.175, Pose: 0.467, Acc: 0.994, Student: 1.00, Reliability: 0.843, GateAbs: 6.936e-03, Base Lr: 5.14e-04
2026-07-23 20:03:29 transreid.train INFO: Epoch 49 done. Time per epoch: 173.058[s] Speed: 78.4[samples/s]
2026-07-23 20:03:30 transreid.train INFO: PCMPSR epoch=50 control=zero_owner first-batch loss/positive/negative/owner-terms/owner-unique/fallback=0.000079/29.087521/51.076069/0/2.1719/0.000000 controls=None
2026-07-23 20:03:30 transreid.train INFO: PSCIR epoch=50 control=pose_only first-batch loss/zero/region/positive/negative/segment=0.000055/0.000079/0.000031/23.148785/48.014877/46.820541 edge-weight=[6.34375, 6.546875, 7.109375] controls=None
2026-07-23 20:03:46 transreid.train INFO: Epoch[50] Iter[20/227] Loss: 0.221, Pose: 0.464, Acc: 0.987, Student: 1.00, Reliability: 0.854, GateAbs: 6.921e-03, Base Lr: 5.04e-04
2026-07-23 20:04:02 transreid.train INFO: Epoch[50] Iter[40/227] Loss: 0.201, Pose: 0.463, Acc: 0.993, Student: 1.00, Reliability: 0.839, GateAbs: 6.949e-03, Base Lr: 5.04e-04
2026-07-23 20:04:19 transreid.train INFO: Epoch[50] Iter[60/227] Loss: 0.193, Pose: 0.464, Acc: 0.994, Student: 1.00, Reliability: 0.852, GateAbs: 6.962e-03, Base Lr: 5.04e-04
2026-07-23 20:04:35 transreid.train INFO: Epoch[50] Iter[80/227] Loss: 0.193, Pose: 0.463, Acc: 0.993, Student: 1.00, Reliability: 0.841, GateAbs: 6.942e-03, Base Lr: 5.04e-04
2026-07-23 20:04:51 transreid.train INFO: Epoch[50] Iter[100/227] Loss: 0.191, Pose: 0.463, Acc: 0.993, Student: 1.00, Reliability: 0.855, GateAbs: 6.924e-03, Base Lr: 5.04e-04
2026-07-23 20:05:07 transreid.train INFO: Epoch[50] Iter[120/227] Loss: 0.189, Pose: 0.464, Acc: 0.993, Student: 1.00, Reliability: 0.857, GateAbs: 6.984e-03, Base Lr: 5.04e-04
2026-07-23 20:05:24 transreid.train INFO: Epoch[50] Iter[140/227] Loss: 0.186, Pose: 0.465, Acc: 0.993, Student: 1.00, Reliability: 0.833, GateAbs: 6.977e-03, Base Lr: 5.04e-04
2026-07-23 20:05:40 transreid.train INFO: Epoch[50] Iter[160/227] Loss: 0.184, Pose: 0.465, Acc: 0.993, Student: 1.00, Reliability: 0.850, GateAbs: 6.966e-03, Base Lr: 5.04e-04
2026-07-23 20:05:56 transreid.train INFO: Epoch[50] Iter[180/227] Loss: 0.180, Pose: 0.465, Acc: 0.993, Student: 1.00, Reliability: 0.836, GateAbs: 6.985e-03, Base Lr: 5.04e-04
2026-07-23 20:06:13 transreid.train INFO: Epoch[50] Iter[200/227] Loss: 0.175, Pose: 0.467, Acc: 0.994, Student: 1.00, Reliability: 0.830, GateAbs: 6.984e-03, Base Lr: 5.04e-04
2026-07-23 20:06:22 transreid.train INFO: Epoch 50 done. Time per epoch: 173.153[s] Speed: 78.4[samples/s]
The test feature is normalized
=> Computing DistMat with euclidean_distance
2026-07-23 20:06:45 transreid.train INFO: Validation Results - Epoch: 50
2026-07-23 20:06:45 transreid.train INFO: mAP: 56.0%
2026-07-23 20:06:45 transreid.train INFO: CMC curve, Rank-1  :67.4%
2026-07-23 20:06:45 transreid.train INFO: CMC curve, Rank-5  :80.7%
2026-07-23 20:06:45 transreid.train INFO: CMC curve, Rank-10 :84.1%
2026-07-23 20:06:46 transreid.train INFO: PCMPSR epoch=51 control=zero_owner first-batch loss/positive/negative/owner-terms/owner-unique/fallback=0.000000/25.490925/49.248062/0/2.3281/0.000000 controls=None
2026-07-23 20:06:46 transreid.train INFO: PSCIR epoch=51 control=pose_only first-batch loss/zero/region/positive/negative/segment=0.000000/0.000000/0.000000/20.500469/46.822430/45.429855 edge-weight=[6.59375, 6.75, 6.65625] controls=None
2026-07-23 20:07:01 transreid.train INFO: Epoch[51] Iter[20/227] Loss: 0.167, Pose: 0.470, Acc: 0.999, Student: 1.00, Reliability: 0.846, GateAbs: 6.962e-03, Base Lr: 4.94e-04
2026-07-23 20:07:17 transreid.train INFO: Epoch[51] Iter[40/227] Loss: 0.177, Pose: 0.467, Acc: 0.997, Student: 1.00, Reliability: 0.841, GateAbs: 6.978e-03, Base Lr: 4.94e-04
2026-07-23 20:07:34 transreid.train INFO: Epoch[51] Iter[60/227] Loss: 0.177, Pose: 0.467, Acc: 0.996, Student: 1.00, Reliability: 0.854, GateAbs: 6.970e-03, Base Lr: 4.94e-04
2026-07-23 20:07:50 transreid.train INFO: Epoch[51] Iter[80/227] Loss: 0.178, Pose: 0.466, Acc: 0.996, Student: 1.00, Reliability: 0.854, GateAbs: 6.980e-03, Base Lr: 4.94e-04
2026-07-23 20:08:06 transreid.train INFO: Epoch[51] Iter[100/227] Loss: 0.175, Pose: 0.465, Acc: 0.996, Student: 1.00, Reliability: 0.849, GateAbs: 7.016e-03, Base Lr: 4.94e-04
2026-07-23 20:08:22 transreid.train INFO: Epoch[51] Iter[120/227] Loss: 0.176, Pose: 0.464, Acc: 0.995, Student: 1.00, Reliability: 0.832, GateAbs: 6.980e-03, Base Lr: 4.94e-04
2026-07-23 20:08:39 transreid.train INFO: Epoch[51] Iter[140/227] Loss: 0.174, Pose: 0.464, Acc: 0.995, Student: 1.00, Reliability: 0.852, GateAbs: 6.977e-03, Base Lr: 4.94e-04
2026-07-23 20:08:55 transreid.train INFO: Epoch[51] Iter[160/227] Loss: 0.172, Pose: 0.465, Acc: 0.995, Student: 1.00, Reliability: 0.831, GateAbs: 7.026e-03, Base Lr: 4.94e-04
2026-07-23 20:09:11 transreid.train INFO: Epoch[51] Iter[180/227] Loss: 0.170, Pose: 0.465, Acc: 0.994, Student: 1.00, Reliability: 0.847, GateAbs: 6.986e-03, Base Lr: 4.94e-04
2026-07-23 20:09:27 transreid.train INFO: Epoch[51] Iter[200/227] Loss: 0.165, Pose: 0.466, Acc: 0.995, Student: 1.00, Reliability: 0.839, GateAbs: 7.034e-03, Base Lr: 4.94e-04
2026-07-23 20:09:37 transreid.train INFO: Epoch 51 done. Time per epoch: 172.482[s] Speed: 78.7[samples/s]
2026-07-23 20:09:38 transreid.train INFO: PCMPSR epoch=52 control=zero_owner first-batch loss/positive/negative/owner-terms/owner-unique/fallback=0.000094/25.819859/49.282883/0/2.3125/0.000000 controls=None
2026-07-23 20:09:38 transreid.train INFO: PSCIR epoch=52 control=pose_only first-batch loss/zero/region/positive/negative/segment=0.000052/0.000094/0.000010/20.531641/46.604904/45.214729 edge-weight=[6.59375, 6.59375, 6.8125] controls=None
2026-07-23 20:09:54 transreid.train INFO: Epoch[52] Iter[20/227] Loss: 0.205, Pose: 0.466, Acc: 0.991, Student: 1.00, Reliability: 0.860, GateAbs: 7.006e-03, Base Lr: 4.84e-04
2026-07-23 20:10:10 transreid.train INFO: Epoch[52] Iter[40/227] Loss: 0.191, Pose: 0.464, Acc: 0.993, Student: 1.00, Reliability: 0.856, GateAbs: 7.015e-03, Base Lr: 4.84e-04
2026-07-23 20:10:26 transreid.train INFO: Epoch[52] Iter[60/227] Loss: 0.185, Pose: 0.464, Acc: 0.993, Student: 1.00, Reliability: 0.849, GateAbs: 7.001e-03, Base Lr: 4.84e-04
2026-07-23 20:10:42 transreid.train INFO: Epoch[52] Iter[80/227] Loss: 0.180, Pose: 0.463, Acc: 0.994, Student: 1.00, Reliability: 0.834, GateAbs: 7.026e-03, Base Lr: 4.84e-04
2026-07-23 20:10:59 transreid.train INFO: Epoch[52] Iter[100/227] Loss: 0.178, Pose: 0.464, Acc: 0.994, Student: 1.00, Reliability: 0.843, GateAbs: 6.976e-03, Base Lr: 4.84e-04
2026-07-23 20:11:15 transreid.train INFO: Epoch[52] Iter[120/227] Loss: 0.175, Pose: 0.463, Acc: 0.994, Student: 1.00, Reliability: 0.855, GateAbs: 7.025e-03, Base Lr: 4.84e-04
2026-07-23 20:11:31 transreid.train INFO: Epoch[52] Iter[140/227] Loss: 0.171, Pose: 0.463, Acc: 0.994, Student: 1.00, Reliability: 0.833, GateAbs: 6.980e-03, Base Lr: 4.84e-04
2026-07-23 20:11:47 transreid.train INFO: Epoch[52] Iter[160/227] Loss: 0.167, Pose: 0.464, Acc: 0.995, Student: 1.00, Reliability: 0.852, GateAbs: 7.001e-03, Base Lr: 4.84e-04
2026-07-23 20:12:04 transreid.train INFO: Epoch[52] Iter[180/227] Loss: 0.165, Pose: 0.464, Acc: 0.994, Student: 1.00, Reliability: 0.854, GateAbs: 7.029e-03, Base Lr: 4.84e-04
2026-07-23 20:12:20 transreid.train INFO: Epoch[52] Iter[200/227] Loss: 0.163, Pose: 0.466, Acc: 0.994, Student: 1.00, Reliability: 0.833, GateAbs: 7.016e-03, Base Lr: 4.84e-04
2026-07-23 20:12:30 transreid.train INFO: Epoch 52 done. Time per epoch: 172.578[s] Speed: 78.6[samples/s]
2026-07-23 20:12:31 transreid.train INFO: PCMPSR epoch=53 control=zero_owner first-batch loss/positive/negative/owner-terms/owner-unique/fallback=0.000001/25.287287/49.932598/0/2.2188/0.000000 controls=None
2026-07-23 20:12:31 transreid.train INFO: PSCIR epoch=53 control=pose_only first-batch loss/zero/region/positive/negative/segment=0.000000/0.000001/0.000000/19.955395/47.500954/46.033653 edge-weight=[6.65625, 6.546875, 6.796875] controls=None
2026-07-23 20:12:46 transreid.train INFO: Epoch[53] Iter[20/227] Loss: 0.178, Pose: 0.466, Acc: 0.995, Student: 1.00, Reliability: 0.858, GateAbs: 7.036e-03, Base Lr: 4.74e-04
2026-07-23 20:13:03 transreid.train INFO: Epoch[53] Iter[40/227] Loss: 0.181, Pose: 0.468, Acc: 0.996, Student: 1.00, Reliability: 0.834, GateAbs: 7.013e-03, Base Lr: 4.74e-04
2026-07-23 20:13:19 transreid.train INFO: Epoch[53] Iter[60/227] Loss: 0.181, Pose: 0.467, Acc: 0.996, Student: 1.00, Reliability: 0.845, GateAbs: 7.051e-03, Base Lr: 4.74e-04
2026-07-23 20:13:35 transreid.train INFO: Epoch[53] Iter[80/227] Loss: 0.178, Pose: 0.465, Acc: 0.996, Student: 1.00, Reliability: 0.850, GateAbs: 7.033e-03, Base Lr: 4.74e-04
2026-07-23 20:13:51 transreid.train INFO: Epoch[53] Iter[100/227] Loss: 0.175, Pose: 0.464, Acc: 0.995, Student: 1.00, Reliability: 0.838, GateAbs: 7.039e-03, Base Lr: 4.74e-04
2026-07-23 20:14:08 transreid.train INFO: Epoch[53] Iter[120/227] Loss: 0.172, Pose: 0.465, Acc: 0.995, Student: 1.00, Reliability: 0.835, GateAbs: 7.025e-03, Base Lr: 4.74e-04
2026-07-23 20:14:24 transreid.train INFO: Epoch[53] Iter[140/227] Loss: 0.170, Pose: 0.465, Acc: 0.994, Student: 1.00, Reliability: 0.851, GateAbs: 7.063e-03, Base Lr: 4.74e-04
2026-07-23 20:14:40 transreid.train INFO: Epoch[53] Iter[160/227] Loss: 0.169, Pose: 0.465, Acc: 0.994, Student: 1.00, Reliability: 0.850, GateAbs: 7.080e-03, Base Lr: 4.74e-04
2026-07-23 20:14:56 transreid.train INFO: Epoch[53] Iter[180/227] Loss: 0.167, Pose: 0.466, Acc: 0.994, Student: 1.00, Reliability: 0.836, GateAbs: 7.051e-03, Base Lr: 4.74e-04
2026-07-23 20:15:13 transreid.train INFO: Epoch[53] Iter[200/227] Loss: 0.163, Pose: 0.466, Acc: 0.994, Student: 1.00, Reliability: 0.828, GateAbs: 7.074e-03, Base Lr: 4.74e-04
2026-07-23 20:15:22 transreid.train INFO: Epoch 53 done. Time per epoch: 172.632[s] Speed: 78.6[samples/s]
2026-07-23 20:15:23 transreid.train INFO: PCMPSR epoch=54 control=zero_owner first-batch loss/positive/negative/owner-terms/owner-unique/fallback=0.000005/26.598272/51.498661/0/2.1406/0.000000 controls=None
2026-07-23 20:15:23 transreid.train INFO: PSCIR epoch=54 control=pose_only first-batch loss/zero/region/positive/negative/segment=0.000003/0.000005/0.000001/21.050400/48.715836/47.292755 edge-weight=[6.828125, 6.53125, 6.640625] controls=None
2026-07-23 20:15:39 transreid.train INFO: Epoch[54] Iter[20/227] Loss: 0.212, Pose: 0.461, Acc: 0.988, Student: 1.00, Reliability: 0.836, GateAbs: 7.053e-03, Base Lr: 4.63e-04
2026-07-23 20:15:55 transreid.train INFO: Epoch[54] Iter[40/227] Loss: 0.195, Pose: 0.464, Acc: 0.993, Student: 1.00, Reliability: 0.847, GateAbs: 7.038e-03, Base Lr: 4.63e-04
2026-07-23 20:16:11 transreid.train INFO: Epoch[54] Iter[60/227] Loss: 0.185, Pose: 0.462, Acc: 0.993, Student: 1.00, Reliability: 0.843, GateAbs: 7.071e-03, Base Lr: 4.63e-04
2026-07-23 20:16:27 transreid.train INFO: Epoch[54] Iter[80/227] Loss: 0.180, Pose: 0.464, Acc: 0.994, Student: 1.00, Reliability: 0.847, GateAbs: 7.077e-03, Base Lr: 4.63e-04
2026-07-23 20:16:43 transreid.train INFO: Epoch[54] Iter[100/227] Loss: 0.179, Pose: 0.465, Acc: 0.993, Student: 1.00, Reliability: 0.821, GateAbs: 7.048e-03, Base Lr: 4.63e-04
2026-07-23 20:17:00 transreid.train INFO: Epoch[54] Iter[120/227] Loss: 0.174, Pose: 0.465, Acc: 0.993, Student: 1.00, Reliability: 0.855, GateAbs: 7.100e-03, Base Lr: 4.63e-04
2026-07-23 20:17:16 transreid.train INFO: Epoch[54] Iter[140/227] Loss: 0.171, Pose: 0.465, Acc: 0.994, Student: 1.00, Reliability: 0.838, GateAbs: 7.067e-03, Base Lr: 4.63e-04
2026-07-23 20:17:32 transreid.train INFO: Epoch[54] Iter[160/227] Loss: 0.167, Pose: 0.464, Acc: 0.994, Student: 1.00, Reliability: 0.858, GateAbs: 7.075e-03, Base Lr: 4.63e-04
2026-07-23 20:17:48 transreid.train INFO: Epoch[54] Iter[180/227] Loss: 0.165, Pose: 0.464, Acc: 0.994, Student: 1.00, Reliability: 0.841, GateAbs: 7.072e-03, Base Lr: 4.63e-04
2026-07-23 20:18:04 transreid.train INFO: Epoch[54] Iter[200/227] Loss: 0.160, Pose: 0.465, Acc: 0.994, Student: 1.00, Reliability: 0.835, GateAbs: 7.074e-03, Base Lr: 4.63e-04
2026-07-23 20:18:13 transreid.train INFO: Epoch 54 done. Time per epoch: 170.917[s] Speed: 79.0[samples/s]
2026-07-23 20:18:14 transreid.train INFO: PCMPSR epoch=55 control=zero_owner first-batch loss/positive/negative/owner-terms/owner-unique/fallback=0.000001/24.351721/50.345413/0/2.4844/0.000000 controls=None
2026-07-23 20:18:14 transreid.train INFO: PSCIR epoch=55 control=pose_only first-batch loss/zero/region/positive/negative/segment=0.000001/0.000001/0.000000/19.353086/48.076607/46.516003 edge-weight=[6.875, 6.515625, 6.609375] controls=None
2026-07-23 20:18:30 transreid.train INFO: Epoch[55] Iter[20/227] Loss: 0.172, Pose: 0.466, Acc: 0.995, Student: 1.00, Reliability: 0.856, GateAbs: 7.090e-03, Base Lr: 4.53e-04
2026-07-23 20:18:46 transreid.train INFO: Epoch[55] Iter[40/227] Loss: 0.168, Pose: 0.463, Acc: 0.994, Student: 1.00, Reliability: 0.844, GateAbs: 7.116e-03, Base Lr: 4.53e-04
2026-07-23 20:19:02 transreid.train INFO: Epoch[55] Iter[60/227] Loss: 0.166, Pose: 0.465, Acc: 0.994, Student: 1.00, Reliability: 0.853, GateAbs: 7.108e-03, Base Lr: 4.53e-04
2026-07-23 20:19:18 transreid.train INFO: Epoch[55] Iter[80/227] Loss: 0.166, Pose: 0.465, Acc: 0.994, Student: 1.00, Reliability: 0.843, GateAbs: 7.125e-03, Base Lr: 4.53e-04
2026-07-23 20:19:35 transreid.train INFO: Epoch[55] Iter[100/227] Loss: 0.164, Pose: 0.464, Acc: 0.994, Student: 1.00, Reliability: 0.850, GateAbs: 7.085e-03, Base Lr: 4.53e-04
2026-07-23 20:19:51 transreid.train INFO: Epoch[55] Iter[120/227] Loss: 0.162, Pose: 0.465, Acc: 0.994, Student: 1.00, Reliability: 0.847, GateAbs: 7.065e-03, Base Lr: 4.53e-04
2026-07-23 20:20:07 transreid.train INFO: Epoch[55] Iter[140/227] Loss: 0.159, Pose: 0.465, Acc: 0.994, Student: 1.00, Reliability: 0.836, GateAbs: 7.099e-03, Base Lr: 4.53e-04
2026-07-23 20:20:23 transreid.train INFO: Epoch[55] Iter[160/227] Loss: 0.156, Pose: 0.465, Acc: 0.994, Student: 1.00, Reliability: 0.839, GateAbs: 7.108e-03, Base Lr: 4.53e-04
2026-07-23 20:20:40 transreid.train INFO: Epoch[55] Iter[180/227] Loss: 0.153, Pose: 0.465, Acc: 0.995, Student: 1.00, Reliability: 0.840, GateAbs: 7.117e-03, Base Lr: 4.53e-04
2026-07-23 20:20:56 transreid.train INFO: Epoch[55] Iter[200/227] Loss: 0.149, Pose: 0.466, Acc: 0.994, Student: 1.00, Reliability: 0.829, GateAbs: 7.120e-03, Base Lr: 4.53e-04
2026-07-23 20:21:06 transreid.train INFO: Epoch 55 done. Time per epoch: 172.475[s] Speed: 78.7[samples/s]
2026-07-23 20:21:07 transreid.train INFO: PCMPSR epoch=56 control=zero_owner first-batch loss/positive/negative/owner-terms/owner-unique/fallback=0.000003/24.256836/47.845211/0/2.4219/0.000000 controls=None
2026-07-23 20:21:07 transreid.train INFO: PSCIR epoch=56 control=pose_only first-batch loss/zero/region/positive/negative/segment=0.000003/0.000003/0.000003/19.538296/45.574116/44.185074 edge-weight=[6.84375, 6.71875, 6.4375] controls=None
2026-07-23 20:21:22 transreid.train INFO: Epoch[56] Iter[20/227] Loss: 0.171, Pose: 0.463, Acc: 0.994, Student: 1.00, Reliability: 0.854, GateAbs: 7.088e-03, Base Lr: 4.43e-04
2026-07-23 20:21:38 transreid.train INFO: Epoch[56] Iter[40/227] Loss: 0.168, Pose: 0.463, Acc: 0.994, Student: 1.00, Reliability: 0.843, GateAbs: 7.121e-03, Base Lr: 4.43e-04
2026-07-23 20:21:55 transreid.train INFO: Epoch[56] Iter[60/227] Loss: 0.174, Pose: 0.465, Acc: 0.993, Student: 1.00, Reliability: 0.844, GateAbs: 7.159e-03, Base Lr: 4.43e-04
2026-07-23 20:22:11 transreid.train INFO: Epoch[56] Iter[80/227] Loss: 0.173, Pose: 0.465, Acc: 0.993, Student: 1.00, Reliability: 0.827, GateAbs: 7.070e-03, Base Lr: 4.43e-04
2026-07-23 20:22:27 transreid.train INFO: Epoch[56] Iter[100/227] Loss: 0.172, Pose: 0.467, Acc: 0.993, Student: 1.00, Reliability: 0.840, GateAbs: 7.102e-03, Base Lr: 4.43e-04
2026-07-23 20:22:44 transreid.train INFO: Epoch[56] Iter[120/227] Loss: 0.169, Pose: 0.466, Acc: 0.993, Student: 1.00, Reliability: 0.850, GateAbs: 7.139e-03, Base Lr: 4.43e-04
2026-07-23 20:23:00 transreid.train INFO: Epoch[56] Iter[140/227] Loss: 0.164, Pose: 0.466, Acc: 0.994, Student: 1.00, Reliability: 0.838, GateAbs: 7.105e-03, Base Lr: 4.43e-04
2026-07-23 20:23:16 transreid.train INFO: Epoch[56] Iter[160/227] Loss: 0.161, Pose: 0.465, Acc: 0.994, Student: 1.00, Reliability: 0.845, GateAbs: 7.122e-03, Base Lr: 4.43e-04
2026-07-23 20:23:32 transreid.train INFO: Epoch[56] Iter[180/227] Loss: 0.156, Pose: 0.465, Acc: 0.994, Student: 1.00, Reliability: 0.853, GateAbs: 7.107e-03, Base Lr: 4.43e-04
2026-07-23 20:23:49 transreid.train INFO: Epoch[56] Iter[200/227] Loss: 0.151, Pose: 0.466, Acc: 0.995, Student: 1.00, Reliability: 0.832, GateAbs: 7.141e-03, Base Lr: 4.43e-04
2026-07-23 20:23:58 transreid.train INFO: Epoch 56 done. Time per epoch: 171.969[s] Speed: 78.5[samples/s]
2026-07-23 20:23:59 transreid.train INFO: PCMPSR epoch=57 control=zero_owner first-batch loss/positive/negative/owner-terms/owner-unique/fallback=0.000000/23.972927/49.909752/0/2.4062/0.000000 controls=None
2026-07-23 20:23:59 transreid.train INFO: PSCIR epoch=57 control=pose_only first-batch loss/zero/region/positive/negative/segment=0.000000/0.000000/0.000000/19.596794/47.739864/46.199459 edge-weight=[6.46875, 6.859375, 6.671875] controls=None
2026-07-23 20:24:14 transreid.train INFO: Epoch[57] Iter[20/227] Loss: 0.175, Pose: 0.466, Acc: 0.995, Student: 1.00, Reliability: 0.855, GateAbs: 7.135e-03, Base Lr: 4.32e-04
2026-07-23 20:24:31 transreid.train INFO: Epoch[57] Iter[40/227] Loss: 0.169, Pose: 0.468, Acc: 0.995, Student: 1.00, Reliability: 0.851, GateAbs: 7.154e-03, Base Lr: 4.32e-04
2026-07-23 20:24:47 transreid.train INFO: Epoch[57] Iter[60/227] Loss: 0.166, Pose: 0.466, Acc: 0.995, Student: 1.00, Reliability: 0.867, GateAbs: 7.145e-03, Base Lr: 4.32e-04
2026-07-23 20:25:03 transreid.train INFO: Epoch[57] Iter[80/227] Loss: 0.160, Pose: 0.464, Acc: 0.995, Student: 1.00, Reliability: 0.844, GateAbs: 7.148e-03, Base Lr: 4.32e-04
2026-07-23 20:25:19 transreid.train INFO: Epoch[57] Iter[100/227] Loss: 0.159, Pose: 0.464, Acc: 0.995, Student: 1.00, Reliability: 0.846, GateAbs: 7.131e-03, Base Lr: 4.32e-04
2026-07-23 20:25:36 transreid.train INFO: Epoch[57] Iter[120/227] Loss: 0.157, Pose: 0.464, Acc: 0.995, Student: 1.00, Reliability: 0.848, GateAbs: 7.131e-03, Base Lr: 4.32e-04
2026-07-23 20:25:52 transreid.train INFO: Epoch[57] Iter[140/227] Loss: 0.154, Pose: 0.465, Acc: 0.995, Student: 1.00, Reliability: 0.853, GateAbs: 7.166e-03, Base Lr: 4.32e-04
2026-07-23 20:26:08 transreid.train INFO: Epoch[57] Iter[160/227] Loss: 0.152, Pose: 0.464, Acc: 0.996, Student: 1.00, Reliability: 0.845, GateAbs: 7.137e-03, Base Lr: 4.32e-04
2026-07-23 20:26:24 transreid.train INFO: Epoch[57] Iter[180/227] Loss: 0.149, Pose: 0.464, Acc: 0.996, Student: 1.00, Reliability: 0.852, GateAbs: 7.178e-03, Base Lr: 4.32e-04
2026-07-23 20:26:41 transreid.train INFO: Epoch[57] Iter[200/227] Loss: 0.145, Pose: 0.465, Acc: 0.996, Student: 1.00, Reliability: 0.835, GateAbs: 7.175e-03, Base Lr: 4.32e-04
2026-07-23 20:26:51 transreid.train INFO: Epoch 57 done. Time per epoch: 173.600[s] Speed: 78.5[samples/s]
2026-07-23 20:26:52 transreid.train INFO: PCMPSR epoch=58 control=zero_owner first-batch loss/positive/negative/owner-terms/owner-unique/fallback=0.000388/28.816572/50.502834/0/2.3906/0.000000 controls=None
2026-07-23 20:26:52 transreid.train INFO: PSCIR epoch=58 control=pose_only first-batch loss/zero/region/positive/negative/segment=0.000206/0.000388/0.000024/23.016914/47.286789/46.187069 edge-weight=[6.59375, 6.625, 6.78125] controls=None
2026-07-23 20:27:08 transreid.train INFO: Epoch[58] Iter[20/227] Loss: 0.164, Pose: 0.468, Acc: 0.992, Student: 1.00, Reliability: 0.847, GateAbs: 7.163e-03, Base Lr: 4.22e-04
2026-07-23 20:27:24 transreid.train INFO: Epoch[58] Iter[40/227] Loss: 0.164, Pose: 0.468, Acc: 0.993, Student: 1.00, Reliability: 0.862, GateAbs: 7.132e-03, Base Lr: 4.22e-04
2026-07-23 20:27:40 transreid.train INFO: Epoch[58] Iter[60/227] Loss: 0.158, Pose: 0.469, Acc: 0.995, Student: 1.00, Reliability: 0.835, GateAbs: 7.183e-03, Base Lr: 4.22e-04
2026-07-23 20:27:57 transreid.train INFO: Epoch[58] Iter[80/227] Loss: 0.158, Pose: 0.468, Acc: 0.995, Student: 1.00, Reliability: 0.848, GateAbs: 7.150e-03, Base Lr: 4.22e-04
2026-07-23 20:28:13 transreid.train INFO: Epoch[58] Iter[100/227] Loss: 0.155, Pose: 0.466, Acc: 0.995, Student: 1.00, Reliability: 0.843, GateAbs: 7.113e-03, Base Lr: 4.22e-04
2026-07-23 20:28:29 transreid.train INFO: Epoch[58] Iter[120/227] Loss: 0.154, Pose: 0.466, Acc: 0.995, Student: 1.00, Reliability: 0.844, GateAbs: 7.194e-03, Base Lr: 4.22e-04
2026-07-23 20:28:45 transreid.train INFO: Epoch[58] Iter[140/227] Loss: 0.154, Pose: 0.465, Acc: 0.994, Student: 1.00, Reliability: 0.860, GateAbs: 7.160e-03, Base Lr: 4.22e-04
2026-07-23 20:29:02 transreid.train INFO: Epoch[58] Iter[160/227] Loss: 0.152, Pose: 0.466, Acc: 0.994, Student: 1.00, Reliability: 0.827, GateAbs: 7.181e-03, Base Lr: 4.22e-04
2026-07-23 20:29:18 transreid.train INFO: Epoch[58] Iter[180/227] Loss: 0.149, Pose: 0.465, Acc: 0.995, Student: 1.00, Reliability: 0.851, GateAbs: 7.176e-03, Base Lr: 4.22e-04
2026-07-23 20:29:34 transreid.train INFO: Epoch[58] Iter[200/227] Loss: 0.144, Pose: 0.465, Acc: 0.995, Student: 1.00, Reliability: 0.844, GateAbs: 7.219e-03, Base Lr: 4.22e-04
2026-07-23 20:29:45 transreid.train INFO: Epoch 58 done. Time per epoch: 173.297[s] Speed: 78.7[samples/s]
2026-07-23 20:29:46 transreid.train INFO: PCMPSR epoch=59 control=zero_owner first-batch loss/positive/negative/owner-terms/owner-unique/fallback=0.000000/23.910330/50.152985/0/2.3750/0.000000 controls=None
2026-07-23 20:29:46 transreid.train INFO: PSCIR epoch=59 control=pose_only first-batch loss/zero/region/positive/negative/segment=0.000000/0.000000/0.000000/19.445606/47.995403/46.438793 edge-weight=[6.53125, 6.59375, 6.875] controls=None
2026-07-23 20:30:01 transreid.train INFO: Epoch[59] Iter[20/227] Loss: 0.167, Pose: 0.465, Acc: 0.991, Student: 1.00, Reliability: 0.854, GateAbs: 7.163e-03, Base Lr: 4.11e-04
2026-07-23 20:30:17 transreid.train INFO: Epoch[59] Iter[40/227] Loss: 0.165, Pose: 0.460, Acc: 0.993, Student: 1.00, Reliability: 0.853, GateAbs: 7.179e-03, Base Lr: 4.11e-04
2026-07-23 20:30:33 transreid.train INFO: Epoch[59] Iter[60/227] Loss: 0.162, Pose: 0.461, Acc: 0.993, Student: 1.00, Reliability: 0.851, GateAbs: 7.167e-03, Base Lr: 4.11e-04
2026-07-23 20:30:50 transreid.train INFO: Epoch[59] Iter[80/227] Loss: 0.159, Pose: 0.462, Acc: 0.994, Student: 1.00, Reliability: 0.865, GateAbs: 7.154e-03, Base Lr: 4.11e-04
2026-07-23 20:31:06 transreid.train INFO: Epoch[59] Iter[100/227] Loss: 0.158, Pose: 0.462, Acc: 0.993, Student: 1.00, Reliability: 0.841, GateAbs: 7.191e-03, Base Lr: 4.11e-04
2026-07-23 20:31:22 transreid.train INFO: Epoch[59] Iter[120/227] Loss: 0.158, Pose: 0.462, Acc: 0.993, Student: 1.00, Reliability: 0.849, GateAbs: 7.195e-03, Base Lr: 4.11e-04
2026-07-23 20:31:38 transreid.train INFO: Epoch[59] Iter[140/227] Loss: 0.156, Pose: 0.461, Acc: 0.993, Student: 1.00, Reliability: 0.845, GateAbs: 7.200e-03, Base Lr: 4.11e-04
2026-07-23 20:31:54 transreid.train INFO: Epoch[59] Iter[160/227] Loss: 0.154, Pose: 0.462, Acc: 0.993, Student: 1.00, Reliability: 0.854, GateAbs: 7.183e-03, Base Lr: 4.11e-04
2026-07-23 20:32:11 transreid.train INFO: Epoch[59] Iter[180/227] Loss: 0.151, Pose: 0.463, Acc: 0.994, Student: 1.00, Reliability: 0.855, GateAbs: 7.209e-03, Base Lr: 4.11e-04
2026-07-23 20:32:27 transreid.train INFO: Epoch[59] Iter[200/227] Loss: 0.148, Pose: 0.464, Acc: 0.994, Student: 1.00, Reliability: 0.844, GateAbs: 7.211e-03, Base Lr: 4.11e-04
2026-07-23 20:32:36 transreid.train INFO: Epoch 59 done. Time per epoch: 171.260[s] Speed: 78.9[samples/s]
2026-07-23 20:32:37 transreid.train INFO: PCMPSR epoch=60 control=zero_owner first-batch loss/positive/negative/owner-terms/owner-unique/fallback=0.000080/23.095642/48.415188/0/2.3125/0.000000 controls=None
2026-07-23 20:32:37 transreid.train INFO: PSCIR epoch=60 control=pose_only first-batch loss/zero/region/positive/negative/segment=0.000067/0.000080/0.000055/18.633196/46.125401/44.678207 edge-weight=[7.0, 6.640625, 6.359375] controls=None
2026-07-23 20:32:52 transreid.train INFO: Epoch[60] Iter[20/227] Loss: 0.157, Pose: 0.461, Acc: 0.995, Student: 1.00, Reliability: 0.865, GateAbs: 7.205e-03, Base Lr: 4.01e-04
2026-07-23 20:33:09 transreid.train INFO: Epoch[60] Iter[40/227] Loss: 0.160, Pose: 0.463, Acc: 0.994, Student: 1.00, Reliability: 0.857, GateAbs: 7.163e-03, Base Lr: 4.01e-04
2026-07-23 20:33:25 transreid.train INFO: Epoch[60] Iter[60/227] Loss: 0.157, Pose: 0.461, Acc: 0.995, Student: 1.00, Reliability: 0.846, GateAbs: 7.165e-03, Base Lr: 4.01e-04
2026-07-23 20:33:41 transreid.train INFO: Epoch[60] Iter[80/227] Loss: 0.155, Pose: 0.464, Acc: 0.995, Student: 1.00, Reliability: 0.846, GateAbs: 7.188e-03, Base Lr: 4.01e-04
2026-07-23 20:33:57 transreid.train INFO: Epoch[60] Iter[100/227] Loss: 0.154, Pose: 0.464, Acc: 0.995, Student: 1.00, Reliability: 0.823, GateAbs: 7.200e-03, Base Lr: 4.01e-04
2026-07-23 20:34:13 transreid.train INFO: Epoch[60] Iter[120/227] Loss: 0.153, Pose: 0.464, Acc: 0.995, Student: 1.00, Reliability: 0.827, GateAbs: 7.201e-03, Base Lr: 4.01e-04
2026-07-23 20:34:30 transreid.train INFO: Epoch[60] Iter[140/227] Loss: 0.150, Pose: 0.465, Acc: 0.995, Student: 1.00, Reliability: 0.819, GateAbs: 7.209e-03, Base Lr: 4.01e-04
2026-07-23 20:34:46 transreid.train INFO: Epoch[60] Iter[160/227] Loss: 0.146, Pose: 0.466, Acc: 0.995, Student: 1.00, Reliability: 0.841, GateAbs: 7.226e-03, Base Lr: 4.01e-04
2026-07-23 20:35:02 transreid.train INFO: Epoch[60] Iter[180/227] Loss: 0.144, Pose: 0.466, Acc: 0.995, Student: 1.00, Reliability: 0.863, GateAbs: 7.196e-03, Base Lr: 4.01e-04
2026-07-23 20:35:18 transreid.train INFO: Epoch[60] Iter[200/227] Loss: 0.140, Pose: 0.466, Acc: 0.995, Student: 1.00, Reliability: 0.847, GateAbs: 7.259e-03, Base Lr: 4.01e-04
2026-07-23 20:35:28 transreid.train INFO: Epoch 60 done. Time per epoch: 172.044[s] Speed: 78.9[samples/s]
The test feature is normalized
=> Computing DistMat with euclidean_distance
2026-07-23 20:35:50 transreid.train INFO: Validation Results - Epoch: 60
2026-07-23 20:35:50 transreid.train INFO: mAP: 57.4%
2026-07-23 20:35:50 transreid.train INFO: CMC curve, Rank-1  :70.0%
2026-07-23 20:35:50 transreid.train INFO: CMC curve, Rank-5  :81.4%
2026-07-23 20:35:50 transreid.train INFO: CMC curve, Rank-10 :85.0%
2026-07-23 20:35:51 transreid.train INFO: PCMPSR epoch=61 control=zero_owner first-batch loss/positive/negative/owner-terms/owner-unique/fallback=0.000097/25.226078/50.221355/0/2.3438/0.000000 controls=None
2026-07-23 20:35:51 transreid.train INFO: PSCIR epoch=61 control=pose_only first-batch loss/zero/region/positive/negative/segment=0.000049/0.000097/0.000002/20.177906/47.836063/46.414703 edge-weight=[6.78125, 6.515625, 6.703125] controls=None
2026-07-23 20:36:07 transreid.train INFO: Epoch[61] Iter[20/227] Loss: 0.158, Pose: 0.459, Acc: 0.993, Student: 1.00, Reliability: 0.841, GateAbs: 7.264e-03, Base Lr: 3.90e-04
2026-07-23 20:36:23 transreid.train INFO: Epoch[61] Iter[40/227] Loss: 0.151, Pose: 0.460, Acc: 0.994, Student: 1.00, Reliability: 0.819, GateAbs: 7.195e-03, Base Lr: 3.90e-04
2026-07-23 20:36:39 transreid.train INFO: Epoch[61] Iter[60/227] Loss: 0.148, Pose: 0.461, Acc: 0.995, Student: 1.00, Reliability: 0.862, GateAbs: 7.218e-03, Base Lr: 3.90e-04
2026-07-23 20:36:56 transreid.train INFO: Epoch[61] Iter[80/227] Loss: 0.144, Pose: 0.462, Acc: 0.995, Student: 1.00, Reliability: 0.836, GateAbs: 7.226e-03, Base Lr: 3.90e-04
2026-07-23 20:37:12 transreid.train INFO: Epoch[61] Iter[100/227] Loss: 0.146, Pose: 0.462, Acc: 0.995, Student: 1.00, Reliability: 0.827, GateAbs: 7.217e-03, Base Lr: 3.90e-04
2026-07-23 20:37:28 transreid.train INFO: Epoch[61] Iter[120/227] Loss: 0.147, Pose: 0.463, Acc: 0.995, Student: 1.00, Reliability: 0.854, GateAbs: 7.246e-03, Base Lr: 3.90e-04
2026-07-23 20:37:44 transreid.train INFO: Epoch[61] Iter[140/227] Loss: 0.146, Pose: 0.463, Acc: 0.995, Student: 1.00, Reliability: 0.836, GateAbs: 7.243e-03, Base Lr: 3.90e-04
2026-07-23 20:38:01 transreid.train INFO: Epoch[61] Iter[160/227] Loss: 0.144, Pose: 0.463, Acc: 0.995, Student: 1.00, Reliability: 0.852, GateAbs: 7.217e-03, Base Lr: 3.90e-04
2026-07-23 20:38:17 transreid.train INFO: Epoch[61] Iter[180/227] Loss: 0.141, Pose: 0.464, Acc: 0.995, Student: 1.00, Reliability: 0.801, GateAbs: 7.215e-03, Base Lr: 3.90e-04
2026-07-23 20:38:33 transreid.train INFO: Epoch[61] Iter[200/227] Loss: 0.138, Pose: 0.464, Acc: 0.995, Student: 1.00, Reliability: 0.859, GateAbs: 7.235e-03, Base Lr: 3.90e-04
2026-07-23 20:38:42 transreid.train INFO: Epoch 61 done. Time per epoch: 172.062[s] Speed: 78.5[samples/s]
2026-07-23 20:38:43 transreid.train INFO: PCMPSR epoch=62 control=zero_owner first-batch loss/positive/negative/owner-terms/owner-unique/fallback=0.000001/25.317421/50.254665/0/2.2656/0.000000 controls=None
2026-07-23 20:38:43 transreid.train INFO: PSCIR epoch=62 control=pose_only first-batch loss/zero/region/positive/negative/segment=0.000001/0.000001/0.000000/20.387018/47.700439/46.230579 edge-weight=[6.3125, 6.9375, 6.75] controls=None
2026-07-23 20:38:59 transreid.train INFO: Epoch[62] Iter[20/227] Loss: 0.150, Pose: 0.468, Acc: 0.998, Student: 1.00, Reliability: 0.812, GateAbs: 7.286e-03, Base Lr: 3.80e-04
2026-07-23 20:39:15 transreid.train INFO: Epoch[62] Iter[40/227] Loss: 0.152, Pose: 0.465, Acc: 0.998, Student: 1.00, Reliability: 0.804, GateAbs: 7.231e-03, Base Lr: 3.80e-04
2026-07-23 20:39:31 transreid.train INFO: Epoch[62] Iter[60/227] Loss: 0.153, Pose: 0.464, Acc: 0.996, Student: 1.00, Reliability: 0.839, GateAbs: 7.224e-03, Base Lr: 3.80e-04
2026-07-23 20:39:48 transreid.train INFO: Epoch[62] Iter[80/227] Loss: 0.151, Pose: 0.465, Acc: 0.996, Student: 1.00, Reliability: 0.833, GateAbs: 7.247e-03, Base Lr: 3.80e-04
2026-07-23 20:40:04 transreid.train INFO: Epoch[62] Iter[100/227] Loss: 0.149, Pose: 0.465, Acc: 0.996, Student: 1.00, Reliability: 0.845, GateAbs: 7.184e-03, Base Lr: 3.80e-04
2026-07-23 20:40:20 transreid.train INFO: Epoch[62] Iter[120/227] Loss: 0.147, Pose: 0.465, Acc: 0.996, Student: 1.00, Reliability: 0.849, GateAbs: 7.249e-03, Base Lr: 3.80e-04
2026-07-23 20:40:36 transreid.train INFO: Epoch[62] Iter[140/227] Loss: 0.144, Pose: 0.465, Acc: 0.996, Student: 1.00, Reliability: 0.849, GateAbs: 7.284e-03, Base Lr: 3.80e-04
2026-07-23 20:40:53 transreid.train INFO: Epoch[62] Iter[160/227] Loss: 0.142, Pose: 0.465, Acc: 0.996, Student: 1.00, Reliability: 0.844, GateAbs: 7.240e-03, Base Lr: 3.80e-04
2026-07-23 20:41:09 transreid.train INFO: Epoch[62] Iter[180/227] Loss: 0.139, Pose: 0.465, Acc: 0.996, Student: 1.00, Reliability: 0.833, GateAbs: 7.220e-03, Base Lr: 3.80e-04
2026-07-23 20:41:25 transreid.train INFO: Epoch[62] Iter[200/227] Loss: 0.137, Pose: 0.465, Acc: 0.996, Student: 1.00, Reliability: 0.842, GateAbs: 7.265e-03, Base Lr: 3.80e-04
2026-07-23 20:41:35 transreid.train INFO: Epoch 62 done. Time per epoch: 172.598[s] Speed: 78.6[samples/s]
2026-07-23 20:41:36 transreid.train INFO: PCMPSR epoch=63 control=zero_owner first-batch loss/positive/negative/owner-terms/owner-unique/fallback=0.000119/25.780628/50.111523/0/2.3594/0.000000 controls=None
2026-07-23 20:41:36 transreid.train INFO: PSCIR epoch=63 control=pose_only first-batch loss/zero/region/positive/negative/segment=0.000064/0.000119/0.000010/20.208630/47.496895/46.015244 edge-weight=[6.515625, 6.75, 6.734375] controls=None
2026-07-23 20:41:51 transreid.train INFO: Epoch[63] Iter[20/227] Loss: 0.156, Pose: 0.464, Acc: 0.995, Student: 1.00, Reliability: 0.845, GateAbs: 7.270e-03, Base Lr: 3.69e-04
2026-07-23 20:42:08 transreid.train INFO: Epoch[63] Iter[40/227] Loss: 0.153, Pose: 0.460, Acc: 0.995, Student: 1.00, Reliability: 0.846, GateAbs: 7.287e-03, Base Lr: 3.69e-04
2026-07-23 20:42:24 transreid.train INFO: Epoch[63] Iter[60/227] Loss: 0.145, Pose: 0.461, Acc: 0.996, Student: 1.00, Reliability: 0.852, GateAbs: 7.275e-03, Base Lr: 3.69e-04
2026-07-23 20:42:40 transreid.train INFO: Epoch[63] Iter[80/227] Loss: 0.146, Pose: 0.462, Acc: 0.995, Student: 1.00, Reliability: 0.843, GateAbs: 7.265e-03, Base Lr: 3.69e-04
2026-07-23 20:42:56 transreid.train INFO: Epoch[63] Iter[100/227] Loss: 0.144, Pose: 0.462, Acc: 0.995, Student: 1.00, Reliability: 0.858, GateAbs: 7.274e-03, Base Lr: 3.69e-04
2026-07-23 20:43:13 transreid.train INFO: Epoch[63] Iter[120/227] Loss: 0.144, Pose: 0.462, Acc: 0.996, Student: 1.00, Reliability: 0.839, GateAbs: 7.294e-03, Base Lr: 3.69e-04
2026-07-23 20:43:29 transreid.train INFO: Epoch[63] Iter[140/227] Loss: 0.142, Pose: 0.463, Acc: 0.996, Student: 1.00, Reliability: 0.846, GateAbs: 7.248e-03, Base Lr: 3.69e-04
2026-07-23 20:43:45 transreid.train INFO: Epoch[63] Iter[160/227] Loss: 0.141, Pose: 0.463, Acc: 0.995, Student: 1.00, Reliability: 0.834, GateAbs: 7.260e-03, Base Lr: 3.69e-04
2026-07-23 20:44:01 transreid.train INFO: Epoch[63] Iter[180/227] Loss: 0.138, Pose: 0.463, Acc: 0.995, Student: 1.00, Reliability: 0.854, GateAbs: 7.278e-03, Base Lr: 3.69e-04
2026-07-23 20:44:17 transreid.train INFO: Epoch[63] Iter[200/227] Loss: 0.136, Pose: 0.465, Acc: 0.995, Student: 1.00, Reliability: 0.834, GateAbs: 7.282e-03, Base Lr: 3.69e-04
2026-07-23 20:44:26 transreid.train INFO: Epoch 63 done. Time per epoch: 171.639[s] Speed: 78.7[samples/s]
2026-07-23 20:44:27 transreid.train INFO: PCMPSR epoch=64 control=zero_owner first-batch loss/positive/negative/owner-terms/owner-unique/fallback=0.000000/25.287697/50.615498/0/2.1875/0.000000 controls=None
2026-07-23 20:44:27 transreid.train INFO: PSCIR epoch=64 control=pose_only first-batch loss/zero/region/positive/negative/segment=0.000000/0.000000/0.000000/20.311443/48.171600/46.709038 edge-weight=[6.890625, 6.703125, 6.40625] controls=None
2026-07-23 20:44:43 transreid.train INFO: Epoch[64] Iter[20/227] Loss: 0.167, Pose: 0.467, Acc: 0.995, Student: 1.00, Reliability: 0.836, GateAbs: 7.280e-03, Base Lr: 3.59e-04
2026-07-23 20:44:59 transreid.train INFO: Epoch[64] Iter[40/227] Loss: 0.162, Pose: 0.463, Acc: 0.993, Student: 1.00, Reliability: 0.851, GateAbs: 7.280e-03, Base Lr: 3.59e-04
2026-07-23 20:45:15 transreid.train INFO: Epoch[64] Iter[60/227] Loss: 0.161, Pose: 0.462, Acc: 0.993, Student: 1.00, Reliability: 0.847, GateAbs: 7.282e-03, Base Lr: 3.59e-04
2026-07-23 20:45:32 transreid.train INFO: Epoch[64] Iter[80/227] Loss: 0.156, Pose: 0.465, Acc: 0.995, Student: 1.00, Reliability: 0.837, GateAbs: 7.300e-03, Base Lr: 3.59e-04
2026-07-23 20:45:48 transreid.train INFO: Epoch[64] Iter[100/227] Loss: 0.153, Pose: 0.464, Acc: 0.995, Student: 1.00, Reliability: 0.851, GateAbs: 7.280e-03, Base Lr: 3.59e-04
2026-07-23 20:46:04 transreid.train INFO: Epoch[64] Iter[120/227] Loss: 0.148, Pose: 0.464, Acc: 0.995, Student: 1.00, Reliability: 0.854, GateAbs: 7.279e-03, Base Lr: 3.59e-04
2026-07-23 20:46:20 transreid.train INFO: Epoch[64] Iter[140/227] Loss: 0.147, Pose: 0.463, Acc: 0.995, Student: 1.00, Reliability: 0.859, GateAbs: 7.314e-03, Base Lr: 3.59e-04
2026-07-23 20:46:37 transreid.train INFO: Epoch[64] Iter[160/227] Loss: 0.144, Pose: 0.463, Acc: 0.995, Student: 1.00, Reliability: 0.834, GateAbs: 7.289e-03, Base Lr: 3.59e-04
2026-07-23 20:46:53 transreid.train INFO: Epoch[64] Iter[180/227] Loss: 0.142, Pose: 0.463, Acc: 0.995, Student: 1.00, Reliability: 0.835, GateAbs: 7.287e-03, Base Lr: 3.59e-04
2026-07-23 20:47:09 transreid.train INFO: Epoch[64] Iter[200/227] Loss: 0.138, Pose: 0.464, Acc: 0.995, Student: 1.00, Reliability: 0.852, GateAbs: 7.288e-03, Base Lr: 3.59e-04
2026-07-23 20:47:19 transreid.train INFO: Epoch 64 done. Time per epoch: 172.736[s] Speed: 78.5[samples/s]
2026-07-23 20:47:20 transreid.train INFO: PCMPSR epoch=65 control=zero_owner first-batch loss/positive/negative/owner-terms/owner-unique/fallback=0.000005/25.389168/49.636360/0/2.1719/0.000000 controls=None
2026-07-23 20:47:20 transreid.train INFO: PSCIR epoch=65 control=pose_only first-batch loss/zero/region/positive/negative/segment=0.000003/0.000005/0.000001/20.575239/47.186790/45.727325 edge-weight=[6.71875, 6.765625, 6.515625] controls=None
2026-07-23 20:47:36 transreid.train INFO: Epoch[65] Iter[20/227] Loss: 0.150, Pose: 0.459, Acc: 0.995, Student: 1.00, Reliability: 0.871, GateAbs: 7.320e-03, Base Lr: 3.49e-04
2026-07-23 20:47:52 transreid.train INFO: Epoch[65] Iter[40/227] Loss: 0.150, Pose: 0.463, Acc: 0.994, Student: 1.00, Reliability: 0.854, GateAbs: 7.345e-03, Base Lr: 3.49e-04
2026-07-23 20:48:08 transreid.train INFO: Epoch[65] Iter[60/227] Loss: 0.145, Pose: 0.461, Acc: 0.995, Student: 1.00, Reliability: 0.836, GateAbs: 7.303e-03, Base Lr: 3.49e-04
2026-07-23 20:48:24 transreid.train INFO: Epoch[65] Iter[80/227] Loss: 0.148, Pose: 0.461, Acc: 0.995, Student: 1.00, Reliability: 0.862, GateAbs: 7.328e-03, Base Lr: 3.49e-04
2026-07-23 20:48:40 transreid.train INFO: Epoch[65] Iter[100/227] Loss: 0.146, Pose: 0.461, Acc: 0.995, Student: 1.00, Reliability: 0.843, GateAbs: 7.281e-03, Base Lr: 3.49e-04
2026-07-23 20:48:57 transreid.train INFO: Epoch[65] Iter[120/227] Loss: 0.145, Pose: 0.460, Acc: 0.995, Student: 1.00, Reliability: 0.840, GateAbs: 7.292e-03, Base Lr: 3.49e-04
2026-07-23 20:49:13 transreid.train INFO: Epoch[65] Iter[140/227] Loss: 0.141, Pose: 0.461, Acc: 0.995, Student: 1.00, Reliability: 0.838, GateAbs: 7.326e-03, Base Lr: 3.49e-04
2026-07-23 20:49:29 transreid.train INFO: Epoch[65] Iter[160/227] Loss: 0.138, Pose: 0.462, Acc: 0.996, Student: 1.00, Reliability: 0.844, GateAbs: 7.287e-03, Base Lr: 3.49e-04
2026-07-23 20:49:45 transreid.train INFO: Epoch[65] Iter[180/227] Loss: 0.135, Pose: 0.462, Acc: 0.996, Student: 1.00, Reliability: 0.845, GateAbs: 7.343e-03, Base Lr: 3.49e-04
2026-07-23 20:50:01 transreid.train INFO: Epoch[65] Iter[200/227] Loss: 0.131, Pose: 0.463, Acc: 0.996, Student: 1.00, Reliability: 0.839, GateAbs: 7.345e-03, Base Lr: 3.49e-04
2026-07-23 20:50:11 transreid.train INFO: Epoch 65 done. Time per epoch: 171.924[s] Speed: 78.9[samples/s]
2026-07-23 20:50:12 transreid.train INFO: PCMPSR epoch=66 control=zero_owner first-batch loss/positive/negative/owner-terms/owner-unique/fallback=0.000074/23.784033/50.264210/0/2.2969/0.000000 controls=None
2026-07-23 20:50:12 transreid.train INFO: PSCIR epoch=66 control=pose_only first-batch loss/zero/region/positive/negative/segment=0.000039/0.000074/0.000003/18.928471/47.995266/46.381073 edge-weight=[6.25, 6.640625, 7.109375] controls=None
2026-07-23 20:50:28 transreid.train INFO: Epoch[66] Iter[20/227] Loss: 0.134, Pose: 0.454, Acc: 0.998, Student: 1.00, Reliability: 0.839, GateAbs: 7.310e-03, Base Lr: 3.38e-04
2026-07-23 20:50:44 transreid.train INFO: Epoch[66] Iter[40/227] Loss: 0.141, Pose: 0.458, Acc: 0.997, Student: 1.00, Reliability: 0.845, GateAbs: 7.268e-03, Base Lr: 3.38e-04
2026-07-23 20:51:00 transreid.train INFO: Epoch[66] Iter[60/227] Loss: 0.139, Pose: 0.460, Acc: 0.996, Student: 1.00, Reliability: 0.816, GateAbs: 7.268e-03, Base Lr: 3.38e-04
2026-07-23 20:51:16 transreid.train INFO: Epoch[66] Iter[80/227] Loss: 0.138, Pose: 0.460, Acc: 0.995, Student: 1.00, Reliability: 0.835, GateAbs: 7.320e-03, Base Lr: 3.38e-04
2026-07-23 20:51:33 transreid.train INFO: Epoch[66] Iter[100/227] Loss: 0.136, Pose: 0.460, Acc: 0.996, Student: 1.00, Reliability: 0.857, GateAbs: 7.285e-03, Base Lr: 3.38e-04
2026-07-23 20:51:49 transreid.train INFO: Epoch[66] Iter[120/227] Loss: 0.135, Pose: 0.460, Acc: 0.996, Student: 1.00, Reliability: 0.829, GateAbs: 7.318e-03, Base Lr: 3.38e-04
2026-07-23 20:52:05 transreid.train INFO: Epoch[66] Iter[140/227] Loss: 0.133, Pose: 0.461, Acc: 0.996, Student: 1.00, Reliability: 0.850, GateAbs: 7.317e-03, Base Lr: 3.38e-04
2026-07-23 20:52:21 transreid.train INFO: Epoch[66] Iter[160/227] Loss: 0.131, Pose: 0.461, Acc: 0.996, Student: 1.00, Reliability: 0.843, GateAbs: 7.314e-03, Base Lr: 3.38e-04
2026-07-23 20:52:37 transreid.train INFO: Epoch[66] Iter[180/227] Loss: 0.130, Pose: 0.462, Acc: 0.996, Student: 1.00, Reliability: 0.852, GateAbs: 7.338e-03, Base Lr: 3.38e-04
2026-07-23 20:52:54 transreid.train INFO: Epoch[66] Iter[200/227] Loss: 0.127, Pose: 0.463, Acc: 0.996, Student: 1.00, Reliability: 0.840, GateAbs: 7.347e-03, Base Lr: 3.38e-04
2026-07-23 20:53:04 transreid.train INFO: Epoch 66 done. Time per epoch: 173.206[s] Speed: 78.7[samples/s]
2026-07-23 20:53:05 transreid.train INFO: PCMPSR epoch=67 control=zero_owner first-batch loss/positive/negative/owner-terms/owner-unique/fallback=0.000007/27.004726/51.383530/0/2.0625/0.000000 controls=None
2026-07-23 20:53:05 transreid.train INFO: PSCIR epoch=67 control=pose_only first-batch loss/zero/region/positive/negative/segment=0.000004/0.000007/0.000001/21.608471/48.694729/47.306980 edge-weight=[6.390625, 6.734375, 6.875] controls=None
2026-07-23 20:53:21 transreid.train INFO: Epoch[67] Iter[20/227] Loss: 0.145, Pose: 0.461, Acc: 0.998, Student: 1.00, Reliability: 0.844, GateAbs: 7.340e-03, Base Lr: 3.28e-04
2026-07-23 20:53:37 transreid.train INFO: Epoch[67] Iter[40/227] Loss: 0.149, Pose: 0.461, Acc: 0.996, Student: 1.00, Reliability: 0.861, GateAbs: 7.362e-03, Base Lr: 3.28e-04
2026-07-23 20:53:53 transreid.train INFO: Epoch[67] Iter[60/227] Loss: 0.142, Pose: 0.463, Acc: 0.997, Student: 1.00, Reliability: 0.845, GateAbs: 7.345e-03, Base Lr: 3.28e-04
2026-07-23 20:54:10 transreid.train INFO: Epoch[67] Iter[80/227] Loss: 0.140, Pose: 0.463, Acc: 0.997, Student: 1.00, Reliability: 0.837, GateAbs: 7.304e-03, Base Lr: 3.28e-04
2026-07-23 20:54:26 transreid.train INFO: Epoch[67] Iter[100/227] Loss: 0.136, Pose: 0.464, Acc: 0.997, Student: 1.00, Reliability: 0.846, GateAbs: 7.328e-03, Base Lr: 3.28e-04
2026-07-23 20:54:42 transreid.train INFO: Epoch[67] Iter[120/227] Loss: 0.134, Pose: 0.463, Acc: 0.997, Student: 1.00, Reliability: 0.841, GateAbs: 7.338e-03, Base Lr: 3.28e-04
2026-07-23 20:54:58 transreid.train INFO: Epoch[67] Iter[140/227] Loss: 0.134, Pose: 0.462, Acc: 0.996, Student: 1.00, Reliability: 0.856, GateAbs: 7.350e-03, Base Lr: 3.28e-04
2026-07-23 20:55:15 transreid.train INFO: Epoch[67] Iter[160/227] Loss: 0.132, Pose: 0.462, Acc: 0.996, Student: 1.00, Reliability: 0.845, GateAbs: 7.344e-03, Base Lr: 3.28e-04
2026-07-23 20:55:31 transreid.train INFO: Epoch[67] Iter[180/227] Loss: 0.131, Pose: 0.462, Acc: 0.996, Student: 1.00, Reliability: 0.855, GateAbs: 7.402e-03, Base Lr: 3.28e-04
2026-07-23 20:55:47 transreid.train INFO: Epoch[67] Iter[200/227] Loss: 0.128, Pose: 0.462, Acc: 0.996, Student: 1.00, Reliability: 0.857, GateAbs: 7.369e-03, Base Lr: 3.28e-04
2026-07-23 20:55:56 transreid.train INFO: Epoch 67 done. Time per epoch: 171.877[s] Speed: 78.6[samples/s]
2026-07-23 20:55:57 transreid.train INFO: PCMPSR epoch=68 control=zero_owner first-batch loss/positive/negative/owner-terms/owner-unique/fallback=0.000064/24.799561/50.395771/0/2.3125/0.000000 controls=None
2026-07-23 20:55:57 transreid.train INFO: PSCIR epoch=68 control=pose_only first-batch loss/zero/region/positive/negative/segment=0.000033/0.000064/0.000001/20.083080/47.947170/46.486446 edge-weight=[6.859375, 6.59375, 6.546875] controls=None
2026-07-23 20:56:13 transreid.train INFO: Epoch[68] Iter[20/227] Loss: 0.136, Pose: 0.458, Acc: 0.997, Student: 1.00, Reliability: 0.848, GateAbs: 7.327e-03, Base Lr: 3.18e-04
2026-07-23 20:56:29 transreid.train INFO: Epoch[68] Iter[40/227] Loss: 0.133, Pose: 0.458, Acc: 0.998, Student: 1.00, Reliability: 0.825, GateAbs: 7.369e-03, Base Lr: 3.18e-04
2026-07-23 20:56:45 transreid.train INFO: Epoch[68] Iter[60/227] Loss: 0.137, Pose: 0.459, Acc: 0.997, Student: 1.00, Reliability: 0.848, GateAbs: 7.305e-03, Base Lr: 3.18e-04
2026-07-23 20:57:01 transreid.train INFO: Epoch[68] Iter[80/227] Loss: 0.138, Pose: 0.461, Acc: 0.996, Student: 1.00, Reliability: 0.836, GateAbs: 7.363e-03, Base Lr: 3.18e-04
2026-07-23 20:57:17 transreid.train INFO: Epoch[68] Iter[100/227] Loss: 0.139, Pose: 0.462, Acc: 0.996, Student: 1.00, Reliability: 0.840, GateAbs: 7.369e-03, Base Lr: 3.18e-04
2026-07-23 20:57:33 transreid.train INFO: Epoch[68] Iter[120/227] Loss: 0.137, Pose: 0.463, Acc: 0.996, Student: 1.00, Reliability: 0.851, GateAbs: 7.366e-03, Base Lr: 3.18e-04
2026-07-23 20:57:50 transreid.train INFO: Epoch[68] Iter[140/227] Loss: 0.137, Pose: 0.463, Acc: 0.995, Student: 1.00, Reliability: 0.828, GateAbs: 7.343e-03, Base Lr: 3.18e-04
2026-07-23 20:58:06 transreid.train INFO: Epoch[68] Iter[160/227] Loss: 0.134, Pose: 0.464, Acc: 0.996, Student: 1.00, Reliability: 0.840, GateAbs: 7.320e-03, Base Lr: 3.18e-04
2026-07-23 20:58:22 transreid.train INFO: Epoch[68] Iter[180/227] Loss: 0.133, Pose: 0.463, Acc: 0.995, Student: 1.00, Reliability: 0.867, GateAbs: 7.352e-03, Base Lr: 3.18e-04
2026-07-23 20:58:38 transreid.train INFO: Epoch[68] Iter[200/227] Loss: 0.131, Pose: 0.464, Acc: 0.995, Student: 1.00, Reliability: 0.849, GateAbs: 7.347e-03, Base Lr: 3.18e-04
2026-07-23 20:58:48 transreid.train INFO: Epoch 68 done. Time per epoch: 171.840[s] Speed: 79.0[samples/s]
2026-07-23 20:58:49 transreid.train INFO: PCMPSR epoch=69 control=zero_owner first-batch loss/positive/negative/owner-terms/owner-unique/fallback=0.000048/24.007277/47.986900/0/2.4062/0.000000 controls=None
2026-07-23 20:58:49 transreid.train INFO: PSCIR epoch=69 control=pose_only first-batch loss/zero/region/positive/negative/segment=0.000026/0.000048/0.000004/19.483173/45.795055/44.364178 edge-weight=[6.78125, 6.4375, 6.78125] controls=None
2026-07-23 20:59:04 transreid.train INFO: Epoch[69] Iter[20/227] Loss: 0.138, Pose: 0.454, Acc: 0.995, Student: 1.00, Reliability: 0.825, GateAbs: 7.368e-03, Base Lr: 3.08e-04
2026-07-23 20:59:21 transreid.train INFO: Epoch[69] Iter[40/227] Loss: 0.134, Pose: 0.459, Acc: 0.996, Student: 1.00, Reliability: 0.847, GateAbs: 7.375e-03, Base Lr: 3.08e-04
2026-07-23 20:59:37 transreid.train INFO: Epoch[69] Iter[60/227] Loss: 0.136, Pose: 0.461, Acc: 0.996, Student: 1.00, Reliability: 0.837, GateAbs: 7.386e-03, Base Lr: 3.08e-04
2026-07-23 20:59:53 transreid.train INFO: Epoch[69] Iter[80/227] Loss: 0.137, Pose: 0.461, Acc: 0.997, Student: 1.00, Reliability: 0.862, GateAbs: 7.431e-03, Base Lr: 3.08e-04
2026-07-23 21:00:09 transreid.train INFO: Epoch[69] Iter[100/227] Loss: 0.136, Pose: 0.462, Acc: 0.996, Student: 1.00, Reliability: 0.837, GateAbs: 7.379e-03, Base Lr: 3.08e-04
2026-07-23 21:00:26 transreid.train INFO: Epoch[69] Iter[120/227] Loss: 0.132, Pose: 0.461, Acc: 0.996, Student: 1.00, Reliability: 0.857, GateAbs: 7.381e-03, Base Lr: 3.08e-04
2026-07-23 21:00:42 transreid.train INFO: Epoch[69] Iter[140/227] Loss: 0.131, Pose: 0.461, Acc: 0.997, Student: 1.00, Reliability: 0.832, GateAbs: 7.357e-03, Base Lr: 3.08e-04
2026-07-23 21:00:58 transreid.train INFO: Epoch[69] Iter[160/227] Loss: 0.129, Pose: 0.461, Acc: 0.997, Student: 1.00, Reliability: 0.862, GateAbs: 7.423e-03, Base Lr: 3.08e-04
2026-07-23 21:01:14 transreid.train INFO: Epoch[69] Iter[180/227] Loss: 0.126, Pose: 0.462, Acc: 0.997, Student: 1.00, Reliability: 0.832, GateAbs: 7.368e-03, Base Lr: 3.08e-04
2026-07-23 21:01:31 transreid.train INFO: Epoch[69] Iter[200/227] Loss: 0.123, Pose: 0.463, Acc: 0.997, Student: 1.00, Reliability: 0.837, GateAbs: 7.339e-03, Base Lr: 3.08e-04
2026-07-23 21:01:40 transreid.train INFO: Epoch 69 done. Time per epoch: 171.559[s] Speed: 78.7[samples/s]
2026-07-23 21:01:41 transreid.train INFO: PCMPSR epoch=70 control=zero_owner first-batch loss/positive/negative/owner-terms/owner-unique/fallback=0.000019/24.984497/49.337143/0/2.2656/0.000000 controls=None
2026-07-23 21:01:41 transreid.train INFO: PSCIR epoch=70 control=pose_only first-batch loss/zero/region/positive/negative/segment=0.000010/0.000019/0.000000/20.060064/46.607540/45.254162 edge-weight=[6.625, 6.578125, 6.796875] controls=None
2026-07-23 21:01:56 transreid.train INFO: Epoch[70] Iter[20/227] Loss: 0.133, Pose: 0.463, Acc: 0.998, Student: 1.00, Reliability: 0.847, GateAbs: 7.370e-03, Base Lr: 2.97e-04
2026-07-23 21:02:12 transreid.train INFO: Epoch[70] Iter[40/227] Loss: 0.134, Pose: 0.460, Acc: 0.996, Student: 1.00, Reliability: 0.848, GateAbs: 7.358e-03, Base Lr: 2.97e-04
2026-07-23 21:02:28 transreid.train INFO: Epoch[70] Iter[60/227] Loss: 0.133, Pose: 0.460, Acc: 0.996, Student: 1.00, Reliability: 0.823, GateAbs: 7.380e-03, Base Lr: 2.97e-04
2026-07-23 21:02:45 transreid.train INFO: Epoch[70] Iter[80/227] Loss: 0.131, Pose: 0.462, Acc: 0.996, Student: 1.00, Reliability: 0.846, GateAbs: 7.362e-03, Base Lr: 2.97e-04
2026-07-23 21:03:01 transreid.train INFO: Epoch[70] Iter[100/227] Loss: 0.129, Pose: 0.462, Acc: 0.997, Student: 1.00, Reliability: 0.850, GateAbs: 7.411e-03, Base Lr: 2.97e-04
2026-07-23 21:03:17 transreid.train INFO: Epoch[70] Iter[120/227] Loss: 0.128, Pose: 0.462, Acc: 0.997, Student: 1.00, Reliability: 0.837, GateAbs: 7.386e-03, Base Lr: 2.97e-04
2026-07-23 21:03:33 transreid.train INFO: Epoch[70] Iter[140/227] Loss: 0.126, Pose: 0.462, Acc: 0.997, Student: 1.00, Reliability: 0.854, GateAbs: 7.353e-03, Base Lr: 2.97e-04
2026-07-23 21:03:50 transreid.train INFO: Epoch[70] Iter[160/227] Loss: 0.125, Pose: 0.462, Acc: 0.997, Student: 1.00, Reliability: 0.836, GateAbs: 7.403e-03, Base Lr: 2.97e-04
2026-07-23 21:04:06 transreid.train INFO: Epoch[70] Iter[180/227] Loss: 0.122, Pose: 0.463, Acc: 0.997, Student: 1.00, Reliability: 0.857, GateAbs: 7.428e-03, Base Lr: 2.97e-04
2026-07-23 21:04:22 transreid.train INFO: Epoch[70] Iter[200/227] Loss: 0.119, Pose: 0.463, Acc: 0.997, Student: 1.00, Reliability: 0.855, GateAbs: 7.357e-03, Base Lr: 2.97e-04
2026-07-23 21:04:32 transreid.train INFO: Epoch 70 done. Time per epoch: 172.157[s] Speed: 78.8[samples/s]
The test feature is normalized
=> Computing DistMat with euclidean_distance
2026-07-23 21:04:54 transreid.train INFO: Validation Results - Epoch: 70
2026-07-23 21:04:54 transreid.train INFO: mAP: 58.0%
2026-07-23 21:04:54 transreid.train INFO: CMC curve, Rank-1  :69.9%
2026-07-23 21:04:54 transreid.train INFO: CMC curve, Rank-5  :81.8%
2026-07-23 21:04:54 transreid.train INFO: CMC curve, Rank-10 :85.7%
2026-07-23 21:04:55 transreid.train INFO: PCMPSR epoch=71 control=zero_owner first-batch loss/positive/negative/owner-terms/owner-unique/fallback=0.000000/22.184547/50.017525/0/2.2656/0.000000 controls=None
2026-07-23 21:04:55 transreid.train INFO: PSCIR epoch=71 control=pose_only first-batch loss/zero/region/positive/negative/segment=0.000000/0.000000/0.000000/17.933889/47.925270/46.265190 edge-weight=[6.515625, 6.75, 6.734375] controls=None
2026-07-23 21:05:10 transreid.train INFO: Epoch[71] Iter[20/227] Loss: 0.125, Pose: 0.459, Acc: 0.996, Student: 1.00, Reliability: 0.848, GateAbs: 7.397e-03, Base Lr: 2.87e-04
2026-07-23 21:05:27 transreid.train INFO: Epoch[71] Iter[40/227] Loss: 0.129, Pose: 0.457, Acc: 0.997, Student: 1.00, Reliability: 0.859, GateAbs: 7.408e-03, Base Lr: 2.87e-04
2026-07-23 21:05:43 transreid.train INFO: Epoch[71] Iter[60/227] Loss: 0.129, Pose: 0.458, Acc: 0.997, Student: 1.00, Reliability: 0.830, GateAbs: 7.348e-03, Base Lr: 2.87e-04
2026-07-23 21:05:59 transreid.train INFO: Epoch[71] Iter[80/227] Loss: 0.129, Pose: 0.460, Acc: 0.996, Student: 1.00, Reliability: 0.831, GateAbs: 7.410e-03, Base Lr: 2.87e-04
2026-07-23 21:06:16 transreid.train INFO: Epoch[71] Iter[100/227] Loss: 0.128, Pose: 0.462, Acc: 0.996, Student: 1.00, Reliability: 0.837, GateAbs: 7.399e-03, Base Lr: 2.87e-04
2026-07-23 21:06:32 transreid.train INFO: Epoch[71] Iter[120/227] Loss: 0.127, Pose: 0.462, Acc: 0.996, Student: 1.00, Reliability: 0.847, GateAbs: 7.405e-03, Base Lr: 2.87e-04
2026-07-23 21:06:48 transreid.train INFO: Epoch[71] Iter[140/227] Loss: 0.126, Pose: 0.462, Acc: 0.996, Student: 1.00, Reliability: 0.819, GateAbs: 7.399e-03, Base Lr: 2.87e-04
2026-07-23 21:07:04 transreid.train INFO: Epoch[71] Iter[160/227] Loss: 0.125, Pose: 0.463, Acc: 0.996, Student: 1.00, Reliability: 0.836, GateAbs: 7.394e-03, Base Lr: 2.87e-04
2026-07-23 21:07:21 transreid.train INFO: Epoch[71] Iter[180/227] Loss: 0.125, Pose: 0.463, Acc: 0.996, Student: 1.00, Reliability: 0.856, GateAbs: 7.409e-03, Base Lr: 2.87e-04
2026-07-23 21:07:37 transreid.train INFO: Epoch[71] Iter[200/227] Loss: 0.121, Pose: 0.464, Acc: 0.996, Student: 1.00, Reliability: 0.842, GateAbs: 7.381e-03, Base Lr: 2.87e-04
2026-07-23 21:07:47 transreid.train INFO: Epoch 71 done. Time per epoch: 172.695[s] Speed: 78.6[samples/s]
2026-07-23 21:07:48 transreid.train INFO: PCMPSR epoch=72 control=zero_owner first-batch loss/positive/negative/owner-terms/owner-unique/fallback=0.000098/23.537512/49.156544/0/2.2188/0.000000 controls=None
2026-07-23 21:07:48 transreid.train INFO: PSCIR epoch=72 control=pose_only first-batch loss/zero/region/positive/negative/segment=0.000049/0.000098/0.000000/19.088606/46.835011/45.405792 edge-weight=[6.78125, 6.75, 6.46875] controls=None
2026-07-23 21:08:03 transreid.train INFO: Epoch[72] Iter[20/227] Loss: 0.149, Pose: 0.457, Acc: 0.991, Student: 1.00, Reliability: 0.839, GateAbs: 7.406e-03, Base Lr: 2.77e-04
2026-07-23 21:08:19 transreid.train INFO: Epoch[72] Iter[40/227] Loss: 0.143, Pose: 0.459, Acc: 0.994, Student: 1.00, Reliability: 0.856, GateAbs: 7.443e-03, Base Lr: 2.77e-04
2026-07-23 21:08:36 transreid.train INFO: Epoch[72] Iter[60/227] Loss: 0.141, Pose: 0.460, Acc: 0.994, Student: 1.00, Reliability: 0.856, GateAbs: 7.421e-03, Base Lr: 2.77e-04
2026-07-23 21:08:52 transreid.train INFO: Epoch[72] Iter[80/227] Loss: 0.137, Pose: 0.460, Acc: 0.995, Student: 1.00, Reliability: 0.836, GateAbs: 7.422e-03, Base Lr: 2.77e-04
2026-07-23 21:09:08 transreid.train INFO: Epoch[72] Iter[100/227] Loss: 0.134, Pose: 0.461, Acc: 0.995, Student: 1.00, Reliability: 0.846, GateAbs: 7.394e-03, Base Lr: 2.77e-04
2026-07-23 21:09:24 transreid.train INFO: Epoch[72] Iter[120/227] Loss: 0.133, Pose: 0.461, Acc: 0.995, Student: 1.00, Reliability: 0.863, GateAbs: 7.395e-03, Base Lr: 2.77e-04
2026-07-23 21:09:40 transreid.train INFO: Epoch[72] Iter[140/227] Loss: 0.131, Pose: 0.462, Acc: 0.995, Student: 1.00, Reliability: 0.848, GateAbs: 7.433e-03, Base Lr: 2.77e-04
2026-07-23 21:09:57 transreid.train INFO: Epoch[72] Iter[160/227] Loss: 0.129, Pose: 0.461, Acc: 0.995, Student: 1.00, Reliability: 0.833, GateAbs: 7.420e-03, Base Lr: 2.77e-04
2026-07-23 21:10:13 transreid.train INFO: Epoch[72] Iter[180/227] Loss: 0.126, Pose: 0.462, Acc: 0.996, Student: 1.00, Reliability: 0.851, GateAbs: 7.421e-03, Base Lr: 2.77e-04
2026-07-23 21:10:29 transreid.train INFO: Epoch[72] Iter[200/227] Loss: 0.123, Pose: 0.463, Acc: 0.996, Student: 1.00, Reliability: 0.849, GateAbs: 7.422e-03, Base Lr: 2.77e-04
2026-07-23 21:10:38 transreid.train INFO: Epoch 72 done. Time per epoch: 171.531[s] Speed: 78.7[samples/s]
2026-07-23 21:10:39 transreid.train INFO: PCMPSR epoch=73 control=zero_owner first-batch loss/positive/negative/owner-terms/owner-unique/fallback=0.000000/23.287636/49.264271/0/2.2969/0.000000 controls=None
2026-07-23 21:10:39 transreid.train INFO: PSCIR epoch=73 control=pose_only first-batch loss/zero/region/positive/negative/segment=0.000000/0.000000/0.000000/18.856129/47.019638/45.490585 edge-weight=[6.71875, 6.546875, 6.734375] controls=None
2026-07-23 21:10:55 transreid.train INFO: Epoch[73] Iter[20/227] Loss: 0.135, Pose: 0.466, Acc: 0.995, Student: 1.00, Reliability: 0.845, GateAbs: 7.363e-03, Base Lr: 2.68e-04
2026-07-23 21:11:11 transreid.train INFO: Epoch[73] Iter[40/227] Loss: 0.136, Pose: 0.467, Acc: 0.996, Student: 1.00, Reliability: 0.835, GateAbs: 7.408e-03, Base Lr: 2.68e-04
2026-07-23 21:11:27 transreid.train INFO: Epoch[73] Iter[60/227] Loss: 0.139, Pose: 0.464, Acc: 0.996, Student: 1.00, Reliability: 0.839, GateAbs: 7.403e-03, Base Lr: 2.68e-04
2026-07-23 21:11:43 transreid.train INFO: Epoch[73] Iter[80/227] Loss: 0.135, Pose: 0.462, Acc: 0.996, Student: 1.00, Reliability: 0.845, GateAbs: 7.429e-03, Base Lr: 2.68e-04
2026-07-23 21:12:00 transreid.train INFO: Epoch[73] Iter[100/227] Loss: 0.130, Pose: 0.460, Acc: 0.997, Student: 1.00, Reliability: 0.859, GateAbs: 7.396e-03, Base Lr: 2.68e-04
2026-07-23 21:12:16 transreid.train INFO: Epoch[73] Iter[120/227] Loss: 0.127, Pose: 0.462, Acc: 0.997, Student: 1.00, Reliability: 0.840, GateAbs: 7.422e-03, Base Lr: 2.68e-04
2026-07-23 21:12:32 transreid.train INFO: Epoch[73] Iter[140/227] Loss: 0.127, Pose: 0.461, Acc: 0.997, Student: 1.00, Reliability: 0.865, GateAbs: 7.429e-03, Base Lr: 2.68e-04
2026-07-23 21:12:48 transreid.train INFO: Epoch[73] Iter[160/227] Loss: 0.125, Pose: 0.462, Acc: 0.997, Student: 1.00, Reliability: 0.841, GateAbs: 7.421e-03, Base Lr: 2.68e-04
2026-07-23 21:13:05 transreid.train INFO: Epoch[73] Iter[180/227] Loss: 0.122, Pose: 0.462, Acc: 0.997, Student: 1.00, Reliability: 0.837, GateAbs: 7.439e-03, Base Lr: 2.68e-04
2026-07-23 21:13:21 transreid.train INFO: Epoch[73] Iter[200/227] Loss: 0.120, Pose: 0.463, Acc: 0.997, Student: 1.00, Reliability: 0.834, GateAbs: 7.424e-03, Base Lr: 2.68e-04
2026-07-23 21:13:30 transreid.train INFO: Epoch 73 done. Time per epoch: 171.731[s] Speed: 78.6[samples/s]
2026-07-23 21:13:31 transreid.train INFO: PCMPSR epoch=74 control=zero_owner first-batch loss/positive/negative/owner-terms/owner-unique/fallback=0.000031/23.383884/49.061531/0/2.3125/0.000000 controls=None
2026-07-23 21:13:31 transreid.train INFO: PSCIR epoch=74 control=pose_only first-batch loss/zero/region/positive/negative/segment=0.000016/0.000031/0.000001/18.916651/46.737823/45.229977 edge-weight=[6.96875, 6.4375, 6.59375] controls=None
2026-07-23 21:13:46 transreid.train INFO: Epoch[74] Iter[20/227] Loss: 0.140, Pose: 0.461, Acc: 0.995, Student: 1.00, Reliability: 0.842, GateAbs: 7.448e-03, Base Lr: 2.58e-04
2026-07-23 21:14:03 transreid.train INFO: Epoch[74] Iter[40/227] Loss: 0.137, Pose: 0.463, Acc: 0.995, Student: 1.00, Reliability: 0.834, GateAbs: 7.422e-03, Base Lr: 2.58e-04
2026-07-23 21:14:19 transreid.train INFO: Epoch[74] Iter[60/227] Loss: 0.138, Pose: 0.465, Acc: 0.995, Student: 1.00, Reliability: 0.842, GateAbs: 7.422e-03, Base Lr: 2.58e-04
2026-07-23 21:14:35 transreid.train INFO: Epoch[74] Iter[80/227] Loss: 0.134, Pose: 0.464, Acc: 0.995, Student: 1.00, Reliability: 0.854, GateAbs: 7.443e-03, Base Lr: 2.58e-04
2026-07-23 21:14:51 transreid.train INFO: Epoch[74] Iter[100/227] Loss: 0.131, Pose: 0.464, Acc: 0.996, Student: 1.00, Reliability: 0.868, GateAbs: 7.434e-03, Base Lr: 2.58e-04
2026-07-23 21:15:08 transreid.train INFO: Epoch[74] Iter[120/227] Loss: 0.127, Pose: 0.465, Acc: 0.996, Student: 1.00, Reliability: 0.861, GateAbs: 7.414e-03, Base Lr: 2.58e-04
2026-07-23 21:15:24 transreid.train INFO: Epoch[74] Iter[140/227] Loss: 0.126, Pose: 0.464, Acc: 0.997, Student: 1.00, Reliability: 0.852, GateAbs: 7.402e-03, Base Lr: 2.58e-04
2026-07-23 21:15:40 transreid.train INFO: Epoch[74] Iter[160/227] Loss: 0.124, Pose: 0.463, Acc: 0.996, Student: 1.00, Reliability: 0.858, GateAbs: 7.481e-03, Base Lr: 2.58e-04
2026-07-23 21:15:56 transreid.train INFO: Epoch[74] Iter[180/227] Loss: 0.122, Pose: 0.464, Acc: 0.997, Student: 1.00, Reliability: 0.844, GateAbs: 7.401e-03, Base Lr: 2.58e-04
2026-07-23 21:16:13 transreid.train INFO: Epoch[74] Iter[200/227] Loss: 0.120, Pose: 0.463, Acc: 0.996, Student: 1.00, Reliability: 0.847, GateAbs: 7.457e-03, Base Lr: 2.58e-04
2026-07-23 21:16:23 transreid.train INFO: Epoch 74 done. Time per epoch: 173.275[s] Speed: 78.7[samples/s]
2026-07-23 21:16:24 transreid.train INFO: PCMPSR epoch=75 control=zero_owner first-batch loss/positive/negative/owner-terms/owner-unique/fallback=0.000743/24.668760/48.016308/0/2.1875/0.000000 controls=None
2026-07-23 21:16:24 transreid.train INFO: PSCIR epoch=75 control=pose_only first-batch loss/zero/region/positive/negative/segment=0.000374/0.000743/0.000006/20.046165/45.604290/44.291435 edge-weight=[6.671875, 6.625, 6.703125] controls=None
2026-07-23 21:16:40 transreid.train INFO: Epoch[75] Iter[20/227] Loss: 0.128, Pose: 0.465, Acc: 1.000, Student: 1.00, Reliability: 0.838, GateAbs: 7.454e-03, Base Lr: 2.48e-04
2026-07-23 21:16:56 transreid.train INFO: Epoch[75] Iter[40/227] Loss: 0.134, Pose: 0.462, Acc: 0.998, Student: 1.00, Reliability: 0.846, GateAbs: 7.459e-03, Base Lr: 2.48e-04
2026-07-23 21:17:12 transreid.train INFO: Epoch[75] Iter[60/227] Loss: 0.132, Pose: 0.462, Acc: 0.997, Student: 1.00, Reliability: 0.852, GateAbs: 7.454e-03, Base Lr: 2.48e-04
2026-07-23 21:17:29 transreid.train INFO: Epoch[75] Iter[80/227] Loss: 0.128, Pose: 0.460, Acc: 0.996, Student: 1.00, Reliability: 0.850, GateAbs: 7.423e-03, Base Lr: 2.48e-04
2026-07-23 21:17:45 transreid.train INFO: Epoch[75] Iter[100/227] Loss: 0.126, Pose: 0.461, Acc: 0.997, Student: 1.00, Reliability: 0.846, GateAbs: 7.436e-03, Base Lr: 2.48e-04
2026-07-23 21:18:01 transreid.train INFO: Epoch[75] Iter[120/227] Loss: 0.125, Pose: 0.460, Acc: 0.996, Student: 1.00, Reliability: 0.843, GateAbs: 7.479e-03, Base Lr: 2.48e-04
2026-07-23 21:18:17 transreid.train INFO: Epoch[75] Iter[140/227] Loss: 0.123, Pose: 0.461, Acc: 0.997, Student: 1.00, Reliability: 0.813, GateAbs: 7.425e-03, Base Lr: 2.48e-04
2026-07-23 21:18:34 transreid.train INFO: Epoch[75] Iter[160/227] Loss: 0.122, Pose: 0.462, Acc: 0.997, Student: 1.00, Reliability: 0.841, GateAbs: 7.419e-03, Base Lr: 2.48e-04
2026-07-23 21:18:50 transreid.train INFO: Epoch[75] Iter[180/227] Loss: 0.120, Pose: 0.462, Acc: 0.997, Student: 1.00, Reliability: 0.844, GateAbs: 7.471e-03, Base Lr: 2.48e-04
2026-07-23 21:19:06 transreid.train INFO: Epoch[75] Iter[200/227] Loss: 0.118, Pose: 0.464, Acc: 0.997, Student: 1.00, Reliability: 0.836, GateAbs: 7.483e-03, Base Lr: 2.48e-04
2026-07-23 21:19:16 transreid.train INFO: Epoch 75 done. Time per epoch: 172.920[s] Speed: 78.5[samples/s]
2026-07-23 21:19:17 transreid.train INFO: PCMPSR epoch=76 control=zero_owner first-batch loss/positive/negative/owner-terms/owner-unique/fallback=0.000245/25.410915/48.489914/0/2.2500/0.000000 controls=None
2026-07-23 21:19:17 transreid.train INFO: PSCIR epoch=76 control=pose_only first-batch loss/zero/region/positive/negative/segment=0.000123/0.000245/0.000001/20.289627/45.979179/44.621941 edge-weight=[6.546875, 6.59375, 6.859375] controls=None
2026-07-23 21:19:33 transreid.train INFO: Epoch[76] Iter[20/227] Loss: 0.137, Pose: 0.458, Acc: 0.995, Student: 1.00, Reliability: 0.834, GateAbs: 7.437e-03, Base Lr: 2.38e-04
2026-07-23 21:19:49 transreid.train INFO: Epoch[76] Iter[40/227] Loss: 0.134, Pose: 0.457, Acc: 0.996, Student: 1.00, Reliability: 0.858, GateAbs: 7.463e-03, Base Lr: 2.38e-04
2026-07-23 21:20:05 transreid.train INFO: Epoch[76] Iter[60/227] Loss: 0.132, Pose: 0.459, Acc: 0.996, Student: 1.00, Reliability: 0.860, GateAbs: 7.464e-03, Base Lr: 2.38e-04
2026-07-23 21:20:21 transreid.train INFO: Epoch[76] Iter[80/227] Loss: 0.131, Pose: 0.460, Acc: 0.995, Student: 1.00, Reliability: 0.841, GateAbs: 7.427e-03, Base Lr: 2.38e-04
2026-07-23 21:20:38 transreid.train INFO: Epoch[76] Iter[100/227] Loss: 0.129, Pose: 0.460, Acc: 0.996, Student: 1.00, Reliability: 0.847, GateAbs: 7.441e-03, Base Lr: 2.38e-04
2026-07-23 21:20:54 transreid.train INFO: Epoch[76] Iter[120/227] Loss: 0.125, Pose: 0.461, Acc: 0.997, Student: 1.00, Reliability: 0.838, GateAbs: 7.411e-03, Base Lr: 2.38e-04
2026-07-23 21:21:10 transreid.train INFO: Epoch[76] Iter[140/227] Loss: 0.123, Pose: 0.460, Acc: 0.997, Student: 1.00, Reliability: 0.829, GateAbs: 7.484e-03, Base Lr: 2.38e-04
2026-07-23 21:21:27 transreid.train INFO: Epoch[76] Iter[160/227] Loss: 0.122, Pose: 0.461, Acc: 0.997, Student: 1.00, Reliability: 0.849, GateAbs: 7.429e-03, Base Lr: 2.38e-04
2026-07-23 21:21:43 transreid.train INFO: Epoch[76] Iter[180/227] Loss: 0.120, Pose: 0.462, Acc: 0.997, Student: 1.00, Reliability: 0.855, GateAbs: 7.439e-03, Base Lr: 2.38e-04
2026-07-23 21:21:59 transreid.train INFO: Epoch[76] Iter[200/227] Loss: 0.117, Pose: 0.463, Acc: 0.997, Student: 1.00, Reliability: 0.846, GateAbs: 7.454e-03, Base Lr: 2.38e-04
2026-07-23 21:22:09 transreid.train INFO: Epoch 76 done. Time per epoch: 172.830[s] Speed: 78.5[samples/s]
2026-07-23 21:22:10 transreid.train INFO: PCMPSR epoch=77 control=zero_owner first-batch loss/positive/negative/owner-terms/owner-unique/fallback=0.000003/23.421619/48.276249/0/2.3750/0.000000 controls=None
2026-07-23 21:22:10 transreid.train INFO: PSCIR epoch=77 control=pose_only first-batch loss/zero/region/positive/negative/segment=0.000002/0.000003/0.000000/18.515305/46.129017/44.608322 edge-weight=[6.953125, 6.546875, 6.5] controls=None
2026-07-23 21:22:25 transreid.train INFO: Epoch[77] Iter[20/227] Loss: 0.129, Pose: 0.459, Acc: 0.997, Student: 1.00, Reliability: 0.854, GateAbs: 7.489e-03, Base Lr: 2.29e-04
2026-07-23 21:22:42 transreid.train INFO: Epoch[77] Iter[40/227] Loss: 0.125, Pose: 0.460, Acc: 0.997, Student: 1.00, Reliability: 0.837, GateAbs: 7.473e-03, Base Lr: 2.29e-04
2026-07-23 21:22:58 transreid.train INFO: Epoch[77] Iter[60/227] Loss: 0.125, Pose: 0.462, Acc: 0.996, Student: 1.00, Reliability: 0.852, GateAbs: 7.467e-03, Base Lr: 2.29e-04
2026-07-23 21:23:14 transreid.train INFO: Epoch[77] Iter[80/227] Loss: 0.126, Pose: 0.461, Acc: 0.996, Student: 1.00, Reliability: 0.835, GateAbs: 7.437e-03, Base Lr: 2.29e-04
2026-07-23 21:23:30 transreid.train INFO: Epoch[77] Iter[100/227] Loss: 0.125, Pose: 0.461, Acc: 0.996, Student: 1.00, Reliability: 0.844, GateAbs: 7.508e-03, Base Lr: 2.29e-04
2026-07-23 21:23:47 transreid.train INFO: Epoch[77] Iter[120/227] Loss: 0.123, Pose: 0.461, Acc: 0.996, Student: 1.00, Reliability: 0.850, GateAbs: 7.457e-03, Base Lr: 2.29e-04
2026-07-23 21:24:03 transreid.train INFO: Epoch[77] Iter[140/227] Loss: 0.121, Pose: 0.461, Acc: 0.996, Student: 1.00, Reliability: 0.832, GateAbs: 7.480e-03, Base Lr: 2.29e-04
2026-07-23 21:24:19 transreid.train INFO: Epoch[77] Iter[160/227] Loss: 0.118, Pose: 0.461, Acc: 0.997, Student: 1.00, Reliability: 0.861, GateAbs: 7.447e-03, Base Lr: 2.29e-04
2026-07-23 21:24:35 transreid.train INFO: Epoch[77] Iter[180/227] Loss: 0.115, Pose: 0.462, Acc: 0.997, Student: 1.00, Reliability: 0.835, GateAbs: 7.451e-03, Base Lr: 2.29e-04
2026-07-23 21:24:52 transreid.train INFO: Epoch[77] Iter[200/227] Loss: 0.113, Pose: 0.463, Acc: 0.997, Student: 1.00, Reliability: 0.832, GateAbs: 7.514e-03, Base Lr: 2.29e-04
2026-07-23 21:25:01 transreid.train INFO: Epoch 77 done. Time per epoch: 172.558[s] Speed: 78.6[samples/s]
2026-07-23 21:25:02 transreid.train INFO: PCMPSR epoch=78 control=zero_owner first-batch loss/positive/negative/owner-terms/owner-unique/fallback=0.000000/22.864262/47.438240/0/2.3750/0.000000 controls=None
2026-07-23 21:25:02 transreid.train INFO: PSCIR epoch=78 control=pose_only first-batch loss/zero/region/positive/negative/segment=0.000000/0.000000/0.000000/18.352613/45.188633/43.702011 edge-weight=[6.796875, 6.71875, 6.484375] controls=None
2026-07-23 21:25:18 transreid.train INFO: Epoch[78] Iter[20/227] Loss: 0.125, Pose: 0.464, Acc: 0.997, Student: 1.00, Reliability: 0.846, GateAbs: 7.471e-03, Base Lr: 2.20e-04
2026-07-23 21:25:34 transreid.train INFO: Epoch[78] Iter[40/227] Loss: 0.126, Pose: 0.462, Acc: 0.997, Student: 1.00, Reliability: 0.849, GateAbs: 7.450e-03, Base Lr: 2.20e-04
2026-07-23 21:25:51 transreid.train INFO: Epoch[78] Iter[60/227] Loss: 0.129, Pose: 0.464, Acc: 0.996, Student: 1.00, Reliability: 0.838, GateAbs: 7.483e-03, Base Lr: 2.20e-04
2026-07-23 21:26:07 transreid.train INFO: Epoch[78] Iter[80/227] Loss: 0.126, Pose: 0.463, Acc: 0.996, Student: 1.00, Reliability: 0.868, GateAbs: 7.459e-03, Base Lr: 2.20e-04
2026-07-23 21:26:23 transreid.train INFO: Epoch[78] Iter[100/227] Loss: 0.124, Pose: 0.464, Acc: 0.997, Student: 1.00, Reliability: 0.858, GateAbs: 7.445e-03, Base Lr: 2.20e-04
2026-07-23 21:26:40 transreid.train INFO: Epoch[78] Iter[120/227] Loss: 0.124, Pose: 0.464, Acc: 0.996, Student: 1.00, Reliability: 0.829, GateAbs: 7.459e-03, Base Lr: 2.20e-04
2026-07-23 21:26:56 transreid.train INFO: Epoch[78] Iter[140/227] Loss: 0.122, Pose: 0.463, Acc: 0.996, Student: 1.00, Reliability: 0.842, GateAbs: 7.465e-03, Base Lr: 2.20e-04
2026-07-23 21:27:12 transreid.train INFO: Epoch[78] Iter[160/227] Loss: 0.120, Pose: 0.463, Acc: 0.996, Student: 1.00, Reliability: 0.853, GateAbs: 7.479e-03, Base Lr: 2.20e-04
2026-07-23 21:27:29 transreid.train INFO: Epoch[78] Iter[180/227] Loss: 0.118, Pose: 0.463, Acc: 0.996, Student: 1.00, Reliability: 0.830, GateAbs: 7.439e-03, Base Lr: 2.20e-04
2026-07-23 21:27:45 transreid.train INFO: Epoch[78] Iter[200/227] Loss: 0.116, Pose: 0.463, Acc: 0.996, Student: 1.00, Reliability: 0.836, GateAbs: 7.488e-03, Base Lr: 2.20e-04
2026-07-23 21:27:55 transreid.train INFO: Epoch 78 done. Time per epoch: 173.147[s] Speed: 78.4[samples/s]
2026-07-23 21:27:56 transreid.train INFO: PCMPSR epoch=79 control=zero_owner first-batch loss/positive/negative/owner-terms/owner-unique/fallback=0.000110/22.045002/47.647800/0/2.2969/0.000000 controls=None
2026-07-23 21:27:56 transreid.train INFO: PSCIR epoch=79 control=pose_only first-batch loss/zero/region/positive/negative/segment=0.000148/0.000110/0.000186/17.490120/45.450439/43.906883 edge-weight=[6.8125, 6.703125, 6.484375] controls=None
2026-07-23 21:28:11 transreid.train INFO: Epoch[79] Iter[20/227] Loss: 0.139, Pose: 0.463, Acc: 0.994, Student: 1.00, Reliability: 0.841, GateAbs: 7.483e-03, Base Lr: 2.10e-04
2026-07-23 21:28:27 transreid.train INFO: Epoch[79] Iter[40/227] Loss: 0.129, Pose: 0.464, Acc: 0.996, Student: 1.00, Reliability: 0.847, GateAbs: 7.458e-03, Base Lr: 2.10e-04
2026-07-23 21:28:44 transreid.train INFO: Epoch[79] Iter[60/227] Loss: 0.125, Pose: 0.464, Acc: 0.997, Student: 1.00, Reliability: 0.860, GateAbs: 7.486e-03, Base Lr: 2.10e-04
2026-07-23 21:29:00 transreid.train INFO: Epoch[79] Iter[80/227] Loss: 0.123, Pose: 0.464, Acc: 0.997, Student: 1.00, Reliability: 0.843, GateAbs: 7.492e-03, Base Lr: 2.10e-04
2026-07-23 21:29:16 transreid.train INFO: Epoch[79] Iter[100/227] Loss: 0.123, Pose: 0.463, Acc: 0.997, Student: 1.00, Reliability: 0.848, GateAbs: 7.498e-03, Base Lr: 2.10e-04
2026-07-23 21:29:33 transreid.train INFO: Epoch[79] Iter[120/227] Loss: 0.123, Pose: 0.462, Acc: 0.996, Student: 1.00, Reliability: 0.843, GateAbs: 7.476e-03, Base Lr: 2.10e-04
2026-07-23 21:29:49 transreid.train INFO: Epoch[79] Iter[140/227] Loss: 0.121, Pose: 0.462, Acc: 0.997, Student: 1.00, Reliability: 0.841, GateAbs: 7.455e-03, Base Lr: 2.10e-04
2026-07-23 21:30:05 transreid.train INFO: Epoch[79] Iter[160/227] Loss: 0.120, Pose: 0.462, Acc: 0.996, Student: 1.00, Reliability: 0.858, GateAbs: 7.540e-03, Base Lr: 2.10e-04
2026-07-23 21:30:22 transreid.train INFO: Epoch[79] Iter[180/227] Loss: 0.118, Pose: 0.462, Acc: 0.997, Student: 1.00, Reliability: 0.842, GateAbs: 7.465e-03, Base Lr: 2.10e-04
2026-07-23 21:30:38 transreid.train INFO: Epoch[79] Iter[200/227] Loss: 0.115, Pose: 0.463, Acc: 0.997, Student: 1.00, Reliability: 0.835, GateAbs: 7.542e-03, Base Lr: 2.10e-04
2026-07-23 21:30:47 transreid.train INFO: Epoch 79 done. Time per epoch: 172.262[s] Speed: 78.4[samples/s]
2026-07-23 21:30:48 transreid.train INFO: PCMPSR epoch=80 control=zero_owner first-batch loss/positive/negative/owner-terms/owner-unique/fallback=0.000001/25.292843/49.732811/0/2.2656/0.000000 controls=None
2026-07-23 21:30:48 transreid.train INFO: PSCIR epoch=80 control=pose_only first-batch loss/zero/region/positive/negative/segment=0.000001/0.000001/0.000000/20.200439/47.241295/45.878792 edge-weight=[6.46875, 6.796875, 6.734375] controls=None
2026-07-23 21:31:03 transreid.train INFO: Epoch[80] Iter[20/227] Loss: 0.124, Pose: 0.459, Acc: 0.999, Student: 1.00, Reliability: 0.840, GateAbs: 7.478e-03, Base Lr: 2.01e-04
2026-07-23 21:31:20 transreid.train INFO: Epoch[80] Iter[40/227] Loss: 0.128, Pose: 0.461, Acc: 0.996, Student: 1.00, Reliability: 0.870, GateAbs: 7.507e-03, Base Lr: 2.01e-04
2026-07-23 21:31:36 transreid.train INFO: Epoch[80] Iter[60/227] Loss: 0.126, Pose: 0.461, Acc: 0.996, Student: 1.00, Reliability: 0.847, GateAbs: 7.483e-03, Base Lr: 2.01e-04
2026-07-23 21:31:52 transreid.train INFO: Epoch[80] Iter[80/227] Loss: 0.128, Pose: 0.459, Acc: 0.995, Student: 1.00, Reliability: 0.858, GateAbs: 7.496e-03, Base Lr: 2.01e-04
2026-07-23 21:32:08 transreid.train INFO: Epoch[80] Iter[100/227] Loss: 0.126, Pose: 0.459, Acc: 0.995, Student: 1.00, Reliability: 0.838, GateAbs: 7.501e-03, Base Lr: 2.01e-04
2026-07-23 21:32:25 transreid.train INFO: Epoch[80] Iter[120/227] Loss: 0.124, Pose: 0.460, Acc: 0.996, Student: 1.00, Reliability: 0.838, GateAbs: 7.510e-03, Base Lr: 2.01e-04
2026-07-23 21:32:41 transreid.train INFO: Epoch[80] Iter[140/227] Loss: 0.122, Pose: 0.462, Acc: 0.996, Student: 1.00, Reliability: 0.844, GateAbs: 7.527e-03, Base Lr: 2.01e-04
2026-07-23 21:32:57 transreid.train INFO: Epoch[80] Iter[160/227] Loss: 0.121, Pose: 0.461, Acc: 0.996, Student: 1.00, Reliability: 0.840, GateAbs: 7.515e-03, Base Lr: 2.01e-04
2026-07-23 21:33:14 transreid.train INFO: Epoch[80] Iter[180/227] Loss: 0.120, Pose: 0.462, Acc: 0.996, Student: 1.00, Reliability: 0.820, GateAbs: 7.491e-03, Base Lr: 2.01e-04
2026-07-23 21:33:30 transreid.train INFO: Epoch[80] Iter[200/227] Loss: 0.116, Pose: 0.462, Acc: 0.996, Student: 1.00, Reliability: 0.833, GateAbs: 7.461e-03, Base Lr: 2.01e-04
2026-07-23 21:33:39 transreid.train INFO: Epoch 80 done. Time per epoch: 171.856[s] Speed: 78.6[samples/s]
The test feature is normalized
=> Computing DistMat with euclidean_distance
2026-07-23 21:34:01 transreid.train INFO: Validation Results - Epoch: 80
2026-07-23 21:34:01 transreid.train INFO: mAP: 59.1%
2026-07-23 21:34:01 transreid.train INFO: CMC curve, Rank-1  :71.7%
2026-07-23 21:34:01 transreid.train INFO: CMC curve, Rank-5  :82.9%
2026-07-23 21:34:01 transreid.train INFO: CMC curve, Rank-10 :86.2%
2026-07-23 21:34:02 transreid.train INFO: PCMPSR epoch=81 control=zero_owner first-batch loss/positive/negative/owner-terms/owner-unique/fallback=0.000000/23.030495/49.772488/0/2.2656/0.000000 controls=None
2026-07-23 21:34:02 transreid.train INFO: PSCIR epoch=81 control=pose_only first-batch loss/zero/region/positive/negative/segment=0.000000/0.000000/0.000000/18.392164/47.537815/45.953560 edge-weight=[6.765625, 6.359375, 6.875] controls=None
2026-07-23 21:34:17 transreid.train INFO: Epoch[81] Iter[20/227] Loss: 0.121, Pose: 0.469, Acc: 0.997, Student: 1.00, Reliability: 0.851, GateAbs: 7.513e-03, Base Lr: 1.92e-04
2026-07-23 21:34:34 transreid.train INFO: Epoch[81] Iter[40/227] Loss: 0.126, Pose: 0.468, Acc: 0.996, Student: 1.00, Reliability: 0.855, GateAbs: 7.477e-03, Base Lr: 1.92e-04
2026-07-23 21:34:50 transreid.train INFO: Epoch[81] Iter[60/227] Loss: 0.124, Pose: 0.463, Acc: 0.997, Student: 1.00, Reliability: 0.844, GateAbs: 7.437e-03, Base Lr: 1.92e-04
2026-07-23 21:35:06 transreid.train INFO: Epoch[81] Iter[80/227] Loss: 0.121, Pose: 0.462, Acc: 0.997, Student: 1.00, Reliability: 0.846, GateAbs: 7.476e-03, Base Lr: 1.92e-04
2026-07-23 21:35:22 transreid.train INFO: Epoch[81] Iter[100/227] Loss: 0.120, Pose: 0.461, Acc: 0.997, Student: 1.00, Reliability: 0.846, GateAbs: 7.506e-03, Base Lr: 1.92e-04
2026-07-23 21:35:38 transreid.train INFO: Epoch[81] Iter[120/227] Loss: 0.118, Pose: 0.462, Acc: 0.997, Student: 1.00, Reliability: 0.819, GateAbs: 7.467e-03, Base Lr: 1.92e-04
2026-07-23 21:35:55 transreid.train INFO: Epoch[81] Iter[140/227] Loss: 0.118, Pose: 0.463, Acc: 0.996, Student: 1.00, Reliability: 0.830, GateAbs: 7.539e-03, Base Lr: 1.92e-04
2026-07-23 21:36:11 transreid.train INFO: Epoch[81] Iter[160/227] Loss: 0.117, Pose: 0.463, Acc: 0.996, Student: 1.00, Reliability: 0.860, GateAbs: 7.521e-03, Base Lr: 1.92e-04
2026-07-23 21:36:27 transreid.train INFO: Epoch[81] Iter[180/227] Loss: 0.115, Pose: 0.463, Acc: 0.997, Student: 1.00, Reliability: 0.827, GateAbs: 7.547e-03, Base Lr: 1.92e-04
2026-07-23 21:36:43 transreid.train INFO: Epoch[81] Iter[200/227] Loss: 0.113, Pose: 0.463, Acc: 0.997, Student: 1.00, Reliability: 0.843, GateAbs: 7.536e-03, Base Lr: 1.92e-04
2026-07-23 21:36:53 transreid.train INFO: Epoch 81 done. Time per epoch: 171.983[s] Speed: 78.9[samples/s]
2026-07-23 21:36:54 transreid.train INFO: PCMPSR epoch=82 control=zero_owner first-batch loss/positive/negative/owner-terms/owner-unique/fallback=0.000000/21.105724/46.903835/0/2.1875/0.000000 controls=None
2026-07-23 21:36:54 transreid.train INFO: PSCIR epoch=82 control=pose_only first-batch loss/zero/region/positive/negative/segment=0.000000/0.000000/0.000000/17.225060/44.989967/43.435432 edge-weight=[6.703125, 6.578125, 6.71875] controls=None
2026-07-23 21:37:09 transreid.train INFO: Epoch[82] Iter[20/227] Loss: 0.123, Pose: 0.453, Acc: 0.997, Student: 1.00, Reliability: 0.858, GateAbs: 7.491e-03, Base Lr: 1.83e-04
2026-07-23 21:37:26 transreid.train INFO: Epoch[82] Iter[40/227] Loss: 0.124, Pose: 0.456, Acc: 0.997, Student: 1.00, Reliability: 0.854, GateAbs: 7.532e-03, Base Lr: 1.83e-04
2026-07-23 21:37:42 transreid.train INFO: Epoch[82] Iter[60/227] Loss: 0.124, Pose: 0.459, Acc: 0.997, Student: 1.00, Reliability: 0.840, GateAbs: 7.483e-03, Base Lr: 1.83e-04
2026-07-23 21:37:58 transreid.train INFO: Epoch[82] Iter[80/227] Loss: 0.122, Pose: 0.460, Acc: 0.997, Student: 1.00, Reliability: 0.853, GateAbs: 7.505e-03, Base Lr: 1.83e-04
2026-07-23 21:38:14 transreid.train INFO: Epoch[82] Iter[100/227] Loss: 0.120, Pose: 0.460, Acc: 0.997, Student: 1.00, Reliability: 0.843, GateAbs: 7.469e-03, Base Lr: 1.83e-04
2026-07-23 21:38:31 transreid.train INFO: Epoch[82] Iter[120/227] Loss: 0.118, Pose: 0.460, Acc: 0.997, Student: 1.00, Reliability: 0.864, GateAbs: 7.519e-03, Base Lr: 1.83e-04
2026-07-23 21:38:47 transreid.train INFO: Epoch[82] Iter[140/227] Loss: 0.117, Pose: 0.461, Acc: 0.997, Student: 1.00, Reliability: 0.845, GateAbs: 7.503e-03, Base Lr: 1.83e-04
2026-07-23 21:39:03 transreid.train INFO: Epoch[82] Iter[160/227] Loss: 0.115, Pose: 0.461, Acc: 0.997, Student: 1.00, Reliability: 0.840, GateAbs: 7.553e-03, Base Lr: 1.83e-04
2026-07-23 21:39:19 transreid.train INFO: Epoch[82] Iter[180/227] Loss: 0.114, Pose: 0.461, Acc: 0.997, Student: 1.00, Reliability: 0.841, GateAbs: 7.535e-03, Base Lr: 1.83e-04
2026-07-23 21:39:36 transreid.train INFO: Epoch[82] Iter[200/227] Loss: 0.111, Pose: 0.462, Acc: 0.997, Student: 1.00, Reliability: 0.844, GateAbs: 7.535e-03, Base Lr: 1.83e-04
2026-07-23 21:39:46 transreid.train INFO: Epoch 82 done. Time per epoch: 173.380[s] Speed: 78.6[samples/s]
2026-07-23 21:39:47 transreid.train INFO: PCMPSR epoch=83 control=zero_owner first-batch loss/positive/negative/owner-terms/owner-unique/fallback=0.000003/23.023153/48.522659/0/2.3750/0.000000 controls=None
2026-07-23 21:39:47 transreid.train INFO: PSCIR epoch=83 control=pose_only first-batch loss/zero/region/positive/negative/segment=0.000002/0.000003/0.000001/18.658304/46.383305/44.874275 edge-weight=[6.375, 6.796875, 6.828125] controls=None
2026-07-23 21:40:03 transreid.train INFO: Epoch[83] Iter[20/227] Loss: 0.123, Pose: 0.454, Acc: 0.999, Student: 1.00, Reliability: 0.851, GateAbs: 7.522e-03, Base Lr: 1.75e-04
2026-07-23 21:40:19 transreid.train INFO: Epoch[83] Iter[40/227] Loss: 0.119, Pose: 0.457, Acc: 1.000, Student: 1.00, Reliability: 0.855, GateAbs: 7.489e-03, Base Lr: 1.75e-04
2026-07-23 21:40:35 transreid.train INFO: Epoch[83] Iter[60/227] Loss: 0.116, Pose: 0.459, Acc: 0.999, Student: 1.00, Reliability: 0.843, GateAbs: 7.502e-03, Base Lr: 1.75e-04
2026-07-23 21:40:51 transreid.train INFO: Epoch[83] Iter[80/227] Loss: 0.117, Pose: 0.461, Acc: 0.999, Student: 1.00, Reliability: 0.853, GateAbs: 7.548e-03, Base Lr: 1.75e-04
2026-07-23 21:41:08 transreid.train INFO: Epoch[83] Iter[100/227] Loss: 0.116, Pose: 0.461, Acc: 0.998, Student: 1.00, Reliability: 0.832, GateAbs: 7.507e-03, Base Lr: 1.75e-04
2026-07-23 21:41:24 transreid.train INFO: Epoch[83] Iter[120/227] Loss: 0.113, Pose: 0.461, Acc: 0.998, Student: 1.00, Reliability: 0.855, GateAbs: 7.510e-03, Base Lr: 1.75e-04
2026-07-23 21:41:40 transreid.train INFO: Epoch[83] Iter[140/227] Loss: 0.113, Pose: 0.462, Acc: 0.998, Student: 1.00, Reliability: 0.851, GateAbs: 7.561e-03, Base Lr: 1.75e-04
2026-07-23 21:41:56 transreid.train INFO: Epoch[83] Iter[160/227] Loss: 0.112, Pose: 0.462, Acc: 0.998, Student: 1.00, Reliability: 0.849, GateAbs: 7.555e-03, Base Lr: 1.75e-04
2026-07-23 21:42:12 transreid.train INFO: Epoch[83] Iter[180/227] Loss: 0.111, Pose: 0.462, Acc: 0.998, Student: 1.00, Reliability: 0.840, GateAbs: 7.530e-03, Base Lr: 1.75e-04
2026-07-23 21:42:29 transreid.train INFO: Epoch[83] Iter[200/227] Loss: 0.108, Pose: 0.463, Acc: 0.999, Student: 1.00, Reliability: 0.847, GateAbs: 7.508e-03, Base Lr: 1.75e-04
2026-07-23 21:42:40 transreid.train INFO: Epoch 83 done. Time per epoch: 173.825[s] Speed: 78.8[samples/s]
2026-07-23 21:42:41 transreid.train INFO: PCMPSR epoch=84 control=zero_owner first-batch loss/positive/negative/owner-terms/owner-unique/fallback=0.000000/24.011915/49.102390/0/2.3438/0.000000 controls=None
2026-07-23 21:42:41 transreid.train INFO: PSCIR epoch=84 control=pose_only first-batch loss/zero/region/positive/negative/segment=0.000000/0.000000/0.000000/19.490065/46.826702/45.412373 edge-weight=[6.59375, 6.53125, 6.875] controls=None
2026-07-23 21:42:57 transreid.train INFO: Epoch[84] Iter[20/227] Loss: 0.130, Pose: 0.465, Acc: 0.995, Student: 1.00, Reliability: 0.821, GateAbs: 7.462e-03, Base Lr: 1.66e-04
2026-07-23 21:43:13 transreid.train INFO: Epoch[84] Iter[40/227] Loss: 0.124, Pose: 0.461, Acc: 0.997, Student: 1.00, Reliability: 0.867, GateAbs: 7.486e-03, Base Lr: 1.66e-04
2026-07-23 21:43:29 transreid.train INFO: Epoch[84] Iter[60/227] Loss: 0.123, Pose: 0.461, Acc: 0.997, Student: 1.00, Reliability: 0.853, GateAbs: 7.530e-03, Base Lr: 1.66e-04
2026-07-23 21:43:45 transreid.train INFO: Epoch[84] Iter[80/227] Loss: 0.120, Pose: 0.462, Acc: 0.997, Student: 1.00, Reliability: 0.833, GateAbs: 7.501e-03, Base Lr: 1.66e-04
2026-07-23 21:44:02 transreid.train INFO: Epoch[84] Iter[100/227] Loss: 0.119, Pose: 0.460, Acc: 0.998, Student: 1.00, Reliability: 0.848, GateAbs: 7.545e-03, Base Lr: 1.66e-04
2026-07-23 21:44:18 transreid.train INFO: Epoch[84] Iter[120/227] Loss: 0.117, Pose: 0.461, Acc: 0.998, Student: 1.00, Reliability: 0.846, GateAbs: 7.516e-03, Base Lr: 1.66e-04
2026-07-23 21:44:34 transreid.train INFO: Epoch[84] Iter[140/227] Loss: 0.116, Pose: 0.462, Acc: 0.997, Student: 1.00, Reliability: 0.838, GateAbs: 7.549e-03, Base Lr: 1.66e-04
2026-07-23 21:44:51 transreid.train INFO: Epoch[84] Iter[160/227] Loss: 0.114, Pose: 0.462, Acc: 0.997, Student: 1.00, Reliability: 0.845, GateAbs: 7.578e-03, Base Lr: 1.66e-04
2026-07-23 21:45:07 transreid.train INFO: Epoch[84] Iter[180/227] Loss: 0.113, Pose: 0.462, Acc: 0.998, Student: 1.00, Reliability: 0.826, GateAbs: 7.531e-03, Base Lr: 1.66e-04
2026-07-23 21:45:23 transreid.train INFO: Epoch[84] Iter[200/227] Loss: 0.110, Pose: 0.462, Acc: 0.998, Student: 1.00, Reliability: 0.833, GateAbs: 7.510e-03, Base Lr: 1.66e-04
2026-07-23 21:45:33 transreid.train INFO: Epoch 84 done. Time per epoch: 172.825[s] Speed: 78.5[samples/s]
2026-07-23 21:45:34 transreid.train INFO: PCMPSR epoch=85 control=zero_owner first-batch loss/positive/negative/owner-terms/owner-unique/fallback=0.000010/23.561563/48.234314/0/2.2500/0.000000 controls=None
2026-07-23 21:45:34 transreid.train INFO: PSCIR epoch=85 control=pose_only first-batch loss/zero/region/positive/negative/segment=0.000007/0.000010/0.000005/18.633366/45.791939/44.359184 edge-weight=[6.609375, 6.78125, 6.609375] controls=None
2026-07-23 21:45:49 transreid.train INFO: Epoch[85] Iter[20/227] Loss: 0.117, Pose: 0.459, Acc: 0.998, Student: 1.00, Reliability: 0.840, GateAbs: 7.566e-03, Base Lr: 1.58e-04
2026-07-23 21:46:06 transreid.train INFO: Epoch[85] Iter[40/227] Loss: 0.121, Pose: 0.466, Acc: 0.997, Student: 1.00, Reliability: 0.834, GateAbs: 7.540e-03, Base Lr: 1.58e-04
2026-07-23 21:46:22 transreid.train INFO: Epoch[85] Iter[60/227] Loss: 0.123, Pose: 0.464, Acc: 0.996, Student: 1.00, Reliability: 0.862, GateAbs: 7.524e-03, Base Lr: 1.58e-04
2026-07-23 21:46:38 transreid.train INFO: Epoch[85] Iter[80/227] Loss: 0.120, Pose: 0.463, Acc: 0.997, Student: 1.00, Reliability: 0.844, GateAbs: 7.541e-03, Base Lr: 1.58e-04
2026-07-23 21:46:54 transreid.train INFO: Epoch[85] Iter[100/227] Loss: 0.119, Pose: 0.462, Acc: 0.997, Student: 1.00, Reliability: 0.832, GateAbs: 7.524e-03, Base Lr: 1.58e-04
2026-07-23 21:47:10 transreid.train INFO: Epoch[85] Iter[120/227] Loss: 0.118, Pose: 0.463, Acc: 0.997, Student: 1.00, Reliability: 0.857, GateAbs: 7.539e-03, Base Lr: 1.58e-04
2026-07-23 21:47:26 transreid.train INFO: Epoch[85] Iter[140/227] Loss: 0.116, Pose: 0.463, Acc: 0.997, Student: 1.00, Reliability: 0.819, GateAbs: 7.514e-03, Base Lr: 1.58e-04
2026-07-23 21:47:43 transreid.train INFO: Epoch[85] Iter[160/227] Loss: 0.115, Pose: 0.463, Acc: 0.997, Student: 1.00, Reliability: 0.839, GateAbs: 7.536e-03, Base Lr: 1.58e-04
2026-07-23 21:47:59 transreid.train INFO: Epoch[85] Iter[180/227] Loss: 0.114, Pose: 0.463, Acc: 0.997, Student: 1.00, Reliability: 0.852, GateAbs: 7.538e-03, Base Lr: 1.58e-04
2026-07-23 21:48:15 transreid.train INFO: Epoch[85] Iter[200/227] Loss: 0.111, Pose: 0.463, Acc: 0.997, Student: 1.00, Reliability: 0.843, GateAbs: 7.545e-03, Base Lr: 1.58e-04
2026-07-23 21:48:24 transreid.train INFO: Epoch 85 done. Time per epoch: 170.736[s] Speed: 79.1[samples/s]
2026-07-23 21:48:25 transreid.train INFO: PCMPSR epoch=86 control=zero_owner first-batch loss/positive/negative/owner-terms/owner-unique/fallback=0.000002/22.073612/48.157948/0/2.2344/0.000000 controls=None
2026-07-23 21:48:25 transreid.train INFO: PSCIR epoch=86 control=pose_only first-batch loss/zero/region/positive/negative/segment=0.000002/0.000002/0.000002/17.489988/46.072617/44.485428 edge-weight=[6.90625, 6.296875, 6.796875] controls=None
2026-07-23 21:48:40 transreid.train INFO: Epoch[86] Iter[20/227] Loss: 0.119, Pose: 0.464, Acc: 0.999, Student: 1.00, Reliability: 0.842, GateAbs: 7.501e-03, Base Lr: 1.50e-04
2026-07-23 21:48:56 transreid.train INFO: Epoch[86] Iter[40/227] Loss: 0.120, Pose: 0.464, Acc: 0.999, Student: 1.00, Reliability: 0.845, GateAbs: 7.517e-03, Base Lr: 1.50e-04
2026-07-23 21:49:13 transreid.train INFO: Epoch[86] Iter[60/227] Loss: 0.114, Pose: 0.463, Acc: 0.999, Student: 1.00, Reliability: 0.848, GateAbs: 7.517e-03, Base Lr: 1.50e-04
2026-07-23 21:49:29 transreid.train INFO: Epoch[86] Iter[80/227] Loss: 0.112, Pose: 0.463, Acc: 0.999, Student: 1.00, Reliability: 0.837, GateAbs: 7.542e-03, Base Lr: 1.50e-04
2026-07-23 21:49:45 transreid.train INFO: Epoch[86] Iter[100/227] Loss: 0.112, Pose: 0.462, Acc: 0.999, Student: 1.00, Reliability: 0.864, GateAbs: 7.546e-03, Base Lr: 1.50e-04
2026-07-23 21:50:01 transreid.train INFO: Epoch[86] Iter[120/227] Loss: 0.111, Pose: 0.462, Acc: 0.999, Student: 1.00, Reliability: 0.839, GateAbs: 7.525e-03, Base Lr: 1.50e-04
2026-07-23 21:50:18 transreid.train INFO: Epoch[86] Iter[140/227] Loss: 0.110, Pose: 0.462, Acc: 0.999, Student: 1.00, Reliability: 0.847, GateAbs: 7.551e-03, Base Lr: 1.50e-04
2026-07-23 21:50:34 transreid.train INFO: Epoch[86] Iter[160/227] Loss: 0.110, Pose: 0.463, Acc: 0.998, Student: 1.00, Reliability: 0.838, GateAbs: 7.539e-03, Base Lr: 1.50e-04
2026-07-23 21:50:50 transreid.train INFO: Epoch[86] Iter[180/227] Loss: 0.109, Pose: 0.462, Acc: 0.998, Student: 1.00, Reliability: 0.838, GateAbs: 7.583e-03, Base Lr: 1.50e-04
2026-07-23 21:51:06 transreid.train INFO: Epoch[86] Iter[200/227] Loss: 0.108, Pose: 0.463, Acc: 0.998, Student: 1.00, Reliability: 0.835, GateAbs: 7.588e-03, Base Lr: 1.50e-04
2026-07-23 21:51:16 transreid.train INFO: Epoch 86 done. Time per epoch: 172.479[s] Speed: 78.7[samples/s]
2026-07-23 21:51:17 transreid.train INFO: PCMPSR epoch=87 control=zero_owner first-batch loss/positive/negative/owner-terms/owner-unique/fallback=0.000001/23.618881/47.937756/0/2.1562/0.000000 controls=None
2026-07-23 21:51:17 transreid.train INFO: PSCIR epoch=87 control=pose_only first-batch loss/zero/region/positive/negative/segment=0.000001/0.000001/0.000000/19.196522/45.684116/44.255325 edge-weight=[7.046875, 6.328125, 6.625] controls=None
2026-07-23 21:51:33 transreid.train INFO: Epoch[87] Iter[20/227] Loss: 0.136, Pose: 0.462, Acc: 0.993, Student: 1.00, Reliability: 0.857, GateAbs: 7.568e-03, Base Lr: 1.42e-04
2026-07-23 21:51:49 transreid.train INFO: Epoch[87] Iter[40/227] Loss: 0.130, Pose: 0.463, Acc: 0.995, Student: 1.00, Reliability: 0.843, GateAbs: 7.581e-03, Base Lr: 1.42e-04
2026-07-23 21:52:05 transreid.train INFO: Epoch[87] Iter[60/227] Loss: 0.124, Pose: 0.463, Acc: 0.996, Student: 1.00, Reliability: 0.846, GateAbs: 7.537e-03, Base Lr: 1.42e-04
2026-07-23 21:52:21 transreid.train INFO: Epoch[87] Iter[80/227] Loss: 0.121, Pose: 0.463, Acc: 0.996, Student: 1.00, Reliability: 0.854, GateAbs: 7.561e-03, Base Lr: 1.42e-04
2026-07-23 21:52:38 transreid.train INFO: Epoch[87] Iter[100/227] Loss: 0.120, Pose: 0.464, Acc: 0.996, Student: 1.00, Reliability: 0.847, GateAbs: 7.476e-03, Base Lr: 1.42e-04
2026-07-23 21:52:54 transreid.train INFO: Epoch[87] Iter[120/227] Loss: 0.118, Pose: 0.464, Acc: 0.996, Student: 1.00, Reliability: 0.853, GateAbs: 7.575e-03, Base Lr: 1.42e-04
2026-07-23 21:53:10 transreid.train INFO: Epoch[87] Iter[140/227] Loss: 0.116, Pose: 0.463, Acc: 0.997, Student: 1.00, Reliability: 0.842, GateAbs: 7.551e-03, Base Lr: 1.42e-04
2026-07-23 21:53:26 transreid.train INFO: Epoch[87] Iter[160/227] Loss: 0.116, Pose: 0.463, Acc: 0.997, Student: 1.00, Reliability: 0.859, GateAbs: 7.598e-03, Base Lr: 1.42e-04
2026-07-23 21:53:42 transreid.train INFO: Epoch[87] Iter[180/227] Loss: 0.113, Pose: 0.463, Acc: 0.997, Student: 1.00, Reliability: 0.837, GateAbs: 7.567e-03, Base Lr: 1.42e-04
2026-07-23 21:53:59 transreid.train INFO: Epoch[87] Iter[200/227] Loss: 0.110, Pose: 0.463, Acc: 0.997, Student: 1.00, Reliability: 0.847, GateAbs: 7.565e-03, Base Lr: 1.42e-04
2026-07-23 21:54:08 transreid.train INFO: Epoch 87 done. Time per epoch: 172.215[s] Speed: 78.8[samples/s]
2026-07-23 21:54:09 transreid.train INFO: PCMPSR epoch=88 control=zero_owner first-batch loss/positive/negative/owner-terms/owner-unique/fallback=0.000985/23.677649/48.247967/0/2.0938/0.000000 controls=None
2026-07-23 21:54:09 transreid.train INFO: PSCIR epoch=88 control=pose_only first-batch loss/zero/region/positive/negative/segment=0.000843/0.000985/0.000701/19.196423/46.010792/44.576698 edge-weight=[6.671875, 6.53125, 6.796875] controls=None
2026-07-23 21:54:25 transreid.train INFO: Epoch[88] Iter[20/227] Loss: 0.118, Pose: 0.460, Acc: 0.998, Student: 1.00, Reliability: 0.855, GateAbs: 7.587e-03, Base Lr: 1.34e-04
2026-07-23 21:54:41 transreid.train INFO: Epoch[88] Iter[40/227] Loss: 0.126, Pose: 0.461, Acc: 0.997, Student: 1.00, Reliability: 0.854, GateAbs: 7.548e-03, Base Lr: 1.34e-04
2026-07-23 21:54:57 transreid.train INFO: Epoch[88] Iter[60/227] Loss: 0.122, Pose: 0.461, Acc: 0.997, Student: 1.00, Reliability: 0.861, GateAbs: 7.564e-03, Base Lr: 1.34e-04
2026-07-23 21:55:14 transreid.train INFO: Epoch[88] Iter[80/227] Loss: 0.120, Pose: 0.462, Acc: 0.997, Student: 1.00, Reliability: 0.845, GateAbs: 7.518e-03, Base Lr: 1.34e-04
2026-07-23 21:55:30 transreid.train INFO: Epoch[88] Iter[100/227] Loss: 0.116, Pose: 0.461, Acc: 0.997, Student: 1.00, Reliability: 0.844, GateAbs: 7.531e-03, Base Lr: 1.34e-04
2026-07-23 21:55:46 transreid.train INFO: Epoch[88] Iter[120/227] Loss: 0.116, Pose: 0.462, Acc: 0.997, Student: 1.00, Reliability: 0.834, GateAbs: 7.568e-03, Base Lr: 1.34e-04
2026-07-23 21:56:03 transreid.train INFO: Epoch[88] Iter[140/227] Loss: 0.114, Pose: 0.462, Acc: 0.997, Student: 1.00, Reliability: 0.839, GateAbs: 7.564e-03, Base Lr: 1.34e-04
2026-07-23 21:56:19 transreid.train INFO: Epoch[88] Iter[160/227] Loss: 0.113, Pose: 0.462, Acc: 0.997, Student: 1.00, Reliability: 0.849, GateAbs: 7.563e-03, Base Lr: 1.34e-04
2026-07-23 21:56:35 transreid.train INFO: Epoch[88] Iter[180/227] Loss: 0.112, Pose: 0.463, Acc: 0.997, Student: 1.00, Reliability: 0.861, GateAbs: 7.517e-03, Base Lr: 1.34e-04
2026-07-23 21:56:51 transreid.train INFO: Epoch[88] Iter[200/227] Loss: 0.109, Pose: 0.463, Acc: 0.997, Student: 1.00, Reliability: 0.826, GateAbs: 7.555e-03, Base Lr: 1.34e-04
2026-07-23 21:57:00 transreid.train INFO: Epoch 88 done. Time per epoch: 172.014[s] Speed: 78.5[samples/s]
2026-07-23 21:57:01 transreid.train INFO: PCMPSR epoch=89 control=zero_owner first-batch loss/positive/negative/owner-terms/owner-unique/fallback=0.000884/23.522991/48.614635/0/2.3906/0.000000 controls=None
2026-07-23 21:57:01 transreid.train INFO: PSCIR epoch=89 control=pose_only first-batch loss/zero/region/positive/negative/segment=0.000446/0.000884/0.000009/18.679897/46.343151/44.853096 edge-weight=[6.515625, 6.84375, 6.640625] controls=None
2026-07-23 21:57:17 transreid.train INFO: Epoch[89] Iter[20/227] Loss: 0.125, Pose: 0.457, Acc: 0.997, Student: 1.00, Reliability: 0.855, GateAbs: 7.603e-03, Base Lr: 1.26e-04
2026-07-23 21:57:33 transreid.train INFO: Epoch[89] Iter[40/227] Loss: 0.119, Pose: 0.459, Acc: 0.998, Student: 1.00, Reliability: 0.835, GateAbs: 7.527e-03, Base Lr: 1.26e-04
2026-07-23 21:57:49 transreid.train INFO: Epoch[89] Iter[60/227] Loss: 0.118, Pose: 0.460, Acc: 0.998, Student: 1.00, Reliability: 0.848, GateAbs: 7.547e-03, Base Lr: 1.26e-04
2026-07-23 21:58:06 transreid.train INFO: Epoch[89] Iter[80/227] Loss: 0.115, Pose: 0.460, Acc: 0.998, Student: 1.00, Reliability: 0.848, GateAbs: 7.555e-03, Base Lr: 1.26e-04
2026-07-23 21:58:22 transreid.train INFO: Epoch[89] Iter[100/227] Loss: 0.113, Pose: 0.460, Acc: 0.998, Student: 1.00, Reliability: 0.843, GateAbs: 7.545e-03, Base Lr: 1.26e-04
2026-07-23 21:58:38 transreid.train INFO: Epoch[89] Iter[120/227] Loss: 0.112, Pose: 0.460, Acc: 0.998, Student: 1.00, Reliability: 0.838, GateAbs: 7.554e-03, Base Lr: 1.26e-04
2026-07-23 21:58:54 transreid.train INFO: Epoch[89] Iter[140/227] Loss: 0.110, Pose: 0.460, Acc: 0.998, Student: 1.00, Reliability: 0.838, GateAbs: 7.536e-03, Base Lr: 1.26e-04
2026-07-23 21:59:11 transreid.train INFO: Epoch[89] Iter[160/227] Loss: 0.110, Pose: 0.461, Acc: 0.997, Student: 1.00, Reliability: 0.845, GateAbs: 7.566e-03, Base Lr: 1.26e-04
2026-07-23 21:59:27 transreid.train INFO: Epoch[89] Iter[180/227] Loss: 0.108, Pose: 0.461, Acc: 0.998, Student: 1.00, Reliability: 0.835, GateAbs: 7.509e-03, Base Lr: 1.26e-04
2026-07-23 21:59:43 transreid.train INFO: Epoch[89] Iter[200/227] Loss: 0.106, Pose: 0.462, Acc: 0.998, Student: 1.00, Reliability: 0.835, GateAbs: 7.560e-03, Base Lr: 1.26e-04
2026-07-23 21:59:52 transreid.train INFO: Epoch 89 done. Time per epoch: 171.640[s] Speed: 78.7[samples/s]
2026-07-23 21:59:53 transreid.train INFO: PCMPSR epoch=90 control=zero_owner first-batch loss/positive/negative/owner-terms/owner-unique/fallback=0.000000/23.262568/49.513042/0/2.2188/0.000000 controls=None
2026-07-23 21:59:53 transreid.train INFO: PSCIR epoch=90 control=pose_only first-batch loss/zero/region/positive/negative/segment=0.000000/0.000000/0.000000/18.702204/47.416012/45.839401 edge-weight=[6.34375, 6.484375, 7.171875] controls=None
2026-07-23 22:00:08 transreid.train INFO: Epoch[90] Iter[20/227] Loss: 0.116, Pose: 0.466, Acc: 0.996, Student: 1.00, Reliability: 0.847, GateAbs: 7.564e-03, Base Lr: 1.19e-04
2026-07-23 22:00:25 transreid.train INFO: Epoch[90] Iter[40/227] Loss: 0.116, Pose: 0.463, Acc: 0.996, Student: 1.00, Reliability: 0.833, GateAbs: 7.537e-03, Base Lr: 1.19e-04
2026-07-23 22:00:41 transreid.train INFO: Epoch[90] Iter[60/227] Loss: 0.113, Pose: 0.462, Acc: 0.997, Student: 1.00, Reliability: 0.845, GateAbs: 7.548e-03, Base Lr: 1.19e-04
2026-07-23 22:00:57 transreid.train INFO: Epoch[90] Iter[80/227] Loss: 0.114, Pose: 0.461, Acc: 0.997, Student: 1.00, Reliability: 0.849, GateAbs: 7.530e-03, Base Lr: 1.19e-04
2026-07-23 22:01:13 transreid.train INFO: Epoch[90] Iter[100/227] Loss: 0.115, Pose: 0.460, Acc: 0.997, Student: 1.00, Reliability: 0.842, GateAbs: 7.525e-03, Base Lr: 1.19e-04
2026-07-23 22:01:29 transreid.train INFO: Epoch[90] Iter[120/227] Loss: 0.114, Pose: 0.462, Acc: 0.997, Student: 1.00, Reliability: 0.852, GateAbs: 7.567e-03, Base Lr: 1.19e-04
2026-07-23 22:01:46 transreid.train INFO: Epoch[90] Iter[140/227] Loss: 0.112, Pose: 0.462, Acc: 0.997, Student: 1.00, Reliability: 0.837, GateAbs: 7.546e-03, Base Lr: 1.19e-04
2026-07-23 22:02:02 transreid.train INFO: Epoch[90] Iter[160/227] Loss: 0.110, Pose: 0.462, Acc: 0.997, Student: 1.00, Reliability: 0.829, GateAbs: 7.545e-03, Base Lr: 1.19e-04
2026-07-23 22:02:18 transreid.train INFO: Epoch[90] Iter[180/227] Loss: 0.109, Pose: 0.462, Acc: 0.997, Student: 1.00, Reliability: 0.848, GateAbs: 7.582e-03, Base Lr: 1.19e-04
2026-07-23 22:02:34 transreid.train INFO: Epoch[90] Iter[200/227] Loss: 0.107, Pose: 0.463, Acc: 0.997, Student: 1.00, Reliability: 0.831, GateAbs: 7.586e-03, Base Lr: 1.19e-04
2026-07-23 22:02:45 transreid.train INFO: Epoch 90 done. Time per epoch: 172.701[s] Speed: 78.9[samples/s]
The test feature is normalized
=> Computing DistMat with euclidean_distance
2026-07-23 22:03:07 transreid.train INFO: Validation Results - Epoch: 90
2026-07-23 22:03:07 transreid.train INFO: mAP: 59.4%
2026-07-23 22:03:07 transreid.train INFO: CMC curve, Rank-1  :71.1%
2026-07-23 22:03:07 transreid.train INFO: CMC curve, Rank-5  :83.1%
2026-07-23 22:03:07 transreid.train INFO: CMC curve, Rank-10 :86.6%
2026-07-23 22:03:08 transreid.train INFO: PCMPSR epoch=91 control=zero_owner first-batch loss/positive/negative/owner-terms/owner-unique/fallback=0.000000/21.847794/48.121765/0/2.3594/0.000000 controls=None
2026-07-23 22:03:08 transreid.train INFO: PSCIR epoch=91 control=pose_only first-batch loss/zero/region/positive/negative/segment=0.000000/0.000000/0.000000/17.573849/46.191559/44.560165 edge-weight=[6.734375, 6.46875, 6.796875] controls=None
2026-07-23 22:03:24 transreid.train INFO: Epoch[91] Iter[20/227] Loss: 0.120, Pose: 0.462, Acc: 0.998, Student: 1.00, Reliability: 0.855, GateAbs: 7.579e-03, Base Lr: 1.11e-04
2026-07-23 22:03:40 transreid.train INFO: Epoch[91] Iter[40/227] Loss: 0.117, Pose: 0.461, Acc: 0.998, Student: 1.00, Reliability: 0.839, GateAbs: 7.558e-03, Base Lr: 1.11e-04
2026-07-23 22:03:56 transreid.train INFO: Epoch[91] Iter[60/227] Loss: 0.120, Pose: 0.460, Acc: 0.998, Student: 1.00, Reliability: 0.850, GateAbs: 7.548e-03, Base Lr: 1.11e-04
2026-07-23 22:04:13 transreid.train INFO: Epoch[91] Iter[80/227] Loss: 0.117, Pose: 0.460, Acc: 0.998, Student: 1.00, Reliability: 0.843, GateAbs: 7.573e-03, Base Lr: 1.11e-04
2026-07-23 22:04:29 transreid.train INFO: Epoch[91] Iter[100/227] Loss: 0.116, Pose: 0.461, Acc: 0.998, Student: 1.00, Reliability: 0.832, GateAbs: 7.554e-03, Base Lr: 1.11e-04
2026-07-23 22:04:45 transreid.train INFO: Epoch[91] Iter[120/227] Loss: 0.114, Pose: 0.461, Acc: 0.998, Student: 1.00, Reliability: 0.845, GateAbs: 7.554e-03, Base Lr: 1.11e-04
2026-07-23 22:05:02 transreid.train INFO: Epoch[91] Iter[140/227] Loss: 0.113, Pose: 0.462, Acc: 0.997, Student: 1.00, Reliability: 0.849, GateAbs: 7.535e-03, Base Lr: 1.11e-04
2026-07-23 22:05:18 transreid.train INFO: Epoch[91] Iter[160/227] Loss: 0.112, Pose: 0.462, Acc: 0.997, Student: 1.00, Reliability: 0.852, GateAbs: 7.568e-03, Base Lr: 1.11e-04
2026-07-23 22:05:34 transreid.train INFO: Epoch[91] Iter[180/227] Loss: 0.110, Pose: 0.462, Acc: 0.997, Student: 1.00, Reliability: 0.835, GateAbs: 7.616e-03, Base Lr: 1.11e-04
2026-07-23 22:05:51 transreid.train INFO: Epoch[91] Iter[200/227] Loss: 0.108, Pose: 0.462, Acc: 0.997, Student: 1.00, Reliability: 0.838, GateAbs: 7.600e-03, Base Lr: 1.11e-04
2026-07-23 22:06:00 transreid.train INFO: Epoch 91 done. Time per epoch: 172.913[s] Speed: 78.1[samples/s]
2026-07-23 22:06:01 transreid.train INFO: PCMPSR epoch=92 control=zero_owner first-batch loss/positive/negative/owner-terms/owner-unique/fallback=0.000002/21.850174/47.508320/0/2.2656/0.000000 controls=None
2026-07-23 22:06:01 transreid.train INFO: PSCIR epoch=92 control=pose_only first-batch loss/zero/region/positive/negative/segment=0.000001/0.000002/0.000000/17.518581/45.459423/43.903595 edge-weight=[6.6875, 6.828125, 6.484375] controls=None
2026-07-23 22:06:16 transreid.train INFO: Epoch[92] Iter[20/227] Loss: 0.112, Pose: 0.460, Acc: 0.999, Student: 1.00, Reliability: 0.829, GateAbs: 7.559e-03, Base Lr: 1.04e-04
2026-07-23 22:06:33 transreid.train INFO: Epoch[92] Iter[40/227] Loss: 0.112, Pose: 0.462, Acc: 0.998, Student: 1.00, Reliability: 0.850, GateAbs: 7.565e-03, Base Lr: 1.04e-04
2026-07-23 22:06:49 transreid.train INFO: Epoch[92] Iter[60/227] Loss: 0.114, Pose: 0.462, Acc: 0.997, Student: 1.00, Reliability: 0.835, GateAbs: 7.553e-03, Base Lr: 1.04e-04
2026-07-23 22:07:05 transreid.train INFO: Epoch[92] Iter[80/227] Loss: 0.113, Pose: 0.463, Acc: 0.997, Student: 1.00, Reliability: 0.846, GateAbs: 7.576e-03, Base Lr: 1.04e-04
2026-07-23 22:07:22 transreid.train INFO: Epoch[92] Iter[100/227] Loss: 0.113, Pose: 0.463, Acc: 0.997, Student: 1.00, Reliability: 0.847, GateAbs: 7.581e-03, Base Lr: 1.04e-04
2026-07-23 22:07:38 transreid.train INFO: Epoch[92] Iter[120/227] Loss: 0.112, Pose: 0.463, Acc: 0.997, Student: 1.00, Reliability: 0.848, GateAbs: 7.552e-03, Base Lr: 1.04e-04
2026-07-23 22:07:54 transreid.train INFO: Epoch[92] Iter[140/227] Loss: 0.111, Pose: 0.463, Acc: 0.997, Student: 1.00, Reliability: 0.848, GateAbs: 7.578e-03, Base Lr: 1.04e-04
2026-07-23 22:08:11 transreid.train INFO: Epoch[92] Iter[160/227] Loss: 0.110, Pose: 0.463, Acc: 0.997, Student: 1.00, Reliability: 0.873, GateAbs: 7.571e-03, Base Lr: 1.04e-04
2026-07-23 22:08:27 transreid.train INFO: Epoch[92] Iter[180/227] Loss: 0.108, Pose: 0.463, Acc: 0.998, Student: 1.00, Reliability: 0.834, GateAbs: 7.544e-03, Base Lr: 1.04e-04
2026-07-23 22:08:43 transreid.train INFO: Epoch[92] Iter[200/227] Loss: 0.106, Pose: 0.463, Acc: 0.998, Student: 1.00, Reliability: 0.834, GateAbs: 7.607e-03, Base Lr: 1.04e-04
2026-07-23 22:08:53 transreid.train INFO: Epoch 92 done. Time per epoch: 172.974[s] Speed: 78.4[samples/s]
2026-07-23 22:08:54 transreid.train INFO: PCMPSR epoch=93 control=zero_owner first-batch loss/positive/negative/owner-terms/owner-unique/fallback=0.000001/22.533108/47.470665/0/2.2656/0.000000 controls=None
2026-07-23 22:08:54 transreid.train INFO: PSCIR epoch=93 control=pose_only first-batch loss/zero/region/positive/negative/segment=0.000001/0.000001/0.000000/18.341465/45.239025/43.791107 edge-weight=[6.375, 6.65625, 6.96875] controls=None
2026-07-23 22:09:09 transreid.train INFO: Epoch[93] Iter[20/227] Loss: 0.124, Pose: 0.457, Acc: 0.995, Student: 1.00, Reliability: 0.840, GateAbs: 7.569e-03, Base Lr: 9.72e-05
2026-07-23 22:09:26 transreid.train INFO: Epoch[93] Iter[40/227] Loss: 0.121, Pose: 0.460, Acc: 0.996, Student: 1.00, Reliability: 0.821, GateAbs: 7.519e-03, Base Lr: 9.72e-05
2026-07-23 22:09:42 transreid.train INFO: Epoch[93] Iter[60/227] Loss: 0.118, Pose: 0.460, Acc: 0.996, Student: 1.00, Reliability: 0.851, GateAbs: 7.565e-03, Base Lr: 9.72e-05
2026-07-23 22:09:58 transreid.train INFO: Epoch[93] Iter[80/227] Loss: 0.118, Pose: 0.460, Acc: 0.996, Student: 1.00, Reliability: 0.822, GateAbs: 7.553e-03, Base Lr: 9.72e-05
2026-07-23 22:10:15 transreid.train INFO: Epoch[93] Iter[100/227] Loss: 0.116, Pose: 0.461, Acc: 0.996, Student: 1.00, Reliability: 0.862, GateAbs: 7.589e-03, Base Lr: 9.72e-05
2026-07-23 22:10:31 transreid.train INFO: Epoch[93] Iter[120/227] Loss: 0.114, Pose: 0.461, Acc: 0.996, Student: 1.00, Reliability: 0.841, GateAbs: 7.566e-03, Base Lr: 9.72e-05
2026-07-23 22:10:47 transreid.train INFO: Epoch[93] Iter[140/227] Loss: 0.112, Pose: 0.462, Acc: 0.997, Student: 1.00, Reliability: 0.851, GateAbs: 7.589e-03, Base Lr: 9.72e-05
2026-07-23 22:11:03 transreid.train INFO: Epoch[93] Iter[160/227] Loss: 0.110, Pose: 0.462, Acc: 0.997, Student: 1.00, Reliability: 0.849, GateAbs: 7.517e-03, Base Lr: 9.72e-05
2026-07-23 22:11:20 transreid.train INFO: Epoch[93] Iter[180/227] Loss: 0.108, Pose: 0.463, Acc: 0.997, Student: 1.00, Reliability: 0.850, GateAbs: 7.557e-03, Base Lr: 9.72e-05
2026-07-23 22:11:36 transreid.train INFO: Epoch[93] Iter[200/227] Loss: 0.106, Pose: 0.463, Acc: 0.997, Student: 1.00, Reliability: 0.851, GateAbs: 7.591e-03, Base Lr: 9.72e-05
2026-07-23 22:11:47 transreid.train INFO: Epoch 93 done. Time per epoch: 173.733[s] Speed: 78.5[samples/s]
2026-07-23 22:11:48 transreid.train INFO: PCMPSR epoch=94 control=zero_owner first-batch loss/positive/negative/owner-terms/owner-unique/fallback=0.000085/23.165201/48.117809/0/2.2031/0.000000 controls=None
2026-07-23 22:11:48 transreid.train INFO: PSCIR epoch=94 control=pose_only first-batch loss/zero/region/positive/negative/segment=0.000079/0.000085/0.000073/18.503307/45.856739/44.335339 edge-weight=[6.46875, 6.765625, 6.765625] controls=None
2026-07-23 22:12:03 transreid.train INFO: Epoch[94] Iter[20/227] Loss: 0.112, Pose: 0.463, Acc: 0.998, Student: 1.00, Reliability: 0.852, GateAbs: 7.598e-03, Base Lr: 9.06e-05
2026-07-23 22:12:19 transreid.train INFO: Epoch[94] Iter[40/227] Loss: 0.114, Pose: 0.464, Acc: 0.998, Student: 1.00, Reliability: 0.838, GateAbs: 7.574e-03, Base Lr: 9.06e-05
2026-07-23 22:12:36 transreid.train INFO: Epoch[94] Iter[60/227] Loss: 0.112, Pose: 0.464, Acc: 0.998, Student: 1.00, Reliability: 0.821, GateAbs: 7.554e-03, Base Lr: 9.06e-05
2026-07-23 22:12:52 transreid.train INFO: Epoch[94] Iter[80/227] Loss: 0.113, Pose: 0.463, Acc: 0.998, Student: 1.00, Reliability: 0.849, GateAbs: 7.535e-03, Base Lr: 9.06e-05
2026-07-23 22:13:08 transreid.train INFO: Epoch[94] Iter[100/227] Loss: 0.112, Pose: 0.463, Acc: 0.998, Student: 1.00, Reliability: 0.853, GateAbs: 7.575e-03, Base Lr: 9.06e-05
2026-07-23 22:13:25 transreid.train INFO: Epoch[94] Iter[120/227] Loss: 0.111, Pose: 0.462, Acc: 0.998, Student: 1.00, Reliability: 0.830, GateAbs: 7.557e-03, Base Lr: 9.06e-05
2026-07-23 22:13:41 transreid.train INFO: Epoch[94] Iter[140/227] Loss: 0.109, Pose: 0.462, Acc: 0.998, Student: 1.00, Reliability: 0.836, GateAbs: 7.599e-03, Base Lr: 9.06e-05
2026-07-23 22:13:57 transreid.train INFO: Epoch[94] Iter[160/227] Loss: 0.109, Pose: 0.463, Acc: 0.998, Student: 1.00, Reliability: 0.845, GateAbs: 7.575e-03, Base Lr: 9.06e-05
2026-07-23 22:14:14 transreid.train INFO: Epoch[94] Iter[180/227] Loss: 0.108, Pose: 0.462, Acc: 0.998, Student: 1.00, Reliability: 0.843, GateAbs: 7.563e-03, Base Lr: 9.06e-05
2026-07-23 22:14:30 transreid.train INFO: Epoch[94] Iter[200/227] Loss: 0.105, Pose: 0.462, Acc: 0.998, Student: 1.00, Reliability: 0.819, GateAbs: 7.573e-03, Base Lr: 9.06e-05
2026-07-23 22:14:39 transreid.train INFO: Epoch 94 done. Time per epoch: 172.466[s] Speed: 78.3[samples/s]
2026-07-23 22:14:40 transreid.train INFO: PCMPSR epoch=95 control=zero_owner first-batch loss/positive/negative/owner-terms/owner-unique/fallback=0.000000/21.848269/47.533360/0/2.2812/0.000000 controls=None
2026-07-23 22:14:40 transreid.train INFO: PSCIR epoch=95 control=pose_only first-batch loss/zero/region/positive/negative/segment=0.000000/0.000000/0.000000/17.231483/45.467827/43.911896 edge-weight=[6.609375, 6.546875, 6.84375] controls=None
2026-07-23 22:14:56 transreid.train INFO: Epoch[95] Iter[20/227] Loss: 0.121, Pose: 0.464, Acc: 0.998, Student: 1.00, Reliability: 0.832, GateAbs: 7.526e-03, Base Lr: 8.41e-05
2026-07-23 22:15:12 transreid.train INFO: Epoch[95] Iter[40/227] Loss: 0.115, Pose: 0.461, Acc: 0.997, Student: 1.00, Reliability: 0.841, GateAbs: 7.582e-03, Base Lr: 8.41e-05
2026-07-23 22:15:28 transreid.train INFO: Epoch[95] Iter[60/227] Loss: 0.119, Pose: 0.462, Acc: 0.996, Student: 1.00, Reliability: 0.842, GateAbs: 7.565e-03, Base Lr: 8.41e-05
2026-07-23 22:15:45 transreid.train INFO: Epoch[95] Iter[80/227] Loss: 0.117, Pose: 0.463, Acc: 0.996, Student: 1.00, Reliability: 0.822, GateAbs: 7.601e-03, Base Lr: 8.41e-05
2026-07-23 22:16:01 transreid.train INFO: Epoch[95] Iter[100/227] Loss: 0.115, Pose: 0.463, Acc: 0.997, Student: 1.00, Reliability: 0.842, GateAbs: 7.596e-03, Base Lr: 8.41e-05
2026-07-23 22:16:17 transreid.train INFO: Epoch[95] Iter[120/227] Loss: 0.112, Pose: 0.463, Acc: 0.997, Student: 1.00, Reliability: 0.852, GateAbs: 7.571e-03, Base Lr: 8.41e-05
2026-07-23 22:16:34 transreid.train INFO: Epoch[95] Iter[140/227] Loss: 0.111, Pose: 0.464, Acc: 0.997, Student: 1.00, Reliability: 0.847, GateAbs: 7.564e-03, Base Lr: 8.41e-05
2026-07-23 22:16:50 transreid.train INFO: Epoch[95] Iter[160/227] Loss: 0.109, Pose: 0.463, Acc: 0.997, Student: 1.00, Reliability: 0.867, GateAbs: 7.557e-03, Base Lr: 8.41e-05
2026-07-23 22:17:07 transreid.train INFO: Epoch[95] Iter[180/227] Loss: 0.106, Pose: 0.462, Acc: 0.997, Student: 1.00, Reliability: 0.843, GateAbs: 7.608e-03, Base Lr: 8.41e-05
2026-07-23 22:17:23 transreid.train INFO: Epoch[95] Iter[200/227] Loss: 0.104, Pose: 0.462, Acc: 0.998, Student: 1.00, Reliability: 0.855, GateAbs: 7.636e-03, Base Lr: 8.41e-05
2026-07-23 22:17:32 transreid.train INFO: Epoch 95 done. Time per epoch: 172.900[s] Speed: 78.1[samples/s]
2026-07-23 22:17:33 transreid.train INFO: PCMPSR epoch=96 control=zero_owner first-batch loss/positive/negative/owner-terms/owner-unique/fallback=0.000004/25.013062/49.751598/0/2.4688/0.000000 controls=None
2026-07-23 22:17:33 transreid.train INFO: PSCIR epoch=96 control=pose_only first-batch loss/zero/region/positive/negative/segment=0.000002/0.000004/0.000000/19.892323/47.306309/45.808952 edge-weight=[6.515625, 6.78125, 6.703125] controls=None
2026-07-23 22:17:48 transreid.train INFO: Epoch[96] Iter[20/227] Loss: 0.122, Pose: 0.454, Acc: 0.998, Student: 1.00, Reliability: 0.851, GateAbs: 7.609e-03, Base Lr: 7.78e-05
2026-07-23 22:18:05 transreid.train INFO: Epoch[96] Iter[40/227] Loss: 0.118, Pose: 0.458, Acc: 0.998, Student: 1.00, Reliability: 0.842, GateAbs: 7.574e-03, Base Lr: 7.78e-05
2026-07-23 22:18:21 transreid.train INFO: Epoch[96] Iter[60/227] Loss: 0.114, Pose: 0.458, Acc: 0.998, Student: 1.00, Reliability: 0.853, GateAbs: 7.540e-03, Base Lr: 7.78e-05
2026-07-23 22:18:37 transreid.train INFO: Epoch[96] Iter[80/227] Loss: 0.111, Pose: 0.459, Acc: 0.999, Student: 1.00, Reliability: 0.855, GateAbs: 7.561e-03, Base Lr: 7.78e-05
2026-07-23 22:18:53 transreid.train INFO: Epoch[96] Iter[100/227] Loss: 0.111, Pose: 0.460, Acc: 0.998, Student: 1.00, Reliability: 0.849, GateAbs: 7.611e-03, Base Lr: 7.78e-05
2026-07-23 22:19:10 transreid.train INFO: Epoch[96] Iter[120/227] Loss: 0.109, Pose: 0.460, Acc: 0.998, Student: 1.00, Reliability: 0.855, GateAbs: 7.586e-03, Base Lr: 7.78e-05
2026-07-23 22:19:26 transreid.train INFO: Epoch[96] Iter[140/227] Loss: 0.108, Pose: 0.461, Acc: 0.998, Student: 1.00, Reliability: 0.842, GateAbs: 7.562e-03, Base Lr: 7.78e-05
2026-07-23 22:19:42 transreid.train INFO: Epoch[96] Iter[160/227] Loss: 0.106, Pose: 0.461, Acc: 0.998, Student: 1.00, Reliability: 0.851, GateAbs: 7.579e-03, Base Lr: 7.78e-05
2026-07-23 22:19:59 transreid.train INFO: Epoch[96] Iter[180/227] Loss: 0.105, Pose: 0.462, Acc: 0.998, Student: 1.00, Reliability: 0.814, GateAbs: 7.590e-03, Base Lr: 7.78e-05
2026-07-23 22:20:15 transreid.train INFO: Epoch[96] Iter[200/227] Loss: 0.103, Pose: 0.463, Acc: 0.998, Student: 1.00, Reliability: 0.836, GateAbs: 7.615e-03, Base Lr: 7.78e-05
2026-07-23 22:20:25 transreid.train INFO: Epoch 96 done. Time per epoch: 172.744[s] Speed: 78.5[samples/s]
2026-07-23 22:20:26 transreid.train INFO: PCMPSR epoch=97 control=zero_owner first-batch loss/positive/negative/owner-terms/owner-unique/fallback=0.000007/24.133305/49.688309/0/2.0781/0.000000 controls=None
2026-07-23 22:20:26 transreid.train INFO: PSCIR epoch=97 control=pose_only first-batch loss/zero/region/positive/negative/segment=0.000004/0.000007/0.000001/19.950895/47.424400/45.910980 edge-weight=[6.59375, 6.4375, 6.96875] controls=None
2026-07-23 22:20:41 transreid.train INFO: Epoch[97] Iter[20/227] Loss: 0.121, Pose: 0.462, Acc: 0.994, Student: 1.00, Reliability: 0.863, GateAbs: 7.602e-03, Base Lr: 7.18e-05
2026-07-23 22:20:57 transreid.train INFO: Epoch[97] Iter[40/227] Loss: 0.117, Pose: 0.459, Acc: 0.996, Student: 1.00, Reliability: 0.856, GateAbs: 7.604e-03, Base Lr: 7.18e-05
2026-07-23 22:21:14 transreid.train INFO: Epoch[97] Iter[60/227] Loss: 0.118, Pose: 0.459, Acc: 0.996, Student: 1.00, Reliability: 0.844, GateAbs: 7.576e-03, Base Lr: 7.18e-05
2026-07-23 22:21:30 transreid.train INFO: Epoch[97] Iter[80/227] Loss: 0.115, Pose: 0.459, Acc: 0.997, Student: 1.00, Reliability: 0.852, GateAbs: 7.595e-03, Base Lr: 7.18e-05
2026-07-23 22:21:46 transreid.train INFO: Epoch[97] Iter[100/227] Loss: 0.113, Pose: 0.460, Acc: 0.997, Student: 1.00, Reliability: 0.852, GateAbs: 7.590e-03, Base Lr: 7.18e-05
2026-07-23 22:22:03 transreid.train INFO: Epoch[97] Iter[120/227] Loss: 0.112, Pose: 0.460, Acc: 0.997, Student: 1.00, Reliability: 0.850, GateAbs: 7.602e-03, Base Lr: 7.18e-05
2026-07-23 22:22:19 transreid.train INFO: Epoch[97] Iter[140/227] Loss: 0.111, Pose: 0.460, Acc: 0.997, Student: 1.00, Reliability: 0.864, GateAbs: 7.597e-03, Base Lr: 7.18e-05
2026-07-23 22:22:35 transreid.train INFO: Epoch[97] Iter[160/227] Loss: 0.108, Pose: 0.460, Acc: 0.997, Student: 1.00, Reliability: 0.814, GateAbs: 7.598e-03, Base Lr: 7.18e-05
2026-07-23 22:22:51 transreid.train INFO: Epoch[97] Iter[180/227] Loss: 0.107, Pose: 0.461, Acc: 0.997, Student: 1.00, Reliability: 0.845, GateAbs: 7.601e-03, Base Lr: 7.18e-05
2026-07-23 22:23:08 transreid.train INFO: Epoch[97] Iter[200/227] Loss: 0.104, Pose: 0.462, Acc: 0.998, Student: 1.00, Reliability: 0.845, GateAbs: 7.596e-03, Base Lr: 7.18e-05
2026-07-23 22:23:18 transreid.train INFO: Epoch 97 done. Time per epoch: 173.612[s] Speed: 78.5[samples/s]
2026-07-23 22:23:19 transreid.train INFO: PCMPSR epoch=98 control=zero_owner first-batch loss/positive/negative/owner-terms/owner-unique/fallback=0.003135/25.565605/49.968067/0/2.3750/0.000000 controls=None
2026-07-23 22:23:19 transreid.train INFO: PSCIR epoch=98 control=pose_only first-batch loss/zero/region/positive/negative/segment=0.001600/0.003135/0.000066/20.471468/47.371830/45.981110 edge-weight=[6.625, 6.796875, 6.578125] controls=None
2026-07-23 22:23:35 transreid.train INFO: Epoch[98] Iter[20/227] Loss: 0.121, Pose: 0.458, Acc: 0.995, Student: 1.00, Reliability: 0.841, GateAbs: 7.592e-03, Base Lr: 6.60e-05
2026-07-23 22:23:51 transreid.train INFO: Epoch[98] Iter[40/227] Loss: 0.118, Pose: 0.458, Acc: 0.995, Student: 1.00, Reliability: 0.859, GateAbs: 7.592e-03, Base Lr: 6.60e-05
2026-07-23 22:24:07 transreid.train INFO: Epoch[98] Iter[60/227] Loss: 0.119, Pose: 0.460, Acc: 0.996, Student: 1.00, Reliability: 0.860, GateAbs: 7.629e-03, Base Lr: 6.60e-05
2026-07-23 22:24:24 transreid.train INFO: Epoch[98] Iter[80/227] Loss: 0.115, Pose: 0.459, Acc: 0.996, Student: 1.00, Reliability: 0.838, GateAbs: 7.589e-03, Base Lr: 6.60e-05
2026-07-23 22:24:40 transreid.train INFO: Epoch[98] Iter[100/227] Loss: 0.111, Pose: 0.458, Acc: 0.997, Student: 1.00, Reliability: 0.854, GateAbs: 7.558e-03, Base Lr: 6.60e-05
2026-07-23 22:24:56 transreid.train INFO: Epoch[98] Iter[120/227] Loss: 0.109, Pose: 0.459, Acc: 0.997, Student: 1.00, Reliability: 0.842, GateAbs: 7.567e-03, Base Lr: 6.60e-05
2026-07-23 22:25:12 transreid.train INFO: Epoch[98] Iter[140/227] Loss: 0.108, Pose: 0.460, Acc: 0.997, Student: 1.00, Reliability: 0.848, GateAbs: 7.591e-03, Base Lr: 6.60e-05
2026-07-23 22:25:29 transreid.train INFO: Epoch[98] Iter[160/227] Loss: 0.107, Pose: 0.461, Acc: 0.997, Student: 1.00, Reliability: 0.841, GateAbs: 7.604e-03, Base Lr: 6.60e-05
2026-07-23 22:25:45 transreid.train INFO: Epoch[98] Iter[180/227] Loss: 0.106, Pose: 0.461, Acc: 0.997, Student: 1.00, Reliability: 0.839, GateAbs: 7.617e-03, Base Lr: 6.60e-05
2026-07-23 22:26:01 transreid.train INFO: Epoch[98] Iter[200/227] Loss: 0.104, Pose: 0.462, Acc: 0.997, Student: 1.00, Reliability: 0.819, GateAbs: 7.574e-03, Base Lr: 6.60e-05
2026-07-23 22:26:10 transreid.train INFO: Epoch 98 done. Time per epoch: 171.805[s] Speed: 78.6[samples/s]
2026-07-23 22:26:11 transreid.train INFO: PCMPSR epoch=99 control=zero_owner first-batch loss/positive/negative/owner-terms/owner-unique/fallback=0.000001/23.942715/48.125252/0/2.1875/0.000000 controls=None
2026-07-23 22:26:11 transreid.train INFO: PSCIR epoch=99 control=pose_only first-batch loss/zero/region/positive/negative/segment=0.000001/0.000001/0.000000/19.262760/45.783066/44.426712 edge-weight=[6.359375, 7.109375, 6.53125] controls=None
2026-07-23 22:26:27 transreid.train INFO: Epoch[99] Iter[20/227] Loss: 0.107, Pose: 0.456, Acc: 0.998, Student: 1.00, Reliability: 0.848, GateAbs: 7.580e-03, Base Lr: 6.04e-05
2026-07-23 22:26:43 transreid.train INFO: Epoch[99] Iter[40/227] Loss: 0.109, Pose: 0.459, Acc: 0.998, Student: 1.00, Reliability: 0.846, GateAbs: 7.577e-03, Base Lr: 6.04e-05
2026-07-23 22:26:59 transreid.train INFO: Epoch[99] Iter[60/227] Loss: 0.111, Pose: 0.458, Acc: 0.997, Student: 1.00, Reliability: 0.861, GateAbs: 7.594e-03, Base Lr: 6.04e-05
2026-07-23 22:27:15 transreid.train INFO: Epoch[99] Iter[80/227] Loss: 0.113, Pose: 0.459, Acc: 0.998, Student: 1.00, Reliability: 0.851, GateAbs: 7.570e-03, Base Lr: 6.04e-05
2026-07-23 22:27:32 transreid.train INFO: Epoch[99] Iter[100/227] Loss: 0.111, Pose: 0.460, Acc: 0.998, Student: 1.00, Reliability: 0.847, GateAbs: 7.613e-03, Base Lr: 6.04e-05
2026-07-23 22:27:48 transreid.train INFO: Epoch[99] Iter[120/227] Loss: 0.109, Pose: 0.459, Acc: 0.998, Student: 1.00, Reliability: 0.838, GateAbs: 7.597e-03, Base Lr: 6.04e-05
2026-07-23 22:28:04 transreid.train INFO: Epoch[99] Iter[140/227] Loss: 0.107, Pose: 0.460, Acc: 0.998, Student: 1.00, Reliability: 0.853, GateAbs: 7.624e-03, Base Lr: 6.04e-05
2026-07-23 22:28:20 transreid.train INFO: Epoch[99] Iter[160/227] Loss: 0.105, Pose: 0.460, Acc: 0.999, Student: 1.00, Reliability: 0.838, GateAbs: 7.590e-03, Base Lr: 6.04e-05
2026-07-23 22:28:37 transreid.train INFO: Epoch[99] Iter[180/227] Loss: 0.104, Pose: 0.460, Acc: 0.998, Student: 1.00, Reliability: 0.847, GateAbs: 7.573e-03, Base Lr: 6.04e-05
2026-07-23 22:28:53 transreid.train INFO: Epoch[99] Iter[200/227] Loss: 0.103, Pose: 0.462, Acc: 0.999, Student: 1.00, Reliability: 0.844, GateAbs: 7.593e-03, Base Lr: 6.04e-05
2026-07-23 22:29:03 transreid.train INFO: Epoch 99 done. Time per epoch: 173.389[s] Speed: 78.6[samples/s]
2026-07-23 22:29:04 transreid.train INFO: PCMPSR epoch=100 control=zero_owner first-batch loss/positive/negative/owner-terms/owner-unique/fallback=0.000000/24.572807/49.179062/0/2.0938/0.000000 controls=None
2026-07-23 22:29:04 transreid.train INFO: PSCIR epoch=100 control=pose_only first-batch loss/zero/region/positive/negative/segment=0.000000/0.000000/0.000000/19.568424/46.601604/45.185108 edge-weight=[6.703125, 6.734375, 6.5625] controls=None
2026-07-23 22:29:20 transreid.train INFO: Epoch[100] Iter[20/227] Loss: 0.110, Pose: 0.457, Acc: 0.998, Student: 1.00, Reliability: 0.852, GateAbs: 7.598e-03, Base Lr: 5.51e-05
2026-07-23 22:29:36 transreid.train INFO: Epoch[100] Iter[40/227] Loss: 0.112, Pose: 0.460, Acc: 0.997, Student: 1.00, Reliability: 0.841, GateAbs: 7.627e-03, Base Lr: 5.51e-05
2026-07-23 22:29:52 transreid.train INFO: Epoch[100] Iter[60/227] Loss: 0.112, Pose: 0.461, Acc: 0.998, Student: 1.00, Reliability: 0.840, GateAbs: 7.577e-03, Base Lr: 5.51e-05
2026-07-23 22:30:09 transreid.train INFO: Epoch[100] Iter[80/227] Loss: 0.112, Pose: 0.462, Acc: 0.997, Student: 1.00, Reliability: 0.863, GateAbs: 7.563e-03, Base Lr: 5.51e-05
2026-07-23 22:30:25 transreid.train INFO: Epoch[100] Iter[100/227] Loss: 0.112, Pose: 0.462, Acc: 0.997, Student: 1.00, Reliability: 0.827, GateAbs: 7.567e-03, Base Lr: 5.51e-05
2026-07-23 22:30:41 transreid.train INFO: Epoch[100] Iter[120/227] Loss: 0.112, Pose: 0.462, Acc: 0.997, Student: 1.00, Reliability: 0.852, GateAbs: 7.606e-03, Base Lr: 5.51e-05
2026-07-23 22:30:57 transreid.train INFO: Epoch[100] Iter[140/227] Loss: 0.110, Pose: 0.462, Acc: 0.997, Student: 1.00, Reliability: 0.855, GateAbs: 7.625e-03, Base Lr: 5.51e-05
2026-07-23 22:31:14 transreid.train INFO: Epoch[100] Iter[160/227] Loss: 0.107, Pose: 0.462, Acc: 0.998, Student: 1.00, Reliability: 0.857, GateAbs: 7.567e-03, Base Lr: 5.51e-05
2026-07-23 22:31:30 transreid.train INFO: Epoch[100] Iter[180/227] Loss: 0.106, Pose: 0.462, Acc: 0.998, Student: 1.00, Reliability: 0.863, GateAbs: 7.612e-03, Base Lr: 5.51e-05
2026-07-23 22:31:46 transreid.train INFO: Epoch[100] Iter[200/227] Loss: 0.104, Pose: 0.462, Acc: 0.998, Student: 1.00, Reliability: 0.851, GateAbs: 7.628e-03, Base Lr: 5.51e-05
2026-07-23 22:31:55 transreid.train INFO: Epoch 100 done. Time per epoch: 171.692[s] Speed: 78.7[samples/s]
The test feature is normalized
=> Computing DistMat with euclidean_distance
2026-07-23 22:32:17 transreid.train INFO: Validation Results - Epoch: 100
2026-07-23 22:32:17 transreid.train INFO: mAP: 59.0%
2026-07-23 22:32:17 transreid.train INFO: CMC curve, Rank-1  :70.6%
2026-07-23 22:32:17 transreid.train INFO: CMC curve, Rank-5  :82.2%
2026-07-23 22:32:17 transreid.train INFO: CMC curve, Rank-10 :86.0%
2026-07-23 22:32:18 transreid.train INFO: PCMPSR epoch=101 control=zero_owner first-batch loss/positive/negative/owner-terms/owner-unique/fallback=0.000001/23.007500/47.985386/0/2.1406/0.000000 controls=None
2026-07-23 22:32:18 transreid.train INFO: PSCIR epoch=101 control=pose_only first-batch loss/zero/region/positive/negative/segment=0.000000/0.000001/0.000000/18.664764/45.834320/44.375542 edge-weight=[6.953125, 6.515625, 6.53125] controls=None
2026-07-23 22:32:34 transreid.train INFO: Epoch[101] Iter[20/227] Loss: 0.127, Pose: 0.466, Acc: 0.998, Student: 1.00, Reliability: 0.860, GateAbs: 7.590e-03, Base Lr: 5.00e-05
2026-07-23 22:32:50 transreid.train INFO: Epoch[101] Iter[40/227] Loss: 0.121, Pose: 0.461, Acc: 0.998, Student: 1.00, Reliability: 0.845, GateAbs: 7.592e-03, Base Lr: 5.00e-05
2026-07-23 22:33:07 transreid.train INFO: Epoch[101] Iter[60/227] Loss: 0.116, Pose: 0.465, Acc: 0.998, Student: 1.00, Reliability: 0.841, GateAbs: 7.608e-03, Base Lr: 5.00e-05
2026-07-23 22:33:23 transreid.train INFO: Epoch[101] Iter[80/227] Loss: 0.114, Pose: 0.465, Acc: 0.998, Student: 1.00, Reliability: 0.818, GateAbs: 7.544e-03, Base Lr: 5.00e-05
2026-07-23 22:33:40 transreid.train INFO: Epoch[101] Iter[100/227] Loss: 0.113, Pose: 0.464, Acc: 0.998, Student: 1.00, Reliability: 0.840, GateAbs: 7.581e-03, Base Lr: 5.00e-05
2026-07-23 22:33:56 transreid.train INFO: Epoch[101] Iter[120/227] Loss: 0.113, Pose: 0.464, Acc: 0.997, Student: 1.00, Reliability: 0.837, GateAbs: 7.633e-03, Base Lr: 5.00e-05
2026-07-23 22:34:12 transreid.train INFO: Epoch[101] Iter[140/227] Loss: 0.110, Pose: 0.463, Acc: 0.997, Student: 1.00, Reliability: 0.850, GateAbs: 7.576e-03, Base Lr: 5.00e-05
2026-07-23 22:34:29 transreid.train INFO: Epoch[101] Iter[160/227] Loss: 0.108, Pose: 0.463, Acc: 0.997, Student: 1.00, Reliability: 0.839, GateAbs: 7.608e-03, Base Lr: 5.00e-05
2026-07-23 22:34:45 transreid.train INFO: Epoch[101] Iter[180/227] Loss: 0.106, Pose: 0.463, Acc: 0.997, Student: 1.00, Reliability: 0.863, GateAbs: 7.622e-03, Base Lr: 5.00e-05
2026-07-23 22:35:01 transreid.train INFO: Epoch[101] Iter[200/227] Loss: 0.104, Pose: 0.463, Acc: 0.998, Student: 1.00, Reliability: 0.843, GateAbs: 7.620e-03, Base Lr: 5.00e-05
2026-07-23 22:35:12 transreid.train INFO: Epoch 101 done. Time per epoch: 174.789[s] Speed: 78.0[samples/s]
2026-07-23 22:35:13 transreid.train INFO: PCMPSR epoch=102 control=zero_owner first-batch loss/positive/negative/owner-terms/owner-unique/fallback=0.000002/24.862202/49.187199/0/2.2656/0.000000 controls=None
2026-07-23 22:35:13 transreid.train INFO: PSCIR epoch=102 control=pose_only first-batch loss/zero/region/positive/negative/segment=0.000001/0.000002/0.000000/20.125294/46.703167/45.318153 edge-weight=[6.703125, 6.625, 6.671875] controls=None
2026-07-23 22:35:29 transreid.train INFO: Epoch[102] Iter[20/227] Loss: 0.119, Pose: 0.461, Acc: 0.997, Student: 1.00, Reliability: 0.838, GateAbs: 7.600e-03, Base Lr: 4.51e-05
2026-07-23 22:35:45 transreid.train INFO: Epoch[102] Iter[40/227] Loss: 0.116, Pose: 0.462, Acc: 0.998, Student: 1.00, Reliability: 0.826, GateAbs: 7.578e-03, Base Lr: 4.51e-05
2026-07-23 22:36:01 transreid.train INFO: Epoch[102] Iter[60/227] Loss: 0.110, Pose: 0.461, Acc: 0.998, Student: 1.00, Reliability: 0.856, GateAbs: 7.603e-03, Base Lr: 4.51e-05
2026-07-23 22:36:18 transreid.train INFO: Epoch[102] Iter[80/227] Loss: 0.109, Pose: 0.461, Acc: 0.998, Student: 1.00, Reliability: 0.857, GateAbs: 7.667e-03, Base Lr: 4.51e-05
2026-07-23 22:36:34 transreid.train INFO: Epoch[102] Iter[100/227] Loss: 0.108, Pose: 0.461, Acc: 0.999, Student: 1.00, Reliability: 0.837, GateAbs: 7.604e-03, Base Lr: 4.51e-05
2026-07-23 22:36:50 transreid.train INFO: Epoch[102] Iter[120/227] Loss: 0.107, Pose: 0.461, Acc: 0.999, Student: 1.00, Reliability: 0.842, GateAbs: 7.574e-03, Base Lr: 4.51e-05
2026-07-23 22:37:07 transreid.train INFO: Epoch[102] Iter[140/227] Loss: 0.105, Pose: 0.461, Acc: 0.999, Student: 1.00, Reliability: 0.845, GateAbs: 7.588e-03, Base Lr: 4.51e-05
2026-07-23 22:37:23 transreid.train INFO: Epoch[102] Iter[160/227] Loss: 0.104, Pose: 0.460, Acc: 0.999, Student: 1.00, Reliability: 0.844, GateAbs: 7.545e-03, Base Lr: 4.51e-05
2026-07-23 22:37:39 transreid.train INFO: Epoch[102] Iter[180/227] Loss: 0.103, Pose: 0.460, Acc: 0.999, Student: 1.00, Reliability: 0.853, GateAbs: 7.569e-03, Base Lr: 4.51e-05
2026-07-23 22:37:56 transreid.train INFO: Epoch[102] Iter[200/227] Loss: 0.101, Pose: 0.462, Acc: 0.999, Student: 1.00, Reliability: 0.841, GateAbs: 7.610e-03, Base Lr: 4.51e-05
2026-07-23 22:38:06 transreid.train INFO: Epoch 102 done. Time per epoch: 173.436[s] Speed: 78.2[samples/s]
2026-07-23 22:38:07 transreid.train INFO: PCMPSR epoch=103 control=zero_owner first-batch loss/positive/negative/owner-terms/owner-unique/fallback=0.000010/23.473446/48.777802/0/2.2812/0.000000 controls=None
2026-07-23 22:38:07 transreid.train INFO: PSCIR epoch=103 control=pose_only first-batch loss/zero/region/positive/negative/segment=0.000006/0.000010/0.000001/19.190363/46.575001/45.135704 edge-weight=[7.15625, 6.28125, 6.5625] controls=None
2026-07-23 22:38:22 transreid.train INFO: Epoch[103] Iter[20/227] Loss: 0.109, Pose: 0.460, Acc: 0.998, Student: 1.00, Reliability: 0.833, GateAbs: 7.566e-03, Base Lr: 4.05e-05
2026-07-23 22:38:38 transreid.train INFO: Epoch[103] Iter[40/227] Loss: 0.110, Pose: 0.459, Acc: 0.998, Student: 1.00, Reliability: 0.851, GateAbs: 7.586e-03, Base Lr: 4.05e-05
2026-07-23 22:38:55 transreid.train INFO: Epoch[103] Iter[60/227] Loss: 0.111, Pose: 0.459, Acc: 0.998, Student: 1.00, Reliability: 0.845, GateAbs: 7.601e-03, Base Lr: 4.05e-05
2026-07-23 22:39:11 transreid.train INFO: Epoch[103] Iter[80/227] Loss: 0.110, Pose: 0.459, Acc: 0.997, Student: 1.00, Reliability: 0.837, GateAbs: 7.609e-03, Base Lr: 4.05e-05
2026-07-23 22:39:27 transreid.train INFO: Epoch[103] Iter[100/227] Loss: 0.109, Pose: 0.459, Acc: 0.997, Student: 1.00, Reliability: 0.855, GateAbs: 7.606e-03, Base Lr: 4.05e-05
2026-07-23 22:39:44 transreid.train INFO: Epoch[103] Iter[120/227] Loss: 0.109, Pose: 0.459, Acc: 0.997, Student: 1.00, Reliability: 0.852, GateAbs: 7.634e-03, Base Lr: 4.05e-05
2026-07-23 22:40:00 transreid.train INFO: Epoch[103] Iter[140/227] Loss: 0.108, Pose: 0.460, Acc: 0.997, Student: 1.00, Reliability: 0.836, GateAbs: 7.576e-03, Base Lr: 4.05e-05
2026-07-23 22:40:16 transreid.train INFO: Epoch[103] Iter[160/227] Loss: 0.106, Pose: 0.461, Acc: 0.997, Student: 1.00, Reliability: 0.840, GateAbs: 7.610e-03, Base Lr: 4.05e-05
2026-07-23 22:40:32 transreid.train INFO: Epoch[103] Iter[180/227] Loss: 0.104, Pose: 0.462, Acc: 0.997, Student: 1.00, Reliability: 0.842, GateAbs: 7.596e-03, Base Lr: 4.05e-05
2026-07-23 22:40:49 transreid.train INFO: Epoch[103] Iter[200/227] Loss: 0.102, Pose: 0.462, Acc: 0.997, Student: 1.00, Reliability: 0.833, GateAbs: 7.599e-03, Base Lr: 4.05e-05
2026-07-23 22:40:58 transreid.train INFO: Epoch 103 done. Time per epoch: 172.228[s] Speed: 78.4[samples/s]
2026-07-23 22:40:59 transreid.train INFO: PCMPSR epoch=104 control=zero_owner first-batch loss/positive/negative/owner-terms/owner-unique/fallback=0.000000/26.027868/49.944530/0/2.0625/0.000000 controls=None
2026-07-23 22:40:59 transreid.train INFO: PSCIR epoch=104 control=pose_only first-batch loss/zero/region/positive/negative/segment=0.000000/0.000000/0.000000/21.024181/47.309433/45.907349 edge-weight=[6.6875, 6.6875, 6.625] controls=None
2026-07-23 22:41:14 transreid.train INFO: Epoch[104] Iter[20/227] Loss: 0.120, Pose: 0.459, Acc: 0.998, Student: 1.00, Reliability: 0.844, GateAbs: 7.598e-03, Base Lr: 3.61e-05
2026-07-23 22:41:31 transreid.train INFO: Epoch[104] Iter[40/227] Loss: 0.115, Pose: 0.460, Acc: 0.997, Student: 1.00, Reliability: 0.831, GateAbs: 7.545e-03, Base Lr: 3.61e-05
2026-07-23 22:41:47 transreid.train INFO: Epoch[104] Iter[60/227] Loss: 0.113, Pose: 0.457, Acc: 0.997, Student: 1.00, Reliability: 0.856, GateAbs: 7.615e-03, Base Lr: 3.61e-05
2026-07-23 22:42:03 transreid.train INFO: Epoch[104] Iter[80/227] Loss: 0.111, Pose: 0.459, Acc: 0.998, Student: 1.00, Reliability: 0.825, GateAbs: 7.563e-03, Base Lr: 3.61e-05
2026-07-23 22:42:20 transreid.train INFO: Epoch[104] Iter[100/227] Loss: 0.110, Pose: 0.460, Acc: 0.998, Student: 1.00, Reliability: 0.851, GateAbs: 7.610e-03, Base Lr: 3.61e-05
2026-07-23 22:42:36 transreid.train INFO: Epoch[104] Iter[120/227] Loss: 0.108, Pose: 0.460, Acc: 0.998, Student: 1.00, Reliability: 0.848, GateAbs: 7.579e-03, Base Lr: 3.61e-05
2026-07-23 22:42:52 transreid.train INFO: Epoch[104] Iter[140/227] Loss: 0.107, Pose: 0.460, Acc: 0.998, Student: 1.00, Reliability: 0.843, GateAbs: 7.584e-03, Base Lr: 3.61e-05
2026-07-23 22:43:08 transreid.train INFO: Epoch[104] Iter[160/227] Loss: 0.106, Pose: 0.460, Acc: 0.998, Student: 1.00, Reliability: 0.835, GateAbs: 7.578e-03, Base Lr: 3.61e-05
2026-07-23 22:43:25 transreid.train INFO: Epoch[104] Iter[180/227] Loss: 0.104, Pose: 0.461, Acc: 0.998, Student: 1.00, Reliability: 0.822, GateAbs: 7.632e-03, Base Lr: 3.61e-05
2026-07-23 22:43:41 transreid.train INFO: Epoch[104] Iter[200/227] Loss: 0.103, Pose: 0.462, Acc: 0.998, Student: 1.00, Reliability: 0.819, GateAbs: 7.660e-03, Base Lr: 3.61e-05
2026-07-23 22:43:50 transreid.train INFO: Epoch 104 done. Time per epoch: 172.341[s] Speed: 78.4[samples/s]
2026-07-23 22:43:51 transreid.train INFO: PCMPSR epoch=105 control=zero_owner first-batch loss/positive/negative/owner-terms/owner-unique/fallback=0.000017/23.373592/47.904079/0/2.3594/0.000000 controls=None
2026-07-23 22:43:51 transreid.train INFO: PSCIR epoch=105 control=pose_only first-batch loss/zero/region/positive/negative/segment=0.000011/0.000017/0.000005/19.001320/45.751133/44.312325 edge-weight=[6.5, 6.828125, 6.671875] controls=None
2026-07-23 22:44:07 transreid.train INFO: Epoch[105] Iter[20/227] Loss: 0.114, Pose: 0.465, Acc: 0.998, Student: 1.00, Reliability: 0.847, GateAbs: 7.589e-03, Base Lr: 3.20e-05
2026-07-23 22:44:23 transreid.train INFO: Epoch[105] Iter[40/227] Loss: 0.112, Pose: 0.464, Acc: 0.997, Student: 1.00, Reliability: 0.854, GateAbs: 7.614e-03, Base Lr: 3.20e-05
2026-07-23 22:44:40 transreid.train INFO: Epoch[105] Iter[60/227] Loss: 0.116, Pose: 0.464, Acc: 0.996, Student: 1.00, Reliability: 0.845, GateAbs: 7.577e-03, Base Lr: 3.20e-05
2026-07-23 22:44:56 transreid.train INFO: Epoch[105] Iter[80/227] Loss: 0.117, Pose: 0.462, Acc: 0.996, Student: 1.00, Reliability: 0.853, GateAbs: 7.594e-03, Base Lr: 3.20e-05
2026-07-23 22:45:12 transreid.train INFO: Epoch[105] Iter[100/227] Loss: 0.116, Pose: 0.462, Acc: 0.996, Student: 1.00, Reliability: 0.844, GateAbs: 7.578e-03, Base Lr: 3.20e-05
2026-07-23 22:45:29 transreid.train INFO: Epoch[105] Iter[120/227] Loss: 0.114, Pose: 0.461, Acc: 0.996, Student: 1.00, Reliability: 0.839, GateAbs: 7.592e-03, Base Lr: 3.20e-05
2026-07-23 22:45:45 transreid.train INFO: Epoch[105] Iter[140/227] Loss: 0.111, Pose: 0.461, Acc: 0.996, Student: 1.00, Reliability: 0.841, GateAbs: 7.593e-03, Base Lr: 3.20e-05
2026-07-23 22:46:01 transreid.train INFO: Epoch[105] Iter[160/227] Loss: 0.108, Pose: 0.461, Acc: 0.996, Student: 1.00, Reliability: 0.834, GateAbs: 7.604e-03, Base Lr: 3.20e-05
2026-07-23 22:46:18 transreid.train INFO: Epoch[105] Iter[180/227] Loss: 0.106, Pose: 0.461, Acc: 0.997, Student: 1.00, Reliability: 0.858, GateAbs: 7.584e-03, Base Lr: 3.20e-05
2026-07-23 22:46:34 transreid.train INFO: Epoch[105] Iter[200/227] Loss: 0.104, Pose: 0.463, Acc: 0.997, Student: 1.00, Reliability: 0.844, GateAbs: 7.652e-03, Base Lr: 3.20e-05
2026-07-23 22:46:44 transreid.train INFO: Epoch 105 done. Time per epoch: 173.844[s] Speed: 78.0[samples/s]
2026-07-23 22:46:45 transreid.train INFO: PCMPSR epoch=106 control=zero_owner first-batch loss/positive/negative/owner-terms/owner-unique/fallback=0.000003/21.734608/47.111256/0/2.2812/0.000000 controls=None
2026-07-23 22:46:45 transreid.train INFO: PSCIR epoch=106 control=pose_only first-batch loss/zero/region/positive/negative/segment=0.000002/0.000003/0.000001/17.472467/45.083622/43.559544 edge-weight=[6.984375, 6.25, 6.765625] controls=None
2026-07-23 22:47:01 transreid.train INFO: Epoch[106] Iter[20/227] Loss: 0.115, Pose: 0.460, Acc: 0.999, Student: 1.00, Reliability: 0.855, GateAbs: 7.566e-03, Base Lr: 2.81e-05
2026-07-23 22:47:17 transreid.train INFO: Epoch[106] Iter[40/227] Loss: 0.111, Pose: 0.457, Acc: 0.999, Student: 1.00, Reliability: 0.846, GateAbs: 7.615e-03, Base Lr: 2.81e-05
2026-07-23 22:47:33 transreid.train INFO: Epoch[106] Iter[60/227] Loss: 0.112, Pose: 0.459, Acc: 0.999, Student: 1.00, Reliability: 0.855, GateAbs: 7.566e-03, Base Lr: 2.81e-05
2026-07-23 22:47:50 transreid.train INFO: Epoch[106] Iter[80/227] Loss: 0.112, Pose: 0.459, Acc: 0.998, Student: 1.00, Reliability: 0.849, GateAbs: 7.597e-03, Base Lr: 2.81e-05
2026-07-23 22:48:06 transreid.train INFO: Epoch[106] Iter[100/227] Loss: 0.110, Pose: 0.460, Acc: 0.998, Student: 1.00, Reliability: 0.843, GateAbs: 7.569e-03, Base Lr: 2.81e-05
2026-07-23 22:48:22 transreid.train INFO: Epoch[106] Iter[120/227] Loss: 0.108, Pose: 0.459, Acc: 0.998, Student: 1.00, Reliability: 0.861, GateAbs: 7.612e-03, Base Lr: 2.81e-05
2026-07-23 22:48:39 transreid.train INFO: Epoch[106] Iter[140/227] Loss: 0.106, Pose: 0.460, Acc: 0.998, Student: 1.00, Reliability: 0.845, GateAbs: 7.590e-03, Base Lr: 2.81e-05
2026-07-23 22:48:55 transreid.train INFO: Epoch[106] Iter[160/227] Loss: 0.105, Pose: 0.460, Acc: 0.999, Student: 1.00, Reliability: 0.856, GateAbs: 7.592e-03, Base Lr: 2.81e-05
2026-07-23 22:49:11 transreid.train INFO: Epoch[106] Iter[180/227] Loss: 0.103, Pose: 0.461, Acc: 0.998, Student: 1.00, Reliability: 0.836, GateAbs: 7.615e-03, Base Lr: 2.81e-05
2026-07-23 22:49:28 transreid.train INFO: Epoch[106] Iter[200/227] Loss: 0.102, Pose: 0.461, Acc: 0.998, Student: 1.00, Reliability: 0.837, GateAbs: 7.603e-03, Base Lr: 2.81e-05
2026-07-23 22:49:37 transreid.train INFO: Epoch 106 done. Time per epoch: 173.548[s] Speed: 78.2[samples/s]
2026-07-23 22:49:39 transreid.train INFO: PCMPSR epoch=107 control=zero_owner first-batch loss/positive/negative/owner-terms/owner-unique/fallback=0.000006/21.790092/48.017235/0/2.3750/0.000000 controls=None
2026-07-23 22:49:39 transreid.train INFO: PSCIR epoch=107 control=pose_only first-batch loss/zero/region/positive/negative/segment=0.000004/0.000006/0.000002/17.763882/46.047211/44.438171 edge-weight=[7.0, 6.515625, 6.484375] controls=None
2026-07-23 22:49:54 transreid.train INFO: Epoch[107] Iter[20/227] Loss: 0.116, Pose: 0.462, Acc: 0.998, Student: 1.00, Reliability: 0.867, GateAbs: 7.569e-03, Base Lr: 2.45e-05
2026-07-23 22:50:10 transreid.train INFO: Epoch[107] Iter[40/227] Loss: 0.113, Pose: 0.459, Acc: 0.997, Student: 1.00, Reliability: 0.860, GateAbs: 7.626e-03, Base Lr: 2.45e-05
2026-07-23 22:50:27 transreid.train INFO: Epoch[107] Iter[60/227] Loss: 0.114, Pose: 0.458, Acc: 0.998, Student: 1.00, Reliability: 0.854, GateAbs: 7.611e-03, Base Lr: 2.45e-05
2026-07-23 22:50:43 transreid.train INFO: Epoch[107] Iter[80/227] Loss: 0.112, Pose: 0.460, Acc: 0.998, Student: 1.00, Reliability: 0.830, GateAbs: 7.620e-03, Base Lr: 2.45e-05
2026-07-23 22:50:59 transreid.train INFO: Epoch[107] Iter[100/227] Loss: 0.111, Pose: 0.461, Acc: 0.997, Student: 1.00, Reliability: 0.856, GateAbs: 7.608e-03, Base Lr: 2.45e-05
2026-07-23 22:51:16 transreid.train INFO: Epoch[107] Iter[120/227] Loss: 0.110, Pose: 0.461, Acc: 0.997, Student: 1.00, Reliability: 0.840, GateAbs: 7.587e-03, Base Lr: 2.45e-05
2026-07-23 22:51:32 transreid.train INFO: Epoch[107] Iter[140/227] Loss: 0.109, Pose: 0.462, Acc: 0.997, Student: 1.00, Reliability: 0.846, GateAbs: 7.632e-03, Base Lr: 2.45e-05
2026-07-23 22:51:48 transreid.train INFO: Epoch[107] Iter[160/227] Loss: 0.107, Pose: 0.461, Acc: 0.997, Student: 1.00, Reliability: 0.852, GateAbs: 7.619e-03, Base Lr: 2.45e-05
2026-07-23 22:52:04 transreid.train INFO: Epoch[107] Iter[180/227] Loss: 0.105, Pose: 0.462, Acc: 0.998, Student: 1.00, Reliability: 0.863, GateAbs: 7.593e-03, Base Lr: 2.45e-05
2026-07-23 22:52:21 transreid.train INFO: Epoch[107] Iter[200/227] Loss: 0.103, Pose: 0.462, Acc: 0.998, Student: 1.00, Reliability: 0.823, GateAbs: 7.623e-03, Base Lr: 2.45e-05
2026-07-23 22:52:31 transreid.train INFO: Epoch 107 done. Time per epoch: 173.058[s] Speed: 78.4[samples/s]
2026-07-23 22:52:32 transreid.train INFO: PCMPSR epoch=108 control=zero_owner first-batch loss/positive/negative/owner-terms/owner-unique/fallback=0.000001/25.060534/49.592735/0/2.3438/0.000000 controls=None
2026-07-23 22:52:32 transreid.train INFO: PSCIR epoch=108 control=pose_only first-batch loss/zero/region/positive/negative/segment=0.000002/0.000001/0.000002/20.196667/47.001141/45.725616 edge-weight=[6.484375, 6.890625, 6.625] controls=None
2026-07-23 22:52:47 transreid.train INFO: Epoch[108] Iter[20/227] Loss: 0.115, Pose: 0.464, Acc: 0.998, Student: 1.00, Reliability: 0.847, GateAbs: 7.591e-03, Base Lr: 2.11e-05
2026-07-23 22:53:03 transreid.train INFO: Epoch[108] Iter[40/227] Loss: 0.111, Pose: 0.461, Acc: 0.998, Student: 1.00, Reliability: 0.837, GateAbs: 7.617e-03, Base Lr: 2.11e-05
2026-07-23 22:53:20 transreid.train INFO: Epoch[108] Iter[60/227] Loss: 0.110, Pose: 0.461, Acc: 0.997, Student: 1.00, Reliability: 0.851, GateAbs: 7.601e-03, Base Lr: 2.11e-05
2026-07-23 22:53:36 transreid.train INFO: Epoch[108] Iter[80/227] Loss: 0.107, Pose: 0.461, Acc: 0.998, Student: 1.00, Reliability: 0.850, GateAbs: 7.626e-03, Base Lr: 2.11e-05
2026-07-23 22:53:52 transreid.train INFO: Epoch[108] Iter[100/227] Loss: 0.106, Pose: 0.460, Acc: 0.998, Student: 1.00, Reliability: 0.847, GateAbs: 7.643e-03, Base Lr: 2.11e-05
2026-07-23 22:54:09 transreid.train INFO: Epoch[108] Iter[120/227] Loss: 0.106, Pose: 0.461, Acc: 0.998, Student: 1.00, Reliability: 0.834, GateAbs: 7.614e-03, Base Lr: 2.11e-05
2026-07-23 22:54:25 transreid.train INFO: Epoch[108] Iter[140/227] Loss: 0.106, Pose: 0.462, Acc: 0.998, Student: 1.00, Reliability: 0.830, GateAbs: 7.582e-03, Base Lr: 2.11e-05
2026-07-23 22:54:41 transreid.train INFO: Epoch[108] Iter[160/227] Loss: 0.104, Pose: 0.462, Acc: 0.998, Student: 1.00, Reliability: 0.857, GateAbs: 7.659e-03, Base Lr: 2.11e-05
2026-07-23 22:54:58 transreid.train INFO: Epoch[108] Iter[180/227] Loss: 0.102, Pose: 0.462, Acc: 0.998, Student: 1.00, Reliability: 0.828, GateAbs: 7.612e-03, Base Lr: 2.11e-05
2026-07-23 22:55:14 transreid.train INFO: Epoch[108] Iter[200/227] Loss: 0.100, Pose: 0.462, Acc: 0.998, Student: 1.00, Reliability: 0.844, GateAbs: 7.583e-03, Base Lr: 2.11e-05
2026-07-23 22:55:24 transreid.train INFO: Epoch 108 done. Time per epoch: 173.377[s] Speed: 78.3[samples/s]
2026-07-23 22:55:25 transreid.train INFO: PCMPSR epoch=109 control=zero_owner first-batch loss/positive/negative/owner-terms/owner-unique/fallback=0.000001/24.812115/49.884670/0/2.0000/0.000000 controls=None
2026-07-23 22:55:25 transreid.train INFO: PSCIR epoch=109 control=pose_only first-batch loss/zero/region/positive/negative/segment=0.000001/0.000001/0.000000/19.871227/47.514576/45.971031 edge-weight=[6.296875, 6.515625, 7.1875] controls=None
2026-07-23 22:55:41 transreid.train INFO: Epoch[109] Iter[20/227] Loss: 0.112, Pose: 0.460, Acc: 0.998, Student: 1.00, Reliability: 0.848, GateAbs: 7.606e-03, Base Lr: 1.80e-05
2026-07-23 22:55:57 transreid.train INFO: Epoch[109] Iter[40/227] Loss: 0.109, Pose: 0.457, Acc: 0.999, Student: 1.00, Reliability: 0.850, GateAbs: 7.588e-03, Base Lr: 1.80e-05
2026-07-23 22:56:13 transreid.train INFO: Epoch[109] Iter[60/227] Loss: 0.109, Pose: 0.458, Acc: 0.999, Student: 1.00, Reliability: 0.860, GateAbs: 7.644e-03, Base Lr: 1.80e-05
2026-07-23 22:56:30 transreid.train INFO: Epoch[109] Iter[80/227] Loss: 0.108, Pose: 0.458, Acc: 0.998, Student: 1.00, Reliability: 0.846, GateAbs: 7.608e-03, Base Lr: 1.80e-05
2026-07-23 22:56:46 transreid.train INFO: Epoch[109] Iter[100/227] Loss: 0.111, Pose: 0.459, Acc: 0.998, Student: 1.00, Reliability: 0.859, GateAbs: 7.628e-03, Base Lr: 1.80e-05
2026-07-23 22:57:02 transreid.train INFO: Epoch[109] Iter[120/227] Loss: 0.108, Pose: 0.459, Acc: 0.998, Student: 1.00, Reliability: 0.834, GateAbs: 7.613e-03, Base Lr: 1.80e-05
2026-07-23 22:57:19 transreid.train INFO: Epoch[109] Iter[140/227] Loss: 0.107, Pose: 0.460, Acc: 0.998, Student: 1.00, Reliability: 0.831, GateAbs: 7.606e-03, Base Lr: 1.80e-05
2026-07-23 22:57:35 transreid.train INFO: Epoch[109] Iter[160/227] Loss: 0.105, Pose: 0.460, Acc: 0.998, Student: 1.00, Reliability: 0.861, GateAbs: 7.611e-03, Base Lr: 1.80e-05
2026-07-23 22:57:51 transreid.train INFO: Epoch[109] Iter[180/227] Loss: 0.103, Pose: 0.462, Acc: 0.998, Student: 1.00, Reliability: 0.836, GateAbs: 7.613e-03, Base Lr: 1.80e-05
2026-07-23 22:58:07 transreid.train INFO: Epoch[109] Iter[200/227] Loss: 0.101, Pose: 0.462, Acc: 0.998, Student: 1.00, Reliability: 0.853, GateAbs: 7.578e-03, Base Lr: 1.80e-05
2026-07-23 22:58:16 transreid.train INFO: Epoch 109 done. Time per epoch: 172.450[s] Speed: 78.3[samples/s]
2026-07-23 22:58:17 transreid.train INFO: PCMPSR epoch=110 control=zero_owner first-batch loss/positive/negative/owner-terms/owner-unique/fallback=0.001339/25.520531/49.838051/0/2.3750/0.000000 controls=None
2026-07-23 22:58:17 transreid.train INFO: PSCIR epoch=110 control=pose_only first-batch loss/zero/region/positive/negative/segment=0.002321/0.001339/0.003303/20.283066/47.145756/45.754463 edge-weight=[6.734375, 6.5, 6.765625] controls=None
2026-07-23 22:58:33 transreid.train INFO: Epoch[110] Iter[20/227] Loss: 0.114, Pose: 0.458, Acc: 0.997, Student: 1.00, Reliability: 0.825, GateAbs: 7.645e-03, Base Lr: 1.52e-05
2026-07-23 22:58:49 transreid.train INFO: Epoch[110] Iter[40/227] Loss: 0.117, Pose: 0.461, Acc: 0.997, Student: 1.00, Reliability: 0.815, GateAbs: 7.600e-03, Base Lr: 1.52e-05
2026-07-23 22:59:06 transreid.train INFO: Epoch[110] Iter[60/227] Loss: 0.113, Pose: 0.459, Acc: 0.998, Student: 1.00, Reliability: 0.853, GateAbs: 7.606e-03, Base Lr: 1.52e-05
2026-07-23 22:59:22 transreid.train INFO: Epoch[110] Iter[80/227] Loss: 0.111, Pose: 0.459, Acc: 0.998, Student: 1.00, Reliability: 0.865, GateAbs: 7.606e-03, Base Lr: 1.52e-05
2026-07-23 22:59:38 transreid.train INFO: Epoch[110] Iter[100/227] Loss: 0.107, Pose: 0.459, Acc: 0.998, Student: 1.00, Reliability: 0.855, GateAbs: 7.558e-03, Base Lr: 1.52e-05
2026-07-23 22:59:55 transreid.train INFO: Epoch[110] Iter[120/227] Loss: 0.106, Pose: 0.459, Acc: 0.998, Student: 1.00, Reliability: 0.850, GateAbs: 7.636e-03, Base Lr: 1.52e-05
2026-07-23 23:00:11 transreid.train INFO: Epoch[110] Iter[140/227] Loss: 0.105, Pose: 0.459, Acc: 0.998, Student: 1.00, Reliability: 0.836, GateAbs: 7.559e-03, Base Lr: 1.52e-05
2026-07-23 23:00:27 transreid.train INFO: Epoch[110] Iter[160/227] Loss: 0.104, Pose: 0.460, Acc: 0.998, Student: 1.00, Reliability: 0.835, GateAbs: 7.582e-03, Base Lr: 1.52e-05
2026-07-23 23:00:44 transreid.train INFO: Epoch[110] Iter[180/227] Loss: 0.103, Pose: 0.460, Acc: 0.997, Student: 1.00, Reliability: 0.852, GateAbs: 7.607e-03, Base Lr: 1.52e-05
2026-07-23 23:01:00 transreid.train INFO: Epoch[110] Iter[200/227] Loss: 0.101, Pose: 0.461, Acc: 0.998, Student: 1.00, Reliability: 0.857, GateAbs: 7.669e-03, Base Lr: 1.52e-05
2026-07-23 23:01:10 transreid.train INFO: Epoch 110 done. Time per epoch: 173.312[s] Speed: 78.3[samples/s]
The test feature is normalized
=> Computing DistMat with euclidean_distance
2026-07-23 23:01:32 transreid.train INFO: Validation Results - Epoch: 110
2026-07-23 23:01:32 transreid.train INFO: mAP: 59.2%
2026-07-23 23:01:32 transreid.train INFO: CMC curve, Rank-1  :70.8%
2026-07-23 23:01:32 transreid.train INFO: CMC curve, Rank-5  :82.6%
2026-07-23 23:01:32 transreid.train INFO: CMC curve, Rank-10 :86.3%
2026-07-23 23:01:33 transreid.train INFO: PCMPSR epoch=111 control=zero_owner first-batch loss/positive/negative/owner-terms/owner-unique/fallback=0.009444/24.383068/48.140083/0/2.2344/0.000000 controls=None
2026-07-23 23:01:33 transreid.train INFO: PSCIR epoch=111 control=pose_only first-batch loss/zero/region/positive/negative/segment=0.007166/0.009444/0.004889/19.213520/45.639465/44.237450 edge-weight=[6.859375, 6.5625, 6.578125] controls=None
2026-07-23 23:01:48 transreid.train INFO: Epoch[111] Iter[20/227] Loss: 0.122, Pose: 0.463, Acc: 0.995, Student: 1.00, Reliability: 0.835, GateAbs: 7.587e-03, Base Lr: 1.26e-05
2026-07-23 23:02:05 transreid.train INFO: Epoch[111] Iter[40/227] Loss: 0.119, Pose: 0.463, Acc: 0.997, Student: 1.00, Reliability: 0.862, GateAbs: 7.632e-03, Base Lr: 1.26e-05
2026-07-23 23:02:21 transreid.train INFO: Epoch[111] Iter[60/227] Loss: 0.116, Pose: 0.460, Acc: 0.997, Student: 1.00, Reliability: 0.833, GateAbs: 7.618e-03, Base Lr: 1.26e-05
2026-07-23 23:02:37 transreid.train INFO: Epoch[111] Iter[80/227] Loss: 0.115, Pose: 0.459, Acc: 0.997, Student: 1.00, Reliability: 0.858, GateAbs: 7.553e-03, Base Lr: 1.26e-05
2026-07-23 23:02:54 transreid.train INFO: Epoch[111] Iter[100/227] Loss: 0.112, Pose: 0.460, Acc: 0.998, Student: 1.00, Reliability: 0.829, GateAbs: 7.587e-03, Base Lr: 1.26e-05
2026-07-23 23:03:10 transreid.train INFO: Epoch[111] Iter[120/227] Loss: 0.112, Pose: 0.460, Acc: 0.997, Student: 1.00, Reliability: 0.860, GateAbs: 7.637e-03, Base Lr: 1.26e-05
2026-07-23 23:03:27 transreid.train INFO: Epoch[111] Iter[140/227] Loss: 0.111, Pose: 0.460, Acc: 0.997, Student: 1.00, Reliability: 0.840, GateAbs: 7.589e-03, Base Lr: 1.26e-05
2026-07-23 23:03:43 transreid.train INFO: Epoch[111] Iter[160/227] Loss: 0.109, Pose: 0.460, Acc: 0.997, Student: 1.00, Reliability: 0.845, GateAbs: 7.550e-03, Base Lr: 1.26e-05
2026-07-23 23:03:59 transreid.train INFO: Epoch[111] Iter[180/227] Loss: 0.107, Pose: 0.461, Acc: 0.998, Student: 1.00, Reliability: 0.840, GateAbs: 7.645e-03, Base Lr: 1.26e-05
2026-07-23 23:04:16 transreid.train INFO: Epoch[111] Iter[200/227] Loss: 0.105, Pose: 0.462, Acc: 0.998, Student: 1.00, Reliability: 0.832, GateAbs: 7.602e-03, Base Lr: 1.26e-05
2026-07-23 23:04:25 transreid.train INFO: Epoch 111 done. Time per epoch: 173.543[s] Speed: 78.2[samples/s]
2026-07-23 23:04:26 transreid.train INFO: PCMPSR epoch=112 control=zero_owner first-batch loss/positive/negative/owner-terms/owner-unique/fallback=0.000003/24.684185/48.008396/0/2.2812/0.000000 controls=None
2026-07-23 23:04:26 transreid.train INFO: PSCIR epoch=112 control=pose_only first-batch loss/zero/region/positive/negative/segment=0.000002/0.000003/0.000000/19.604523/45.544453/44.183556 edge-weight=[6.84375, 6.671875, 6.484375] controls=None
2026-07-23 23:04:42 transreid.train INFO: Epoch[112] Iter[20/227] Loss: 0.114, Pose: 0.456, Acc: 0.995, Student: 1.00, Reliability: 0.825, GateAbs: 7.568e-03, Base Lr: 1.03e-05
2026-07-23 23:04:58 transreid.train INFO: Epoch[112] Iter[40/227] Loss: 0.117, Pose: 0.461, Acc: 0.997, Student: 1.00, Reliability: 0.835, GateAbs: 7.597e-03, Base Lr: 1.03e-05
2026-07-23 23:05:14 transreid.train INFO: Epoch[112] Iter[60/227] Loss: 0.117, Pose: 0.460, Acc: 0.996, Student: 1.00, Reliability: 0.861, GateAbs: 7.590e-03, Base Lr: 1.03e-05
2026-07-23 23:05:31 transreid.train INFO: Epoch[112] Iter[80/227] Loss: 0.115, Pose: 0.460, Acc: 0.997, Student: 1.00, Reliability: 0.846, GateAbs: 7.602e-03, Base Lr: 1.03e-05
2026-07-23 23:05:47 transreid.train INFO: Epoch[112] Iter[100/227] Loss: 0.114, Pose: 0.461, Acc: 0.997, Student: 1.00, Reliability: 0.847, GateAbs: 7.594e-03, Base Lr: 1.03e-05
2026-07-23 23:06:03 transreid.train INFO: Epoch[112] Iter[120/227] Loss: 0.112, Pose: 0.460, Acc: 0.996, Student: 1.00, Reliability: 0.854, GateAbs: 7.622e-03, Base Lr: 1.03e-05
2026-07-23 23:06:20 transreid.train INFO: Epoch[112] Iter[140/227] Loss: 0.109, Pose: 0.460, Acc: 0.997, Student: 1.00, Reliability: 0.822, GateAbs: 7.551e-03, Base Lr: 1.03e-05
2026-07-23 23:06:36 transreid.train INFO: Epoch[112] Iter[160/227] Loss: 0.108, Pose: 0.460, Acc: 0.997, Student: 1.00, Reliability: 0.832, GateAbs: 7.602e-03, Base Lr: 1.03e-05
2026-07-23 23:06:52 transreid.train INFO: Epoch[112] Iter[180/227] Loss: 0.106, Pose: 0.460, Acc: 0.997, Student: 1.00, Reliability: 0.853, GateAbs: 7.612e-03, Base Lr: 1.03e-05
2026-07-23 23:07:08 transreid.train INFO: Epoch[112] Iter[200/227] Loss: 0.104, Pose: 0.461, Acc: 0.997, Student: 1.00, Reliability: 0.848, GateAbs: 7.615e-03, Base Lr: 1.03e-05
2026-07-23 23:07:18 transreid.train INFO: Epoch 112 done. Time per epoch: 172.642[s] Speed: 78.6[samples/s]
2026-07-23 23:07:19 transreid.train INFO: PCMPSR epoch=113 control=zero_owner first-batch loss/positive/negative/owner-terms/owner-unique/fallback=0.000016/21.009018/46.739273/0/2.4375/0.000000 controls=None
2026-07-23 23:07:19 transreid.train INFO: PSCIR epoch=113 control=pose_only first-batch loss/zero/region/positive/negative/segment=0.000011/0.000016/0.000006/16.640055/44.834328/43.256111 edge-weight=[6.6875, 6.25, 7.0625] controls=None
2026-07-23 23:07:35 transreid.train INFO: Epoch[113] Iter[20/227] Loss: 0.112, Pose: 0.461, Acc: 0.997, Student: 1.00, Reliability: 0.849, GateAbs: 7.599e-03, Base Lr: 8.28e-06
2026-07-23 23:07:51 transreid.train INFO: Epoch[113] Iter[40/227] Loss: 0.110, Pose: 0.463, Acc: 0.997, Student: 1.00, Reliability: 0.836, GateAbs: 7.589e-03, Base Lr: 8.28e-06
2026-07-23 23:08:07 transreid.train INFO: Epoch[113] Iter[60/227] Loss: 0.111, Pose: 0.464, Acc: 0.998, Student: 1.00, Reliability: 0.833, GateAbs: 7.588e-03, Base Lr: 8.28e-06
2026-07-23 23:08:23 transreid.train INFO: Epoch[113] Iter[80/227] Loss: 0.111, Pose: 0.462, Acc: 0.997, Student: 1.00, Reliability: 0.867, GateAbs: 7.626e-03, Base Lr: 8.28e-06
2026-07-23 23:08:40 transreid.train INFO: Epoch[113] Iter[100/227] Loss: 0.110, Pose: 0.462, Acc: 0.997, Student: 1.00, Reliability: 0.837, GateAbs: 7.578e-03, Base Lr: 8.28e-06
2026-07-23 23:08:56 transreid.train INFO: Epoch[113] Iter[120/227] Loss: 0.108, Pose: 0.462, Acc: 0.998, Student: 1.00, Reliability: 0.840, GateAbs: 7.612e-03, Base Lr: 8.28e-06
2026-07-23 23:09:12 transreid.train INFO: Epoch[113] Iter[140/227] Loss: 0.107, Pose: 0.461, Acc: 0.998, Student: 1.00, Reliability: 0.869, GateAbs: 7.626e-03, Base Lr: 8.28e-06
2026-07-23 23:09:29 transreid.train INFO: Epoch[113] Iter[160/227] Loss: 0.105, Pose: 0.461, Acc: 0.998, Student: 1.00, Reliability: 0.858, GateAbs: 7.642e-03, Base Lr: 8.28e-06
2026-07-23 23:09:45 transreid.train INFO: Epoch[113] Iter[180/227] Loss: 0.104, Pose: 0.461, Acc: 0.998, Student: 1.00, Reliability: 0.845, GateAbs: 7.595e-03, Base Lr: 8.28e-06
2026-07-23 23:10:01 transreid.train INFO: Epoch[113] Iter[200/227] Loss: 0.101, Pose: 0.462, Acc: 0.998, Student: 1.00, Reliability: 0.842, GateAbs: 7.643e-03, Base Lr: 8.28e-06
2026-07-23 23:10:11 transreid.train INFO: Epoch 113 done. Time per epoch: 172.846[s] Speed: 78.5[samples/s]
2026-07-23 23:10:12 transreid.train INFO: PCMPSR epoch=114 control=zero_owner first-batch loss/positive/negative/owner-terms/owner-unique/fallback=0.000001/23.988035/49.118263/0/2.2500/0.000000 controls=None
2026-07-23 23:10:12 transreid.train INFO: PSCIR epoch=114 control=pose_only first-batch loss/zero/region/positive/negative/segment=0.000001/0.000001/0.000001/19.322899/46.627605/45.186104 edge-weight=[6.4375, 6.8125, 6.75] controls=None
2026-07-23 23:10:27 transreid.train INFO: Epoch[114] Iter[20/227] Loss: 0.115, Pose: 0.458, Acc: 0.998, Student: 1.00, Reliability: 0.840, GateAbs: 7.616e-03, Base Lr: 6.51e-06
2026-07-23 23:10:44 transreid.train INFO: Epoch[114] Iter[40/227] Loss: 0.111, Pose: 0.460, Acc: 0.998, Student: 1.00, Reliability: 0.827, GateAbs: 7.619e-03, Base Lr: 6.51e-06
2026-07-23 23:11:00 transreid.train INFO: Epoch[114] Iter[60/227] Loss: 0.108, Pose: 0.460, Acc: 0.998, Student: 1.00, Reliability: 0.840, GateAbs: 7.604e-03, Base Lr: 6.51e-06
2026-07-23 23:11:16 transreid.train INFO: Epoch[114] Iter[80/227] Loss: 0.107, Pose: 0.460, Acc: 0.998, Student: 1.00, Reliability: 0.859, GateAbs: 7.613e-03, Base Lr: 6.51e-06
2026-07-23 23:11:32 transreid.train INFO: Epoch[114] Iter[100/227] Loss: 0.107, Pose: 0.460, Acc: 0.998, Student: 1.00, Reliability: 0.863, GateAbs: 7.595e-03, Base Lr: 6.51e-06
2026-07-23 23:11:49 transreid.train INFO: Epoch[114] Iter[120/227] Loss: 0.106, Pose: 0.461, Acc: 0.998, Student: 1.00, Reliability: 0.851, GateAbs: 7.634e-03, Base Lr: 6.51e-06
2026-07-23 23:12:05 transreid.train INFO: Epoch[114] Iter[140/227] Loss: 0.106, Pose: 0.461, Acc: 0.998, Student: 1.00, Reliability: 0.840, GateAbs: 7.611e-03, Base Lr: 6.51e-06
2026-07-23 23:12:21 transreid.train INFO: Epoch[114] Iter[160/227] Loss: 0.105, Pose: 0.461, Acc: 0.998, Student: 1.00, Reliability: 0.837, GateAbs: 7.592e-03, Base Lr: 6.51e-06
2026-07-23 23:12:37 transreid.train INFO: Epoch[114] Iter[180/227] Loss: 0.103, Pose: 0.461, Acc: 0.998, Student: 1.00, Reliability: 0.833, GateAbs: 7.597e-03, Base Lr: 6.51e-06
2026-07-23 23:12:54 transreid.train INFO: Epoch[114] Iter[200/227] Loss: 0.101, Pose: 0.462, Acc: 0.998, Student: 1.00, Reliability: 0.826, GateAbs: 7.628e-03, Base Lr: 6.51e-06
2026-07-23 23:13:04 transreid.train INFO: Epoch 114 done. Time per epoch: 173.369[s] Speed: 78.6[samples/s]
2026-07-23 23:13:05 transreid.train INFO: PCMPSR epoch=115 control=zero_owner first-batch loss/positive/negative/owner-terms/owner-unique/fallback=0.000001/22.884357/48.393585/0/2.0781/0.000000 controls=None
2026-07-23 23:13:05 transreid.train INFO: PSCIR epoch=115 control=pose_only first-batch loss/zero/region/positive/negative/segment=0.000001/0.000001/0.000000/18.494003/46.213970/44.683182 edge-weight=[6.578125, 6.609375, 6.8125] controls=None
2026-07-23 23:13:21 transreid.train INFO: Epoch[115] Iter[20/227] Loss: 0.119, Pose: 0.453, Acc: 0.998, Student: 1.00, Reliability: 0.851, GateAbs: 7.593e-03, Base Lr: 5.02e-06
2026-07-23 23:13:37 transreid.train INFO: Epoch[115] Iter[40/227] Loss: 0.116, Pose: 0.456, Acc: 0.996, Student: 1.00, Reliability: 0.852, GateAbs: 7.641e-03, Base Lr: 5.02e-06
2026-07-23 23:13:53 transreid.train INFO: Epoch[115] Iter[60/227] Loss: 0.113, Pose: 0.456, Acc: 0.997, Student: 1.00, Reliability: 0.841, GateAbs: 7.568e-03, Base Lr: 5.02e-06
2026-07-23 23:14:10 transreid.train INFO: Epoch[115] Iter[80/227] Loss: 0.110, Pose: 0.457, Acc: 0.997, Student: 1.00, Reliability: 0.844, GateAbs: 7.609e-03, Base Lr: 5.02e-06
2026-07-23 23:14:26 transreid.train INFO: Epoch[115] Iter[100/227] Loss: 0.109, Pose: 0.459, Acc: 0.997, Student: 1.00, Reliability: 0.840, GateAbs: 7.631e-03, Base Lr: 5.02e-06
2026-07-23 23:14:42 transreid.train INFO: Epoch[115] Iter[120/227] Loss: 0.109, Pose: 0.459, Acc: 0.997, Student: 1.00, Reliability: 0.836, GateAbs: 7.593e-03, Base Lr: 5.02e-06
2026-07-23 23:14:58 transreid.train INFO: Epoch[115] Iter[140/227] Loss: 0.108, Pose: 0.460, Acc: 0.998, Student: 1.00, Reliability: 0.844, GateAbs: 7.617e-03, Base Lr: 5.02e-06
2026-07-23 23:15:15 transreid.train INFO: Epoch[115] Iter[160/227] Loss: 0.106, Pose: 0.461, Acc: 0.998, Student: 1.00, Reliability: 0.865, GateAbs: 7.597e-03, Base Lr: 5.02e-06
2026-07-23 23:15:31 transreid.train INFO: Epoch[115] Iter[180/227] Loss: 0.103, Pose: 0.462, Acc: 0.998, Student: 1.00, Reliability: 0.840, GateAbs: 7.576e-03, Base Lr: 5.02e-06
2026-07-23 23:15:47 transreid.train INFO: Epoch[115] Iter[200/227] Loss: 0.101, Pose: 0.463, Acc: 0.998, Student: 1.00, Reliability: 0.833, GateAbs: 7.596e-03, Base Lr: 5.02e-06
2026-07-23 23:15:58 transreid.train INFO: Epoch 115 done. Time per epoch: 173.649[s] Speed: 78.5[samples/s]
2026-07-23 23:15:59 transreid.train INFO: PCMPSR epoch=116 control=zero_owner first-batch loss/positive/negative/owner-terms/owner-unique/fallback=0.000004/23.245569/48.448303/0/2.1719/0.000000 controls=None
2026-07-23 23:15:59 transreid.train INFO: PSCIR epoch=116 control=pose_only first-batch loss/zero/region/positive/negative/segment=0.000002/0.000004/0.000000/18.873108/46.077583/44.647987 edge-weight=[6.890625, 6.703125, 6.40625] controls=None
2026-07-23 23:16:14 transreid.train INFO: Epoch[116] Iter[20/227] Loss: 0.109, Pose: 0.459, Acc: 0.998, Student: 1.00, Reliability: 0.851, GateAbs: 7.629e-03, Base Lr: 3.79e-06
2026-07-23 23:16:31 transreid.train INFO: Epoch[116] Iter[40/227] Loss: 0.110, Pose: 0.460, Acc: 0.998, Student: 1.00, Reliability: 0.855, GateAbs: 7.626e-03, Base Lr: 3.79e-06
2026-07-23 23:16:47 transreid.train INFO: Epoch[116] Iter[60/227] Loss: 0.109, Pose: 0.459, Acc: 0.998, Student: 1.00, Reliability: 0.862, GateAbs: 7.651e-03, Base Lr: 3.79e-06
2026-07-23 23:17:03 transreid.train INFO: Epoch[116] Iter[80/227] Loss: 0.109, Pose: 0.459, Acc: 0.998, Student: 1.00, Reliability: 0.846, GateAbs: 7.639e-03, Base Lr: 3.79e-06
2026-07-23 23:17:20 transreid.train INFO: Epoch[116] Iter[100/227] Loss: 0.108, Pose: 0.459, Acc: 0.998, Student: 1.00, Reliability: 0.848, GateAbs: 7.636e-03, Base Lr: 3.79e-06
2026-07-23 23:17:36 transreid.train INFO: Epoch[116] Iter[120/227] Loss: 0.106, Pose: 0.459, Acc: 0.998, Student: 1.00, Reliability: 0.860, GateAbs: 7.590e-03, Base Lr: 3.79e-06
2026-07-23 23:17:52 transreid.train INFO: Epoch[116] Iter[140/227] Loss: 0.105, Pose: 0.459, Acc: 0.998, Student: 1.00, Reliability: 0.851, GateAbs: 7.637e-03, Base Lr: 3.79e-06
2026-07-23 23:18:09 transreid.train INFO: Epoch[116] Iter[160/227] Loss: 0.104, Pose: 0.460, Acc: 0.998, Student: 1.00, Reliability: 0.831, GateAbs: 7.595e-03, Base Lr: 3.79e-06
2026-07-23 23:18:25 transreid.train INFO: Epoch[116] Iter[180/227] Loss: 0.103, Pose: 0.461, Acc: 0.998, Student: 1.00, Reliability: 0.839, GateAbs: 7.598e-03, Base Lr: 3.79e-06
2026-07-23 23:18:41 transreid.train INFO: Epoch[116] Iter[200/227] Loss: 0.101, Pose: 0.462, Acc: 0.998, Student: 1.00, Reliability: 0.840, GateAbs: 7.626e-03, Base Lr: 3.79e-06
2026-07-23 23:18:50 transreid.train INFO: Epoch 116 done. Time per epoch: 172.248[s] Speed: 78.4[samples/s]
2026-07-23 23:18:51 transreid.train INFO: PCMPSR epoch=117 control=zero_owner first-batch loss/positive/negative/owner-terms/owner-unique/fallback=0.000003/23.287529/49.573193/0/2.1094/0.000000 controls=None
2026-07-23 23:18:51 transreid.train INFO: PSCIR epoch=117 control=pose_only first-batch loss/zero/region/positive/negative/segment=0.000002/0.000003/0.000000/18.569847/47.353027/45.817638 edge-weight=[6.5625, 6.984375, 6.453125] controls=None
2026-07-23 23:19:07 transreid.train INFO: Epoch[117] Iter[20/227] Loss: 0.107, Pose: 0.461, Acc: 0.998, Student: 1.00, Reliability: 0.851, GateAbs: 7.596e-03, Base Lr: 2.83e-06
2026-07-23 23:19:23 transreid.train INFO: Epoch[117] Iter[40/227] Loss: 0.109, Pose: 0.462, Acc: 0.998, Student: 1.00, Reliability: 0.817, GateAbs: 7.610e-03, Base Lr: 2.83e-06
2026-07-23 23:19:39 transreid.train INFO: Epoch[117] Iter[60/227] Loss: 0.111, Pose: 0.463, Acc: 0.997, Student: 1.00, Reliability: 0.861, GateAbs: 7.611e-03, Base Lr: 2.83e-06
2026-07-23 23:19:55 transreid.train INFO: Epoch[117] Iter[80/227] Loss: 0.111, Pose: 0.463, Acc: 0.998, Student: 1.00, Reliability: 0.845, GateAbs: 7.605e-03, Base Lr: 2.83e-06
2026-07-23 23:20:11 transreid.train INFO: Epoch[117] Iter[100/227] Loss: 0.110, Pose: 0.462, Acc: 0.998, Student: 1.00, Reliability: 0.851, GateAbs: 7.594e-03, Base Lr: 2.83e-06
2026-07-23 23:20:28 transreid.train INFO: Epoch[117] Iter[120/227] Loss: 0.108, Pose: 0.461, Acc: 0.998, Student: 1.00, Reliability: 0.857, GateAbs: 7.648e-03, Base Lr: 2.83e-06
2026-07-23 23:20:44 transreid.train INFO: Epoch[117] Iter[140/227] Loss: 0.107, Pose: 0.462, Acc: 0.998, Student: 1.00, Reliability: 0.840, GateAbs: 7.610e-03, Base Lr: 2.83e-06
2026-07-23 23:21:00 transreid.train INFO: Epoch[117] Iter[160/227] Loss: 0.105, Pose: 0.461, Acc: 0.998, Student: 1.00, Reliability: 0.848, GateAbs: 7.593e-03, Base Lr: 2.83e-06
2026-07-23 23:21:16 transreid.train INFO: Epoch[117] Iter[180/227] Loss: 0.102, Pose: 0.462, Acc: 0.998, Student: 1.00, Reliability: 0.839, GateAbs: 7.587e-03, Base Lr: 2.83e-06
2026-07-23 23:21:33 transreid.train INFO: Epoch[117] Iter[200/227] Loss: 0.100, Pose: 0.463, Acc: 0.998, Student: 1.00, Reliability: 0.841, GateAbs: 7.565e-03, Base Lr: 2.83e-06
2026-07-23 23:21:43 transreid.train INFO: Epoch 117 done. Time per epoch: 173.074[s] Speed: 78.8[samples/s]
2026-07-23 23:21:44 transreid.train INFO: PCMPSR epoch=118 control=zero_owner first-batch loss/positive/negative/owner-terms/owner-unique/fallback=0.000423/24.497887/49.083328/0/2.1719/0.000000 controls=None
2026-07-23 23:21:44 transreid.train INFO: PSCIR epoch=118 control=pose_only first-batch loss/zero/region/positive/negative/segment=0.000324/0.000423/0.000224/20.097746/46.819160/45.388565 edge-weight=[6.578125, 6.671875, 6.75] controls=None
2026-07-23 23:22:00 transreid.train INFO: Epoch[118] Iter[20/227] Loss: 0.107, Pose: 0.460, Acc: 0.998, Student: 1.00, Reliability: 0.865, GateAbs: 7.635e-03, Base Lr: 2.15e-06
2026-07-23 23:22:16 transreid.train INFO: Epoch[118] Iter[40/227] Loss: 0.107, Pose: 0.458, Acc: 0.999, Student: 1.00, Reliability: 0.850, GateAbs: 7.627e-03, Base Lr: 2.15e-06
2026-07-23 23:22:32 transreid.train INFO: Epoch[118] Iter[60/227] Loss: 0.110, Pose: 0.459, Acc: 0.998, Student: 1.00, Reliability: 0.840, GateAbs: 7.625e-03, Base Lr: 2.15e-06
2026-07-23 23:22:49 transreid.train INFO: Epoch[118] Iter[80/227] Loss: 0.110, Pose: 0.458, Acc: 0.998, Student: 1.00, Reliability: 0.856, GateAbs: 7.613e-03, Base Lr: 2.15e-06
2026-07-23 23:23:05 transreid.train INFO: Epoch[118] Iter[100/227] Loss: 0.109, Pose: 0.459, Acc: 0.998, Student: 1.00, Reliability: 0.846, GateAbs: 7.579e-03, Base Lr: 2.15e-06
2026-07-23 23:23:21 transreid.train INFO: Epoch[118] Iter[120/227] Loss: 0.107, Pose: 0.459, Acc: 0.998, Student: 1.00, Reliability: 0.854, GateAbs: 7.597e-03, Base Lr: 2.15e-06
2026-07-23 23:23:37 transreid.train INFO: Epoch[118] Iter[140/227] Loss: 0.105, Pose: 0.459, Acc: 0.998, Student: 1.00, Reliability: 0.845, GateAbs: 7.605e-03, Base Lr: 2.15e-06
2026-07-23 23:23:54 transreid.train INFO: Epoch[118] Iter[160/227] Loss: 0.104, Pose: 0.460, Acc: 0.998, Student: 1.00, Reliability: 0.859, GateAbs: 7.654e-03, Base Lr: 2.15e-06
2026-07-23 23:24:10 transreid.train INFO: Epoch[118] Iter[180/227] Loss: 0.103, Pose: 0.461, Acc: 0.998, Student: 1.00, Reliability: 0.817, GateAbs: 7.634e-03, Base Lr: 2.15e-06
2026-07-23 23:24:26 transreid.train INFO: Epoch[118] Iter[200/227] Loss: 0.101, Pose: 0.462, Acc: 0.998, Student: 1.00, Reliability: 0.808, GateAbs: 7.610e-03, Base Lr: 2.15e-06
2026-07-23 23:24:36 transreid.train INFO: Epoch 118 done. Time per epoch: 172.737[s] Speed: 78.5[samples/s]
2026-07-23 23:24:37 transreid.train INFO: PCMPSR epoch=119 control=zero_owner first-batch loss/positive/negative/owner-terms/owner-unique/fallback=0.000000/22.820654/49.653446/0/2.5000/0.000000 controls=None
2026-07-23 23:24:37 transreid.train INFO: PSCIR epoch=119 control=pose_only first-batch loss/zero/region/positive/negative/segment=0.000000/0.000000/0.000000/18.190413/47.422741/45.868362 edge-weight=[6.796875, 6.71875, 6.484375] controls=None
2026-07-23 23:24:52 transreid.train INFO: Epoch[119] Iter[20/227] Loss: 0.107, Pose: 0.456, Acc: 0.998, Student: 1.00, Reliability: 0.846, GateAbs: 7.599e-03, Base Lr: 1.74e-06
2026-07-23 23:25:09 transreid.train INFO: Epoch[119] Iter[40/227] Loss: 0.113, Pose: 0.460, Acc: 0.998, Student: 1.00, Reliability: 0.832, GateAbs: 7.578e-03, Base Lr: 1.74e-06
2026-07-23 23:25:25 transreid.train INFO: Epoch[119] Iter[60/227] Loss: 0.109, Pose: 0.460, Acc: 0.998, Student: 1.00, Reliability: 0.837, GateAbs: 7.607e-03, Base Lr: 1.74e-06
2026-07-23 23:25:41 transreid.train INFO: Epoch[119] Iter[80/227] Loss: 0.108, Pose: 0.460, Acc: 0.998, Student: 1.00, Reliability: 0.836, GateAbs: 7.629e-03, Base Lr: 1.74e-06
2026-07-23 23:25:57 transreid.train INFO: Epoch[119] Iter[100/227] Loss: 0.107, Pose: 0.461, Acc: 0.998, Student: 1.00, Reliability: 0.840, GateAbs: 7.612e-03, Base Lr: 1.74e-06
2026-07-23 23:26:14 transreid.train INFO: Epoch[119] Iter[120/227] Loss: 0.105, Pose: 0.460, Acc: 0.999, Student: 1.00, Reliability: 0.832, GateAbs: 7.601e-03, Base Lr: 1.74e-06
2026-07-23 23:26:30 transreid.train INFO: Epoch[119] Iter[140/227] Loss: 0.103, Pose: 0.460, Acc: 0.999, Student: 1.00, Reliability: 0.868, GateAbs: 7.603e-03, Base Lr: 1.74e-06
2026-07-23 23:26:46 transreid.train INFO: Epoch[119] Iter[160/227] Loss: 0.101, Pose: 0.460, Acc: 0.999, Student: 1.00, Reliability: 0.852, GateAbs: 7.610e-03, Base Lr: 1.74e-06
2026-07-23 23:27:02 transreid.train INFO: Epoch[119] Iter[180/227] Loss: 0.101, Pose: 0.462, Acc: 0.999, Student: 1.00, Reliability: 0.859, GateAbs: 7.629e-03, Base Lr: 1.74e-06
2026-07-23 23:27:19 transreid.train INFO: Epoch[119] Iter[200/227] Loss: 0.099, Pose: 0.462, Acc: 0.998, Student: 1.00, Reliability: 0.842, GateAbs: 7.650e-03, Base Lr: 1.74e-06
2026-07-23 23:27:28 transreid.train INFO: Epoch 119 done. Time per epoch: 172.299[s] Speed: 78.7[samples/s]
2026-07-23 23:27:29 transreid.train INFO: PCMPSR epoch=120 control=zero_owner first-batch loss/positive/negative/owner-terms/owner-unique/fallback=0.000000/22.025583/48.148605/0/2.2812/0.000000 controls=None
2026-07-23 23:27:29 transreid.train INFO: PSCIR epoch=120 control=pose_only first-batch loss/zero/region/positive/negative/segment=0.000000/0.000000/0.000000/17.544840/46.058899/44.445766 edge-weight=[6.59375, 6.84375, 6.5625] controls=None
2026-07-23 23:27:45 transreid.train INFO: Epoch[120] Iter[20/227] Loss: 0.107, Pose: 0.464, Acc: 0.998, Student: 1.00, Reliability: 0.839, GateAbs: 7.647e-03, Base Lr: 1.60e-06
2026-07-23 23:28:01 transreid.train INFO: Epoch[120] Iter[40/227] Loss: 0.106, Pose: 0.462, Acc: 0.997, Student: 1.00, Reliability: 0.852, GateAbs: 7.618e-03, Base Lr: 1.60e-06
2026-07-23 23:28:17 transreid.train INFO: Epoch[120] Iter[60/227] Loss: 0.105, Pose: 0.460, Acc: 0.998, Student: 1.00, Reliability: 0.863, GateAbs: 7.636e-03, Base Lr: 1.60e-06
2026-07-23 23:28:33 transreid.train INFO: Epoch[120] Iter[80/227] Loss: 0.106, Pose: 0.459, Acc: 0.998, Student: 1.00, Reliability: 0.830, GateAbs: 7.557e-03, Base Lr: 1.60e-06
2026-07-23 23:28:50 transreid.train INFO: Epoch[120] Iter[100/227] Loss: 0.105, Pose: 0.460, Acc: 0.998, Student: 1.00, Reliability: 0.856, GateAbs: 7.644e-03, Base Lr: 1.60e-06
2026-07-23 23:29:06 transreid.train INFO: Epoch[120] Iter[120/227] Loss: 0.104, Pose: 0.460, Acc: 0.998, Student: 1.00, Reliability: 0.854, GateAbs: 7.654e-03, Base Lr: 1.60e-06
2026-07-23 23:29:22 transreid.train INFO: Epoch[120] Iter[140/227] Loss: 0.103, Pose: 0.461, Acc: 0.998, Student: 1.00, Reliability: 0.846, GateAbs: 7.587e-03, Base Lr: 1.60e-06
2026-07-23 23:29:38 transreid.train INFO: Epoch[120] Iter[160/227] Loss: 0.102, Pose: 0.461, Acc: 0.998, Student: 1.00, Reliability: 0.860, GateAbs: 7.637e-03, Base Lr: 1.60e-06
2026-07-23 23:29:55 transreid.train INFO: Epoch[120] Iter[180/227] Loss: 0.100, Pose: 0.461, Acc: 0.998, Student: 1.00, Reliability: 0.821, GateAbs: 7.549e-03, Base Lr: 1.60e-06
2026-07-23 23:30:11 transreid.train INFO: Epoch[120] Iter[200/227] Loss: 0.099, Pose: 0.462, Acc: 0.998, Student: 1.00, Reliability: 0.828, GateAbs: 7.617e-03, Base Lr: 1.60e-06
2026-07-23 23:30:21 transreid.train INFO: Epoch 120 done. Time per epoch: 173.081[s] Speed: 78.8[samples/s]
The test feature is normalized
=> Computing DistMat with euclidean_distance
2026-07-23 23:30:43 transreid.train INFO: Validation Results - Epoch: 120
2026-07-23 23:30:43 transreid.train INFO: mAP: 59.2%
2026-07-23 23:30:43 transreid.train INFO: CMC curve, Rank-1  :70.8%
2026-07-23 23:30:43 transreid.train INFO: CMC curve, Rank-5  :82.5%
2026-07-23 23:30:43 transreid.train INFO: CMC curve, Rank-10 :86.4%
TRAIN_EXIT=0
